accession,hgvs_nt,hgvs_splice,hgvs_pro,score,barcodes,std
urn:mavedb:00000114-a-1#1,NA,NA,p.=,1.0,27072,0.0226803676917395
urn:mavedb:00000114-a-1#2,NA,NA,p.Met1Ile,0.865926530992498,2,0.101946148769337
urn:mavedb:00000114-a-1#3,NA,NA,p.Met1Leu,0.906823593354938,1,0.232696743610464
urn:mavedb:00000114-a-1#4,NA,NA,p.Ile2Ter,-0.0072688131291101,42,0.0202765443480597
urn:mavedb:00000114-a-1#5,NA,NA,p.Ile2Ala,0.949125682816142,20,0.0677567988632039
urn:mavedb:00000114-a-1#6,NA,NA,p.Ile2Cys,1.02793523174,34,0.0417690630517771
urn:mavedb:00000114-a-1#7,NA,NA,p.Ile2Asp,0.997024305781162,26,0.0466223074354571
urn:mavedb:00000114-a-1#8,NA,NA,p.Ile2Glu,1.18458811247486,32,0.0313799632381173
urn:mavedb:00000114-a-1#9,NA,NA,p.Ile2Phe,0.922167156984781,29,0.0459535272267278
urn:mavedb:00000114-a-1#10,NA,NA,p.Ile2Gly,0.814432150516365,32,0.0649784806138921
urn:mavedb:00000114-a-1#11,NA,NA,p.Ile2His,1.02802598467648,27,0.0443980128422718
urn:mavedb:00000114-a-1#12,NA,NA,p.Ile2Lys,1.029755096483,23,0.0718093179280955
urn:mavedb:00000114-a-1#13,NA,NA,p.Ile2Leu,0.990490751356621,23,0.0439837021996997
urn:mavedb:00000114-a-1#14,NA,NA,p.Ile2Met,1.00266584841294,30,0.0563041406833967
urn:mavedb:00000114-a-1#15,NA,NA,p.Ile2Asn,1.08744524276987,31,0.0706701859113663
urn:mavedb:00000114-a-1#16,NA,NA,p.Ile2Pro,0.999045892863584,22,0.0984487185161666
urn:mavedb:00000114-a-1#17,NA,NA,p.Ile2Gln,1.01659595081992,23,0.0578024420947813
urn:mavedb:00000114-a-1#18,NA,NA,p.Ile2Arg,1.00896473060461,35,0.065352289409576
urn:mavedb:00000114-a-1#19,NA,NA,p.Ile2Ser,1.00997407303329,22,0.0610447681458936
urn:mavedb:00000114-a-1#20,NA,NA,p.Ile2Thr,1.05381746557942,23,0.0619511062048819
urn:mavedb:00000114-a-1#21,NA,NA,p.Ile2Val,1.05166077080884,23,0.0387949144871524
urn:mavedb:00000114-a-1#22,NA,NA,p.Ile2Trp,0.855693354879585,24,0.0652279477457884
urn:mavedb:00000114-a-1#23,NA,NA,p.Ile2Tyr,0.968743650792814,29,0.0670685900636508
urn:mavedb:00000114-a-1#24,NA,NA,p.Val3Ter,0.0028464406506602,41,0.0425020370987614
urn:mavedb:00000114-a-1#25,NA,NA,p.Val3Ala,0.146090386469144,17,0.0594943830641765
urn:mavedb:00000114-a-1#26,NA,NA,p.Val3Cys,0.61183979756743,35,0.0401243112053002
urn:mavedb:00000114-a-1#27,NA,NA,p.Val3Asp,0.331687423456243,32,0.103992895042654
urn:mavedb:00000114-a-1#28,NA,NA,p.Val3Glu,0.250834198872022,33,0.100238213140412
urn:mavedb:00000114-a-1#29,NA,NA,p.Val3Phe,0.719552898435629,27,0.0694437109948323
urn:mavedb:00000114-a-1#30,NA,NA,p.Val3Gly,-0.0085555352774035,30,0.027487517260998
urn:mavedb:00000114-a-1#31,NA,NA,p.Val3His,0.256370753484135,33,0.0889651283210076
urn:mavedb:00000114-a-1#32,NA,NA,p.Val3Ile,1.08105096758945,46,0.0526430166262622
urn:mavedb:00000114-a-1#33,NA,NA,p.Val3Lys,0.278589236657278,45,0.0925800979115959
urn:mavedb:00000114-a-1#34,NA,NA,p.Val3Leu,1.06580256117965,30,0.0667118336241963
urn:mavedb:00000114-a-1#35,NA,NA,p.Val3Met,0.854965189362002,30,0.0505553225037068
urn:mavedb:00000114-a-1#36,NA,NA,p.Val3Asn,0.405843067010274,23,0.0936638710131658
urn:mavedb:00000114-a-1#37,NA,NA,p.Val3Pro,0.576661768295308,32,0.0531092595463005
urn:mavedb:00000114-a-1#38,NA,NA,p.Val3Gln,0.292668659970593,33,0.0961075620818148
urn:mavedb:00000114-a-1#39,NA,NA,p.Val3Arg,0.190676155236914,36,0.0960159474839355
urn:mavedb:00000114-a-1#40,NA,NA,p.Val3Ser,0.0404952625269901,29,0.0424144634258337
urn:mavedb:00000114-a-1#41,NA,NA,p.Val3Thr,0.342633384258009,36,0.0599800274792293
urn:mavedb:00000114-a-1#42,NA,NA,p.Val3Trp,0.0644026059049337,35,0.0504983256842934
urn:mavedb:00000114-a-1#43,NA,NA,p.Val3Tyr,0.184794564096782,28,0.0942993992993036
urn:mavedb:00000114-a-1#44,NA,NA,p.Phe4Ter,0.0271436252733933,38,0.087380685545815
urn:mavedb:00000114-a-1#45,NA,NA,p.Phe4Ala,0.548585468395476,23,0.0658128456112011
urn:mavedb:00000114-a-1#46,NA,NA,p.Phe4Cys,0.811640483902504,18,0.0457511203757759
urn:mavedb:00000114-a-1#47,NA,NA,p.Phe4Asp,0.704651650268622,31,0.0586072047773639
urn:mavedb:00000114-a-1#48,NA,NA,p.Phe4Glu,0.943564352882239,23,0.0784890478162249
urn:mavedb:00000114-a-1#49,NA,NA,p.Phe4Gly,0.843860292788703,32,0.0629126645295499
urn:mavedb:00000114-a-1#50,NA,NA,p.Phe4His,0.952742512456307,29,0.0525387017666309
urn:mavedb:00000114-a-1#51,NA,NA,p.Phe4Ile,0.858245021648097,33,0.0669358080916381
urn:mavedb:00000114-a-1#52,NA,NA,p.Phe4Lys,1.024378739263,35,0.0528062206490684
urn:mavedb:00000114-a-1#53,NA,NA,p.Phe4Leu,0.947088999796987,27,0.0553387940921568
urn:mavedb:00000114-a-1#54,NA,NA,p.Phe4Met,0.923955625009037,24,0.036321329974162
urn:mavedb:00000114-a-1#55,NA,NA,p.Phe4Asn,0.958750799591435,33,0.064648898333696
urn:mavedb:00000114-a-1#56,NA,NA,p.Phe4Pro,0.747666586312301,24,0.0707067612611731
urn:mavedb:00000114-a-1#57,NA,NA,p.Phe4Gln,0.997652861178341,28,0.0610308489582073
urn:mavedb:00000114-a-1#58,NA,NA,p.Phe4Arg,1.1173018750236,37,0.0391203158469893
urn:mavedb:00000114-a-1#59,NA,NA,p.Phe4Ser,0.831643637374293,21,0.0481359708136971
urn:mavedb:00000114-a-1#60,NA,NA,p.Phe4Thr,0.891334560060592,23,0.0573927653419071
urn:mavedb:00000114-a-1#61,NA,NA,p.Phe4Val,0.676811767277496,26,0.0696332996405884
urn:mavedb:00000114-a-1#62,NA,NA,p.Phe4Trp,1.01126144063491,40,0.0488417299168458
urn:mavedb:00000114-a-1#63,NA,NA,p.Phe4Tyr,0.998853697640988,37,0.0452572767867952
urn:mavedb:00000114-a-1#64,NA,NA,p.Val5Ter,-0.0086687816503262,35,0.0186782445813952
urn:mavedb:00000114-a-1#65,NA,NA,p.Val5Ala,0.837466167900804,24,0.0775864304732501
urn:mavedb:00000114-a-1#66,NA,NA,p.Val5Cys,1.0224100423967,31,0.0570595998485258
urn:mavedb:00000114-a-1#67,NA,NA,p.Val5Asp,0.484434259196513,31,0.0853833186083445
urn:mavedb:00000114-a-1#68,NA,NA,p.Val5Glu,0.302791120883237,44,0.0907662915845998
urn:mavedb:00000114-a-1#69,NA,NA,p.Val5Phe,0.032348850622223,30,0.044952746589478
urn:mavedb:00000114-a-1#70,NA,NA,p.Val5Gly,0.0867326905906492,25,0.0501943657712789
urn:mavedb:00000114-a-1#71,NA,NA,p.Val5His,0.223845882792076,31,0.11145968912357
urn:mavedb:00000114-a-1#72,NA,NA,p.Val5Ile,0.926409125137427,26,0.045506657287783
urn:mavedb:00000114-a-1#73,NA,NA,p.Val5Lys,0.0414187496865834,42,0.0509648700097053
urn:mavedb:00000114-a-1#74,NA,NA,p.Val5Leu,0.473420490634669,51,0.0550426700001785
urn:mavedb:00000114-a-1#75,NA,NA,p.Val5Met,0.276698366972131,28,0.0857630151970478
urn:mavedb:00000114-a-1#76,NA,NA,p.Val5Asn,0.185969509948808,26,0.0930104970069072
urn:mavedb:00000114-a-1#77,NA,NA,p.Val5Pro,0.217436007533668,42,0.0993038997030833
urn:mavedb:00000114-a-1#78,NA,NA,p.Val5Gln,0.0514709372605086,39,0.0656256886403141
urn:mavedb:00000114-a-1#79,NA,NA,p.Val5Arg,-0.0160170486251998,43,0.024807880058035
urn:mavedb:00000114-a-1#80,NA,NA,p.Val5Ser,0.167010554106326,37,0.0820399638499687
urn:mavedb:00000114-a-1#81,NA,NA,p.Val5Thr,0.399319489798354,32,0.0726926624621961
urn:mavedb:00000114-a-1#82,NA,NA,p.Val5Trp,-0.0064230050113313,38,0.0302658088615434
urn:mavedb:00000114-a-1#83,NA,NA,p.Val5Tyr,0.828767564745954,28,0.0647028716238127
urn:mavedb:00000114-a-1#84,NA,NA,p.Arg6Ter,0.0164942683641822,24,0.0884087545737687
urn:mavedb:00000114-a-1#85,NA,NA,p.Arg6Ala,0.399990343009208,22,0.0750720389025212
urn:mavedb:00000114-a-1#86,NA,NA,p.Arg6Cys,0.689761224452416,30,0.0503853952620153
urn:mavedb:00000114-a-1#87,NA,NA,p.Arg6Asp,0.538285303082855,27,0.0830774847743199
urn:mavedb:00000114-a-1#88,NA,NA,p.Arg6Glu,0.534504472348466,26,0.071139879000566
urn:mavedb:00000114-a-1#89,NA,NA,p.Arg6Phe,0.738604223757701,21,0.0504256310355537
urn:mavedb:00000114-a-1#90,NA,NA,p.Arg6Gly,0.357944193903617,37,0.0983793639550045
urn:mavedb:00000114-a-1#91,NA,NA,p.Arg6His,0.763559515805278,32,0.0526420861953996
urn:mavedb:00000114-a-1#92,NA,NA,p.Arg6Ile,0.397810312671119,18,0.104899419853456
urn:mavedb:00000114-a-1#93,NA,NA,p.Arg6Lys,1.20054108007445,18,0.0757871459174952
urn:mavedb:00000114-a-1#94,NA,NA,p.Arg6Leu,0.801097356673921,19,0.0661417346389921
urn:mavedb:00000114-a-1#95,NA,NA,p.Arg6Met,0.814103962537998,40,0.0602605476890003
urn:mavedb:00000114-a-1#96,NA,NA,p.Arg6Asn,0.416803637178424,28,0.0713408412301654
urn:mavedb:00000114-a-1#97,NA,NA,p.Arg6Pro,0.677791447612887,23,0.0451582025346706
urn:mavedb:00000114-a-1#98,NA,NA,p.Arg6Gln,0.623965700810814,39,0.0696305538662519
urn:mavedb:00000114-a-1#99,NA,NA,p.Arg6Ser,0.490598609208334,28,0.0725036426898914
urn:mavedb:00000114-a-1#100,NA,NA,p.Arg6Thr,0.363156485618228,37,0.0962527633094912
urn:mavedb:00000114-a-1#101,NA,NA,p.Arg6Val,0.538942289543807,29,0.0859814634195637
urn:mavedb:00000114-a-1#102,NA,NA,p.Arg6Trp,0.340770346734525,41,0.085504836302402
urn:mavedb:00000114-a-1#103,NA,NA,p.Arg6Tyr,0.592266149848156,14,0.0885881425185884
urn:mavedb:00000114-a-1#104,NA,NA,p.Phe7Ter,0.0336565664364213,27,0.0890721287083734
urn:mavedb:00000114-a-1#105,NA,NA,p.Phe7Ala,0.175675377248194,18,0.0952484468676578
urn:mavedb:00000114-a-1#106,NA,NA,p.Phe7Cys,0.391268023930964,19,0.0690862948359111
urn:mavedb:00000114-a-1#107,NA,NA,p.Phe7Asp,0.383750084745424,34,0.0933914386277362
urn:mavedb:00000114-a-1#108,NA,NA,p.Phe7Glu,0.367385595212583,32,0.0824372821364184
urn:mavedb:00000114-a-1#109,NA,NA,p.Phe7Gly,0.311760656282445,16,0.10721815422797
urn:mavedb:00000114-a-1#110,NA,NA,p.Phe7His,0.680217400138917,36,0.0608996552929609
urn:mavedb:00000114-a-1#111,NA,NA,p.Phe7Ile,0.275687206991766,32,0.0970978848073779
urn:mavedb:00000114-a-1#112,NA,NA,p.Phe7Lys,0.0201974753720649,37,0.0415769550738301
urn:mavedb:00000114-a-1#113,NA,NA,p.Phe7Leu,0.369137122689398,35,0.0865840263543884
urn:mavedb:00000114-a-1#114,NA,NA,p.Phe7Met,0.806794722903134,28,0.0416133524603541
urn:mavedb:00000114-a-1#115,NA,NA,p.Phe7Asn,0.19783683278671,27,0.0947823294361038
urn:mavedb:00000114-a-1#116,NA,NA,p.Phe7Pro,0.110955552653155,27,0.0784185108498306
urn:mavedb:00000114-a-1#117,NA,NA,p.Phe7Gln,0.154596788072289,35,0.095369162695585
urn:mavedb:00000114-a-1#118,NA,NA,p.Phe7Arg,-0.0085251182982627,36,0.0195662055522089
urn:mavedb:00000114-a-1#119,NA,NA,p.Phe7Ser,0.14971455036423,14,0.0956583155199915
urn:mavedb:00000114-a-1#120,NA,NA,p.Phe7Thr,0.100078399572319,22,0.0739002287753445
urn:mavedb:00000114-a-1#121,NA,NA,p.Phe7Val,0.213468982637847,22,0.0991020733519647
urn:mavedb:00000114-a-1#122,NA,NA,p.Phe7Trp,0.669381714728391,33,0.0538712091990928
urn:mavedb:00000114-a-1#123,NA,NA,p.Phe7Tyr,0.868517653997519,24,0.0560632322423202
urn:mavedb:00000114-a-1#124,NA,NA,p.Asn8Ter,-0.0020929309863879,44,0.0380747229898841
urn:mavedb:00000114-a-1#125,NA,NA,p.Asn8Ala,0.100587024624693,22,0.079018158361454
urn:mavedb:00000114-a-1#126,NA,NA,p.Asn8Cys,0.150781973152415,33,0.088394075204765
urn:mavedb:00000114-a-1#127,NA,NA,p.Asn8Asp,0.840463539380548,21,0.0610471209215449
urn:mavedb:00000114-a-1#128,NA,NA,p.Asn8Glu,0.611149282704826,40,0.0725402321254143
urn:mavedb:00000114-a-1#129,NA,NA,p.Asn8Phe,-0.0269517214158918,37,0.0130817054403902
urn:mavedb:00000114-a-1#130,NA,NA,p.Asn8Gly,0.473997378279471,31,0.0805768516212422
urn:mavedb:00000114-a-1#131,NA,NA,p.Asn8His,0.0859837215188047,22,0.0805015784683283
urn:mavedb:00000114-a-1#132,NA,NA,p.Asn8Ile,-0.0199433185608949,34,0.0169160780222958
urn:mavedb:00000114-a-1#133,NA,NA,p.Asn8Lys,0.0510021068281518,24,0.0556577105710063
urn:mavedb:00000114-a-1#134,NA,NA,p.Asn8Leu,0.0008271596780798,44,0.04053132434369
urn:mavedb:00000114-a-1#135,NA,NA,p.Asn8Pro,-0.0192460179695195,42,0.0148105059166569
urn:mavedb:00000114-a-1#136,NA,NA,p.Asn8Gln,0.310440674752593,43,0.086844776470749
urn:mavedb:00000114-a-1#137,NA,NA,p.Asn8Arg,-0.0185205160691546,21,0.0235979217472481
urn:mavedb:00000114-a-1#138,NA,NA,p.Asn8Ser,0.22976442950358,25,0.101003712056244
urn:mavedb:00000114-a-1#139,NA,NA,p.Asn8Thr,-0.0169763826356212,23,0.0215743978061896
urn:mavedb:00000114-a-1#140,NA,NA,p.Asn8Val,-0.0249492417549964,31,0.0169450912033586
urn:mavedb:00000114-a-1#141,NA,NA,p.Asn8Tyr,0.0529766247171699,25,0.0653005324038032
urn:mavedb:00000114-a-1#142,NA,NA,p.Ser9Ter,0.0148272343548977,37,0.0689304045260404
urn:mavedb:00000114-a-1#143,NA,NA,p.Ser9Ala,0.575864416077835,30,0.0777001619326745
urn:mavedb:00000114-a-1#144,NA,NA,p.Ser9Cys,0.490771811453569,26,0.0770623175031712
urn:mavedb:00000114-a-1#145,NA,NA,p.Ser9Asp,0.765493490598078,33,0.0622858280829179
urn:mavedb:00000114-a-1#146,NA,NA,p.Ser9Glu,0.737073726875673,40,0.0516022735476607
urn:mavedb:00000114-a-1#147,NA,NA,p.Ser9Phe,0.475893924778317,27,0.084404109996278
urn:mavedb:00000114-a-1#148,NA,NA,p.Ser9Gly,0.555424369310654,31,0.087966754837539
urn:mavedb:00000114-a-1#149,NA,NA,p.Ser9His,0.611756206154365,40,0.0706029396759153
urn:mavedb:00000114-a-1#150,NA,NA,p.Ser9Ile,0.0150664242670109,36,0.0355678024049787
urn:mavedb:00000114-a-1#151,NA,NA,p.Ser9Lys,0.367265923622796,23,0.0828270233073246
urn:mavedb:00000114-a-1#152,NA,NA,p.Ser9Leu,0.436663582943811,21,0.0605029223123875
urn:mavedb:00000114-a-1#153,NA,NA,p.Ser9Met,0.590936291051966,41,0.0664828774720632
urn:mavedb:00000114-a-1#154,NA,NA,p.Ser9Asn,0.890917329956875,23,0.0586742943758697
urn:mavedb:00000114-a-1#155,NA,NA,p.Ser9Pro,-0.0252836615335538,27,0.0167876666726314
urn:mavedb:00000114-a-1#156,NA,NA,p.Ser9Gln,0.58462306818833,30,0.0696435386753984
urn:mavedb:00000114-a-1#157,NA,NA,p.Ser9Arg,0.306765007709692,31,0.0978570379076273
urn:mavedb:00000114-a-1#158,NA,NA,p.Ser9Thr,0.654550432111698,32,0.0467384470264613
urn:mavedb:00000114-a-1#159,NA,NA,p.Ser9Val,0.0224031730875485,26,0.0445935736700821
urn:mavedb:00000114-a-1#160,NA,NA,p.Ser9Trp,0.243370436843698,33,0.111479596364587
urn:mavedb:00000114-a-1#161,NA,NA,p.Ser9Tyr,0.543310623233976,22,0.0800969651321118
urn:mavedb:00000114-a-1#162,NA,NA,p.Ser10Ter,0.0142172746440998,33,0.0927474532577887
urn:mavedb:00000114-a-1#163,NA,NA,p.Ser10Ala,0.820074457825587,3,0.194303691203486
urn:mavedb:00000114-a-1#164,NA,NA,p.Ser10Cys,0.94557764074708,22,0.0497061138739683
urn:mavedb:00000114-a-1#165,NA,NA,p.Ser10Asp,0.77827880165875,27,0.036374135465977
urn:mavedb:00000114-a-1#166,NA,NA,p.Ser10Glu,0.685959626300603,30,0.0509269070927676
urn:mavedb:00000114-a-1#167,NA,NA,p.Ser10Phe,0.907568207338038,36,0.0594228054730903
urn:mavedb:00000114-a-1#168,NA,NA,p.Ser10Gly,0.601374114886899,23,0.0607746602251514
urn:mavedb:00000114-a-1#169,NA,NA,p.Ser10His,1.05593196130579,28,0.0379780056452536
urn:mavedb:00000114-a-1#170,NA,NA,p.Ser10Ile,0.438552065004103,38,0.0604477770060884
urn:mavedb:00000114-a-1#171,NA,NA,p.Ser10Lys,0.490723893187786,29,0.0954490341249704
urn:mavedb:00000114-a-1#172,NA,NA,p.Ser10Leu,0.385248206005652,43,0.0694483617444893
urn:mavedb:00000114-a-1#173,NA,NA,p.Ser10Met,0.973899560619885,37,0.0445702761830626
urn:mavedb:00000114-a-1#174,NA,NA,p.Ser10Asn,1.01438191722216,28,0.0470075383461995
urn:mavedb:00000114-a-1#175,NA,NA,p.Ser10Pro,0.845546549196157,26,0.0760041371358098
urn:mavedb:00000114-a-1#176,NA,NA,p.Ser10Gln,0.75994016447105,29,0.0573142078979868
urn:mavedb:00000114-a-1#177,NA,NA,p.Ser10Arg,0.438241219294944,28,0.0840787112370115
urn:mavedb:00000114-a-1#178,NA,NA,p.Ser10Thr,0.892827603164976,17,0.0545823411827781
urn:mavedb:00000114-a-1#179,NA,NA,p.Ser10Val,0.545703860795634,27,0.0589295416229987
urn:mavedb:00000114-a-1#180,NA,NA,p.Ser10Trp,0.922559933975298,34,0.062061221465891
urn:mavedb:00000114-a-1#181,NA,NA,p.Ser10Tyr,1.05407184185928,24,0.060738002613198
urn:mavedb:00000114-a-1#182,NA,NA,p.His11Ter,0.0117728176989763,26,0.0517232123740646
urn:mavedb:00000114-a-1#183,NA,NA,p.His11Ala,0.672934417939488,20,0.0703185710928509
urn:mavedb:00000114-a-1#184,NA,NA,p.His11Cys,0.649622024615217,29,0.0587502326146795
urn:mavedb:00000114-a-1#185,NA,NA,p.His11Asp,0.658082903439839,22,0.0651737267994001
urn:mavedb:00000114-a-1#186,NA,NA,p.His11Glu,0.7173941608775,34,0.0698233054550722
urn:mavedb:00000114-a-1#187,NA,NA,p.His11Phe,0.566022665527116,23,0.0676374329111157
urn:mavedb:00000114-a-1#188,NA,NA,p.His11Gly,0.384975858041932,31,0.101520838324788
urn:mavedb:00000114-a-1#189,NA,NA,p.His11Ile,0.726909190059092,27,0.0749795185378905
urn:mavedb:00000114-a-1#190,NA,NA,p.His11Lys,0.550092515114115,26,0.0767370851722405
urn:mavedb:00000114-a-1#191,NA,NA,p.His11Leu,0.498296366142757,35,0.0749207143246958
urn:mavedb:00000114-a-1#192,NA,NA,p.His11Met,0.539190319851223,17,0.0904641606766604
urn:mavedb:00000114-a-1#193,NA,NA,p.His11Asn,0.688872064340668,25,0.0659543634569444
urn:mavedb:00000114-a-1#194,NA,NA,p.His11Pro,0.495368546325994,32,0.0817239129485094
urn:mavedb:00000114-a-1#195,NA,NA,p.His11Gln,0.70892790973311,35,0.0498905151228456
urn:mavedb:00000114-a-1#196,NA,NA,p.His11Arg,0.631804327738966,35,0.0683746909752121
urn:mavedb:00000114-a-1#197,NA,NA,p.His11Ser,0.734546792644044,27,0.0721143057937893
urn:mavedb:00000114-a-1#198,NA,NA,p.His11Thr,0.87266502090391,19,0.0629981206085346
urn:mavedb:00000114-a-1#199,NA,NA,p.His11Val,0.778686921387075,22,0.05823443674317
urn:mavedb:00000114-a-1#200,NA,NA,p.His11Trp,0.654741950272082,29,0.0671659085523481
urn:mavedb:00000114-a-1#201,NA,NA,p.His11Tyr,0.826433688497849,28,0.0635506050076212
urn:mavedb:00000114-a-1#202,NA,NA,p.Gly12Ter,0.0092665063693216,21,0.0852549525340149
urn:mavedb:00000114-a-1#203,NA,NA,p.Gly12Ala,1.07695091413825,44,0.0444054186327223
urn:mavedb:00000114-a-1#204,NA,NA,p.Gly12Cys,0.808929410845866,25,0.0663068692255472
urn:mavedb:00000114-a-1#205,NA,NA,p.Gly12Asp,0.688363656307027,28,0.0722352005518786
urn:mavedb:00000114-a-1#206,NA,NA,p.Gly12Glu,0.885221494922789,43,0.0575634342906906
urn:mavedb:00000114-a-1#207,NA,NA,p.Gly12Phe,0.588104614930428,37,0.0789257259577753
urn:mavedb:00000114-a-1#208,NA,NA,p.Gly12His,0.877808369095783,48,0.0548188602595848
urn:mavedb:00000114-a-1#209,NA,NA,p.Gly12Ile,0.529474700312337,53,0.0892620272298503
urn:mavedb:00000114-a-1#210,NA,NA,p.Gly12Lys,0.828836796655485,43,0.0649604469319864
urn:mavedb:00000114-a-1#211,NA,NA,p.Gly12Leu,0.545767441906035,40,0.0646045790001065
urn:mavedb:00000114-a-1#212,NA,NA,p.Gly12Met,0.653121499492987,44,0.0806673137744522
urn:mavedb:00000114-a-1#213,NA,NA,p.Gly12Asn,0.651922566570595,37,0.0683414986135539
urn:mavedb:00000114-a-1#214,NA,NA,p.Gly12Pro,0.890653029126722,33,0.0767992430216742
urn:mavedb:00000114-a-1#215,NA,NA,p.Gly12Gln,0.940283365935325,41,0.0421687943845364
urn:mavedb:00000114-a-1#216,NA,NA,p.Gly12Arg,0.605888297357188,36,0.0567284932869991
urn:mavedb:00000114-a-1#217,NA,NA,p.Gly12Ser,0.948069418099717,30,0.0420257017527007
urn:mavedb:00000114-a-1#218,NA,NA,p.Gly12Thr,0.855301700398597,35,0.0611261467041461
urn:mavedb:00000114-a-1#219,NA,NA,p.Gly12Val,0.688364850672105,44,0.0760371397939277
urn:mavedb:00000114-a-1#220,NA,NA,p.Gly12Trp,0.400622628008604,10,0.0595052553589991
urn:mavedb:00000114-a-1#221,NA,NA,p.Gly12Tyr,0.702254852256637,50,0.0414190073097985
urn:mavedb:00000114-a-1#222,NA,NA,p.Phe13Ter,0.0546372762165153,18,0.127501561673581
urn:mavedb:00000114-a-1#223,NA,NA,p.Phe13Ala,0.378096923014518,10,0.0650520981656121
urn:mavedb:00000114-a-1#224,NA,NA,p.Phe13Cys,0.42233463526553,15,0.0483986955742161
urn:mavedb:00000114-a-1#225,NA,NA,p.Phe13Asp,0.249000281870431,18,0.073095071437537
urn:mavedb:00000114-a-1#226,NA,NA,p.Phe13Glu,0.553272462456635,15,0.0642008382744015
urn:mavedb:00000114-a-1#227,NA,NA,p.Phe13Gly,-0.0234488276442343,19,0.0179865233898917
urn:mavedb:00000114-a-1#228,NA,NA,p.Phe13His,0.320895049487297,18,0.0947478622136651
urn:mavedb:00000114-a-1#229,NA,NA,p.Phe13Ile,0.847386725999758,22,0.0666299143596282
urn:mavedb:00000114-a-1#230,NA,NA,p.Phe13Lys,0.0054195194179825,18,0.0405382066759096
urn:mavedb:00000114-a-1#231,NA,NA,p.Phe13Leu,0.422469224229029,20,0.0735666032646802
urn:mavedb:00000114-a-1#232,NA,NA,p.Phe13Met,0.859580364918814,20,0.0740024397186386
urn:mavedb:00000114-a-1#233,NA,NA,p.Phe13Asn,0.0386078968908985,20,0.0313474834550092
urn:mavedb:00000114-a-1#234,NA,NA,p.Phe13Pro,-0.0278565131446332,7,0.0223996416331075
urn:mavedb:00000114-a-1#235,NA,NA,p.Phe13Gln,0.69204439465017,20,0.0811193161110868
urn:mavedb:00000114-a-1#236,NA,NA,p.Phe13Arg,0.120599840569367,17,0.0572136452734884
urn:mavedb:00000114-a-1#237,NA,NA,p.Phe13Ser,0.522399880858124,18,0.0405619807320569
urn:mavedb:00000114-a-1#238,NA,NA,p.Phe13Thr,0.674075391432272,15,0.0752269488966189
urn:mavedb:00000114-a-1#239,NA,NA,p.Phe13Val,0.679818330310055,20,0.06011797298962
urn:mavedb:00000114-a-1#240,NA,NA,p.Phe13Trp,0.724354354262404,14,0.0689163890992909
urn:mavedb:00000114-a-1#241,NA,NA,p.Phe13Tyr,0.925274078980038,28,0.043752537655628
urn:mavedb:00000114-a-1#242,NA,NA,p.Pro14Ter,-0.0010772450134386,45,0.0380775168510173
urn:mavedb:00000114-a-1#243,NA,NA,p.Pro14Ala,0.571541562931264,1,0.192666554722556
urn:mavedb:00000114-a-1#244,NA,NA,p.Pro14Cys,0.250677270052343,19,0.0817411836442192
urn:mavedb:00000114-a-1#245,NA,NA,p.Pro14Asp,0.0225460289106971,17,0.0435025695795622
urn:mavedb:00000114-a-1#246,NA,NA,p.Pro14Glu,0.364760833945221,54,0.0974157631863177
urn:mavedb:00000114-a-1#247,NA,NA,p.Pro14Phe,0.228617508338355,29,0.0970590817318464
urn:mavedb:00000114-a-1#248,NA,NA,p.Pro14Gly,0.504048941739424,14,0.0912819680337556
urn:mavedb:00000114-a-1#249,NA,NA,p.Pro14His,0.430353060610435,26,0.0781472492506497
urn:mavedb:00000114-a-1#250,NA,NA,p.Pro14Ile,0.0540167439507339,32,0.0527136305612186
urn:mavedb:00000114-a-1#251,NA,NA,p.Pro14Lys,0.638129139682779,29,0.0639358249825148
urn:mavedb:00000114-a-1#252,NA,NA,p.Pro14Leu,0.0762749648559137,40,0.0589066803854061
urn:mavedb:00000114-a-1#253,NA,NA,p.Pro14Met,0.318230607379168,47,0.0873856112713324
urn:mavedb:00000114-a-1#254,NA,NA,p.Pro14Asn,0.242130087458277,29,0.0961454999667688
urn:mavedb:00000114-a-1#255,NA,NA,p.Pro14Gln,0.433248764556498,31,0.0668218264298194
urn:mavedb:00000114-a-1#256,NA,NA,p.Pro14Arg,0.625832483092242,25,0.0718191397338047
urn:mavedb:00000114-a-1#257,NA,NA,p.Pro14Ser,0.468762068356443,28,0.0664304152234216
urn:mavedb:00000114-a-1#258,NA,NA,p.Pro14Thr,0.344215327853524,4,0.0626051606358113
urn:mavedb:00000114-a-1#259,NA,NA,p.Pro14Val,0.156519622493428,30,0.0798820064948074
urn:mavedb:00000114-a-1#260,NA,NA,p.Pro14Trp,0.271818057468854,31,0.0837747199209122
urn:mavedb:00000114-a-1#261,NA,NA,p.Pro14Tyr,0.324946653886628,25,0.0838727072056964
urn:mavedb:00000114-a-1#262,NA,NA,p.Val15Ter,0.0212906559222817,34,0.0781176075764556
urn:mavedb:00000114-a-1#263,NA,NA,p.Val15Ala,-0.0060570415504335,5,0.0410911363227019
urn:mavedb:00000114-a-1#264,NA,NA,p.Val15Cys,0.661366343114795,21,0.0377125534117822
urn:mavedb:00000114-a-1#265,NA,NA,p.Val15Asp,-0.0264202628652768,26,0.015041665767778
urn:mavedb:00000114-a-1#266,NA,NA,p.Val15Glu,-0.0280916714742535,26,0.0126741776692424
urn:mavedb:00000114-a-1#267,NA,NA,p.Val15Phe,0.114237927067982,38,0.0715779564342938
urn:mavedb:00000114-a-1#268,NA,NA,p.Val15Gly,-0.0275474576482754,34,0.0132843958004234
urn:mavedb:00000114-a-1#269,NA,NA,p.Val15His,-0.0124619694961035,23,0.0221780116938947
urn:mavedb:00000114-a-1#270,NA,NA,p.Val15Ile,0.987093233560086,31,0.0735663162763194
urn:mavedb:00000114-a-1#271,NA,NA,p.Val15Lys,-0.0246087217390694,39,0.0154906278043142
urn:mavedb:00000114-a-1#272,NA,NA,p.Val15Leu,0.958546182696346,37,0.0506158834635343
urn:mavedb:00000114-a-1#273,NA,NA,p.Val15Met,0.746738202962638,47,0.0562098636470096
urn:mavedb:00000114-a-1#274,NA,NA,p.Val15Asn,-0.0296408395470762,27,0.0107351952585745
urn:mavedb:00000114-a-1#275,NA,NA,p.Val15Pro,-0.0230314650015273,23,0.011504385322319
urn:mavedb:00000114-a-1#276,NA,NA,p.Val15Gln,0.148354627180708,31,0.0811187578702764
urn:mavedb:00000114-a-1#277,NA,NA,p.Val15Arg,-0.0195810730001924,40,0.01562806117098
urn:mavedb:00000114-a-1#278,NA,NA,p.Val15Ser,-0.0274834526473065,30,0.018451446556956
urn:mavedb:00000114-a-1#279,NA,NA,p.Val15Thr,0.0336414081411268,25,0.0388184615635584
urn:mavedb:00000114-a-1#280,NA,NA,p.Val15Trp,-0.0239718494870051,13,0.0202244234835693
urn:mavedb:00000114-a-1#281,NA,NA,p.Val15Tyr,0.227719204704105,36,0.0890439744943889
urn:mavedb:00000114-a-1#282,NA,NA,p.Glu16Ter,0.0368064316262332,38,0.10187844776894
urn:mavedb:00000114-a-1#283,NA,NA,p.Glu16Ala,0.799853577788822,3,0.100561056001717
urn:mavedb:00000114-a-1#284,NA,NA,p.Glu16Cys,0.866889495395634,25,0.0801416623120622
urn:mavedb:00000114-a-1#285,NA,NA,p.Glu16Asp,0.526342145286445,26,0.0683740018491344
urn:mavedb:00000114-a-1#286,NA,NA,p.Glu16Phe,0.793663620220783,32,0.0807941817188548
urn:mavedb:00000114-a-1#287,NA,NA,p.Glu16Gly,0.769516858707099,31,0.0326965100959365
urn:mavedb:00000114-a-1#288,NA,NA,p.Glu16His,0.994111711031658,22,0.0795599563507345
urn:mavedb:00000114-a-1#289,NA,NA,p.Glu16Ile,0.671722852482706,29,0.0636744677367857
urn:mavedb:00000114-a-1#290,NA,NA,p.Glu16Lys,0.959572477092517,33,0.0595580705921487
urn:mavedb:00000114-a-1#291,NA,NA,p.Glu16Leu,0.62563111401646,23,0.0648661631638817
urn:mavedb:00000114-a-1#292,NA,NA,p.Glu16Met,0.864449397064166,23,0.0599719183696809
urn:mavedb:00000114-a-1#293,NA,NA,p.Glu16Asn,0.834898223844706,39,0.0643559533558096
urn:mavedb:00000114-a-1#294,NA,NA,p.Glu16Pro,0.998253316373411,9,0.0767229021569684
urn:mavedb:00000114-a-1#295,NA,NA,p.Glu16Gln,0.965761199326931,53,0.0621189097490314
urn:mavedb:00000114-a-1#296,NA,NA,p.Glu16Arg,0.913154306834976,33,0.0525625295721435
urn:mavedb:00000114-a-1#297,NA,NA,p.Glu16Ser,0.935813038556685,25,0.0376901683429914
urn:mavedb:00000114-a-1#298,NA,NA,p.Glu16Thr,0.863150797990547,17,0.0612384126751039
urn:mavedb:00000114-a-1#299,NA,NA,p.Glu16Val,0.752956825163212,40,0.0559764971670957
urn:mavedb:00000114-a-1#300,NA,NA,p.Glu16Trp,0.762680543789802,40,0.0735658776564046
urn:mavedb:00000114-a-1#301,NA,NA,p.Glu16Tyr,0.940074981797041,33,0.0605861449899572
urn:mavedb:00000114-a-1#302,NA,NA,p.Val17Ter,0.108640378534437,15,0.249548192606723
urn:mavedb:00000114-a-1#303,NA,NA,p.Val17Ala,0.0804350611944668,15,0.059605770501149
urn:mavedb:00000114-a-1#304,NA,NA,p.Val17Cys,0.870182061548736,18,0.0668879188644867
urn:mavedb:00000114-a-1#305,NA,NA,p.Val17Asp,-0.0280044451517508,27,0.0111708835396254
urn:mavedb:00000114-a-1#306,NA,NA,p.Val17Glu,0.0021913550182942,21,0.0318638773126627
urn:mavedb:00000114-a-1#307,NA,NA,p.Val17Phe,0.0807503915379579,28,0.0623028685834984
urn:mavedb:00000114-a-1#308,NA,NA,p.Val17Gly,-0.024951258891442,32,0.0169432088123735
urn:mavedb:00000114-a-1#309,NA,NA,p.Val17His,-0.0326871790755193,17,0.0150942766311436
urn:mavedb:00000114-a-1#310,NA,NA,p.Val17Ile,0.939476883419139,26,0.056532851219801
urn:mavedb:00000114-a-1#311,NA,NA,p.Val17Lys,-0.0277285718701298,19,0.0209724634315572
urn:mavedb:00000114-a-1#312,NA,NA,p.Val17Leu,0.924269170881674,24,0.0595500017683498
urn:mavedb:00000114-a-1#313,NA,NA,p.Val17Met,0.566426110544308,19,0.0833055583598512
urn:mavedb:00000114-a-1#314,NA,NA,p.Val17Asn,-0.0299376160877058,21,0.0140299519021398
urn:mavedb:00000114-a-1#315,NA,NA,p.Val17Pro,-0.0218130615675634,19,0.0193746854946027
urn:mavedb:00000114-a-1#316,NA,NA,p.Val17Gln,-0.0176453233025402,23,0.0237650073316629
urn:mavedb:00000114-a-1#317,NA,NA,p.Val17Arg,-0.0234959751507075,25,0.0356543119572063
urn:mavedb:00000114-a-1#318,NA,NA,p.Val17Ser,-0.0181289242836118,26,0.0139639345396846
urn:mavedb:00000114-a-1#319,NA,NA,p.Val17Thr,0.197209068782924,20,0.0940342261678002
urn:mavedb:00000114-a-1#320,NA,NA,p.Val17Trp,-0.0258988392810296,17,0.0178903851880417
urn:mavedb:00000114-a-1#321,NA,NA,p.Val17Tyr,0.179534198541625,20,0.0955043581661039
urn:mavedb:00000114-a-1#322,NA,NA,p.Asp18Ter,0.0714988751467713,30,0.167659411410821
urn:mavedb:00000114-a-1#323,NA,NA,p.Asp18Ala,0.988550244919184,22,0.0682578176471254
urn:mavedb:00000114-a-1#324,NA,NA,p.Asp18Cys,0.941871219927907,37,0.0411598130197089
urn:mavedb:00000114-a-1#325,NA,NA,p.Asp18Glu,0.960854530782193,54,0.0366561002065196
urn:mavedb:00000114-a-1#326,NA,NA,p.Asp18Phe,0.958144667197583,30,0.0340272352813189
urn:mavedb:00000114-a-1#327,NA,NA,p.Asp18Gly,0.930740601907671,37,0.0554282913793687
urn:mavedb:00000114-a-1#328,NA,NA,p.Asp18His,0.970052648916206,21,0.0822489460277645
urn:mavedb:00000114-a-1#329,NA,NA,p.Asp18Ile,0.507392026188654,28,0.0822307165911297
urn:mavedb:00000114-a-1#330,NA,NA,p.Asp18Lys,0.953670108650956,31,0.0763266153626865
urn:mavedb:00000114-a-1#331,NA,NA,p.Asp18Leu,0.889453817980173,20,0.076116578844383
urn:mavedb:00000114-a-1#332,NA,NA,p.Asp18Met,0.94989967367492,30,0.0638368558816639
urn:mavedb:00000114-a-1#333,NA,NA,p.Asp18Asn,0.990967792026357,24,0.071209174425636
urn:mavedb:00000114-a-1#334,NA,NA,p.Asp18Pro,0.909704086364258,24,0.0638042855224407
urn:mavedb:00000114-a-1#335,NA,NA,p.Asp18Gln,0.971480211420149,38,0.0648906367702764
urn:mavedb:00000114-a-1#336,NA,NA,p.Asp18Arg,0.852636423311578,28,0.0441639464066328
urn:mavedb:00000114-a-1#337,NA,NA,p.Asp18Ser,1.02287498189717,27,0.0563204020089189
urn:mavedb:00000114-a-1#338,NA,NA,p.Asp18Thr,1.02128031698578,24,0.0426233296871669
urn:mavedb:00000114-a-1#339,NA,NA,p.Asp18Val,0.740578629183232,37,0.0588773107430533
urn:mavedb:00000114-a-1#340,NA,NA,p.Asp18Trp,0.99285581890971,31,0.0348260403810978
urn:mavedb:00000114-a-1#341,NA,NA,p.Asp18Tyr,1.01961782437071,23,0.0652266056393806
urn:mavedb:00000114-a-1#342,NA,NA,p.Ser19Ter,0.0259890749662917,29,0.11682510331282
urn:mavedb:00000114-a-1#343,NA,NA,p.Ser19Ala,1.02455186999108,15,0.0620797440096307
urn:mavedb:00000114-a-1#344,NA,NA,p.Ser19Cys,0.941183108112865,34,0.0438181237857952
urn:mavedb:00000114-a-1#345,NA,NA,p.Ser19Asp,0.848453118602972,28,0.051556342524657
urn:mavedb:00000114-a-1#346,NA,NA,p.Ser19Glu,0.960154965272751,36,0.0504169758668927
urn:mavedb:00000114-a-1#347,NA,NA,p.Ser19Phe,0.79602895469464,27,0.060006313081482
urn:mavedb:00000114-a-1#348,NA,NA,p.Ser19Gly,1.0115910612855,33,0.0494537290457337
urn:mavedb:00000114-a-1#349,NA,NA,p.Ser19His,0.959694026290741,31,0.0348754861838282
urn:mavedb:00000114-a-1#350,NA,NA,p.Ser19Ile,0.726113372785492,24,0.0508844999401431
urn:mavedb:00000114-a-1#351,NA,NA,p.Ser19Lys,0.960906051537095,35,0.0500272640112242
urn:mavedb:00000114-a-1#352,NA,NA,p.Ser19Leu,0.905522664922121,27,0.0530303112569339
urn:mavedb:00000114-a-1#353,NA,NA,p.Ser19Met,0.945740341003445,25,0.0435462163647762
urn:mavedb:00000114-a-1#354,NA,NA,p.Ser19Asn,0.968247920787095,26,0.054945993601474
urn:mavedb:00000114-a-1#355,NA,NA,p.Ser19Pro,1.00532116225706,20,0.045516094502675
urn:mavedb:00000114-a-1#356,NA,NA,p.Ser19Gln,1.02201203476445,23,0.0736712608786062
urn:mavedb:00000114-a-1#357,NA,NA,p.Ser19Arg,0.98090412107319,28,0.046469485593412
urn:mavedb:00000114-a-1#358,NA,NA,p.Ser19Thr,0.95785909963423,24,0.0442567820340442
urn:mavedb:00000114-a-1#359,NA,NA,p.Ser19Val,0.830327686350354,29,0.0710917773835866
urn:mavedb:00000114-a-1#360,NA,NA,p.Ser19Trp,0.816000613163016,27,0.046067197550224
urn:mavedb:00000114-a-1#361,NA,NA,p.Ser19Tyr,0.855072041279079,30,0.0465271926882537
urn:mavedb:00000114-a-1#362,NA,NA,p.Asp20Ter,0.0494259069562233,17,0.136810976561404
urn:mavedb:00000114-a-1#363,NA,NA,p.Asp20Ala,0.896263610719957,15,0.0570901102359012
urn:mavedb:00000114-a-1#364,NA,NA,p.Asp20Cys,0.857302819648577,25,0.056849271719444
urn:mavedb:00000114-a-1#365,NA,NA,p.Asp20Glu,0.96873287813608,20,0.0641043651297494
urn:mavedb:00000114-a-1#366,NA,NA,p.Asp20Phe,0.731146958344816,22,0.0541955265773359
urn:mavedb:00000114-a-1#367,NA,NA,p.Asp20Gly,0.910013087757024,32,0.0566774321603028
urn:mavedb:00000114-a-1#368,NA,NA,p.Asp20His,0.921117525763272,24,0.0297496572752159
urn:mavedb:00000114-a-1#369,NA,NA,p.Asp20Ile,0.27515062005108,22,0.0843644123535879
urn:mavedb:00000114-a-1#370,NA,NA,p.Asp20Lys,0.908468967213992,17,0.086942009977075
urn:mavedb:00000114-a-1#371,NA,NA,p.Asp20Leu,0.760750397349364,28,0.0649029443830483
urn:mavedb:00000114-a-1#372,NA,NA,p.Asp20Met,0.89346698603834,24,0.0458150440128421
urn:mavedb:00000114-a-1#373,NA,NA,p.Asp20Asn,0.955481238962029,28,0.0458262996732355
urn:mavedb:00000114-a-1#374,NA,NA,p.Asp20Pro,-0.0026509941142529,17,0.0319356573720265
urn:mavedb:00000114-a-1#375,NA,NA,p.Asp20Gln,0.96542867347893,17,0.0479469814562291
urn:mavedb:00000114-a-1#376,NA,NA,p.Asp20Arg,0.846420307813925,29,0.0563188128935042
urn:mavedb:00000114-a-1#377,NA,NA,p.Asp20Ser,0.94884495353944,19,0.0664823304277783
urn:mavedb:00000114-a-1#378,NA,NA,p.Asp20Thr,0.938285834700587,19,0.048450321519603
urn:mavedb:00000114-a-1#379,NA,NA,p.Asp20Val,0.490936139203265,29,0.0954176676141955
urn:mavedb:00000114-a-1#380,NA,NA,p.Asp20Trp,0.54945698451005,23,0.0827483270196328
urn:mavedb:00000114-a-1#381,NA,NA,p.Asp20Tyr,0.722975431873368,11,0.0970443559768365
urn:mavedb:00000114-a-1#382,NA,NA,p.Thr21Ter,-0.0134069538657205,27,0.0439459808042783
urn:mavedb:00000114-a-1#383,NA,NA,p.Thr21Ala,0.970450610836257,30,0.0459194602840678
urn:mavedb:00000114-a-1#384,NA,NA,p.Thr21Cys,0.905104926375399,28,0.0502364070160472
urn:mavedb:00000114-a-1#385,NA,NA,p.Thr21Asp,0.907853353766073,22,0.0729619679230848
urn:mavedb:00000114-a-1#386,NA,NA,p.Thr21Glu,0.520720139018574,40,0.0442420962272081
urn:mavedb:00000114-a-1#387,NA,NA,p.Thr21Phe,0.811285539686183,21,0.0470432024628821
urn:mavedb:00000114-a-1#388,NA,NA,p.Thr21Gly,0.784727914176233,32,0.0391198201082618
urn:mavedb:00000114-a-1#389,NA,NA,p.Thr21His,0.633213687435396,41,0.0580853496160686
urn:mavedb:00000114-a-1#390,NA,NA,p.Thr21Ile,0.556747387513218,31,0.0590864381536951
urn:mavedb:00000114-a-1#391,NA,NA,p.Thr21Lys,0.528127459938664,34,0.0577064867999934
urn:mavedb:00000114-a-1#392,NA,NA,p.Thr21Leu,0.715574618330314,23,0.0710395493598085
urn:mavedb:00000114-a-1#393,NA,NA,p.Thr21Met,1.10023929032816,32,0.0516124853547253
urn:mavedb:00000114-a-1#394,NA,NA,p.Thr21Asn,0.674833060763459,36,0.0451277514123154
urn:mavedb:00000114-a-1#395,NA,NA,p.Thr21Pro,-0.0240136606673284,26,0.0184323048351948
urn:mavedb:00000114-a-1#396,NA,NA,p.Thr21Gln,0.935776793132329,32,0.0445160489665532
urn:mavedb:00000114-a-1#397,NA,NA,p.Thr21Arg,0.273579391259951,33,0.105330276486244
urn:mavedb:00000114-a-1#398,NA,NA,p.Thr21Ser,0.974562816753344,18,0.0430773871157375
urn:mavedb:00000114-a-1#399,NA,NA,p.Thr21Val,0.594731801266643,38,0.053182505023048
urn:mavedb:00000114-a-1#400,NA,NA,p.Thr21Trp,1.06135830180619,28,0.0662107522454316
urn:mavedb:00000114-a-1#401,NA,NA,p.Thr21Tyr,0.801801962902061,40,0.0496080837492057
urn:mavedb:00000114-a-1#402,NA,NA,p.Ser22Ter,0.0489390630441831,42,0.120006032094695
urn:mavedb:00000114-a-1#403,NA,NA,p.Ser22Ala,0.787247575062179,23,0.079790639895355
urn:mavedb:00000114-a-1#404,NA,NA,p.Ser22Cys,0.925948971790381,22,0.0709946849381449
urn:mavedb:00000114-a-1#405,NA,NA,p.Ser22Asp,0.545814938712872,23,0.0780597603568923
urn:mavedb:00000114-a-1#406,NA,NA,p.Ser22Glu,0.789818681826411,35,0.0411538982084986
urn:mavedb:00000114-a-1#407,NA,NA,p.Ser22Phe,0.555391216855588,25,0.0744831835616341
urn:mavedb:00000114-a-1#408,NA,NA,p.Ser22Gly,0.288296385724535,35,0.0904467518346505
urn:mavedb:00000114-a-1#409,NA,NA,p.Ser22His,0.927587748419732,28,0.0644533702684064
urn:mavedb:00000114-a-1#410,NA,NA,p.Ser22Ile,0.179803132622727,21,0.0831800021653103
urn:mavedb:00000114-a-1#411,NA,NA,p.Ser22Lys,1.04467982019654,34,0.0284727551400324
urn:mavedb:00000114-a-1#412,NA,NA,p.Ser22Leu,0.678334239060488,35,0.0701792861908341
urn:mavedb:00000114-a-1#413,NA,NA,p.Ser22Met,0.783647080173064,31,0.0670414925965983
urn:mavedb:00000114-a-1#414,NA,NA,p.Ser22Asn,0.866010541394195,30,0.0647000572778249
urn:mavedb:00000114-a-1#415,NA,NA,p.Ser22Pro,1.01811244607751,27,0.042813130924985
urn:mavedb:00000114-a-1#416,NA,NA,p.Ser22Gln,0.984889299761834,27,0.0469412282561467
urn:mavedb:00000114-a-1#417,NA,NA,p.Ser22Arg,0.978101683878962,28,0.0431602692112875
urn:mavedb:00000114-a-1#418,NA,NA,p.Ser22Thr,1.05864084411157,12,0.100032939439693
urn:mavedb:00000114-a-1#419,NA,NA,p.Ser22Val,0.289110139872754,28,0.068149588164416
urn:mavedb:00000114-a-1#420,NA,NA,p.Ser22Trp,-0.0216231183577603,21,0.0200390983262017
urn:mavedb:00000114-a-1#421,NA,NA,p.Ser22Tyr,0.930757298298975,25,0.0702918897748714
urn:mavedb:00000114-a-1#422,NA,NA,p.Ile23Ter,0.012959101782706,26,0.0732800838786606
urn:mavedb:00000114-a-1#423,NA,NA,p.Ile23Ala,0.0280889830775099,6,0.0549877338616377
urn:mavedb:00000114-a-1#424,NA,NA,p.Ile23Cys,0.0256847095567227,13,0.0603737622210671
urn:mavedb:00000114-a-1#425,NA,NA,p.Ile23Asp,-0.0255907416122923,30,0.0097933565626686
urn:mavedb:00000114-a-1#426,NA,NA,p.Ile23Glu,-0.0220123758249115,42,0.020352111334903
urn:mavedb:00000114-a-1#427,NA,NA,p.Ile23Phe,-0.0109841825124722,7,0.0196760524267088
urn:mavedb:00000114-a-1#428,NA,NA,p.Ile23Gly,-0.0316652346382787,22,0.0158002635904186
urn:mavedb:00000114-a-1#429,NA,NA,p.Ile23His,-0.0228418719631717,31,0.0231511877065286
urn:mavedb:00000114-a-1#430,NA,NA,p.Ile23Lys,-0.0248913497210327,45,0.0162350897078684
urn:mavedb:00000114-a-1#431,NA,NA,p.Ile23Leu,-0.0214612038820333,20,0.0274231527591272
urn:mavedb:00000114-a-1#432,NA,NA,p.Ile23Met,0.823085838223513,44,0.0523384572715758
urn:mavedb:00000114-a-1#433,NA,NA,p.Ile23Asn,-0.0270408195224677,39,0.0139094175034555
urn:mavedb:00000114-a-1#434,NA,NA,p.Ile23Pro,-0.0289576707531146,22,0.0176141724655079
urn:mavedb:00000114-a-1#435,NA,NA,p.Ile23Gln,-0.0213691799641021,56,0.0156337692755179
urn:mavedb:00000114-a-1#436,NA,NA,p.Ile23Arg,-0.0269485139520266,53,0.0094996984076764
urn:mavedb:00000114-a-1#437,NA,NA,p.Ile23Ser,-0.0226501429928552,23,0.0198726341203338
urn:mavedb:00000114-a-1#438,NA,NA,p.Ile23Thr,-0.0172796006571816,23,0.0188448684224857
urn:mavedb:00000114-a-1#439,NA,NA,p.Ile23Val,0.879036938074772,51,0.0483301527885916
urn:mavedb:00000114-a-1#440,NA,NA,p.Ile23Trp,-0.0290307922419194,19,0.0134569710385156
urn:mavedb:00000114-a-1#441,NA,NA,p.Ile23Tyr,-0.0134837397760661,4,0.0418906546191871
urn:mavedb:00000114-a-1#442,NA,NA,p.Phe24Ter,0.00060708210473,21,0.035124366156563
urn:mavedb:00000114-a-1#443,NA,NA,p.Phe24Ala,1.03334375232777,29,0.0472519472052627
urn:mavedb:00000114-a-1#444,NA,NA,p.Phe24Cys,0.901412590233626,42,0.0401347240730198
urn:mavedb:00000114-a-1#445,NA,NA,p.Phe24Asp,0.78772299919727,37,0.0448120391754291
urn:mavedb:00000114-a-1#446,NA,NA,p.Phe24Glu,0.950838319946806,39,0.0482715031889704
urn:mavedb:00000114-a-1#447,NA,NA,p.Phe24Gly,0.975532525307064,26,0.076857582400996
urn:mavedb:00000114-a-1#448,NA,NA,p.Phe24His,0.95194548413436,9,0.0764399962681271
urn:mavedb:00000114-a-1#449,NA,NA,p.Phe24Ile,0.95533157459179,24,0.0364676961630977
urn:mavedb:00000114-a-1#450,NA,NA,p.Phe24Lys,0.932681892481098,31,0.069433587320771
urn:mavedb:00000114-a-1#451,NA,NA,p.Phe24Leu,1.01610444153806,28,0.0627475474454017
urn:mavedb:00000114-a-1#452,NA,NA,p.Phe24Met,1.00969950904174,27,0.0614755267915072
urn:mavedb:00000114-a-1#453,NA,NA,p.Phe24Asn,0.842117347750708,18,0.0569459940982974
urn:mavedb:00000114-a-1#454,NA,NA,p.Phe24Pro,-0.0107370830913981,36,0.0189303180813042
urn:mavedb:00000114-a-1#455,NA,NA,p.Phe24Gln,0.983074189133568,22,0.0531269815287618
urn:mavedb:00000114-a-1#456,NA,NA,p.Phe24Arg,0.945610299297368,40,0.054312341774028
urn:mavedb:00000114-a-1#457,NA,NA,p.Phe24Ser,0.972809913150644,14,0.0791091557839413
urn:mavedb:00000114-a-1#458,NA,NA,p.Phe24Thr,0.835022959656622,21,0.0576635829074885
urn:mavedb:00000114-a-1#459,NA,NA,p.Phe24Val,0.848922920446934,34,0.0432290971490385
urn:mavedb:00000114-a-1#460,NA,NA,p.Phe24Trp,1.00904045814536,26,0.0784789324106383
urn:mavedb:00000114-a-1#461,NA,NA,p.Phe24Tyr,1.00734375352406,23,0.0560581576139123
urn:mavedb:00000114-a-1#462,NA,NA,p.Gln25Ter,-0.0147569664061369,27,0.0275143883021698
urn:mavedb:00000114-a-1#463,NA,NA,p.Gln25Ala,0.908150604735525,22,0.0625653454425699
urn:mavedb:00000114-a-1#464,NA,NA,p.Gln25Cys,0.739142268869836,26,0.0588452698415796
urn:mavedb:00000114-a-1#465,NA,NA,p.Gln25Asp,0.955133710519212,21,0.0881693119390802
urn:mavedb:00000114-a-1#466,NA,NA,p.Gln25Glu,1.1146367469041,21,0.0426920290691656
urn:mavedb:00000114-a-1#467,NA,NA,p.Gln25Phe,0.569087018730631,31,0.0599283717332269
urn:mavedb:00000114-a-1#468,NA,NA,p.Gln25Gly,0.840460256322184,29,0.0337978521124602
urn:mavedb:00000114-a-1#469,NA,NA,p.Gln25His,0.861404597713435,12,0.11491876254417
urn:mavedb:00000114-a-1#470,NA,NA,p.Gln25Ile,0.109197614566088,21,0.0777909922858665
urn:mavedb:00000114-a-1#471,NA,NA,p.Gln25Lys,0.863574039276127,23,0.0768720165899979
urn:mavedb:00000114-a-1#472,NA,NA,p.Gln25Leu,0.26253751155384,21,0.0967922498883171
urn:mavedb:00000114-a-1#473,NA,NA,p.Gln25Met,0.822868629386027,16,0.054644116983729
urn:mavedb:00000114-a-1#474,NA,NA,p.Gln25Asn,0.886271031512474,19,0.0743454134349261
urn:mavedb:00000114-a-1#475,NA,NA,p.Gln25Pro,-0.0220822384376646,19,0.0201509311207942
urn:mavedb:00000114-a-1#476,NA,NA,p.Gln25Arg,0.801492885525159,32,0.039881701629495
urn:mavedb:00000114-a-1#477,NA,NA,p.Gln25Ser,0.845746639747317,17,0.0567491648715335
urn:mavedb:00000114-a-1#478,NA,NA,p.Gln25Thr,0.873687515743132,22,0.0738197542920944
urn:mavedb:00000114-a-1#479,NA,NA,p.Gln25Val,0.453165243794239,19,0.0708820320629459
urn:mavedb:00000114-a-1#480,NA,NA,p.Gln25Trp,0.704281751845167,21,0.0869960069773448
urn:mavedb:00000114-a-1#481,NA,NA,p.Gln25Tyr,0.828951133958785,24,0.0611069638943678
urn:mavedb:00000114-a-1#482,NA,NA,p.Leu26Ter,0.0148958364171322,28,0.0755730557600816
urn:mavedb:00000114-a-1#483,NA,NA,p.Leu26Ala,-0.028679782789612,32,0.011461464189356
urn:mavedb:00000114-a-1#484,NA,NA,p.Leu26Cys,-0.0224097488469271,34,0.0159087833725467
urn:mavedb:00000114-a-1#485,NA,NA,p.Leu26Asp,-0.0232343525981022,42,0.0126236201296984
urn:mavedb:00000114-a-1#486,NA,NA,p.Leu26Glu,-0.0297087724051569,21,0.0156939068135884
urn:mavedb:00000114-a-1#487,NA,NA,p.Leu26Phe,0.863315969734316,31,0.0768134276952233
urn:mavedb:00000114-a-1#488,NA,NA,p.Leu26Gly,-0.0297201572586986,34,0.0138916372670346
urn:mavedb:00000114-a-1#489,NA,NA,p.Leu26His,-0.0278916189002703,32,0.0165463673335742
urn:mavedb:00000114-a-1#490,NA,NA,p.Leu26Ile,0.909580609450498,35,0.0628985915655165
urn:mavedb:00000114-a-1#491,NA,NA,p.Leu26Lys,-0.020579042661749,27,0.0208430223350489
urn:mavedb:00000114-a-1#492,NA,NA,p.Leu26Met,0.685497284087612,29,0.0796525400149722
urn:mavedb:00000114-a-1#493,NA,NA,p.Leu26Asn,-0.0166734891647893,33,0.0204442600719512
urn:mavedb:00000114-a-1#494,NA,NA,p.Leu26Pro,-0.0168092022207411,47,0.0193706329775131
urn:mavedb:00000114-a-1#495,NA,NA,p.Leu26Gln,-0.0241536316664198,43,0.0147433346279188
urn:mavedb:00000114-a-1#496,NA,NA,p.Leu26Arg,-0.0295101645241743,33,0.015579308983677
urn:mavedb:00000114-a-1#497,NA,NA,p.Leu26Ser,-0.0339210763328439,28,0.0107174256754704
urn:mavedb:00000114-a-1#498,NA,NA,p.Leu26Thr,-0.0159702763137981,37,0.016788553614363
urn:mavedb:00000114-a-1#499,NA,NA,p.Leu26Val,0.575671045435131,34,0.0188932274181333
urn:mavedb:00000114-a-1#500,NA,NA,p.Leu26Trp,-0.025980619180559,25,0.0176817873004609
urn:mavedb:00000114-a-1#501,NA,NA,p.Leu26Tyr,-0.0263158135976565,26,0.0157012801481292
urn:mavedb:00000114-a-1#502,NA,NA,p.Lys27Ter,0.0137247275515477,27,0.0700911647129065
urn:mavedb:00000114-a-1#503,NA,NA,p.Lys27Ala,0.319312122448486,23,0.0720764862106378
urn:mavedb:00000114-a-1#504,NA,NA,p.Lys27Cys,0.556219013072473,20,0.0763945376109817
urn:mavedb:00000114-a-1#505,NA,NA,p.Lys27Asp,-0.0204770644932093,27,0.0210158355332021
urn:mavedb:00000114-a-1#506,NA,NA,p.Lys27Glu,-0.0268407114936089,26,0.0196052752201765
urn:mavedb:00000114-a-1#507,NA,NA,p.Lys27Phe,-0.0229573510288762,38,0.0193132993100867
urn:mavedb:00000114-a-1#508,NA,NA,p.Lys27Gly,-0.0183505888610074,25,0.0189648676612188
urn:mavedb:00000114-a-1#509,NA,NA,p.Lys27His,-0.0117880492536953,23,0.0249607439885365
urn:mavedb:00000114-a-1#510,NA,NA,p.Lys27Ile,0.421947413501276,28,0.0815484079965802
urn:mavedb:00000114-a-1#511,NA,NA,p.Lys27Leu,0.361765429374909,13,0.0720646710810669
urn:mavedb:00000114-a-1#512,NA,NA,p.Lys27Met,0.0238264162402042,20,0.0400031483560449
urn:mavedb:00000114-a-1#513,NA,NA,p.Lys27Asn,-0.0154241628184456,20,0.0387545669005033
urn:mavedb:00000114-a-1#514,NA,NA,p.Lys27Pro,-0.0180979761037593,14,0.0187553382570138
urn:mavedb:00000114-a-1#515,NA,NA,p.Lys27Gln,-0.0295787199798295,22,0.0157666984748925
urn:mavedb:00000114-a-1#516,NA,NA,p.Lys27Arg,0.509726274293441,25,0.0579593400092699
urn:mavedb:00000114-a-1#517,NA,NA,p.Lys27Ser,-0.0066532513724623,27,0.0292818001041088
urn:mavedb:00000114-a-1#518,NA,NA,p.Lys27Thr,0.292487341723413,17,0.0797147986257024
urn:mavedb:00000114-a-1#519,NA,NA,p.Lys27Val,0.345130524631922,22,0.0678726871152665
urn:mavedb:00000114-a-1#520,NA,NA,p.Lys27Trp,-0.0201231833689435,34,0.0179580318458305
urn:mavedb:00000114-a-1#521,NA,NA,p.Lys27Tyr,-0.0201426832936271,21,0.0214462148118856
urn:mavedb:00000114-a-1#522,NA,NA,p.Glu28Ter,0.004375253381076,26,0.0667297262777762
urn:mavedb:00000114-a-1#523,NA,NA,p.Glu28Ala,0.829762254235409,22,0.0965773710924013
urn:mavedb:00000114-a-1#524,NA,NA,p.Glu28Cys,0.840914919619478,29,0.0805026726098546
urn:mavedb:00000114-a-1#525,NA,NA,p.Glu28Asp,0.924975793487269,30,0.0630736398650594
urn:mavedb:00000114-a-1#526,NA,NA,p.Glu28Phe,0.0262236564937074,22,0.0395898589431188
urn:mavedb:00000114-a-1#527,NA,NA,p.Glu28Gly,0.68910398321895,21,0.0496858749343534
urn:mavedb:00000114-a-1#528,NA,NA,p.Glu28His,0.789102280771772,22,0.0527756989722995
urn:mavedb:00000114-a-1#529,NA,NA,p.Glu28Ile,0.0727470391610861,22,0.0771268072448069
urn:mavedb:00000114-a-1#530,NA,NA,p.Glu28Lys,0.853928285028487,17,0.0739699880447213
urn:mavedb:00000114-a-1#531,NA,NA,p.Glu28Leu,0.623354892766715,30,0.0678451590254198
urn:mavedb:00000114-a-1#532,NA,NA,p.Glu28Met,0.781766545211537,17,0.10062501282285
urn:mavedb:00000114-a-1#533,NA,NA,p.Glu28Asn,0.909392276285803,22,0.0636820616393844
urn:mavedb:00000114-a-1#534,NA,NA,p.Glu28Pro,-0.0330692656956511,20,0.0120967830163141
urn:mavedb:00000114-a-1#535,NA,NA,p.Glu28Gln,0.969359411446714,27,0.0522287323818021
urn:mavedb:00000114-a-1#536,NA,NA,p.Glu28Arg,0.746283741536609,26,0.0557581944452408
urn:mavedb:00000114-a-1#537,NA,NA,p.Glu28Ser,0.904244620658571,25,0.0804267083211653
urn:mavedb:00000114-a-1#538,NA,NA,p.Glu28Thr,0.911791883189454,22,0.0565388272091577
urn:mavedb:00000114-a-1#539,NA,NA,p.Glu28Val,0.389666317737388,31,0.0919792999352594
urn:mavedb:00000114-a-1#540,NA,NA,p.Glu28Trp,0.378935649986634,25,0.0839579599827562
urn:mavedb:00000114-a-1#541,NA,NA,p.Glu28Tyr,0.367473436433777,19,0.127391318430473
urn:mavedb:00000114-a-1#542,NA,NA,p.Val29Ter,0.031227142352197,16,0.0983905879339322
urn:mavedb:00000114-a-1#543,NA,NA,p.Val29Ala,0.999799228703512,18,0.0376025148674908
urn:mavedb:00000114-a-1#544,NA,NA,p.Val29Cys,0.944219006699148,28,0.0572068746693948
urn:mavedb:00000114-a-1#545,NA,NA,p.Val29Asp,0.732006285742025,25,0.0545996419886529
urn:mavedb:00000114-a-1#546,NA,NA,p.Val29Glu,0.976862755499161,38,0.0485918245884182
urn:mavedb:00000114-a-1#547,NA,NA,p.Val29Phe,1.04236796571342,22,0.0557769381072482
urn:mavedb:00000114-a-1#548,NA,NA,p.Val29Gly,0.573905039577119,25,0.040757613556968
urn:mavedb:00000114-a-1#549,NA,NA,p.Val29His,1.05817533381913,16,0.0809964595259081
urn:mavedb:00000114-a-1#550,NA,NA,p.Val29Ile,1.01208232657939,27,0.0278789568427962
urn:mavedb:00000114-a-1#551,NA,NA,p.Val29Lys,0.970856185642774,25,0.0538150553456649
urn:mavedb:00000114-a-1#552,NA,NA,p.Val29Leu,1.11488063848406,14,0.0810351808309539
urn:mavedb:00000114-a-1#553,NA,NA,p.Val29Met,1.07455985855312,36,0.0443822532758142
urn:mavedb:00000114-a-1#554,NA,NA,p.Val29Asn,0.822308586439429,36,0.0490337869504978
urn:mavedb:00000114-a-1#555,NA,NA,p.Val29Pro,-0.027808047152931,23,0.0202629280604591
urn:mavedb:00000114-a-1#556,NA,NA,p.Val29Gln,0.964067770604349,20,0.0718265574724994
urn:mavedb:00000114-a-1#557,NA,NA,p.Val29Arg,0.918301282654957,27,0.0588647019517678
urn:mavedb:00000114-a-1#558,NA,NA,p.Val29Ser,0.885359918977858,23,0.0496927941934999
urn:mavedb:00000114-a-1#559,NA,NA,p.Val29Thr,0.972860843355515,33,0.0393618357497703
urn:mavedb:00000114-a-1#560,NA,NA,p.Val29Trp,0.988167076296974,34,0.0498176046605983
urn:mavedb:00000114-a-1#561,NA,NA,p.Val29Tyr,1.06110907987864,34,0.048451440086836
urn:mavedb:00000114-a-1#562,NA,NA,p.Val30Ter,0.0746698970991826,27,0.157579224573872
urn:mavedb:00000114-a-1#563,NA,NA,p.Val30Ala,0.548134179677398,33,0.0644875914849671
urn:mavedb:00000114-a-1#564,NA,NA,p.Val30Cys,0.821360308011263,30,0.0479399390777705
urn:mavedb:00000114-a-1#565,NA,NA,p.Val30Asp,-0.0251343834128792,31,0.0122177803802628
urn:mavedb:00000114-a-1#566,NA,NA,p.Val30Glu,-0.0177244070338684,27,0.0201143571814905
urn:mavedb:00000114-a-1#567,NA,NA,p.Val30Phe,0.586765992322736,21,0.0709727151807298
urn:mavedb:00000114-a-1#568,NA,NA,p.Val30Gly,-0.0256250774810468,30,0.0143274944125667
urn:mavedb:00000114-a-1#569,NA,NA,p.Val30His,-0.0229458139783661,29,0.01323731624684
urn:mavedb:00000114-a-1#570,NA,NA,p.Val30Ile,0.835377293718655,37,0.057143935267042
urn:mavedb:00000114-a-1#571,NA,NA,p.Val30Lys,-0.024002443082821,25,0.0103738022812423
urn:mavedb:00000114-a-1#572,NA,NA,p.Val30Leu,0.43365802898317,40,0.0676888360533661
urn:mavedb:00000114-a-1#573,NA,NA,p.Val30Met,0.367107684352906,32,0.084191108621136
urn:mavedb:00000114-a-1#574,NA,NA,p.Val30Asn,-0.026209908622952,24,0.013698318684422
urn:mavedb:00000114-a-1#575,NA,NA,p.Val30Pro,-0.029434770642817,22,0.0112729457184566
urn:mavedb:00000114-a-1#576,NA,NA,p.Val30Gln,-0.0199335688308513,28,0.0180712982692163
urn:mavedb:00000114-a-1#577,NA,NA,p.Val30Arg,-0.020068268558686,30,0.0258907741870373
urn:mavedb:00000114-a-1#578,NA,NA,p.Val30Ser,-0.0264933285886892,29,0.0113428565373702
urn:mavedb:00000114-a-1#579,NA,NA,p.Val30Thr,0.24245770981944,34,0.0907854831278818
urn:mavedb:00000114-a-1#580,NA,NA,p.Val30Trp,0.521760067659915,29,0.0598202216578072
urn:mavedb:00000114-a-1#581,NA,NA,p.Val30Tyr,-0.0256969547994766,22,0.0127225894505321
urn:mavedb:00000114-a-1#582,NA,NA,p.Ala31Ter,0.0087291175763021,23,0.0837121789194988
urn:mavedb:00000114-a-1#583,NA,NA,p.Ala31Cys,0.264059703449024,18,0.100379470695211
urn:mavedb:00000114-a-1#584,NA,NA,p.Ala31Asp,-0.025189634059148,26,0.0155181353323948
urn:mavedb:00000114-a-1#585,NA,NA,p.Ala31Glu,0.70949235982027,25,0.069782169272766
urn:mavedb:00000114-a-1#586,NA,NA,p.Ala31Phe,-0.0048941114313278,25,0.0181775268438491
urn:mavedb:00000114-a-1#587,NA,NA,p.Ala31Gly,0.94353206596249,23,0.0341895164512019
urn:mavedb:00000114-a-1#588,NA,NA,p.Ala31His,0.0685470594264294,23,0.0622182207377282
urn:mavedb:00000114-a-1#589,NA,NA,p.Ala31Ile,-0.0284550490770857,20,0.0154623429588585
urn:mavedb:00000114-a-1#590,NA,NA,p.Ala31Lys,-0.0237821261176695,22,0.0184650153732914
urn:mavedb:00000114-a-1#591,NA,NA,p.Ala31Leu,-0.0251562587331415,14,0.0292912448434544
urn:mavedb:00000114-a-1#592,NA,NA,p.Ala31Met,0.134446952242292,18,0.0560968802077467
urn:mavedb:00000114-a-1#593,NA,NA,p.Ala31Asn,-0.017099347070404,15,0.0200880094775212
urn:mavedb:00000114-a-1#594,NA,NA,p.Ala31Pro,-0.0370320924258752,8,0.0132423168985048
urn:mavedb:00000114-a-1#595,NA,NA,p.Ala31Gln,0.459375881966431,36,0.0647971437519995
urn:mavedb:00000114-a-1#596,NA,NA,p.Ala31Arg,-0.0152359459794761,21,0.024091318735539
urn:mavedb:00000114-a-1#597,NA,NA,p.Ala31Ser,0.983436802283299,26,0.0472999831624924
urn:mavedb:00000114-a-1#598,NA,NA,p.Ala31Thr,0.284081689275546,20,0.116434093489909
urn:mavedb:00000114-a-1#599,NA,NA,p.Ala31Val,-0.0224526339091186,21,0.0179211214531834
urn:mavedb:00000114-a-1#600,NA,NA,p.Ala31Trp,-0.0206978701900421,22,0.0202463222749065
urn:mavedb:00000114-a-1#601,NA,NA,p.Ala31Tyr,-0.017950985458046,22,0.0177807699937625
urn:mavedb:00000114-a-1#602,NA,NA,p.Lys32Ter,0.012158305056439,39,0.0364986389199805
urn:mavedb:00000114-a-1#603,NA,NA,p.Lys32Ala,1.08933117315563,26,0.0492651627320626
urn:mavedb:00000114-a-1#604,NA,NA,p.Lys32Cys,0.983105301025239,21,0.070181270857753
urn:mavedb:00000114-a-1#605,NA,NA,p.Lys32Asp,0.848107208029821,36,0.0315258854291542
urn:mavedb:00000114-a-1#606,NA,NA,p.Lys32Glu,0.967782917312733,42,0.0488874680557862
urn:mavedb:00000114-a-1#607,NA,NA,p.Lys32Phe,0.966031879874069,30,0.0442922176936083
urn:mavedb:00000114-a-1#608,NA,NA,p.Lys32Gly,0.860136818194633,17,0.0952636686642406
urn:mavedb:00000114-a-1#609,NA,NA,p.Lys32His,1.04267431893856,31,0.0771647850096194
urn:mavedb:00000114-a-1#610,NA,NA,p.Lys32Ile,0.921051082059791,34,0.048730116321101
urn:mavedb:00000114-a-1#611,NA,NA,p.Lys32Leu,1.15567830372896,5,0.122010251926404
urn:mavedb:00000114-a-1#612,NA,NA,p.Lys32Met,1.01006265623389,24,0.0743677692886894
urn:mavedb:00000114-a-1#613,NA,NA,p.Lys32Asn,0.969950445551067,36,0.0379962615818857
urn:mavedb:00000114-a-1#614,NA,NA,p.Lys32Pro,-0.0335092065946458,9,0.0268758702001699
urn:mavedb:00000114-a-1#615,NA,NA,p.Lys32Gln,1.03004743534427,27,0.0481729128148837
urn:mavedb:00000114-a-1#616,NA,NA,p.Lys32Arg,1.01620945660175,38,0.0509263596671982
urn:mavedb:00000114-a-1#617,NA,NA,p.Lys32Ser,0.979009275312963,20,0.0482768957103282
urn:mavedb:00000114-a-1#618,NA,NA,p.Lys32Thr,0.965429837278175,18,0.0619378067592639
urn:mavedb:00000114-a-1#619,NA,NA,p.Lys32Val,1.02094183719418,48,0.0551965487337072
urn:mavedb:00000114-a-1#620,NA,NA,p.Lys32Trp,0.947479137400788,47,0.049957584735768
urn:mavedb:00000114-a-1#621,NA,NA,p.Lys32Tyr,1.01401597975691,48,0.0461813922499048
urn:mavedb:00000114-a-1#622,NA,NA,p.Arg33Ter,0.0054047240620053,42,0.0655411136675095
urn:mavedb:00000114-a-1#623,NA,NA,p.Arg33Ala,0.74362744935135,23,0.0649224307480231
urn:mavedb:00000114-a-1#624,NA,NA,p.Arg33Cys,0.59184385793401,27,0.0838377691842973
urn:mavedb:00000114-a-1#625,NA,NA,p.Arg33Asp,0.455929414581177,29,0.0550721727133475
urn:mavedb:00000114-a-1#626,NA,NA,p.Arg33Glu,0.614484482271585,34,0.0561382041903749
urn:mavedb:00000114-a-1#627,NA,NA,p.Arg33Phe,0.487637068328296,31,0.0711436619371913
urn:mavedb:00000114-a-1#628,NA,NA,p.Arg33Gly,0.569828249444149,34,0.0592045634862473
urn:mavedb:00000114-a-1#629,NA,NA,p.Arg33His,0.670611648999938,27,0.0691668630701136
urn:mavedb:00000114-a-1#630,NA,NA,p.Arg33Ile,0.742782518136003,24,0.0555991048796501
urn:mavedb:00000114-a-1#631,NA,NA,p.Arg33Lys,0.947051178712275,37,0.0714906137995314
urn:mavedb:00000114-a-1#632,NA,NA,p.Arg33Leu,0.808364386885895,32,0.0366616438398636
urn:mavedb:00000114-a-1#633,NA,NA,p.Arg33Met,0.951691847017234,25,0.0566809860007591
urn:mavedb:00000114-a-1#634,NA,NA,p.Arg33Asn,0.666058556371711,38,0.0531078932844935
urn:mavedb:00000114-a-1#635,NA,NA,p.Arg33Pro,-0.0202372112596655,16,0.0143717900563586
urn:mavedb:00000114-a-1#636,NA,NA,p.Arg33Gln,0.838149053345901,34,0.063095096220605
urn:mavedb:00000114-a-1#637,NA,NA,p.Arg33Ser,0.831154655530637,29,0.0611905390583183
urn:mavedb:00000114-a-1#638,NA,NA,p.Arg33Thr,0.726158388852084,34,0.035555494192439
urn:mavedb:00000114-a-1#639,NA,NA,p.Arg33Val,0.569995435739071,45,0.0634685256032813
urn:mavedb:00000114-a-1#640,NA,NA,p.Arg33Trp,0.519891069051682,23,0.0620769195843723
urn:mavedb:00000114-a-1#641,NA,NA,p.Arg33Tyr,0.69069142940078,29,0.0634602070113148
urn:mavedb:00000114-a-1#642,NA,NA,p.Gln34Ter,0.101929033338899,29,0.198697829914619
urn:mavedb:00000114-a-1#643,NA,NA,p.Gln34Ala,0.908422597750561,29,0.0282032031016077
urn:mavedb:00000114-a-1#644,NA,NA,p.Gln34Cys,0.990551776644524,23,0.0707005932788815
urn:mavedb:00000114-a-1#645,NA,NA,p.Gln34Asp,0.576026031660208,25,0.0600166497465695
urn:mavedb:00000114-a-1#646,NA,NA,p.Gln34Glu,1.0634888058151,23,0.0507019665066235
urn:mavedb:00000114-a-1#647,NA,NA,p.Gln34Phe,1.00922591395912,33,0.060573716112933
urn:mavedb:00000114-a-1#648,NA,NA,p.Gln34Gly,0.698509834691368,27,0.059458277270318
urn:mavedb:00000114-a-1#649,NA,NA,p.Gln34His,1.04790242417146,17,0.0957514540467634
urn:mavedb:00000114-a-1#650,NA,NA,p.Gln34Ile,1.07773926508381,24,0.0429486695788342
urn:mavedb:00000114-a-1#651,NA,NA,p.Gln34Lys,0.760398075678092,24,0.0542619495721173
urn:mavedb:00000114-a-1#652,NA,NA,p.Gln34Leu,0.905110036952754,23,0.0828998330255168
urn:mavedb:00000114-a-1#653,NA,NA,p.Gln34Met,0.86244280785078,27,0.0479205401157579
urn:mavedb:00000114-a-1#654,NA,NA,p.Gln34Asn,1.02923375915058,37,0.0576004885458025
urn:mavedb:00000114-a-1#655,NA,NA,p.Gln34Pro,-0.0255098292029841,45,0.0124802369145263
urn:mavedb:00000114-a-1#656,NA,NA,p.Gln34Arg,0.897075899261479,30,0.0559946603917123
urn:mavedb:00000114-a-1#657,NA,NA,p.Gln34Ser,0.975990623319654,21,0.0503770374544098
urn:mavedb:00000114-a-1#658,NA,NA,p.Gln34Thr,1.01973210244069,32,0.0498489130043887
urn:mavedb:00000114-a-1#659,NA,NA,p.Gln34Val,1.06977549752167,31,0.0499111531081436
urn:mavedb:00000114-a-1#660,NA,NA,p.Gln34Trp,1.00319193935765,28,0.0461912891610172
urn:mavedb:00000114-a-1#661,NA,NA,p.Gln34Tyr,1.01819163948002,28,0.0648396783459671
urn:mavedb:00000114-a-1#662,NA,NA,p.Gly35Ter,-0.0123601332405026,34,0.0319567437551159
urn:mavedb:00000114-a-1#663,NA,NA,p.Gly35Ala,0.868007940271117,25,0.038749580065571
urn:mavedb:00000114-a-1#664,NA,NA,p.Gly35Cys,0.877413565545657,27,0.0817751083149406
urn:mavedb:00000114-a-1#665,NA,NA,p.Gly35Asp,0.831462566633564,26,0.0906807704859572
urn:mavedb:00000114-a-1#666,NA,NA,p.Gly35Glu,0.713777401243506,40,0.0584866551872875
urn:mavedb:00000114-a-1#667,NA,NA,p.Gly35Phe,0.428321767897921,31,0.057937514090186
urn:mavedb:00000114-a-1#668,NA,NA,p.Gly35His,0.821377262948482,24,0.0655734515032721
urn:mavedb:00000114-a-1#669,NA,NA,p.Gly35Ile,0.0583175004339716,35,0.0501635685912302
urn:mavedb:00000114-a-1#670,NA,NA,p.Gly35Lys,0.853298956670433,32,0.0554820067518936
urn:mavedb:00000114-a-1#671,NA,NA,p.Gly35Leu,0.658217150338074,18,0.0668307959289526
urn:mavedb:00000114-a-1#672,NA,NA,p.Gly35Met,0.770000337122363,31,0.0631762211818463
urn:mavedb:00000114-a-1#673,NA,NA,p.Gly35Asn,0.990171578582735,38,0.0456149382254784
urn:mavedb:00000114-a-1#674,NA,NA,p.Gly35Pro,-0.0216092084083999,36,0.0110970684246069
urn:mavedb:00000114-a-1#675,NA,NA,p.Gly35Gln,0.869327596905551,33,0.0530760465184589
urn:mavedb:00000114-a-1#676,NA,NA,p.Gly35Arg,0.797616771264531,43,0.0448741585303954
urn:mavedb:00000114-a-1#677,NA,NA,p.Gly35Ser,0.883902864939396,33,0.0429013011869553
urn:mavedb:00000114-a-1#678,NA,NA,p.Gly35Thr,0.41851497319415,31,0.063467372679553
urn:mavedb:00000114-a-1#679,NA,NA,p.Gly35Val,0.258098120087633,35,0.0944832164760416
urn:mavedb:00000114-a-1#680,NA,NA,p.Gly35Trp,0.0127163259546554,25,0.0280562847287803
urn:mavedb:00000114-a-1#681,NA,NA,p.Gly35Tyr,0.292769819082379,36,0.0997620230108857
urn:mavedb:00000114-a-1#682,NA,NA,p.Val36Ter,-0.0085998256619233,33,0.0223451858135566
urn:mavedb:00000114-a-1#683,NA,NA,p.Val36Ala,0.528198083885603,15,0.0857977756615861
urn:mavedb:00000114-a-1#684,NA,NA,p.Val36Cys,0.797206039348617,13,0.0733105933434661
urn:mavedb:00000114-a-1#685,NA,NA,p.Val36Asp,-0.015530711563737,27,0.014783290749908
urn:mavedb:00000114-a-1#686,NA,NA,p.Val36Glu,0.0595466973170118,32,0.0490515732198828
urn:mavedb:00000114-a-1#687,NA,NA,p.Val36Phe,0.423648567333789,22,0.0629362152523994
urn:mavedb:00000114-a-1#688,NA,NA,p.Val36Gly,-0.0191185733167238,18,0.0234385454134607
urn:mavedb:00000114-a-1#689,NA,NA,p.Val36His,0.0947154146873082,20,0.064549474319316
urn:mavedb:00000114-a-1#690,NA,NA,p.Val36Ile,0.981382819404365,28,0.0436203974001785
urn:mavedb:00000114-a-1#691,NA,NA,p.Val36Lys,0.381132300222297,24,0.0755296503560356
urn:mavedb:00000114-a-1#692,NA,NA,p.Val36Leu,0.904191556371609,12,0.0663423329426027
urn:mavedb:00000114-a-1#693,NA,NA,p.Val36Met,0.731255010119784,29,0.0573364385067075
urn:mavedb:00000114-a-1#694,NA,NA,p.Val36Asn,-0.0254877665916246,34,0.0176482090498929
urn:mavedb:00000114-a-1#695,NA,NA,p.Val36Pro,-0.0178261432579475,22,0.030449405739483
urn:mavedb:00000114-a-1#696,NA,NA,p.Val36Gln,0.334890372056086,25,0.0827759680477946
urn:mavedb:00000114-a-1#697,NA,NA,p.Val36Arg,0.160393648613165,34,0.0857598544903826
urn:mavedb:00000114-a-1#698,NA,NA,p.Val36Ser,0.0393968977135043,20,0.054048287806321
urn:mavedb:00000114-a-1#699,NA,NA,p.Val36Thr,0.623378209218648,30,0.0595796127600795
urn:mavedb:00000114-a-1#700,NA,NA,p.Val36Trp,0.14767569879271,26,0.0782334983604493
urn:mavedb:00000114-a-1#701,NA,NA,p.Val36Tyr,0.53264718762212,22,0.0834417187726073
urn:mavedb:00000114-a-1#702,NA,NA,p.Pro37Ter,0.0051912802838571,41,0.0571136042681869
urn:mavedb:00000114-a-1#703,NA,NA,p.Pro37Ala,0.944811534408066,29,0.0610919078546297
urn:mavedb:00000114-a-1#704,NA,NA,p.Pro37Cys,0.910008290051407,20,0.057401101897778
urn:mavedb:00000114-a-1#705,NA,NA,p.Pro37Asp,1.00633527763956,32,0.0452783795048375
urn:mavedb:00000114-a-1#706,NA,NA,p.Pro37Glu,1.02285004118264,49,0.0376287666887452
urn:mavedb:00000114-a-1#707,NA,NA,p.Pro37Phe,0.741667522838693,28,0.0515083427529898
urn:mavedb:00000114-a-1#708,NA,NA,p.Pro37Gly,0.769504093475362,36,0.0610208544503874
urn:mavedb:00000114-a-1#709,NA,NA,p.Pro37His,0.923879155902217,26,0.0477527489111949
urn:mavedb:00000114-a-1#710,NA,NA,p.Pro37Ile,0.755707167090304,29,0.0545670934963585
urn:mavedb:00000114-a-1#711,NA,NA,p.Pro37Lys,0.875270635441615,56,0.0580709411404294
urn:mavedb:00000114-a-1#712,NA,NA,p.Pro37Leu,0.804933092281774,33,0.0427342043005545
urn:mavedb:00000114-a-1#713,NA,NA,p.Pro37Met,0.865034127425269,32,0.0470103267908903
urn:mavedb:00000114-a-1#714,NA,NA,p.Pro37Asn,0.94636652212444,29,0.058306731466771
urn:mavedb:00000114-a-1#715,NA,NA,p.Pro37Gln,0.947059937348262,46,0.0427378565446751
urn:mavedb:00000114-a-1#716,NA,NA,p.Pro37Arg,0.949696238165648,33,0.0430310523190085
urn:mavedb:00000114-a-1#717,NA,NA,p.Pro37Ser,0.962641700476365,46,0.0345221343203015
urn:mavedb:00000114-a-1#718,NA,NA,p.Pro37Thr,0.899727801980691,36,0.0561729901249569
urn:mavedb:00000114-a-1#719,NA,NA,p.Pro37Val,0.835603446367885,44,0.052435385908411
urn:mavedb:00000114-a-1#720,NA,NA,p.Pro37Trp,0.56883925282509,47,0.0624890278742795
urn:mavedb:00000114-a-1#721,NA,NA,p.Pro37Tyr,0.743398630332544,37,0.0598372805438184
urn:mavedb:00000114-a-1#722,NA,NA,p.Ala38Ter,0.018421942232787,34,0.0853405794652105
urn:mavedb:00000114-a-1#723,NA,NA,p.Ala38Cys,0.849067437128101,27,0.0607024419328039
urn:mavedb:00000114-a-1#724,NA,NA,p.Ala38Asp,0.188154154247261,25,0.0777105880293675
urn:mavedb:00000114-a-1#725,NA,NA,p.Ala38Glu,0.760119923569872,50,0.0417770709568773
urn:mavedb:00000114-a-1#726,NA,NA,p.Ala38Phe,0.416838302527196,21,0.103790524816656
urn:mavedb:00000114-a-1#727,NA,NA,p.Ala38Gly,0.672964931921029,45,0.0474988691222287
urn:mavedb:00000114-a-1#728,NA,NA,p.Ala38His,0.761486470743981,32,0.0663198437973012
urn:mavedb:00000114-a-1#729,NA,NA,p.Ala38Ile,0.890902406277306,27,0.0403423400076379
urn:mavedb:00000114-a-1#730,NA,NA,p.Ala38Lys,0.466938130875521,28,0.0500764098654128
urn:mavedb:00000114-a-1#731,NA,NA,p.Ala38Leu,0.822401408468383,32,0.0595501457661257
urn:mavedb:00000114-a-1#732,NA,NA,p.Ala38Met,0.777530860122625,47,0.050393536780424
urn:mavedb:00000114-a-1#733,NA,NA,p.Ala38Asn,0.541802700625113,19,0.0585855853333596
urn:mavedb:00000114-a-1#734,NA,NA,p.Ala38Pro,0.959491646944515,24,0.0551889974404845
urn:mavedb:00000114-a-1#735,NA,NA,p.Ala38Gln,0.70035102877503,39,0.0388670032875252
urn:mavedb:00000114-a-1#736,NA,NA,p.Ala38Arg,0.655778391705771,42,0.0419946087937878
urn:mavedb:00000114-a-1#737,NA,NA,p.Ala38Ser,0.938834375428295,31,0.0571004950296911
urn:mavedb:00000114-a-1#738,NA,NA,p.Ala38Thr,0.951566742093717,27,0.0590392625832822
urn:mavedb:00000114-a-1#739,NA,NA,p.Ala38Val,1.01970124675426,36,0.0536882717100364
urn:mavedb:00000114-a-1#740,NA,NA,p.Ala38Trp,0.598559154873614,53,0.0477627604263091
urn:mavedb:00000114-a-1#741,NA,NA,p.Ala38Tyr,0.329268838635024,25,0.0864045696377416
urn:mavedb:00000114-a-1#742,NA,NA,p.Asp39Ter,0.0149515449986732,22,0.0771338014280011
urn:mavedb:00000114-a-1#743,NA,NA,p.Asp39Ala,0.852069552688231,16,0.0614525943548536
urn:mavedb:00000114-a-1#744,NA,NA,p.Asp39Cys,0.738106497763183,12,0.113921061505223
urn:mavedb:00000114-a-1#745,NA,NA,p.Asp39Glu,1.00859610316197,29,0.0634959005629009
urn:mavedb:00000114-a-1#746,NA,NA,p.Asp39Phe,0.162998151146965,18,0.0962360401563735
urn:mavedb:00000114-a-1#747,NA,NA,p.Asp39Gly,0.799331065913256,33,0.0493146530962096
urn:mavedb:00000114-a-1#748,NA,NA,p.Asp39His,0.835620058158796,29,0.0489816651272701
urn:mavedb:00000114-a-1#749,NA,NA,p.Asp39Ile,0.211790779214886,22,0.11443349367449
urn:mavedb:00000114-a-1#750,NA,NA,p.Asp39Lys,0.736502041062668,27,0.073783834261723
urn:mavedb:00000114-a-1#751,NA,NA,p.Asp39Leu,0.201607223590692,23,0.11502753706071
urn:mavedb:00000114-a-1#752,NA,NA,p.Asp39Met,0.397513130552242,30,0.0871244006202498
urn:mavedb:00000114-a-1#753,NA,NA,p.Asp39Asn,0.932499375395235,22,0.0895295093663849
urn:mavedb:00000114-a-1#754,NA,NA,p.Asp39Pro,0.444100506766123,19,0.0802964385596827
urn:mavedb:00000114-a-1#755,NA,NA,p.Asp39Gln,0.892683588445001,30,0.0348603027389848
urn:mavedb:00000114-a-1#756,NA,NA,p.Asp39Arg,0.629905210986907,33,0.0629677473948727
urn:mavedb:00000114-a-1#757,NA,NA,p.Asp39Ser,0.881004835786062,21,0.0688444060497757
urn:mavedb:00000114-a-1#758,NA,NA,p.Asp39Thr,0.818862186903901,13,0.0561646086651107
urn:mavedb:00000114-a-1#759,NA,NA,p.Asp39Val,0.334011282507626,24,0.0893390053975826
urn:mavedb:00000114-a-1#760,NA,NA,p.Asp39Trp,0.643610109510217,28,0.094665100124223
urn:mavedb:00000114-a-1#761,NA,NA,p.Asp39Tyr,0.502075959408698,30,0.0725084686058053
urn:mavedb:00000114-a-1#762,NA,NA,p.Gln40Ter,-0.0079714378315861,41,0.0316808212170975
urn:mavedb:00000114-a-1#763,NA,NA,p.Gln40Ala,0.892062449598971,28,0.0394530333004983
urn:mavedb:00000114-a-1#764,NA,NA,p.Gln40Cys,0.856593203264208,28,0.0527804495290824
urn:mavedb:00000114-a-1#765,NA,NA,p.Gln40Asp,1.06548468322371,34,0.0505354097425513
urn:mavedb:00000114-a-1#766,NA,NA,p.Gln40Glu,1.07793484760672,21,0.0682131798317852
urn:mavedb:00000114-a-1#767,NA,NA,p.Gln40Phe,0.705383616886697,43,0.0547308991200165
urn:mavedb:00000114-a-1#768,NA,NA,p.Gln40Gly,0.960822400229133,37,0.0480017317830999
urn:mavedb:00000114-a-1#769,NA,NA,p.Gln40His,0.904543768932259,33,0.0477646548561273
urn:mavedb:00000114-a-1#770,NA,NA,p.Gln40Ile,0.640804480309809,32,0.0606324141264456
urn:mavedb:00000114-a-1#771,NA,NA,p.Gln40Lys,0.6635419366122,39,0.088349674347467
urn:mavedb:00000114-a-1#772,NA,NA,p.Gln40Leu,0.813243061603506,29,0.0678140394415448
urn:mavedb:00000114-a-1#773,NA,NA,p.Gln40Met,0.924280073139277,37,0.0517472043882862
urn:mavedb:00000114-a-1#774,NA,NA,p.Gln40Asn,0.928240911473107,34,0.0440183092646503
urn:mavedb:00000114-a-1#775,NA,NA,p.Gln40Pro,0.233491945841727,28,0.103995356727572
urn:mavedb:00000114-a-1#776,NA,NA,p.Gln40Arg,0.795644320187883,37,0.0342545371031561
urn:mavedb:00000114-a-1#777,NA,NA,p.Gln40Ser,0.98695667425828,34,0.0531132688946296
urn:mavedb:00000114-a-1#778,NA,NA,p.Gln40Thr,0.999541846562351,38,0.0603961597379674
urn:mavedb:00000114-a-1#779,NA,NA,p.Gln40Val,0.667880267866984,42,0.0675602847443577
urn:mavedb:00000114-a-1#780,NA,NA,p.Gln40Trp,0.681259563333334,21,0.0686392365381988
urn:mavedb:00000114-a-1#781,NA,NA,p.Gln40Tyr,0.772286915120499,32,0.0574491007872871
urn:mavedb:00000114-a-1#782,NA,NA,p.Leu41Ter,0.0092777507413604,27,0.0544116741948591
urn:mavedb:00000114-a-1#783,NA,NA,p.Leu41Ala,-0.0276652725224454,25,0.0102330859336907
urn:mavedb:00000114-a-1#784,NA,NA,p.Leu41Cys,0.406796490978699,26,0.0573333681046806
urn:mavedb:00000114-a-1#785,NA,NA,p.Leu41Asp,-0.0292456284346424,20,0.0178729558219499
urn:mavedb:00000114-a-1#786,NA,NA,p.Leu41Glu,-0.0228180951772284,25,0.0223721109451697
urn:mavedb:00000114-a-1#787,NA,NA,p.Leu41Phe,0.462386452931576,24,0.0649893059142447
urn:mavedb:00000114-a-1#788,NA,NA,p.Leu41Gly,-0.0204013743290032,35,0.0199120156941624
urn:mavedb:00000114-a-1#789,NA,NA,p.Leu41His,-0.0213614010221456,12,0.0221842791123935
urn:mavedb:00000114-a-1#790,NA,NA,p.Leu41Ile,0.307044471066201,28,0.0930532294741283
urn:mavedb:00000114-a-1#791,NA,NA,p.Leu41Lys,-0.0231270889944556,27,0.0157755716985111
urn:mavedb:00000114-a-1#792,NA,NA,p.Leu41Met,0.772267560088871,32,0.0385838717745514
urn:mavedb:00000114-a-1#793,NA,NA,p.Leu41Asn,-0.0227326914869447,24,0.035763439611087
urn:mavedb:00000114-a-1#794,NA,NA,p.Leu41Pro,-0.0219349341631243,31,0.0125094022951429
urn:mavedb:00000114-a-1#795,NA,NA,p.Leu41Gln,0.408840670926493,30,0.0784438654158323
urn:mavedb:00000114-a-1#796,NA,NA,p.Leu41Arg,-0.0260514099274489,20,0.0203122592519612
urn:mavedb:00000114-a-1#797,NA,NA,p.Leu41Ser,-0.0165241459579137,36,0.0244406050452576
urn:mavedb:00000114-a-1#798,NA,NA,p.Leu41Thr,-0.0263213393751862,23,0.0141079561057653
urn:mavedb:00000114-a-1#799,NA,NA,p.Leu41Val,-0.0175557379039395,28,0.0132492435374533
urn:mavedb:00000114-a-1#800,NA,NA,p.Leu41Trp,-0.0174212845314028,46,0.0216501071881135
urn:mavedb:00000114-a-1#801,NA,NA,p.Leu41Tyr,0.0166663271343819,34,0.0353257625297549
urn:mavedb:00000114-a-1#802,NA,NA,p.Arg42Ter,0.0045629706536328,31,0.0582954674913774
urn:mavedb:00000114-a-1#803,NA,NA,p.Arg42Ala,1.056053936209,10,0.0576393403449463
urn:mavedb:00000114-a-1#804,NA,NA,p.Arg42Cys,1.02017505639924,24,0.0679658538416234
urn:mavedb:00000114-a-1#805,NA,NA,p.Arg42Asp,0.849525384093367,19,0.0596749217086112
urn:mavedb:00000114-a-1#806,NA,NA,p.Arg42Glu,0.792436708311446,18,0.0784406596853523
urn:mavedb:00000114-a-1#807,NA,NA,p.Arg42Phe,0.314919365343019,35,0.112601909382842
urn:mavedb:00000114-a-1#808,NA,NA,p.Arg42Gly,0.637561159681396,17,0.0860642130104355
urn:mavedb:00000114-a-1#809,NA,NA,p.Arg42His,0.919175814922868,26,0.0533568477163286
urn:mavedb:00000114-a-1#810,NA,NA,p.Arg42Ile,0.97005756926372,41,0.0518656265237455
urn:mavedb:00000114-a-1#811,NA,NA,p.Arg42Lys,0.901809800102029,41,0.0496094903949205
urn:mavedb:00000114-a-1#812,NA,NA,p.Arg42Leu,0.790880531314842,16,0.115976463160853
urn:mavedb:00000114-a-1#813,NA,NA,p.Arg42Met,0.948393895203446,36,0.0617844035148644
urn:mavedb:00000114-a-1#814,NA,NA,p.Arg42Asn,0.568716578380767,46,0.0713293328036751
urn:mavedb:00000114-a-1#815,NA,NA,p.Arg42Pro,-0.0208111864129388,41,0.0118516658312768
urn:mavedb:00000114-a-1#816,NA,NA,p.Arg42Gln,0.93440026457769,36,0.0646250734553832
urn:mavedb:00000114-a-1#817,NA,NA,p.Arg42Ser,1.03172988680261,41,0.042709368244974
urn:mavedb:00000114-a-1#818,NA,NA,p.Arg42Thr,1.00541717949685,29,0.0440152025069721
urn:mavedb:00000114-a-1#819,NA,NA,p.Arg42Val,1.01362159987816,25,0.0396015923833353
urn:mavedb:00000114-a-1#820,NA,NA,p.Arg42Trp,0.0889349242909206,37,0.0653477961658791
urn:mavedb:00000114-a-1#821,NA,NA,p.Arg42Tyr,0.498841840901298,44,0.0846127047676295
urn:mavedb:00000114-a-1#822,NA,NA,p.Val43Ter,0.0415575549501049,33,0.128491773069314
urn:mavedb:00000114-a-1#823,NA,NA,p.Val43Ala,0.992978256004432,16,0.0749283768249513
urn:mavedb:00000114-a-1#824,NA,NA,p.Val43Cys,1.04588283723259,21,0.0665476281088254
urn:mavedb:00000114-a-1#825,NA,NA,p.Val43Asp,-0.0258221734199999,31,0.016895393313413
urn:mavedb:00000114-a-1#826,NA,NA,p.Val43Glu,-0.015812208934011,25,0.027787843983573
urn:mavedb:00000114-a-1#827,NA,NA,p.Val43Phe,0.420494443502389,15,0.0771907734354629
urn:mavedb:00000114-a-1#828,NA,NA,p.Val43Gly,-0.019857368112659,31,0.0207344292260156
urn:mavedb:00000114-a-1#829,NA,NA,p.Val43His,-0.0212357445881501,21,0.0241931051222576
urn:mavedb:00000114-a-1#830,NA,NA,p.Val43Ile,0.672229626748222,20,0.0652350056668029
urn:mavedb:00000114-a-1#831,NA,NA,p.Val43Lys,-0.0301662335024087,27,0.0148342575286745
urn:mavedb:00000114-a-1#832,NA,NA,p.Val43Leu,0.794220198827309,22,0.0437562099573921
urn:mavedb:00000114-a-1#833,NA,NA,p.Val43Met,0.590233744339187,27,0.0545506882859643
urn:mavedb:00000114-a-1#834,NA,NA,p.Val43Asn,-0.0140356220188644,21,0.0299946317920543
urn:mavedb:00000114-a-1#835,NA,NA,p.Val43Pro,-0.0258202947733884,16,0.0199203626873206
urn:mavedb:00000114-a-1#836,NA,NA,p.Val43Gln,-0.0179765594612969,38,0.0291951911710615
urn:mavedb:00000114-a-1#837,NA,NA,p.Val43Arg,-0.0191197583095786,28,0.0326736380880158
urn:mavedb:00000114-a-1#838,NA,NA,p.Val43Ser,-0.02544125430797,21,0.0151280264964826
urn:mavedb:00000114-a-1#839,NA,NA,p.Val43Thr,0.290034294689786,29,0.0782801870381191
urn:mavedb:00000114-a-1#840,NA,NA,p.Val43Trp,-0.0296862857240709,22,0.0098186358727718
urn:mavedb:00000114-a-1#841,NA,NA,p.Val43Tyr,-0.0238008419224295,29,0.0184476779748405
urn:mavedb:00000114-a-1#842,NA,NA,p.Ile44Ter,0.0277629912960549,26,0.0996042811861947
urn:mavedb:00000114-a-1#843,NA,NA,p.Ile44Ala,0.352995238448513,26,0.0718955565821131
urn:mavedb:00000114-a-1#844,NA,NA,p.Ile44Cys,0.793428095606855,26,0.04037893249789
urn:mavedb:00000114-a-1#845,NA,NA,p.Ile44Asp,-0.0230308397988679,21,0.0134588154456863
urn:mavedb:00000114-a-1#846,NA,NA,p.Ile44Glu,0.332004565682678,29,0.105742047096969
urn:mavedb:00000114-a-1#847,NA,NA,p.Ile44Phe,0.732985539289165,28,0.0657522931858857
urn:mavedb:00000114-a-1#848,NA,NA,p.Ile44Gly,-0.015663644631127,12,0.0249153223184806
urn:mavedb:00000114-a-1#849,NA,NA,p.Ile44His,0.291373532814921,24,0.103256591349341
urn:mavedb:00000114-a-1#850,NA,NA,p.Ile44Lys,-0.0208410098249907,20,0.0173320604869225
urn:mavedb:00000114-a-1#851,NA,NA,p.Ile44Leu,0.859608608805759,15,0.0890434856270176
urn:mavedb:00000114-a-1#852,NA,NA,p.Ile44Met,0.857460067175808,17,0.0590088148117456
urn:mavedb:00000114-a-1#853,NA,NA,p.Ile44Asn,0.0160129677689459,29,0.0338017118417893
urn:mavedb:00000114-a-1#854,NA,NA,p.Ile44Pro,-0.0233676427985925,29,0.014972843239175
urn:mavedb:00000114-a-1#855,NA,NA,p.Ile44Gln,0.110707493385125,23,0.0745383715162494
urn:mavedb:00000114-a-1#856,NA,NA,p.Ile44Arg,-0.0153932341417764,32,0.0207881139340906
urn:mavedb:00000114-a-1#857,NA,NA,p.Ile44Ser,0.358784277129751,19,0.0967719627553629
urn:mavedb:00000114-a-1#858,NA,NA,p.Ile44Thr,0.470228208809644,23,0.0813164220580313
urn:mavedb:00000114-a-1#859,NA,NA,p.Ile44Val,1.03088381491163,30,0.0623009200411486
urn:mavedb:00000114-a-1#860,NA,NA,p.Ile44Trp,0.751064587015511,33,0.0563363039149599
urn:mavedb:00000114-a-1#861,NA,NA,p.Ile44Tyr,0.709701056745709,21,0.0847414989755502
urn:mavedb:00000114-a-1#862,NA,NA,p.Phe45Ter,0.0117630415073906,24,0.0610997261431395
urn:mavedb:00000114-a-1#863,NA,NA,p.Phe45Ala,1.01332822389478,24,0.0394652180470648
urn:mavedb:00000114-a-1#864,NA,NA,p.Phe45Cys,0.975473920657936,24,0.0521037583486114
urn:mavedb:00000114-a-1#865,NA,NA,p.Phe45Asp,-0.014068373261323,21,0.0195968651569152
urn:mavedb:00000114-a-1#866,NA,NA,p.Phe45Glu,0.0319230907965812,20,0.0485530048155236
urn:mavedb:00000114-a-1#867,NA,NA,p.Phe45Gly,0.861157330790526,6,0.101647504915668
urn:mavedb:00000114-a-1#868,NA,NA,p.Phe45His,1.02303565311369,14,0.0624614513315909
urn:mavedb:00000114-a-1#869,NA,NA,p.Phe45Ile,0.648553734392494,25,0.0563151267840055
urn:mavedb:00000114-a-1#870,NA,NA,p.Phe45Lys,0.881141159495569,14,0.0832212490072411
urn:mavedb:00000114-a-1#871,NA,NA,p.Phe45Leu,0.892011451325369,8,0.0854880328086333
urn:mavedb:00000114-a-1#872,NA,NA,p.Phe45Met,0.72937538554714,15,0.0848565942550381
urn:mavedb:00000114-a-1#873,NA,NA,p.Phe45Asn,0.808603493598777,16,0.0467713673206761
urn:mavedb:00000114-a-1#874,NA,NA,p.Phe45Pro,-0.0267424827840661,20,0.0159163024104369
urn:mavedb:00000114-a-1#875,NA,NA,p.Phe45Gln,0.840719149197695,17,0.0510689453647831
urn:mavedb:00000114-a-1#876,NA,NA,p.Phe45Arg,0.754015210571469,21,0.0620830796136757
urn:mavedb:00000114-a-1#877,NA,NA,p.Phe45Ser,NA,1,NA
urn:mavedb:00000114-a-1#878,NA,NA,p.Phe45Thr,0.676237646131807,18,0.0767995332534657
urn:mavedb:00000114-a-1#879,NA,NA,p.Phe45Val,1.02711914864768,5,0.0979897892874752
urn:mavedb:00000114-a-1#880,NA,NA,p.Phe45Trp,0.733510118932049,18,0.0496902228194613
urn:mavedb:00000114-a-1#881,NA,NA,p.Phe45Tyr,1.0110578233443,15,0.116108920114898
urn:mavedb:00000114-a-1#882,NA,NA,p.Ala46Ter,-0.0148457024690095,18,0.0224925197015186
urn:mavedb:00000114-a-1#883,NA,NA,p.Ala46Cys,0.979798294160168,21,0.0854923742635733
urn:mavedb:00000114-a-1#884,NA,NA,p.Ala46Asp,0.955952864032293,14,0.0891647495214933
urn:mavedb:00000114-a-1#885,NA,NA,p.Ala46Glu,1.01754981872848,28,0.0360300512097314
urn:mavedb:00000114-a-1#886,NA,NA,p.Ala46Phe,0.41967823758833,15,0.0940083963168458
urn:mavedb:00000114-a-1#887,NA,NA,p.Ala46Gly,0.971894846816399,20,0.0417997474900293
urn:mavedb:00000114-a-1#888,NA,NA,p.Ala46His,1.03205689801828,17,0.0678501914496987
urn:mavedb:00000114-a-1#889,NA,NA,p.Ala46Ile,0.0073277099430476,12,0.0559866598209618
urn:mavedb:00000114-a-1#890,NA,NA,p.Ala46Lys,1.0268940687456,21,0.0422952822548839
urn:mavedb:00000114-a-1#891,NA,NA,p.Ala46Leu,0.892751337160787,16,0.0637790942427648
urn:mavedb:00000114-a-1#892,NA,NA,p.Ala46Met,1.03218614771127,15,0.0646978181753425
urn:mavedb:00000114-a-1#893,NA,NA,p.Ala46Asn,1.04480425278801,15,0.0991638491692059
urn:mavedb:00000114-a-1#894,NA,NA,p.Ala46Pro,-0.0290161274623125,15,0.0156294344408127
urn:mavedb:00000114-a-1#895,NA,NA,p.Ala46Gln,1.12693736564156,7,0.12849551356829
urn:mavedb:00000114-a-1#896,NA,NA,p.Ala46Arg,1.06845547524861,16,0.0620557161330979
urn:mavedb:00000114-a-1#897,NA,NA,p.Ala46Ser,0.936471302038697,18,0.0513135503972524
urn:mavedb:00000114-a-1#898,NA,NA,p.Ala46Thr,0.646604139791328,12,0.0432862577584076
urn:mavedb:00000114-a-1#899,NA,NA,p.Ala46Val,0.188128557680015,27,0.0829038698278068
urn:mavedb:00000114-a-1#900,NA,NA,p.Ala46Trp,0.62453663370133,11,0.106713750411899
urn:mavedb:00000114-a-1#901,NA,NA,p.Ala46Tyr,0.619144664874643,15,0.0985338598266172
urn:mavedb:00000114-a-1#902,NA,NA,p.Gly47Ter,-0.0102271198911246,17,0.02487404345931
urn:mavedb:00000114-a-1#903,NA,NA,p.Gly47Ala,-0.0121868286258951,6,0.0317357869022193
urn:mavedb:00000114-a-1#904,NA,NA,p.Gly47Cys,0.262935856874624,9,0.108131505019013
urn:mavedb:00000114-a-1#905,NA,NA,p.Gly47Asp,0.588754604221513,7,0.0983604770006941
urn:mavedb:00000114-a-1#906,NA,NA,p.Gly47Glu,0.0363505549428523,7,0.0532157214342239
urn:mavedb:00000114-a-1#907,NA,NA,p.Gly47Phe,0.196382488339221,14,0.0961475951533032
urn:mavedb:00000114-a-1#908,NA,NA,p.Gly47His,0.191374106916311,9,0.0716966706942915
urn:mavedb:00000114-a-1#909,NA,NA,p.Gly47Ile,-0.0268358528833183,12,0.0254376295384516
urn:mavedb:00000114-a-1#910,NA,NA,p.Gly47Lys,-0.0332842409413474,11,0.0153501705723552
urn:mavedb:00000114-a-1#911,NA,NA,p.Gly47Leu,0.73594913262854,13,0.0537360599334193
urn:mavedb:00000114-a-1#912,NA,NA,p.Gly47Met,0.973644856340796,8,0.101835703799113
urn:mavedb:00000114-a-1#913,NA,NA,p.Gly47Asn,0.671861332244903,15,0.0603318529594079
urn:mavedb:00000114-a-1#914,NA,NA,p.Gly47Pro,-0.0306363311879807,10,0.0172904515068186
urn:mavedb:00000114-a-1#915,NA,NA,p.Gly47Gln,0.188811360002077,3,0.121581072471296
urn:mavedb:00000114-a-1#916,NA,NA,p.Gly47Arg,-0.0217781928687486,9,0.0218961283054652
urn:mavedb:00000114-a-1#917,NA,NA,p.Gly47Ser,0.0712148258177156,12,0.0668255229121701
urn:mavedb:00000114-a-1#918,NA,NA,p.Gly47Thr,-0.0217391477802531,8,0.0203140935679102
urn:mavedb:00000114-a-1#919,NA,NA,p.Gly47Val,-0.0289003723783204,22,0.0127518779761915
urn:mavedb:00000114-a-1#920,NA,NA,p.Gly47Trp,-0.0198386917479233,17,0.0372655138095102
urn:mavedb:00000114-a-1#921,NA,NA,p.Gly47Tyr,0.391058919673381,11,0.0934775269905033
urn:mavedb:00000114-a-1#922,NA,NA,p.Lys48Ter,0.0316711928690744,27,0.0756640040044959
urn:mavedb:00000114-a-1#923,NA,NA,p.Lys48Ala,0.433104751668881,28,0.074667879809335
urn:mavedb:00000114-a-1#924,NA,NA,p.Lys48Cys,0.435823816609053,22,0.0689657936150655
urn:mavedb:00000114-a-1#925,NA,NA,p.Lys48Asp,-0.0051555983189571,23,0.0323951607128625
urn:mavedb:00000114-a-1#926,NA,NA,p.Lys48Glu,0.38680411664716,27,0.0783396572562052
urn:mavedb:00000114-a-1#927,NA,NA,p.Lys48Phe,0.0379409284367034,22,0.0516070298668149
urn:mavedb:00000114-a-1#928,NA,NA,p.Lys48Gly,0.135231286521894,13,0.0855588189084328
urn:mavedb:00000114-a-1#929,NA,NA,p.Lys48His,0.814424506663177,20,0.0624719038481262
urn:mavedb:00000114-a-1#930,NA,NA,p.Lys48Ile,0.337363965321545,25,0.0903351888766126
urn:mavedb:00000114-a-1#931,NA,NA,p.Lys48Leu,0.320031956753436,25,0.09004781171628
urn:mavedb:00000114-a-1#932,NA,NA,p.Lys48Met,0.557449564583533,26,0.092216444996752
urn:mavedb:00000114-a-1#933,NA,NA,p.Lys48Asn,0.536225117430819,23,0.0494840850480946
urn:mavedb:00000114-a-1#934,NA,NA,p.Lys48Pro,-0.026722116198322,21,0.0101740324035917
urn:mavedb:00000114-a-1#935,NA,NA,p.Lys48Gln,0.829476781695805,17,0.0755681102896816
urn:mavedb:00000114-a-1#936,NA,NA,p.Lys48Arg,1.01376244520907,28,0.0624084014791384
urn:mavedb:00000114-a-1#937,NA,NA,p.Lys48Ser,0.420218924302504,24,0.0743780555603274
urn:mavedb:00000114-a-1#938,NA,NA,p.Lys48Thr,0.618055427393527,18,0.0466761327479251
urn:mavedb:00000114-a-1#939,NA,NA,p.Lys48Val,0.542468235056944,22,0.0759181129125696
urn:mavedb:00000114-a-1#940,NA,NA,p.Lys48Trp,-0.0302504112071427,23,0.0140421881710728
urn:mavedb:00000114-a-1#941,NA,NA,p.Lys48Tyr,0.2105205031407,28,0.0935493357009237
urn:mavedb:00000114-a-1#942,NA,NA,p.Glu49Ter,-0.0150819329082774,16,0.0217203099533972
urn:mavedb:00000114-a-1#943,NA,NA,p.Glu49Ala,-0.0041583239805344,12,0.0243182671522897
urn:mavedb:00000114-a-1#944,NA,NA,p.Glu49Cys,0.0245428520138294,18,0.0420923725004597
urn:mavedb:00000114-a-1#945,NA,NA,p.Glu49Asp,0.361145123914256,18,0.0881558307349368
urn:mavedb:00000114-a-1#946,NA,NA,p.Glu49Phe,-0.024014394581739,16,0.0239924112611688
urn:mavedb:00000114-a-1#947,NA,NA,p.Glu49Gly,-0.0245482304395863,16,0.0154806589603228
urn:mavedb:00000114-a-1#948,NA,NA,p.Glu49His,0.0012251272144819,18,0.0243822520053327
urn:mavedb:00000114-a-1#949,NA,NA,p.Glu49Ile,0.492424654310621,13,0.0759798059890279
urn:mavedb:00000114-a-1#950,NA,NA,p.Glu49Lys,-0.0059252191435048,14,0.0241811843300557
urn:mavedb:00000114-a-1#951,NA,NA,p.Glu49Leu,0.209066291325764,15,0.0748981575160758
urn:mavedb:00000114-a-1#952,NA,NA,p.Glu49Met,-0.0086226864021923,10,0.0293145080514005
urn:mavedb:00000114-a-1#953,NA,NA,p.Glu49Asn,-0.0122682507317484,21,0.0268025710118296
urn:mavedb:00000114-a-1#954,NA,NA,p.Glu49Pro,0.14523791167274,12,0.106699339577862
urn:mavedb:00000114-a-1#955,NA,NA,p.Glu49Gln,0.333434509297138,14,0.0986197691853444
urn:mavedb:00000114-a-1#956,NA,NA,p.Glu49Arg,-0.0287945125022204,13,0.017353763588791
urn:mavedb:00000114-a-1#957,NA,NA,p.Glu49Ser,-0.0171499012090259,15,0.0268628556431795
urn:mavedb:00000114-a-1#958,NA,NA,p.Glu49Thr,0.0847775539430783,13,0.0794605405548062
urn:mavedb:00000114-a-1#959,NA,NA,p.Glu49Val,0.324541820905684,20,0.108621407533876
urn:mavedb:00000114-a-1#960,NA,NA,p.Glu49Trp,-0.0207008521480247,16,0.0276235285081312
urn:mavedb:00000114-a-1#961,NA,NA,p.Glu49Tyr,-0.0176286316738453,13,0.0249866001554943
urn:mavedb:00000114-a-1#962,NA,NA,p.Leu50Ter,0.0202641837133236,29,0.0674347137280621
urn:mavedb:00000114-a-1#963,NA,NA,p.Leu50Ala,0.224610722704754,27,0.0913819412406168
urn:mavedb:00000114-a-1#964,NA,NA,p.Leu50Cys,0.533436433840017,22,0.0642233632532311
urn:mavedb:00000114-a-1#965,NA,NA,p.Leu50Asp,-0.0215879557132472,30,0.0172947492177332
urn:mavedb:00000114-a-1#966,NA,NA,p.Leu50Glu,-0.0194827246193722,28,0.0187818275307127
urn:mavedb:00000114-a-1#967,NA,NA,p.Leu50Phe,-0.0148668732735557,25,0.0203168402083977
urn:mavedb:00000114-a-1#968,NA,NA,p.Leu50Gly,-0.0194536776874522,25,0.038624586841091
urn:mavedb:00000114-a-1#969,NA,NA,p.Leu50His,-0.023186698258786,31,0.0131063829675522
urn:mavedb:00000114-a-1#970,NA,NA,p.Leu50Ile,0.053294911853644,22,0.0517271043725414
urn:mavedb:00000114-a-1#971,NA,NA,p.Leu50Lys,-0.0234645805030414,19,0.0178136099258506
urn:mavedb:00000114-a-1#972,NA,NA,p.Leu50Met,0.732333059487182,32,0.0435055432590452
urn:mavedb:00000114-a-1#973,NA,NA,p.Leu50Asn,-0.0241738655789331,24,0.0214330086204575
urn:mavedb:00000114-a-1#974,NA,NA,p.Leu50Pro,-0.0246798678181929,27,0.0146303245902554
urn:mavedb:00000114-a-1#975,NA,NA,p.Leu50Gln,0.202662236086227,26,0.0876257558391786
urn:mavedb:00000114-a-1#976,NA,NA,p.Leu50Arg,-0.0171951429054589,27,0.0126919422417041
urn:mavedb:00000114-a-1#977,NA,NA,p.Leu50Ser,-0.0217065687154936,29,0.01114718710139
urn:mavedb:00000114-a-1#978,NA,NA,p.Leu50Thr,-0.0284864611067951,26,0.0141490597311581
urn:mavedb:00000114-a-1#979,NA,NA,p.Leu50Val,0.0727374881462549,26,0.0481433810669948
urn:mavedb:00000114-a-1#980,NA,NA,p.Leu50Trp,-0.0060012684718062,29,0.0178395933396222
urn:mavedb:00000114-a-1#981,NA,NA,p.Leu50Tyr,-0.015396494258089,23,0.0291044129710891
urn:mavedb:00000114-a-1#982,NA,NA,p.Arg51Ter,-0.0114362343498475,36,0.0233006769105089
urn:mavedb:00000114-a-1#983,NA,NA,p.Arg51Ala,0.979697267928947,14,0.0625611516944571
urn:mavedb:00000114-a-1#984,NA,NA,p.Arg51Cys,0.925014234541264,22,0.0669387639580475
urn:mavedb:00000114-a-1#985,NA,NA,p.Arg51Asp,0.947155982767587,27,0.0863683219400764
urn:mavedb:00000114-a-1#986,NA,NA,p.Arg51Glu,0.974634985917076,24,0.0390680945806446
urn:mavedb:00000114-a-1#987,NA,NA,p.Arg51Phe,0.926254624112559,30,0.0476344034909774
urn:mavedb:00000114-a-1#988,NA,NA,p.Arg51Gly,0.660720362350512,22,0.0630568167536237
urn:mavedb:00000114-a-1#989,NA,NA,p.Arg51His,1.06190534092217,21,0.0730273534153614
urn:mavedb:00000114-a-1#990,NA,NA,p.Arg51Ile,0.719026733048246,20,0.0527562570354005
urn:mavedb:00000114-a-1#991,NA,NA,p.Arg51Lys,1.03904868148587,22,0.0589868674515042
urn:mavedb:00000114-a-1#992,NA,NA,p.Arg51Leu,1.00943376059922,19,0.0660734951926414
urn:mavedb:00000114-a-1#993,NA,NA,p.Arg51Met,1.04228271999844,34,0.0618793220971966
urn:mavedb:00000114-a-1#994,NA,NA,p.Arg51Asn,0.967825626429234,22,0.0441650391346301
urn:mavedb:00000114-a-1#995,NA,NA,p.Arg51Pro,0.971717656827431,11,0.111203115170847
urn:mavedb:00000114-a-1#996,NA,NA,p.Arg51Gln,1.06822591707118,18,0.0571084033706607
urn:mavedb:00000114-a-1#997,NA,NA,p.Arg51Ser,0.898570289524081,23,0.0814136050200436
urn:mavedb:00000114-a-1#998,NA,NA,p.Arg51Thr,0.591878968890768,18,0.0527706691713069
urn:mavedb:00000114-a-1#999,NA,NA,p.Arg51Val,0.679705207292095,25,0.0458314429236578
urn:mavedb:00000114-a-1#1000,NA,NA,p.Arg51Trp,0.6039749575118,21,0.0839632637814863
urn:mavedb:00000114-a-1#1001,NA,NA,p.Arg51Tyr,0.885146734597779,23,0.0568415730792001
urn:mavedb:00000114-a-1#1002,NA,NA,p.Asn52Ter,0.0548114852846626,27,0.145403415042969
urn:mavedb:00000114-a-1#1003,NA,NA,p.Asn52Ala,0.637727783662268,32,0.0499409955190453
urn:mavedb:00000114-a-1#1004,NA,NA,p.Asn52Cys,0.309112807962439,27,0.0817330215866372
urn:mavedb:00000114-a-1#1005,NA,NA,p.Asn52Asp,1.04545813953189,25,0.0466428202592013
urn:mavedb:00000114-a-1#1006,NA,NA,p.Asn52Glu,0.982654866563613,31,0.0381995881623245
urn:mavedb:00000114-a-1#1007,NA,NA,p.Asn52Phe,-0.0291383468344559,38,0.011744426809663
urn:mavedb:00000114-a-1#1008,NA,NA,p.Asn52Gly,0.775732354668804,27,0.0653754765091422
urn:mavedb:00000114-a-1#1009,NA,NA,p.Asn52His,0.35424939293664,21,0.0757981692303981
urn:mavedb:00000114-a-1#1010,NA,NA,p.Asn52Ile,-0.0282019479832223,25,0.024270078149772
urn:mavedb:00000114-a-1#1011,NA,NA,p.Asn52Lys,-0.0094908689100963,23,0.0278756033474869
urn:mavedb:00000114-a-1#1012,NA,NA,p.Asn52Leu,-0.0233967140470919,39,0.0118801430532267
urn:mavedb:00000114-a-1#1013,NA,NA,p.Asn52Met,0.0110142711221277,32,0.0399581161925559
urn:mavedb:00000114-a-1#1014,NA,NA,p.Asn52Pro,0.786082606701732,26,0.0594188074625832
urn:mavedb:00000114-a-1#1015,NA,NA,p.Asn52Gln,0.577711141975171,26,0.0762270070309285
urn:mavedb:00000114-a-1#1016,NA,NA,p.Asn52Arg,-0.0215269607588385,36,0.0163632532817806
urn:mavedb:00000114-a-1#1017,NA,NA,p.Asn52Ser,0.835766693501426,26,0.0567429158141585
urn:mavedb:00000114-a-1#1018,NA,NA,p.Asn52Thr,0.163003191788123,16,0.085699551299392
urn:mavedb:00000114-a-1#1019,NA,NA,p.Asn52Val,-0.028569864056971,20,0.0163376885767369
urn:mavedb:00000114-a-1#1020,NA,NA,p.Asn52Trp,-0.0124053679241864,33,0.0225505400319844
urn:mavedb:00000114-a-1#1021,NA,NA,p.Asn52Tyr,-0.0183448502534595,24,0.0170595936248213
urn:mavedb:00000114-a-1#1022,NA,NA,p.Asp53Ter,-0.0118091011268459,29,0.0421492506151481
urn:mavedb:00000114-a-1#1023,NA,NA,p.Asp53Ala,0.728035677351144,24,0.0646990948383984
urn:mavedb:00000114-a-1#1024,NA,NA,p.Asp53Cys,0.745535970598946,24,0.0389230005836197
urn:mavedb:00000114-a-1#1025,NA,NA,p.Asp53Glu,1.04803925307263,28,0.0667644499318148
urn:mavedb:00000114-a-1#1026,NA,NA,p.Asp53Phe,0.286727117584913,24,0.0848660499890417
urn:mavedb:00000114-a-1#1027,NA,NA,p.Asp53Gly,0.628947273543874,27,0.0494040457585986
urn:mavedb:00000114-a-1#1028,NA,NA,p.Asp53His,0.967183452024764,32,0.0479442906824425
urn:mavedb:00000114-a-1#1029,NA,NA,p.Asp53Ile,0.126568580492029,31,0.0745158014346871
urn:mavedb:00000114-a-1#1030,NA,NA,p.Asp53Lys,0.44235792859307,33,0.0740341787020686
urn:mavedb:00000114-a-1#1031,NA,NA,p.Asp53Leu,0.14852461108932,28,0.0793323901207841
urn:mavedb:00000114-a-1#1032,NA,NA,p.Asp53Met,0.380131336712544,32,0.0806336958579694
urn:mavedb:00000114-a-1#1033,NA,NA,p.Asp53Asn,0.962578785724245,31,0.0584156646644508
urn:mavedb:00000114-a-1#1034,NA,NA,p.Asp53Pro,0.449691540151341,26,0.085140438015745
urn:mavedb:00000114-a-1#1035,NA,NA,p.Asp53Gln,0.855149227515981,37,0.0485195994159901
urn:mavedb:00000114-a-1#1036,NA,NA,p.Asp53Arg,0.407961871530262,29,0.072410582733452
urn:mavedb:00000114-a-1#1037,NA,NA,p.Asp53Ser,0.930471541606105,23,0.0575648549005498
urn:mavedb:00000114-a-1#1038,NA,NA,p.Asp53Thr,0.805123638266765,37,0.050519714191886
urn:mavedb:00000114-a-1#1039,NA,NA,p.Asp53Val,0.22742925597364,35,0.0763751452167313
urn:mavedb:00000114-a-1#1040,NA,NA,p.Asp53Trp,0.562282877675434,33,0.0697980501544386
urn:mavedb:00000114-a-1#1041,NA,NA,p.Asp53Tyr,0.534932024327318,27,0.0734416471523644
urn:mavedb:00000114-a-1#1042,NA,NA,p.Trp54Ter,-0.0107063099107509,33,0.0268266798544507
urn:mavedb:00000114-a-1#1043,NA,NA,p.Trp54Ala,1.01727011634115,28,0.0363545549328139
urn:mavedb:00000114-a-1#1044,NA,NA,p.Trp54Cys,0.916667613152728,33,0.0470660568156117
urn:mavedb:00000114-a-1#1045,NA,NA,p.Trp54Asp,1.00475046278815,29,0.0385425920383305
urn:mavedb:00000114-a-1#1046,NA,NA,p.Trp54Glu,0.985189990346746,34,0.0594311953142814
urn:mavedb:00000114-a-1#1047,NA,NA,p.Trp54Phe,0.809265261451885,24,0.0667142741299367
urn:mavedb:00000114-a-1#1048,NA,NA,p.Trp54Gly,0.577934377174774,42,0.0419151093297978
urn:mavedb:00000114-a-1#1049,NA,NA,p.Trp54His,0.835715917853717,28,0.0634247956088835
urn:mavedb:00000114-a-1#1050,NA,NA,p.Trp54Ile,0.742495135934762,32,0.0575051502599607
urn:mavedb:00000114-a-1#1051,NA,NA,p.Trp54Lys,0.834409937219449,38,0.0490636832752654
urn:mavedb:00000114-a-1#1052,NA,NA,p.Trp54Leu,0.986537382409034,40,0.0442936045441177
urn:mavedb:00000114-a-1#1053,NA,NA,p.Trp54Met,1.02198530983104,30,0.0405433025788301
urn:mavedb:00000114-a-1#1054,NA,NA,p.Trp54Asn,0.733574595825273,19,0.0574470104264629
urn:mavedb:00000114-a-1#1055,NA,NA,p.Trp54Pro,-0.0259473203991816,31,0.0091476175093693
urn:mavedb:00000114-a-1#1056,NA,NA,p.Trp54Gln,1.03143563659791,36,0.0494537196562866
urn:mavedb:00000114-a-1#1057,NA,NA,p.Trp54Arg,0.8480788580387,37,0.0492407539360145
urn:mavedb:00000114-a-1#1058,NA,NA,p.Trp54Ser,0.917465406481935,28,0.0613531368989505
urn:mavedb:00000114-a-1#1059,NA,NA,p.Trp54Thr,0.82107958927073,43,0.0468027950088465
urn:mavedb:00000114-a-1#1060,NA,NA,p.Trp54Val,0.854822369304255,52,0.0293389581487886
urn:mavedb:00000114-a-1#1061,NA,NA,p.Trp54Tyr,0.814658416630682,28,0.0349712238043873
urn:mavedb:00000114-a-1#1062,NA,NA,p.Thr55Ter,-0.0016744327778941,32,0.0414028885035795
urn:mavedb:00000114-a-1#1063,NA,NA,p.Thr55Ala,0.625903157489201,19,0.0726362051723155
urn:mavedb:00000114-a-1#1064,NA,NA,p.Thr55Cys,0.7561890797047,35,0.0526693520506706
urn:mavedb:00000114-a-1#1065,NA,NA,p.Thr55Asp,0.252616842163772,25,0.107260169795497
urn:mavedb:00000114-a-1#1066,NA,NA,p.Thr55Glu,0.548893137803268,21,0.0674045618072607
urn:mavedb:00000114-a-1#1067,NA,NA,p.Thr55Phe,0.601063051601834,32,0.0654926786362985
urn:mavedb:00000114-a-1#1068,NA,NA,p.Thr55Gly,0.195881188835388,33,0.0894297179046281
urn:mavedb:00000114-a-1#1069,NA,NA,p.Thr55His,0.626269000225656,28,0.0706837970751287
urn:mavedb:00000114-a-1#1070,NA,NA,p.Thr55Ile,0.94480602775466,25,0.062242827219262
urn:mavedb:00000114-a-1#1071,NA,NA,p.Thr55Lys,0.890576306897383,17,0.0652779452775517
urn:mavedb:00000114-a-1#1072,NA,NA,p.Thr55Leu,1.00885120962508,29,0.0460149138439819
urn:mavedb:00000114-a-1#1073,NA,NA,p.Thr55Met,0.856710229948988,17,0.0812277591678022
urn:mavedb:00000114-a-1#1074,NA,NA,p.Thr55Asn,0.770954599645246,23,0.051231128835781
urn:mavedb:00000114-a-1#1075,NA,NA,p.Thr55Pro,0.508400337843755,27,0.0593143028879716
urn:mavedb:00000114-a-1#1076,NA,NA,p.Thr55Gln,0.799343984304457,19,0.049995820469719
urn:mavedb:00000114-a-1#1077,NA,NA,p.Thr55Arg,0.854176896535033,24,0.0652151712903687
urn:mavedb:00000114-a-1#1078,NA,NA,p.Thr55Ser,0.916675148667912,23,0.0382709699914589
urn:mavedb:00000114-a-1#1079,NA,NA,p.Thr55Val,0.818438054963831,27,0.0625210544598992
urn:mavedb:00000114-a-1#1080,NA,NA,p.Thr55Trp,0.086643974815937,16,0.0699816690357034
urn:mavedb:00000114-a-1#1081,NA,NA,p.Thr55Tyr,0.559545514759349,24,0.0504417503150591
urn:mavedb:00000114-a-1#1082,NA,NA,p.Val56Ter,0.0372204993318932,38,0.106731985433308
urn:mavedb:00000114-a-1#1083,NA,NA,p.Val56Ala,0.57913908344648,26,0.0484572283232677
urn:mavedb:00000114-a-1#1084,NA,NA,p.Val56Cys,0.862496250837931,25,0.0669741064441809
urn:mavedb:00000114-a-1#1085,NA,NA,p.Val56Asp,-0.0237539601189242,22,0.0195107536712679
urn:mavedb:00000114-a-1#1086,NA,NA,p.Val56Glu,-0.0284002429410579,27,0.0136987895612176
urn:mavedb:00000114-a-1#1087,NA,NA,p.Val56Phe,0.659967553597664,22,0.0409956745404521
urn:mavedb:00000114-a-1#1088,NA,NA,p.Val56Gly,-0.0202466820096581,29,0.0151209302461007
urn:mavedb:00000114-a-1#1089,NA,NA,p.Val56His,-0.0181463644635295,19,0.0305603238408743
urn:mavedb:00000114-a-1#1090,NA,NA,p.Val56Ile,1.05530867546557,19,0.0521591127615261
urn:mavedb:00000114-a-1#1091,NA,NA,p.Val56Lys,-0.0199563226945928,27,0.013941795464801
urn:mavedb:00000114-a-1#1092,NA,NA,p.Val56Leu,1.00097279683725,26,0.0701092706475867
urn:mavedb:00000114-a-1#1093,NA,NA,p.Val56Met,1.01404700042,20,0.0637327666489217
urn:mavedb:00000114-a-1#1094,NA,NA,p.Val56Asn,-0.0247619621002663,29,0.0129783857410241
urn:mavedb:00000114-a-1#1095,NA,NA,p.Val56Pro,0.0827903249674248,37,0.0659311017445999
urn:mavedb:00000114-a-1#1096,NA,NA,p.Val56Gln,-0.0214613547833683,20,0.0140476924027852
urn:mavedb:00000114-a-1#1097,NA,NA,p.Val56Arg,-0.0229187564550347,21,0.0190901059163584
urn:mavedb:00000114-a-1#1098,NA,NA,p.Val56Ser,-0.0224537039623487,21,0.0273131149416655
urn:mavedb:00000114-a-1#1099,NA,NA,p.Val56Thr,0.288322622913056,25,0.0961913458094798
urn:mavedb:00000114-a-1#1100,NA,NA,p.Val56Trp,0.570109681738266,22,0.0456778454309245
urn:mavedb:00000114-a-1#1101,NA,NA,p.Val56Tyr,-0.0087671925502847,17,0.0365338132930637
urn:mavedb:00000114-a-1#1102,NA,NA,p.Gln57Ter,-0.0016467252162579,37,0.0295076697721463
urn:mavedb:00000114-a-1#1103,NA,NA,p.Gln57Ala,1.02396789850238,30,0.0454158680486095
urn:mavedb:00000114-a-1#1104,NA,NA,p.Gln57Cys,0.855159309411184,33,0.0448925519756594
urn:mavedb:00000114-a-1#1105,NA,NA,p.Gln57Asp,0.944546847952752,28,0.0660325295077739
urn:mavedb:00000114-a-1#1106,NA,NA,p.Gln57Glu,0.957510883434003,34,0.0395902708058737
urn:mavedb:00000114-a-1#1107,NA,NA,p.Gln57Phe,0.765076177508396,23,0.0555617614898018
urn:mavedb:00000114-a-1#1108,NA,NA,p.Gln57Gly,1.02631891732277,30,0.0650041657423574
urn:mavedb:00000114-a-1#1109,NA,NA,p.Gln57His,0.855339478645319,14,0.0576053871326502
urn:mavedb:00000114-a-1#1110,NA,NA,p.Gln57Ile,0.768235557704887,45,0.0433797114990325
urn:mavedb:00000114-a-1#1111,NA,NA,p.Gln57Lys,1.00331173981208,22,0.0423284398140108
urn:mavedb:00000114-a-1#1112,NA,NA,p.Gln57Leu,0.830222304669691,32,0.0653660565072952
urn:mavedb:00000114-a-1#1113,NA,NA,p.Gln57Met,0.909196593022792,26,0.0671921936619042
urn:mavedb:00000114-a-1#1114,NA,NA,p.Gln57Asn,0.927493191645468,24,0.0542259072681214
urn:mavedb:00000114-a-1#1115,NA,NA,p.Gln57Pro,0.450868946150204,23,0.0662639543226244
urn:mavedb:00000114-a-1#1116,NA,NA,p.Gln57Arg,1.01176433657254,26,0.087876931951847
urn:mavedb:00000114-a-1#1117,NA,NA,p.Gln57Ser,1.00419372593646,28,0.0505132262407115
urn:mavedb:00000114-a-1#1118,NA,NA,p.Gln57Thr,0.959433212383399,30,0.0457850479108498
urn:mavedb:00000114-a-1#1119,NA,NA,p.Gln57Val,0.769628608266606,36,0.0467233906230949
urn:mavedb:00000114-a-1#1120,NA,NA,p.Gln57Trp,0.647138947208745,31,0.0801070046475371
urn:mavedb:00000114-a-1#1121,NA,NA,p.Gln57Tyr,0.744201372034122,31,0.0665333071393278
urn:mavedb:00000114-a-1#1122,NA,NA,p.Asn58Ter,-0.0226090397338612,29,0.0236969594157989
urn:mavedb:00000114-a-1#1123,NA,NA,p.Asn58Ala,1.04025984983504,26,0.049014687876792
urn:mavedb:00000114-a-1#1124,NA,NA,p.Asn58Cys,0.871450585254606,30,0.0492607690832014
urn:mavedb:00000114-a-1#1125,NA,NA,p.Asn58Asp,1.06279698076765,16,0.0531131539007434
urn:mavedb:00000114-a-1#1126,NA,NA,p.Asn58Glu,1.07673361872866,29,0.0466994585053215
urn:mavedb:00000114-a-1#1127,NA,NA,p.Asn58Phe,0.977681255021237,22,0.062823046091561
urn:mavedb:00000114-a-1#1128,NA,NA,p.Asn58Gly,1.00114695537541,23,0.0639853268720828
urn:mavedb:00000114-a-1#1129,NA,NA,p.Asn58His,0.990922732963954,24,0.0556512205367228
urn:mavedb:00000114-a-1#1130,NA,NA,p.Asn58Ile,0.640378505162175,27,0.065810898022985
urn:mavedb:00000114-a-1#1131,NA,NA,p.Asn58Lys,1.01061115657086,28,0.041412375167758
urn:mavedb:00000114-a-1#1132,NA,NA,p.Asn58Leu,0.773641928502289,21,0.058311531762598
urn:mavedb:00000114-a-1#1133,NA,NA,p.Asn58Met,1.08797692025198,28,0.0451705411489013
urn:mavedb:00000114-a-1#1134,NA,NA,p.Asn58Pro,-0.0218898979708618,22,0.0219067691332596
urn:mavedb:00000114-a-1#1135,NA,NA,p.Asn58Gln,1.05810345162175,22,0.0671739942190867
urn:mavedb:00000114-a-1#1136,NA,NA,p.Asn58Arg,0.98671229537702,31,0.02875835344498
urn:mavedb:00000114-a-1#1137,NA,NA,p.Asn58Ser,1.01612343291769,24,0.0618738737378296
urn:mavedb:00000114-a-1#1138,NA,NA,p.Asn58Thr,0.943775788968606,19,0.0706068718730039
urn:mavedb:00000114-a-1#1139,NA,NA,p.Asn58Val,0.692835024649903,34,0.0469434232225929
urn:mavedb:00000114-a-1#1140,NA,NA,p.Asn58Trp,0.607595151261289,31,0.073352396078137
urn:mavedb:00000114-a-1#1141,NA,NA,p.Asn58Tyr,0.960475634304071,30,0.0539020856527554
urn:mavedb:00000114-a-1#1142,NA,NA,p.Cys59Ter,-0.0150674340352422,27,0.0195075269073598
urn:mavedb:00000114-a-1#1143,NA,NA,p.Cys59Ala,0.826082305446716,27,0.0423093725104197
urn:mavedb:00000114-a-1#1144,NA,NA,p.Cys59Asp,-0.0215262668475176,30,0.0236518392973162
urn:mavedb:00000114-a-1#1145,NA,NA,p.Cys59Glu,-0.0239540779520885,36,0.0155782095632041
urn:mavedb:00000114-a-1#1146,NA,NA,p.Cys59Phe,0.249002634048246,29,0.0883347939165836
urn:mavedb:00000114-a-1#1147,NA,NA,p.Cys59Gly,0.034205669985144,29,0.0456391059744783
urn:mavedb:00000114-a-1#1148,NA,NA,p.Cys59His,0.0224028789196973,26,0.0384141583448383
urn:mavedb:00000114-a-1#1149,NA,NA,p.Cys59Ile,0.595770658651528,31,0.0469510011023252
urn:mavedb:00000114-a-1#1150,NA,NA,p.Cys59Lys,-0.0097914430068099,32,0.0256144284686491
urn:mavedb:00000114-a-1#1151,NA,NA,p.Cys59Leu,0.733562715193895,44,0.0710561132875867
urn:mavedb:00000114-a-1#1152,NA,NA,p.Cys59Met,0.617391166862354,41,0.0715080810400425
urn:mavedb:00000114-a-1#1153,NA,NA,p.Cys59Asn,-0.0175470374518843,39,0.0234188414108075
urn:mavedb:00000114-a-1#1154,NA,NA,p.Cys59Pro,-0.0133562428159034,20,0.0342128235754009
urn:mavedb:00000114-a-1#1155,NA,NA,p.Cys59Gln,0.0127420830017741,32,0.0261016158007362
urn:mavedb:00000114-a-1#1156,NA,NA,p.Cys59Arg,-0.0287443139793466,32,0.0143322246075429
urn:mavedb:00000114-a-1#1157,NA,NA,p.Cys59Ser,0.863897764852289,35,0.058877806506157
urn:mavedb:00000114-a-1#1158,NA,NA,p.Cys59Thr,0.861045170478148,32,0.0335150456819775
urn:mavedb:00000114-a-1#1159,NA,NA,p.Cys59Val,0.591147020283549,24,0.0643727810879633
urn:mavedb:00000114-a-1#1160,NA,NA,p.Cys59Trp,-0.0034980411339851,28,0.026820090301302
urn:mavedb:00000114-a-1#1161,NA,NA,p.Cys59Tyr,0.559784118383235,32,0.0773546736860162
urn:mavedb:00000114-a-1#1162,NA,NA,p.Asp60Ter,-0.0308655679753391,18,0.0161979364823747
urn:mavedb:00000114-a-1#1163,NA,NA,p.Asp60Ala,0.953569530697212,29,0.0415007613213703
urn:mavedb:00000114-a-1#1164,NA,NA,p.Asp60Cys,0.94104275200615,26,0.0455095200881481
urn:mavedb:00000114-a-1#1165,NA,NA,p.Asp60Glu,1.02850517289051,24,0.0523529648358783
urn:mavedb:00000114-a-1#1166,NA,NA,p.Asp60Phe,0.760544002671934,26,0.063525309118478
urn:mavedb:00000114-a-1#1167,NA,NA,p.Asp60Gly,1.06393433782765,34,0.0467475471536841
urn:mavedb:00000114-a-1#1168,NA,NA,p.Asp60His,1.02080660092305,17,0.0558034426872105
urn:mavedb:00000114-a-1#1169,NA,NA,p.Asp60Ile,0.806293339564802,23,0.0582105644587734
urn:mavedb:00000114-a-1#1170,NA,NA,p.Asp60Lys,1.06390385677104,31,0.0481711800154513
urn:mavedb:00000114-a-1#1171,NA,NA,p.Asp60Leu,0.889645589464995,23,0.0452315611124838
urn:mavedb:00000114-a-1#1172,NA,NA,p.Asp60Met,0.895659888867072,32,0.0545518480682679
urn:mavedb:00000114-a-1#1173,NA,NA,p.Asp60Asn,1.07047482138839,18,0.0700828778247402
urn:mavedb:00000114-a-1#1174,NA,NA,p.Asp60Pro,0.647953240656589,28,0.0402789762072958
urn:mavedb:00000114-a-1#1175,NA,NA,p.Asp60Gln,1.12823191804953,34,0.0404784251414775
urn:mavedb:00000114-a-1#1176,NA,NA,p.Asp60Arg,1.03414212328952,25,0.0638178707164947
urn:mavedb:00000114-a-1#1177,NA,NA,p.Asp60Ser,0.966208091775004,21,0.0569743811309747
urn:mavedb:00000114-a-1#1178,NA,NA,p.Asp60Thr,0.702000864566596,20,0.0403482776016714
urn:mavedb:00000114-a-1#1179,NA,NA,p.Asp60Val,0.764444062688638,40,0.0529680759647969
urn:mavedb:00000114-a-1#1180,NA,NA,p.Asp60Trp,0.357553221596205,27,0.0570167792004146
urn:mavedb:00000114-a-1#1181,NA,NA,p.Asp60Tyr,0.5916683249427,27,0.0403754791485243
urn:mavedb:00000114-a-1#1182,NA,NA,p.Leu61Ter,-0.0178691497617567,35,0.0243054729640236
urn:mavedb:00000114-a-1#1183,NA,NA,p.Leu61Ala,-0.0072802035557112,25,0.025529255807912
urn:mavedb:00000114-a-1#1184,NA,NA,p.Leu61Cys,0.154820455239661,5,0.0906905306245456
urn:mavedb:00000114-a-1#1185,NA,NA,p.Leu61Asp,-0.012871681567105,27,0.0163623236552997
urn:mavedb:00000114-a-1#1186,NA,NA,p.Leu61Glu,-0.0242293550282095,31,0.0138204233017342
urn:mavedb:00000114-a-1#1187,NA,NA,p.Leu61Phe,0.900800728926024,41,0.0490249574092883
urn:mavedb:00000114-a-1#1188,NA,NA,p.Leu61Gly,0.0024525536035419,17,0.0339570884239531
urn:mavedb:00000114-a-1#1189,NA,NA,p.Leu61His,-0.0148494380339006,34,0.0215142208274571
urn:mavedb:00000114-a-1#1190,NA,NA,p.Leu61Ile,1.00860402037914,22,0.0718779979233321
urn:mavedb:00000114-a-1#1191,NA,NA,p.Leu61Lys,-0.0237309476807188,33,0.0143468276333438
urn:mavedb:00000114-a-1#1192,NA,NA,p.Leu61Met,0.969368239342701,40,0.0510115603934719
urn:mavedb:00000114-a-1#1193,NA,NA,p.Leu61Asn,-0.0255849219909235,32,0.013671232848087
urn:mavedb:00000114-a-1#1194,NA,NA,p.Leu61Pro,-0.014418974791164,45,0.0182249630599408
urn:mavedb:00000114-a-1#1195,NA,NA,p.Leu61Gln,-0.0123527724600622,24,0.0161422879742226
urn:mavedb:00000114-a-1#1196,NA,NA,p.Leu61Arg,-0.0216381370147001,30,0.0201599450054885
urn:mavedb:00000114-a-1#1197,NA,NA,p.Leu61Ser,-0.020219816528044,11,0.0178523164176605
urn:mavedb:00000114-a-1#1198,NA,NA,p.Leu61Thr,0.000674060811451,27,0.035389895089159
urn:mavedb:00000114-a-1#1199,NA,NA,p.Leu61Val,0.746267855539294,35,0.0397278356646136
urn:mavedb:00000114-a-1#1200,NA,NA,p.Leu61Trp,0.29550131337764,24,0.0916654229609815
urn:mavedb:00000114-a-1#1201,NA,NA,p.Leu61Tyr,-0.0073650188128647,42,0.0178734936746064
urn:mavedb:00000114-a-1#1202,NA,NA,p.Asp62Ter,-0.0279275432242598,28,0.0118418372156545
urn:mavedb:00000114-a-1#1203,NA,NA,p.Asp62Ala,1.04312796813456,22,0.0564805158213173
urn:mavedb:00000114-a-1#1204,NA,NA,p.Asp62Cys,0.970270328546874,38,0.052362401768528
urn:mavedb:00000114-a-1#1205,NA,NA,p.Asp62Glu,1.06304521586337,36,0.051356108396407
urn:mavedb:00000114-a-1#1206,NA,NA,p.Asp62Phe,0.888130269635894,20,0.072073925665197
urn:mavedb:00000114-a-1#1207,NA,NA,p.Asp62Gly,1.00328410294216,30,0.0363123527008683
urn:mavedb:00000114-a-1#1208,NA,NA,p.Asp62His,1.07420138517458,23,0.0690569860183909
urn:mavedb:00000114-a-1#1209,NA,NA,p.Asp62Ile,0.930753470065976,23,0.0615061454845267
urn:mavedb:00000114-a-1#1210,NA,NA,p.Asp62Lys,1.04993170913175,31,0.0541977532970104
urn:mavedb:00000114-a-1#1211,NA,NA,p.Asp62Leu,0.900549899536283,29,0.0735831114762284
urn:mavedb:00000114-a-1#1212,NA,NA,p.Asp62Met,1.01958244268295,33,0.0524481235424475
urn:mavedb:00000114-a-1#1213,NA,NA,p.Asp62Asn,1.03479781298654,24,0.0615678435995301
urn:mavedb:00000114-a-1#1214,NA,NA,p.Asp62Pro,1.04164190691506,16,0.0921123781749947
urn:mavedb:00000114-a-1#1215,NA,NA,p.Asp62Gln,1.08709003593893,18,0.0589076260242569
urn:mavedb:00000114-a-1#1216,NA,NA,p.Asp62Arg,1.03091692513439,25,0.0543751788853074
urn:mavedb:00000114-a-1#1217,NA,NA,p.Asp62Ser,1.024063316399,29,0.0398496551951768
urn:mavedb:00000114-a-1#1218,NA,NA,p.Asp62Thr,1.04441818218346,25,0.0559365319095627
urn:mavedb:00000114-a-1#1219,NA,NA,p.Asp62Val,1.0160419250768,28,0.0530300060924518
urn:mavedb:00000114-a-1#1220,NA,NA,p.Asp62Trp,0.708275134356415,34,0.069612789994157
urn:mavedb:00000114-a-1#1221,NA,NA,p.Asp62Tyr,0.941900257465642,31,0.0415903396183515
urn:mavedb:00000114-a-1#1222,NA,NA,p.Gln63Ter,-0.0136074483923902,15,0.0388525988216677
urn:mavedb:00000114-a-1#1223,NA,NA,p.Gln63Ala,1.00246372390277,29,0.033381333093532
urn:mavedb:00000114-a-1#1224,NA,NA,p.Gln63Cys,0.962248793695511,20,0.0592886099085765
urn:mavedb:00000114-a-1#1225,NA,NA,p.Gln63Asp,1.11915268188876,26,0.0413315857139038
urn:mavedb:00000114-a-1#1226,NA,NA,p.Gln63Glu,1.04130440930063,32,0.0218931339237869
urn:mavedb:00000114-a-1#1227,NA,NA,p.Gln63Phe,0.832284389097847,30,0.0573785537252517
urn:mavedb:00000114-a-1#1228,NA,NA,p.Gln63Gly,0.905263151122122,27,0.0403352459394947
urn:mavedb:00000114-a-1#1229,NA,NA,p.Gln63His,1.07443971817433,26,0.040286771018587
urn:mavedb:00000114-a-1#1230,NA,NA,p.Gln63Ile,0.565585673734702,28,0.0466800674702539
urn:mavedb:00000114-a-1#1231,NA,NA,p.Gln63Lys,0.938725694399721,33,0.0627177438042395
urn:mavedb:00000114-a-1#1232,NA,NA,p.Gln63Leu,0.603488301216045,34,0.0557145484802995
urn:mavedb:00000114-a-1#1233,NA,NA,p.Gln63Met,0.954543275652253,26,0.0444274317997747
urn:mavedb:00000114-a-1#1234,NA,NA,p.Gln63Asn,1.07637357766836,26,0.0640232413800814
urn:mavedb:00000114-a-1#1235,NA,NA,p.Gln63Pro,1.07613706028665,25,0.0615172774051405
urn:mavedb:00000114-a-1#1236,NA,NA,p.Gln63Arg,0.909563491749452,27,0.0838625727960082
urn:mavedb:00000114-a-1#1237,NA,NA,p.Gln63Ser,1.01563060818926,30,0.0529250684643487
urn:mavedb:00000114-a-1#1238,NA,NA,p.Gln63Thr,0.983299683520505,15,0.0528743681029988
urn:mavedb:00000114-a-1#1239,NA,NA,p.Gln63Val,0.788039794878914,2,0.135083270335671
urn:mavedb:00000114-a-1#1240,NA,NA,p.Gln63Trp,0.853700247728786,16,0.0599589154680379
urn:mavedb:00000114-a-1#1241,NA,NA,p.Gln63Tyr,0.92716840445449,29,0.0487411456794804
urn:mavedb:00000114-a-1#1242,NA,NA,p.Gln64Ter,-0.0207453720869991,18,0.0248808771144367
urn:mavedb:00000114-a-1#1243,NA,NA,p.Gln64Ala,1.026937041888,24,0.0373266231556706
urn:mavedb:00000114-a-1#1244,NA,NA,p.Gln64Cys,1.02666996197031,35,0.0950136440278036
urn:mavedb:00000114-a-1#1245,NA,NA,p.Gln64Asp,1.02387979715708,29,0.0609492723473686
urn:mavedb:00000114-a-1#1246,NA,NA,p.Gln64Glu,1.01703526484403,25,0.0720165652929197
urn:mavedb:00000114-a-1#1247,NA,NA,p.Gln64Phe,1.05151873644107,36,0.0683470568402691
urn:mavedb:00000114-a-1#1248,NA,NA,p.Gln64Gly,1.01940119384204,27,0.0705310368487466
urn:mavedb:00000114-a-1#1249,NA,NA,p.Gln64His,1.06671729519173,36,0.0582852464211806
urn:mavedb:00000114-a-1#1250,NA,NA,p.Gln64Ile,0.355162162828962,23,0.0782222473078805
urn:mavedb:00000114-a-1#1251,NA,NA,p.Gln64Lys,1.054772106193,29,0.0396901888392584
urn:mavedb:00000114-a-1#1252,NA,NA,p.Gln64Leu,0.94242328276403,39,0.0465327218835739
urn:mavedb:00000114-a-1#1253,NA,NA,p.Gln64Met,0.997244499176518,24,0.0605202262399704
urn:mavedb:00000114-a-1#1254,NA,NA,p.Gln64Asn,1.05402882415393,30,0.0371366419142478
urn:mavedb:00000114-a-1#1255,NA,NA,p.Gln64Pro,0.810657287200893,30,0.0680915029337619
urn:mavedb:00000114-a-1#1256,NA,NA,p.Gln64Arg,1.09233346199431,18,0.0720789951883752
urn:mavedb:00000114-a-1#1257,NA,NA,p.Gln64Ser,1.05850118369595,33,0.0558102687057161
urn:mavedb:00000114-a-1#1258,NA,NA,p.Gln64Thr,0.925588422976158,25,0.0478876634927759
urn:mavedb:00000114-a-1#1259,NA,NA,p.Gln64Val,0.556085798228751,29,0.0816587561213916
urn:mavedb:00000114-a-1#1260,NA,NA,p.Gln64Trp,0.912389947068821,26,0.062657375204023
urn:mavedb:00000114-a-1#1261,NA,NA,p.Gln64Tyr,1.01957367325393,23,0.0544573122070769
urn:mavedb:00000114-a-1#1262,NA,NA,p.Ser65Ter,-0.0247969506206711,41,0.0144508261113551
urn:mavedb:00000114-a-1#1263,NA,NA,p.Ser65Ala,0.990677575400833,35,0.0425125494843916
urn:mavedb:00000114-a-1#1264,NA,NA,p.Ser65Cys,0.904651990147536,19,0.0406974539050319
urn:mavedb:00000114-a-1#1265,NA,NA,p.Ser65Asp,0.882619332808288,20,0.0819500005019858
urn:mavedb:00000114-a-1#1266,NA,NA,p.Ser65Glu,0.469972319671631,32,0.0562765792437734
urn:mavedb:00000114-a-1#1267,NA,NA,p.Ser65Phe,0.231498638067169,22,0.106721339424064
urn:mavedb:00000114-a-1#1268,NA,NA,p.Ser65Gly,0.764006567348463,16,0.0712742320166243
urn:mavedb:00000114-a-1#1269,NA,NA,p.Ser65His,0.58178964807308,24,0.0563979662999992
urn:mavedb:00000114-a-1#1270,NA,NA,p.Ser65Ile,0.197558279037018,22,0.103395822805751
urn:mavedb:00000114-a-1#1271,NA,NA,p.Ser65Lys,0.656257141866922,23,0.0787146725085139
urn:mavedb:00000114-a-1#1272,NA,NA,p.Ser65Leu,0.267779285413622,22,0.110001855559008
urn:mavedb:00000114-a-1#1273,NA,NA,p.Ser65Met,0.49756293034342,24,0.0788701050572087
urn:mavedb:00000114-a-1#1274,NA,NA,p.Ser65Asn,0.77083849569727,30,0.0655426321959469
urn:mavedb:00000114-a-1#1275,NA,NA,p.Ser65Pro,0.958217510855929,30,0.0550255560866938
urn:mavedb:00000114-a-1#1276,NA,NA,p.Ser65Gln,0.720021342086832,30,0.0561006978219562
urn:mavedb:00000114-a-1#1277,NA,NA,p.Ser65Arg,0.69156241226531,40,0.0539713040222964
urn:mavedb:00000114-a-1#1278,NA,NA,p.Ser65Thr,0.649410527178722,32,0.0592389344040081
urn:mavedb:00000114-a-1#1279,NA,NA,p.Ser65Val,0.355091829353158,32,0.0707311041448398
urn:mavedb:00000114-a-1#1280,NA,NA,p.Ser65Trp,-0.0021208047123627,24,0.0374310463733895
urn:mavedb:00000114-a-1#1281,NA,NA,p.Ser65Tyr,0.235047379022716,39,0.078975083349596
urn:mavedb:00000114-a-1#1282,NA,NA,p.Ile66Ter,-0.0251196920542185,29,0.0140809125986459
urn:mavedb:00000114-a-1#1283,NA,NA,p.Ile66Ala,0.714191643437641,27,0.045606986196132
urn:mavedb:00000114-a-1#1284,NA,NA,p.Ile66Cys,0.966921016981205,36,0.0700041893610364
urn:mavedb:00000114-a-1#1285,NA,NA,p.Ile66Asp,0.189988766183457,32,0.0899467113976221
urn:mavedb:00000114-a-1#1286,NA,NA,p.Ile66Glu,0.719867062407326,37,0.0356959070293567
urn:mavedb:00000114-a-1#1287,NA,NA,p.Ile66Phe,0.585208584399452,29,0.0621366567576171
urn:mavedb:00000114-a-1#1288,NA,NA,p.Ile66Gly,0.235225697989997,23,0.0838103291922134
urn:mavedb:00000114-a-1#1289,NA,NA,p.Ile66His,0.875291264812027,19,0.0489944659641255
urn:mavedb:00000114-a-1#1290,NA,NA,p.Ile66Lys,0.146903969360574,33,0.0682067984050732
urn:mavedb:00000114-a-1#1291,NA,NA,p.Ile66Leu,0.821923318515097,24,0.0796992695695428
urn:mavedb:00000114-a-1#1292,NA,NA,p.Ile66Met,0.81164584233463,30,0.0495724787243797
urn:mavedb:00000114-a-1#1293,NA,NA,p.Ile66Asn,0.385638501156425,22,0.0639567673411405
urn:mavedb:00000114-a-1#1294,NA,NA,p.Ile66Pro,0.581136363631247,19,0.0677620159449252
urn:mavedb:00000114-a-1#1295,NA,NA,p.Ile66Gln,0.560608799415318,24,0.0481176636090318
urn:mavedb:00000114-a-1#1296,NA,NA,p.Ile66Arg,0.590035530897547,25,0.0581261227167047
urn:mavedb:00000114-a-1#1297,NA,NA,p.Ile66Ser,0.754194593041348,24,0.0533029190559828
urn:mavedb:00000114-a-1#1298,NA,NA,p.Ile66Thr,1.022192913806,15,0.0534388795549815
urn:mavedb:00000114-a-1#1299,NA,NA,p.Ile66Val,1.07507002430321,21,0.0611342155672132
urn:mavedb:00000114-a-1#1300,NA,NA,p.Ile66Trp,0.808123895131234,40,0.0712167339523381
urn:mavedb:00000114-a-1#1301,NA,NA,p.Ile66Tyr,0.94578072779412,31,0.0638200835305525
urn:mavedb:00000114-a-1#1302,NA,NA,p.Val67Ter,-0.0177934938613424,39,0.0158918187919641
urn:mavedb:00000114-a-1#1303,NA,NA,p.Val67Ala,-0.0239374089973372,25,0.0153096745522162
urn:mavedb:00000114-a-1#1304,NA,NA,p.Val67Cys,0.433487836590366,36,0.031438781834696
urn:mavedb:00000114-a-1#1305,NA,NA,p.Val67Asp,-0.0224421574885374,29,0.0133345145866419
urn:mavedb:00000114-a-1#1306,NA,NA,p.Val67Glu,-0.0247379409715076,27,0.0156691584659093
urn:mavedb:00000114-a-1#1307,NA,NA,p.Val67Phe,0.827335070134511,36,0.0644429769581168
urn:mavedb:00000114-a-1#1308,NA,NA,p.Val67Gly,-0.0225786336442645,26,0.0166201003499469
urn:mavedb:00000114-a-1#1309,NA,NA,p.Val67His,0.0059955899482089,25,0.018944228501217
urn:mavedb:00000114-a-1#1310,NA,NA,p.Val67Ile,0.952898202316155,27,0.0433622074014363
urn:mavedb:00000114-a-1#1311,NA,NA,p.Val67Lys,-0.027366862527686,36,0.0149492620215472
urn:mavedb:00000114-a-1#1312,NA,NA,p.Val67Leu,0.949805658276325,21,0.0666433460305256
urn:mavedb:00000114-a-1#1313,NA,NA,p.Val67Met,0.517303623145662,35,0.0560095190627648
urn:mavedb:00000114-a-1#1314,NA,NA,p.Val67Asn,-0.0266229607805192,35,0.019986780173873
urn:mavedb:00000114-a-1#1315,NA,NA,p.Val67Pro,-0.0233206546487912,34,0.0186403094659803
urn:mavedb:00000114-a-1#1316,NA,NA,p.Val67Gln,-0.0171547384650546,26,0.0280942685796469
urn:mavedb:00000114-a-1#1317,NA,NA,p.Val67Arg,-0.0270458325581502,42,0.011919162358853
urn:mavedb:00000114-a-1#1318,NA,NA,p.Val67Ser,-0.0234161916611759,30,0.0144294331435691
urn:mavedb:00000114-a-1#1319,NA,NA,p.Val67Thr,-0.0155044391812112,26,0.0282999251842585
urn:mavedb:00000114-a-1#1320,NA,NA,p.Val67Trp,-0.012181668306234,41,0.0283407681117674
urn:mavedb:00000114-a-1#1321,NA,NA,p.Val67Tyr,0.154065291026912,35,0.0742635542897278
urn:mavedb:00000114-a-1#1322,NA,NA,p.His68Ter,-0.0178248065230229,36,0.0289013528451714
urn:mavedb:00000114-a-1#1323,NA,NA,p.His68Ala,0.192141304303562,41,0.0891848090161106
urn:mavedb:00000114-a-1#1324,NA,NA,p.His68Cys,0.412423980030826,34,0.0842813190046974
urn:mavedb:00000114-a-1#1325,NA,NA,p.His68Asp,1.03847724014521,32,0.0551919458239612
urn:mavedb:00000114-a-1#1326,NA,NA,p.His68Glu,0.748239618830131,22,0.0569970200656026
urn:mavedb:00000114-a-1#1327,NA,NA,p.His68Phe,0.0173839029789993,47,0.036564391105358
urn:mavedb:00000114-a-1#1328,NA,NA,p.His68Gly,-0.0237736868677009,27,0.0136460545000122
urn:mavedb:00000114-a-1#1329,NA,NA,p.His68Ile,0.0942779524300834,29,0.0743844047551781
urn:mavedb:00000114-a-1#1330,NA,NA,p.His68Lys,-0.0170107990786935,34,0.0175725818449214
urn:mavedb:00000114-a-1#1331,NA,NA,p.His68Leu,-0.0239203427837973,25,0.0172642150432442
urn:mavedb:00000114-a-1#1332,NA,NA,p.His68Met,0.230956705636282,27,0.112984429367622
urn:mavedb:00000114-a-1#1333,NA,NA,p.His68Asn,0.893612931751102,31,0.0525877425969882
urn:mavedb:00000114-a-1#1334,NA,NA,p.His68Pro,-0.0219939091624057,28,0.0159822267519663
urn:mavedb:00000114-a-1#1335,NA,NA,p.His68Gln,0.466552450190175,31,0.0728767447674468
urn:mavedb:00000114-a-1#1336,NA,NA,p.His68Arg,-0.0184772605527942,34,0.023494629401996
urn:mavedb:00000114-a-1#1337,NA,NA,p.His68Ser,0.570713558934577,29,0.0754092572432028
urn:mavedb:00000114-a-1#1338,NA,NA,p.His68Thr,0.473572005393787,31,0.0629981904262424
urn:mavedb:00000114-a-1#1339,NA,NA,p.His68Val,0.361328102692136,32,0.127469922649276
urn:mavedb:00000114-a-1#1340,NA,NA,p.His68Trp,0.0368658102407015,32,0.0593234649819575
urn:mavedb:00000114-a-1#1341,NA,NA,p.His68Tyr,0.171989052645119,20,0.108931466224036
urn:mavedb:00000114-a-1#1342,NA,NA,p.Ile69Ter,-0.0102626034192104,34,0.0174320923903422
urn:mavedb:00000114-a-1#1343,NA,NA,p.Ile69Ala,0.896501598400044,18,0.06603559482945
urn:mavedb:00000114-a-1#1344,NA,NA,p.Ile69Cys,0.983148234384311,21,0.0750726304702638
urn:mavedb:00000114-a-1#1345,NA,NA,p.Ile69Asp,-0.017871503729196,23,0.0342879540615718
urn:mavedb:00000114-a-1#1346,NA,NA,p.Ile69Glu,-0.028824241449304,23,0.0144739607499701
urn:mavedb:00000114-a-1#1347,NA,NA,p.Ile69Phe,0.606995208601059,17,0.0751306305133693
urn:mavedb:00000114-a-1#1348,NA,NA,p.Ile69Gly,-0.0236920561440604,23,0.0146461979074791
urn:mavedb:00000114-a-1#1349,NA,NA,p.Ile69His,-0.0201292028918355,22,0.0232370368033814
urn:mavedb:00000114-a-1#1350,NA,NA,p.Ile69Lys,-0.0298143169512406,31,0.0124966081802475
urn:mavedb:00000114-a-1#1351,NA,NA,p.Ile69Leu,0.521613092781973,33,0.0696308308204765
urn:mavedb:00000114-a-1#1352,NA,NA,p.Ile69Met,0.897856905881627,22,0.0832011727651538
urn:mavedb:00000114-a-1#1353,NA,NA,p.Ile69Asn,-0.0311792917033953,24,0.0093915867298695
urn:mavedb:00000114-a-1#1354,NA,NA,p.Ile69Pro,-0.0273817412604359,19,0.0134822073359827
urn:mavedb:00000114-a-1#1355,NA,NA,p.Ile69Gln,-0.0253041436578839,23,0.018821112306734
urn:mavedb:00000114-a-1#1356,NA,NA,p.Ile69Arg,-0.021158457705778,23,0.0202556865977086
urn:mavedb:00000114-a-1#1357,NA,NA,p.Ile69Ser,-0.0258387697779159,14,0.0217961668622559
urn:mavedb:00000114-a-1#1358,NA,NA,p.Ile69Thr,-0.0214506809909055,35,0.0132531156766416
urn:mavedb:00000114-a-1#1359,NA,NA,p.Ile69Val,1.0485537116095,35,0.0415198470940535
urn:mavedb:00000114-a-1#1360,NA,NA,p.Ile69Trp,-0.0249004247604024,33,0.0164986668583902
urn:mavedb:00000114-a-1#1361,NA,NA,p.Ile69Tyr,-0.0277013583598966,31,0.0152961227054368
urn:mavedb:00000114-a-1#1362,NA,NA,p.Val70Ter,-0.0234688740297196,33,0.0137018192636901
urn:mavedb:00000114-a-1#1363,NA,NA,p.Val70Ala,0.145344227536832,21,0.0909131327289228
urn:mavedb:00000114-a-1#1364,NA,NA,p.Val70Cys,0.483207336543707,22,0.104454678203653
urn:mavedb:00000114-a-1#1365,NA,NA,p.Val70Asp,0.362559564488965,33,0.0785774045982513
urn:mavedb:00000114-a-1#1366,NA,NA,p.Val70Glu,0.562473322499859,27,0.048884661948655
urn:mavedb:00000114-a-1#1367,NA,NA,p.Val70Phe,0.459868268855708,43,0.0641789598344935
urn:mavedb:00000114-a-1#1368,NA,NA,p.Val70Gly,-0.0232748234232052,13,0.0234031722448571
urn:mavedb:00000114-a-1#1369,NA,NA,p.Val70His,0.189428102378453,32,0.0954803124752139
urn:mavedb:00000114-a-1#1370,NA,NA,p.Val70Ile,0.992405140154589,23,0.0659405936778687
urn:mavedb:00000114-a-1#1371,NA,NA,p.Val70Lys,0.0264375614416361,22,0.0442345723732742
urn:mavedb:00000114-a-1#1372,NA,NA,p.Val70Leu,0.644163126356666,23,0.0626821169189384
urn:mavedb:00000114-a-1#1373,NA,NA,p.Val70Met,0.5065116258974,23,0.048587377574439
urn:mavedb:00000114-a-1#1374,NA,NA,p.Val70Asn,0.0358626547952425,25,0.0412208498915473
urn:mavedb:00000114-a-1#1375,NA,NA,p.Val70Pro,-0.0255610117237737,26,0.0141757534485158
urn:mavedb:00000114-a-1#1376,NA,NA,p.Val70Gln,0.298435443137094,23,0.104307728066232
urn:mavedb:00000114-a-1#1377,NA,NA,p.Val70Arg,-0.0045475012384402,38,0.0296562718433014
urn:mavedb:00000114-a-1#1378,NA,NA,p.Val70Ser,0.136257335828249,22,0.0865328666976951
urn:mavedb:00000114-a-1#1379,NA,NA,p.Val70Thr,0.367186338798128,27,0.103082540851223
urn:mavedb:00000114-a-1#1380,NA,NA,p.Val70Trp,0.098337300502243,29,0.0694815187461215
urn:mavedb:00000114-a-1#1381,NA,NA,p.Val70Tyr,0.483445060994917,36,0.0633498125370346
urn:mavedb:00000114-a-1#1382,NA,NA,p.Gln71Ter,-0.0040355797270227,25,0.033273794792594
urn:mavedb:00000114-a-1#1383,NA,NA,p.Gln71Ala,0.805801489608498,23,0.0553146930823961
urn:mavedb:00000114-a-1#1384,NA,NA,p.Gln71Cys,0.754074933551445,36,0.053794701515466
urn:mavedb:00000114-a-1#1385,NA,NA,p.Gln71Asp,0.831991948000597,23,0.0700756403177163
urn:mavedb:00000114-a-1#1386,NA,NA,p.Gln71Glu,1.00818894711041,36,0.037131390168651
urn:mavedb:00000114-a-1#1387,NA,NA,p.Gln71Phe,0.505906475059531,31,0.056801696449667
urn:mavedb:00000114-a-1#1388,NA,NA,p.Gln71Gly,0.491849163468151,28,0.0720229620260885
urn:mavedb:00000114-a-1#1389,NA,NA,p.Gln71His,0.828158415019272,12,0.0737269598799927
urn:mavedb:00000114-a-1#1390,NA,NA,p.Gln71Ile,0.535263167291985,30,0.0821060842573759
urn:mavedb:00000114-a-1#1391,NA,NA,p.Gln71Lys,0.843417734950402,20,0.053395929971111
urn:mavedb:00000114-a-1#1392,NA,NA,p.Gln71Leu,0.699997602426043,17,0.0925461570024845
urn:mavedb:00000114-a-1#1393,NA,NA,p.Gln71Met,0.854940158354456,37,0.0389843833470976
urn:mavedb:00000114-a-1#1394,NA,NA,p.Gln71Asn,0.797905499036867,45,0.0453156064138339
urn:mavedb:00000114-a-1#1395,NA,NA,p.Gln71Pro,0.711527134913732,19,0.0978938493637444
urn:mavedb:00000114-a-1#1396,NA,NA,p.Gln71Arg,0.901940743286309,44,0.0505033007765981
urn:mavedb:00000114-a-1#1397,NA,NA,p.Gln71Ser,0.837100052871055,32,0.0482717593653318
urn:mavedb:00000114-a-1#1398,NA,NA,p.Gln71Thr,0.921505964388356,23,0.0480437916929224
urn:mavedb:00000114-a-1#1399,NA,NA,p.Gln71Val,0.718942063376279,17,0.075946032427745
urn:mavedb:00000114-a-1#1400,NA,NA,p.Gln71Trp,0.636336939015842,35,0.0603280167436519
urn:mavedb:00000114-a-1#1401,NA,NA,p.Gln71Tyr,0.657527472886577,30,0.0496721607909133
urn:mavedb:00000114-a-1#1402,NA,NA,p.Arg72Ter,0.0366641729076128,19,0.041699669441989
urn:mavedb:00000114-a-1#1403,NA,NA,p.Arg72Ala,1.00659517632395,13,0.0699597387229195
urn:mavedb:00000114-a-1#1404,NA,NA,p.Arg72Cys,1.04143608284433,24,0.0620529821409085
urn:mavedb:00000114-a-1#1405,NA,NA,p.Arg72Asp,1.07085666857896,22,0.0469421270299957
urn:mavedb:00000114-a-1#1406,NA,NA,p.Arg72Glu,1.00637320336976,20,0.0826327362476863
urn:mavedb:00000114-a-1#1407,NA,NA,p.Arg72Phe,1.01786748850448,22,0.0545353680705836
urn:mavedb:00000114-a-1#1408,NA,NA,p.Arg72Gly,0.979145701532214,18,0.0567739277250018
urn:mavedb:00000114-a-1#1409,NA,NA,p.Arg72His,1.06254913718849,25,0.0545700563111874
urn:mavedb:00000114-a-1#1410,NA,NA,p.Arg72Ile,1.02839009254675,20,0.059823251012533
urn:mavedb:00000114-a-1#1411,NA,NA,p.Arg72Lys,1.04460718311308,32,0.0459317589187569
urn:mavedb:00000114-a-1#1412,NA,NA,p.Arg72Leu,1.12433770434966,15,0.0897007473001754
urn:mavedb:00000114-a-1#1413,NA,NA,p.Arg72Met,1.12714029954852,12,0.0793674911042933
urn:mavedb:00000114-a-1#1414,NA,NA,p.Arg72Asn,1.07193095837869,30,0.0500448427133047
urn:mavedb:00000114-a-1#1415,NA,NA,p.Arg72Pro,0.736815208165461,18,0.0538715108788538
urn:mavedb:00000114-a-1#1416,NA,NA,p.Arg72Gln,1.0715599421177,22,0.0538601876649371
urn:mavedb:00000114-a-1#1417,NA,NA,p.Arg72Ser,1.05868579713047,20,0.0834183829205889
urn:mavedb:00000114-a-1#1418,NA,NA,p.Arg72Thr,1.04210526829697,24,0.0627049788026084
urn:mavedb:00000114-a-1#1419,NA,NA,p.Arg72Val,1.0108726798408,16,0.0665510277084052
urn:mavedb:00000114-a-1#1420,NA,NA,p.Arg72Trp,1.04132350722922,16,0.0595765920028279
urn:mavedb:00000114-a-1#1421,NA,NA,p.Arg72Tyr,1.05451310792432,24,0.0365021357473702
urn:mavedb:00000114-a-1#1422,NA,NA,p.Pro73Ter,0.278405286219134,8,0.180323708252084
urn:mavedb:00000114-a-1#1423,NA,NA,p.Pro73Ala,0.89853356387938,12,0.0777840774306781
urn:mavedb:00000114-a-1#1424,NA,NA,p.Pro73Cys,0.818718010999087,8,0.0970386079575879
urn:mavedb:00000114-a-1#1425,NA,NA,p.Pro73Asp,0.984192884938787,15,0.0909747070212013
urn:mavedb:00000114-a-1#1426,NA,NA,p.Pro73Glu,0.945975824700026,13,0.0940170006895004
urn:mavedb:00000114-a-1#1427,NA,NA,p.Pro73Phe,0.665405241710265,11,0.0776162466987891
urn:mavedb:00000114-a-1#1428,NA,NA,p.Pro73Gly,0.863910984210746,12,0.0837650136031794
urn:mavedb:00000114-a-1#1429,NA,NA,p.Pro73His,0.864109570767007,9,0.120435035833324
urn:mavedb:00000114-a-1#1430,NA,NA,p.Pro73Ile,0.752001608703036,8,0.117934628099641
urn:mavedb:00000114-a-1#1431,NA,NA,p.Pro73Lys,0.79787913282768,6,0.0927940059052684
urn:mavedb:00000114-a-1#1432,NA,NA,p.Pro73Leu,0.838156642645177,11,0.062113579422039
urn:mavedb:00000114-a-1#1433,NA,NA,p.Pro73Met,0.77417153382997,4,0.0825832964782723
urn:mavedb:00000114-a-1#1434,NA,NA,p.Pro73Asn,0.91661327499765,8,0.101957347173538
urn:mavedb:00000114-a-1#1435,NA,NA,p.Pro73Gln,0.972561006804122,6,0.140697040479105
urn:mavedb:00000114-a-1#1436,NA,NA,p.Pro73Arg,0.746681197090806,7,0.0837462225222574
urn:mavedb:00000114-a-1#1437,NA,NA,p.Pro73Ser,0.813097833870944,5,0.146223502163039
urn:mavedb:00000114-a-1#1438,NA,NA,p.Pro73Thr,0.931853652493902,5,0.0867411949125871
urn:mavedb:00000114-a-1#1439,NA,NA,p.Pro73Val,0.881877690881614,10,0.0982493992618684
urn:mavedb:00000114-a-1#1440,NA,NA,p.Pro73Trp,0.520285510749311,6,0.0877731080029626
urn:mavedb:00000114-a-1#1441,NA,NA,p.Pro73Tyr,0.822061584140126,14,0.0554801467044256
urn:mavedb:00000114-a-1#1442,NA,NA,p.Trp74Ter,0.859460838230352,38,0.170963795056431
urn:mavedb:00000114-a-1#1443,NA,NA,p.Trp74Ala,1.04549695225536,20,0.0726300157571509
urn:mavedb:00000114-a-1#1444,NA,NA,p.Trp74Cys,1.00862035417695,26,0.0582691622403078
urn:mavedb:00000114-a-1#1445,NA,NA,p.Trp74Asp,0.984210816490711,21,0.0484819935232489
urn:mavedb:00000114-a-1#1446,NA,NA,p.Trp74Glu,1.04208217097126,29,0.0491477856528001
urn:mavedb:00000114-a-1#1447,NA,NA,p.Trp74Phe,1.02311787273636,32,0.0647123584537068
urn:mavedb:00000114-a-1#1448,NA,NA,p.Trp74Gly,0.991858755454128,20,0.0572536063767847
urn:mavedb:00000114-a-1#1449,NA,NA,p.Trp74His,0.99183221961001,26,0.0637093426889269
urn:mavedb:00000114-a-1#1450,NA,NA,p.Trp74Ile,0.95989281409538,34,0.048633813317473
urn:mavedb:00000114-a-1#1451,NA,NA,p.Trp74Lys,0.955093821726297,43,0.063220404151554
urn:mavedb:00000114-a-1#1452,NA,NA,p.Trp74Leu,1.02778548463789,33,0.0662499360741822
urn:mavedb:00000114-a-1#1453,NA,NA,p.Trp74Met,0.987252946122445,29,0.0599047025169596
urn:mavedb:00000114-a-1#1454,NA,NA,p.Trp74Asn,1.01112557143997,42,0.0408476683732555
urn:mavedb:00000114-a-1#1455,NA,NA,p.Trp74Pro,1.03178014745135,48,0.061523277455264
urn:mavedb:00000114-a-1#1456,NA,NA,p.Trp74Gln,1.01598988756099,46,0.0452456089556044
urn:mavedb:00000114-a-1#1457,NA,NA,p.Trp74Arg,0.988681718001485,30,0.0452380612982545
urn:mavedb:00000114-a-1#1458,NA,NA,p.Trp74Ser,1.01336848677494,21,0.0497618474026553
urn:mavedb:00000114-a-1#1459,NA,NA,p.Trp74Thr,1.01564306929069,34,0.0604555637306982
urn:mavedb:00000114-a-1#1460,NA,NA,p.Trp74Val,1.02853366743178,22,0.0437747324344424
urn:mavedb:00000114-a-1#1461,NA,NA,p.Trp74Tyr,0.946444873859554,19,0.0410339328271858
urn:mavedb:00000114-a-1#1462,NA,NA,p.Arg75Ter,0.26618179988816,27,0.0613162980380851
urn:mavedb:00000114-a-1#1463,NA,NA,p.Arg75Ala,0.96512680487807,23,0.059524140635056
urn:mavedb:00000114-a-1#1464,NA,NA,p.Arg75Cys,0.938531448789258,27,0.0534755009601895
urn:mavedb:00000114-a-1#1465,NA,NA,p.Arg75Asp,1.0113264375758,27,0.0498726588517299
urn:mavedb:00000114-a-1#1466,NA,NA,p.Arg75Glu,1.03347965761056,31,0.0460116023047966
urn:mavedb:00000114-a-1#1467,NA,NA,p.Arg75Phe,1.02668124643484,29,0.0760360123416867
urn:mavedb:00000114-a-1#1468,NA,NA,p.Arg75Gly,1.00614608074726,22,0.0376531388639148
urn:mavedb:00000114-a-1#1469,NA,NA,p.Arg75His,0.9872487475297,17,0.0676563696293184
urn:mavedb:00000114-a-1#1470,NA,NA,p.Arg75Ile,1.02122778191444,28,0.0534755366261611
urn:mavedb:00000114-a-1#1471,NA,NA,p.Arg75Lys,1.01358329388063,30,0.0551075789593048
urn:mavedb:00000114-a-1#1472,NA,NA,p.Arg75Leu,0.964296853132347,13,0.0955777271406482
urn:mavedb:00000114-a-1#1473,NA,NA,p.Arg75Met,1.01267723230993,18,0.0582055255055465
urn:mavedb:00000114-a-1#1474,NA,NA,p.Arg75Asn,1.0396857756005,21,0.0389832100023895
urn:mavedb:00000114-a-1#1475,NA,NA,p.Arg75Pro,1.01941163447718,11,0.0624217206935029
urn:mavedb:00000114-a-1#1476,NA,NA,p.Arg75Gln,1.04421700484141,17,0.0725409112354996
urn:mavedb:00000114-a-1#1477,NA,NA,p.Arg75Ser,1.01660628850696,24,0.0602710995528421
urn:mavedb:00000114-a-1#1478,NA,NA,p.Arg75Thr,1.02217468048504,31,0.0660269241568668
urn:mavedb:00000114-a-1#1479,NA,NA,p.Arg75Val,0.996159764657264,30,0.0611237927850495
urn:mavedb:00000114-a-1#1480,NA,NA,p.Arg75Trp,1.00700633921847,27,0.0339388272642809
urn:mavedb:00000114-a-1#1481,NA,NA,p.Arg75Tyr,0.99052778109947,25,0.0697343139734171
urn:mavedb:00000114-a-1#1482,NA,NA,p.Lys76Ter,0.062818857816796,26,0.125418214126152
urn:mavedb:00000114-a-1#1483,NA,NA,p.Lys76Ala,1.03611706759345,18,0.0700039743019978
urn:mavedb:00000114-a-1#1484,NA,NA,p.Lys76Cys,1.03055662241291,20,0.0599954728215871
urn:mavedb:00000114-a-1#1485,NA,NA,p.Lys76Asp,1.04459207897123,29,0.0251283871733719
urn:mavedb:00000114-a-1#1486,NA,NA,p.Lys76Glu,1.09600678783073,37,0.0619849316556925
urn:mavedb:00000114-a-1#1487,NA,NA,p.Lys76Phe,1.05361552363765,32,0.0635828418881186
urn:mavedb:00000114-a-1#1488,NA,NA,p.Lys76Gly,1.06161257290013,29,0.0474058624614936
urn:mavedb:00000114-a-1#1489,NA,NA,p.Lys76His,1.05892475589213,30,0.0590184636565029
urn:mavedb:00000114-a-1#1490,NA,NA,p.Lys76Ile,1.10733792705907,31,0.0397688082099775
urn:mavedb:00000114-a-1#1491,NA,NA,p.Lys76Leu,1.11255553796927,22,0.0398169626039643
urn:mavedb:00000114-a-1#1492,NA,NA,p.Lys76Met,1.070088075306,29,0.0730716579651457
urn:mavedb:00000114-a-1#1493,NA,NA,p.Lys76Asn,1.03418586111418,26,0.0511621710718959
urn:mavedb:00000114-a-1#1494,NA,NA,p.Lys76Pro,1.09277750220939,24,0.047432238842193
urn:mavedb:00000114-a-1#1495,NA,NA,p.Lys76Gln,1.02782313006,22,0.0672399892189928
urn:mavedb:00000114-a-1#1496,NA,NA,p.Lys76Arg,1.03817950059343,35,0.0560590096120736
urn:mavedb:00000114-a-1#1497,NA,NA,p.Lys76Ser,1.05678270238685,30,0.069666724298022
urn:mavedb:00000114-a-1#1498,NA,NA,p.Lys76Thr,1.05038444932073,27,0.0459886168250557
urn:mavedb:00000114-a-1#1499,NA,NA,p.Lys76Val,1.0658456444539,20,0.057351558040744
urn:mavedb:00000114-a-1#1500,NA,NA,p.Lys76Trp,1.03867639579051,26,0.0410882284599945
urn:mavedb:00000114-a-1#1501,NA,NA,p.Lys76Tyr,1.01971668796429,25,0.061880358987395
urn:mavedb:00000114-a-1#1502,NA,NA,p.Gly77Ter,0.134263238031139,30,0.0747069317689839
urn:mavedb:00000114-a-1#1503,NA,NA,p.Gly77Ala,0.969269869240021,15,0.0678398434759297
urn:mavedb:00000114-a-1#1504,NA,NA,p.Gly77Cys,1.02717786267656,28,0.055527649120747
urn:mavedb:00000114-a-1#1505,NA,NA,p.Gly77Asp,1.05974363863409,19,0.0558187080170223
urn:mavedb:00000114-a-1#1506,NA,NA,p.Gly77Glu,0.983036426404703,24,0.0599559868580762
urn:mavedb:00000114-a-1#1507,NA,NA,p.Gly77Phe,1.02392568710257,22,0.0639294688643124
urn:mavedb:00000114-a-1#1508,NA,NA,p.Gly77His,0.994170595030696,31,0.0717269076237179
urn:mavedb:00000114-a-1#1509,NA,NA,p.Gly77Ile,1.03969326982352,38,0.0484067707921345
urn:mavedb:00000114-a-1#1510,NA,NA,p.Gly77Lys,0.905250895886052,35,0.0490990703877073
urn:mavedb:00000114-a-1#1511,NA,NA,p.Gly77Leu,1.03757828446104,27,0.0420062571223148
urn:mavedb:00000114-a-1#1512,NA,NA,p.Gly77Met,1.01709568418558,39,0.0554835317496369
urn:mavedb:00000114-a-1#1513,NA,NA,p.Gly77Asn,0.983347628750045,30,0.0762420184638071
urn:mavedb:00000114-a-1#1514,NA,NA,p.Gly77Pro,1.02526319945605,16,0.093905979834654
urn:mavedb:00000114-a-1#1515,NA,NA,p.Gly77Gln,0.988633980931619,40,0.0451998544378677
urn:mavedb:00000114-a-1#1516,NA,NA,p.Gly77Arg,0.8827539396645,19,0.0732201071442615
urn:mavedb:00000114-a-1#1517,NA,NA,p.Gly77Ser,0.998982716351311,20,0.0438666957629819
urn:mavedb:00000114-a-1#1518,NA,NA,p.Gly77Thr,0.985690159766877,24,0.069717448907711
urn:mavedb:00000114-a-1#1519,NA,NA,p.Gly77Val,1.00505870135547,26,0.0457570709640868
urn:mavedb:00000114-a-1#1520,NA,NA,p.Gly77Trp,1.01012398897499,32,0.0652001392655319
urn:mavedb:00000114-a-1#1521,NA,NA,p.Gly77Tyr,0.99682610741937,27,0.0720166100104206
urn:mavedb:00000114-a-1#1522,NA,NA,p.Gln78Ter,0.0053504312118511,29,0.0546215712305119
urn:mavedb:00000114-a-1#1523,NA,NA,p.Gln78Ala,1.06574425312963,27,0.0474138566808722
urn:mavedb:00000114-a-1#1524,NA,NA,p.Gln78Cys,1.03399139459943,19,0.06138931311914
urn:mavedb:00000114-a-1#1525,NA,NA,p.Gln78Asp,1.08463865355606,14,0.0688710269619452
urn:mavedb:00000114-a-1#1526,NA,NA,p.Gln78Glu,1.08274151339958,32,0.0709720582941949
urn:mavedb:00000114-a-1#1527,NA,NA,p.Gln78Phe,1.03821741200495,21,0.0394862245606574
urn:mavedb:00000114-a-1#1528,NA,NA,p.Gln78Gly,1.01234776803702,21,0.0497589187452966
urn:mavedb:00000114-a-1#1529,NA,NA,p.Gln78His,0.980866166862124,39,0.0476117902169572
urn:mavedb:00000114-a-1#1530,NA,NA,p.Gln78Ile,1.05358825589882,18,0.0571311225939823
urn:mavedb:00000114-a-1#1531,NA,NA,p.Gln78Lys,0.965369915758641,40,0.0646238281027285
urn:mavedb:00000114-a-1#1532,NA,NA,p.Gln78Leu,1.04471833156375,28,0.0545426892592855
urn:mavedb:00000114-a-1#1533,NA,NA,p.Gln78Met,1.00987576948981,22,0.0510946961733303
urn:mavedb:00000114-a-1#1534,NA,NA,p.Gln78Asn,0.998313384847047,25,0.04936060487015
urn:mavedb:00000114-a-1#1535,NA,NA,p.Gln78Pro,1.05980105228078,23,0.0850610932280093
urn:mavedb:00000114-a-1#1536,NA,NA,p.Gln78Arg,0.967326694914368,26,0.0416106582292139
urn:mavedb:00000114-a-1#1537,NA,NA,p.Gln78Ser,1.02209432606125,22,0.0508378552424424
urn:mavedb:00000114-a-1#1538,NA,NA,p.Gln78Thr,1.00129633368391,25,0.062028397928748
urn:mavedb:00000114-a-1#1539,NA,NA,p.Gln78Val,1.03207643622866,30,0.0507722533141107
urn:mavedb:00000114-a-1#1540,NA,NA,p.Gln78Trp,1.05515915817852,26,0.0339901359373325
urn:mavedb:00000114-a-1#1541,NA,NA,p.Gln78Tyr,1.04478233378716,25,0.0442593352082782
urn:mavedb:00000114-a-1#1542,NA,NA,p.Glu79Ter,0.0806120697433394,29,0.0334877362728088
urn:mavedb:00000114-a-1#1543,NA,NA,p.Glu79Ala,0.941297905125488,24,0.0623397878250581
urn:mavedb:00000114-a-1#1544,NA,NA,p.Glu79Cys,0.924550788390551,26,0.0647710849280414
urn:mavedb:00000114-a-1#1545,NA,NA,p.Glu79Asp,1.01840239240205,30,0.041520171427283
urn:mavedb:00000114-a-1#1546,NA,NA,p.Glu79Phe,0.97040142947524,23,0.0457915261150091
urn:mavedb:00000114-a-1#1547,NA,NA,p.Glu79Gly,1.00249229912845,26,0.0615365979211447
urn:mavedb:00000114-a-1#1548,NA,NA,p.Glu79His,1.00030361313711,17,0.0673733572776103
urn:mavedb:00000114-a-1#1549,NA,NA,p.Glu79Ile,0.97161695256751,36,0.0551236105821625
urn:mavedb:00000114-a-1#1550,NA,NA,p.Glu79Lys,0.924847582499631,32,0.0687925845439992
urn:mavedb:00000114-a-1#1551,NA,NA,p.Glu79Leu,1.01810993164677,37,0.0373249583927205
urn:mavedb:00000114-a-1#1552,NA,NA,p.Glu79Met,0.96883929521625,36,0.0369556549333416
urn:mavedb:00000114-a-1#1553,NA,NA,p.Glu79Asn,0.953897533225114,23,0.0728967049997702
urn:mavedb:00000114-a-1#1554,NA,NA,p.Glu79Pro,0.995163283792994,29,0.0331174364092863
urn:mavedb:00000114-a-1#1555,NA,NA,p.Glu79Gln,0.965340601599175,36,0.0503950329577765
urn:mavedb:00000114-a-1#1556,NA,NA,p.Glu79Arg,0.920055245560535,29,0.0405374189707499
urn:mavedb:00000114-a-1#1557,NA,NA,p.Glu79Ser,1.0060173281691,21,0.103159814743985
urn:mavedb:00000114-a-1#1558,NA,NA,p.Glu79Thr,1.00909408047704,19,0.09994507779005
urn:mavedb:00000114-a-1#1559,NA,NA,p.Glu79Val,0.949763097479887,28,0.0527937613306306
urn:mavedb:00000114-a-1#1560,NA,NA,p.Glu79Trp,0.953277029892737,31,0.039425572498208
urn:mavedb:00000114-a-1#1561,NA,NA,p.Glu79Tyr,0.92264768741624,28,0.0587684703087342
urn:mavedb:00000114-a-1#1562,NA,NA,p.Met80Ter,0.330175138038233,31,0.080595620685294
urn:mavedb:00000114-a-1#1563,NA,NA,p.Met80Ala,1.00997099328857,27,0.0483888680420964
urn:mavedb:00000114-a-1#1564,NA,NA,p.Met80Cys,0.955094362587644,34,0.0558970967546697
urn:mavedb:00000114-a-1#1565,NA,NA,p.Met80Asp,1.04091875740795,34,0.0390840809440044
urn:mavedb:00000114-a-1#1566,NA,NA,p.Met80Glu,1.03524191488347,22,0.0590422882336567
urn:mavedb:00000114-a-1#1567,NA,NA,p.Met80Phe,1.02537745651962,36,0.0444286756157232
urn:mavedb:00000114-a-1#1568,NA,NA,p.Met80Gly,1.03305246144669,26,0.0411411990164946
urn:mavedb:00000114-a-1#1569,NA,NA,p.Met80His,0.988585500648322,35,0.0374300319099644
urn:mavedb:00000114-a-1#1570,NA,NA,p.Met80Ile,1.00773637037082,26,0.061230579947697
urn:mavedb:00000114-a-1#1571,NA,NA,p.Met80Lys,0.964782332342427,34,0.0437678853498854
urn:mavedb:00000114-a-1#1572,NA,NA,p.Met80Leu,1.03625887733876,24,0.066612464248952
urn:mavedb:00000114-a-1#1573,NA,NA,p.Met80Asn,0.966394360977627,23,0.058285306089806
urn:mavedb:00000114-a-1#1574,NA,NA,p.Met80Pro,1.02140100520282,32,0.0891626888005132
urn:mavedb:00000114-a-1#1575,NA,NA,p.Met80Gln,1.00200568220531,36,0.0459693075018563
urn:mavedb:00000114-a-1#1576,NA,NA,p.Met80Arg,0.934068127759151,25,0.0535600226517989
urn:mavedb:00000114-a-1#1577,NA,NA,p.Met80Ser,0.969789471706187,23,0.04401027467106
urn:mavedb:00000114-a-1#1578,NA,NA,p.Met80Thr,0.968652042967518,32,0.0415550483947559
urn:mavedb:00000114-a-1#1579,NA,NA,p.Met80Val,1.00539173575097,27,0.0577093811257244
urn:mavedb:00000114-a-1#1580,NA,NA,p.Met80Trp,0.979097850313123,21,0.0654816769023592
urn:mavedb:00000114-a-1#1581,NA,NA,p.Met80Tyr,0.987767382978117,25,0.0608179521031209
urn:mavedb:00000114-a-1#1582,NA,NA,p.Asn81Ter,0.239994170802775,35,0.071431362215492
urn:mavedb:00000114-a-1#1583,NA,NA,p.Asn81Ala,1.05523155848157,24,0.036990936145919
urn:mavedb:00000114-a-1#1584,NA,NA,p.Asn81Cys,1.08572882256062,25,0.0539177007685918
urn:mavedb:00000114-a-1#1585,NA,NA,p.Asn81Asp,1.06549570464071,23,0.0769593484896001
urn:mavedb:00000114-a-1#1586,NA,NA,p.Asn81Glu,1.07819422033705,35,0.0411812806430549
urn:mavedb:00000114-a-1#1587,NA,NA,p.Asn81Phe,1.07581761931212,37,0.0361081042046394
urn:mavedb:00000114-a-1#1588,NA,NA,p.Asn81Gly,1.06581427201071,26,0.0600300549546548
urn:mavedb:00000114-a-1#1589,NA,NA,p.Asn81His,1.05159173505606,24,0.0513787033843861
urn:mavedb:00000114-a-1#1590,NA,NA,p.Asn81Ile,1.04736459504491,30,0.055697149154261
urn:mavedb:00000114-a-1#1591,NA,NA,p.Asn81Lys,0.992850667773502,40,0.0528772687269844
urn:mavedb:00000114-a-1#1592,NA,NA,p.Asn81Leu,1.07177284059992,33,0.0418757819306871
urn:mavedb:00000114-a-1#1593,NA,NA,p.Asn81Met,1.02874176175963,35,0.0577750423713886
urn:mavedb:00000114-a-1#1594,NA,NA,p.Asn81Pro,1.04783806895113,20,0.0759087857943944
urn:mavedb:00000114-a-1#1595,NA,NA,p.Asn81Gln,1.01588298904692,38,0.0472092182020582
urn:mavedb:00000114-a-1#1596,NA,NA,p.Asn81Arg,0.97521889934192,45,0.0588914415242523
urn:mavedb:00000114-a-1#1597,NA,NA,p.Asn81Ser,1.05739951572919,40,0.0324063494179938
urn:mavedb:00000114-a-1#1598,NA,NA,p.Asn81Thr,1.04429722796028,21,0.0339590156012648
urn:mavedb:00000114-a-1#1599,NA,NA,p.Asn81Val,1.04095033895558,30,0.0666368168272242
urn:mavedb:00000114-a-1#1600,NA,NA,p.Asn81Trp,1.05246905630208,41,0.03498088654296
urn:mavedb:00000114-a-1#1601,NA,NA,p.Asn81Tyr,1.07782766013748,21,0.0659643394215517
urn:mavedb:00000114-a-1#1602,NA,NA,p.Ala82Ter,0.398068821852734,27,0.0915739556701389
urn:mavedb:00000114-a-1#1603,NA,NA,p.Ala82Cys,0.943034535809147,29,0.0440405241145819
urn:mavedb:00000114-a-1#1604,NA,NA,p.Ala82Asp,0.922810867289414,25,0.0579869436957366
urn:mavedb:00000114-a-1#1605,NA,NA,p.Ala82Glu,1.02799069704756,34,0.0537147528658073
urn:mavedb:00000114-a-1#1606,NA,NA,p.Ala82Phe,0.984713375926607,31,0.0547423822211982
urn:mavedb:00000114-a-1#1607,NA,NA,p.Ala82Gly,0.827769643540183,24,0.105289614755012
urn:mavedb:00000114-a-1#1608,NA,NA,p.Ala82His,0.835253956150328,17,0.0743082510595209
urn:mavedb:00000114-a-1#1609,NA,NA,p.Ala82Ile,0.995238127538093,21,0.0515287954002017
urn:mavedb:00000114-a-1#1610,NA,NA,p.Ala82Lys,1.01284321579318,22,0.0800441446024961
urn:mavedb:00000114-a-1#1611,NA,NA,p.Ala82Leu,1.05147748882705,32,0.0339290720476655
urn:mavedb:00000114-a-1#1612,NA,NA,p.Ala82Met,1.01322472554244,25,0.0875343732392519
urn:mavedb:00000114-a-1#1613,NA,NA,p.Ala82Asn,0.936466807512723,29,0.0800072977135931
urn:mavedb:00000114-a-1#1614,NA,NA,p.Ala82Pro,1.0513053049617,31,0.0550185752325471
urn:mavedb:00000114-a-1#1615,NA,NA,p.Ala82Gln,1.01786799529828,42,0.0394177843899845
urn:mavedb:00000114-a-1#1616,NA,NA,p.Ala82Arg,0.990956499296964,29,0.0479824021546451
urn:mavedb:00000114-a-1#1617,NA,NA,p.Ala82Ser,0.971632548944591,22,0.0576393229605003
urn:mavedb:00000114-a-1#1618,NA,NA,p.Ala82Thr,1.00126169536383,25,0.043548732851799
urn:mavedb:00000114-a-1#1619,NA,NA,p.Ala82Val,1.03621723848035,39,0.0552683022288556
urn:mavedb:00000114-a-1#1620,NA,NA,p.Ala82Trp,1.02746174874164,35,0.0609519110254489
urn:mavedb:00000114-a-1#1621,NA,NA,p.Ala82Tyr,0.999191227176099,32,0.0306236349822123
urn:mavedb:00000114-a-1#1622,NA,NA,p.Thr83Ter,0.206761373964931,23,0.0783699198384708
urn:mavedb:00000114-a-1#1623,NA,NA,p.Thr83Ala,0.992434580739328,14,0.0723928362644974
urn:mavedb:00000114-a-1#1624,NA,NA,p.Thr83Cys,0.972579370296536,30,0.0547148981748449
urn:mavedb:00000114-a-1#1625,NA,NA,p.Thr83Asp,1.00145350659606,31,0.0593927044828417
urn:mavedb:00000114-a-1#1626,NA,NA,p.Thr83Glu,1.04749144303743,32,0.0418736059779733
urn:mavedb:00000114-a-1#1627,NA,NA,p.Thr83Phe,1.04392461930753,19,0.0508790250730495
urn:mavedb:00000114-a-1#1628,NA,NA,p.Thr83Gly,0.9920919227407,30,0.0508136648900187
urn:mavedb:00000114-a-1#1629,NA,NA,p.Thr83His,0.950074062133255,19,0.0669536144327906
urn:mavedb:00000114-a-1#1630,NA,NA,p.Thr83Ile,1.0411119298474,30,0.0558264725957282
urn:mavedb:00000114-a-1#1631,NA,NA,p.Thr83Lys,0.972022942003491,34,0.0304009407193783
urn:mavedb:00000114-a-1#1632,NA,NA,p.Thr83Leu,1.03993718612143,24,0.08329484136024
urn:mavedb:00000114-a-1#1633,NA,NA,p.Thr83Met,1.03410417054398,33,0.0455820613111529
urn:mavedb:00000114-a-1#1634,NA,NA,p.Thr83Asn,0.966447724427065,34,0.0631704358600196
urn:mavedb:00000114-a-1#1635,NA,NA,p.Thr83Pro,1.02712478723736,22,0.0727161885056506
urn:mavedb:00000114-a-1#1636,NA,NA,p.Thr83Gln,1.03754838155472,20,0.0497009885031437
urn:mavedb:00000114-a-1#1637,NA,NA,p.Thr83Arg,0.967001849830597,26,0.0874766890068792
urn:mavedb:00000114-a-1#1638,NA,NA,p.Thr83Ser,1.01341247469981,26,0.0525960368888481
urn:mavedb:00000114-a-1#1639,NA,NA,p.Thr83Val,1.03262042528377,19,0.0453475279972138
urn:mavedb:00000114-a-1#1640,NA,NA,p.Thr83Trp,1.01731786545921,40,0.0347907663400238
urn:mavedb:00000114-a-1#1641,NA,NA,p.Thr83Tyr,1.03519494895644,34,0.0535975054262334
urn:mavedb:00000114-a-1#1642,NA,NA,p.Gly84Ter,0.0360783265259038,22,0.0492264162525883
urn:mavedb:00000114-a-1#1643,NA,NA,p.Gly84Ala,1.02541078384387,18,0.0705194119543358
urn:mavedb:00000114-a-1#1644,NA,NA,p.Gly84Cys,1.0011974568233,26,0.0452867993579609
urn:mavedb:00000114-a-1#1645,NA,NA,p.Gly84Asp,0.992904088117385,29,0.0517884288109373
urn:mavedb:00000114-a-1#1646,NA,NA,p.Gly84Glu,0.987034388389758,26,0.0685849554536336
urn:mavedb:00000114-a-1#1647,NA,NA,p.Gly84Phe,1.02513035601298,20,0.0672463930544676
urn:mavedb:00000114-a-1#1648,NA,NA,p.Gly84His,0.928757217758231,26,0.0458370132634559
urn:mavedb:00000114-a-1#1649,NA,NA,p.Gly84Ile,1.00031306495961,21,0.0587640011085605
urn:mavedb:00000114-a-1#1650,NA,NA,p.Gly84Lys,0.985195062944449,21,0.0510631625532851
urn:mavedb:00000114-a-1#1651,NA,NA,p.Gly84Leu,0.992453322263522,19,0.0656644750567551
urn:mavedb:00000114-a-1#1652,NA,NA,p.Gly84Met,0.997470848424929,38,0.0346016590749619
urn:mavedb:00000114-a-1#1653,NA,NA,p.Gly84Asn,0.949635103507596,26,0.0583994903017177
urn:mavedb:00000114-a-1#1654,NA,NA,p.Gly84Pro,1.01813960805773,34,0.0456696927456317
urn:mavedb:00000114-a-1#1655,NA,NA,p.Gly84Gln,0.957067101086802,25,0.0366205683603801
urn:mavedb:00000114-a-1#1656,NA,NA,p.Gly84Arg,0.966281257139129,30,0.0439766127890718
urn:mavedb:00000114-a-1#1657,NA,NA,p.Gly84Ser,0.981084431786961,19,0.0534514832189566
urn:mavedb:00000114-a-1#1658,NA,NA,p.Gly84Thr,0.997163057975939,29,0.0584278961914295
urn:mavedb:00000114-a-1#1659,NA,NA,p.Gly84Val,1.02068820384454,35,0.0589730373486045
urn:mavedb:00000114-a-1#1660,NA,NA,p.Gly84Trp,0.987946698678013,38,0.0411672985235542
urn:mavedb:00000114-a-1#1661,NA,NA,p.Gly84Tyr,0.986662301989857,20,0.0920291542739169
urn:mavedb:00000114-a-1#1662,NA,NA,p.Gly85Ter,0.0558216631013797,16,0.046814771436956
urn:mavedb:00000114-a-1#1663,NA,NA,p.Gly85Ala,1.00389150632744,14,0.0731618285093853
urn:mavedb:00000114-a-1#1664,NA,NA,p.Gly85Cys,0.989714863160346,28,0.0455817647914541
urn:mavedb:00000114-a-1#1665,NA,NA,p.Gly85Asp,1.0533312515585,15,0.0690922535349686
urn:mavedb:00000114-a-1#1666,NA,NA,p.Gly85Glu,1.00323817403175,20,0.0645799036096627
urn:mavedb:00000114-a-1#1667,NA,NA,p.Gly85Phe,1.00926184292608,34,0.0414039345613954
urn:mavedb:00000114-a-1#1668,NA,NA,p.Gly85His,1.01356153052988,32,0.0443095185345048
urn:mavedb:00000114-a-1#1669,NA,NA,p.Gly85Ile,0.987394307208216,28,0.0578635481981039
urn:mavedb:00000114-a-1#1670,NA,NA,p.Gly85Lys,0.975400840963123,17,0.0565323836627018
urn:mavedb:00000114-a-1#1671,NA,NA,p.Gly85Leu,1.0203980595514,19,0.0774530103011397
urn:mavedb:00000114-a-1#1672,NA,NA,p.Gly85Met,1.00231630575244,25,0.0533521267415027
urn:mavedb:00000114-a-1#1673,NA,NA,p.Gly85Asn,1.00076129001641,24,0.0755104527668525
urn:mavedb:00000114-a-1#1674,NA,NA,p.Gly85Pro,0.978597942946937,26,0.0721611438488658
urn:mavedb:00000114-a-1#1675,NA,NA,p.Gly85Gln,0.973261736712749,28,0.0370913943088369
urn:mavedb:00000114-a-1#1676,NA,NA,p.Gly85Arg,0.934770575918958,21,0.0701438920094904
urn:mavedb:00000114-a-1#1677,NA,NA,p.Gly85Ser,0.987939337675822,22,0.0482892669134485
urn:mavedb:00000114-a-1#1678,NA,NA,p.Gly85Thr,1.00660394350587,26,0.0601156796419058
urn:mavedb:00000114-a-1#1679,NA,NA,p.Gly85Val,0.97515407045248,27,0.0599696168297413
urn:mavedb:00000114-a-1#1680,NA,NA,p.Gly85Trp,0.962701554198897,34,0.051009625053681
urn:mavedb:00000114-a-1#1681,NA,NA,p.Gly85Tyr,1.01755734699128,19,0.0489646776803455
urn:mavedb:00000114-a-1#1682,NA,NA,p.Asp86Ter,0.0214081455391613,31,0.0727955700994358
urn:mavedb:00000114-a-1#1683,NA,NA,p.Asp86Ala,0.972393795150263,17,0.102718820263895
urn:mavedb:00000114-a-1#1684,NA,NA,p.Asp86Cys,0.917915328782631,14,0.0958047676603057
urn:mavedb:00000114-a-1#1685,NA,NA,p.Asp86Glu,1.00673878034184,36,0.0552659513691208
urn:mavedb:00000114-a-1#1686,NA,NA,p.Asp86Phe,0.983447435670262,24,0.0669180239597314
urn:mavedb:00000114-a-1#1687,NA,NA,p.Asp86Gly,0.989025639055854,27,0.0479585525721525
urn:mavedb:00000114-a-1#1688,NA,NA,p.Asp86His,0.935064856541685,36,0.059331351527731
urn:mavedb:00000114-a-1#1689,NA,NA,p.Asp86Ile,0.996211343553533,22,0.0471070719050665
urn:mavedb:00000114-a-1#1690,NA,NA,p.Asp86Lys,0.947505123141687,40,0.0543958802050143
urn:mavedb:00000114-a-1#1691,NA,NA,p.Asp86Leu,0.984991666868924,33,0.0437460887065113
urn:mavedb:00000114-a-1#1692,NA,NA,p.Asp86Met,0.980186509945453,29,0.0578601197520401
urn:mavedb:00000114-a-1#1693,NA,NA,p.Asp86Asn,1.00545898011606,23,0.051889334521217
urn:mavedb:00000114-a-1#1694,NA,NA,p.Asp86Pro,0.94042893952816,17,0.126961000190037
urn:mavedb:00000114-a-1#1695,NA,NA,p.Asp86Gln,0.931205931165347,35,0.060536373515478
urn:mavedb:00000114-a-1#1696,NA,NA,p.Asp86Arg,0.948817857272463,31,0.059230663780682
urn:mavedb:00000114-a-1#1697,NA,NA,p.Asp86Ser,0.983567390197009,24,0.106136697865561
urn:mavedb:00000114-a-1#1698,NA,NA,p.Asp86Thr,0.996779575734227,22,0.0666089123133496
urn:mavedb:00000114-a-1#1699,NA,NA,p.Asp86Val,0.98497173635182,23,0.0578526992001909
urn:mavedb:00000114-a-1#1700,NA,NA,p.Asp86Trp,1.01292412565342,27,0.062868427621622
urn:mavedb:00000114-a-1#1701,NA,NA,p.Asp86Tyr,0.994811633322067,29,0.0627070580351599
urn:mavedb:00000114-a-1#1702,NA,NA,p.Asp87Ter,0.616461112489149,23,0.166318952618678
urn:mavedb:00000114-a-1#1703,NA,NA,p.Asp87Ala,0.949098080149696,20,0.0542299937101044
urn:mavedb:00000114-a-1#1704,NA,NA,p.Asp87Cys,0.986915190181172,10,0.0785710243423102
urn:mavedb:00000114-a-1#1705,NA,NA,p.Asp87Glu,1.03868523112373,26,0.0707193232315127
urn:mavedb:00000114-a-1#1706,NA,NA,p.Asp87Phe,1.00422263406065,22,0.0467670045060116
urn:mavedb:00000114-a-1#1707,NA,NA,p.Asp87Gly,0.959522540888348,18,0.0466144559974886
urn:mavedb:00000114-a-1#1708,NA,NA,p.Asp87His,0.955210448257772,27,0.0536871697372379
urn:mavedb:00000114-a-1#1709,NA,NA,p.Asp87Ile,1.00396818962429,25,0.0522628329732946
urn:mavedb:00000114-a-1#1710,NA,NA,p.Asp87Lys,0.981124489681439,23,0.0667521038234893
urn:mavedb:00000114-a-1#1711,NA,NA,p.Asp87Leu,0.993869424935024,28,0.0672571421032264
urn:mavedb:00000114-a-1#1712,NA,NA,p.Asp87Met,0.961933408578695,22,0.0489459888111582
urn:mavedb:00000114-a-1#1713,NA,NA,p.Asp87Asn,0.908682014427345,20,0.0521727399652528
urn:mavedb:00000114-a-1#1714,NA,NA,p.Asp87Pro,0.96638292412349,24,0.0785380081448578
urn:mavedb:00000114-a-1#1715,NA,NA,p.Asp87Gln,1.00299375788197,26,0.0305665659662774
urn:mavedb:00000114-a-1#1716,NA,NA,p.Asp87Arg,0.93287368727452,26,0.0638878064546893
urn:mavedb:00000114-a-1#1717,NA,NA,p.Asp87Ser,1.01681225688458,20,0.0470627518929716
urn:mavedb:00000114-a-1#1718,NA,NA,p.Asp87Thr,0.976225684947818,19,0.0579149808441546
urn:mavedb:00000114-a-1#1719,NA,NA,p.Asp87Val,0.990995373872257,26,0.0656679851248542
urn:mavedb:00000114-a-1#1720,NA,NA,p.Asp87Trp,1.01069670320176,17,0.0751681989415566
urn:mavedb:00000114-a-1#1721,NA,NA,p.Asp87Tyr,0.947809171633502,30,0.0538768474055154
urn:mavedb:00000114-a-1#1722,NA,NA,p.Pro88Ter,0.829958116935085,33,0.162921414304199
urn:mavedb:00000114-a-1#1723,NA,NA,p.Pro88Ala,0.928496075991503,19,0.0659646315659121
urn:mavedb:00000114-a-1#1724,NA,NA,p.Pro88Cys,0.919813753624094,30,0.0487483871201882
urn:mavedb:00000114-a-1#1725,NA,NA,p.Pro88Asp,1.02083236973001,17,0.058460173690315
urn:mavedb:00000114-a-1#1726,NA,NA,p.Pro88Glu,0.994988113875749,24,0.0882380555734928
urn:mavedb:00000114-a-1#1727,NA,NA,p.Pro88Phe,0.708558460505117,23,0.0553083054096817
urn:mavedb:00000114-a-1#1728,NA,NA,p.Pro88Gly,0.98351268169304,32,0.0716052876636793
urn:mavedb:00000114-a-1#1729,NA,NA,p.Pro88His,0.815543625851121,25,0.0779331934038218
urn:mavedb:00000114-a-1#1730,NA,NA,p.Pro88Ile,0.99829906415288,29,0.0560183095210399
urn:mavedb:00000114-a-1#1731,NA,NA,p.Pro88Lys,0.932634957981256,29,0.0762559369621775
urn:mavedb:00000114-a-1#1732,NA,NA,p.Pro88Leu,1.00857404257811,29,0.065767346104007
urn:mavedb:00000114-a-1#1733,NA,NA,p.Pro88Met,0.957459455772428,25,0.0530909075603232
urn:mavedb:00000114-a-1#1734,NA,NA,p.Pro88Asn,0.949054778009107,14,0.075594477468722
urn:mavedb:00000114-a-1#1735,NA,NA,p.Pro88Gln,0.964426380583726,19,0.0808592402027963
urn:mavedb:00000114-a-1#1736,NA,NA,p.Pro88Arg,0.929394081315562,31,0.0604452006352954
urn:mavedb:00000114-a-1#1737,NA,NA,p.Pro88Ser,0.953903853472215,28,0.0402680942382884
urn:mavedb:00000114-a-1#1738,NA,NA,p.Pro88Thr,1.01512713045563,23,0.0570922729951264
urn:mavedb:00000114-a-1#1739,NA,NA,p.Pro88Val,0.979309684460511,19,0.0884238188903136
urn:mavedb:00000114-a-1#1740,NA,NA,p.Pro88Trp,0.874558159558015,26,0.0512776757250869
urn:mavedb:00000114-a-1#1741,NA,NA,p.Pro88Tyr,0.743490385178049,23,0.102291852167476
urn:mavedb:00000114-a-1#1742,NA,NA,p.Arg89Ter,0.598436479249858,22,0.149055525955092
urn:mavedb:00000114-a-1#1743,NA,NA,p.Arg89Ala,1.04277913623781,24,0.0643727710916286
urn:mavedb:00000114-a-1#1744,NA,NA,p.Arg89Cys,1.0060645743053,36,0.0507764992037213
urn:mavedb:00000114-a-1#1745,NA,NA,p.Arg89Asp,1.05688296909391,34,0.0316106842171152
urn:mavedb:00000114-a-1#1746,NA,NA,p.Arg89Glu,1.06303288214672,32,0.066228286608181
urn:mavedb:00000114-a-1#1747,NA,NA,p.Arg89Phe,1.01379539395222,40,0.0575610249973459
urn:mavedb:00000114-a-1#1748,NA,NA,p.Arg89Gly,1.03535424867165,24,0.0612626928688994
urn:mavedb:00000114-a-1#1749,NA,NA,p.Arg89His,1.0032166823166,27,0.05291707454745
urn:mavedb:00000114-a-1#1750,NA,NA,p.Arg89Ile,1.0161325700299,35,0.0607673857397498
urn:mavedb:00000114-a-1#1751,NA,NA,p.Arg89Lys,1.00613763923661,30,0.0501395614081067
urn:mavedb:00000114-a-1#1752,NA,NA,p.Arg89Leu,1.02100308499628,34,0.0351387865627591
urn:mavedb:00000114-a-1#1753,NA,NA,p.Arg89Met,1.03812397114024,25,0.054728562227222
urn:mavedb:00000114-a-1#1754,NA,NA,p.Arg89Asn,1.0439043246846,25,0.0438585497827337
urn:mavedb:00000114-a-1#1755,NA,NA,p.Arg89Pro,1.01520304686947,21,0.0540636126585334
urn:mavedb:00000114-a-1#1756,NA,NA,p.Arg89Gln,1.03893132891213,37,0.0565784781869137
urn:mavedb:00000114-a-1#1757,NA,NA,p.Arg89Ser,1.00702439333983,26,0.0523609883843203
urn:mavedb:00000114-a-1#1758,NA,NA,p.Arg89Thr,1.04341995477777,32,0.0597482977530164
urn:mavedb:00000114-a-1#1759,NA,NA,p.Arg89Val,1.01911812089382,23,0.0510361337254977
urn:mavedb:00000114-a-1#1760,NA,NA,p.Arg89Trp,1.02202848622585,33,0.0378367483764946
urn:mavedb:00000114-a-1#1761,NA,NA,p.Arg89Tyr,1.02672943516282,27,0.0415730919511637
urn:mavedb:00000114-a-1#1762,NA,NA,p.Asn90Ter,0.431236234139473,27,0.117404555802572
urn:mavedb:00000114-a-1#1763,NA,NA,p.Asn90Ala,0.89553769631511,12,0.0870401677244032
urn:mavedb:00000114-a-1#1764,NA,NA,p.Asn90Cys,0.978944969033959,30,0.0593705025031286
urn:mavedb:00000114-a-1#1765,NA,NA,p.Asn90Asp,1.01870193578898,22,0.0433807710526966
urn:mavedb:00000114-a-1#1766,NA,NA,p.Asn90Glu,1.01459202721895,26,0.0425312608018813
urn:mavedb:00000114-a-1#1767,NA,NA,p.Asn90Phe,1.02957136115547,18,0.048879603456871
urn:mavedb:00000114-a-1#1768,NA,NA,p.Asn90Gly,1.06079124802547,22,0.0452946430063454
urn:mavedb:00000114-a-1#1769,NA,NA,p.Asn90His,0.988144520088636,20,0.062891285522819
urn:mavedb:00000114-a-1#1770,NA,NA,p.Asn90Ile,1.0032878946029,9,0.112034820793582
urn:mavedb:00000114-a-1#1771,NA,NA,p.Asn90Lys,0.990492044970354,24,0.0587837520879725
urn:mavedb:00000114-a-1#1772,NA,NA,p.Asn90Leu,1.02031085286456,21,0.0727539451519447
urn:mavedb:00000114-a-1#1773,NA,NA,p.Asn90Met,1.02858671060438,26,0.0445822208552305
urn:mavedb:00000114-a-1#1774,NA,NA,p.Asn90Pro,1.00725984448617,19,0.0640747866293352
urn:mavedb:00000114-a-1#1775,NA,NA,p.Asn90Gln,0.989289971871642,23,0.0729722693211715
urn:mavedb:00000114-a-1#1776,NA,NA,p.Asn90Arg,0.986380736571735,29,0.0425501517855692
urn:mavedb:00000114-a-1#1777,NA,NA,p.Asn90Ser,1.02335519237888,26,0.067003695927876
urn:mavedb:00000114-a-1#1778,NA,NA,p.Asn90Thr,0.992478394190607,23,0.0698550090564031
urn:mavedb:00000114-a-1#1779,NA,NA,p.Asn90Val,1.02781953957942,18,0.0546310787217342
urn:mavedb:00000114-a-1#1780,NA,NA,p.Asn90Trp,0.918073197507914,24,0.0882100052304764
urn:mavedb:00000114-a-1#1781,NA,NA,p.Asn90Tyr,1.01611454924351,22,0.0793463584497301
urn:mavedb:00000114-a-1#1782,NA,NA,p.Ala91Ter,0.996220455020636,30,0.19173055265259
urn:mavedb:00000114-a-1#1783,NA,NA,p.Ala91Cys,0.829346512290996,18,0.0910518999722476
urn:mavedb:00000114-a-1#1784,NA,NA,p.Ala91Asp,0.979998376107933,20,0.0516065295071705
urn:mavedb:00000114-a-1#1785,NA,NA,p.Ala91Glu,0.996614315515788,27,0.0570853339801684
urn:mavedb:00000114-a-1#1786,NA,NA,p.Ala91Phe,0.971776346332678,29,0.0523418771103418
urn:mavedb:00000114-a-1#1787,NA,NA,p.Ala91Gly,0.989014543844163,20,0.0486616159035868
urn:mavedb:00000114-a-1#1788,NA,NA,p.Ala91His,0.956544973895907,30,0.0530934060217056
urn:mavedb:00000114-a-1#1789,NA,NA,p.Ala91Ile,0.999487908971694,18,0.056374799186706
urn:mavedb:00000114-a-1#1790,NA,NA,p.Ala91Lys,0.939417783579934,26,0.0642240338255585
urn:mavedb:00000114-a-1#1791,NA,NA,p.Ala91Leu,1.00467161361898,36,0.0583585661456566
urn:mavedb:00000114-a-1#1792,NA,NA,p.Ala91Met,0.964247685898361,29,0.0409902310153738
urn:mavedb:00000114-a-1#1793,NA,NA,p.Ala91Asn,1.00705129113497,24,0.0490434742112065
urn:mavedb:00000114-a-1#1794,NA,NA,p.Ala91Pro,1.00888012948183,32,0.0568686097510979
urn:mavedb:00000114-a-1#1795,NA,NA,p.Ala91Gln,0.985650381351173,23,0.0688159853193147
urn:mavedb:00000114-a-1#1796,NA,NA,p.Ala91Arg,0.941148855701554,26,0.0455879751948694
urn:mavedb:00000114-a-1#1797,NA,NA,p.Ala91Ser,0.925109609025288,16,0.0981534106504976
urn:mavedb:00000114-a-1#1798,NA,NA,p.Ala91Thr,0.950132671625897,24,0.0446245105970106
urn:mavedb:00000114-a-1#1799,NA,NA,p.Ala91Val,0.990167049980733,30,0.0508177803959961
urn:mavedb:00000114-a-1#1800,NA,NA,p.Ala91Trp,0.920673584696034,33,0.054065003153295
urn:mavedb:00000114-a-1#1801,NA,NA,p.Ala91Tyr,0.979134874897863,24,0.0577781688287666
urn:mavedb:00000114-a-1#1802,NA,NA,p.Ala92Ter,0.446088522084062,27,0.0994513265995755
urn:mavedb:00000114-a-1#1803,NA,NA,p.Ala92Cys,0.97537359265544,35,0.0353213158823952
urn:mavedb:00000114-a-1#1804,NA,NA,p.Ala92Asp,1.00435830988212,24,0.0399334769895041
urn:mavedb:00000114-a-1#1805,NA,NA,p.Ala92Glu,1.06410597592657,36,0.0456867972729571
urn:mavedb:00000114-a-1#1806,NA,NA,p.Ala92Phe,0.997850646215842,28,0.0393192750973303
urn:mavedb:00000114-a-1#1807,NA,NA,p.Ala92Gly,0.680913013055828,28,0.0427657785352625
urn:mavedb:00000114-a-1#1808,NA,NA,p.Ala92His,1.01544943565979,19,0.051853899108634
urn:mavedb:00000114-a-1#1809,NA,NA,p.Ala92Ile,1.01660330942345,25,0.0535027350583509
urn:mavedb:00000114-a-1#1810,NA,NA,p.Ala92Lys,1.01321317639077,41,0.060940938618076
urn:mavedb:00000114-a-1#1811,NA,NA,p.Ala92Leu,1.03224636211204,36,0.0378678203838921
urn:mavedb:00000114-a-1#1812,NA,NA,p.Ala92Met,1.01889563486259,39,0.0397229466745874
urn:mavedb:00000114-a-1#1813,NA,NA,p.Ala92Asn,1.00691400663678,37,0.0417760950534371
urn:mavedb:00000114-a-1#1814,NA,NA,p.Ala92Pro,0.993513172343012,12,0.073926696856438
urn:mavedb:00000114-a-1#1815,NA,NA,p.Ala92Gln,1.01184056410569,26,0.0540143451838679
urn:mavedb:00000114-a-1#1816,NA,NA,p.Ala92Arg,1.02214991600635,37,0.0416365935926181
urn:mavedb:00000114-a-1#1817,NA,NA,p.Ala92Ser,1.01238907968623,34,0.0518721828498338
urn:mavedb:00000114-a-1#1818,NA,NA,p.Ala92Thr,1.02665819714055,24,0.0351656103339933
urn:mavedb:00000114-a-1#1819,NA,NA,p.Ala92Val,0.974460019947263,33,0.0562130840429674
urn:mavedb:00000114-a-1#1820,NA,NA,p.Ala92Trp,1.03269171850184,26,0.0569478923181265
urn:mavedb:00000114-a-1#1821,NA,NA,p.Ala92Tyr,0.975782762229554,17,0.0619462612283539
urn:mavedb:00000114-a-1#1822,NA,NA,p.Gly93Ter,-0.0083299117963039,24,0.0238282310900594
urn:mavedb:00000114-a-1#1823,NA,NA,p.Gly93Ala,1.03149078892312,19,0.0743081429379591
urn:mavedb:00000114-a-1#1824,NA,NA,p.Gly93Cys,0.924803157783449,20,0.0704942663227293
urn:mavedb:00000114-a-1#1825,NA,NA,p.Gly93Asp,0.980937869899016,24,0.0372877213348294
urn:mavedb:00000114-a-1#1826,NA,NA,p.Gly93Glu,1.03132407210686,25,0.0610378091942834
urn:mavedb:00000114-a-1#1827,NA,NA,p.Gly93Phe,0.99750240286946,20,0.0701406813929496
urn:mavedb:00000114-a-1#1828,NA,NA,p.Gly93His,1.02588633632785,12,0.0863522801014931
urn:mavedb:00000114-a-1#1829,NA,NA,p.Gly93Ile,1.03246484193632,28,0.0688398120935698
urn:mavedb:00000114-a-1#1830,NA,NA,p.Gly93Lys,0.955199923226947,21,0.111156086986728
urn:mavedb:00000114-a-1#1831,NA,NA,p.Gly93Leu,0.971988598690743,23,0.0562557988989779
urn:mavedb:00000114-a-1#1832,NA,NA,p.Gly93Met,0.994019651096536,28,0.0364911992688467
urn:mavedb:00000114-a-1#1833,NA,NA,p.Gly93Asn,0.992106211025603,34,0.0606833581466316
urn:mavedb:00000114-a-1#1834,NA,NA,p.Gly93Pro,0.997426245084675,33,0.0873295284990438
urn:mavedb:00000114-a-1#1835,NA,NA,p.Gly93Gln,0.995521778094711,25,0.0509723759570229
urn:mavedb:00000114-a-1#1836,NA,NA,p.Gly93Arg,0.997328733088983,27,0.039050355417692
urn:mavedb:00000114-a-1#1837,NA,NA,p.Gly93Ser,1.02312871885816,22,0.0444204093252873
urn:mavedb:00000114-a-1#1838,NA,NA,p.Gly93Thr,1.04970172533525,18,0.0602316999800438
urn:mavedb:00000114-a-1#1839,NA,NA,p.Gly93Val,1.00924992994944,27,0.0747570773916092
urn:mavedb:00000114-a-1#1840,NA,NA,p.Gly93Trp,0.986297600695003,25,0.0467623057217996
urn:mavedb:00000114-a-1#1841,NA,NA,p.Gly93Tyr,0.983436158386067,20,0.0457039304752297
urn:mavedb:00000114-a-1#1842,NA,NA,p.Gly94Ter,0.0261464261501781,20,0.0826111917514061
urn:mavedb:00000114-a-1#1843,NA,NA,p.Gly94Ala,1.02245992961147,13,0.0592356873232414
urn:mavedb:00000114-a-1#1844,NA,NA,p.Gly94Cys,1.00125113992275,16,0.0792340391882507
urn:mavedb:00000114-a-1#1845,NA,NA,p.Gly94Asp,0.987961942338791,9,0.0737994148950653
urn:mavedb:00000114-a-1#1846,NA,NA,p.Gly94Glu,1.03968105212801,21,0.0433056258463019
urn:mavedb:00000114-a-1#1847,NA,NA,p.Gly94Phe,1.01188192443902,23,0.0826792179221298
urn:mavedb:00000114-a-1#1848,NA,NA,p.Gly94His,1.01825374944329,19,0.0438655023160762
urn:mavedb:00000114-a-1#1849,NA,NA,p.Gly94Ile,1.00451458020141,16,0.0601228906488456
urn:mavedb:00000114-a-1#1850,NA,NA,p.Gly94Lys,0.974843942322723,23,0.042737076868706
urn:mavedb:00000114-a-1#1851,NA,NA,p.Gly94Leu,1.03532890957503,16,0.053248225617441
urn:mavedb:00000114-a-1#1852,NA,NA,p.Gly94Met,1.00617213208778,15,0.0751205544245453
urn:mavedb:00000114-a-1#1853,NA,NA,p.Gly94Asn,0.981954221675599,14,0.0768266647088113
urn:mavedb:00000114-a-1#1854,NA,NA,p.Gly94Pro,0.862720046040955,14,0.0933989327210008
urn:mavedb:00000114-a-1#1855,NA,NA,p.Gly94Gln,0.963139315415757,11,0.0776541392348767
urn:mavedb:00000114-a-1#1856,NA,NA,p.Gly94Arg,0.98982457928751,23,0.0547502933825276
urn:mavedb:00000114-a-1#1857,NA,NA,p.Gly94Ser,0.988428406316209,24,0.0641999293502094
urn:mavedb:00000114-a-1#1858,NA,NA,p.Gly94Thr,1.02438815417752,8,0.0975504562605465
urn:mavedb:00000114-a-1#1859,NA,NA,p.Gly94Val,1.00164230989513,22,0.0691752744740556
urn:mavedb:00000114-a-1#1860,NA,NA,p.Gly94Trp,0.982492289342543,20,0.0837930048452377
urn:mavedb:00000114-a-1#1861,NA,NA,p.Gly94Tyr,1.03363203786165,8,0.128770366504024
urn:mavedb:00000114-a-1#1862,NA,NA,p.Cys95Ter,0.0343907676563664,13,0.109400855354612
urn:mavedb:00000114-a-1#1863,NA,NA,p.Cys95Ala,1.01950709483562,10,0.068285253130924
urn:mavedb:00000114-a-1#1864,NA,NA,p.Cys95Asp,1.05253244567243,10,0.100934686167563
urn:mavedb:00000114-a-1#1865,NA,NA,p.Cys95Glu,1.10285950527611,16,0.0630412444488666
urn:mavedb:00000114-a-1#1866,NA,NA,p.Cys95Phe,1.05899445236831,17,0.0597603613982653
urn:mavedb:00000114-a-1#1867,NA,NA,p.Cys95Gly,1.02198660815579,14,0.0711992352706149
urn:mavedb:00000114-a-1#1868,NA,NA,p.Cys95His,0.984300750077574,7,0.124672483474007
urn:mavedb:00000114-a-1#1869,NA,NA,p.Cys95Ile,1.02100218958803,14,0.106307754306708
urn:mavedb:00000114-a-1#1870,NA,NA,p.Cys95Lys,1.00909436352012,20,0.058726042015708
urn:mavedb:00000114-a-1#1871,NA,NA,p.Cys95Leu,1.06959237109788,7,0.0882183936966138
urn:mavedb:00000114-a-1#1872,NA,NA,p.Cys95Met,1.03903315297966,17,0.0576084431691997
urn:mavedb:00000114-a-1#1873,NA,NA,p.Cys95Asn,0.993680289899851,8,0.086418264047023
urn:mavedb:00000114-a-1#1874,NA,NA,p.Cys95Pro,1.06409891467048,10,0.0725915275074356
urn:mavedb:00000114-a-1#1875,NA,NA,p.Cys95Gln,1.05051459186113,17,0.0465878059939444
urn:mavedb:00000114-a-1#1876,NA,NA,p.Cys95Arg,1.00754925522129,24,0.0456259028869162
urn:mavedb:00000114-a-1#1877,NA,NA,p.Cys95Ser,1.02556361139771,13,0.0635671785907673
urn:mavedb:00000114-a-1#1878,NA,NA,p.Cys95Thr,0.964469308100571,15,0.0607626904682285
urn:mavedb:00000114-a-1#1879,NA,NA,p.Cys95Val,1.0525000557353,20,0.0683907405386757
urn:mavedb:00000114-a-1#1880,NA,NA,p.Cys95Trp,1.01888769240679,21,0.0390535143070942
urn:mavedb:00000114-a-1#1881,NA,NA,p.Cys95Tyr,1.00187997108613,20,0.0779915815197115
urn:mavedb:00000114-a-1#1882,NA,NA,p.Glu96Ter,0.178294422898197,31,0.0868714318766407
urn:mavedb:00000114-a-1#1883,NA,NA,p.Glu96Ala,0.960225991810697,37,0.0556641168748998
urn:mavedb:00000114-a-1#1884,NA,NA,p.Glu96Cys,0.932323359971582,22,0.0834157750667068
urn:mavedb:00000114-a-1#1885,NA,NA,p.Glu96Asp,0.972183652181309,31,0.0547739031978219
urn:mavedb:00000114-a-1#1886,NA,NA,p.Glu96Phe,0.924754130198138,23,0.0419201888675525
urn:mavedb:00000114-a-1#1887,NA,NA,p.Glu96Gly,0.973213375794778,35,0.0339013042292624
urn:mavedb:00000114-a-1#1888,NA,NA,p.Glu96His,0.952677567407829,20,0.0482652786352693
urn:mavedb:00000114-a-1#1889,NA,NA,p.Glu96Ile,0.934611901793228,30,0.0477107077128017
urn:mavedb:00000114-a-1#1890,NA,NA,p.Glu96Lys,0.912117381892524,25,0.0370170176785632
urn:mavedb:00000114-a-1#1891,NA,NA,p.Glu96Leu,0.973308220140456,21,0.0467037833912129
urn:mavedb:00000114-a-1#1892,NA,NA,p.Glu96Met,0.986967828264034,26,0.046692184866899
urn:mavedb:00000114-a-1#1893,NA,NA,p.Glu96Asn,0.937245016794263,26,0.0556812933943122
urn:mavedb:00000114-a-1#1894,NA,NA,p.Glu96Pro,0.985664864364964,21,0.06925093482717
urn:mavedb:00000114-a-1#1895,NA,NA,p.Glu96Gln,0.989395908538355,16,0.0462984190503323
urn:mavedb:00000114-a-1#1896,NA,NA,p.Glu96Arg,0.895420104043261,24,0.0726055219037157
urn:mavedb:00000114-a-1#1897,NA,NA,p.Glu96Ser,0.978720508714625,24,0.0855693994839423
urn:mavedb:00000114-a-1#1898,NA,NA,p.Glu96Thr,0.958015340917671,23,0.0557036959995351
urn:mavedb:00000114-a-1#1899,NA,NA,p.Glu96Val,0.96276440873432,26,0.053733435051575
urn:mavedb:00000114-a-1#1900,NA,NA,p.Glu96Trp,0.916929345415754,27,0.0638741521039315
urn:mavedb:00000114-a-1#1901,NA,NA,p.Glu96Tyr,1.17936551281919,31,0.117356425948541
urn:mavedb:00000114-a-1#1902,NA,NA,p.Arg97Ter,0.856174275506063,21,0.1680316479293
urn:mavedb:00000114-a-1#1903,NA,NA,p.Arg97Ala,1.03348545420154,18,0.065337282722038
urn:mavedb:00000114-a-1#1904,NA,NA,p.Arg97Cys,0.929932415453899,20,0.0559821371501933
urn:mavedb:00000114-a-1#1905,NA,NA,p.Arg97Asp,1.00378244686861,24,0.0434089669802514
urn:mavedb:00000114-a-1#1906,NA,NA,p.Arg97Glu,0.967058266990353,19,0.0875462274695363
urn:mavedb:00000114-a-1#1907,NA,NA,p.Arg97Phe,0.973021974306885,18,0.0587221842901252
urn:mavedb:00000114-a-1#1908,NA,NA,p.Arg97Gly,1.0621560928485,11,0.0563868665216145
urn:mavedb:00000114-a-1#1909,NA,NA,p.Arg97His,0.993184393033788,20,0.0606300963051044
urn:mavedb:00000114-a-1#1910,NA,NA,p.Arg97Ile,1.0196533103955,16,0.0606645532705357
urn:mavedb:00000114-a-1#1911,NA,NA,p.Arg97Lys,1.03505524258718,26,0.0408028257529758
urn:mavedb:00000114-a-1#1912,NA,NA,p.Arg97Leu,1.00156264879438,26,0.0448074800212889
urn:mavedb:00000114-a-1#1913,NA,NA,p.Arg97Met,1.01492517171321,25,0.0353356870361802
urn:mavedb:00000114-a-1#1914,NA,NA,p.Arg97Asn,1.00448548492732,28,0.0477514693249335
urn:mavedb:00000114-a-1#1915,NA,NA,p.Arg97Pro,0.989087548066882,24,0.0637369707996001
urn:mavedb:00000114-a-1#1916,NA,NA,p.Arg97Gln,1.01843039556053,28,0.0673496559634467
urn:mavedb:00000114-a-1#1917,NA,NA,p.Arg97Ser,1.00498984077806,24,0.0547243738244369
urn:mavedb:00000114-a-1#1918,NA,NA,p.Arg97Thr,1.0062287802202,19,0.052560451934872
urn:mavedb:00000114-a-1#1919,NA,NA,p.Arg97Val,1.00175771341095,22,0.0395702837358254
urn:mavedb:00000114-a-1#1920,NA,NA,p.Arg97Trp,0.942786182935055,28,0.0477003299208552
urn:mavedb:00000114-a-1#1921,NA,NA,p.Arg97Tyr,0.966379452273612,25,0.05610712411869
urn:mavedb:00000114-a-1#1922,NA,NA,p.Glu98Ter,0.114618610652206,18,0.106273818835686
urn:mavedb:00000114-a-1#1923,NA,NA,p.Glu98Ala,0.948652131106055,23,0.0651790282183292
urn:mavedb:00000114-a-1#1924,NA,NA,p.Glu98Cys,0.851262897934311,21,0.0646049492852176
urn:mavedb:00000114-a-1#1925,NA,NA,p.Glu98Asp,0.982093580932996,19,0.0702984556633709
urn:mavedb:00000114-a-1#1926,NA,NA,p.Glu98Phe,0.939973013353808,18,0.0820530581999052
urn:mavedb:00000114-a-1#1927,NA,NA,p.Glu98Gly,0.994851911628367,28,0.058042997087616
urn:mavedb:00000114-a-1#1928,NA,NA,p.Glu98His,0.93592441429447,20,0.0632351784052543
urn:mavedb:00000114-a-1#1929,NA,NA,p.Glu98Ile,0.898033586787867,19,0.0850342526140378
urn:mavedb:00000114-a-1#1930,NA,NA,p.Glu98Lys,0.951964705652221,16,0.0551607873659379
urn:mavedb:00000114-a-1#1931,NA,NA,p.Glu98Leu,0.931571222845212,15,0.0514145686216812
urn:mavedb:00000114-a-1#1932,NA,NA,p.Glu98Met,0.94096838863075,14,0.0825246774428886
urn:mavedb:00000114-a-1#1933,NA,NA,p.Glu98Asn,0.985093154976096,17,0.0535416042411802
urn:mavedb:00000114-a-1#1934,NA,NA,p.Glu98Pro,0.970995452029688,11,0.08584345849953
urn:mavedb:00000114-a-1#1935,NA,NA,p.Glu98Gln,0.97315435126032,19,0.0705880359319402
urn:mavedb:00000114-a-1#1936,NA,NA,p.Glu98Arg,0.930474492387962,15,0.0912797404214599
urn:mavedb:00000114-a-1#1937,NA,NA,p.Glu98Ser,0.979709157297016,15,0.0861391432963696
urn:mavedb:00000114-a-1#1938,NA,NA,p.Glu98Thr,0.935686985601396,15,0.0877756154472013
urn:mavedb:00000114-a-1#1939,NA,NA,p.Glu98Val,0.95070279537126,17,0.0744848677816329
urn:mavedb:00000114-a-1#1940,NA,NA,p.Glu98Trp,0.88766804594817,29,0.0516496520213288
urn:mavedb:00000114-a-1#1941,NA,NA,p.Glu98Tyr,0.906033581138309,16,0.09763453347339
urn:mavedb:00000114-a-1#1942,NA,NA,p.Pro99Ter,0.913500891033418,33,0.156115500291293
urn:mavedb:00000114-a-1#1943,NA,NA,p.Pro99Ala,1.02180239421836,27,0.032394676192311
urn:mavedb:00000114-a-1#1944,NA,NA,p.Pro99Cys,0.948475239377629,28,0.0944732857896618
urn:mavedb:00000114-a-1#1945,NA,NA,p.Pro99Asp,1.07973554417771,17,0.0785415041322752
urn:mavedb:00000114-a-1#1946,NA,NA,p.Pro99Glu,1.08017889795743,41,0.040997097489217
urn:mavedb:00000114-a-1#1947,NA,NA,p.Pro99Phe,0.959211942809946,35,0.0369826168480918
urn:mavedb:00000114-a-1#1948,NA,NA,p.Pro99Gly,1.03973922287145,29,0.0615601590621804
urn:mavedb:00000114-a-1#1949,NA,NA,p.Pro99His,1.01834377942646,40,0.025698034535756
urn:mavedb:00000114-a-1#1950,NA,NA,p.Pro99Ile,0.983453592482189,19,0.0706445104956241
urn:mavedb:00000114-a-1#1951,NA,NA,p.Pro99Lys,1.04509178829314,31,0.0477342412842821
urn:mavedb:00000114-a-1#1952,NA,NA,p.Pro99Leu,0.99165828437089,28,0.0558672558180529
urn:mavedb:00000114-a-1#1953,NA,NA,p.Pro99Met,1.05064652961183,34,0.0635500135667259
urn:mavedb:00000114-a-1#1954,NA,NA,p.Pro99Asn,1.04249060136802,43,0.0403651093169315
urn:mavedb:00000114-a-1#1955,NA,NA,p.Pro99Gln,1.05019213717955,22,0.0478123423323663
urn:mavedb:00000114-a-1#1956,NA,NA,p.Pro99Arg,1.04673480043741,20,0.0534878735871563
urn:mavedb:00000114-a-1#1957,NA,NA,p.Pro99Ser,1.0442598074117,33,0.0542647563209335
urn:mavedb:00000114-a-1#1958,NA,NA,p.Pro99Thr,0.990675327154103,20,0.0414336900301052
urn:mavedb:00000114-a-1#1959,NA,NA,p.Pro99Val,0.984492137040586,4,0.143577054525388
urn:mavedb:00000114-a-1#1960,NA,NA,p.Pro99Trp,0.965899959038665,31,0.026749686236732
urn:mavedb:00000114-a-1#1961,NA,NA,p.Pro99Tyr,0.934440052441885,24,0.0347871693551589
urn:mavedb:00000114-a-1#1962,NA,NA,p.Gln100Ter,-0.0107204393841203,30,0.022924147380029
urn:mavedb:00000114-a-1#1963,NA,NA,p.Gln100Ala,1.00332477803438,25,0.0544284244751553
urn:mavedb:00000114-a-1#1964,NA,NA,p.Gln100Cys,0.938242565029709,24,0.0556974607942618
urn:mavedb:00000114-a-1#1965,NA,NA,p.Gln100Asp,1.02465200811173,23,0.0625377468550539
urn:mavedb:00000114-a-1#1966,NA,NA,p.Gln100Glu,0.987886907461258,36,0.0476293296909465
urn:mavedb:00000114-a-1#1967,NA,NA,p.Gln100Phe,0.919801051834409,28,0.0551061293058008
urn:mavedb:00000114-a-1#1968,NA,NA,p.Gln100Gly,1.01690470046911,20,0.0630161875212315
urn:mavedb:00000114-a-1#1969,NA,NA,p.Gln100His,0.984069865383888,24,0.0588092449340837
urn:mavedb:00000114-a-1#1970,NA,NA,p.Gln100Ile,0.913063191739505,27,0.0618863863292094
urn:mavedb:00000114-a-1#1971,NA,NA,p.Gln100Lys,0.991051294480549,26,0.0392284809119946
urn:mavedb:00000114-a-1#1972,NA,NA,p.Gln100Leu,0.980563313224927,33,0.0370096608560892
urn:mavedb:00000114-a-1#1973,NA,NA,p.Gln100Met,0.970511596100515,32,0.0406773957265423
urn:mavedb:00000114-a-1#1974,NA,NA,p.Gln100Asn,1.01044135132518,26,0.0663122481598076
urn:mavedb:00000114-a-1#1975,NA,NA,p.Gln100Pro,0.97159457514238,23,0.0822001463908655
urn:mavedb:00000114-a-1#1976,NA,NA,p.Gln100Arg,0.982696333359686,29,0.0393304649089772
urn:mavedb:00000114-a-1#1977,NA,NA,p.Gln100Ser,1.00713547584482,19,0.0603649974626385
urn:mavedb:00000114-a-1#1978,NA,NA,p.Gln100Thr,0.98344798671863,32,0.0741201530150718
urn:mavedb:00000114-a-1#1979,NA,NA,p.Gln100Val,0.951205850818609,29,0.0569359093066032
urn:mavedb:00000114-a-1#1980,NA,NA,p.Gln100Trp,0.938926945312782,25,0.0558223833887546
urn:mavedb:00000114-a-1#1981,NA,NA,p.Gln100Tyr,0.921392137889827,22,0.0595736763201946
urn:mavedb:00000114-a-1#1982,NA,NA,p.Ser101Ter,1.05967737929065,29,0.197014221580582
urn:mavedb:00000114-a-1#1983,NA,NA,p.Ser101Ala,0.978221954851676,20,0.0575452535648708
urn:mavedb:00000114-a-1#1984,NA,NA,p.Ser101Cys,0.918336732785058,21,0.067702628531372
urn:mavedb:00000114-a-1#1985,NA,NA,p.Ser101Asp,1.04562560066401,26,0.0701052097809086
urn:mavedb:00000114-a-1#1986,NA,NA,p.Ser101Glu,1.04818810199603,31,0.0430118040831457
urn:mavedb:00000114-a-1#1987,NA,NA,p.Ser101Phe,0.894796121725404,30,0.0670248037790607
urn:mavedb:00000114-a-1#1988,NA,NA,p.Ser101Gly,0.978055483453841,25,0.0669729896223453
urn:mavedb:00000114-a-1#1989,NA,NA,p.Ser101His,0.936879750840053,23,0.0437985419024092
urn:mavedb:00000114-a-1#1990,NA,NA,p.Ser101Ile,0.902145875073896,22,0.0931824172646797
urn:mavedb:00000114-a-1#1991,NA,NA,p.Ser101Lys,0.926805183988829,29,0.0530266037639682
urn:mavedb:00000114-a-1#1992,NA,NA,p.Ser101Leu,0.947423233425282,29,0.0569461350344801
urn:mavedb:00000114-a-1#1993,NA,NA,p.Ser101Met,0.958366267416438,30,0.0579615904761178
urn:mavedb:00000114-a-1#1994,NA,NA,p.Ser101Asn,1.00145255930642,31,0.0597133542657026
urn:mavedb:00000114-a-1#1995,NA,NA,p.Ser101Pro,0.999380481646291,22,0.0688458266343046
urn:mavedb:00000114-a-1#1996,NA,NA,p.Ser101Gln,0.977299098626114,33,0.0466405541734918
urn:mavedb:00000114-a-1#1997,NA,NA,p.Ser101Arg,0.933971028604042,25,0.0528195604323071
urn:mavedb:00000114-a-1#1998,NA,NA,p.Ser101Thr,0.957754293711003,28,0.0733539659161714
urn:mavedb:00000114-a-1#1999,NA,NA,p.Ser101Val,0.939280618924089,25,0.0507411877143343
urn:mavedb:00000114-a-1#2000,NA,NA,p.Ser101Trp,0.842177690806919,32,0.0553442837508261
urn:mavedb:00000114-a-1#2001,NA,NA,p.Ser101Tyr,0.900214291607124,19,0.0451482426106613
urn:mavedb:00000114-a-1#2002,NA,NA,p.Leu102Ter,1.0656506777676,23,0.163406518128015
urn:mavedb:00000114-a-1#2003,NA,NA,p.Leu102Ala,0.994608929466482,19,0.0825950365162783
urn:mavedb:00000114-a-1#2004,NA,NA,p.Leu102Cys,0.96210478362262,21,0.0448977456688048
urn:mavedb:00000114-a-1#2005,NA,NA,p.Leu102Asp,0.980746110161069,30,0.0577674675111902
urn:mavedb:00000114-a-1#2006,NA,NA,p.Leu102Glu,1.02944706717923,25,0.0539314111876985
urn:mavedb:00000114-a-1#2007,NA,NA,p.Leu102Phe,0.960722930874728,26,0.0544631343040139
urn:mavedb:00000114-a-1#2008,NA,NA,p.Leu102Gly,0.976861104658371,17,0.0612058676268594
urn:mavedb:00000114-a-1#2009,NA,NA,p.Leu102His,0.986525844796706,19,0.0696274040381088
urn:mavedb:00000114-a-1#2010,NA,NA,p.Leu102Ile,0.987418043172726,26,0.0557092314707867
urn:mavedb:00000114-a-1#2011,NA,NA,p.Leu102Lys,0.987821429011335,24,0.0555758322176141
urn:mavedb:00000114-a-1#2012,NA,NA,p.Leu102Met,0.983062806250779,19,0.0535179892351051
urn:mavedb:00000114-a-1#2013,NA,NA,p.Leu102Asn,0.997638849848327,35,0.0539917601700872
urn:mavedb:00000114-a-1#2014,NA,NA,p.Leu102Pro,0.990999908564192,21,0.0468824274371085
urn:mavedb:00000114-a-1#2015,NA,NA,p.Leu102Gln,1.03263079176127,26,0.0472837357454236
urn:mavedb:00000114-a-1#2016,NA,NA,p.Leu102Arg,0.963680177292484,35,0.0481489276587484
urn:mavedb:00000114-a-1#2017,NA,NA,p.Leu102Ser,0.956114955318773,36,0.0532383130318282
urn:mavedb:00000114-a-1#2018,NA,NA,p.Leu102Thr,0.954867902505626,19,0.0476621062399566
urn:mavedb:00000114-a-1#2019,NA,NA,p.Leu102Val,0.982619473487619,23,0.0934600343429822
urn:mavedb:00000114-a-1#2020,NA,NA,p.Leu102Trp,0.875743930891529,29,0.0526196918585153
urn:mavedb:00000114-a-1#2021,NA,NA,p.Leu102Tyr,0.900019611679347,23,0.057400619405183
urn:mavedb:00000114-a-1#2022,NA,NA,p.Thr103Ter,1.04811460565118,40,0.182222564636989
urn:mavedb:00000114-a-1#2023,NA,NA,p.Thr103Ala,1.00737993383896,27,0.072051371713779
urn:mavedb:00000114-a-1#2024,NA,NA,p.Thr103Cys,0.968772738368348,26,0.0594044388803134
urn:mavedb:00000114-a-1#2025,NA,NA,p.Thr103Asp,1.02714173386473,20,0.0642574832487478
urn:mavedb:00000114-a-1#2026,NA,NA,p.Thr103Glu,1.06175096581481,37,0.070778982369944
urn:mavedb:00000114-a-1#2027,NA,NA,p.Thr103Phe,0.864310076219997,21,0.0754711593316915
urn:mavedb:00000114-a-1#2028,NA,NA,p.Thr103Gly,0.994386148040437,21,0.0789875401745995
urn:mavedb:00000114-a-1#2029,NA,NA,p.Thr103His,0.996390135883415,22,0.0672402400644236
urn:mavedb:00000114-a-1#2030,NA,NA,p.Thr103Ile,0.792022649403696,29,0.0694835502540288
urn:mavedb:00000114-a-1#2031,NA,NA,p.Thr103Lys,0.988367904470191,43,0.0527449275037684
urn:mavedb:00000114-a-1#2032,NA,NA,p.Thr103Leu,0.866072904667427,25,0.0534729563919994
urn:mavedb:00000114-a-1#2033,NA,NA,p.Thr103Met,0.931883136649437,44,0.0411819006496886
urn:mavedb:00000114-a-1#2034,NA,NA,p.Thr103Asn,1.01698920526832,23,0.0918846370570057
urn:mavedb:00000114-a-1#2035,NA,NA,p.Thr103Pro,1.00632751885015,34,0.0656552683481921
urn:mavedb:00000114-a-1#2036,NA,NA,p.Thr103Gln,1.05229270633614,37,0.0411994924292443
urn:mavedb:00000114-a-1#2037,NA,NA,p.Thr103Arg,0.970157855501865,35,0.060459775965295
urn:mavedb:00000114-a-1#2038,NA,NA,p.Thr103Ser,0.985474002842437,29,0.0524419153014815
urn:mavedb:00000114-a-1#2039,NA,NA,p.Thr103Val,0.901213272998647,31,0.0544340693875156
urn:mavedb:00000114-a-1#2040,NA,NA,p.Thr103Trp,0.810276202058094,43,0.0563105541327366
urn:mavedb:00000114-a-1#2041,NA,NA,p.Thr103Tyr,0.917085464034289,16,0.0685711896384489
urn:mavedb:00000114-a-1#2042,NA,NA,p.Arg104Ter,0.52893298354625,18,0.110666948675498
urn:mavedb:00000114-a-1#2043,NA,NA,p.Arg104Ala,0.999021972377241,32,0.0417149011585277
urn:mavedb:00000114-a-1#2044,NA,NA,p.Arg104Cys,1.01560547096958,30,0.0605964848052669
urn:mavedb:00000114-a-1#2045,NA,NA,p.Arg104Asp,1.02001559122146,17,0.0602052441059062
urn:mavedb:00000114-a-1#2046,NA,NA,p.Arg104Glu,0.984901232430965,19,0.0481220678044575
urn:mavedb:00000114-a-1#2047,NA,NA,p.Arg104Phe,0.854194441503538,26,0.0516847192595061
urn:mavedb:00000114-a-1#2048,NA,NA,p.Arg104Gly,1.0799222643215,28,0.0367174519963228
urn:mavedb:00000114-a-1#2049,NA,NA,p.Arg104His,1.01286334335112,23,0.0728570571632717
urn:mavedb:00000114-a-1#2050,NA,NA,p.Arg104Ile,0.747088129009796,27,0.0537544015661612
urn:mavedb:00000114-a-1#2051,NA,NA,p.Arg104Lys,1.02110164613203,30,0.0651308116878111
urn:mavedb:00000114-a-1#2052,NA,NA,p.Arg104Leu,0.889640741627342,32,0.0510339540055231
urn:mavedb:00000114-a-1#2053,NA,NA,p.Arg104Met,0.927796336073916,17,0.0410425654818042
urn:mavedb:00000114-a-1#2054,NA,NA,p.Arg104Asn,1.01880743859871,35,0.0385390927122446
urn:mavedb:00000114-a-1#2055,NA,NA,p.Arg104Pro,1.01374836444659,24,0.0607611937338959
urn:mavedb:00000114-a-1#2056,NA,NA,p.Arg104Gln,1.03109225549397,18,0.0640130885945856
urn:mavedb:00000114-a-1#2057,NA,NA,p.Arg104Ser,1.03225750205963,36,0.0578740465598873
urn:mavedb:00000114-a-1#2058,NA,NA,p.Arg104Thr,1.00870273188897,23,0.044808534514509
urn:mavedb:00000114-a-1#2059,NA,NA,p.Arg104Val,0.888753473126595,13,0.0710456503299251
urn:mavedb:00000114-a-1#2060,NA,NA,p.Arg104Trp,0.855572361103162,25,0.0729739276081109
urn:mavedb:00000114-a-1#2061,NA,NA,p.Arg104Tyr,0.924407689615367,22,0.0486018006729126
urn:mavedb:00000114-a-1#2062,NA,NA,p.Val105Ter,0.662739997430764,20,0.145406365404369
urn:mavedb:00000114-a-1#2063,NA,NA,p.Val105Ala,1.10039661588201,24,0.051258762238075
urn:mavedb:00000114-a-1#2064,NA,NA,p.Val105Cys,1.07087247113878,23,0.0432006097123615
urn:mavedb:00000114-a-1#2065,NA,NA,p.Val105Asp,1.05892008946618,31,0.0561104993287723
urn:mavedb:00000114-a-1#2066,NA,NA,p.Val105Glu,1.01069676152928,28,0.0645982394798464
urn:mavedb:00000114-a-1#2067,NA,NA,p.Val105Phe,0.971859131290193,19,0.0564042135089652
urn:mavedb:00000114-a-1#2068,NA,NA,p.Val105Gly,0.978065709890344,16,0.0747647474210856
urn:mavedb:00000114-a-1#2069,NA,NA,p.Val105His,0.991015524046073,32,0.0626303267128187
urn:mavedb:00000114-a-1#2070,NA,NA,p.Val105Ile,0.965376358882493,33,0.0389458957397907
urn:mavedb:00000114-a-1#2071,NA,NA,p.Val105Lys,1.04371426827041,36,0.0420274792182697
urn:mavedb:00000114-a-1#2072,NA,NA,p.Val105Leu,1.01641167519839,23,0.0493081742626746
urn:mavedb:00000114-a-1#2073,NA,NA,p.Val105Met,1.03752640911051,25,0.0661964481208872
urn:mavedb:00000114-a-1#2074,NA,NA,p.Val105Asn,1.02774262369316,35,0.0316376840477985
urn:mavedb:00000114-a-1#2075,NA,NA,p.Val105Pro,1.05191776409363,25,0.0820908333176431
urn:mavedb:00000114-a-1#2076,NA,NA,p.Val105Gln,1.04746337680603,29,0.0471503072622842
urn:mavedb:00000114-a-1#2077,NA,NA,p.Val105Arg,1.01134457535272,31,0.0325743312263079
urn:mavedb:00000114-a-1#2078,NA,NA,p.Val105Ser,1.05132289524332,16,0.0692593128649902
urn:mavedb:00000114-a-1#2079,NA,NA,p.Val105Thr,1.04370234328613,27,0.077445089037298
urn:mavedb:00000114-a-1#2080,NA,NA,p.Val105Trp,0.956510671945561,33,0.0566678836233042
urn:mavedb:00000114-a-1#2081,NA,NA,p.Val105Tyr,1.00842344990616,33,0.0723266999867965
urn:mavedb:00000114-a-1#2082,NA,NA,p.Asp106Ter,0.448884942698877,36,0.121284398369821
urn:mavedb:00000114-a-1#2083,NA,NA,p.Asp106Ala,0.969419562669033,34,0.0532130496379451
urn:mavedb:00000114-a-1#2084,NA,NA,p.Asp106Cys,0.821055094091844,22,0.0777036501292022
urn:mavedb:00000114-a-1#2085,NA,NA,p.Asp106Glu,0.95746198900289,26,0.0442396020520949
urn:mavedb:00000114-a-1#2086,NA,NA,p.Asp106Phe,0.561158022915655,38,0.0523446832115427
urn:mavedb:00000114-a-1#2087,NA,NA,p.Asp106Gly,0.989905142094137,37,0.0512141833675613
urn:mavedb:00000114-a-1#2088,NA,NA,p.Asp106His,0.940758474504193,28,0.0390798065240882
urn:mavedb:00000114-a-1#2089,NA,NA,p.Asp106Ile,0.577497531893694,29,0.0800574103403007
urn:mavedb:00000114-a-1#2090,NA,NA,p.Asp106Lys,0.932345622166314,31,0.0625688624225402
urn:mavedb:00000114-a-1#2091,NA,NA,p.Asp106Leu,0.712296794810238,35,0.0818852254007301
urn:mavedb:00000114-a-1#2092,NA,NA,p.Asp106Met,0.810090231704897,31,0.0467156259493987
urn:mavedb:00000114-a-1#2093,NA,NA,p.Asp106Asn,0.999839755923671,27,0.0581884603670707
urn:mavedb:00000114-a-1#2094,NA,NA,p.Asp106Pro,0.96696654700671,37,0.0626748648766876
urn:mavedb:00000114-a-1#2095,NA,NA,p.Asp106Gln,0.928895404832176,23,0.0278022397184584
urn:mavedb:00000114-a-1#2096,NA,NA,p.Asp106Arg,0.829157857291807,14,0.0719137463677865
urn:mavedb:00000114-a-1#2097,NA,NA,p.Asp106Ser,0.967659051150863,24,0.0617239654159023
urn:mavedb:00000114-a-1#2098,NA,NA,p.Asp106Thr,0.882845645760868,27,0.0683093362863974
urn:mavedb:00000114-a-1#2099,NA,NA,p.Asp106Val,0.707364014964857,30,0.0627495949586712
urn:mavedb:00000114-a-1#2100,NA,NA,p.Asp106Trp,0.47004890814115,33,0.0858479994717477
urn:mavedb:00000114-a-1#2101,NA,NA,p.Asp106Tyr,0.573473100069686,30,0.0775076828015276
urn:mavedb:00000114-a-1#2102,NA,NA,p.Leu107Ter,0.235674158954808,18,0.0848448503417209
urn:mavedb:00000114-a-1#2103,NA,NA,p.Leu107Ala,1.0568544823619,26,0.0539742680793005
urn:mavedb:00000114-a-1#2104,NA,NA,p.Leu107Cys,1.07867934206144,22,0.0667589567866116
urn:mavedb:00000114-a-1#2105,NA,NA,p.Leu107Asp,1.08099254177897,24,0.0370261269389584
urn:mavedb:00000114-a-1#2106,NA,NA,p.Leu107Glu,1.06980240260716,25,0.0445942108029746
urn:mavedb:00000114-a-1#2107,NA,NA,p.Leu107Phe,0.993637771557163,15,0.0831441860554272
urn:mavedb:00000114-a-1#2108,NA,NA,p.Leu107Gly,1.0478741968958,22,0.0608861048365098
urn:mavedb:00000114-a-1#2109,NA,NA,p.Leu107His,1.05686271570869,19,0.0540658816741204
urn:mavedb:00000114-a-1#2110,NA,NA,p.Leu107Ile,0.951053426262807,28,0.0702051448437002
urn:mavedb:00000114-a-1#2111,NA,NA,p.Leu107Lys,1.0385079858612,27,0.0467560820416574
urn:mavedb:00000114-a-1#2112,NA,NA,p.Leu107Met,1.01770113678503,31,0.0465455626659658
urn:mavedb:00000114-a-1#2113,NA,NA,p.Leu107Asn,1.07815078469193,30,0.0608608345027746
urn:mavedb:00000114-a-1#2114,NA,NA,p.Leu107Pro,1.0510472817313,26,0.0760038146573337
urn:mavedb:00000114-a-1#2115,NA,NA,p.Leu107Gln,1.05603270732899,30,0.0450151098747552
urn:mavedb:00000114-a-1#2116,NA,NA,p.Leu107Arg,1.05223605406688,36,0.0596432656581698
urn:mavedb:00000114-a-1#2117,NA,NA,p.Leu107Ser,1.06600078761652,24,0.0547345143614527
urn:mavedb:00000114-a-1#2118,NA,NA,p.Leu107Thr,1.07147638657753,22,0.0790090021504699
urn:mavedb:00000114-a-1#2119,NA,NA,p.Leu107Val,0.991066289077611,19,0.0604958739323881
urn:mavedb:00000114-a-1#2120,NA,NA,p.Leu107Trp,0.954805532506567,25,0.0812992057278739
urn:mavedb:00000114-a-1#2121,NA,NA,p.Leu107Tyr,1.03154363038942,18,0.0581147371632644
urn:mavedb:00000114-a-1#2122,NA,NA,p.Ser108Ter,0.525931293717658,39,0.13909117053971
urn:mavedb:00000114-a-1#2123,NA,NA,p.Ser108Ala,0.962410741408022,19,0.0872552095271924
urn:mavedb:00000114-a-1#2124,NA,NA,p.Ser108Cys,0.955358810329372,19,0.0807583334415233
urn:mavedb:00000114-a-1#2125,NA,NA,p.Ser108Asp,1.04485713021852,25,0.0390546450161853
urn:mavedb:00000114-a-1#2126,NA,NA,p.Ser108Glu,1.04053466051704,36,0.0602484742476093
urn:mavedb:00000114-a-1#2127,NA,NA,p.Ser108Phe,0.770985410403866,36,0.0402321939929887
urn:mavedb:00000114-a-1#2128,NA,NA,p.Ser108Gly,0.986327228243372,16,0.0707580189466902
urn:mavedb:00000114-a-1#2129,NA,NA,p.Ser108His,0.951885822112559,29,0.0623559287739288
urn:mavedb:00000114-a-1#2130,NA,NA,p.Ser108Ile,0.777655209344123,29,0.0723849217450756
urn:mavedb:00000114-a-1#2131,NA,NA,p.Ser108Lys,0.974309347816936,37,0.0412529799186655
urn:mavedb:00000114-a-1#2132,NA,NA,p.Ser108Leu,0.86030091391177,36,0.0602905054435448
urn:mavedb:00000114-a-1#2133,NA,NA,p.Ser108Asn,1.00932003520164,29,0.0365177199428101
urn:mavedb:00000114-a-1#2134,NA,NA,p.Ser108Pro,1.02309639873336,20,0.0783262747165246
urn:mavedb:00000114-a-1#2135,NA,NA,p.Ser108Gln,0.999522485948532,39,0.0499632177452695
urn:mavedb:00000114-a-1#2136,NA,NA,p.Ser108Arg,0.954498967441754,30,0.0441857926359386
urn:mavedb:00000114-a-1#2137,NA,NA,p.Ser108Thr,0.962831989332471,30,0.0653657241272098
urn:mavedb:00000114-a-1#2138,NA,NA,p.Ser108Val,0.918827328247183,4,0.127433637707238
urn:mavedb:00000114-a-1#2139,NA,NA,p.Ser108Tyr,0.757494122799379,28,0.0529379680767479
urn:mavedb:00000114-a-1#2140,NA,NA,p.Ser109Ter,0.289944171184955,45,0.0621438157152391
urn:mavedb:00000114-a-1#2141,NA,NA,p.Ser109Ala,0.915657516225264,35,0.0551723863060131
urn:mavedb:00000114-a-1#2142,NA,NA,p.Ser109Cys,0.74998921202463,34,0.0470422690424062
urn:mavedb:00000114-a-1#2143,NA,NA,p.Ser109Asp,1.04699548837886,22,0.0520195215211329
urn:mavedb:00000114-a-1#2144,NA,NA,p.Ser109Glu,0.984199279268281,36,0.0456002518211721
urn:mavedb:00000114-a-1#2145,NA,NA,p.Ser109Phe,0.142262514115724,34,0.0838545751279225
urn:mavedb:00000114-a-1#2146,NA,NA,p.Ser109Gly,1.03142934350961,24,0.0698661809397604
urn:mavedb:00000114-a-1#2147,NA,NA,p.Ser109His,0.991030909135655,23,0.0803892708414841
urn:mavedb:00000114-a-1#2148,NA,NA,p.Ser109Ile,0.0557067697193707,31,0.0568700279070162
urn:mavedb:00000114-a-1#2149,NA,NA,p.Ser109Lys,1.02551362148596,31,0.048493114740467
urn:mavedb:00000114-a-1#2150,NA,NA,p.Ser109Leu,0.351719199174176,26,0.0774833130088406
urn:mavedb:00000114-a-1#2151,NA,NA,p.Ser109Met,0.613743571981315,43,0.0501290362048306
urn:mavedb:00000114-a-1#2152,NA,NA,p.Ser109Asn,0.990174373699563,33,0.0635091522552894
urn:mavedb:00000114-a-1#2153,NA,NA,p.Ser109Pro,1.02330917570736,38,0.063885710798804
urn:mavedb:00000114-a-1#2154,NA,NA,p.Ser109Gln,1.02099432991071,45,0.0547952914890491
urn:mavedb:00000114-a-1#2155,NA,NA,p.Ser109Arg,0.98809526835197,22,0.0413294094222997
urn:mavedb:00000114-a-1#2156,NA,NA,p.Ser109Thr,0.962900729483476,35,0.058693428999473
urn:mavedb:00000114-a-1#2157,NA,NA,p.Ser109Val,0.36805191422003,31,0.0809282312033797
urn:mavedb:00000114-a-1#2158,NA,NA,p.Ser109Trp,0.382572984766391,29,0.0712446573618756
urn:mavedb:00000114-a-1#2159,NA,NA,p.Ser109Tyr,0.658405804437512,34,0.0699372678524633
urn:mavedb:00000114-a-1#2160,NA,NA,p.Ser110Ter,0.19703421347017,27,0.0687109298875028
urn:mavedb:00000114-a-1#2161,NA,NA,p.Ser110Ala,1.00325440112638,32,0.0276929183845729
urn:mavedb:00000114-a-1#2162,NA,NA,p.Ser110Cys,0.940225183406501,37,0.0571508175020527
urn:mavedb:00000114-a-1#2163,NA,NA,p.Ser110Asp,1.04527076187935,25,0.045550623544264
urn:mavedb:00000114-a-1#2164,NA,NA,p.Ser110Glu,1.01168976847684,22,0.0621343628659539
urn:mavedb:00000114-a-1#2165,NA,NA,p.Ser110Phe,0.655800912125628,25,0.0399217800491997
urn:mavedb:00000114-a-1#2166,NA,NA,p.Ser110Gly,0.965879883734813,33,0.0531899681729948
urn:mavedb:00000114-a-1#2167,NA,NA,p.Ser110His,0.94109290671214,22,0.0649176059308714
urn:mavedb:00000114-a-1#2168,NA,NA,p.Ser110Ile,0.813141394795125,12,0.0810505205061038
urn:mavedb:00000114-a-1#2169,NA,NA,p.Ser110Lys,0.996183591082556,26,0.0718526151252083
urn:mavedb:00000114-a-1#2170,NA,NA,p.Ser110Leu,0.847332478226857,33,0.0568939842994863
urn:mavedb:00000114-a-1#2171,NA,NA,p.Ser110Met,0.882372200315909,24,0.0707402471934128
urn:mavedb:00000114-a-1#2172,NA,NA,p.Ser110Asn,0.984855409668481,35,0.0500532105293583
urn:mavedb:00000114-a-1#2173,NA,NA,p.Ser110Pro,1.02371219558079,34,0.0500224395853116
urn:mavedb:00000114-a-1#2174,NA,NA,p.Ser110Gln,0.98713761451648,8,0.103442189653052
urn:mavedb:00000114-a-1#2175,NA,NA,p.Ser110Arg,0.922798219515842,35,0.0531639417924956
urn:mavedb:00000114-a-1#2176,NA,NA,p.Ser110Thr,0.970437337186632,28,0.0570994794776496
urn:mavedb:00000114-a-1#2177,NA,NA,p.Ser110Val,0.872982262798629,27,0.0746557975896151
urn:mavedb:00000114-a-1#2178,NA,NA,p.Ser110Trp,0.570013679977522,40,0.0588236156327769
urn:mavedb:00000114-a-1#2179,NA,NA,p.Ser110Tyr,0.790197139535607,36,0.0620886917435735
urn:mavedb:00000114-a-1#2180,NA,NA,p.Val111Ter,0.299046446029536,29,0.0988132664027055
urn:mavedb:00000114-a-1#2181,NA,NA,p.Val111Ala,1.00451804236998,13,0.0787579998781342
urn:mavedb:00000114-a-1#2182,NA,NA,p.Val111Cys,0.991012090016732,33,0.0624727724090623
urn:mavedb:00000114-a-1#2183,NA,NA,p.Val111Asp,1.01098952786081,28,0.0690758873086787
urn:mavedb:00000114-a-1#2184,NA,NA,p.Val111Glu,1.05376904530986,21,0.0742235372132204
urn:mavedb:00000114-a-1#2185,NA,NA,p.Val111Phe,0.974263240928934,26,0.0518063088764377
urn:mavedb:00000114-a-1#2186,NA,NA,p.Val111Gly,0.984247993644905,13,0.0974700020388558
urn:mavedb:00000114-a-1#2187,NA,NA,p.Val111His,1.01669368507715,31,0.0535794583942687
urn:mavedb:00000114-a-1#2188,NA,NA,p.Val111Ile,0.999987644429297,19,0.0548696340174047
urn:mavedb:00000114-a-1#2189,NA,NA,p.Val111Lys,1.01649675731051,21,0.0558973216268193
urn:mavedb:00000114-a-1#2190,NA,NA,p.Val111Leu,0.942114364836235,29,0.0643650558716116
urn:mavedb:00000114-a-1#2191,NA,NA,p.Val111Met,1.02553160762701,18,0.092168665511763
urn:mavedb:00000114-a-1#2192,NA,NA,p.Val111Asn,1.04252448084835,23,0.074144760233212
urn:mavedb:00000114-a-1#2193,NA,NA,p.Val111Pro,1.03622624331771,30,0.0565947239577476
urn:mavedb:00000114-a-1#2194,NA,NA,p.Val111Gln,1.01264598682534,29,0.0609700050705322
urn:mavedb:00000114-a-1#2195,NA,NA,p.Val111Arg,0.985491141697189,27,0.0575932058723697
urn:mavedb:00000114-a-1#2196,NA,NA,p.Val111Ser,0.994494487140852,18,0.0889892816352282
urn:mavedb:00000114-a-1#2197,NA,NA,p.Val111Thr,1.06218664317846,13,0.0852470328992573
urn:mavedb:00000114-a-1#2198,NA,NA,p.Val111Trp,0.905722911340191,30,0.0718730385951386
urn:mavedb:00000114-a-1#2199,NA,NA,p.Val111Tyr,0.990948427519721,24,0.0567591630635724
urn:mavedb:00000114-a-1#2200,NA,NA,p.Leu112Ter,-0.0142898807626967,23,0.0204326292316737
urn:mavedb:00000114-a-1#2201,NA,NA,p.Leu112Ala,1.07062752126887,17,0.0774340379237567
urn:mavedb:00000114-a-1#2202,NA,NA,p.Leu112Cys,1.02133589355938,14,0.0847032872191864
urn:mavedb:00000114-a-1#2203,NA,NA,p.Leu112Asp,1.05912390332964,17,0.0443514401801818
urn:mavedb:00000114-a-1#2204,NA,NA,p.Leu112Glu,1.05226336825786,25,0.0726155296273661
urn:mavedb:00000114-a-1#2205,NA,NA,p.Leu112Phe,0.971080111326,32,0.0414107119849908
urn:mavedb:00000114-a-1#2206,NA,NA,p.Leu112Gly,1.00308456127168,18,0.0604292281338406
urn:mavedb:00000114-a-1#2207,NA,NA,p.Leu112His,1.00261237778047,32,0.0536223765797655
urn:mavedb:00000114-a-1#2208,NA,NA,p.Leu112Ile,1.0108051387029,21,0.0381799165320148
urn:mavedb:00000114-a-1#2209,NA,NA,p.Leu112Lys,1.01186015368583,20,0.0525099682458199
urn:mavedb:00000114-a-1#2210,NA,NA,p.Leu112Met,1.03347145655721,27,0.0458822849887008
urn:mavedb:00000114-a-1#2211,NA,NA,p.Leu112Asn,1.0224241983573,28,0.0592634526221895
urn:mavedb:00000114-a-1#2212,NA,NA,p.Leu112Pro,1.01961229016759,29,0.0701468169116496
urn:mavedb:00000114-a-1#2213,NA,NA,p.Leu112Gln,1.03155473050229,24,0.0603917426381577
urn:mavedb:00000114-a-1#2214,NA,NA,p.Leu112Arg,1.00749398303459,20,0.0353113693288239
urn:mavedb:00000114-a-1#2215,NA,NA,p.Leu112Ser,1.03722182758017,13,0.0896269498430319
urn:mavedb:00000114-a-1#2216,NA,NA,p.Leu112Thr,1.03667173832166,24,0.0412254219380574
urn:mavedb:00000114-a-1#2217,NA,NA,p.Leu112Val,1.04091002567791,19,0.0609403227719122
urn:mavedb:00000114-a-1#2218,NA,NA,p.Leu112Trp,0.926703123802763,28,0.0519360977097445
urn:mavedb:00000114-a-1#2219,NA,NA,p.Leu112Tyr,0.969767936808919,32,0.0539312461618933
urn:mavedb:00000114-a-1#2220,NA,NA,p.Pro113Ter,-0.0017116245642252,29,0.0251251791288495
urn:mavedb:00000114-a-1#2221,NA,NA,p.Pro113Ala,0.97089445794634,17,0.0506713870146442
urn:mavedb:00000114-a-1#2222,NA,NA,p.Pro113Cys,0.968340620549588,22,0.0527656562622675
urn:mavedb:00000114-a-1#2223,NA,NA,p.Pro113Asp,1.04769662240689,17,0.0708051240771257
urn:mavedb:00000114-a-1#2224,NA,NA,p.Pro113Glu,1.01023866040933,33,0.0447975273724242
urn:mavedb:00000114-a-1#2225,NA,NA,p.Pro113Phe,0.857142231717237,33,0.061785613216608
urn:mavedb:00000114-a-1#2226,NA,NA,p.Pro113Gly,1.00298491120979,30,0.0437107348000816
urn:mavedb:00000114-a-1#2227,NA,NA,p.Pro113His,0.938657114228836,20,0.0935302103510362
urn:mavedb:00000114-a-1#2228,NA,NA,p.Pro113Ile,0.876950541955864,29,0.04211035369744
urn:mavedb:00000114-a-1#2229,NA,NA,p.Pro113Lys,1.0116241157088,28,0.0483265944363579
urn:mavedb:00000114-a-1#2230,NA,NA,p.Pro113Leu,0.902512088325793,39,0.0605003714098638
urn:mavedb:00000114-a-1#2231,NA,NA,p.Pro113Met,0.950475098955586,30,0.0666044321662056
urn:mavedb:00000114-a-1#2232,NA,NA,p.Pro113Asn,0.940039822006558,30,0.0697661472335721
urn:mavedb:00000114-a-1#2233,NA,NA,p.Pro113Gln,1.02357895202231,38,0.0426862775439243
urn:mavedb:00000114-a-1#2234,NA,NA,p.Pro113Arg,0.934756448605575,37,0.0457471515099572
urn:mavedb:00000114-a-1#2235,NA,NA,p.Pro113Ser,0.97482260768453,25,0.0626708908319216
urn:mavedb:00000114-a-1#2236,NA,NA,p.Pro113Thr,1.01626347328257,30,0.0350073417293312
urn:mavedb:00000114-a-1#2237,NA,NA,p.Pro113Val,0.903915934808663,23,0.0422083948565123
urn:mavedb:00000114-a-1#2238,NA,NA,p.Pro113Trp,0.779346025031027,39,0.0519750780474706
urn:mavedb:00000114-a-1#2239,NA,NA,p.Pro113Tyr,0.9153212716141,30,0.0559440893833981
urn:mavedb:00000114-a-1#2240,NA,NA,p.Gly114Ter,0.0283245213515787,45,0.0181029151078924
urn:mavedb:00000114-a-1#2241,NA,NA,p.Gly114Ala,1.00621686400453,14,0.0841398284425723
urn:mavedb:00000114-a-1#2242,NA,NA,p.Gly114Cys,0.987816400335517,44,0.039176389352424
urn:mavedb:00000114-a-1#2243,NA,NA,p.Gly114Asp,1.05489916297557,43,0.0304231429906334
urn:mavedb:00000114-a-1#2244,NA,NA,p.Gly114Glu,1.05535558865026,39,0.0597882656503473
urn:mavedb:00000114-a-1#2245,NA,NA,p.Gly114Phe,0.88487098065973,63,0.0491752915757826
urn:mavedb:00000114-a-1#2246,NA,NA,p.Gly114His,1.01170277666535,29,0.061008463387618
urn:mavedb:00000114-a-1#2247,NA,NA,p.Gly114Ile,0.911418782541713,61,0.0456156283361147
urn:mavedb:00000114-a-1#2248,NA,NA,p.Gly114Lys,1.03504383638513,51,0.0380066144661563
urn:mavedb:00000114-a-1#2249,NA,NA,p.Gly114Leu,0.924325387820749,46,0.056802573028188
urn:mavedb:00000114-a-1#2250,NA,NA,p.Gly114Met,0.911120904036024,46,0.0260956466324761
urn:mavedb:00000114-a-1#2251,NA,NA,p.Gly114Asn,0.994325233007161,46,0.0485150989399833
urn:mavedb:00000114-a-1#2252,NA,NA,p.Gly114Pro,1.03285911153652,36,0.0359686266799498
urn:mavedb:00000114-a-1#2253,NA,NA,p.Gly114Gln,1.01549075355891,56,0.0474908143905338
urn:mavedb:00000114-a-1#2254,NA,NA,p.Gly114Arg,1.00812846410579,54,0.0386180699148683
urn:mavedb:00000114-a-1#2255,NA,NA,p.Gly114Ser,1.02075364607749,21,0.0568432177199417
urn:mavedb:00000114-a-1#2256,NA,NA,p.Gly114Thr,1.02511601614315,32,0.0464867660062285
urn:mavedb:00000114-a-1#2257,NA,NA,p.Gly114Val,0.97225046844363,49,0.0684715980390963
urn:mavedb:00000114-a-1#2258,NA,NA,p.Gly114Trp,0.815834733446806,57,0.0682331034526536
urn:mavedb:00000114-a-1#2259,NA,NA,p.Gly114Tyr,0.957545673977473,60,0.0408795744881555
urn:mavedb:00000114-a-1#2260,NA,NA,p.Asp115Ter,0.0407953449196389,11,0.140535572848749
urn:mavedb:00000114-a-1#2261,NA,NA,p.Asp115Cys,0.74145147651152,3,0.130941408227065
urn:mavedb:00000114-a-1#2262,NA,NA,p.Asp115Glu,1.03555888852319,3,0.0865449711843055
urn:mavedb:00000114-a-1#2263,NA,NA,p.Asp115Phe,0.531612523471129,7,0.117622125148175
urn:mavedb:00000114-a-1#2264,NA,NA,p.Asp115Gly,0.832312069249122,2,0.2848156863333
urn:mavedb:00000114-a-1#2265,NA,NA,p.Asp115Ile,0.625350797612684,6,0.133292533287928
urn:mavedb:00000114-a-1#2266,NA,NA,p.Asp115Lys,0.904120799956681,7,0.114363382872926
urn:mavedb:00000114-a-1#2267,NA,NA,p.Asp115Leu,0.632617029791451,4,0.075188319368196
urn:mavedb:00000114-a-1#2268,NA,NA,p.Asp115Met,0.704890805438629,6,0.117832665286499
urn:mavedb:00000114-a-1#2269,NA,NA,p.Asp115Asn,0.952415021226087,11,0.101331990160879
urn:mavedb:00000114-a-1#2270,NA,NA,p.Asp115Gln,1.01539981195645,1,0.207439776789796
urn:mavedb:00000114-a-1#2271,NA,NA,p.Asp115Arg,0.834931870893738,4,0.129167214074577
urn:mavedb:00000114-a-1#2272,NA,NA,p.Asp115Ser,0.781716505717148,1,0.196264792732291
urn:mavedb:00000114-a-1#2273,NA,NA,p.Asp115Thr,0.950216589944671,2,0.181334936403776
urn:mavedb:00000114-a-1#2274,NA,NA,p.Asp115Val,0.725420962414549,1,0.10255282731367
urn:mavedb:00000114-a-1#2275,NA,NA,p.Asp115Trp,0.44367895265985,1,0.110744717915107
urn:mavedb:00000114-a-1#2276,NA,NA,p.Asp115Tyr,0.663445979695009,8,0.0993847292786902
urn:mavedb:00000114-a-1#2277,NA,NA,p.Ser116Ter,0.0454480905558846,10,0.181905448119028
urn:mavedb:00000114-a-1#2278,NA,NA,p.Ser116Ala,1.04389081737975,2,0.152658882817587
urn:mavedb:00000114-a-1#2279,NA,NA,p.Ser116Cys,0.808253904358652,12,0.0645360368632376
urn:mavedb:00000114-a-1#2280,NA,NA,p.Ser116Asp,1.10302140583339,6,0.0953871371501568
urn:mavedb:00000114-a-1#2281,NA,NA,p.Ser116Glu,1.05045652018173,5,0.0875380668008481
urn:mavedb:00000114-a-1#2282,NA,NA,p.Ser116Phe,0.661180907814013,8,0.146685229845238
urn:mavedb:00000114-a-1#2283,NA,NA,p.Ser116Gly,1.01001209669063,11,0.0426226974057083
urn:mavedb:00000114-a-1#2284,NA,NA,p.Ser116His,0.978070568502401,4,0.150593732972471
urn:mavedb:00000114-a-1#2285,NA,NA,p.Ser116Ile,0.57144297068572,11,0.0762949381833002
urn:mavedb:00000114-a-1#2286,NA,NA,p.Ser116Lys,0.987456157616632,11,0.0668115286494769
urn:mavedb:00000114-a-1#2287,NA,NA,p.Ser116Leu,0.584115196227072,5,0.127944377901523
urn:mavedb:00000114-a-1#2288,NA,NA,p.Ser116Met,0.878483175741034,5,0.101839881622694
urn:mavedb:00000114-a-1#2289,NA,NA,p.Ser116Asn,1.04345695856451,3,0.15125260038302
urn:mavedb:00000114-a-1#2290,NA,NA,p.Ser116Pro,0.987275825044619,7,0.127501290469075
urn:mavedb:00000114-a-1#2291,NA,NA,p.Ser116Gln,0.933503811122855,4,0.159097179186302
urn:mavedb:00000114-a-1#2292,NA,NA,p.Ser116Arg,0.965612365463248,13,0.0672161067494706
urn:mavedb:00000114-a-1#2293,NA,NA,p.Ser116Thr,0.974415747884237,9,0.0766683269346317
urn:mavedb:00000114-a-1#2294,NA,NA,p.Ser116Val,0.691276065669523,7,0.0747578861056982
urn:mavedb:00000114-a-1#2295,NA,NA,p.Ser116Trp,0.493645355535972,8,0.0987223710604064
urn:mavedb:00000114-a-1#2296,NA,NA,p.Ser116Tyr,0.779854601693859,9,0.130395953654994
urn:mavedb:00000114-a-1#2297,NA,NA,p.Val117Ter,0.110771703480376,17,0.0658865567186126
urn:mavedb:00000114-a-1#2298,NA,NA,p.Val117Ala,1.01149589788498,5,0.135314327444808
urn:mavedb:00000114-a-1#2299,NA,NA,p.Val117Cys,1.0484431878309,17,0.0735617802221115
urn:mavedb:00000114-a-1#2300,NA,NA,p.Val117Asp,1.14810932959873,13,0.0892330906462994
urn:mavedb:00000114-a-1#2301,NA,NA,p.Val117Glu,1.11889106454342,9,0.0964157682405155
urn:mavedb:00000114-a-1#2302,NA,NA,p.Val117Phe,0.98774507364324,7,0.0763814862246193
urn:mavedb:00000114-a-1#2303,NA,NA,p.Val117Gly,1.08735682268123,6,0.0881930532597828
urn:mavedb:00000114-a-1#2304,NA,NA,p.Val117His,1.11415621024844,2,0.185256265382089
urn:mavedb:00000114-a-1#2305,NA,NA,p.Val117Ile,0.948543273097513,9,0.108043556563188
urn:mavedb:00000114-a-1#2306,NA,NA,p.Val117Lys,1.06458973608494,10,0.0739820099219473
urn:mavedb:00000114-a-1#2307,NA,NA,p.Val117Leu,0.999590824428472,11,0.0874758423335994
urn:mavedb:00000114-a-1#2308,NA,NA,p.Val117Met,1.00122727518965,8,0.0810209118558961
urn:mavedb:00000114-a-1#2309,NA,NA,p.Val117Asn,1.14378562746996,9,0.0659827232158719
urn:mavedb:00000114-a-1#2310,NA,NA,p.Val117Pro,1.02126058579264,5,0.166563175975035
urn:mavedb:00000114-a-1#2311,NA,NA,p.Val117Gln,1.11552533180118,3,0.127108953312492
urn:mavedb:00000114-a-1#2312,NA,NA,p.Val117Arg,1.02676726273252,3,0.256882664653513
urn:mavedb:00000114-a-1#2313,NA,NA,p.Val117Ser,1.12254379692101,11,0.0583051456973496
urn:mavedb:00000114-a-1#2314,NA,NA,p.Val117Thr,0.996516555552287,8,0.140247321293984
urn:mavedb:00000114-a-1#2315,NA,NA,p.Val117Trp,0.816821455084672,6,0.121803061834859
urn:mavedb:00000114-a-1#2316,NA,NA,p.Val117Tyr,0.990370420192672,6,0.104392783738819
urn:mavedb:00000114-a-1#2317,NA,NA,p.Gly118Ter,0.147947835860892,11,0.0851189301424143
urn:mavedb:00000114-a-1#2318,NA,NA,p.Gly118Ala,0.888687907896829,25,0.0460733310739347
urn:mavedb:00000114-a-1#2319,NA,NA,p.Gly118Cys,0.684429580544271,9,0.131352174631744
urn:mavedb:00000114-a-1#2320,NA,NA,p.Gly118Asp,1.0366105255782,21,0.0490585624078178
urn:mavedb:00000114-a-1#2321,NA,NA,p.Gly118Glu,0.995498559475003,27,0.0852482178486991
urn:mavedb:00000114-a-1#2322,NA,NA,p.Gly118Phe,0.174466717190975,12,0.103563286290152
urn:mavedb:00000114-a-1#2323,NA,NA,p.Gly118His,0.878930095050694,6,0.0715044463052883
urn:mavedb:00000114-a-1#2324,NA,NA,p.Gly118Ile,0.11209214886724,9,0.0744827478408089
urn:mavedb:00000114-a-1#2325,NA,NA,p.Gly118Lys,0.974601789196598,11,0.127501642034344
urn:mavedb:00000114-a-1#2326,NA,NA,p.Gly118Leu,0.29959979348714,9,0.105146932643162
urn:mavedb:00000114-a-1#2327,NA,NA,p.Gly118Met,0.511961770538677,16,0.0614648581051237
urn:mavedb:00000114-a-1#2328,NA,NA,p.Gly118Asn,1.03765803323137,9,0.0653859492942748
urn:mavedb:00000114-a-1#2329,NA,NA,p.Gly118Pro,1.03162759357028,15,0.0676817513608517
urn:mavedb:00000114-a-1#2330,NA,NA,p.Gly118Gln,0.955727987698753,5,0.087529317798134
urn:mavedb:00000114-a-1#2331,NA,NA,p.Gly118Arg,0.903713213101151,14,0.0890449285962738
urn:mavedb:00000114-a-1#2332,NA,NA,p.Gly118Ser,0.943607782650168,12,0.09247432680955
urn:mavedb:00000114-a-1#2333,NA,NA,p.Gly118Thr,0.791894735105563,15,0.0902902785581532
urn:mavedb:00000114-a-1#2334,NA,NA,p.Gly118Val,0.341725594348353,13,0.0827131492102514
urn:mavedb:00000114-a-1#2335,NA,NA,p.Gly118Trp,0.167435541740906,13,0.0966642121106054
urn:mavedb:00000114-a-1#2336,NA,NA,p.Gly118Tyr,0.385026117742668,10,0.110962203257788
urn:mavedb:00000114-a-1#2337,NA,NA,p.Leu119Ter,0.0312634205010894,27,0.124078981263075
urn:mavedb:00000114-a-1#2338,NA,NA,p.Leu119Ala,1.06983516622917,18,0.0814286210529717
urn:mavedb:00000114-a-1#2339,NA,NA,p.Leu119Cys,1.0349359469488,22,0.0579612668158178
urn:mavedb:00000114-a-1#2340,NA,NA,p.Leu119Asp,1.1075425288291,37,0.0539772028789323
urn:mavedb:00000114-a-1#2341,NA,NA,p.Leu119Glu,1.11149951547845,30,0.068009307089463
urn:mavedb:00000114-a-1#2342,NA,NA,p.Leu119Phe,0.838747052638686,11,0.109251057587753
urn:mavedb:00000114-a-1#2343,NA,NA,p.Leu119Gly,1.09983401068685,45,0.0485009488091355
urn:mavedb:00000114-a-1#2344,NA,NA,p.Leu119His,1.08720999487066,28,0.0656823592419121
urn:mavedb:00000114-a-1#2345,NA,NA,p.Leu119Ile,0.978242360304042,10,0.0734206898463045
urn:mavedb:00000114-a-1#2346,NA,NA,p.Leu119Lys,1.14017640684364,50,0.0491714641348896
urn:mavedb:00000114-a-1#2347,NA,NA,p.Leu119Met,1.05401852348131,41,0.0353647826885973
urn:mavedb:00000114-a-1#2348,NA,NA,p.Leu119Asn,1.11692142629016,29,0.0487451902889896
urn:mavedb:00000114-a-1#2349,NA,NA,p.Leu119Pro,1.1160752143021,24,0.0567438025626286
urn:mavedb:00000114-a-1#2350,NA,NA,p.Leu119Gln,1.12417097810992,20,0.0621330806947157
urn:mavedb:00000114-a-1#2351,NA,NA,p.Leu119Arg,1.09258655608226,40,0.0645817036326603
urn:mavedb:00000114-a-1#2352,NA,NA,p.Leu119Ser,1.10353875368142,40,0.0393497531720128
urn:mavedb:00000114-a-1#2353,NA,NA,p.Leu119Thr,1.09024561064593,29,0.056021355387378
urn:mavedb:00000114-a-1#2354,NA,NA,p.Leu119Val,0.971965613841568,38,0.0481401101156502
urn:mavedb:00000114-a-1#2355,NA,NA,p.Leu119Trp,0.94888796243512,34,0.0486857204897111
urn:mavedb:00000114-a-1#2356,NA,NA,p.Leu119Tyr,1.01649000378677,24,0.0433132565470226
urn:mavedb:00000114-a-1#2357,NA,NA,p.Ala120Ter,0.146395897233623,32,0.0597077536883633
urn:mavedb:00000114-a-1#2358,NA,NA,p.Ala120Cys,0.856235305442346,31,0.0396516999414788
urn:mavedb:00000114-a-1#2359,NA,NA,p.Ala120Asp,1.13556581522286,40,0.0354498489607907
urn:mavedb:00000114-a-1#2360,NA,NA,p.Ala120Glu,1.07093437898884,38,0.0502175312860649
urn:mavedb:00000114-a-1#2361,NA,NA,p.Ala120Phe,0.54535732464919,32,0.0780897288449239
urn:mavedb:00000114-a-1#2362,NA,NA,p.Ala120Gly,1.07059433453951,45,0.0343680263874053
urn:mavedb:00000114-a-1#2363,NA,NA,p.Ala120His,0.997082344520461,25,0.0706587233696579
urn:mavedb:00000114-a-1#2364,NA,NA,p.Ala120Ile,0.266652155911612,35,0.103571434533785
urn:mavedb:00000114-a-1#2365,NA,NA,p.Ala120Lys,1.06929239685113,29,0.0563797639288033
urn:mavedb:00000114-a-1#2366,NA,NA,p.Ala120Leu,0.452527915700787,22,0.0702169719747158
urn:mavedb:00000114-a-1#2367,NA,NA,p.Ala120Met,0.755091486373128,24,0.0483149637666199
urn:mavedb:00000114-a-1#2368,NA,NA,p.Ala120Asn,1.05507683553483,31,0.0628235216333755
urn:mavedb:00000114-a-1#2369,NA,NA,p.Ala120Pro,1.13546588192432,25,0.0621300373708271
urn:mavedb:00000114-a-1#2370,NA,NA,p.Ala120Gln,1.0214251208207,15,0.0721350679287888
urn:mavedb:00000114-a-1#2371,NA,NA,p.Ala120Arg,0.979309258224176,30,0.0630903464129422
urn:mavedb:00000114-a-1#2372,NA,NA,p.Ala120Ser,1.05556421573973,30,0.0789950648328597
urn:mavedb:00000114-a-1#2373,NA,NA,p.Ala120Thr,0.959219113852636,27,0.0478031307192642
urn:mavedb:00000114-a-1#2374,NA,NA,p.Ala120Val,0.549167349978966,37,0.06357458894586
urn:mavedb:00000114-a-1#2375,NA,NA,p.Ala120Trp,0.534271041913902,30,0.0654054604221513
urn:mavedb:00000114-a-1#2376,NA,NA,p.Ala120Tyr,0.702160052653333,22,0.0770974289869241
urn:mavedb:00000114-a-1#2377,NA,NA,p.Val121Ter,-0.0002004223561445,22,0.038487499978404
urn:mavedb:00000114-a-1#2378,NA,NA,p.Val121Ala,1.05550068313257,19,0.0737931338735727
urn:mavedb:00000114-a-1#2379,NA,NA,p.Val121Cys,1.05293217614131,7,0.0601511637644689
urn:mavedb:00000114-a-1#2380,NA,NA,p.Val121Asp,1.09752439578024,12,0.0922147597158404
urn:mavedb:00000114-a-1#2381,NA,NA,p.Val121Glu,1.11024961942193,20,0.0572743776572283
urn:mavedb:00000114-a-1#2382,NA,NA,p.Val121Phe,0.990866193702483,17,0.0573810965489009
urn:mavedb:00000114-a-1#2383,NA,NA,p.Val121Gly,1.10762221066092,21,0.0694241973682245
urn:mavedb:00000114-a-1#2384,NA,NA,p.Val121His,1.12500788674174,2,0.143492805412101
urn:mavedb:00000114-a-1#2385,NA,NA,p.Val121Ile,0.912403756419322,21,0.0448155496856357
urn:mavedb:00000114-a-1#2386,NA,NA,p.Val121Lys,1.09087854962582,17,0.0714558470896959
urn:mavedb:00000114-a-1#2387,NA,NA,p.Val121Leu,0.973462566859958,13,0.0812314929803117
urn:mavedb:00000114-a-1#2388,NA,NA,p.Val121Met,1.08741814311946,17,0.0580265121137728
urn:mavedb:00000114-a-1#2389,NA,NA,p.Val121Asn,1.12887506894333,15,0.0769142671009253
urn:mavedb:00000114-a-1#2390,NA,NA,p.Val121Pro,1.11498063107937,11,0.0723435023492312
urn:mavedb:00000114-a-1#2391,NA,NA,p.Val121Gln,1.1334730357016,11,0.0911110985762238
urn:mavedb:00000114-a-1#2392,NA,NA,p.Val121Arg,1.0717474044171,26,0.0688338454487362
urn:mavedb:00000114-a-1#2393,NA,NA,p.Val121Ser,1.09162919896781,17,0.038856111858688
urn:mavedb:00000114-a-1#2394,NA,NA,p.Val121Thr,1.11635569138225,18,0.0527747085978818
urn:mavedb:00000114-a-1#2395,NA,NA,p.Val121Trp,1.02966327472935,21,0.0504029614996032
urn:mavedb:00000114-a-1#2396,NA,NA,p.Val121Tyr,0.997428263194583,18,0.0640427821830189
urn:mavedb:00000114-a-1#2397,NA,NA,p.Ile122Ter,-0.0122532386326471,33,0.0289052612432016
urn:mavedb:00000114-a-1#2398,NA,NA,p.Ile122Ala,1.12477977054839,7,0.0673601628758694
urn:mavedb:00000114-a-1#2399,NA,NA,p.Ile122Cys,1.01638077822055,7,0.0736182621262413
urn:mavedb:00000114-a-1#2400,NA,NA,p.Ile122Asp,1.13693993996496,32,0.0604805204421924
urn:mavedb:00000114-a-1#2401,NA,NA,p.Ile122Glu,1.12220020772214,22,0.0647409155492653
urn:mavedb:00000114-a-1#2402,NA,NA,p.Ile122Phe,1.02650451118845,36,0.0491677127216472
urn:mavedb:00000114-a-1#2403,NA,NA,p.Ile122Gly,1.11772161683378,2,0.0937080668408953
urn:mavedb:00000114-a-1#2404,NA,NA,p.Ile122His,1.08395355407973,15,0.0839117253079934
urn:mavedb:00000114-a-1#2405,NA,NA,p.Ile122Lys,1.10638475500067,45,0.0388773282990091
urn:mavedb:00000114-a-1#2406,NA,NA,p.Ile122Leu,1.03450164249564,7,0.151494221785124
urn:mavedb:00000114-a-1#2407,NA,NA,p.Ile122Met,1.08608031693618,34,0.0441409095998417
urn:mavedb:00000114-a-1#2408,NA,NA,p.Ile122Asn,1.10682112259245,47,0.0442370396022692
urn:mavedb:00000114-a-1#2409,NA,NA,p.Ile122Pro,1.10661520619389,15,0.0740052483117997
urn:mavedb:00000114-a-1#2410,NA,NA,p.Ile122Gln,1.14002541397433,21,0.0498026642769386
urn:mavedb:00000114-a-1#2411,NA,NA,p.Ile122Arg,1.05628055193475,30,0.0572578002252583
urn:mavedb:00000114-a-1#2412,NA,NA,p.Ile122Ser,1.07749325831113,15,0.0593112326644494
urn:mavedb:00000114-a-1#2413,NA,NA,p.Ile122Thr,1.110438720743,32,0.0454190515452011
urn:mavedb:00000114-a-1#2414,NA,NA,p.Ile122Val,1.04851886474698,8,0.104916876663262
urn:mavedb:00000114-a-1#2415,NA,NA,p.Ile122Trp,0.986073012444725,19,0.0848925987922836
urn:mavedb:00000114-a-1#2416,NA,NA,p.Ile122Tyr,1.0481676975139,28,0.0385978935155875
urn:mavedb:00000114-a-1#2417,NA,NA,p.Leu123Ter,-0.0206305205550464,23,0.0219801009069558
urn:mavedb:00000114-a-1#2418,NA,NA,p.Leu123Ala,1.17983358007363,10,0.0524250438798649
urn:mavedb:00000114-a-1#2419,NA,NA,p.Leu123Cys,1.01993773096983,22,0.0600357385656362
urn:mavedb:00000114-a-1#2420,NA,NA,p.Leu123Asp,1.13685609829819,29,0.0509228027899924
urn:mavedb:00000114-a-1#2421,NA,NA,p.Leu123Glu,1.12206434549634,33,0.0563796079215627
urn:mavedb:00000114-a-1#2422,NA,NA,p.Leu123Phe,0.937256701466079,25,0.0573500976693889
urn:mavedb:00000114-a-1#2423,NA,NA,p.Leu123Gly,1.12304412983495,4,0.113688776680733
urn:mavedb:00000114-a-1#2424,NA,NA,p.Leu123His,1.07542350630564,22,0.0746134890634743
urn:mavedb:00000114-a-1#2425,NA,NA,p.Leu123Ile,0.908026128106441,35,0.0560218725505257
urn:mavedb:00000114-a-1#2426,NA,NA,p.Leu123Lys,1.09458892221817,40,0.0518645016558321
urn:mavedb:00000114-a-1#2427,NA,NA,p.Leu123Met,1.01260754284904,30,0.0426072243094287
urn:mavedb:00000114-a-1#2428,NA,NA,p.Leu123Asn,1.01433720486245,24,0.0480982736649646
urn:mavedb:00000114-a-1#2429,NA,NA,p.Leu123Pro,1.13064364671587,28,0.0717420150270445
urn:mavedb:00000114-a-1#2430,NA,NA,p.Leu123Gln,1.11035065401118,27,0.0531157632949742
urn:mavedb:00000114-a-1#2431,NA,NA,p.Leu123Arg,1.05459989820221,34,0.0497328492711277
urn:mavedb:00000114-a-1#2432,NA,NA,p.Leu123Ser,1.10286457663831,28,0.0435451694804972
urn:mavedb:00000114-a-1#2433,NA,NA,p.Leu123Thr,1.08171700171514,29,0.0485401721640101
urn:mavedb:00000114-a-1#2434,NA,NA,p.Leu123Val,0.968769546684879,37,0.0501710714105064
urn:mavedb:00000114-a-1#2435,NA,NA,p.Leu123Trp,0.971569187345643,34,0.078374231719251
urn:mavedb:00000114-a-1#2436,NA,NA,p.Leu123Tyr,1.030912942124,27,0.053870401935084
urn:mavedb:00000114-a-1#2437,NA,NA,p.His124Ter,-0.0161342517162566,31,0.0167046104334363
urn:mavedb:00000114-a-1#2438,NA,NA,p.His124Ala,1.05578972973319,14,0.099037609621827
urn:mavedb:00000114-a-1#2439,NA,NA,p.His124Cys,0.913113922743314,25,0.0497080208160601
urn:mavedb:00000114-a-1#2440,NA,NA,p.His124Asp,1.06850499403046,26,0.074639547509294
urn:mavedb:00000114-a-1#2441,NA,NA,p.His124Glu,1.03015673423923,26,0.0389853780532027
urn:mavedb:00000114-a-1#2442,NA,NA,p.His124Phe,0.547936665797821,19,0.0765529710193383
urn:mavedb:00000114-a-1#2443,NA,NA,p.His124Gly,1.04579384261409,25,0.0266858174544513
urn:mavedb:00000114-a-1#2444,NA,NA,p.His124Ile,0.421430409901791,23,0.073619192691348
urn:mavedb:00000114-a-1#2445,NA,NA,p.His124Lys,1.03808322206696,24,0.0640645109375944
urn:mavedb:00000114-a-1#2446,NA,NA,p.His124Leu,0.694814343765307,33,0.0604566709011461
urn:mavedb:00000114-a-1#2447,NA,NA,p.His124Met,0.854612770802407,19,0.0855015600359485
urn:mavedb:00000114-a-1#2448,NA,NA,p.His124Asn,1.05225882510703,33,0.0512058867648579
urn:mavedb:00000114-a-1#2449,NA,NA,p.His124Pro,1.11178518896175,27,0.0493436929885114
urn:mavedb:00000114-a-1#2450,NA,NA,p.His124Gln,1.00604150183408,20,0.0561606304529516
urn:mavedb:00000114-a-1#2451,NA,NA,p.His124Arg,0.961234302920254,29,0.0467040868958135
urn:mavedb:00000114-a-1#2452,NA,NA,p.His124Ser,1.05140617889987,29,0.045455893314505
urn:mavedb:00000114-a-1#2453,NA,NA,p.His124Thr,0.970303500315431,21,0.046388221610737
urn:mavedb:00000114-a-1#2454,NA,NA,p.His124Val,0.64248639705937,36,0.0567922321003164
urn:mavedb:00000114-a-1#2455,NA,NA,p.His124Trp,0.525196989494119,25,0.0644580897509366
urn:mavedb:00000114-a-1#2456,NA,NA,p.His124Tyr,0.72072262710988,18,0.104169240421926
urn:mavedb:00000114-a-1#2457,NA,NA,p.Thr125Ter,-0.0128689263694969,43,0.0210575854433143
urn:mavedb:00000114-a-1#2458,NA,NA,p.Thr125Ala,1.02707933686632,15,0.037666034491126
urn:mavedb:00000114-a-1#2459,NA,NA,p.Thr125Cys,0.916922119077235,25,0.0713866735027336
urn:mavedb:00000114-a-1#2460,NA,NA,p.Thr125Asp,1.0597135727247,36,0.0330850813081166
urn:mavedb:00000114-a-1#2461,NA,NA,p.Thr125Glu,1.039838003514,35,0.0388746767196709
urn:mavedb:00000114-a-1#2462,NA,NA,p.Thr125Phe,0.593401946495248,36,0.0868403544570447
urn:mavedb:00000114-a-1#2463,NA,NA,p.Thr125Gly,1.05634246776738,3,0.0837335489740928
urn:mavedb:00000114-a-1#2464,NA,NA,p.Thr125His,0.996665169459417,31,0.0639300083849027
urn:mavedb:00000114-a-1#2465,NA,NA,p.Thr125Ile,0.654361085435216,36,0.0688237111703107
urn:mavedb:00000114-a-1#2466,NA,NA,p.Thr125Lys,1.01119203863,30,0.0701792215861104
urn:mavedb:00000114-a-1#2467,NA,NA,p.Thr125Leu,0.698743196977522,29,0.0688740563622575
urn:mavedb:00000114-a-1#2468,NA,NA,p.Thr125Met,0.838285046031518,27,0.0598421658094683
urn:mavedb:00000114-a-1#2469,NA,NA,p.Thr125Asn,1.01106583518726,23,0.0498473916639026
urn:mavedb:00000114-a-1#2470,NA,NA,p.Thr125Pro,1.03610601242874,18,0.0800200103967879
urn:mavedb:00000114-a-1#2471,NA,NA,p.Thr125Gln,1.01850051747111,22,0.0821794322797144
urn:mavedb:00000114-a-1#2472,NA,NA,p.Thr125Arg,0.946361515796841,38,0.0422297135920225
urn:mavedb:00000114-a-1#2473,NA,NA,p.Thr125Ser,0.994209706472348,19,0.0440967812055065
urn:mavedb:00000114-a-1#2474,NA,NA,p.Thr125Val,0.807829842792238,18,0.0540528876564097
urn:mavedb:00000114-a-1#2475,NA,NA,p.Thr125Trp,0.628838154692498,36,0.0641425021871954
urn:mavedb:00000114-a-1#2476,NA,NA,p.Thr125Tyr,0.826802233272376,25,0.0504412826680027
urn:mavedb:00000114-a-1#2477,NA,NA,p.Asp126Ter,0.0116343864073586,28,0.0781073257171443
urn:mavedb:00000114-a-1#2478,NA,NA,p.Asp126Ala,0.919726477551434,34,0.0721153603559569
urn:mavedb:00000114-a-1#2479,NA,NA,p.Asp126Cys,0.75679274607764,30,0.0699408316990182
urn:mavedb:00000114-a-1#2480,NA,NA,p.Asp126Glu,0.9610485232513,33,0.0548062263322349
urn:mavedb:00000114-a-1#2481,NA,NA,p.Asp126Phe,0.719760667055329,22,0.0736818325498445
urn:mavedb:00000114-a-1#2482,NA,NA,p.Asp126Gly,0.920227578580484,27,0.0331603218812312
urn:mavedb:00000114-a-1#2483,NA,NA,p.Asp126His,0.890542115388096,36,0.056841052871996
urn:mavedb:00000114-a-1#2484,NA,NA,p.Asp126Ile,0.727801473590971,21,0.0519096361576084
urn:mavedb:00000114-a-1#2485,NA,NA,p.Asp126Lys,0.946874458511466,34,0.0422786584732306
urn:mavedb:00000114-a-1#2486,NA,NA,p.Asp126Leu,0.872108956469223,30,0.0631454515108722
urn:mavedb:00000114-a-1#2487,NA,NA,p.Asp126Met,0.863023181212683,27,0.0610190335501941
urn:mavedb:00000114-a-1#2488,NA,NA,p.Asp126Asn,0.96601506568309,25,0.0556500992084499
urn:mavedb:00000114-a-1#2489,NA,NA,p.Asp126Pro,0.948650677711225,25,0.0655576604557417
urn:mavedb:00000114-a-1#2490,NA,NA,p.Asp126Gln,0.924393436974453,25,0.0459446727177882
urn:mavedb:00000114-a-1#2491,NA,NA,p.Asp126Arg,0.826321097382022,32,0.0468654844282037
urn:mavedb:00000114-a-1#2492,NA,NA,p.Asp126Ser,0.869916569622486,26,0.0786487698143376
urn:mavedb:00000114-a-1#2493,NA,NA,p.Asp126Thr,0.888953729473761,29,0.0523937268684276
urn:mavedb:00000114-a-1#2494,NA,NA,p.Asp126Val,0.78265409112492,33,0.0517798693125396
urn:mavedb:00000114-a-1#2495,NA,NA,p.Asp126Trp,0.685359741739023,24,0.0689851141613656
urn:mavedb:00000114-a-1#2496,NA,NA,p.Asp126Tyr,0.737944882210661,38,0.0612009721578762
urn:mavedb:00000114-a-1#2497,NA,NA,p.Ser127Ter,-0.0207204168856761,22,0.0208874874140364
urn:mavedb:00000114-a-1#2498,NA,NA,p.Ser127Ala,1.0317651339528,25,0.0523652210898881
urn:mavedb:00000114-a-1#2499,NA,NA,p.Ser127Cys,0.877631135536514,5,0.0858238437387548
urn:mavedb:00000114-a-1#2500,NA,NA,p.Ser127Asp,1.03324349834465,21,0.0511616523859584
urn:mavedb:00000114-a-1#2501,NA,NA,p.Ser127Glu,1.06177101153823,30,0.0423077579294353
urn:mavedb:00000114-a-1#2502,NA,NA,p.Ser127Phe,0.952284559640632,19,0.0512370431159457
urn:mavedb:00000114-a-1#2503,NA,NA,p.Ser127Gly,1.00346009947436,22,0.0480767831959338
urn:mavedb:00000114-a-1#2504,NA,NA,p.Ser127His,0.98435983484208,23,0.0537719212880682
urn:mavedb:00000114-a-1#2505,NA,NA,p.Ser127Ile,0.955332458331111,14,0.0709304874659588
urn:mavedb:00000114-a-1#2506,NA,NA,p.Ser127Lys,1.00419941162358,31,0.0622252202512234
urn:mavedb:00000114-a-1#2507,NA,NA,p.Ser127Leu,0.987808089631997,19,0.0546634205131971
urn:mavedb:00000114-a-1#2508,NA,NA,p.Ser127Met,0.981110641628,20,0.0603222418208741
urn:mavedb:00000114-a-1#2509,NA,NA,p.Ser127Asn,1.0149029950638,24,0.0489259821801557
urn:mavedb:00000114-a-1#2510,NA,NA,p.Ser127Pro,0.990480020218437,19,0.065537615655649
urn:mavedb:00000114-a-1#2511,NA,NA,p.Ser127Gln,1.00619240123757,30,0.0510918285387135
urn:mavedb:00000114-a-1#2512,NA,NA,p.Ser127Arg,0.960034911476042,24,0.0593310886804865
urn:mavedb:00000114-a-1#2513,NA,NA,p.Ser127Thr,0.996114779600827,25,0.0826941571853753
urn:mavedb:00000114-a-1#2514,NA,NA,p.Ser127Val,0.977730079495101,29,0.0410336463835382
urn:mavedb:00000114-a-1#2515,NA,NA,p.Ser127Trp,0.882696946170115,23,0.0648873208837999
urn:mavedb:00000114-a-1#2516,NA,NA,p.Ser127Tyr,0.948245914687516,17,0.061160352436628
urn:mavedb:00000114-a-1#2517,NA,NA,p.Arg128Ter,-0.0306318219479799,24,0.0098143935156475
urn:mavedb:00000114-a-1#2518,NA,NA,p.Arg128Ala,1.01692164500077,27,0.0567106745429436
urn:mavedb:00000114-a-1#2519,NA,NA,p.Arg128Cys,0.942868488997825,27,0.0654903999834771
urn:mavedb:00000114-a-1#2520,NA,NA,p.Arg128Asp,1.08681765021012,28,0.0419686373527761
urn:mavedb:00000114-a-1#2521,NA,NA,p.Arg128Glu,1.04009780404438,33,0.0507516923612501
urn:mavedb:00000114-a-1#2522,NA,NA,p.Arg128Phe,0.991946214612292,28,0.0711266179748213
urn:mavedb:00000114-a-1#2523,NA,NA,p.Arg128Gly,1.02949694940741,30,0.0492100843362933
urn:mavedb:00000114-a-1#2524,NA,NA,p.Arg128His,0.985034809052296,30,0.0593789762827276
urn:mavedb:00000114-a-1#2525,NA,NA,p.Arg128Ile,0.972152289369542,29,0.0561672609584802
urn:mavedb:00000114-a-1#2526,NA,NA,p.Arg128Lys,1.04768988850343,35,0.0466290815766479
urn:mavedb:00000114-a-1#2527,NA,NA,p.Arg128Leu,0.999439600592547,24,0.0472266479622108
urn:mavedb:00000114-a-1#2528,NA,NA,p.Arg128Met,1.01707639468906,29,0.0453135635103525
urn:mavedb:00000114-a-1#2529,NA,NA,p.Arg128Asn,1.02506952880477,28,0.0722487166463849
urn:mavedb:00000114-a-1#2530,NA,NA,p.Arg128Pro,1.00694511625205,27,0.0628634818306747
urn:mavedb:00000114-a-1#2531,NA,NA,p.Arg128Gln,1.03198676448899,26,0.0605572903346659
urn:mavedb:00000114-a-1#2532,NA,NA,p.Arg128Ser,0.978427073255569,31,0.0521283405949882
urn:mavedb:00000114-a-1#2533,NA,NA,p.Arg128Thr,1.02279656762085,31,0.0689663186347425
urn:mavedb:00000114-a-1#2534,NA,NA,p.Arg128Val,1.03965422636943,19,0.0552295816745106
urn:mavedb:00000114-a-1#2535,NA,NA,p.Arg128Trp,0.961688881520722,29,0.0433215407353109
urn:mavedb:00000114-a-1#2536,NA,NA,p.Arg128Tyr,1.01439834292812,32,0.035448580093286
urn:mavedb:00000114-a-1#2537,NA,NA,p.Lys129Ter,-0.0096911734860613,13,0.0194000994413185
urn:mavedb:00000114-a-1#2538,NA,NA,p.Lys129Ala,0.976331550096406,35,0.0416401948074021
urn:mavedb:00000114-a-1#2539,NA,NA,p.Lys129Cys,0.962928791200809,11,0.0910756671931334
urn:mavedb:00000114-a-1#2540,NA,NA,p.Lys129Asp,0.965533127974376,21,0.054679375475988
urn:mavedb:00000114-a-1#2541,NA,NA,p.Lys129Glu,1.01173008691787,22,0.0615404680385837
urn:mavedb:00000114-a-1#2542,NA,NA,p.Lys129Phe,0.927499994326615,27,0.0953795257393481
urn:mavedb:00000114-a-1#2543,NA,NA,p.Lys129Gly,0.97553354924841,37,0.0441362233434878
urn:mavedb:00000114-a-1#2544,NA,NA,p.Lys129His,1.00362740536236,24,0.0608181183191665
urn:mavedb:00000114-a-1#2545,NA,NA,p.Lys129Ile,0.983644251321412,15,0.0619120334457376
urn:mavedb:00000114-a-1#2546,NA,NA,p.Lys129Leu,1.00349555696137,20,0.0787470524522508
urn:mavedb:00000114-a-1#2547,NA,NA,p.Lys129Met,0.994966032547409,20,0.0533519988393508
urn:mavedb:00000114-a-1#2548,NA,NA,p.Lys129Asn,0.99871710149597,34,0.0419685346570512
urn:mavedb:00000114-a-1#2549,NA,NA,p.Lys129Pro,0.989053252794134,23,0.0863541435204591
urn:mavedb:00000114-a-1#2550,NA,NA,p.Lys129Gln,0.992148852947393,20,0.0470877385459558
urn:mavedb:00000114-a-1#2551,NA,NA,p.Lys129Arg,0.960466081755853,35,0.0675257764858671
urn:mavedb:00000114-a-1#2552,NA,NA,p.Lys129Ser,1.01202103436746,20,0.0620494162025541
urn:mavedb:00000114-a-1#2553,NA,NA,p.Lys129Thr,0.924057987117855,27,0.0612736230539153
urn:mavedb:00000114-a-1#2554,NA,NA,p.Lys129Val,0.973996065713412,25,0.0442928596746966
urn:mavedb:00000114-a-1#2555,NA,NA,p.Lys129Trp,0.878864350625758,9,0.0986432351382243
urn:mavedb:00000114-a-1#2556,NA,NA,p.Lys129Tyr,0.849884306061048,22,0.0525058111314121
urn:mavedb:00000114-a-1#2557,NA,NA,p.Asp130Ter,-0.0080585153046911,21,0.0274589919226645
urn:mavedb:00000114-a-1#2558,NA,NA,p.Asp130Ala,1.01294845567057,27,0.0449431596301547
urn:mavedb:00000114-a-1#2559,NA,NA,p.Asp130Cys,0.943325831734941,34,0.0453557485798107
urn:mavedb:00000114-a-1#2560,NA,NA,p.Asp130Glu,0.982083281220212,9,0.126943070349254
urn:mavedb:00000114-a-1#2561,NA,NA,p.Asp130Phe,0.930139276838826,27,0.0432544209905781
urn:mavedb:00000114-a-1#2562,NA,NA,p.Asp130Gly,0.95844723884757,13,0.0715842245191761
urn:mavedb:00000114-a-1#2563,NA,NA,p.Asp130His,0.932546835716763,31,0.047232447670231
urn:mavedb:00000114-a-1#2564,NA,NA,p.Asp130Ile,0.940978462679092,33,0.0485348142841204
urn:mavedb:00000114-a-1#2565,NA,NA,p.Asp130Lys,0.972529611761264,24,0.072142184594674
urn:mavedb:00000114-a-1#2566,NA,NA,p.Asp130Leu,0.943809628060426,25,0.0823919757097487
urn:mavedb:00000114-a-1#2567,NA,NA,p.Asp130Met,0.956991096629688,23,0.0667222530795117
urn:mavedb:00000114-a-1#2568,NA,NA,p.Asp130Asn,0.957908472297607,35,0.0369745705804899
urn:mavedb:00000114-a-1#2569,NA,NA,p.Asp130Pro,0.971163703374253,26,0.0715885390576271
urn:mavedb:00000114-a-1#2570,NA,NA,p.Asp130Gln,0.980303298764614,27,0.0340844763546733
urn:mavedb:00000114-a-1#2571,NA,NA,p.Asp130Arg,0.92538819263699,29,0.0506370989566892
urn:mavedb:00000114-a-1#2572,NA,NA,p.Asp130Ser,0.98063263697676,26,0.0562281705694626
urn:mavedb:00000114-a-1#2573,NA,NA,p.Asp130Thr,0.976782583337049,27,0.0635622283261513
urn:mavedb:00000114-a-1#2574,NA,NA,p.Asp130Val,0.950039382436147,19,0.0682107513702828
urn:mavedb:00000114-a-1#2575,NA,NA,p.Asp130Trp,0.90012382981336,42,0.065796523481632
urn:mavedb:00000114-a-1#2576,NA,NA,p.Asp130Tyr,0.910803017512727,21,0.0512481501264545
urn:mavedb:00000114-a-1#2577,NA,NA,p.Ser131Ter,-0.0193748720889826,24,0.0243161039315837
urn:mavedb:00000114-a-1#2578,NA,NA,p.Ser131Ala,1.00398072131603,33,0.0702941842163815
urn:mavedb:00000114-a-1#2579,NA,NA,p.Ser131Cys,0.978570882509434,28,0.0877719108433377
urn:mavedb:00000114-a-1#2580,NA,NA,p.Ser131Asp,1.01997938623211,21,0.0828311264382342
urn:mavedb:00000114-a-1#2581,NA,NA,p.Ser131Glu,1.045145822952,40,0.0668315616299417
urn:mavedb:00000114-a-1#2582,NA,NA,p.Ser131Phe,0.962817850681822,17,0.0556453812896405
urn:mavedb:00000114-a-1#2583,NA,NA,p.Ser131Gly,1.0091031325461,22,0.0616884249330772
urn:mavedb:00000114-a-1#2584,NA,NA,p.Ser131His,0.940812521996158,25,0.0428500724947105
urn:mavedb:00000114-a-1#2585,NA,NA,p.Ser131Ile,0.983943344249074,25,0.063359112460743
urn:mavedb:00000114-a-1#2586,NA,NA,p.Ser131Lys,0.966304825729992,24,0.0462409972253423
urn:mavedb:00000114-a-1#2587,NA,NA,p.Ser131Leu,0.98586937874388,18,0.0803767991857959
urn:mavedb:00000114-a-1#2588,NA,NA,p.Ser131Met,0.971973730205114,29,0.0584446452617732
urn:mavedb:00000114-a-1#2589,NA,NA,p.Ser131Asn,0.996447110984646,38,0.0702470025458435
urn:mavedb:00000114-a-1#2590,NA,NA,p.Ser131Pro,0.986101939015666,22,0.0644952935182568
urn:mavedb:00000114-a-1#2591,NA,NA,p.Ser131Gln,0.984538735635402,26,0.0507916165219557
urn:mavedb:00000114-a-1#2592,NA,NA,p.Ser131Arg,0.930510101556421,32,0.0590929839735787
urn:mavedb:00000114-a-1#2593,NA,NA,p.Ser131Thr,0.988963686374657,18,0.061685257239416
urn:mavedb:00000114-a-1#2594,NA,NA,p.Ser131Val,0.99642679889313,22,0.0683923332456363
urn:mavedb:00000114-a-1#2595,NA,NA,p.Ser131Trp,0.950040891904114,32,0.0645366759556621
urn:mavedb:00000114-a-1#2596,NA,NA,p.Ser131Tyr,0.945081310328487,19,0.092663049662038
urn:mavedb:00000114-a-1#2597,NA,NA,p.Pro132Ter,0.0004824419465617,37,0.0262734263533161
urn:mavedb:00000114-a-1#2598,NA,NA,p.Pro132Ala,1.00432843287483,25,0.0507897578179321
urn:mavedb:00000114-a-1#2599,NA,NA,p.Pro132Cys,0.965130109032129,30,0.0623824830942077
urn:mavedb:00000114-a-1#2600,NA,NA,p.Pro132Asp,1.00750870471219,36,0.0453173673838256
urn:mavedb:00000114-a-1#2601,NA,NA,p.Pro132Glu,1.02819235492342,27,0.0662829164862824
urn:mavedb:00000114-a-1#2602,NA,NA,p.Pro132Phe,0.952695164761457,38,0.0493375848340275
urn:mavedb:00000114-a-1#2603,NA,NA,p.Pro132Gly,1.00044562802815,27,0.0450192187578475
urn:mavedb:00000114-a-1#2604,NA,NA,p.Pro132His,0.967215204123804,38,0.0348405059812937
urn:mavedb:00000114-a-1#2605,NA,NA,p.Pro132Ile,0.959244872700426,35,0.0470600879886098
urn:mavedb:00000114-a-1#2606,NA,NA,p.Pro132Lys,0.966223044746004,34,0.057069317947386
urn:mavedb:00000114-a-1#2607,NA,NA,p.Pro132Leu,0.958104998375886,25,0.0470690706320557
urn:mavedb:00000114-a-1#2608,NA,NA,p.Pro132Met,0.975777355242606,23,0.0541291209318772
urn:mavedb:00000114-a-1#2609,NA,NA,p.Pro132Asn,0.984139102807911,30,0.0384753608222589
urn:mavedb:00000114-a-1#2610,NA,NA,p.Pro132Gln,0.989125094263819,37,0.0592038348804882
urn:mavedb:00000114-a-1#2611,NA,NA,p.Pro132Arg,0.992064389502853,13,0.0992461577645444
urn:mavedb:00000114-a-1#2612,NA,NA,p.Pro132Ser,1.02283877782517,22,0.0575728051086129
urn:mavedb:00000114-a-1#2613,NA,NA,p.Pro132Thr,0.966714857152472,28,0.0616258585086904
urn:mavedb:00000114-a-1#2614,NA,NA,p.Pro132Val,0.993437169184628,27,0.0562586053491883
urn:mavedb:00000114-a-1#2615,NA,NA,p.Pro132Trp,0.921658993378137,16,0.0759602751536684
urn:mavedb:00000114-a-1#2616,NA,NA,p.Pro132Tyr,0.954154366629683,38,0.0425204834373409
urn:mavedb:00000114-a-1#2617,NA,NA,p.Pro133Ter,0.0374644948373003,22,0.0595134394777006
urn:mavedb:00000114-a-1#2618,NA,NA,p.Pro133Ala,0.986541243035423,25,0.0447404093820171
urn:mavedb:00000114-a-1#2619,NA,NA,p.Pro133Cys,0.956225908045915,29,0.0544514753745355
urn:mavedb:00000114-a-1#2620,NA,NA,p.Pro133Asp,0.985093554955282,24,0.0571445186137127
urn:mavedb:00000114-a-1#2621,NA,NA,p.Pro133Glu,1.0058552007794,35,0.0381278759456827
urn:mavedb:00000114-a-1#2622,NA,NA,p.Pro133Phe,0.97817480688432,29,0.0823650191420486
urn:mavedb:00000114-a-1#2623,NA,NA,p.Pro133Gly,0.977746217465484,29,0.0431769013051435
urn:mavedb:00000114-a-1#2624,NA,NA,p.Pro133His,0.973749721686816,29,0.0719728048400788
urn:mavedb:00000114-a-1#2625,NA,NA,p.Pro133Ile,0.965418094667127,36,0.0284016515515615
urn:mavedb:00000114-a-1#2626,NA,NA,p.Pro133Lys,0.93907779624087,27,0.0733547520683992
urn:mavedb:00000114-a-1#2627,NA,NA,p.Pro133Leu,0.980190429607574,25,0.049915316887649
urn:mavedb:00000114-a-1#2628,NA,NA,p.Pro133Met,0.984250446365986,27,0.0575800831931014
urn:mavedb:00000114-a-1#2629,NA,NA,p.Pro133Asn,0.964035063723451,26,0.0418355572375019
urn:mavedb:00000114-a-1#2630,NA,NA,p.Pro133Gln,1.01360818598413,17,0.0961425008190487
urn:mavedb:00000114-a-1#2631,NA,NA,p.Pro133Arg,0.972493192556074,24,0.0557568495880625
urn:mavedb:00000114-a-1#2632,NA,NA,p.Pro133Ser,0.974341401749059,25,0.0435713836456863
urn:mavedb:00000114-a-1#2633,NA,NA,p.Pro133Thr,0.96551334188038,17,0.0653794645652161
urn:mavedb:00000114-a-1#2634,NA,NA,p.Pro133Val,0.97611076008294,27,0.0483014240791528
urn:mavedb:00000114-a-1#2635,NA,NA,p.Pro133Trp,0.960602008716405,18,0.0635249028193789
urn:mavedb:00000114-a-1#2636,NA,NA,p.Pro133Tyr,0.963434672184883,33,0.0591497019935871
urn:mavedb:00000114-a-1#2637,NA,NA,p.Ala134Ter,0.0552193375737303,28,0.0799051154130153
urn:mavedb:00000114-a-1#2638,NA,NA,p.Ala134Cys,0.920675421230726,22,0.0840980714633109
urn:mavedb:00000114-a-1#2639,NA,NA,p.Ala134Asp,0.96525688522976,32,0.0398055314043108
urn:mavedb:00000114-a-1#2640,NA,NA,p.Ala134Glu,1.00161024309598,31,0.0585453219569921
urn:mavedb:00000114-a-1#2641,NA,NA,p.Ala134Phe,0.947194584584767,24,0.0596386589148296
urn:mavedb:00000114-a-1#2642,NA,NA,p.Ala134Gly,0.974424795253376,17,0.0834256563238159
urn:mavedb:00000114-a-1#2643,NA,NA,p.Ala134His,0.953252280657244,25,0.0440642344271412
urn:mavedb:00000114-a-1#2644,NA,NA,p.Ala134Ile,0.967155994574694,25,0.0358794630916095
urn:mavedb:00000114-a-1#2645,NA,NA,p.Ala134Lys,0.977314870843155,32,0.0376322744864849
urn:mavedb:00000114-a-1#2646,NA,NA,p.Ala134Leu,0.963752844079482,30,0.0691415225294347
urn:mavedb:00000114-a-1#2647,NA,NA,p.Ala134Met,0.971889323159765,20,0.0590138539968592
urn:mavedb:00000114-a-1#2648,NA,NA,p.Ala134Asn,0.915993748464835,23,0.0626465877394831
urn:mavedb:00000114-a-1#2649,NA,NA,p.Ala134Pro,0.969441855640422,35,0.0667837181762904
urn:mavedb:00000114-a-1#2650,NA,NA,p.Ala134Gln,0.978772728311071,46,0.0406692735447814
urn:mavedb:00000114-a-1#2651,NA,NA,p.Ala134Arg,0.973979872249201,36,0.0533927448887209
urn:mavedb:00000114-a-1#2652,NA,NA,p.Ala134Ser,0.971070433843282,31,0.0653477093370015
urn:mavedb:00000114-a-1#2653,NA,NA,p.Ala134Thr,0.960234853816324,30,0.0600705489954075
urn:mavedb:00000114-a-1#2654,NA,NA,p.Ala134Val,0.983442168710162,39,0.0341723613617289
urn:mavedb:00000114-a-1#2655,NA,NA,p.Ala134Trp,0.859736806656318,30,0.0458570095360999
urn:mavedb:00000114-a-1#2656,NA,NA,p.Ala134Tyr,0.93500221506195,32,0.034563441083093
urn:mavedb:00000114-a-1#2657,NA,NA,p.Gly135Ter,0.0550849934620858,22,0.0792097943694462
urn:mavedb:00000114-a-1#2658,NA,NA,p.Gly135Ala,1.01212019429562,25,0.0498288666809365
urn:mavedb:00000114-a-1#2659,NA,NA,p.Gly135Cys,0.986166624974485,16,0.0796778031871184
urn:mavedb:00000114-a-1#2660,NA,NA,p.Gly135Asp,1.01471939884969,19,0.0689806293790788
urn:mavedb:00000114-a-1#2661,NA,NA,p.Gly135Glu,1.02838334585224,17,0.0737822764105172
urn:mavedb:00000114-a-1#2662,NA,NA,p.Gly135Phe,0.96529905421357,11,0.0920997140823889
urn:mavedb:00000114-a-1#2663,NA,NA,p.Gly135His,0.987256689899654,21,0.0485792745338368
urn:mavedb:00000114-a-1#2664,NA,NA,p.Gly135Ile,1.00608284535482,24,0.061752226331144
urn:mavedb:00000114-a-1#2665,NA,NA,p.Gly135Lys,1.00879850715964,19,0.0508810752307256
urn:mavedb:00000114-a-1#2666,NA,NA,p.Gly135Leu,1.00442353877813,23,0.0409290642261438
urn:mavedb:00000114-a-1#2667,NA,NA,p.Gly135Met,0.994681542631198,25,0.0523272558036903
urn:mavedb:00000114-a-1#2668,NA,NA,p.Gly135Asn,0.994119249112724,26,0.0565204785861789
urn:mavedb:00000114-a-1#2669,NA,NA,p.Gly135Pro,0.991672455013378,26,0.0528742097681937
urn:mavedb:00000114-a-1#2670,NA,NA,p.Gly135Gln,0.982683170430192,20,0.077636519918303
urn:mavedb:00000114-a-1#2671,NA,NA,p.Gly135Arg,0.998677786401152,23,0.0613050613417244
urn:mavedb:00000114-a-1#2672,NA,NA,p.Gly135Ser,0.984422835011879,12,0.110513662145305
urn:mavedb:00000114-a-1#2673,NA,NA,p.Gly135Thr,1.01520443891567,18,0.0569346548970734
urn:mavedb:00000114-a-1#2674,NA,NA,p.Gly135Val,0.99447127045401,19,0.0422281403568178
urn:mavedb:00000114-a-1#2675,NA,NA,p.Gly135Trp,0.936022124318442,16,0.0603372231874346
urn:mavedb:00000114-a-1#2676,NA,NA,p.Gly135Tyr,0.974613825965887,23,0.0764029332809328
urn:mavedb:00000114-a-1#2677,NA,NA,p.Ser136Ter,0.0410001956394329,20,0.161556302063816
urn:mavedb:00000114-a-1#2678,NA,NA,p.Ser136Ala,1.01608197958463,20,0.0578079714000226
urn:mavedb:00000114-a-1#2679,NA,NA,p.Ser136Cys,0.964166910002451,15,0.0686297709738205
urn:mavedb:00000114-a-1#2680,NA,NA,p.Ser136Asp,1.01899617837192,19,0.0676739472640244
urn:mavedb:00000114-a-1#2681,NA,NA,p.Ser136Glu,1.05794684997473,4,0.107730543591437
urn:mavedb:00000114-a-1#2682,NA,NA,p.Ser136Phe,0.999849480892481,19,0.0585442570261806
urn:mavedb:00000114-a-1#2683,NA,NA,p.Ser136Gly,1.06149119445704,17,0.0528076456482676
urn:mavedb:00000114-a-1#2684,NA,NA,p.Ser136His,0.986904559302465,17,0.0653478790721277
urn:mavedb:00000114-a-1#2685,NA,NA,p.Ser136Ile,1.00142161801199,14,0.106354455627892
urn:mavedb:00000114-a-1#2686,NA,NA,p.Ser136Lys,0.995662639356767,3,0.180367081955361
urn:mavedb:00000114-a-1#2687,NA,NA,p.Ser136Leu,1.00058122110298,6,0.0906019858031047
urn:mavedb:00000114-a-1#2688,NA,NA,p.Ser136Met,1.0028419520261,3,0.165456516218824
urn:mavedb:00000114-a-1#2689,NA,NA,p.Ser136Asn,0.998301741612437,21,0.0601252940362516
urn:mavedb:00000114-a-1#2690,NA,NA,p.Ser136Pro,0.982632717186903,17,0.0652908381905472
urn:mavedb:00000114-a-1#2691,NA,NA,p.Ser136Gln,0.994151580511129,6,0.11244091850509
urn:mavedb:00000114-a-1#2692,NA,NA,p.Ser136Arg,1.01247794657048,21,0.0742663437290124
urn:mavedb:00000114-a-1#2693,NA,NA,p.Ser136Thr,1.00237605004998,13,0.0959581410340653
urn:mavedb:00000114-a-1#2694,NA,NA,p.Ser136Val,0.988799916265433,4,0.122681394048491
urn:mavedb:00000114-a-1#2695,NA,NA,p.Ser136Trp,0.949604591819802,5,0.0867990506892957
urn:mavedb:00000114-a-1#2696,NA,NA,p.Ser136Tyr,0.960445762258552,15,0.0593660841896297
urn:mavedb:00000114-a-1#2697,NA,NA,p.Pro137Ter,0.0274375867293537,22,0.122993815628301
urn:mavedb:00000114-a-1#2698,NA,NA,p.Pro137Ala,0.997861165743449,3,0.121380921223894
urn:mavedb:00000114-a-1#2699,NA,NA,p.Pro137Cys,1.0026878670271,22,0.057992202703985
urn:mavedb:00000114-a-1#2700,NA,NA,p.Pro137Asp,1.03256910040245,22,0.0508221789672099
urn:mavedb:00000114-a-1#2701,NA,NA,p.Pro137Glu,1.01651723916342,28,0.043137746793357
urn:mavedb:00000114-a-1#2702,NA,NA,p.Pro137Phe,0.972975176459448,23,0.0776639369805607
urn:mavedb:00000114-a-1#2703,NA,NA,p.Pro137Gly,1.00805757223811,22,0.0601098135754774
urn:mavedb:00000114-a-1#2704,NA,NA,p.Pro137His,0.991718775139506,20,0.0860697692926117
urn:mavedb:00000114-a-1#2705,NA,NA,p.Pro137Ile,1.01133865710187,37,0.0350281462064849
urn:mavedb:00000114-a-1#2706,NA,NA,p.Pro137Lys,1.00493932236606,33,0.0605689610826255
urn:mavedb:00000114-a-1#2707,NA,NA,p.Pro137Leu,0.981620300302353,15,0.0713752666930836
urn:mavedb:00000114-a-1#2708,NA,NA,p.Pro137Met,0.995676874985107,29,0.0426798749517693
urn:mavedb:00000114-a-1#2709,NA,NA,p.Pro137Asn,1.02301690554904,29,0.0365079125147389
urn:mavedb:00000114-a-1#2710,NA,NA,p.Pro137Gln,1.0012300100749,32,0.05855022931353
urn:mavedb:00000114-a-1#2711,NA,NA,p.Pro137Arg,1.0042646714663,28,0.0350686820117401
urn:mavedb:00000114-a-1#2712,NA,NA,p.Pro137Ser,1.00813414606151,14,0.0645774171309549
urn:mavedb:00000114-a-1#2713,NA,NA,p.Pro137Thr,1.01012749551228,17,0.0464234777701434
urn:mavedb:00000114-a-1#2714,NA,NA,p.Pro137Val,1.01756620480762,26,0.0500625200149999
urn:mavedb:00000114-a-1#2715,NA,NA,p.Pro137Trp,0.957986916485803,42,0.0653806485077488
urn:mavedb:00000114-a-1#2716,NA,NA,p.Pro137Tyr,0.96399180454759,27,0.0396716139365051
urn:mavedb:00000114-a-1#2717,NA,NA,p.Ala138Ter,0.119699983498027,36,0.0711771061666839
urn:mavedb:00000114-a-1#2718,NA,NA,p.Ala138Cys,0.965702041115873,20,0.0842663715625241
urn:mavedb:00000114-a-1#2719,NA,NA,p.Ala138Asp,1.02266179908261,37,0.0551728338609263
urn:mavedb:00000114-a-1#2720,NA,NA,p.Ala138Glu,1.00809966699372,33,0.0455332972295477
urn:mavedb:00000114-a-1#2721,NA,NA,p.Ala138Phe,0.99221157003706,22,0.0479634983760266
urn:mavedb:00000114-a-1#2722,NA,NA,p.Ala138Gly,0.978219705089276,15,0.0517715503853527
urn:mavedb:00000114-a-1#2723,NA,NA,p.Ala138His,0.934322450752963,23,0.0433283452854748
urn:mavedb:00000114-a-1#2724,NA,NA,p.Ala138Ile,0.999881563034532,44,0.051240704890911
urn:mavedb:00000114-a-1#2725,NA,NA,p.Ala138Lys,0.985416675003316,22,0.0466250085991026
urn:mavedb:00000114-a-1#2726,NA,NA,p.Ala138Leu,1.00272244762134,32,0.0404506506115662
urn:mavedb:00000114-a-1#2727,NA,NA,p.Ala138Met,1.01257929096336,27,0.0669504482119574
urn:mavedb:00000114-a-1#2728,NA,NA,p.Ala138Asn,0.982168429828008,31,0.0660292299610663
urn:mavedb:00000114-a-1#2729,NA,NA,p.Ala138Pro,0.995208131353904,25,0.058741078077411
urn:mavedb:00000114-a-1#2730,NA,NA,p.Ala138Gln,1.01836344324002,23,0.0637882368440689
urn:mavedb:00000114-a-1#2731,NA,NA,p.Ala138Arg,0.988727588675263,32,0.0299338834226467
urn:mavedb:00000114-a-1#2732,NA,NA,p.Ala138Ser,0.993924468225935,24,0.0535425062141867
urn:mavedb:00000114-a-1#2733,NA,NA,p.Ala138Thr,1.01471086269333,40,0.0475468856458383
urn:mavedb:00000114-a-1#2734,NA,NA,p.Ala138Val,0.988738249199567,25,0.0791893196392772
urn:mavedb:00000114-a-1#2735,NA,NA,p.Ala138Trp,0.964359776394151,33,0.0499769386314274
urn:mavedb:00000114-a-1#2736,NA,NA,p.Ala138Tyr,0.973421466588127,37,0.0731027007264832
urn:mavedb:00000114-a-1#2737,NA,NA,p.Gly139Ter,0.0038923883498347,20,0.035528676662443
urn:mavedb:00000114-a-1#2738,NA,NA,p.Gly139Ala,0.946748944513369,8,0.121562962447667
urn:mavedb:00000114-a-1#2739,NA,NA,p.Gly139Cys,1.0242270418321,6,0.0915557036425316
urn:mavedb:00000114-a-1#2740,NA,NA,p.Gly139Asp,1.04162634878737,21,0.0797841723675864
urn:mavedb:00000114-a-1#2741,NA,NA,p.Gly139Glu,1.00725763989613,27,0.042738747297855
urn:mavedb:00000114-a-1#2742,NA,NA,p.Gly139Phe,0.978008043812881,16,0.0920383905701453
urn:mavedb:00000114-a-1#2743,NA,NA,p.Gly139His,0.98124801558056,23,0.0593912925340131
urn:mavedb:00000114-a-1#2744,NA,NA,p.Gly139Ile,1.01249476554203,26,0.041850151383465
urn:mavedb:00000114-a-1#2745,NA,NA,p.Gly139Lys,0.97161564578162,18,0.0822386667596699
urn:mavedb:00000114-a-1#2746,NA,NA,p.Gly139Leu,0.991145619259572,14,0.0644862386986316
urn:mavedb:00000114-a-1#2747,NA,NA,p.Gly139Met,1.02217221721871,17,0.0603902239671366
urn:mavedb:00000114-a-1#2748,NA,NA,p.Gly139Asn,1.01723232866668,22,0.0586691520754394
urn:mavedb:00000114-a-1#2749,NA,NA,p.Gly139Pro,0.994070405901748,15,0.0592976042330903
urn:mavedb:00000114-a-1#2750,NA,NA,p.Gly139Gln,1.00086388628437,16,0.061507921789448
urn:mavedb:00000114-a-1#2751,NA,NA,p.Gly139Arg,0.979889666511564,18,0.098406257080776
urn:mavedb:00000114-a-1#2752,NA,NA,p.Gly139Ser,1.02043576468703,12,0.0623326263986075
urn:mavedb:00000114-a-1#2753,NA,NA,p.Gly139Thr,1.01596684900417,18,0.0561527374615101
urn:mavedb:00000114-a-1#2754,NA,NA,p.Gly139Val,0.976922113990465,12,0.0812497480475988
urn:mavedb:00000114-a-1#2755,NA,NA,p.Gly139Trp,0.953886164027528,19,0.0781058387908032
urn:mavedb:00000114-a-1#2756,NA,NA,p.Gly139Tyr,0.983278073527169,26,0.057984353778797
urn:mavedb:00000114-a-1#2757,NA,NA,p.Arg140Ter,0.0143353521194719,19,0.0671449491214683
urn:mavedb:00000114-a-1#2758,NA,NA,p.Arg140Ala,0.985295079602241,11,0.120572935503327
urn:mavedb:00000114-a-1#2759,NA,NA,p.Arg140Asp,0.996808821926104,29,0.0398903328414207
urn:mavedb:00000114-a-1#2760,NA,NA,p.Arg140Glu,1.00067682269153,27,0.0573237485612076
urn:mavedb:00000114-a-1#2761,NA,NA,p.Arg140Phe,0.965393512746262,15,0.083788921665404
urn:mavedb:00000114-a-1#2762,NA,NA,p.Arg140Gly,0.998077615042063,15,0.0784111498618821
urn:mavedb:00000114-a-1#2763,NA,NA,p.Arg140His,0.964846926879235,37,0.0488183399024918
urn:mavedb:00000114-a-1#2764,NA,NA,p.Arg140Ile,0.928058936663307,25,0.0626101633080276
urn:mavedb:00000114-a-1#2765,NA,NA,p.Arg140Lys,0.987737593944948,36,0.0757912765990123
urn:mavedb:00000114-a-1#2766,NA,NA,p.Arg140Leu,0.942389715942739,15,0.076549747793666
urn:mavedb:00000114-a-1#2767,NA,NA,p.Arg140Met,0.969127526161902,28,0.0492292692643749
urn:mavedb:00000114-a-1#2768,NA,NA,p.Arg140Asn,0.973478762200952,38,0.055556330552809
urn:mavedb:00000114-a-1#2769,NA,NA,p.Arg140Pro,0.973104518353303,23,0.0659928889406565
urn:mavedb:00000114-a-1#2770,NA,NA,p.Arg140Gln,0.960027029246488,26,0.0732379379458946
urn:mavedb:00000114-a-1#2771,NA,NA,p.Arg140Ser,1.0158585298051,26,0.0528942492454069
urn:mavedb:00000114-a-1#2772,NA,NA,p.Arg140Thr,1.00619169759902,43,0.0594460840794304
urn:mavedb:00000114-a-1#2773,NA,NA,p.Arg140Val,0.968586637300276,34,0.0484466017052025
urn:mavedb:00000114-a-1#2774,NA,NA,p.Arg140Trp,0.96755226020737,17,0.0581926909135397
urn:mavedb:00000114-a-1#2775,NA,NA,p.Arg140Tyr,0.96741186898057,24,0.0524383581609517
urn:mavedb:00000114-a-1#2776,NA,NA,p.Ser141Ter,0.0537371790005028,4,0.102977306402672
urn:mavedb:00000114-a-1#2777,NA,NA,p.Ser141Ala,0.889714605473683,2,0.206590018206415
urn:mavedb:00000114-a-1#2778,NA,NA,p.Ser141Cys,0.930924890986018,4,0.189396610758429
urn:mavedb:00000114-a-1#2779,NA,NA,p.Ser141Asp,0.942004490245084,6,0.133597764260231
urn:mavedb:00000114-a-1#2780,NA,NA,p.Ser141Glu,1.03561653016194,9,0.0985743706803987
urn:mavedb:00000114-a-1#2781,NA,NA,p.Ser141Phe,0.956466137068127,12,0.071093498703256
urn:mavedb:00000114-a-1#2782,NA,NA,p.Ser141Gly,0.993499731879684,2,0.217228804375737
urn:mavedb:00000114-a-1#2783,NA,NA,p.Ser141His,1.02626228877111,5,0.1362844416605
urn:mavedb:00000114-a-1#2784,NA,NA,p.Ser141Ile,0.916648937530704,6,0.104027078084954
urn:mavedb:00000114-a-1#2785,NA,NA,p.Ser141Lys,1.03376892625613,11,0.0534470478887726
urn:mavedb:00000114-a-1#2786,NA,NA,p.Ser141Leu,0.98313122448304,5,0.142130432530778
urn:mavedb:00000114-a-1#2787,NA,NA,p.Ser141Met,0.96321858432328,7,0.0747014953706046
urn:mavedb:00000114-a-1#2788,NA,NA,p.Ser141Asn,0.974357896927827,6,0.0965912331233147
urn:mavedb:00000114-a-1#2789,NA,NA,p.Ser141Pro,0.829678716865157,2,0.258297054857246
urn:mavedb:00000114-a-1#2790,NA,NA,p.Ser141Gln,0.97346229389126,6,0.1373161906502
urn:mavedb:00000114-a-1#2791,NA,NA,p.Ser141Arg,0.99978180093482,4,0.0780656190228144
urn:mavedb:00000114-a-1#2792,NA,NA,p.Ser141Thr,0.981491727795176,7,0.141235070000732
urn:mavedb:00000114-a-1#2793,NA,NA,p.Ser141Val,0.920994813001332,3,0.169896016602373
urn:mavedb:00000114-a-1#2794,NA,NA,p.Ser141Trp,0.805630762968102,3,0.208740200617791
urn:mavedb:00000114-a-1#2795,NA,NA,p.Ser141Tyr,0.868820135775745,3,0.133151015134556
urn:mavedb:00000114-a-1#2796,NA,NA,p.Ile142Ter,0.0605538399136621,7,0.0584619757758077
urn:mavedb:00000114-a-1#2797,NA,NA,p.Ile142Ala,0.998092591283162,6,0.0778232475445314
urn:mavedb:00000114-a-1#2798,NA,NA,p.Ile142Cys,0.97905711356688,10,0.0742517974868473
urn:mavedb:00000114-a-1#2799,NA,NA,p.Ile142Asp,1.00551719530044,9,0.0974542355315808
urn:mavedb:00000114-a-1#2800,NA,NA,p.Ile142Glu,1.01945676777668,9,0.0846130289693125
urn:mavedb:00000114-a-1#2801,NA,NA,p.Ile142Phe,1.05485939295677,10,0.060203200015501
urn:mavedb:00000114-a-1#2802,NA,NA,p.Ile142Gly,0.987326426222635,10,0.0475572526978236
urn:mavedb:00000114-a-1#2803,NA,NA,p.Ile142His,1.0351511535513,9,0.140799634099563
urn:mavedb:00000114-a-1#2804,NA,NA,p.Ile142Lys,0.987005330663922,10,0.0945309523929869
urn:mavedb:00000114-a-1#2805,NA,NA,p.Ile142Leu,0.976981642770066,2,0.079322892387048
urn:mavedb:00000114-a-1#2806,NA,NA,p.Ile142Met,0.989023246666226,8,0.129959710388099
urn:mavedb:00000114-a-1#2807,NA,NA,p.Ile142Asn,1.03030654970876,2,0.115428881190999
urn:mavedb:00000114-a-1#2808,NA,NA,p.Ile142Pro,0.989501627400743,10,0.0573865927007114
urn:mavedb:00000114-a-1#2809,NA,NA,p.Ile142Gln,1.04232011853506,6,0.138938629578641
urn:mavedb:00000114-a-1#2810,NA,NA,p.Ile142Arg,0.962354445780512,7,0.124726834074926
urn:mavedb:00000114-a-1#2811,NA,NA,p.Ile142Ser,1.00571270109246,14,0.0742933720874114
urn:mavedb:00000114-a-1#2812,NA,NA,p.Ile142Thr,0.972001264169997,11,0.0829698813634444
urn:mavedb:00000114-a-1#2813,NA,NA,p.Ile142Val,0.954767732839435,6,0.102005138175141
urn:mavedb:00000114-a-1#2814,NA,NA,p.Ile142Trp,0.957050458753912,9,0.0799252372331654
urn:mavedb:00000114-a-1#2815,NA,NA,p.Ile142Tyr,0.936186380626564,7,0.104124687109909
urn:mavedb:00000114-a-1#2816,NA,NA,p.Tyr143Ter,-0.0114952718176431,5,0.0264814712402133
urn:mavedb:00000114-a-1#2817,NA,NA,p.Tyr143Ala,0.884772333254537,10,0.089172272707388
urn:mavedb:00000114-a-1#2818,NA,NA,p.Tyr143Cys,0.942110332283272,2,0.159451291808463
urn:mavedb:00000114-a-1#2819,NA,NA,p.Tyr143Asp,0.693056686351563,9,0.115905968076576
urn:mavedb:00000114-a-1#2820,NA,NA,p.Tyr143Glu,0.640863254006771,7,0.0662960146958492
urn:mavedb:00000114-a-1#2821,NA,NA,p.Tyr143Phe,1.09472007067181,9,0.0832919636917578
urn:mavedb:00000114-a-1#2822,NA,NA,p.Tyr143Gly,0.791634244744192,4,0.185177437674812
urn:mavedb:00000114-a-1#2823,NA,NA,p.Tyr143His,0.90061726115229,10,0.102363365222826
urn:mavedb:00000114-a-1#2824,NA,NA,p.Tyr143Ile,0.890815733583474,10,0.0900581941052985
urn:mavedb:00000114-a-1#2825,NA,NA,p.Tyr143Lys,0.927715889864918,4,0.231534670685429
urn:mavedb:00000114-a-1#2826,NA,NA,p.Tyr143Leu,1.03684676372114,12,0.0694909113457107
urn:mavedb:00000114-a-1#2827,NA,NA,p.Tyr143Met,1.01194183878782,11,0.0715101020669567
urn:mavedb:00000114-a-1#2828,NA,NA,p.Tyr143Asn,0.890496278362423,11,0.10508452607535
urn:mavedb:00000114-a-1#2829,NA,NA,p.Tyr143Pro,0.823683204309358,6,0.160342817416365
urn:mavedb:00000114-a-1#2830,NA,NA,p.Tyr143Gln,0.943655989077013,6,0.151397761781878
urn:mavedb:00000114-a-1#2831,NA,NA,p.Tyr143Arg,0.98278129269225,7,0.117766086140585
urn:mavedb:00000114-a-1#2832,NA,NA,p.Tyr143Ser,0.957779455637843,9,0.0972729446953811
urn:mavedb:00000114-a-1#2833,NA,NA,p.Tyr143Thr,0.904090771757554,15,0.0620407200650847
urn:mavedb:00000114-a-1#2834,NA,NA,p.Tyr143Val,0.922431581590001,16,0.0486671827244791
urn:mavedb:00000114-a-1#2835,NA,NA,p.Tyr143Trp,0.882755119560151,11,0.0805884753579028
urn:mavedb:00000114-a-1#2836,NA,NA,p.Asn144Ter,-0.0263272737686122,25,0.0158656269247788
urn:mavedb:00000114-a-1#2837,NA,NA,p.Asn144Ala,0.72741114700434,20,0.0590715544565851
urn:mavedb:00000114-a-1#2838,NA,NA,p.Asn144Cys,0.673997850090508,19,0.0732808134719063
urn:mavedb:00000114-a-1#2839,NA,NA,p.Asn144Asp,0.561674020822736,30,0.1038329948301
urn:mavedb:00000114-a-1#2840,NA,NA,p.Asn144Glu,0.821201364470822,16,0.080764781075843
urn:mavedb:00000114-a-1#2841,NA,NA,p.Asn144Phe,0.806266043750069,18,0.0611899221334764
urn:mavedb:00000114-a-1#2842,NA,NA,p.Asn144Gly,0.776275799607825,16,0.0535121819085471
urn:mavedb:00000114-a-1#2843,NA,NA,p.Asn144His,0.981938992634551,20,0.0654051374632812
urn:mavedb:00000114-a-1#2844,NA,NA,p.Asn144Ile,0.430376411242526,30,0.0537553713875104
urn:mavedb:00000114-a-1#2845,NA,NA,p.Asn144Lys,0.92895146179153,24,0.0319860930017327
urn:mavedb:00000114-a-1#2846,NA,NA,p.Asn144Leu,0.352774371815377,28,0.0444004802298534
urn:mavedb:00000114-a-1#2847,NA,NA,p.Asn144Met,0.558939191598363,27,0.0772098437344518
urn:mavedb:00000114-a-1#2848,NA,NA,p.Asn144Pro,0.951489644380169,22,0.0714652237020234
urn:mavedb:00000114-a-1#2849,NA,NA,p.Asn144Gln,0.958629258818171,23,0.069126479178907
urn:mavedb:00000114-a-1#2850,NA,NA,p.Asn144Arg,0.91044311480076,14,0.0843417390629606
urn:mavedb:00000114-a-1#2851,NA,NA,p.Asn144Ser,0.900723676476385,16,0.101430170405843
urn:mavedb:00000114-a-1#2852,NA,NA,p.Asn144Thr,0.941270537832061,25,0.0476190109860694
urn:mavedb:00000114-a-1#2853,NA,NA,p.Asn144Val,0.488548534759553,22,0.0606708911129005
urn:mavedb:00000114-a-1#2854,NA,NA,p.Asn144Trp,0.790730974338701,27,0.0623667066107403
urn:mavedb:00000114-a-1#2855,NA,NA,p.Asn144Tyr,0.845954593529687,13,0.0910056280104319
urn:mavedb:00000114-a-1#2856,NA,NA,p.Ser145Ter,-0.019683832655046,21,0.0239146869803647
urn:mavedb:00000114-a-1#2857,NA,NA,p.Ser145Ala,1.00744822731497,36,0.0382045092138742
urn:mavedb:00000114-a-1#2858,NA,NA,p.Ser145Cys,0.921428535536769,22,0.0618684545667008
urn:mavedb:00000114-a-1#2859,NA,NA,p.Ser145Asp,-0.0311330372772984,18,0.0135858293219328
urn:mavedb:00000114-a-1#2860,NA,NA,p.Ser145Glu,0.291950134649136,26,0.0767339891453213
urn:mavedb:00000114-a-1#2861,NA,NA,p.Ser145Phe,0.388466502649291,23,0.0526642848195902
urn:mavedb:00000114-a-1#2862,NA,NA,p.Ser145Gly,0.70804810533685,18,0.069553322770172
urn:mavedb:00000114-a-1#2863,NA,NA,p.Ser145His,0.837031200322227,17,0.0811438377994069
urn:mavedb:00000114-a-1#2864,NA,NA,p.Ser145Ile,0.415013817491734,15,0.0526770360454895
urn:mavedb:00000114-a-1#2865,NA,NA,p.Ser145Lys,0.77847434362437,16,0.0833317246315191
urn:mavedb:00000114-a-1#2866,NA,NA,p.Ser145Leu,0.440604937571745,19,0.055472408125011
urn:mavedb:00000114-a-1#2867,NA,NA,p.Ser145Met,0.785119040548657,11,0.0656624560992207
urn:mavedb:00000114-a-1#2868,NA,NA,p.Ser145Asn,0.862211732958338,24,0.0639885476105939
urn:mavedb:00000114-a-1#2869,NA,NA,p.Ser145Pro,0.65441997925413,25,0.0666886934221477
urn:mavedb:00000114-a-1#2870,NA,NA,p.Ser145Gln,0.929409636032317,18,0.0682448862235898
urn:mavedb:00000114-a-1#2871,NA,NA,p.Ser145Arg,0.851120572868304,15,0.0678106795860324
urn:mavedb:00000114-a-1#2872,NA,NA,p.Ser145Thr,0.973905566381354,28,0.0594578764350864
urn:mavedb:00000114-a-1#2873,NA,NA,p.Ser145Val,0.781999434135558,21,0.0569820549861208
urn:mavedb:00000114-a-1#2874,NA,NA,p.Ser145Trp,0.0209821348034265,18,0.0394143661616067
urn:mavedb:00000114-a-1#2875,NA,NA,p.Ser145Tyr,0.444567793030447,19,0.0693442197495276
urn:mavedb:00000114-a-1#2876,NA,NA,p.Phe146Ter,-0.021389695205539,28,0.0160548031364925
urn:mavedb:00000114-a-1#2877,NA,NA,p.Phe146Ala,0.180863051080328,15,0.12321398818019
urn:mavedb:00000114-a-1#2878,NA,NA,p.Phe146Cys,0.571036607846905,21,0.0566423518647593
urn:mavedb:00000114-a-1#2879,NA,NA,p.Phe146Asp,-0.022283977802873,15,0.0267091640096782
urn:mavedb:00000114-a-1#2880,NA,NA,p.Phe146Glu,-0.0289808176913115,29,0.0155473218611213
urn:mavedb:00000114-a-1#2881,NA,NA,p.Phe146Gly,0.0101939544606527,2,0.0829015218607934
urn:mavedb:00000114-a-1#2882,NA,NA,p.Phe146His,0.34764712393774,35,0.0825230716837296
urn:mavedb:00000114-a-1#2883,NA,NA,p.Phe146Ile,0.772533434047084,31,0.0489440568041539
urn:mavedb:00000114-a-1#2884,NA,NA,p.Phe146Lys,-0.0266689412700972,35,0.0215574387950829
urn:mavedb:00000114-a-1#2885,NA,NA,p.Phe146Leu,0.548459239303415,35,0.0744555178407858
urn:mavedb:00000114-a-1#2886,NA,NA,p.Phe146Met,0.761596522627068,26,0.0542465429555563
urn:mavedb:00000114-a-1#2887,NA,NA,p.Phe146Asn,-0.0135674631963738,41,0.0283717018333224
urn:mavedb:00000114-a-1#2888,NA,NA,p.Phe146Pro,-0.0268900652998958,23,0.0214916506343699
urn:mavedb:00000114-a-1#2889,NA,NA,p.Phe146Gln,-0.0092032447095366,29,0.0217054328775443
urn:mavedb:00000114-a-1#2890,NA,NA,p.Phe146Arg,-0.0164463632545846,26,0.024037946972757
urn:mavedb:00000114-a-1#2891,NA,NA,p.Phe146Ser,-0.0197131412514101,29,0.0191030936229195
urn:mavedb:00000114-a-1#2892,NA,NA,p.Phe146Thr,0.372101199032243,29,0.112085480290638
urn:mavedb:00000114-a-1#2893,NA,NA,p.Phe146Val,0.506834874062162,27,0.0815030799474764
urn:mavedb:00000114-a-1#2894,NA,NA,p.Phe146Trp,0.719485009909757,27,0.0555985071504025
urn:mavedb:00000114-a-1#2895,NA,NA,p.Phe146Tyr,0.988856147346209,25,0.052282467267776
urn:mavedb:00000114-a-1#2896,NA,NA,p.Tyr147Ter,-0.0209538259022257,29,0.0172900831876652
urn:mavedb:00000114-a-1#2897,NA,NA,p.Tyr147Ala,0.0718326040861002,24,0.0322328464983949
urn:mavedb:00000114-a-1#2898,NA,NA,p.Tyr147Cys,-0.0132145111743587,21,0.0366235531185284
urn:mavedb:00000114-a-1#2899,NA,NA,p.Tyr147Asp,-0.0201547443655095,31,0.0189526134250292
urn:mavedb:00000114-a-1#2900,NA,NA,p.Tyr147Glu,-0.0277089111672121,26,0.0185815438750537
urn:mavedb:00000114-a-1#2901,NA,NA,p.Tyr147Phe,0.997219669502377,23,0.0641166026295481
urn:mavedb:00000114-a-1#2902,NA,NA,p.Tyr147Gly,-0.0189041475182779,37,0.0314751656175722
urn:mavedb:00000114-a-1#2903,NA,NA,p.Tyr147His,0.856578670003947,29,0.0759899398624387
urn:mavedb:00000114-a-1#2904,NA,NA,p.Tyr147Ile,-0.0169110860662273,42,0.016222883860133
urn:mavedb:00000114-a-1#2905,NA,NA,p.Tyr147Lys,-0.0107193948254616,33,0.018484266618489
urn:mavedb:00000114-a-1#2906,NA,NA,p.Tyr147Leu,0.233562964436422,31,0.082692144956541
urn:mavedb:00000114-a-1#2907,NA,NA,p.Tyr147Met,0.3677805507226,29,0.0671646263932717
urn:mavedb:00000114-a-1#2908,NA,NA,p.Tyr147Asn,-0.0078617570819516,23,0.020241938527298
urn:mavedb:00000114-a-1#2909,NA,NA,p.Tyr147Pro,-0.0193902801812775,22,0.0237208218890551
urn:mavedb:00000114-a-1#2910,NA,NA,p.Tyr147Gln,0.0063313108213274,30,0.029880359729309
urn:mavedb:00000114-a-1#2911,NA,NA,p.Tyr147Arg,0.0924967773645176,30,0.0542141372030625
urn:mavedb:00000114-a-1#2912,NA,NA,p.Tyr147Ser,0.0235761947874405,30,0.0304760386514006
urn:mavedb:00000114-a-1#2913,NA,NA,p.Tyr147Thr,0.0788209531893271,16,0.0552034560537776
urn:mavedb:00000114-a-1#2914,NA,NA,p.Tyr147Val,-0.0035768482255003,38,0.0157573435626599
urn:mavedb:00000114-a-1#2915,NA,NA,p.Tyr147Trp,1.01246648960619,34,0.0394720567315931
urn:mavedb:00000114-a-1#2916,NA,NA,p.Val148Ter,-0.0266962246091315,32,0.0094829623515038
urn:mavedb:00000114-a-1#2917,NA,NA,p.Val148Ala,0.115924482684688,31,0.0638612798408438
urn:mavedb:00000114-a-1#2918,NA,NA,p.Val148Cys,0.627756547189218,29,0.0710848360122129
urn:mavedb:00000114-a-1#2919,NA,NA,p.Val148Asp,-0.0062964848219274,35,0.0247935436068546
urn:mavedb:00000114-a-1#2920,NA,NA,p.Val148Glu,-0.0184339103401352,36,0.0179326172764529
urn:mavedb:00000114-a-1#2921,NA,NA,p.Val148Phe,-0.0285678972304499,29,0.0180490735954688
urn:mavedb:00000114-a-1#2922,NA,NA,p.Val148Gly,-0.0125817646746503,44,0.0293883256310653
urn:mavedb:00000114-a-1#2923,NA,NA,p.Val148His,-0.0146416900543173,31,0.0199651568363981
urn:mavedb:00000114-a-1#2924,NA,NA,p.Val148Ile,0.910255864729784,28,0.0554753763242895
urn:mavedb:00000114-a-1#2925,NA,NA,p.Val148Lys,-0.0254698357583483,34,0.025417088201532
urn:mavedb:00000114-a-1#2926,NA,NA,p.Val148Leu,0.432685690402436,32,0.0834590436654271
urn:mavedb:00000114-a-1#2927,NA,NA,p.Val148Met,0.0992885782736689,38,0.0770055137051505
urn:mavedb:00000114-a-1#2928,NA,NA,p.Val148Asn,-0.0123136014407014,26,0.0403136330787593
urn:mavedb:00000114-a-1#2929,NA,NA,p.Val148Pro,-0.0110931175921949,28,0.0202232648038111
urn:mavedb:00000114-a-1#2930,NA,NA,p.Val148Gln,-0.0104528621195926,33,0.0280419441304624
urn:mavedb:00000114-a-1#2931,NA,NA,p.Val148Arg,-0.0154506034689743,35,0.0262767633510536
urn:mavedb:00000114-a-1#2932,NA,NA,p.Val148Ser,-0.025486444540915,28,0.0136140164552199
urn:mavedb:00000114-a-1#2933,NA,NA,p.Val148Thr,0.492204100217283,24,0.0689659531739973
urn:mavedb:00000114-a-1#2934,NA,NA,p.Val148Trp,-0.0171390835010201,36,0.0242574884113264
urn:mavedb:00000114-a-1#2935,NA,NA,p.Val148Tyr,-0.0288712410745039,38,0.0160602000934712
urn:mavedb:00000114-a-1#2936,NA,NA,p.Tyr149Ter,-0.0091616524106579,25,0.038470872702291
urn:mavedb:00000114-a-1#2937,NA,NA,p.Tyr149Ala,0.308684042679984,19,0.0788996612256364
urn:mavedb:00000114-a-1#2938,NA,NA,p.Tyr149Cys,0.221795671606811,23,0.0686836289327988
urn:mavedb:00000114-a-1#2939,NA,NA,p.Tyr149Asp,0.281277855340553,22,0.0880450700678772
urn:mavedb:00000114-a-1#2940,NA,NA,p.Tyr149Glu,-0.0045383375833806,20,0.0227447033480445
urn:mavedb:00000114-a-1#2941,NA,NA,p.Tyr149Phe,1.01475043451766,21,0.0684267290993015
urn:mavedb:00000114-a-1#2942,NA,NA,p.Tyr149Gly,-0.0194041423330715,36,0.0153266364225708
urn:mavedb:00000114-a-1#2943,NA,NA,p.Tyr149His,0.693745053388298,18,0.0481388874707038
urn:mavedb:00000114-a-1#2944,NA,NA,p.Tyr149Ile,0.53012749452287,20,0.0905294012478169
urn:mavedb:00000114-a-1#2945,NA,NA,p.Tyr149Lys,-0.00660852063321,19,0.0283883646205921
urn:mavedb:00000114-a-1#2946,NA,NA,p.Tyr149Leu,0.830650759027161,31,0.0521096013403593
urn:mavedb:00000114-a-1#2947,NA,NA,p.Tyr149Met,0.826448656949381,22,0.0651655134489592
urn:mavedb:00000114-a-1#2948,NA,NA,p.Tyr149Asn,-0.0072094824811872,20,0.0308537676819044
urn:mavedb:00000114-a-1#2949,NA,NA,p.Tyr149Pro,-0.0089697844346165,29,0.0351012397076852
urn:mavedb:00000114-a-1#2950,NA,NA,p.Tyr149Gln,-0.0072383492037588,17,0.028866240788536
urn:mavedb:00000114-a-1#2951,NA,NA,p.Tyr149Arg,-0.0128386245839866,27,0.0326246579210627
urn:mavedb:00000114-a-1#2952,NA,NA,p.Tyr149Ser,0.0290707625440502,19,0.0352679568811876
urn:mavedb:00000114-a-1#2953,NA,NA,p.Tyr149Thr,-0.0253221460623417,25,0.0170507254238372
urn:mavedb:00000114-a-1#2954,NA,NA,p.Tyr149Val,0.276886050010574,34,0.0745290344641993
urn:mavedb:00000114-a-1#2955,NA,NA,p.Tyr149Trp,1.01753556989886,39,0.0439675525301848
urn:mavedb:00000114-a-1#2956,NA,NA,p.Cys150Ter,-0.0240308431015054,33,0.0136349784816298
urn:mavedb:00000114-a-1#2957,NA,NA,p.Cys150Ala,-0.0231341365418804,21,0.0109252568512731
urn:mavedb:00000114-a-1#2958,NA,NA,p.Cys150Asp,-0.0246988658105167,21,0.0293951049891614
urn:mavedb:00000114-a-1#2959,NA,NA,p.Cys150Glu,-0.0302277157835924,25,0.0154730780965843
urn:mavedb:00000114-a-1#2960,NA,NA,p.Cys150Phe,-0.0226161558835253,29,0.0168080560329421
urn:mavedb:00000114-a-1#2961,NA,NA,p.Cys150Gly,-0.0172209636969854,23,0.036503511090327
urn:mavedb:00000114-a-1#2962,NA,NA,p.Cys150His,-0.023641887017952,22,0.020122072056152
urn:mavedb:00000114-a-1#2963,NA,NA,p.Cys150Ile,-0.0132127772900448,36,0.0258944639521545
urn:mavedb:00000114-a-1#2964,NA,NA,p.Cys150Lys,-0.010235547259789,31,0.0310043014934437
urn:mavedb:00000114-a-1#2965,NA,NA,p.Cys150Leu,-0.0275649362588191,35,0.0148543933250309
urn:mavedb:00000114-a-1#2966,NA,NA,p.Cys150Met,-0.0244691320697952,23,0.0183176241748124
urn:mavedb:00000114-a-1#2967,NA,NA,p.Cys150Asn,-0.0069668913911663,29,0.0205236248813554
urn:mavedb:00000114-a-1#2968,NA,NA,p.Cys150Pro,-0.0291390234474963,16,0.0290052897132219
urn:mavedb:00000114-a-1#2969,NA,NA,p.Cys150Gln,-0.026978254105863,22,0.0192157386540428
urn:mavedb:00000114-a-1#2970,NA,NA,p.Cys150Arg,-0.0267288239287825,33,0.0174791909719721
urn:mavedb:00000114-a-1#2971,NA,NA,p.Cys150Ser,-0.0146854075374884,16,0.0386909698454541
urn:mavedb:00000114-a-1#2972,NA,NA,p.Cys150Thr,-0.0290158161697736,14,0.0260306640176769
urn:mavedb:00000114-a-1#2973,NA,NA,p.Cys150Val,-0.0097887913308421,21,0.0463871269053015
urn:mavedb:00000114-a-1#2974,NA,NA,p.Cys150Trp,-0.0200297722715883,24,0.0348380350717041
urn:mavedb:00000114-a-1#2975,NA,NA,p.Cys150Tyr,-0.0276834957670348,29,0.0129502047632454
urn:mavedb:00000114-a-1#2976,NA,NA,p.Lys151Ter,-0.0114445250579551,26,0.0312409133572749
urn:mavedb:00000114-a-1#2977,NA,NA,p.Lys151Ala,1.05896821694631,31,0.0535718443032817
urn:mavedb:00000114-a-1#2978,NA,NA,p.Lys151Cys,0.973794570960953,18,0.088316010947399
urn:mavedb:00000114-a-1#2979,NA,NA,p.Lys151Asp,1.11650356588608,34,0.0400936818017838
urn:mavedb:00000114-a-1#2980,NA,NA,p.Lys151Glu,1.06972876624433,32,0.0578670494124954
urn:mavedb:00000114-a-1#2981,NA,NA,p.Lys151Phe,1.05647620103717,34,0.0413045107626122
urn:mavedb:00000114-a-1#2982,NA,NA,p.Lys151Gly,1.06975979706115,20,0.0764871437927011
urn:mavedb:00000114-a-1#2983,NA,NA,p.Lys151His,1.03917239779019,26,0.0493957483053492
urn:mavedb:00000114-a-1#2984,NA,NA,p.Lys151Ile,0.926757044139354,30,0.0434146159240724
urn:mavedb:00000114-a-1#2985,NA,NA,p.Lys151Leu,0.974818170260184,22,0.0663562108950282
urn:mavedb:00000114-a-1#2986,NA,NA,p.Lys151Met,1.0241292276056,35,0.0481888850300745
urn:mavedb:00000114-a-1#2987,NA,NA,p.Lys151Asn,1.07496034660518,33,0.0581287741640397
urn:mavedb:00000114-a-1#2988,NA,NA,p.Lys151Pro,1.03905450740838,41,0.0458745389620375
urn:mavedb:00000114-a-1#2989,NA,NA,p.Lys151Gln,1.00734587609315,30,0.0556565404847469
urn:mavedb:00000114-a-1#2990,NA,NA,p.Lys151Arg,1.03774000954551,53,0.0361946072373231
urn:mavedb:00000114-a-1#2991,NA,NA,p.Lys151Ser,1.05047225384108,19,0.0514499611703966
urn:mavedb:00000114-a-1#2992,NA,NA,p.Lys151Thr,1.05797270601762,19,0.0549968113526072
urn:mavedb:00000114-a-1#2993,NA,NA,p.Lys151Val,0.932378447573501,31,0.0564736893149282
urn:mavedb:00000114-a-1#2994,NA,NA,p.Lys151Trp,1.0740245945978,34,0.0424843353698547
urn:mavedb:00000114-a-1#2995,NA,NA,p.Lys151Tyr,0.99526902522816,36,0.042560654377539
urn:mavedb:00000114-a-1#2996,NA,NA,p.Gly152Ter,-0.0116848766176236,33,0.0214786437225038
urn:mavedb:00000114-a-1#2997,NA,NA,p.Gly152Ala,1.02571601936706,21,0.071711487614667
urn:mavedb:00000114-a-1#2998,NA,NA,p.Gly152Cys,0.755868435989741,29,0.0579664221509381
urn:mavedb:00000114-a-1#2999,NA,NA,p.Gly152Asp,1.06064249079332,17,0.0605689270982523
urn:mavedb:00000114-a-1#3000,NA,NA,p.Gly152Glu,1.01850401546901,21,0.0601244064997309
urn:mavedb:00000114-a-1#3001,NA,NA,p.Gly152Phe,1.02330217772165,29,0.0500172281799894
urn:mavedb:00000114-a-1#3002,NA,NA,p.Gly152His,1.06124058937392,10,0.0629941479702486
urn:mavedb:00000114-a-1#3003,NA,NA,p.Gly152Ile,0.78294830042581,15,0.0598016551217373
urn:mavedb:00000114-a-1#3004,NA,NA,p.Gly152Lys,1.00266526930088,10,0.109622942640492
urn:mavedb:00000114-a-1#3005,NA,NA,p.Gly152Leu,0.794551991262499,27,0.0656534583437334
urn:mavedb:00000114-a-1#3006,NA,NA,p.Gly152Met,0.965700024857516,15,0.0682763927332798
urn:mavedb:00000114-a-1#3007,NA,NA,p.Gly152Asn,1.04384679261292,21,0.0714789544729647
urn:mavedb:00000114-a-1#3008,NA,NA,p.Gly152Pro,-0.0220220101996574,22,0.0262736491970512
urn:mavedb:00000114-a-1#3009,NA,NA,p.Gly152Gln,1.03250120278898,29,0.0570895818524772
urn:mavedb:00000114-a-1#3010,NA,NA,p.Gly152Arg,0.985828599041738,29,0.0378499694198142
urn:mavedb:00000114-a-1#3011,NA,NA,p.Gly152Ser,1.06079022798688,19,0.0693221544816476
urn:mavedb:00000114-a-1#3012,NA,NA,p.Gly152Thr,0.982144077734756,30,0.0451713584104132
urn:mavedb:00000114-a-1#3013,NA,NA,p.Gly152Val,0.804836602450195,28,0.0664378018737553
urn:mavedb:00000114-a-1#3014,NA,NA,p.Gly152Trp,1.05873937904776,25,0.0637671556752445
urn:mavedb:00000114-a-1#3015,NA,NA,p.Gly152Tyr,1.1109554333847,27,0.0502575316958811
urn:mavedb:00000114-a-1#3016,NA,NA,p.Pro153Ter,0.0715837047436071,28,0.169146035862001
urn:mavedb:00000114-a-1#3017,NA,NA,p.Pro153Ala,0.95534852903087,13,0.090318732027616
urn:mavedb:00000114-a-1#3018,NA,NA,p.Pro153Cys,0.793475530106516,20,0.0718905577815353
urn:mavedb:00000114-a-1#3019,NA,NA,p.Pro153Asp,0.959691571486302,23,0.0515922749358677
urn:mavedb:00000114-a-1#3020,NA,NA,p.Pro153Glu,0.999727469867751,27,0.0488089860622777
urn:mavedb:00000114-a-1#3021,NA,NA,p.Pro153Phe,0.88780849001326,34,0.044222372414763
urn:mavedb:00000114-a-1#3022,NA,NA,p.Pro153Gly,0.909225253683002,14,0.0777482086467639
urn:mavedb:00000114-a-1#3023,NA,NA,p.Pro153His,0.969971698623218,12,0.0971069740562297
urn:mavedb:00000114-a-1#3024,NA,NA,p.Pro153Ile,0.971895398867723,30,0.0503600048254395
urn:mavedb:00000114-a-1#3025,NA,NA,p.Pro153Lys,0.951071202369492,29,0.0569730393969901
urn:mavedb:00000114-a-1#3026,NA,NA,p.Pro153Leu,0.844034860659181,20,0.0719573948163943
urn:mavedb:00000114-a-1#3027,NA,NA,p.Pro153Met,0.937296557702477,19,0.0550948800452447
urn:mavedb:00000114-a-1#3028,NA,NA,p.Pro153Asn,0.960980001393339,31,0.0343143812127814
urn:mavedb:00000114-a-1#3029,NA,NA,p.Pro153Gln,0.965479995038882,26,0.0563378259779429
urn:mavedb:00000114-a-1#3030,NA,NA,p.Pro153Arg,0.982313196365696,24,0.0500041426236766
urn:mavedb:00000114-a-1#3031,NA,NA,p.Pro153Ser,0.989016085475444,16,0.099153612824508
urn:mavedb:00000114-a-1#3032,NA,NA,p.Pro153Thr,0.967946935884827,21,0.0465338454898267
urn:mavedb:00000114-a-1#3033,NA,NA,p.Pro153Val,0.995486048103036,19,0.0664236800317175
urn:mavedb:00000114-a-1#3034,NA,NA,p.Pro153Trp,0.741276022560179,32,0.0418885599384173
urn:mavedb:00000114-a-1#3035,NA,NA,p.Pro153Tyr,0.891751974737737,22,0.053603896642858
urn:mavedb:00000114-a-1#3036,NA,NA,p.Cys154Ter,0.0117065299362767,53,0.0743894956111588
urn:mavedb:00000114-a-1#3037,NA,NA,p.Cys154Ala,-0.0208350532719802,21,0.028299783894025
urn:mavedb:00000114-a-1#3038,NA,NA,p.Cys154Asp,-0.023410522346763,20,0.0183403374785481
urn:mavedb:00000114-a-1#3039,NA,NA,p.Cys154Glu,-0.0200224260799321,24,0.0172514716706467
urn:mavedb:00000114-a-1#3040,NA,NA,p.Cys154Phe,-0.0297760690986365,36,0.0105822268972176
urn:mavedb:00000114-a-1#3041,NA,NA,p.Cys154Gly,-0.0322705950726295,9,0.0229950739301005
urn:mavedb:00000114-a-1#3042,NA,NA,p.Cys154His,-0.0314650515565049,29,0.0129709481637103
urn:mavedb:00000114-a-1#3043,NA,NA,p.Cys154Ile,-0.0223649208308062,24,0.0224740722734011
urn:mavedb:00000114-a-1#3044,NA,NA,p.Cys154Lys,-0.0067131026565342,19,0.0280933213999129
urn:mavedb:00000114-a-1#3045,NA,NA,p.Cys154Leu,-0.0224977714099388,30,0.0127149347173179
urn:mavedb:00000114-a-1#3046,NA,NA,p.Cys154Met,-0.0229364886024995,27,0.0161606923027901
urn:mavedb:00000114-a-1#3047,NA,NA,p.Cys154Asn,-0.0228855080623855,31,0.0122675256125338
urn:mavedb:00000114-a-1#3048,NA,NA,p.Cys154Pro,-0.0260833341306948,22,0.0156541475476112
urn:mavedb:00000114-a-1#3049,NA,NA,p.Cys154Gln,-0.0130312290379698,30,0.0209654364138141
urn:mavedb:00000114-a-1#3050,NA,NA,p.Cys154Arg,-0.017237716764341,33,0.0277753396754083
urn:mavedb:00000114-a-1#3051,NA,NA,p.Cys154Ser,-0.0158854789656854,23,0.0184956487771381
urn:mavedb:00000114-a-1#3052,NA,NA,p.Cys154Thr,-0.0226045125940612,35,0.0166671531521356
urn:mavedb:00000114-a-1#3053,NA,NA,p.Cys154Val,-0.0270038983622205,26,0.0168894736790819
urn:mavedb:00000114-a-1#3054,NA,NA,p.Cys154Trp,-0.024884653467031,13,0.0164939632577614
urn:mavedb:00000114-a-1#3055,NA,NA,p.Cys154Tyr,-0.0164767842704655,23,0.0165179182647412
urn:mavedb:00000114-a-1#3056,NA,NA,p.Gln155Ter,0.059057694065556,33,0.139014014839285
urn:mavedb:00000114-a-1#3057,NA,NA,p.Gln155Cys,0.93552022591594,6,0.0785004844097287
urn:mavedb:00000114-a-1#3058,NA,NA,p.Gln155Asp,0.917234984409574,38,0.0446905389935154
urn:mavedb:00000114-a-1#3059,NA,NA,p.Gln155Glu,0.932104182533978,25,0.0668615805140847
urn:mavedb:00000114-a-1#3060,NA,NA,p.Gln155Phe,0.838106155588548,35,0.0548984641952286
urn:mavedb:00000114-a-1#3061,NA,NA,p.Gln155Gly,1.04456207363925,29,0.0593497862423285
urn:mavedb:00000114-a-1#3062,NA,NA,p.Gln155His,1.01001489506532,36,0.0432906471901627
urn:mavedb:00000114-a-1#3063,NA,NA,p.Gln155Ile,0.594582806983166,39,0.0439072008468658
urn:mavedb:00000114-a-1#3064,NA,NA,p.Gln155Lys,1.05047500514219,35,0.0490091093308554
urn:mavedb:00000114-a-1#3065,NA,NA,p.Gln155Leu,0.860892164121611,26,0.0580554604939729
urn:mavedb:00000114-a-1#3066,NA,NA,p.Gln155Met,0.995478861835876,27,0.0458010589057644
urn:mavedb:00000114-a-1#3067,NA,NA,p.Gln155Asn,1.0066960574754,27,0.0508012538780708
urn:mavedb:00000114-a-1#3068,NA,NA,p.Gln155Arg,1.12541284690809,26,0.0224278514210177
urn:mavedb:00000114-a-1#3069,NA,NA,p.Gln155Ser,0.968279845155102,33,0.0658541783307594
urn:mavedb:00000114-a-1#3070,NA,NA,p.Gln155Val,0.696035678527161,32,0.0502139325605389
urn:mavedb:00000114-a-1#3071,NA,NA,p.Gln155Trp,0.788009405486693,32,0.0529084513884459
urn:mavedb:00000114-a-1#3072,NA,NA,p.Gln155Tyr,0.870405915641776,33,0.0466480833975229
urn:mavedb:00000114-a-1#3073,NA,NA,p.Arg156Ter,0.0206216371490681,24,0.104078277496075
urn:mavedb:00000114-a-1#3074,NA,NA,p.Arg156Ala,1.09280041384027,21,0.0412242348489461
urn:mavedb:00000114-a-1#3075,NA,NA,p.Arg156Cys,1.04156393501308,25,0.0378189129213837
urn:mavedb:00000114-a-1#3076,NA,NA,p.Arg156Asp,1.00373866260739,13,0.0682004137979196
urn:mavedb:00000114-a-1#3077,NA,NA,p.Arg156Glu,0.961519144226683,23,0.0551515145633917
urn:mavedb:00000114-a-1#3078,NA,NA,p.Arg156Phe,0.785109525461844,26,0.067280572113647
urn:mavedb:00000114-a-1#3079,NA,NA,p.Arg156Gly,1.04346916486799,18,0.044617168089666
urn:mavedb:00000114-a-1#3080,NA,NA,p.Arg156His,0.892453425946088,22,0.0566089686411521
urn:mavedb:00000114-a-1#3081,NA,NA,p.Arg156Ile,0.800829865599589,22,0.0864641926777554
urn:mavedb:00000114-a-1#3082,NA,NA,p.Arg156Lys,0.988162841442979,14,0.0394361533966559
urn:mavedb:00000114-a-1#3083,NA,NA,p.Arg156Leu,0.805598021444372,36,0.0427602886359544
urn:mavedb:00000114-a-1#3084,NA,NA,p.Arg156Met,0.95936858919352,19,0.044578451377437
urn:mavedb:00000114-a-1#3085,NA,NA,p.Arg156Asn,1.03109507880566,29,0.0486683283494804
urn:mavedb:00000114-a-1#3086,NA,NA,p.Arg156Pro,0.533148010221919,24,0.0860059058206328
urn:mavedb:00000114-a-1#3087,NA,NA,p.Arg156Gln,1.04388412836469,23,0.053718498833822
urn:mavedb:00000114-a-1#3088,NA,NA,p.Arg156Ser,1.10892078389591,14,0.0511904816428649
urn:mavedb:00000114-a-1#3089,NA,NA,p.Arg156Thr,1.0628766328727,23,0.0450010462656301
urn:mavedb:00000114-a-1#3090,NA,NA,p.Arg156Val,0.797005892384619,23,0.0762305514031564
urn:mavedb:00000114-a-1#3091,NA,NA,p.Arg156Trp,0.83047833894768,28,0.0509954528217267
urn:mavedb:00000114-a-1#3092,NA,NA,p.Arg156Tyr,0.832002569045546,33,0.0399357174900633
urn:mavedb:00000114-a-1#3093,NA,NA,p.Val157Ter,0.0073942802426621,25,0.0455233682162841
urn:mavedb:00000114-a-1#3094,NA,NA,p.Val157Ala,0.837420045790348,11,0.061492094120969
urn:mavedb:00000114-a-1#3095,NA,NA,p.Val157Cys,0.76357913116782,21,0.0662977414356134
urn:mavedb:00000114-a-1#3096,NA,NA,p.Val157Asp,0.0487860580185547,24,0.0508499278326135
urn:mavedb:00000114-a-1#3097,NA,NA,p.Val157Glu,0.591256572787379,25,0.0906231740937928
urn:mavedb:00000114-a-1#3098,NA,NA,p.Val157Phe,0.839388362405378,26,0.0629064638513926
urn:mavedb:00000114-a-1#3099,NA,NA,p.Val157Gly,0.102162192923191,31,0.0706809961685223
urn:mavedb:00000114-a-1#3100,NA,NA,p.Val157His,0.538938451548915,37,0.0630149054889884
urn:mavedb:00000114-a-1#3101,NA,NA,p.Val157Ile,0.930523284429408,31,0.0617966842714345
urn:mavedb:00000114-a-1#3102,NA,NA,p.Val157Lys,0.142381421257257,34,0.0808354384274084
urn:mavedb:00000114-a-1#3103,NA,NA,p.Val157Leu,1.06648338512541,20,0.0457645902141467
urn:mavedb:00000114-a-1#3104,NA,NA,p.Val157Met,0.995095958952698,38,0.0481608421433285
urn:mavedb:00000114-a-1#3105,NA,NA,p.Val157Asn,0.0411342139807965,48,0.0462586484298648
urn:mavedb:00000114-a-1#3106,NA,NA,p.Val157Pro,0.767791256887632,14,0.08123191092922
urn:mavedb:00000114-a-1#3107,NA,NA,p.Val157Gln,0.422404628879125,26,0.0658682114588767
urn:mavedb:00000114-a-1#3108,NA,NA,p.Val157Arg,0.188130956107398,27,0.075628900790132
urn:mavedb:00000114-a-1#3109,NA,NA,p.Val157Ser,0.331507299958368,24,0.0543305357453135
urn:mavedb:00000114-a-1#3110,NA,NA,p.Val157Thr,0.727920326565027,31,0.0601409862881445
urn:mavedb:00000114-a-1#3111,NA,NA,p.Val157Trp,0.99402217842716,34,0.0599773521737801
urn:mavedb:00000114-a-1#3112,NA,NA,p.Val157Tyr,0.852335730861396,28,0.0515184375515586
urn:mavedb:00000114-a-1#3113,NA,NA,p.Gln158Ter,0.0133932436375188,22,0.0795144701457779
urn:mavedb:00000114-a-1#3114,NA,NA,p.Gln158Ala,0.947344275576353,15,0.0902180532025221
urn:mavedb:00000114-a-1#3115,NA,NA,p.Gln158Cys,0.985416901398646,21,0.0548486429462672
urn:mavedb:00000114-a-1#3116,NA,NA,p.Gln158Asp,-0.028473067886008,16,0.0169447406574842
urn:mavedb:00000114-a-1#3117,NA,NA,p.Gln158Glu,0.849847583658184,31,0.0627035228423808
urn:mavedb:00000114-a-1#3118,NA,NA,p.Gln158Phe,0.218687220935388,21,0.0604024362691278
urn:mavedb:00000114-a-1#3119,NA,NA,p.Gln158Gly,0.812469147466226,24,0.0485257096462565
urn:mavedb:00000114-a-1#3120,NA,NA,p.Gln158His,0.724029477585041,32,0.0664901473262563
urn:mavedb:00000114-a-1#3121,NA,NA,p.Gln158Ile,0.699099140732043,30,0.0595825117951153
urn:mavedb:00000114-a-1#3122,NA,NA,p.Gln158Lys,0.919227293029584,28,0.0749974718724163
urn:mavedb:00000114-a-1#3123,NA,NA,p.Gln158Leu,0.834283604224088,19,0.0801161949653939
urn:mavedb:00000114-a-1#3124,NA,NA,p.Gln158Met,1.0378647487178,38,0.0493376223183252
urn:mavedb:00000114-a-1#3125,NA,NA,p.Gln158Asn,0.914420125640139,23,0.0660115494695466
urn:mavedb:00000114-a-1#3126,NA,NA,p.Gln158Pro,-0.0328311386212427,21,0.0140962966423922
urn:mavedb:00000114-a-1#3127,NA,NA,p.Gln158Arg,0.965679037339054,26,0.0773683536884016
urn:mavedb:00000114-a-1#3128,NA,NA,p.Gln158Ser,0.909124976143097,38,0.0446296418739054
urn:mavedb:00000114-a-1#3129,NA,NA,p.Gln158Thr,1.04664325969189,27,0.0376291526406936
urn:mavedb:00000114-a-1#3130,NA,NA,p.Gln158Val,0.910321452258261,22,0.0696524223336487
urn:mavedb:00000114-a-1#3131,NA,NA,p.Gln158Trp,0.332463995524742,9,0.0718784861197274
urn:mavedb:00000114-a-1#3132,NA,NA,p.Gln158Tyr,0.346324833820844,29,0.0729887125271396
urn:mavedb:00000114-a-1#3133,NA,NA,p.Pro159Ter,0.005158456062768,37,0.0546594408573834
urn:mavedb:00000114-a-1#3134,NA,NA,p.Pro159Ala,0.909485342500822,28,0.0485942978731068
urn:mavedb:00000114-a-1#3135,NA,NA,p.Pro159Cys,0.793489236857381,30,0.0259649473377358
urn:mavedb:00000114-a-1#3136,NA,NA,p.Pro159Asp,0.174680837735091,31,0.0706732593354334
urn:mavedb:00000114-a-1#3137,NA,NA,p.Pro159Glu,0.751100046424319,24,0.081155176496774
urn:mavedb:00000114-a-1#3138,NA,NA,p.Pro159Phe,0.88256223419471,33,0.0594833531955149
urn:mavedb:00000114-a-1#3139,NA,NA,p.Pro159Gly,0.662988034507635,34,0.0530717020263925
urn:mavedb:00000114-a-1#3140,NA,NA,p.Pro159His,0.891074834623908,10,0.114472433571371
urn:mavedb:00000114-a-1#3141,NA,NA,p.Pro159Ile,0.951870688527569,28,0.0406308522540758
urn:mavedb:00000114-a-1#3142,NA,NA,p.Pro159Lys,0.922206027138408,29,0.0587324284457634
urn:mavedb:00000114-a-1#3143,NA,NA,p.Pro159Leu,0.812038893856681,22,0.0582656495480377
urn:mavedb:00000114-a-1#3144,NA,NA,p.Pro159Met,0.847105888290003,32,0.0412343037951223
urn:mavedb:00000114-a-1#3145,NA,NA,p.Pro159Asn,0.804964915751845,24,0.0807938894827668
urn:mavedb:00000114-a-1#3146,NA,NA,p.Pro159Gln,0.886891431568518,25,0.0748743523559088
urn:mavedb:00000114-a-1#3147,NA,NA,p.Pro159Arg,0.935892533838818,32,0.0780170980517686
urn:mavedb:00000114-a-1#3148,NA,NA,p.Pro159Ser,0.788165119047567,26,0.0652100386450102
urn:mavedb:00000114-a-1#3149,NA,NA,p.Pro159Thr,0.932205689362618,21,0.0820193805396582
urn:mavedb:00000114-a-1#3150,NA,NA,p.Pro159Val,0.890161187669647,22,0.0364197926671117
urn:mavedb:00000114-a-1#3151,NA,NA,p.Pro159Trp,0.709324382931665,24,0.0276968631461279
urn:mavedb:00000114-a-1#3152,NA,NA,p.Pro159Tyr,0.861749707358764,24,0.0635004130757262
urn:mavedb:00000114-a-1#3153,NA,NA,p.Gly160Ter,0.006028986746623,48,0.0622910755681993
urn:mavedb:00000114-a-1#3154,NA,NA,p.Gly160Ala,1.13530834093105,9,0.0944707151898282
urn:mavedb:00000114-a-1#3155,NA,NA,p.Gly160Cys,0.0365066479401475,44,0.0475276626460281
urn:mavedb:00000114-a-1#3156,NA,NA,p.Gly160Asp,-0.0276713395930054,40,0.0139904343012616
urn:mavedb:00000114-a-1#3157,NA,NA,p.Gly160Glu,-0.0247792269393971,56,0.0141073124221637
urn:mavedb:00000114-a-1#3158,NA,NA,p.Gly160Phe,-0.0158923671984311,39,0.0246489253930475
urn:mavedb:00000114-a-1#3159,NA,NA,p.Gly160His,-0.0242990694968139,28,0.0197286439751185
urn:mavedb:00000114-a-1#3160,NA,NA,p.Gly160Ile,-0.0295705582099751,32,0.01484197896801
urn:mavedb:00000114-a-1#3161,NA,NA,p.Gly160Lys,-0.0301724308998939,42,0.0106823645962302
urn:mavedb:00000114-a-1#3162,NA,NA,p.Gly160Leu,-0.0237563897108239,46,0.0131174633970934
urn:mavedb:00000114-a-1#3163,NA,NA,p.Gly160Met,-0.0270578654905079,44,0.0121465418293803
urn:mavedb:00000114-a-1#3164,NA,NA,p.Gly160Asn,-0.020024730606675,44,0.012565305344877
urn:mavedb:00000114-a-1#3165,NA,NA,p.Gly160Pro,-0.0145646615079489,36,0.0193188451124033
urn:mavedb:00000114-a-1#3166,NA,NA,p.Gly160Gln,-0.0210042025890686,28,0.0215956937517223
urn:mavedb:00000114-a-1#3167,NA,NA,p.Gly160Arg,-0.0137105661372297,45,0.023756124683546
urn:mavedb:00000114-a-1#3168,NA,NA,p.Gly160Ser,0.480855954437877,23,0.085567662836524
urn:mavedb:00000114-a-1#3169,NA,NA,p.Gly160Thr,-0.0265249871762057,30,0.0122954616452662
urn:mavedb:00000114-a-1#3170,NA,NA,p.Gly160Val,-0.0250874219960299,30,0.0168586762294858
urn:mavedb:00000114-a-1#3171,NA,NA,p.Gly160Trp,-0.0260261065136419,50,0.0156800122287178
urn:mavedb:00000114-a-1#3172,NA,NA,p.Gly160Tyr,-0.011431479476463,44,0.0278546907973289
urn:mavedb:00000114-a-1#3173,NA,NA,p.Lys161Ter,0.0519110980022136,10,0.159981620787445
urn:mavedb:00000114-a-1#3174,NA,NA,p.Lys161Ala,0.931660353655475,3,0.109594961542976
urn:mavedb:00000114-a-1#3175,NA,NA,p.Lys161Cys,0.967887910738408,4,0.128310011182562
urn:mavedb:00000114-a-1#3176,NA,NA,p.Lys161Asp,0.534866040433512,4,0.153917050453696
urn:mavedb:00000114-a-1#3177,NA,NA,p.Lys161Glu,1.03240201237757,16,0.083333856834245
urn:mavedb:00000114-a-1#3178,NA,NA,p.Lys161Phe,0.918218756164324,13,0.0857340063299446
urn:mavedb:00000114-a-1#3179,NA,NA,p.Lys161Gly,0.604878000375623,20,0.0777003487144494
urn:mavedb:00000114-a-1#3180,NA,NA,p.Lys161His,0.937704235714791,4,0.14140726105717
urn:mavedb:00000114-a-1#3181,NA,NA,p.Lys161Ile,1.14563947137597,6,0.0845894158846369
urn:mavedb:00000114-a-1#3182,NA,NA,p.Lys161Leu,0.973502977665571,2,0.346743423549882
urn:mavedb:00000114-a-1#3183,NA,NA,p.Lys161Met,0.899589097181941,11,0.114020818536271
urn:mavedb:00000114-a-1#3184,NA,NA,p.Lys161Asn,0.93757989559216,2,0.249359247042849
urn:mavedb:00000114-a-1#3185,NA,NA,p.Lys161Pro,-0.0323452589734407,5,0.0216802698151851
urn:mavedb:00000114-a-1#3186,NA,NA,p.Lys161Gln,0.969696431805179,5,0.122716472511649
urn:mavedb:00000114-a-1#3187,NA,NA,p.Lys161Arg,1.0833024229416,14,0.0567063707138367
urn:mavedb:00000114-a-1#3188,NA,NA,p.Lys161Ser,0.929740827013499,3,0.118491227050562
urn:mavedb:00000114-a-1#3189,NA,NA,p.Lys161Thr,0.984202900820179,2,0.125915134391778
urn:mavedb:00000114-a-1#3190,NA,NA,p.Lys161Val,1.04311138834108,13,0.103122172866766
urn:mavedb:00000114-a-1#3191,NA,NA,p.Lys161Trp,0.801866734023744,11,0.0967211464002148
urn:mavedb:00000114-a-1#3192,NA,NA,p.Lys161Tyr,0.966190135971164,8,0.0895545968862617
urn:mavedb:00000114-a-1#3193,NA,NA,p.Leu162Ter,-0.0016433983267709,37,0.0480570242376783
urn:mavedb:00000114-a-1#3194,NA,NA,p.Leu162Ala,0.46616579132997,12,0.0710066724318381
urn:mavedb:00000114-a-1#3195,NA,NA,p.Leu162Cys,0.82400406966748,37,0.0521069446103442
urn:mavedb:00000114-a-1#3196,NA,NA,p.Leu162Asp,-0.0224822962432677,30,0.019449540469406
urn:mavedb:00000114-a-1#3197,NA,NA,p.Leu162Glu,-0.0276366384727851,48,0.012098167439277
urn:mavedb:00000114-a-1#3198,NA,NA,p.Leu162Phe,0.0961447583938966,30,0.0799521516732482
urn:mavedb:00000114-a-1#3199,NA,NA,p.Leu162Gly,-0.0103983541685085,24,0.0217600906857678
urn:mavedb:00000114-a-1#3200,NA,NA,p.Leu162His,-0.0194570250338811,28,0.018450740865101
urn:mavedb:00000114-a-1#3201,NA,NA,p.Leu162Ile,0.998811881027432,51,0.0588507289308657
urn:mavedb:00000114-a-1#3202,NA,NA,p.Leu162Lys,-0.0157736608220947,37,0.0195583100131618
urn:mavedb:00000114-a-1#3203,NA,NA,p.Leu162Met,0.965386559809512,39,0.0346054235310264
urn:mavedb:00000114-a-1#3204,NA,NA,p.Leu162Asn,-0.0144108861550302,37,0.0209266460873615
urn:mavedb:00000114-a-1#3205,NA,NA,p.Leu162Pro,-0.0247541859172986,26,0.0147496334487775
urn:mavedb:00000114-a-1#3206,NA,NA,p.Leu162Gln,-0.0222672183777608,39,0.01597088505395
urn:mavedb:00000114-a-1#3207,NA,NA,p.Leu162Arg,-0.0274168980053999,48,0.0125699305048508
urn:mavedb:00000114-a-1#3208,NA,NA,p.Leu162Ser,-0.011947791720179,28,0.0204430715906083
urn:mavedb:00000114-a-1#3209,NA,NA,p.Leu162Thr,-0.0212508774224107,33,0.0203749105107228
urn:mavedb:00000114-a-1#3210,NA,NA,p.Leu162Val,0.906309055693726,39,0.0667338112854412
urn:mavedb:00000114-a-1#3211,NA,NA,p.Leu162Trp,-0.0266763279849563,47,0.0120918993830571
urn:mavedb:00000114-a-1#3212,NA,NA,p.Leu162Tyr,-0.0272746519465423,41,0.0140340226954021
urn:mavedb:00000114-a-1#3213,NA,NA,p.Arg163Ter,0.0178392886712052,8,0.0743160813495854
urn:mavedb:00000114-a-1#3214,NA,NA,p.Arg163Ala,1.09498872303414,7,0.139448844641805
urn:mavedb:00000114-a-1#3215,NA,NA,p.Arg163Cys,1.10416833634038,5,0.118883191260509
urn:mavedb:00000114-a-1#3216,NA,NA,p.Arg163Asp,1.06317757641441,16,0.0470192171800721
urn:mavedb:00000114-a-1#3217,NA,NA,p.Arg163Glu,1.09574186173,15,0.0630907977648258
urn:mavedb:00000114-a-1#3218,NA,NA,p.Arg163Phe,1.15035114857176,13,0.077478792308094
urn:mavedb:00000114-a-1#3219,NA,NA,p.Arg163Gly,1.07855148929361,6,0.0780664994445995
urn:mavedb:00000114-a-1#3220,NA,NA,p.Arg163Ile,1.11142633120632,21,0.080213127030992
urn:mavedb:00000114-a-1#3221,NA,NA,p.Arg163Lys,0.97426568098823,15,0.0710943167599428
urn:mavedb:00000114-a-1#3222,NA,NA,p.Arg163Leu,0.983617633196708,6,0.118343826170425
urn:mavedb:00000114-a-1#3223,NA,NA,p.Arg163Met,1.01852755290537,16,0.0533426616061661
urn:mavedb:00000114-a-1#3224,NA,NA,p.Arg163Asn,1.00820155454079,11,0.0814477148790164
urn:mavedb:00000114-a-1#3225,NA,NA,p.Arg163Pro,-0.0110945221961903,10,0.0340925618848141
urn:mavedb:00000114-a-1#3226,NA,NA,p.Arg163Ser,1.07168119088125,4,0.0881434941172734
urn:mavedb:00000114-a-1#3227,NA,NA,p.Arg163Thr,1.02655257780068,9,0.0650266111918292
urn:mavedb:00000114-a-1#3228,NA,NA,p.Arg163Val,1.10828298090629,13,0.0547709128308476
urn:mavedb:00000114-a-1#3229,NA,NA,p.Arg163Trp,0.999596056109956,18,0.0891106796755672
urn:mavedb:00000114-a-1#3230,NA,NA,p.Arg163Tyr,1.12745738251627,10,0.074686355978464
urn:mavedb:00000114-a-1#3231,NA,NA,p.Val164Ter,-0.002536164094325,25,0.0457419715940968
urn:mavedb:00000114-a-1#3232,NA,NA,p.Val164Ala,0.962826397984592,23,0.0624456211848489
urn:mavedb:00000114-a-1#3233,NA,NA,p.Val164Cys,0.692664830379462,10,0.0967062745664902
urn:mavedb:00000114-a-1#3234,NA,NA,p.Val164Asp,0.24057237989779,32,0.0672316047204989
urn:mavedb:00000114-a-1#3235,NA,NA,p.Val164Glu,0.45936757010522,33,0.0880383882957121
urn:mavedb:00000114-a-1#3236,NA,NA,p.Val164Phe,0.957732683035744,33,0.0515325248391065
urn:mavedb:00000114-a-1#3237,NA,NA,p.Val164Gly,0.39961732082196,13,0.0937287593309612
urn:mavedb:00000114-a-1#3238,NA,NA,p.Val164His,0.935925921538267,27,0.0786915363380732
urn:mavedb:00000114-a-1#3239,NA,NA,p.Val164Ile,1.0283648957722,30,0.0647846915082254
urn:mavedb:00000114-a-1#3240,NA,NA,p.Val164Lys,0.0516016447746994,19,0.0562437341694542
urn:mavedb:00000114-a-1#3241,NA,NA,p.Val164Leu,0.96000574839298,23,0.0417108077022689
urn:mavedb:00000114-a-1#3242,NA,NA,p.Val164Met,1.02468075479284,22,0.0506868810938865
urn:mavedb:00000114-a-1#3243,NA,NA,p.Val164Asn,0.46589314041213,28,0.073033129651985
urn:mavedb:00000114-a-1#3244,NA,NA,p.Val164Pro,0.254718197927057,25,0.0787284235955193
urn:mavedb:00000114-a-1#3245,NA,NA,p.Val164Gln,0.783609937584145,29,0.0586963532885853
urn:mavedb:00000114-a-1#3246,NA,NA,p.Val164Arg,-0.0272001472767204,27,0.0147033644367416
urn:mavedb:00000114-a-1#3247,NA,NA,p.Val164Ser,0.872844596916144,13,0.0548598618613834
urn:mavedb:00000114-a-1#3248,NA,NA,p.Val164Thr,0.83870412321641,26,0.0489462153510745
urn:mavedb:00000114-a-1#3249,NA,NA,p.Val164Trp,1.04929489460798,28,0.0425755927084714
urn:mavedb:00000114-a-1#3250,NA,NA,p.Val164Tyr,1.00241659714661,25,0.0625896127937404
urn:mavedb:00000114-a-1#3251,NA,NA,p.Gln165Ter,0.0183783851218751,30,0.0952871309802076
urn:mavedb:00000114-a-1#3252,NA,NA,p.Gln165Ala,1.00389478121778,9,0.0826298881838192
urn:mavedb:00000114-a-1#3253,NA,NA,p.Gln165Cys,0.919131159369902,26,0.0801893771342034
urn:mavedb:00000114-a-1#3254,NA,NA,p.Gln165Asp,0.606843470535977,27,0.0678745273812199
urn:mavedb:00000114-a-1#3255,NA,NA,p.Gln165Glu,0.940127487991642,48,0.0496104502800959
urn:mavedb:00000114-a-1#3256,NA,NA,p.Gln165Phe,0.943777977288826,35,0.0512230279090477
urn:mavedb:00000114-a-1#3257,NA,NA,p.Gln165Gly,0.884168143117319,23,0.054553912762539
urn:mavedb:00000114-a-1#3258,NA,NA,p.Gln165His,0.918420495109226,32,0.0582734949387282
urn:mavedb:00000114-a-1#3259,NA,NA,p.Gln165Ile,1.11909725533916,31,0.0568212926204075
urn:mavedb:00000114-a-1#3260,NA,NA,p.Gln165Lys,1.04218081429609,47,0.0301983634368757
urn:mavedb:00000114-a-1#3261,NA,NA,p.Gln165Leu,0.908498501403113,30,0.0547765597406706
urn:mavedb:00000114-a-1#3262,NA,NA,p.Gln165Met,1.02667744094589,27,0.0462205355353461
urn:mavedb:00000114-a-1#3263,NA,NA,p.Gln165Asn,0.95908016863173,42,0.0407275963454626
urn:mavedb:00000114-a-1#3264,NA,NA,p.Gln165Pro,-0.019999582896209,25,0.0221208081918969
urn:mavedb:00000114-a-1#3265,NA,NA,p.Gln165Arg,1.11710602901451,33,0.0526449858667948
urn:mavedb:00000114-a-1#3266,NA,NA,p.Gln165Ser,0.90181703610407,23,0.0692417352184295
urn:mavedb:00000114-a-1#3267,NA,NA,p.Gln165Thr,1.01757331470196,25,0.0374388708561544
urn:mavedb:00000114-a-1#3268,NA,NA,p.Gln165Val,1.07895355684817,40,0.0564061115956755
urn:mavedb:00000114-a-1#3269,NA,NA,p.Gln165Trp,0.873878939322065,32,0.0667509354958399
urn:mavedb:00000114-a-1#3270,NA,NA,p.Gln165Tyr,0.926781225169276,26,0.0645901363757093
urn:mavedb:00000114-a-1#3271,NA,NA,p.Cys166Ter,-0.0083819526588286,31,0.0388680272019967
urn:mavedb:00000114-a-1#3272,NA,NA,p.Cys166Ala,-0.0156150263358559,19,0.0172998232949375
urn:mavedb:00000114-a-1#3273,NA,NA,p.Cys166Asp,-0.0236258840275009,31,0.0122346785360762
urn:mavedb:00000114-a-1#3274,NA,NA,p.Cys166Glu,-0.0172456508221644,33,0.022249338470834
urn:mavedb:00000114-a-1#3275,NA,NA,p.Cys166Phe,-0.0256332498301324,19,0.0122507799432489
urn:mavedb:00000114-a-1#3276,NA,NA,p.Cys166Gly,-0.0120872111957796,24,0.0293884915065964
urn:mavedb:00000114-a-1#3277,NA,NA,p.Cys166His,-0.0282305544227501,21,0.0164550230827011
urn:mavedb:00000114-a-1#3278,NA,NA,p.Cys166Ile,-0.0179109304274188,24,0.0273755358723763
urn:mavedb:00000114-a-1#3279,NA,NA,p.Cys166Lys,-0.0324889799431525,39,0.0108397691781312
urn:mavedb:00000114-a-1#3280,NA,NA,p.Cys166Leu,-0.027006204401962,27,0.014037139327638
urn:mavedb:00000114-a-1#3281,NA,NA,p.Cys166Met,-0.0261093302328988,35,0.0149376867806954
urn:mavedb:00000114-a-1#3282,NA,NA,p.Cys166Asn,-0.0157691287748916,27,0.0337499760166048
urn:mavedb:00000114-a-1#3283,NA,NA,p.Cys166Pro,-0.0238450720979192,16,0.0218283925135404
urn:mavedb:00000114-a-1#3284,NA,NA,p.Cys166Gln,-0.0275496342382085,25,0.0192187930208808
urn:mavedb:00000114-a-1#3285,NA,NA,p.Cys166Arg,-0.0287844732907276,44,0.0155134941187376
urn:mavedb:00000114-a-1#3286,NA,NA,p.Cys166Ser,-0.0116952220614146,22,0.0252996536631139
urn:mavedb:00000114-a-1#3287,NA,NA,p.Cys166Thr,-0.0279127409738085,23,0.0143789903852587
urn:mavedb:00000114-a-1#3288,NA,NA,p.Cys166Val,-0.0239850612922093,30,0.0174040800684299
urn:mavedb:00000114-a-1#3289,NA,NA,p.Cys166Trp,-0.0142277690016548,31,0.0314225642099453
urn:mavedb:00000114-a-1#3290,NA,NA,p.Cys166Tyr,-0.0269661284752167,20,0.0165094926538071
urn:mavedb:00000114-a-1#3291,NA,NA,p.Ser167Ter,0.0206386314687385,31,0.0732702099788467
urn:mavedb:00000114-a-1#3292,NA,NA,p.Ser167Ala,1.0262135595808,17,0.0709309803291539
urn:mavedb:00000114-a-1#3293,NA,NA,p.Ser167Cys,0.808576662043173,16,0.052036676135264
urn:mavedb:00000114-a-1#3294,NA,NA,p.Ser167Asp,0.82347614274903,30,0.0475543021605564
urn:mavedb:00000114-a-1#3295,NA,NA,p.Ser167Glu,0.733295699891464,27,0.0715672735967997
urn:mavedb:00000114-a-1#3296,NA,NA,p.Ser167Phe,0.809290034387447,29,0.051915011486774
urn:mavedb:00000114-a-1#3297,NA,NA,p.Ser167Gly,0.977467130535296,26,0.0564905967955434
urn:mavedb:00000114-a-1#3298,NA,NA,p.Ser167His,0.850846419454016,23,0.0581357028615177
urn:mavedb:00000114-a-1#3299,NA,NA,p.Ser167Ile,0.784492460572006,27,0.0413239791698558
urn:mavedb:00000114-a-1#3300,NA,NA,p.Ser167Lys,1.01514843074807,33,0.0621306786877362
urn:mavedb:00000114-a-1#3301,NA,NA,p.Ser167Leu,0.780181615992625,17,0.0606039432928766
urn:mavedb:00000114-a-1#3302,NA,NA,p.Ser167Met,0.895042966080113,25,0.0692258992265651
urn:mavedb:00000114-a-1#3303,NA,NA,p.Ser167Asn,0.951965890644437,20,0.0488396891257255
urn:mavedb:00000114-a-1#3304,NA,NA,p.Ser167Pro,0.334914631803948,20,0.0871376175784274
urn:mavedb:00000114-a-1#3305,NA,NA,p.Ser167Gln,0.936314387831704,30,0.0482945692036066
urn:mavedb:00000114-a-1#3306,NA,NA,p.Ser167Arg,0.993290627031477,35,0.0509054706412557
urn:mavedb:00000114-a-1#3307,NA,NA,p.Ser167Thr,1.00232452638215,15,0.075575029343454
urn:mavedb:00000114-a-1#3308,NA,NA,p.Ser167Val,0.873216371405189,24,0.0490126238928687
urn:mavedb:00000114-a-1#3309,NA,NA,p.Ser167Trp,0.525387409542369,22,0.0512648412013657
urn:mavedb:00000114-a-1#3310,NA,NA,p.Ser167Tyr,0.761213841148964,23,0.0573317415248175
urn:mavedb:00000114-a-1#3311,NA,NA,p.Thr168Ter,-0.0014578270573487,36,0.044803861246711
urn:mavedb:00000114-a-1#3312,NA,NA,p.Thr168Ala,0.895837584703723,22,0.0390666959719386
urn:mavedb:00000114-a-1#3313,NA,NA,p.Thr168Cys,0.858786777561266,20,0.0715583926035221
urn:mavedb:00000114-a-1#3314,NA,NA,p.Thr168Asp,0.957685596634604,33,0.0364860656044559
urn:mavedb:00000114-a-1#3315,NA,NA,p.Thr168Glu,0.980169373084721,39,0.0656456101701876
urn:mavedb:00000114-a-1#3316,NA,NA,p.Thr168Phe,0.834611734031657,29,0.0719902140559559
urn:mavedb:00000114-a-1#3317,NA,NA,p.Thr168Gly,0.785565291096525,33,0.0618768735918141
urn:mavedb:00000114-a-1#3318,NA,NA,p.Thr168His,0.895674948291789,28,0.0557505999238368
urn:mavedb:00000114-a-1#3319,NA,NA,p.Thr168Ile,0.937673926790004,38,0.0544844352438295
urn:mavedb:00000114-a-1#3320,NA,NA,p.Thr168Lys,0.914326602032535,42,0.0448224501538059
urn:mavedb:00000114-a-1#3321,NA,NA,p.Thr168Leu,0.993703551757803,7,0.0876325564878051
urn:mavedb:00000114-a-1#3322,NA,NA,p.Thr168Met,0.927616429531166,36,0.0460942510359819
urn:mavedb:00000114-a-1#3323,NA,NA,p.Thr168Asn,0.940350029667288,39,0.0460185299470076
urn:mavedb:00000114-a-1#3324,NA,NA,p.Thr168Pro,-0.0119733269179549,19,0.046939472478429
urn:mavedb:00000114-a-1#3325,NA,NA,p.Thr168Gln,0.900650562334095,21,0.0456492761251834
urn:mavedb:00000114-a-1#3326,NA,NA,p.Thr168Arg,0.902524705451534,43,0.0486356869560898
urn:mavedb:00000114-a-1#3327,NA,NA,p.Thr168Ser,0.946219437621021,35,0.0513567955529191
urn:mavedb:00000114-a-1#3328,NA,NA,p.Thr168Val,0.927396552631587,42,0.0500574176332738
urn:mavedb:00000114-a-1#3329,NA,NA,p.Thr168Trp,0.720622133135019,39,0.0442151933915719
urn:mavedb:00000114-a-1#3330,NA,NA,p.Thr168Tyr,0.90332607197641,37,0.0417013563031792
urn:mavedb:00000114-a-1#3331,NA,NA,p.Cys169Ter,0.136223054633735,12,0.293355877584391
urn:mavedb:00000114-a-1#3332,NA,NA,p.Cys169Ala,-0.0188430203605642,10,0.0251183719700682
urn:mavedb:00000114-a-1#3333,NA,NA,p.Cys169Asp,-0.0307952228026476,15,0.0134984737319878
urn:mavedb:00000114-a-1#3334,NA,NA,p.Cys169Glu,-0.0154035035956072,22,0.0238691967453623
urn:mavedb:00000114-a-1#3335,NA,NA,p.Cys169Phe,-0.0266644261185136,15,0.0188055829910975
urn:mavedb:00000114-a-1#3336,NA,NA,p.Cys169Gly,-0.0155097833211217,14,0.0344058461549031
urn:mavedb:00000114-a-1#3337,NA,NA,p.Cys169His,-0.0271499682015981,15,0.0207892152365139
urn:mavedb:00000114-a-1#3338,NA,NA,p.Cys169Ile,-0.0310558312539272,17,0.0146789995831071
urn:mavedb:00000114-a-1#3339,NA,NA,p.Cys169Lys,-0.030258693546291,18,0.0175868152781308
urn:mavedb:00000114-a-1#3340,NA,NA,p.Cys169Leu,-0.0286142368476532,6,0.0442705577807436
urn:mavedb:00000114-a-1#3341,NA,NA,p.Cys169Met,-0.0265232255368289,16,0.0239076404593204
urn:mavedb:00000114-a-1#3342,NA,NA,p.Cys169Asn,-0.0195605630281067,17,0.0226395606968053
urn:mavedb:00000114-a-1#3343,NA,NA,p.Cys169Pro,-0.0153681452295705,10,0.0535524901980605
urn:mavedb:00000114-a-1#3344,NA,NA,p.Cys169Gln,-0.0230551344801726,21,0.0161781337710441
urn:mavedb:00000114-a-1#3345,NA,NA,p.Cys169Arg,-0.0180990030450409,15,0.023210368619235
urn:mavedb:00000114-a-1#3346,NA,NA,p.Cys169Ser,-0.0299124144170893,9,0.0175380692212322
urn:mavedb:00000114-a-1#3347,NA,NA,p.Cys169Thr,-0.0289754911622339,17,0.0173663133542316
urn:mavedb:00000114-a-1#3348,NA,NA,p.Cys169Val,-0.0257429605609457,13,0.0219399332827228
urn:mavedb:00000114-a-1#3349,NA,NA,p.Cys169Trp,-0.0309606863589208,14,0.0147138052042163
urn:mavedb:00000114-a-1#3350,NA,NA,p.Cys169Tyr,-0.0128810778744837,16,0.0226392826549895
urn:mavedb:00000114-a-1#3351,NA,NA,p.Arg170Ter,-0.0009882024532419,28,0.0506757599169332
urn:mavedb:00000114-a-1#3352,NA,NA,p.Arg170Ala,0.943757192509444,19,0.0472593622797582
urn:mavedb:00000114-a-1#3353,NA,NA,p.Arg170Cys,0.901693605814461,19,0.0574054827618724
urn:mavedb:00000114-a-1#3354,NA,NA,p.Arg170Asp,0.709301127382769,28,0.0725010791381009
urn:mavedb:00000114-a-1#3355,NA,NA,p.Arg170Glu,0.905382839518983,25,0.039802618205278
urn:mavedb:00000114-a-1#3356,NA,NA,p.Arg170Phe,0.798411884060795,31,0.035698049951127
urn:mavedb:00000114-a-1#3357,NA,NA,p.Arg170Gly,1.03625171758689,10,0.113259340955451
urn:mavedb:00000114-a-1#3358,NA,NA,p.Arg170His,1.14592182136026,19,0.0473245685166962
urn:mavedb:00000114-a-1#3359,NA,NA,p.Arg170Ile,0.323678242192539,17,0.074674751747358
urn:mavedb:00000114-a-1#3360,NA,NA,p.Arg170Lys,1.0929510669496,36,0.0387932831464983
urn:mavedb:00000114-a-1#3361,NA,NA,p.Arg170Leu,0.883582017241922,22,0.0677306916424757
urn:mavedb:00000114-a-1#3362,NA,NA,p.Arg170Met,0.89210168030868,30,0.0475807362059536
urn:mavedb:00000114-a-1#3363,NA,NA,p.Arg170Asn,1.00969338565648,18,0.0584926363129439
urn:mavedb:00000114-a-1#3364,NA,NA,p.Arg170Pro,-0.0273890608004017,28,0.0105216515467185
urn:mavedb:00000114-a-1#3365,NA,NA,p.Arg170Gln,0.949685722628499,24,0.0423146697114133
urn:mavedb:00000114-a-1#3366,NA,NA,p.Arg170Ser,0.956087090738221,23,0.078838279048789
urn:mavedb:00000114-a-1#3367,NA,NA,p.Arg170Thr,0.8036178415185,20,0.0896334038777857
urn:mavedb:00000114-a-1#3368,NA,NA,p.Arg170Val,0.47681843496135,29,0.0641537755120563
urn:mavedb:00000114-a-1#3369,NA,NA,p.Arg170Trp,0.61770458944554,39,0.0435409450884117
urn:mavedb:00000114-a-1#3370,NA,NA,p.Arg170Tyr,0.792354475933881,23,0.0745720357433063
urn:mavedb:00000114-a-1#3371,NA,NA,p.Gln171Ter,0.056121861216175,24,0.134502866756751
urn:mavedb:00000114-a-1#3372,NA,NA,p.Gln171Ala,0.959372585696239,18,0.0628352119621152
urn:mavedb:00000114-a-1#3373,NA,NA,p.Gln171Cys,0.983428225326801,4,0.126901954873904
urn:mavedb:00000114-a-1#3374,NA,NA,p.Gln171Asp,0.94897884547514,18,0.0557142387911608
urn:mavedb:00000114-a-1#3375,NA,NA,p.Gln171Glu,1.01392370948418,23,0.0618121554109999
urn:mavedb:00000114-a-1#3376,NA,NA,p.Gln171Phe,0.71102475802764,25,0.0422010272254284
urn:mavedb:00000114-a-1#3377,NA,NA,p.Gln171Gly,0.9621410091953,1,0.148848378490298
urn:mavedb:00000114-a-1#3378,NA,NA,p.Gln171His,0.873346689374114,16,0.0664293625091884
urn:mavedb:00000114-a-1#3379,NA,NA,p.Gln171Ile,0.762774865053949,23,0.0698280032373251
urn:mavedb:00000114-a-1#3380,NA,NA,p.Gln171Lys,1.07297610102021,23,0.0528529804574814
urn:mavedb:00000114-a-1#3381,NA,NA,p.Gln171Leu,0.804274765432604,23,0.0512518046506939
urn:mavedb:00000114-a-1#3382,NA,NA,p.Gln171Met,0.988519631831393,26,0.0432820073541728
urn:mavedb:00000114-a-1#3383,NA,NA,p.Gln171Asn,1.04760456925989,28,0.0566997156860041
urn:mavedb:00000114-a-1#3384,NA,NA,p.Gln171Pro,-0.0205181490620143,17,0.0408405790547123
urn:mavedb:00000114-a-1#3385,NA,NA,p.Gln171Arg,1.00346976096713,26,0.07473645715035
urn:mavedb:00000114-a-1#3386,NA,NA,p.Gln171Ser,0.975013319313285,16,0.0686858655657101
urn:mavedb:00000114-a-1#3387,NA,NA,p.Gln171Thr,0.886523545931868,20,0.053389773534803
urn:mavedb:00000114-a-1#3388,NA,NA,p.Gln171Val,0.828657703430317,16,0.109540204575884
urn:mavedb:00000114-a-1#3389,NA,NA,p.Gln171Trp,0.489008160280644,14,0.0667195012796272
urn:mavedb:00000114-a-1#3390,NA,NA,p.Gln171Tyr,0.695685304400138,24,0.0528055800706232
urn:mavedb:00000114-a-1#3391,NA,NA,p.Ala172Ter,-0.0139805900105073,22,0.0280012632359944
urn:mavedb:00000114-a-1#3392,NA,NA,p.Ala172Cys,0.956042640111227,17,0.0606038343186952
urn:mavedb:00000114-a-1#3393,NA,NA,p.Ala172Asp,1.11090144526531,20,0.0591562036326058
urn:mavedb:00000114-a-1#3394,NA,NA,p.Ala172Glu,1.15373443353711,16,0.0521826842634081
urn:mavedb:00000114-a-1#3395,NA,NA,p.Ala172Phe,0.833873715538763,20,0.0506216301472658
urn:mavedb:00000114-a-1#3396,NA,NA,p.Ala172Gly,0.987620971003334,19,0.057382717697684
urn:mavedb:00000114-a-1#3397,NA,NA,p.Ala172His,1.00137118364318,16,0.077498030580284
urn:mavedb:00000114-a-1#3398,NA,NA,p.Ala172Ile,0.640356234935871,15,0.0820084374737657
urn:mavedb:00000114-a-1#3399,NA,NA,p.Ala172Lys,0.989382322141233,27,0.0524372864014297
urn:mavedb:00000114-a-1#3400,NA,NA,p.Ala172Leu,0.834786960265707,10,0.112571774838453
urn:mavedb:00000114-a-1#3401,NA,NA,p.Ala172Met,0.979975756432643,28,0.0487835809720874
urn:mavedb:00000114-a-1#3402,NA,NA,p.Ala172Asn,1.05334591870563,22,0.0410077288478228
urn:mavedb:00000114-a-1#3403,NA,NA,p.Ala172Pro,1.06259582359927,19,0.0500331916086428
urn:mavedb:00000114-a-1#3404,NA,NA,p.Ala172Gln,1.0563727198334,22,0.0681683606644143
urn:mavedb:00000114-a-1#3405,NA,NA,p.Ala172Arg,0.928610542203714,19,0.0540607135469456
urn:mavedb:00000114-a-1#3406,NA,NA,p.Ala172Ser,0.9908396520993,19,0.0775703790103529
urn:mavedb:00000114-a-1#3407,NA,NA,p.Ala172Thr,0.994788832323028,31,0.0587708470806058
urn:mavedb:00000114-a-1#3408,NA,NA,p.Ala172Val,0.807855418392897,12,0.1053697598193
urn:mavedb:00000114-a-1#3409,NA,NA,p.Ala172Trp,0.639972223919271,15,0.0718826800385534
urn:mavedb:00000114-a-1#3410,NA,NA,p.Ala172Tyr,0.901063428263408,21,0.0606503065199152
urn:mavedb:00000114-a-1#3411,NA,NA,p.Thr173Ter,-0.0255593118822931,21,0.0141869551610869
urn:mavedb:00000114-a-1#3412,NA,NA,p.Thr173Ala,0.979145606988704,14,0.0600389049592291
urn:mavedb:00000114-a-1#3413,NA,NA,p.Thr173Cys,0.910937104873898,21,0.0480628143862856
urn:mavedb:00000114-a-1#3414,NA,NA,p.Thr173Asp,1.00781571496794,18,0.0479873378042205
urn:mavedb:00000114-a-1#3415,NA,NA,p.Thr173Glu,0.99152062415663,20,0.0631683073386982
urn:mavedb:00000114-a-1#3416,NA,NA,p.Thr173Phe,0.774605576951502,29,0.049087170145702
urn:mavedb:00000114-a-1#3417,NA,NA,p.Thr173Gly,0.898537899169336,23,0.0494123542305632
urn:mavedb:00000114-a-1#3418,NA,NA,p.Thr173His,0.91645278729101,12,0.0896744421124406
urn:mavedb:00000114-a-1#3419,NA,NA,p.Thr173Ile,0.701695504797091,20,0.0559832792980378
urn:mavedb:00000114-a-1#3420,NA,NA,p.Thr173Lys,0.897222398388579,23,0.0806112214417207
urn:mavedb:00000114-a-1#3421,NA,NA,p.Thr173Met,0.818771156390647,14,0.0893576766231672
urn:mavedb:00000114-a-1#3422,NA,NA,p.Thr173Asn,0.978473270561372,17,0.0729667524608871
urn:mavedb:00000114-a-1#3423,NA,NA,p.Thr173Pro,0.98430729343781,17,0.0591411373725963
urn:mavedb:00000114-a-1#3424,NA,NA,p.Thr173Gln,0.920830422055375,17,0.0756626732170755
urn:mavedb:00000114-a-1#3425,NA,NA,p.Thr173Arg,0.777253463387354,19,0.0457297651905833
urn:mavedb:00000114-a-1#3426,NA,NA,p.Thr173Ser,0.877235926221352,19,0.0857993055503196
urn:mavedb:00000114-a-1#3427,NA,NA,p.Thr173Val,0.778003133331698,13,0.0753415669178757
urn:mavedb:00000114-a-1#3428,NA,NA,p.Thr173Trp,0.650641811495921,14,0.07154939098418
urn:mavedb:00000114-a-1#3429,NA,NA,p.Thr173Tyr,0.796780335196724,22,0.0567800137221384
urn:mavedb:00000114-a-1#3430,NA,NA,p.Leu174Ter,0.0645111314827541,18,0.188921104480172
urn:mavedb:00000114-a-1#3431,NA,NA,p.Leu174Ala,0.530942137713577,15,0.0882327889038397
urn:mavedb:00000114-a-1#3432,NA,NA,p.Leu174Cys,0.725362069561709,15,0.0518241639251425
urn:mavedb:00000114-a-1#3433,NA,NA,p.Leu174Asp,-0.0329570589400347,24,0.0140848332863171
urn:mavedb:00000114-a-1#3434,NA,NA,p.Leu174Glu,-0.0035921166862672,18,0.0182284881688902
urn:mavedb:00000114-a-1#3435,NA,NA,p.Leu174Phe,1.14668059761193,27,0.0605853137598459
urn:mavedb:00000114-a-1#3436,NA,NA,p.Leu174Gly,-0.0258268850811593,9,0.0252437468937428
urn:mavedb:00000114-a-1#3437,NA,NA,p.Leu174His,0.260314092838211,16,0.073798878830251
urn:mavedb:00000114-a-1#3438,NA,NA,p.Leu174Ile,1.03083154630876,36,0.040098604410292
urn:mavedb:00000114-a-1#3439,NA,NA,p.Leu174Lys,-0.012728020399998,26,0.0153105296441179
urn:mavedb:00000114-a-1#3440,NA,NA,p.Leu174Met,1.10266398430278,20,0.0586730090392218
urn:mavedb:00000114-a-1#3441,NA,NA,p.Leu174Asn,0.129242183495507,26,0.0743361542589927
urn:mavedb:00000114-a-1#3442,NA,NA,p.Leu174Pro,0.701939286930999,30,0.0476308391477443
urn:mavedb:00000114-a-1#3443,NA,NA,p.Leu174Gln,0.300403608134029,26,0.0794296006584099
urn:mavedb:00000114-a-1#3444,NA,NA,p.Leu174Arg,-0.0116914179104641,20,0.030437037849275
urn:mavedb:00000114-a-1#3445,NA,NA,p.Leu174Ser,0.515004436411568,25,0.0770873072023956
urn:mavedb:00000114-a-1#3446,NA,NA,p.Leu174Thr,0.743902145240482,19,0.0610993685834192
urn:mavedb:00000114-a-1#3447,NA,NA,p.Leu174Val,0.999496573410532,22,0.067827741229978
urn:mavedb:00000114-a-1#3448,NA,NA,p.Leu174Trp,0.567425998736312,13,0.0936983053573699
urn:mavedb:00000114-a-1#3449,NA,NA,p.Leu174Tyr,0.909022666407502,28,0.0560827353166717
urn:mavedb:00000114-a-1#3450,NA,NA,p.Thr175Ter,-0.0090064757747579,13,0.0328411353472176
urn:mavedb:00000114-a-1#3451,NA,NA,p.Thr175Ala,1.02776885268415,8,0.109009233458896
urn:mavedb:00000114-a-1#3452,NA,NA,p.Thr175Cys,1.00819888321061,7,0.10455573249781
urn:mavedb:00000114-a-1#3453,NA,NA,p.Thr175Asp,0.974190927584535,11,0.0850753788168641
urn:mavedb:00000114-a-1#3454,NA,NA,p.Thr175Glu,1.00671880318255,12,0.0764571075761196
urn:mavedb:00000114-a-1#3455,NA,NA,p.Thr175Phe,0.88051437518137,25,0.0673716180990408
urn:mavedb:00000114-a-1#3456,NA,NA,p.Thr175Gly,0.843306101532307,5,0.0961679562230864
urn:mavedb:00000114-a-1#3457,NA,NA,p.Thr175His,0.864753213289193,11,0.134595794504938
urn:mavedb:00000114-a-1#3458,NA,NA,p.Thr175Ile,1.06862668819335,10,0.0789632869969811
urn:mavedb:00000114-a-1#3459,NA,NA,p.Thr175Lys,1.07643309161087,17,0.0446011207515306
urn:mavedb:00000114-a-1#3460,NA,NA,p.Thr175Leu,0.89338390461346,14,0.0736417503746676
urn:mavedb:00000114-a-1#3461,NA,NA,p.Thr175Met,0.984092550141676,19,0.0743515695978924
urn:mavedb:00000114-a-1#3462,NA,NA,p.Thr175Asn,1.00128609984345,21,0.0558468698105758
urn:mavedb:00000114-a-1#3463,NA,NA,p.Thr175Pro,0.65325543994511,9,0.0998437793823549
urn:mavedb:00000114-a-1#3464,NA,NA,p.Thr175Gln,0.978212615126931,22,0.0561417403672401
urn:mavedb:00000114-a-1#3465,NA,NA,p.Thr175Arg,1.01910849293538,21,0.0323164474105087
urn:mavedb:00000114-a-1#3466,NA,NA,p.Thr175Ser,1.03219904188918,11,0.103359405570856
urn:mavedb:00000114-a-1#3467,NA,NA,p.Thr175Val,1.01890059037821,21,0.0674245528812302
urn:mavedb:00000114-a-1#3468,NA,NA,p.Thr175Trp,0.862594387926444,6,0.062082426319016
urn:mavedb:00000114-a-1#3469,NA,NA,p.Thr175Tyr,0.888645026803424,13,0.0725014019765521
urn:mavedb:00000114-a-1#3470,NA,NA,p.Leu176Ter,0.0780699914684384,22,0.173774986775391
urn:mavedb:00000114-a-1#3471,NA,NA,p.Leu176Ala,0.386092629550466,30,0.071723494141504
urn:mavedb:00000114-a-1#3472,NA,NA,p.Leu176Cys,0.859534558549646,13,0.0693244278643025
urn:mavedb:00000114-a-1#3473,NA,NA,p.Leu176Asp,-0.0015958722475485,27,0.0189444086830723
urn:mavedb:00000114-a-1#3474,NA,NA,p.Leu176Glu,0.0175287265699586,33,0.0249336405925253
urn:mavedb:00000114-a-1#3475,NA,NA,p.Leu176Phe,0.871129542504494,28,0.0469016152809687
urn:mavedb:00000114-a-1#3476,NA,NA,p.Leu176Gly,0.0943118843671379,25,0.0506555810513233
urn:mavedb:00000114-a-1#3477,NA,NA,p.Leu176His,0.0944509499431558,27,0.0748917664061304
urn:mavedb:00000114-a-1#3478,NA,NA,p.Leu176Ile,0.905257275440874,32,0.0609568576413941
urn:mavedb:00000114-a-1#3479,NA,NA,p.Leu176Lys,0.0862846190077908,35,0.0484834976219549
urn:mavedb:00000114-a-1#3480,NA,NA,p.Leu176Met,0.938138102282962,39,0.0533971027397785
urn:mavedb:00000114-a-1#3481,NA,NA,p.Leu176Asn,0.313602447528486,30,0.082616281638075
urn:mavedb:00000114-a-1#3482,NA,NA,p.Leu176Pro,0.871008977140802,30,0.0470711431515099
urn:mavedb:00000114-a-1#3483,NA,NA,p.Leu176Gln,0.172311325167428,25,0.0617940584253798
urn:mavedb:00000114-a-1#3484,NA,NA,p.Leu176Arg,-0.0037871891222898,27,0.0252646745338554
urn:mavedb:00000114-a-1#3485,NA,NA,p.Leu176Ser,0.313301243535561,32,0.0644808586313509
urn:mavedb:00000114-a-1#3486,NA,NA,p.Leu176Thr,0.802473718662039,34,0.0558754547916679
urn:mavedb:00000114-a-1#3487,NA,NA,p.Leu176Val,0.92096872879343,29,0.0618883929931038
urn:mavedb:00000114-a-1#3488,NA,NA,p.Leu176Trp,0.13646026853025,32,0.0733633898279149
urn:mavedb:00000114-a-1#3489,NA,NA,p.Leu176Tyr,0.0968187912517201,25,0.0612705741211584
urn:mavedb:00000114-a-1#3490,NA,NA,p.Thr177Ter,-0.0126201237815765,33,0.0315118886113845
urn:mavedb:00000114-a-1#3491,NA,NA,p.Thr177Ala,1.03637503983858,22,0.0470458494600072
urn:mavedb:00000114-a-1#3492,NA,NA,p.Thr177Cys,0.92987064423506,32,0.0626095406021542
urn:mavedb:00000114-a-1#3493,NA,NA,p.Thr177Asp,1.07259552835677,35,0.0248779861469851
urn:mavedb:00000114-a-1#3494,NA,NA,p.Thr177Glu,1.03395646014187,24,0.0549991399417371
urn:mavedb:00000114-a-1#3495,NA,NA,p.Thr177Phe,1.01607547503803,33,0.0331800829743595
urn:mavedb:00000114-a-1#3496,NA,NA,p.Thr177Gly,0.998806565502411,33,0.0460468199169894
urn:mavedb:00000114-a-1#3497,NA,NA,p.Thr177His,1.02454955592743,25,0.0789398533019123
urn:mavedb:00000114-a-1#3498,NA,NA,p.Thr177Ile,0.952405598413929,33,0.0487368459290666
urn:mavedb:00000114-a-1#3499,NA,NA,p.Thr177Lys,1.06524119037857,18,0.0600299341037389
urn:mavedb:00000114-a-1#3500,NA,NA,p.Thr177Leu,0.838666627367252,24,0.0611280236620461
urn:mavedb:00000114-a-1#3501,NA,NA,p.Thr177Met,0.979337081334216,30,0.0477094841020473
urn:mavedb:00000114-a-1#3502,NA,NA,p.Thr177Asn,1.02086885440615,21,0.0597437291586172
urn:mavedb:00000114-a-1#3503,NA,NA,p.Thr177Pro,0.992177701580807,14,0.0674975806482388
urn:mavedb:00000114-a-1#3504,NA,NA,p.Thr177Gln,1.01197893300857,7,0.0883191161736957
urn:mavedb:00000114-a-1#3505,NA,NA,p.Thr177Arg,0.952716905929474,33,0.0544574226171031
urn:mavedb:00000114-a-1#3506,NA,NA,p.Thr177Ser,1.03354929774034,35,0.0520798347990613
urn:mavedb:00000114-a-1#3507,NA,NA,p.Thr177Val,0.949109438246376,32,0.0527881350613897
urn:mavedb:00000114-a-1#3508,NA,NA,p.Thr177Trp,0.909195928097298,21,0.0939966016421052
urn:mavedb:00000114-a-1#3509,NA,NA,p.Thr177Tyr,1.02033410134398,22,0.0433009038102398
urn:mavedb:00000114-a-1#3510,NA,NA,p.Gln178Ter,0.071394399898976,22,0.167955872855992
urn:mavedb:00000114-a-1#3511,NA,NA,p.Gln178Ala,1.00174260927331,18,0.0648455097376955
urn:mavedb:00000114-a-1#3512,NA,NA,p.Gln178Cys,0.86466335067706,34,0.0791165502342714
urn:mavedb:00000114-a-1#3513,NA,NA,p.Gln178Asp,1.03312946573671,26,0.0455666282605232
urn:mavedb:00000114-a-1#3514,NA,NA,p.Gln178Glu,1.02205014849754,27,0.06223998899246
urn:mavedb:00000114-a-1#3515,NA,NA,p.Gln178Phe,0.790051129729429,31,0.0619478019644372
urn:mavedb:00000114-a-1#3516,NA,NA,p.Gln178Gly,0.958423982819507,18,0.0683932166383635
urn:mavedb:00000114-a-1#3517,NA,NA,p.Gln178His,0.982443815760934,30,0.05454573190966
urn:mavedb:00000114-a-1#3518,NA,NA,p.Gln178Ile,0.88406703700313,43,0.0615051849237653
urn:mavedb:00000114-a-1#3519,NA,NA,p.Gln178Lys,1.03822948935466,28,0.0477875274210405
urn:mavedb:00000114-a-1#3520,NA,NA,p.Gln178Leu,0.774148248626044,25,0.040823026298032
urn:mavedb:00000114-a-1#3521,NA,NA,p.Gln178Met,0.874293197798824,28,0.0572080786155559
urn:mavedb:00000114-a-1#3522,NA,NA,p.Gln178Asn,1.01799485806836,32,0.0809790636967151
urn:mavedb:00000114-a-1#3523,NA,NA,p.Gln178Pro,0.88072887761082,36,0.0482037657370685
urn:mavedb:00000114-a-1#3524,NA,NA,p.Gln178Arg,1.01830387695019,29,0.0345727100059338
urn:mavedb:00000114-a-1#3525,NA,NA,p.Gln178Ser,1.01825021494167,25,0.0511840719215228
urn:mavedb:00000114-a-1#3526,NA,NA,p.Gln178Thr,1.03229175589475,25,0.0511770378650742
urn:mavedb:00000114-a-1#3527,NA,NA,p.Gln178Val,0.857086963297102,10,0.098951688315527
urn:mavedb:00000114-a-1#3528,NA,NA,p.Gln178Trp,0.667497617731916,31,0.0532884228519437
urn:mavedb:00000114-a-1#3529,NA,NA,p.Gln178Tyr,0.900160366974076,27,0.0685054034384104
urn:mavedb:00000114-a-1#3530,NA,NA,p.Gly179Ter,0.0556294277800984,30,0.153406020182629
urn:mavedb:00000114-a-1#3531,NA,NA,p.Gly179Ala,0.994971199948605,17,0.0822514671927091
urn:mavedb:00000114-a-1#3532,NA,NA,p.Gly179Cys,0.50186586826358,19,0.0799609835359032
urn:mavedb:00000114-a-1#3533,NA,NA,p.Gly179Asp,1.01672350524383,30,0.0632516215059609
urn:mavedb:00000114-a-1#3534,NA,NA,p.Gly179Glu,1.11148139122849,32,0.0612492984039556
urn:mavedb:00000114-a-1#3535,NA,NA,p.Gly179Phe,0.679027355846268,31,0.0724471943397333
urn:mavedb:00000114-a-1#3536,NA,NA,p.Gly179His,0.958064883208777,24,0.0819666636883757
urn:mavedb:00000114-a-1#3537,NA,NA,p.Gly179Ile,0.267014677534155,27,0.0981233536609436
urn:mavedb:00000114-a-1#3538,NA,NA,p.Gly179Lys,0.819203118418718,33,0.0702718419259826
urn:mavedb:00000114-a-1#3539,NA,NA,p.Gly179Leu,0.464253738089058,25,0.107092514277477
urn:mavedb:00000114-a-1#3540,NA,NA,p.Gly179Met,0.86167628159862,24,0.0786796582558309
urn:mavedb:00000114-a-1#3541,NA,NA,p.Gly179Asn,0.93304357252819,28,0.0748318684824494
urn:mavedb:00000114-a-1#3542,NA,NA,p.Gly179Pro,1.05789600541021,22,0.0690601195375386
urn:mavedb:00000114-a-1#3543,NA,NA,p.Gly179Gln,1.05600463507086,22,0.0909064696448453
urn:mavedb:00000114-a-1#3544,NA,NA,p.Gly179Arg,0.781629455008125,32,0.0573711471484089
urn:mavedb:00000114-a-1#3545,NA,NA,p.Gly179Ser,1.00048410146195,20,0.0639845431512384
urn:mavedb:00000114-a-1#3546,NA,NA,p.Gly179Thr,0.721178839513422,25,0.0766889083282667
urn:mavedb:00000114-a-1#3547,NA,NA,p.Gly179Val,0.570230352462911,28,0.0909328133469173
urn:mavedb:00000114-a-1#3548,NA,NA,p.Gly179Trp,0.490869437125376,22,0.0775294950100419
urn:mavedb:00000114-a-1#3549,NA,NA,p.Gly179Tyr,0.758106819362535,28,0.085516813253373
urn:mavedb:00000114-a-1#3550,NA,NA,p.Pro180Ter,0.0127020631169434,43,0.0757104450737577
urn:mavedb:00000114-a-1#3551,NA,NA,p.Pro180Ala,0.366613744737024,27,0.0710980981586332
urn:mavedb:00000114-a-1#3552,NA,NA,p.Pro180Cys,-0.0237256134857353,32,0.0141273660670361
urn:mavedb:00000114-a-1#3553,NA,NA,p.Pro180Asp,-0.0005305678099268,39,0.0187568378240534
urn:mavedb:00000114-a-1#3554,NA,NA,p.Pro180Glu,-0.0206149467364268,24,0.0252395720698485
urn:mavedb:00000114-a-1#3555,NA,NA,p.Pro180Phe,-0.0280799798308537,45,0.0122899448256891
urn:mavedb:00000114-a-1#3556,NA,NA,p.Pro180Gly,-0.0228751367158806,33,0.0171889637835937
urn:mavedb:00000114-a-1#3557,NA,NA,p.Pro180His,-0.0190687170322472,24,0.0301930986526843
urn:mavedb:00000114-a-1#3558,NA,NA,p.Pro180Ile,0.0436768425637671,29,0.0457441221541649
urn:mavedb:00000114-a-1#3559,NA,NA,p.Pro180Lys,-0.0238849872524622,30,0.015171490053736
urn:mavedb:00000114-a-1#3560,NA,NA,p.Pro180Leu,0.0653265897858138,16,0.071694631786096
urn:mavedb:00000114-a-1#3561,NA,NA,p.Pro180Met,-0.0109570057673074,34,0.0277843991118545
urn:mavedb:00000114-a-1#3562,NA,NA,p.Pro180Asn,-0.0286459233942958,32,0.020284511666194
urn:mavedb:00000114-a-1#3563,NA,NA,p.Pro180Gln,-0.0131069374988348,4,0.0558537052418691
urn:mavedb:00000114-a-1#3564,NA,NA,p.Pro180Arg,-0.0215549505188769,30,0.0287220077256205
urn:mavedb:00000114-a-1#3565,NA,NA,p.Pro180Ser,-0.0237781861591939,35,0.0194060312359753
urn:mavedb:00000114-a-1#3566,NA,NA,p.Pro180Thr,-0.0252128299441622,20,0.0159756110562065
urn:mavedb:00000114-a-1#3567,NA,NA,p.Pro180Val,0.399999681414728,35,0.0758481609636159
urn:mavedb:00000114-a-1#3568,NA,NA,p.Pro180Trp,-0.0209131987706031,46,0.0130124785864647
urn:mavedb:00000114-a-1#3569,NA,NA,p.Pro180Tyr,-0.0201527562362546,37,0.0162386865488539
urn:mavedb:00000114-a-1#3570,NA,NA,p.Ser181Ter,0.027198436627318,26,0.0926865547840856
urn:mavedb:00000114-a-1#3571,NA,NA,p.Ser181Ala,1.01913983075599,16,0.07824651122309
urn:mavedb:00000114-a-1#3572,NA,NA,p.Ser181Cys,0.853835630741721,27,0.0616312392805259
urn:mavedb:00000114-a-1#3573,NA,NA,p.Ser181Asp,0.966264822289213,18,0.0891003030736988
urn:mavedb:00000114-a-1#3574,NA,NA,p.Ser181Glu,0.996929688961775,29,0.0434096398842358
urn:mavedb:00000114-a-1#3575,NA,NA,p.Ser181Phe,0.508100291065817,16,0.0832003681203444
urn:mavedb:00000114-a-1#3576,NA,NA,p.Ser181Gly,0.946407407001884,21,0.0680064260428251
urn:mavedb:00000114-a-1#3577,NA,NA,p.Ser181His,0.916890854066662,15,0.068871341942002
urn:mavedb:00000114-a-1#3578,NA,NA,p.Ser181Ile,0.789306132522288,21,0.0840507019904086
urn:mavedb:00000114-a-1#3579,NA,NA,p.Ser181Lys,0.98241996513048,17,0.0722646358667305
urn:mavedb:00000114-a-1#3580,NA,NA,p.Ser181Leu,0.757356540643422,15,0.0628441848986303
urn:mavedb:00000114-a-1#3581,NA,NA,p.Ser181Met,0.952428045749334,30,0.0495768746618668
urn:mavedb:00000114-a-1#3582,NA,NA,p.Ser181Asn,0.993022422868896,26,0.0524599901382872
urn:mavedb:00000114-a-1#3583,NA,NA,p.Ser181Pro,-0.0182035405852716,22,0.0244214806586897
urn:mavedb:00000114-a-1#3584,NA,NA,p.Ser181Gln,1.01288066067714,27,0.0472231142126642
urn:mavedb:00000114-a-1#3585,NA,NA,p.Ser181Arg,0.988813610987626,22,0.0497207444819258
urn:mavedb:00000114-a-1#3586,NA,NA,p.Ser181Thr,1.00034956544847,21,0.0501765096005846
urn:mavedb:00000114-a-1#3587,NA,NA,p.Ser181Val,0.893861012978914,15,0.0822170615042194
urn:mavedb:00000114-a-1#3588,NA,NA,p.Ser181Trp,0.365357594706728,29,0.0631078823934806
urn:mavedb:00000114-a-1#3589,NA,NA,p.Ser181Tyr,0.585309724476668,20,0.0791705113764779
urn:mavedb:00000114-a-1#3590,NA,NA,p.Cys182Ter,0.0732731727636776,34,0.152808807863949
urn:mavedb:00000114-a-1#3591,NA,NA,p.Cys182Ala,0.882910557413473,27,0.0493857730324206
urn:mavedb:00000114-a-1#3592,NA,NA,p.Cys182Asp,0.979342360762104,41,0.0495714560166004
urn:mavedb:00000114-a-1#3593,NA,NA,p.Cys182Glu,0.938290638742944,32,0.0521170792956771
urn:mavedb:00000114-a-1#3594,NA,NA,p.Cys182Phe,0.436741902515942,22,0.0861979919443911
urn:mavedb:00000114-a-1#3595,NA,NA,p.Cys182Gly,0.961216511591706,33,0.0352585631763264
urn:mavedb:00000114-a-1#3596,NA,NA,p.Cys182His,0.816590334411361,27,0.0525457485128008
urn:mavedb:00000114-a-1#3597,NA,NA,p.Cys182Ile,0.671553236142454,38,0.0348109544440945
urn:mavedb:00000114-a-1#3598,NA,NA,p.Cys182Lys,0.893295263620229,29,0.0514940373445344
urn:mavedb:00000114-a-1#3599,NA,NA,p.Cys182Leu,0.535002284353407,5,0.10358614316814
urn:mavedb:00000114-a-1#3600,NA,NA,p.Cys182Met,0.79917944371242,34,0.038351476471863
urn:mavedb:00000114-a-1#3601,NA,NA,p.Cys182Asn,1.00021407968899,38,0.0444559967209126
urn:mavedb:00000114-a-1#3602,NA,NA,p.Cys182Pro,-0.0271841406990554,23,0.0183101713400196
urn:mavedb:00000114-a-1#3603,NA,NA,p.Cys182Gln,0.878324549244379,30,0.0596616818242539
urn:mavedb:00000114-a-1#3604,NA,NA,p.Cys182Arg,0.816993326119068,37,0.0532733819769971
urn:mavedb:00000114-a-1#3605,NA,NA,p.Cys182Ser,1.00503672425742,33,0.0580608470448067
urn:mavedb:00000114-a-1#3606,NA,NA,p.Cys182Thr,0.963272790079171,30,0.0380999466565371
urn:mavedb:00000114-a-1#3607,NA,NA,p.Cys182Val,0.846299952314526,35,0.0506025083215257
urn:mavedb:00000114-a-1#3608,NA,NA,p.Cys182Trp,0.0714638969228031,36,0.0529832494532738
urn:mavedb:00000114-a-1#3609,NA,NA,p.Cys182Tyr,0.511675438746336,40,0.0724201446551822
urn:mavedb:00000114-a-1#3610,NA,NA,p.Trp183Ter,-0.0056792691413192,18,0.0475571835856979
urn:mavedb:00000114-a-1#3611,NA,NA,p.Trp183Ala,-0.0203770076744574,10,0.0387442480166384
urn:mavedb:00000114-a-1#3612,NA,NA,p.Trp183Cys,-0.0202717048437923,9,0.0366157529714216
urn:mavedb:00000114-a-1#3613,NA,NA,p.Trp183Asp,-0.0325278838877306,13,0.0190234905149255
urn:mavedb:00000114-a-1#3614,NA,NA,p.Trp183Glu,-0.0283639217502537,20,0.0138802742835955
urn:mavedb:00000114-a-1#3615,NA,NA,p.Trp183Phe,0.768078497098999,8,0.12743914316386
urn:mavedb:00000114-a-1#3616,NA,NA,p.Trp183Gly,-0.0183678859298264,13,0.0236556550969863
urn:mavedb:00000114-a-1#3617,NA,NA,p.Trp183His,-0.0112627473791903,18,0.0275264893408465
urn:mavedb:00000114-a-1#3618,NA,NA,p.Trp183Ile,-0.0239708643884999,11,0.0245579497810225
urn:mavedb:00000114-a-1#3619,NA,NA,p.Trp183Lys,-0.0159986767317553,12,0.026562954052426
urn:mavedb:00000114-a-1#3620,NA,NA,p.Trp183Leu,-0.0016549600368198,13,0.0372391277417666
urn:mavedb:00000114-a-1#3621,NA,NA,p.Trp183Met,0.275017285355122,16,0.0926572846469663
urn:mavedb:00000114-a-1#3622,NA,NA,p.Trp183Asn,-0.0155579983690867,10,0.0300914587485967
urn:mavedb:00000114-a-1#3623,NA,NA,p.Trp183Pro,-0.020928970907964,12,0.0418140321147487
urn:mavedb:00000114-a-1#3624,NA,NA,p.Trp183Gln,-0.0288558602980789,8,0.0121038585163768
urn:mavedb:00000114-a-1#3625,NA,NA,p.Trp183Arg,-0.0272564330764501,16,0.0200798129532256
urn:mavedb:00000114-a-1#3626,NA,NA,p.Trp183Ser,-0.0222636569073687,17,0.0310249714746043
urn:mavedb:00000114-a-1#3627,NA,NA,p.Trp183Thr,-0.0235575300788481,19,0.0217613775415861
urn:mavedb:00000114-a-1#3628,NA,NA,p.Trp183Val,-0.0106463977952428,15,0.0383567434389247
urn:mavedb:00000114-a-1#3629,NA,NA,p.Trp183Tyr,0.805173599751893,18,0.0954995619694335
urn:mavedb:00000114-a-1#3630,NA,NA,p.Asp184Ter,0.0337358974606501,20,0.145066791424113
urn:mavedb:00000114-a-1#3631,NA,NA,p.Asp184Ala,0.915271951825426,4,0.0879297207171297
urn:mavedb:00000114-a-1#3632,NA,NA,p.Asp184Cys,0.249792013208343,16,0.070725815918743
urn:mavedb:00000114-a-1#3633,NA,NA,p.Asp184Glu,1.00618420795604,22,0.0717874595805765
urn:mavedb:00000114-a-1#3634,NA,NA,p.Asp184Phe,0.47515403181945,18,0.0836550559874552
urn:mavedb:00000114-a-1#3635,NA,NA,p.Asp184Gly,0.819425956428391,25,0.041735900020515
urn:mavedb:00000114-a-1#3636,NA,NA,p.Asp184His,0.677980250565642,16,0.0701527355952414
urn:mavedb:00000114-a-1#3637,NA,NA,p.Asp184Ile,0.382814561761359,15,0.0663839321523879
urn:mavedb:00000114-a-1#3638,NA,NA,p.Asp184Lys,0.890901128743035,6,0.111181035256829
urn:mavedb:00000114-a-1#3639,NA,NA,p.Asp184Leu,0.76815847080737,25,0.0552767205225878
urn:mavedb:00000114-a-1#3640,NA,NA,p.Asp184Met,0.825987459116611,16,0.0666832779379962
urn:mavedb:00000114-a-1#3641,NA,NA,p.Asp184Asn,0.931593881249834,25,0.0763452395379956
urn:mavedb:00000114-a-1#3642,NA,NA,p.Asp184Pro,0.781029099907726,8,0.103883205981849
urn:mavedb:00000114-a-1#3643,NA,NA,p.Asp184Gln,0.891441238889524,23,0.0835348725733392
urn:mavedb:00000114-a-1#3644,NA,NA,p.Asp184Arg,0.742884335149853,16,0.0447600837572178
urn:mavedb:00000114-a-1#3645,NA,NA,p.Asp184Ser,0.931450164680464,15,0.0788767433192033
urn:mavedb:00000114-a-1#3646,NA,NA,p.Asp184Thr,0.808698815240778,25,0.0496438801243645
urn:mavedb:00000114-a-1#3647,NA,NA,p.Asp184Val,0.393863679736029,16,0.0736872120139758
urn:mavedb:00000114-a-1#3648,NA,NA,p.Asp184Trp,0.447833719146702,20,0.0352871082831522
urn:mavedb:00000114-a-1#3649,NA,NA,p.Asp184Tyr,0.537204046232684,28,0.0716340726959161
urn:mavedb:00000114-a-1#3650,NA,NA,p.Asp185Ter,-0.0069988744820536,30,0.0342014534812249
urn:mavedb:00000114-a-1#3651,NA,NA,p.Asp185Ala,-0.026529947706734,16,0.0105122637054895
urn:mavedb:00000114-a-1#3652,NA,NA,p.Asp185Cys,0.010697998034675,12,0.035726908267826
urn:mavedb:00000114-a-1#3653,NA,NA,p.Asp185Glu,0.746322315102864,10,0.0878639950737487
urn:mavedb:00000114-a-1#3654,NA,NA,p.Asp185Phe,-0.0320953574635033,18,0.0137066331153077
urn:mavedb:00000114-a-1#3655,NA,NA,p.Asp185Gly,-0.0282984014480115,13,0.0205425689353711
urn:mavedb:00000114-a-1#3656,NA,NA,p.Asp185His,0.388893377749702,20,0.0825400090156545
urn:mavedb:00000114-a-1#3657,NA,NA,p.Asp185Ile,-0.022088288048129,20,0.0248454830387037
urn:mavedb:00000114-a-1#3658,NA,NA,p.Asp185Lys,-0.0038532876441267,27,0.0236713332403853
urn:mavedb:00000114-a-1#3659,NA,NA,p.Asp185Leu,-0.0245017207435938,13,0.0315410772157641
urn:mavedb:00000114-a-1#3660,NA,NA,p.Asp185Met,-0.0114351059181916,13,0.030299917568013
urn:mavedb:00000114-a-1#3661,NA,NA,p.Asp185Asn,0.0463996675080282,13,0.0502220324618818
urn:mavedb:00000114-a-1#3662,NA,NA,p.Asp185Pro,-0.0133324485483614,10,0.0285607272006239
urn:mavedb:00000114-a-1#3663,NA,NA,p.Asp185Gln,0.389660313784299,15,0.0854211652377565
urn:mavedb:00000114-a-1#3664,NA,NA,p.Asp185Arg,-0.0161342728813714,15,0.0334826232239753
urn:mavedb:00000114-a-1#3665,NA,NA,p.Asp185Ser,0.0361258393501821,12,0.0519954302966203
urn:mavedb:00000114-a-1#3666,NA,NA,p.Asp185Thr,-0.0194622326139595,31,0.0316261420970906
urn:mavedb:00000114-a-1#3667,NA,NA,p.Asp185Val,-0.0192382614891445,17,0.0232622366677991
urn:mavedb:00000114-a-1#3668,NA,NA,p.Asp185Trp,-0.0321977348489567,21,0.0118987791863174
urn:mavedb:00000114-a-1#3669,NA,NA,p.Asp185Tyr,-0.020527303528098,24,0.012396261907264
urn:mavedb:00000114-a-1#3670,NA,NA,p.Val186Ter,-0.0030108748008586,31,0.0238089975398974
urn:mavedb:00000114-a-1#3671,NA,NA,p.Val186Ala,0.582355305473136,23,0.0967013990014601
urn:mavedb:00000114-a-1#3672,NA,NA,p.Val186Cys,0.747592070911658,19,0.0692803539657335
urn:mavedb:00000114-a-1#3673,NA,NA,p.Val186Asp,-0.0206983502385083,29,0.0200588033962222
urn:mavedb:00000114-a-1#3674,NA,NA,p.Val186Glu,-0.020167117044886,23,0.017642262111911
urn:mavedb:00000114-a-1#3675,NA,NA,p.Val186Phe,-0.0230346135095457,17,0.0318463197969658
urn:mavedb:00000114-a-1#3676,NA,NA,p.Val186Gly,-0.0226926547595974,36,0.0227752584678379
urn:mavedb:00000114-a-1#3677,NA,NA,p.Val186His,-0.0169370837702572,19,0.0229983982828376
urn:mavedb:00000114-a-1#3678,NA,NA,p.Val186Ile,1.03115494691692,24,0.0482761557826057
urn:mavedb:00000114-a-1#3679,NA,NA,p.Val186Lys,-0.016831134524932,23,0.0309405783877625
urn:mavedb:00000114-a-1#3680,NA,NA,p.Val186Leu,0.843800408196494,24,0.0624928945845512
urn:mavedb:00000114-a-1#3681,NA,NA,p.Val186Met,0.0484895728750331,23,0.0452865612907654
urn:mavedb:00000114-a-1#3682,NA,NA,p.Val186Asn,-0.0144100188917545,18,0.0195867560449269
urn:mavedb:00000114-a-1#3683,NA,NA,p.Val186Pro,-0.0281264874679742,18,0.0192155168669073
urn:mavedb:00000114-a-1#3684,NA,NA,p.Val186Gln,-0.0203377115817035,25,0.0166940454823288
urn:mavedb:00000114-a-1#3685,NA,NA,p.Val186Arg,-0.0231267676504053,26,0.0165435063265923
urn:mavedb:00000114-a-1#3686,NA,NA,p.Val186Ser,-0.0183574387770023,41,0.0179752152415284
urn:mavedb:00000114-a-1#3687,NA,NA,p.Val186Thr,0.379656983767361,28,0.064580316281754
urn:mavedb:00000114-a-1#3688,NA,NA,p.Val186Trp,-0.0193934554832235,30,0.0228995773678071
urn:mavedb:00000114-a-1#3689,NA,NA,p.Val186Tyr,-0.0225199541272594,22,0.022748454660806
urn:mavedb:00000114-a-1#3690,NA,NA,p.Leu187Ter,0.0366087394012251,27,0.124443530752463
urn:mavedb:00000114-a-1#3691,NA,NA,p.Leu187Ala,0.679490635854473,15,0.0786586884076156
urn:mavedb:00000114-a-1#3692,NA,NA,p.Leu187Cys,0.75183316050247,18,0.0541345587161507
urn:mavedb:00000114-a-1#3693,NA,NA,p.Leu187Asp,0.366198582721783,26,0.114381360882608
urn:mavedb:00000114-a-1#3694,NA,NA,p.Leu187Glu,0.740708388890407,10,0.089394669223843
urn:mavedb:00000114-a-1#3695,NA,NA,p.Leu187Phe,0.796762068542514,14,0.0696036999444889
urn:mavedb:00000114-a-1#3696,NA,NA,p.Leu187Gly,0.230808744972745,22,0.091146337623339
urn:mavedb:00000114-a-1#3697,NA,NA,p.Leu187His,0.501767735731111,7,0.121180701988091
urn:mavedb:00000114-a-1#3698,NA,NA,p.Leu187Ile,0.901482323993017,22,0.0463828411790783
urn:mavedb:00000114-a-1#3699,NA,NA,p.Leu187Lys,0.801034997681509,18,0.0768674629829943
urn:mavedb:00000114-a-1#3700,NA,NA,p.Leu187Met,0.991302173914874,24,0.0560304400613371
urn:mavedb:00000114-a-1#3701,NA,NA,p.Leu187Asn,0.748652909980103,19,0.0584653660333248
urn:mavedb:00000114-a-1#3702,NA,NA,p.Leu187Pro,-0.0189192805794816,18,0.0226775732270683
urn:mavedb:00000114-a-1#3703,NA,NA,p.Leu187Gln,0.846963528005606,14,0.0520070785162598
urn:mavedb:00000114-a-1#3704,NA,NA,p.Leu187Arg,0.88005883541459,12,0.075588253303493
urn:mavedb:00000114-a-1#3705,NA,NA,p.Leu187Ser,0.829421171451358,19,0.064638163085572
urn:mavedb:00000114-a-1#3706,NA,NA,p.Leu187Thr,0.865789295625805,11,0.0813912931605136
urn:mavedb:00000114-a-1#3707,NA,NA,p.Leu187Val,0.852121273933979,18,0.0647729136715938
urn:mavedb:00000114-a-1#3708,NA,NA,p.Leu187Trp,0.378493126673179,21,0.0794357172282312
urn:mavedb:00000114-a-1#3709,NA,NA,p.Leu187Tyr,0.478179585534632,18,0.0696324222070974
urn:mavedb:00000114-a-1#3710,NA,NA,p.Ile188Ter,-0.0014731456986864,18,0.0515382785014598
urn:mavedb:00000114-a-1#3711,NA,NA,p.Ile188Ala,0.880904936491852,15,0.0624999494556951
urn:mavedb:00000114-a-1#3712,NA,NA,p.Ile188Cys,0.88269575262865,25,0.0463527576780085
urn:mavedb:00000114-a-1#3713,NA,NA,p.Ile188Asp,0.786994675446756,14,0.0496824946115055
urn:mavedb:00000114-a-1#3714,NA,NA,p.Ile188Glu,0.962037496233981,21,0.0536882564243185
urn:mavedb:00000114-a-1#3715,NA,NA,p.Ile188Phe,0.950096506162306,13,0.0810903755138686
urn:mavedb:00000114-a-1#3716,NA,NA,p.Ile188Gly,0.83835716033726,18,0.0946882605173502
urn:mavedb:00000114-a-1#3717,NA,NA,p.Ile188His,0.927293212877345,22,0.0612924369387404
urn:mavedb:00000114-a-1#3718,NA,NA,p.Ile188Lys,0.9696980718078,22,0.06226366275714
urn:mavedb:00000114-a-1#3719,NA,NA,p.Ile188Leu,0.977438874919193,10,0.0832480112005172
urn:mavedb:00000114-a-1#3720,NA,NA,p.Ile188Met,0.961342837230754,26,0.0591860405876023
urn:mavedb:00000114-a-1#3721,NA,NA,p.Ile188Asn,0.9474459494271,17,0.102598815499619
urn:mavedb:00000114-a-1#3722,NA,NA,p.Ile188Pro,0.723292127580773,10,0.0960848676079587
urn:mavedb:00000114-a-1#3723,NA,NA,p.Ile188Gln,0.99407353569716,16,0.0339325433714881
urn:mavedb:00000114-a-1#3724,NA,NA,p.Ile188Arg,0.903867837705261,9,0.0898274480859404
urn:mavedb:00000114-a-1#3725,NA,NA,p.Ile188Ser,1.00444195434341,13,0.0587787609397249
urn:mavedb:00000114-a-1#3726,NA,NA,p.Ile188Thr,0.9384613612235,11,0.063294626324753
urn:mavedb:00000114-a-1#3727,NA,NA,p.Ile188Val,0.973243372169418,18,0.0680903515026375
urn:mavedb:00000114-a-1#3728,NA,NA,p.Ile188Trp,0.857007197702814,9,0.121985570368626
urn:mavedb:00000114-a-1#3729,NA,NA,p.Ile188Tyr,0.905231503079724,21,0.0715025641834719
urn:mavedb:00000114-a-1#3730,NA,NA,p.Pro189Ter,0.0149267222988247,22,0.0826060310348338
urn:mavedb:00000114-a-1#3731,NA,NA,p.Pro189Ala,0.919099071770303,27,0.0571459045701162
urn:mavedb:00000114-a-1#3732,NA,NA,p.Pro189Cys,0.722800148131055,12,0.0773256183073092
urn:mavedb:00000114-a-1#3733,NA,NA,p.Pro189Asp,0.784918972032318,19,0.0450309882995354
urn:mavedb:00000114-a-1#3734,NA,NA,p.Pro189Glu,0.867491376327088,19,0.0468210756047887
urn:mavedb:00000114-a-1#3735,NA,NA,p.Pro189Phe,0.459540689300342,27,0.0522757963940075
urn:mavedb:00000114-a-1#3736,NA,NA,p.Pro189Gly,0.777618313915826,19,0.0499645182425078
urn:mavedb:00000114-a-1#3737,NA,NA,p.Pro189His,0.738524497481339,15,0.104365872976635
urn:mavedb:00000114-a-1#3738,NA,NA,p.Pro189Ile,0.530268924531493,23,0.0666188852344952
urn:mavedb:00000114-a-1#3739,NA,NA,p.Pro189Lys,0.934577895312049,21,0.0605856659982452
urn:mavedb:00000114-a-1#3740,NA,NA,p.Pro189Leu,0.682333539939103,18,0.0552384435868026
urn:mavedb:00000114-a-1#3741,NA,NA,p.Pro189Met,0.680212019150744,18,0.0603415564319207
urn:mavedb:00000114-a-1#3742,NA,NA,p.Pro189Asn,0.801229149627356,18,0.0486525738220031
urn:mavedb:00000114-a-1#3743,NA,NA,p.Pro189Gln,0.856765609614358,14,0.0675898695753532
urn:mavedb:00000114-a-1#3744,NA,NA,p.Pro189Arg,0.830999323205167,17,0.0470662102529059
urn:mavedb:00000114-a-1#3745,NA,NA,p.Pro189Ser,0.873242106816902,22,0.0731317572582767
urn:mavedb:00000114-a-1#3746,NA,NA,p.Pro189Thr,0.81054489936043,16,0.107444430399198
urn:mavedb:00000114-a-1#3747,NA,NA,p.Pro189Val,0.662182303173276,15,0.0411686519417965
urn:mavedb:00000114-a-1#3748,NA,NA,p.Pro189Trp,0.377404143808503,15,0.0623297764673
urn:mavedb:00000114-a-1#3749,NA,NA,p.Pro189Tyr,0.533419179173797,12,0.0940280680139159
urn:mavedb:00000114-a-1#3750,NA,NA,p.Asn190Ter,0.014895498892385,27,0.0708223508886393
urn:mavedb:00000114-a-1#3751,NA,NA,p.Asn190Ala,0.90328621841381,26,0.0531748432007689
urn:mavedb:00000114-a-1#3752,NA,NA,p.Asn190Cys,0.895387709641977,12,0.05032278897939
urn:mavedb:00000114-a-1#3753,NA,NA,p.Asn190Asp,0.97150731975292,13,0.0874949938396641
urn:mavedb:00000114-a-1#3754,NA,NA,p.Asn190Glu,0.957018902785744,25,0.0918486253101181
urn:mavedb:00000114-a-1#3755,NA,NA,p.Asn190Phe,0.902208967048687,29,0.0786618476077695
urn:mavedb:00000114-a-1#3756,NA,NA,p.Asn190Gly,1.05956522562031,22,0.0636865003525934
urn:mavedb:00000114-a-1#3757,NA,NA,p.Asn190His,0.994368627674768,31,0.0628346221745347
urn:mavedb:00000114-a-1#3758,NA,NA,p.Asn190Ile,0.450006084801712,29,0.0449265648250113
urn:mavedb:00000114-a-1#3759,NA,NA,p.Asn190Lys,0.961044809994196,46,0.0560063051403854
urn:mavedb:00000114-a-1#3760,NA,NA,p.Asn190Leu,0.870687127240328,21,0.0590566486535486
urn:mavedb:00000114-a-1#3761,NA,NA,p.Asn190Met,0.894842243960496,29,0.0486789476889939
urn:mavedb:00000114-a-1#3762,NA,NA,p.Asn190Pro,-0.0124947035402007,32,0.0184252500496554
urn:mavedb:00000114-a-1#3763,NA,NA,p.Asn190Gln,0.933027396973115,30,0.0559304618993817
urn:mavedb:00000114-a-1#3764,NA,NA,p.Asn190Arg,0.959923518158526,36,0.055047969175367
urn:mavedb:00000114-a-1#3765,NA,NA,p.Asn190Ser,0.973452881693715,28,0.050806439144875
urn:mavedb:00000114-a-1#3766,NA,NA,p.Asn190Thr,0.835171037792765,39,0.0510355062616974
urn:mavedb:00000114-a-1#3767,NA,NA,p.Asn190Val,0.602537808417001,2,0.196595934241727
urn:mavedb:00000114-a-1#3768,NA,NA,p.Asn190Trp,0.849974299621008,30,0.0622718419743297
urn:mavedb:00000114-a-1#3769,NA,NA,p.Asn190Tyr,0.89780440870113,21,0.0758825488218357
urn:mavedb:00000114-a-1#3770,NA,NA,p.Arg191Ter,-0.0104450512997053,28,0.026945524131841
urn:mavedb:00000114-a-1#3771,NA,NA,p.Arg191Ala,0.941532184872335,22,0.0756599083088257
urn:mavedb:00000114-a-1#3772,NA,NA,p.Arg191Cys,0.799237493462849,28,0.0425999240402264
urn:mavedb:00000114-a-1#3773,NA,NA,p.Arg191Asp,0.0652818508325605,24,0.0503371432914798
urn:mavedb:00000114-a-1#3774,NA,NA,p.Arg191Glu,0.610117122548579,20,0.0958742176039222
urn:mavedb:00000114-a-1#3775,NA,NA,p.Arg191Phe,0.68965125611265,25,0.0487408577933802
urn:mavedb:00000114-a-1#3776,NA,NA,p.Arg191Gly,0.628437727683993,25,0.0686357771373995
urn:mavedb:00000114-a-1#3777,NA,NA,p.Arg191His,0.852984652954359,13,0.0390496631913553
urn:mavedb:00000114-a-1#3778,NA,NA,p.Arg191Ile,0.826578850928642,22,0.054378796804529
urn:mavedb:00000114-a-1#3779,NA,NA,p.Arg191Lys,0.981368599739673,25,0.0546762331159548
urn:mavedb:00000114-a-1#3780,NA,NA,p.Arg191Leu,0.762654880448872,22,0.0576641791632166
urn:mavedb:00000114-a-1#3781,NA,NA,p.Arg191Met,0.965510669147158,17,0.0549175404538635
urn:mavedb:00000114-a-1#3782,NA,NA,p.Arg191Asn,0.827135753040944,18,0.0745707457777409
urn:mavedb:00000114-a-1#3783,NA,NA,p.Arg191Pro,-0.0026260721631032,24,0.0258089676047169
urn:mavedb:00000114-a-1#3784,NA,NA,p.Arg191Gln,0.902478334543657,14,0.0895252142036281
urn:mavedb:00000114-a-1#3785,NA,NA,p.Arg191Ser,0.924331205548518,26,0.0592511285076861
urn:mavedb:00000114-a-1#3786,NA,NA,p.Arg191Thr,0.905150154018645,21,0.0513707550066177
urn:mavedb:00000114-a-1#3787,NA,NA,p.Arg191Val,0.89868023293686,24,0.056659828604594
urn:mavedb:00000114-a-1#3788,NA,NA,p.Arg191Trp,0.534714254605457,19,0.0636920821606092
urn:mavedb:00000114-a-1#3789,NA,NA,p.Arg191Tyr,0.74135190805135,22,0.0616741506989233
urn:mavedb:00000114-a-1#3790,NA,NA,p.Met192Ter,0.0176955411717545,28,0.0907543754720422
urn:mavedb:00000114-a-1#3791,NA,NA,p.Met192Ala,0.635147167893304,2,0.147351125499433
urn:mavedb:00000114-a-1#3792,NA,NA,p.Met192Asp,-0.032686125162701,5,0.0358405394510405
urn:mavedb:00000114-a-1#3793,NA,NA,p.Met192Glu,-0.0009985998808529,22,0.0231252032427775
urn:mavedb:00000114-a-1#3794,NA,NA,p.Met192Phe,0.706564379721288,8,0.0891039326979563
urn:mavedb:00000114-a-1#3795,NA,NA,p.Met192Gly,0.367238683824573,1,0.214403512824063
urn:mavedb:00000114-a-1#3796,NA,NA,p.Met192His,0.431567276535405,3,0.165436817350084
urn:mavedb:00000114-a-1#3797,NA,NA,p.Met192Ile,1.01543390604511,12,0.105452063465233
urn:mavedb:00000114-a-1#3798,NA,NA,p.Met192Lys,0.691951209764182,22,0.0534843197945339
urn:mavedb:00000114-a-1#3799,NA,NA,p.Met192Leu,1.01632440563838,15,0.0811799674314733
urn:mavedb:00000114-a-1#3800,NA,NA,p.Met192Asn,0.174168288923969,9,0.0781980715046522
urn:mavedb:00000114-a-1#3801,NA,NA,p.Met192Pro,-0.0092227196507877,11,0.0275667538794326
urn:mavedb:00000114-a-1#3802,NA,NA,p.Met192Gln,0.558197433550762,23,0.0466536653493674
urn:mavedb:00000114-a-1#3803,NA,NA,p.Met192Arg,0.653017571683287,20,0.0706124987822466
urn:mavedb:00000114-a-1#3804,NA,NA,p.Met192Ser,0.542200700627848,4,0.187830812584307
urn:mavedb:00000114-a-1#3805,NA,NA,p.Met192Thr,0.647612904333404,12,0.0898084344997575
urn:mavedb:00000114-a-1#3806,NA,NA,p.Met192Val,0.97194571077201,15,0.0886803171946016
urn:mavedb:00000114-a-1#3807,NA,NA,p.Met192Trp,0.048561359523328,8,0.0821609794355963
urn:mavedb:00000114-a-1#3808,NA,NA,p.Met192Tyr,0.221778495877598,6,0.139153261723871
urn:mavedb:00000114-a-1#3809,NA,NA,p.Ser193Ter,-0.010868355605465,29,0.0274765987265023
urn:mavedb:00000114-a-1#3810,NA,NA,p.Ser193Ala,0.989418303512002,16,0.0565856558502602
urn:mavedb:00000114-a-1#3811,NA,NA,p.Ser193Cys,0.82113646042539,32,0.0260882759472061
urn:mavedb:00000114-a-1#3812,NA,NA,p.Ser193Asp,0.921612276092872,39,0.0530037941236105
urn:mavedb:00000114-a-1#3813,NA,NA,p.Ser193Glu,0.991258267297587,33,0.0565249681752705
urn:mavedb:00000114-a-1#3814,NA,NA,p.Ser193Phe,1.00149232228192,27,0.0529074336870545
urn:mavedb:00000114-a-1#3815,NA,NA,p.Ser193Gly,0.89187847286148,28,0.0616553371110231
urn:mavedb:00000114-a-1#3816,NA,NA,p.Ser193His,1.02003047598722,23,0.0495440362535896
urn:mavedb:00000114-a-1#3817,NA,NA,p.Ser193Ile,0.970836805423578,31,0.0449882482125293
urn:mavedb:00000114-a-1#3818,NA,NA,p.Ser193Lys,1.03752528117669,38,0.0458530679760901
urn:mavedb:00000114-a-1#3819,NA,NA,p.Ser193Leu,0.984712972578254,23,0.0541020372871624
urn:mavedb:00000114-a-1#3820,NA,NA,p.Ser193Met,0.935076891778928,26,0.0431224802722729
urn:mavedb:00000114-a-1#3821,NA,NA,p.Ser193Asn,0.95111242803199,33,0.0624324337617026
urn:mavedb:00000114-a-1#3822,NA,NA,p.Ser193Pro,0.90883701861225,42,0.061016664710501
urn:mavedb:00000114-a-1#3823,NA,NA,p.Ser193Gln,0.987346784595035,37,0.0426050832114574
urn:mavedb:00000114-a-1#3824,NA,NA,p.Ser193Arg,1.06564467549407,24,0.0444182111926197
urn:mavedb:00000114-a-1#3825,NA,NA,p.Ser193Thr,1.02317110015491,27,0.0821082947225491
urn:mavedb:00000114-a-1#3826,NA,NA,p.Ser193Val,0.986744059439763,46,0.0442657681349801
urn:mavedb:00000114-a-1#3827,NA,NA,p.Ser193Trp,0.964145607963349,29,0.0696515697752732
urn:mavedb:00000114-a-1#3828,NA,NA,p.Ser193Tyr,0.982297364337757,35,0.0512606144374512
urn:mavedb:00000114-a-1#3829,NA,NA,p.Gly194Ter,0.0107461914824568,31,0.0784537797002434
urn:mavedb:00000114-a-1#3830,NA,NA,p.Gly194Ala,0.875480475586492,30,0.0460043264112249
urn:mavedb:00000114-a-1#3831,NA,NA,p.Gly194Cys,0.709901551443624,36,0.0528755325733274
urn:mavedb:00000114-a-1#3832,NA,NA,p.Gly194Asp,-0.0253804903215609,25,0.01490267199014
urn:mavedb:00000114-a-1#3833,NA,NA,p.Gly194Glu,-0.0056824330414445,33,0.026164251108355
urn:mavedb:00000114-a-1#3834,NA,NA,p.Gly194Phe,0.221145592181024,28,0.0660586432296522
urn:mavedb:00000114-a-1#3835,NA,NA,p.Gly194His,0.423325566850871,29,0.0715181387065384
urn:mavedb:00000114-a-1#3836,NA,NA,p.Gly194Ile,0.868798163922181,22,0.0685301875111347
urn:mavedb:00000114-a-1#3837,NA,NA,p.Gly194Lys,-0.0193741111725748,38,0.0176826555482522
urn:mavedb:00000114-a-1#3838,NA,NA,p.Gly194Leu,0.645337396882478,20,0.0622966418653398
urn:mavedb:00000114-a-1#3839,NA,NA,p.Gly194Met,0.74708258743609,22,0.102122302925074
urn:mavedb:00000114-a-1#3840,NA,NA,p.Gly194Asn,-0.0130077081502725,32,0.0161652301460613
urn:mavedb:00000114-a-1#3841,NA,NA,p.Gly194Pro,-0.0081827981620342,20,0.0296972548454121
urn:mavedb:00000114-a-1#3842,NA,NA,p.Gly194Gln,0.271790617047355,26,0.0900004569183888
urn:mavedb:00000114-a-1#3843,NA,NA,p.Gly194Arg,-0.0158330521980916,34,0.0233743484555407
urn:mavedb:00000114-a-1#3844,NA,NA,p.Gly194Ser,0.755626894437068,15,0.0834468845957333
urn:mavedb:00000114-a-1#3845,NA,NA,p.Gly194Thr,0.316311473541334,28,0.0620731890455786
urn:mavedb:00000114-a-1#3846,NA,NA,p.Gly194Val,0.666147831151328,23,0.0553313738253109
urn:mavedb:00000114-a-1#3847,NA,NA,p.Gly194Trp,-0.0118500093450463,21,0.0291365679276629
urn:mavedb:00000114-a-1#3848,NA,NA,p.Gly194Tyr,0.112539506147528,27,0.0742853815645542
urn:mavedb:00000114-a-1#3849,NA,NA,p.Glu195Ter,0.0356073544310435,22,0.131820470248409
urn:mavedb:00000114-a-1#3850,NA,NA,p.Glu195Ala,0.992953823990378,12,0.10913503038199
urn:mavedb:00000114-a-1#3851,NA,NA,p.Glu195Cys,0.880197462803236,24,0.076479453236911
urn:mavedb:00000114-a-1#3852,NA,NA,p.Glu195Asp,0.905462552964893,20,0.0659213482781616
urn:mavedb:00000114-a-1#3853,NA,NA,p.Glu195Phe,0.951735174537545,24,0.0595499104058031
urn:mavedb:00000114-a-1#3854,NA,NA,p.Glu195Gly,0.817480320308379,24,0.07169988255548
urn:mavedb:00000114-a-1#3855,NA,NA,p.Glu195His,0.989756970237301,34,0.0409628407238979
urn:mavedb:00000114-a-1#3856,NA,NA,p.Glu195Ile,0.998958563445065,22,0.0706709746908692
urn:mavedb:00000114-a-1#3857,NA,NA,p.Glu195Lys,1.00875020269155,18,0.0453903669517628
urn:mavedb:00000114-a-1#3858,NA,NA,p.Glu195Leu,0.927390375309277,20,0.0596980338800062
urn:mavedb:00000114-a-1#3859,NA,NA,p.Glu195Met,0.963564878720823,24,0.0421135677309842
urn:mavedb:00000114-a-1#3860,NA,NA,p.Glu195Asn,0.976795102126063,20,0.0711961405654595
urn:mavedb:00000114-a-1#3861,NA,NA,p.Glu195Pro,0.623854320191851,24,0.0737528539245576
urn:mavedb:00000114-a-1#3862,NA,NA,p.Glu195Gln,0.991619797724459,22,0.0478036447260589
urn:mavedb:00000114-a-1#3863,NA,NA,p.Glu195Arg,0.996261170761002,31,0.0648522734402284
urn:mavedb:00000114-a-1#3864,NA,NA,p.Glu195Ser,0.985417133153395,22,0.062820279365697
urn:mavedb:00000114-a-1#3865,NA,NA,p.Glu195Thr,1.02279258891946,21,0.0526469198786151
urn:mavedb:00000114-a-1#3866,NA,NA,p.Glu195Val,0.996826991261355,19,0.0739415855675587
urn:mavedb:00000114-a-1#3867,NA,NA,p.Glu195Trp,0.907221562296205,19,0.0756331622521065
urn:mavedb:00000114-a-1#3868,NA,NA,p.Glu195Tyr,0.957102094739319,27,0.0641356448843267
urn:mavedb:00000114-a-1#3869,NA,NA,p.Cys196Ter,0.0318055054668105,26,0.107808336019595
urn:mavedb:00000114-a-1#3870,NA,NA,p.Cys196Ala,-0.0167613136457334,18,0.0302831981822062
urn:mavedb:00000114-a-1#3871,NA,NA,p.Cys196Asp,-0.0237027316334582,28,0.0216241083105557
urn:mavedb:00000114-a-1#3872,NA,NA,p.Cys196Glu,-0.0152208356314417,28,0.0217242301009938
urn:mavedb:00000114-a-1#3873,NA,NA,p.Cys196Phe,-0.0253332426470082,38,0.0196912614404419
urn:mavedb:00000114-a-1#3874,NA,NA,p.Cys196Gly,-0.0134765766897857,8,0.0268063286883258
urn:mavedb:00000114-a-1#3875,NA,NA,p.Cys196His,-0.0191181212523882,33,0.0168586927333663
urn:mavedb:00000114-a-1#3876,NA,NA,p.Cys196Ile,-0.0262976363514886,22,0.0207339462472005
urn:mavedb:00000114-a-1#3877,NA,NA,p.Cys196Lys,-0.0208870545733799,30,0.0235700088024899
urn:mavedb:00000114-a-1#3878,NA,NA,p.Cys196Leu,-0.0312809702845093,28,0.0127802587009232
urn:mavedb:00000114-a-1#3879,NA,NA,p.Cys196Met,-0.0204582204575843,46,0.0120142067906402
urn:mavedb:00000114-a-1#3880,NA,NA,p.Cys196Asn,-0.0274918829711913,27,0.0118641316530641
urn:mavedb:00000114-a-1#3881,NA,NA,p.Cys196Pro,-0.0205436058638692,46,0.0183242514674146
urn:mavedb:00000114-a-1#3882,NA,NA,p.Cys196Gln,-0.0269128135865369,23,0.0102896661102962
urn:mavedb:00000114-a-1#3883,NA,NA,p.Cys196Arg,-0.0128533251236834,36,0.0168024180640064
urn:mavedb:00000114-a-1#3884,NA,NA,p.Cys196Ser,-0.0235319529378452,13,0.0293784764827665
urn:mavedb:00000114-a-1#3885,NA,NA,p.Cys196Thr,-0.0212975245388084,33,0.0185351726467463
urn:mavedb:00000114-a-1#3886,NA,NA,p.Cys196Val,-0.0266078274738534,34,0.0239638079322749
urn:mavedb:00000114-a-1#3887,NA,NA,p.Cys196Trp,-0.0198172771245776,39,0.0175646818829871
urn:mavedb:00000114-a-1#3888,NA,NA,p.Cys196Tyr,-0.0100476173407846,31,0.0166299659863845
urn:mavedb:00000114-a-1#3889,NA,NA,p.Gln197Ter,0.0021418427175525,11,0.10991335863307
urn:mavedb:00000114-a-1#3890,NA,NA,p.Gln197Ala,1.03470361477833,7,0.0959658364097682
urn:mavedb:00000114-a-1#3891,NA,NA,p.Gln197Cys,0.936657044711156,22,0.0621949555352005
urn:mavedb:00000114-a-1#3892,NA,NA,p.Gln197Asp,1.02649789871222,7,0.063000625360081
urn:mavedb:00000114-a-1#3893,NA,NA,p.Gln197Glu,0.977117655966368,25,0.0406438736811475
urn:mavedb:00000114-a-1#3894,NA,NA,p.Gln197Phe,0.905557052927213,16,0.10004835364019
urn:mavedb:00000114-a-1#3895,NA,NA,p.Gln197Gly,0.954104037714819,28,0.069385476425994
urn:mavedb:00000114-a-1#3896,NA,NA,p.Gln197His,0.967974143757311,19,0.0632056688449719
urn:mavedb:00000114-a-1#3897,NA,NA,p.Gln197Ile,0.956807053144138,20,0.0621302034842264
urn:mavedb:00000114-a-1#3898,NA,NA,p.Gln197Lys,0.996308090120869,15,0.0411833363447026
urn:mavedb:00000114-a-1#3899,NA,NA,p.Gln197Leu,1.02017670474832,8,0.100633141141561
urn:mavedb:00000114-a-1#3900,NA,NA,p.Gln197Met,0.989893349818218,17,0.0455727653365777
urn:mavedb:00000114-a-1#3901,NA,NA,p.Gln197Asn,0.994004372042211,27,0.0528001303566076
urn:mavedb:00000114-a-1#3902,NA,NA,p.Gln197Pro,0.828331663225325,24,0.0670110942177528
urn:mavedb:00000114-a-1#3903,NA,NA,p.Gln197Arg,0.909359628388064,21,0.0756071314430702
urn:mavedb:00000114-a-1#3904,NA,NA,p.Gln197Ser,1.02889222114421,10,0.0892221634249044
urn:mavedb:00000114-a-1#3905,NA,NA,p.Gln197Thr,1.02689593926607,22,0.0563438313675991
urn:mavedb:00000114-a-1#3906,NA,NA,p.Gln197Val,0.961602991404279,22,0.043931840081824
urn:mavedb:00000114-a-1#3907,NA,NA,p.Gln197Trp,0.847061079855394,25,0.0555502508927194
urn:mavedb:00000114-a-1#3908,NA,NA,p.Gln197Tyr,0.88847240727862,20,0.0637016905246887
urn:mavedb:00000114-a-1#3909,NA,NA,p.Ser198Ter,0.0127136529895191,22,0.0557204295549959
urn:mavedb:00000114-a-1#3910,NA,NA,p.Ser198Ala,0.962323182369561,22,0.064725267969102
urn:mavedb:00000114-a-1#3911,NA,NA,p.Ser198Cys,0.714063540639025,31,0.0530676867023199
urn:mavedb:00000114-a-1#3912,NA,NA,p.Ser198Asp,0.95513212884133,2,0.21925886399199
urn:mavedb:00000114-a-1#3913,NA,NA,p.Ser198Glu,0.984461139593159,20,0.0555725165794944
urn:mavedb:00000114-a-1#3914,NA,NA,p.Ser198Phe,0.880018811616201,31,0.0415357457301857
urn:mavedb:00000114-a-1#3915,NA,NA,p.Ser198Gly,0.896866141456334,14,0.0358788710667241
urn:mavedb:00000114-a-1#3916,NA,NA,p.Ser198His,0.900636084071098,14,0.094485929585586
urn:mavedb:00000114-a-1#3917,NA,NA,p.Ser198Ile,0.870004994998044,18,0.0546454568150003
urn:mavedb:00000114-a-1#3918,NA,NA,p.Ser198Lys,0.915106968901624,23,0.0520742645694797
urn:mavedb:00000114-a-1#3919,NA,NA,p.Ser198Leu,0.898436766234137,19,0.064640804582236
urn:mavedb:00000114-a-1#3920,NA,NA,p.Ser198Met,0.896280465743171,20,0.0422883973156216
urn:mavedb:00000114-a-1#3921,NA,NA,p.Ser198Asn,1.06124095622861,24,0.0612834689548909
urn:mavedb:00000114-a-1#3922,NA,NA,p.Ser198Pro,0.0940573463405465,19,0.0576849539771806
urn:mavedb:00000114-a-1#3923,NA,NA,p.Ser198Gln,1.00767247259399,22,0.0847403374472982
urn:mavedb:00000114-a-1#3924,NA,NA,p.Ser198Arg,0.896206188580472,21,0.0623148890828098
urn:mavedb:00000114-a-1#3925,NA,NA,p.Ser198Thr,1.01974491442968,7,0.096904545641009
urn:mavedb:00000114-a-1#3926,NA,NA,p.Ser198Val,0.897691767946839,26,0.0602326309077986
urn:mavedb:00000114-a-1#3927,NA,NA,p.Ser198Trp,0.79610504063458,21,0.0505183425005554
urn:mavedb:00000114-a-1#3928,NA,NA,p.Ser198Tyr,0.9085849899873,13,0.0643751932495669
urn:mavedb:00000114-a-1#3929,NA,NA,p.Pro199Ter,0.0164779027628378,14,0.0793278043545205
urn:mavedb:00000114-a-1#3930,NA,NA,p.Pro199Ala,0.929521151639103,8,0.113934778238881
urn:mavedb:00000114-a-1#3931,NA,NA,p.Pro199Cys,0.840197766522179,3,0.150677459490776
urn:mavedb:00000114-a-1#3932,NA,NA,p.Pro199Asp,0.999812537733453,8,0.100807049763275
urn:mavedb:00000114-a-1#3933,NA,NA,p.Pro199Glu,0.95033033661546,7,0.113853176154331
urn:mavedb:00000114-a-1#3934,NA,NA,p.Pro199Phe,0.786559034230955,6,0.117041557105894
urn:mavedb:00000114-a-1#3935,NA,NA,p.Pro199Gly,0.860505089640698,11,0.055425539726805
urn:mavedb:00000114-a-1#3936,NA,NA,p.Pro199His,0.85658995880894,8,0.090454258195106
urn:mavedb:00000114-a-1#3937,NA,NA,p.Pro199Ile,0.878013356538318,3,0.142509375190398
urn:mavedb:00000114-a-1#3938,NA,NA,p.Pro199Lys,0.941340761575258,11,0.0527578865192878
urn:mavedb:00000114-a-1#3939,NA,NA,p.Pro199Leu,0.945231940431851,6,0.0885958661605708
urn:mavedb:00000114-a-1#3940,NA,NA,p.Pro199Met,0.849599522706462,10,0.086590825890883
urn:mavedb:00000114-a-1#3941,NA,NA,p.Pro199Asn,0.878757013938081,8,0.103974093178858
urn:mavedb:00000114-a-1#3942,NA,NA,p.Pro199Gln,0.921886574797609,7,0.0927717212916339
urn:mavedb:00000114-a-1#3943,NA,NA,p.Pro199Arg,0.858737414649184,9,0.0930205985364147
urn:mavedb:00000114-a-1#3944,NA,NA,p.Pro199Ser,0.902226721017164,11,0.0704676630578098
urn:mavedb:00000114-a-1#3945,NA,NA,p.Pro199Thr,0.962292066989053,6,0.110338454352739
urn:mavedb:00000114-a-1#3946,NA,NA,p.Pro199Val,0.807987698795126,9,0.161879847507921
urn:mavedb:00000114-a-1#3947,NA,NA,p.Pro199Trp,0.619658147831169,5,0.1824797850594
urn:mavedb:00000114-a-1#3948,NA,NA,p.Pro199Tyr,0.808055938691747,15,0.0868948680031813
urn:mavedb:00000114-a-1#3949,NA,NA,p.His200Ter,0.0227830832687921,24,0.10590502306549
urn:mavedb:00000114-a-1#3950,NA,NA,p.His200Ala,1.02436153405086,21,0.0657869378865709
urn:mavedb:00000114-a-1#3951,NA,NA,p.His200Cys,0.932648810764031,14,0.0949811201449106
urn:mavedb:00000114-a-1#3952,NA,NA,p.His200Asp,1.03703186360332,23,0.0369779453635535
urn:mavedb:00000114-a-1#3953,NA,NA,p.His200Glu,1.0640388095607,18,0.0728958496209524
urn:mavedb:00000114-a-1#3954,NA,NA,p.His200Phe,0.946496828401512,19,0.0597644762002114
urn:mavedb:00000114-a-1#3955,NA,NA,p.His200Gly,1.10249692182018,7,0.150414829216695
urn:mavedb:00000114-a-1#3956,NA,NA,p.His200Ile,0.859410865418416,27,0.0500575487308283
urn:mavedb:00000114-a-1#3957,NA,NA,p.His200Lys,0.989773395727775,20,0.0733535645455683
urn:mavedb:00000114-a-1#3958,NA,NA,p.His200Leu,0.988369132712585,28,0.053603608269859
urn:mavedb:00000114-a-1#3959,NA,NA,p.His200Met,0.992106438815596,26,0.046555777881083
urn:mavedb:00000114-a-1#3960,NA,NA,p.His200Asn,1.05624120146726,21,0.0571489588514898
urn:mavedb:00000114-a-1#3961,NA,NA,p.His200Pro,0.720575973119358,18,0.0506180005491911
urn:mavedb:00000114-a-1#3962,NA,NA,p.His200Gln,1.03541285826265,22,0.0737467594116829
urn:mavedb:00000114-a-1#3963,NA,NA,p.His200Arg,0.947385856196667,28,0.0530266140206677
urn:mavedb:00000114-a-1#3964,NA,NA,p.His200Ser,1.0464050516363,26,0.0513950159889744
urn:mavedb:00000114-a-1#3965,NA,NA,p.His200Thr,1.01090362651172,19,0.0698032538888842
urn:mavedb:00000114-a-1#3966,NA,NA,p.His200Val,0.940100241129324,25,0.0474882999027681
urn:mavedb:00000114-a-1#3967,NA,NA,p.His200Trp,0.884217001055828,22,0.0964753940301559
urn:mavedb:00000114-a-1#3968,NA,NA,p.His200Tyr,0.90499596273813,26,0.0476007664796019
urn:mavedb:00000114-a-1#3969,NA,NA,p.Cys201Ter,0.0284122121137118,30,0.101026725364003
urn:mavedb:00000114-a-1#3970,NA,NA,p.Cys201Ala,-0.0200516969720556,19,0.0142824602455633
urn:mavedb:00000114-a-1#3971,NA,NA,p.Cys201Asp,-0.0240570964367931,25,0.0219232697308317
urn:mavedb:00000114-a-1#3972,NA,NA,p.Cys201Glu,-0.0289023869099226,16,0.0215163712581504
urn:mavedb:00000114-a-1#3973,NA,NA,p.Cys201Phe,-0.0228381934447259,34,0.0145867954074467
urn:mavedb:00000114-a-1#3974,NA,NA,p.Cys201Gly,0.0920253826862482,9,0.0584036346260504
urn:mavedb:00000114-a-1#3975,NA,NA,p.Cys201His,-0.0264733741438697,32,0.0126401051254478
urn:mavedb:00000114-a-1#3976,NA,NA,p.Cys201Ile,-0.0181029094959578,38,0.0100890834624272
urn:mavedb:00000114-a-1#3977,NA,NA,p.Cys201Lys,0.0100621502474712,29,0.0330478185835522
urn:mavedb:00000114-a-1#3978,NA,NA,p.Cys201Leu,-0.0292856599428003,21,0.0164097090968739
urn:mavedb:00000114-a-1#3979,NA,NA,p.Cys201Met,-0.0205790210156358,33,0.0169562607544227
urn:mavedb:00000114-a-1#3980,NA,NA,p.Cys201Asn,-0.0156662891558749,34,0.0188312463886446
urn:mavedb:00000114-a-1#3981,NA,NA,p.Cys201Pro,-0.0107936239777165,29,0.0315092781914729
urn:mavedb:00000114-a-1#3982,NA,NA,p.Cys201Gln,-0.0306594966398092,27,0.023203062025824
urn:mavedb:00000114-a-1#3983,NA,NA,p.Cys201Arg,-0.0259648935066512,49,0.0188919010057779
urn:mavedb:00000114-a-1#3984,NA,NA,p.Cys201Ser,-0.0322192105471155,19,0.0170688123420234
urn:mavedb:00000114-a-1#3985,NA,NA,p.Cys201Thr,-0.0214386125128456,26,0.0177720149816857
urn:mavedb:00000114-a-1#3986,NA,NA,p.Cys201Val,-0.0319743891397052,13,0.0225583491406457
urn:mavedb:00000114-a-1#3987,NA,NA,p.Cys201Trp,-0.0150799255948767,12,0.0339473761090208
urn:mavedb:00000114-a-1#3988,NA,NA,p.Cys201Tyr,-0.0223670261899231,33,0.0196030044283899
urn:mavedb:00000114-a-1#3989,NA,NA,p.Pro202Ter,0.0144113829053267,34,0.076179171414295
urn:mavedb:00000114-a-1#3990,NA,NA,p.Pro202Ala,1.00033767424699,20,0.0554423975249947
urn:mavedb:00000114-a-1#3991,NA,NA,p.Pro202Cys,0.890464691526303,31,0.0505509089360832
urn:mavedb:00000114-a-1#3992,NA,NA,p.Pro202Asp,1.0451395760787,25,0.0414532089505094
urn:mavedb:00000114-a-1#3993,NA,NA,p.Pro202Glu,1.02154841895561,12,0.0773127430035999
urn:mavedb:00000114-a-1#3994,NA,NA,p.Pro202Phe,0.898081703390865,26,0.0698430124783159
urn:mavedb:00000114-a-1#3995,NA,NA,p.Pro202Gly,1.02046663452169,21,0.0906236278015338
urn:mavedb:00000114-a-1#3996,NA,NA,p.Pro202His,0.975002829160915,42,0.0602849312990307
urn:mavedb:00000114-a-1#3997,NA,NA,p.Pro202Ile,0.916997932249373,33,0.067359639552424
urn:mavedb:00000114-a-1#3998,NA,NA,p.Pro202Lys,1.03289750870612,40,0.0492788080739354
urn:mavedb:00000114-a-1#3999,NA,NA,p.Pro202Leu,0.94500042008712,36,0.0565728759370553
urn:mavedb:00000114-a-1#4000,NA,NA,p.Pro202Met,1.00264996369108,19,0.0829171860443435
urn:mavedb:00000114-a-1#4001,NA,NA,p.Pro202Asn,1.02601058126092,32,0.0357271958812155
urn:mavedb:00000114-a-1#4002,NA,NA,p.Pro202Gln,0.94778429773298,32,0.035136917031702
urn:mavedb:00000114-a-1#4003,NA,NA,p.Pro202Arg,0.969557636814618,34,0.0627880824291501
urn:mavedb:00000114-a-1#4004,NA,NA,p.Pro202Ser,1.01845587362335,23,0.0360545700200734
urn:mavedb:00000114-a-1#4005,NA,NA,p.Pro202Thr,0.998610741212884,34,0.0650234403871981
urn:mavedb:00000114-a-1#4006,NA,NA,p.Pro202Val,0.937136110448571,19,0.0671944782588517
urn:mavedb:00000114-a-1#4007,NA,NA,p.Pro202Trp,0.831715640105374,27,0.0418482076569837
urn:mavedb:00000114-a-1#4008,NA,NA,p.Pro202Tyr,0.917437402418235,28,0.0414422456122238
urn:mavedb:00000114-a-1#4009,NA,NA,p.Gly203Ter,0.0127643826299893,25,0.0668343765834896
urn:mavedb:00000114-a-1#4010,NA,NA,p.Gly203Ala,0.340724347222235,13,0.11023035356115
urn:mavedb:00000114-a-1#4011,NA,NA,p.Gly203Cys,0.112218180190939,20,0.0912779209761233
urn:mavedb:00000114-a-1#4012,NA,NA,p.Gly203Asp,0.147195559458132,25,0.0596803926713702
urn:mavedb:00000114-a-1#4013,NA,NA,p.Gly203Glu,0.201542904729228,22,0.0633968721058233
urn:mavedb:00000114-a-1#4014,NA,NA,p.Gly203Phe,-0.0125145502266945,23,0.0146013310297483
urn:mavedb:00000114-a-1#4015,NA,NA,p.Gly203His,0.0588169986681084,16,0.0512640122482625
urn:mavedb:00000114-a-1#4016,NA,NA,p.Gly203Ile,-0.0076911258934089,27,0.0248598083464922
urn:mavedb:00000114-a-1#4017,NA,NA,p.Gly203Lys,0.188827374760718,42,0.0714126723183136
urn:mavedb:00000114-a-1#4018,NA,NA,p.Gly203Leu,-0.0120207539837093,29,0.0216226742763986
urn:mavedb:00000114-a-1#4019,NA,NA,p.Gly203Met,0.0014342805241546,20,0.0305390922366798
urn:mavedb:00000114-a-1#4020,NA,NA,p.Gly203Asn,0.406551412789433,24,0.0638905644354892
urn:mavedb:00000114-a-1#4021,NA,NA,p.Gly203Pro,0.0172949610814185,23,0.0311361595200701
urn:mavedb:00000114-a-1#4022,NA,NA,p.Gly203Gln,0.18973090998949,24,0.0664876457042175
urn:mavedb:00000114-a-1#4023,NA,NA,p.Gly203Arg,0.0962309374288183,30,0.0556752840213832
urn:mavedb:00000114-a-1#4024,NA,NA,p.Gly203Ser,0.539947635369293,27,0.0482554015914829
urn:mavedb:00000114-a-1#4025,NA,NA,p.Gly203Thr,0.149517550886252,19,0.0787891539684993
urn:mavedb:00000114-a-1#4026,NA,NA,p.Gly203Val,0.0351723697288065,25,0.0592455972159556
urn:mavedb:00000114-a-1#4027,NA,NA,p.Gly203Trp,-0.0301424282477907,19,0.0142170914118985
urn:mavedb:00000114-a-1#4028,NA,NA,p.Gly203Tyr,-0.0078032476300684,18,0.0246320716662827
urn:mavedb:00000114-a-1#4029,NA,NA,p.Thr204Ter,0.0450626683385523,26,0.132958076672502
urn:mavedb:00000114-a-1#4030,NA,NA,p.Thr204Ala,0.890790468837237,16,0.0768621040212246
urn:mavedb:00000114-a-1#4031,NA,NA,p.Thr204Cys,0.674763006658352,22,0.0574755364532383
urn:mavedb:00000114-a-1#4032,NA,NA,p.Thr204Asp,0.906216732846438,21,0.0557095771728544
urn:mavedb:00000114-a-1#4033,NA,NA,p.Thr204Glu,0.924871794211247,12,0.0590112834644879
urn:mavedb:00000114-a-1#4034,NA,NA,p.Thr204Phe,0.667347774687963,30,0.0479471663777985
urn:mavedb:00000114-a-1#4035,NA,NA,p.Thr204Gly,1.03403520184377,12,0.137235227876127
urn:mavedb:00000114-a-1#4036,NA,NA,p.Thr204His,0.777077195753231,30,0.0511331912257955
urn:mavedb:00000114-a-1#4037,NA,NA,p.Thr204Ile,0.828009794430579,31,0.0271549701756714
urn:mavedb:00000114-a-1#4038,NA,NA,p.Thr204Lys,0.969670442789511,19,0.0562624983112239
urn:mavedb:00000114-a-1#4039,NA,NA,p.Thr204Leu,0.805684045574657,34,0.0624892531374137
urn:mavedb:00000114-a-1#4040,NA,NA,p.Thr204Met,0.859850314580743,21,0.0893304999163474
urn:mavedb:00000114-a-1#4041,NA,NA,p.Thr204Asn,0.943433459992341,18,0.0737134297135629
urn:mavedb:00000114-a-1#4042,NA,NA,p.Thr204Pro,0.21697125788179,18,0.09182984809364
urn:mavedb:00000114-a-1#4043,NA,NA,p.Thr204Gln,0.94046216800837,21,0.0837519937665147
urn:mavedb:00000114-a-1#4044,NA,NA,p.Thr204Arg,0.905536508046429,29,0.0742090243024337
urn:mavedb:00000114-a-1#4045,NA,NA,p.Thr204Ser,0.943795574852618,27,0.0651359564455187
urn:mavedb:00000114-a-1#4046,NA,NA,p.Thr204Val,0.906846358160978,14,0.0821691793471052
urn:mavedb:00000114-a-1#4047,NA,NA,p.Thr204Trp,0.462836560170845,37,0.0552561683761609
urn:mavedb:00000114-a-1#4048,NA,NA,p.Thr204Tyr,0.693522889118564,18,0.0655690545379919
urn:mavedb:00000114-a-1#4049,NA,NA,p.Ser205Ter,0.0628962431977422,25,0.177766239088211
urn:mavedb:00000114-a-1#4050,NA,NA,p.Ser205Ala,0.972933921182028,21,0.0514606417699582
urn:mavedb:00000114-a-1#4051,NA,NA,p.Ser205Cys,0.898106902773937,32,0.0526637874885924
urn:mavedb:00000114-a-1#4052,NA,NA,p.Ser205Asp,0.916223145160584,21,0.0742443570669236
urn:mavedb:00000114-a-1#4053,NA,NA,p.Ser205Glu,0.976677951022189,27,0.0726469021239494
urn:mavedb:00000114-a-1#4054,NA,NA,p.Ser205Phe,1.02667015496459,23,0.0644642778400338
urn:mavedb:00000114-a-1#4055,NA,NA,p.Ser205Gly,0.938042889486607,26,0.039258956552507
urn:mavedb:00000114-a-1#4056,NA,NA,p.Ser205His,0.962290186502346,19,0.0506956590196115
urn:mavedb:00000114-a-1#4057,NA,NA,p.Ser205Ile,1.02686617141106,28,0.0551852601466284
urn:mavedb:00000114-a-1#4058,NA,NA,p.Ser205Lys,1.03381667976908,31,0.0392158434322798
urn:mavedb:00000114-a-1#4059,NA,NA,p.Ser205Leu,0.969222244865532,20,0.0578171314888473
urn:mavedb:00000114-a-1#4060,NA,NA,p.Ser205Met,1.02317974529209,38,0.0283044562690061
urn:mavedb:00000114-a-1#4061,NA,NA,p.Ser205Asn,1.00159772282781,21,0.0580652198136202
urn:mavedb:00000114-a-1#4062,NA,NA,p.Ser205Pro,-0.0075144132571535,24,0.0184451468250392
urn:mavedb:00000114-a-1#4063,NA,NA,p.Ser205Gln,0.998458309508926,22,0.0404893678995847
urn:mavedb:00000114-a-1#4064,NA,NA,p.Ser205Arg,0.965871321129871,24,0.0485534438133421
urn:mavedb:00000114-a-1#4065,NA,NA,p.Ser205Thr,1.08381864639469,25,0.0462041573497535
urn:mavedb:00000114-a-1#4066,NA,NA,p.Ser205Val,1.08518326249142,7,0.0708952514078577
urn:mavedb:00000114-a-1#4067,NA,NA,p.Ser205Trp,0.917922048918353,22,0.0548442796797472
urn:mavedb:00000114-a-1#4068,NA,NA,p.Ser205Tyr,0.965714425740179,13,0.0812892958861562
urn:mavedb:00000114-a-1#4069,NA,NA,p.Ala206Ter,0.048756058334669,32,0.130845258446071
urn:mavedb:00000114-a-1#4070,NA,NA,p.Ala206Cys,0.707149791397252,46,0.0447563409143236
urn:mavedb:00000114-a-1#4071,NA,NA,p.Ala206Asp,-0.0228624854090122,40,0.0210430415402195
urn:mavedb:00000114-a-1#4072,NA,NA,p.Ala206Glu,-0.0073175374224435,38,0.0207586018816631
urn:mavedb:00000114-a-1#4073,NA,NA,p.Ala206Phe,0.365782131998347,34,0.0741291278488506
urn:mavedb:00000114-a-1#4074,NA,NA,p.Ala206Gly,0.906841757753416,34,0.0562035914644803
urn:mavedb:00000114-a-1#4075,NA,NA,p.Ala206His,-0.0190721601606178,31,0.017184848306026
urn:mavedb:00000114-a-1#4076,NA,NA,p.Ala206Ile,0.294280177820245,34,0.0595804140539909
urn:mavedb:00000114-a-1#4077,NA,NA,p.Ala206Lys,-0.0238732953915308,32,0.0132874717428183
urn:mavedb:00000114-a-1#4078,NA,NA,p.Ala206Leu,0.197505951560055,29,0.0717645882066182
urn:mavedb:00000114-a-1#4079,NA,NA,p.Ala206Met,0.240274259593366,41,0.0730746085949822
urn:mavedb:00000114-a-1#4080,NA,NA,p.Ala206Asn,-0.0243044115241017,49,0.010277535642752
urn:mavedb:00000114-a-1#4081,NA,NA,p.Ala206Pro,0.930969523463439,33,0.0610082649060034
urn:mavedb:00000114-a-1#4082,NA,NA,p.Ala206Gln,-0.0238826216329225,41,0.013538432199438
urn:mavedb:00000114-a-1#4083,NA,NA,p.Ala206Arg,-0.0244861544252433,40,0.0141996653166947
urn:mavedb:00000114-a-1#4084,NA,NA,p.Ala206Ser,0.578078582735313,39,0.0591145546838601
urn:mavedb:00000114-a-1#4085,NA,NA,p.Ala206Thr,0.178172890693322,35,0.0735364239672203
urn:mavedb:00000114-a-1#4086,NA,NA,p.Ala206Val,0.672906900361059,40,0.0603713240427792
urn:mavedb:00000114-a-1#4087,NA,NA,p.Ala206Trp,-0.0238548839899656,38,0.0113885893259549
urn:mavedb:00000114-a-1#4088,NA,NA,p.Ala206Tyr,0.095992242621987,30,0.0573151919103635
urn:mavedb:00000114-a-1#4089,NA,NA,p.Glu207Ter,-0.0133459997654826,16,0.0436666387121949
urn:mavedb:00000114-a-1#4090,NA,NA,p.Glu207Ala,0.829873275405989,25,0.063584928633681
urn:mavedb:00000114-a-1#4091,NA,NA,p.Glu207Cys,0.748226424640862,14,0.0743006380436917
urn:mavedb:00000114-a-1#4092,NA,NA,p.Glu207Asp,0.91367508194899,21,0.0417669086080593
urn:mavedb:00000114-a-1#4093,NA,NA,p.Glu207Phe,0.737924006419325,18,0.0597121718172788
urn:mavedb:00000114-a-1#4094,NA,NA,p.Glu207Gly,0.611199590344425,21,0.0743273494150888
urn:mavedb:00000114-a-1#4095,NA,NA,p.Glu207His,0.812694237908128,23,0.0496916560160767
urn:mavedb:00000114-a-1#4096,NA,NA,p.Glu207Ile,0.710187699165161,20,0.0766073890655052
urn:mavedb:00000114-a-1#4097,NA,NA,p.Glu207Lys,0.873728072391746,18,0.0502797063833918
urn:mavedb:00000114-a-1#4098,NA,NA,p.Glu207Leu,0.756006926079416,26,0.0672347960993238
urn:mavedb:00000114-a-1#4099,NA,NA,p.Glu207Met,0.790111747137487,25,0.0686297040120709
urn:mavedb:00000114-a-1#4100,NA,NA,p.Glu207Asn,0.835960112452121,6,0.117257144631195
urn:mavedb:00000114-a-1#4101,NA,NA,p.Glu207Pro,-0.0287121772998012,22,0.0145085561878823
urn:mavedb:00000114-a-1#4102,NA,NA,p.Glu207Gln,0.923643631094847,28,0.0727936588129273
urn:mavedb:00000114-a-1#4103,NA,NA,p.Glu207Arg,0.845796274485374,31,0.0812912253640894
urn:mavedb:00000114-a-1#4104,NA,NA,p.Glu207Ser,0.866147733741807,24,0.0604936242853628
urn:mavedb:00000114-a-1#4105,NA,NA,p.Glu207Thr,0.847544775441704,15,0.07047730365047
urn:mavedb:00000114-a-1#4106,NA,NA,p.Glu207Val,0.811311482761434,23,0.0519592263566439
urn:mavedb:00000114-a-1#4107,NA,NA,p.Glu207Trp,0.570196929134084,7,0.13550754823018
urn:mavedb:00000114-a-1#4108,NA,NA,p.Glu207Tyr,0.821293022314614,21,0.0718968961875264
urn:mavedb:00000114-a-1#4109,NA,NA,p.Phe208Ter,0.0264208176255581,27,0.0993851354412729
urn:mavedb:00000114-a-1#4110,NA,NA,p.Phe208Ala,0.638976949651399,21,0.0791143964193346
urn:mavedb:00000114-a-1#4111,NA,NA,p.Phe208Cys,0.795977615192586,23,0.063206561313607
urn:mavedb:00000114-a-1#4112,NA,NA,p.Phe208Asp,-0.0240196830136752,28,0.0234967338670292
urn:mavedb:00000114-a-1#4113,NA,NA,p.Phe208Glu,-0.0257681601776315,32,0.0208924789529581
urn:mavedb:00000114-a-1#4114,NA,NA,p.Phe208Gly,-0.0085011653242175,20,0.0272457876867102
urn:mavedb:00000114-a-1#4115,NA,NA,p.Phe208His,-0.0125145133546306,14,0.0320706879481019
urn:mavedb:00000114-a-1#4116,NA,NA,p.Phe208Ile,0.791562414811367,28,0.0667001426976234
urn:mavedb:00000114-a-1#4117,NA,NA,p.Phe208Lys,-0.0257559374076334,24,0.0197682102652478
urn:mavedb:00000114-a-1#4118,NA,NA,p.Phe208Leu,0.400878756051158,32,0.0719332288472473
urn:mavedb:00000114-a-1#4119,NA,NA,p.Phe208Met,0.443760610313858,23,0.0787211490795307
urn:mavedb:00000114-a-1#4120,NA,NA,p.Phe208Asn,-0.0128800643080075,19,0.0225236268146917
urn:mavedb:00000114-a-1#4121,NA,NA,p.Phe208Pro,0.0079220128911215,23,0.0290755397785604
urn:mavedb:00000114-a-1#4122,NA,NA,p.Phe208Gln,-0.0254667662875297,38,0.0150557689063335
urn:mavedb:00000114-a-1#4123,NA,NA,p.Phe208Arg,-0.0243450744506324,33,0.0178464293484342
urn:mavedb:00000114-a-1#4124,NA,NA,p.Phe208Ser,0.0512598528062602,21,0.0470417549253138
urn:mavedb:00000114-a-1#4125,NA,NA,p.Phe208Thr,0.189563258208042,26,0.0900379185519953
urn:mavedb:00000114-a-1#4126,NA,NA,p.Phe208Val,0.74293416501963,27,0.0692177542082492
urn:mavedb:00000114-a-1#4127,NA,NA,p.Phe208Trp,0.708770193875938,29,0.0781585102541444
urn:mavedb:00000114-a-1#4128,NA,NA,p.Phe208Tyr,0.654336415328746,21,0.0740795326410045
urn:mavedb:00000114-a-1#4129,NA,NA,p.Phe209Ter,0.0005632664952894,30,0.0453138691227645
urn:mavedb:00000114-a-1#4130,NA,NA,p.Phe209Ala,1.01099429554755,24,0.0585774959463015
urn:mavedb:00000114-a-1#4131,NA,NA,p.Phe209Cys,0.830718303614822,24,0.0602130189967878
urn:mavedb:00000114-a-1#4132,NA,NA,p.Phe209Asp,0.958922285137217,34,0.0423521776121627
urn:mavedb:00000114-a-1#4133,NA,NA,p.Phe209Glu,1.01213557746239,32,0.038168355379303
urn:mavedb:00000114-a-1#4134,NA,NA,p.Phe209Gly,0.839235809577875,24,0.0725768524607278
urn:mavedb:00000114-a-1#4135,NA,NA,p.Phe209His,0.972332283402182,33,0.0340883484610461
urn:mavedb:00000114-a-1#4136,NA,NA,p.Phe209Ile,1.09161392105693,31,0.0691060109862082
urn:mavedb:00000114-a-1#4137,NA,NA,p.Phe209Lys,1.03504363711818,32,0.0627783520196902
urn:mavedb:00000114-a-1#4138,NA,NA,p.Phe209Leu,1.05360136680335,23,0.0752805862897277
urn:mavedb:00000114-a-1#4139,NA,NA,p.Phe209Met,1.01372554313293,36,0.0574912117767295
urn:mavedb:00000114-a-1#4140,NA,NA,p.Phe209Asn,0.974362127266429,28,0.0506429838082753
urn:mavedb:00000114-a-1#4141,NA,NA,p.Phe209Pro,0.0334232720955994,31,0.0417515425266175
urn:mavedb:00000114-a-1#4142,NA,NA,p.Phe209Gln,1.04620408987806,43,0.0461116733428444
urn:mavedb:00000114-a-1#4143,NA,NA,p.Phe209Arg,0.973295871217968,24,0.0753264652476935
urn:mavedb:00000114-a-1#4144,NA,NA,p.Phe209Ser,1.05465252000296,29,0.0449216082803599
urn:mavedb:00000114-a-1#4145,NA,NA,p.Phe209Thr,1.03522198860008,32,0.048647865191255
urn:mavedb:00000114-a-1#4146,NA,NA,p.Phe209Val,1.10991571880006,23,0.0676698546236223
urn:mavedb:00000114-a-1#4147,NA,NA,p.Phe209Trp,0.9177703089161,28,0.054899739562891
urn:mavedb:00000114-a-1#4148,NA,NA,p.Phe209Tyr,1.01068140893722,29,0.0462276705893847
urn:mavedb:00000114-a-1#4149,NA,NA,p.Phe210Ter,-0.0102157768068642,24,0.0504462915613794
urn:mavedb:00000114-a-1#4150,NA,NA,p.Phe210Ala,0.0278157795004581,19,0.0375556830684402
urn:mavedb:00000114-a-1#4151,NA,NA,p.Phe210Cys,0.0219238639072395,30,0.0353878800180466
urn:mavedb:00000114-a-1#4152,NA,NA,p.Phe210Asp,-0.0230485100420381,16,0.0233529092310302
urn:mavedb:00000114-a-1#4153,NA,NA,p.Phe210Glu,-0.0260366515435823,20,0.0213357806751358
urn:mavedb:00000114-a-1#4154,NA,NA,p.Phe210Gly,-0.0097447282352699,18,0.0326207062202314
urn:mavedb:00000114-a-1#4155,NA,NA,p.Phe210His,-0.0001292102321429,26,0.0328799163148305
urn:mavedb:00000114-a-1#4156,NA,NA,p.Phe210Ile,0.736807129632895,26,0.0833895078603551
urn:mavedb:00000114-a-1#4157,NA,NA,p.Phe210Lys,-0.021878842463983,28,0.0193810537756613
urn:mavedb:00000114-a-1#4158,NA,NA,p.Phe210Leu,0.919280955942042,21,0.0593871604780831
urn:mavedb:00000114-a-1#4159,NA,NA,p.Phe210Met,0.789273999241812,27,0.0502294964123153
urn:mavedb:00000114-a-1#4160,NA,NA,p.Phe210Asn,-0.0297438382905787,26,0.0129091402021261
urn:mavedb:00000114-a-1#4161,NA,NA,p.Phe210Pro,-0.0184008426812593,17,0.0308700519827006
urn:mavedb:00000114-a-1#4162,NA,NA,p.Phe210Gln,-0.0270917244046705,20,0.0152302313426024
urn:mavedb:00000114-a-1#4163,NA,NA,p.Phe210Arg,-0.0239555757911551,24,0.0233777904808045
urn:mavedb:00000114-a-1#4164,NA,NA,p.Phe210Ser,-0.023699361823474,23,0.0234386467503246
urn:mavedb:00000114-a-1#4165,NA,NA,p.Phe210Thr,0.336645014754238,18,0.081628757117582
urn:mavedb:00000114-a-1#4166,NA,NA,p.Phe210Val,0.735103302418851,25,0.0617752453883427
urn:mavedb:00000114-a-1#4167,NA,NA,p.Phe210Trp,0.873295711765542,32,0.0465790680889381
urn:mavedb:00000114-a-1#4168,NA,NA,p.Phe210Tyr,0.586419497464611,21,0.0550933233402541
urn:mavedb:00000114-a-1#4169,NA,NA,p.Lys211Ter,0.0046821804438135,28,0.0553502027639376
urn:mavedb:00000114-a-1#4170,NA,NA,p.Lys211Ala,1.05127518917714,19,0.0805046369558656
urn:mavedb:00000114-a-1#4171,NA,NA,p.Lys211Cys,1.03706744807002,20,0.056608865117248
urn:mavedb:00000114-a-1#4172,NA,NA,p.Lys211Asp,1.0414987278843,23,0.0523704510327581
urn:mavedb:00000114-a-1#4173,NA,NA,p.Lys211Glu,1.12771007686175,25,0.0539723914296372
urn:mavedb:00000114-a-1#4174,NA,NA,p.Lys211Phe,0.988528692409082,32,0.051639810660932
urn:mavedb:00000114-a-1#4175,NA,NA,p.Lys211Gly,0.975131462343171,33,0.0587941835445992
urn:mavedb:00000114-a-1#4176,NA,NA,p.Lys211His,1.11864095029274,26,0.058205739515783
urn:mavedb:00000114-a-1#4177,NA,NA,p.Lys211Ile,1.01469504913131,23,0.0466723701060562
urn:mavedb:00000114-a-1#4178,NA,NA,p.Lys211Leu,0.987709777460861,20,0.0546566256311959
urn:mavedb:00000114-a-1#4179,NA,NA,p.Lys211Met,1.01496505508564,26,0.0699532149788371
urn:mavedb:00000114-a-1#4180,NA,NA,p.Lys211Asn,1.01300275507527,33,0.0450532502143705
urn:mavedb:00000114-a-1#4181,NA,NA,p.Lys211Pro,0.14594185120001,30,0.0673222099910471
urn:mavedb:00000114-a-1#4182,NA,NA,p.Lys211Gln,1.14565647588534,29,0.0591959297669485
urn:mavedb:00000114-a-1#4183,NA,NA,p.Lys211Arg,0.922400581755789,27,0.0437576318380119
urn:mavedb:00000114-a-1#4184,NA,NA,p.Lys211Ser,1.05752998017146,10,0.0826498895917639
urn:mavedb:00000114-a-1#4185,NA,NA,p.Lys211Thr,1.06172044337735,20,0.0614910010476124
urn:mavedb:00000114-a-1#4186,NA,NA,p.Lys211Val,1.1042219676558,28,0.0537794961103576
urn:mavedb:00000114-a-1#4187,NA,NA,p.Lys211Trp,0.729855636168665,22,0.0703926057641807
urn:mavedb:00000114-a-1#4188,NA,NA,p.Lys211Tyr,1.13275440443255,17,0.0506455529062218
urn:mavedb:00000114-a-1#4189,NA,NA,p.Cys212Ter,0.0352484180033559,29,0.0958727971733574
urn:mavedb:00000114-a-1#4190,NA,NA,p.Cys212Ala,-0.0213864445174006,20,0.0165948187841094
urn:mavedb:00000114-a-1#4191,NA,NA,p.Cys212Asp,-0.0219593607622832,22,0.021973896764604
urn:mavedb:00000114-a-1#4192,NA,NA,p.Cys212Glu,-0.0186576336203399,30,0.0257588621571657
urn:mavedb:00000114-a-1#4193,NA,NA,p.Cys212Phe,-0.0219249668006524,23,0.0191840675027783
urn:mavedb:00000114-a-1#4194,NA,NA,p.Cys212Gly,-0.0222080510613695,24,0.0213792271130212
urn:mavedb:00000114-a-1#4195,NA,NA,p.Cys212His,-0.0311645874651391,21,0.0167652429375082
urn:mavedb:00000114-a-1#4196,NA,NA,p.Cys212Ile,-0.0186812802389206,4,0.0236817103089194
urn:mavedb:00000114-a-1#4197,NA,NA,p.Cys212Lys,-0.0233227146612849,19,0.0229353051930801
urn:mavedb:00000114-a-1#4198,NA,NA,p.Cys212Leu,-0.0147051259303525,32,0.0267343402202725
urn:mavedb:00000114-a-1#4199,NA,NA,p.Cys212Met,-0.0238619191524017,24,0.0162947191798655
urn:mavedb:00000114-a-1#4200,NA,NA,p.Cys212Asn,-0.0156107422992007,16,0.0248371436353625
urn:mavedb:00000114-a-1#4201,NA,NA,p.Cys212Pro,-0.0266360302582096,18,0.0177236534710397
urn:mavedb:00000114-a-1#4202,NA,NA,p.Cys212Gln,-0.0048026891977817,22,0.0448694007982277
urn:mavedb:00000114-a-1#4203,NA,NA,p.Cys212Arg,-0.0234168139154413,18,0.019173193008323
urn:mavedb:00000114-a-1#4204,NA,NA,p.Cys212Ser,-0.0167618400313513,16,0.0326412986956631
urn:mavedb:00000114-a-1#4205,NA,NA,p.Cys212Thr,-0.009573223191621,24,0.0484420161442518
urn:mavedb:00000114-a-1#4206,NA,NA,p.Cys212Val,-0.0051797676106756,17,0.0523198150559784
urn:mavedb:00000114-a-1#4207,NA,NA,p.Cys212Trp,-0.0260144514799881,19,0.0140148787955993
urn:mavedb:00000114-a-1#4208,NA,NA,p.Cys212Tyr,-0.0116238891069556,24,0.0194361240463315
urn:mavedb:00000114-a-1#4209,NA,NA,p.Gly213Ter,-2.01513408046006e-05,26,0.0405933669411864
urn:mavedb:00000114-a-1#4210,NA,NA,p.Gly213Ala,1.05522649448718,22,0.0503331676534208
urn:mavedb:00000114-a-1#4211,NA,NA,p.Gly213Cys,0.830767059409836,11,0.0558991151841151
urn:mavedb:00000114-a-1#4212,NA,NA,p.Gly213Asp,0.88406779050219,22,0.0745097738789308
urn:mavedb:00000114-a-1#4213,NA,NA,p.Gly213Glu,0.841015806932769,34,0.0412236027710132
urn:mavedb:00000114-a-1#4214,NA,NA,p.Gly213Phe,0.700697232338722,21,0.0841670859216374
urn:mavedb:00000114-a-1#4215,NA,NA,p.Gly213His,0.786511782303664,19,0.0603283094852126
urn:mavedb:00000114-a-1#4216,NA,NA,p.Gly213Ile,0.788303980685072,21,0.0753947271346965
urn:mavedb:00000114-a-1#4217,NA,NA,p.Gly213Lys,0.83240076661119,35,0.0520806911190817
urn:mavedb:00000114-a-1#4218,NA,NA,p.Gly213Leu,0.670146240106745,22,0.047272583230754
urn:mavedb:00000114-a-1#4219,NA,NA,p.Gly213Met,0.833844615659918,25,0.0408833666104597
urn:mavedb:00000114-a-1#4220,NA,NA,p.Gly213Asn,0.955243761488001,22,0.0729254188895104
urn:mavedb:00000114-a-1#4221,NA,NA,p.Gly213Pro,0.560481176059324,16,0.0939106068916024
urn:mavedb:00000114-a-1#4222,NA,NA,p.Gly213Gln,0.868641932279162,22,0.0554606400581056
urn:mavedb:00000114-a-1#4223,NA,NA,p.Gly213Arg,0.801279428271037,21,0.0788266237871166
urn:mavedb:00000114-a-1#4224,NA,NA,p.Gly213Ser,0.997587040389805,31,0.0368700739656859
urn:mavedb:00000114-a-1#4225,NA,NA,p.Gly213Thr,0.928441439357614,37,0.0375817607949483
urn:mavedb:00000114-a-1#4226,NA,NA,p.Gly213Val,0.789208234653655,26,0.0716863815883024
urn:mavedb:00000114-a-1#4227,NA,NA,p.Gly213Trp,0.710346332128185,15,0.0643425110860458
urn:mavedb:00000114-a-1#4228,NA,NA,p.Gly213Tyr,0.774893827658968,21,0.0458285304014664
urn:mavedb:00000114-a-1#4229,NA,NA,p.Ala214Ter,0.0565197572560481,26,0.167805207288972
urn:mavedb:00000114-a-1#4230,NA,NA,p.Ala214Cys,0.859829342269832,37,0.0387844486622851
urn:mavedb:00000114-a-1#4231,NA,NA,p.Ala214Asp,0.799652700823265,36,0.0539933528230098
urn:mavedb:00000114-a-1#4232,NA,NA,p.Ala214Glu,0.943776942851829,37,0.0604040108791676
urn:mavedb:00000114-a-1#4233,NA,NA,p.Ala214Phe,0.821374452650084,30,0.0467951603385312
urn:mavedb:00000114-a-1#4234,NA,NA,p.Ala214Gly,0.977371032300718,38,0.0374687165540549
urn:mavedb:00000114-a-1#4235,NA,NA,p.Ala214His,0.839313535279914,29,0.0664594166230739
urn:mavedb:00000114-a-1#4236,NA,NA,p.Ala214Ile,0.900264427974057,29,0.042405673369336
urn:mavedb:00000114-a-1#4237,NA,NA,p.Ala214Lys,0.927770003358185,22,0.0650810373608079
urn:mavedb:00000114-a-1#4238,NA,NA,p.Ala214Leu,0.838067399227972,42,0.0397886284910264
urn:mavedb:00000114-a-1#4239,NA,NA,p.Ala214Met,0.963794582341367,26,0.0624350793893989
urn:mavedb:00000114-a-1#4240,NA,NA,p.Ala214Asn,0.887250696957429,25,0.0694787701525543
urn:mavedb:00000114-a-1#4241,NA,NA,p.Ala214Pro,0.135411812257178,24,0.0764904760041345
urn:mavedb:00000114-a-1#4242,NA,NA,p.Ala214Gln,0.930763265651951,24,0.0560652550116736
urn:mavedb:00000114-a-1#4243,NA,NA,p.Ala214Arg,0.862081267892639,31,0.0567659196978956
urn:mavedb:00000114-a-1#4244,NA,NA,p.Ala214Ser,0.93987242364261,28,0.0715054544984839
urn:mavedb:00000114-a-1#4245,NA,NA,p.Ala214Thr,0.860707602284351,31,0.0475103222683673
urn:mavedb:00000114-a-1#4246,NA,NA,p.Ala214Val,0.936859288892645,20,0.0710057066896875
urn:mavedb:00000114-a-1#4247,NA,NA,p.Ala214Trp,0.646088229881816,36,0.0478643490545682
urn:mavedb:00000114-a-1#4248,NA,NA,p.Ala214Tyr,0.821759026832019,26,0.05144402342891
urn:mavedb:00000114-a-1#4249,NA,NA,p.His215Ter,0.0391857185415475,16,0.0892150557893045
urn:mavedb:00000114-a-1#4250,NA,NA,p.His215Ala,0.0360832066724448,6,0.0754336442494196
urn:mavedb:00000114-a-1#4251,NA,NA,p.His215Cys,0.975425556334457,16,0.0672986018695407
urn:mavedb:00000114-a-1#4252,NA,NA,p.His215Asp,0.187809845054489,10,0.0845188964884314
urn:mavedb:00000114-a-1#4253,NA,NA,p.His215Glu,0.367362390367319,9,0.0910516621836288
urn:mavedb:00000114-a-1#4254,NA,NA,p.His215Phe,-0.0214085793479962,15,0.0230158597399496
urn:mavedb:00000114-a-1#4255,NA,NA,p.His215Gly,-0.0074982966511696,8,0.0339751440170835
urn:mavedb:00000114-a-1#4256,NA,NA,p.His215Ile,-0.0264240648415634,18,0.0133904528143148
urn:mavedb:00000114-a-1#4257,NA,NA,p.His215Lys,-0.0219831195815048,10,0.0277782061032075
urn:mavedb:00000114-a-1#4258,NA,NA,p.His215Leu,-0.019181228925181,10,0.0366191470206676
urn:mavedb:00000114-a-1#4259,NA,NA,p.His215Met,-0.0199125368895183,11,0.0558747340569573
urn:mavedb:00000114-a-1#4260,NA,NA,p.His215Asn,0.0122427067288456,9,0.044051832882998
urn:mavedb:00000114-a-1#4261,NA,NA,p.His215Pro,-0.0083131429201237,13,0.024045741357597
urn:mavedb:00000114-a-1#4262,NA,NA,p.His215Gln,-0.0032585225765567,12,0.0329703155214009
urn:mavedb:00000114-a-1#4263,NA,NA,p.His215Arg,-0.0244197505501677,5,0.0261631902439389
urn:mavedb:00000114-a-1#4264,NA,NA,p.His215Ser,0.0390028686300537,6,0.0633444962329554
urn:mavedb:00000114-a-1#4265,NA,NA,p.His215Thr,-0.0306912786960772,3,0.0241709673536021
urn:mavedb:00000114-a-1#4266,NA,NA,p.His215Val,-0.0127563032151926,12,0.0435512050391805
urn:mavedb:00000114-a-1#4267,NA,NA,p.His215Trp,-0.0268387800264045,8,0.0157667517040548
urn:mavedb:00000114-a-1#4268,NA,NA,p.His215Tyr,-0.0253670512678484,14,0.021248766555641
urn:mavedb:00000114-a-1#4269,NA,NA,p.Pro216Ter,0.0057313884791836,20,0.0516020702745555
urn:mavedb:00000114-a-1#4270,NA,NA,p.Pro216Cys,0.937307290853478,16,0.0952504408691109
urn:mavedb:00000114-a-1#4271,NA,NA,p.Pro216Asp,1.03676074327007,22,0.0549546800944779
urn:mavedb:00000114-a-1#4272,NA,NA,p.Pro216Glu,1.00055964187149,18,0.0972561967040727
urn:mavedb:00000114-a-1#4273,NA,NA,p.Pro216Phe,0.907108306997624,13,0.0597530994325902
urn:mavedb:00000114-a-1#4274,NA,NA,p.Pro216Gly,0.953928170646533,4,0.0784993765770734
urn:mavedb:00000114-a-1#4275,NA,NA,p.Pro216His,0.982378112064223,17,0.0784662915067862
urn:mavedb:00000114-a-1#4276,NA,NA,p.Pro216Ile,0.922606700311628,21,0.0623230080242368
urn:mavedb:00000114-a-1#4277,NA,NA,p.Pro216Lys,0.903525220966806,25,0.0596074731050392
urn:mavedb:00000114-a-1#4278,NA,NA,p.Pro216Leu,0.908594766895215,28,0.049372593958005
urn:mavedb:00000114-a-1#4279,NA,NA,p.Pro216Met,0.840544488246435,18,0.0679419836078538
urn:mavedb:00000114-a-1#4280,NA,NA,p.Pro216Asn,0.987972826637079,18,0.0597085608609874
urn:mavedb:00000114-a-1#4281,NA,NA,p.Pro216Gln,0.942798061950152,32,0.0725348744160183
urn:mavedb:00000114-a-1#4282,NA,NA,p.Pro216Arg,0.751370389305423,12,0.0874936247282352
urn:mavedb:00000114-a-1#4283,NA,NA,p.Pro216Ser,0.884255317740004,14,0.096670328117666
urn:mavedb:00000114-a-1#4284,NA,NA,p.Pro216Thr,0.958498926365368,15,0.0746501671927255
urn:mavedb:00000114-a-1#4285,NA,NA,p.Pro216Val,0.924675658634312,18,0.0776691707666015
urn:mavedb:00000114-a-1#4286,NA,NA,p.Pro216Trp,0.816212390838059,18,0.0550514214737309
urn:mavedb:00000114-a-1#4287,NA,NA,p.Pro216Tyr,0.916150386992717,23,0.0666929229176547
urn:mavedb:00000114-a-1#4288,NA,NA,p.Thr217Ter,0.0077321592532315,26,0.0533493070787826
urn:mavedb:00000114-a-1#4289,NA,NA,p.Thr217Ala,1.0224185303925,11,0.112064158855473
urn:mavedb:00000114-a-1#4290,NA,NA,p.Thr217Cys,0.998990167905597,32,0.065979342808386
urn:mavedb:00000114-a-1#4291,NA,NA,p.Thr217Asp,1.0275120439154,34,0.0649983787519078
urn:mavedb:00000114-a-1#4292,NA,NA,p.Thr217Glu,1.09154196854902,30,0.0540030097167011
urn:mavedb:00000114-a-1#4293,NA,NA,p.Thr217Phe,0.881593806330655,33,0.057298189683477
urn:mavedb:00000114-a-1#4294,NA,NA,p.Thr217Gly,0.944791555514397,26,0.0565281585194201
urn:mavedb:00000114-a-1#4295,NA,NA,p.Thr217His,0.972505967035504,26,0.0581204987991596
urn:mavedb:00000114-a-1#4296,NA,NA,p.Thr217Ile,0.908192908367476,31,0.0525658945556298
urn:mavedb:00000114-a-1#4297,NA,NA,p.Thr217Lys,0.885523161194725,39,0.0371009129019111
urn:mavedb:00000114-a-1#4298,NA,NA,p.Thr217Leu,0.891161218128956,53,0.0276371638905349
urn:mavedb:00000114-a-1#4299,NA,NA,p.Thr217Met,0.957972769631093,28,0.0417212886237563
urn:mavedb:00000114-a-1#4300,NA,NA,p.Thr217Asn,0.97886910272413,31,0.0387353966400235
urn:mavedb:00000114-a-1#4301,NA,NA,p.Thr217Pro,0.914546170466438,46,0.0412739387300858
urn:mavedb:00000114-a-1#4302,NA,NA,p.Thr217Gln,0.97602990046944,53,0.0375856312939201
urn:mavedb:00000114-a-1#4303,NA,NA,p.Thr217Arg,0.852561971827719,25,0.064592948201839
urn:mavedb:00000114-a-1#4304,NA,NA,p.Thr217Ser,1.01629825916906,21,0.063536779594131
urn:mavedb:00000114-a-1#4305,NA,NA,p.Thr217Val,0.919815566912063,27,0.0736301273278172
urn:mavedb:00000114-a-1#4306,NA,NA,p.Thr217Trp,0.902576246673124,33,0.0425305877179152
urn:mavedb:00000114-a-1#4307,NA,NA,p.Thr217Tyr,0.934992250125434,42,0.0548622010792387
urn:mavedb:00000114-a-1#4308,NA,NA,p.Ser218Ter,0.0351900507106056,21,0.0987724353050562
urn:mavedb:00000114-a-1#4309,NA,NA,p.Ser218Ala,1.03683462192435,21,0.0550333330890721
urn:mavedb:00000114-a-1#4310,NA,NA,p.Ser218Cys,0.972196503456139,23,0.0588172105651371
urn:mavedb:00000114-a-1#4311,NA,NA,p.Ser218Asp,1.04752005217842,17,0.0725976656793317
urn:mavedb:00000114-a-1#4312,NA,NA,p.Ser218Glu,1.01883961148395,23,0.0563087479374985
urn:mavedb:00000114-a-1#4313,NA,NA,p.Ser218Phe,0.948993735095609,17,0.0596016269425254
urn:mavedb:00000114-a-1#4314,NA,NA,p.Ser218Gly,0.952406455252053,16,0.0919576472586952
urn:mavedb:00000114-a-1#4315,NA,NA,p.Ser218His,1.00356625037541,24,0.06305014486089
urn:mavedb:00000114-a-1#4316,NA,NA,p.Ser218Ile,0.931370168323246,20,0.0320893311356572
urn:mavedb:00000114-a-1#4317,NA,NA,p.Ser218Lys,0.941382191806395,19,0.0822791502304614
urn:mavedb:00000114-a-1#4318,NA,NA,p.Ser218Leu,0.938435597263004,19,0.0563718180357961
urn:mavedb:00000114-a-1#4319,NA,NA,p.Ser218Met,0.893703014842292,29,0.0344841001786478
urn:mavedb:00000114-a-1#4320,NA,NA,p.Ser218Asn,0.977162116083423,22,0.0573227547515928
urn:mavedb:00000114-a-1#4321,NA,NA,p.Ser218Pro,0.93319715829723,13,0.0756488279119715
urn:mavedb:00000114-a-1#4322,NA,NA,p.Ser218Gln,0.967347904848031,26,0.0503844395510453
urn:mavedb:00000114-a-1#4323,NA,NA,p.Ser218Arg,0.907040132079625,24,0.0506188041294297
urn:mavedb:00000114-a-1#4324,NA,NA,p.Ser218Thr,1.02244653520247,24,0.0736355019143088
urn:mavedb:00000114-a-1#4325,NA,NA,p.Ser218Val,0.965512794823195,22,0.0772634307237893
urn:mavedb:00000114-a-1#4326,NA,NA,p.Ser218Trp,0.82183233630833,27,0.0685659492146685
urn:mavedb:00000114-a-1#4327,NA,NA,p.Ser218Tyr,0.913285211649853,24,0.0896440900327274
urn:mavedb:00000114-a-1#4328,NA,NA,p.Asp219Ter,0.055758579489029,16,0.131953221528733
urn:mavedb:00000114-a-1#4329,NA,NA,p.Asp219Ala,0.946949211776835,19,0.0976606293106091
urn:mavedb:00000114-a-1#4330,NA,NA,p.Asp219Cys,0.882928552715516,17,0.0914963259473658
urn:mavedb:00000114-a-1#4331,NA,NA,p.Asp219Glu,0.975582853617002,16,0.0764171629227878
urn:mavedb:00000114-a-1#4332,NA,NA,p.Asp219Phe,0.823637449177551,21,0.0383367402671565
urn:mavedb:00000114-a-1#4333,NA,NA,p.Asp219Gly,0.861170728560293,17,0.0883317385721883
urn:mavedb:00000114-a-1#4334,NA,NA,p.Asp219His,0.927502491243759,13,0.0843962226064809
urn:mavedb:00000114-a-1#4335,NA,NA,p.Asp219Ile,0.854538656330317,18,0.0894114248357969
urn:mavedb:00000114-a-1#4336,NA,NA,p.Asp219Lys,0.913165849488787,24,0.0853205593657472
urn:mavedb:00000114-a-1#4337,NA,NA,p.Asp219Leu,0.855724247031473,22,0.0449050620687385
urn:mavedb:00000114-a-1#4338,NA,NA,p.Asp219Met,0.878582205634969,25,0.0570296816574316
urn:mavedb:00000114-a-1#4339,NA,NA,p.Asp219Asn,0.961339389543522,20,0.0639164796872315
urn:mavedb:00000114-a-1#4340,NA,NA,p.Asp219Pro,0.931798592158584,15,0.047968402158127
urn:mavedb:00000114-a-1#4341,NA,NA,p.Asp219Gln,0.898815445558834,28,0.0414625820119896
urn:mavedb:00000114-a-1#4342,NA,NA,p.Asp219Arg,0.847444099053775,17,0.0765109098881668
urn:mavedb:00000114-a-1#4343,NA,NA,p.Asp219Ser,0.942082659354702,21,0.0571491947069898
urn:mavedb:00000114-a-1#4344,NA,NA,p.Asp219Thr,0.934653416974902,18,0.0443600986858243
urn:mavedb:00000114-a-1#4345,NA,NA,p.Asp219Val,0.882938301082723,23,0.0548603465313479
urn:mavedb:00000114-a-1#4346,NA,NA,p.Asp219Trp,0.779426418015068,11,0.0837484613024515
urn:mavedb:00000114-a-1#4347,NA,NA,p.Asp219Tyr,0.844581324016591,22,0.0610709614853504
urn:mavedb:00000114-a-1#4348,NA,NA,p.Lys220Ter,0.0191789943297046,31,0.083092252715411
urn:mavedb:00000114-a-1#4349,NA,NA,p.Lys220Ala,1.0267173790209,30,0.0384059608422604
urn:mavedb:00000114-a-1#4350,NA,NA,p.Lys220Cys,0.951151881007183,32,0.0352742526745915
urn:mavedb:00000114-a-1#4351,NA,NA,p.Lys220Asp,1.02669835587994,28,0.0541391834659381
urn:mavedb:00000114-a-1#4352,NA,NA,p.Lys220Glu,1.06243718305974,25,0.0401474401355015
urn:mavedb:00000114-a-1#4353,NA,NA,p.Lys220Phe,0.934774449471947,24,0.0463359363384346
urn:mavedb:00000114-a-1#4354,NA,NA,p.Lys220Gly,1.01339584323994,19,0.0649303284139145
urn:mavedb:00000114-a-1#4355,NA,NA,p.Lys220His,0.996306160924895,24,0.0249923814132951
urn:mavedb:00000114-a-1#4356,NA,NA,p.Lys220Ile,0.915307784860266,34,0.0557732545482883
urn:mavedb:00000114-a-1#4357,NA,NA,p.Lys220Leu,0.981828078993052,28,0.0645760026385689
urn:mavedb:00000114-a-1#4358,NA,NA,p.Lys220Met,0.988235430674893,41,0.0634648622160041
urn:mavedb:00000114-a-1#4359,NA,NA,p.Lys220Asn,0.97719205330439,28,0.103551149682538
urn:mavedb:00000114-a-1#4360,NA,NA,p.Lys220Pro,0.943514212442847,31,0.0352683481735389
urn:mavedb:00000114-a-1#4361,NA,NA,p.Lys220Gln,0.969481952604292,23,0.0496860212757521
urn:mavedb:00000114-a-1#4362,NA,NA,p.Lys220Arg,0.950095854213027,28,0.0538388303240821
urn:mavedb:00000114-a-1#4363,NA,NA,p.Lys220Ser,0.985812272558778,21,0.0770056609990703
urn:mavedb:00000114-a-1#4364,NA,NA,p.Lys220Thr,1.0286360628091,27,0.0412726775550799
urn:mavedb:00000114-a-1#4365,NA,NA,p.Lys220Val,0.994855598758451,28,0.0479466136154863
urn:mavedb:00000114-a-1#4366,NA,NA,p.Lys220Trp,0.928093670863434,30,0.0522337530696061
urn:mavedb:00000114-a-1#4367,NA,NA,p.Lys220Tyr,0.927633152390502,22,0.0926957151060329
urn:mavedb:00000114-a-1#4368,NA,NA,p.Glu221Ter,0.0787662985494088,16,0.219361515799154
urn:mavedb:00000114-a-1#4369,NA,NA,p.Glu221Ala,0.81887474476454,8,0.106856524572117
urn:mavedb:00000114-a-1#4370,NA,NA,p.Glu221Cys,0.897847488368479,15,0.0486105158196256
urn:mavedb:00000114-a-1#4371,NA,NA,p.Glu221Asp,0.978534493353867,24,0.0557676885122906
urn:mavedb:00000114-a-1#4372,NA,NA,p.Glu221Phe,0.860785338572228,18,0.070482890080953
urn:mavedb:00000114-a-1#4373,NA,NA,p.Glu221Gly,0.885697548510604,9,0.0893227353673258
urn:mavedb:00000114-a-1#4374,NA,NA,p.Glu221His,0.96544810284512,11,0.0712501529754677
urn:mavedb:00000114-a-1#4375,NA,NA,p.Glu221Ile,0.806482662431387,19,0.0751333221887928
urn:mavedb:00000114-a-1#4376,NA,NA,p.Glu221Lys,0.851647931840401,20,0.0436429061537187
urn:mavedb:00000114-a-1#4377,NA,NA,p.Glu221Leu,0.842657474214401,22,0.0479615664462221
urn:mavedb:00000114-a-1#4378,NA,NA,p.Glu221Met,0.851101166387736,20,0.058508662976008
urn:mavedb:00000114-a-1#4379,NA,NA,p.Glu221Asn,0.862660578279512,27,0.0643156120492151
urn:mavedb:00000114-a-1#4380,NA,NA,p.Glu221Pro,0.774623669041896,18,0.084595306781147
urn:mavedb:00000114-a-1#4381,NA,NA,p.Glu221Gln,0.93789018675875,13,0.0811436282123516
urn:mavedb:00000114-a-1#4382,NA,NA,p.Glu221Arg,0.822856627129841,9,0.0718842407002878
urn:mavedb:00000114-a-1#4383,NA,NA,p.Glu221Ser,0.923820854418827,21,0.0583144977280856
urn:mavedb:00000114-a-1#4384,NA,NA,p.Glu221Thr,0.889000310694129,22,0.0687022535140845
urn:mavedb:00000114-a-1#4385,NA,NA,p.Glu221Val,0.855766389500681,25,0.0556217138662362
urn:mavedb:00000114-a-1#4386,NA,NA,p.Glu221Trp,0.799441246164816,15,0.081556142738174
urn:mavedb:00000114-a-1#4387,NA,NA,p.Glu221Tyr,0.897803214164658,19,0.0569193075486833
urn:mavedb:00000114-a-1#4388,NA,NA,p.Thr222Ter,0.0491390764588942,41,0.134841010332395
urn:mavedb:00000114-a-1#4389,NA,NA,p.Thr222Ala,0.93088145550488,17,0.05235137406986
urn:mavedb:00000114-a-1#4390,NA,NA,p.Thr222Cys,0.91014395554437,34,0.0458727687016803
urn:mavedb:00000114-a-1#4391,NA,NA,p.Thr222Asp,0.954795308717736,26,0.0539115305911398
urn:mavedb:00000114-a-1#4392,NA,NA,p.Thr222Glu,0.957395284805142,21,0.0562894883365269
urn:mavedb:00000114-a-1#4393,NA,NA,p.Thr222Phe,0.954040341910591,23,0.0506264987107189
urn:mavedb:00000114-a-1#4394,NA,NA,p.Thr222Gly,0.910124253949245,23,0.0584487339062985
urn:mavedb:00000114-a-1#4395,NA,NA,p.Thr222His,0.983999335415102,44,0.0417096947078993
urn:mavedb:00000114-a-1#4396,NA,NA,p.Thr222Ile,0.934996535431574,39,0.055216220466572
urn:mavedb:00000114-a-1#4397,NA,NA,p.Thr222Lys,0.985359006998083,29,0.0549566596014936
urn:mavedb:00000114-a-1#4398,NA,NA,p.Thr222Leu,0.879443308613322,17,0.0736079874521686
urn:mavedb:00000114-a-1#4399,NA,NA,p.Thr222Met,0.885622447713831,30,0.0800669592527675
urn:mavedb:00000114-a-1#4400,NA,NA,p.Thr222Asn,0.973996497727494,30,0.0435325337853954
urn:mavedb:00000114-a-1#4401,NA,NA,p.Thr222Pro,0.891292701752016,25,0.0453435887453772
urn:mavedb:00000114-a-1#4402,NA,NA,p.Thr222Gln,1.00560595501257,35,0.0492932185906358
urn:mavedb:00000114-a-1#4403,NA,NA,p.Thr222Arg,0.94502777966457,32,0.0372606269228538
urn:mavedb:00000114-a-1#4404,NA,NA,p.Thr222Ser,0.929395411954649,22,0.0315208006289663
urn:mavedb:00000114-a-1#4405,NA,NA,p.Thr222Val,0.852975193916365,6,0.0942281271139692
urn:mavedb:00000114-a-1#4406,NA,NA,p.Thr222Trp,0.830488063436527,24,0.0697764429917687
urn:mavedb:00000114-a-1#4407,NA,NA,p.Thr222Tyr,0.939180643630077,31,0.0557743079769194
urn:mavedb:00000114-a-1#4408,NA,NA,p.Ser223Ter,0.0792377195719438,37,0.16945060461734
urn:mavedb:00000114-a-1#4409,NA,NA,p.Ser223Ala,1.09194831892539,19,0.0549892144814019
urn:mavedb:00000114-a-1#4410,NA,NA,p.Ser223Cys,1.02124547580033,25,0.0490840334409578
urn:mavedb:00000114-a-1#4411,NA,NA,p.Ser223Asp,0.960367639113774,21,0.0621246642578392
urn:mavedb:00000114-a-1#4412,NA,NA,p.Ser223Glu,0.921633189689192,14,0.076206193113201
urn:mavedb:00000114-a-1#4413,NA,NA,p.Ser223Phe,0.81542393755187,19,0.0696764329996633
urn:mavedb:00000114-a-1#4414,NA,NA,p.Ser223Gly,0.859196380245787,22,0.0911307537750432
urn:mavedb:00000114-a-1#4415,NA,NA,p.Ser223His,0.920518589766595,9,0.0579428286978207
urn:mavedb:00000114-a-1#4416,NA,NA,p.Ser223Ile,0.858966085953139,20,0.051138520931721
urn:mavedb:00000114-a-1#4417,NA,NA,p.Ser223Lys,0.368270236425436,26,0.0588688590085973
urn:mavedb:00000114-a-1#4418,NA,NA,p.Ser223Leu,0.809883661097034,15,0.061064562260212
urn:mavedb:00000114-a-1#4419,NA,NA,p.Ser223Met,0.836413743195259,23,0.0534192755171526
urn:mavedb:00000114-a-1#4420,NA,NA,p.Ser223Asn,0.866566655834472,27,0.0471137074224523
urn:mavedb:00000114-a-1#4421,NA,NA,p.Ser223Pro,0.953828000280332,18,0.0742475389047593
urn:mavedb:00000114-a-1#4422,NA,NA,p.Ser223Gln,0.871796889467068,16,0.0682272718351552
urn:mavedb:00000114-a-1#4423,NA,NA,p.Ser223Arg,0.468416632215478,20,0.0709565375513794
urn:mavedb:00000114-a-1#4424,NA,NA,p.Ser223Thr,0.986387397244948,20,0.067756813750908
urn:mavedb:00000114-a-1#4425,NA,NA,p.Ser223Val,0.93547211546666,17,0.074474788280306
urn:mavedb:00000114-a-1#4426,NA,NA,p.Ser223Trp,0.243217269026257,17,0.0503071250466203
urn:mavedb:00000114-a-1#4427,NA,NA,p.Ser223Tyr,0.826366202142982,24,0.046097145579377
urn:mavedb:00000114-a-1#4428,NA,NA,p.Val224Ter,0.076641131612762,24,0.173281312344523
urn:mavedb:00000114-a-1#4429,NA,NA,p.Val224Ala,1.02618620113165,28,0.0420506460452691
urn:mavedb:00000114-a-1#4430,NA,NA,p.Val224Cys,0.926459121052434,27,0.04399453172048
urn:mavedb:00000114-a-1#4431,NA,NA,p.Val224Asp,0.994393356632311,30,0.052165028938572
urn:mavedb:00000114-a-1#4432,NA,NA,p.Val224Glu,1.05611430186432,29,0.0420660218406183
urn:mavedb:00000114-a-1#4433,NA,NA,p.Val224Phe,0.976084130602771,28,0.049939849006436
urn:mavedb:00000114-a-1#4434,NA,NA,p.Val224Gly,0.875620868514179,22,0.0878600076736639
urn:mavedb:00000114-a-1#4435,NA,NA,p.Val224His,0.927878062418685,22,0.0746100709061004
urn:mavedb:00000114-a-1#4436,NA,NA,p.Val224Ile,1.02703497791841,35,0.0339920757725632
urn:mavedb:00000114-a-1#4437,NA,NA,p.Val224Lys,1.00732772524659,32,0.0593418086283962
urn:mavedb:00000114-a-1#4438,NA,NA,p.Val224Leu,0.963714222404514,22,0.0458007883856962
urn:mavedb:00000114-a-1#4439,NA,NA,p.Val224Met,1.0039993006948,33,0.0559208743933436
urn:mavedb:00000114-a-1#4440,NA,NA,p.Val224Asn,0.920298666012584,30,0.048588951029148
urn:mavedb:00000114-a-1#4441,NA,NA,p.Val224Pro,1.01293708951184,19,0.0758501618394329
urn:mavedb:00000114-a-1#4442,NA,NA,p.Val224Gln,1.00551870150478,40,0.0554347663855623
urn:mavedb:00000114-a-1#4443,NA,NA,p.Val224Arg,0.936573069554539,17,0.0975188695000116
urn:mavedb:00000114-a-1#4444,NA,NA,p.Val224Ser,0.961412579943223,40,0.0572080800191109
urn:mavedb:00000114-a-1#4445,NA,NA,p.Val224Thr,1.00241087314208,25,0.0583843849132886
urn:mavedb:00000114-a-1#4446,NA,NA,p.Val224Trp,0.92398239245072,28,0.052760956232516
urn:mavedb:00000114-a-1#4447,NA,NA,p.Val224Tyr,1.02988960229083,31,0.0465314750655482
urn:mavedb:00000114-a-1#4448,NA,NA,p.Ala225Ter,0.0358745586747905,19,0.118070788995445
urn:mavedb:00000114-a-1#4449,NA,NA,p.Ala225Cys,0.781606642268447,23,0.0726886014133807
urn:mavedb:00000114-a-1#4450,NA,NA,p.Ala225Asp,0.0009955353492498,23,0.0280441475662103
urn:mavedb:00000114-a-1#4451,NA,NA,p.Ala225Glu,0.487884588708781,29,0.0826758136069491
urn:mavedb:00000114-a-1#4452,NA,NA,p.Ala225Phe,0.288385653983687,28,0.0752138270993424
urn:mavedb:00000114-a-1#4453,NA,NA,p.Ala225Gly,0.874711647888175,28,0.0580643852573766
urn:mavedb:00000114-a-1#4454,NA,NA,p.Ala225His,0.382531580196984,18,0.077355652982636
urn:mavedb:00000114-a-1#4455,NA,NA,p.Ala225Ile,0.878284186059122,24,0.0645087739514524
urn:mavedb:00000114-a-1#4456,NA,NA,p.Ala225Lys,0.0055394943430437,24,0.029687707134787
urn:mavedb:00000114-a-1#4457,NA,NA,p.Ala225Leu,0.895343209776541,13,0.088906247262529
urn:mavedb:00000114-a-1#4458,NA,NA,p.Ala225Met,0.350252096585339,21,0.0801974310329723
urn:mavedb:00000114-a-1#4459,NA,NA,p.Ala225Asn,0.342099178235089,22,0.0769502747653758
urn:mavedb:00000114-a-1#4460,NA,NA,p.Ala225Pro,1.15524946621884,19,0.0637626109794353
urn:mavedb:00000114-a-1#4461,NA,NA,p.Ala225Gln,0.625683550292819,14,0.0733112857458228
urn:mavedb:00000114-a-1#4462,NA,NA,p.Ala225Arg,0.063761914756108,20,0.060617420298154
urn:mavedb:00000114-a-1#4463,NA,NA,p.Ala225Ser,0.860980867081934,21,0.0545584299532427
urn:mavedb:00000114-a-1#4464,NA,NA,p.Ala225Thr,0.705017288307996,10,0.0816650352944486
urn:mavedb:00000114-a-1#4465,NA,NA,p.Ala225Val,0.945245906213366,25,0.0542926936515868
urn:mavedb:00000114-a-1#4466,NA,NA,p.Ala225Trp,0.444980627087584,12,0.0943498860943416
urn:mavedb:00000114-a-1#4467,NA,NA,p.Ala225Tyr,0.486050158239164,25,0.0748202619223162
urn:mavedb:00000114-a-1#4468,NA,NA,p.Leu226Ter,0.0476287931899501,27,0.119204362559971
urn:mavedb:00000114-a-1#4469,NA,NA,p.Leu226Ala,0.102386870871836,28,0.0647465794405096
urn:mavedb:00000114-a-1#4470,NA,NA,p.Leu226Cys,0.898188477254762,14,0.0670006881492597
urn:mavedb:00000114-a-1#4471,NA,NA,p.Leu226Asp,-0.0101716419052333,15,0.0370293164779562
urn:mavedb:00000114-a-1#4472,NA,NA,p.Leu226Glu,-0.0169197391517817,19,0.0228931017660472
urn:mavedb:00000114-a-1#4473,NA,NA,p.Leu226Phe,0.432180421279085,18,0.0700524144220882
urn:mavedb:00000114-a-1#4474,NA,NA,p.Leu226Gly,-0.0212166751862566,23,0.0163042236858087
urn:mavedb:00000114-a-1#4475,NA,NA,p.Leu226His,-0.0122344829200053,24,0.0165841428859255
urn:mavedb:00000114-a-1#4476,NA,NA,p.Leu226Ile,0.188917199095936,21,0.0690951354361493
urn:mavedb:00000114-a-1#4477,NA,NA,p.Leu226Lys,-0.0280662194452621,20,0.018482179064662
urn:mavedb:00000114-a-1#4478,NA,NA,p.Leu226Met,0.958235318868175,14,0.0664683941872738
urn:mavedb:00000114-a-1#4479,NA,NA,p.Leu226Asn,-0.024073021774471,24,0.011030491153097
urn:mavedb:00000114-a-1#4480,NA,NA,p.Leu226Pro,-0.0224051512087895,38,0.0250850189139576
urn:mavedb:00000114-a-1#4481,NA,NA,p.Leu226Gln,-0.0139084021589691,28,0.0170928091080511
urn:mavedb:00000114-a-1#4482,NA,NA,p.Leu226Arg,-0.0183578530455524,27,0.0313260948761658
urn:mavedb:00000114-a-1#4483,NA,NA,p.Leu226Ser,-0.0266883299226073,14,0.0276131028656381
urn:mavedb:00000114-a-1#4484,NA,NA,p.Leu226Thr,0.393850570842295,13,0.0897841113250988
urn:mavedb:00000114-a-1#4485,NA,NA,p.Leu226Val,0.686782981156534,18,0.0783978633667411
urn:mavedb:00000114-a-1#4486,NA,NA,p.Leu226Trp,-0.0261937022627675,24,0.0159022347322074
urn:mavedb:00000114-a-1#4487,NA,NA,p.Leu226Tyr,0.0758205795662813,22,0.0474065442903092
urn:mavedb:00000114-a-1#4488,NA,NA,p.His227Ter,-0.0104033365145819,18,0.0357112225358666
urn:mavedb:00000114-a-1#4489,NA,NA,p.His227Ala,1.03044814785333,15,0.0646584783945884
urn:mavedb:00000114-a-1#4490,NA,NA,p.His227Cys,1.01743635280818,21,0.0582194040176949
urn:mavedb:00000114-a-1#4491,NA,NA,p.His227Asp,1.01950901780227,23,0.0614208923200768
urn:mavedb:00000114-a-1#4492,NA,NA,p.His227Glu,1.21121626383449,24,0.0851095380380405
urn:mavedb:00000114-a-1#4493,NA,NA,p.His227Phe,0.97272363845681,17,0.0672290212059075
urn:mavedb:00000114-a-1#4494,NA,NA,p.His227Gly,1.0756431762612,12,0.0906854676373102
urn:mavedb:00000114-a-1#4495,NA,NA,p.His227Ile,0.869081271578848,23,0.0770582656769247
urn:mavedb:00000114-a-1#4496,NA,NA,p.His227Lys,1.08902710205512,16,0.0735479486226589
urn:mavedb:00000114-a-1#4497,NA,NA,p.His227Leu,0.682744573556846,26,0.0976255084169021
urn:mavedb:00000114-a-1#4498,NA,NA,p.His227Met,0.940874100967835,14,0.0852604744110127
urn:mavedb:00000114-a-1#4499,NA,NA,p.His227Asn,1.17210939478332,28,0.0574777128817132
urn:mavedb:00000114-a-1#4500,NA,NA,p.His227Pro,1.25533511747876,11,0.0751292293492433
urn:mavedb:00000114-a-1#4501,NA,NA,p.His227Gln,1.19124776486122,22,0.0696976429630426
urn:mavedb:00000114-a-1#4502,NA,NA,p.His227Arg,1.04521961775163,20,0.0820077120834458
urn:mavedb:00000114-a-1#4503,NA,NA,p.His227Ser,1.14361782755376,23,0.0569543241116555
urn:mavedb:00000114-a-1#4504,NA,NA,p.His227Thr,1.13733880245269,18,0.0514348396339185
urn:mavedb:00000114-a-1#4505,NA,NA,p.His227Val,0.927923580448215,19,0.0658404671443902
urn:mavedb:00000114-a-1#4506,NA,NA,p.His227Trp,0.965216294286613,11,0.0883109795167723
urn:mavedb:00000114-a-1#4507,NA,NA,p.His227Tyr,1.02040826772972,25,0.0473178746281364
urn:mavedb:00000114-a-1#4508,NA,NA,p.Leu228Ter,0.0067139749790784,44,0.0607247689997809
urn:mavedb:00000114-a-1#4509,NA,NA,p.Leu228Ala,0.60638949043479,31,0.0786811493743327
urn:mavedb:00000114-a-1#4510,NA,NA,p.Leu228Cys,0.893197862635361,34,0.0396991830698681
urn:mavedb:00000114-a-1#4511,NA,NA,p.Leu228Asp,0.51258818877566,17,0.083350980106314
urn:mavedb:00000114-a-1#4512,NA,NA,p.Leu228Glu,0.0486900157834835,34,0.0552599182399809
urn:mavedb:00000114-a-1#4513,NA,NA,p.Leu228Phe,0.686015169219915,42,0.0589026041786425
urn:mavedb:00000114-a-1#4514,NA,NA,p.Leu228Gly,0.364188319666246,15,0.0863451109735939
urn:mavedb:00000114-a-1#4515,NA,NA,p.Leu228His,0.902078646943849,48,0.0477284414293179
urn:mavedb:00000114-a-1#4516,NA,NA,p.Leu228Ile,0.24298031061907,47,0.0659420282821946
urn:mavedb:00000114-a-1#4517,NA,NA,p.Leu228Lys,0.306959211362657,39,0.0846408711580154
urn:mavedb:00000114-a-1#4518,NA,NA,p.Leu228Met,1.0522883686595,36,0.0422106039399896
urn:mavedb:00000114-a-1#4519,NA,NA,p.Leu228Asn,0.884006343016986,30,0.081196172791309
urn:mavedb:00000114-a-1#4520,NA,NA,p.Leu228Pro,-0.0254367135538357,36,0.012035817056428
urn:mavedb:00000114-a-1#4521,NA,NA,p.Leu228Gln,1.014269057273,40,0.0328576190526427
urn:mavedb:00000114-a-1#4522,NA,NA,p.Leu228Arg,0.75637546165044,20,0.0860193660210334
urn:mavedb:00000114-a-1#4523,NA,NA,p.Leu228Ser,0.66429260021863,27,0.0768654302317777
urn:mavedb:00000114-a-1#4524,NA,NA,p.Leu228Thr,0.092964135395078,29,0.0610470048056892
urn:mavedb:00000114-a-1#4525,NA,NA,p.Leu228Val,-0.0160249905107075,40,0.0186639543542303
urn:mavedb:00000114-a-1#4526,NA,NA,p.Leu228Trp,0.464723747649262,39,0.0786165000716406
urn:mavedb:00000114-a-1#4527,NA,NA,p.Leu228Tyr,0.98022915286349,42,0.0353903350735179
urn:mavedb:00000114-a-1#4528,NA,NA,p.Ile229Ter,0.0131250475936425,18,0.0661914598424433
urn:mavedb:00000114-a-1#4529,NA,NA,p.Ile229Ala,0.294713610918535,11,0.080987857431456
urn:mavedb:00000114-a-1#4530,NA,NA,p.Ile229Cys,0.822600199821856,19,0.0670961206738574
urn:mavedb:00000114-a-1#4531,NA,NA,p.Ile229Asp,-0.0266132391361051,16,0.0214108936220632
urn:mavedb:00000114-a-1#4532,NA,NA,p.Ile229Glu,-0.036678785552596,8,0.0137503113736561
urn:mavedb:00000114-a-1#4533,NA,NA,p.Ile229Phe,0.721057752955128,23,0.0747927963377243
urn:mavedb:00000114-a-1#4534,NA,NA,p.Ile229Gly,-0.0278827135908273,9,0.0280931291669936
urn:mavedb:00000114-a-1#4535,NA,NA,p.Ile229His,-0.0204423390182009,10,0.023716724590666
urn:mavedb:00000114-a-1#4536,NA,NA,p.Ile229Lys,0.0086497555186753,13,0.0729631664229346
urn:mavedb:00000114-a-1#4537,NA,NA,p.Ile229Leu,0.982372856201,4,0.146049248203852
urn:mavedb:00000114-a-1#4538,NA,NA,p.Ile229Met,0.948096736787609,8,0.0960330165520662
urn:mavedb:00000114-a-1#4539,NA,NA,p.Ile229Asn,-0.0272577522258662,35,0.0178351168360156
urn:mavedb:00000114-a-1#4540,NA,NA,p.Ile229Pro,-0.0320799827619815,9,0.0190729678555403
urn:mavedb:00000114-a-1#4541,NA,NA,p.Ile229Gln,0.0597832080582697,1,0.158010340403654
urn:mavedb:00000114-a-1#4542,NA,NA,p.Ile229Arg,-0.0175212460725621,13,0.0397381563241278
urn:mavedb:00000114-a-1#4543,NA,NA,p.Ile229Ser,-0.0249166906488697,16,0.0263076090395739
urn:mavedb:00000114-a-1#4544,NA,NA,p.Ile229Thr,0.19414782831828,20,0.0903568398653388
urn:mavedb:00000114-a-1#4545,NA,NA,p.Ile229Val,1.07921264871803,9,0.169810138713436
urn:mavedb:00000114-a-1#4546,NA,NA,p.Ile229Trp,0.0046814592819065,2,0.118334763307913
urn:mavedb:00000114-a-1#4547,NA,NA,p.Ile229Tyr,0.0106894572423806,38,0.0242783990691394
urn:mavedb:00000114-a-1#4548,NA,NA,p.Ala230Ter,0.025915883716434,28,0.140799511225133
urn:mavedb:00000114-a-1#4549,NA,NA,p.Ala230Cys,0.968658720726228,20,0.0837901826286423
urn:mavedb:00000114-a-1#4550,NA,NA,p.Ala230Asp,-0.0186356390759661,24,0.0253033907559282
urn:mavedb:00000114-a-1#4551,NA,NA,p.Ala230Glu,0.172955561751315,19,0.113580143722931
urn:mavedb:00000114-a-1#4552,NA,NA,p.Ala230Phe,0.822380912480602,9,0.0854144436168843
urn:mavedb:00000114-a-1#4553,NA,NA,p.Ala230Gly,0.755033147118509,21,0.0509759804908821
urn:mavedb:00000114-a-1#4554,NA,NA,p.Ala230His,1.07958476503188,17,0.0499665004461628
urn:mavedb:00000114-a-1#4555,NA,NA,p.Ala230Ile,0.833022369696842,20,0.0718955277367518
urn:mavedb:00000114-a-1#4556,NA,NA,p.Ala230Lys,1.11775706253683,26,0.073859991965731
urn:mavedb:00000114-a-1#4557,NA,NA,p.Ala230Leu,0.80063188675232,25,0.0750926263777503
urn:mavedb:00000114-a-1#4558,NA,NA,p.Ala230Met,0.964240733170964,23,0.062250689022535
urn:mavedb:00000114-a-1#4559,NA,NA,p.Ala230Asn,0.967437973627938,10,0.086819626795159
urn:mavedb:00000114-a-1#4560,NA,NA,p.Ala230Pro,-0.0110613578770386,18,0.0323509212371568
urn:mavedb:00000114-a-1#4561,NA,NA,p.Ala230Gln,1.00687885594412,10,0.0740758727431039
urn:mavedb:00000114-a-1#4562,NA,NA,p.Ala230Arg,1.05590197549047,14,0.0736411050530691
urn:mavedb:00000114-a-1#4563,NA,NA,p.Ala230Ser,1.00705877465681,23,0.0575414292986164
urn:mavedb:00000114-a-1#4564,NA,NA,p.Ala230Thr,0.981405911883014,21,0.0755719001883164
urn:mavedb:00000114-a-1#4565,NA,NA,p.Ala230Val,0.922783402429885,21,0.0707439117010993
urn:mavedb:00000114-a-1#4566,NA,NA,p.Ala230Trp,0.79102478524199,28,0.0474635061064138
urn:mavedb:00000114-a-1#4567,NA,NA,p.Ala230Tyr,0.934499486387314,17,0.066027763433512
urn:mavedb:00000114-a-1#4568,NA,NA,p.Thr231Ter,-0.0056225038229842,30,0.0371025410174492
urn:mavedb:00000114-a-1#4569,NA,NA,p.Thr231Ala,0.995470265442599,28,0.0453402830726951
urn:mavedb:00000114-a-1#4570,NA,NA,p.Thr231Cys,0.933901474969545,33,0.0555608185132277
urn:mavedb:00000114-a-1#4571,NA,NA,p.Thr231Asp,0.925005856789944,36,0.066324569990852
urn:mavedb:00000114-a-1#4572,NA,NA,p.Thr231Glu,0.979716885009263,19,0.0470473199046442
urn:mavedb:00000114-a-1#4573,NA,NA,p.Thr231Phe,0.8912427958939,35,0.0611837957202187
urn:mavedb:00000114-a-1#4574,NA,NA,p.Thr231Gly,0.922760530610023,25,0.0581542925145811
urn:mavedb:00000114-a-1#4575,NA,NA,p.Thr231His,0.975037523845791,32,0.0620788256822082
urn:mavedb:00000114-a-1#4576,NA,NA,p.Thr231Ile,0.850022215070482,30,0.0435195990025389
urn:mavedb:00000114-a-1#4577,NA,NA,p.Thr231Lys,0.970704808425166,34,0.0482019578426279
urn:mavedb:00000114-a-1#4578,NA,NA,p.Thr231Leu,0.765229064175566,26,0.0626356802302568
urn:mavedb:00000114-a-1#4579,NA,NA,p.Thr231Met,0.843177740982967,20,0.0693277514863966
urn:mavedb:00000114-a-1#4580,NA,NA,p.Thr231Asn,1.03926791125833,25,0.069930214287322
urn:mavedb:00000114-a-1#4581,NA,NA,p.Thr231Pro,1.02461999637125,29,0.0278494350780912
urn:mavedb:00000114-a-1#4582,NA,NA,p.Thr231Gln,0.957615433783438,20,0.0863869953190557
urn:mavedb:00000114-a-1#4583,NA,NA,p.Thr231Arg,0.98489452909363,22,0.0530631641920573
urn:mavedb:00000114-a-1#4584,NA,NA,p.Thr231Ser,0.958905893056917,17,0.0480608479906546
urn:mavedb:00000114-a-1#4585,NA,NA,p.Thr231Val,0.896369997880406,26,0.0437919714838448
urn:mavedb:00000114-a-1#4586,NA,NA,p.Thr231Trp,0.81563369690818,28,0.0656546837582275
urn:mavedb:00000114-a-1#4587,NA,NA,p.Thr231Tyr,0.915056583676452,24,0.0323765274218152
urn:mavedb:00000114-a-1#4588,NA,NA,p.Asn232Ter,0.0516381685795385,24,0.152885212240857
urn:mavedb:00000114-a-1#4589,NA,NA,p.Asn232Ala,-0.0329055386292538,22,0.0128221253954859
urn:mavedb:00000114-a-1#4590,NA,NA,p.Asn232Cys,-0.0263402904914563,28,0.010360662985369
urn:mavedb:00000114-a-1#4591,NA,NA,p.Asn232Asp,-0.0236354050813515,27,0.0203168350022341
urn:mavedb:00000114-a-1#4592,NA,NA,p.Asn232Glu,-0.0188362397961387,29,0.0240124224893269
urn:mavedb:00000114-a-1#4593,NA,NA,p.Asn232Phe,-0.0243380624293332,28,0.0188590351472005
urn:mavedb:00000114-a-1#4594,NA,NA,p.Asn232Gly,-0.0191763025032305,15,0.0189792647661326
urn:mavedb:00000114-a-1#4595,NA,NA,p.Asn232His,-0.0292999162185202,18,0.0165059579116593
urn:mavedb:00000114-a-1#4596,NA,NA,p.Asn232Ile,-0.0274041766444384,29,0.0118159070030215
urn:mavedb:00000114-a-1#4597,NA,NA,p.Asn232Lys,-0.0231850748288393,22,0.0240663667118213
urn:mavedb:00000114-a-1#4598,NA,NA,p.Asn232Leu,-0.025154186697001,35,0.0167757376769757
urn:mavedb:00000114-a-1#4599,NA,NA,p.Asn232Met,-0.0270952606016584,28,0.0182541237498259
urn:mavedb:00000114-a-1#4600,NA,NA,p.Asn232Pro,-0.0189565763007555,22,0.0200868525793863
urn:mavedb:00000114-a-1#4601,NA,NA,p.Asn232Gln,-0.0216739675058905,14,0.0191444422328671
urn:mavedb:00000114-a-1#4602,NA,NA,p.Asn232Arg,-0.0171375508377405,31,0.0156078462862161
urn:mavedb:00000114-a-1#4603,NA,NA,p.Asn232Ser,-0.0136732919253534,26,0.0198588839265568
urn:mavedb:00000114-a-1#4604,NA,NA,p.Asn232Thr,-0.0256152531335808,32,0.0174294610943426
urn:mavedb:00000114-a-1#4605,NA,NA,p.Asn232Val,-0.0175653932466864,20,0.0229439383800393
urn:mavedb:00000114-a-1#4606,NA,NA,p.Asn232Trp,-0.0254147645419915,24,0.0174396548213358
urn:mavedb:00000114-a-1#4607,NA,NA,p.Asn232Tyr,-0.022522275807974,21,0.0185339351992855
urn:mavedb:00000114-a-1#4608,NA,NA,p.Ser233Ter,0.019951916038252,16,0.115790818474634
urn:mavedb:00000114-a-1#4609,NA,NA,p.Ser233Ala,0.954312716051466,18,0.0630030482300708
urn:mavedb:00000114-a-1#4610,NA,NA,p.Ser233Cys,0.891009742206276,16,0.0538769523791105
urn:mavedb:00000114-a-1#4611,NA,NA,p.Ser233Asp,1.02721386639049,20,0.0602736966972572
urn:mavedb:00000114-a-1#4612,NA,NA,p.Ser233Glu,0.894759912570553,24,0.0738737426846928
urn:mavedb:00000114-a-1#4613,NA,NA,p.Ser233Phe,0.896717003219878,23,0.0535035949792416
urn:mavedb:00000114-a-1#4614,NA,NA,p.Ser233Gly,0.856634098819273,17,0.0523010671459808
urn:mavedb:00000114-a-1#4615,NA,NA,p.Ser233His,0.987643558706998,19,0.069766969598328
urn:mavedb:00000114-a-1#4616,NA,NA,p.Ser233Ile,0.933429477439942,22,0.0644465578369818
urn:mavedb:00000114-a-1#4617,NA,NA,p.Ser233Lys,0.979514959961416,27,0.0513239105462946
urn:mavedb:00000114-a-1#4618,NA,NA,p.Ser233Leu,0.863901521479139,25,0.0758764366661142
urn:mavedb:00000114-a-1#4619,NA,NA,p.Ser233Met,0.886435015224214,21,0.0706810943430192
urn:mavedb:00000114-a-1#4620,NA,NA,p.Ser233Asn,1.02830203796932,26,0.0621050635261785
urn:mavedb:00000114-a-1#4621,NA,NA,p.Ser233Pro,0.772638861153207,31,0.0588081678717038
urn:mavedb:00000114-a-1#4622,NA,NA,p.Ser233Gln,0.967987975116224,22,0.0586504960188978
urn:mavedb:00000114-a-1#4623,NA,NA,p.Ser233Arg,0.94485516143676,23,0.0579910368685454
urn:mavedb:00000114-a-1#4624,NA,NA,p.Ser233Thr,1.07439419637207,23,0.0302867111394006
urn:mavedb:00000114-a-1#4625,NA,NA,p.Ser233Val,0.971353356743081,9,0.0896125679251587
urn:mavedb:00000114-a-1#4626,NA,NA,p.Ser233Trp,0.967985434382469,15,0.0975450526579675
urn:mavedb:00000114-a-1#4627,NA,NA,p.Ser233Tyr,0.981365739780947,23,0.0549904017173923
urn:mavedb:00000114-a-1#4628,NA,NA,p.Arg234Ter,0.0548938117870423,32,0.130828047342362
urn:mavedb:00000114-a-1#4629,NA,NA,p.Arg234Ala,0.914461025710482,22,0.0666032692247696
urn:mavedb:00000114-a-1#4630,NA,NA,p.Arg234Cys,0.779430711570232,18,0.0643085496019124
urn:mavedb:00000114-a-1#4631,NA,NA,p.Arg234Asp,0.725327964493991,34,0.0577028435526115
urn:mavedb:00000114-a-1#4632,NA,NA,p.Arg234Glu,0.756591701472935,27,0.0882445788405102
urn:mavedb:00000114-a-1#4633,NA,NA,p.Arg234Phe,0.725922773595456,37,0.0384767689223514
urn:mavedb:00000114-a-1#4634,NA,NA,p.Arg234Gly,0.752539071338144,16,0.0774173461995842
urn:mavedb:00000114-a-1#4635,NA,NA,p.Arg234His,0.912695116368404,34,0.0741516315614489
urn:mavedb:00000114-a-1#4636,NA,NA,p.Arg234Ile,0.578498737386731,27,0.0776261634826845
urn:mavedb:00000114-a-1#4637,NA,NA,p.Arg234Lys,1.04325636422174,29,0.0451786719461755
urn:mavedb:00000114-a-1#4638,NA,NA,p.Arg234Leu,0.872093078534847,29,0.0534459407412135
urn:mavedb:00000114-a-1#4639,NA,NA,p.Arg234Met,0.884903615730992,23,0.071744518824568
urn:mavedb:00000114-a-1#4640,NA,NA,p.Arg234Asn,0.954684570000325,21,0.0395650943992656
urn:mavedb:00000114-a-1#4641,NA,NA,p.Arg234Pro,0.691057136978303,40,0.0478491234278419
urn:mavedb:00000114-a-1#4642,NA,NA,p.Arg234Gln,0.949426140014516,27,0.0736372564764036
urn:mavedb:00000114-a-1#4643,NA,NA,p.Arg234Ser,0.865359557460123,31,0.0412646961466703
urn:mavedb:00000114-a-1#4644,NA,NA,p.Arg234Thr,0.730865610458782,30,0.083318636296996
urn:mavedb:00000114-a-1#4645,NA,NA,p.Arg234Val,0.489723685134891,27,0.0672936891024024
urn:mavedb:00000114-a-1#4646,NA,NA,p.Arg234Trp,0.736687732741199,20,0.0643721279967822
urn:mavedb:00000114-a-1#4647,NA,NA,p.Arg234Tyr,0.846625817397253,26,0.0561428784925851
urn:mavedb:00000114-a-1#4648,NA,NA,p.Asn235Ter,0.0613333804520197,34,0.146643033758009
urn:mavedb:00000114-a-1#4649,NA,NA,p.Asn235Ala,0.929614561987088,20,0.074823403579771
urn:mavedb:00000114-a-1#4650,NA,NA,p.Asn235Cys,0.825142106776537,29,0.0615987846104272
urn:mavedb:00000114-a-1#4651,NA,NA,p.Asn235Asp,0.930267125994257,18,0.0679047497708241
urn:mavedb:00000114-a-1#4652,NA,NA,p.Asn235Glu,0.916574518634505,19,0.0725569042221158
urn:mavedb:00000114-a-1#4653,NA,NA,p.Asn235Phe,0.799775611161289,27,0.047346353473842
urn:mavedb:00000114-a-1#4654,NA,NA,p.Asn235Gly,1.03846154894712,15,0.0764618304395605
urn:mavedb:00000114-a-1#4655,NA,NA,p.Asn235His,0.943111795080507,29,0.0684617248537529
urn:mavedb:00000114-a-1#4656,NA,NA,p.Asn235Ile,0.333351784912308,29,0.0698317587659362
urn:mavedb:00000114-a-1#4657,NA,NA,p.Asn235Lys,1.00716679578469,30,0.0491795306733345
urn:mavedb:00000114-a-1#4658,NA,NA,p.Asn235Leu,0.817670880560252,29,0.0571938724261943
urn:mavedb:00000114-a-1#4659,NA,NA,p.Asn235Met,0.938401486284483,26,0.0342845982133382
urn:mavedb:00000114-a-1#4660,NA,NA,p.Asn235Pro,0.0854080042355538,24,0.0538722341121451
urn:mavedb:00000114-a-1#4661,NA,NA,p.Asn235Gln,0.951612539461986,26,0.0532542002797231
urn:mavedb:00000114-a-1#4662,NA,NA,p.Asn235Arg,1.00087443632967,19,0.0475429079311113
urn:mavedb:00000114-a-1#4663,NA,NA,p.Asn235Ser,1.02100619231714,11,0.0617716099499057
urn:mavedb:00000114-a-1#4664,NA,NA,p.Asn235Thr,0.598730026927654,25,0.0776419095955006
urn:mavedb:00000114-a-1#4665,NA,NA,p.Asn235Val,0.45079437789597,20,0.0655509184548159
urn:mavedb:00000114-a-1#4666,NA,NA,p.Asn235Trp,0.649561542310421,21,0.0645078473318385
urn:mavedb:00000114-a-1#4667,NA,NA,p.Asn235Tyr,0.81149710979519,28,0.0698315190341412
urn:mavedb:00000114-a-1#4668,NA,NA,p.Ile236Ter,0.002352525510323,22,0.0641679161602264
urn:mavedb:00000114-a-1#4669,NA,NA,p.Ile236Ala,0.942107635971231,21,0.143303803449563
urn:mavedb:00000114-a-1#4670,NA,NA,p.Ile236Cys,0.74935056738787,23,0.063279279077174
urn:mavedb:00000114-a-1#4671,NA,NA,p.Ile236Asp,0.0232003888551919,16,0.0474472927932313
urn:mavedb:00000114-a-1#4672,NA,NA,p.Ile236Glu,0.110175315562226,27,0.0778478770323728
urn:mavedb:00000114-a-1#4673,NA,NA,p.Ile236Phe,0.384772053713451,30,0.0571964194177702
urn:mavedb:00000114-a-1#4674,NA,NA,p.Ile236Gly,0.120407421424235,27,0.0778702803142484
urn:mavedb:00000114-a-1#4675,NA,NA,p.Ile236His,0.613681681318393,27,0.0607509680880634
urn:mavedb:00000114-a-1#4676,NA,NA,p.Ile236Lys,0.91796974486438,27,0.0485532854619215
urn:mavedb:00000114-a-1#4677,NA,NA,p.Ile236Leu,0.871428889476735,41,0.0743455392514163
urn:mavedb:00000114-a-1#4678,NA,NA,p.Ile236Met,0.781018082828673,19,0.0796692583764258
urn:mavedb:00000114-a-1#4679,NA,NA,p.Ile236Asn,0.47147506758976,22,0.0818166048823002
urn:mavedb:00000114-a-1#4680,NA,NA,p.Ile236Pro,-0.0298340945295322,23,0.0148458648414658
urn:mavedb:00000114-a-1#4681,NA,NA,p.Ile236Gln,0.578220498408003,19,0.0543553667629955
urn:mavedb:00000114-a-1#4682,NA,NA,p.Ile236Arg,0.885819109130876,30,0.0802850325639835
urn:mavedb:00000114-a-1#4683,NA,NA,p.Ile236Ser,0.81639782356819,28,0.0425614850622582
urn:mavedb:00000114-a-1#4684,NA,NA,p.Ile236Thr,0.930752222247837,28,0.0556875291859049
urn:mavedb:00000114-a-1#4685,NA,NA,p.Ile236Val,0.995977028474582,15,0.070379767476163
urn:mavedb:00000114-a-1#4686,NA,NA,p.Ile236Trp,0.116425865500417,19,0.0644489400922825
urn:mavedb:00000114-a-1#4687,NA,NA,p.Ile236Tyr,0.588867029226515,28,0.0725490705231125
urn:mavedb:00000114-a-1#4688,NA,NA,p.Thr237Ter,0.0262532523853477,25,0.0763032971834194
urn:mavedb:00000114-a-1#4689,NA,NA,p.Thr237Ala,1.04234344688744,29,0.079153974655091
urn:mavedb:00000114-a-1#4690,NA,NA,p.Thr237Cys,0.959342622275381,24,0.0915323754864885
urn:mavedb:00000114-a-1#4691,NA,NA,p.Thr237Asp,0.70668128950907,29,0.0683119755687479
urn:mavedb:00000114-a-1#4692,NA,NA,p.Thr237Glu,1.02852656859834,28,0.0822587069931746
urn:mavedb:00000114-a-1#4693,NA,NA,p.Thr237Phe,0.616600358104757,26,0.0538344942926474
urn:mavedb:00000114-a-1#4694,NA,NA,p.Thr237Gly,0.978913932519699,33,0.0460162022515213
urn:mavedb:00000114-a-1#4695,NA,NA,p.Thr237His,0.988672624291467,29,0.052692315380582
urn:mavedb:00000114-a-1#4696,NA,NA,p.Thr237Ile,0.909629350197918,20,0.0574110716086461
urn:mavedb:00000114-a-1#4697,NA,NA,p.Thr237Lys,1.08041899026547,16,0.0717823442352463
urn:mavedb:00000114-a-1#4698,NA,NA,p.Thr237Leu,0.816973377689838,23,0.0594646239255351
urn:mavedb:00000114-a-1#4699,NA,NA,p.Thr237Met,0.981524785241547,28,0.038220481573446
urn:mavedb:00000114-a-1#4700,NA,NA,p.Thr237Asn,1.00079297813732,19,0.0512636208333985
urn:mavedb:00000114-a-1#4701,NA,NA,p.Thr237Pro,1.17832380408713,31,0.0662634695240271
urn:mavedb:00000114-a-1#4702,NA,NA,p.Thr237Gln,1.05193207467136,30,0.0439998444783549
urn:mavedb:00000114-a-1#4703,NA,NA,p.Thr237Arg,1.06003042559848,40,0.0299241299516562
urn:mavedb:00000114-a-1#4704,NA,NA,p.Thr237Ser,1.06049444888119,20,0.0523406835235591
urn:mavedb:00000114-a-1#4705,NA,NA,p.Thr237Val,0.932654201143296,18,0.0535728693166108
urn:mavedb:00000114-a-1#4706,NA,NA,p.Thr237Trp,0.377775719092151,29,0.0693917847792446
urn:mavedb:00000114-a-1#4707,NA,NA,p.Thr237Tyr,0.644005813324134,26,0.0304710840523847
urn:mavedb:00000114-a-1#4708,NA,NA,p.Cys238Ter,0.043254185373781,27,0.117674827193897
urn:mavedb:00000114-a-1#4709,NA,NA,p.Cys238Ala,-0.0253036868538619,19,0.0230982204045146
urn:mavedb:00000114-a-1#4710,NA,NA,p.Cys238Asp,-0.0162892550078015,18,0.0219035126468181
urn:mavedb:00000114-a-1#4711,NA,NA,p.Cys238Glu,-0.0208129979159433,25,0.0223630081013284
urn:mavedb:00000114-a-1#4712,NA,NA,p.Cys238Phe,-0.0305479928883391,21,0.0176630719373524
urn:mavedb:00000114-a-1#4713,NA,NA,p.Cys238Gly,-0.0219374292423637,26,0.0263536047610044
urn:mavedb:00000114-a-1#4714,NA,NA,p.Cys238His,-0.0176003375226302,16,0.0268825398933671
urn:mavedb:00000114-a-1#4715,NA,NA,p.Cys238Ile,-0.0202581891569996,18,0.0175016191550662
urn:mavedb:00000114-a-1#4716,NA,NA,p.Cys238Lys,-0.0204756899606892,21,0.0156685293935821
urn:mavedb:00000114-a-1#4717,NA,NA,p.Cys238Leu,-0.0208159757284595,20,0.0372271438985193
urn:mavedb:00000114-a-1#4718,NA,NA,p.Cys238Met,-0.0201961608437856,16,0.0281958032908382
urn:mavedb:00000114-a-1#4719,NA,NA,p.Cys238Asn,-0.0283880819142857,23,0.0116073522220638
urn:mavedb:00000114-a-1#4720,NA,NA,p.Cys238Pro,-0.0151225224747975,21,0.0310770652965986
urn:mavedb:00000114-a-1#4721,NA,NA,p.Cys238Gln,-0.0153932320933216,22,0.024911170078734
urn:mavedb:00000114-a-1#4722,NA,NA,p.Cys238Arg,-0.027266412034257,21,0.0137390029161919
urn:mavedb:00000114-a-1#4723,NA,NA,p.Cys238Ser,-0.0255205390265062,12,0.0277808078080803
urn:mavedb:00000114-a-1#4724,NA,NA,p.Cys238Thr,-0.0140566456721961,24,0.0233056878502406
urn:mavedb:00000114-a-1#4725,NA,NA,p.Cys238Val,-0.0180083401800639,14,0.0344006111717272
urn:mavedb:00000114-a-1#4726,NA,NA,p.Cys238Trp,-0.0198513968042647,20,0.0216012239459855
urn:mavedb:00000114-a-1#4727,NA,NA,p.Cys238Tyr,-0.0157852528214382,20,0.0280717697462373
urn:mavedb:00000114-a-1#4728,NA,NA,p.Ile239Ter,0.0504753009973031,22,0.144284618331042
urn:mavedb:00000114-a-1#4729,NA,NA,p.Ile239Ala,0.899311635592568,37,0.0385838970228025
urn:mavedb:00000114-a-1#4730,NA,NA,p.Ile239Cys,0.748097876805831,17,0.0712299805925486
urn:mavedb:00000114-a-1#4731,NA,NA,p.Ile239Asp,-0.0257957382400254,14,0.02408452708421
urn:mavedb:00000114-a-1#4732,NA,NA,p.Ile239Glu,-0.027006837672816,28,0.0144795270585286
urn:mavedb:00000114-a-1#4733,NA,NA,p.Ile239Phe,0.697464033524753,22,0.0488992073688222
urn:mavedb:00000114-a-1#4734,NA,NA,p.Ile239Gly,0.136374634150888,23,0.0786736599017095
urn:mavedb:00000114-a-1#4735,NA,NA,p.Ile239His,0.0223464098011419,20,0.0460739444767585
urn:mavedb:00000114-a-1#4736,NA,NA,p.Ile239Lys,-0.0233237520520605,26,0.0281400879278116
urn:mavedb:00000114-a-1#4737,NA,NA,p.Ile239Leu,0.792148599005018,30,0.0556103658402352
urn:mavedb:00000114-a-1#4738,NA,NA,p.Ile239Met,0.927082435152804,29,0.0598385898847042
urn:mavedb:00000114-a-1#4739,NA,NA,p.Ile239Asn,-0.0223001727115929,26,0.017371352470336
urn:mavedb:00000114-a-1#4740,NA,NA,p.Ile239Pro,0.043838959492388,23,0.0360113806386212
urn:mavedb:00000114-a-1#4741,NA,NA,p.Ile239Gln,-0.0031548617596067,24,0.0388335506552124
urn:mavedb:00000114-a-1#4742,NA,NA,p.Ile239Arg,-0.0317203508154334,23,0.0117798088473719
urn:mavedb:00000114-a-1#4743,NA,NA,p.Ile239Ser,0.710595466824461,20,0.0693874886993902
urn:mavedb:00000114-a-1#4744,NA,NA,p.Ile239Thr,0.794260418116741,28,0.0860688828157799
urn:mavedb:00000114-a-1#4745,NA,NA,p.Ile239Val,0.953576797995358,35,0.0343488403751408
urn:mavedb:00000114-a-1#4746,NA,NA,p.Ile239Trp,0.120344947204424,36,0.0585484194449249
urn:mavedb:00000114-a-1#4747,NA,NA,p.Ile239Tyr,0.765006697519451,27,0.0493369868815574
urn:mavedb:00000114-a-1#4748,NA,NA,p.Thr240Ter,0.0368238822393794,27,0.123733067824415
urn:mavedb:00000114-a-1#4749,NA,NA,p.Thr240Ala,1.05645071737267,19,0.0503184987629654
urn:mavedb:00000114-a-1#4750,NA,NA,p.Thr240Cys,1.04960394756593,28,0.0738487253916028
urn:mavedb:00000114-a-1#4751,NA,NA,p.Thr240Asp,0.411521894791618,27,0.068770487051305
urn:mavedb:00000114-a-1#4752,NA,NA,p.Thr240Glu,0.800409303073967,32,0.0475256084739279
urn:mavedb:00000114-a-1#4753,NA,NA,p.Thr240Phe,0.894784713972696,21,0.0708225704136868
urn:mavedb:00000114-a-1#4754,NA,NA,p.Thr240Gly,1.0396409168975,32,0.0425061904156403
urn:mavedb:00000114-a-1#4755,NA,NA,p.Thr240His,0.766269198802038,27,0.0386398951822618
urn:mavedb:00000114-a-1#4756,NA,NA,p.Thr240Ile,1.06905254350392,25,0.0690596808066346
urn:mavedb:00000114-a-1#4757,NA,NA,p.Thr240Lys,0.905614120294805,38,0.0560252076051906
urn:mavedb:00000114-a-1#4758,NA,NA,p.Thr240Leu,0.974936935783362,31,0.0618668372260477
urn:mavedb:00000114-a-1#4759,NA,NA,p.Thr240Met,1.11947529061934,45,0.0585925103232621
urn:mavedb:00000114-a-1#4760,NA,NA,p.Thr240Asn,1.05981699357412,40,0.0464726066202493
urn:mavedb:00000114-a-1#4761,NA,NA,p.Thr240Pro,-0.0204287087105322,25,0.0171955131023987
urn:mavedb:00000114-a-1#4762,NA,NA,p.Thr240Gln,1.10319906345232,31,0.0596360034281282
urn:mavedb:00000114-a-1#4763,NA,NA,p.Thr240Arg,0.826238755141992,35,0.0362818833552703
urn:mavedb:00000114-a-1#4764,NA,NA,p.Thr240Ser,1.08988364621659,35,0.0431347194362595
urn:mavedb:00000114-a-1#4765,NA,NA,p.Thr240Val,1.08707875890051,34,0.0557316927264297
urn:mavedb:00000114-a-1#4766,NA,NA,p.Thr240Trp,0.926032516531531,27,0.0547191839506682
urn:mavedb:00000114-a-1#4767,NA,NA,p.Thr240Tyr,0.807776114726054,32,0.0605911746076545
urn:mavedb:00000114-a-1#4768,NA,NA,p.Cys241Ter,0.104299961749488,34,0.236365687891049
urn:mavedb:00000114-a-1#4769,NA,NA,p.Cys241Ala,-0.0252926481421668,25,0.0169435612201371
urn:mavedb:00000114-a-1#4770,NA,NA,p.Cys241Asp,-0.0121180829680613,37,0.0260977865708898
urn:mavedb:00000114-a-1#4771,NA,NA,p.Cys241Glu,-0.0262628884510199,27,0.0198708640630978
urn:mavedb:00000114-a-1#4772,NA,NA,p.Cys241Phe,-0.0342303350362499,22,0.0127485080774613
urn:mavedb:00000114-a-1#4773,NA,NA,p.Cys241Gly,-0.0189659158498989,26,0.024101098502407
urn:mavedb:00000114-a-1#4774,NA,NA,p.Cys241His,-0.0210987700733385,34,0.0283495215297619
urn:mavedb:00000114-a-1#4775,NA,NA,p.Cys241Ile,-0.0251305643976854,28,0.0155808598754723
urn:mavedb:00000114-a-1#4776,NA,NA,p.Cys241Lys,-0.0222498537888712,45,0.0184952286619105
urn:mavedb:00000114-a-1#4777,NA,NA,p.Cys241Leu,-0.0201679627898675,34,0.0133872095587253
urn:mavedb:00000114-a-1#4778,NA,NA,p.Cys241Met,-0.0204364932431205,25,0.0166841397652984
urn:mavedb:00000114-a-1#4779,NA,NA,p.Cys241Asn,-0.0240433732659827,20,0.0298255336206233
urn:mavedb:00000114-a-1#4780,NA,NA,p.Cys241Pro,-0.0110855209661874,30,0.0228431486722204
urn:mavedb:00000114-a-1#4781,NA,NA,p.Cys241Gln,-0.0153729098522408,29,0.0263703292398056
urn:mavedb:00000114-a-1#4782,NA,NA,p.Cys241Arg,-0.0284291683875411,28,0.0156401512654365
urn:mavedb:00000114-a-1#4783,NA,NA,p.Cys241Ser,-0.0168638109883013,14,0.0337483454001502
urn:mavedb:00000114-a-1#4784,NA,NA,p.Cys241Thr,-0.0325959046948287,23,0.0170194524326592
urn:mavedb:00000114-a-1#4785,NA,NA,p.Cys241Val,-0.0234088527397773,32,0.016647110263633
urn:mavedb:00000114-a-1#4786,NA,NA,p.Cys241Trp,-0.0285049196121107,33,0.0102353845599577
urn:mavedb:00000114-a-1#4787,NA,NA,p.Cys241Tyr,-0.0207469966708369,35,0.0230356545452407
urn:mavedb:00000114-a-1#4788,NA,NA,p.Thr242Ter,0.0531424182808088,21,0.152173370137782
urn:mavedb:00000114-a-1#4789,NA,NA,p.Thr242Ala,1.07584167771232,25,0.0524012145535871
urn:mavedb:00000114-a-1#4790,NA,NA,p.Thr242Cys,1.0833565168181,44,0.0413260013666538
urn:mavedb:00000114-a-1#4791,NA,NA,p.Thr242Asp,1.06910753310864,22,0.057108828017752
urn:mavedb:00000114-a-1#4792,NA,NA,p.Thr242Glu,1.0574609173544,28,0.0562100239297068
urn:mavedb:00000114-a-1#4793,NA,NA,p.Thr242Phe,1.02766100844825,22,0.042380899081166
urn:mavedb:00000114-a-1#4794,NA,NA,p.Thr242Gly,1.06528391633028,29,0.0651129987077532
urn:mavedb:00000114-a-1#4795,NA,NA,p.Thr242His,1.08047605808633,22,0.0780201122374365
urn:mavedb:00000114-a-1#4796,NA,NA,p.Thr242Ile,0.767789691558888,20,0.0532073476603131
urn:mavedb:00000114-a-1#4797,NA,NA,p.Thr242Lys,0.987614348114295,29,0.0561494165091009
urn:mavedb:00000114-a-1#4798,NA,NA,p.Thr242Leu,1.05144988360766,16,0.0690012458532804
urn:mavedb:00000114-a-1#4799,NA,NA,p.Thr242Met,1.0483627067584,25,0.0544842385000039
urn:mavedb:00000114-a-1#4800,NA,NA,p.Thr242Asn,1.08419296823464,29,0.0357492119755013
urn:mavedb:00000114-a-1#4801,NA,NA,p.Thr242Pro,0.131906818374644,18,0.0431496903092724
urn:mavedb:00000114-a-1#4802,NA,NA,p.Thr242Gln,1.06489780008447,29,0.0535160165123654
urn:mavedb:00000114-a-1#4803,NA,NA,p.Thr242Arg,0.977479357790825,25,0.0626037350861631
urn:mavedb:00000114-a-1#4804,NA,NA,p.Thr242Ser,1.0756138017876,26,0.0553114002170614
urn:mavedb:00000114-a-1#4805,NA,NA,p.Thr242Val,0.833004461248737,24,0.0458451900432279
urn:mavedb:00000114-a-1#4806,NA,NA,p.Thr242Trp,0.969794135988615,20,0.0451428907792767
urn:mavedb:00000114-a-1#4807,NA,NA,p.Thr242Tyr,1.03489784846824,26,0.0358005783166541
urn:mavedb:00000114-a-1#4808,NA,NA,p.Asp243Ter,0.0808799233311699,26,0.199480481343483
urn:mavedb:00000114-a-1#4809,NA,NA,p.Asp243Ala,1.01992778914789,28,0.0513279492629483
urn:mavedb:00000114-a-1#4810,NA,NA,p.Asp243Cys,1.01023413757207,27,0.0453682598498919
urn:mavedb:00000114-a-1#4811,NA,NA,p.Asp243Glu,1.12984167612902,19,0.0557387775637341
urn:mavedb:00000114-a-1#4812,NA,NA,p.Asp243Phe,0.960236542669955,20,0.0425906785416006
urn:mavedb:00000114-a-1#4813,NA,NA,p.Asp243Gly,0.966161744654945,12,0.0492956839076242
urn:mavedb:00000114-a-1#4814,NA,NA,p.Asp243His,1.02333224866328,29,0.0518875027154723
urn:mavedb:00000114-a-1#4815,NA,NA,p.Asp243Ile,0.8866006674278,27,0.0491713923915853
urn:mavedb:00000114-a-1#4816,NA,NA,p.Asp243Lys,1.00031198126615,27,0.0409297763137485
urn:mavedb:00000114-a-1#4817,NA,NA,p.Asp243Leu,1.01794292377201,34,0.0598023272154152
urn:mavedb:00000114-a-1#4818,NA,NA,p.Asp243Met,1.03201967838161,35,0.0371940939362214
urn:mavedb:00000114-a-1#4819,NA,NA,p.Asp243Asn,1.0692913767214,27,0.0500028850146039
urn:mavedb:00000114-a-1#4820,NA,NA,p.Asp243Pro,-0.0194567914285325,21,0.030525876235679
urn:mavedb:00000114-a-1#4821,NA,NA,p.Asp243Gln,1.08857777599673,7,0.0988940479972214
urn:mavedb:00000114-a-1#4822,NA,NA,p.Asp243Arg,0.998620861276215,30,0.0553691748728093
urn:mavedb:00000114-a-1#4823,NA,NA,p.Asp243Ser,1.04056208145209,28,0.0548748713008739
urn:mavedb:00000114-a-1#4824,NA,NA,p.Asp243Thr,1.01312009555038,32,0.049007205011335
urn:mavedb:00000114-a-1#4825,NA,NA,p.Asp243Val,0.919111979027652,43,0.0776598110354829
urn:mavedb:00000114-a-1#4826,NA,NA,p.Asp243Trp,0.900856984328821,30,0.041801187182994
urn:mavedb:00000114-a-1#4827,NA,NA,p.Asp243Tyr,0.977427927326345,34,0.0469993697672872
urn:mavedb:00000114-a-1#4828,NA,NA,p.Val244Ter,0.036077532332674,28,0.0904797103245554
urn:mavedb:00000114-a-1#4829,NA,NA,p.Val244Ala,0.801102936434468,33,0.0539759636716253
urn:mavedb:00000114-a-1#4830,NA,NA,p.Val244Cys,0.537021148329717,22,0.0372026312810198
urn:mavedb:00000114-a-1#4831,NA,NA,p.Val244Asp,0.376362376597252,33,0.0481132431795894
urn:mavedb:00000114-a-1#4832,NA,NA,p.Val244Glu,0.557450812950962,35,0.0630944857320053
urn:mavedb:00000114-a-1#4833,NA,NA,p.Val244Phe,0.605665325885163,25,0.0695347780040297
urn:mavedb:00000114-a-1#4834,NA,NA,p.Val244Gly,0.124677705002626,23,0.0405544969620649
urn:mavedb:00000114-a-1#4835,NA,NA,p.Val244His,0.557139896315367,27,0.0718099576893559
urn:mavedb:00000114-a-1#4836,NA,NA,p.Val244Ile,1.00733181436387,28,0.044455121515075
urn:mavedb:00000114-a-1#4837,NA,NA,p.Val244Lys,0.808407939968598,22,0.0584786191432006
urn:mavedb:00000114-a-1#4838,NA,NA,p.Val244Leu,0.756094094121967,29,0.047357521087532
urn:mavedb:00000114-a-1#4839,NA,NA,p.Val244Met,0.689831236826811,25,0.062041550887064
urn:mavedb:00000114-a-1#4840,NA,NA,p.Val244Asn,0.730261857917646,29,0.0501577493117867
urn:mavedb:00000114-a-1#4841,NA,NA,p.Val244Pro,0.570349393290626,31,0.0563392635418525
urn:mavedb:00000114-a-1#4842,NA,NA,p.Val244Gln,0.747664905806199,33,0.0438632215929935
urn:mavedb:00000114-a-1#4843,NA,NA,p.Val244Arg,0.823471234957569,29,0.0536648079215973
urn:mavedb:00000114-a-1#4844,NA,NA,p.Val244Ser,0.719268248732455,15,0.0587421142590067
urn:mavedb:00000114-a-1#4845,NA,NA,p.Val244Thr,0.858220822471768,23,0.0622160983497108
urn:mavedb:00000114-a-1#4846,NA,NA,p.Val244Trp,0.377638817872771,29,0.0536663383067902
urn:mavedb:00000114-a-1#4847,NA,NA,p.Val244Tyr,0.647697787009878,26,0.0545146317134122
urn:mavedb:00000114-a-1#4848,NA,NA,p.Arg245Ter,0.0208120926657073,19,0.096514183288893
urn:mavedb:00000114-a-1#4849,NA,NA,p.Arg245Ala,0.98040545510965,28,0.0415883446067599
urn:mavedb:00000114-a-1#4850,NA,NA,p.Arg245Cys,0.981147122219836,36,0.0506488451926583
urn:mavedb:00000114-a-1#4851,NA,NA,p.Arg245Asp,0.450139120569595,24,0.0412151252068392
urn:mavedb:00000114-a-1#4852,NA,NA,p.Arg245Glu,0.474295996505772,26,0.0707857242281903
urn:mavedb:00000114-a-1#4853,NA,NA,p.Arg245Phe,0.370300405796298,35,0.0520389279780686
urn:mavedb:00000114-a-1#4854,NA,NA,p.Arg245Gly,0.596927623088409,30,0.0381136850369351
urn:mavedb:00000114-a-1#4855,NA,NA,p.Arg245His,0.894003525991935,21,0.0558129106913148
urn:mavedb:00000114-a-1#4856,NA,NA,p.Arg245Ile,0.585436863512273,27,0.0574746397581653
urn:mavedb:00000114-a-1#4857,NA,NA,p.Arg245Lys,1.00786562461104,34,0.0739256709245131
urn:mavedb:00000114-a-1#4858,NA,NA,p.Arg245Leu,0.620812543153338,21,0.0622371004555313
urn:mavedb:00000114-a-1#4859,NA,NA,p.Arg245Met,0.69497335507987,24,0.0374680376382193
urn:mavedb:00000114-a-1#4860,NA,NA,p.Arg245Asn,0.782339397377041,31,0.0505944199043227
urn:mavedb:00000114-a-1#4861,NA,NA,p.Arg245Pro,0.016013711582074,36,0.0272821141482031
urn:mavedb:00000114-a-1#4862,NA,NA,p.Arg245Gln,0.827726900394847,26,0.0476494691171827
urn:mavedb:00000114-a-1#4863,NA,NA,p.Arg245Ser,0.9459585507965,22,0.0572775880048415
urn:mavedb:00000114-a-1#4864,NA,NA,p.Arg245Thr,0.900552760769515,23,0.0459666659722914
urn:mavedb:00000114-a-1#4865,NA,NA,p.Arg245Val,0.884302146155256,36,0.0424036268544458
urn:mavedb:00000114-a-1#4866,NA,NA,p.Arg245Trp,0.287188464735427,32,0.0516153019465816
urn:mavedb:00000114-a-1#4867,NA,NA,p.Arg245Tyr,0.450599900253191,27,0.0521167719658896
urn:mavedb:00000114-a-1#4868,NA,NA,p.Ser246Ter,0.0431541006827034,37,0.120277779589498
urn:mavedb:00000114-a-1#4869,NA,NA,p.Ser246Ala,0.327570499301299,23,0.0531300181395875
urn:mavedb:00000114-a-1#4870,NA,NA,p.Ser246Cys,0.723767734722748,27,0.0737860712680814
urn:mavedb:00000114-a-1#4871,NA,NA,p.Ser246Asp,0.915939573275468,24,0.0581092315473034
urn:mavedb:00000114-a-1#4872,NA,NA,p.Ser246Glu,0.82031436202131,49,0.0425007652699425
urn:mavedb:00000114-a-1#4873,NA,NA,p.Ser246Phe,0.0516200354422291,32,0.0355114667914909
urn:mavedb:00000114-a-1#4874,NA,NA,p.Ser246Gly,0.331287910117428,32,0.0779476460129951
urn:mavedb:00000114-a-1#4875,NA,NA,p.Ser246His,0.681647652314363,19,0.0410646746697384
urn:mavedb:00000114-a-1#4876,NA,NA,p.Ser246Ile,-0.0232712534307041,28,0.0179348411249397
urn:mavedb:00000114-a-1#4877,NA,NA,p.Ser246Lys,0.407728502234984,36,0.0636643278423973
urn:mavedb:00000114-a-1#4878,NA,NA,p.Ser246Leu,-0.0201130239159208,27,0.0169332056833165
urn:mavedb:00000114-a-1#4879,NA,NA,p.Ser246Met,0.117404739556715,27,0.072855550033379
urn:mavedb:00000114-a-1#4880,NA,NA,p.Ser246Asn,0.977831510277234,18,0.064223202970575
urn:mavedb:00000114-a-1#4881,NA,NA,p.Ser246Pro,-0.0169399028502119,21,0.0214859375529542
urn:mavedb:00000114-a-1#4882,NA,NA,p.Ser246Gln,0.711421908272724,26,0.0473737550361113
urn:mavedb:00000114-a-1#4883,NA,NA,p.Ser246Arg,0.4933798109543,33,0.0573257561841023
urn:mavedb:00000114-a-1#4884,NA,NA,p.Ser246Thr,0.933246608735332,31,0.0482411233918693
urn:mavedb:00000114-a-1#4885,NA,NA,p.Ser246Val,0.0310821007941937,33,0.0377927781768906
urn:mavedb:00000114-a-1#4886,NA,NA,p.Ser246Trp,0.051534080998096,36,0.0423679143749124
urn:mavedb:00000114-a-1#4887,NA,NA,p.Ser246Tyr,0.310649117980456,38,0.0666405955679646
urn:mavedb:00000114-a-1#4888,NA,NA,p.Pro247Ter,0.0578643099064537,27,0.139425868903303
urn:mavedb:00000114-a-1#4889,NA,NA,p.Pro247Ala,0.523190620998878,26,0.054445951670906
urn:mavedb:00000114-a-1#4890,NA,NA,p.Pro247Cys,0.536058928818087,25,0.070428965364744
urn:mavedb:00000114-a-1#4891,NA,NA,p.Pro247Asp,0.0242597952301176,39,0.0239277219958027
urn:mavedb:00000114-a-1#4892,NA,NA,p.Pro247Glu,0.711669622745983,29,0.0705028729512367
urn:mavedb:00000114-a-1#4893,NA,NA,p.Pro247Phe,0.323113350503175,33,0.0584255129151979
urn:mavedb:00000114-a-1#4894,NA,NA,p.Pro247Gly,-0.0138184676444837,28,0.0282441783247814
urn:mavedb:00000114-a-1#4895,NA,NA,p.Pro247His,0.787653553074624,23,0.0946381640354181
urn:mavedb:00000114-a-1#4896,NA,NA,p.Pro247Ile,0.78634652620268,19,0.0970980097733636
urn:mavedb:00000114-a-1#4897,NA,NA,p.Pro247Lys,0.720573411925258,32,0.0379716261454639
urn:mavedb:00000114-a-1#4898,NA,NA,p.Pro247Leu,0.735569211778053,36,0.0392598255753574
urn:mavedb:00000114-a-1#4899,NA,NA,p.Pro247Met,0.737829344824913,32,0.0350664496273672
urn:mavedb:00000114-a-1#4900,NA,NA,p.Pro247Asn,0.392173874831462,28,0.0389111535488273
urn:mavedb:00000114-a-1#4901,NA,NA,p.Pro247Gln,0.759962198754375,31,0.0621069451027344
urn:mavedb:00000114-a-1#4902,NA,NA,p.Pro247Arg,0.666215231703776,24,0.0472693866771168
urn:mavedb:00000114-a-1#4903,NA,NA,p.Pro247Ser,0.476232611974498,31,0.0390906634958921
urn:mavedb:00000114-a-1#4904,NA,NA,p.Pro247Thr,0.788771348894141,30,0.0463602380835312
urn:mavedb:00000114-a-1#4905,NA,NA,p.Pro247Val,0.798832747451999,28,0.0612872556369683
urn:mavedb:00000114-a-1#4906,NA,NA,p.Pro247Trp,0.262157826056131,31,0.0570927625253675
urn:mavedb:00000114-a-1#4907,NA,NA,p.Pro247Tyr,0.436002096693363,25,0.0521501292388448
urn:mavedb:00000114-a-1#4908,NA,NA,p.Val248Ter,0.105689519942063,23,0.19546722793035
urn:mavedb:00000114-a-1#4909,NA,NA,p.Val248Ala,0.270276858767635,26,0.0618400962027164
urn:mavedb:00000114-a-1#4910,NA,NA,p.Val248Cys,0.742082449657012,16,0.0651942944511858
urn:mavedb:00000114-a-1#4911,NA,NA,p.Val248Asp,-0.023758425014075,28,0.0201064291574587
urn:mavedb:00000114-a-1#4912,NA,NA,p.Val248Glu,-0.0222306876702501,26,0.0236216604625179
urn:mavedb:00000114-a-1#4913,NA,NA,p.Val248Phe,-0.0140681017538514,28,0.0206049253508585
urn:mavedb:00000114-a-1#4914,NA,NA,p.Val248Gly,-0.0320749628314364,24,0.013675367779074
urn:mavedb:00000114-a-1#4915,NA,NA,p.Val248His,-0.0202587774341929,15,0.0240393004433572
urn:mavedb:00000114-a-1#4916,NA,NA,p.Val248Ile,0.923484781791192,34,0.0550249083337204
urn:mavedb:00000114-a-1#4917,NA,NA,p.Val248Lys,-0.0072770724696572,17,0.0421312116377533
urn:mavedb:00000114-a-1#4918,NA,NA,p.Val248Leu,0.63190295463953,13,0.0546397947438826
urn:mavedb:00000114-a-1#4919,NA,NA,p.Val248Met,0.4216744070617,22,0.0712863515797808
urn:mavedb:00000114-a-1#4920,NA,NA,p.Val248Asn,-0.0179614548372564,35,0.0250869017520979
urn:mavedb:00000114-a-1#4921,NA,NA,p.Val248Pro,-0.0303136116334036,17,0.0134654758288625
urn:mavedb:00000114-a-1#4922,NA,NA,p.Val248Gln,-0.0107895501523467,18,0.0335151889153827
urn:mavedb:00000114-a-1#4923,NA,NA,p.Val248Arg,-0.0350867831382425,17,0.0191592427558814
urn:mavedb:00000114-a-1#4924,NA,NA,p.Val248Ser,0.113692576666811,13,0.0676577836414031
urn:mavedb:00000114-a-1#4925,NA,NA,p.Val248Thr,0.196408696760505,30,0.051793705722947
urn:mavedb:00000114-a-1#4926,NA,NA,p.Val248Trp,-0.0130360350994532,24,0.0313080105811009
urn:mavedb:00000114-a-1#4927,NA,NA,p.Val248Tyr,-0.0266491305942989,34,0.0172888714765115
urn:mavedb:00000114-a-1#4928,NA,NA,p.Leu249Ter,0.0162446660923044,30,0.0693279617020177
urn:mavedb:00000114-a-1#4929,NA,NA,p.Leu249Ala,0.0029158972198138,26,0.0235772871431346
urn:mavedb:00000114-a-1#4930,NA,NA,p.Leu249Cys,0.365837790299323,27,0.0715153488882594
urn:mavedb:00000114-a-1#4931,NA,NA,p.Leu249Asp,-0.0248745906401368,19,0.0188575632021905
urn:mavedb:00000114-a-1#4932,NA,NA,p.Leu249Glu,-0.0250035331340441,29,0.0161202322798502
urn:mavedb:00000114-a-1#4933,NA,NA,p.Leu249Phe,1.00975636426131,28,0.0375514227806458
urn:mavedb:00000114-a-1#4934,NA,NA,p.Leu249Gly,-0.0179596150950709,23,0.0164880581504227
urn:mavedb:00000114-a-1#4935,NA,NA,p.Leu249His,-0.0065034594690854,16,0.034591273815357
urn:mavedb:00000114-a-1#4936,NA,NA,p.Leu249Ile,1.0052064954597,26,0.065715650561341
urn:mavedb:00000114-a-1#4937,NA,NA,p.Leu249Lys,-0.0163522406151782,33,0.0154381847184353
urn:mavedb:00000114-a-1#4938,NA,NA,p.Leu249Met,0.941476794626097,25,0.0916609245234474
urn:mavedb:00000114-a-1#4939,NA,NA,p.Leu249Asn,-0.0227033216209207,28,0.0199193585431634
urn:mavedb:00000114-a-1#4940,NA,NA,p.Leu249Pro,-0.0154680402098621,24,0.0235188191336226
urn:mavedb:00000114-a-1#4941,NA,NA,p.Leu249Gln,-0.0310789043728725,17,0.0130762698665667
urn:mavedb:00000114-a-1#4942,NA,NA,p.Leu249Arg,-0.0199970782036391,27,0.0150027022474751
urn:mavedb:00000114-a-1#4943,NA,NA,p.Leu249Ser,-0.0143994274975214,27,0.0232330497301
urn:mavedb:00000114-a-1#4944,NA,NA,p.Leu249Thr,-0.0272831998706824,20,0.0143832519420591
urn:mavedb:00000114-a-1#4945,NA,NA,p.Leu249Val,0.887769850643722,22,0.0423330100832484
urn:mavedb:00000114-a-1#4946,NA,NA,p.Leu249Trp,-0.0081975066563853,25,0.0327125291934256
urn:mavedb:00000114-a-1#4947,NA,NA,p.Leu249Tyr,0.174008396429779,23,0.0582925010949042
urn:mavedb:00000114-a-1#4948,NA,NA,p.Val250Ter,0.0091367009896239,29,0.0692689434571396
urn:mavedb:00000114-a-1#4949,NA,NA,p.Val250Ala,0.397357602635405,46,0.0803432514770145
urn:mavedb:00000114-a-1#4950,NA,NA,p.Val250Cys,0.603352991213651,20,0.0822382344845687
urn:mavedb:00000114-a-1#4951,NA,NA,p.Val250Asp,-0.0236944321903825,34,0.0165800554346725
urn:mavedb:00000114-a-1#4952,NA,NA,p.Val250Glu,-0.027811630712231,37,0.0152287310062682
urn:mavedb:00000114-a-1#4953,NA,NA,p.Val250Phe,0.0531111792603363,31,0.0540238913420829
urn:mavedb:00000114-a-1#4954,NA,NA,p.Val250Gly,-0.0091930616570286,39,0.02680582815283
urn:mavedb:00000114-a-1#4955,NA,NA,p.Val250His,0.190317958724971,15,0.0529846445715433
urn:mavedb:00000114-a-1#4956,NA,NA,p.Val250Ile,1.02083787791928,42,0.0418754217792528
urn:mavedb:00000114-a-1#4957,NA,NA,p.Val250Lys,0.704909021112025,42,0.0579923041237824
urn:mavedb:00000114-a-1#4958,NA,NA,p.Val250Leu,1.03432947750144,3,0.278247124840033
urn:mavedb:00000114-a-1#4959,NA,NA,p.Val250Met,0.916812907797585,30,0.0627333315580233
urn:mavedb:00000114-a-1#4960,NA,NA,p.Val250Asn,0.0321497155589999,35,0.0322725209350835
urn:mavedb:00000114-a-1#4961,NA,NA,p.Val250Pro,-0.0156058122244951,32,0.0186977493166605
urn:mavedb:00000114-a-1#4962,NA,NA,p.Val250Gln,0.432838587647965,32,0.0826018417597849
urn:mavedb:00000114-a-1#4963,NA,NA,p.Val250Arg,0.923901438479396,28,0.0788652379556991
urn:mavedb:00000114-a-1#4964,NA,NA,p.Val250Ser,0.127183181722318,32,0.0576416230326928
urn:mavedb:00000114-a-1#4965,NA,NA,p.Val250Thr,0.750738136362593,36,0.0827224021108659
urn:mavedb:00000114-a-1#4966,NA,NA,p.Val250Trp,-0.0184056798535329,30,0.0126735872046211
urn:mavedb:00000114-a-1#4967,NA,NA,p.Val250Tyr,0.0881131637776146,31,0.0593851885234213
urn:mavedb:00000114-a-1#4968,NA,NA,p.Phe251Ter,0.0435611522012378,30,0.128755416706666
urn:mavedb:00000114-a-1#4969,NA,NA,p.Phe251Ala,-0.0026139976736861,19,0.0359682141530774
urn:mavedb:00000114-a-1#4970,NA,NA,p.Phe251Cys,-0.0163059721189145,26,0.0203791658543023
urn:mavedb:00000114-a-1#4971,NA,NA,p.Phe251Asp,-0.0154284342947124,24,0.0220827903848509
urn:mavedb:00000114-a-1#4972,NA,NA,p.Phe251Glu,-0.024869282641091,28,0.0155928545974896
urn:mavedb:00000114-a-1#4973,NA,NA,p.Phe251Gly,-0.0180471662252464,20,0.0299899225996973
urn:mavedb:00000114-a-1#4974,NA,NA,p.Phe251Ile,-0.0154898999269381,27,0.0199146513029661
urn:mavedb:00000114-a-1#4975,NA,NA,p.Phe251Lys,-0.0228354516368965,24,0.0236883950121688
urn:mavedb:00000114-a-1#4976,NA,NA,p.Phe251Leu,0.0709084073932238,4,0.0923624115409313
urn:mavedb:00000114-a-1#4977,NA,NA,p.Phe251Met,0.586707535968431,31,0.0616161869143637
urn:mavedb:00000114-a-1#4978,NA,NA,p.Phe251Asn,0.271523137340312,22,0.056903986555931
urn:mavedb:00000114-a-1#4979,NA,NA,p.Phe251Pro,-0.0442091687482288,3,0.0129794295738369
urn:mavedb:00000114-a-1#4980,NA,NA,p.Phe251Gln,0.305974506424452,1,0.214600611733756
urn:mavedb:00000114-a-1#4981,NA,NA,p.Phe251Arg,-0.0192018955262365,37,0.0185272231297574
urn:mavedb:00000114-a-1#4982,NA,NA,p.Phe251Ser,0.0785384673035574,28,0.0557692932225622
urn:mavedb:00000114-a-1#4983,NA,NA,p.Phe251Thr,-0.0118720097177249,23,0.0270693541785609
urn:mavedb:00000114-a-1#4984,NA,NA,p.Phe251Val,-0.0144442924783524,20,0.039811388439137
urn:mavedb:00000114-a-1#4985,NA,NA,p.Phe251Trp,0.847866368720899,25,0.0488053164997228
urn:mavedb:00000114-a-1#4986,NA,NA,p.Phe251Tyr,0.591643553083754,23,0.0872217106560157
urn:mavedb:00000114-a-1#4987,NA,NA,p.Gln252Ter,-0.0037273883445522,25,0.0454422343934534
urn:mavedb:00000114-a-1#4988,NA,NA,p.Gln252Ala,0.977439992196857,11,0.104525589370965
urn:mavedb:00000114-a-1#4989,NA,NA,p.Gln252Cys,0.83130478705619,21,0.0536990979256784
urn:mavedb:00000114-a-1#4990,NA,NA,p.Gln252Asp,0.93901677651724,29,0.0557732934631039
urn:mavedb:00000114-a-1#4991,NA,NA,p.Gln252Glu,1.0077005649053,25,0.0503209085274334
urn:mavedb:00000114-a-1#4992,NA,NA,p.Gln252Phe,0.264708501740157,21,0.0581763457881233
urn:mavedb:00000114-a-1#4993,NA,NA,p.Gln252Gly,0.987211961271168,32,0.0535806458304421
urn:mavedb:00000114-a-1#4994,NA,NA,p.Gln252His,0.856242075730299,24,0.073227785883033
urn:mavedb:00000114-a-1#4995,NA,NA,p.Gln252Ile,0.307646550027669,23,0.0556756138921919
urn:mavedb:00000114-a-1#4996,NA,NA,p.Gln252Lys,0.902820047444169,27,0.065883905956887
urn:mavedb:00000114-a-1#4997,NA,NA,p.Gln252Leu,0.65787529785467,18,0.0396966585714982
urn:mavedb:00000114-a-1#4998,NA,NA,p.Gln252Met,0.829651453725045,26,0.0487469649670399
urn:mavedb:00000114-a-1#4999,NA,NA,p.Gln252Asn,0.994687462281289,19,0.0674269365684051
urn:mavedb:00000114-a-1#5000,NA,NA,p.Gln252Pro,1.09267614268062,17,0.0669347227539663
urn:mavedb:00000114-a-1#5001,NA,NA,p.Gln252Arg,0.892095782066773,29,0.057689796018667
urn:mavedb:00000114-a-1#5002,NA,NA,p.Gln252Ser,0.999319944999976,23,0.0795456511175487
urn:mavedb:00000114-a-1#5003,NA,NA,p.Gln252Thr,1.00227970289902,13,0.0787404101548387
urn:mavedb:00000114-a-1#5004,NA,NA,p.Gln252Val,0.503789458884289,27,0.0591551647051035
urn:mavedb:00000114-a-1#5005,NA,NA,p.Gln252Trp,0.339995296129887,33,0.0691128473650071
urn:mavedb:00000114-a-1#5006,NA,NA,p.Gln252Tyr,0.484744920346921,31,0.0487039488466857
urn:mavedb:00000114-a-1#5007,NA,NA,p.Cys253Ter,0.0562278044300618,16,0.150023044764388
urn:mavedb:00000114-a-1#5008,NA,NA,p.Cys253Ala,-0.0197627059181444,28,0.0192045726452668
urn:mavedb:00000114-a-1#5009,NA,NA,p.Cys253Asp,-0.0232076977271939,21,0.0246502218221757
urn:mavedb:00000114-a-1#5010,NA,NA,p.Cys253Glu,-0.0214569938575517,33,0.0161988408234784
urn:mavedb:00000114-a-1#5011,NA,NA,p.Cys253Phe,-0.023070064118189,28,0.0156930733659111
urn:mavedb:00000114-a-1#5012,NA,NA,p.Cys253Gly,-0.0191774458610443,27,0.0186868111558934
urn:mavedb:00000114-a-1#5013,NA,NA,p.Cys253His,-0.0217312131364561,28,0.0165519627330459
urn:mavedb:00000114-a-1#5014,NA,NA,p.Cys253Ile,-0.0188463993812498,20,0.0272435770929117
urn:mavedb:00000114-a-1#5015,NA,NA,p.Cys253Lys,-0.0179896901464665,35,0.0169006548802494
urn:mavedb:00000114-a-1#5016,NA,NA,p.Cys253Leu,-0.0222077328858982,23,0.0268691190025188
urn:mavedb:00000114-a-1#5017,NA,NA,p.Cys253Met,-0.0151762164810831,35,0.0260550637032864
urn:mavedb:00000114-a-1#5018,NA,NA,p.Cys253Asn,-0.0298349637903495,26,0.0161982513763429
urn:mavedb:00000114-a-1#5019,NA,NA,p.Cys253Pro,-0.0260585926840212,34,0.0200504522116757
urn:mavedb:00000114-a-1#5020,NA,NA,p.Cys253Gln,-0.0228730183334183,22,0.0155516168927616
urn:mavedb:00000114-a-1#5021,NA,NA,p.Cys253Arg,-0.0280446194346945,17,0.0212189207472015
urn:mavedb:00000114-a-1#5022,NA,NA,p.Cys253Ser,-0.0256227114494588,26,0.0198673488260893
urn:mavedb:00000114-a-1#5023,NA,NA,p.Cys253Thr,-0.0311765623140739,29,0.0076901692480933
urn:mavedb:00000114-a-1#5024,NA,NA,p.Cys253Val,-0.0220809712129276,33,0.0091445321667484
urn:mavedb:00000114-a-1#5025,NA,NA,p.Cys253Trp,-0.0188670622125916,28,0.0176655456813699
urn:mavedb:00000114-a-1#5026,NA,NA,p.Cys253Tyr,-0.0307989463791483,28,0.0141614299598927
urn:mavedb:00000114-a-1#5027,NA,NA,p.Asn254Ter,0.0374840011394738,42,0.0824530882680204
urn:mavedb:00000114-a-1#5028,NA,NA,p.Asn254Ala,1.05627076480661,14,0.0644537361626388
urn:mavedb:00000114-a-1#5029,NA,NA,p.Asn254Cys,0.83037802924447,32,0.0653219692245537
urn:mavedb:00000114-a-1#5030,NA,NA,p.Asn254Asp,1.03989889984618,23,0.0436122974395258
urn:mavedb:00000114-a-1#5031,NA,NA,p.Asn254Glu,1.0609382827435,29,0.0443259275296826
urn:mavedb:00000114-a-1#5032,NA,NA,p.Asn254Phe,0.921183600756861,42,0.0359338159048928
urn:mavedb:00000114-a-1#5033,NA,NA,p.Asn254Gly,0.961410589422515,26,0.0605300015106057
urn:mavedb:00000114-a-1#5034,NA,NA,p.Asn254His,0.964291626320415,17,0.0594218113804979
urn:mavedb:00000114-a-1#5035,NA,NA,p.Asn254Ile,0.935998025704206,27,0.073915995371631
urn:mavedb:00000114-a-1#5036,NA,NA,p.Asn254Lys,1.02881079691629,37,0.0420068372002747
urn:mavedb:00000114-a-1#5037,NA,NA,p.Asn254Leu,0.946093385095899,18,0.0891017225875956
urn:mavedb:00000114-a-1#5038,NA,NA,p.Asn254Met,0.961586548828565,28,0.0636982943667183
urn:mavedb:00000114-a-1#5039,NA,NA,p.Asn254Pro,1.01477063008697,21,0.0602966056135344
urn:mavedb:00000114-a-1#5040,NA,NA,p.Asn254Gln,1.03517665794695,34,0.0510885265501456
urn:mavedb:00000114-a-1#5041,NA,NA,p.Asn254Arg,0.937363835708179,24,0.0401050960866426
urn:mavedb:00000114-a-1#5042,NA,NA,p.Asn254Ser,0.982253408460388,19,0.0776173679219396
urn:mavedb:00000114-a-1#5043,NA,NA,p.Asn254Thr,0.959214711881211,5,0.105930173546086
urn:mavedb:00000114-a-1#5044,NA,NA,p.Asn254Val,0.959319863995356,31,0.0383788772329174
urn:mavedb:00000114-a-1#5045,NA,NA,p.Asn254Trp,0.805001186858247,33,0.0601724914112382
urn:mavedb:00000114-a-1#5046,NA,NA,p.Asn254Tyr,0.9050322779885,27,0.0791249361715898
urn:mavedb:00000114-a-1#5047,NA,NA,p.Ser255Ter,0.0297722234955225,42,0.0920605886384759
urn:mavedb:00000114-a-1#5048,NA,NA,p.Ser255Ala,0.993537073776413,4,0.11029193940518
urn:mavedb:00000114-a-1#5049,NA,NA,p.Ser255Cys,0.827634950120028,37,0.0544197926433109
urn:mavedb:00000114-a-1#5050,NA,NA,p.Ser255Asp,1.08773236911346,22,0.0575533626127415
urn:mavedb:00000114-a-1#5051,NA,NA,p.Ser255Glu,1.060703274066,42,0.0405444078071997
urn:mavedb:00000114-a-1#5052,NA,NA,p.Ser255Phe,0.931869187597816,35,0.0651566297143613
urn:mavedb:00000114-a-1#5053,NA,NA,p.Ser255Gly,0.800168547251901,30,0.0503197768818943
urn:mavedb:00000114-a-1#5054,NA,NA,p.Ser255His,0.880664816357235,29,0.0482659939976028
urn:mavedb:00000114-a-1#5055,NA,NA,p.Ser255Ile,0.479595086926576,23,0.0611668338125171
urn:mavedb:00000114-a-1#5056,NA,NA,p.Ser255Lys,1.0116883103203,25,0.0511637492920635
urn:mavedb:00000114-a-1#5057,NA,NA,p.Ser255Leu,0.918285271095919,34,0.0541819189974423
urn:mavedb:00000114-a-1#5058,NA,NA,p.Ser255Met,0.916654671378302,33,0.079250931216125
urn:mavedb:00000114-a-1#5059,NA,NA,p.Ser255Asn,0.95791066650333,27,0.0467795085213678
urn:mavedb:00000114-a-1#5060,NA,NA,p.Ser255Gln,0.980318181378039,36,0.0758879147896088
urn:mavedb:00000114-a-1#5061,NA,NA,p.Ser255Arg,0.893137101275898,24,0.0604734561733931
urn:mavedb:00000114-a-1#5062,NA,NA,p.Ser255Val,0.823383684594321,33,0.0450750601609658
urn:mavedb:00000114-a-1#5063,NA,NA,p.Ser255Trp,0.864665052472575,23,0.0639403389720306
urn:mavedb:00000114-a-1#5064,NA,NA,p.Ser255Tyr,0.931557576792543,23,0.0560481256290181
urn:mavedb:00000114-a-1#5065,NA,NA,p.Arg256Ter,0.0336639502290246,30,0.0921521369421319
urn:mavedb:00000114-a-1#5066,NA,NA,p.Arg256Ala,0.901822874117599,36,0.0280922429141787
urn:mavedb:00000114-a-1#5067,NA,NA,p.Arg256Cys,0.535553834325303,26,0.0642569260905761
urn:mavedb:00000114-a-1#5068,NA,NA,p.Arg256Asp,0.0093837675462983,22,0.0261770481194756
urn:mavedb:00000114-a-1#5069,NA,NA,p.Arg256Glu,0.558245657180924,28,0.0899332787672661
urn:mavedb:00000114-a-1#5070,NA,NA,p.Arg256Phe,0.619042234453264,30,0.0728091260202873
urn:mavedb:00000114-a-1#5071,NA,NA,p.Arg256Gly,0.820716839245181,24,0.0706822948555439
urn:mavedb:00000114-a-1#5072,NA,NA,p.Arg256His,0.938310725883386,28,0.0441860277493822
urn:mavedb:00000114-a-1#5073,NA,NA,p.Arg256Ile,-0.0281317670086166,32,0.0101049091442033
urn:mavedb:00000114-a-1#5074,NA,NA,p.Arg256Lys,1.05850121062248,28,0.0649259210279518
urn:mavedb:00000114-a-1#5075,NA,NA,p.Arg256Leu,0.818091351409833,26,0.0405769553004873
urn:mavedb:00000114-a-1#5076,NA,NA,p.Arg256Met,0.898188611460034,28,0.0550776187662284
urn:mavedb:00000114-a-1#5077,NA,NA,p.Arg256Asn,0.927493780917428,28,0.0602510100657674
urn:mavedb:00000114-a-1#5078,NA,NA,p.Arg256Pro,-0.0209090791580735,25,0.0159565617584044
urn:mavedb:00000114-a-1#5079,NA,NA,p.Arg256Gln,0.977056326337346,23,0.045174661923407
urn:mavedb:00000114-a-1#5080,NA,NA,p.Arg256Ser,0.868285449526329,28,0.0435430915144767
urn:mavedb:00000114-a-1#5081,NA,NA,p.Arg256Thr,0.72298216593168,26,0.0837462275705671
urn:mavedb:00000114-a-1#5082,NA,NA,p.Arg256Val,-0.0185108922185646,32,0.0129794826414213
urn:mavedb:00000114-a-1#5083,NA,NA,p.Arg256Trp,0.128110937085551,36,0.0558225364760406
urn:mavedb:00000114-a-1#5084,NA,NA,p.Arg256Tyr,0.616908998451627,34,0.064990269305551
urn:mavedb:00000114-a-1#5085,NA,NA,p.His257Ter,0.0203592106219277,22,0.074920389130407
urn:mavedb:00000114-a-1#5086,NA,NA,p.His257Ala,-0.0286213588195594,21,0.0148485593704127
urn:mavedb:00000114-a-1#5087,NA,NA,p.His257Cys,-0.0087178953869767,12,0.0280441106275222
urn:mavedb:00000114-a-1#5088,NA,NA,p.His257Asp,-0.022882968462273,24,0.0180074531232398
urn:mavedb:00000114-a-1#5089,NA,NA,p.His257Glu,-0.0294922512578217,20,0.014121779408853
urn:mavedb:00000114-a-1#5090,NA,NA,p.His257Phe,-0.01968231568326,24,0.019177611014929
urn:mavedb:00000114-a-1#5091,NA,NA,p.His257Gly,-0.0296618764166628,21,0.0082720553367868
urn:mavedb:00000114-a-1#5092,NA,NA,p.His257Ile,-0.0334864710070192,13,0.0153911432739582
urn:mavedb:00000114-a-1#5093,NA,NA,p.His257Lys,-0.0359456713788617,28,0.0117746061538176
urn:mavedb:00000114-a-1#5094,NA,NA,p.His257Leu,-0.021991340226486,20,0.0145104596204234
urn:mavedb:00000114-a-1#5095,NA,NA,p.His257Met,-0.02092983237663,25,0.0208570872076353
urn:mavedb:00000114-a-1#5096,NA,NA,p.His257Asn,-0.0348681772181798,17,0.0148413946478778
urn:mavedb:00000114-a-1#5097,NA,NA,p.His257Pro,-0.0269983587429173,10,0.0216968202411147
urn:mavedb:00000114-a-1#5098,NA,NA,p.His257Gln,-0.0085140463707414,15,0.0373479125741752
urn:mavedb:00000114-a-1#5099,NA,NA,p.His257Arg,-0.0239343992552619,14,0.020356133177589
urn:mavedb:00000114-a-1#5100,NA,NA,p.His257Ser,-0.0213395387254771,21,0.0228309113407797
urn:mavedb:00000114-a-1#5101,NA,NA,p.His257Thr,-0.028916857900567,25,0.0132456052134765
urn:mavedb:00000114-a-1#5102,NA,NA,p.His257Val,-0.021885838405816,24,0.0189185225116315
urn:mavedb:00000114-a-1#5103,NA,NA,p.His257Trp,-0.0258181768564963,29,0.0145858430244238
urn:mavedb:00000114-a-1#5104,NA,NA,p.His257Tyr,-0.0196588655830382,24,0.0179306556166037
urn:mavedb:00000114-a-1#5105,NA,NA,p.Val258Ter,0.0499702699599305,10,0.122609100249705
urn:mavedb:00000114-a-1#5106,NA,NA,p.Val258Ala,0.84764417730968,24,0.0923870305291671
urn:mavedb:00000114-a-1#5107,NA,NA,p.Val258Cys,0.934873962841786,26,0.0382352257966566
urn:mavedb:00000114-a-1#5108,NA,NA,p.Val258Asp,-0.0091025200437733,18,0.040165620668442
urn:mavedb:00000114-a-1#5109,NA,NA,p.Val258Glu,-0.027870337781521,31,0.0104561045951163
urn:mavedb:00000114-a-1#5110,NA,NA,p.Val258Phe,-0.0268603207120823,22,0.02169636167973
urn:mavedb:00000114-a-1#5111,NA,NA,p.Val258Gly,-0.0127290614330676,26,0.0250655490000035
urn:mavedb:00000114-a-1#5112,NA,NA,p.Val258His,0.0057192885674036,24,0.0171023236103586
urn:mavedb:00000114-a-1#5113,NA,NA,p.Val258Ile,0.739161451417925,27,0.0564687478624803
urn:mavedb:00000114-a-1#5114,NA,NA,p.Val258Lys,-0.0234221794731559,31,0.0103672959799802
urn:mavedb:00000114-a-1#5115,NA,NA,p.Val258Leu,0.35551701365086,33,0.0625711579402909
urn:mavedb:00000114-a-1#5116,NA,NA,p.Val258Met,0.15314232615475,20,0.0872598839280162
urn:mavedb:00000114-a-1#5117,NA,NA,p.Val258Asn,-0.0030090476732066,35,0.0225541194381522
urn:mavedb:00000114-a-1#5118,NA,NA,p.Val258Pro,-0.0166359094390113,50,0.0180862470452513
urn:mavedb:00000114-a-1#5119,NA,NA,p.Val258Gln,-0.0196081917489633,30,0.021046001865969
urn:mavedb:00000114-a-1#5120,NA,NA,p.Val258Arg,-0.018600135487346,16,0.0324232763134105
urn:mavedb:00000114-a-1#5121,NA,NA,p.Val258Ser,0.724075082650504,24,0.0543341593050843
urn:mavedb:00000114-a-1#5122,NA,NA,p.Val258Thr,0.899498658582274,28,0.0352737560153202
urn:mavedb:00000114-a-1#5123,NA,NA,p.Val258Trp,-0.0110128425431183,39,0.0199450352893418
urn:mavedb:00000114-a-1#5124,NA,NA,p.Val258Tyr,-0.0214578811801796,27,0.0138900697203677
urn:mavedb:00000114-a-1#5125,NA,NA,p.Ile259Ter,0.0853378959907394,20,0.249565414302417
urn:mavedb:00000114-a-1#5126,NA,NA,p.Ile259Ala,0.264026338613758,5,0.0919070612065815
urn:mavedb:00000114-a-1#5127,NA,NA,p.Ile259Cys,0.734758259972725,6,0.0945423127143039
urn:mavedb:00000114-a-1#5128,NA,NA,p.Ile259Asp,-0.0187425612324473,14,0.0244435636259674
urn:mavedb:00000114-a-1#5129,NA,NA,p.Ile259Glu,-0.0264575180076875,7,0.0245549295728287
urn:mavedb:00000114-a-1#5130,NA,NA,p.Ile259Phe,-0.0220036242601566,25,0.0130420488006746
urn:mavedb:00000114-a-1#5131,NA,NA,p.Ile259Gly,-0.0219622933383527,23,0.0171511277057703
urn:mavedb:00000114-a-1#5132,NA,NA,p.Ile259His,-0.0270121003988434,21,0.0176324883337971
urn:mavedb:00000114-a-1#5133,NA,NA,p.Ile259Lys,-0.0267808040942949,6,0.0243840292943087
urn:mavedb:00000114-a-1#5134,NA,NA,p.Ile259Leu,0.866863388138615,4,0.12082522948749
urn:mavedb:00000114-a-1#5135,NA,NA,p.Ile259Met,0.92653038749945,4,0.112744271620998
urn:mavedb:00000114-a-1#5136,NA,NA,p.Ile259Asn,-0.0136148027179366,26,0.0263007849469622
urn:mavedb:00000114-a-1#5137,NA,NA,p.Ile259Pro,-0.0270705743942763,16,0.0216129245478114
urn:mavedb:00000114-a-1#5138,NA,NA,p.Ile259Gln,0.91671449719298,7,0.0748154194382228
urn:mavedb:00000114-a-1#5139,NA,NA,p.Ile259Arg,-0.0345160877063504,19,0.0196645424286421
urn:mavedb:00000114-a-1#5140,NA,NA,p.Ile259Ser,0.376061970110429,27,0.0581907315599999
urn:mavedb:00000114-a-1#5141,NA,NA,p.Ile259Thr,0.509904494719056,19,0.0454949106613266
urn:mavedb:00000114-a-1#5142,NA,NA,p.Ile259Val,0.854783712485419,8,0.0821258540297054
urn:mavedb:00000114-a-1#5143,NA,NA,p.Ile259Trp,-0.0174290290606493,12,0.0274233581026534
urn:mavedb:00000114-a-1#5144,NA,NA,p.Ile259Tyr,-0.0194794249881054,22,0.0175019872109572
urn:mavedb:00000114-a-1#5145,NA,NA,p.Cys260Ter,0.0549358167609958,31,0.130105775986031
urn:mavedb:00000114-a-1#5146,NA,NA,p.Cys260Ala,-0.0177138009806464,27,0.0218497608572864
urn:mavedb:00000114-a-1#5147,NA,NA,p.Cys260Asp,-0.0321606164139392,21,0.0107872586295735
urn:mavedb:00000114-a-1#5148,NA,NA,p.Cys260Glu,-0.0286827570106669,25,0.0115479501686648
urn:mavedb:00000114-a-1#5149,NA,NA,p.Cys260Phe,-0.0202838130312659,34,0.0186139814251913
urn:mavedb:00000114-a-1#5150,NA,NA,p.Cys260Gly,-0.0187681398395825,23,0.0225924946692726
urn:mavedb:00000114-a-1#5151,NA,NA,p.Cys260His,-0.0168754265104167,22,0.0211336202416624
urn:mavedb:00000114-a-1#5152,NA,NA,p.Cys260Ile,-0.02912311507707,20,0.011909236825518
urn:mavedb:00000114-a-1#5153,NA,NA,p.Cys260Lys,-0.0283705687982868,22,0.0115625144615721
urn:mavedb:00000114-a-1#5154,NA,NA,p.Cys260Leu,-0.0345254842655788,3,0.0239739520025774
urn:mavedb:00000114-a-1#5155,NA,NA,p.Cys260Met,-0.019622289498196,15,0.0269417405811145
urn:mavedb:00000114-a-1#5156,NA,NA,p.Cys260Asn,-0.0210864144699213,16,0.0173004827983015
urn:mavedb:00000114-a-1#5157,NA,NA,p.Cys260Pro,-0.0303374973598573,28,0.0099336397644558
urn:mavedb:00000114-a-1#5158,NA,NA,p.Cys260Gln,-0.0188480805674406,18,0.0230209354911563
urn:mavedb:00000114-a-1#5159,NA,NA,p.Cys260Arg,-0.0229508064521446,34,0.0150990086715986
urn:mavedb:00000114-a-1#5160,NA,NA,p.Cys260Ser,-0.026335265159423,21,0.012371510246025
urn:mavedb:00000114-a-1#5161,NA,NA,p.Cys260Thr,-0.0227876286372818,25,0.0212682555870795
urn:mavedb:00000114-a-1#5162,NA,NA,p.Cys260Val,-0.015525178370167,15,0.0191600062925835
urn:mavedb:00000114-a-1#5163,NA,NA,p.Cys260Trp,-0.0293623398146725,27,0.0143843190752142
urn:mavedb:00000114-a-1#5164,NA,NA,p.Cys260Tyr,-0.0226794200010497,36,0.0161736855297603
urn:mavedb:00000114-a-1#5165,NA,NA,p.Leu261Ter,0.0614278204373902,29,0.163566222628151
urn:mavedb:00000114-a-1#5166,NA,NA,p.Leu261Ala,0.367119715597995,31,0.0573236187051679
urn:mavedb:00000114-a-1#5167,NA,NA,p.Leu261Cys,0.653755979719045,20,0.0498574909852315
urn:mavedb:00000114-a-1#5168,NA,NA,p.Leu261Asp,-0.0151296557346775,21,0.0167149053115471
urn:mavedb:00000114-a-1#5169,NA,NA,p.Leu261Glu,0.392146683249887,24,0.0533193610197225
urn:mavedb:00000114-a-1#5170,NA,NA,p.Leu261Phe,0.876884667382037,29,0.0368397785900589
urn:mavedb:00000114-a-1#5171,NA,NA,p.Leu261Gly,0.0536294068224974,20,0.0404509570148106
urn:mavedb:00000114-a-1#5172,NA,NA,p.Leu261His,0.216844563635449,14,0.0503479491324767
urn:mavedb:00000114-a-1#5173,NA,NA,p.Leu261Ile,0.963033852725008,37,0.0454283019429656
urn:mavedb:00000114-a-1#5174,NA,NA,p.Leu261Lys,0.0154001990902043,27,0.0307073531882774
urn:mavedb:00000114-a-1#5175,NA,NA,p.Leu261Met,0.91361452459399,14,0.0740829703961115
urn:mavedb:00000114-a-1#5176,NA,NA,p.Leu261Asn,-0.0040680181901355,25,0.0216949316949325
urn:mavedb:00000114-a-1#5177,NA,NA,p.Leu261Pro,0.0485942073667769,23,0.0398346886660859
urn:mavedb:00000114-a-1#5178,NA,NA,p.Leu261Gln,0.352703429201111,36,0.0523594265496457
urn:mavedb:00000114-a-1#5179,NA,NA,p.Leu261Arg,-0.0131147204100545,30,0.0175436999774599
urn:mavedb:00000114-a-1#5180,NA,NA,p.Leu261Ser,0.166391224086232,32,0.0627889599136379
urn:mavedb:00000114-a-1#5181,NA,NA,p.Leu261Thr,0.751524001460726,29,0.0524661806248646
urn:mavedb:00000114-a-1#5182,NA,NA,p.Leu261Val,0.874436880265229,11,0.113257638876669
urn:mavedb:00000114-a-1#5183,NA,NA,p.Leu261Trp,0.421088214900141,15,0.0770221613281429
urn:mavedb:00000114-a-1#5184,NA,NA,p.Leu261Tyr,0.44383001536769,25,0.0646834919506102
urn:mavedb:00000114-a-1#5185,NA,NA,p.Asp262Ter,0.0388120300142288,27,0.141365517467376
urn:mavedb:00000114-a-1#5186,NA,NA,p.Asp262Ala,0.484417935070887,27,0.0678293420655084
urn:mavedb:00000114-a-1#5187,NA,NA,p.Asp262Cys,0.333384735162734,30,0.0556653507927625
urn:mavedb:00000114-a-1#5188,NA,NA,p.Asp262Glu,0.942470809725417,39,0.042661339470632
urn:mavedb:00000114-a-1#5189,NA,NA,p.Asp262Phe,0.347321562252091,28,0.065416513788977
urn:mavedb:00000114-a-1#5190,NA,NA,p.Asp262Gly,0.485079305214618,35,0.0583602640059112
urn:mavedb:00000114-a-1#5191,NA,NA,p.Asp262His,0.43209133832261,8,0.0776023042433395
urn:mavedb:00000114-a-1#5192,NA,NA,p.Asp262Ile,0.392578470238243,31,0.063445403251555
urn:mavedb:00000114-a-1#5193,NA,NA,p.Asp262Lys,0.428276862016377,25,0.073085271601033
urn:mavedb:00000114-a-1#5194,NA,NA,p.Asp262Leu,0.39807637587332,8,0.087098086351591
urn:mavedb:00000114-a-1#5195,NA,NA,p.Asp262Met,0.437412489338452,28,0.0681234660465006
urn:mavedb:00000114-a-1#5196,NA,NA,p.Asp262Asn,0.547833481223948,20,0.0843986607681119
urn:mavedb:00000114-a-1#5197,NA,NA,p.Asp262Pro,0.607412724793177,12,0.0987492734828248
urn:mavedb:00000114-a-1#5198,NA,NA,p.Asp262Gln,0.524820624164712,5,0.120403289143819
urn:mavedb:00000114-a-1#5199,NA,NA,p.Asp262Arg,0.422082875045755,25,0.086321760220109
urn:mavedb:00000114-a-1#5200,NA,NA,p.Asp262Ser,0.575928628722275,23,0.0571088735484855
urn:mavedb:00000114-a-1#5201,NA,NA,p.Asp262Thr,0.487502184202926,32,0.0651169090628147
urn:mavedb:00000114-a-1#5202,NA,NA,p.Asp262Val,0.426713286674587,34,0.0658565001299145
urn:mavedb:00000114-a-1#5203,NA,NA,p.Asp262Trp,0.500457841054105,24,0.0338278318311786
urn:mavedb:00000114-a-1#5204,NA,NA,p.Asp262Tyr,0.445199505109857,21,0.0571780459610839
urn:mavedb:00000114-a-1#5205,NA,NA,p.Cys263Ter,0.0277245797125969,23,0.101273816778836
urn:mavedb:00000114-a-1#5206,NA,NA,p.Cys263Ala,-0.0249865132392535,24,0.0220616224524197
urn:mavedb:00000114-a-1#5207,NA,NA,p.Cys263Asp,-0.0320226236122193,20,0.0149735062242632
urn:mavedb:00000114-a-1#5208,NA,NA,p.Cys263Glu,-0.0205838028049624,28,0.0185745789140661
urn:mavedb:00000114-a-1#5209,NA,NA,p.Cys263Phe,-0.0277403671557223,22,0.0106168739844517
urn:mavedb:00000114-a-1#5210,NA,NA,p.Cys263Gly,-0.0272047775624853,23,0.0175891806357415
urn:mavedb:00000114-a-1#5211,NA,NA,p.Cys263His,-0.0250999268578052,14,0.0166461969079393
urn:mavedb:00000114-a-1#5212,NA,NA,p.Cys263Ile,-0.0166512593311588,23,0.0256344320920314
urn:mavedb:00000114-a-1#5213,NA,NA,p.Cys263Lys,-0.0281951546916554,31,0.0187911494856918
urn:mavedb:00000114-a-1#5214,NA,NA,p.Cys263Leu,-0.0322394152617628,21,0.0110237983091486
urn:mavedb:00000114-a-1#5215,NA,NA,p.Cys263Met,-0.0283156388114196,15,0.0176797302136795
urn:mavedb:00000114-a-1#5216,NA,NA,p.Cys263Asn,-0.0218097333321103,20,0.0125900679499232
urn:mavedb:00000114-a-1#5217,NA,NA,p.Cys263Pro,-0.0177533279638499,24,0.0278423936280375
urn:mavedb:00000114-a-1#5218,NA,NA,p.Cys263Gln,-0.0237502921237426,32,0.0147478927695146
urn:mavedb:00000114-a-1#5219,NA,NA,p.Cys263Arg,-0.0239064638257744,19,0.0224942408715086
urn:mavedb:00000114-a-1#5220,NA,NA,p.Cys263Ser,-0.0242298977089764,22,0.0184299839539312
urn:mavedb:00000114-a-1#5221,NA,NA,p.Cys263Thr,-0.023549558751599,22,0.014388710657965
urn:mavedb:00000114-a-1#5222,NA,NA,p.Cys263Val,-0.0213362052951161,26,0.0267219885841869
urn:mavedb:00000114-a-1#5223,NA,NA,p.Cys263Trp,-0.0303307334931457,24,0.0138148329227121
urn:mavedb:00000114-a-1#5224,NA,NA,p.Cys263Tyr,-0.0230370531849145,21,0.0176369508048282
urn:mavedb:00000114-a-1#5225,NA,NA,p.Phe264Ter,0.0522218629392588,33,0.136856395915168
urn:mavedb:00000114-a-1#5226,NA,NA,p.Phe264Ala,-0.0103660741855095,27,0.0254210825485201
urn:mavedb:00000114-a-1#5227,NA,NA,p.Phe264Cys,-0.0170744732564304,22,0.026157911686346
urn:mavedb:00000114-a-1#5228,NA,NA,p.Phe264Asp,-0.02249639262177,26,0.0217653121782974
urn:mavedb:00000114-a-1#5229,NA,NA,p.Phe264Glu,-0.0231456633592811,24,0.0123222286845307
urn:mavedb:00000114-a-1#5230,NA,NA,p.Phe264Gly,-0.0297625583453367,26,0.0101734570013942
urn:mavedb:00000114-a-1#5231,NA,NA,p.Phe264His,-0.0156338085560223,24,0.0248817347783958
urn:mavedb:00000114-a-1#5232,NA,NA,p.Phe264Ile,-0.0169072148120196,28,0.01894365306357
urn:mavedb:00000114-a-1#5233,NA,NA,p.Phe264Lys,-0.021316298057119,25,0.0267262894622111
urn:mavedb:00000114-a-1#5234,NA,NA,p.Phe264Leu,0.417188324147492,28,0.0793705492897651
urn:mavedb:00000114-a-1#5235,NA,NA,p.Phe264Met,0.324885273398608,27,0.0579457420490007
urn:mavedb:00000114-a-1#5236,NA,NA,p.Phe264Asn,-0.0284711596903496,27,0.0160545393659485
urn:mavedb:00000114-a-1#5237,NA,NA,p.Phe264Pro,-0.0274783253250164,37,0.0095418304091466
urn:mavedb:00000114-a-1#5238,NA,NA,p.Phe264Gln,-0.0285355453032597,22,0.0195336490492107
urn:mavedb:00000114-a-1#5239,NA,NA,p.Phe264Arg,-0.0251900293598999,33,0.0153514988664146
urn:mavedb:00000114-a-1#5240,NA,NA,p.Phe264Ser,-0.0129638632395879,30,0.0181738175769859
urn:mavedb:00000114-a-1#5241,NA,NA,p.Phe264Thr,-0.0165454999806667,22,0.0238855380489767
urn:mavedb:00000114-a-1#5242,NA,NA,p.Phe264Val,0.0057140001115262,30,0.0307075532215799
urn:mavedb:00000114-a-1#5243,NA,NA,p.Phe264Trp,0.791629217927665,27,0.0556686207014595
urn:mavedb:00000114-a-1#5244,NA,NA,p.Phe264Tyr,0.568017223687364,27,0.0507888952330273
urn:mavedb:00000114-a-1#5245,NA,NA,p.His265Ter,0.0527971072715788,17,0.13480324583866
urn:mavedb:00000114-a-1#5246,NA,NA,p.His265Ala,0.889851577125315,14,0.0649739691539661
urn:mavedb:00000114-a-1#5247,NA,NA,p.His265Cys,0.795931463818431,21,0.091833801377655
urn:mavedb:00000114-a-1#5248,NA,NA,p.His265Asp,0.912786240937057,28,0.0576680155765265
urn:mavedb:00000114-a-1#5249,NA,NA,p.His265Glu,0.992492476715593,31,0.0676140605724364
urn:mavedb:00000114-a-1#5250,NA,NA,p.His265Phe,1.05933301743298,30,0.0395301695480556
urn:mavedb:00000114-a-1#5251,NA,NA,p.His265Gly,0.891720908231517,31,0.0874276055025382
urn:mavedb:00000114-a-1#5252,NA,NA,p.His265Ile,0.824872426256089,35,0.0521548950103276
urn:mavedb:00000114-a-1#5253,NA,NA,p.His265Lys,0.546034962217356,30,0.0729894735132617
urn:mavedb:00000114-a-1#5254,NA,NA,p.His265Leu,0.861056205053646,21,0.0866367014119597
urn:mavedb:00000114-a-1#5255,NA,NA,p.His265Met,0.946683790050815,19,0.0613627686251215
urn:mavedb:00000114-a-1#5256,NA,NA,p.His265Asn,0.840177820945294,27,0.0480825250417583
urn:mavedb:00000114-a-1#5257,NA,NA,p.His265Pro,0.348558488156762,29,0.0529584615279442
urn:mavedb:00000114-a-1#5258,NA,NA,p.His265Gln,0.847292775797564,21,0.0370167829181606
urn:mavedb:00000114-a-1#5259,NA,NA,p.His265Arg,0.53526977012386,32,0.066923054221749
urn:mavedb:00000114-a-1#5260,NA,NA,p.His265Ser,0.826539869889559,4,0.104254756493931
urn:mavedb:00000114-a-1#5261,NA,NA,p.His265Thr,0.830300215677228,25,0.0535113033090308
urn:mavedb:00000114-a-1#5262,NA,NA,p.His265Val,0.860400784077311,31,0.0447719253819601
urn:mavedb:00000114-a-1#5263,NA,NA,p.His265Trp,0.975571817904102,32,0.0473682993859272
urn:mavedb:00000114-a-1#5264,NA,NA,p.His265Tyr,1.05792640346333,26,0.0769366704066567
urn:mavedb:00000114-a-1#5265,NA,NA,p.Leu266Ter,0.0007386649266587,26,0.0548986095622955
urn:mavedb:00000114-a-1#5266,NA,NA,p.Leu266Ala,0.987388458646557,14,0.0782749440158402
urn:mavedb:00000114-a-1#5267,NA,NA,p.Leu266Cys,0.965120399434663,32,0.0402423017502148
urn:mavedb:00000114-a-1#5268,NA,NA,p.Leu266Asp,1.14398239062054,30,0.0393422678743071
urn:mavedb:00000114-a-1#5269,NA,NA,p.Leu266Glu,0.542473836457693,28,0.0919898859499782
urn:mavedb:00000114-a-1#5270,NA,NA,p.Leu266Phe,0.974401412512084,25,0.0394419394098983
urn:mavedb:00000114-a-1#5271,NA,NA,p.Leu266Gly,0.70199203418274,19,0.0825374467217406
urn:mavedb:00000114-a-1#5272,NA,NA,p.Leu266His,0.772965823651093,32,0.0801833849824568
urn:mavedb:00000114-a-1#5273,NA,NA,p.Leu266Ile,1.09316812280481,16,0.0706244748870721
urn:mavedb:00000114-a-1#5274,NA,NA,p.Leu266Lys,0.506396483420874,28,0.071632805402497
urn:mavedb:00000114-a-1#5275,NA,NA,p.Leu266Met,0.990618344776277,24,0.0805831018271183
urn:mavedb:00000114-a-1#5276,NA,NA,p.Leu266Asn,1.0803218012474,22,0.0600742978987629
urn:mavedb:00000114-a-1#5277,NA,NA,p.Leu266Pro,0.244155122135926,32,0.0819732403387965
urn:mavedb:00000114-a-1#5278,NA,NA,p.Leu266Gln,0.723102443631313,39,0.0582798193527644
urn:mavedb:00000114-a-1#5279,NA,NA,p.Leu266Arg,0.472147130750742,27,0.0828521802621159
urn:mavedb:00000114-a-1#5280,NA,NA,p.Leu266Ser,0.960313368843574,22,0.0645935206149173
urn:mavedb:00000114-a-1#5281,NA,NA,p.Leu266Thr,1.01491980759517,30,0.0463918799060434
urn:mavedb:00000114-a-1#5282,NA,NA,p.Leu266Val,1.03743183002361,30,0.051775286148104
urn:mavedb:00000114-a-1#5283,NA,NA,p.Leu266Trp,0.734667675837474,21,0.088265390229772
urn:mavedb:00000114-a-1#5284,NA,NA,p.Leu266Tyr,0.956257666735149,25,0.0300060345867033
urn:mavedb:00000114-a-1#5285,NA,NA,p.Tyr267Ter,0.0452812557126653,21,0.120340445840677
urn:mavedb:00000114-a-1#5286,NA,NA,p.Tyr267Ala,0.290173060787423,18,0.0601791017841247
urn:mavedb:00000114-a-1#5287,NA,NA,p.Tyr267Cys,0.0612903868207625,30,0.0390685108007098
urn:mavedb:00000114-a-1#5288,NA,NA,p.Tyr267Asp,-0.0275396088326996,23,0.0193565132355672
urn:mavedb:00000114-a-1#5289,NA,NA,p.Tyr267Glu,0.0706643768050335,29,0.0388195414200161
urn:mavedb:00000114-a-1#5290,NA,NA,p.Tyr267Phe,0.795068518962614,25,0.0523139440117433
urn:mavedb:00000114-a-1#5291,NA,NA,p.Tyr267Gly,-0.0171200792682911,19,0.0193571703586506
urn:mavedb:00000114-a-1#5292,NA,NA,p.Tyr267His,0.632944188797147,29,0.0573009963745069
urn:mavedb:00000114-a-1#5293,NA,NA,p.Tyr267Ile,0.3147250415919,24,0.0562876669680922
urn:mavedb:00000114-a-1#5294,NA,NA,p.Tyr267Lys,-0.0205539348809328,33,0.0299491363540522
urn:mavedb:00000114-a-1#5295,NA,NA,p.Tyr267Leu,0.598505743434216,22,0.0728866882668419
urn:mavedb:00000114-a-1#5296,NA,NA,p.Tyr267Met,0.70624805438495,38,0.0274710708674323
urn:mavedb:00000114-a-1#5297,NA,NA,p.Tyr267Asn,0.115099894861358,15,0.0734591245330137
urn:mavedb:00000114-a-1#5298,NA,NA,p.Tyr267Pro,-0.0164039111420122,22,0.0296142954851468
urn:mavedb:00000114-a-1#5299,NA,NA,p.Tyr267Gln,0.290157319617001,30,0.0665146652242268
urn:mavedb:00000114-a-1#5300,NA,NA,p.Tyr267Arg,-0.0156607627491681,23,0.0256418527147455
urn:mavedb:00000114-a-1#5301,NA,NA,p.Tyr267Ser,0.0115567658392869,24,0.0305856514673866
urn:mavedb:00000114-a-1#5302,NA,NA,p.Tyr267Thr,0.350745145332489,39,0.0756815983728696
urn:mavedb:00000114-a-1#5303,NA,NA,p.Tyr267Val,0.411227630259409,30,0.0503392062817225
urn:mavedb:00000114-a-1#5304,NA,NA,p.Tyr267Trp,0.722714234619344,24,0.0380610369243181
urn:mavedb:00000114-a-1#5305,NA,NA,p.Cys268Ter,0.0138785183367524,31,0.071220806838761
urn:mavedb:00000114-a-1#5306,NA,NA,p.Cys268Ala,1.0405379581472,24,0.0611881888263789
urn:mavedb:00000114-a-1#5307,NA,NA,p.Cys268Asp,-0.0277610973576439,17,0.0217817865119459
urn:mavedb:00000114-a-1#5308,NA,NA,p.Cys268Glu,-0.0152605182370198,30,0.0194935957179213
urn:mavedb:00000114-a-1#5309,NA,NA,p.Cys268Phe,0.776464019199492,22,0.0737794821933357
urn:mavedb:00000114-a-1#5310,NA,NA,p.Cys268Gly,0.958175583973831,26,0.0508112927013891
urn:mavedb:00000114-a-1#5311,NA,NA,p.Cys268His,-0.0211504139143537,22,0.0259259824611403
urn:mavedb:00000114-a-1#5312,NA,NA,p.Cys268Ile,0.620148019889841,13,0.059963821316821
urn:mavedb:00000114-a-1#5313,NA,NA,p.Cys268Lys,-0.0246777661965073,18,0.0356481382316834
urn:mavedb:00000114-a-1#5314,NA,NA,p.Cys268Leu,0.558400912815079,19,0.0538131332758042
urn:mavedb:00000114-a-1#5315,NA,NA,p.Cys268Met,0.670555358067857,25,0.0843898295759676
urn:mavedb:00000114-a-1#5316,NA,NA,p.Cys268Asn,-0.0214963179275947,22,0.0200882460391531
urn:mavedb:00000114-a-1#5317,NA,NA,p.Cys268Pro,-0.0304396941547638,18,0.0157665656819262
urn:mavedb:00000114-a-1#5318,NA,NA,p.Cys268Gln,-0.0151200287822817,22,0.0230517485849339
urn:mavedb:00000114-a-1#5319,NA,NA,p.Cys268Arg,-0.031675159776995,21,0.0132035399700897
urn:mavedb:00000114-a-1#5320,NA,NA,p.Cys268Ser,0.886495997611974,21,0.0610368150276104
urn:mavedb:00000114-a-1#5321,NA,NA,p.Cys268Thr,0.760002247995718,25,0.0873468351080318
urn:mavedb:00000114-a-1#5322,NA,NA,p.Cys268Val,0.940667596085024,24,0.0617971153968719
urn:mavedb:00000114-a-1#5323,NA,NA,p.Cys268Trp,-0.0061280630758134,21,0.030451165503617
urn:mavedb:00000114-a-1#5324,NA,NA,p.Cys268Tyr,0.0179890081933613,20,0.028628881960334
urn:mavedb:00000114-a-1#5325,NA,NA,p.Val269Ter,0.0103336243839371,35,0.0577575259136506
urn:mavedb:00000114-a-1#5326,NA,NA,p.Val269Ala,0.60529782928851,22,0.0692260023225631
urn:mavedb:00000114-a-1#5327,NA,NA,p.Val269Cys,0.683802977525724,35,0.0491862261965546
urn:mavedb:00000114-a-1#5328,NA,NA,p.Val269Asp,0.265199967885434,27,0.0713817770833359
urn:mavedb:00000114-a-1#5329,NA,NA,p.Val269Glu,0.790830305702854,21,0.0795011085565006
urn:mavedb:00000114-a-1#5330,NA,NA,p.Val269Phe,0.0474007656056168,20,0.0537973235700735
urn:mavedb:00000114-a-1#5331,NA,NA,p.Val269Gly,0.240799847386441,14,0.0897887753849688
urn:mavedb:00000114-a-1#5332,NA,NA,p.Val269His,0.385497579742257,24,0.0733058109209855
urn:mavedb:00000114-a-1#5333,NA,NA,p.Val269Ile,0.90719088188577,18,0.0730401362514446
urn:mavedb:00000114-a-1#5334,NA,NA,p.Val269Lys,0.364018609674601,26,0.0703820296819276
urn:mavedb:00000114-a-1#5335,NA,NA,p.Val269Leu,0.518579919755514,21,0.0562069385444924
urn:mavedb:00000114-a-1#5336,NA,NA,p.Val269Met,0.517527565024677,20,0.112170491639998
urn:mavedb:00000114-a-1#5337,NA,NA,p.Val269Asn,0.47673875796085,25,0.050261577200564
urn:mavedb:00000114-a-1#5338,NA,NA,p.Val269Pro,-0.0159314104288423,29,0.0340122448403317
urn:mavedb:00000114-a-1#5339,NA,NA,p.Val269Gln,0.710213157658031,28,0.0516672890152302
urn:mavedb:00000114-a-1#5340,NA,NA,p.Val269Arg,0.352214786301792,33,0.0845121590900915
urn:mavedb:00000114-a-1#5341,NA,NA,p.Val269Ser,0.469300851769325,24,0.091467198735141
urn:mavedb:00000114-a-1#5342,NA,NA,p.Val269Thr,0.679763770170999,21,0.0638196040809651
urn:mavedb:00000114-a-1#5343,NA,NA,p.Val269Trp,0.279184957544226,24,0.11293350542653
urn:mavedb:00000114-a-1#5344,NA,NA,p.Val269Tyr,0.377698943075213,23,0.0814301344256994
urn:mavedb:00000114-a-1#5345,NA,NA,p.Thr270Ter,0.020035349951436,19,0.108396075751971
urn:mavedb:00000114-a-1#5346,NA,NA,p.Thr270Ala,0.708821501869282,27,0.0679826525239618
urn:mavedb:00000114-a-1#5347,NA,NA,p.Thr270Cys,0.935113313023811,18,0.045616820620941
urn:mavedb:00000114-a-1#5348,NA,NA,p.Thr270Asp,0.366506711492302,28,0.0590071238923699
urn:mavedb:00000114-a-1#5349,NA,NA,p.Thr270Glu,0.700926934833196,32,0.0488698369343533
urn:mavedb:00000114-a-1#5350,NA,NA,p.Thr270Phe,0.428355906338992,22,0.0632534309639519
urn:mavedb:00000114-a-1#5351,NA,NA,p.Thr270Gly,0.53637815755781,27,0.0425722653754607
urn:mavedb:00000114-a-1#5352,NA,NA,p.Thr270His,0.406405398340383,20,0.0842645860888474
urn:mavedb:00000114-a-1#5353,NA,NA,p.Thr270Ile,0.938633519579863,13,0.0847938667069273
urn:mavedb:00000114-a-1#5354,NA,NA,p.Thr270Lys,0.42441603193793,25,0.077099200212657
urn:mavedb:00000114-a-1#5355,NA,NA,p.Thr270Leu,0.726064058434335,31,0.0558038588922826
urn:mavedb:00000114-a-1#5356,NA,NA,p.Thr270Met,0.889940033519515,17,0.0547151760613288
urn:mavedb:00000114-a-1#5357,NA,NA,p.Thr270Asn,0.430948494684477,31,0.0892282750862083
urn:mavedb:00000114-a-1#5358,NA,NA,p.Thr270Pro,0.0318024014319112,23,0.0403983954648425
urn:mavedb:00000114-a-1#5359,NA,NA,p.Thr270Gln,0.667319812079476,13,0.106952198198139
urn:mavedb:00000114-a-1#5360,NA,NA,p.Thr270Arg,0.426340248006755,21,0.0759910062745987
urn:mavedb:00000114-a-1#5361,NA,NA,p.Thr270Ser,0.768170895724132,27,0.044217144969026
urn:mavedb:00000114-a-1#5362,NA,NA,p.Thr270Val,1.00007460678147,26,0.0546712745137076
urn:mavedb:00000114-a-1#5363,NA,NA,p.Thr270Trp,0.551195806172351,31,0.0409901085077052
urn:mavedb:00000114-a-1#5364,NA,NA,p.Thr270Tyr,0.560692118462611,22,0.0498383334570183
urn:mavedb:00000114-a-1#5365,NA,NA,p.Arg271Ter,0.0553611650083136,24,0.120019244769123
urn:mavedb:00000114-a-1#5366,NA,NA,p.Arg271Ala,1.04704162348468,19,0.0684685215720954
urn:mavedb:00000114-a-1#5367,NA,NA,p.Arg271Cys,0.965118652598503,20,0.0606273133249843
urn:mavedb:00000114-a-1#5368,NA,NA,p.Arg271Asp,-0.0099967956674275,22,0.0239786284465603
urn:mavedb:00000114-a-1#5369,NA,NA,p.Arg271Glu,0.649243776106789,12,0.0854808283227175
urn:mavedb:00000114-a-1#5370,NA,NA,p.Arg271Phe,0.805096964689427,28,0.0435732865155993
urn:mavedb:00000114-a-1#5371,NA,NA,p.Arg271Gly,0.796407360733624,24,0.0636873796615943
urn:mavedb:00000114-a-1#5372,NA,NA,p.Arg271His,1.03120986698154,17,0.0670572970118537
urn:mavedb:00000114-a-1#5373,NA,NA,p.Arg271Ile,0.37663426622533,21,0.0604964153790576
urn:mavedb:00000114-a-1#5374,NA,NA,p.Arg271Lys,1.11266471284084,20,0.0486901501991911
urn:mavedb:00000114-a-1#5375,NA,NA,p.Arg271Leu,0.823488628378767,26,0.0915177795237043
urn:mavedb:00000114-a-1#5376,NA,NA,p.Arg271Met,1.04394182652231,24,0.0531070744243487
urn:mavedb:00000114-a-1#5377,NA,NA,p.Arg271Asn,0.991800086632131,15,0.0463313916545303
urn:mavedb:00000114-a-1#5378,NA,NA,p.Arg271Pro,-0.0239143294264136,23,0.0107106322212753
urn:mavedb:00000114-a-1#5379,NA,NA,p.Arg271Gln,1.05067333013665,28,0.0441887764100938
urn:mavedb:00000114-a-1#5380,NA,NA,p.Arg271Ser,1.04830499455149,25,0.0445040460419666
urn:mavedb:00000114-a-1#5381,NA,NA,p.Arg271Thr,0.844400296051496,22,0.0636271064698336
urn:mavedb:00000114-a-1#5382,NA,NA,p.Arg271Val,0.615563910441008,21,0.090327830495528
urn:mavedb:00000114-a-1#5383,NA,NA,p.Arg271Trp,0.310949639877564,18,0.0628435535196867
urn:mavedb:00000114-a-1#5384,NA,NA,p.Arg271Tyr,0.816476075607133,17,0.0696024832445239
urn:mavedb:00000114-a-1#5385,NA,NA,p.Leu272Ter,0.0285864204984306,36,0.112051748126247
urn:mavedb:00000114-a-1#5386,NA,NA,p.Leu272Ala,-0.0099923773143321,32,0.0192931387253078
urn:mavedb:00000114-a-1#5387,NA,NA,p.Leu272Cys,0.0974043628431474,28,0.0675138296971746
urn:mavedb:00000114-a-1#5388,NA,NA,p.Leu272Asp,-0.0161348411270089,26,0.0158830634983493
urn:mavedb:00000114-a-1#5389,NA,NA,p.Leu272Glu,-0.0137302939968638,37,0.0232813339323013
urn:mavedb:00000114-a-1#5390,NA,NA,p.Leu272Phe,0.119781424294214,29,0.0618365816847232
urn:mavedb:00000114-a-1#5391,NA,NA,p.Leu272Gly,-0.0252529412645683,25,0.0150178070531066
urn:mavedb:00000114-a-1#5392,NA,NA,p.Leu272His,0.0965841393067364,45,0.0542190997600827
urn:mavedb:00000114-a-1#5393,NA,NA,p.Leu272Ile,0.906344813795214,21,0.0611304646872678
urn:mavedb:00000114-a-1#5394,NA,NA,p.Leu272Lys,-0.024555196079693,28,0.0153129538040151
urn:mavedb:00000114-a-1#5395,NA,NA,p.Leu272Met,0.996236931526524,31,0.0382842205605252
urn:mavedb:00000114-a-1#5396,NA,NA,p.Leu272Asn,-0.0238118694389906,30,0.012269315631699
urn:mavedb:00000114-a-1#5397,NA,NA,p.Leu272Pro,-0.0153119631133191,49,0.0209177117455511
urn:mavedb:00000114-a-1#5398,NA,NA,p.Leu272Gln,0.0268788516864191,30,0.0292552989915257
urn:mavedb:00000114-a-1#5399,NA,NA,p.Leu272Arg,-0.0086254706414452,39,0.0174407960516097
urn:mavedb:00000114-a-1#5400,NA,NA,p.Leu272Ser,-0.0199258869319973,39,0.0153831892275309
urn:mavedb:00000114-a-1#5401,NA,NA,p.Leu272Thr,-0.0269843351834943,30,0.0120367246658647
urn:mavedb:00000114-a-1#5402,NA,NA,p.Leu272Val,0.108534384364651,31,0.0638435347819263
urn:mavedb:00000114-a-1#5403,NA,NA,p.Leu272Trp,-0.0266899536598194,8,0.0272584298095691
urn:mavedb:00000114-a-1#5404,NA,NA,p.Leu272Tyr,-0.0132607865522219,30,0.0162329382538129
urn:mavedb:00000114-a-1#5405,NA,NA,p.Asn273Ter,0.0192149053129122,26,0.057454697795822
urn:mavedb:00000114-a-1#5406,NA,NA,p.Asn273Ala,0.409750396412816,1,0.146717150897253
urn:mavedb:00000114-a-1#5407,NA,NA,p.Asn273Cys,0.336576766031373,8,0.0654565441670182
urn:mavedb:00000114-a-1#5408,NA,NA,p.Asn273Asp,0.579710431168984,11,0.0835432427340449
urn:mavedb:00000114-a-1#5409,NA,NA,p.Asn273Glu,0.320328276801114,10,0.0861874353700407
urn:mavedb:00000114-a-1#5410,NA,NA,p.Asn273Phe,0.544287718834719,26,0.0471186022070873
urn:mavedb:00000114-a-1#5411,NA,NA,p.Asn273Gly,0.259250912952965,10,0.0623193850360529
urn:mavedb:00000114-a-1#5412,NA,NA,p.Asn273His,0.37057758089953,15,0.091151331464384
urn:mavedb:00000114-a-1#5413,NA,NA,p.Asn273Ile,0.429239247747694,22,0.0586148668821552
urn:mavedb:00000114-a-1#5414,NA,NA,p.Asn273Lys,0.371365433738177,34,0.106492881785375
urn:mavedb:00000114-a-1#5415,NA,NA,p.Asn273Leu,0.413164938813523,31,0.0654237218693779
urn:mavedb:00000114-a-1#5416,NA,NA,p.Asn273Met,0.55740617626704,34,0.0684972549080601
urn:mavedb:00000114-a-1#5417,NA,NA,p.Asn273Pro,-0.0234249299217985,28,0.0140235426905413
urn:mavedb:00000114-a-1#5418,NA,NA,p.Asn273Gln,0.406038157460281,23,0.0721903197580297
urn:mavedb:00000114-a-1#5419,NA,NA,p.Asn273Arg,0.39885565036994,11,0.123213891614612
urn:mavedb:00000114-a-1#5420,NA,NA,p.Asn273Ser,0.416933346188891,2,0.0694739978639973
urn:mavedb:00000114-a-1#5421,NA,NA,p.Asn273Thr,0.366221844784625,28,0.0787600515830581
urn:mavedb:00000114-a-1#5422,NA,NA,p.Asn273Val,0.349019112986266,12,0.105730783789125
urn:mavedb:00000114-a-1#5423,NA,NA,p.Asn273Trp,0.667549876787585,26,0.0432164257285999
urn:mavedb:00000114-a-1#5424,NA,NA,p.Asn273Tyr,0.653977536143368,26,0.0373782131790704
urn:mavedb:00000114-a-1#5425,NA,NA,p.Asp274Ter,-0.0113970764036716,20,0.0256473144720941
urn:mavedb:00000114-a-1#5426,NA,NA,p.Asp274Ala,0.522206564101928,14,0.0810025261525697
urn:mavedb:00000114-a-1#5427,NA,NA,p.Asp274Cys,0.597253454347655,21,0.0967070741670253
urn:mavedb:00000114-a-1#5428,NA,NA,p.Asp274Glu,0.890304385845418,21,0.077716391863335
urn:mavedb:00000114-a-1#5429,NA,NA,p.Asp274Phe,0.442599730874711,21,0.0580098777275303
urn:mavedb:00000114-a-1#5430,NA,NA,p.Asp274Gly,0.492816589975714,15,0.0862138665164997
urn:mavedb:00000114-a-1#5431,NA,NA,p.Asp274His,0.430798232698735,15,0.106769884068804
urn:mavedb:00000114-a-1#5432,NA,NA,p.Asp274Ile,0.438440797348473,19,0.0990210603652896
urn:mavedb:00000114-a-1#5433,NA,NA,p.Asp274Lys,0.39287752324299,20,0.101794349137038
urn:mavedb:00000114-a-1#5434,NA,NA,p.Asp274Leu,0.759798981947667,22,0.0648189000017235
urn:mavedb:00000114-a-1#5435,NA,NA,p.Asp274Met,0.805016638793956,22,0.0501152976019093
urn:mavedb:00000114-a-1#5436,NA,NA,p.Asp274Asn,0.669689579912052,27,0.0665725251352982
urn:mavedb:00000114-a-1#5437,NA,NA,p.Asp274Pro,-0.0256596243647165,13,0.0190436384025091
urn:mavedb:00000114-a-1#5438,NA,NA,p.Asp274Gln,0.512218096674795,27,0.0824799920775763
urn:mavedb:00000114-a-1#5439,NA,NA,p.Asp274Arg,0.351911079480689,23,0.101782038195216
urn:mavedb:00000114-a-1#5440,NA,NA,p.Asp274Ser,0.556392890040205,26,0.0762132185119394
urn:mavedb:00000114-a-1#5441,NA,NA,p.Asp274Thr,0.566244754583039,29,0.078406297456477
urn:mavedb:00000114-a-1#5442,NA,NA,p.Asp274Val,0.493439570410873,25,0.0678481362426203
urn:mavedb:00000114-a-1#5443,NA,NA,p.Asp274Trp,0.310845627215091,25,0.0920471800191987
urn:mavedb:00000114-a-1#5444,NA,NA,p.Asp274Tyr,0.388145732312959,15,0.0968637846229823
urn:mavedb:00000114-a-1#5445,NA,NA,p.Arg275Ter,0.0152636901413838,27,0.0683760405657827
urn:mavedb:00000114-a-1#5446,NA,NA,p.Arg275Ala,-0.0265711523118205,13,0.0218047747181126
urn:mavedb:00000114-a-1#5447,NA,NA,p.Arg275Cys,-0.0053112577358103,20,0.0240705804128435
urn:mavedb:00000114-a-1#5448,NA,NA,p.Arg275Asp,-0.0256578336802277,26,0.0158388264987001
urn:mavedb:00000114-a-1#5449,NA,NA,p.Arg275Glu,-0.0333375719090145,12,0.0161458727219904
urn:mavedb:00000114-a-1#5450,NA,NA,p.Arg275Phe,-0.0015317657946422,22,0.0290135609577871
urn:mavedb:00000114-a-1#5451,NA,NA,p.Arg275Gly,0.0483245696809296,16,0.0422755360196408
urn:mavedb:00000114-a-1#5452,NA,NA,p.Arg275His,0.449859155783041,20,0.0480986363172126
urn:mavedb:00000114-a-1#5453,NA,NA,p.Arg275Ile,-0.0249437043830623,18,0.0212385528597214
urn:mavedb:00000114-a-1#5454,NA,NA,p.Arg275Lys,0.508447163807609,26,0.053844945869542
urn:mavedb:00000114-a-1#5455,NA,NA,p.Arg275Leu,0.0060446146204196,26,0.029452274473526
urn:mavedb:00000114-a-1#5456,NA,NA,p.Arg275Met,0.168358629732011,24,0.0756787899939962
urn:mavedb:00000114-a-1#5457,NA,NA,p.Arg275Asn,0.0413422589857913,20,0.0597594408945111
urn:mavedb:00000114-a-1#5458,NA,NA,p.Arg275Pro,-0.0112999576775119,24,0.0300837677846114
urn:mavedb:00000114-a-1#5459,NA,NA,p.Arg275Gln,0.0865893847821383,21,0.0658496337452126
urn:mavedb:00000114-a-1#5460,NA,NA,p.Arg275Ser,-0.0148682664390488,23,0.020234897459044
urn:mavedb:00000114-a-1#5461,NA,NA,p.Arg275Thr,-0.0227083944497793,21,0.0162788233092302
urn:mavedb:00000114-a-1#5462,NA,NA,p.Arg275Val,-0.0236531121292386,21,0.0144410291701295
urn:mavedb:00000114-a-1#5463,NA,NA,p.Arg275Trp,-0.0220033164772082,17,0.0212229785352411
urn:mavedb:00000114-a-1#5464,NA,NA,p.Arg275Tyr,-0.0208468108925522,21,0.0223770707139319
urn:mavedb:00000114-a-1#5465,NA,NA,p.Gln276Ter,0.0938592035976571,33,0.205323327338799
urn:mavedb:00000114-a-1#5466,NA,NA,p.Gln276Ala,1.06767599672027,27,0.0464874350184484
urn:mavedb:00000114-a-1#5467,NA,NA,p.Gln276Cys,1.00303526269858,26,0.0640964689318645
urn:mavedb:00000114-a-1#5468,NA,NA,p.Gln276Asp,0.925521928014703,23,0.0797620501391577
urn:mavedb:00000114-a-1#5469,NA,NA,p.Gln276Glu,0.985744846440959,41,0.0394130756170695
urn:mavedb:00000114-a-1#5470,NA,NA,p.Gln276Phe,0.762570135131491,18,0.0797107626789049
urn:mavedb:00000114-a-1#5471,NA,NA,p.Gln276Gly,1.00734138521491,32,0.044165473092178
urn:mavedb:00000114-a-1#5472,NA,NA,p.Gln276His,0.870908977978352,29,0.0665522347062555
urn:mavedb:00000114-a-1#5473,NA,NA,p.Gln276Ile,0.690212775221148,24,0.0852335607666474
urn:mavedb:00000114-a-1#5474,NA,NA,p.Gln276Lys,0.926380877337906,31,0.0519691529629643
urn:mavedb:00000114-a-1#5475,NA,NA,p.Gln276Leu,0.955819312913185,22,0.0480667382156232
urn:mavedb:00000114-a-1#5476,NA,NA,p.Gln276Met,0.998128672463013,15,0.068347407371539
urn:mavedb:00000114-a-1#5477,NA,NA,p.Gln276Asn,0.920155457893231,26,0.0651963479736394
urn:mavedb:00000114-a-1#5478,NA,NA,p.Gln276Pro,-0.033841289688719,24,0.0130687730263054
urn:mavedb:00000114-a-1#5479,NA,NA,p.Gln276Arg,0.892776108854484,27,0.0741923950482949
urn:mavedb:00000114-a-1#5480,NA,NA,p.Gln276Ser,0.937049335237733,25,0.0327852305203591
urn:mavedb:00000114-a-1#5481,NA,NA,p.Gln276Thr,0.948965257619429,26,0.0461950068182458
urn:mavedb:00000114-a-1#5482,NA,NA,p.Gln276Val,0.853972808896154,31,0.0446617573120645
urn:mavedb:00000114-a-1#5483,NA,NA,p.Gln276Trp,0.511536640815553,28,0.0580600924233599
urn:mavedb:00000114-a-1#5484,NA,NA,p.Gln276Tyr,0.708921741839341,26,0.0568220675288234
urn:mavedb:00000114-a-1#5485,NA,NA,p.Phe277Ter,0.0061201631955468,27,0.0656858563198665
urn:mavedb:00000114-a-1#5486,NA,NA,p.Phe277Ala,-0.023935449786116,21,0.0180867727022714
urn:mavedb:00000114-a-1#5487,NA,NA,p.Phe277Cys,0.116791900672904,23,0.075151780862199
urn:mavedb:00000114-a-1#5488,NA,NA,p.Phe277Asp,-0.0105839745743121,27,0.0226317611630295
urn:mavedb:00000114-a-1#5489,NA,NA,p.Phe277Glu,-0.021504615553679,29,0.0196781416989834
urn:mavedb:00000114-a-1#5490,NA,NA,p.Phe277Gly,-0.0120634302305748,14,0.0233044095256552
urn:mavedb:00000114-a-1#5491,NA,NA,p.Phe277His,-0.0241491606429279,25,0.0143054152207709
urn:mavedb:00000114-a-1#5492,NA,NA,p.Phe277Ile,0.687499084665069,22,0.0625332631204616
urn:mavedb:00000114-a-1#5493,NA,NA,p.Phe277Lys,-0.0234253116429451,29,0.0119906135083004
urn:mavedb:00000114-a-1#5494,NA,NA,p.Phe277Leu,0.990260764827312,11,0.0777002862556902
urn:mavedb:00000114-a-1#5495,NA,NA,p.Phe277Met,0.898189093554991,27,0.0678723333500071
urn:mavedb:00000114-a-1#5496,NA,NA,p.Phe277Asn,-0.0220640768418429,27,0.009385477434937
urn:mavedb:00000114-a-1#5497,NA,NA,p.Phe277Pro,-0.0046922404454099,23,0.0273670586016271
urn:mavedb:00000114-a-1#5498,NA,NA,p.Phe277Gln,-0.0297673410338487,37,0.0189740163300416
urn:mavedb:00000114-a-1#5499,NA,NA,p.Phe277Arg,-0.0292181175257958,32,0.017821458786139
urn:mavedb:00000114-a-1#5500,NA,NA,p.Phe277Ser,-0.0294395700050106,23,0.0151939005645979
urn:mavedb:00000114-a-1#5501,NA,NA,p.Phe277Thr,-0.0188425041768958,26,0.0315812822789057
urn:mavedb:00000114-a-1#5502,NA,NA,p.Phe277Val,0.446601862307831,30,0.0946356512033938
urn:mavedb:00000114-a-1#5503,NA,NA,p.Phe277Trp,0.947512965789191,29,0.0487715817641676
urn:mavedb:00000114-a-1#5504,NA,NA,p.Phe277Tyr,0.989321242978177,36,0.0455080252509189
urn:mavedb:00000114-a-1#5505,NA,NA,p.Val278Ter,-0.0171061219893986,30,0.0327145872474453
urn:mavedb:00000114-a-1#5506,NA,NA,p.Val278Ala,0.941637677415983,26,0.0430992380873678
urn:mavedb:00000114-a-1#5507,NA,NA,p.Val278Cys,0.966781183459654,25,0.0398718157614733
urn:mavedb:00000114-a-1#5508,NA,NA,p.Val278Asp,0.879280840900372,23,0.0723989449344718
urn:mavedb:00000114-a-1#5509,NA,NA,p.Val278Glu,0.956937965535961,21,0.0573364053754883
urn:mavedb:00000114-a-1#5510,NA,NA,p.Val278Phe,0.893804457373739,26,0.0800602130621867
urn:mavedb:00000114-a-1#5511,NA,NA,p.Val278Gly,0.525785252138327,34,0.0614713075612548
urn:mavedb:00000114-a-1#5512,NA,NA,p.Val278His,0.971771789719665,29,0.0599547563161217
urn:mavedb:00000114-a-1#5513,NA,NA,p.Val278Ile,1.001541968169,33,0.075197086986588
urn:mavedb:00000114-a-1#5514,NA,NA,p.Val278Lys,0.902995929631015,20,0.0841573634426397
urn:mavedb:00000114-a-1#5515,NA,NA,p.Val278Leu,0.940305416897341,20,0.0688455318380296
urn:mavedb:00000114-a-1#5516,NA,NA,p.Val278Met,0.949799502839188,23,0.0389697705990965
urn:mavedb:00000114-a-1#5517,NA,NA,p.Val278Asn,0.821309384178549,27,0.0530665689300504
urn:mavedb:00000114-a-1#5518,NA,NA,p.Val278Pro,0.195644535514981,16,0.0685600545176435
urn:mavedb:00000114-a-1#5519,NA,NA,p.Val278Gln,0.983571766870262,30,0.0576597945536265
urn:mavedb:00000114-a-1#5520,NA,NA,p.Val278Arg,0.841626925221753,14,0.0784524395934947
urn:mavedb:00000114-a-1#5521,NA,NA,p.Val278Ser,0.918103325441706,33,0.0406819206865068
urn:mavedb:00000114-a-1#5522,NA,NA,p.Val278Thr,0.928684484259455,34,0.0564994097396811
urn:mavedb:00000114-a-1#5523,NA,NA,p.Val278Trp,0.837166782732737,32,0.0605728475343755
urn:mavedb:00000114-a-1#5524,NA,NA,p.Val278Tyr,0.941264468611667,20,0.0676660008681403
urn:mavedb:00000114-a-1#5525,NA,NA,p.His279Ter,0.0394341897236411,20,0.0887959560525472
urn:mavedb:00000114-a-1#5526,NA,NA,p.His279Ala,0.91160515726225,11,0.0867528351482486
urn:mavedb:00000114-a-1#5527,NA,NA,p.His279Cys,0.909488212192087,19,0.0635981148096805
urn:mavedb:00000114-a-1#5528,NA,NA,p.His279Asp,0.82776980724727,15,0.0555150004265635
urn:mavedb:00000114-a-1#5529,NA,NA,p.His279Glu,0.963431369733679,10,0.063339700099991
urn:mavedb:00000114-a-1#5530,NA,NA,p.His279Phe,1.00815630211577,26,0.0611377866568313
urn:mavedb:00000114-a-1#5531,NA,NA,p.His279Gly,0.899537115925785,17,0.0943584298056969
urn:mavedb:00000114-a-1#5532,NA,NA,p.His279Ile,0.709760238619616,23,0.0595308305422877
urn:mavedb:00000114-a-1#5533,NA,NA,p.His279Lys,1.01913565905434,12,0.081837734919379
urn:mavedb:00000114-a-1#5534,NA,NA,p.His279Leu,0.92906695946151,15,0.0398674128466772
urn:mavedb:00000114-a-1#5535,NA,NA,p.His279Met,0.91656497738028,23,0.0784352901478253
urn:mavedb:00000114-a-1#5536,NA,NA,p.His279Asn,0.94931459005404,17,0.0461021918159301
urn:mavedb:00000114-a-1#5537,NA,NA,p.His279Pro,0.924440525674656,18,0.0496541476103086
urn:mavedb:00000114-a-1#5538,NA,NA,p.His279Gln,0.934239792400085,14,0.0641630571731336
urn:mavedb:00000114-a-1#5539,NA,NA,p.His279Arg,0.99924663833862,24,0.0448538843271334
urn:mavedb:00000114-a-1#5540,NA,NA,p.His279Ser,0.901848700159895,21,0.0620679670256019
urn:mavedb:00000114-a-1#5541,NA,NA,p.His279Thr,0.772227644505504,16,0.0626326468239836
urn:mavedb:00000114-a-1#5542,NA,NA,p.His279Val,0.802506101135508,27,0.0547010769883326
urn:mavedb:00000114-a-1#5543,NA,NA,p.His279Trp,0.958376356311809,37,0.0297961734228088
urn:mavedb:00000114-a-1#5544,NA,NA,p.His279Tyr,1.04053105326375,31,0.0435854984582478
urn:mavedb:00000114-a-1#5545,NA,NA,p.Asp280Ter,0.0057130072224406,10,0.0396041382056242
urn:mavedb:00000114-a-1#5546,NA,NA,p.Asp280Ala,0.919110484285318,20,0.0861500411198731
urn:mavedb:00000114-a-1#5547,NA,NA,p.Asp280Cys,0.931545872625756,17,0.0861485689021236
urn:mavedb:00000114-a-1#5548,NA,NA,p.Asp280Glu,0.973399412555439,16,0.0937267320331681
urn:mavedb:00000114-a-1#5549,NA,NA,p.Asp280Phe,0.804953078858589,11,0.0737988424448639
urn:mavedb:00000114-a-1#5550,NA,NA,p.Asp280Gly,0.774680114415633,20,0.0606061784122544
urn:mavedb:00000114-a-1#5551,NA,NA,p.Asp280His,0.94871916391946,19,0.0710671174029241
urn:mavedb:00000114-a-1#5552,NA,NA,p.Asp280Ile,1.01950556403254,16,0.0804466183282958
urn:mavedb:00000114-a-1#5553,NA,NA,p.Asp280Lys,0.94271567643429,16,0.070220538147964
urn:mavedb:00000114-a-1#5554,NA,NA,p.Asp280Leu,1.00429980482799,13,0.0778634361482699
urn:mavedb:00000114-a-1#5555,NA,NA,p.Asp280Met,0.976672799605976,17,0.0790873490470594
urn:mavedb:00000114-a-1#5556,NA,NA,p.Asp280Asn,0.941117280047347,23,0.0502095852952479
urn:mavedb:00000114-a-1#5557,NA,NA,p.Asp280Pro,-0.0274823751622824,24,0.0183646475006198
urn:mavedb:00000114-a-1#5558,NA,NA,p.Asp280Gln,0.967782258902771,9,0.0704940715277627
urn:mavedb:00000114-a-1#5559,NA,NA,p.Asp280Arg,0.828352583756737,18,0.0771594251529322
urn:mavedb:00000114-a-1#5560,NA,NA,p.Asp280Ser,0.950984987161002,20,0.0546763447341242
urn:mavedb:00000114-a-1#5561,NA,NA,p.Asp280Thr,0.981941806253952,18,0.0677427215713987
urn:mavedb:00000114-a-1#5562,NA,NA,p.Asp280Val,1.0206086218419,21,0.0819751333556704
urn:mavedb:00000114-a-1#5563,NA,NA,p.Asp280Trp,0.82353165953712,13,0.103668399044362
urn:mavedb:00000114-a-1#5564,NA,NA,p.Asp280Tyr,0.92029556549479,17,0.050582774508225
urn:mavedb:00000114-a-1#5565,NA,NA,p.Pro281Ter,0.0259384358527633,24,0.099340358432378
urn:mavedb:00000114-a-1#5566,NA,NA,p.Pro281Ala,0.937753848570691,17,0.0750049205314397
urn:mavedb:00000114-a-1#5567,NA,NA,p.Pro281Cys,0.820174378453881,29,0.0564214650793315
urn:mavedb:00000114-a-1#5568,NA,NA,p.Pro281Asp,1.00448301993079,20,0.0600053857226211
urn:mavedb:00000114-a-1#5569,NA,NA,p.Pro281Glu,0.948626572816083,30,0.0535515958023873
urn:mavedb:00000114-a-1#5570,NA,NA,p.Pro281Phe,0.788763742626871,22,0.0503902471207324
urn:mavedb:00000114-a-1#5571,NA,NA,p.Pro281Gly,0.961460639737825,14,0.0684031286890718
urn:mavedb:00000114-a-1#5572,NA,NA,p.Pro281His,0.878154304501231,29,0.0661947680518695
urn:mavedb:00000114-a-1#5573,NA,NA,p.Pro281Ile,0.858411426606252,22,0.0551673761050287
urn:mavedb:00000114-a-1#5574,NA,NA,p.Pro281Lys,0.965472767715684,21,0.0586262313258607
urn:mavedb:00000114-a-1#5575,NA,NA,p.Pro281Leu,0.889394212424662,23,0.0556492061080038
urn:mavedb:00000114-a-1#5576,NA,NA,p.Pro281Met,0.856947447499988,20,0.0592780561363258
urn:mavedb:00000114-a-1#5577,NA,NA,p.Pro281Asn,0.914735953836332,29,0.0853276749265606
urn:mavedb:00000114-a-1#5578,NA,NA,p.Pro281Gln,0.872143365111797,26,0.0591755561408372
urn:mavedb:00000114-a-1#5579,NA,NA,p.Pro281Arg,0.859723489833242,27,0.0364858264724426
urn:mavedb:00000114-a-1#5580,NA,NA,p.Pro281Ser,0.96033512649261,28,0.0563129503199908
urn:mavedb:00000114-a-1#5581,NA,NA,p.Pro281Thr,0.95882331730275,22,0.0692664413944484
urn:mavedb:00000114-a-1#5582,NA,NA,p.Pro281Val,0.823925365588575,21,0.0709983616323357
urn:mavedb:00000114-a-1#5583,NA,NA,p.Pro281Trp,0.758433220414056,32,0.0548172391639347
urn:mavedb:00000114-a-1#5584,NA,NA,p.Pro281Tyr,0.813604429023554,30,0.0411467072704104
urn:mavedb:00000114-a-1#5585,NA,NA,p.Gln282Ter,-0.0018124430609957,20,0.0782302200851526
urn:mavedb:00000114-a-1#5586,NA,NA,p.Gln282Ala,1.00849348549011,34,0.0350804739161351
urn:mavedb:00000114-a-1#5587,NA,NA,p.Gln282Cys,0.973307840858976,23,0.0541720711235631
urn:mavedb:00000114-a-1#5588,NA,NA,p.Gln282Asp,1.00415982724682,24,0.0482459844268291
urn:mavedb:00000114-a-1#5589,NA,NA,p.Gln282Glu,0.989764837271569,18,0.0637388742233805
urn:mavedb:00000114-a-1#5590,NA,NA,p.Gln282Phe,0.932006128987424,29,0.0475745608943856
urn:mavedb:00000114-a-1#5591,NA,NA,p.Gln282Gly,0.640440360953621,24,0.0702735156586465
urn:mavedb:00000114-a-1#5592,NA,NA,p.Gln282His,0.962556736254909,23,0.0700965555646169
urn:mavedb:00000114-a-1#5593,NA,NA,p.Gln282Ile,0.995134523513961,13,0.0954041468296223
urn:mavedb:00000114-a-1#5594,NA,NA,p.Gln282Lys,1.01244221692892,28,0.0609176358141013
urn:mavedb:00000114-a-1#5595,NA,NA,p.Gln282Leu,0.974047229462169,31,0.0432966200454912
urn:mavedb:00000114-a-1#5596,NA,NA,p.Gln282Met,0.964827590009259,32,0.0510990889520742
urn:mavedb:00000114-a-1#5597,NA,NA,p.Gln282Asn,1.03329865613277,18,0.0875897723475111
urn:mavedb:00000114-a-1#5598,NA,NA,p.Gln282Pro,0.930632690669266,28,0.0461201143653426
urn:mavedb:00000114-a-1#5599,NA,NA,p.Gln282Arg,0.915274638898722,30,0.0651223108281883
urn:mavedb:00000114-a-1#5600,NA,NA,p.Gln282Ser,1.01870929491465,24,0.0584157579000438
urn:mavedb:00000114-a-1#5601,NA,NA,p.Gln282Thr,0.997369451934159,24,0.0616708763384188
urn:mavedb:00000114-a-1#5602,NA,NA,p.Gln282Val,0.966188574309312,20,0.0505201052022593
urn:mavedb:00000114-a-1#5603,NA,NA,p.Gln282Trp,0.820651011919993,8,0.118693259587253
urn:mavedb:00000114-a-1#5604,NA,NA,p.Gln282Tyr,0.917174704606692,21,0.0547453680640006
urn:mavedb:00000114-a-1#5605,NA,NA,p.Leu283Ter,0.0598781265498884,29,0.159213041982419
urn:mavedb:00000114-a-1#5606,NA,NA,p.Leu283Ala,0.931211188243132,29,0.0466708288951748
urn:mavedb:00000114-a-1#5607,NA,NA,p.Leu283Cys,0.941478953493058,23,0.0520174984458471
urn:mavedb:00000114-a-1#5608,NA,NA,p.Leu283Asp,0.822864534702224,24,0.0421996988302451
urn:mavedb:00000114-a-1#5609,NA,NA,p.Leu283Glu,0.88729942029797,27,0.0603183203138835
urn:mavedb:00000114-a-1#5610,NA,NA,p.Leu283Phe,1.00751377297419,21,0.0405740450291132
urn:mavedb:00000114-a-1#5611,NA,NA,p.Leu283Gly,0.979416095237138,35,0.0289042252426476
urn:mavedb:00000114-a-1#5612,NA,NA,p.Leu283His,0.975333855904303,19,0.0774090260914822
urn:mavedb:00000114-a-1#5613,NA,NA,p.Leu283Ile,1.10304432595856,19,0.0728028323098289
urn:mavedb:00000114-a-1#5614,NA,NA,p.Leu283Lys,0.84782102098617,38,0.033505111028367
urn:mavedb:00000114-a-1#5615,NA,NA,p.Leu283Met,0.962276541637961,31,0.0451259004644899
urn:mavedb:00000114-a-1#5616,NA,NA,p.Leu283Asn,1.01146454676616,23,0.0388839776799531
urn:mavedb:00000114-a-1#5617,NA,NA,p.Leu283Pro,0.0224736315518406,15,0.0454555738026258
urn:mavedb:00000114-a-1#5618,NA,NA,p.Leu283Gln,0.920466715533351,19,0.0553517299513272
urn:mavedb:00000114-a-1#5619,NA,NA,p.Leu283Arg,0.930805059536175,26,0.057020182542254
urn:mavedb:00000114-a-1#5620,NA,NA,p.Leu283Ser,0.982655338816625,18,0.0884542885617272
urn:mavedb:00000114-a-1#5621,NA,NA,p.Leu283Thr,0.93506287740701,29,0.0550345151896107
urn:mavedb:00000114-a-1#5622,NA,NA,p.Leu283Val,1.00638658731413,23,0.0613175227423793
urn:mavedb:00000114-a-1#5623,NA,NA,p.Leu283Trp,0.874943054220834,20,0.0521192183685338
urn:mavedb:00000114-a-1#5624,NA,NA,p.Leu283Tyr,1.02096699100296,27,0.066264218138146
urn:mavedb:00000114-a-1#5625,NA,NA,p.Gly284Ter,-0.0181930440934239,25,0.0182467388225606
urn:mavedb:00000114-a-1#5626,NA,NA,p.Gly284Ala,0.286234158446023,27,0.0997691964076617
urn:mavedb:00000114-a-1#5627,NA,NA,p.Gly284Cys,0.109321060677682,27,0.0682850923510929
urn:mavedb:00000114-a-1#5628,NA,NA,p.Gly284Asp,0.257255826372737,29,0.0958382333438378
urn:mavedb:00000114-a-1#5629,NA,NA,p.Gly284Glu,0.335126989464722,21,0.0756971182353059
urn:mavedb:00000114-a-1#5630,NA,NA,p.Gly284Phe,0.289214904402604,21,0.0848041051330943
urn:mavedb:00000114-a-1#5631,NA,NA,p.Gly284His,0.363426614333374,13,0.101084448838481
urn:mavedb:00000114-a-1#5632,NA,NA,p.Gly284Ile,-0.0212882934670167,23,0.0162242594164838
urn:mavedb:00000114-a-1#5633,NA,NA,p.Gly284Lys,0.378613564511082,29,0.0820778984559914
urn:mavedb:00000114-a-1#5634,NA,NA,p.Gly284Leu,-0.0036380936471724,23,0.0303621385732793
urn:mavedb:00000114-a-1#5635,NA,NA,p.Gly284Met,0.138159902996061,26,0.0706030724588597
urn:mavedb:00000114-a-1#5636,NA,NA,p.Gly284Asn,0.646914393942119,23,0.0964780022985286
urn:mavedb:00000114-a-1#5637,NA,NA,p.Gly284Pro,-0.0171146348268856,22,0.0153507029282876
urn:mavedb:00000114-a-1#5638,NA,NA,p.Gly284Gln,0.517211593763219,30,0.0890706299216862
urn:mavedb:00000114-a-1#5639,NA,NA,p.Gly284Arg,0.437946780535632,21,0.0691869083401656
urn:mavedb:00000114-a-1#5640,NA,NA,p.Gly284Ser,0.497637949229156,22,0.0978555636789288
urn:mavedb:00000114-a-1#5641,NA,NA,p.Gly284Thr,0.300398284213287,21,0.0880839343689636
urn:mavedb:00000114-a-1#5642,NA,NA,p.Gly284Val,-0.0066146263097386,38,0.0111739807558628
urn:mavedb:00000114-a-1#5643,NA,NA,p.Gly284Trp,0.0057471874555156,19,0.0247281562141714
urn:mavedb:00000114-a-1#5644,NA,NA,p.Gly284Tyr,0.388904112307751,21,0.0829705332729458
urn:mavedb:00000114-a-1#5645,NA,NA,p.Tyr285Ter,0.0616969125393151,17,0.138437232568288
urn:mavedb:00000114-a-1#5646,NA,NA,p.Tyr285Ala,0.301361964974808,18,0.0668145484531774
urn:mavedb:00000114-a-1#5647,NA,NA,p.Tyr285Cys,0.284924983949162,26,0.0811957660540129
urn:mavedb:00000114-a-1#5648,NA,NA,p.Tyr285Asp,0.039548014010295,24,0.0381843159552605
urn:mavedb:00000114-a-1#5649,NA,NA,p.Tyr285Glu,-0.0195152987036136,32,0.0122689689161399
urn:mavedb:00000114-a-1#5650,NA,NA,p.Tyr285Phe,0.932174214701244,26,0.0374755549939288
urn:mavedb:00000114-a-1#5651,NA,NA,p.Tyr285Gly,-0.0148373769606727,30,0.0293594178417917
urn:mavedb:00000114-a-1#5652,NA,NA,p.Tyr285His,0.686479993857126,14,0.0915649359574433
urn:mavedb:00000114-a-1#5653,NA,NA,p.Tyr285Ile,0.649712537066617,22,0.0539479335062409
urn:mavedb:00000114-a-1#5654,NA,NA,p.Tyr285Lys,-0.0240496189510303,22,0.0208103652854846
urn:mavedb:00000114-a-1#5655,NA,NA,p.Tyr285Leu,0.576994906863931,13,0.0476910676433348
urn:mavedb:00000114-a-1#5656,NA,NA,p.Tyr285Met,0.488942502506581,22,0.0520805249539134
urn:mavedb:00000114-a-1#5657,NA,NA,p.Tyr285Asn,0.199054848562218,22,0.0591907640285268
urn:mavedb:00000114-a-1#5658,NA,NA,p.Tyr285Pro,0.47000849495858,15,0.0714958248391821
urn:mavedb:00000114-a-1#5659,NA,NA,p.Tyr285Gln,0.0010792621634488,13,0.0390089530217469
urn:mavedb:00000114-a-1#5660,NA,NA,p.Tyr285Arg,0.0437463311968954,33,0.0427654680482369
urn:mavedb:00000114-a-1#5661,NA,NA,p.Tyr285Ser,0.171009422720567,21,0.0654863992755182
urn:mavedb:00000114-a-1#5662,NA,NA,p.Tyr285Thr,0.448833197273283,17,0.0869334418666921
urn:mavedb:00000114-a-1#5663,NA,NA,p.Tyr285Val,0.535102620788254,35,0.0763805810397348
urn:mavedb:00000114-a-1#5664,NA,NA,p.Tyr285Trp,1.01928243074748,23,0.0587565654869099
urn:mavedb:00000114-a-1#5665,NA,NA,p.Ser286Ter,-0.0195363961023231,40,0.0190059222227741
urn:mavedb:00000114-a-1#5666,NA,NA,p.Ser286Ala,0.184859613197883,6,0.088333146558445
urn:mavedb:00000114-a-1#5667,NA,NA,p.Ser286Cys,0.0555932431836421,9,0.0673521942635093
urn:mavedb:00000114-a-1#5668,NA,NA,p.Ser286Asp,-0.0269895135786203,13,0.0273711614236658
urn:mavedb:00000114-a-1#5669,NA,NA,p.Ser286Glu,-0.026396451090897,40,0.0157227624473995
urn:mavedb:00000114-a-1#5670,NA,NA,p.Ser286Phe,-0.0343669694334269,4,0.0111252178062443
urn:mavedb:00000114-a-1#5671,NA,NA,p.Ser286Gly,-0.0254441745994597,8,0.0221530137134792
urn:mavedb:00000114-a-1#5672,NA,NA,p.Ser286His,-0.0161114579145901,6,0.034409643110925
urn:mavedb:00000114-a-1#5673,NA,NA,p.Ser286Ile,-0.0261958412360039,8,0.0187085980430996
urn:mavedb:00000114-a-1#5674,NA,NA,p.Ser286Lys,-0.0236641964074511,27,0.0238944323136939
urn:mavedb:00000114-a-1#5675,NA,NA,p.Ser286Leu,-0.0178118855523411,36,0.0163144016015418
urn:mavedb:00000114-a-1#5676,NA,NA,p.Ser286Met,-0.0221604344554273,29,0.0164799562462692
urn:mavedb:00000114-a-1#5677,NA,NA,p.Ser286Asn,-0.0236789355285138,17,0.0200363148309824
urn:mavedb:00000114-a-1#5678,NA,NA,p.Ser286Pro,-0.0114238572618988,10,0.0431033054545124
urn:mavedb:00000114-a-1#5679,NA,NA,p.Ser286Gln,-0.020781252914232,10,0.0291227016017617
urn:mavedb:00000114-a-1#5680,NA,NA,p.Ser286Arg,0.0029198914368993,35,0.0369871666714049
urn:mavedb:00000114-a-1#5681,NA,NA,p.Ser286Thr,1.05224834914349,6,0.0909797296494917
urn:mavedb:00000114-a-1#5682,NA,NA,p.Ser286Val,0.0992058529344392,19,0.065550216043347
urn:mavedb:00000114-a-1#5683,NA,NA,p.Ser286Trp,-0.0161323806519265,32,0.0244502700758655
urn:mavedb:00000114-a-1#5684,NA,NA,p.Ser286Tyr,-0.0227110507826486,13,0.0234017406947418
urn:mavedb:00000114-a-1#5685,NA,NA,p.Leu287Ter,0.0169240043458828,33,0.078984962318142
urn:mavedb:00000114-a-1#5686,NA,NA,p.Leu287Ala,0.231889608490118,32,0.0785799149005348
urn:mavedb:00000114-a-1#5687,NA,NA,p.Leu287Cys,0.212244631917861,17,0.0434777270389726
urn:mavedb:00000114-a-1#5688,NA,NA,p.Leu287Asp,-0.0262957113267879,39,0.0184722597311107
urn:mavedb:00000114-a-1#5689,NA,NA,p.Leu287Glu,-0.0216762586552169,40,0.0139241690662286
urn:mavedb:00000114-a-1#5690,NA,NA,p.Leu287Phe,-0.0169036926690855,35,0.0291555709986355
urn:mavedb:00000114-a-1#5691,NA,NA,p.Leu287Gly,-0.017916920149181,27,0.0215241565674569
urn:mavedb:00000114-a-1#5692,NA,NA,p.Leu287His,-0.0121964807679815,29,0.0275337073844112
urn:mavedb:00000114-a-1#5693,NA,NA,p.Leu287Ile,0.939453290847348,25,0.0447617212123013
urn:mavedb:00000114-a-1#5694,NA,NA,p.Leu287Lys,-0.0218992252601924,36,0.0178280321657192
urn:mavedb:00000114-a-1#5695,NA,NA,p.Leu287Met,0.152020453994349,44,0.0611175698817209
urn:mavedb:00000114-a-1#5696,NA,NA,p.Leu287Asn,-0.0234198639460128,34,0.0184211518225881
urn:mavedb:00000114-a-1#5697,NA,NA,p.Leu287Pro,-0.0247560534296352,38,0.0148593530426134
urn:mavedb:00000114-a-1#5698,NA,NA,p.Leu287Gln,-0.0275560615559406,8,0.0280011208926074
urn:mavedb:00000114-a-1#5699,NA,NA,p.Leu287Arg,-0.0106750009477485,31,0.0232183227824811
urn:mavedb:00000114-a-1#5700,NA,NA,p.Leu287Ser,-0.0194516722908109,31,0.0188976002898458
urn:mavedb:00000114-a-1#5701,NA,NA,p.Leu287Thr,0.286605843245886,30,0.076806117806334
urn:mavedb:00000114-a-1#5702,NA,NA,p.Leu287Val,0.98845159209398,38,0.0509386630228531
urn:mavedb:00000114-a-1#5703,NA,NA,p.Leu287Trp,-0.0264033274188966,28,0.0183064245457685
urn:mavedb:00000114-a-1#5704,NA,NA,p.Leu287Tyr,-0.0234628560125717,32,0.0168463704115092
urn:mavedb:00000114-a-1#5705,NA,NA,p.Pro288Ter,-0.0194885704098436,40,0.029675429934603
urn:mavedb:00000114-a-1#5706,NA,NA,p.Pro288Ala,0.904418688563334,41,0.0482422115304491
urn:mavedb:00000114-a-1#5707,NA,NA,p.Pro288Cys,0.736501035488132,40,0.0470751463903362
urn:mavedb:00000114-a-1#5708,NA,NA,p.Pro288Asp,0.800860512337469,44,0.0444581708331181
urn:mavedb:00000114-a-1#5709,NA,NA,p.Pro288Glu,0.890054637794424,58,0.0560098120601007
urn:mavedb:00000114-a-1#5710,NA,NA,p.Pro288Phe,0.544526235567198,43,0.0509127756650072
urn:mavedb:00000114-a-1#5711,NA,NA,p.Pro288Gly,1.05443349510434,36,0.0336789347162838
urn:mavedb:00000114-a-1#5712,NA,NA,p.Pro288His,0.718721850556522,22,0.0672373075169885
urn:mavedb:00000114-a-1#5713,NA,NA,p.Pro288Ile,0.427286320069574,52,0.0428334350548447
urn:mavedb:00000114-a-1#5714,NA,NA,p.Pro288Lys,0.74712588876811,30,0.0738745954723045
urn:mavedb:00000114-a-1#5715,NA,NA,p.Pro288Leu,0.600739774534966,7,0.0869015834473291
urn:mavedb:00000114-a-1#5716,NA,NA,p.Pro288Met,0.831503436682226,53,0.0375261215058501
urn:mavedb:00000114-a-1#5717,NA,NA,p.Pro288Asn,0.903583750545772,52,0.0317692811541805
urn:mavedb:00000114-a-1#5718,NA,NA,p.Pro288Gln,0.861153421766832,36,0.0471383358688941
urn:mavedb:00000114-a-1#5719,NA,NA,p.Pro288Arg,0.778353051686389,45,0.0471551290654108
urn:mavedb:00000114-a-1#5720,NA,NA,p.Pro288Ser,0.949315009108343,25,0.0680824036179711
urn:mavedb:00000114-a-1#5721,NA,NA,p.Pro288Thr,0.844809910332251,36,0.0578827567735111
urn:mavedb:00000114-a-1#5722,NA,NA,p.Pro288Val,0.342301192800507,40,0.0564626966890021
urn:mavedb:00000114-a-1#5723,NA,NA,p.Pro288Trp,0.231755277771252,47,0.0628308290922504
urn:mavedb:00000114-a-1#5724,NA,NA,p.Pro288Tyr,0.630027690671135,39,0.0384730290267169
urn:mavedb:00000114-a-1#5725,NA,NA,p.Cys289Ter,-0.0248404686521227,6,0.0283288298561831
urn:mavedb:00000114-a-1#5726,NA,NA,p.Cys289Ala,-0.0318716837717902,6,0.0134779951562496
urn:mavedb:00000114-a-1#5727,NA,NA,p.Cys289Asp,-0.0427593829284985,3,0.0152117959566992
urn:mavedb:00000114-a-1#5728,NA,NA,p.Cys289Glu,-0.0237575438202914,6,0.0292429618056104
urn:mavedb:00000114-a-1#5729,NA,NA,p.Cys289Phe,-0.0227788824428573,9,0.0276563147908494
urn:mavedb:00000114-a-1#5730,NA,NA,p.Cys289Gly,-0.0256858558562026,11,0.0163993941744036
urn:mavedb:00000114-a-1#5731,NA,NA,p.Cys289His,-0.0463398713239935,1,0.0189323551538919
urn:mavedb:00000114-a-1#5732,NA,NA,p.Cys289Ile,-0.0148356944280599,8,0.0468986981341471
urn:mavedb:00000114-a-1#5733,NA,NA,p.Cys289Lys,-0.0045967894633855,2,0.0816010211647078
urn:mavedb:00000114-a-1#5734,NA,NA,p.Cys289Leu,0.0485894508506168,2,0.220666722348924
urn:mavedb:00000114-a-1#5735,NA,NA,p.Cys289Met,-0.0298387491348497,6,0.0289341406717582
urn:mavedb:00000114-a-1#5736,NA,NA,p.Cys289Asn,-0.0480932484123505,3,0.0107551554653752
urn:mavedb:00000114-a-1#5737,NA,NA,p.Cys289Pro,-0.0140125278621538,4,0.040404779129186
urn:mavedb:00000114-a-1#5738,NA,NA,p.Cys289Gln,-0.0332912399673683,3,0.0250949791659768
urn:mavedb:00000114-a-1#5739,NA,NA,p.Cys289Arg,-0.0397361972525362,6,0.0279949374846984
urn:mavedb:00000114-a-1#5740,NA,NA,p.Cys289Ser,-0.0051020993178816,8,0.0499751704897128
urn:mavedb:00000114-a-1#5741,NA,NA,p.Cys289Thr,-0.0052284695488094,10,0.0579897558766676
urn:mavedb:00000114-a-1#5742,NA,NA,p.Cys289Val,-0.0198695335963452,5,0.0356614154238911
urn:mavedb:00000114-a-1#5743,NA,NA,p.Cys289Trp,-0.0312829848513886,5,0.0178975017205068
urn:mavedb:00000114-a-1#5744,NA,NA,p.Cys289Tyr,0.0063580945407344,2,0.1403568325571
urn:mavedb:00000114-a-1#5745,NA,NA,p.Val290Ter,0.0119911408171912,41,0.0523689428769015
urn:mavedb:00000114-a-1#5746,NA,NA,p.Val290Ala,0.994093756870292,43,0.051515419864483
urn:mavedb:00000114-a-1#5747,NA,NA,p.Val290Cys,0.940475613277277,34,0.0393817410219073
urn:mavedb:00000114-a-1#5748,NA,NA,p.Val290Asp,-0.0223967458867941,44,0.0120447969695992
urn:mavedb:00000114-a-1#5749,NA,NA,p.Val290Glu,-0.029785831694106,22,0.0137768806876239
urn:mavedb:00000114-a-1#5750,NA,NA,p.Val290Phe,0.742142654114713,31,0.0599229020578524
urn:mavedb:00000114-a-1#5751,NA,NA,p.Val290Gly,0.0177978978210718,26,0.0279395421746156
urn:mavedb:00000114-a-1#5752,NA,NA,p.Val290His,-0.0249571565759713,27,0.0094268666258243
urn:mavedb:00000114-a-1#5753,NA,NA,p.Val290Ile,0.949395836989536,26,0.0508065006005576
urn:mavedb:00000114-a-1#5754,NA,NA,p.Val290Lys,0.413276299928455,26,0.0683163956736602
urn:mavedb:00000114-a-1#5755,NA,NA,p.Val290Leu,0.82072890260928,22,0.0557432576944631
urn:mavedb:00000114-a-1#5756,NA,NA,p.Val290Met,0.721725410375681,7,0.10245456453518
urn:mavedb:00000114-a-1#5757,NA,NA,p.Val290Asn,0.393546544727103,41,0.0807899759087732
urn:mavedb:00000114-a-1#5758,NA,NA,p.Val290Pro,1.1133213037228,37,0.0481308932956667
urn:mavedb:00000114-a-1#5759,NA,NA,p.Val290Gln,0.280641921803242,19,0.0792325307666625
urn:mavedb:00000114-a-1#5760,NA,NA,p.Val290Arg,0.523855944665032,31,0.0367011049712678
urn:mavedb:00000114-a-1#5761,NA,NA,p.Val290Ser,0.648364296253271,37,0.0745379619682213
urn:mavedb:00000114-a-1#5762,NA,NA,p.Val290Thr,0.836354617967211,35,0.0519179472964364
urn:mavedb:00000114-a-1#5763,NA,NA,p.Val290Trp,0.567219253783727,27,0.048788711505799
urn:mavedb:00000114-a-1#5764,NA,NA,p.Val290Tyr,0.813013621073743,34,0.0467622750786547
urn:mavedb:00000114-a-1#5765,NA,NA,p.Ala291Ter,0.0640944723080138,33,0.148779444951251
urn:mavedb:00000114-a-1#5766,NA,NA,p.Ala291Cys,0.99182846119836,26,0.054985097177802
urn:mavedb:00000114-a-1#5767,NA,NA,p.Ala291Asp,0.70006408435751,18,0.0901696202201978
urn:mavedb:00000114-a-1#5768,NA,NA,p.Ala291Glu,0.37181898281266,33,0.0852634931488786
urn:mavedb:00000114-a-1#5769,NA,NA,p.Ala291Phe,0.916955021519589,25,0.0323535300322516
urn:mavedb:00000114-a-1#5770,NA,NA,p.Ala291Gly,0.882981944864716,21,0.0540265598012529
urn:mavedb:00000114-a-1#5771,NA,NA,p.Ala291His,0.778756932778783,20,0.0520625518920961
urn:mavedb:00000114-a-1#5772,NA,NA,p.Ala291Ile,0.729426908626289,16,0.0557880322987685
urn:mavedb:00000114-a-1#5773,NA,NA,p.Ala291Lys,0.974694146900549,23,0.0611771763050482
urn:mavedb:00000114-a-1#5774,NA,NA,p.Ala291Leu,0.894644141735107,25,0.0732368535699151
urn:mavedb:00000114-a-1#5775,NA,NA,p.Ala291Met,1.02725020317829,16,0.0693761790960025
urn:mavedb:00000114-a-1#5776,NA,NA,p.Ala291Asn,0.975588330139115,23,0.0833003296472189
urn:mavedb:00000114-a-1#5777,NA,NA,p.Ala291Pro,-0.0195472731619449,25,0.0234225686973188
urn:mavedb:00000114-a-1#5778,NA,NA,p.Ala291Gln,0.756635544335587,12,0.0534325199921267
urn:mavedb:00000114-a-1#5779,NA,NA,p.Ala291Arg,0.882425305786429,29,0.0370468060174209
urn:mavedb:00000114-a-1#5780,NA,NA,p.Ala291Ser,0.875937528605492,28,0.0616065437250999
urn:mavedb:00000114-a-1#5781,NA,NA,p.Ala291Thr,0.694815243735185,30,0.0612562874012298
urn:mavedb:00000114-a-1#5782,NA,NA,p.Ala291Val,0.893689043155883,20,0.0498041513422087
urn:mavedb:00000114-a-1#5783,NA,NA,p.Ala291Trp,0.682303492876293,22,0.0535799200524121
urn:mavedb:00000114-a-1#5784,NA,NA,p.Ala291Tyr,0.963147175317948,21,0.0648295222605603
urn:mavedb:00000114-a-1#5785,NA,NA,p.Gly292Ter,-0.0007371029803196,5,0.0708125056448677
urn:mavedb:00000114-a-1#5786,NA,NA,p.Gly292Ala,0.892990219986407,6,0.11400226520285
urn:mavedb:00000114-a-1#5787,NA,NA,p.Gly292Cys,0.64415161859991,2,0.125361530547935
urn:mavedb:00000114-a-1#5788,NA,NA,p.Gly292Asp,0.842914693349495,12,0.114976049390615
urn:mavedb:00000114-a-1#5789,NA,NA,p.Gly292Glu,0.843564186341678,11,0.0536143567004829
urn:mavedb:00000114-a-1#5790,NA,NA,p.Gly292Phe,0.441800708168485,6,0.117891038649155
urn:mavedb:00000114-a-1#5791,NA,NA,p.Gly292His,0.779417664493763,8,0.0733714339430418
urn:mavedb:00000114-a-1#5792,NA,NA,p.Gly292Ile,0.112071644568216,3,0.124441404792146
urn:mavedb:00000114-a-1#5793,NA,NA,p.Gly292Lys,0.769551921939908,10,0.0986324908787077
urn:mavedb:00000114-a-1#5794,NA,NA,p.Gly292Leu,0.759462146973428,4,0.111279675971155
urn:mavedb:00000114-a-1#5795,NA,NA,p.Gly292Met,0.821493059602599,13,0.071242880852472
urn:mavedb:00000114-a-1#5796,NA,NA,p.Gly292Asn,0.928269708402401,17,0.0535177056136157
urn:mavedb:00000114-a-1#5797,NA,NA,p.Gly292Pro,-0.0211639357592915,4,0.0327491044422418
urn:mavedb:00000114-a-1#5798,NA,NA,p.Gly292Gln,0.910420835134035,11,0.0796517043190081
urn:mavedb:00000114-a-1#5799,NA,NA,p.Gly292Arg,0.743772551354803,11,0.0861406190729612
urn:mavedb:00000114-a-1#5800,NA,NA,p.Gly292Ser,0.895321039735576,8,0.0891197615146907
urn:mavedb:00000114-a-1#5801,NA,NA,p.Gly292Thr,0.67968556821786,7,0.149348886008
urn:mavedb:00000114-a-1#5802,NA,NA,p.Gly292Val,0.229472226810062,4,0.111058608980281
urn:mavedb:00000114-a-1#5803,NA,NA,p.Gly292Trp,0.284697775348611,12,0.0912393397180019
urn:mavedb:00000114-a-1#5804,NA,NA,p.Gly292Tyr,0.528483790820345,7,0.0666787068323517
urn:mavedb:00000114-a-1#5805,NA,NA,p.Cys293Ter,0.0640966006168235,13,0.136345682260261
urn:mavedb:00000114-a-1#5806,NA,NA,p.Cys293Ala,-0.0276210552996959,4,0.0265000512854815
urn:mavedb:00000114-a-1#5807,NA,NA,p.Cys293Asp,-0.0135207668654092,10,0.0372481123599279
urn:mavedb:00000114-a-1#5808,NA,NA,p.Cys293Glu,-0.0109791532940038,19,0.0366337347069676
urn:mavedb:00000114-a-1#5809,NA,NA,p.Cys293Phe,-0.0390186011469982,1,0.0212017515932557
urn:mavedb:00000114-a-1#5810,NA,NA,p.Cys293Gly,-0.0211949801327274,6,0.0357474432420793
urn:mavedb:00000114-a-1#5811,NA,NA,p.Cys293His,-0.0290001699785406,8,0.0227028462106808
urn:mavedb:00000114-a-1#5812,NA,NA,p.Cys293Ile,-0.0014049975245479,4,0.0651564536698439
urn:mavedb:00000114-a-1#5813,NA,NA,p.Cys293Lys,-0.0331900175041597,10,0.0255656141980498
urn:mavedb:00000114-a-1#5814,NA,NA,p.Cys293Leu,-0.0134161312515433,4,0.0619990476100403
urn:mavedb:00000114-a-1#5815,NA,NA,p.Cys293Met,-0.0011159590255456,12,0.0510107029894044
urn:mavedb:00000114-a-1#5816,NA,NA,p.Cys293Asn,-0.0217425035509585,12,0.0185239421080619
urn:mavedb:00000114-a-1#5817,NA,NA,p.Cys293Pro,-0.0251371313580272,6,0.0345012869302249
urn:mavedb:00000114-a-1#5818,NA,NA,p.Cys293Gln,-0.026538986633886,13,0.0226654070159745
urn:mavedb:00000114-a-1#5819,NA,NA,p.Cys293Arg,-0.0167421766521725,7,0.0413432372732435
urn:mavedb:00000114-a-1#5820,NA,NA,p.Cys293Ser,-0.0265859150539093,12,0.0183412938132318
urn:mavedb:00000114-a-1#5821,NA,NA,p.Cys293Thr,-0.0175864067534184,4,0.0366098294187566
urn:mavedb:00000114-a-1#5822,NA,NA,p.Cys293Val,-0.0330436678363185,12,0.0204246529395285
urn:mavedb:00000114-a-1#5823,NA,NA,p.Cys293Trp,-0.029073972898632,14,0.0168892265855939
urn:mavedb:00000114-a-1#5824,NA,NA,p.Cys293Tyr,-0.0275946408564325,13,0.0149245922239477
urn:mavedb:00000114-a-1#5825,NA,NA,p.Pro294Ter,-0.0079943881483837,16,0.0355816430278872
urn:mavedb:00000114-a-1#5826,NA,NA,p.Pro294Ala,1.04039580596865,10,0.0599976236933795
urn:mavedb:00000114-a-1#5827,NA,NA,p.Pro294Cys,0.855518410884734,10,0.084382944308443
urn:mavedb:00000114-a-1#5828,NA,NA,p.Pro294Asp,1.02329483614609,11,0.0876484758521132
urn:mavedb:00000114-a-1#5829,NA,NA,p.Pro294Glu,0.993536640258856,10,0.129834528636611
urn:mavedb:00000114-a-1#5830,NA,NA,p.Pro294Phe,0.759065237192509,4,0.166844485392998
urn:mavedb:00000114-a-1#5831,NA,NA,p.Pro294Gly,1.00752778747556,6,0.139422815963486
urn:mavedb:00000114-a-1#5832,NA,NA,p.Pro294His,0.94218027659393,33,0.0517730578609947
urn:mavedb:00000114-a-1#5833,NA,NA,p.Pro294Ile,0.841016440350102,4,0.156829966136682
urn:mavedb:00000114-a-1#5834,NA,NA,p.Pro294Lys,0.852599057755741,9,0.0849698943678239
urn:mavedb:00000114-a-1#5835,NA,NA,p.Pro294Leu,0.631441746252106,5,0.14836635394263
urn:mavedb:00000114-a-1#5836,NA,NA,p.Pro294Met,0.854941067796415,10,0.0900386692242054
urn:mavedb:00000114-a-1#5837,NA,NA,p.Pro294Asn,0.873939245436929,6,0.0788706254570004
urn:mavedb:00000114-a-1#5838,NA,NA,p.Pro294Gln,0.926336529265388,7,0.139889442547364
urn:mavedb:00000114-a-1#5839,NA,NA,p.Pro294Arg,0.834239520147015,8,0.103575350891872
urn:mavedb:00000114-a-1#5840,NA,NA,p.Pro294Ser,0.994725746644455,6,0.0874282119573574
urn:mavedb:00000114-a-1#5841,NA,NA,p.Pro294Thr,0.997822824321518,3,0.13930764494917
urn:mavedb:00000114-a-1#5842,NA,NA,p.Pro294Val,0.973905012587617,9,0.093967042579215
urn:mavedb:00000114-a-1#5843,NA,NA,p.Pro294Trp,0.493013810515466,7,0.0925114883187333
urn:mavedb:00000114-a-1#5844,NA,NA,p.Pro294Tyr,0.810721612772104,14,0.0655626263568668
urn:mavedb:00000114-a-1#5845,NA,NA,p.Asn295Ter,-0.0144542055749886,9,0.0301944056228388
urn:mavedb:00000114-a-1#5846,NA,NA,p.Asn295Ala,0.861554263662469,12,0.0835836124921992
urn:mavedb:00000114-a-1#5847,NA,NA,p.Asn295Cys,0.636004135527743,3,0.150310063214065
urn:mavedb:00000114-a-1#5848,NA,NA,p.Asn295Asp,1.02352090187816,13,0.0890620369921195
urn:mavedb:00000114-a-1#5849,NA,NA,p.Asn295Glu,1.00869779757018,17,0.0502007385115991
urn:mavedb:00000114-a-1#5850,NA,NA,p.Asn295Phe,0.791454816341329,5,0.160051957412816
urn:mavedb:00000114-a-1#5851,NA,NA,p.Asn295Gly,0.93753569883034,9,0.0942514073932614
urn:mavedb:00000114-a-1#5852,NA,NA,p.Asn295His,0.839139195584869,10,0.0783436112387432
urn:mavedb:00000114-a-1#5853,NA,NA,p.Asn295Ile,0.286427300410227,10,0.0839429669380788
urn:mavedb:00000114-a-1#5854,NA,NA,p.Asn295Lys,0.927449140068436,24,0.078759993232571
urn:mavedb:00000114-a-1#5855,NA,NA,p.Asn295Leu,0.70385241941903,17,0.0898876687419861
urn:mavedb:00000114-a-1#5856,NA,NA,p.Asn295Met,0.878297892451114,9,0.0886409574408365
urn:mavedb:00000114-a-1#5857,NA,NA,p.Asn295Pro,-0.0236248307320819,5,0.0385051620255039
urn:mavedb:00000114-a-1#5858,NA,NA,p.Asn295Gln,0.905572028324604,11,0.107090966392706
urn:mavedb:00000114-a-1#5859,NA,NA,p.Asn295Arg,0.840989361682461,13,0.0695913554301093
urn:mavedb:00000114-a-1#5860,NA,NA,p.Asn295Ser,0.951286785539838,8,0.0682427203032377
urn:mavedb:00000114-a-1#5861,NA,NA,p.Asn295Thr,0.798207569135467,11,0.116625897096544
urn:mavedb:00000114-a-1#5862,NA,NA,p.Asn295Val,0.568047305330453,11,0.0880951352075329
urn:mavedb:00000114-a-1#5863,NA,NA,p.Asn295Trp,0.46771809122795,8,0.0901748009298218
urn:mavedb:00000114-a-1#5864,NA,NA,p.Asn295Tyr,0.73131612074416,6,0.099714394859199
urn:mavedb:00000114-a-1#5865,NA,NA,p.Ser296Ter,-0.0090589784127072,39,0.0239509127528859
urn:mavedb:00000114-a-1#5866,NA,NA,p.Ser296Ala,0.235644833119775,37,0.0562955790089888
urn:mavedb:00000114-a-1#5867,NA,NA,p.Ser296Cys,-0.0277950760255233,17,0.0143794065521435
urn:mavedb:00000114-a-1#5868,NA,NA,p.Ser296Asp,-0.0231843416027869,31,0.0125739158681036
urn:mavedb:00000114-a-1#5869,NA,NA,p.Ser296Glu,-0.0212170835904545,45,0.0108039992964026
urn:mavedb:00000114-a-1#5870,NA,NA,p.Ser296Phe,0.282381168859963,24,0.0771513769647049
urn:mavedb:00000114-a-1#5871,NA,NA,p.Ser296Gly,0.174887048963653,32,0.0808302806225438
urn:mavedb:00000114-a-1#5872,NA,NA,p.Ser296His,-0.0142008473904863,40,0.0227987834061251
urn:mavedb:00000114-a-1#5873,NA,NA,p.Ser296Ile,-0.0308363527243924,5,0.0420118248786385
urn:mavedb:00000114-a-1#5874,NA,NA,p.Ser296Lys,-0.0169162946354016,28,0.0310648844181602
urn:mavedb:00000114-a-1#5875,NA,NA,p.Ser296Leu,-0.0206403848210176,10,0.0183590401605396
urn:mavedb:00000114-a-1#5876,NA,NA,p.Ser296Met,-0.0281143832140222,41,0.0105428244620823
urn:mavedb:00000114-a-1#5877,NA,NA,p.Ser296Asn,-0.0108268867971469,40,0.0137986443739966
urn:mavedb:00000114-a-1#5878,NA,NA,p.Ser296Pro,-0.0196756147868072,40,0.0233936486052466
urn:mavedb:00000114-a-1#5879,NA,NA,p.Ser296Gln,-0.0230342211832502,24,0.0258969658152549
urn:mavedb:00000114-a-1#5880,NA,NA,p.Ser296Arg,-0.0243180538279323,45,0.0127217595810359
urn:mavedb:00000114-a-1#5881,NA,NA,p.Ser296Thr,0.328381496390571,26,0.077820133220651
urn:mavedb:00000114-a-1#5882,NA,NA,p.Ser296Val,-0.0141075154529584,38,0.0125021695416815
urn:mavedb:00000114-a-1#5883,NA,NA,p.Ser296Trp,0.25234017002829,34,0.086502861987099
urn:mavedb:00000114-a-1#5884,NA,NA,p.Ser296Tyr,0.816443819512889,35,0.0477753387587824
urn:mavedb:00000114-a-1#5885,NA,NA,p.Leu297Ter,0.0171255133744531,26,0.0877212698304839
urn:mavedb:00000114-a-1#5886,NA,NA,p.Leu297Ala,0.688267839630638,17,0.0631790488034361
urn:mavedb:00000114-a-1#5887,NA,NA,p.Leu297Cys,0.748675782821491,17,0.0587366538862462
urn:mavedb:00000114-a-1#5888,NA,NA,p.Leu297Asp,0.436271885088214,25,0.0584547632221578
urn:mavedb:00000114-a-1#5889,NA,NA,p.Leu297Glu,0.737236416936098,19,0.0803446200975839
urn:mavedb:00000114-a-1#5890,NA,NA,p.Leu297Phe,0.750428187313202,19,0.057513844998924
urn:mavedb:00000114-a-1#5891,NA,NA,p.Leu297Gly,0.221008917417562,26,0.0530603280282273
urn:mavedb:00000114-a-1#5892,NA,NA,p.Leu297His,0.64509504503117,23,0.0601378305600652
urn:mavedb:00000114-a-1#5893,NA,NA,p.Leu297Ile,0.936748630257931,23,0.0784427290926614
urn:mavedb:00000114-a-1#5894,NA,NA,p.Leu297Lys,0.362543201222418,17,0.0647913016703077
urn:mavedb:00000114-a-1#5895,NA,NA,p.Leu297Met,0.922738552153479,33,0.0580900777845224
urn:mavedb:00000114-a-1#5896,NA,NA,p.Leu297Asn,0.768070863329144,21,0.0405291026563647
urn:mavedb:00000114-a-1#5897,NA,NA,p.Leu297Pro,-0.0200470142480556,16,0.0299258474599454
urn:mavedb:00000114-a-1#5898,NA,NA,p.Leu297Gln,0.707816399424985,19,0.0933844868001455
urn:mavedb:00000114-a-1#5899,NA,NA,p.Leu297Arg,0.376812442977634,22,0.0520571540569437
urn:mavedb:00000114-a-1#5900,NA,NA,p.Leu297Ser,0.629275726617483,23,0.0774191421926595
urn:mavedb:00000114-a-1#5901,NA,NA,p.Leu297Thr,0.886712940203201,19,0.0847070184272317
urn:mavedb:00000114-a-1#5902,NA,NA,p.Leu297Val,0.878256865752119,23,0.0771641264929421
urn:mavedb:00000114-a-1#5903,NA,NA,p.Leu297Trp,0.478241613103009,26,0.0596711616280957
urn:mavedb:00000114-a-1#5904,NA,NA,p.Leu297Tyr,0.7185884515935,16,0.0667586570491901
urn:mavedb:00000114-a-1#5905,NA,NA,p.Ile298Ter,-0.0243635483099782,33,0.0185394073237091
urn:mavedb:00000114-a-1#5906,NA,NA,p.Ile298Ala,-0.0131932973075424,18,0.0436833806916044
urn:mavedb:00000114-a-1#5907,NA,NA,p.Ile298Cys,-0.0182673112091702,29,0.0190659930135068
urn:mavedb:00000114-a-1#5908,NA,NA,p.Ile298Asp,-0.0194073361256154,8,0.0351384868641225
urn:mavedb:00000114-a-1#5909,NA,NA,p.Ile298Glu,-0.0246903180071127,20,0.0189788020954668
urn:mavedb:00000114-a-1#5910,NA,NA,p.Ile298Phe,-0.0215238145522035,26,0.0167589761025132
urn:mavedb:00000114-a-1#5911,NA,NA,p.Ile298Gly,-0.0235415625849243,28,0.0146454358615042
urn:mavedb:00000114-a-1#5912,NA,NA,p.Ile298His,-0.0108032332589799,25,0.0279272087512837
urn:mavedb:00000114-a-1#5913,NA,NA,p.Ile298Lys,-0.0296623920797281,20,0.0192014944686418
urn:mavedb:00000114-a-1#5914,NA,NA,p.Ile298Leu,0.834276520803061,25,0.0720868414211658
urn:mavedb:00000114-a-1#5915,NA,NA,p.Ile298Met,0.782774016237626,29,0.0508172856401146
urn:mavedb:00000114-a-1#5916,NA,NA,p.Ile298Asn,-0.0237191633505182,20,0.0216262624715463
urn:mavedb:00000114-a-1#5917,NA,NA,p.Ile298Pro,-0.0321597499947518,14,0.0170647613650645
urn:mavedb:00000114-a-1#5918,NA,NA,p.Ile298Gln,-0.026355636393981,21,0.0274127153277554
urn:mavedb:00000114-a-1#5919,NA,NA,p.Ile298Arg,-0.0193404529276296,21,0.0154480700952413
urn:mavedb:00000114-a-1#5920,NA,NA,p.Ile298Ser,-0.0097469441284473,21,0.0279229227533634
urn:mavedb:00000114-a-1#5921,NA,NA,p.Ile298Thr,-0.0147737712383408,28,0.0176882564915588
urn:mavedb:00000114-a-1#5922,NA,NA,p.Ile298Val,0.831729077440149,26,0.0554191238051126
urn:mavedb:00000114-a-1#5923,NA,NA,p.Ile298Trp,-0.0214503346119296,33,0.0177096706651102
urn:mavedb:00000114-a-1#5924,NA,NA,p.Ile298Tyr,-0.0174448966762211,26,0.0234981415910356
urn:mavedb:00000114-a-1#5925,NA,NA,p.Lys299Ter,-0.0226245957004075,24,0.0201825536026395
urn:mavedb:00000114-a-1#5926,NA,NA,p.Lys299Ala,0.850862622829801,22,0.101869230549122
urn:mavedb:00000114-a-1#5927,NA,NA,p.Lys299Cys,0.72099483736981,27,0.0575023198567193
urn:mavedb:00000114-a-1#5928,NA,NA,p.Lys299Asp,0.90847368000641,16,0.0659072206847792
urn:mavedb:00000114-a-1#5929,NA,NA,p.Lys299Glu,0.900407600099837,26,0.0578148681249879
urn:mavedb:00000114-a-1#5930,NA,NA,p.Lys299Phe,0.589104117154418,17,0.050188565854826
urn:mavedb:00000114-a-1#5931,NA,NA,p.Lys299Gly,0.808070124936985,37,0.070391080791214
urn:mavedb:00000114-a-1#5932,NA,NA,p.Lys299His,0.866839076750322,26,0.0396179332736764
urn:mavedb:00000114-a-1#5933,NA,NA,p.Lys299Ile,0.624931306564329,20,0.0482191643548568
urn:mavedb:00000114-a-1#5934,NA,NA,p.Lys299Leu,0.634477975974294,14,0.0664770553390906
urn:mavedb:00000114-a-1#5935,NA,NA,p.Lys299Met,0.791290073176366,28,0.0534375239161377
urn:mavedb:00000114-a-1#5936,NA,NA,p.Lys299Asn,0.947510974276851,23,0.0920269469757227
urn:mavedb:00000114-a-1#5937,NA,NA,p.Lys299Pro,0.683891715403044,28,0.0611963002989868
urn:mavedb:00000114-a-1#5938,NA,NA,p.Lys299Gln,0.93066989833746,26,0.0609225246263562
urn:mavedb:00000114-a-1#5939,NA,NA,p.Lys299Arg,0.968551835498589,21,0.0700337311664776
urn:mavedb:00000114-a-1#5940,NA,NA,p.Lys299Ser,0.973200194338694,20,0.0629024998152446
urn:mavedb:00000114-a-1#5941,NA,NA,p.Lys299Thr,0.971361870509921,24,0.0507345857568345
urn:mavedb:00000114-a-1#5942,NA,NA,p.Lys299Val,0.678612923260159,28,0.0586778293907538
urn:mavedb:00000114-a-1#5943,NA,NA,p.Lys299Trp,0.707493271034863,24,0.0828388659079883
urn:mavedb:00000114-a-1#5944,NA,NA,p.Lys299Tyr,0.773752681709608,25,0.0543068943147381
urn:mavedb:00000114-a-1#5945,NA,NA,p.Glu300Ter,-0.0248085972945233,26,0.0197890448212839
urn:mavedb:00000114-a-1#5946,NA,NA,p.Glu300Ala,0.982953975292127,25,0.0634907577903251
urn:mavedb:00000114-a-1#5947,NA,NA,p.Glu300Cys,0.831908547847047,20,0.0754179766273242
urn:mavedb:00000114-a-1#5948,NA,NA,p.Glu300Asp,1.00783102810993,36,0.0492582428960108
urn:mavedb:00000114-a-1#5949,NA,NA,p.Glu300Phe,0.647155181327158,26,0.0506427439763414
urn:mavedb:00000114-a-1#5950,NA,NA,p.Glu300Gly,0.9205227478143,21,0.0659035032262292
urn:mavedb:00000114-a-1#5951,NA,NA,p.Glu300His,0.851415536197505,18,0.0734657685774738
urn:mavedb:00000114-a-1#5952,NA,NA,p.Glu300Ile,0.397903229642921,22,0.0573891845206081
urn:mavedb:00000114-a-1#5953,NA,NA,p.Glu300Lys,0.661905539696926,17,0.0698064411894698
urn:mavedb:00000114-a-1#5954,NA,NA,p.Glu300Leu,0.448280858605472,29,0.0623072847766398
urn:mavedb:00000114-a-1#5955,NA,NA,p.Glu300Met,0.66387894211221,39,0.0719724182256503
urn:mavedb:00000114-a-1#5956,NA,NA,p.Glu300Asn,0.968067788249131,22,0.0822122703237449
urn:mavedb:00000114-a-1#5957,NA,NA,p.Glu300Pro,1.05596797072027,37,0.0355793002263106
urn:mavedb:00000114-a-1#5958,NA,NA,p.Glu300Gln,0.900917995054825,28,0.0583758547710868
urn:mavedb:00000114-a-1#5959,NA,NA,p.Glu300Arg,0.535694047577588,28,0.0417383834312611
urn:mavedb:00000114-a-1#5960,NA,NA,p.Glu300Ser,0.972775967582959,18,0.0406076142799287
urn:mavedb:00000114-a-1#5961,NA,NA,p.Glu300Thr,0.868180348663578,36,0.0577679430400386
urn:mavedb:00000114-a-1#5962,NA,NA,p.Glu300Val,0.71428359057932,30,0.0641640416120441
urn:mavedb:00000114-a-1#5963,NA,NA,p.Glu300Trp,0.595377799227206,25,0.0655335757058855
urn:mavedb:00000114-a-1#5964,NA,NA,p.Glu300Tyr,0.764006231195977,30,0.0422611872091108
urn:mavedb:00000114-a-1#5965,NA,NA,p.Leu301Ter,-0.0077954690539033,21,0.0259596916894152
urn:mavedb:00000114-a-1#5966,NA,NA,p.Leu301Ala,0.936051155290729,20,0.0827001262791181
urn:mavedb:00000114-a-1#5967,NA,NA,p.Leu301Cys,0.844176335330066,29,0.0629222195852172
urn:mavedb:00000114-a-1#5968,NA,NA,p.Leu301Asp,0.875295741962386,28,0.0675686595594963
urn:mavedb:00000114-a-1#5969,NA,NA,p.Leu301Glu,0.937858777599488,34,0.0548008063647505
urn:mavedb:00000114-a-1#5970,NA,NA,p.Leu301Phe,0.899704895721441,25,0.0374286763268683
urn:mavedb:00000114-a-1#5971,NA,NA,p.Leu301Gly,0.867238125282793,20,0.0810437614033562
urn:mavedb:00000114-a-1#5972,NA,NA,p.Leu301His,0.903353464308081,20,0.0498266282231228
urn:mavedb:00000114-a-1#5973,NA,NA,p.Leu301Ile,0.982606499802015,15,0.0786537359892626
urn:mavedb:00000114-a-1#5974,NA,NA,p.Leu301Lys,0.915810655906339,22,0.0535808929171629
urn:mavedb:00000114-a-1#5975,NA,NA,p.Leu301Met,0.969179543688855,23,0.04656097571472
urn:mavedb:00000114-a-1#5976,NA,NA,p.Leu301Asn,0.914417353708232,22,0.0513376328303966
urn:mavedb:00000114-a-1#5977,NA,NA,p.Leu301Pro,0.939505703815446,18,0.0670437837585374
urn:mavedb:00000114-a-1#5978,NA,NA,p.Leu301Gln,0.887700707994518,21,0.0786055245181402
urn:mavedb:00000114-a-1#5979,NA,NA,p.Leu301Arg,0.78975337383254,16,0.0996833908162145
urn:mavedb:00000114-a-1#5980,NA,NA,p.Leu301Ser,0.896370248111131,25,0.049219863130577
urn:mavedb:00000114-a-1#5981,NA,NA,p.Leu301Thr,1.02010756500088,27,0.058699927899248
urn:mavedb:00000114-a-1#5982,NA,NA,p.Leu301Val,0.924457793253645,24,0.0627964387959666
urn:mavedb:00000114-a-1#5983,NA,NA,p.Leu301Trp,0.641188176988133,16,0.0465697410649657
urn:mavedb:00000114-a-1#5984,NA,NA,p.Leu301Tyr,0.836765263516755,22,0.0519463288116932
urn:mavedb:00000114-a-1#5985,NA,NA,p.His302Ter,-0.0185697014357634,21,0.0255919420259543
urn:mavedb:00000114-a-1#5986,NA,NA,p.His302Ala,1.04133320440616,18,0.100825431270585
urn:mavedb:00000114-a-1#5987,NA,NA,p.His302Cys,0.957533308992408,26,0.05042512982315
urn:mavedb:00000114-a-1#5988,NA,NA,p.His302Asp,1.14944244682259,11,0.118498561107295
urn:mavedb:00000114-a-1#5989,NA,NA,p.His302Glu,1.17938923497946,20,0.069125515898811
urn:mavedb:00000114-a-1#5990,NA,NA,p.His302Phe,0.885849828223272,24,0.0484308476852435
urn:mavedb:00000114-a-1#5991,NA,NA,p.His302Gly,0.961238712434359,17,0.0990355584305039
urn:mavedb:00000114-a-1#5992,NA,NA,p.His302Ile,0.900518488410751,14,0.0945604840806553
urn:mavedb:00000114-a-1#5993,NA,NA,p.His302Lys,0.95924589181233,27,0.0388311313437935
urn:mavedb:00000114-a-1#5994,NA,NA,p.His302Leu,0.910181740518732,29,0.0473787375256756
urn:mavedb:00000114-a-1#5995,NA,NA,p.His302Met,0.946027620602981,15,0.0986589268157658
urn:mavedb:00000114-a-1#5996,NA,NA,p.His302Asn,1.06802802003281,30,0.0456848163832
urn:mavedb:00000114-a-1#5997,NA,NA,p.His302Pro,0.74504310329754,33,0.0458424339141454
urn:mavedb:00000114-a-1#5998,NA,NA,p.His302Gln,1.09773722858482,29,0.0248985390672143
urn:mavedb:00000114-a-1#5999,NA,NA,p.His302Arg,0.904945736508264,16,0.0853215426140287
urn:mavedb:00000114-a-1#6000,NA,NA,p.His302Ser,1.02995238587181,19,0.0775059017086703
urn:mavedb:00000114-a-1#6001,NA,NA,p.His302Thr,1.03594332988538,28,0.0447795600132223
urn:mavedb:00000114-a-1#6002,NA,NA,p.His302Val,0.93111240479807,21,0.0742793198161913
urn:mavedb:00000114-a-1#6003,NA,NA,p.His302Trp,0.826940191228071,18,0.0466650725165084
urn:mavedb:00000114-a-1#6004,NA,NA,p.His302Tyr,0.945525302115717,30,0.0628693979694492
urn:mavedb:00000114-a-1#6005,NA,NA,p.His303Ter,-0.020102040117315,21,0.0194526513092096
urn:mavedb:00000114-a-1#6006,NA,NA,p.His303Ala,0.372709316593511,15,0.0917767273113967
urn:mavedb:00000114-a-1#6007,NA,NA,p.His303Cys,0.62332549857057,29,0.0637753144612582
urn:mavedb:00000114-a-1#6008,NA,NA,p.His303Asp,-0.0329397745943152,26,0.0114705355799894
urn:mavedb:00000114-a-1#6009,NA,NA,p.His303Glu,-0.0220251185547189,26,0.0158231624668114
urn:mavedb:00000114-a-1#6010,NA,NA,p.His303Phe,0.402202651348721,17,0.0902909627276384
urn:mavedb:00000114-a-1#6011,NA,NA,p.His303Gly,-0.0194402619717461,19,0.0256298618497524
urn:mavedb:00000114-a-1#6012,NA,NA,p.His303Ile,0.920597862499487,23,0.0430765749221901
urn:mavedb:00000114-a-1#6013,NA,NA,p.His303Lys,-0.0206587134299884,23,0.0193034655096575
urn:mavedb:00000114-a-1#6014,NA,NA,p.His303Leu,0.813163727277762,26,0.0635201295673172
urn:mavedb:00000114-a-1#6015,NA,NA,p.His303Met,0.812807046738669,21,0.0618412020599422
urn:mavedb:00000114-a-1#6016,NA,NA,p.His303Asn,0.0473027196566536,27,0.0329637242841399
urn:mavedb:00000114-a-1#6017,NA,NA,p.His303Pro,-0.0162228074366183,30,0.0258468126502134
urn:mavedb:00000114-a-1#6018,NA,NA,p.His303Gln,0.0694408616747259,30,0.0430042148262465
urn:mavedb:00000114-a-1#6019,NA,NA,p.His303Arg,-0.0234190906212242,36,0.0205573126780096
urn:mavedb:00000114-a-1#6020,NA,NA,p.His303Ser,0.418856241733436,26,0.0677456475795218
urn:mavedb:00000114-a-1#6021,NA,NA,p.His303Thr,0.998249815815672,20,0.0630786675339466
urn:mavedb:00000114-a-1#6022,NA,NA,p.His303Val,0.930182491312721,26,0.0700401909460586
urn:mavedb:00000114-a-1#6023,NA,NA,p.His303Trp,-0.0196414855573496,29,0.017121386945176
urn:mavedb:00000114-a-1#6024,NA,NA,p.His303Tyr,0.811866927594617,26,0.0669856021665162
urn:mavedb:00000114-a-1#6025,NA,NA,p.Phe304Ter,0.0499974836009784,20,0.159473303504481
urn:mavedb:00000114-a-1#6026,NA,NA,p.Phe304Ala,-0.0073031116986542,15,0.0291397591100151
urn:mavedb:00000114-a-1#6027,NA,NA,p.Phe304Cys,-0.0226174637931073,15,0.02534778153863
urn:mavedb:00000114-a-1#6028,NA,NA,p.Phe304Asp,-0.0208558340254835,31,0.019287381872301
urn:mavedb:00000114-a-1#6029,NA,NA,p.Phe304Glu,-0.0183356208577145,26,0.0225971983186486
urn:mavedb:00000114-a-1#6030,NA,NA,p.Phe304Gly,-0.0080476136871138,23,0.0377005349291704
urn:mavedb:00000114-a-1#6031,NA,NA,p.Phe304His,-0.0221120298457465,29,0.0178871479788933
urn:mavedb:00000114-a-1#6032,NA,NA,p.Phe304Ile,0.0018383224233618,19,0.0301028803396886
urn:mavedb:00000114-a-1#6033,NA,NA,p.Phe304Lys,-0.0236052934981948,37,0.0167191626676814
urn:mavedb:00000114-a-1#6034,NA,NA,p.Phe304Leu,0.645784553798867,21,0.070304978591642
urn:mavedb:00000114-a-1#6035,NA,NA,p.Phe304Met,0.637329532982835,18,0.0737017330746215
urn:mavedb:00000114-a-1#6036,NA,NA,p.Phe304Asn,-0.0242914490367603,26,0.0163847233633255
urn:mavedb:00000114-a-1#6037,NA,NA,p.Phe304Pro,-0.0269638655428453,16,0.0215021502250892
urn:mavedb:00000114-a-1#6038,NA,NA,p.Phe304Gln,-0.0123309886020449,28,0.016558722856729
urn:mavedb:00000114-a-1#6039,NA,NA,p.Phe304Arg,-0.0157387094633627,27,0.0253768898552591
urn:mavedb:00000114-a-1#6040,NA,NA,p.Phe304Ser,-0.0144615728748934,20,0.0244457211854557
urn:mavedb:00000114-a-1#6041,NA,NA,p.Phe304Thr,-0.0309364413379018,23,0.0174952989919623
urn:mavedb:00000114-a-1#6042,NA,NA,p.Phe304Val,-0.0191240855219532,21,0.0323398514936823
urn:mavedb:00000114-a-1#6043,NA,NA,p.Phe304Trp,-0.0118129241196565,24,0.0222342545258531
urn:mavedb:00000114-a-1#6044,NA,NA,p.Phe304Tyr,0.870057929038569,25,0.0507503923762103
urn:mavedb:00000114-a-1#6045,NA,NA,p.Arg305Ter,0.0148306170257799,27,0.0726714976623247
urn:mavedb:00000114-a-1#6046,NA,NA,p.Arg305Ala,0.979314263297037,18,0.0486381025456342
urn:mavedb:00000114-a-1#6047,NA,NA,p.Arg305Cys,0.836048729560596,34,0.0425073735516639
urn:mavedb:00000114-a-1#6048,NA,NA,p.Arg305Asp,0.73043736878269,29,0.0495605042808788
urn:mavedb:00000114-a-1#6049,NA,NA,p.Arg305Glu,1.01044701292308,21,0.0260088907221743
urn:mavedb:00000114-a-1#6050,NA,NA,p.Arg305Phe,0.772082883568426,28,0.0841833477433113
urn:mavedb:00000114-a-1#6051,NA,NA,p.Arg305Gly,0.849645541333558,32,0.0459857800602378
urn:mavedb:00000114-a-1#6052,NA,NA,p.Arg305His,0.874763840761852,22,0.0675744534658868
urn:mavedb:00000114-a-1#6053,NA,NA,p.Arg305Ile,0.845477445148968,23,0.0512181215564234
urn:mavedb:00000114-a-1#6054,NA,NA,p.Arg305Lys,0.992145843542269,23,0.0479111007903457
urn:mavedb:00000114-a-1#6055,NA,NA,p.Arg305Leu,0.883057038915706,20,0.0886194611877
urn:mavedb:00000114-a-1#6056,NA,NA,p.Arg305Met,1.012960917847,21,0.0694811309933827
urn:mavedb:00000114-a-1#6057,NA,NA,p.Arg305Asn,0.894971225320583,24,0.0687767491283285
urn:mavedb:00000114-a-1#6058,NA,NA,p.Arg305Pro,-0.0103187020437619,27,0.0292981111809725
urn:mavedb:00000114-a-1#6059,NA,NA,p.Arg305Gln,0.981002937269119,27,0.0560292623230426
urn:mavedb:00000114-a-1#6060,NA,NA,p.Arg305Ser,0.958549228891085,24,0.0439182302384447
urn:mavedb:00000114-a-1#6061,NA,NA,p.Arg305Thr,0.941726889804083,15,0.0936780234246125
urn:mavedb:00000114-a-1#6062,NA,NA,p.Arg305Val,0.853213291889453,25,0.0498354351423084
urn:mavedb:00000114-a-1#6063,NA,NA,p.Arg305Trp,0.804709720467387,36,0.0339955488106585
urn:mavedb:00000114-a-1#6064,NA,NA,p.Arg305Tyr,0.815710434529696,20,0.0550207808525629
urn:mavedb:00000114-a-1#6065,NA,NA,p.Ile306Ter,0.0630721603408741,17,0.169218424990826
urn:mavedb:00000114-a-1#6066,NA,NA,p.Ile306Ala,0.914499485108127,27,0.0863751073983065
urn:mavedb:00000114-a-1#6067,NA,NA,p.Ile306Cys,0.747103614480309,10,0.0737334837869478
urn:mavedb:00000114-a-1#6068,NA,NA,p.Ile306Asp,-0.0306034956262111,22,0.0147676049037884
urn:mavedb:00000114-a-1#6069,NA,NA,p.Ile306Glu,-0.0209531573243889,20,0.0141833465698548
urn:mavedb:00000114-a-1#6070,NA,NA,p.Ile306Phe,0.504278996436522,21,0.0464896381646045
urn:mavedb:00000114-a-1#6071,NA,NA,p.Ile306Gly,0.25034185600252,27,0.0876588616273686
urn:mavedb:00000114-a-1#6072,NA,NA,p.Ile306His,0.164507878355092,13,0.071971446747698
urn:mavedb:00000114-a-1#6073,NA,NA,p.Ile306Lys,-0.0239887262149351,18,0.0197541505526238
urn:mavedb:00000114-a-1#6074,NA,NA,p.Ile306Leu,0.943845576082381,20,0.0699124298437393
urn:mavedb:00000114-a-1#6075,NA,NA,p.Ile306Met,0.889346523541421,17,0.078736672560788
urn:mavedb:00000114-a-1#6076,NA,NA,p.Ile306Asn,0.005722464454318,17,0.0373471850916709
urn:mavedb:00000114-a-1#6077,NA,NA,p.Ile306Pro,-0.0049177131862693,24,0.0220431227409081
urn:mavedb:00000114-a-1#6078,NA,NA,p.Ile306Gln,0.316118013650803,10,0.0854793900980112
urn:mavedb:00000114-a-1#6079,NA,NA,p.Ile306Arg,-0.0248969625977261,21,0.0217892791156876
urn:mavedb:00000114-a-1#6080,NA,NA,p.Ile306Ser,0.660606829791296,14,0.0735628507108159
urn:mavedb:00000114-a-1#6081,NA,NA,p.Ile306Thr,0.738657866514204,21,0.0355305539689904
urn:mavedb:00000114-a-1#6082,NA,NA,p.Ile306Val,0.883853264723175,17,0.070728655897149
urn:mavedb:00000114-a-1#6083,NA,NA,p.Ile306Trp,0.175884335314996,15,0.0632697081008779
urn:mavedb:00000114-a-1#6084,NA,NA,p.Ile306Tyr,0.229315220074522,26,0.0805966954632643
urn:mavedb:00000114-a-1#6085,NA,NA,p.Leu307Ter,0.0098431177049874,36,0.0654492596306291
urn:mavedb:00000114-a-1#6086,NA,NA,p.Leu307Ala,0.973126780294121,21,0.0667164302402278
urn:mavedb:00000114-a-1#6087,NA,NA,p.Leu307Cys,0.989517717952335,23,0.0866443576387562
urn:mavedb:00000114-a-1#6088,NA,NA,p.Leu307Asp,-0.0232505502582854,29,0.0203541028328013
urn:mavedb:00000114-a-1#6089,NA,NA,p.Leu307Glu,-0.0253938738565879,28,0.0123724068017562
urn:mavedb:00000114-a-1#6090,NA,NA,p.Leu307Phe,0.515236239250827,18,0.0889985197299699
urn:mavedb:00000114-a-1#6091,NA,NA,p.Leu307Gly,0.569263289967242,27,0.0736684416752061
urn:mavedb:00000114-a-1#6092,NA,NA,p.Leu307His,0.0167488647232525,34,0.0316175369114733
urn:mavedb:00000114-a-1#6093,NA,NA,p.Leu307Ile,1.01558565094753,23,0.05366751616463
urn:mavedb:00000114-a-1#6094,NA,NA,p.Leu307Lys,-0.0131154245019862,24,0.0230665259045319
urn:mavedb:00000114-a-1#6095,NA,NA,p.Leu307Met,0.883317641111152,31,0.0445813746256903
urn:mavedb:00000114-a-1#6096,NA,NA,p.Leu307Asn,0.515905428540144,28,0.101578561116983
urn:mavedb:00000114-a-1#6097,NA,NA,p.Leu307Pro,0.542134657500608,27,0.0866910235729308
urn:mavedb:00000114-a-1#6098,NA,NA,p.Leu307Gln,-0.0174751992397595,21,0.0218887622688684
urn:mavedb:00000114-a-1#6099,NA,NA,p.Leu307Arg,-0.0252957255719791,29,0.0172427907506759
urn:mavedb:00000114-a-1#6100,NA,NA,p.Leu307Ser,0.615468211464466,35,0.107386925531825
urn:mavedb:00000114-a-1#6101,NA,NA,p.Leu307Thr,0.773732708867032,22,0.114801694933435
urn:mavedb:00000114-a-1#6102,NA,NA,p.Leu307Val,0.843551119750252,30,0.0512204285135426
urn:mavedb:00000114-a-1#6103,NA,NA,p.Leu307Trp,0.0726718634275238,21,0.0455989706983656
urn:mavedb:00000114-a-1#6104,NA,NA,p.Leu307Tyr,-0.0143038665125914,29,0.0113656332818136
urn:mavedb:00000114-a-1#6105,NA,NA,p.Gly308Ter,0.0517019720461665,32,0.13500757761373
urn:mavedb:00000114-a-1#6106,NA,NA,p.Gly308Ala,0.622037536192711,21,0.0736129875749967
urn:mavedb:00000114-a-1#6107,NA,NA,p.Gly308Cys,0.69862376052757,34,0.0474790693505083
urn:mavedb:00000114-a-1#6108,NA,NA,p.Gly308Asp,1.05581582302345,27,0.0532656513634887
urn:mavedb:00000114-a-1#6109,NA,NA,p.Gly308Glu,1.0208163396765,29,0.0654325985677101
urn:mavedb:00000114-a-1#6110,NA,NA,p.Gly308Phe,0.220009393878975,32,0.0755783749693287
urn:mavedb:00000114-a-1#6111,NA,NA,p.Gly308His,0.615767381454037,16,0.0620515913723446
urn:mavedb:00000114-a-1#6112,NA,NA,p.Gly308Ile,0.325681789242454,19,0.0584658617689232
urn:mavedb:00000114-a-1#6113,NA,NA,p.Gly308Lys,0.375259323714353,12,0.0916292776197572
urn:mavedb:00000114-a-1#6114,NA,NA,p.Gly308Leu,0.292468315157807,21,0.0778668307279978
urn:mavedb:00000114-a-1#6115,NA,NA,p.Gly308Met,0.50093067098917,34,0.0498370013237238
urn:mavedb:00000114-a-1#6116,NA,NA,p.Gly308Asn,0.765312600172648,21,0.0667852853639687
urn:mavedb:00000114-a-1#6117,NA,NA,p.Gly308Pro,0.989348082651818,32,0.0560871460583084
urn:mavedb:00000114-a-1#6118,NA,NA,p.Gly308Gln,0.658869889449574,26,0.0428208976082187
urn:mavedb:00000114-a-1#6119,NA,NA,p.Gly308Arg,0.395161904645512,24,0.0586613079034564
urn:mavedb:00000114-a-1#6120,NA,NA,p.Gly308Ser,0.715661953168546,15,0.0597508546216583
urn:mavedb:00000114-a-1#6121,NA,NA,p.Gly308Thr,0.721881237051027,21,0.0745181710402559
urn:mavedb:00000114-a-1#6122,NA,NA,p.Gly308Val,0.465756483957264,27,0.0459636361499983
urn:mavedb:00000114-a-1#6123,NA,NA,p.Gly308Trp,0.183985962653313,14,0.0757701031287578
urn:mavedb:00000114-a-1#6124,NA,NA,p.Gly308Tyr,0.420327905038357,25,0.0544479564393701
urn:mavedb:00000114-a-1#6125,NA,NA,p.Glu309Ter,0.0848280670558092,4,0.214937285802579
urn:mavedb:00000114-a-1#6126,NA,NA,p.Glu309Ala,0.995803828908387,18,0.0736925257348451
urn:mavedb:00000114-a-1#6127,NA,NA,p.Glu309Cys,0.918211080084191,26,0.0440917914454126
urn:mavedb:00000114-a-1#6128,NA,NA,p.Glu309Asp,1.06315187313148,23,0.045055519924419
urn:mavedb:00000114-a-1#6129,NA,NA,p.Glu309Phe,0.958502148253611,35,0.051020417995214
urn:mavedb:00000114-a-1#6130,NA,NA,p.Glu309Gly,0.922693129723535,16,0.07463711278726
urn:mavedb:00000114-a-1#6131,NA,NA,p.Glu309His,1.03972924848039,24,0.057161537613832
urn:mavedb:00000114-a-1#6132,NA,NA,p.Glu309Ile,0.940670810938924,23,0.036782829355403
urn:mavedb:00000114-a-1#6133,NA,NA,p.Glu309Lys,0.909179072448183,28,0.0688118028134364
urn:mavedb:00000114-a-1#6134,NA,NA,p.Glu309Leu,1.0160858851568,25,0.0677367443560532
urn:mavedb:00000114-a-1#6135,NA,NA,p.Glu309Met,0.971740089219035,22,0.0528881321516465
urn:mavedb:00000114-a-1#6136,NA,NA,p.Glu309Asn,1.10272422144919,24,0.0498135005596136
urn:mavedb:00000114-a-1#6137,NA,NA,p.Glu309Pro,1.17976810086992,22,0.0686357132147196
urn:mavedb:00000114-a-1#6138,NA,NA,p.Glu309Gln,1.0190818726149,26,0.0641030220294777
urn:mavedb:00000114-a-1#6139,NA,NA,p.Glu309Arg,1.03667576005326,13,0.0635518651042304
urn:mavedb:00000114-a-1#6140,NA,NA,p.Glu309Ser,1.01302923390999,24,0.0282997506525297
urn:mavedb:00000114-a-1#6141,NA,NA,p.Glu309Thr,1.02299275660089,20,0.0671803590923426
urn:mavedb:00000114-a-1#6142,NA,NA,p.Glu309Val,0.876840543533223,12,0.0825698584797706
urn:mavedb:00000114-a-1#6143,NA,NA,p.Glu309Trp,0.844800913177041,10,0.070034831937372
urn:mavedb:00000114-a-1#6144,NA,NA,p.Glu309Tyr,0.954295869803862,19,0.0909890417697775
urn:mavedb:00000114-a-1#6145,NA,NA,p.Glu310Ter,0.0524845800777716,28,0.133884379662885
urn:mavedb:00000114-a-1#6146,NA,NA,p.Glu310Ala,0.878193928696329,5,0.183044978909198
urn:mavedb:00000114-a-1#6147,NA,NA,p.Glu310Cys,0.78345448185468,37,0.0728701790394504
urn:mavedb:00000114-a-1#6148,NA,NA,p.Glu310Asp,0.985006443813105,32,0.0478611064722918
urn:mavedb:00000114-a-1#6149,NA,NA,p.Glu310Phe,0.982514522348572,26,0.0696207570821077
urn:mavedb:00000114-a-1#6150,NA,NA,p.Glu310Gly,0.692888816285679,22,0.0619437843888421
urn:mavedb:00000114-a-1#6151,NA,NA,p.Glu310His,0.800723090484986,41,0.0596972449536879
urn:mavedb:00000114-a-1#6152,NA,NA,p.Glu310Ile,0.88451699526843,22,0.0894286644111724
urn:mavedb:00000114-a-1#6153,NA,NA,p.Glu310Lys,0.796180487686764,32,0.0421122830257362
urn:mavedb:00000114-a-1#6154,NA,NA,p.Glu310Leu,0.897857856758481,33,0.0531660810503126
urn:mavedb:00000114-a-1#6155,NA,NA,p.Glu310Met,0.843779658519964,36,0.064278415902464
urn:mavedb:00000114-a-1#6156,NA,NA,p.Glu310Asn,0.777487003799874,21,0.0417164574753921
urn:mavedb:00000114-a-1#6157,NA,NA,p.Glu310Pro,0.8242642314218,15,0.0678313801415161
urn:mavedb:00000114-a-1#6158,NA,NA,p.Glu310Gln,0.937365851092159,32,0.0433157589405665
urn:mavedb:00000114-a-1#6159,NA,NA,p.Glu310Arg,0.674489302186648,39,0.043246000281265
urn:mavedb:00000114-a-1#6160,NA,NA,p.Glu310Ser,0.818628899444408,21,0.040218116985961
urn:mavedb:00000114-a-1#6161,NA,NA,p.Glu310Thr,0.913754598216635,20,0.0808613227870933
urn:mavedb:00000114-a-1#6162,NA,NA,p.Glu310Val,0.866857020118136,26,0.0435646301152516
urn:mavedb:00000114-a-1#6163,NA,NA,p.Glu310Trp,0.67246065441241,35,0.0440754093708995
urn:mavedb:00000114-a-1#6164,NA,NA,p.Glu310Tyr,0.970286372542266,27,0.0685874925576813
urn:mavedb:00000114-a-1#6165,NA,NA,p.Gln311Ter,0.0380797289037291,19,0.146053952328541
urn:mavedb:00000114-a-1#6166,NA,NA,p.Gln311Ala,0.751171201105857,23,0.068039944782557
urn:mavedb:00000114-a-1#6167,NA,NA,p.Gln311Cys,0.72251629500808,19,0.0815262593071094
urn:mavedb:00000114-a-1#6168,NA,NA,p.Gln311Asp,0.781479691175624,23,0.0638181442764083
urn:mavedb:00000114-a-1#6169,NA,NA,p.Gln311Glu,0.763412629355305,23,0.0858255268927737
urn:mavedb:00000114-a-1#6170,NA,NA,p.Gln311Phe,0.845202233874828,27,0.0532603825158425
urn:mavedb:00000114-a-1#6171,NA,NA,p.Gln311Gly,0.706461413375494,22,0.103821359032843
urn:mavedb:00000114-a-1#6172,NA,NA,p.Gln311His,0.654283530715873,20,0.0454931396335126
urn:mavedb:00000114-a-1#6173,NA,NA,p.Gln311Ile,0.683819629686065,12,0.0964015566281698
urn:mavedb:00000114-a-1#6174,NA,NA,p.Gln311Lys,0.358692833900561,17,0.0921859102726042
urn:mavedb:00000114-a-1#6175,NA,NA,p.Gln311Leu,0.584950131480789,18,0.0925626535460481
urn:mavedb:00000114-a-1#6176,NA,NA,p.Gln311Met,0.651560469172526,20,0.057062910381622
urn:mavedb:00000114-a-1#6177,NA,NA,p.Gln311Asn,0.767500891967636,25,0.0684852516446029
urn:mavedb:00000114-a-1#6178,NA,NA,p.Gln311Pro,0.553452499873055,14,0.05357542943579
urn:mavedb:00000114-a-1#6179,NA,NA,p.Gln311Arg,0.340021236145021,6,0.0679802893846971
urn:mavedb:00000114-a-1#6180,NA,NA,p.Gln311Ser,0.728712432890025,21,0.0562653365550359
urn:mavedb:00000114-a-1#6181,NA,NA,p.Gln311Thr,0.746997618447839,20,0.0750812472779051
urn:mavedb:00000114-a-1#6182,NA,NA,p.Gln311Val,0.739100738730605,19,0.0893746024755528
urn:mavedb:00000114-a-1#6183,NA,NA,p.Gln311Trp,0.538431912155362,24,0.0830028973075399
urn:mavedb:00000114-a-1#6184,NA,NA,p.Gln311Tyr,0.556811512840114,25,0.0802449962934243
urn:mavedb:00000114-a-1#6185,NA,NA,p.Tyr312Ter,0.0745262277654323,23,0.198189503946476
urn:mavedb:00000114-a-1#6186,NA,NA,p.Tyr312Ala,0.453731714501468,12,0.0949426666117537
urn:mavedb:00000114-a-1#6187,NA,NA,p.Tyr312Cys,0.519606340163642,25,0.0765227341834889
urn:mavedb:00000114-a-1#6188,NA,NA,p.Tyr312Asp,0.0145586336960679,20,0.0390330979160519
urn:mavedb:00000114-a-1#6189,NA,NA,p.Tyr312Glu,0.180806186510511,30,0.0730945466798575
urn:mavedb:00000114-a-1#6190,NA,NA,p.Tyr312Phe,1.02107503703634,25,0.0600990676728285
urn:mavedb:00000114-a-1#6191,NA,NA,p.Tyr312Gly,0.172391396325314,21,0.0824871343175673
urn:mavedb:00000114-a-1#6192,NA,NA,p.Tyr312His,0.990497867741798,19,0.029044509035972
urn:mavedb:00000114-a-1#6193,NA,NA,p.Tyr312Ile,0.380041610615266,17,0.0893193351892422
urn:mavedb:00000114-a-1#6194,NA,NA,p.Tyr312Lys,-0.0161119902972132,22,0.023237634896945
urn:mavedb:00000114-a-1#6195,NA,NA,p.Tyr312Leu,0.56694895074101,36,0.0638699753586824
urn:mavedb:00000114-a-1#6196,NA,NA,p.Tyr312Met,0.62426112353072,18,0.0819053973898088
urn:mavedb:00000114-a-1#6197,NA,NA,p.Tyr312Asn,0.521594226496145,14,0.118415951174206
urn:mavedb:00000114-a-1#6198,NA,NA,p.Tyr312Pro,0.0040070858617161,18,0.0221483517999898
urn:mavedb:00000114-a-1#6199,NA,NA,p.Tyr312Gln,0.218042930122983,17,0.0894004528149789
urn:mavedb:00000114-a-1#6200,NA,NA,p.Tyr312Arg,0.0154578151017792,24,0.0267451263939629
urn:mavedb:00000114-a-1#6201,NA,NA,p.Tyr312Ser,0.414926369623199,16,0.0671600759428939
urn:mavedb:00000114-a-1#6202,NA,NA,p.Tyr312Thr,0.341326173431985,18,0.104192019288373
urn:mavedb:00000114-a-1#6203,NA,NA,p.Tyr312Val,0.437445793842811,22,0.0623356954213816
urn:mavedb:00000114-a-1#6204,NA,NA,p.Tyr312Trp,1.03000435088151,28,0.0536332990301243
urn:mavedb:00000114-a-1#6205,NA,NA,p.Asn313Ter,0.010179471447777,19,0.0686566750324441
urn:mavedb:00000114-a-1#6206,NA,NA,p.Asn313Ala,0.95328081453096,17,0.0629526098395707
urn:mavedb:00000114-a-1#6207,NA,NA,p.Asn313Cys,0.921118400948633,21,0.068107041302343
urn:mavedb:00000114-a-1#6208,NA,NA,p.Asn313Asp,0.862032832073024,23,0.060072129032678
urn:mavedb:00000114-a-1#6209,NA,NA,p.Asn313Glu,0.922879654208219,31,0.0559033644395264
urn:mavedb:00000114-a-1#6210,NA,NA,p.Asn313Phe,1.07369660930794,13,0.059771606414684
urn:mavedb:00000114-a-1#6211,NA,NA,p.Asn313Gly,0.908068642404638,24,0.0474782613239977
urn:mavedb:00000114-a-1#6212,NA,NA,p.Asn313His,1.01865619154602,27,0.0624108801218144
urn:mavedb:00000114-a-1#6213,NA,NA,p.Asn313Ile,0.924318524503733,30,0.0477388665531531
urn:mavedb:00000114-a-1#6214,NA,NA,p.Asn313Lys,1.01575822999229,32,0.0581715445132594
urn:mavedb:00000114-a-1#6215,NA,NA,p.Asn313Leu,1.01136855768395,28,0.0685026542573398
urn:mavedb:00000114-a-1#6216,NA,NA,p.Asn313Met,0.994050065074719,14,0.0667008686101578
urn:mavedb:00000114-a-1#6217,NA,NA,p.Asn313Pro,0.829563557385722,21,0.0788920151647451
urn:mavedb:00000114-a-1#6218,NA,NA,p.Asn313Gln,1.02327479065625,30,0.0730292816082616
urn:mavedb:00000114-a-1#6219,NA,NA,p.Asn313Arg,1.00007290254061,29,0.0572207566170297
urn:mavedb:00000114-a-1#6220,NA,NA,p.Asn313Ser,0.950045918820595,23,0.06774122869181
urn:mavedb:00000114-a-1#6221,NA,NA,p.Asn313Thr,0.944967902872273,21,0.0842586648234249
urn:mavedb:00000114-a-1#6222,NA,NA,p.Asn313Val,0.89248863810774,24,0.0639382722562391
urn:mavedb:00000114-a-1#6223,NA,NA,p.Asn313Trp,1.16410075826956,23,0.069087290956286
urn:mavedb:00000114-a-1#6224,NA,NA,p.Asn313Tyr,1.09164720302504,18,0.0587397378806963
urn:mavedb:00000114-a-1#6225,NA,NA,p.Arg314Ter,0.0226963233805787,27,0.0935416131500082
urn:mavedb:00000114-a-1#6226,NA,NA,p.Arg314Ala,0.226374569485159,23,0.0890394474764949
urn:mavedb:00000114-a-1#6227,NA,NA,p.Arg314Cys,0.119008443450645,22,0.0647475050025248
urn:mavedb:00000114-a-1#6228,NA,NA,p.Arg314Asp,-0.0001326613982753,20,0.0366542981069685
urn:mavedb:00000114-a-1#6229,NA,NA,p.Arg314Glu,0.055023471493601,28,0.0483501171414777
urn:mavedb:00000114-a-1#6230,NA,NA,p.Arg314Phe,0.0139364123238265,24,0.0311346883980415
urn:mavedb:00000114-a-1#6231,NA,NA,p.Arg314Gly,-0.0264775417558189,21,0.0157808804283681
urn:mavedb:00000114-a-1#6232,NA,NA,p.Arg314His,0.267684338136851,18,0.0614501282432181
urn:mavedb:00000114-a-1#6233,NA,NA,p.Arg314Ile,0.290311426674992,17,0.0637794509675926
urn:mavedb:00000114-a-1#6234,NA,NA,p.Arg314Lys,0.456215590565622,20,0.0839335072539904
urn:mavedb:00000114-a-1#6235,NA,NA,p.Arg314Leu,0.34436133664748,28,0.0688587097677392
urn:mavedb:00000114-a-1#6236,NA,NA,p.Arg314Met,0.350761165438018,18,0.0470748153966331
urn:mavedb:00000114-a-1#6237,NA,NA,p.Arg314Asn,0.159363180492945,18,0.0861088171023867
urn:mavedb:00000114-a-1#6238,NA,NA,p.Arg314Pro,-0.0281923663241433,19,0.0171804913022933
urn:mavedb:00000114-a-1#6239,NA,NA,p.Arg314Gln,0.387357087545898,25,0.0520772267118579
urn:mavedb:00000114-a-1#6240,NA,NA,p.Arg314Ser,0.163883502418794,19,0.0728277724407934
urn:mavedb:00000114-a-1#6241,NA,NA,p.Arg314Thr,0.194686710347461,29,0.06580769962608
urn:mavedb:00000114-a-1#6242,NA,NA,p.Arg314Val,0.308035386583603,22,0.0607661625051445
urn:mavedb:00000114-a-1#6243,NA,NA,p.Arg314Trp,0.0146896563368136,23,0.0474233521913829
urn:mavedb:00000114-a-1#6244,NA,NA,p.Arg314Tyr,0.050711564013743,28,0.0420212363203004
urn:mavedb:00000114-a-1#6245,NA,NA,p.Tyr315Ter,0.0318413107491779,24,0.106857424019441
urn:mavedb:00000114-a-1#6246,NA,NA,p.Tyr315Ala,0.523144201936037,21,0.0925135495298632
urn:mavedb:00000114-a-1#6247,NA,NA,p.Tyr315Cys,0.898001871867617,16,0.0566286342096272
urn:mavedb:00000114-a-1#6248,NA,NA,p.Tyr315Asp,-0.0264111797775855,20,0.0162252843836311
urn:mavedb:00000114-a-1#6249,NA,NA,p.Tyr315Glu,-0.0272270649273776,32,0.0160386715461353
urn:mavedb:00000114-a-1#6250,NA,NA,p.Tyr315Phe,0.984203207169163,13,0.10536106449265
urn:mavedb:00000114-a-1#6251,NA,NA,p.Tyr315Gly,-0.0338492049267831,22,0.0103796018837372
urn:mavedb:00000114-a-1#6252,NA,NA,p.Tyr315His,0.555791162609699,18,0.137101328158021
urn:mavedb:00000114-a-1#6253,NA,NA,p.Tyr315Ile,0.97089001014806,23,0.0625321395856595
urn:mavedb:00000114-a-1#6254,NA,NA,p.Tyr315Lys,0.0066550273272134,27,0.0210549023164083
urn:mavedb:00000114-a-1#6255,NA,NA,p.Tyr315Leu,0.963312693562586,11,0.091059752752626
urn:mavedb:00000114-a-1#6256,NA,NA,p.Tyr315Met,0.779503094924073,24,0.0676207770250165
urn:mavedb:00000114-a-1#6257,NA,NA,p.Tyr315Asn,-0.0196053752457849,36,0.0201558236889343
urn:mavedb:00000114-a-1#6258,NA,NA,p.Tyr315Pro,-0.0241594860298375,14,0.0207350675799196
urn:mavedb:00000114-a-1#6259,NA,NA,p.Tyr315Gln,0.460879319519239,22,0.0793645527440643
urn:mavedb:00000114-a-1#6260,NA,NA,p.Tyr315Arg,-0.0132295998309553,24,0.0188640858494499
urn:mavedb:00000114-a-1#6261,NA,NA,p.Tyr315Ser,0.401527405545766,18,0.105049972164315
urn:mavedb:00000114-a-1#6262,NA,NA,p.Tyr315Thr,0.986869760679465,22,0.049000692749692
urn:mavedb:00000114-a-1#6263,NA,NA,p.Tyr315Val,1.00831159301872,15,0.0529584358875392
urn:mavedb:00000114-a-1#6264,NA,NA,p.Tyr315Trp,0.930933283430837,28,0.0730489686664871
urn:mavedb:00000114-a-1#6265,NA,NA,p.Gln316Ter,0.0275005598767956,29,0.111321160344404
urn:mavedb:00000114-a-1#6266,NA,NA,p.Gln316Ala,0.964474609393314,15,0.0860742061891487
urn:mavedb:00000114-a-1#6267,NA,NA,p.Gln316Cys,0.974330393919433,19,0.0818518762517386
urn:mavedb:00000114-a-1#6268,NA,NA,p.Gln316Asp,0.973870840239965,26,0.0409724518861019
urn:mavedb:00000114-a-1#6269,NA,NA,p.Gln316Glu,0.98487989860521,23,0.0622613458279634
urn:mavedb:00000114-a-1#6270,NA,NA,p.Gln316Phe,0.849261736627281,19,0.0508448402339491
urn:mavedb:00000114-a-1#6271,NA,NA,p.Gln316Gly,0.861869463792867,15,0.098908515850621
urn:mavedb:00000114-a-1#6272,NA,NA,p.Gln316His,0.954783718261031,18,0.0633230233898215
urn:mavedb:00000114-a-1#6273,NA,NA,p.Gln316Ile,1.03510362321055,14,0.0513318158500547
urn:mavedb:00000114-a-1#6274,NA,NA,p.Gln316Lys,1.0256601093753,16,0.0210625966978054
urn:mavedb:00000114-a-1#6275,NA,NA,p.Gln316Leu,1.02773951054029,16,0.0749747098623134
urn:mavedb:00000114-a-1#6276,NA,NA,p.Gln316Met,0.990639052969149,13,0.0681852850835636
urn:mavedb:00000114-a-1#6277,NA,NA,p.Gln316Asn,0.98861190572386,21,0.0735349823272279
urn:mavedb:00000114-a-1#6278,NA,NA,p.Gln316Pro,-0.0245140538297956,14,0.0231089162337699
urn:mavedb:00000114-a-1#6279,NA,NA,p.Gln316Arg,0.981233721633447,17,0.0894359505740492
urn:mavedb:00000114-a-1#6280,NA,NA,p.Gln316Ser,0.98510679654548,20,0.0586819555146873
urn:mavedb:00000114-a-1#6281,NA,NA,p.Gln316Thr,1.01995030213675,20,0.065610213253454
urn:mavedb:00000114-a-1#6282,NA,NA,p.Gln316Val,0.984847456716789,24,0.068069476431039
urn:mavedb:00000114-a-1#6283,NA,NA,p.Gln316Trp,0.823869188172978,20,0.0527818468775111
urn:mavedb:00000114-a-1#6284,NA,NA,p.Gln316Tyr,0.898370022771971,23,0.0637125315481545
urn:mavedb:00000114-a-1#6285,NA,NA,p.Gln317Ter,0.0062589288574365,26,0.0388734563041414
urn:mavedb:00000114-a-1#6286,NA,NA,p.Gln317Ala,1.04003711806224,27,0.0344691401094525
urn:mavedb:00000114-a-1#6287,NA,NA,p.Gln317Cys,0.992277054223426,21,0.0633302610328734
urn:mavedb:00000114-a-1#6288,NA,NA,p.Gln317Asp,0.870014768250452,18,0.0516387202686592
urn:mavedb:00000114-a-1#6289,NA,NA,p.Gln317Glu,0.970515226505395,21,0.0549901059034642
urn:mavedb:00000114-a-1#6290,NA,NA,p.Gln317Phe,0.800527538423063,19,0.049499168306896
urn:mavedb:00000114-a-1#6291,NA,NA,p.Gln317Gly,0.950535683369705,16,0.0710097927231761
urn:mavedb:00000114-a-1#6292,NA,NA,p.Gln317His,0.955014417201434,21,0.0440630232636555
urn:mavedb:00000114-a-1#6293,NA,NA,p.Gln317Ile,0.850279755805933,18,0.0474431631958999
urn:mavedb:00000114-a-1#6294,NA,NA,p.Gln317Lys,1.03094599050171,15,0.0820074155523337
urn:mavedb:00000114-a-1#6295,NA,NA,p.Gln317Leu,0.899813286434191,14,0.131521624987891
urn:mavedb:00000114-a-1#6296,NA,NA,p.Gln317Met,0.991658733399409,24,0.0653367113685335
urn:mavedb:00000114-a-1#6297,NA,NA,p.Gln317Asn,1.04168941817611,19,0.0759959396929666
urn:mavedb:00000114-a-1#6298,NA,NA,p.Gln317Pro,-0.0199712897546091,19,0.0343659920074566
urn:mavedb:00000114-a-1#6299,NA,NA,p.Gln317Arg,1.11388594660556,20,0.045482722606996
urn:mavedb:00000114-a-1#6300,NA,NA,p.Gln317Ser,1.06864847470201,24,0.0470226289369706
urn:mavedb:00000114-a-1#6301,NA,NA,p.Gln317Thr,1.03176780895979,12,0.07742103918678
urn:mavedb:00000114-a-1#6302,NA,NA,p.Gln317Val,0.866125821450897,21,0.0684096732696315
urn:mavedb:00000114-a-1#6303,NA,NA,p.Gln317Trp,0.775955023052728,16,0.0853391106164118
urn:mavedb:00000114-a-1#6304,NA,NA,p.Gln317Tyr,0.782783621973073,12,0.0822169214000294
urn:mavedb:00000114-a-1#6305,NA,NA,p.Tyr318Ter,0.0108011959893314,38,0.0728488000368121
urn:mavedb:00000114-a-1#6306,NA,NA,p.Tyr318Ala,0.138007329225836,21,0.0761388261030295
urn:mavedb:00000114-a-1#6307,NA,NA,p.Tyr318Cys,0.190071637127537,18,0.0967018859557306
urn:mavedb:00000114-a-1#6308,NA,NA,p.Tyr318Asp,-0.0253555802940153,14,0.0200097936499479
urn:mavedb:00000114-a-1#6309,NA,NA,p.Tyr318Glu,0.0117563793774729,28,0.0208703902427816
urn:mavedb:00000114-a-1#6310,NA,NA,p.Tyr318Phe,0.796705752765189,33,0.0645936555090564
urn:mavedb:00000114-a-1#6311,NA,NA,p.Tyr318Gly,-0.0303093737255628,18,0.0147653091146812
urn:mavedb:00000114-a-1#6312,NA,NA,p.Tyr318His,0.115098024777055,15,0.0638763738350895
urn:mavedb:00000114-a-1#6313,NA,NA,p.Tyr318Ile,0.938014337995339,28,0.052032743715508
urn:mavedb:00000114-a-1#6314,NA,NA,p.Tyr318Lys,-0.0100193740988757,19,0.0342596312751578
urn:mavedb:00000114-a-1#6315,NA,NA,p.Tyr318Leu,0.785604983111286,15,0.0870375046721952
urn:mavedb:00000114-a-1#6316,NA,NA,p.Tyr318Met,0.550177682604249,26,0.0745400025034336
urn:mavedb:00000114-a-1#6317,NA,NA,p.Tyr318Asn,-0.0175514534070328,22,0.016852689975574
urn:mavedb:00000114-a-1#6318,NA,NA,p.Tyr318Pro,-0.0135872584045816,22,0.0278857848824097
urn:mavedb:00000114-a-1#6319,NA,NA,p.Tyr318Gln,0.411320953125532,18,0.0669397685423469
urn:mavedb:00000114-a-1#6320,NA,NA,p.Tyr318Arg,0.0593085721256704,28,0.0486907963127227
urn:mavedb:00000114-a-1#6321,NA,NA,p.Tyr318Ser,-0.0026174809106854,19,0.0322809783852199
urn:mavedb:00000114-a-1#6322,NA,NA,p.Tyr318Thr,0.149203122941387,19,0.0714100727531646
urn:mavedb:00000114-a-1#6323,NA,NA,p.Tyr318Val,0.481605674283989,22,0.055771321271229
urn:mavedb:00000114-a-1#6324,NA,NA,p.Tyr318Trp,0.0027851736595676,30,0.0216356353167488
urn:mavedb:00000114-a-1#6325,NA,NA,p.Gly319Ter,-0.0070965725755982,24,0.0338795426785401
urn:mavedb:00000114-a-1#6326,NA,NA,p.Gly319Ala,0.926694195440886,1,0.186610593786135
urn:mavedb:00000114-a-1#6327,NA,NA,p.Gly319Cys,0.768300038670858,7,0.108987045018358
urn:mavedb:00000114-a-1#6328,NA,NA,p.Gly319Asp,0.964295281125862,4,0.105203303634692
urn:mavedb:00000114-a-1#6329,NA,NA,p.Gly319Glu,0.99084989708038,6,0.147249132361773
urn:mavedb:00000114-a-1#6330,NA,NA,p.Gly319Phe,0.792903014905962,22,0.059334874680375
urn:mavedb:00000114-a-1#6331,NA,NA,p.Gly319His,0.973283884303436,13,0.0636202466363363
urn:mavedb:00000114-a-1#6332,NA,NA,p.Gly319Ile,0.654437609599219,14,0.0506552634779762
urn:mavedb:00000114-a-1#6333,NA,NA,p.Gly319Lys,0.838324772788999,22,0.0638018900808413
urn:mavedb:00000114-a-1#6334,NA,NA,p.Gly319Leu,0.680995781231039,33,0.057475982403005
urn:mavedb:00000114-a-1#6335,NA,NA,p.Gly319Met,0.863530671636963,14,0.0665141804134159
urn:mavedb:00000114-a-1#6336,NA,NA,p.Gly319Asn,0.926819288305857,18,0.080265689746232
urn:mavedb:00000114-a-1#6337,NA,NA,p.Gly319Pro,0.959921443467102,22,0.0821975880440605
urn:mavedb:00000114-a-1#6338,NA,NA,p.Gly319Gln,0.881805389280352,24,0.0781921312687657
urn:mavedb:00000114-a-1#6339,NA,NA,p.Gly319Arg,0.883109231049323,12,0.0730739949467231
urn:mavedb:00000114-a-1#6340,NA,NA,p.Gly319Ser,0.962964047679368,13,0.0931017634678324
urn:mavedb:00000114-a-1#6341,NA,NA,p.Gly319Thr,0.873257307346397,16,0.0568929195704407
urn:mavedb:00000114-a-1#6342,NA,NA,p.Gly319Val,0.651830500974172,6,0.143726671215105
urn:mavedb:00000114-a-1#6343,NA,NA,p.Gly319Trp,0.7192242660315,21,0.0880087757144539
urn:mavedb:00000114-a-1#6344,NA,NA,p.Gly319Tyr,0.872565293467626,20,0.0635100550503339
urn:mavedb:00000114-a-1#6345,NA,NA,p.Ala320Ter,0.0445034346452869,34,0.119636095843255
urn:mavedb:00000114-a-1#6346,NA,NA,p.Ala320Cys,0.809659561474489,30,0.0526213601172968
urn:mavedb:00000114-a-1#6347,NA,NA,p.Ala320Asp,1.06600598072657,24,0.0507654680106325
urn:mavedb:00000114-a-1#6348,NA,NA,p.Ala320Glu,1.03347947549465,43,0.0315851844449423
urn:mavedb:00000114-a-1#6349,NA,NA,p.Ala320Phe,0.946116456687628,24,0.0819829352196803
urn:mavedb:00000114-a-1#6350,NA,NA,p.Ala320Gly,0.945183452512545,25,0.057748022999735
urn:mavedb:00000114-a-1#6351,NA,NA,p.Ala320His,0.970841184005088,6,0.110665401217878
urn:mavedb:00000114-a-1#6352,NA,NA,p.Ala320Ile,1.04159205564442,8,0.089567410404645
urn:mavedb:00000114-a-1#6353,NA,NA,p.Ala320Lys,0.983965277834953,45,0.0266870322481257
urn:mavedb:00000114-a-1#6354,NA,NA,p.Ala320Leu,0.939938774144061,6,0.128826208066714
urn:mavedb:00000114-a-1#6355,NA,NA,p.Ala320Met,0.991982954757241,25,0.0490999001293556
urn:mavedb:00000114-a-1#6356,NA,NA,p.Ala320Asn,1.02543519514563,40,0.0410476373848582
urn:mavedb:00000114-a-1#6357,NA,NA,p.Ala320Pro,0.939368229805736,7,0.0889060086069093
urn:mavedb:00000114-a-1#6358,NA,NA,p.Ala320Gln,0.968836359549062,7,0.116645675658378
urn:mavedb:00000114-a-1#6359,NA,NA,p.Ala320Arg,0.953681289125188,38,0.0583101469525398
urn:mavedb:00000114-a-1#6360,NA,NA,p.Ala320Ser,1.00152921564821,28,0.04398483866288
urn:mavedb:00000114-a-1#6361,NA,NA,p.Ala320Thr,1.0027016894534,12,0.108869839337756
urn:mavedb:00000114-a-1#6362,NA,NA,p.Ala320Val,0.958849328282332,25,0.0336076951316362
urn:mavedb:00000114-a-1#6363,NA,NA,p.Ala320Trp,0.893458689729514,33,0.0482154195042245
urn:mavedb:00000114-a-1#6364,NA,NA,p.Ala320Tyr,0.967389164541306,36,0.0552776548833859
urn:mavedb:00000114-a-1#6365,NA,NA,p.Glu321Ter,0.0243764046248195,36,0.0819168454310806
urn:mavedb:00000114-a-1#6366,NA,NA,p.Glu321Ala,0.98762254378707,33,0.0405590250735738
urn:mavedb:00000114-a-1#6367,NA,NA,p.Glu321Cys,0.833456343139688,21,0.0576598833032235
urn:mavedb:00000114-a-1#6368,NA,NA,p.Glu321Asp,0.87987553566903,29,0.0914754560918071
urn:mavedb:00000114-a-1#6369,NA,NA,p.Glu321Phe,0.534557234773554,23,0.0645857706097973
urn:mavedb:00000114-a-1#6370,NA,NA,p.Glu321Gly,0.95547481381834,18,0.063127744050475
urn:mavedb:00000114-a-1#6371,NA,NA,p.Glu321His,0.79182937371582,16,0.078118635669743
urn:mavedb:00000114-a-1#6372,NA,NA,p.Glu321Ile,0.743728410842615,21,0.0479553879095899
urn:mavedb:00000114-a-1#6373,NA,NA,p.Glu321Lys,0.732934095212711,45,0.0475542772856541
urn:mavedb:00000114-a-1#6374,NA,NA,p.Glu321Leu,0.873147707257645,17,0.0813575729625171
urn:mavedb:00000114-a-1#6375,NA,NA,p.Glu321Met,0.849543018470895,22,0.0518176788488118
urn:mavedb:00000114-a-1#6376,NA,NA,p.Glu321Asn,0.924629975402195,33,0.0610478592581223
urn:mavedb:00000114-a-1#6377,NA,NA,p.Glu321Pro,0.361220134582049,11,0.102833660648851
urn:mavedb:00000114-a-1#6378,NA,NA,p.Glu321Gln,1.24280678784623,13,0.0884202350685543
urn:mavedb:00000114-a-1#6379,NA,NA,p.Glu321Arg,0.867563113065511,26,0.0762968370937056
urn:mavedb:00000114-a-1#6380,NA,NA,p.Glu321Ser,0.955228197504409,32,0.0577383605739218
urn:mavedb:00000114-a-1#6381,NA,NA,p.Glu321Thr,0.897766182927613,16,0.0763395052817472
urn:mavedb:00000114-a-1#6382,NA,NA,p.Glu321Val,0.781345723128122,23,0.0698738444231304
urn:mavedb:00000114-a-1#6383,NA,NA,p.Glu321Trp,0.663960449705753,27,0.0634175847618734
urn:mavedb:00000114-a-1#6384,NA,NA,p.Glu321Tyr,0.571998330765122,36,0.0724042108473538
urn:mavedb:00000114-a-1#6385,NA,NA,p.Glu322Ter,0.059425496647104,19,0.129559486402838
urn:mavedb:00000114-a-1#6386,NA,NA,p.Glu322Ala,0.735720691818357,8,0.0807940616635882
urn:mavedb:00000114-a-1#6387,NA,NA,p.Glu322Cys,0.564954577020221,2,0.287361654077225
urn:mavedb:00000114-a-1#6388,NA,NA,p.Glu322Asp,0.800228835728589,5,0.102511993218193
urn:mavedb:00000114-a-1#6389,NA,NA,p.Glu322Phe,0.381771270390967,6,0.0853791006507397
urn:mavedb:00000114-a-1#6390,NA,NA,p.Glu322Gly,0.366462222449072,1,0.212899242164917
urn:mavedb:00000114-a-1#6391,NA,NA,p.Glu322His,0.606211060429376,4,0.166919267919583
urn:mavedb:00000114-a-1#6392,NA,NA,p.Glu322Ile,0.400856480899196,8,0.0506429280748681
urn:mavedb:00000114-a-1#6393,NA,NA,p.Glu322Lys,0.454268160927457,21,0.0708516236000264
urn:mavedb:00000114-a-1#6394,NA,NA,p.Glu322Leu,0.459250260950504,10,0.102440393203399
urn:mavedb:00000114-a-1#6395,NA,NA,p.Glu322Met,0.586136081786356,14,0.0586439871541688
urn:mavedb:00000114-a-1#6396,NA,NA,p.Glu322Asn,0.621212398907049,6,0.189648580760864
urn:mavedb:00000114-a-1#6397,NA,NA,p.Glu322Pro,0.259539684850651,5,0.11405986957499
urn:mavedb:00000114-a-1#6398,NA,NA,p.Glu322Gln,0.868115816392977,10,0.0624635940831814
urn:mavedb:00000114-a-1#6399,NA,NA,p.Glu322Arg,0.494637577562848,16,0.0528445053956836
urn:mavedb:00000114-a-1#6400,NA,NA,p.Glu322Ser,0.648624414676687,2,0.10238587389385
urn:mavedb:00000114-a-1#6401,NA,NA,p.Glu322Thr,0.606767014328675,8,0.0969018764548095
urn:mavedb:00000114-a-1#6402,NA,NA,p.Glu322Val,0.652182469278164,28,0.0563811805909667
urn:mavedb:00000114-a-1#6403,NA,NA,p.Glu322Trp,0.358247937800433,23,0.0563284861606583
urn:mavedb:00000114-a-1#6404,NA,NA,p.Glu322Tyr,0.442875521488988,3,0.139756431677636
urn:mavedb:00000114-a-1#6405,NA,NA,p.Cys323Ter,0.0024584028891017,43,0.0572987189898821
urn:mavedb:00000114-a-1#6406,NA,NA,p.Cys323Ala,1.07547723873107,23,0.0428512341512867
urn:mavedb:00000114-a-1#6407,NA,NA,p.Cys323Asp,1.0686937690963,32,0.0722817410486724
urn:mavedb:00000114-a-1#6408,NA,NA,p.Cys323Glu,1.10494116309174,39,0.048680363107655
urn:mavedb:00000114-a-1#6409,NA,NA,p.Cys323Phe,0.975074102542965,29,0.0623854006692271
urn:mavedb:00000114-a-1#6410,NA,NA,p.Cys323Gly,1.00427491593704,39,0.0554388581711232
urn:mavedb:00000114-a-1#6411,NA,NA,p.Cys323His,1.11044152551842,18,0.0594999995909474
urn:mavedb:00000114-a-1#6412,NA,NA,p.Cys323Ile,1.03847160286755,34,0.0333331438143137
urn:mavedb:00000114-a-1#6413,NA,NA,p.Cys323Lys,1.10602027279095,42,0.0553386231552179
urn:mavedb:00000114-a-1#6414,NA,NA,p.Cys323Leu,1.01509060246592,24,0.0659920495214518
urn:mavedb:00000114-a-1#6415,NA,NA,p.Cys323Met,1.04121898528121,49,0.0373465664151306
urn:mavedb:00000114-a-1#6416,NA,NA,p.Cys323Asn,1.06518345676135,33,0.0406646551117925
urn:mavedb:00000114-a-1#6417,NA,NA,p.Cys323Pro,0.521962672380298,7,0.078331388957099
urn:mavedb:00000114-a-1#6418,NA,NA,p.Cys323Gln,1.10024924847051,45,0.0523356518005375
urn:mavedb:00000114-a-1#6419,NA,NA,p.Cys323Arg,1.09970424739011,46,0.0335526695325215
urn:mavedb:00000114-a-1#6420,NA,NA,p.Cys323Ser,1.07110313802018,37,0.0384969824840452
urn:mavedb:00000114-a-1#6421,NA,NA,p.Cys323Thr,1.05089799822387,18,0.0407935968370344
urn:mavedb:00000114-a-1#6422,NA,NA,p.Cys323Val,0.976075301246952,56,0.0397099966091066
urn:mavedb:00000114-a-1#6423,NA,NA,p.Cys323Trp,0.909092626593384,42,0.0454802206252101
urn:mavedb:00000114-a-1#6424,NA,NA,p.Cys323Tyr,1.01169284637177,30,0.0544295624219426
urn:mavedb:00000114-a-1#6425,NA,NA,p.Val324Ter,-0.0191300406862437,24,0.0287756760409355
urn:mavedb:00000114-a-1#6426,NA,NA,p.Val324Ala,0.949186010199181,23,0.064114099171957
urn:mavedb:00000114-a-1#6427,NA,NA,p.Val324Cys,1.00512353174038,15,0.060545226691142
urn:mavedb:00000114-a-1#6428,NA,NA,p.Val324Asp,0.455280938101225,29,0.0482762011194129
urn:mavedb:00000114-a-1#6429,NA,NA,p.Val324Glu,0.415088778535155,17,0.0703055834569525
urn:mavedb:00000114-a-1#6430,NA,NA,p.Val324Phe,0.696766539191947,24,0.0644243808524233
urn:mavedb:00000114-a-1#6431,NA,NA,p.Val324Gly,0.436740643233667,16,0.0829540648935231
urn:mavedb:00000114-a-1#6432,NA,NA,p.Val324His,0.80066873618404,16,0.0791013607702808
urn:mavedb:00000114-a-1#6433,NA,NA,p.Val324Ile,1.02495061184829,15,0.0782634095599293
urn:mavedb:00000114-a-1#6434,NA,NA,p.Val324Lys,0.81761555344201,13,0.0825965441138017
urn:mavedb:00000114-a-1#6435,NA,NA,p.Val324Leu,0.832323828859366,26,0.0749109108082035
urn:mavedb:00000114-a-1#6436,NA,NA,p.Val324Met,0.893724302815108,15,0.0915661383617429
urn:mavedb:00000114-a-1#6437,NA,NA,p.Val324Asn,0.687045868390359,18,0.0757576864180138
urn:mavedb:00000114-a-1#6438,NA,NA,p.Val324Pro,0.309633302388003,19,0.0750802216791749
urn:mavedb:00000114-a-1#6439,NA,NA,p.Val324Gln,0.66199766136789,28,0.0537850849134119
urn:mavedb:00000114-a-1#6440,NA,NA,p.Val324Arg,0.575054541516951,26,0.0551493377792628
urn:mavedb:00000114-a-1#6441,NA,NA,p.Val324Ser,0.758958980820042,13,0.0753844057584936
urn:mavedb:00000114-a-1#6442,NA,NA,p.Val324Thr,1.02714883392594,18,0.0412811428627035
urn:mavedb:00000114-a-1#6443,NA,NA,p.Val324Trp,0.597592478209074,16,0.0944026255592012
urn:mavedb:00000114-a-1#6444,NA,NA,p.Val324Tyr,0.896414860260718,23,0.0350126636525401
urn:mavedb:00000114-a-1#6445,NA,NA,p.Leu325Ter,-0.0216895753352316,21,0.028058499022933
urn:mavedb:00000114-a-1#6446,NA,NA,p.Leu325Ala,0.542742585134761,21,0.0725495633516324
urn:mavedb:00000114-a-1#6447,NA,NA,p.Leu325Cys,0.479192024691165,20,0.0527557306233908
urn:mavedb:00000114-a-1#6448,NA,NA,p.Leu325Asp,0.419361523853074,13,0.0669252068169618
urn:mavedb:00000114-a-1#6449,NA,NA,p.Leu325Glu,0.534428619264689,24,0.069377679285705
urn:mavedb:00000114-a-1#6450,NA,NA,p.Leu325Phe,0.574817569575122,17,0.0751461394480316
urn:mavedb:00000114-a-1#6451,NA,NA,p.Leu325Gly,0.464133606144606,16,0.0896757938351998
urn:mavedb:00000114-a-1#6452,NA,NA,p.Leu325His,0.449497731272051,17,0.100168514248119
urn:mavedb:00000114-a-1#6453,NA,NA,p.Leu325Ile,0.956260792224303,22,0.0617548256970033
urn:mavedb:00000114-a-1#6454,NA,NA,p.Leu325Lys,0.636252228347728,21,0.0650125953639847
urn:mavedb:00000114-a-1#6455,NA,NA,p.Leu325Met,0.867555141003064,16,0.0754142501067853
urn:mavedb:00000114-a-1#6456,NA,NA,p.Leu325Asn,0.504911104572593,19,0.0515136762599695
urn:mavedb:00000114-a-1#6457,NA,NA,p.Leu325Pro,0.397038807557875,10,0.106556894570899
urn:mavedb:00000114-a-1#6458,NA,NA,p.Leu325Gln,0.618991133692699,23,0.0562240176801092
urn:mavedb:00000114-a-1#6459,NA,NA,p.Leu325Arg,0.614075792235522,25,0.0551983717847098
urn:mavedb:00000114-a-1#6460,NA,NA,p.Leu325Ser,0.519523812270185,23,0.0450333709789803
urn:mavedb:00000114-a-1#6461,NA,NA,p.Leu325Thr,0.638421163015252,23,0.0509573968430128
urn:mavedb:00000114-a-1#6462,NA,NA,p.Leu325Val,0.864481114829647,18,0.077053594976977
urn:mavedb:00000114-a-1#6463,NA,NA,p.Leu325Trp,0.428009060072513,24,0.0611615002833509
urn:mavedb:00000114-a-1#6464,NA,NA,p.Leu325Tyr,0.548642449767394,23,0.0409838789615707
urn:mavedb:00000114-a-1#6465,NA,NA,p.Gln326Ter,-0.0099374289860148,37,0.0413028322517632
urn:mavedb:00000114-a-1#6466,NA,NA,p.Gln326Ala,0.993182811826725,32,0.050237664962038
urn:mavedb:00000114-a-1#6467,NA,NA,p.Gln326Cys,0.673027862187221,27,0.0559847713426367
urn:mavedb:00000114-a-1#6468,NA,NA,p.Gln326Asp,0.943820311520678,34,0.034961355302335
urn:mavedb:00000114-a-1#6469,NA,NA,p.Gln326Glu,1.0261797878876,19,0.054990037842783
urn:mavedb:00000114-a-1#6470,NA,NA,p.Gln326Phe,0.79893615044428,28,0.0407846260298563
urn:mavedb:00000114-a-1#6471,NA,NA,p.Gln326Gly,0.956377248630896,28,0.0547558259844612
urn:mavedb:00000114-a-1#6472,NA,NA,p.Gln326His,0.915138334406544,21,0.0495899187994709
urn:mavedb:00000114-a-1#6473,NA,NA,p.Gln326Ile,0.832572836027069,32,0.0406072194650577
urn:mavedb:00000114-a-1#6474,NA,NA,p.Gln326Lys,1.03861274048844,27,0.0362227091806128
urn:mavedb:00000114-a-1#6475,NA,NA,p.Gln326Leu,0.878886589268922,34,0.0362717243998164
urn:mavedb:00000114-a-1#6476,NA,NA,p.Gln326Met,0.94926265520176,28,0.0539729579567436
urn:mavedb:00000114-a-1#6477,NA,NA,p.Gln326Asn,0.954830586128519,34,0.0598310757597094
urn:mavedb:00000114-a-1#6478,NA,NA,p.Gln326Pro,0.37655647205392,25,0.0886858811039702
urn:mavedb:00000114-a-1#6479,NA,NA,p.Gln326Arg,1.0128720493252,26,0.05995463603711
urn:mavedb:00000114-a-1#6480,NA,NA,p.Gln326Ser,0.980916443558325,18,0.0606300779426579
urn:mavedb:00000114-a-1#6481,NA,NA,p.Gln326Thr,0.922751502405419,29,0.0486976812257922
urn:mavedb:00000114-a-1#6482,NA,NA,p.Gln326Val,0.814783416789795,30,0.0735318879188573
urn:mavedb:00000114-a-1#6483,NA,NA,p.Gln326Trp,0.722913041855395,34,0.0470171060343108
urn:mavedb:00000114-a-1#6484,NA,NA,p.Gln326Tyr,0.779135725924303,30,0.0733763908058765
urn:mavedb:00000114-a-1#6485,NA,NA,p.Met327Ter,-0.0264885955251038,15,0.0214785128358551
urn:mavedb:00000114-a-1#6486,NA,NA,p.Met327Ala,1.02841845620585,6,0.109451226762039
urn:mavedb:00000114-a-1#6487,NA,NA,p.Met327Cys,0.963187757850844,24,0.0693048906711446
urn:mavedb:00000114-a-1#6488,NA,NA,p.Met327Asp,0.968149500752878,19,0.0458923120323545
urn:mavedb:00000114-a-1#6489,NA,NA,p.Met327Glu,1.02120237471771,15,0.0571267628064317
urn:mavedb:00000114-a-1#6490,NA,NA,p.Met327Phe,0.842706325503045,21,0.0882513962363193
urn:mavedb:00000114-a-1#6491,NA,NA,p.Met327Gly,0.930174184657811,11,0.0612432722122165
urn:mavedb:00000114-a-1#6492,NA,NA,p.Met327Ile,0.885080066011992,16,0.0794017441626589
urn:mavedb:00000114-a-1#6493,NA,NA,p.Met327Lys,1.07837137479222,18,0.0563679884483629
urn:mavedb:00000114-a-1#6494,NA,NA,p.Met327Leu,0.916490883328546,19,0.0702535275265513
urn:mavedb:00000114-a-1#6495,NA,NA,p.Met327Asn,1.05614610829252,13,0.0780597988722419
urn:mavedb:00000114-a-1#6496,NA,NA,p.Met327Pro,0.386855294301882,8,0.0877187496893955
urn:mavedb:00000114-a-1#6497,NA,NA,p.Met327Gln,1.02805287498725,13,0.0595420739885267
urn:mavedb:00000114-a-1#6498,NA,NA,p.Met327Arg,1.00021707023824,23,0.0807314553715962
urn:mavedb:00000114-a-1#6499,NA,NA,p.Met327Ser,0.981623031867553,20,0.0581049898376416
urn:mavedb:00000114-a-1#6500,NA,NA,p.Met327Thr,0.915356366577967,11,0.0840498009944443
urn:mavedb:00000114-a-1#6501,NA,NA,p.Met327Val,0.906816689981783,14,0.0792466517749327
urn:mavedb:00000114-a-1#6502,NA,NA,p.Met327Trp,0.805440394898179,17,0.0670200417346727
urn:mavedb:00000114-a-1#6503,NA,NA,p.Met327Tyr,0.875236741942939,22,0.0583479662598422
urn:mavedb:00000114-a-1#6504,NA,NA,p.Gly328Ter,-0.0196562046940612,32,0.0138396955010911
urn:mavedb:00000114-a-1#6505,NA,NA,p.Gly328Ala,0.5824292384197,42,0.0458997938481754
urn:mavedb:00000114-a-1#6506,NA,NA,p.Gly328Cys,0.480590715485357,26,0.0536995505438241
urn:mavedb:00000114-a-1#6507,NA,NA,p.Gly328Asp,0.766222733484279,28,0.0493793663508451
urn:mavedb:00000114-a-1#6508,NA,NA,p.Gly328Glu,0.639456901795562,36,0.0486916724730278
urn:mavedb:00000114-a-1#6509,NA,NA,p.Gly328Phe,0.325417031130817,39,0.0568925493203449
urn:mavedb:00000114-a-1#6510,NA,NA,p.Gly328His,0.69609130963649,17,0.059748955203644
urn:mavedb:00000114-a-1#6511,NA,NA,p.Gly328Ile,0.062529138940954,24,0.0456567518760932
urn:mavedb:00000114-a-1#6512,NA,NA,p.Gly328Lys,0.768612074683502,37,0.0449362384196353
urn:mavedb:00000114-a-1#6513,NA,NA,p.Gly328Leu,0.322719138493106,28,0.0584451723023045
urn:mavedb:00000114-a-1#6514,NA,NA,p.Gly328Met,0.544555594155715,25,0.0751454185855856
urn:mavedb:00000114-a-1#6515,NA,NA,p.Gly328Asn,0.877039490798446,43,0.0511735597015316
urn:mavedb:00000114-a-1#6516,NA,NA,p.Gly328Pro,0.236259542642639,26,0.0651735858570895
urn:mavedb:00000114-a-1#6517,NA,NA,p.Gly328Gln,0.726070363044562,24,0.0744754105031185
urn:mavedb:00000114-a-1#6518,NA,NA,p.Gly328Arg,0.655656830195549,41,0.0421599940322482
urn:mavedb:00000114-a-1#6519,NA,NA,p.Gly328Ser,0.61878585998921,36,0.0449690597975836
urn:mavedb:00000114-a-1#6520,NA,NA,p.Gly328Thr,0.37897241766569,33,0.0351748471242339
urn:mavedb:00000114-a-1#6521,NA,NA,p.Gly328Val,0.11425142294974,6,0.0683163346875188
urn:mavedb:00000114-a-1#6522,NA,NA,p.Gly328Trp,0.15754913424798,24,0.0609873868658844
urn:mavedb:00000114-a-1#6523,NA,NA,p.Gly328Tyr,0.344535757945274,34,0.0741772573243319
urn:mavedb:00000114-a-1#6524,NA,NA,p.Gly329Ter,-0.0155460417068146,26,0.0254310269401049
urn:mavedb:00000114-a-1#6525,NA,NA,p.Gly329Ala,0.415417907216641,13,0.108604997397456
urn:mavedb:00000114-a-1#6526,NA,NA,p.Gly329Cys,0.288617603068076,15,0.114662041901188
urn:mavedb:00000114-a-1#6527,NA,NA,p.Gly329Asp,0.285779551298709,9,0.0603725600044571
urn:mavedb:00000114-a-1#6528,NA,NA,p.Gly329Glu,0.337287207536935,19,0.0532421533141787
urn:mavedb:00000114-a-1#6529,NA,NA,p.Gly329Phe,0.390213535709112,22,0.0928918257313401
urn:mavedb:00000114-a-1#6530,NA,NA,p.Gly329His,0.355104808164454,10,0.0890912118676964
urn:mavedb:00000114-a-1#6531,NA,NA,p.Gly329Ile,0.280278461172491,24,0.0765315984856057
urn:mavedb:00000114-a-1#6532,NA,NA,p.Gly329Lys,0.382488262623975,24,0.0883066017977739
urn:mavedb:00000114-a-1#6533,NA,NA,p.Gly329Leu,0.320298752688101,11,0.0741894743808977
urn:mavedb:00000114-a-1#6534,NA,NA,p.Gly329Met,0.435190227184559,30,0.0675273075242097
urn:mavedb:00000114-a-1#6535,NA,NA,p.Gly329Asn,0.342498830454443,28,0.0774948244406909
urn:mavedb:00000114-a-1#6536,NA,NA,p.Gly329Pro,0.316748353241715,20,0.0846523617917057
urn:mavedb:00000114-a-1#6537,NA,NA,p.Gly329Gln,0.401443610693671,27,0.047741870259486
urn:mavedb:00000114-a-1#6538,NA,NA,p.Gly329Arg,0.396820457353255,11,0.0844036264792138
urn:mavedb:00000114-a-1#6539,NA,NA,p.Gly329Ser,0.344516888564383,10,0.0727552263145009
urn:mavedb:00000114-a-1#6540,NA,NA,p.Gly329Thr,0.351853750509041,18,0.077085853360716
urn:mavedb:00000114-a-1#6541,NA,NA,p.Gly329Val,0.33748352433287,5,0.146327117857122
urn:mavedb:00000114-a-1#6542,NA,NA,p.Gly329Trp,0.364000968656261,21,0.0691718269864392
urn:mavedb:00000114-a-1#6543,NA,NA,p.Gly329Tyr,0.413330589438882,12,0.0888549006043637
urn:mavedb:00000114-a-1#6544,NA,NA,p.Val330Ter,0.0033962598724507,51,0.0428833486432446
urn:mavedb:00000114-a-1#6545,NA,NA,p.Val330Ala,0.748966714793304,33,0.0491866848714613
urn:mavedb:00000114-a-1#6546,NA,NA,p.Val330Cys,0.870819023893036,42,0.0487919303603249
urn:mavedb:00000114-a-1#6547,NA,NA,p.Val330Asp,0.532953083549967,44,0.0483230712030173
urn:mavedb:00000114-a-1#6548,NA,NA,p.Val330Glu,0.903998203652924,46,0.0302285274263714
urn:mavedb:00000114-a-1#6549,NA,NA,p.Val330Phe,0.767373913467728,48,0.0372324525325541
urn:mavedb:00000114-a-1#6550,NA,NA,p.Val330Gly,0.271355109909238,23,0.0813497676593612
urn:mavedb:00000114-a-1#6551,NA,NA,p.Val330His,0.621792439475635,32,0.0653962310232529
urn:mavedb:00000114-a-1#6552,NA,NA,p.Val330Ile,1.01932631502399,41,0.0490620737450522
urn:mavedb:00000114-a-1#6553,NA,NA,p.Val330Lys,0.409656468113637,29,0.045530479181161
urn:mavedb:00000114-a-1#6554,NA,NA,p.Val330Leu,0.962834512788397,29,0.0618263113566979
urn:mavedb:00000114-a-1#6555,NA,NA,p.Val330Met,0.966665016764741,36,0.0338809519549275
urn:mavedb:00000114-a-1#6556,NA,NA,p.Val330Asn,0.440881717101122,40,0.0628464225155575
urn:mavedb:00000114-a-1#6557,NA,NA,p.Val330Pro,0.195245669792127,36,0.0790459315467048
urn:mavedb:00000114-a-1#6558,NA,NA,p.Val330Gln,0.841308449562908,40,0.0683431540072781
urn:mavedb:00000114-a-1#6559,NA,NA,p.Val330Arg,0.431387126920788,29,0.0657437373577497
urn:mavedb:00000114-a-1#6560,NA,NA,p.Val330Ser,0.639034588513184,32,0.040956432114619
urn:mavedb:00000114-a-1#6561,NA,NA,p.Val330Thr,0.968091547425829,21,0.0602630818307493
urn:mavedb:00000114-a-1#6562,NA,NA,p.Val330Trp,0.579950365072932,23,0.0533192151672142
urn:mavedb:00000114-a-1#6563,NA,NA,p.Val330Tyr,0.799700813827628,47,0.0392504902168061
urn:mavedb:00000114-a-1#6564,NA,NA,p.Leu331Ter,-0.0131491475998298,10,0.0404999493324226
urn:mavedb:00000114-a-1#6565,NA,NA,p.Leu331Ala,0.443930693861446,4,0.0969877064117672
urn:mavedb:00000114-a-1#6566,NA,NA,p.Leu331Cys,0.713727747629318,5,0.126289610340469
urn:mavedb:00000114-a-1#6567,NA,NA,p.Leu331Asp,0.253625664143929,2,0.109605558644045
urn:mavedb:00000114-a-1#6568,NA,NA,p.Leu331Glu,0.37959774339513,7,0.0961484108709433
urn:mavedb:00000114-a-1#6569,NA,NA,p.Leu331Phe,0.589706858056112,5,0.132961773832345
urn:mavedb:00000114-a-1#6570,NA,NA,p.Leu331Gly,0.310612406940294,4,0.134256188889952
urn:mavedb:00000114-a-1#6571,NA,NA,p.Leu331His,0.455395684999752,6,0.1148710848007
urn:mavedb:00000114-a-1#6572,NA,NA,p.Leu331Ile,0.851318863158637,9,0.0883101035654612
urn:mavedb:00000114-a-1#6573,NA,NA,p.Leu331Lys,0.475851564320654,10,0.0643439781285873
urn:mavedb:00000114-a-1#6574,NA,NA,p.Leu331Met,0.687169888206508,8,0.0868781910667984
urn:mavedb:00000114-a-1#6575,NA,NA,p.Leu331Asn,0.460980477459683,8,0.105294018219724
urn:mavedb:00000114-a-1#6576,NA,NA,p.Leu331Pro,0.356011749315162,9,0.0702392395615937
urn:mavedb:00000114-a-1#6577,NA,NA,p.Leu331Gln,0.789446635757663,9,0.0850101374794856
urn:mavedb:00000114-a-1#6578,NA,NA,p.Leu331Arg,0.495430060092676,18,0.0559341580148411
urn:mavedb:00000114-a-1#6579,NA,NA,p.Leu331Ser,0.476999121303615,9,0.0879456004999808
urn:mavedb:00000114-a-1#6580,NA,NA,p.Leu331Thr,0.715891688239569,7,0.0839978966875783
urn:mavedb:00000114-a-1#6581,NA,NA,p.Leu331Val,0.690383759165457,3,0.14901529648415
urn:mavedb:00000114-a-1#6582,NA,NA,p.Leu331Trp,0.456912731426123,2,0.166562995866224
urn:mavedb:00000114-a-1#6583,NA,NA,p.Leu331Tyr,0.395839540277503,10,0.118954974378394
urn:mavedb:00000114-a-1#6584,NA,NA,p.Cys332Ter,-0.0202844566490181,5,0.0470697642067061
urn:mavedb:00000114-a-1#6585,NA,NA,p.Cys332Ala,0.226182864833307,14,0.0865305981949084
urn:mavedb:00000114-a-1#6586,NA,NA,p.Cys332Asp,0.213931266416136,6,0.123696520255458
urn:mavedb:00000114-a-1#6587,NA,NA,p.Cys332Phe,0.0615384807955148,5,0.072457396207641
urn:mavedb:00000114-a-1#6588,NA,NA,p.Cys332Gly,0.202953779800767,11,0.103379027006676
urn:mavedb:00000114-a-1#6589,NA,NA,p.Cys332His,0.166663947732077,5,0.119597074309687
urn:mavedb:00000114-a-1#6590,NA,NA,p.Cys332Ile,0.0989616081260432,8,0.0854515546958494
urn:mavedb:00000114-a-1#6591,NA,NA,p.Cys332Lys,0.237883531060244,3,0.162341745769107
urn:mavedb:00000114-a-1#6592,NA,NA,p.Cys332Leu,0.124985875307782,2,0.134405608859714
urn:mavedb:00000114-a-1#6593,NA,NA,p.Cys332Met,0.123664692655211,5,0.0894962968737402
urn:mavedb:00000114-a-1#6594,NA,NA,p.Cys332Asn,0.228130686219211,6,0.0893156656711958
urn:mavedb:00000114-a-1#6595,NA,NA,p.Cys332Pro,0.218798384296843,8,0.0981594920290719
urn:mavedb:00000114-a-1#6596,NA,NA,p.Cys332Gln,0.216926595579815,5,0.0857392103173686
urn:mavedb:00000114-a-1#6597,NA,NA,p.Cys332Arg,0.177733103900276,4,0.114065076026398
urn:mavedb:00000114-a-1#6598,NA,NA,p.Cys332Ser,0.2156873667233,8,0.0892446150910232
urn:mavedb:00000114-a-1#6599,NA,NA,p.Cys332Thr,0.224505095683543,6,0.178817328526253
urn:mavedb:00000114-a-1#6600,NA,NA,p.Cys332Val,0.156074009517442,7,0.11679117014915
urn:mavedb:00000114-a-1#6601,NA,NA,p.Cys332Trp,0.0164122060087548,3,0.0842416110194747
urn:mavedb:00000114-a-1#6602,NA,NA,p.Cys332Tyr,0.104452417550518,9,0.0603345200994511
urn:mavedb:00000114-a-1#6603,NA,NA,p.Pro333Ter,-0.0140056751717275,44,0.0246105890069956
urn:mavedb:00000114-a-1#6604,NA,NA,p.Pro333Ala,0.39326778589644,4,0.116529997184147
urn:mavedb:00000114-a-1#6605,NA,NA,p.Pro333Cys,0.225328731561488,31,0.0724933080800375
urn:mavedb:00000114-a-1#6606,NA,NA,p.Pro333Asp,0.161041812867873,61,0.0655041723329439
urn:mavedb:00000114-a-1#6607,NA,NA,p.Pro333Glu,0.199349504960911,59,0.0774561219079527
urn:mavedb:00000114-a-1#6608,NA,NA,p.Pro333Phe,0.0663902690770063,64,0.0418020750661014
urn:mavedb:00000114-a-1#6609,NA,NA,p.Pro333Gly,0.280505501159946,21,0.0856475907707856
urn:mavedb:00000114-a-1#6610,NA,NA,p.Pro333His,0.166998397108759,36,0.066697948499776
urn:mavedb:00000114-a-1#6611,NA,NA,p.Pro333Ile,0.257630681608345,39,0.0599322703545058
urn:mavedb:00000114-a-1#6612,NA,NA,p.Pro333Lys,0.229847806654248,56,0.0763022634998292
urn:mavedb:00000114-a-1#6613,NA,NA,p.Pro333Leu,0.108877934343249,41,0.0538071140323001
urn:mavedb:00000114-a-1#6614,NA,NA,p.Pro333Met,0.179123138342396,47,0.0624823376851378
urn:mavedb:00000114-a-1#6615,NA,NA,p.Pro333Asn,0.247160079056506,43,0.0858466026454296
urn:mavedb:00000114-a-1#6616,NA,NA,p.Pro333Gln,0.235051389154844,47,0.0749178538457068
urn:mavedb:00000114-a-1#6617,NA,NA,p.Pro333Arg,0.221412692138867,37,0.0694739720691253
urn:mavedb:00000114-a-1#6618,NA,NA,p.Pro333Ser,0.480939720708111,12,0.0564850420108108
urn:mavedb:00000114-a-1#6619,NA,NA,p.Pro333Thr,0.389822956746562,16,0.0623928955602331
urn:mavedb:00000114-a-1#6620,NA,NA,p.Pro333Val,0.463449040659717,56,0.0498963825151121
urn:mavedb:00000114-a-1#6621,NA,NA,p.Pro333Trp,0.102158925636306,54,0.0555848647878384
urn:mavedb:00000114-a-1#6622,NA,NA,p.Pro333Tyr,0.0696710516269318,53,0.0435741282896747
urn:mavedb:00000114-a-1#6623,NA,NA,p.Arg334Ter,-0.0147880646466482,48,0.0261324089886074
urn:mavedb:00000114-a-1#6624,NA,NA,p.Arg334Ala,0.874297606929732,11,0.0905228112397804
urn:mavedb:00000114-a-1#6625,NA,NA,p.Arg334Cys,0.475790566859496,51,0.0629847146012734
urn:mavedb:00000114-a-1#6626,NA,NA,p.Arg334Asp,0.443948552989092,37,0.0462617165558186
urn:mavedb:00000114-a-1#6627,NA,NA,p.Arg334Glu,0.826434416533932,35,0.0554803626867855
urn:mavedb:00000114-a-1#6628,NA,NA,p.Arg334Phe,0.808638434381482,44,0.0510030154911604
urn:mavedb:00000114-a-1#6629,NA,NA,p.Arg334Gly,0.753594662878106,26,0.088200442770036
urn:mavedb:00000114-a-1#6630,NA,NA,p.Arg334His,0.795155696685269,31,0.0797135679179893
urn:mavedb:00000114-a-1#6631,NA,NA,p.Arg334Ile,0.993780584276277,47,0.0366127656661113
urn:mavedb:00000114-a-1#6632,NA,NA,p.Arg334Lys,0.948945233776785,50,0.0410088928095386
urn:mavedb:00000114-a-1#6633,NA,NA,p.Arg334Leu,0.861060163555974,39,0.073609203458789
urn:mavedb:00000114-a-1#6634,NA,NA,p.Arg334Met,1.03749931759531,46,0.0314610367217434
urn:mavedb:00000114-a-1#6635,NA,NA,p.Arg334Asn,0.864214129221418,57,0.0466437067960588
urn:mavedb:00000114-a-1#6636,NA,NA,p.Arg334Pro,0.240464395202489,39,0.0624373684873139
urn:mavedb:00000114-a-1#6637,NA,NA,p.Arg334Gln,1.04353956949938,1,0.257404966091904
urn:mavedb:00000114-a-1#6638,NA,NA,p.Arg334Ser,0.887341284729958,38,0.0641607865990117
urn:mavedb:00000114-a-1#6639,NA,NA,p.Arg334Thr,1.02195524711888,46,0.0368362302776176
urn:mavedb:00000114-a-1#6640,NA,NA,p.Arg334Val,0.86478466216795,53,0.0450141592798029
urn:mavedb:00000114-a-1#6641,NA,NA,p.Arg334Trp,0.773773818687621,28,0.0461045793992965
urn:mavedb:00000114-a-1#6642,NA,NA,p.Arg334Tyr,0.781499229361716,56,0.040216341588641
urn:mavedb:00000114-a-1#6643,NA,NA,p.Pro335Ter,0.0260437061458147,18,0.145672335869643
urn:mavedb:00000114-a-1#6644,NA,NA,p.Pro335Ala,0.952694135529638,14,0.0768318080703223
urn:mavedb:00000114-a-1#6645,NA,NA,p.Pro335Cys,0.625046880995935,10,0.0520545596292142
urn:mavedb:00000114-a-1#6646,NA,NA,p.Pro335Asp,0.692542272919768,7,0.067202026661963
urn:mavedb:00000114-a-1#6647,NA,NA,p.Pro335Glu,0.735947571072199,14,0.109977440466864
urn:mavedb:00000114-a-1#6648,NA,NA,p.Pro335Phe,0.831197468445255,3,0.142778805005605
urn:mavedb:00000114-a-1#6649,NA,NA,p.Pro335Gly,0.782353269816,15,0.105386400121167
urn:mavedb:00000114-a-1#6650,NA,NA,p.Pro335His,0.821128494298093,13,0.0579247257619544
urn:mavedb:00000114-a-1#6651,NA,NA,p.Pro335Ile,0.930497222265273,11,0.0788611805728198
urn:mavedb:00000114-a-1#6652,NA,NA,p.Pro335Lys,0.591004041113478,8,0.116033002806208
urn:mavedb:00000114-a-1#6653,NA,NA,p.Pro335Leu,0.793553430741679,13,0.0699016388777601
urn:mavedb:00000114-a-1#6654,NA,NA,p.Pro335Met,0.910531464409024,8,0.0845745937491776
urn:mavedb:00000114-a-1#6655,NA,NA,p.Pro335Asn,0.929320938580293,8,0.097316884480653
urn:mavedb:00000114-a-1#6656,NA,NA,p.Pro335Gln,0.889487344834983,1,0.153000001737251
urn:mavedb:00000114-a-1#6657,NA,NA,p.Pro335Arg,0.742815137623973,7,0.133609388207516
urn:mavedb:00000114-a-1#6658,NA,NA,p.Pro335Ser,1.00653268560239,2,0.116938691735794
urn:mavedb:00000114-a-1#6659,NA,NA,p.Pro335Thr,0.938055767819777,9,0.0858084991343938
urn:mavedb:00000114-a-1#6660,NA,NA,p.Pro335Trp,1.00584028776382,10,0.0634321434807523
urn:mavedb:00000114-a-1#6661,NA,NA,p.Pro335Tyr,0.967387949721208,19,0.105119576595919
urn:mavedb:00000114-a-1#6662,NA,NA,p.Gly336Ter,-0.0165927968835144,46,0.0156547276766735
urn:mavedb:00000114-a-1#6663,NA,NA,p.Gly336Ala,0.849305799075247,21,0.0873108585447953
urn:mavedb:00000114-a-1#6664,NA,NA,p.Gly336Cys,0.871558834027652,21,0.0691289267044028
urn:mavedb:00000114-a-1#6665,NA,NA,p.Gly336Asp,0.833375839667643,32,0.045187234905321
urn:mavedb:00000114-a-1#6666,NA,NA,p.Gly336Glu,0.825041083836279,34,0.0660505349911607
urn:mavedb:00000114-a-1#6667,NA,NA,p.Gly336Phe,0.959405975469007,42,0.0425584187064197
urn:mavedb:00000114-a-1#6668,NA,NA,p.Gly336His,0.882435534637852,32,0.0232033705184468
urn:mavedb:00000114-a-1#6669,NA,NA,p.Gly336Ile,0.783932673414193,23,0.0619072290744337
urn:mavedb:00000114-a-1#6670,NA,NA,p.Gly336Lys,0.843477904089252,33,0.0650395520400184
urn:mavedb:00000114-a-1#6671,NA,NA,p.Gly336Leu,0.923203678728103,26,0.0711229380227026
urn:mavedb:00000114-a-1#6672,NA,NA,p.Gly336Met,0.953469443104971,33,0.046415763155395
urn:mavedb:00000114-a-1#6673,NA,NA,p.Gly336Asn,0.982415828979418,35,0.0361118110740262
urn:mavedb:00000114-a-1#6674,NA,NA,p.Gly336Pro,0.62025817871339,40,0.0508642770706265
urn:mavedb:00000114-a-1#6675,NA,NA,p.Gly336Gln,0.868430959545135,32,0.0503728566694217
urn:mavedb:00000114-a-1#6676,NA,NA,p.Gly336Arg,0.847491965201485,32,0.0484088218970698
urn:mavedb:00000114-a-1#6677,NA,NA,p.Gly336Ser,0.897296481243906,26,0.0524289580441634
urn:mavedb:00000114-a-1#6678,NA,NA,p.Gly336Thr,0.824542492450207,22,0.0608638084667358
urn:mavedb:00000114-a-1#6679,NA,NA,p.Gly336Val,0.786608875175578,51,0.0593369883841159
urn:mavedb:00000114-a-1#6680,NA,NA,p.Gly336Trp,0.882391994501863,27,0.0731414459481343
urn:mavedb:00000114-a-1#6681,NA,NA,p.Gly336Tyr,0.923279340836521,36,0.0363239305328878
urn:mavedb:00000114-a-1#6682,NA,NA,p.Cys337Ter,0.101537007907112,11,0.242110347478374
urn:mavedb:00000114-a-1#6683,NA,NA,p.Cys337Ala,0.165133787819184,3,0.0726166763834512
urn:mavedb:00000114-a-1#6684,NA,NA,p.Cys337Asp,0.254690050928996,7,0.112570319892661
urn:mavedb:00000114-a-1#6685,NA,NA,p.Cys337Glu,0.269024528840862,7,0.102459790654478
urn:mavedb:00000114-a-1#6686,NA,NA,p.Cys337Phe,0.135200337955288,20,0.0691684535049664
urn:mavedb:00000114-a-1#6687,NA,NA,p.Cys337Gly,0.231077776730427,4,0.101653065940265
urn:mavedb:00000114-a-1#6688,NA,NA,p.Cys337His,0.195463166623366,4,0.0777225361602368
urn:mavedb:00000114-a-1#6689,NA,NA,p.Cys337Ile,0.183178722550741,9,0.0990465310492655
urn:mavedb:00000114-a-1#6690,NA,NA,p.Cys337Lys,0.207045098576737,7,0.113954066075341
urn:mavedb:00000114-a-1#6691,NA,NA,p.Cys337Leu,0.162112908457821,3,0.100240406668414
urn:mavedb:00000114-a-1#6692,NA,NA,p.Cys337Met,0.161734392605396,4,0.102910723688527
urn:mavedb:00000114-a-1#6693,NA,NA,p.Cys337Asn,0.222249842141389,12,0.0885065304681022
urn:mavedb:00000114-a-1#6694,NA,NA,p.Cys337Pro,0.223387999120794,7,0.0760701719227574
urn:mavedb:00000114-a-1#6695,NA,NA,p.Cys337Gln,0.252971362801022,8,0.106788581433933
urn:mavedb:00000114-a-1#6696,NA,NA,p.Cys337Arg,0.198682246218467,9,0.10502349738107
urn:mavedb:00000114-a-1#6697,NA,NA,p.Cys337Ser,0.284844028392736,1,0.245232214445466
urn:mavedb:00000114-a-1#6698,NA,NA,p.Cys337Thr,0.215017335704591,12,0.111158737589994
urn:mavedb:00000114-a-1#6699,NA,NA,p.Cys337Val,0.227107971077301,2,0.12855391180849
urn:mavedb:00000114-a-1#6700,NA,NA,p.Cys337Trp,0.116117805409383,14,0.0618504101507057
urn:mavedb:00000114-a-1#6701,NA,NA,p.Cys337Tyr,0.146166174284559,13,0.0761505222462207
urn:mavedb:00000114-a-1#6702,NA,NA,p.Gly338Ter,-0.0035711029158497,13,0.0337113137429574
urn:mavedb:00000114-a-1#6703,NA,NA,p.Gly338Ala,0.907997370786543,6,0.0731228367040461
urn:mavedb:00000114-a-1#6704,NA,NA,p.Gly338Cys,0.8511857012305,11,0.112650204419258
urn:mavedb:00000114-a-1#6705,NA,NA,p.Gly338Asp,0.626294168776829,9,0.0843185781217174
urn:mavedb:00000114-a-1#6706,NA,NA,p.Gly338Glu,0.892085001153005,19,0.0771433137050013
urn:mavedb:00000114-a-1#6707,NA,NA,p.Gly338Phe,0.760569997638294,7,0.113607003224017
urn:mavedb:00000114-a-1#6708,NA,NA,p.Gly338His,0.780560507751772,9,0.0799797687402036
urn:mavedb:00000114-a-1#6709,NA,NA,p.Gly338Ile,0.580641799926218,9,0.104531230203157
urn:mavedb:00000114-a-1#6710,NA,NA,p.Gly338Lys,0.479724340858371,10,0.074291875888209
urn:mavedb:00000114-a-1#6711,NA,NA,p.Gly338Leu,0.693575947204303,1,0.153950964028282
urn:mavedb:00000114-a-1#6712,NA,NA,p.Gly338Met,0.729045957706895,15,0.0627863918668508
urn:mavedb:00000114-a-1#6713,NA,NA,p.Gly338Asn,0.929458506058253,13,0.06027740568999
urn:mavedb:00000114-a-1#6714,NA,NA,p.Gly338Pro,0.521847596620563,7,0.0637254105735847
urn:mavedb:00000114-a-1#6715,NA,NA,p.Gly338Arg,0.53151071320273,18,0.0959111878547126
urn:mavedb:00000114-a-1#6716,NA,NA,p.Gly338Ser,1.01806456979256,3,0.160859259229147
urn:mavedb:00000114-a-1#6717,NA,NA,p.Gly338Thr,0.894442050794312,11,0.0834455663394453
urn:mavedb:00000114-a-1#6718,NA,NA,p.Gly338Val,0.764011839184539,7,0.0659615515246147
urn:mavedb:00000114-a-1#6719,NA,NA,p.Gly338Trp,0.726844675857558,6,0.0828295528649083
urn:mavedb:00000114-a-1#6720,NA,NA,p.Gly338Tyr,0.89982835698524,12,0.103307448964446
urn:mavedb:00000114-a-1#6721,NA,NA,p.Ala339Ter,0.091862063442334,9,0.281045195602233
urn:mavedb:00000114-a-1#6722,NA,NA,p.Ala339Cys,0.912664900985907,11,0.11587200689398
urn:mavedb:00000114-a-1#6723,NA,NA,p.Ala339Asp,0.734868449921804,9,0.0932770526208565
urn:mavedb:00000114-a-1#6724,NA,NA,p.Ala339Glu,0.965178094469367,8,0.115869366578676
urn:mavedb:00000114-a-1#6725,NA,NA,p.Ala339Phe,1.02801573503386,16,0.0620115785917933
urn:mavedb:00000114-a-1#6726,NA,NA,p.Ala339Gly,0.937971437464148,10,0.10275338539783
urn:mavedb:00000114-a-1#6727,NA,NA,p.Ala339His,0.930627367647666,4,0.102278116827557
urn:mavedb:00000114-a-1#6728,NA,NA,p.Ala339Ile,1.00722763125941,8,0.104029706221949
urn:mavedb:00000114-a-1#6729,NA,NA,p.Ala339Lys,1.06065146329715,20,0.0917027018956156
urn:mavedb:00000114-a-1#6730,NA,NA,p.Ala339Leu,0.996420420272398,11,0.108333382495559
urn:mavedb:00000114-a-1#6731,NA,NA,p.Ala339Met,1.08149965051535,10,0.0889246463599543
urn:mavedb:00000114-a-1#6732,NA,NA,p.Ala339Asn,1.04048455088646,17,0.0625657753126229
urn:mavedb:00000114-a-1#6733,NA,NA,p.Ala339Pro,0.236328073943423,11,0.0957213178115014
urn:mavedb:00000114-a-1#6734,NA,NA,p.Ala339Gln,0.96517245668161,5,0.142217463379729
urn:mavedb:00000114-a-1#6735,NA,NA,p.Ala339Arg,1.04290963915491,15,0.043971691364396
urn:mavedb:00000114-a-1#6736,NA,NA,p.Ala339Ser,1.00355887898706,9,0.0777982326050437
urn:mavedb:00000114-a-1#6737,NA,NA,p.Ala339Thr,1.07373339806477,12,0.103136071795713
urn:mavedb:00000114-a-1#6738,NA,NA,p.Ala339Val,1.02720187269118,13,0.0462361440077809
urn:mavedb:00000114-a-1#6739,NA,NA,p.Ala339Trp,0.921127294939853,18,0.0650070198569914
urn:mavedb:00000114-a-1#6740,NA,NA,p.Ala339Tyr,1.09975198189967,6,0.0969026322656904
urn:mavedb:00000114-a-1#6741,NA,NA,p.Gly340Ter,0.02661518045845,7,0.116802306971776
urn:mavedb:00000114-a-1#6742,NA,NA,p.Gly340Ala,0.968197378683382,9,0.0910601011305248
urn:mavedb:00000114-a-1#6743,NA,NA,p.Gly340Cys,0.80414565475329,11,0.124316196861354
urn:mavedb:00000114-a-1#6744,NA,NA,p.Gly340Asp,0.59811164382783,6,0.158354570419274
urn:mavedb:00000114-a-1#6745,NA,NA,p.Gly340Glu,0.592622866258756,11,0.0920312245873847
urn:mavedb:00000114-a-1#6746,NA,NA,p.Gly340Phe,0.661314601948285,12,0.0651344322578322
urn:mavedb:00000114-a-1#6747,NA,NA,p.Gly340His,0.653200881491323,4,0.214562869901667
urn:mavedb:00000114-a-1#6748,NA,NA,p.Gly340Ile,0.578539945369722,10,0.123454769991355
urn:mavedb:00000114-a-1#6749,NA,NA,p.Gly340Lys,0.83187318681101,7,0.129675495764603
urn:mavedb:00000114-a-1#6750,NA,NA,p.Gly340Leu,0.563513050916106,5,0.112682038186631
urn:mavedb:00000114-a-1#6751,NA,NA,p.Gly340Met,0.867941865250679,2,0.157991285482094
urn:mavedb:00000114-a-1#6752,NA,NA,p.Gly340Asn,0.660468946670614,10,0.103811902885075
urn:mavedb:00000114-a-1#6753,NA,NA,p.Gly340Pro,1.11828812052767,7,0.0956866011279665
urn:mavedb:00000114-a-1#6754,NA,NA,p.Gly340Gln,0.887662291406826,5,0.137843438753302
urn:mavedb:00000114-a-1#6755,NA,NA,p.Gly340Arg,0.766106332380449,8,0.136543206588764
urn:mavedb:00000114-a-1#6756,NA,NA,p.Gly340Ser,0.933709853075106,8,0.116072191450051
urn:mavedb:00000114-a-1#6757,NA,NA,p.Gly340Thr,0.819848830848564,9,0.0923925922628466
urn:mavedb:00000114-a-1#6758,NA,NA,p.Gly340Val,0.552132773724517,12,0.100710435410879
urn:mavedb:00000114-a-1#6759,NA,NA,p.Gly340Trp,0.565502982510426,9,0.130760564402733
urn:mavedb:00000114-a-1#6760,NA,NA,p.Gly340Tyr,0.697254309666365,3,0.113736420555623
urn:mavedb:00000114-a-1#6761,NA,NA,p.Leu341Ter,0.0186983450622852,12,0.140991097164587
urn:mavedb:00000114-a-1#6762,NA,NA,p.Leu341Ala,0.92744488332038,5,0.119783880033917
urn:mavedb:00000114-a-1#6763,NA,NA,p.Leu341Cys,1.00294295665021,5,0.102063778470484
urn:mavedb:00000114-a-1#6764,NA,NA,p.Leu341Asp,0.29268045043146,6,0.0637821908566141
urn:mavedb:00000114-a-1#6765,NA,NA,p.Leu341Glu,0.438003388813637,10,0.0728050017219463
urn:mavedb:00000114-a-1#6766,NA,NA,p.Leu341Phe,0.90987233906214,11,0.0796184818968509
urn:mavedb:00000114-a-1#6767,NA,NA,p.Leu341Gly,0.813367657169011,9,0.113968082736209
urn:mavedb:00000114-a-1#6768,NA,NA,p.Leu341His,0.972381274685884,3,0.158263864942259
urn:mavedb:00000114-a-1#6769,NA,NA,p.Leu341Ile,1.00891695237832,5,0.101885046128765
urn:mavedb:00000114-a-1#6770,NA,NA,p.Leu341Lys,0.793137079752196,6,0.137007750961086
urn:mavedb:00000114-a-1#6771,NA,NA,p.Leu341Met,1.00288558244278,8,0.0610583121593613
urn:mavedb:00000114-a-1#6772,NA,NA,p.Leu341Asn,1.02720156406342,8,0.11878428966134
urn:mavedb:00000114-a-1#6773,NA,NA,p.Leu341Pro,0.38150850837217,7,0.094310382705571
urn:mavedb:00000114-a-1#6774,NA,NA,p.Leu341Gln,0.998348937672807,16,0.0610970987234226
urn:mavedb:00000114-a-1#6775,NA,NA,p.Leu341Arg,0.858948451475645,4,0.146478415263705
urn:mavedb:00000114-a-1#6776,NA,NA,p.Leu341Ser,0.987744425452094,8,0.0846694604313887
urn:mavedb:00000114-a-1#6777,NA,NA,p.Leu341Thr,0.962721739674832,13,0.0772120951354461
urn:mavedb:00000114-a-1#6778,NA,NA,p.Leu341Val,1.00391508555835,8,0.0757964072635743
urn:mavedb:00000114-a-1#6779,NA,NA,p.Leu341Trp,0.850738708655663,11,0.0876888160921458
urn:mavedb:00000114-a-1#6780,NA,NA,p.Leu341Tyr,0.864510698152307,7,0.0752459433244898
urn:mavedb:00000114-a-1#6781,NA,NA,p.Leu342Ter,-0.0183960506230967,13,0.0359299572850043
urn:mavedb:00000114-a-1#6782,NA,NA,p.Leu342Ala,0.890921962719446,3,0.10948234142782
urn:mavedb:00000114-a-1#6783,NA,NA,p.Leu342Cys,0.90627819136125,16,0.0611502563545983
urn:mavedb:00000114-a-1#6784,NA,NA,p.Leu342Asp,0.681064370452148,19,0.0588703968094852
urn:mavedb:00000114-a-1#6785,NA,NA,p.Leu342Glu,0.780808645701719,10,0.0966121550989376
urn:mavedb:00000114-a-1#6786,NA,NA,p.Leu342Phe,0.953592296013308,16,0.0872969243485101
urn:mavedb:00000114-a-1#6787,NA,NA,p.Leu342Gly,0.599821589462576,19,0.0675535017992789
urn:mavedb:00000114-a-1#6788,NA,NA,p.Leu342His,0.918174575011542,26,0.05652406914889
urn:mavedb:00000114-a-1#6789,NA,NA,p.Leu342Ile,0.960972314168692,12,0.0716007921370224
urn:mavedb:00000114-a-1#6790,NA,NA,p.Leu342Lys,0.88149423481695,10,0.086111947394062
urn:mavedb:00000114-a-1#6791,NA,NA,p.Leu342Met,0.966996880409707,10,0.0980443009923264
urn:mavedb:00000114-a-1#6792,NA,NA,p.Leu342Asn,0.949510425159386,17,0.0684772593718082
urn:mavedb:00000114-a-1#6793,NA,NA,p.Leu342Pro,0.477906951955728,11,0.0530101042680364
urn:mavedb:00000114-a-1#6794,NA,NA,p.Leu342Gln,0.887577230372092,6,0.139624133081482
urn:mavedb:00000114-a-1#6795,NA,NA,p.Leu342Arg,0.909409387439952,26,0.069119305126415
urn:mavedb:00000114-a-1#6796,NA,NA,p.Leu342Ser,0.841330208089876,13,0.0808614131200438
urn:mavedb:00000114-a-1#6797,NA,NA,p.Leu342Thr,0.941222505702732,17,0.0604320413571533
urn:mavedb:00000114-a-1#6798,NA,NA,p.Leu342Val,0.945072978743285,9,0.0824518062130507
urn:mavedb:00000114-a-1#6799,NA,NA,p.Leu342Trp,0.95631413306515,6,0.0936636009671071
urn:mavedb:00000114-a-1#6800,NA,NA,p.Leu342Tyr,0.934098950829754,17,0.075196308832614
urn:mavedb:00000114-a-1#6801,NA,NA,p.Pro343Ter,0.0211263749117164,18,0.0960036459981283
urn:mavedb:00000114-a-1#6802,NA,NA,p.Pro343Ala,0.939147038161659,13,0.0833946023923981
urn:mavedb:00000114-a-1#6803,NA,NA,p.Pro343Cys,0.935115539111004,12,0.0662610721989045
urn:mavedb:00000114-a-1#6804,NA,NA,p.Pro343Asp,0.617594370310278,14,0.0665825620201836
urn:mavedb:00000114-a-1#6805,NA,NA,p.Pro343Glu,0.696496784378293,10,0.0878959628846941
urn:mavedb:00000114-a-1#6806,NA,NA,p.Pro343Phe,0.79793532935058,14,0.107622868586242
urn:mavedb:00000114-a-1#6807,NA,NA,p.Pro343Gly,0.87016611688965,10,0.0626018493512818
urn:mavedb:00000114-a-1#6808,NA,NA,p.Pro343His,0.77423799439975,10,0.0626827500359373
urn:mavedb:00000114-a-1#6809,NA,NA,p.Pro343Ile,0.906073569342945,16,0.0534414933863114
urn:mavedb:00000114-a-1#6810,NA,NA,p.Pro343Lys,0.84981240889149,17,0.0951974508927338
urn:mavedb:00000114-a-1#6811,NA,NA,p.Pro343Leu,0.935808368173234,10,0.0818644432246727
urn:mavedb:00000114-a-1#6812,NA,NA,p.Pro343Met,0.898981924037318,15,0.108997393328437
urn:mavedb:00000114-a-1#6813,NA,NA,p.Pro343Asn,0.809308987055636,20,0.0618108881276793
urn:mavedb:00000114-a-1#6814,NA,NA,p.Pro343Gln,0.874272923864189,15,0.0872089222285202
urn:mavedb:00000114-a-1#6815,NA,NA,p.Pro343Arg,0.793414520056787,12,0.0651789957154905
urn:mavedb:00000114-a-1#6816,NA,NA,p.Pro343Ser,0.848568112764405,19,0.0720152443172494
urn:mavedb:00000114-a-1#6817,NA,NA,p.Pro343Thr,0.929404718483684,12,0.0757273681569627
urn:mavedb:00000114-a-1#6818,NA,NA,p.Pro343Val,0.95136772437025,15,0.0926648037912991
urn:mavedb:00000114-a-1#6819,NA,NA,p.Pro343Trp,0.581565091761564,26,0.0364021668926658
urn:mavedb:00000114-a-1#6820,NA,NA,p.Pro343Tyr,0.761001383632461,13,0.113999357846062
urn:mavedb:00000114-a-1#6821,NA,NA,p.Glu344Asp,1.11609511813963,2,0.188804301493493
urn:mavedb:00000114-a-1#6822,NA,NA,p.Pro345Leu,0.932532798242284,2,0.259845903412272
urn:mavedb:00000114-a-1#6823,NA,NA,p.Pro345Gln,0.968562628490171,1,0.193606666927952
urn:mavedb:00000114-a-1#6824,NA,NA,p.Pro345Ser,1.02310368018992,1,0.300755231997855
urn:mavedb:00000114-a-1#6825,NA,NA,p.Asp346Ter,0.0041747101046018,19,0.0625813789452579
urn:mavedb:00000114-a-1#6826,NA,NA,p.Asp346Ala,0.993155707624853,5,0.0728903797631162
urn:mavedb:00000114-a-1#6827,NA,NA,p.Asp346Cys,0.912364882149581,14,0.0764067895382748
urn:mavedb:00000114-a-1#6828,NA,NA,p.Asp346Glu,0.975167741134895,12,0.0833534818652794
urn:mavedb:00000114-a-1#6829,NA,NA,p.Asp346Phe,0.990358960570292,13,0.118583153877105
urn:mavedb:00000114-a-1#6830,NA,NA,p.Asp346Gly,0.923563142971186,3,0.167441684596139
urn:mavedb:00000114-a-1#6831,NA,NA,p.Asp346His,0.939990556259302,9,0.133162337020573
urn:mavedb:00000114-a-1#6832,NA,NA,p.Asp346Ile,0.953531552057724,9,0.0909478876250798
urn:mavedb:00000114-a-1#6833,NA,NA,p.Asp346Lys,0.935944110284848,8,0.106041298108351
urn:mavedb:00000114-a-1#6834,NA,NA,p.Asp346Leu,0.919315614811361,10,0.104462758627237
urn:mavedb:00000114-a-1#6835,NA,NA,p.Asp346Met,0.915933225082652,15,0.0964039734510655
urn:mavedb:00000114-a-1#6836,NA,NA,p.Asp346Asn,0.980730205073545,13,0.0750166836814908
urn:mavedb:00000114-a-1#6837,NA,NA,p.Asp346Pro,0.848536691999584,8,0.0723814721265856
urn:mavedb:00000114-a-1#6838,NA,NA,p.Asp346Gln,0.926213332012114,6,0.115430245578217
urn:mavedb:00000114-a-1#6839,NA,NA,p.Asp346Arg,1.01077107240121,12,0.0960202528626043
urn:mavedb:00000114-a-1#6840,NA,NA,p.Asp346Ser,0.976005257819557,12,0.10231603446761
urn:mavedb:00000114-a-1#6841,NA,NA,p.Asp346Thr,0.968442591191247,7,0.122956620761025
urn:mavedb:00000114-a-1#6842,NA,NA,p.Asp346Val,0.913904857569256,12,0.0798480404654549
urn:mavedb:00000114-a-1#6843,NA,NA,p.Asp346Trp,0.834429577320936,9,0.09179693231825
urn:mavedb:00000114-a-1#6844,NA,NA,p.Asp346Tyr,0.905321713386826,12,0.0732052352887165
urn:mavedb:00000114-a-1#6845,NA,NA,p.Gln347Ter,0.104632414580442,16,0.208598728852778
urn:mavedb:00000114-a-1#6846,NA,NA,p.Gln347Ala,0.982840513531116,11,0.0760285980811474
urn:mavedb:00000114-a-1#6847,NA,NA,p.Gln347Cys,0.8740650042851,4,0.151582421937544
urn:mavedb:00000114-a-1#6848,NA,NA,p.Gln347Asp,0.995016476123768,7,0.0701012422579946
urn:mavedb:00000114-a-1#6849,NA,NA,p.Gln347Glu,0.993976520995771,9,0.126329632586608
urn:mavedb:00000114-a-1#6850,NA,NA,p.Gln347Phe,0.856273132782263,11,0.129375781253691
urn:mavedb:00000114-a-1#6851,NA,NA,p.Gln347Gly,0.923500400463415,6,0.127707870737085
urn:mavedb:00000114-a-1#6852,NA,NA,p.Gln347His,0.755487967774266,10,0.0646128647229865
urn:mavedb:00000114-a-1#6853,NA,NA,p.Gln347Ile,0.942418644404654,9,0.0857468694440145
urn:mavedb:00000114-a-1#6854,NA,NA,p.Gln347Lys,1.01630220002805,14,0.0672635245325605
urn:mavedb:00000114-a-1#6855,NA,NA,p.Gln347Leu,0.968381289083848,12,0.0926467593437743
urn:mavedb:00000114-a-1#6856,NA,NA,p.Gln347Met,1.00496359500509,11,0.062256670624646
urn:mavedb:00000114-a-1#6857,NA,NA,p.Gln347Asn,0.978076832839724,6,0.09869702261005
urn:mavedb:00000114-a-1#6858,NA,NA,p.Gln347Pro,0.67718230889965,8,0.100450148848691
urn:mavedb:00000114-a-1#6859,NA,NA,p.Gln347Arg,0.948990453673852,9,0.0609702296842148
urn:mavedb:00000114-a-1#6860,NA,NA,p.Gln347Ser,0.956696961734585,4,0.133121323642782
urn:mavedb:00000114-a-1#6861,NA,NA,p.Gln347Thr,0.919338013136987,5,0.122369825511236
urn:mavedb:00000114-a-1#6862,NA,NA,p.Gln347Val,1.02687622684607,12,0.0668904886103711
urn:mavedb:00000114-a-1#6863,NA,NA,p.Gln347Trp,0.803172422766153,6,0.0802789351591244
urn:mavedb:00000114-a-1#6864,NA,NA,p.Gln347Tyr,0.837707779200756,13,0.0444604257375986
urn:mavedb:00000114-a-1#6865,NA,NA,p.Arg348Ter,-0.0071056801461927,16,0.0446091315269239
urn:mavedb:00000114-a-1#6866,NA,NA,p.Arg348Ala,0.89663466946295,11,0.108725839917068
urn:mavedb:00000114-a-1#6867,NA,NA,p.Arg348Cys,0.777216670124109,18,0.0579121237217471
urn:mavedb:00000114-a-1#6868,NA,NA,p.Arg348Asp,0.723560344436188,13,0.0830639065336345
urn:mavedb:00000114-a-1#6869,NA,NA,p.Arg348Glu,0.702003567216439,15,0.0573805840651949
urn:mavedb:00000114-a-1#6870,NA,NA,p.Arg348Phe,0.682528218982934,18,0.0603560705018652
urn:mavedb:00000114-a-1#6871,NA,NA,p.Arg348Gly,0.641758153896689,10,0.0838507200388725
urn:mavedb:00000114-a-1#6872,NA,NA,p.Arg348His,0.831431816811119,11,0.114193985461768
urn:mavedb:00000114-a-1#6873,NA,NA,p.Arg348Ile,0.821735186951131,22,0.0473342530782743
urn:mavedb:00000114-a-1#6874,NA,NA,p.Arg348Lys,0.995032537630172,25,0.0690626718414116
urn:mavedb:00000114-a-1#6875,NA,NA,p.Arg348Leu,0.896074668476995,21,0.0595836008340621
urn:mavedb:00000114-a-1#6876,NA,NA,p.Arg348Met,0.917951261298928,23,0.0808063956851273
urn:mavedb:00000114-a-1#6877,NA,NA,p.Arg348Asn,0.805221622916657,24,0.0495814163237278
urn:mavedb:00000114-a-1#6878,NA,NA,p.Arg348Pro,0.714052209569502,20,0.0595865579674648
urn:mavedb:00000114-a-1#6879,NA,NA,p.Arg348Gln,0.906372793378948,15,0.0612168325059652
urn:mavedb:00000114-a-1#6880,NA,NA,p.Arg348Ser,0.784009891841087,19,0.0767937353837275
urn:mavedb:00000114-a-1#6881,NA,NA,p.Arg348Thr,0.814515443120256,16,0.0589847106645853
urn:mavedb:00000114-a-1#6882,NA,NA,p.Arg348Val,0.86230643269332,17,0.0715929356226942
urn:mavedb:00000114-a-1#6883,NA,NA,p.Arg348Trp,0.650419594552148,23,0.0825097869421303
urn:mavedb:00000114-a-1#6884,NA,NA,p.Arg348Tyr,0.726426175948393,23,0.0681707221560928
urn:mavedb:00000114-a-1#6885,NA,NA,p.Lys349Ter,-0.02486138495893,12,0.0242526867384491
urn:mavedb:00000114-a-1#6886,NA,NA,p.Lys349Ala,0.839930626241103,12,0.0912769003446195
urn:mavedb:00000114-a-1#6887,NA,NA,p.Lys349Cys,0.646684639194367,17,0.0610944897159577
urn:mavedb:00000114-a-1#6888,NA,NA,p.Lys349Asp,0.658361477502879,10,0.0866686057623116
urn:mavedb:00000114-a-1#6889,NA,NA,p.Lys349Glu,0.911575347912792,20,0.0420148246036688
urn:mavedb:00000114-a-1#6890,NA,NA,p.Lys349Phe,0.860699709596505,10,0.110992895109456
urn:mavedb:00000114-a-1#6891,NA,NA,p.Lys349Gly,0.752898427557275,18,0.0937210550922046
urn:mavedb:00000114-a-1#6892,NA,NA,p.Lys349His,0.838926186382996,17,0.0688643813311497
urn:mavedb:00000114-a-1#6893,NA,NA,p.Lys349Ile,0.971257666272876,10,0.0626370792389651
urn:mavedb:00000114-a-1#6894,NA,NA,p.Lys349Leu,0.927147726527595,20,0.098439282109705
urn:mavedb:00000114-a-1#6895,NA,NA,p.Lys349Met,0.994466967840951,15,0.0524760720057152
urn:mavedb:00000114-a-1#6896,NA,NA,p.Lys349Asn,0.889882998104181,17,0.0711328124882455
urn:mavedb:00000114-a-1#6897,NA,NA,p.Lys349Pro,0.500089749764774,12,0.124156761928262
urn:mavedb:00000114-a-1#6898,NA,NA,p.Lys349Gln,0.792535032564561,9,0.094079769371918
urn:mavedb:00000114-a-1#6899,NA,NA,p.Lys349Arg,1.017770781341,18,0.0762592652296555
urn:mavedb:00000114-a-1#6900,NA,NA,p.Lys349Ser,0.925173442794879,9,0.0583693189023394
urn:mavedb:00000114-a-1#6901,NA,NA,p.Lys349Thr,0.821660923399572,9,0.0585869224312609
urn:mavedb:00000114-a-1#6902,NA,NA,p.Lys349Val,0.823344471836963,19,0.104152454436414
urn:mavedb:00000114-a-1#6903,NA,NA,p.Lys349Trp,0.358703877644483,16,0.0892596770539597
urn:mavedb:00000114-a-1#6904,NA,NA,p.Lys349Tyr,0.133562150239391,17,0.10325310793118
urn:mavedb:00000114-a-1#6905,NA,NA,p.Val350Ter,0.0016942639978401,16,0.0384535971752346
urn:mavedb:00000114-a-1#6906,NA,NA,p.Val350Ala,0.782382109577545,25,0.0660350559977648
urn:mavedb:00000114-a-1#6907,NA,NA,p.Val350Cys,0.844278207542749,23,0.0608028649054109
urn:mavedb:00000114-a-1#6908,NA,NA,p.Val350Asp,0.174843170516841,17,0.10398948161231
urn:mavedb:00000114-a-1#6909,NA,NA,p.Val350Glu,0.18365026066619,26,0.0799135093209732
urn:mavedb:00000114-a-1#6910,NA,NA,p.Val350Phe,0.423973975085569,17,0.0721953229784558
urn:mavedb:00000114-a-1#6911,NA,NA,p.Val350Gly,0.254014782919096,18,0.0927997646922552
urn:mavedb:00000114-a-1#6912,NA,NA,p.Val350His,0.238823740647986,20,0.0846589277733703
urn:mavedb:00000114-a-1#6913,NA,NA,p.Val350Ile,1.06064933523878,19,0.0501187404075928
urn:mavedb:00000114-a-1#6914,NA,NA,p.Val350Lys,0.228916281912358,16,0.100830845531479
urn:mavedb:00000114-a-1#6915,NA,NA,p.Val350Leu,0.968322593696176,10,0.0362429724882338
urn:mavedb:00000114-a-1#6916,NA,NA,p.Val350Met,0.907784483230903,17,0.0714911715553371
urn:mavedb:00000114-a-1#6917,NA,NA,p.Val350Asn,0.263624864066259,26,0.0804536989436595
urn:mavedb:00000114-a-1#6918,NA,NA,p.Val350Pro,0.164286467466979,19,0.0635981512954832
urn:mavedb:00000114-a-1#6919,NA,NA,p.Val350Gln,0.529053679960994,18,0.0629411262168584
urn:mavedb:00000114-a-1#6920,NA,NA,p.Val350Arg,0.289639238924167,22,0.0751525576437808
urn:mavedb:00000114-a-1#6921,NA,NA,p.Val350Ser,0.341887218945829,24,0.0529536546911088
urn:mavedb:00000114-a-1#6922,NA,NA,p.Val350Thr,0.671316477927569,16,0.0531603766452972
urn:mavedb:00000114-a-1#6923,NA,NA,p.Val350Trp,0.470671523223795,27,0.042224641880071
urn:mavedb:00000114-a-1#6924,NA,NA,p.Val350Tyr,0.483247031331715,19,0.0586312502348131
urn:mavedb:00000114-a-1#6925,NA,NA,p.Thr351Ter,0.006417938450329,21,0.0667378629650128
urn:mavedb:00000114-a-1#6926,NA,NA,p.Thr351Ala,0.870122807925715,21,0.0773072523906063
urn:mavedb:00000114-a-1#6927,NA,NA,p.Thr351Cys,0.983287173169718,12,0.0514362348043969
urn:mavedb:00000114-a-1#6928,NA,NA,p.Thr351Asp,0.892657871857119,30,0.0389936423457624
urn:mavedb:00000114-a-1#6929,NA,NA,p.Thr351Glu,0.882102806639958,22,0.0456024954104313
urn:mavedb:00000114-a-1#6930,NA,NA,p.Thr351Phe,0.948394235792589,19,0.071804291306191
urn:mavedb:00000114-a-1#6931,NA,NA,p.Thr351Gly,0.483861891897323,22,0.0545851579887386
urn:mavedb:00000114-a-1#6932,NA,NA,p.Thr351His,0.884292926959716,16,0.0586239503383568
urn:mavedb:00000114-a-1#6933,NA,NA,p.Thr351Ile,1.04300410090652,27,0.046739488291889
urn:mavedb:00000114-a-1#6934,NA,NA,p.Thr351Lys,0.85533478999276,22,0.0677389908778349
urn:mavedb:00000114-a-1#6935,NA,NA,p.Thr351Leu,0.885317039842614,24,0.0533572565909243
urn:mavedb:00000114-a-1#6936,NA,NA,p.Thr351Met,0.828560411044087,23,0.070656949755918
urn:mavedb:00000114-a-1#6937,NA,NA,p.Thr351Asn,0.900508970328575,17,0.0656333728312732
urn:mavedb:00000114-a-1#6938,NA,NA,p.Thr351Pro,0.653407880544571,12,0.08649941691394
urn:mavedb:00000114-a-1#6939,NA,NA,p.Thr351Gln,0.857598739351227,19,0.060282734063273
urn:mavedb:00000114-a-1#6940,NA,NA,p.Thr351Arg,1.21701492588227,24,0.0517742917445603
urn:mavedb:00000114-a-1#6941,NA,NA,p.Thr351Ser,0.974940382599971,17,0.0399029144160779
urn:mavedb:00000114-a-1#6942,NA,NA,p.Thr351Val,0.873476502376534,23,0.0494161156976679
urn:mavedb:00000114-a-1#6943,NA,NA,p.Thr351Trp,0.703461738266408,24,0.1020230750054
urn:mavedb:00000114-a-1#6944,NA,NA,p.Thr351Tyr,0.909075230725278,20,0.0553913983139638
urn:mavedb:00000114-a-1#6945,NA,NA,p.Cys352Ter,0.0870058144717286,23,0.192467066953601
urn:mavedb:00000114-a-1#6946,NA,NA,p.Cys352Ala,0.155420575739133,22,0.0757013960604056
urn:mavedb:00000114-a-1#6947,NA,NA,p.Cys352Asp,0.188257206969753,26,0.0752367333762702
urn:mavedb:00000114-a-1#6948,NA,NA,p.Cys352Glu,0.126567906997714,30,0.071376344532572
urn:mavedb:00000114-a-1#6949,NA,NA,p.Cys352Phe,0.0928420998944023,23,0.0551979425249312
urn:mavedb:00000114-a-1#6950,NA,NA,p.Cys352Gly,0.150528859504122,19,0.0895301859071803
urn:mavedb:00000114-a-1#6951,NA,NA,p.Cys352His,0.490636180617629,23,0.0530459957402293
urn:mavedb:00000114-a-1#6952,NA,NA,p.Cys352Ile,0.103111741899429,25,0.0628221706521498
urn:mavedb:00000114-a-1#6953,NA,NA,p.Cys352Lys,0.0922365100099422,31,0.0544732188188648
urn:mavedb:00000114-a-1#6954,NA,NA,p.Cys352Leu,0.0478474610147038,28,0.0416731547616848
urn:mavedb:00000114-a-1#6955,NA,NA,p.Cys352Met,0.052845020776491,25,0.0502471539131625
urn:mavedb:00000114-a-1#6956,NA,NA,p.Cys352Asn,0.143276083999164,32,0.0825902795147398
urn:mavedb:00000114-a-1#6957,NA,NA,p.Cys352Pro,0.155803251259641,21,0.0726943094014057
urn:mavedb:00000114-a-1#6958,NA,NA,p.Cys352Gln,0.108812355700763,29,0.0539293920874618
urn:mavedb:00000114-a-1#6959,NA,NA,p.Cys352Arg,0.115905136368607,29,0.0779145293690639
urn:mavedb:00000114-a-1#6960,NA,NA,p.Cys352Ser,0.143903937436934,28,0.0698858481423352
urn:mavedb:00000114-a-1#6961,NA,NA,p.Cys352Thr,0.157593318586738,34,0.0741256175370877
urn:mavedb:00000114-a-1#6962,NA,NA,p.Cys352Val,0.0972175987825112,18,0.063194755631913
urn:mavedb:00000114-a-1#6963,NA,NA,p.Cys352Trp,0.011665228221581,22,0.0351884045158805
urn:mavedb:00000114-a-1#6964,NA,NA,p.Cys352Tyr,0.0787535930033569,30,0.0547916951984345
urn:mavedb:00000114-a-1#6965,NA,NA,p.Glu353Ter,-0.0113115814702831,25,0.034607182151073
urn:mavedb:00000114-a-1#6966,NA,NA,p.Glu353Ala,0.901285089003643,25,0.0474159459177578
urn:mavedb:00000114-a-1#6967,NA,NA,p.Glu353Cys,0.808131713113324,37,0.047079294678021
urn:mavedb:00000114-a-1#6968,NA,NA,p.Glu353Asp,0.972328739544524,20,0.0690625455907308
urn:mavedb:00000114-a-1#6969,NA,NA,p.Glu353Phe,0.810799940928441,22,0.0788488733997723
urn:mavedb:00000114-a-1#6970,NA,NA,p.Glu353Gly,0.936389157820825,24,0.0821583452932755
urn:mavedb:00000114-a-1#6971,NA,NA,p.Glu353His,0.890206382890702,25,0.0601745078331902
urn:mavedb:00000114-a-1#6972,NA,NA,p.Glu353Ile,0.902892162936535,21,0.0655094905797645
urn:mavedb:00000114-a-1#6973,NA,NA,p.Glu353Lys,0.930102875339829,17,0.0681493004653263
urn:mavedb:00000114-a-1#6974,NA,NA,p.Glu353Leu,0.819107121431674,23,0.0991537933103272
urn:mavedb:00000114-a-1#6975,NA,NA,p.Glu353Met,0.894438860338971,19,0.0660222011616739
urn:mavedb:00000114-a-1#6976,NA,NA,p.Glu353Asn,0.922040620747766,34,0.0722232182409684
urn:mavedb:00000114-a-1#6977,NA,NA,p.Glu353Pro,0.74172921503831,25,0.05207070180509
urn:mavedb:00000114-a-1#6978,NA,NA,p.Glu353Gln,0.860852716892383,17,0.0774779107655503
urn:mavedb:00000114-a-1#6979,NA,NA,p.Glu353Arg,0.872227098189772,23,0.0601175218149327
urn:mavedb:00000114-a-1#6980,NA,NA,p.Glu353Ser,0.90426344652501,28,0.0681836913340471
urn:mavedb:00000114-a-1#6981,NA,NA,p.Glu353Thr,0.896276274245475,22,0.0554355582998033
urn:mavedb:00000114-a-1#6982,NA,NA,p.Glu353Val,0.930185290301489,13,0.0620896938631746
urn:mavedb:00000114-a-1#6983,NA,NA,p.Glu353Trp,0.765537110528368,27,0.0595480674411651
urn:mavedb:00000114-a-1#6984,NA,NA,p.Glu353Tyr,0.868164100269225,15,0.11608609828596
urn:mavedb:00000114-a-1#6985,NA,NA,p.Gly354Ter,0.0150835291478672,26,0.0664175563515339
urn:mavedb:00000114-a-1#6986,NA,NA,p.Gly354Ala,0.916748644529419,12,0.0583429587105762
urn:mavedb:00000114-a-1#6987,NA,NA,p.Gly354Cys,0.838319703591307,42,0.0542895633956409
urn:mavedb:00000114-a-1#6988,NA,NA,p.Gly354Asp,1.07931113902033,30,0.0478316975537948
urn:mavedb:00000114-a-1#6989,NA,NA,p.Gly354Glu,0.920150181556952,28,0.0557083904393638
urn:mavedb:00000114-a-1#6990,NA,NA,p.Gly354Phe,0.945799175205422,30,0.0670502101146027
urn:mavedb:00000114-a-1#6991,NA,NA,p.Gly354His,0.923995768747189,34,0.0493828064618457
urn:mavedb:00000114-a-1#6992,NA,NA,p.Gly354Ile,0.951618725883655,32,0.0646713966307289
urn:mavedb:00000114-a-1#6993,NA,NA,p.Gly354Lys,0.90496342895744,34,0.0540996085593641
urn:mavedb:00000114-a-1#6994,NA,NA,p.Gly354Leu,0.952217604121084,26,0.0757081202531642
urn:mavedb:00000114-a-1#6995,NA,NA,p.Gly354Met,0.964742487418116,34,0.0587717349729528
urn:mavedb:00000114-a-1#6996,NA,NA,p.Gly354Asn,1.00065938109438,34,0.0558365243579328
urn:mavedb:00000114-a-1#6997,NA,NA,p.Gly354Pro,0.987678850081012,29,0.0582561261406313
urn:mavedb:00000114-a-1#6998,NA,NA,p.Gly354Gln,0.902822402504467,21,0.030417797974822
urn:mavedb:00000114-a-1#6999,NA,NA,p.Gly354Arg,0.925115627663704,31,0.0362540252029032
urn:mavedb:00000114-a-1#7000,NA,NA,p.Gly354Ser,0.945039759238968,38,0.0531128747710225
urn:mavedb:00000114-a-1#7001,NA,NA,p.Gly354Thr,0.999432518605756,33,0.0466092742034387
urn:mavedb:00000114-a-1#7002,NA,NA,p.Gly354Val,0.831815850211546,36,0.0600741378994325
urn:mavedb:00000114-a-1#7003,NA,NA,p.Gly354Trp,0.840012817059095,32,0.0700889183659564
urn:mavedb:00000114-a-1#7004,NA,NA,p.Gly354Tyr,0.978327647934579,37,0.0458710800673947
urn:mavedb:00000114-a-1#7005,NA,NA,p.Gly355Ter,0.0698724302510214,16,0.17360034635036
urn:mavedb:00000114-a-1#7006,NA,NA,p.Gly355Ala,1.03592131482898,16,0.0710408177231053
urn:mavedb:00000114-a-1#7007,NA,NA,p.Gly355Cys,0.936221504851877,20,0.0589707683310338
urn:mavedb:00000114-a-1#7008,NA,NA,p.Gly355Asp,1.0483649686543,22,0.0492585713086263
urn:mavedb:00000114-a-1#7009,NA,NA,p.Gly355Glu,1.05858790297656,20,0.054197509064841
urn:mavedb:00000114-a-1#7010,NA,NA,p.Gly355Phe,0.953231116870446,21,0.0897654176717042
urn:mavedb:00000114-a-1#7011,NA,NA,p.Gly355His,0.996250072751818,14,0.0587036815127674
urn:mavedb:00000114-a-1#7012,NA,NA,p.Gly355Ile,0.970837800066476,16,0.0906670661513086
urn:mavedb:00000114-a-1#7013,NA,NA,p.Gly355Lys,0.919054042216518,21,0.0783965629226467
urn:mavedb:00000114-a-1#7014,NA,NA,p.Gly355Leu,0.942316884460987,21,0.0756307766443522
urn:mavedb:00000114-a-1#7015,NA,NA,p.Gly355Met,1.00335602610198,23,0.0447598665218763
urn:mavedb:00000114-a-1#7016,NA,NA,p.Gly355Asn,1.03493486592446,16,0.0487567482906429
urn:mavedb:00000114-a-1#7017,NA,NA,p.Gly355Pro,1.04117722565795,14,0.0735721628908996
urn:mavedb:00000114-a-1#7018,NA,NA,p.Gly355Gln,0.996015002509256,24,0.0697328183240333
urn:mavedb:00000114-a-1#7019,NA,NA,p.Gly355Arg,0.978375154846813,21,0.0788541435594094
urn:mavedb:00000114-a-1#7020,NA,NA,p.Gly355Ser,1.03253030054887,14,0.0602640273028774
urn:mavedb:00000114-a-1#7021,NA,NA,p.Gly355Thr,0.98868235642099,15,0.060145972592249
urn:mavedb:00000114-a-1#7022,NA,NA,p.Gly355Val,0.974419613260652,20,0.0691668158012533
urn:mavedb:00000114-a-1#7023,NA,NA,p.Gly355Trp,0.921056111259161,14,0.0978490682443347
urn:mavedb:00000114-a-1#7024,NA,NA,p.Gly355Tyr,0.93195564877628,16,0.0688882873582685
urn:mavedb:00000114-a-1#7025,NA,NA,p.Asn356Ter,0.0479762198665259,29,0.1571535002356
urn:mavedb:00000114-a-1#7026,NA,NA,p.Asn356Ala,1.00154989037598,17,0.0632700705103414
urn:mavedb:00000114-a-1#7027,NA,NA,p.Asn356Cys,0.899119955958084,14,0.0821286233663008
urn:mavedb:00000114-a-1#7028,NA,NA,p.Asn356Asp,1.02236825991764,24,0.0636933055441104
urn:mavedb:00000114-a-1#7029,NA,NA,p.Asn356Glu,0.939289495166142,32,0.0434719604316999
urn:mavedb:00000114-a-1#7030,NA,NA,p.Asn356Phe,1.00561761426872,25,0.0739244136385306
urn:mavedb:00000114-a-1#7031,NA,NA,p.Asn356Gly,0.888660284486509,22,0.0785099845061664
urn:mavedb:00000114-a-1#7032,NA,NA,p.Asn356His,0.920880226535944,27,0.0661164653912507
urn:mavedb:00000114-a-1#7033,NA,NA,p.Asn356Ile,1.00016767698327,18,0.0520424435244979
urn:mavedb:00000114-a-1#7034,NA,NA,p.Asn356Lys,0.894599001500735,38,0.0391026589952088
urn:mavedb:00000114-a-1#7035,NA,NA,p.Asn356Leu,0.857213751195646,33,0.0462299374219843
urn:mavedb:00000114-a-1#7036,NA,NA,p.Asn356Met,0.855631497564051,27,0.0918066354112924
urn:mavedb:00000114-a-1#7037,NA,NA,p.Asn356Pro,0.919624961665546,17,0.070807862932125
urn:mavedb:00000114-a-1#7038,NA,NA,p.Asn356Gln,0.878614752937222,21,0.0371019038861568
urn:mavedb:00000114-a-1#7039,NA,NA,p.Asn356Arg,0.969573778830736,24,0.0647156956157023
urn:mavedb:00000114-a-1#7040,NA,NA,p.Asn356Ser,0.989015734745597,24,0.0640330128197239
urn:mavedb:00000114-a-1#7041,NA,NA,p.Asn356Thr,1.0710835644402,15,0.0779254633252266
urn:mavedb:00000114-a-1#7042,NA,NA,p.Asn356Val,0.759532996270465,33,0.0797839031926728
urn:mavedb:00000114-a-1#7043,NA,NA,p.Asn356Trp,0.722996077417949,31,0.0547805849194929
urn:mavedb:00000114-a-1#7044,NA,NA,p.Asn356Tyr,0.932111775384301,19,0.0586301547369734
urn:mavedb:00000114-a-1#7045,NA,NA,p.Gly357Ter,-0.0195016735861087,20,0.0229360928905041
urn:mavedb:00000114-a-1#7046,NA,NA,p.Gly357Ala,0.997672421328159,21,0.077296058746938
urn:mavedb:00000114-a-1#7047,NA,NA,p.Gly357Cys,0.905829367780439,10,0.101225620053367
urn:mavedb:00000114-a-1#7048,NA,NA,p.Gly357Asp,0.984933316850465,15,0.0817925400267372
urn:mavedb:00000114-a-1#7049,NA,NA,p.Gly357Glu,1.02456049078367,18,0.0622652796028128
urn:mavedb:00000114-a-1#7050,NA,NA,p.Gly357Phe,1.06339358432514,16,0.0833517177356595
urn:mavedb:00000114-a-1#7051,NA,NA,p.Gly357His,1.01515913437803,22,0.0440458940616385
urn:mavedb:00000114-a-1#7052,NA,NA,p.Gly357Ile,1.00859030762057,21,0.0829278756951799
urn:mavedb:00000114-a-1#7053,NA,NA,p.Gly357Lys,1.04270403066554,27,0.0445842526531676
urn:mavedb:00000114-a-1#7054,NA,NA,p.Gly357Leu,1.00363912140501,21,0.0445213367155062
urn:mavedb:00000114-a-1#7055,NA,NA,p.Gly357Met,1.05405448965055,23,0.0737590041507592
urn:mavedb:00000114-a-1#7056,NA,NA,p.Gly357Asn,1.02843195417553,18,0.10827216260255
urn:mavedb:00000114-a-1#7057,NA,NA,p.Gly357Pro,0.896507558243296,26,0.0505686599290228
urn:mavedb:00000114-a-1#7058,NA,NA,p.Gly357Gln,1.06618415350567,23,0.0421005030429491
urn:mavedb:00000114-a-1#7059,NA,NA,p.Gly357Arg,1.00082446626933,19,0.0659378335414296
urn:mavedb:00000114-a-1#7060,NA,NA,p.Gly357Ser,0.956154682935125,23,0.0694356861032127
urn:mavedb:00000114-a-1#7061,NA,NA,p.Gly357Thr,1.07597406554562,12,0.119195429207236
urn:mavedb:00000114-a-1#7062,NA,NA,p.Gly357Val,1.04865619264223,23,0.0568137611317503
urn:mavedb:00000114-a-1#7063,NA,NA,p.Gly357Trp,0.993885074484828,24,0.0789492881052853
urn:mavedb:00000114-a-1#7064,NA,NA,p.Gly357Tyr,0.98796403942042,24,0.0744991433788961
urn:mavedb:00000114-a-1#7065,NA,NA,p.Leu358Ter,0.1029653008936,34,0.18908531594745
urn:mavedb:00000114-a-1#7066,NA,NA,p.Leu358Ala,1.09006254964457,23,0.0607202447531622
urn:mavedb:00000114-a-1#7067,NA,NA,p.Leu358Cys,1.03616206317322,21,0.069660211431725
urn:mavedb:00000114-a-1#7068,NA,NA,p.Leu358Asp,1.10170893214371,27,0.0500206429567024
urn:mavedb:00000114-a-1#7069,NA,NA,p.Leu358Glu,1.13323214414037,20,0.0759369697944071
urn:mavedb:00000114-a-1#7070,NA,NA,p.Leu358Phe,1.02451765200841,16,0.070242443084703
urn:mavedb:00000114-a-1#7071,NA,NA,p.Leu358Gly,1.07336141636727,27,0.061980158826968
urn:mavedb:00000114-a-1#7072,NA,NA,p.Leu358His,1.0755709868086,26,0.064716544165268
urn:mavedb:00000114-a-1#7073,NA,NA,p.Leu358Ile,1.10814460641055,22,0.0707900108528253
urn:mavedb:00000114-a-1#7074,NA,NA,p.Leu358Lys,1.06483571404312,22,0.0630684584111318
urn:mavedb:00000114-a-1#7075,NA,NA,p.Leu358Met,1.08708750671924,30,0.0468088713114775
urn:mavedb:00000114-a-1#7076,NA,NA,p.Leu358Asn,1.11636414036221,32,0.0436602516886304
urn:mavedb:00000114-a-1#7077,NA,NA,p.Leu358Pro,1.05787297193498,22,0.0601391732520562
urn:mavedb:00000114-a-1#7078,NA,NA,p.Leu358Gln,1.05146779594045,23,0.0493203554593667
urn:mavedb:00000114-a-1#7079,NA,NA,p.Leu358Arg,1.05056731786304,7,0.111631791670394
urn:mavedb:00000114-a-1#7080,NA,NA,p.Leu358Ser,1.06645120028999,25,0.0530904938380222
urn:mavedb:00000114-a-1#7081,NA,NA,p.Leu358Thr,1.05269068972126,16,0.0837391465772767
urn:mavedb:00000114-a-1#7082,NA,NA,p.Leu358Val,1.10478678587393,22,0.0452006051621833
urn:mavedb:00000114-a-1#7083,NA,NA,p.Leu358Trp,0.890716552068992,19,0.0598301203731414
urn:mavedb:00000114-a-1#7084,NA,NA,p.Leu358Tyr,1.05661086040837,24,0.0566199909701049
urn:mavedb:00000114-a-1#7085,NA,NA,p.Gly359Ter,-0.0121951997689669,19,0.0278122646714217
urn:mavedb:00000114-a-1#7086,NA,NA,p.Gly359Ala,0.951540437523015,22,0.0685730097324794
urn:mavedb:00000114-a-1#7087,NA,NA,p.Gly359Cys,0.96421847790754,20,0.0571049715376859
urn:mavedb:00000114-a-1#7088,NA,NA,p.Gly359Asp,0.89365676669745,18,0.0783258105092498
urn:mavedb:00000114-a-1#7089,NA,NA,p.Gly359Glu,0.923018758650773,29,0.0652860085402502
urn:mavedb:00000114-a-1#7090,NA,NA,p.Gly359Phe,1.04222674786326,21,0.0829961573548337
urn:mavedb:00000114-a-1#7091,NA,NA,p.Gly359His,1.04129398403531,22,0.0389509212806084
urn:mavedb:00000114-a-1#7092,NA,NA,p.Gly359Ile,0.866329425152501,34,0.0527142966140349
urn:mavedb:00000114-a-1#7093,NA,NA,p.Gly359Lys,0.986830985341743,24,0.0657467750768672
urn:mavedb:00000114-a-1#7094,NA,NA,p.Gly359Leu,0.784684496584134,36,0.0498192630490859
urn:mavedb:00000114-a-1#7095,NA,NA,p.Gly359Met,0.916688190828649,22,0.0516094758260948
urn:mavedb:00000114-a-1#7096,NA,NA,p.Gly359Asn,0.959436844118815,20,0.0731659650145535
urn:mavedb:00000114-a-1#7097,NA,NA,p.Gly359Pro,0.840800787409907,25,0.0696388088617682
urn:mavedb:00000114-a-1#7098,NA,NA,p.Gly359Gln,0.922824693445472,22,0.0744974904209471
urn:mavedb:00000114-a-1#7099,NA,NA,p.Gly359Arg,1.02385926867083,22,0.0507028412068232
urn:mavedb:00000114-a-1#7100,NA,NA,p.Gly359Ser,0.954649561421331,25,0.051749327984426
urn:mavedb:00000114-a-1#7101,NA,NA,p.Gly359Thr,1.00718940771822,26,0.0529712061415735
urn:mavedb:00000114-a-1#7102,NA,NA,p.Gly359Val,0.884868428347001,32,0.0472955929120083
urn:mavedb:00000114-a-1#7103,NA,NA,p.Gly359Trp,0.786696473989007,18,0.0805479738134236
urn:mavedb:00000114-a-1#7104,NA,NA,p.Gly359Tyr,1.01479002300188,23,0.0530384327258212
urn:mavedb:00000114-a-1#7105,NA,NA,p.Cys360Ter,0.0447240292947713,26,0.11805590047045
urn:mavedb:00000114-a-1#7106,NA,NA,p.Cys360Ala,0.166931346088318,18,0.0817384748284269
urn:mavedb:00000114-a-1#7107,NA,NA,p.Cys360Asp,0.226358024291948,28,0.0887610558113336
urn:mavedb:00000114-a-1#7108,NA,NA,p.Cys360Glu,0.205792854663377,18,0.09009716134056
urn:mavedb:00000114-a-1#7109,NA,NA,p.Cys360Phe,0.11884447112719,25,0.0749421686121503
urn:mavedb:00000114-a-1#7110,NA,NA,p.Cys360Gly,0.184038241804502,19,0.0723919579958738
urn:mavedb:00000114-a-1#7111,NA,NA,p.Cys360His,0.188995325207185,24,0.0849604974386107
urn:mavedb:00000114-a-1#7112,NA,NA,p.Cys360Ile,0.153285408296367,19,0.0665719998374316
urn:mavedb:00000114-a-1#7113,NA,NA,p.Cys360Lys,0.205681065395882,25,0.0738375298032041
urn:mavedb:00000114-a-1#7114,NA,NA,p.Cys360Leu,0.123556133279992,24,0.0708507403200526
urn:mavedb:00000114-a-1#7115,NA,NA,p.Cys360Met,0.144866564670749,35,0.0867235822023656
urn:mavedb:00000114-a-1#7116,NA,NA,p.Cys360Asn,0.157494787078532,35,0.0709471737985318
urn:mavedb:00000114-a-1#7117,NA,NA,p.Cys360Pro,0.166648706915728,24,0.0676473540743193
urn:mavedb:00000114-a-1#7118,NA,NA,p.Cys360Gln,0.175407299054907,32,0.0808637069565339
urn:mavedb:00000114-a-1#7119,NA,NA,p.Cys360Arg,0.211264791915718,27,0.0735694173631916
urn:mavedb:00000114-a-1#7120,NA,NA,p.Cys360Ser,0.17988714071686,19,0.0796868294993342
urn:mavedb:00000114-a-1#7121,NA,NA,p.Cys360Thr,0.195930050837888,21,0.086194536227857
urn:mavedb:00000114-a-1#7122,NA,NA,p.Cys360Val,0.140426449909137,34,0.0745999427017712
urn:mavedb:00000114-a-1#7123,NA,NA,p.Cys360Trp,0.0485485784363709,34,0.0387913107037308
urn:mavedb:00000114-a-1#7124,NA,NA,p.Cys360Tyr,0.102992154566895,32,0.0636901089084589
urn:mavedb:00000114-a-1#7125,NA,NA,p.Gly361Ter,-0.0123560698491138,21,0.0433511826655503
urn:mavedb:00000114-a-1#7126,NA,NA,p.Gly361Ala,0.840285734958022,17,0.10916465033211
urn:mavedb:00000114-a-1#7127,NA,NA,p.Gly361Cys,0.742112795448114,20,0.0560214004453846
urn:mavedb:00000114-a-1#7128,NA,NA,p.Gly361Asp,0.748049182529071,13,0.0667159173175652
urn:mavedb:00000114-a-1#7129,NA,NA,p.Gly361Glu,0.652615192772173,17,0.0772500088340099
urn:mavedb:00000114-a-1#7130,NA,NA,p.Gly361Phe,1.07751516184711,8,0.167677509414288
urn:mavedb:00000114-a-1#7131,NA,NA,p.Gly361His,0.922431279300512,32,0.0591601190837958
urn:mavedb:00000114-a-1#7132,NA,NA,p.Gly361Ile,0.187483491147232,22,0.0659220529390819
urn:mavedb:00000114-a-1#7133,NA,NA,p.Gly361Lys,0.644958711096102,22,0.110148971033244
urn:mavedb:00000114-a-1#7134,NA,NA,p.Gly361Leu,0.844059242344981,24,0.0797303167591891
urn:mavedb:00000114-a-1#7135,NA,NA,p.Gly361Met,0.895093015782916,24,0.0544150202010516
urn:mavedb:00000114-a-1#7136,NA,NA,p.Gly361Asn,0.825427309726027,14,0.0859644043919736
urn:mavedb:00000114-a-1#7137,NA,NA,p.Gly361Pro,0.0753375767562449,20,0.0567064802041347
urn:mavedb:00000114-a-1#7138,NA,NA,p.Gly361Gln,0.869218633615525,22,0.0991451284283144
urn:mavedb:00000114-a-1#7139,NA,NA,p.Gly361Arg,0.823785457148774,23,0.0698692506419495
urn:mavedb:00000114-a-1#7140,NA,NA,p.Gly361Ser,0.857976356003427,12,0.0716630080420843
urn:mavedb:00000114-a-1#7141,NA,NA,p.Gly361Thr,0.760947468862377,18,0.0717685933789092
urn:mavedb:00000114-a-1#7142,NA,NA,p.Gly361Val,0.234592914142974,27,0.0593493574777169
urn:mavedb:00000114-a-1#7143,NA,NA,p.Gly361Trp,0.912392750437006,24,0.0422752509944202
urn:mavedb:00000114-a-1#7144,NA,NA,p.Gly361Tyr,0.967325984763867,16,0.0575040192312464
urn:mavedb:00000114-a-1#7145,NA,NA,p.Phe362Ter,0.0869280504940238,36,0.161118131837905
urn:mavedb:00000114-a-1#7146,NA,NA,p.Phe362Ala,0.752046299029356,25,0.0484715295667632
urn:mavedb:00000114-a-1#7147,NA,NA,p.Phe362Cys,0.500383583430691,24,0.0433307892790826
urn:mavedb:00000114-a-1#7148,NA,NA,p.Phe362Asp,0.467237317424582,20,0.0733765056161045
urn:mavedb:00000114-a-1#7149,NA,NA,p.Phe362Glu,0.694538940175695,25,0.0608219547150178
urn:mavedb:00000114-a-1#7150,NA,NA,p.Phe362Gly,0.633884500881854,30,0.0777667052427687
urn:mavedb:00000114-a-1#7151,NA,NA,p.Phe362His,0.864856710301076,16,0.102659071074414
urn:mavedb:00000114-a-1#7152,NA,NA,p.Phe362Ile,0.869798555075039,21,0.0510217649901844
urn:mavedb:00000114-a-1#7153,NA,NA,p.Phe362Lys,0.619023036319187,29,0.0601303775160844
urn:mavedb:00000114-a-1#7154,NA,NA,p.Phe362Leu,0.904650159831044,18,0.0957837000077462
urn:mavedb:00000114-a-1#7155,NA,NA,p.Phe362Met,0.894524085568049,24,0.0622961900567719
urn:mavedb:00000114-a-1#7156,NA,NA,p.Phe362Asn,0.765829823806708,22,0.0612568125054364
urn:mavedb:00000114-a-1#7157,NA,NA,p.Phe362Pro,0.338132394772031,17,0.0648964909956524
urn:mavedb:00000114-a-1#7158,NA,NA,p.Phe362Gln,0.789775795932006,11,0.058257511323551
urn:mavedb:00000114-a-1#7159,NA,NA,p.Phe362Arg,0.601038429780509,42,0.0448792197889182
urn:mavedb:00000114-a-1#7160,NA,NA,p.Phe362Ser,0.677672439984563,18,0.0666023480331329
urn:mavedb:00000114-a-1#7161,NA,NA,p.Phe362Thr,0.822858830295152,33,0.0424566416224124
urn:mavedb:00000114-a-1#7162,NA,NA,p.Phe362Val,0.707565996945718,19,0.0538194783679982
urn:mavedb:00000114-a-1#7163,NA,NA,p.Phe362Trp,0.823568748523024,24,0.117635557367793
urn:mavedb:00000114-a-1#7164,NA,NA,p.Phe362Tyr,0.965657007651257,23,0.0726013451084372
urn:mavedb:00000114-a-1#7165,NA,NA,p.Ala363Ter,-0.0176370153003278,27,0.0200041682224288
urn:mavedb:00000114-a-1#7166,NA,NA,p.Ala363Cys,1.00473018259879,28,0.0609910525213618
urn:mavedb:00000114-a-1#7167,NA,NA,p.Ala363Asp,1.05345046267103,27,0.0683503679011635
urn:mavedb:00000114-a-1#7168,NA,NA,p.Ala363Glu,1.05326271368512,23,0.0405431689763499
urn:mavedb:00000114-a-1#7169,NA,NA,p.Ala363Phe,0.92054923115009,27,0.0468923422707553
urn:mavedb:00000114-a-1#7170,NA,NA,p.Ala363Gly,0.913749227917265,15,0.0742396817429976
urn:mavedb:00000114-a-1#7171,NA,NA,p.Ala363His,1.01659191730296,27,0.0561013912651473
urn:mavedb:00000114-a-1#7172,NA,NA,p.Ala363Ile,1.08307489667624,28,0.0557037752162817
urn:mavedb:00000114-a-1#7173,NA,NA,p.Ala363Lys,1.03322501134062,21,0.0601851566655487
urn:mavedb:00000114-a-1#7174,NA,NA,p.Ala363Leu,0.998164559357907,25,0.048940488463813
urn:mavedb:00000114-a-1#7175,NA,NA,p.Ala363Met,1.05080510630037,22,0.0769326908915251
urn:mavedb:00000114-a-1#7176,NA,NA,p.Ala363Asn,1.06384653247585,29,0.054006196931553
urn:mavedb:00000114-a-1#7177,NA,NA,p.Ala363Pro,0.810909853961787,21,0.083813511822858
urn:mavedb:00000114-a-1#7178,NA,NA,p.Ala363Gln,1.05994813703177,29,0.0608321290668327
urn:mavedb:00000114-a-1#7179,NA,NA,p.Ala363Arg,0.942885178472972,45,0.038663747630115
urn:mavedb:00000114-a-1#7180,NA,NA,p.Ala363Ser,1.05142920267119,19,0.0517362680987515
urn:mavedb:00000114-a-1#7181,NA,NA,p.Ala363Thr,1.09448792660253,32,0.0349145691941137
urn:mavedb:00000114-a-1#7182,NA,NA,p.Ala363Val,1.02557678507761,26,0.0704546512427664
urn:mavedb:00000114-a-1#7183,NA,NA,p.Ala363Trp,0.753841123975464,38,0.0554927959016741
urn:mavedb:00000114-a-1#7184,NA,NA,p.Ala363Tyr,0.91352515060813,31,0.0608664673353462
urn:mavedb:00000114-a-1#7185,NA,NA,p.Phe364Ter,0.0160521160839469,28,0.0864027284550814
urn:mavedb:00000114-a-1#7186,NA,NA,p.Phe364Ala,0.338338105413154,20,0.0757918137720566
urn:mavedb:00000114-a-1#7187,NA,NA,p.Phe364Cys,0.333724442798895,24,0.0642205241680576
urn:mavedb:00000114-a-1#7188,NA,NA,p.Phe364Asp,0.212650107269323,31,0.0718161732449335
urn:mavedb:00000114-a-1#7189,NA,NA,p.Phe364Glu,0.167508805841545,38,0.0848386752475978
urn:mavedb:00000114-a-1#7190,NA,NA,p.Phe364Gly,0.183249742353455,14,0.0930653782106167
urn:mavedb:00000114-a-1#7191,NA,NA,p.Phe364His,0.645886717870788,39,0.0535495757321735
urn:mavedb:00000114-a-1#7192,NA,NA,p.Phe364Ile,0.502480938321134,38,0.063540182580145
urn:mavedb:00000114-a-1#7193,NA,NA,p.Phe364Lys,0.186295766373985,51,0.0804318632582703
urn:mavedb:00000114-a-1#7194,NA,NA,p.Phe364Leu,0.494792447554633,28,0.0384353549056361
urn:mavedb:00000114-a-1#7195,NA,NA,p.Phe364Met,0.713897705541975,50,0.0276032997110191
urn:mavedb:00000114-a-1#7196,NA,NA,p.Phe364Asn,0.20273706666267,33,0.0851605922857288
urn:mavedb:00000114-a-1#7197,NA,NA,p.Phe364Pro,0.129699610977128,37,0.0607451584240098
urn:mavedb:00000114-a-1#7198,NA,NA,p.Phe364Gln,0.260013286521202,29,0.0655656313415178
urn:mavedb:00000114-a-1#7199,NA,NA,p.Phe364Arg,0.133540918424322,41,0.0790264779676951
urn:mavedb:00000114-a-1#7200,NA,NA,p.Phe364Ser,0.446257884324845,41,0.0543520026725416
urn:mavedb:00000114-a-1#7201,NA,NA,p.Phe364Thr,0.304533499814876,28,0.0636196451744773
urn:mavedb:00000114-a-1#7202,NA,NA,p.Phe364Val,0.355983668805999,40,0.0589452652934809
urn:mavedb:00000114-a-1#7203,NA,NA,p.Phe364Trp,0.610813547551387,45,0.0669250922764889
urn:mavedb:00000114-a-1#7204,NA,NA,p.Phe364Tyr,0.713459380576742,34,0.0681749429286974
urn:mavedb:00000114-a-1#7205,NA,NA,p.Cys365Ter,-0.0137420400808589,30,0.0199424442023343
urn:mavedb:00000114-a-1#7206,NA,NA,p.Cys365Asp,0.214682481646256,20,0.071335577774373
urn:mavedb:00000114-a-1#7207,NA,NA,p.Cys365Glu,0.2395713126297,22,0.0868516488677319
urn:mavedb:00000114-a-1#7208,NA,NA,p.Cys365Phe,0.0538806524917442,20,0.0464122038170608
urn:mavedb:00000114-a-1#7209,NA,NA,p.Cys365Gly,0.185731685172075,10,0.0788621114600374
urn:mavedb:00000114-a-1#7210,NA,NA,p.Cys365His,0.145261594819962,14,0.0890255888628528
urn:mavedb:00000114-a-1#7211,NA,NA,p.Cys365Ile,0.102732274690254,24,0.0671832460664286
urn:mavedb:00000114-a-1#7212,NA,NA,p.Cys365Lys,0.171503014863483,23,0.0856336707736555
urn:mavedb:00000114-a-1#7213,NA,NA,p.Cys365Leu,0.0861782565915376,18,0.0601683833194252
urn:mavedb:00000114-a-1#7214,NA,NA,p.Cys365Met,0.124820620233354,13,0.0789610354456767
urn:mavedb:00000114-a-1#7215,NA,NA,p.Cys365Asn,0.163754569174102,10,0.104886111632494
urn:mavedb:00000114-a-1#7216,NA,NA,p.Cys365Gln,0.172499552757542,21,0.0949239020457652
urn:mavedb:00000114-a-1#7217,NA,NA,p.Cys365Arg,0.153670745202412,18,0.0825840141635219
urn:mavedb:00000114-a-1#7218,NA,NA,p.Cys365Ser,0.188315016569686,26,0.0752121052802978
urn:mavedb:00000114-a-1#7219,NA,NA,p.Cys365Val,0.09852099959822,19,0.0632278993370344
urn:mavedb:00000114-a-1#7220,NA,NA,p.Cys365Trp,0.0406201478140872,23,0.034895103003691
urn:mavedb:00000114-a-1#7221,NA,NA,p.Cys365Tyr,0.154216160049173,8,0.132644810851624
urn:mavedb:00000114-a-1#7222,NA,NA,p.Arg366Ter,0.0007218580240011,25,0.0449887081967407
urn:mavedb:00000114-a-1#7223,NA,NA,p.Arg366Ala,0.95242851646209,17,0.0686686648912867
urn:mavedb:00000114-a-1#7224,NA,NA,p.Arg366Cys,0.841588222929189,24,0.0844226422146602
urn:mavedb:00000114-a-1#7225,NA,NA,p.Arg366Asp,0.302307239760523,23,0.0592454636361396
urn:mavedb:00000114-a-1#7226,NA,NA,p.Arg366Glu,0.400110357275314,35,0.0636966870243821
urn:mavedb:00000114-a-1#7227,NA,NA,p.Arg366Phe,0.856591056613929,27,0.0645759105886475
urn:mavedb:00000114-a-1#7228,NA,NA,p.Arg366Gly,0.834054106395488,28,0.0523463948671445
urn:mavedb:00000114-a-1#7229,NA,NA,p.Arg366His,0.842413804611197,22,0.059581635323067
urn:mavedb:00000114-a-1#7230,NA,NA,p.Arg366Ile,0.945993754660756,23,0.0556219812297921
urn:mavedb:00000114-a-1#7231,NA,NA,p.Arg366Lys,1.03088743814853,28,0.0466932567893592
urn:mavedb:00000114-a-1#7232,NA,NA,p.Arg366Leu,0.94145050233994,32,0.0549145066335978
urn:mavedb:00000114-a-1#7233,NA,NA,p.Arg366Met,0.853085377558605,16,0.0761020801986228
urn:mavedb:00000114-a-1#7234,NA,NA,p.Arg366Asn,0.887085968304617,17,0.0571341307053365
urn:mavedb:00000114-a-1#7235,NA,NA,p.Arg366Pro,0.563030570506347,29,0.0543828461709283
urn:mavedb:00000114-a-1#7236,NA,NA,p.Arg366Gln,0.879407564047128,36,0.0370643703522144
urn:mavedb:00000114-a-1#7237,NA,NA,p.Arg366Ser,0.929589391406725,16,0.058969659365295
urn:mavedb:00000114-a-1#7238,NA,NA,p.Arg366Thr,0.752608022153313,29,0.0873566851081729
urn:mavedb:00000114-a-1#7239,NA,NA,p.Arg366Val,0.974383649212986,34,0.0480008990202112
urn:mavedb:00000114-a-1#7240,NA,NA,p.Arg366Trp,0.740370192127726,30,0.048197296363778
urn:mavedb:00000114-a-1#7241,NA,NA,p.Arg366Tyr,0.864290888213962,17,0.0878980760483935
urn:mavedb:00000114-a-1#7242,NA,NA,p.Glu367Ter,0.0332615584154911,20,0.0879331335012931
urn:mavedb:00000114-a-1#7243,NA,NA,p.Glu367Ala,0.863944885744328,25,0.0492922267606995
urn:mavedb:00000114-a-1#7244,NA,NA,p.Glu367Cys,0.807680016874852,17,0.0851705856891757
urn:mavedb:00000114-a-1#7245,NA,NA,p.Glu367Asp,0.996762854286391,32,0.0657072781111051
urn:mavedb:00000114-a-1#7246,NA,NA,p.Glu367Phe,0.934852313747606,27,0.0479685404057256
urn:mavedb:00000114-a-1#7247,NA,NA,p.Glu367Gly,0.856688890095467,24,0.0615364818280502
urn:mavedb:00000114-a-1#7248,NA,NA,p.Glu367His,0.884792931076315,20,0.0576333088708852
urn:mavedb:00000114-a-1#7249,NA,NA,p.Glu367Ile,1.086856731652,16,0.0591864622340342
urn:mavedb:00000114-a-1#7250,NA,NA,p.Glu367Lys,1.00709457114622,23,0.0620874848542121
urn:mavedb:00000114-a-1#7251,NA,NA,p.Glu367Leu,0.974906324204112,23,0.0337829723293247
urn:mavedb:00000114-a-1#7252,NA,NA,p.Glu367Met,0.975969294129915,16,0.0621927253988155
urn:mavedb:00000114-a-1#7253,NA,NA,p.Glu367Asn,0.996643883143588,17,0.0526241961857718
urn:mavedb:00000114-a-1#7254,NA,NA,p.Glu367Pro,0.543647878750759,15,0.0924551932164323
urn:mavedb:00000114-a-1#7255,NA,NA,p.Glu367Gln,0.969887869011756,30,0.055223182919671
urn:mavedb:00000114-a-1#7256,NA,NA,p.Glu367Arg,0.99068304943669,25,0.0581343926377184
urn:mavedb:00000114-a-1#7257,NA,NA,p.Glu367Ser,0.870821083596098,25,0.0498263102056506
urn:mavedb:00000114-a-1#7258,NA,NA,p.Glu367Thr,0.97518333511676,25,0.065520585328704
urn:mavedb:00000114-a-1#7259,NA,NA,p.Glu367Val,0.970487166548466,25,0.048961036875666
urn:mavedb:00000114-a-1#7260,NA,NA,p.Glu367Trp,0.791243673208422,19,0.110977740868332
urn:mavedb:00000114-a-1#7261,NA,NA,p.Glu367Tyr,0.899783585344323,20,0.0790280014771754
urn:mavedb:00000114-a-1#7262,NA,NA,p.Cys368Ter,0.0238442916974326,22,0.0822863914044947
urn:mavedb:00000114-a-1#7263,NA,NA,p.Cys368Ala,0.135680463967629,12,0.0689174272784297
urn:mavedb:00000114-a-1#7264,NA,NA,p.Cys368Asp,0.210820512673036,21,0.0997581194140764
urn:mavedb:00000114-a-1#7265,NA,NA,p.Cys368Glu,0.185351016177346,39,0.0823124120536116
urn:mavedb:00000114-a-1#7266,NA,NA,p.Cys368Phe,0.0789548430556181,42,0.0488101967884608
urn:mavedb:00000114-a-1#7267,NA,NA,p.Cys368Gly,0.122867333763323,26,0.0633218367835627
urn:mavedb:00000114-a-1#7268,NA,NA,p.Cys368His,0.15070319050103,30,0.0792522359208908
urn:mavedb:00000114-a-1#7269,NA,NA,p.Cys368Ile,0.107537812806855,46,0.0596434454068076
urn:mavedb:00000114-a-1#7270,NA,NA,p.Cys368Lys,0.172604086266047,37,0.0740101109158644
urn:mavedb:00000114-a-1#7271,NA,NA,p.Cys368Leu,0.0819052333176333,28,0.0616118053602413
urn:mavedb:00000114-a-1#7272,NA,NA,p.Cys368Met,0.120003121502883,42,0.0699662471616466
urn:mavedb:00000114-a-1#7273,NA,NA,p.Cys368Asn,0.162878484183654,50,0.0664967616288299
urn:mavedb:00000114-a-1#7274,NA,NA,p.Cys368Pro,0.150322671006843,41,0.0716545275740176
urn:mavedb:00000114-a-1#7275,NA,NA,p.Cys368Gln,0.10919926725104,7,0.0786170888927062
urn:mavedb:00000114-a-1#7276,NA,NA,p.Cys368Arg,0.134408514715848,41,0.077396175888398
urn:mavedb:00000114-a-1#7277,NA,NA,p.Cys368Ser,0.140743104941522,30,0.0694601344263811
urn:mavedb:00000114-a-1#7278,NA,NA,p.Cys368Thr,0.158211226636883,32,0.0782892397873751
urn:mavedb:00000114-a-1#7279,NA,NA,p.Cys368Val,0.101388684405467,48,0.0625839931025401
urn:mavedb:00000114-a-1#7280,NA,NA,p.Cys368Trp,0.0570396602196209,51,0.0360774945847005
urn:mavedb:00000114-a-1#7281,NA,NA,p.Cys368Tyr,0.0990539245007922,51,0.0624924051278844
urn:mavedb:00000114-a-1#7282,NA,NA,p.Lys369Ter,-0.0032308608016282,18,0.0530562726984217
urn:mavedb:00000114-a-1#7283,NA,NA,p.Lys369Ala,0.802138947523377,20,0.0790305145277563
urn:mavedb:00000114-a-1#7284,NA,NA,p.Lys369Cys,0.862716603429399,22,0.0550126606239346
urn:mavedb:00000114-a-1#7285,NA,NA,p.Lys369Asp,0.610234591323931,19,0.0738013010893628
urn:mavedb:00000114-a-1#7286,NA,NA,p.Lys369Glu,0.812834130415776,23,0.0436828815227858
urn:mavedb:00000114-a-1#7287,NA,NA,p.Lys369Phe,1.0123459847131,24,0.0727831630856379
urn:mavedb:00000114-a-1#7288,NA,NA,p.Lys369Gly,0.979192271552751,14,0.0571427955714538
urn:mavedb:00000114-a-1#7289,NA,NA,p.Lys369His,0.894505128921575,21,0.0465754005845592
urn:mavedb:00000114-a-1#7290,NA,NA,p.Lys369Ile,0.540401613168635,18,0.0643922350072621
urn:mavedb:00000114-a-1#7291,NA,NA,p.Lys369Leu,0.877315194115635,19,0.0729057734606949
urn:mavedb:00000114-a-1#7292,NA,NA,p.Lys369Met,0.947624780505696,19,0.0680249669526485
urn:mavedb:00000114-a-1#7293,NA,NA,p.Lys369Asn,0.869126852618962,19,0.0398422666258828
urn:mavedb:00000114-a-1#7294,NA,NA,p.Lys369Pro,0.068530339143441,18,0.0503623533061101
urn:mavedb:00000114-a-1#7295,NA,NA,p.Lys369Gln,0.923744592835652,19,0.0834870799413082
urn:mavedb:00000114-a-1#7296,NA,NA,p.Lys369Arg,0.806066039143367,22,0.0726574113503923
urn:mavedb:00000114-a-1#7297,NA,NA,p.Lys369Ser,0.852696225076542,19,0.0764471049755064
urn:mavedb:00000114-a-1#7298,NA,NA,p.Lys369Thr,0.639491192962299,10,0.097633904435153
urn:mavedb:00000114-a-1#7299,NA,NA,p.Lys369Val,0.544038316468821,23,0.065667945382696
urn:mavedb:00000114-a-1#7300,NA,NA,p.Lys369Trp,0.784313904809449,20,0.0684264588718477
urn:mavedb:00000114-a-1#7301,NA,NA,p.Lys369Tyr,0.985185851243766,23,0.0534167262562191
urn:mavedb:00000114-a-1#7302,NA,NA,p.Glu370Ter,0.0415873891485543,29,0.114041128339118
urn:mavedb:00000114-a-1#7303,NA,NA,p.Glu370Ala,0.864104173276781,22,0.0611548480388027
urn:mavedb:00000114-a-1#7304,NA,NA,p.Glu370Cys,0.716101230069407,32,0.0571753845894609
urn:mavedb:00000114-a-1#7305,NA,NA,p.Glu370Asp,0.961829554962453,32,0.0527701475660761
urn:mavedb:00000114-a-1#7306,NA,NA,p.Glu370Phe,0.700235519740385,21,0.0729736497205693
urn:mavedb:00000114-a-1#7307,NA,NA,p.Glu370Gly,0.806581734398895,21,0.0814903353096608
urn:mavedb:00000114-a-1#7308,NA,NA,p.Glu370His,0.719811185984625,31,0.0530091119511581
urn:mavedb:00000114-a-1#7309,NA,NA,p.Glu370Ile,0.604815561643486,30,0.0476831055839972
urn:mavedb:00000114-a-1#7310,NA,NA,p.Glu370Lys,0.521686634010048,24,0.0975763895497853
urn:mavedb:00000114-a-1#7311,NA,NA,p.Glu370Leu,0.835076029936359,27,0.0648841663934633
urn:mavedb:00000114-a-1#7312,NA,NA,p.Glu370Met,0.85445184268537,34,0.0464372603470213
urn:mavedb:00000114-a-1#7313,NA,NA,p.Glu370Asn,0.872776206747138,18,0.0584979043808203
urn:mavedb:00000114-a-1#7314,NA,NA,p.Glu370Pro,0.137228553167352,14,0.0698777870624575
urn:mavedb:00000114-a-1#7315,NA,NA,p.Glu370Gln,0.853200984752241,34,0.057401902473777
urn:mavedb:00000114-a-1#7316,NA,NA,p.Glu370Arg,0.572811584272446,31,0.0754923068878891
urn:mavedb:00000114-a-1#7317,NA,NA,p.Glu370Ser,0.827494653777731,22,0.0609114930998687
urn:mavedb:00000114-a-1#7318,NA,NA,p.Glu370Thr,0.750402568138443,23,0.0884534106857396
urn:mavedb:00000114-a-1#7319,NA,NA,p.Glu370Val,0.634640094016769,30,0.0451182374162896
urn:mavedb:00000114-a-1#7320,NA,NA,p.Glu370Trp,0.561554850961897,28,0.0915185596478215
urn:mavedb:00000114-a-1#7321,NA,NA,p.Glu370Tyr,0.479146056240397,15,0.0785366404323153
urn:mavedb:00000114-a-1#7322,NA,NA,p.Ala371Ter,0.0367586373525535,30,0.122650716269955
urn:mavedb:00000114-a-1#7323,NA,NA,p.Ala371Cys,0.91269187555777,13,0.082437816196972
urn:mavedb:00000114-a-1#7324,NA,NA,p.Ala371Asp,1.01192171744028,15,0.0468050253933329
urn:mavedb:00000114-a-1#7325,NA,NA,p.Ala371Glu,1.02830996114109,21,0.0778626314536897
urn:mavedb:00000114-a-1#7326,NA,NA,p.Ala371Phe,0.959489607885295,18,0.0579627402589019
urn:mavedb:00000114-a-1#7327,NA,NA,p.Ala371Gly,0.891756698815717,24,0.086299613438873
urn:mavedb:00000114-a-1#7328,NA,NA,p.Ala371His,0.96081930044365,25,0.0607803365266872
urn:mavedb:00000114-a-1#7329,NA,NA,p.Ala371Ile,1.01159376190892,10,0.0926170340510317
urn:mavedb:00000114-a-1#7330,NA,NA,p.Ala371Lys,0.924442201000402,27,0.0631349189099755
urn:mavedb:00000114-a-1#7331,NA,NA,p.Ala371Leu,0.903100682044379,10,0.101358989126084
urn:mavedb:00000114-a-1#7332,NA,NA,p.Ala371Met,1.02276416743654,12,0.0932856090921106
urn:mavedb:00000114-a-1#7333,NA,NA,p.Ala371Asn,0.955432872951583,26,0.0451698151116257
urn:mavedb:00000114-a-1#7334,NA,NA,p.Ala371Pro,1.02506677139774,7,0.0463586187170661
urn:mavedb:00000114-a-1#7335,NA,NA,p.Ala371Gln,1.0156226619714,19,0.0536386540165199
urn:mavedb:00000114-a-1#7336,NA,NA,p.Ala371Arg,0.904019102493548,19,0.0600603330701455
urn:mavedb:00000114-a-1#7337,NA,NA,p.Ala371Ser,0.959678467996044,19,0.0772606136502138
urn:mavedb:00000114-a-1#7338,NA,NA,p.Ala371Thr,0.960135514263392,16,0.077811121578789
urn:mavedb:00000114-a-1#7339,NA,NA,p.Ala371Val,0.946293588875679,31,0.0435690112321076
urn:mavedb:00000114-a-1#7340,NA,NA,p.Ala371Trp,1.28342627964945,26,0.0365702691797555
urn:mavedb:00000114-a-1#7341,NA,NA,p.Ala371Tyr,0.960201041986999,15,0.0493995692296888
urn:mavedb:00000114-a-1#7342,NA,NA,p.Tyr372Ter,0.0297346764866308,20,0.109252363691265
urn:mavedb:00000114-a-1#7343,NA,NA,p.Tyr372Ala,0.961271499396355,17,0.0768734871202911
urn:mavedb:00000114-a-1#7344,NA,NA,p.Tyr372Cys,0.881171020835593,19,0.0365706007510355
urn:mavedb:00000114-a-1#7345,NA,NA,p.Tyr372Asp,0.867757504549459,22,0.0670825513530022
urn:mavedb:00000114-a-1#7346,NA,NA,p.Tyr372Glu,0.844667156016912,21,0.063206405223685
urn:mavedb:00000114-a-1#7347,NA,NA,p.Tyr372Phe,0.965771303168882,17,0.0869516356270885
urn:mavedb:00000114-a-1#7348,NA,NA,p.Tyr372Gly,0.530304349283014,17,0.0533528620934691
urn:mavedb:00000114-a-1#7349,NA,NA,p.Tyr372His,0.846569144093504,24,0.0583363265965167
urn:mavedb:00000114-a-1#7350,NA,NA,p.Tyr372Ile,0.830861296816455,23,0.0583531889970566
urn:mavedb:00000114-a-1#7351,NA,NA,p.Tyr372Lys,0.389415746224781,23,0.0631290458155356
urn:mavedb:00000114-a-1#7352,NA,NA,p.Tyr372Leu,0.733611080858892,10,0.0730138554696952
urn:mavedb:00000114-a-1#7353,NA,NA,p.Tyr372Met,0.961055854079063,18,0.0943850803511726
urn:mavedb:00000114-a-1#7354,NA,NA,p.Tyr372Asn,0.65530205094585,32,0.0678212935734759
urn:mavedb:00000114-a-1#7355,NA,NA,p.Tyr372Pro,0.975585344878035,18,0.0901781280590601
urn:mavedb:00000114-a-1#7356,NA,NA,p.Tyr372Gln,0.763385819544735,18,0.0436665972955295
urn:mavedb:00000114-a-1#7357,NA,NA,p.Tyr372Arg,0.319516344212654,23,0.0870516054501033
urn:mavedb:00000114-a-1#7358,NA,NA,p.Tyr372Ser,0.90743975773829,25,0.0496950717030949
urn:mavedb:00000114-a-1#7359,NA,NA,p.Tyr372Thr,0.795750329308816,20,0.0707749655461977
urn:mavedb:00000114-a-1#7360,NA,NA,p.Tyr372Val,0.912811534909412,19,0.0603134347372554
urn:mavedb:00000114-a-1#7361,NA,NA,p.Tyr372Trp,0.860160993320083,20,0.0891478415565548
urn:mavedb:00000114-a-1#7362,NA,NA,p.His373Ter,0.0224698106967081,27,0.0919629905016595
urn:mavedb:00000114-a-1#7363,NA,NA,p.His373Ala,0.0988645665723865,12,0.0659423901950087
urn:mavedb:00000114-a-1#7364,NA,NA,p.His373Cys,0.399289358576743,29,0.0514117442825095
urn:mavedb:00000114-a-1#7365,NA,NA,p.His373Asp,0.0871402365365585,26,0.0609031177848006
urn:mavedb:00000114-a-1#7366,NA,NA,p.His373Glu,0.08939771827059,36,0.0597776039301814
urn:mavedb:00000114-a-1#7367,NA,NA,p.His373Phe,0.0422635229119715,23,0.0448211785251839
urn:mavedb:00000114-a-1#7368,NA,NA,p.His373Gly,0.112555678157524,19,0.0726064359895341
urn:mavedb:00000114-a-1#7369,NA,NA,p.His373Ile,0.0619260336356284,29,0.0399350514940563
urn:mavedb:00000114-a-1#7370,NA,NA,p.His373Lys,0.170712265209374,20,0.0894658482046341
urn:mavedb:00000114-a-1#7371,NA,NA,p.His373Leu,0.0643463606028135,27,0.0547314230320707
urn:mavedb:00000114-a-1#7372,NA,NA,p.His373Met,0.0803824610634525,30,0.0660069342450543
urn:mavedb:00000114-a-1#7373,NA,NA,p.His373Asn,0.139807092015524,26,0.0787358101093331
urn:mavedb:00000114-a-1#7374,NA,NA,p.His373Pro,0.127344968616366,16,0.073353996198635
urn:mavedb:00000114-a-1#7375,NA,NA,p.His373Gln,0.129403771175897,28,0.0818964585419176
urn:mavedb:00000114-a-1#7376,NA,NA,p.His373Arg,0.150547756936849,16,0.072618496915806
urn:mavedb:00000114-a-1#7377,NA,NA,p.His373Ser,0.113432962448737,29,0.0595243199536049
urn:mavedb:00000114-a-1#7378,NA,NA,p.His373Thr,0.122923994129878,20,0.0684473783519451
urn:mavedb:00000114-a-1#7379,NA,NA,p.His373Val,0.107132474206795,26,0.0682545286148471
urn:mavedb:00000114-a-1#7380,NA,NA,p.His373Trp,0.021725286157805,27,0.0426610126185282
urn:mavedb:00000114-a-1#7381,NA,NA,p.His373Tyr,0.0452318781411665,24,0.0364322571460494
urn:mavedb:00000114-a-1#7382,NA,NA,p.Glu374Ter,0.0012681890669886,28,0.0698766897250875
urn:mavedb:00000114-a-1#7383,NA,NA,p.Glu374Ala,0.890077458813403,17,0.0416258204060608
urn:mavedb:00000114-a-1#7384,NA,NA,p.Glu374Cys,0.685678302229334,18,0.0332963175790891
urn:mavedb:00000114-a-1#7385,NA,NA,p.Glu374Asp,0.933438118079929,18,0.0890617127182875
urn:mavedb:00000114-a-1#7386,NA,NA,p.Glu374Phe,0.796457015528817,28,0.0477027309397715
urn:mavedb:00000114-a-1#7387,NA,NA,p.Glu374Gly,0.738237178598871,11,0.125714558302337
urn:mavedb:00000114-a-1#7388,NA,NA,p.Glu374His,0.736311941404859,16,0.0728247501514145
urn:mavedb:00000114-a-1#7389,NA,NA,p.Glu374Ile,0.76383155594951,14,0.0699467623719109
urn:mavedb:00000114-a-1#7390,NA,NA,p.Glu374Lys,0.852238526694438,13,0.0810120615547545
urn:mavedb:00000114-a-1#7391,NA,NA,p.Glu374Leu,0.913677393409579,20,0.0618317202922049
urn:mavedb:00000114-a-1#7392,NA,NA,p.Glu374Met,0.800680436856866,13,0.0461510221319214
urn:mavedb:00000114-a-1#7393,NA,NA,p.Glu374Asn,0.807401695828568,13,0.0376745817354771
urn:mavedb:00000114-a-1#7394,NA,NA,p.Glu374Pro,0.908014559889409,16,0.0846518282966591
urn:mavedb:00000114-a-1#7395,NA,NA,p.Glu374Gln,0.890107007049408,30,0.0605066130118236
urn:mavedb:00000114-a-1#7396,NA,NA,p.Glu374Arg,0.781478056324592,20,0.0569576752651975
urn:mavedb:00000114-a-1#7397,NA,NA,p.Glu374Ser,0.83722982618327,15,0.10013650059545
urn:mavedb:00000114-a-1#7398,NA,NA,p.Glu374Thr,0.810150577337867,19,0.0538491605609333
urn:mavedb:00000114-a-1#7399,NA,NA,p.Glu374Val,0.867664951815169,29,0.056598874940796
urn:mavedb:00000114-a-1#7400,NA,NA,p.Glu374Trp,0.691700926699304,16,0.080457766120556
urn:mavedb:00000114-a-1#7401,NA,NA,p.Glu374Tyr,0.796089108156477,16,0.0569820159599791
urn:mavedb:00000114-a-1#7402,NA,NA,p.Gly375Ter,0.0597394674083789,30,0.159743668246042
urn:mavedb:00000114-a-1#7403,NA,NA,p.Gly375Ala,0.884350400323845,15,0.0809664499737785
urn:mavedb:00000114-a-1#7404,NA,NA,p.Gly375Cys,0.556311696536825,27,0.0661082731862083
urn:mavedb:00000114-a-1#7405,NA,NA,p.Gly375Asp,1.03064518011203,14,0.0694353210178895
urn:mavedb:00000114-a-1#7406,NA,NA,p.Gly375Glu,0.952575119910508,20,0.0709494054725447
urn:mavedb:00000114-a-1#7407,NA,NA,p.Gly375Phe,0.760214021207057,17,0.0954192181327991
urn:mavedb:00000114-a-1#7408,NA,NA,p.Gly375His,0.577656620074913,28,0.0612703584674953
urn:mavedb:00000114-a-1#7409,NA,NA,p.Gly375Ile,0.374689616853888,16,0.0555667580015281
urn:mavedb:00000114-a-1#7410,NA,NA,p.Gly375Lys,0.938518744720301,28,0.0401846514976527
urn:mavedb:00000114-a-1#7411,NA,NA,p.Gly375Leu,0.751053785145515,22,0.0549267306376481
urn:mavedb:00000114-a-1#7412,NA,NA,p.Gly375Met,0.795979542185148,13,0.111936951300531
urn:mavedb:00000114-a-1#7413,NA,NA,p.Gly375Asn,0.987185862115984,22,0.054199997627506
urn:mavedb:00000114-a-1#7414,NA,NA,p.Gly375Pro,0.471413780938713,18,0.0570593945966527
urn:mavedb:00000114-a-1#7415,NA,NA,p.Gly375Gln,0.870663392664296,27,0.0600267125210473
urn:mavedb:00000114-a-1#7416,NA,NA,p.Gly375Arg,0.850717750506486,17,0.057390386622098
urn:mavedb:00000114-a-1#7417,NA,NA,p.Gly375Ser,0.879817821097971,17,0.0931558811844606
urn:mavedb:00000114-a-1#7418,NA,NA,p.Gly375Thr,0.838127892898044,25,0.0567403474495745
urn:mavedb:00000114-a-1#7419,NA,NA,p.Gly375Val,0.49176692692789,16,0.0795646001663504
urn:mavedb:00000114-a-1#7420,NA,NA,p.Gly375Trp,0.70851488499208,18,0.0513075009825929
urn:mavedb:00000114-a-1#7421,NA,NA,p.Gly375Tyr,0.79626352023847,35,0.0402071565382656
urn:mavedb:00000114-a-1#7422,NA,NA,p.Glu376Ter,0.0756185079061951,27,0.166924723514795
urn:mavedb:00000114-a-1#7423,NA,NA,p.Glu376Ala,1.03385594054439,6,0.210348725501703
urn:mavedb:00000114-a-1#7424,NA,NA,p.Glu376Cys,0.921919408157025,21,0.0549850997177785
urn:mavedb:00000114-a-1#7425,NA,NA,p.Glu376Asp,1.03657657446114,18,0.0675114810043997
urn:mavedb:00000114-a-1#7426,NA,NA,p.Glu376Phe,0.899412050961287,21,0.0719212189288064
urn:mavedb:00000114-a-1#7427,NA,NA,p.Glu376Gly,0.948906585359568,15,0.0699874884232402
urn:mavedb:00000114-a-1#7428,NA,NA,p.Glu376His,0.984308441561331,20,0.0627094143777357
urn:mavedb:00000114-a-1#7429,NA,NA,p.Glu376Ile,0.975387576898683,27,0.0606940851918473
urn:mavedb:00000114-a-1#7430,NA,NA,p.Glu376Lys,1.01757821074384,21,0.0563666991298278
urn:mavedb:00000114-a-1#7431,NA,NA,p.Glu376Leu,0.921034983076471,23,0.0575838013117447
urn:mavedb:00000114-a-1#7432,NA,NA,p.Glu376Met,0.961361047766342,30,0.0459043595415202
urn:mavedb:00000114-a-1#7433,NA,NA,p.Glu376Asn,1.003997667804,23,0.0883746043981173
urn:mavedb:00000114-a-1#7434,NA,NA,p.Glu376Pro,0.961543543174009,27,0.0726099893632196
urn:mavedb:00000114-a-1#7435,NA,NA,p.Glu376Gln,1.027336035127,29,0.0599626592763423
urn:mavedb:00000114-a-1#7436,NA,NA,p.Glu376Arg,0.967791691962557,29,0.0472727602653697
urn:mavedb:00000114-a-1#7437,NA,NA,p.Glu376Ser,1.020012569016,14,0.0812246731195265
urn:mavedb:00000114-a-1#7438,NA,NA,p.Glu376Thr,0.986548901386354,24,0.0535245968849712
urn:mavedb:00000114-a-1#7439,NA,NA,p.Glu376Val,0.937556710791678,26,0.0640639523151563
urn:mavedb:00000114-a-1#7440,NA,NA,p.Glu376Trp,0.82338113811978,30,0.0530971512791899
urn:mavedb:00000114-a-1#7441,NA,NA,p.Glu376Tyr,0.866195762344208,29,0.0469848833192449
urn:mavedb:00000114-a-1#7442,NA,NA,p.Cys377Ter,0.0938664831561147,25,0.203647040901478
urn:mavedb:00000114-a-1#7443,NA,NA,p.Cys377Ala,0.10884004593647,19,0.0529822420229824
urn:mavedb:00000114-a-1#7444,NA,NA,p.Cys377Asp,0.139292604091251,17,0.0716655827283211
urn:mavedb:00000114-a-1#7445,NA,NA,p.Cys377Glu,0.166152923452516,27,0.0800692820925018
urn:mavedb:00000114-a-1#7446,NA,NA,p.Cys377Phe,0.105371004652404,23,0.054709404723012
urn:mavedb:00000114-a-1#7447,NA,NA,p.Cys377Gly,0.128192198215813,15,0.0811742225792146
urn:mavedb:00000114-a-1#7448,NA,NA,p.Cys377His,0.437009989985515,24,0.0520319141744304
urn:mavedb:00000114-a-1#7449,NA,NA,p.Cys377Ile,0.101938212748157,17,0.0733113773287266
urn:mavedb:00000114-a-1#7450,NA,NA,p.Cys377Lys,0.143741044216048,29,0.077638287659846
urn:mavedb:00000114-a-1#7451,NA,NA,p.Cys377Leu,0.101589506297559,25,0.0506840332698278
urn:mavedb:00000114-a-1#7452,NA,NA,p.Cys377Met,0.123755897853586,19,0.0597427593772211
urn:mavedb:00000114-a-1#7453,NA,NA,p.Cys377Asn,0.131948948939674,21,0.088034547096518
urn:mavedb:00000114-a-1#7454,NA,NA,p.Cys377Pro,0.116105177286699,17,0.0634936780606198
urn:mavedb:00000114-a-1#7455,NA,NA,p.Cys377Gln,0.127018000221349,28,0.0630778457183865
urn:mavedb:00000114-a-1#7456,NA,NA,p.Cys377Arg,0.146610901367852,23,0.076908473429377
urn:mavedb:00000114-a-1#7457,NA,NA,p.Cys377Ser,0.154426348864217,29,0.102267030868571
urn:mavedb:00000114-a-1#7458,NA,NA,p.Cys377Thr,0.123003337228122,27,0.079001285754801
urn:mavedb:00000114-a-1#7459,NA,NA,p.Cys377Val,0.0895513851351841,26,0.0598594755321384
urn:mavedb:00000114-a-1#7460,NA,NA,p.Cys377Trp,0.066354103427122,29,0.0566608883936818
urn:mavedb:00000114-a-1#7461,NA,NA,p.Cys377Tyr,0.0967020074966731,18,0.0672060626297272
urn:mavedb:00000114-a-1#7462,NA,NA,p.Ser378Ter,0.001510438496367,30,0.0536355741372087
urn:mavedb:00000114-a-1#7463,NA,NA,p.Ser378Ala,0.904339438811875,21,0.0507888315722668
urn:mavedb:00000114-a-1#7464,NA,NA,p.Ser378Cys,1.02219498185021,28,0.0388736934888313
urn:mavedb:00000114-a-1#7465,NA,NA,p.Ser378Asp,1.05201075709228,26,0.0483428089040975
urn:mavedb:00000114-a-1#7466,NA,NA,p.Ser378Glu,0.965806108676415,30,0.048019710329975
urn:mavedb:00000114-a-1#7467,NA,NA,p.Ser378Phe,1.01447923971762,14,0.061526322813181
urn:mavedb:00000114-a-1#7468,NA,NA,p.Ser378Gly,0.972638015416414,12,0.0688840628830166
urn:mavedb:00000114-a-1#7469,NA,NA,p.Ser378His,0.969128074172053,21,0.0601392215408878
urn:mavedb:00000114-a-1#7470,NA,NA,p.Ser378Ile,1.0059017799656,14,0.0598053060047559
urn:mavedb:00000114-a-1#7471,NA,NA,p.Ser378Lys,1.04261057364192,33,0.0570118791923165
urn:mavedb:00000114-a-1#7472,NA,NA,p.Ser378Leu,0.883305779262558,22,0.073988255012248
urn:mavedb:00000114-a-1#7473,NA,NA,p.Ser378Met,0.965407169205224,32,0.0509098037064658
urn:mavedb:00000114-a-1#7474,NA,NA,p.Ser378Asn,1.0834871377081,15,0.0522833877857365
urn:mavedb:00000114-a-1#7475,NA,NA,p.Ser378Pro,1.0121140780526,14,0.051975467397439
urn:mavedb:00000114-a-1#7476,NA,NA,p.Ser378Gln,0.970238143328328,19,0.0644676201288818
urn:mavedb:00000114-a-1#7477,NA,NA,p.Ser378Arg,0.943595872963644,21,0.0646605842951257
urn:mavedb:00000114-a-1#7478,NA,NA,p.Ser378Thr,0.981703427740979,16,0.0871472603002331
urn:mavedb:00000114-a-1#7479,NA,NA,p.Ser378Val,0.940610606973557,26,0.07346791857548
urn:mavedb:00000114-a-1#7480,NA,NA,p.Ser378Trp,0.968032162191517,22,0.0659094628224044
urn:mavedb:00000114-a-1#7481,NA,NA,p.Ser378Tyr,1.06686968850405,28,0.0559126949420945
urn:mavedb:00000114-a-1#7482,NA,NA,p.Ala379Ter,0.0066843587097114,27,0.0790487567563835
urn:mavedb:00000114-a-1#7483,NA,NA,p.Ala379Cys,0.870114379910383,21,0.0458609238512079
urn:mavedb:00000114-a-1#7484,NA,NA,p.Ala379Asp,1.00258398985433,25,0.0380924288099329
urn:mavedb:00000114-a-1#7485,NA,NA,p.Ala379Glu,0.932607723931001,24,0.0506298058048545
urn:mavedb:00000114-a-1#7486,NA,NA,p.Ala379Phe,0.979195657460298,25,0.0573473284687658
urn:mavedb:00000114-a-1#7487,NA,NA,p.Ala379Gly,0.987259330661263,16,0.0498842275668564
urn:mavedb:00000114-a-1#7488,NA,NA,p.Ala379His,0.905972931484812,15,0.0728789578737077
urn:mavedb:00000114-a-1#7489,NA,NA,p.Ala379Ile,0.999011447728818,16,0.0722834565333106
urn:mavedb:00000114-a-1#7490,NA,NA,p.Ala379Lys,0.902368352767373,24,0.0460052078965736
urn:mavedb:00000114-a-1#7491,NA,NA,p.Ala379Leu,0.975525788803313,18,0.0495024111655441
urn:mavedb:00000114-a-1#7492,NA,NA,p.Ala379Met,0.973379284699009,23,0.0664483704035528
urn:mavedb:00000114-a-1#7493,NA,NA,p.Ala379Asn,0.994163461302467,20,0.0619093459674848
urn:mavedb:00000114-a-1#7494,NA,NA,p.Ala379Pro,0.877308136158124,14,0.114541651199992
urn:mavedb:00000114-a-1#7495,NA,NA,p.Ala379Gln,0.931202783926458,19,0.0573684751233999
urn:mavedb:00000114-a-1#7496,NA,NA,p.Ala379Arg,0.918565794933326,27,0.0409344520000981
urn:mavedb:00000114-a-1#7497,NA,NA,p.Ala379Ser,0.976796190718909,18,0.0825801533993322
urn:mavedb:00000114-a-1#7498,NA,NA,p.Ala379Thr,1.00966578569251,21,0.0699024562095395
urn:mavedb:00000114-a-1#7499,NA,NA,p.Ala379Val,0.991642891936728,14,0.077017474680804
urn:mavedb:00000114-a-1#7500,NA,NA,p.Ala379Trp,0.919519255397898,21,0.0902980876040653
urn:mavedb:00000114-a-1#7501,NA,NA,p.Ala379Tyr,1.059729710234,16,0.0680402585900733
urn:mavedb:00000114-a-1#7502,NA,NA,p.Val380Ter,-0.016669804841829,37,0.0232391445388943
urn:mavedb:00000114-a-1#7503,NA,NA,p.Val380Ala,0.905271227519481,21,0.0908959175784326
urn:mavedb:00000114-a-1#7504,NA,NA,p.Val380Cys,0.908858710419828,36,0.0509361032133058
urn:mavedb:00000114-a-1#7505,NA,NA,p.Val380Asp,0.822791872682508,47,0.0472164691815084
urn:mavedb:00000114-a-1#7506,NA,NA,p.Val380Glu,0.821885472927366,29,0.0554772053915461
urn:mavedb:00000114-a-1#7507,NA,NA,p.Val380Phe,0.899047658699585,37,0.0299626912069646
urn:mavedb:00000114-a-1#7508,NA,NA,p.Val380Gly,0.831846052354082,34,0.0482971843586624
urn:mavedb:00000114-a-1#7509,NA,NA,p.Val380His,0.963072115663316,23,0.0666194912242392
urn:mavedb:00000114-a-1#7510,NA,NA,p.Val380Ile,1.06384181740809,28,0.0469937007567205
urn:mavedb:00000114-a-1#7511,NA,NA,p.Val380Lys,0.952542604993828,35,0.0421111710180952
urn:mavedb:00000114-a-1#7512,NA,NA,p.Val380Leu,0.9199602845768,17,0.0883955570914486
urn:mavedb:00000114-a-1#7513,NA,NA,p.Val380Met,0.936307603157966,37,0.0561410110559136
urn:mavedb:00000114-a-1#7514,NA,NA,p.Val380Asn,0.869396968364769,35,0.0752183115895701
urn:mavedb:00000114-a-1#7515,NA,NA,p.Val380Pro,0.928049704795612,23,0.0816388446313147
urn:mavedb:00000114-a-1#7516,NA,NA,p.Val380Gln,0.796680628611637,16,0.0763592222534686
urn:mavedb:00000114-a-1#7517,NA,NA,p.Val380Arg,0.913107840127536,35,0.0381323905522957
urn:mavedb:00000114-a-1#7518,NA,NA,p.Val380Ser,0.895558194205982,41,0.0496816344029849
urn:mavedb:00000114-a-1#7519,NA,NA,p.Val380Thr,0.893063292827794,40,0.0507804076859596
urn:mavedb:00000114-a-1#7520,NA,NA,p.Val380Trp,0.894914785966754,15,0.0615778211146233
urn:mavedb:00000114-a-1#7521,NA,NA,p.Val380Tyr,0.979653866966845,37,0.0509262691729482
urn:mavedb:00000114-a-1#7522,NA,NA,p.Phe381Ter,0.0210592353886856,18,0.0845337908893422
urn:mavedb:00000114-a-1#7523,NA,NA,p.Phe381Ala,0.842997468008171,22,0.0434255913806321
urn:mavedb:00000114-a-1#7524,NA,NA,p.Phe381Cys,0.885063562612666,6,0.108407844252524
urn:mavedb:00000114-a-1#7525,NA,NA,p.Phe381Asp,0.697588991607573,24,0.0607016937270839
urn:mavedb:00000114-a-1#7526,NA,NA,p.Phe381Glu,0.815289829477934,18,0.0721363097081226
urn:mavedb:00000114-a-1#7527,NA,NA,p.Phe381Gly,0.723388741148083,5,0.104592179846273
urn:mavedb:00000114-a-1#7528,NA,NA,p.Phe381His,0.834809993474421,8,0.108856166399852
urn:mavedb:00000114-a-1#7529,NA,NA,p.Phe381Ile,0.835667991610188,19,0.0921381506417082
urn:mavedb:00000114-a-1#7530,NA,NA,p.Phe381Lys,0.846211494369715,21,0.0644238054766922
urn:mavedb:00000114-a-1#7531,NA,NA,p.Phe381Leu,0.94637182566837,16,0.0584977073084609
urn:mavedb:00000114-a-1#7532,NA,NA,p.Phe381Met,0.916910663037203,18,0.0893319254978804
urn:mavedb:00000114-a-1#7533,NA,NA,p.Phe381Asn,0.812884001498371,20,0.067999380777367
urn:mavedb:00000114-a-1#7534,NA,NA,p.Phe381Pro,0.814202133080794,20,0.0626318720187198
urn:mavedb:00000114-a-1#7535,NA,NA,p.Phe381Gln,0.846258604055007,19,0.103446814622034
urn:mavedb:00000114-a-1#7536,NA,NA,p.Phe381Arg,0.89892696361191,21,0.0582113175195279
urn:mavedb:00000114-a-1#7537,NA,NA,p.Phe381Ser,0.824348796793247,9,0.0849859321165745
urn:mavedb:00000114-a-1#7538,NA,NA,p.Phe381Thr,0.881042083547144,23,0.0410415092622113
urn:mavedb:00000114-a-1#7539,NA,NA,p.Phe381Val,0.865485610351206,17,0.078837634038369
urn:mavedb:00000114-a-1#7540,NA,NA,p.Phe381Trp,0.863908533771948,16,0.105142998492174
urn:mavedb:00000114-a-1#7541,NA,NA,p.Phe381Tyr,1.02878410392543,5,0.105901358360352
urn:mavedb:00000114-a-1#7542,NA,NA,p.Glu382Ter,-0.0156764962192103,24,0.0270145928753762
urn:mavedb:00000114-a-1#7543,NA,NA,p.Glu382Ala,1.01086925825199,11,0.0730135396566284
urn:mavedb:00000114-a-1#7544,NA,NA,p.Glu382Cys,1.03536555857997,24,0.0648870748888019
urn:mavedb:00000114-a-1#7545,NA,NA,p.Glu382Asp,1.00095713452418,26,0.0414315615402382
urn:mavedb:00000114-a-1#7546,NA,NA,p.Glu382Phe,1.01776692930902,25,0.0613924114498054
urn:mavedb:00000114-a-1#7547,NA,NA,p.Glu382Gly,0.962402618487519,18,0.0426261396506653
urn:mavedb:00000114-a-1#7548,NA,NA,p.Glu382His,1.04628629056954,21,0.0687612471963004
urn:mavedb:00000114-a-1#7549,NA,NA,p.Glu382Ile,1.03218885452217,26,0.0537679641881201
urn:mavedb:00000114-a-1#7550,NA,NA,p.Glu382Lys,1.03268360221043,34,0.0612993956080552
urn:mavedb:00000114-a-1#7551,NA,NA,p.Glu382Leu,1.04078176945479,31,0.045905014198669
urn:mavedb:00000114-a-1#7552,NA,NA,p.Glu382Met,1.04751018944358,31,0.047786610818608
urn:mavedb:00000114-a-1#7553,NA,NA,p.Glu382Asn,1.0285268068671,19,0.050870470393068
urn:mavedb:00000114-a-1#7554,NA,NA,p.Glu382Pro,0.934916153162302,29,0.0646833100437629
urn:mavedb:00000114-a-1#7555,NA,NA,p.Glu382Gln,1.02157961073182,29,0.0518038586010312
urn:mavedb:00000114-a-1#7556,NA,NA,p.Glu382Arg,1.01243965248265,29,0.055862349704273
urn:mavedb:00000114-a-1#7557,NA,NA,p.Glu382Ser,1.00935040967585,27,0.0458277258181073
urn:mavedb:00000114-a-1#7558,NA,NA,p.Glu382Thr,0.992553558370605,27,0.060428682359006
urn:mavedb:00000114-a-1#7559,NA,NA,p.Glu382Val,0.979514504358506,23,0.0533257713860984
urn:mavedb:00000114-a-1#7560,NA,NA,p.Glu382Trp,0.932931822950468,25,0.0579930882719907
urn:mavedb:00000114-a-1#7561,NA,NA,p.Glu382Tyr,0.986484272552301,33,0.0493366344129221
urn:mavedb:00000114-a-1#7562,NA,NA,p.Ala383Ter,-0.0010637983317745,21,0.0402274286828656
urn:mavedb:00000114-a-1#7563,NA,NA,p.Ala383Cys,0.979793747621862,26,0.0486258101422735
urn:mavedb:00000114-a-1#7564,NA,NA,p.Ala383Asp,0.958509437254065,21,0.0814548188435459
urn:mavedb:00000114-a-1#7565,NA,NA,p.Ala383Glu,0.997857101342187,24,0.0398495641522669
urn:mavedb:00000114-a-1#7566,NA,NA,p.Ala383Phe,1.0243148609872,28,0.0487949692146149
urn:mavedb:00000114-a-1#7567,NA,NA,p.Ala383Gly,0.94832579036797,21,0.0631012346345296
urn:mavedb:00000114-a-1#7568,NA,NA,p.Ala383His,0.999252396017952,13,0.0565380873353145
urn:mavedb:00000114-a-1#7569,NA,NA,p.Ala383Ile,1.01823434729689,17,0.0551796579151676
urn:mavedb:00000114-a-1#7570,NA,NA,p.Ala383Lys,1.02119164439829,22,0.0893370140965507
urn:mavedb:00000114-a-1#7571,NA,NA,p.Ala383Leu,0.954007792916859,18,0.0566986133502601
urn:mavedb:00000114-a-1#7572,NA,NA,p.Ala383Met,0.985898814535395,24,0.0669697288288037
urn:mavedb:00000114-a-1#7573,NA,NA,p.Ala383Asn,0.963050447813878,28,0.0557994713869556
urn:mavedb:00000114-a-1#7574,NA,NA,p.Ala383Pro,0.98325950891645,28,0.0238542007078708
urn:mavedb:00000114-a-1#7575,NA,NA,p.Ala383Gln,0.977640147431333,22,0.0620815984107444
urn:mavedb:00000114-a-1#7576,NA,NA,p.Ala383Arg,1.01762963065345,27,0.0371186707676801
urn:mavedb:00000114-a-1#7577,NA,NA,p.Ala383Ser,0.974452818114458,19,0.0535978925800554
urn:mavedb:00000114-a-1#7578,NA,NA,p.Ala383Thr,1.00568997044989,25,0.0915527206930608
urn:mavedb:00000114-a-1#7579,NA,NA,p.Ala383Val,0.951622733609809,27,0.0593100760857079
urn:mavedb:00000114-a-1#7580,NA,NA,p.Ala383Trp,0.922510023528825,24,0.0536245159790007
urn:mavedb:00000114-a-1#7581,NA,NA,p.Ala383Tyr,0.993863362522972,26,0.0708308927421821
urn:mavedb:00000114-a-1#7582,NA,NA,p.Ser384Ter,-0.0186689603903246,23,0.0426125301747737
urn:mavedb:00000114-a-1#7583,NA,NA,p.Ser384Ala,0.997448738785096,24,0.0613923951835772
urn:mavedb:00000114-a-1#7584,NA,NA,p.Ser384Cys,0.961775087741119,15,0.0876362933680404
urn:mavedb:00000114-a-1#7585,NA,NA,p.Ser384Asp,0.901124188311681,29,0.0473484265008989
urn:mavedb:00000114-a-1#7586,NA,NA,p.Ser384Glu,0.780424475659248,31,0.0878048849365271
urn:mavedb:00000114-a-1#7587,NA,NA,p.Ser384Phe,0.960770759164048,21,0.0664097689106896
urn:mavedb:00000114-a-1#7588,NA,NA,p.Ser384Gly,0.851911171857941,11,0.120431101489854
urn:mavedb:00000114-a-1#7589,NA,NA,p.Ser384His,0.962428792584471,10,0.0810180753187449
urn:mavedb:00000114-a-1#7590,NA,NA,p.Ser384Ile,0.99547946884995,19,0.0780936787716764
urn:mavedb:00000114-a-1#7591,NA,NA,p.Ser384Lys,0.890796211379509,21,0.0566758532200244
urn:mavedb:00000114-a-1#7592,NA,NA,p.Ser384Leu,0.92823182879274,21,0.0604148187619077
urn:mavedb:00000114-a-1#7593,NA,NA,p.Ser384Met,0.946985293426607,17,0.0571475509504093
urn:mavedb:00000114-a-1#7594,NA,NA,p.Ser384Asn,0.921213673852676,26,0.0651767065637232
urn:mavedb:00000114-a-1#7595,NA,NA,p.Ser384Pro,0.967773045699349,24,0.0619793296432437
urn:mavedb:00000114-a-1#7596,NA,NA,p.Ser384Gln,0.895604209796076,25,0.0451104121751686
urn:mavedb:00000114-a-1#7597,NA,NA,p.Ser384Arg,0.950652297775345,25,0.0826823213537678
urn:mavedb:00000114-a-1#7598,NA,NA,p.Ser384Thr,1.00478093949164,27,0.0476079231517661
urn:mavedb:00000114-a-1#7599,NA,NA,p.Ser384Val,0.825251301662805,33,0.0549591841761906
urn:mavedb:00000114-a-1#7600,NA,NA,p.Ser384Trp,0.813987027191432,30,0.0496855459996133
urn:mavedb:00000114-a-1#7601,NA,NA,p.Ser384Tyr,0.960279162896064,23,0.059404910202217
urn:mavedb:00000114-a-1#7602,NA,NA,p.Gly385Ter,0.040045039694293,27,0.11823373918849
urn:mavedb:00000114-a-1#7603,NA,NA,p.Gly385Ala,0.947476551396577,14,0.0595111075704173
urn:mavedb:00000114-a-1#7604,NA,NA,p.Gly385Cys,0.871514694135098,22,0.0589895653722137
urn:mavedb:00000114-a-1#7605,NA,NA,p.Gly385Asp,0.876290896031432,24,0.0511156491339655
urn:mavedb:00000114-a-1#7606,NA,NA,p.Gly385Glu,0.914702277311624,28,0.0524766191740402
urn:mavedb:00000114-a-1#7607,NA,NA,p.Gly385Phe,0.880305510190458,30,0.055227730438879
urn:mavedb:00000114-a-1#7608,NA,NA,p.Gly385His,0.867427429163868,31,0.062380989237696
urn:mavedb:00000114-a-1#7609,NA,NA,p.Gly385Ile,0.911216407089812,31,0.0520999386592515
urn:mavedb:00000114-a-1#7610,NA,NA,p.Gly385Lys,0.957687347269532,32,0.0712903037518696
urn:mavedb:00000114-a-1#7611,NA,NA,p.Gly385Leu,0.918621181975346,30,0.0575829704166942
urn:mavedb:00000114-a-1#7612,NA,NA,p.Gly385Met,0.916012216674389,37,0.0468085923997483
urn:mavedb:00000114-a-1#7613,NA,NA,p.Gly385Asn,0.929731468886638,14,0.0728709732098323
urn:mavedb:00000114-a-1#7614,NA,NA,p.Gly385Pro,0.891260961219385,32,0.0624915967549817
urn:mavedb:00000114-a-1#7615,NA,NA,p.Gly385Gln,0.892766994237189,33,0.0638541633365389
urn:mavedb:00000114-a-1#7616,NA,NA,p.Gly385Arg,0.891148698355357,24,0.0399690886551744
urn:mavedb:00000114-a-1#7617,NA,NA,p.Gly385Ser,0.893388000746677,25,0.0526842847367252
urn:mavedb:00000114-a-1#7618,NA,NA,p.Gly385Thr,0.901775552443767,32,0.0567401830942599
urn:mavedb:00000114-a-1#7619,NA,NA,p.Gly385Val,0.883167921112841,36,0.0467661699553582
urn:mavedb:00000114-a-1#7620,NA,NA,p.Gly385Trp,0.889049148554495,46,0.0409922052627967
urn:mavedb:00000114-a-1#7621,NA,NA,p.Gly385Tyr,0.86318910065525,29,0.075722098518836
urn:mavedb:00000114-a-1#7622,NA,NA,p.Thr386Ter,-0.0050237180846448,39,0.0252969672821098
urn:mavedb:00000114-a-1#7623,NA,NA,p.Thr386Ala,1.04918234670603,23,0.0593058598327035
urn:mavedb:00000114-a-1#7624,NA,NA,p.Thr386Cys,1.01376120255586,32,0.0553399014959013
urn:mavedb:00000114-a-1#7625,NA,NA,p.Thr386Asp,0.999772010997097,31,0.0515767229069086
urn:mavedb:00000114-a-1#7626,NA,NA,p.Thr386Glu,0.99649039126792,32,0.0483678476561683
urn:mavedb:00000114-a-1#7627,NA,NA,p.Thr386Phe,1.00172102520096,40,0.0360277416348595
urn:mavedb:00000114-a-1#7628,NA,NA,p.Thr386Gly,0.956446573546045,38,0.0290048941472006
urn:mavedb:00000114-a-1#7629,NA,NA,p.Thr386His,0.943089238631359,28,0.0770267524396336
urn:mavedb:00000114-a-1#7630,NA,NA,p.Thr386Ile,1.0448692630239,24,0.056110925284017
urn:mavedb:00000114-a-1#7631,NA,NA,p.Thr386Lys,1.03842125591402,40,0.0506738684008024
urn:mavedb:00000114-a-1#7632,NA,NA,p.Thr386Leu,1.00801369726732,41,0.047670156003103
urn:mavedb:00000114-a-1#7633,NA,NA,p.Thr386Met,1.03876061613201,44,0.043526365420462
urn:mavedb:00000114-a-1#7634,NA,NA,p.Thr386Asn,1.02227942685101,27,0.0566308516061409
urn:mavedb:00000114-a-1#7635,NA,NA,p.Thr386Pro,0.964231906231539,42,0.074006014986169
urn:mavedb:00000114-a-1#7636,NA,NA,p.Thr386Gln,0.974306347158288,30,0.0346861785243496
urn:mavedb:00000114-a-1#7637,NA,NA,p.Thr386Arg,1.0284402735497,29,0.0509769272286765
urn:mavedb:00000114-a-1#7638,NA,NA,p.Thr386Ser,1.02292483224272,39,0.0329832807623433
urn:mavedb:00000114-a-1#7639,NA,NA,p.Thr386Val,0.998003060823723,30,0.045131024864077
urn:mavedb:00000114-a-1#7640,NA,NA,p.Thr386Trp,1.00425057711764,29,0.0505881665227719
urn:mavedb:00000114-a-1#7641,NA,NA,p.Thr386Tyr,1.01290278171314,53,0.0438681043067459
urn:mavedb:00000114-a-1#7642,NA,NA,p.Thr387Ter,0.0942040817500786,18,0.199363011505343
urn:mavedb:00000114-a-1#7643,NA,NA,p.Thr387Ala,0.982192584917378,9,0.141690175020438
urn:mavedb:00000114-a-1#7644,NA,NA,p.Thr387Cys,0.962178399814204,17,0.0579116207803024
urn:mavedb:00000114-a-1#7645,NA,NA,p.Thr387Asp,0.980981217453322,21,0.0615303581326074
urn:mavedb:00000114-a-1#7646,NA,NA,p.Thr387Glu,0.996489771538109,19,0.08896972317504
urn:mavedb:00000114-a-1#7647,NA,NA,p.Thr387Phe,0.921434724190944,18,0.0679950553691211
urn:mavedb:00000114-a-1#7648,NA,NA,p.Thr387Gly,0.94753088983645,21,0.0595850191276311
urn:mavedb:00000114-a-1#7649,NA,NA,p.Thr387His,0.999419511055538,12,0.0837218214323731
urn:mavedb:00000114-a-1#7650,NA,NA,p.Thr387Ile,1.02431491565583,13,0.0829700925143676
urn:mavedb:00000114-a-1#7651,NA,NA,p.Thr387Lys,1.06040467725981,18,0.0944789900198874
urn:mavedb:00000114-a-1#7652,NA,NA,p.Thr387Leu,0.993171514523517,10,0.0817876319302458
urn:mavedb:00000114-a-1#7653,NA,NA,p.Thr387Met,1.02507833900766,19,0.0572152461411446
urn:mavedb:00000114-a-1#7654,NA,NA,p.Thr387Asn,1.03353004585712,17,0.0612695974913427
urn:mavedb:00000114-a-1#7655,NA,NA,p.Thr387Pro,1.02602425056757,11,0.0674680685393217
urn:mavedb:00000114-a-1#7656,NA,NA,p.Thr387Gln,0.977420092143153,22,0.0596855712685449
urn:mavedb:00000114-a-1#7657,NA,NA,p.Thr387Arg,0.970498537259601,18,0.0719137531319033
urn:mavedb:00000114-a-1#7658,NA,NA,p.Thr387Ser,1.01305629151931,20,0.0370071458248541
urn:mavedb:00000114-a-1#7659,NA,NA,p.Thr387Val,0.989834962776069,23,0.0661717203111151
urn:mavedb:00000114-a-1#7660,NA,NA,p.Thr387Trp,0.886384952720764,18,0.0519575774329149
urn:mavedb:00000114-a-1#7661,NA,NA,p.Thr387Tyr,0.982383173367701,13,0.108368600443466
urn:mavedb:00000114-a-1#7662,NA,NA,p.Thr388Ter,0.070216374221372,20,0.174696709570477
urn:mavedb:00000114-a-1#7663,NA,NA,p.Thr388Ala,1.01478233719083,20,0.0573677234731518
urn:mavedb:00000114-a-1#7664,NA,NA,p.Thr388Cys,0.938416937186787,13,0.0773547971494065
urn:mavedb:00000114-a-1#7665,NA,NA,p.Thr388Asp,1.00820298962373,26,0.0727596138480382
urn:mavedb:00000114-a-1#7666,NA,NA,p.Thr388Glu,1.04527701973682,29,0.0472223380406946
urn:mavedb:00000114-a-1#7667,NA,NA,p.Thr388Phe,0.910211620044879,24,0.0554761851725208
urn:mavedb:00000114-a-1#7668,NA,NA,p.Thr388Gly,0.998036374327768,29,0.0712444288231441
urn:mavedb:00000114-a-1#7669,NA,NA,p.Thr388His,0.966297931719129,24,0.0853823354667198
urn:mavedb:00000114-a-1#7670,NA,NA,p.Thr388Ile,1.01088214669521,25,0.0880590599524134
urn:mavedb:00000114-a-1#7671,NA,NA,p.Thr388Lys,0.999677186546533,17,0.0632119978421015
urn:mavedb:00000114-a-1#7672,NA,NA,p.Thr388Leu,1.0137457363759,29,0.0561683941675654
urn:mavedb:00000114-a-1#7673,NA,NA,p.Thr388Met,1.05451585692972,29,0.0550657631035447
urn:mavedb:00000114-a-1#7674,NA,NA,p.Thr388Asn,1.01401419296278,26,0.0494598373788796
urn:mavedb:00000114-a-1#7675,NA,NA,p.Thr388Pro,1.0116318807529,22,0.0738406568239245
urn:mavedb:00000114-a-1#7676,NA,NA,p.Thr388Gln,0.993687086037954,24,0.0514589753218124
urn:mavedb:00000114-a-1#7677,NA,NA,p.Thr388Arg,1.00490271927945,26,0.0661011866060229
urn:mavedb:00000114-a-1#7678,NA,NA,p.Thr388Ser,1.04629426366499,23,0.0715829486557179
urn:mavedb:00000114-a-1#7679,NA,NA,p.Thr388Val,1.04653279336303,27,0.0718427210918596
urn:mavedb:00000114-a-1#7680,NA,NA,p.Thr388Trp,0.927785355034025,21,0.0536032362056521
urn:mavedb:00000114-a-1#7681,NA,NA,p.Thr388Tyr,0.97606025515342,24,0.0455480921401262
urn:mavedb:00000114-a-1#7682,NA,NA,p.Gln389Ter,0.111676415184997,37,0.206945874176152
urn:mavedb:00000114-a-1#7683,NA,NA,p.Gln389Ala,1.07583801954737,29,0.0423933061024298
urn:mavedb:00000114-a-1#7684,NA,NA,p.Gln389Cys,1.02519685424858,33,0.0799304738561841
urn:mavedb:00000114-a-1#7685,NA,NA,p.Gln389Asp,1.01602921095125,19,0.0635637832527434
urn:mavedb:00000114-a-1#7686,NA,NA,p.Gln389Glu,1.01246973133587,28,0.0442828534168733
urn:mavedb:00000114-a-1#7687,NA,NA,p.Gln389Phe,0.948033251470052,28,0.059262502966837
urn:mavedb:00000114-a-1#7688,NA,NA,p.Gln389Gly,1.0370497566746,23,0.0563838379286304
urn:mavedb:00000114-a-1#7689,NA,NA,p.Gln389His,1.04641959425499,49,0.0302930641848972
urn:mavedb:00000114-a-1#7690,NA,NA,p.Gln389Ile,1.05678063497611,31,0.0383333618809134
urn:mavedb:00000114-a-1#7691,NA,NA,p.Gln389Lys,1.05008652258137,39,0.0419168753779994
urn:mavedb:00000114-a-1#7692,NA,NA,p.Gln389Leu,1.0731454667634,26,0.0540648591285452
urn:mavedb:00000114-a-1#7693,NA,NA,p.Gln389Met,1.04547413938305,26,0.0511799075064312
urn:mavedb:00000114-a-1#7694,NA,NA,p.Gln389Asn,1.07841042855474,22,0.050744604177042
urn:mavedb:00000114-a-1#7695,NA,NA,p.Gln389Pro,1.09379217714053,28,0.0544115408730288
urn:mavedb:00000114-a-1#7696,NA,NA,p.Gln389Arg,0.99771899896366,30,0.0497393129500261
urn:mavedb:00000114-a-1#7697,NA,NA,p.Gln389Ser,1.09547858695194,28,0.0579834121373726
urn:mavedb:00000114-a-1#7698,NA,NA,p.Gln389Thr,1.06658398087463,24,0.0546557447741192
urn:mavedb:00000114-a-1#7699,NA,NA,p.Gln389Val,1.03030084622744,28,0.0843229915752972
urn:mavedb:00000114-a-1#7700,NA,NA,p.Gln389Trp,0.903568024411452,38,0.0635213104589008
urn:mavedb:00000114-a-1#7701,NA,NA,p.Gln389Tyr,1.06582656952013,28,0.0524222493236833
urn:mavedb:00000114-a-1#7702,NA,NA,p.Ala390Ter,-0.0134252130850084,27,0.0185330397011444
urn:mavedb:00000114-a-1#7703,NA,NA,p.Ala390Cys,0.990034490443417,25,0.0693433779957937
urn:mavedb:00000114-a-1#7704,NA,NA,p.Ala390Asp,1.03249515379963,47,0.042688167781411
urn:mavedb:00000114-a-1#7705,NA,NA,p.Ala390Glu,1.11583445870441,42,0.048058569286565
urn:mavedb:00000114-a-1#7706,NA,NA,p.Ala390Phe,0.800408018699272,19,0.0680638298546706
urn:mavedb:00000114-a-1#7707,NA,NA,p.Ala390Gly,0.94932733186292,25,0.0516218203608682
urn:mavedb:00000114-a-1#7708,NA,NA,p.Ala390His,1.01279670340923,45,0.0381266097815334
urn:mavedb:00000114-a-1#7709,NA,NA,p.Ala390Ile,0.999479618818678,29,0.0674447055972318
urn:mavedb:00000114-a-1#7710,NA,NA,p.Ala390Lys,1.00044697966576,28,0.0534664648447694
urn:mavedb:00000114-a-1#7711,NA,NA,p.Ala390Leu,1.01337302703743,32,0.0470203917402422
urn:mavedb:00000114-a-1#7712,NA,NA,p.Ala390Met,0.983452619025586,33,0.0552632228796746
urn:mavedb:00000114-a-1#7713,NA,NA,p.Ala390Asn,1.03409962061563,30,0.044316835451962
urn:mavedb:00000114-a-1#7714,NA,NA,p.Ala390Pro,1.04761254434282,37,0.0344786780708249
urn:mavedb:00000114-a-1#7715,NA,NA,p.Ala390Gln,1.03986463013942,39,0.0346038530756604
urn:mavedb:00000114-a-1#7716,NA,NA,p.Ala390Arg,0.995816183557674,34,0.043495821957618
urn:mavedb:00000114-a-1#7717,NA,NA,p.Ala390Ser,1.0284392324761,29,0.0522420024686843
urn:mavedb:00000114-a-1#7718,NA,NA,p.Ala390Thr,1.02173682926655,30,0.0317024914729902
urn:mavedb:00000114-a-1#7719,NA,NA,p.Ala390Val,0.985159882060022,30,0.055657907216997
urn:mavedb:00000114-a-1#7720,NA,NA,p.Ala390Trp,0.878270326282255,34,0.0479166039355963
urn:mavedb:00000114-a-1#7721,NA,NA,p.Ala390Tyr,0.998402611281636,34,0.0505823383890239
urn:mavedb:00000114-a-1#7722,NA,NA,p.Tyr391Ter,-0.0235111302765209,15,0.0165742783866104
urn:mavedb:00000114-a-1#7723,NA,NA,p.Tyr391Ala,0.819296150248404,9,0.0434920772694184
urn:mavedb:00000114-a-1#7724,NA,NA,p.Tyr391Cys,0.726520963130634,16,0.0620613986182127
urn:mavedb:00000114-a-1#7725,NA,NA,p.Tyr391Asp,0.698244013658946,15,0.0751567079448905
urn:mavedb:00000114-a-1#7726,NA,NA,p.Tyr391Glu,0.758020870389092,15,0.10083468643608
urn:mavedb:00000114-a-1#7727,NA,NA,p.Tyr391Phe,0.972085874739694,13,0.0590363483066984
urn:mavedb:00000114-a-1#7728,NA,NA,p.Tyr391Gly,0.697437271757731,15,0.0691833246615941
urn:mavedb:00000114-a-1#7729,NA,NA,p.Tyr391His,0.859210016892827,24,0.0401531405813969
urn:mavedb:00000114-a-1#7730,NA,NA,p.Tyr391Ile,0.833560690706671,30,0.0290616604888885
urn:mavedb:00000114-a-1#7731,NA,NA,p.Tyr391Lys,0.633044926432962,21,0.0674257766182595
urn:mavedb:00000114-a-1#7732,NA,NA,p.Tyr391Leu,0.72827485163462,16,0.0935789328677321
urn:mavedb:00000114-a-1#7733,NA,NA,p.Tyr391Met,0.833847514566023,15,0.0770982330167966
urn:mavedb:00000114-a-1#7734,NA,NA,p.Tyr391Asn,0.840574706721505,22,0.0757547525459575
urn:mavedb:00000114-a-1#7735,NA,NA,p.Tyr391Pro,0.824563775570978,13,0.0835502882018174
urn:mavedb:00000114-a-1#7736,NA,NA,p.Tyr391Gln,0.773447041605902,13,0.068517943532744
urn:mavedb:00000114-a-1#7737,NA,NA,p.Tyr391Arg,0.682231013724264,20,0.0640101377556789
urn:mavedb:00000114-a-1#7738,NA,NA,p.Tyr391Ser,0.751835114009186,21,0.0549771722014172
urn:mavedb:00000114-a-1#7739,NA,NA,p.Tyr391Thr,0.779086470482855,23,0.0540198843643744
urn:mavedb:00000114-a-1#7740,NA,NA,p.Tyr391Val,0.761921716347766,24,0.0523801759279089
urn:mavedb:00000114-a-1#7741,NA,NA,p.Tyr391Trp,1.10477163349737,23,0.0446717997619158
urn:mavedb:00000114-a-1#7742,NA,NA,p.Arg392Ter,-0.0248897119118041,33,0.0145536014023519
urn:mavedb:00000114-a-1#7743,NA,NA,p.Arg392Ala,0.999575562119829,11,0.0705425264367077
urn:mavedb:00000114-a-1#7744,NA,NA,p.Arg392Cys,0.956614119875323,18,0.0573269553772288
urn:mavedb:00000114-a-1#7745,NA,NA,p.Arg392Asp,0.87408087100799,19,0.0572039384135969
urn:mavedb:00000114-a-1#7746,NA,NA,p.Arg392Glu,0.921278543634228,26,0.0574146326411573
urn:mavedb:00000114-a-1#7747,NA,NA,p.Arg392Phe,0.96039162072417,19,0.0711754177947062
urn:mavedb:00000114-a-1#7748,NA,NA,p.Arg392Gly,0.926438643903372,31,0.0609325736607514
urn:mavedb:00000114-a-1#7749,NA,NA,p.Arg392His,0.985131095399061,19,0.0641365542689752
urn:mavedb:00000114-a-1#7750,NA,NA,p.Arg392Ile,0.985173016108179,20,0.0634387635450861
urn:mavedb:00000114-a-1#7751,NA,NA,p.Arg392Lys,1.06671546395206,17,0.0443841072839235
urn:mavedb:00000114-a-1#7752,NA,NA,p.Arg392Leu,1.02614910634665,18,0.0460355894446374
urn:mavedb:00000114-a-1#7753,NA,NA,p.Arg392Met,0.953055749604655,24,0.0606699094626266
urn:mavedb:00000114-a-1#7754,NA,NA,p.Arg392Asn,0.942260432127399,15,0.060637766386056
urn:mavedb:00000114-a-1#7755,NA,NA,p.Arg392Pro,0.982735250229887,25,0.0256507287767404
urn:mavedb:00000114-a-1#7756,NA,NA,p.Arg392Gln,0.929520702545456,22,0.0731515609135641
urn:mavedb:00000114-a-1#7757,NA,NA,p.Arg392Ser,0.939596449055072,15,0.0635282210758508
urn:mavedb:00000114-a-1#7758,NA,NA,p.Arg392Thr,0.961041249463512,17,0.095892687193275
urn:mavedb:00000114-a-1#7759,NA,NA,p.Arg392Val,0.943080953543037,20,0.0688047313883009
urn:mavedb:00000114-a-1#7760,NA,NA,p.Arg392Trp,0.990142825816215,14,0.0759682933968958
urn:mavedb:00000114-a-1#7761,NA,NA,p.Arg392Tyr,1.00248632966918,22,0.0703007426828279
urn:mavedb:00000114-a-1#7762,NA,NA,p.Val393Ter,-0.0180199464911428,29,0.0279535437500373
urn:mavedb:00000114-a-1#7763,NA,NA,p.Val393Ala,0.84426241886884,22,0.0658359689585579
urn:mavedb:00000114-a-1#7764,NA,NA,p.Val393Cys,0.894909235308832,23,0.0608293463188727
urn:mavedb:00000114-a-1#7765,NA,NA,p.Val393Asp,0.349103257473085,20,0.0463409287957604
urn:mavedb:00000114-a-1#7766,NA,NA,p.Val393Glu,0.502824009673271,18,0.0853511631308008
urn:mavedb:00000114-a-1#7767,NA,NA,p.Val393Phe,0.853093358141218,19,0.0824807770279961
urn:mavedb:00000114-a-1#7768,NA,NA,p.Val393Gly,0.620854092114488,17,0.0577899828840855
urn:mavedb:00000114-a-1#7769,NA,NA,p.Val393His,0.767507838588945,14,0.080942731286338
urn:mavedb:00000114-a-1#7770,NA,NA,p.Val393Ile,1.00919284838741,16,0.0604972580855827
urn:mavedb:00000114-a-1#7771,NA,NA,p.Val393Lys,0.714399054116637,14,0.0713234907776061
urn:mavedb:00000114-a-1#7772,NA,NA,p.Val393Leu,0.961876988380722,16,0.0868653952539443
urn:mavedb:00000114-a-1#7773,NA,NA,p.Val393Met,0.90537226415329,20,0.0413730817114146
urn:mavedb:00000114-a-1#7774,NA,NA,p.Val393Asn,0.631584493763416,16,0.103799478803087
urn:mavedb:00000114-a-1#7775,NA,NA,p.Val393Pro,0.901224113350125,20,0.0684340503526548
urn:mavedb:00000114-a-1#7776,NA,NA,p.Val393Gln,0.783480722847403,15,0.0716178271739258
urn:mavedb:00000114-a-1#7777,NA,NA,p.Val393Arg,0.689156018640344,24,0.0755400229870848
urn:mavedb:00000114-a-1#7778,NA,NA,p.Val393Ser,0.791861958861398,20,0.0562527000076958
urn:mavedb:00000114-a-1#7779,NA,NA,p.Val393Thr,0.848687926285097,11,0.0573490324835631
urn:mavedb:00000114-a-1#7780,NA,NA,p.Val393Trp,0.747524534869982,18,0.068669534822916
urn:mavedb:00000114-a-1#7781,NA,NA,p.Val393Tyr,0.520195276867432,16,0.0604694173572856
urn:mavedb:00000114-a-1#7782,NA,NA,p.Asp394Ter,-0.0154280733882112,44,0.0230564106339439
urn:mavedb:00000114-a-1#7783,NA,NA,p.Asp394Ala,0.795302890345463,44,0.0575356112139136
urn:mavedb:00000114-a-1#7784,NA,NA,p.Asp394Cys,0.849111694459209,36,0.0593058670516577
urn:mavedb:00000114-a-1#7785,NA,NA,p.Asp394Glu,0.960963960342175,31,0.0403014486240788
urn:mavedb:00000114-a-1#7786,NA,NA,p.Asp394Phe,0.559729116623678,44,0.0445675755325814
urn:mavedb:00000114-a-1#7787,NA,NA,p.Asp394Gly,0.69498737322209,38,0.0542648387228804
urn:mavedb:00000114-a-1#7788,NA,NA,p.Asp394His,0.789474945704891,32,0.086613584202367
urn:mavedb:00000114-a-1#7789,NA,NA,p.Asp394Ile,0.651278246529715,37,0.044612228484396
urn:mavedb:00000114-a-1#7790,NA,NA,p.Asp394Lys,0.749565069595401,26,0.067364404887347
urn:mavedb:00000114-a-1#7791,NA,NA,p.Asp394Leu,0.739270954287029,36,0.0359932576278109
urn:mavedb:00000114-a-1#7792,NA,NA,p.Asp394Met,0.761663911472086,32,0.0378438646290604
urn:mavedb:00000114-a-1#7793,NA,NA,p.Asp394Asn,0.854878627056273,29,0.0628579126595188
urn:mavedb:00000114-a-1#7794,NA,NA,p.Asp394Pro,0.795494128810488,32,0.043296348743178
urn:mavedb:00000114-a-1#7795,NA,NA,p.Asp394Gln,0.809848076440155,30,0.0688408208478741
urn:mavedb:00000114-a-1#7796,NA,NA,p.Asp394Arg,0.688630820002917,39,0.047722265573791
urn:mavedb:00000114-a-1#7797,NA,NA,p.Asp394Ser,0.84820986922166,22,0.0679882125822136
urn:mavedb:00000114-a-1#7798,NA,NA,p.Asp394Thr,0.789329868865779,23,0.0742784022528881
urn:mavedb:00000114-a-1#7799,NA,NA,p.Asp394Val,0.739576397574272,28,0.0584556966402869
urn:mavedb:00000114-a-1#7800,NA,NA,p.Asp394Trp,0.602461040491669,33,0.0611574283399797
urn:mavedb:00000114-a-1#7801,NA,NA,p.Asp394Tyr,0.641308782983581,23,0.0643210301117674
urn:mavedb:00000114-a-1#7802,NA,NA,p.Glu395Ter,-0.0113735228653042,23,0.0224376363012834
urn:mavedb:00000114-a-1#7803,NA,NA,p.Glu395Ala,0.97547000428558,18,0.074250015612046
urn:mavedb:00000114-a-1#7804,NA,NA,p.Glu395Cys,0.932760501752257,27,0.0496713520631434
urn:mavedb:00000114-a-1#7805,NA,NA,p.Glu395Asp,0.986564943129833,22,0.0667743370893768
urn:mavedb:00000114-a-1#7806,NA,NA,p.Glu395Phe,0.961786854279606,30,0.0460792887312019
urn:mavedb:00000114-a-1#7807,NA,NA,p.Glu395Gly,0.883427843519175,33,0.0528903216736716
urn:mavedb:00000114-a-1#7808,NA,NA,p.Glu395His,0.99122230165544,23,0.0458583285320155
urn:mavedb:00000114-a-1#7809,NA,NA,p.Glu395Ile,0.958264202568277,25,0.0705941852896666
urn:mavedb:00000114-a-1#7810,NA,NA,p.Glu395Lys,0.998047181653687,32,0.0688473988942161
urn:mavedb:00000114-a-1#7811,NA,NA,p.Glu395Leu,0.99326206559579,18,0.0647865718571995
urn:mavedb:00000114-a-1#7812,NA,NA,p.Glu395Met,0.977334339429504,26,0.066651762033402
urn:mavedb:00000114-a-1#7813,NA,NA,p.Glu395Asn,0.97048035500364,16,0.0474177184042506
urn:mavedb:00000114-a-1#7814,NA,NA,p.Glu395Pro,1.04622395229138,36,0.0413420985330875
urn:mavedb:00000114-a-1#7815,NA,NA,p.Glu395Gln,1.01005161362216,30,0.055795625885154
urn:mavedb:00000114-a-1#7816,NA,NA,p.Glu395Arg,0.970373177951279,24,0.0657195127791215
urn:mavedb:00000114-a-1#7817,NA,NA,p.Glu395Ser,0.935187245692778,21,0.0894371790036879
urn:mavedb:00000114-a-1#7818,NA,NA,p.Glu395Thr,0.970329374135579,29,0.0391444750374368
urn:mavedb:00000114-a-1#7819,NA,NA,p.Glu395Val,0.932852347093013,25,0.0833570710822036
urn:mavedb:00000114-a-1#7820,NA,NA,p.Glu395Trp,0.941547557027982,26,0.055152931920163
urn:mavedb:00000114-a-1#7821,NA,NA,p.Glu395Tyr,1.06267868838785,33,0.0405936644756466
urn:mavedb:00000114-a-1#7822,NA,NA,p.Arg396Ter,0.0287746347988181,23,0.103606528808587
urn:mavedb:00000114-a-1#7823,NA,NA,p.Arg396Ala,0.978242800313851,16,0.0892284417397851
urn:mavedb:00000114-a-1#7824,NA,NA,p.Arg396Cys,0.957112570540088,29,0.0597411985659846
urn:mavedb:00000114-a-1#7825,NA,NA,p.Arg396Asp,1.03042257678828,28,0.0487607334276208
urn:mavedb:00000114-a-1#7826,NA,NA,p.Arg396Glu,1.06765638894059,35,0.046300253253242
urn:mavedb:00000114-a-1#7827,NA,NA,p.Arg396Phe,1.01336039265943,26,0.0474073513674936
urn:mavedb:00000114-a-1#7828,NA,NA,p.Arg396Gly,0.952057298137147,24,0.0554058184971796
urn:mavedb:00000114-a-1#7829,NA,NA,p.Arg396His,0.994441443806121,33,0.0539108437995371
urn:mavedb:00000114-a-1#7830,NA,NA,p.Arg396Ile,0.98619086907452,38,0.0554257725336543
urn:mavedb:00000114-a-1#7831,NA,NA,p.Arg396Lys,0.990699075708349,31,0.0530624814949558
urn:mavedb:00000114-a-1#7832,NA,NA,p.Arg396Leu,0.970990986969746,33,0.0384451075053555
urn:mavedb:00000114-a-1#7833,NA,NA,p.Arg396Met,0.983459885804509,42,0.0481347342344748
urn:mavedb:00000114-a-1#7834,NA,NA,p.Arg396Asn,0.959466310733648,24,0.0554197527539743
urn:mavedb:00000114-a-1#7835,NA,NA,p.Arg396Pro,0.974811943540288,17,0.0357234547677338
urn:mavedb:00000114-a-1#7836,NA,NA,p.Arg396Gln,0.966992029863064,35,0.0652710078887995
urn:mavedb:00000114-a-1#7837,NA,NA,p.Arg396Ser,1.02939843896245,32,0.0455681914776273
urn:mavedb:00000114-a-1#7838,NA,NA,p.Arg396Thr,0.982676950656201,31,0.0360906157403944
urn:mavedb:00000114-a-1#7839,NA,NA,p.Arg396Val,0.936300733668531,36,0.0494065628580143
urn:mavedb:00000114-a-1#7840,NA,NA,p.Arg396Trp,0.906877784763612,32,0.0508748860813374
urn:mavedb:00000114-a-1#7841,NA,NA,p.Arg396Tyr,1.00508103631748,23,0.033911333426486
urn:mavedb:00000114-a-1#7842,NA,NA,p.Ala397Ter,0.0396890418222228,29,0.169075170596146
urn:mavedb:00000114-a-1#7843,NA,NA,p.Ala397Cys,0.980689810409699,21,0.0795043566506556
urn:mavedb:00000114-a-1#7844,NA,NA,p.Ala397Asp,1.01690676704231,26,0.0485272218365474
urn:mavedb:00000114-a-1#7845,NA,NA,p.Ala397Glu,1.00170250559551,25,0.0620609177257295
urn:mavedb:00000114-a-1#7846,NA,NA,p.Ala397Phe,0.964672893904798,26,0.0741657436056989
urn:mavedb:00000114-a-1#7847,NA,NA,p.Ala397Gly,0.915222027942204,24,0.0487531555368103
urn:mavedb:00000114-a-1#7848,NA,NA,p.Ala397His,0.939309031778194,23,0.0582484716015212
urn:mavedb:00000114-a-1#7849,NA,NA,p.Ala397Ile,0.980116126056778,23,0.0674492176660398
urn:mavedb:00000114-a-1#7850,NA,NA,p.Ala397Lys,0.86878593979081,35,0.0546961341953533
urn:mavedb:00000114-a-1#7851,NA,NA,p.Ala397Leu,0.955872200528798,27,0.0423486861794769
urn:mavedb:00000114-a-1#7852,NA,NA,p.Ala397Met,0.970279546854327,26,0.0698473275781173
urn:mavedb:00000114-a-1#7853,NA,NA,p.Ala397Asn,1.01662008339288,29,0.0592249913485295
urn:mavedb:00000114-a-1#7854,NA,NA,p.Ala397Pro,0.725968134865208,31,0.0695051108153586
urn:mavedb:00000114-a-1#7855,NA,NA,p.Ala397Gln,0.934119950061895,31,0.0612512238926463
urn:mavedb:00000114-a-1#7856,NA,NA,p.Ala397Arg,0.86542768400513,27,0.0522528247010826
urn:mavedb:00000114-a-1#7857,NA,NA,p.Ala397Ser,1.00414966211942,33,0.0417191509119711
urn:mavedb:00000114-a-1#7858,NA,NA,p.Ala397Thr,0.945328550660586,33,0.0429751652952599
urn:mavedb:00000114-a-1#7859,NA,NA,p.Ala397Val,1.00192231248294,33,0.0541103579168493
urn:mavedb:00000114-a-1#7860,NA,NA,p.Ala397Trp,0.914030409141617,30,0.0649799485626927
urn:mavedb:00000114-a-1#7861,NA,NA,p.Ala397Tyr,0.930899729324094,25,0.0528740101967517
urn:mavedb:00000114-a-1#7862,NA,NA,p.Ala398Ter,-0.0168883907900438,34,0.0257074859658034
urn:mavedb:00000114-a-1#7863,NA,NA,p.Ala398Cys,0.976346321604008,18,0.061552945726595
urn:mavedb:00000114-a-1#7864,NA,NA,p.Ala398Asp,0.879862214559234,22,0.0803087651792898
urn:mavedb:00000114-a-1#7865,NA,NA,p.Ala398Glu,1.02759432170535,20,0.0505486214318419
urn:mavedb:00000114-a-1#7866,NA,NA,p.Ala398Phe,0.974512545498054,33,0.0326979342702938
urn:mavedb:00000114-a-1#7867,NA,NA,p.Ala398Gly,0.865485455347265,16,0.10519840811506
urn:mavedb:00000114-a-1#7868,NA,NA,p.Ala398His,0.932979979496505,18,0.050806779784082
urn:mavedb:00000114-a-1#7869,NA,NA,p.Ala398Ile,1.01156516141311,29,0.0488897351016068
urn:mavedb:00000114-a-1#7870,NA,NA,p.Ala398Lys,1.0815131045112,29,0.0558921171124933
urn:mavedb:00000114-a-1#7871,NA,NA,p.Ala398Leu,1.00722180608803,27,0.0622099441942245
urn:mavedb:00000114-a-1#7872,NA,NA,p.Ala398Met,1.06975092841996,29,0.0445897042719737
urn:mavedb:00000114-a-1#7873,NA,NA,p.Ala398Asn,0.957466421106063,26,0.0569755247169956
urn:mavedb:00000114-a-1#7874,NA,NA,p.Ala398Pro,0.513389053303011,16,0.093627413987168
urn:mavedb:00000114-a-1#7875,NA,NA,p.Ala398Gln,1.0378719463092,22,0.064401746660083
urn:mavedb:00000114-a-1#7876,NA,NA,p.Ala398Arg,1.02185045382308,22,0.0765778446925403
urn:mavedb:00000114-a-1#7877,NA,NA,p.Ala398Ser,0.998884972675456,26,0.05292074824036
urn:mavedb:00000114-a-1#7878,NA,NA,p.Ala398Thr,0.959579734667603,18,0.0722979355938528
urn:mavedb:00000114-a-1#7879,NA,NA,p.Ala398Val,0.992963419941863,20,0.042421650014038
urn:mavedb:00000114-a-1#7880,NA,NA,p.Ala398Trp,0.951327607829725,27,0.0788330370879657
urn:mavedb:00000114-a-1#7881,NA,NA,p.Ala398Tyr,0.89534804694819,22,0.0661484737396285
urn:mavedb:00000114-a-1#7882,NA,NA,p.Glu399Ter,-0.004514931356838,35,0.0364819975434764
urn:mavedb:00000114-a-1#7883,NA,NA,p.Glu399Ala,0.983262825524356,28,0.0553077822536905
urn:mavedb:00000114-a-1#7884,NA,NA,p.Glu399Cys,0.909732960451397,23,0.0600215929453005
urn:mavedb:00000114-a-1#7885,NA,NA,p.Glu399Asp,1.00124227894132,30,0.0580724471414685
urn:mavedb:00000114-a-1#7886,NA,NA,p.Glu399Phe,0.955379231035234,27,0.0625948871369959
urn:mavedb:00000114-a-1#7887,NA,NA,p.Glu399Gly,0.952809108934695,30,0.0353407143113266
urn:mavedb:00000114-a-1#7888,NA,NA,p.Glu399His,0.968693961825684,36,0.0410167781762419
urn:mavedb:00000114-a-1#7889,NA,NA,p.Glu399Ile,0.992307006032633,32,0.0449764938308619
urn:mavedb:00000114-a-1#7890,NA,NA,p.Glu399Lys,0.920584598637681,27,0.0337599377732231
urn:mavedb:00000114-a-1#7891,NA,NA,p.Glu399Leu,0.998283463097536,32,0.0568701635148545
urn:mavedb:00000114-a-1#7892,NA,NA,p.Glu399Met,1.05153310408443,28,0.0574099119408538
urn:mavedb:00000114-a-1#7893,NA,NA,p.Glu399Asn,1.01592447356422,22,0.054849056762945
urn:mavedb:00000114-a-1#7894,NA,NA,p.Glu399Pro,0.678667214069168,36,0.0541105742200365
urn:mavedb:00000114-a-1#7895,NA,NA,p.Glu399Gln,0.970031041159749,21,0.0666050213267428
urn:mavedb:00000114-a-1#7896,NA,NA,p.Glu399Arg,1.05132810297789,31,0.0672512824571904
urn:mavedb:00000114-a-1#7897,NA,NA,p.Glu399Ser,1.03779185867919,21,0.0578668767652242
urn:mavedb:00000114-a-1#7898,NA,NA,p.Glu399Thr,0.998704549921305,36,0.0493070990309429
urn:mavedb:00000114-a-1#7899,NA,NA,p.Glu399Val,0.949647223316275,34,0.0473109871980678
urn:mavedb:00000114-a-1#7900,NA,NA,p.Glu399Trp,0.975089667069878,27,0.0630960481057197
urn:mavedb:00000114-a-1#7901,NA,NA,p.Glu399Tyr,0.96908193235359,34,0.0663919659700807
urn:mavedb:00000114-a-1#7902,NA,NA,p.Gln400Ter,0.124563282384179,43,0.2311958881042
urn:mavedb:00000114-a-1#7903,NA,NA,p.Gln400Ala,1.03212048302578,31,0.059660695435837
urn:mavedb:00000114-a-1#7904,NA,NA,p.Gln400Cys,1.04527553910209,31,0.038095496991741
urn:mavedb:00000114-a-1#7905,NA,NA,p.Gln400Asp,1.07007403324211,50,0.0392240597715178
urn:mavedb:00000114-a-1#7906,NA,NA,p.Gln400Glu,1.12931519783672,28,0.0595513915549437
urn:mavedb:00000114-a-1#7907,NA,NA,p.Gln400Phe,1.00707915916729,45,0.0431584861964997
urn:mavedb:00000114-a-1#7908,NA,NA,p.Gln400Gly,1.04298423448183,32,0.0470313352596182
urn:mavedb:00000114-a-1#7909,NA,NA,p.Gln400His,1.02723879221763,33,0.0546550735662292
urn:mavedb:00000114-a-1#7910,NA,NA,p.Gln400Ile,1.03313985828641,25,0.0421384529581333
urn:mavedb:00000114-a-1#7911,NA,NA,p.Gln400Lys,1.06800389031305,36,0.0593992719444659
urn:mavedb:00000114-a-1#7912,NA,NA,p.Gln400Leu,1.01709994733117,24,0.0582140997392282
urn:mavedb:00000114-a-1#7913,NA,NA,p.Gln400Met,1.07462118383061,39,0.0514375054866044
urn:mavedb:00000114-a-1#7914,NA,NA,p.Gln400Asn,1.08344575372691,32,0.0388364454581434
urn:mavedb:00000114-a-1#7915,NA,NA,p.Gln400Pro,0.63170098416961,35,0.0677750783365696
urn:mavedb:00000114-a-1#7916,NA,NA,p.Gln400Arg,1.04713925922259,40,0.0357606510049426
urn:mavedb:00000114-a-1#7917,NA,NA,p.Gln400Ser,1.06840977031402,45,0.0351188677203837
urn:mavedb:00000114-a-1#7918,NA,NA,p.Gln400Thr,1.01549642030133,35,0.0520752610145893
urn:mavedb:00000114-a-1#7919,NA,NA,p.Gln400Val,1.08136873685403,40,0.0501128991707505
urn:mavedb:00000114-a-1#7920,NA,NA,p.Gln400Trp,1.00018769243472,38,0.0514769051736056
urn:mavedb:00000114-a-1#7921,NA,NA,p.Gln400Tyr,0.979928820290643,35,0.0494746701947412
urn:mavedb:00000114-a-1#7922,NA,NA,p.Ala401Ter,0.0475100694155187,17,0.182033604246235
urn:mavedb:00000114-a-1#7923,NA,NA,p.Ala401Cys,0.883842795542523,16,0.0741553849510894
urn:mavedb:00000114-a-1#7924,NA,NA,p.Ala401Asp,0.028309320062921,23,0.0287786059556724
urn:mavedb:00000114-a-1#7925,NA,NA,p.Ala401Glu,0.0355710728879998,25,0.0404876305928525
urn:mavedb:00000114-a-1#7926,NA,NA,p.Ala401Phe,0.116911041349619,19,0.0752521510389678
urn:mavedb:00000114-a-1#7927,NA,NA,p.Ala401Gly,0.856325813225784,27,0.0597306768653446
urn:mavedb:00000114-a-1#7928,NA,NA,p.Ala401His,0.468864188480175,20,0.0723764530973036
urn:mavedb:00000114-a-1#7929,NA,NA,p.Ala401Ile,-0.0135086250437601,13,0.0393602905267321
urn:mavedb:00000114-a-1#7930,NA,NA,p.Ala401Lys,0.0228404851988984,14,0.0336917934229962
urn:mavedb:00000114-a-1#7931,NA,NA,p.Ala401Leu,0.0252012454433333,13,0.0435462211137541
urn:mavedb:00000114-a-1#7932,NA,NA,p.Ala401Met,0.0448946528978241,18,0.0567925664012797
urn:mavedb:00000114-a-1#7933,NA,NA,p.Ala401Asn,0.241765773605614,18,0.0780279046726743
urn:mavedb:00000114-a-1#7934,NA,NA,p.Ala401Pro,0.100625344801488,14,0.0602517655635756
urn:mavedb:00000114-a-1#7935,NA,NA,p.Ala401Gln,0.20186267507032,24,0.0873632666257277
urn:mavedb:00000114-a-1#7936,NA,NA,p.Ala401Arg,0.0071626510465532,15,0.0269630946010293
urn:mavedb:00000114-a-1#7937,NA,NA,p.Ala401Ser,0.926250374533903,22,0.0654842200612211
urn:mavedb:00000114-a-1#7938,NA,NA,p.Ala401Thr,0.138866492709259,12,0.0863467121563743
urn:mavedb:00000114-a-1#7939,NA,NA,p.Ala401Val,-0.0246685581387171,18,0.0187471701999407
urn:mavedb:00000114-a-1#7940,NA,NA,p.Ala401Trp,0.419641654258024,10,0.111161400798541
urn:mavedb:00000114-a-1#7941,NA,NA,p.Ala401Tyr,0.143569013814321,20,0.0646854371666087
urn:mavedb:00000114-a-1#7942,NA,NA,p.Arg402Ter,-0.010804397821817,46,0.0283913575415642
urn:mavedb:00000114-a-1#7943,NA,NA,p.Arg402Ala,0.854255809165398,24,0.0784382185847798
urn:mavedb:00000114-a-1#7944,NA,NA,p.Arg402Cys,0.959465893153551,35,0.0646428770815984
urn:mavedb:00000114-a-1#7945,NA,NA,p.Arg402Asp,0.15245108784284,22,0.079762223408324
urn:mavedb:00000114-a-1#7946,NA,NA,p.Arg402Glu,0.905816611883015,35,0.0351704892704557
urn:mavedb:00000114-a-1#7947,NA,NA,p.Arg402Phe,0.455047363169645,35,0.085274729338747
urn:mavedb:00000114-a-1#7948,NA,NA,p.Arg402Gly,0.695354973522033,39,0.0512855273829173
urn:mavedb:00000114-a-1#7949,NA,NA,p.Arg402His,0.755594486563966,30,0.0526903283697566
urn:mavedb:00000114-a-1#7950,NA,NA,p.Arg402Ile,0.951190182870099,34,0.0686041338692347
urn:mavedb:00000114-a-1#7951,NA,NA,p.Arg402Lys,1.00959961715457,38,0.0275999347241227
urn:mavedb:00000114-a-1#7952,NA,NA,p.Arg402Leu,0.690646209072406,26,0.0699971548705652
urn:mavedb:00000114-a-1#7953,NA,NA,p.Arg402Met,0.94607015242933,43,0.0537793960300635
urn:mavedb:00000114-a-1#7954,NA,NA,p.Arg402Asn,0.801717789743807,21,0.0469544631211726
urn:mavedb:00000114-a-1#7955,NA,NA,p.Arg402Pro,0.0671800693354613,37,0.0476619288545664
urn:mavedb:00000114-a-1#7956,NA,NA,p.Arg402Gln,0.964618817156215,38,0.0368394477727456
urn:mavedb:00000114-a-1#7957,NA,NA,p.Arg402Ser,0.991379151191597,28,0.0745276495720156
urn:mavedb:00000114-a-1#7958,NA,NA,p.Arg402Thr,0.943720323596146,30,0.0636499932428374
urn:mavedb:00000114-a-1#7959,NA,NA,p.Arg402Val,0.895806432554233,26,0.0379011284063701
urn:mavedb:00000114-a-1#7960,NA,NA,p.Arg402Trp,0.319898707011678,23,0.0444929508689039
urn:mavedb:00000114-a-1#7961,NA,NA,p.Arg402Tyr,0.366460919862407,34,0.0826828130743313
urn:mavedb:00000114-a-1#7962,NA,NA,p.Trp403Ter,0.047470173744623,22,0.139538852037395
urn:mavedb:00000114-a-1#7963,NA,NA,p.Trp403Ala,0.345739945490405,14,0.0856237493329395
urn:mavedb:00000114-a-1#7964,NA,NA,p.Trp403Cys,0.295620586107813,30,0.0926125778815708
urn:mavedb:00000114-a-1#7965,NA,NA,p.Trp403Asp,0.206336142698268,19,0.0845828744377987
urn:mavedb:00000114-a-1#7966,NA,NA,p.Trp403Glu,0.113024414077625,24,0.0823226955477493
urn:mavedb:00000114-a-1#7967,NA,NA,p.Trp403Phe,0.868730829589309,16,0.0995238162299223
urn:mavedb:00000114-a-1#7968,NA,NA,p.Trp403Gly,0.169190753817466,15,0.0916337304815951
urn:mavedb:00000114-a-1#7969,NA,NA,p.Trp403His,0.307329876617055,25,0.0819561986059462
urn:mavedb:00000114-a-1#7970,NA,NA,p.Trp403Ile,0.441644263491329,17,0.0990848854992081
urn:mavedb:00000114-a-1#7971,NA,NA,p.Trp403Lys,0.228288239715014,23,0.0868183052065622
urn:mavedb:00000114-a-1#7972,NA,NA,p.Trp403Leu,0.783598929594245,34,0.0728601859358873
urn:mavedb:00000114-a-1#7973,NA,NA,p.Trp403Met,0.810151753742416,22,0.0585960901389027
urn:mavedb:00000114-a-1#7974,NA,NA,p.Trp403Asn,0.15991883589082,26,0.0815259825789664
urn:mavedb:00000114-a-1#7975,NA,NA,p.Trp403Pro,0.125754057345948,27,0.0552771561805932
urn:mavedb:00000114-a-1#7976,NA,NA,p.Trp403Gln,0.141214131236252,35,0.0964624662008563
urn:mavedb:00000114-a-1#7977,NA,NA,p.Trp403Arg,0.171029938431348,11,0.0826335053308263
urn:mavedb:00000114-a-1#7978,NA,NA,p.Trp403Ser,0.296329757059404,21,0.0781596359742055
urn:mavedb:00000114-a-1#7979,NA,NA,p.Trp403Thr,0.161053944952234,21,0.0895476152374769
urn:mavedb:00000114-a-1#7980,NA,NA,p.Trp403Val,0.384063179253253,32,0.0835543773713476
urn:mavedb:00000114-a-1#7981,NA,NA,p.Trp403Tyr,0.820027547418785,28,0.074806276633161
urn:mavedb:00000114-a-1#7982,NA,NA,p.Glu404Ter,-0.0017865390785878,34,0.033561369491268
urn:mavedb:00000114-a-1#7983,NA,NA,p.Glu404Ala,0.930065610759452,35,0.0519102954636716
urn:mavedb:00000114-a-1#7984,NA,NA,p.Glu404Cys,0.90487445332206,32,0.0590826988105658
urn:mavedb:00000114-a-1#7985,NA,NA,p.Glu404Asp,0.995321194306819,36,0.0452257753055309
urn:mavedb:00000114-a-1#7986,NA,NA,p.Glu404Phe,0.912697923008175,31,0.0556224530366278
urn:mavedb:00000114-a-1#7987,NA,NA,p.Glu404Gly,0.898017736358553,24,0.0577607091365648
urn:mavedb:00000114-a-1#7988,NA,NA,p.Glu404His,0.92649391664641,19,0.0711083250075418
urn:mavedb:00000114-a-1#7989,NA,NA,p.Glu404Ile,1.01867928956708,29,0.04957050923492
urn:mavedb:00000114-a-1#7990,NA,NA,p.Glu404Lys,0.925052131145815,18,0.0840732444170774
urn:mavedb:00000114-a-1#7991,NA,NA,p.Glu404Leu,0.943616050917234,28,0.0531453999051302
urn:mavedb:00000114-a-1#7992,NA,NA,p.Glu404Met,0.966965338530767,18,0.0631590100234565
urn:mavedb:00000114-a-1#7993,NA,NA,p.Glu404Asn,1.00556346756349,32,0.0601298048924207
urn:mavedb:00000114-a-1#7994,NA,NA,p.Glu404Pro,1.00917485461616,28,0.0425350197100779
urn:mavedb:00000114-a-1#7995,NA,NA,p.Glu404Gln,0.913600596051071,25,0.0530647780147973
urn:mavedb:00000114-a-1#7996,NA,NA,p.Glu404Arg,0.8814550766092,24,0.0605689416524018
urn:mavedb:00000114-a-1#7997,NA,NA,p.Glu404Ser,0.948969611491656,13,0.0802332036283225
urn:mavedb:00000114-a-1#7998,NA,NA,p.Glu404Thr,0.949303980035315,32,0.0478589198522406
urn:mavedb:00000114-a-1#7999,NA,NA,p.Glu404Val,0.897751034865435,31,0.046752719815087
urn:mavedb:00000114-a-1#8000,NA,NA,p.Glu404Trp,0.748057269785303,33,0.0741118100187056
urn:mavedb:00000114-a-1#8001,NA,NA,p.Glu404Tyr,0.895254488451274,19,0.0318089931853486
urn:mavedb:00000114-a-1#8002,NA,NA,p.Ala405Ter,0.0464982714623286,26,0.0619194945696091
urn:mavedb:00000114-a-1#8003,NA,NA,p.Ala405Cys,0.987318633772039,22,0.0491996081506682
urn:mavedb:00000114-a-1#8004,NA,NA,p.Ala405Asp,1.01076434166956,22,0.0512929025546767
urn:mavedb:00000114-a-1#8005,NA,NA,p.Ala405Glu,1.07696654620442,20,0.0481415790508445
urn:mavedb:00000114-a-1#8006,NA,NA,p.Ala405Phe,0.973027686850784,16,0.0575330977000171
urn:mavedb:00000114-a-1#8007,NA,NA,p.Ala405Gly,0.950131764439127,22,0.0618385068922312
urn:mavedb:00000114-a-1#8008,NA,NA,p.Ala405His,0.946315693554872,17,0.0642005774877315
urn:mavedb:00000114-a-1#8009,NA,NA,p.Ala405Ile,1.04099920282611,25,0.0426419020267554
urn:mavedb:00000114-a-1#8010,NA,NA,p.Ala405Lys,1.0531023020506,27,0.0482700373042366
urn:mavedb:00000114-a-1#8011,NA,NA,p.Ala405Leu,1.00358867654011,24,0.0512589642954741
urn:mavedb:00000114-a-1#8012,NA,NA,p.Ala405Met,1.01816122488601,18,0.0984136986137716
urn:mavedb:00000114-a-1#8013,NA,NA,p.Ala405Asn,1.02837034767024,25,0.0623888012763954
urn:mavedb:00000114-a-1#8014,NA,NA,p.Ala405Pro,1.01822839152928,20,0.0458471464648297
urn:mavedb:00000114-a-1#8015,NA,NA,p.Ala405Gln,0.933429048447023,18,0.0810197314399242
urn:mavedb:00000114-a-1#8016,NA,NA,p.Ala405Arg,1.01310055362813,18,0.0644417411984432
urn:mavedb:00000114-a-1#8017,NA,NA,p.Ala405Ser,1.03079532360126,27,0.0761491339452106
urn:mavedb:00000114-a-1#8018,NA,NA,p.Ala405Thr,1.02617355311612,33,0.0564534681471192
urn:mavedb:00000114-a-1#8019,NA,NA,p.Ala405Val,1.00996972303662,18,0.0596063119845712
urn:mavedb:00000114-a-1#8020,NA,NA,p.Ala405Trp,0.84646847481603,29,0.0711782011964406
urn:mavedb:00000114-a-1#8021,NA,NA,p.Ala405Tyr,1.00490607446474,21,0.0555345166508454
urn:mavedb:00000114-a-1#8022,NA,NA,p.Ala406Ter,-0.0033047474154715,23,0.0297094449109812
urn:mavedb:00000114-a-1#8023,NA,NA,p.Ala406Cys,0.942141718751043,24,0.0821517997723008
urn:mavedb:00000114-a-1#8024,NA,NA,p.Ala406Asp,1.11390636220574,27,0.0557537704328607
urn:mavedb:00000114-a-1#8025,NA,NA,p.Ala406Glu,1.00465206078496,24,0.055700125491051
urn:mavedb:00000114-a-1#8026,NA,NA,p.Ala406Phe,0.984962819809941,29,0.0617248629551944
urn:mavedb:00000114-a-1#8027,NA,NA,p.Ala406Gly,0.952510932287185,22,0.0511044083321317
urn:mavedb:00000114-a-1#8028,NA,NA,p.Ala406His,0.987701188426816,34,0.0454394923739988
urn:mavedb:00000114-a-1#8029,NA,NA,p.Ala406Ile,0.992738968833353,34,0.0535216934815228
urn:mavedb:00000114-a-1#8030,NA,NA,p.Ala406Lys,1.02985290110484,36,0.0630200915446523
urn:mavedb:00000114-a-1#8031,NA,NA,p.Ala406Leu,0.918925889419312,26,0.0482754325296222
urn:mavedb:00000114-a-1#8032,NA,NA,p.Ala406Met,1.03605177440957,29,0.0377452668967996
urn:mavedb:00000114-a-1#8033,NA,NA,p.Ala406Asn,1.03459215371291,19,0.0613462599720026
urn:mavedb:00000114-a-1#8034,NA,NA,p.Ala406Pro,1.01859904462604,15,0.0493316255765336
urn:mavedb:00000114-a-1#8035,NA,NA,p.Ala406Gln,1.00066601555824,20,0.0469068978251171
urn:mavedb:00000114-a-1#8036,NA,NA,p.Ala406Arg,1.02495297212771,30,0.0583614887684152
urn:mavedb:00000114-a-1#8037,NA,NA,p.Ala406Ser,1.03980429267005,20,0.0712014600964872
urn:mavedb:00000114-a-1#8038,NA,NA,p.Ala406Thr,1.03729388271579,21,0.0535044080621054
urn:mavedb:00000114-a-1#8039,NA,NA,p.Ala406Val,0.951246995827386,19,0.0734799103331258
urn:mavedb:00000114-a-1#8040,NA,NA,p.Ala406Trp,0.917418871525598,26,0.0584448350439235
urn:mavedb:00000114-a-1#8041,NA,NA,p.Ala406Tyr,1.02140468276002,31,0.0406397558721771
urn:mavedb:00000114-a-1#8042,NA,NA,p.Ser407Ter,0.0014049329478636,29,0.0193281627511571
urn:mavedb:00000114-a-1#8043,NA,NA,p.Ser407Ala,0.963666703450996,18,0.0837427696580112
urn:mavedb:00000114-a-1#8044,NA,NA,p.Ser407Cys,0.968092679129537,21,0.0635582589191926
urn:mavedb:00000114-a-1#8045,NA,NA,p.Ser407Asp,0.986198772844615,31,0.0523678329963545
urn:mavedb:00000114-a-1#8046,NA,NA,p.Ser407Glu,0.991755270841564,18,0.0652009145557601
urn:mavedb:00000114-a-1#8047,NA,NA,p.Ser407Phe,0.919195215173789,26,0.0379056233356498
urn:mavedb:00000114-a-1#8048,NA,NA,p.Ser407Gly,0.871449936622309,30,0.0369518020399688
urn:mavedb:00000114-a-1#8049,NA,NA,p.Ser407His,1.00008104455861,28,0.0291377537770904
urn:mavedb:00000114-a-1#8050,NA,NA,p.Ser407Ile,0.947742060798298,28,0.0699774452894171
urn:mavedb:00000114-a-1#8051,NA,NA,p.Ser407Lys,0.997910635889445,15,0.0428238539983344
urn:mavedb:00000114-a-1#8052,NA,NA,p.Ser407Leu,0.913018784189412,38,0.0557480464188462
urn:mavedb:00000114-a-1#8053,NA,NA,p.Ser407Met,0.936315693039608,24,0.0678311589949847
urn:mavedb:00000114-a-1#8054,NA,NA,p.Ser407Asn,1.05010822387592,27,0.0457570206397174
urn:mavedb:00000114-a-1#8055,NA,NA,p.Ser407Pro,1.01548801371051,24,0.0556674855685422
urn:mavedb:00000114-a-1#8056,NA,NA,p.Ser407Gln,0.940179158257446,25,0.0467805952312373
urn:mavedb:00000114-a-1#8057,NA,NA,p.Ser407Arg,0.969386759318338,18,0.044034225220893
urn:mavedb:00000114-a-1#8058,NA,NA,p.Ser407Thr,1.01098478118078,25,0.0397592370291274
urn:mavedb:00000114-a-1#8059,NA,NA,p.Ser407Val,0.841831900825679,26,0.0636750219851521
urn:mavedb:00000114-a-1#8060,NA,NA,p.Ser407Trp,0.855825457153481,19,0.0774282921078762
urn:mavedb:00000114-a-1#8061,NA,NA,p.Ser407Tyr,0.945656309693497,27,0.0502616052831132
urn:mavedb:00000114-a-1#8062,NA,NA,p.Lys408Ter,0.0256175963171312,22,0.0612979278685802
urn:mavedb:00000114-a-1#8063,NA,NA,p.Lys408Ala,0.949628678893863,14,0.0746424424428537
urn:mavedb:00000114-a-1#8064,NA,NA,p.Lys408Cys,0.89765930438834,19,0.0608319846360756
urn:mavedb:00000114-a-1#8065,NA,NA,p.Lys408Asp,0.98936032214292,18,0.0914755975643755
urn:mavedb:00000114-a-1#8066,NA,NA,p.Lys408Glu,1.01768084875072,36,0.0250617141351249
urn:mavedb:00000114-a-1#8067,NA,NA,p.Lys408Phe,0.91377257541693,20,0.0601439990372218
urn:mavedb:00000114-a-1#8068,NA,NA,p.Lys408Gly,0.962380266895848,28,0.0538621230954908
urn:mavedb:00000114-a-1#8069,NA,NA,p.Lys408His,0.966170871118299,23,0.0443455129830333
urn:mavedb:00000114-a-1#8070,NA,NA,p.Lys408Ile,0.968325033370832,29,0.0721343100633558
urn:mavedb:00000114-a-1#8071,NA,NA,p.Lys408Leu,1.00584854831507,24,0.0628653915513597
urn:mavedb:00000114-a-1#8072,NA,NA,p.Lys408Met,0.976226487958216,19,0.0589301936442583
urn:mavedb:00000114-a-1#8073,NA,NA,p.Lys408Asn,1.00014967069148,27,0.0314933095390556
urn:mavedb:00000114-a-1#8074,NA,NA,p.Lys408Pro,0.955399251201628,26,0.0644720481585208
urn:mavedb:00000114-a-1#8075,NA,NA,p.Lys408Gln,0.975512326216769,25,0.0460690804699832
urn:mavedb:00000114-a-1#8076,NA,NA,p.Lys408Arg,0.883598995502398,26,0.0658647572426358
urn:mavedb:00000114-a-1#8077,NA,NA,p.Lys408Ser,0.947300275127467,28,0.0820230956574278
urn:mavedb:00000114-a-1#8078,NA,NA,p.Lys408Thr,0.972223604232671,23,0.0618281996923434
urn:mavedb:00000114-a-1#8079,NA,NA,p.Lys408Val,1.0055456805032,28,0.035894814993633
urn:mavedb:00000114-a-1#8080,NA,NA,p.Lys408Trp,0.881381462858372,23,0.0682751039193169
urn:mavedb:00000114-a-1#8081,NA,NA,p.Lys408Tyr,0.941590977713704,38,0.041481857860774
urn:mavedb:00000114-a-1#8082,NA,NA,p.Glu409Ter,-0.0031143108053801,31,0.0222632446917291
urn:mavedb:00000114-a-1#8083,NA,NA,p.Glu409Ala,0.903446219652321,15,0.068389750920904
urn:mavedb:00000114-a-1#8084,NA,NA,p.Glu409Cys,0.927756942405568,24,0.0826345394727025
urn:mavedb:00000114-a-1#8085,NA,NA,p.Glu409Asp,1.04402459942016,38,0.0598032034749582
urn:mavedb:00000114-a-1#8086,NA,NA,p.Glu409Phe,0.934314249803095,38,0.0440749509837333
urn:mavedb:00000114-a-1#8087,NA,NA,p.Glu409Gly,0.807721265852327,21,0.0765253752947162
urn:mavedb:00000114-a-1#8088,NA,NA,p.Glu409His,0.988486882626413,14,0.0944297815716426
urn:mavedb:00000114-a-1#8089,NA,NA,p.Glu409Ile,0.926464438316844,25,0.0702441373007947
urn:mavedb:00000114-a-1#8090,NA,NA,p.Glu409Lys,0.908484449085985,28,0.088606881732036
urn:mavedb:00000114-a-1#8091,NA,NA,p.Glu409Leu,0.907829875268259,35,0.0505104063054031
urn:mavedb:00000114-a-1#8092,NA,NA,p.Glu409Met,0.940254528527251,28,0.0500951838135519
urn:mavedb:00000114-a-1#8093,NA,NA,p.Glu409Asn,0.969497620705661,22,0.0696427979805773
urn:mavedb:00000114-a-1#8094,NA,NA,p.Glu409Pro,0.921462546578004,25,0.0704516543739536
urn:mavedb:00000114-a-1#8095,NA,NA,p.Glu409Gln,0.910481844616421,27,0.0602421189782616
urn:mavedb:00000114-a-1#8096,NA,NA,p.Glu409Arg,0.920610482660417,20,0.0674626113591946
urn:mavedb:00000114-a-1#8097,NA,NA,p.Glu409Ser,0.937469035749839,26,0.0465367615764346
urn:mavedb:00000114-a-1#8098,NA,NA,p.Glu409Thr,0.937826634405498,32,0.0626633170879101
urn:mavedb:00000114-a-1#8099,NA,NA,p.Glu409Val,0.906347711358551,26,0.0378176130597205
urn:mavedb:00000114-a-1#8100,NA,NA,p.Glu409Trp,0.938690874712239,21,0.0661471965199722
urn:mavedb:00000114-a-1#8101,NA,NA,p.Glu409Tyr,0.98448565228561,33,0.0568893406544061
urn:mavedb:00000114-a-1#8102,NA,NA,p.Thr410Ter,0.0037991676212401,29,0.0427034653842196
urn:mavedb:00000114-a-1#8103,NA,NA,p.Thr410Ala,0.94578719500451,26,0.0605941036629893
urn:mavedb:00000114-a-1#8104,NA,NA,p.Thr410Cys,0.963560738081077,22,0.0453212107026903
urn:mavedb:00000114-a-1#8105,NA,NA,p.Thr410Asp,1.02792101344599,37,0.0353123613671786
urn:mavedb:00000114-a-1#8106,NA,NA,p.Thr410Glu,1.01072564886273,28,0.0549810673446792
urn:mavedb:00000114-a-1#8107,NA,NA,p.Thr410Phe,0.91228574153804,28,0.0724844150933914
urn:mavedb:00000114-a-1#8108,NA,NA,p.Thr410Gly,0.90186021391741,33,0.0773355387650325
urn:mavedb:00000114-a-1#8109,NA,NA,p.Thr410His,0.958306758728612,20,0.0782451424043105
urn:mavedb:00000114-a-1#8110,NA,NA,p.Thr410Ile,0.891355141527785,36,0.0394903259256948
urn:mavedb:00000114-a-1#8111,NA,NA,p.Thr410Lys,0.923683066309126,34,0.0388289478896375
urn:mavedb:00000114-a-1#8112,NA,NA,p.Thr410Leu,0.87394390223604,37,0.0508134583513503
urn:mavedb:00000114-a-1#8113,NA,NA,p.Thr410Met,0.975744218286068,19,0.0544248286884643
urn:mavedb:00000114-a-1#8114,NA,NA,p.Thr410Asn,0.939006589421413,46,0.0600337034740594
urn:mavedb:00000114-a-1#8115,NA,NA,p.Thr410Pro,0.902890282728658,34,0.0671972616255432
urn:mavedb:00000114-a-1#8116,NA,NA,p.Thr410Gln,0.94100897365685,23,0.0643378018082074
urn:mavedb:00000114-a-1#8117,NA,NA,p.Thr410Arg,0.936693287842962,33,0.0513472441842878
urn:mavedb:00000114-a-1#8118,NA,NA,p.Thr410Ser,0.9361321431866,23,0.0570664696130475
urn:mavedb:00000114-a-1#8119,NA,NA,p.Thr410Val,0.952178416783245,38,0.0456150597883863
urn:mavedb:00000114-a-1#8120,NA,NA,p.Thr410Trp,0.938172524920601,35,0.050719880943383
urn:mavedb:00000114-a-1#8121,NA,NA,p.Thr410Tyr,0.943929438212793,22,0.075476527236564
urn:mavedb:00000114-a-1#8122,NA,NA,p.Ile411Ter,0.0730960251844285,20,0.101821916263709
urn:mavedb:00000114-a-1#8123,NA,NA,p.Ile411Ala,0.922711661222859,19,0.0731928187872238
urn:mavedb:00000114-a-1#8124,NA,NA,p.Ile411Cys,0.911071323406433,26,0.0380046213438539
urn:mavedb:00000114-a-1#8125,NA,NA,p.Ile411Asp,1.0780362615946,23,0.0476341634858862
urn:mavedb:00000114-a-1#8126,NA,NA,p.Ile411Glu,0.996655786750692,27,0.0475208919490087
urn:mavedb:00000114-a-1#8127,NA,NA,p.Ile411Phe,0.966036857862807,23,0.0547302619159049
urn:mavedb:00000114-a-1#8128,NA,NA,p.Ile411Gly,0.880687029800428,18,0.0577545242137091
urn:mavedb:00000114-a-1#8129,NA,NA,p.Ile411His,0.966307527463478,22,0.0640201436678517
urn:mavedb:00000114-a-1#8130,NA,NA,p.Ile411Lys,1.03248886751256,27,0.0612870980930522
urn:mavedb:00000114-a-1#8131,NA,NA,p.Ile411Leu,0.970621086820037,24,0.0814772034792791
urn:mavedb:00000114-a-1#8132,NA,NA,p.Ile411Met,0.98691186933461,36,0.0384538485371369
urn:mavedb:00000114-a-1#8133,NA,NA,p.Ile411Asn,1.03396450147807,23,0.0361926648528907
urn:mavedb:00000114-a-1#8134,NA,NA,p.Ile411Pro,0.909599199465543,21,0.088958388075952
urn:mavedb:00000114-a-1#8135,NA,NA,p.Ile411Gln,1.01145172516755,29,0.0357537330928931
urn:mavedb:00000114-a-1#8136,NA,NA,p.Ile411Arg,0.957328548360828,36,0.0580003160220228
urn:mavedb:00000114-a-1#8137,NA,NA,p.Ile411Ser,1.01713792520867,23,0.0551073821216397
urn:mavedb:00000114-a-1#8138,NA,NA,p.Ile411Thr,0.970207915145533,31,0.0641405548614873
urn:mavedb:00000114-a-1#8139,NA,NA,p.Ile411Val,0.959483757446763,30,0.0634528288429202
urn:mavedb:00000114-a-1#8140,NA,NA,p.Ile411Trp,0.915157079822961,41,0.0603573764247767
urn:mavedb:00000114-a-1#8141,NA,NA,p.Ile411Tyr,0.96364325913378,35,0.0619412407980605
urn:mavedb:00000114-a-1#8142,NA,NA,p.Lys412Ter,-0.0097489580166284,32,0.0160666554688747
urn:mavedb:00000114-a-1#8143,NA,NA,p.Lys412Ala,0.959785972251335,32,0.0561620787398393
urn:mavedb:00000114-a-1#8144,NA,NA,p.Lys412Cys,0.977960047587647,24,0.0332290810223298
urn:mavedb:00000114-a-1#8145,NA,NA,p.Lys412Asp,0.979184163079632,17,0.0596007450686691
urn:mavedb:00000114-a-1#8146,NA,NA,p.Lys412Glu,0.951799213986871,18,0.0630213816208802
urn:mavedb:00000114-a-1#8147,NA,NA,p.Lys412Phe,0.943920032780013,24,0.0439283393821235
urn:mavedb:00000114-a-1#8148,NA,NA,p.Lys412Gly,0.96485037912446,24,0.061595251190754
urn:mavedb:00000114-a-1#8149,NA,NA,p.Lys412His,0.979097214808467,34,0.0492133610294209
urn:mavedb:00000114-a-1#8150,NA,NA,p.Lys412Ile,1.00052853725831,26,0.0744862160442097
urn:mavedb:00000114-a-1#8151,NA,NA,p.Lys412Leu,0.986150210305931,23,0.0355183943418495
urn:mavedb:00000114-a-1#8152,NA,NA,p.Lys412Met,0.986592290595549,31,0.0386816846221138
urn:mavedb:00000114-a-1#8153,NA,NA,p.Lys412Asn,1.0245968640328,18,0.0657935526720272
urn:mavedb:00000114-a-1#8154,NA,NA,p.Lys412Pro,0.928251233424681,34,0.039640520851645
urn:mavedb:00000114-a-1#8155,NA,NA,p.Lys412Gln,0.954222043323575,28,0.0376149004847214
urn:mavedb:00000114-a-1#8156,NA,NA,p.Lys412Arg,0.953314362081475,23,0.0664726119809576
urn:mavedb:00000114-a-1#8157,NA,NA,p.Lys412Ser,1.00132393636397,29,0.0311988358604478
urn:mavedb:00000114-a-1#8158,NA,NA,p.Lys412Thr,1.00724885467757,31,0.0550642830360731
urn:mavedb:00000114-a-1#8159,NA,NA,p.Lys412Val,0.967195124485743,34,0.0371068870310024
urn:mavedb:00000114-a-1#8160,NA,NA,p.Lys412Trp,0.95350701295672,45,0.0432193679269696
urn:mavedb:00000114-a-1#8161,NA,NA,p.Lys412Tyr,0.972257599682732,24,0.0576544007855288
urn:mavedb:00000114-a-1#8162,NA,NA,p.Lys413Ter,0.0964276351423507,18,0.156299145845405
urn:mavedb:00000114-a-1#8163,NA,NA,p.Lys413Ala,1.05152545015815,25,0.0482761389566896
urn:mavedb:00000114-a-1#8164,NA,NA,p.Lys413Cys,1.0080370321727,30,0.0475650255640484
urn:mavedb:00000114-a-1#8165,NA,NA,p.Lys413Asp,1.10529836034053,24,0.0532508905479291
urn:mavedb:00000114-a-1#8166,NA,NA,p.Lys413Glu,1.05354905130159,30,0.0502253066575235
urn:mavedb:00000114-a-1#8167,NA,NA,p.Lys413Phe,1.08431630787682,17,0.0455086260223629
urn:mavedb:00000114-a-1#8168,NA,NA,p.Lys413Gly,1.01056896872049,25,0.0492177202464095
urn:mavedb:00000114-a-1#8169,NA,NA,p.Lys413His,1.09612202154485,23,0.0540159710295524
urn:mavedb:00000114-a-1#8170,NA,NA,p.Lys413Ile,1.03826779207972,26,0.0738884523320825
urn:mavedb:00000114-a-1#8171,NA,NA,p.Lys413Leu,0.991269758307265,29,0.0394387758547442
urn:mavedb:00000114-a-1#8172,NA,NA,p.Lys413Met,0.983959888123658,19,0.0677791515296235
urn:mavedb:00000114-a-1#8173,NA,NA,p.Lys413Asn,1.0172891958881,26,0.0614719386620078
urn:mavedb:00000114-a-1#8174,NA,NA,p.Lys413Pro,1.01967505459317,37,0.0528138144844505
urn:mavedb:00000114-a-1#8175,NA,NA,p.Lys413Gln,1.00782291699424,23,0.0647341952658339
urn:mavedb:00000114-a-1#8176,NA,NA,p.Lys413Arg,0.992225227241006,27,0.0715056136598986
urn:mavedb:00000114-a-1#8177,NA,NA,p.Lys413Ser,1.04543763198654,40,0.047779216983414
urn:mavedb:00000114-a-1#8178,NA,NA,p.Lys413Thr,1.03096202009331,23,0.0679545160274997
urn:mavedb:00000114-a-1#8179,NA,NA,p.Lys413Val,1.21215735820846,18,0.048630693789469
urn:mavedb:00000114-a-1#8180,NA,NA,p.Lys413Trp,0.953897908917294,24,0.0421902073421178
urn:mavedb:00000114-a-1#8181,NA,NA,p.Lys413Tyr,1.0327472145061,32,0.041170712837465
urn:mavedb:00000114-a-1#8182,NA,NA,p.Thr414Ter,0.0127568902712067,29,0.0341883697110143
urn:mavedb:00000114-a-1#8183,NA,NA,p.Thr414Ala,0.955268745640336,31,0.0531430631841987
urn:mavedb:00000114-a-1#8184,NA,NA,p.Thr414Cys,0.92794423020827,26,0.0689855114529838
urn:mavedb:00000114-a-1#8185,NA,NA,p.Thr414Asp,0.972807864532383,29,0.0690904735834708
urn:mavedb:00000114-a-1#8186,NA,NA,p.Thr414Glu,1.03715541326259,28,0.0394347515690889
urn:mavedb:00000114-a-1#8187,NA,NA,p.Thr414Phe,0.946873407160224,29,0.0414232323641018
urn:mavedb:00000114-a-1#8188,NA,NA,p.Thr414Gly,0.942736430166961,12,0.0800037170285843
urn:mavedb:00000114-a-1#8189,NA,NA,p.Thr414His,1.00653147116082,22,0.0530613943914762
urn:mavedb:00000114-a-1#8190,NA,NA,p.Thr414Ile,0.940950679496826,21,0.0694164298664344
urn:mavedb:00000114-a-1#8191,NA,NA,p.Thr414Lys,0.947869571428316,31,0.051676932707473
urn:mavedb:00000114-a-1#8192,NA,NA,p.Thr414Leu,0.915226866415727,27,0.0650129748574085
urn:mavedb:00000114-a-1#8193,NA,NA,p.Thr414Met,0.924533199644951,41,0.0640074254832529
urn:mavedb:00000114-a-1#8194,NA,NA,p.Thr414Asn,0.903192856079928,31,0.0389440337651321
urn:mavedb:00000114-a-1#8195,NA,NA,p.Thr414Pro,1.02244520800763,23,0.0531969326254856
urn:mavedb:00000114-a-1#8196,NA,NA,p.Thr414Gln,0.957515148951149,19,0.0695277282806267
urn:mavedb:00000114-a-1#8197,NA,NA,p.Thr414Arg,1.02055948982476,29,0.053979637938587
urn:mavedb:00000114-a-1#8198,NA,NA,p.Thr414Ser,0.987305791298965,33,0.0476442655665785
urn:mavedb:00000114-a-1#8199,NA,NA,p.Thr414Val,1.02846772488264,24,0.0493941652581563
urn:mavedb:00000114-a-1#8200,NA,NA,p.Thr414Trp,0.975185086330531,25,0.0452972692947808
urn:mavedb:00000114-a-1#8201,NA,NA,p.Thr414Tyr,1.00034012319584,16,0.0749314063317336
urn:mavedb:00000114-a-1#8202,NA,NA,p.Thr415Ter,0.0123634134258937,26,0.0279393334502452
urn:mavedb:00000114-a-1#8203,NA,NA,p.Thr415Ala,0.943757368118289,26,0.0538199815416819
urn:mavedb:00000114-a-1#8204,NA,NA,p.Thr415Cys,0.954771195189246,33,0.0447171849572258
urn:mavedb:00000114-a-1#8205,NA,NA,p.Thr415Asp,0.962973215450341,19,0.0670350331554457
urn:mavedb:00000114-a-1#8206,NA,NA,p.Thr415Glu,0.97953483953739,33,0.0453988271449693
urn:mavedb:00000114-a-1#8207,NA,NA,p.Thr415Phe,0.966654870715541,29,0.0432976228265618
urn:mavedb:00000114-a-1#8208,NA,NA,p.Thr415Gly,0.843669694677756,12,0.0797691319029244
urn:mavedb:00000114-a-1#8209,NA,NA,p.Thr415His,0.990758466366711,33,0.053776691403385
urn:mavedb:00000114-a-1#8210,NA,NA,p.Thr415Ile,0.976881316839098,21,0.0563524626354741
urn:mavedb:00000114-a-1#8211,NA,NA,p.Thr415Lys,0.946917111293968,28,0.0744450926420951
urn:mavedb:00000114-a-1#8212,NA,NA,p.Thr415Leu,0.910658453619489,20,0.0885924752865437
urn:mavedb:00000114-a-1#8213,NA,NA,p.Thr415Met,0.978081905591107,31,0.0578437733768468
urn:mavedb:00000114-a-1#8214,NA,NA,p.Thr415Asn,1.01686763053824,27,0.0560178647052557
urn:mavedb:00000114-a-1#8215,NA,NA,p.Thr415Pro,0.922733637131336,18,0.0617822382053167
urn:mavedb:00000114-a-1#8216,NA,NA,p.Thr415Gln,0.917131955494669,27,0.0535234139319295
urn:mavedb:00000114-a-1#8217,NA,NA,p.Thr415Arg,0.962451688598875,27,0.0379065334908093
urn:mavedb:00000114-a-1#8218,NA,NA,p.Thr415Ser,0.963450442161217,25,0.041386285277527
urn:mavedb:00000114-a-1#8219,NA,NA,p.Thr415Val,0.96819407156848,26,0.0411434963113296
urn:mavedb:00000114-a-1#8220,NA,NA,p.Thr415Trp,1.00552410921643,24,0.0563125525882473
urn:mavedb:00000114-a-1#8221,NA,NA,p.Thr415Tyr,1.00595813871593,30,0.0540151883688912
urn:mavedb:00000114-a-1#8222,NA,NA,p.Lys416Ter,-0.0047478295150316,27,0.0290173419749329
urn:mavedb:00000114-a-1#8223,NA,NA,p.Lys416Ala,0.869139463293061,14,0.0722036368413216
urn:mavedb:00000114-a-1#8224,NA,NA,p.Lys416Cys,0.745455395100181,28,0.091623425547778
urn:mavedb:00000114-a-1#8225,NA,NA,p.Lys416Asp,0.746683409124966,22,0.0566389085685025
urn:mavedb:00000114-a-1#8226,NA,NA,p.Lys416Glu,0.899604225207044,25,0.0574723804191066
urn:mavedb:00000114-a-1#8227,NA,NA,p.Lys416Phe,0.728246448671945,28,0.0598714982635509
urn:mavedb:00000114-a-1#8228,NA,NA,p.Lys416Gly,0.856213434106627,16,0.0696690044793622
urn:mavedb:00000114-a-1#8229,NA,NA,p.Lys416His,0.736195766136371,25,0.050408849327266
urn:mavedb:00000114-a-1#8230,NA,NA,p.Lys416Ile,0.76979229356101,26,0.0505297253361368
urn:mavedb:00000114-a-1#8231,NA,NA,p.Lys416Leu,0.832464616535535,26,0.0799533269829664
urn:mavedb:00000114-a-1#8232,NA,NA,p.Lys416Met,0.998010465354091,21,0.101435957253951
urn:mavedb:00000114-a-1#8233,NA,NA,p.Lys416Asn,0.757862547973854,21,0.0612471401367455
urn:mavedb:00000114-a-1#8234,NA,NA,p.Lys416Pro,0.434604661977056,35,0.0746047846371637
urn:mavedb:00000114-a-1#8235,NA,NA,p.Lys416Gln,0.920852046655382,20,0.0391167206035444
urn:mavedb:00000114-a-1#8236,NA,NA,p.Lys416Arg,0.852222689390277,40,0.032396964730427
urn:mavedb:00000114-a-1#8237,NA,NA,p.Lys416Ser,0.861426979251017,31,0.0655295921570442
urn:mavedb:00000114-a-1#8238,NA,NA,p.Lys416Thr,0.800913549540651,26,0.0938366121919355
urn:mavedb:00000114-a-1#8239,NA,NA,p.Lys416Val,0.926260660233137,21,0.0750811272122028
urn:mavedb:00000114-a-1#8240,NA,NA,p.Lys416Trp,0.847731690014889,23,0.0477570837525627
urn:mavedb:00000114-a-1#8241,NA,NA,p.Lys416Tyr,0.823340611092193,23,0.0889052130571016
urn:mavedb:00000114-a-1#8242,NA,NA,p.Pro417Ter,-0.0174360049052315,25,0.0124185013975449
urn:mavedb:00000114-a-1#8243,NA,NA,p.Pro417Ala,0.963872451124315,23,0.065144987336115
urn:mavedb:00000114-a-1#8244,NA,NA,p.Pro417Cys,0.973821278775892,36,0.0368500859906389
urn:mavedb:00000114-a-1#8245,NA,NA,p.Pro417Asp,1.13220273055147,16,0.097247122425279
urn:mavedb:00000114-a-1#8246,NA,NA,p.Pro417Glu,1.05733340639123,34,0.0570848152645061
urn:mavedb:00000114-a-1#8247,NA,NA,p.Pro417Phe,0.910604382776235,23,0.0479846034731221
urn:mavedb:00000114-a-1#8248,NA,NA,p.Pro417Gly,0.945202152580799,21,0.0533502410282657
urn:mavedb:00000114-a-1#8249,NA,NA,p.Pro417His,0.990414978345805,33,0.0664243589846632
urn:mavedb:00000114-a-1#8250,NA,NA,p.Pro417Ile,0.868409407368712,38,0.0499323125328747
urn:mavedb:00000114-a-1#8251,NA,NA,p.Pro417Lys,1.0005207760439,23,0.058101476972636
urn:mavedb:00000114-a-1#8252,NA,NA,p.Pro417Leu,0.906744428572036,18,0.063460401590455
urn:mavedb:00000114-a-1#8253,NA,NA,p.Pro417Met,0.947090084193366,38,0.0474451661431928
urn:mavedb:00000114-a-1#8254,NA,NA,p.Pro417Asn,1.07074410755288,38,0.0525071498441481
urn:mavedb:00000114-a-1#8255,NA,NA,p.Pro417Gln,0.976581050750453,18,0.0589196557383715
urn:mavedb:00000114-a-1#8256,NA,NA,p.Pro417Arg,0.944768558836659,27,0.0738667922570878
urn:mavedb:00000114-a-1#8257,NA,NA,p.Pro417Ser,0.983971050662135,30,0.0419530191227359
urn:mavedb:00000114-a-1#8258,NA,NA,p.Pro417Thr,0.939988259904664,35,0.0421477777477839
urn:mavedb:00000114-a-1#8259,NA,NA,p.Pro417Val,1.17840846178503,23,0.0709557832700006
urn:mavedb:00000114-a-1#8260,NA,NA,p.Pro417Trp,1.01660218180774,19,0.0482561229889284
urn:mavedb:00000114-a-1#8261,NA,NA,p.Pro417Tyr,0.971852360636693,24,0.070569765090905
urn:mavedb:00000114-a-1#8262,NA,NA,p.Cys418Ter,-0.0191842065575983,31,0.0211902698820773
urn:mavedb:00000114-a-1#8263,NA,NA,p.Cys418Ala,-0.0187046435126326,31,0.0219088311707081
urn:mavedb:00000114-a-1#8264,NA,NA,p.Cys418Asp,-0.0152061087907538,24,0.0168508541217634
urn:mavedb:00000114-a-1#8265,NA,NA,p.Cys418Glu,-0.0170911849735503,23,0.0259046571530385
urn:mavedb:00000114-a-1#8266,NA,NA,p.Cys418Phe,-0.0210931701064616,38,0.0151056421705842
urn:mavedb:00000114-a-1#8267,NA,NA,p.Cys418Gly,-0.0188798899378549,23,0.036535877807358
urn:mavedb:00000114-a-1#8268,NA,NA,p.Cys418His,-0.0078774446993569,30,0.0336539765430207
urn:mavedb:00000114-a-1#8269,NA,NA,p.Cys418Ile,-0.027189132316133,22,0.0228665477419885
urn:mavedb:00000114-a-1#8270,NA,NA,p.Cys418Lys,-0.0189070293408861,24,0.0162099503542309
urn:mavedb:00000114-a-1#8271,NA,NA,p.Cys418Leu,-0.0129261710487809,26,0.0204700935066626
urn:mavedb:00000114-a-1#8272,NA,NA,p.Cys418Met,-0.0290602013168564,22,0.0219996180165598
urn:mavedb:00000114-a-1#8273,NA,NA,p.Cys418Asn,-0.0210256461249976,24,0.0341965406355122
urn:mavedb:00000114-a-1#8274,NA,NA,p.Cys418Pro,-0.0304959838264116,32,0.023039857275314
urn:mavedb:00000114-a-1#8275,NA,NA,p.Cys418Gln,-0.0112692665507324,26,0.0419266904860338
urn:mavedb:00000114-a-1#8276,NA,NA,p.Cys418Arg,-0.0166933001886705,22,0.024719317436339
urn:mavedb:00000114-a-1#8277,NA,NA,p.Cys418Ser,-0.0013064784899658,21,0.0298256043953689
urn:mavedb:00000114-a-1#8278,NA,NA,p.Cys418Thr,-0.0222044713496069,30,0.0169149637517123
urn:mavedb:00000114-a-1#8279,NA,NA,p.Cys418Val,-0.017505303937956,13,0.0286011875641382
urn:mavedb:00000114-a-1#8280,NA,NA,p.Cys418Trp,-0.0169082948475368,24,0.0218460157334671
urn:mavedb:00000114-a-1#8281,NA,NA,p.Cys418Tyr,-0.0202179748402982,20,0.0258856031881374
urn:mavedb:00000114-a-1#8282,NA,NA,p.Pro419Ter,-0.0001458275192048,24,0.0254525441164087
urn:mavedb:00000114-a-1#8283,NA,NA,p.Pro419Ala,0.592482993982266,29,0.0491753027270628
urn:mavedb:00000114-a-1#8284,NA,NA,p.Pro419Cys,0.282246028681819,38,0.0840250133215094
urn:mavedb:00000114-a-1#8285,NA,NA,p.Pro419Asp,-0.0076245197167882,23,0.0275476658637762
urn:mavedb:00000114-a-1#8286,NA,NA,p.Pro419Glu,0.167147790109778,38,0.0827082979500862
urn:mavedb:00000114-a-1#8287,NA,NA,p.Pro419Phe,0.445392165403024,28,0.0819647725676518
urn:mavedb:00000114-a-1#8288,NA,NA,p.Pro419Gly,0.331629206119117,12,0.081058950299523
urn:mavedb:00000114-a-1#8289,NA,NA,p.Pro419His,0.310112794668793,23,0.0818388266225368
urn:mavedb:00000114-a-1#8290,NA,NA,p.Pro419Ile,0.842085756353226,23,0.0633874682882998
urn:mavedb:00000114-a-1#8291,NA,NA,p.Pro419Lys,0.474555133104394,31,0.0737188397351004
urn:mavedb:00000114-a-1#8292,NA,NA,p.Pro419Leu,0.672453672015803,19,0.0668285058059375
urn:mavedb:00000114-a-1#8293,NA,NA,p.Pro419Met,0.608308273694103,23,0.0630196790418642
urn:mavedb:00000114-a-1#8294,NA,NA,p.Pro419Asn,0.292142046477233,21,0.083091577521149
urn:mavedb:00000114-a-1#8295,NA,NA,p.Pro419Gln,0.415530174201291,30,0.0667046190125121
urn:mavedb:00000114-a-1#8296,NA,NA,p.Pro419Arg,0.419576130612489,26,0.100669226832229
urn:mavedb:00000114-a-1#8297,NA,NA,p.Pro419Ser,0.461800289813992,11,0.124456412374844
urn:mavedb:00000114-a-1#8298,NA,NA,p.Pro419Thr,0.53337921603423,19,0.0773878185237283
urn:mavedb:00000114-a-1#8299,NA,NA,p.Pro419Val,0.666202362653837,21,0.0523280487617153
urn:mavedb:00000114-a-1#8300,NA,NA,p.Pro419Trp,0.268284568690273,25,0.0702905663721699
urn:mavedb:00000114-a-1#8301,NA,NA,p.Pro419Tyr,0.388194579691256,27,0.0758724017806099
urn:mavedb:00000114-a-1#8302,NA,NA,p.Arg420Ter,-0.0246538606653904,29,0.02064345595079
urn:mavedb:00000114-a-1#8303,NA,NA,p.Arg420Ala,1.01609545525049,36,0.033477966590513
urn:mavedb:00000114-a-1#8304,NA,NA,p.Arg420Cys,0.968037789643729,31,0.0719652121418088
urn:mavedb:00000114-a-1#8305,NA,NA,p.Arg420Asp,1.02350609812381,31,0.0642052458623129
urn:mavedb:00000114-a-1#8306,NA,NA,p.Arg420Glu,0.968077012584942,34,0.0500261425198344
urn:mavedb:00000114-a-1#8307,NA,NA,p.Arg420Phe,1.07766424442964,38,0.0623351168179895
urn:mavedb:00000114-a-1#8308,NA,NA,p.Arg420Gly,1.04486732961066,33,0.0396137717260997
urn:mavedb:00000114-a-1#8309,NA,NA,p.Arg420His,1.10433097748369,37,0.026931437326416
urn:mavedb:00000114-a-1#8310,NA,NA,p.Arg420Ile,0.981990577582926,33,0.0642402629797328
urn:mavedb:00000114-a-1#8311,NA,NA,p.Arg420Lys,1.09777812352255,27,0.0447578575063978
urn:mavedb:00000114-a-1#8312,NA,NA,p.Arg420Leu,1.03374814341881,34,0.0481266818183132
urn:mavedb:00000114-a-1#8313,NA,NA,p.Arg420Met,1.03570720014559,22,0.0769227190279646
urn:mavedb:00000114-a-1#8314,NA,NA,p.Arg420Asn,1.15875586891342,30,0.050675443041182
urn:mavedb:00000114-a-1#8315,NA,NA,p.Arg420Pro,-0.0217591597608965,41,0.0174501751630817
urn:mavedb:00000114-a-1#8316,NA,NA,p.Arg420Gln,1.03327495709339,25,0.0610627049198951
urn:mavedb:00000114-a-1#8317,NA,NA,p.Arg420Ser,1.07214308452421,35,0.0374019178562428
urn:mavedb:00000114-a-1#8318,NA,NA,p.Arg420Thr,0.933780651957669,28,0.0538492877692146
urn:mavedb:00000114-a-1#8319,NA,NA,p.Arg420Val,0.89118478279259,39,0.0432155849050662
urn:mavedb:00000114-a-1#8320,NA,NA,p.Arg420Trp,0.880870259717989,38,0.0440474778447965
urn:mavedb:00000114-a-1#8321,NA,NA,p.Arg420Tyr,1.06408686791663,34,0.0388659808225601
urn:mavedb:00000114-a-1#8322,NA,NA,p.Cys421Ter,-0.0145592491870401,25,0.0243381681120703
urn:mavedb:00000114-a-1#8323,NA,NA,p.Cys421Ala,-0.0169905034445972,15,0.0487519784086266
urn:mavedb:00000114-a-1#8324,NA,NA,p.Cys421Asp,0.0815554550572478,24,0.0581422999833694
urn:mavedb:00000114-a-1#8325,NA,NA,p.Cys421Glu,-0.0075787974591918,18,0.0262814733329507
urn:mavedb:00000114-a-1#8326,NA,NA,p.Cys421Phe,-0.0199748418844749,24,0.0254687890669724
urn:mavedb:00000114-a-1#8327,NA,NA,p.Cys421Gly,0.0513909689981711,11,0.0560452427117135
urn:mavedb:00000114-a-1#8328,NA,NA,p.Cys421His,-0.0235394902990085,15,0.0187356070333884
urn:mavedb:00000114-a-1#8329,NA,NA,p.Cys421Ile,-0.0119042152080434,26,0.0186070522855631
urn:mavedb:00000114-a-1#8330,NA,NA,p.Cys421Lys,-0.0231429049099221,28,0.0148669073991582
urn:mavedb:00000114-a-1#8331,NA,NA,p.Cys421Leu,-0.0210107870312123,17,0.037294624744983
urn:mavedb:00000114-a-1#8332,NA,NA,p.Cys421Met,-0.0250343600100051,21,0.0136773937837759
urn:mavedb:00000114-a-1#8333,NA,NA,p.Cys421Asn,-0.0267147921213243,23,0.0135728066386555
urn:mavedb:00000114-a-1#8334,NA,NA,p.Cys421Pro,-0.0239244957713751,19,0.0128988868036045
urn:mavedb:00000114-a-1#8335,NA,NA,p.Cys421Gln,-0.0356581145677925,14,0.0135289869670066
urn:mavedb:00000114-a-1#8336,NA,NA,p.Cys421Arg,-0.0267826406683582,28,0.0167476737649772
urn:mavedb:00000114-a-1#8337,NA,NA,p.Cys421Ser,-0.0218812390607495,28,0.0228694981514454
urn:mavedb:00000114-a-1#8338,NA,NA,p.Cys421Thr,-0.03142644310286,27,0.0146222122977355
urn:mavedb:00000114-a-1#8339,NA,NA,p.Cys421Val,-0.012010408640737,16,0.0354888006090119
urn:mavedb:00000114-a-1#8340,NA,NA,p.Cys421Trp,-0.0329853181121989,19,0.0128743028568171
urn:mavedb:00000114-a-1#8341,NA,NA,p.Cys421Tyr,-0.0210967191946949,23,0.0278292647874706
urn:mavedb:00000114-a-1#8342,NA,NA,p.His422Ter,-0.0272573166037513,22,0.0202839074883393
urn:mavedb:00000114-a-1#8343,NA,NA,p.His422Ala,0.853720492061423,25,0.0557619253524965
urn:mavedb:00000114-a-1#8344,NA,NA,p.His422Cys,0.877107192754266,25,0.0669245770895588
urn:mavedb:00000114-a-1#8345,NA,NA,p.His422Asp,0.913358354035116,28,0.0646738353625463
urn:mavedb:00000114-a-1#8346,NA,NA,p.His422Glu,0.875455450829467,19,0.0765431857787252
urn:mavedb:00000114-a-1#8347,NA,NA,p.His422Phe,0.947479105215012,35,0.0959628837170847
urn:mavedb:00000114-a-1#8348,NA,NA,p.His422Gly,0.927920175545353,24,0.055799297538109
urn:mavedb:00000114-a-1#8349,NA,NA,p.His422Ile,0.867418417692243,25,0.0656326759127126
urn:mavedb:00000114-a-1#8350,NA,NA,p.His422Lys,0.760014462317895,26,0.0919263048432636
urn:mavedb:00000114-a-1#8351,NA,NA,p.His422Leu,0.905518650690444,33,0.0401375514287392
urn:mavedb:00000114-a-1#8352,NA,NA,p.His422Met,0.892639974077338,32,0.0522360845822773
urn:mavedb:00000114-a-1#8353,NA,NA,p.His422Asn,1.02128669323088,32,0.0547813352177171
urn:mavedb:00000114-a-1#8354,NA,NA,p.His422Pro,-0.0173952595289143,28,0.0219347160118017
urn:mavedb:00000114-a-1#8355,NA,NA,p.His422Gln,0.867511920475059,23,0.0680328463362497
urn:mavedb:00000114-a-1#8356,NA,NA,p.His422Arg,0.817287087030947,21,0.0581977906558972
urn:mavedb:00000114-a-1#8357,NA,NA,p.His422Ser,0.988148623887621,20,0.0552491397410698
urn:mavedb:00000114-a-1#8358,NA,NA,p.His422Thr,1.0174175486685,29,0.0551691220637301
urn:mavedb:00000114-a-1#8359,NA,NA,p.His422Val,0.654779629049675,30,0.0662372775173933
urn:mavedb:00000114-a-1#8360,NA,NA,p.His422Trp,0.761233679037088,36,0.0695022634887694
urn:mavedb:00000114-a-1#8361,NA,NA,p.His422Tyr,0.96283137344889,21,0.0666937491182767
urn:mavedb:00000114-a-1#8362,NA,NA,p.Val423Ter,-0.0302654052197613,27,0.0119278847299212
urn:mavedb:00000114-a-1#8363,NA,NA,p.Val423Ala,1.06280800500106,26,0.0530726001134308
urn:mavedb:00000114-a-1#8364,NA,NA,p.Val423Cys,1.03574835888574,17,0.0552166131013995
urn:mavedb:00000114-a-1#8365,NA,NA,p.Val423Asp,0.998427888265406,27,0.0483687963440421
urn:mavedb:00000114-a-1#8366,NA,NA,p.Val423Glu,1.10737817375754,26,0.0484838885712633
urn:mavedb:00000114-a-1#8367,NA,NA,p.Val423Phe,0.975436619940374,29,0.08397006747488
urn:mavedb:00000114-a-1#8368,NA,NA,p.Val423Gly,1.06791206673375,20,0.0676484514035178
urn:mavedb:00000114-a-1#8369,NA,NA,p.Val423His,1.0443480760002,22,0.0465716569136143
urn:mavedb:00000114-a-1#8370,NA,NA,p.Val423Ile,1.021311866843,16,0.0840635187610416
urn:mavedb:00000114-a-1#8371,NA,NA,p.Val423Lys,1.09550719659175,21,0.050578165678889
urn:mavedb:00000114-a-1#8372,NA,NA,p.Val423Leu,0.971884071522186,27,0.0674350745798351
urn:mavedb:00000114-a-1#8373,NA,NA,p.Val423Met,1.09965356643364,21,0.0486771559488706
urn:mavedb:00000114-a-1#8374,NA,NA,p.Val423Asn,1.11045419716646,25,0.0449892057979341
urn:mavedb:00000114-a-1#8375,NA,NA,p.Val423Pro,-0.0327833639664906,26,0.0206867277003184
urn:mavedb:00000114-a-1#8376,NA,NA,p.Val423Gln,1.00766653634156,29,0.058907899898253
urn:mavedb:00000114-a-1#8377,NA,NA,p.Val423Arg,1.03775412360008,17,0.0627120703095766
urn:mavedb:00000114-a-1#8378,NA,NA,p.Val423Ser,1.13590951707968,20,0.0528238336379205
urn:mavedb:00000114-a-1#8379,NA,NA,p.Val423Thr,1.1413742819022,24,0.0369630239934838
urn:mavedb:00000114-a-1#8380,NA,NA,p.Val423Trp,1.00818317349544,28,0.032442664605626
urn:mavedb:00000114-a-1#8381,NA,NA,p.Val423Tyr,1.01109038630735,26,0.0581483433595891
urn:mavedb:00000114-a-1#8382,NA,NA,p.Pro424Ter,-0.0243486361379978,35,0.0152666370979377
urn:mavedb:00000114-a-1#8383,NA,NA,p.Pro424Ala,1.08506555201549,31,0.0460465536872078
urn:mavedb:00000114-a-1#8384,NA,NA,p.Pro424Cys,0.756307761085103,25,0.0717244051076059
urn:mavedb:00000114-a-1#8385,NA,NA,p.Pro424Asp,0.99264464402309,26,0.0615287839765904
urn:mavedb:00000114-a-1#8386,NA,NA,p.Pro424Glu,0.92605514395053,28,0.0649675519713295
urn:mavedb:00000114-a-1#8387,NA,NA,p.Pro424Phe,0.885683617652108,43,0.06556811508723
urn:mavedb:00000114-a-1#8388,NA,NA,p.Pro424Gly,0.952440816333779,38,0.0428089817036038
urn:mavedb:00000114-a-1#8389,NA,NA,p.Pro424His,0.989070978114759,27,0.0558367515390215
urn:mavedb:00000114-a-1#8390,NA,NA,p.Pro424Ile,0.936420375350537,41,0.0332007731902601
urn:mavedb:00000114-a-1#8391,NA,NA,p.Pro424Lys,0.923507461420483,42,0.0620035477181845
urn:mavedb:00000114-a-1#8392,NA,NA,p.Pro424Leu,0.927256832504769,26,0.0642008469135126
urn:mavedb:00000114-a-1#8393,NA,NA,p.Pro424Met,0.908437033214816,27,0.0632995581432516
urn:mavedb:00000114-a-1#8394,NA,NA,p.Pro424Asn,1.02598570253267,35,0.0520782678786353
urn:mavedb:00000114-a-1#8395,NA,NA,p.Pro424Gln,0.952326234009668,36,0.0550818354811068
urn:mavedb:00000114-a-1#8396,NA,NA,p.Pro424Arg,0.840415804439753,28,0.0880142343431635
urn:mavedb:00000114-a-1#8397,NA,NA,p.Pro424Ser,0.782994946091081,27,0.0742344986569074
urn:mavedb:00000114-a-1#8398,NA,NA,p.Pro424Thr,1.01123468424973,25,0.0665720479586072
urn:mavedb:00000114-a-1#8399,NA,NA,p.Pro424Val,0.792757640425087,36,0.0676885798040435
urn:mavedb:00000114-a-1#8400,NA,NA,p.Pro424Trp,0.541027057784726,33,0.104235180369185
urn:mavedb:00000114-a-1#8401,NA,NA,p.Pro424Tyr,0.854881310850664,36,0.0361948563318905
urn:mavedb:00000114-a-1#8402,NA,NA,p.Val425Ter,-0.0237928563085286,26,0.0099115774305915
urn:mavedb:00000114-a-1#8403,NA,NA,p.Val425Ala,1.07556081119424,33,0.0423596124768768
urn:mavedb:00000114-a-1#8404,NA,NA,p.Val425Cys,0.987710276742156,16,0.076688504056986
urn:mavedb:00000114-a-1#8405,NA,NA,p.Val425Asp,0.951972210506053,28,0.0437111147130338
urn:mavedb:00000114-a-1#8406,NA,NA,p.Val425Glu,0.972049587444222,19,0.0489837596329848
urn:mavedb:00000114-a-1#8407,NA,NA,p.Val425Phe,0.89707638753452,24,0.0715985326779129
urn:mavedb:00000114-a-1#8408,NA,NA,p.Val425Gly,1.02300929146403,26,0.0641400519802756
urn:mavedb:00000114-a-1#8409,NA,NA,p.Val425His,0.854133240808214,18,0.0872196909359881
urn:mavedb:00000114-a-1#8410,NA,NA,p.Val425Ile,1.02005716007109,20,0.0346586595939632
urn:mavedb:00000114-a-1#8411,NA,NA,p.Val425Lys,0.809820265977692,22,0.0662082404390984
urn:mavedb:00000114-a-1#8412,NA,NA,p.Val425Leu,0.9492014024592,25,0.0502989712076131
urn:mavedb:00000114-a-1#8413,NA,NA,p.Val425Met,0.998505372069051,22,0.0692181781538522
urn:mavedb:00000114-a-1#8414,NA,NA,p.Val425Asn,1.09494486450651,22,0.0686747093117355
urn:mavedb:00000114-a-1#8415,NA,NA,p.Val425Pro,0.135609096296724,24,0.057420228747888
urn:mavedb:00000114-a-1#8416,NA,NA,p.Val425Gln,1.04218417805374,23,0.0384102096058071
urn:mavedb:00000114-a-1#8417,NA,NA,p.Val425Arg,0.648917293013436,27,0.0654953514101193
urn:mavedb:00000114-a-1#8418,NA,NA,p.Val425Ser,1.05721013913978,26,0.0547020296023054
urn:mavedb:00000114-a-1#8419,NA,NA,p.Val425Thr,1.05728382247608,24,0.0307548304255528
urn:mavedb:00000114-a-1#8420,NA,NA,p.Val425Trp,0.717725186258334,16,0.0848893256339289
urn:mavedb:00000114-a-1#8421,NA,NA,p.Val425Tyr,0.852255513649919,21,0.0703685252345357
urn:mavedb:00000114-a-1#8422,NA,NA,p.Glu426Ter,-0.0254312302830821,42,0.0139637316962104
urn:mavedb:00000114-a-1#8423,NA,NA,p.Glu426Ala,1.00387715612123,18,0.0900545119332307
urn:mavedb:00000114-a-1#8424,NA,NA,p.Glu426Cys,0.874073702694,25,0.0599472509035632
urn:mavedb:00000114-a-1#8425,NA,NA,p.Glu426Asp,1.0023543181215,25,0.0466756673249161
urn:mavedb:00000114-a-1#8426,NA,NA,p.Glu426Phe,0.894397654623724,38,0.0428722860505437
urn:mavedb:00000114-a-1#8427,NA,NA,p.Glu426Gly,0.917984208396163,24,0.0741746812134493
urn:mavedb:00000114-a-1#8428,NA,NA,p.Glu426His,1.00050250025141,14,0.0645519808446254
urn:mavedb:00000114-a-1#8429,NA,NA,p.Glu426Ile,0.966349887367775,29,0.0677821659986744
urn:mavedb:00000114-a-1#8430,NA,NA,p.Glu426Lys,0.897077698393593,25,0.0634538541192244
urn:mavedb:00000114-a-1#8431,NA,NA,p.Glu426Leu,0.948144283491406,33,0.048455546949639
urn:mavedb:00000114-a-1#8432,NA,NA,p.Glu426Met,1.02212380144099,38,0.0646003648145013
urn:mavedb:00000114-a-1#8433,NA,NA,p.Glu426Asn,0.982870537948155,34,0.0644677544510957
urn:mavedb:00000114-a-1#8434,NA,NA,p.Glu426Pro,0.9820269621915,27,0.0692910326441019
urn:mavedb:00000114-a-1#8435,NA,NA,p.Glu426Gln,0.975657434945353,26,0.0600612402454004
urn:mavedb:00000114-a-1#8436,NA,NA,p.Glu426Arg,0.823138841540182,33,0.0812550603642454
urn:mavedb:00000114-a-1#8437,NA,NA,p.Glu426Ser,0.927442197567243,31,0.0464065604795703
urn:mavedb:00000114-a-1#8438,NA,NA,p.Glu426Thr,1.03873439957145,22,0.048340413614374
urn:mavedb:00000114-a-1#8439,NA,NA,p.Glu426Val,0.960209485678323,32,0.0538184933917688
urn:mavedb:00000114-a-1#8440,NA,NA,p.Glu426Trp,0.804562191202747,30,0.0626160466758362
urn:mavedb:00000114-a-1#8441,NA,NA,p.Glu426Tyr,0.889227384487196,31,0.0683313807047715
urn:mavedb:00000114-a-1#8442,NA,NA,p.Lys427Ter,-0.0200424619650661,30,0.0235428289724519
urn:mavedb:00000114-a-1#8443,NA,NA,p.Lys427Ala,0.949407734728292,13,0.0768701818937476
urn:mavedb:00000114-a-1#8444,NA,NA,p.Lys427Cys,0.809432170588382,28,0.0516306351280052
urn:mavedb:00000114-a-1#8445,NA,NA,p.Lys427Asp,1.08368730449104,18,0.0783168101235392
urn:mavedb:00000114-a-1#8446,NA,NA,p.Lys427Glu,0.777430445431402,24,0.0627107765125354
urn:mavedb:00000114-a-1#8447,NA,NA,p.Lys427Phe,1.05743162869015,29,0.0518683438773915
urn:mavedb:00000114-a-1#8448,NA,NA,p.Lys427Gly,0.928609662521829,20,0.115203342577355
urn:mavedb:00000114-a-1#8449,NA,NA,p.Lys427His,0.944412605166503,19,0.0828522687065612
urn:mavedb:00000114-a-1#8450,NA,NA,p.Lys427Ile,0.91158903322677,27,0.0424812224953654
urn:mavedb:00000114-a-1#8451,NA,NA,p.Lys427Leu,0.865011344906628,15,0.0464159736734632
urn:mavedb:00000114-a-1#8452,NA,NA,p.Lys427Met,0.891537375037367,22,0.0517604787101205
urn:mavedb:00000114-a-1#8453,NA,NA,p.Lys427Asn,1.09538948770369,31,0.0548909055262781
urn:mavedb:00000114-a-1#8454,NA,NA,p.Lys427Pro,1.05163082273007,14,0.101565308571642
urn:mavedb:00000114-a-1#8455,NA,NA,p.Lys427Gln,0.93118556484468,14,0.0570568830928222
urn:mavedb:00000114-a-1#8456,NA,NA,p.Lys427Arg,1.05325578859192,24,0.0593738901043068
urn:mavedb:00000114-a-1#8457,NA,NA,p.Lys427Ser,0.892647218790012,25,0.0573369716001863
urn:mavedb:00000114-a-1#8458,NA,NA,p.Lys427Thr,0.805249095534574,30,0.0604232277319295
urn:mavedb:00000114-a-1#8459,NA,NA,p.Lys427Val,0.905495083117724,19,0.0843754207440801
urn:mavedb:00000114-a-1#8460,NA,NA,p.Lys427Trp,0.952459987793842,16,0.0870627874036278
urn:mavedb:00000114-a-1#8461,NA,NA,p.Lys427Tyr,1.25428523244252,15,0.0663078748369825
urn:mavedb:00000114-a-1#8462,NA,NA,p.Asn428Ter,-0.0182722241133329,40,0.024101636411479
urn:mavedb:00000114-a-1#8463,NA,NA,p.Asn428Ala,1.10191581741495,20,0.0633219327865974
urn:mavedb:00000114-a-1#8464,NA,NA,p.Asn428Cys,0.999065152746662,28,0.0649386675039702
urn:mavedb:00000114-a-1#8465,NA,NA,p.Asn428Asp,1.11859607948037,42,0.0751242889684815
urn:mavedb:00000114-a-1#8466,NA,NA,p.Asn428Glu,1.22607569203958,24,0.0630117564740217
urn:mavedb:00000114-a-1#8467,NA,NA,p.Asn428Phe,1.02686552276891,23,0.0483676728924236
urn:mavedb:00000114-a-1#8468,NA,NA,p.Asn428Gly,0.914242117653127,40,0.0419042559868649
urn:mavedb:00000114-a-1#8469,NA,NA,p.Asn428His,0.981202936068638,23,0.048999866025557
urn:mavedb:00000114-a-1#8470,NA,NA,p.Asn428Ile,1.03023999776493,26,0.0651154136136662
urn:mavedb:00000114-a-1#8471,NA,NA,p.Asn428Lys,1.16503480808816,27,0.0554154508261706
urn:mavedb:00000114-a-1#8472,NA,NA,p.Asn428Leu,1.00986314531068,35,0.0546642646727984
urn:mavedb:00000114-a-1#8473,NA,NA,p.Asn428Met,1.09488680870788,32,0.0437289816551091
urn:mavedb:00000114-a-1#8474,NA,NA,p.Asn428Pro,1.04322145822325,26,0.0709257097907119
urn:mavedb:00000114-a-1#8475,NA,NA,p.Asn428Gln,1.08906545607083,30,0.0360653772125507
urn:mavedb:00000114-a-1#8476,NA,NA,p.Asn428Arg,1.12680509710197,43,0.0421232385075933
urn:mavedb:00000114-a-1#8477,NA,NA,p.Asn428Ser,1.01883709787632,37,0.045948213227831
urn:mavedb:00000114-a-1#8478,NA,NA,p.Asn428Thr,1.04535806669883,25,0.0550289348791724
urn:mavedb:00000114-a-1#8479,NA,NA,p.Asn428Val,1.33526309833797,36,0.0437313746653839
urn:mavedb:00000114-a-1#8480,NA,NA,p.Asn428Trp,0.935420458862433,22,0.0351957732707838
urn:mavedb:00000114-a-1#8481,NA,NA,p.Asn428Tyr,1.01070477367635,28,0.0340673470086402
urn:mavedb:00000114-a-1#8482,NA,NA,p.Gly429Ter,-0.0162977939770817,22,0.0156075874728957
urn:mavedb:00000114-a-1#8483,NA,NA,p.Gly429Ala,1.06850931290866,14,0.0723483870968652
urn:mavedb:00000114-a-1#8484,NA,NA,p.Gly429Cys,1.05007436683673,19,0.0587728372351486
urn:mavedb:00000114-a-1#8485,NA,NA,p.Gly429Asp,1.1068682391893,13,0.0641789819006694
urn:mavedb:00000114-a-1#8486,NA,NA,p.Gly429Glu,1.02681501895398,14,0.0731122986451997
urn:mavedb:00000114-a-1#8487,NA,NA,p.Gly429Phe,1.0757175256764,19,0.0703711342716947
urn:mavedb:00000114-a-1#8488,NA,NA,p.Gly429His,1.08296903360264,13,0.0833181152660902
urn:mavedb:00000114-a-1#8489,NA,NA,p.Gly429Ile,1.02920888204505,22,0.0590071353987822
urn:mavedb:00000114-a-1#8490,NA,NA,p.Gly429Lys,1.05182391868949,23,0.0643597280385404
urn:mavedb:00000114-a-1#8491,NA,NA,p.Gly429Leu,0.974609109161836,16,0.07733171998236
urn:mavedb:00000114-a-1#8492,NA,NA,p.Gly429Met,0.953080722107635,18,0.0978647899409588
urn:mavedb:00000114-a-1#8493,NA,NA,p.Gly429Asn,1.11597589476474,27,0.0750723535693804
urn:mavedb:00000114-a-1#8494,NA,NA,p.Gly429Pro,0.871748611520844,11,0.0846876247950355
urn:mavedb:00000114-a-1#8495,NA,NA,p.Gly429Gln,1.07427006461562,17,0.0853712458692343
urn:mavedb:00000114-a-1#8496,NA,NA,p.Gly429Arg,0.991196450632133,16,0.0590172661760228
urn:mavedb:00000114-a-1#8497,NA,NA,p.Gly429Ser,1.06893207138114,21,0.0524291625377139
urn:mavedb:00000114-a-1#8498,NA,NA,p.Gly429Thr,1.12541368991906,20,0.0613340038306649
urn:mavedb:00000114-a-1#8499,NA,NA,p.Gly429Val,0.906297446827593,20,0.058288266344909
urn:mavedb:00000114-a-1#8500,NA,NA,p.Gly429Trp,0.791832030986379,22,0.0476914885526362
urn:mavedb:00000114-a-1#8501,NA,NA,p.Gly429Tyr,1.02827561085384,22,0.0951657081900301
urn:mavedb:00000114-a-1#8502,NA,NA,p.Gly430Ter,-0.0219813692969369,12,0.0226130372746207
urn:mavedb:00000114-a-1#8503,NA,NA,p.Gly430Ala,1.23737238803558,39,0.0431659021083421
urn:mavedb:00000114-a-1#8504,NA,NA,p.Gly430Cys,0.872311406647868,23,0.053936156825666
urn:mavedb:00000114-a-1#8505,NA,NA,p.Gly430Asp,1.00150475709996,20,0.0729667579327766
urn:mavedb:00000114-a-1#8506,NA,NA,p.Gly430Glu,0.892397763762169,28,0.0748310896991417
urn:mavedb:00000114-a-1#8507,NA,NA,p.Gly430Phe,1.04329326332295,20,0.0666873683445283
urn:mavedb:00000114-a-1#8508,NA,NA,p.Gly430His,1.12330336372824,18,0.0668866840418669
urn:mavedb:00000114-a-1#8509,NA,NA,p.Gly430Ile,0.545099506099193,7,0.160299929141524
urn:mavedb:00000114-a-1#8510,NA,NA,p.Gly430Lys,1.07060444349498,12,0.0676363055211713
urn:mavedb:00000114-a-1#8511,NA,NA,p.Gly430Leu,0.96657371368408,13,0.101525562856692
urn:mavedb:00000114-a-1#8512,NA,NA,p.Gly430Met,1.13141922672026,10,0.0815442462133646
urn:mavedb:00000114-a-1#8513,NA,NA,p.Gly430Asn,1.18593812728909,22,0.0654797283348272
urn:mavedb:00000114-a-1#8514,NA,NA,p.Gly430Pro,1.08348337173183,13,0.0782800878340579
urn:mavedb:00000114-a-1#8515,NA,NA,p.Gly430Gln,1.25006151263446,16,0.0504597705469225
urn:mavedb:00000114-a-1#8516,NA,NA,p.Gly430Arg,1.05682529238209,16,0.0786804353956662
urn:mavedb:00000114-a-1#8517,NA,NA,p.Gly430Ser,1.08206095048599,23,0.0915997979085818
urn:mavedb:00000114-a-1#8518,NA,NA,p.Gly430Thr,1.15100415965603,9,0.05035998846045
urn:mavedb:00000114-a-1#8519,NA,NA,p.Gly430Val,0.44238661221087,33,0.0860433781506353
urn:mavedb:00000114-a-1#8520,NA,NA,p.Gly430Trp,0.816793447374246,17,0.0541022646613882
urn:mavedb:00000114-a-1#8521,NA,NA,p.Gly430Tyr,1.08441687016127,28,0.0702396063575287
urn:mavedb:00000114-a-1#8522,NA,NA,p.Cys431Ter,-0.0292576753833988,39,0.0127850977133468
urn:mavedb:00000114-a-1#8523,NA,NA,p.Cys431Ala,1.20169472615508,26,0.084534221426451
urn:mavedb:00000114-a-1#8524,NA,NA,p.Cys431Asp,0.475090614563239,28,0.140173664026568
urn:mavedb:00000114-a-1#8525,NA,NA,p.Cys431Glu,0.577947709474068,39,0.0415145429001687
urn:mavedb:00000114-a-1#8526,NA,NA,p.Cys431Phe,0.579265636156192,34,0.0915219084050636
urn:mavedb:00000114-a-1#8527,NA,NA,p.Cys431Gly,0.950005396420727,27,0.0687966408833413
urn:mavedb:00000114-a-1#8528,NA,NA,p.Cys431His,0.887661411459022,28,0.0904148603076377
urn:mavedb:00000114-a-1#8529,NA,NA,p.Cys431Ile,0.985542807508729,29,0.0675554944688126
urn:mavedb:00000114-a-1#8530,NA,NA,p.Cys431Lys,0.705815084205262,32,0.0528067960665323
urn:mavedb:00000114-a-1#8531,NA,NA,p.Cys431Leu,0.939537922030646,34,0.0464160600643889
urn:mavedb:00000114-a-1#8532,NA,NA,p.Cys431Met,0.767185445899043,38,0.043929228695205
urn:mavedb:00000114-a-1#8533,NA,NA,p.Cys431Asn,1.09130999896728,34,0.0430685945569956
urn:mavedb:00000114-a-1#8534,NA,NA,p.Cys431Pro,0.87392613504202,30,0.170854819442145
urn:mavedb:00000114-a-1#8535,NA,NA,p.Cys431Gln,0.76281630482666,30,0.0752279037016699
urn:mavedb:00000114-a-1#8536,NA,NA,p.Cys431Arg,0.805320725935368,32,0.057808356956135
urn:mavedb:00000114-a-1#8537,NA,NA,p.Cys431Ser,1.05036516270635,22,0.0743038639577527
urn:mavedb:00000114-a-1#8538,NA,NA,p.Cys431Thr,1.2360697140713,27,0.0723821491360258
urn:mavedb:00000114-a-1#8539,NA,NA,p.Cys431Val,0.66376752075607,31,0.0754866985732895
urn:mavedb:00000114-a-1#8540,NA,NA,p.Cys431Trp,0.26483598503371,29,0.0640563542943192
urn:mavedb:00000114-a-1#8541,NA,NA,p.Cys431Tyr,0.838438617908224,29,0.0512022084745715
urn:mavedb:00000114-a-1#8542,NA,NA,p.Met432Ter,-0.0225633501183398,23,0.0184205597150778
urn:mavedb:00000114-a-1#8543,NA,NA,p.Met432Ala,0.722953867718274,6,0.0969604797127504
urn:mavedb:00000114-a-1#8544,NA,NA,p.Met432Cys,0.700597130508376,16,0.0914614513925878
urn:mavedb:00000114-a-1#8545,NA,NA,p.Met432Asp,0.0506370408116409,16,0.0438247194809375
urn:mavedb:00000114-a-1#8546,NA,NA,p.Met432Glu,0.318789845108448,30,0.0719992873615321
urn:mavedb:00000114-a-1#8547,NA,NA,p.Met432Phe,0.683529227888353,26,0.0665299426042286
urn:mavedb:00000114-a-1#8548,NA,NA,p.Met432Gly,0.24333326235627,3,0.12408117129071
urn:mavedb:00000114-a-1#8549,NA,NA,p.Met432His,0.776502241676568,23,0.0677894024364929
urn:mavedb:00000114-a-1#8550,NA,NA,p.Met432Ile,0.407290357376233,27,0.0694215014183244
urn:mavedb:00000114-a-1#8551,NA,NA,p.Met432Lys,0.549177802219607,20,0.0665824324480173
urn:mavedb:00000114-a-1#8552,NA,NA,p.Met432Leu,0.717054610792865,27,0.0680479184755263
urn:mavedb:00000114-a-1#8553,NA,NA,p.Met432Asn,0.749031788426156,38,0.075501588706399
urn:mavedb:00000114-a-1#8554,NA,NA,p.Met432Pro,-0.0167367080124169,29,0.0124243110796194
urn:mavedb:00000114-a-1#8555,NA,NA,p.Met432Gln,0.705451331481387,21,0.0450333188311542
urn:mavedb:00000114-a-1#8556,NA,NA,p.Met432Arg,0.375708810051087,18,0.064524360799021
urn:mavedb:00000114-a-1#8557,NA,NA,p.Met432Ser,0.790327190351347,21,0.0587824944145948
urn:mavedb:00000114-a-1#8558,NA,NA,p.Met432Thr,0.791639810540892,17,0.0637128579597057
urn:mavedb:00000114-a-1#8559,NA,NA,p.Met432Val,0.600082304523738,14,0.0683724750093958
urn:mavedb:00000114-a-1#8560,NA,NA,p.Met432Trp,0.549018562375131,43,0.0685276575324037
urn:mavedb:00000114-a-1#8561,NA,NA,p.Met432Tyr,0.634700217178792,27,0.0687264026808033
urn:mavedb:00000114-a-1#8562,NA,NA,p.His433Ter,-0.0267331943712437,27,0.0188162891748476
urn:mavedb:00000114-a-1#8563,NA,NA,p.His433Ala,0.808334130105896,31,0.0560772579629894
urn:mavedb:00000114-a-1#8564,NA,NA,p.His433Cys,0.619402724316298,28,0.0667180292349744
urn:mavedb:00000114-a-1#8565,NA,NA,p.His433Asp,0.524014268923822,25,0.0705599720063096
urn:mavedb:00000114-a-1#8566,NA,NA,p.His433Glu,0.648434713144107,40,0.066095972238838
urn:mavedb:00000114-a-1#8567,NA,NA,p.His433Phe,0.63272153783931,25,0.044066018343606
urn:mavedb:00000114-a-1#8568,NA,NA,p.His433Gly,0.596207782503591,36,0.0538991757931045
urn:mavedb:00000114-a-1#8569,NA,NA,p.His433Ile,0.355725713434997,45,0.0556522133334404
urn:mavedb:00000114-a-1#8570,NA,NA,p.His433Lys,0.645484061304957,30,0.0745074632907736
urn:mavedb:00000114-a-1#8571,NA,NA,p.His433Leu,0.529739649833392,26,0.0798686130864971
urn:mavedb:00000114-a-1#8572,NA,NA,p.His433Met,0.639092766505023,34,0.0667080137266516
urn:mavedb:00000114-a-1#8573,NA,NA,p.His433Asn,0.753822429471679,35,0.04140697264714
urn:mavedb:00000114-a-1#8574,NA,NA,p.His433Pro,-0.0281555124348992,24,0.0134092851264376
urn:mavedb:00000114-a-1#8575,NA,NA,p.His433Gln,0.581835546703573,31,0.0898100816694784
urn:mavedb:00000114-a-1#8576,NA,NA,p.His433Arg,0.581527381889681,39,0.084521182985388
urn:mavedb:00000114-a-1#8577,NA,NA,p.His433Ser,0.592599817247905,18,0.0881591969039853
urn:mavedb:00000114-a-1#8578,NA,NA,p.His433Thr,0.60800218701222,19,0.0691573282472285
urn:mavedb:00000114-a-1#8579,NA,NA,p.His433Val,0.416468461398524,41,0.075159282456666
urn:mavedb:00000114-a-1#8580,NA,NA,p.His433Trp,0.578625576654911,32,0.0573181327928263
urn:mavedb:00000114-a-1#8581,NA,NA,p.His433Tyr,0.676850497016655,29,0.0679745074439107
urn:mavedb:00000114-a-1#8582,NA,NA,p.Met434Ter,-0.0274529982556076,29,0.0170207501430302
urn:mavedb:00000114-a-1#8583,NA,NA,p.Met434Ala,0.874907215321021,17,0.0588454612905718
urn:mavedb:00000114-a-1#8584,NA,NA,p.Met434Cys,0.650243945651339,29,0.0687968349027362
urn:mavedb:00000114-a-1#8585,NA,NA,p.Met434Asp,-0.0179131844638992,30,0.0208956352049676
urn:mavedb:00000114-a-1#8586,NA,NA,p.Met434Glu,0.422532718015016,29,0.066834538065233
urn:mavedb:00000114-a-1#8587,NA,NA,p.Met434Phe,0.476604381846898,39,0.0457480120615296
urn:mavedb:00000114-a-1#8588,NA,NA,p.Met434Gly,0.189850914347242,17,0.0691616752140536
urn:mavedb:00000114-a-1#8589,NA,NA,p.Met434His,0.651979752995548,31,0.0567480776847406
urn:mavedb:00000114-a-1#8590,NA,NA,p.Met434Ile,0.993144831516774,32,0.0528578850820718
urn:mavedb:00000114-a-1#8591,NA,NA,p.Met434Lys,0.860261091030128,27,0.084140109652899
urn:mavedb:00000114-a-1#8592,NA,NA,p.Met434Leu,0.771105654549935,24,0.0674752782569803
urn:mavedb:00000114-a-1#8593,NA,NA,p.Met434Asn,0.492010090213714,30,0.0799921487747771
urn:mavedb:00000114-a-1#8594,NA,NA,p.Met434Pro,-0.0165983709806186,35,0.0290978873606569
urn:mavedb:00000114-a-1#8595,NA,NA,p.Met434Gln,0.796352942293682,32,0.0313793458748005
urn:mavedb:00000114-a-1#8596,NA,NA,p.Met434Arg,0.513881085090497,40,0.0508322654589095
urn:mavedb:00000114-a-1#8597,NA,NA,p.Met434Ser,0.767153814496111,22,0.0365395881940149
urn:mavedb:00000114-a-1#8598,NA,NA,p.Met434Thr,1.16552655396333,14,0.0522082808218621
urn:mavedb:00000114-a-1#8599,NA,NA,p.Met434Val,0.812867930922551,29,0.0580950862975232
urn:mavedb:00000114-a-1#8600,NA,NA,p.Met434Trp,-0.0231039151610592,30,0.0164620800503699
urn:mavedb:00000114-a-1#8601,NA,NA,p.Met434Tyr,0.68144465337597,28,0.0295673701506211
urn:mavedb:00000114-a-1#8602,NA,NA,p.Lys435Ter,-0.0191792291624913,26,0.0175865287066159
urn:mavedb:00000114-a-1#8603,NA,NA,p.Lys435Ala,1.04989019667482,14,0.0591913692128896
urn:mavedb:00000114-a-1#8604,NA,NA,p.Lys435Cys,0.777493714189459,17,0.0936147642157591
urn:mavedb:00000114-a-1#8605,NA,NA,p.Lys435Asp,1.01853659694114,34,0.0887179244255119
urn:mavedb:00000114-a-1#8606,NA,NA,p.Lys435Glu,0.752815588908154,31,0.0422010361875617
urn:mavedb:00000114-a-1#8607,NA,NA,p.Lys435Phe,1.00137138405596,27,0.0883218562375604
urn:mavedb:00000114-a-1#8608,NA,NA,p.Lys435Gly,0.36754179627832,19,0.0508154577640466
urn:mavedb:00000114-a-1#8609,NA,NA,p.Lys435His,1.10009223349824,24,0.048467775326527
urn:mavedb:00000114-a-1#8610,NA,NA,p.Lys435Ile,0.992060618764102,19,0.0688587394506948
urn:mavedb:00000114-a-1#8611,NA,NA,p.Lys435Leu,0.751364906321398,13,0.0803208974804924
urn:mavedb:00000114-a-1#8612,NA,NA,p.Lys435Met,0.770228772709456,25,0.0631084397070514
urn:mavedb:00000114-a-1#8613,NA,NA,p.Lys435Asn,1.20277614399914,31,0.0433727956678808
urn:mavedb:00000114-a-1#8614,NA,NA,p.Lys435Pro,0.863413515577868,20,0.166467174069816
urn:mavedb:00000114-a-1#8615,NA,NA,p.Lys435Gln,0.622181031834363,10,0.116871004524754
urn:mavedb:00000114-a-1#8616,NA,NA,p.Lys435Arg,0.807642800197228,16,0.114222949488237
urn:mavedb:00000114-a-1#8617,NA,NA,p.Lys435Ser,0.862102284661518,16,0.0904852563638977
urn:mavedb:00000114-a-1#8618,NA,NA,p.Lys435Thr,1.13231821903578,18,0.0543472939057495
urn:mavedb:00000114-a-1#8619,NA,NA,p.Lys435Val,1.09740152883614,38,0.045284921379315
urn:mavedb:00000114-a-1#8620,NA,NA,p.Lys435Trp,0.683479826074475,26,0.071374656591753
urn:mavedb:00000114-a-1#8621,NA,NA,p.Lys435Tyr,1.24532027832303,30,0.0555629628569618
urn:mavedb:00000114-a-1#8622,NA,NA,p.Cys436Ter,-0.0163708625597507,32,0.0275465473794793
urn:mavedb:00000114-a-1#8623,NA,NA,p.Cys436Ala,-0.0111708504168114,33,0.0151650877873831
urn:mavedb:00000114-a-1#8624,NA,NA,p.Cys436Asp,-0.0163424975393475,42,0.0203320588015991
urn:mavedb:00000114-a-1#8625,NA,NA,p.Cys436Glu,-0.0192344676594876,51,0.0227409215564239
urn:mavedb:00000114-a-1#8626,NA,NA,p.Cys436Phe,-0.0233842282612683,33,0.0184914105013242
urn:mavedb:00000114-a-1#8627,NA,NA,p.Cys436Gly,-0.0226730113116759,25,0.0192830573184812
urn:mavedb:00000114-a-1#8628,NA,NA,p.Cys436His,-0.0167641257139713,37,0.0150370671574284
urn:mavedb:00000114-a-1#8629,NA,NA,p.Cys436Ile,-0.0107780216412252,32,0.0222653177351485
urn:mavedb:00000114-a-1#8630,NA,NA,p.Cys436Lys,-0.0196522774428568,40,0.0170925843734115
urn:mavedb:00000114-a-1#8631,NA,NA,p.Cys436Leu,-0.0156042468273754,24,0.0211424949953026
urn:mavedb:00000114-a-1#8632,NA,NA,p.Cys436Met,-0.0073233351924558,27,0.0374004573460829
urn:mavedb:00000114-a-1#8633,NA,NA,p.Cys436Asn,-0.0214713089683827,34,0.0215212276349664
urn:mavedb:00000114-a-1#8634,NA,NA,p.Cys436Pro,-0.0127560928703189,40,0.0259243631223509
urn:mavedb:00000114-a-1#8635,NA,NA,p.Cys436Gln,-0.024183708078272,12,0.0336819795841698
urn:mavedb:00000114-a-1#8636,NA,NA,p.Cys436Arg,-0.0163584082175594,45,0.0178439902331368
urn:mavedb:00000114-a-1#8637,NA,NA,p.Cys436Ser,-0.024077108393833,34,0.0171818950757027
urn:mavedb:00000114-a-1#8638,NA,NA,p.Cys436Thr,-0.0291091140151635,38,0.0121645201626204
urn:mavedb:00000114-a-1#8639,NA,NA,p.Cys436Val,-0.0123122304531537,15,0.0422953803059319
urn:mavedb:00000114-a-1#8640,NA,NA,p.Cys436Trp,-0.0276166579664921,27,0.0160211862922876
urn:mavedb:00000114-a-1#8641,NA,NA,p.Cys436Tyr,-0.0210860862998675,32,0.0261868564115239
urn:mavedb:00000114-a-1#8642,NA,NA,p.Pro437Ter,-0.0251081556446971,27,0.0226910161492065
urn:mavedb:00000114-a-1#8643,NA,NA,p.Pro437Ala,0.853140793364155,14,0.0937557807290016
urn:mavedb:00000114-a-1#8644,NA,NA,p.Pro437Cys,0.789434691676959,25,0.0605243622200398
urn:mavedb:00000114-a-1#8645,NA,NA,p.Pro437Asp,0.86273102438404,34,0.0621587920391282
urn:mavedb:00000114-a-1#8646,NA,NA,p.Pro437Glu,0.782802164291226,18,0.0593249705875273
urn:mavedb:00000114-a-1#8647,NA,NA,p.Pro437Phe,0.778342089229929,23,0.0564263048197471
urn:mavedb:00000114-a-1#8648,NA,NA,p.Pro437Gly,0.874628681042508,28,0.0381384467811222
urn:mavedb:00000114-a-1#8649,NA,NA,p.Pro437His,0.9828710063124,26,0.0640609685721963
urn:mavedb:00000114-a-1#8650,NA,NA,p.Pro437Ile,0.690646589429353,24,0.059229545211843
urn:mavedb:00000114-a-1#8651,NA,NA,p.Pro437Lys,0.550588385743074,12,0.0822835320272578
urn:mavedb:00000114-a-1#8652,NA,NA,p.Pro437Leu,0.870018920248376,1,0.229710579997911
urn:mavedb:00000114-a-1#8653,NA,NA,p.Pro437Asn,0.945908361214804,33,0.0466453771890656
urn:mavedb:00000114-a-1#8654,NA,NA,p.Pro437Gln,0.920571127576632,8,0.104439375896307
urn:mavedb:00000114-a-1#8655,NA,NA,p.Pro437Arg,0.811342748892363,29,0.0616332982623421
urn:mavedb:00000114-a-1#8656,NA,NA,p.Pro437Ser,0.822880495002527,20,0.0903337926629622
urn:mavedb:00000114-a-1#8657,NA,NA,p.Pro437Thr,0.908494282664993,20,0.0645722516627649
urn:mavedb:00000114-a-1#8658,NA,NA,p.Pro437Val,0.553965970138885,3,0.130303706179158
urn:mavedb:00000114-a-1#8659,NA,NA,p.Pro437Trp,0.751422706256159,17,0.0658346907419401
urn:mavedb:00000114-a-1#8660,NA,NA,p.Pro437Tyr,0.930275801943054,26,0.0572078153371461
urn:mavedb:00000114-a-1#8661,NA,NA,p.Gln438Ter,-0.0363541384702378,21,0.0157587368372691
urn:mavedb:00000114-a-1#8662,NA,NA,p.Gln438Ala,0.46483862832709,30,0.0881778175764277
urn:mavedb:00000114-a-1#8663,NA,NA,p.Gln438Cys,0.631968457232587,4,0.146721582566027
urn:mavedb:00000114-a-1#8664,NA,NA,p.Gln438Asp,0.595403149952073,23,0.0850759986090564
urn:mavedb:00000114-a-1#8665,NA,NA,p.Gln438Glu,0.743007619449517,22,0.0498268296237127
urn:mavedb:00000114-a-1#8666,NA,NA,p.Gln438Phe,0.776775389233823,24,0.0504420949493897
urn:mavedb:00000114-a-1#8667,NA,NA,p.Gln438Gly,0.588777611893366,22,0.0651797763627403
urn:mavedb:00000114-a-1#8668,NA,NA,p.Gln438His,0.639906897536215,22,0.0774638653242098
urn:mavedb:00000114-a-1#8669,NA,NA,p.Gln438Ile,0.383276600204906,30,0.0930574810842429
urn:mavedb:00000114-a-1#8670,NA,NA,p.Gln438Lys,0.877897117226548,25,0.0309440500919006
urn:mavedb:00000114-a-1#8671,NA,NA,p.Gln438Leu,0.738217799561502,34,0.0583878938566662
urn:mavedb:00000114-a-1#8672,NA,NA,p.Gln438Met,0.542508969870409,18,0.10213409231779
urn:mavedb:00000114-a-1#8673,NA,NA,p.Gln438Asn,0.591468751670373,23,0.100668181155807
urn:mavedb:00000114-a-1#8674,NA,NA,p.Gln438Pro,-0.0146452795521773,38,0.0189845405952708
urn:mavedb:00000114-a-1#8675,NA,NA,p.Gln438Arg,0.635269670141289,20,0.0784929460567925
urn:mavedb:00000114-a-1#8676,NA,NA,p.Gln438Ser,0.556859435351144,18,0.104442838522145
urn:mavedb:00000114-a-1#8677,NA,NA,p.Gln438Thr,0.448462750402542,25,0.0721614968413894
urn:mavedb:00000114-a-1#8678,NA,NA,p.Gln438Val,0.595026399078252,18,0.0628423377442297
urn:mavedb:00000114-a-1#8679,NA,NA,p.Gln438Trp,0.800852390113387,19,0.0679051743703806
urn:mavedb:00000114-a-1#8680,NA,NA,p.Gln438Tyr,0.511209125836924,17,0.0960776525132456
urn:mavedb:00000114-a-1#8681,NA,NA,p.Pro439Ter,-0.02358535321885,35,0.0174655298032467
urn:mavedb:00000114-a-1#8682,NA,NA,p.Pro439Ala,1.00791975838663,27,0.0631336667340623
urn:mavedb:00000114-a-1#8683,NA,NA,p.Pro439Cys,0.616211776758656,22,0.065438952601662
urn:mavedb:00000114-a-1#8684,NA,NA,p.Pro439Asp,0.862952027648869,21,0.0690621148742179
urn:mavedb:00000114-a-1#8685,NA,NA,p.Pro439Glu,0.690695570195855,22,0.0970966952075792
urn:mavedb:00000114-a-1#8686,NA,NA,p.Pro439Phe,0.881733980997231,27,0.0696439301682732
urn:mavedb:00000114-a-1#8687,NA,NA,p.Pro439Gly,0.816757528800296,20,0.0503653946840934
urn:mavedb:00000114-a-1#8688,NA,NA,p.Pro439His,0.866476251611758,10,0.0573700915133987
urn:mavedb:00000114-a-1#8689,NA,NA,p.Pro439Ile,0.841023108723482,22,0.0599910996826693
urn:mavedb:00000114-a-1#8690,NA,NA,p.Pro439Lys,0.730874149063564,32,0.0646656544484437
urn:mavedb:00000114-a-1#8691,NA,NA,p.Pro439Leu,0.952912488981919,15,0.0626403209454115
urn:mavedb:00000114-a-1#8692,NA,NA,p.Pro439Met,0.687040477625943,32,0.056709714556634
urn:mavedb:00000114-a-1#8693,NA,NA,p.Pro439Asn,1.05933225117541,30,0.0519538298067472
urn:mavedb:00000114-a-1#8694,NA,NA,p.Pro439Gln,0.954285767069695,27,0.0627963358235336
urn:mavedb:00000114-a-1#8695,NA,NA,p.Pro439Arg,0.878296619295395,26,0.0614104837211582
urn:mavedb:00000114-a-1#8696,NA,NA,p.Pro439Ser,0.968590254091025,35,0.0517394576844248
urn:mavedb:00000114-a-1#8697,NA,NA,p.Pro439Thr,0.915781676372932,26,0.0700226914094651
urn:mavedb:00000114-a-1#8698,NA,NA,p.Pro439Val,1.16195356212587,28,0.0591854106120071
urn:mavedb:00000114-a-1#8699,NA,NA,p.Pro439Trp,0.727732382055357,30,0.0546654364636837
urn:mavedb:00000114-a-1#8700,NA,NA,p.Pro439Tyr,0.866113242971562,28,0.0612327096821881
urn:mavedb:00000114-a-1#8701,NA,NA,p.Gln440Ter,-0.0241883602532595,23,0.0164780152041231
urn:mavedb:00000114-a-1#8702,NA,NA,p.Gln440Ala,1.08774547633291,16,0.0677494706619043
urn:mavedb:00000114-a-1#8703,NA,NA,p.Gln440Cys,0.981530182835005,13,0.0619845477773897
urn:mavedb:00000114-a-1#8704,NA,NA,p.Gln440Asp,1.11992750567894,14,0.0528712808432822
urn:mavedb:00000114-a-1#8705,NA,NA,p.Gln440Glu,1.02730603597759,23,0.0653364094611101
urn:mavedb:00000114-a-1#8706,NA,NA,p.Gln440Phe,1.07674555678504,20,0.0623219018556724
urn:mavedb:00000114-a-1#8707,NA,NA,p.Gln440Gly,1.04303884820687,13,0.0987597446784348
urn:mavedb:00000114-a-1#8708,NA,NA,p.Gln440His,1.12957016831818,14,0.0450283531168501
urn:mavedb:00000114-a-1#8709,NA,NA,p.Gln440Ile,1.0449318394979,20,0.0425011274916638
urn:mavedb:00000114-a-1#8710,NA,NA,p.Gln440Lys,1.08971367170742,21,0.0714130501592742
urn:mavedb:00000114-a-1#8711,NA,NA,p.Gln440Leu,0.982921651698885,42,0.0630321768888016
urn:mavedb:00000114-a-1#8712,NA,NA,p.Gln440Met,0.98699246822153,18,0.0576553916632874
urn:mavedb:00000114-a-1#8713,NA,NA,p.Gln440Asn,1.12437614580843,16,0.0662372685831716
urn:mavedb:00000114-a-1#8714,NA,NA,p.Gln440Pro,0.887459402215834,45,0.0454871480503212
urn:mavedb:00000114-a-1#8715,NA,NA,p.Gln440Arg,0.935100257137729,21,0.066909836042826
urn:mavedb:00000114-a-1#8716,NA,NA,p.Gln440Ser,1.12305667613255,20,0.0608016702905442
urn:mavedb:00000114-a-1#8717,NA,NA,p.Gln440Thr,1.00329059739589,17,0.0532781129399812
urn:mavedb:00000114-a-1#8718,NA,NA,p.Gln440Val,0.92694597074386,26,0.0565188707907354
urn:mavedb:00000114-a-1#8719,NA,NA,p.Gln440Trp,0.882274598479166,37,0.0544557757375208
urn:mavedb:00000114-a-1#8720,NA,NA,p.Gln440Tyr,1.10335884436223,28,0.0606249759080546
urn:mavedb:00000114-a-1#8721,NA,NA,p.Cys441Ter,-0.0162830125073243,35,0.0191464815985825
urn:mavedb:00000114-a-1#8722,NA,NA,p.Cys441Ala,-0.0325985768085407,13,0.0182410979980771
urn:mavedb:00000114-a-1#8723,NA,NA,p.Cys441Asp,-0.0294058762693981,16,0.0199784616764392
urn:mavedb:00000114-a-1#8724,NA,NA,p.Cys441Glu,-0.0234915327725011,27,0.0153006215254606
urn:mavedb:00000114-a-1#8725,NA,NA,p.Cys441Phe,-0.0222485188828694,21,0.0181406660660696
urn:mavedb:00000114-a-1#8726,NA,NA,p.Cys441Gly,-0.0049949529019746,24,0.0375558238072977
urn:mavedb:00000114-a-1#8727,NA,NA,p.Cys441His,-0.0293766806828275,19,0.0172347729522479
urn:mavedb:00000114-a-1#8728,NA,NA,p.Cys441Ile,-0.0241854392168397,22,0.0181667316205713
urn:mavedb:00000114-a-1#8729,NA,NA,p.Cys441Lys,-0.0141222546333162,23,0.0223585498666841
urn:mavedb:00000114-a-1#8730,NA,NA,p.Cys441Leu,-0.0258571503170445,26,0.0119621276344318
urn:mavedb:00000114-a-1#8731,NA,NA,p.Cys441Met,-0.0128451186242384,44,0.0149070057156849
urn:mavedb:00000114-a-1#8732,NA,NA,p.Cys441Asn,-0.0202106996724721,27,0.0182199251463914
urn:mavedb:00000114-a-1#8733,NA,NA,p.Cys441Pro,-0.0256756373166373,26,0.0195704005930022
urn:mavedb:00000114-a-1#8734,NA,NA,p.Cys441Gln,-0.0210817030778443,34,0.024369937649879
urn:mavedb:00000114-a-1#8735,NA,NA,p.Cys441Arg,-0.0240185340426112,28,0.0247389294606779
urn:mavedb:00000114-a-1#8736,NA,NA,p.Cys441Ser,-0.0207360247669119,17,0.0371092177191962
urn:mavedb:00000114-a-1#8737,NA,NA,p.Cys441Thr,0.0013110895005027,32,0.0326696900546313
urn:mavedb:00000114-a-1#8738,NA,NA,p.Cys441Val,0.0228038144815546,32,0.0858576808883326
urn:mavedb:00000114-a-1#8739,NA,NA,p.Cys441Trp,-0.0155883113011708,27,0.0185579606902184
urn:mavedb:00000114-a-1#8740,NA,NA,p.Cys441Tyr,-0.0195418852172271,23,0.0288878451384568
urn:mavedb:00000114-a-1#8741,NA,NA,p.Arg442Ter,-0.0024803198909565,7,0.0625513946317652
urn:mavedb:00000114-a-1#8742,NA,NA,p.Arg442Ala,1.16269720094042,4,0.123006267852355
urn:mavedb:00000114-a-1#8743,NA,NA,p.Arg442Cys,0.927916551934907,6,0.107247170371029
urn:mavedb:00000114-a-1#8744,NA,NA,p.Arg442Asp,0.826676564433038,7,0.139978938711413
urn:mavedb:00000114-a-1#8745,NA,NA,p.Arg442Glu,0.886730810987554,6,0.159314933128038
urn:mavedb:00000114-a-1#8746,NA,NA,p.Arg442Phe,0.866611074615978,10,0.0988766451510481
urn:mavedb:00000114-a-1#8747,NA,NA,p.Arg442Gly,0.941123902882395,7,0.102834520487046
urn:mavedb:00000114-a-1#8748,NA,NA,p.Arg442His,1.3172068964958,1,0.183849356536743
urn:mavedb:00000114-a-1#8749,NA,NA,p.Arg442Ile,0.644972181726264,7,0.0725181229704608
urn:mavedb:00000114-a-1#8750,NA,NA,p.Arg442Lys,1.03271018109329,5,0.139958421509797
urn:mavedb:00000114-a-1#8751,NA,NA,p.Arg442Leu,0.778859309930691,6,0.114951408092215
urn:mavedb:00000114-a-1#8752,NA,NA,p.Arg442Met,0.755721262508181,8,0.111089478092445
urn:mavedb:00000114-a-1#8753,NA,NA,p.Arg442Asn,0.939487489009983,3,0.187077759195449
urn:mavedb:00000114-a-1#8754,NA,NA,p.Arg442Pro,0.682766241172825,2,0.188987448647434
urn:mavedb:00000114-a-1#8755,NA,NA,p.Arg442Gln,0.632589643223497,5,0.159139939735605
urn:mavedb:00000114-a-1#8756,NA,NA,p.Arg442Ser,0.968938188342941,6,0.108168403723744
urn:mavedb:00000114-a-1#8757,NA,NA,p.Arg442Thr,1.24934578574201,2,0.0751330588965335
urn:mavedb:00000114-a-1#8758,NA,NA,p.Arg442Val,0.673871496773754,7,0.102757090454299
urn:mavedb:00000114-a-1#8759,NA,NA,p.Arg442Trp,0.707789787800581,7,0.118600324212259
urn:mavedb:00000114-a-1#8760,NA,NA,p.Arg442Tyr,0.859127341366329,1,0.201783279550805
urn:mavedb:00000114-a-1#8761,NA,NA,p.Leu443Ter,-0.0243587001099128,20,0.0231104102280924
urn:mavedb:00000114-a-1#8762,NA,NA,p.Leu443Ala,0.933504684050675,19,0.0682577300113668
urn:mavedb:00000114-a-1#8763,NA,NA,p.Leu443Cys,0.725998373049403,15,0.100918900535754
urn:mavedb:00000114-a-1#8764,NA,NA,p.Leu443Asp,0.866776243112534,17,0.0529467029062013
urn:mavedb:00000114-a-1#8765,NA,NA,p.Leu443Glu,0.848045862062784,16,0.0834119840098745
urn:mavedb:00000114-a-1#8766,NA,NA,p.Leu443Phe,0.934613371308569,18,0.0689273283656231
urn:mavedb:00000114-a-1#8767,NA,NA,p.Leu443Gly,0.668001644469534,20,0.0672118388321511
urn:mavedb:00000114-a-1#8768,NA,NA,p.Leu443His,1.0573496757372,6,0.125322717735473
urn:mavedb:00000114-a-1#8769,NA,NA,p.Leu443Ile,0.843575847738825,16,0.0589261413635161
urn:mavedb:00000114-a-1#8770,NA,NA,p.Leu443Lys,0.80844848490361,12,0.071358219568338
urn:mavedb:00000114-a-1#8771,NA,NA,p.Leu443Met,0.891522194255155,24,0.0837593787160891
urn:mavedb:00000114-a-1#8772,NA,NA,p.Leu443Asn,0.97984106734129,12,0.101708771485568
urn:mavedb:00000114-a-1#8773,NA,NA,p.Leu443Pro,-0.0087943840995171,5,0.0397287437726263
urn:mavedb:00000114-a-1#8774,NA,NA,p.Leu443Gln,0.896865751767009,19,0.0705082857073867
urn:mavedb:00000114-a-1#8775,NA,NA,p.Leu443Arg,0.643212274999675,23,0.0573566524673925
urn:mavedb:00000114-a-1#8776,NA,NA,p.Leu443Ser,0.784339853448163,13,0.0604469551818922
urn:mavedb:00000114-a-1#8777,NA,NA,p.Leu443Thr,1.01692420937864,12,0.0463500079010805
urn:mavedb:00000114-a-1#8778,NA,NA,p.Leu443Val,0.716997902426212,16,0.0938013485890109
urn:mavedb:00000114-a-1#8779,NA,NA,p.Leu443Trp,0.646936691383846,24,0.0922942241345133
urn:mavedb:00000114-a-1#8780,NA,NA,p.Leu443Tyr,0.880740752022226,18,0.0631275341880434
urn:mavedb:00000114-a-1#8781,NA,NA,p.Glu444Ter,-0.0240295193769399,28,0.0102728829157109
urn:mavedb:00000114-a-1#8782,NA,NA,p.Glu444Ala,1.03106950356772,9,0.0793910295972217
urn:mavedb:00000114-a-1#8783,NA,NA,p.Glu444Cys,0.812778028881918,15,0.0820650755574977
urn:mavedb:00000114-a-1#8784,NA,NA,p.Glu444Asp,1.30412619963552,18,0.0535684118303544
urn:mavedb:00000114-a-1#8785,NA,NA,p.Glu444Phe,0.677030108965002,15,0.123133026272698
urn:mavedb:00000114-a-1#8786,NA,NA,p.Glu444Gly,0.782744142506976,12,0.0890355159729636
urn:mavedb:00000114-a-1#8787,NA,NA,p.Glu444His,1.18166028770038,1,0.285990476115878
urn:mavedb:00000114-a-1#8788,NA,NA,p.Glu444Ile,0.71189752670421,22,0.105510203586893
urn:mavedb:00000114-a-1#8789,NA,NA,p.Glu444Lys,0.607242155574025,18,0.0760394574360823
urn:mavedb:00000114-a-1#8790,NA,NA,p.Glu444Leu,0.507188192820918,17,0.0812167456795148
urn:mavedb:00000114-a-1#8791,NA,NA,p.Glu444Met,0.817561838414404,22,0.0633628823374832
urn:mavedb:00000114-a-1#8792,NA,NA,p.Glu444Asn,1.32197447254643,23,0.0467934942585151
urn:mavedb:00000114-a-1#8793,NA,NA,p.Glu444Pro,0.61968358970072,13,0.108105746718697
urn:mavedb:00000114-a-1#8794,NA,NA,p.Glu444Gln,1.13058078811394,4,0.0868875009464909
urn:mavedb:00000114-a-1#8795,NA,NA,p.Glu444Arg,0.751249327204524,15,0.061868360435826
urn:mavedb:00000114-a-1#8796,NA,NA,p.Glu444Ser,1.14508917004149,13,0.0785735294419972
urn:mavedb:00000114-a-1#8797,NA,NA,p.Glu444Thr,0.980575417535275,16,0.0699826045300431
urn:mavedb:00000114-a-1#8798,NA,NA,p.Glu444Val,0.593929757372929,9,0.113942598334417
urn:mavedb:00000114-a-1#8799,NA,NA,p.Glu444Trp,0.731892112885035,21,0.0622702005634337
urn:mavedb:00000114-a-1#8800,NA,NA,p.Glu444Tyr,0.66926689022486,8,0.109615831860904
urn:mavedb:00000114-a-1#8801,NA,NA,p.Trp445Ter,-0.0223348223569306,34,0.0197538507126809
urn:mavedb:00000114-a-1#8802,NA,NA,p.Trp445Ala,0.0786168780207631,25,0.0837713032292752
urn:mavedb:00000114-a-1#8803,NA,NA,p.Trp445Cys,0.0022070204357344,37,0.0199036666129394
urn:mavedb:00000114-a-1#8804,NA,NA,p.Trp445Asp,-0.0167067778285591,22,0.026562882866391
urn:mavedb:00000114-a-1#8805,NA,NA,p.Trp445Glu,-0.0268444584748596,32,0.0116402462314776
urn:mavedb:00000114-a-1#8806,NA,NA,p.Trp445Phe,1.12203589583774,25,0.0451425754830981
urn:mavedb:00000114-a-1#8807,NA,NA,p.Trp445Gly,-0.0052894412199701,27,0.0203795642426478
urn:mavedb:00000114-a-1#8808,NA,NA,p.Trp445His,0.72035824684417,11,0.175742730419464
urn:mavedb:00000114-a-1#8809,NA,NA,p.Trp445Ile,0.300636905921543,39,0.0814472631832282
urn:mavedb:00000114-a-1#8810,NA,NA,p.Trp445Lys,-0.0230942991324664,35,0.0157973329164683
urn:mavedb:00000114-a-1#8811,NA,NA,p.Trp445Leu,0.259778500412082,22,0.109480213353456
urn:mavedb:00000114-a-1#8812,NA,NA,p.Trp445Met,0.657037291082606,28,0.169261746989745
urn:mavedb:00000114-a-1#8813,NA,NA,p.Trp445Asn,-0.0202060827133395,37,0.0196121096932727
urn:mavedb:00000114-a-1#8814,NA,NA,p.Trp445Pro,-0.0257632106784715,25,0.0163401437846256
urn:mavedb:00000114-a-1#8815,NA,NA,p.Trp445Gln,-0.0071301697838133,21,0.0213380583141115
urn:mavedb:00000114-a-1#8816,NA,NA,p.Trp445Arg,-0.0221252695814933,39,0.0154106203666755
urn:mavedb:00000114-a-1#8817,NA,NA,p.Trp445Ser,0.466059817617609,29,0.0474556008876094
urn:mavedb:00000114-a-1#8818,NA,NA,p.Trp445Thr,0.377389104380277,41,0.0991258838487952
urn:mavedb:00000114-a-1#8819,NA,NA,p.Trp445Val,0.718345178475732,22,0.381831868054232
urn:mavedb:00000114-a-1#8820,NA,NA,p.Trp445Tyr,1.18986137705616,41,0.0661739925158341
urn:mavedb:00000114-a-1#8821,NA,NA,p.Cys446Ter,-0.0209649769319761,30,0.0217789875006879
urn:mavedb:00000114-a-1#8822,NA,NA,p.Cys446Ala,-0.0212385368804029,20,0.0213030556881761
urn:mavedb:00000114-a-1#8823,NA,NA,p.Cys446Asp,-0.0290244140756922,33,0.0157340677376442
urn:mavedb:00000114-a-1#8824,NA,NA,p.Cys446Glu,-0.02831604109677,25,0.0155812508129595
urn:mavedb:00000114-a-1#8825,NA,NA,p.Cys446Phe,-0.0067243306926881,31,0.038784252177038
urn:mavedb:00000114-a-1#8826,NA,NA,p.Cys446Gly,-0.013544253782419,18,0.0410549097030298
urn:mavedb:00000114-a-1#8827,NA,NA,p.Cys446His,-0.0307483391376539,20,0.0165280620991579
urn:mavedb:00000114-a-1#8828,NA,NA,p.Cys446Ile,-0.0160637273371145,23,0.0258763113858929
urn:mavedb:00000114-a-1#8829,NA,NA,p.Cys446Lys,-0.0143801527323317,34,0.027521575327764
urn:mavedb:00000114-a-1#8830,NA,NA,p.Cys446Leu,-0.0264124307426215,19,0.0194051614166058
urn:mavedb:00000114-a-1#8831,NA,NA,p.Cys446Met,-0.0184217969228276,19,0.0211807155142805
urn:mavedb:00000114-a-1#8832,NA,NA,p.Cys446Asn,-0.0277718957865828,18,0.0250816087997724
urn:mavedb:00000114-a-1#8833,NA,NA,p.Cys446Pro,-0.0265282364786174,25,0.0200700344374614
urn:mavedb:00000114-a-1#8834,NA,NA,p.Cys446Gln,-0.018812080265749,25,0.0204487064503597
urn:mavedb:00000114-a-1#8835,NA,NA,p.Cys446Arg,-0.0229503970164974,22,0.0199730650422748
urn:mavedb:00000114-a-1#8836,NA,NA,p.Cys446Ser,-0.0156431633170547,13,0.0232112872825822
urn:mavedb:00000114-a-1#8837,NA,NA,p.Cys446Thr,-0.0241173211154162,23,0.0185932571683662
urn:mavedb:00000114-a-1#8838,NA,NA,p.Cys446Val,-0.015250232446826,34,0.0235295026410554
urn:mavedb:00000114-a-1#8839,NA,NA,p.Cys446Trp,-0.0278051387162549,34,0.0160688109048198
urn:mavedb:00000114-a-1#8840,NA,NA,p.Cys446Tyr,-0.0194824282851307,28,0.0193358045858538
urn:mavedb:00000114-a-1#8841,NA,NA,p.Trp447Ter,-0.0186010733030431,26,0.0226977025632294
urn:mavedb:00000114-a-1#8842,NA,NA,p.Trp447Ala,0.864337525548519,20,0.110822853703152
urn:mavedb:00000114-a-1#8843,NA,NA,p.Trp447Cys,0.667840294416556,16,0.100475202794673
urn:mavedb:00000114-a-1#8844,NA,NA,p.Trp447Asp,0.667414755554575,25,0.0847012707266973
urn:mavedb:00000114-a-1#8845,NA,NA,p.Trp447Glu,0.927393882752656,30,0.080875941889491
urn:mavedb:00000114-a-1#8846,NA,NA,p.Trp447Phe,0.897490030604312,26,0.0728764792826561
urn:mavedb:00000114-a-1#8847,NA,NA,p.Trp447Gly,0.235371154006015,18,0.100995722980173
urn:mavedb:00000114-a-1#8848,NA,NA,p.Trp447His,0.616773530635216,11,0.0649863404282715
urn:mavedb:00000114-a-1#8849,NA,NA,p.Trp447Ile,0.686021744623769,23,0.0651711675758645
urn:mavedb:00000114-a-1#8850,NA,NA,p.Trp447Lys,0.302924175266076,32,0.0831014655999371
urn:mavedb:00000114-a-1#8851,NA,NA,p.Trp447Leu,0.399347669644929,23,0.133048967264466
urn:mavedb:00000114-a-1#8852,NA,NA,p.Trp447Met,0.798375069644331,21,0.078989923223169
urn:mavedb:00000114-a-1#8853,NA,NA,p.Trp447Asn,0.736033433307538,18,0.0486872923572695
urn:mavedb:00000114-a-1#8854,NA,NA,p.Trp447Pro,-0.0287107492886271,20,0.0183020134509848
urn:mavedb:00000114-a-1#8855,NA,NA,p.Trp447Gln,0.691562449070709,17,0.0740326251487693
urn:mavedb:00000114-a-1#8856,NA,NA,p.Trp447Arg,0.87293905173896,31,0.105578483988482
urn:mavedb:00000114-a-1#8857,NA,NA,p.Trp447Ser,0.830462355380049,19,0.067848613813518
urn:mavedb:00000114-a-1#8858,NA,NA,p.Trp447Thr,0.43815525727203,24,0.0486869513038843
urn:mavedb:00000114-a-1#8859,NA,NA,p.Trp447Val,0.589314022094211,27,0.0372862288371575
urn:mavedb:00000114-a-1#8860,NA,NA,p.Trp447Tyr,0.949560047998219,15,0.0754351973445117
urn:mavedb:00000114-a-1#8861,NA,NA,p.Asn448Ter,-0.0142313005878746,28,0.0424472363233993
urn:mavedb:00000114-a-1#8862,NA,NA,p.Asn448Ala,0.890806250926595,18,0.0609463332218328
urn:mavedb:00000114-a-1#8863,NA,NA,p.Asn448Cys,0.867995654194547,26,0.0685878099995179
urn:mavedb:00000114-a-1#8864,NA,NA,p.Asn448Asp,0.910421595121172,35,0.0868185986122908
urn:mavedb:00000114-a-1#8865,NA,NA,p.Asn448Glu,0.39018701561008,21,0.0585378183293035
urn:mavedb:00000114-a-1#8866,NA,NA,p.Asn448Phe,0.89630532630668,24,0.0823775289435034
urn:mavedb:00000114-a-1#8867,NA,NA,p.Asn448Gly,0.952701537267798,36,0.0548941236961191
urn:mavedb:00000114-a-1#8868,NA,NA,p.Asn448His,0.835787536635912,21,0.118639816501427
urn:mavedb:00000114-a-1#8869,NA,NA,p.Asn448Ile,0.893134199482973,24,0.0805036419538877
urn:mavedb:00000114-a-1#8870,NA,NA,p.Asn448Lys,0.759993063987232,29,0.0437799457370228
urn:mavedb:00000114-a-1#8871,NA,NA,p.Asn448Leu,0.975107606220051,34,0.021790164493705
urn:mavedb:00000114-a-1#8872,NA,NA,p.Asn448Met,0.542701962749734,21,0.105395038744998
urn:mavedb:00000114-a-1#8873,NA,NA,p.Asn448Pro,0.499650937372348,19,0.078677060792151
urn:mavedb:00000114-a-1#8874,NA,NA,p.Asn448Gln,0.617886964814051,25,0.106562808796388
urn:mavedb:00000114-a-1#8875,NA,NA,p.Asn448Arg,0.67647584073768,19,0.0629392668462436
urn:mavedb:00000114-a-1#8876,NA,NA,p.Asn448Ser,0.887589296607363,25,0.055548608994823
urn:mavedb:00000114-a-1#8877,NA,NA,p.Asn448Thr,0.610637016673302,23,0.103368464671775
urn:mavedb:00000114-a-1#8878,NA,NA,p.Asn448Val,0.242605456650828,28,0.0925850483646431
urn:mavedb:00000114-a-1#8879,NA,NA,p.Asn448Trp,0.413906251345813,31,0.08954391358996
urn:mavedb:00000114-a-1#8880,NA,NA,p.Asn448Tyr,0.714365775176456,19,0.147725534834685
urn:mavedb:00000114-a-1#8881,NA,NA,p.Cys449Ter,-0.0141039213423853,24,0.0256231701871724
urn:mavedb:00000114-a-1#8882,NA,NA,p.Cys449Ala,-0.0117068949652409,20,0.0500386150396907
urn:mavedb:00000114-a-1#8883,NA,NA,p.Cys449Asp,0.508770288812312,26,0.0759444717674923
urn:mavedb:00000114-a-1#8884,NA,NA,p.Cys449Glu,0.238048678166355,23,0.0776825207449254
urn:mavedb:00000114-a-1#8885,NA,NA,p.Cys449Phe,-0.0216386709727195,31,0.0215128954640159
urn:mavedb:00000114-a-1#8886,NA,NA,p.Cys449Gly,-0.0237735931968472,28,0.0236200838476536
urn:mavedb:00000114-a-1#8887,NA,NA,p.Cys449His,0.363470137580401,23,0.102608737656337
urn:mavedb:00000114-a-1#8888,NA,NA,p.Cys449Ile,-0.0202500510451092,34,0.0211261951274817
urn:mavedb:00000114-a-1#8889,NA,NA,p.Cys449Lys,-0.0054549163570903,24,0.0310847729282215
urn:mavedb:00000114-a-1#8890,NA,NA,p.Cys449Leu,-0.0256313294204319,24,0.0169949416037289
urn:mavedb:00000114-a-1#8891,NA,NA,p.Cys449Met,-0.0271379676647339,33,0.0145438621780555
urn:mavedb:00000114-a-1#8892,NA,NA,p.Cys449Asn,-0.0156387838921928,25,0.0264431459076734
urn:mavedb:00000114-a-1#8893,NA,NA,p.Cys449Pro,-0.0211917277415084,23,0.0154148073908546
urn:mavedb:00000114-a-1#8894,NA,NA,p.Cys449Gln,-0.0178123884092429,25,0.0220239553941849
urn:mavedb:00000114-a-1#8895,NA,NA,p.Cys449Arg,-0.0228418204415453,29,0.0253418585220884
urn:mavedb:00000114-a-1#8896,NA,NA,p.Cys449Ser,-0.0116379457125553,19,0.0323635059100798
urn:mavedb:00000114-a-1#8897,NA,NA,p.Cys449Thr,-0.0142618679418757,24,0.0379297821549342
urn:mavedb:00000114-a-1#8898,NA,NA,p.Cys449Val,-0.0202040024482285,27,0.0239940265703561
urn:mavedb:00000114-a-1#8899,NA,NA,p.Cys449Trp,-0.0214824225691321,44,0.0160418024941556
urn:mavedb:00000114-a-1#8900,NA,NA,p.Cys449Tyr,-0.0195329201329775,28,0.0248035023878675
urn:mavedb:00000114-a-1#8901,NA,NA,p.Gly450Ter,-0.0186124887062276,37,0.0296768482659276
urn:mavedb:00000114-a-1#8902,NA,NA,p.Gly450Ala,1.03277895372759,25,0.0780177807460569
urn:mavedb:00000114-a-1#8903,NA,NA,p.Gly450Cys,0.494324474937989,35,0.068719625215356
urn:mavedb:00000114-a-1#8904,NA,NA,p.Gly450Asp,0.572117402816725,16,0.0573630834520133
urn:mavedb:00000114-a-1#8905,NA,NA,p.Gly450Glu,0.106643870763171,36,0.0879144822191064
urn:mavedb:00000114-a-1#8906,NA,NA,p.Gly450Phe,0.416114328366378,33,0.0571925498987096
urn:mavedb:00000114-a-1#8907,NA,NA,p.Gly450His,0.8380722134976,19,0.0633276067697594
urn:mavedb:00000114-a-1#8908,NA,NA,p.Gly450Ile,0.400612093204707,25,0.0654738579332787
urn:mavedb:00000114-a-1#8909,NA,NA,p.Gly450Lys,0.0426656756899304,28,0.0538693694934532
urn:mavedb:00000114-a-1#8910,NA,NA,p.Gly450Leu,0.150150679585046,24,0.0998717961852681
urn:mavedb:00000114-a-1#8911,NA,NA,p.Gly450Met,0.187992499226553,37,0.102307820849265
urn:mavedb:00000114-a-1#8912,NA,NA,p.Gly450Asn,0.0518644483642842,33,0.07161619624288
urn:mavedb:00000114-a-1#8913,NA,NA,p.Gly450Pro,-0.0074034994471235,30,0.0375444344081429
urn:mavedb:00000114-a-1#8914,NA,NA,p.Gly450Gln,0.173058890982752,22,0.0823324048037524
urn:mavedb:00000114-a-1#8915,NA,NA,p.Gly450Arg,0.138342548806623,24,0.103908081006541
urn:mavedb:00000114-a-1#8916,NA,NA,p.Gly450Ser,0.659054176287329,25,0.0710199746323854
urn:mavedb:00000114-a-1#8917,NA,NA,p.Gly450Thr,0.773090365490812,28,0.0662300885323524
urn:mavedb:00000114-a-1#8918,NA,NA,p.Gly450Val,0.132812470361403,34,0.052112695589062
urn:mavedb:00000114-a-1#8919,NA,NA,p.Gly450Trp,0.0991064079615369,26,0.0645200075136802
urn:mavedb:00000114-a-1#8920,NA,NA,p.Gly450Tyr,0.317223071500209,22,0.0819072047662373
urn:mavedb:00000114-a-1#8921,NA,NA,p.Cys451Ter,-0.0194808900489298,28,0.0215266166198738
urn:mavedb:00000114-a-1#8922,NA,NA,p.Cys451Ala,1.37369071943971,26,0.0396846745182747
urn:mavedb:00000114-a-1#8923,NA,NA,p.Cys451Asp,1.38527954249738,14,0.0304021224118112
urn:mavedb:00000114-a-1#8924,NA,NA,p.Cys451Glu,1.38926876952756,23,0.0194331399735323
urn:mavedb:00000114-a-1#8925,NA,NA,p.Cys451Phe,1.37722863109808,33,0.0330717772994246
urn:mavedb:00000114-a-1#8926,NA,NA,p.Cys451Gly,1.37559287020511,31,0.0272503434749783
urn:mavedb:00000114-a-1#8927,NA,NA,p.Cys451His,1.37826439345801,23,0.0261660843323691
urn:mavedb:00000114-a-1#8928,NA,NA,p.Cys451Ile,1.37772519849097,29,0.0186485484959409
urn:mavedb:00000114-a-1#8929,NA,NA,p.Cys451Lys,1.35518993907744,36,0.0386149583451539
urn:mavedb:00000114-a-1#8930,NA,NA,p.Cys451Leu,1.36789821327009,25,0.0333898012829729
urn:mavedb:00000114-a-1#8931,NA,NA,p.Cys451Met,1.37578865174512,24,0.0295544964607721
urn:mavedb:00000114-a-1#8932,NA,NA,p.Cys451Asn,1.36914713876087,29,0.0341143912949395
urn:mavedb:00000114-a-1#8933,NA,NA,p.Cys451Pro,1.37139753192587,31,0.0411925987047517
urn:mavedb:00000114-a-1#8934,NA,NA,p.Cys451Gln,1.37454251049999,31,0.0388391268275167
urn:mavedb:00000114-a-1#8935,NA,NA,p.Cys451Arg,1.38873032219967,22,0.0201374759536952
urn:mavedb:00000114-a-1#8936,NA,NA,p.Cys451Ser,1.36613127203554,30,0.0428667834341499
urn:mavedb:00000114-a-1#8937,NA,NA,p.Cys451Thr,1.38112018255572,20,0.030577236861707
urn:mavedb:00000114-a-1#8938,NA,NA,p.Cys451Val,1.38435550010425,28,0.0287599210384486
urn:mavedb:00000114-a-1#8939,NA,NA,p.Cys451Trp,1.37543776365193,40,0.0295179244764133
urn:mavedb:00000114-a-1#8940,NA,NA,p.Cys451Tyr,1.37493428347408,25,0.0354092850293159
urn:mavedb:00000114-a-1#8941,NA,NA,p.Glu452Ter,-0.0012466524058614,44,0.0249383213700097
urn:mavedb:00000114-a-1#8942,NA,NA,p.Glu452Ala,1.37878179106868,29,0.0303927307915958
urn:mavedb:00000114-a-1#8943,NA,NA,p.Glu452Cys,1.38414339687415,39,0.0233077417693696
urn:mavedb:00000114-a-1#8944,NA,NA,p.Glu452Asp,1.39020722183856,24,0.0277461276580792
urn:mavedb:00000114-a-1#8945,NA,NA,p.Glu452Phe,1.37631229779515,29,0.0298026423403933
urn:mavedb:00000114-a-1#8946,NA,NA,p.Glu452Gly,1.38679014281373,28,0.0246507191892332
urn:mavedb:00000114-a-1#8947,NA,NA,p.Glu452His,1.3710055202813,47,0.0312968352092293
urn:mavedb:00000114-a-1#8948,NA,NA,p.Glu452Ile,1.38409899713639,32,0.0243902722113524
urn:mavedb:00000114-a-1#8949,NA,NA,p.Glu452Lys,-0.005478381362588,29,0.0203308875792744
urn:mavedb:00000114-a-1#8950,NA,NA,p.Glu452Leu,1.376444948376,34,0.0252741653077166
urn:mavedb:00000114-a-1#8951,NA,NA,p.Glu452Met,1.34949324120316,22,0.0475698854760376
urn:mavedb:00000114-a-1#8952,NA,NA,p.Glu452Asn,1.38236474768688,37,0.0274000864636565
urn:mavedb:00000114-a-1#8953,NA,NA,p.Glu452Pro,1.37330371604062,27,0.0290565155859053
urn:mavedb:00000114-a-1#8954,NA,NA,p.Glu452Gln,1.37347940816032,33,0.0224259786010497
urn:mavedb:00000114-a-1#8955,NA,NA,p.Glu452Arg,1.36631237685188,32,0.0340512724513261
urn:mavedb:00000114-a-1#8956,NA,NA,p.Glu452Ser,1.38382113564005,29,0.0241752511355013
urn:mavedb:00000114-a-1#8957,NA,NA,p.Glu452Thr,1.37100293027505,21,0.0465056299973931
urn:mavedb:00000114-a-1#8958,NA,NA,p.Glu452Val,1.37346851316876,25,0.0335094864164789
urn:mavedb:00000114-a-1#8959,NA,NA,p.Glu452Trp,1.36167601338978,35,0.0593463523689309
urn:mavedb:00000114-a-1#8960,NA,NA,p.Glu452Tyr,1.3713017726807,26,0.0250563441444968
urn:mavedb:00000114-a-1#8961,NA,NA,p.Trp453Ter,-0.012395817181717,26,0.0402854401277974
urn:mavedb:00000114-a-1#8962,NA,NA,p.Trp453Ala,0.0063074940676095,23,0.0236048862892245
urn:mavedb:00000114-a-1#8963,NA,NA,p.Trp453Cys,-0.0213963041932583,25,0.0260630061810813
urn:mavedb:00000114-a-1#8964,NA,NA,p.Trp453Asp,-0.0189145715871411,21,0.0170828883690714
urn:mavedb:00000114-a-1#8965,NA,NA,p.Trp453Glu,0.0140837145921649,33,0.0211495718877186
urn:mavedb:00000114-a-1#8966,NA,NA,p.Trp453Phe,0.478710281493981,22,0.0928151574366781
urn:mavedb:00000114-a-1#8967,NA,NA,p.Trp453Gly,-0.0138586785489609,27,0.0317302687493305
urn:mavedb:00000114-a-1#8968,NA,NA,p.Trp453His,-0.0268265506709092,18,0.0181080803610724
urn:mavedb:00000114-a-1#8969,NA,NA,p.Trp453Ile,1.33306486653121,32,0.059447387203737
urn:mavedb:00000114-a-1#8970,NA,NA,p.Trp453Lys,-0.0200080320241201,25,0.0218598038563269
urn:mavedb:00000114-a-1#8971,NA,NA,p.Trp453Leu,0.197284821997854,22,0.142900317205907
urn:mavedb:00000114-a-1#8972,NA,NA,p.Trp453Met,1.37541884112813,34,0.0266643745836394
urn:mavedb:00000114-a-1#8973,NA,NA,p.Trp453Asn,-0.0264779307733503,34,0.0102441888453905
urn:mavedb:00000114-a-1#8974,NA,NA,p.Trp453Pro,-0.0004770150460951,18,0.0284115055881747
urn:mavedb:00000114-a-1#8975,NA,NA,p.Trp453Gln,0.231700221219787,12,0.188297368967117
urn:mavedb:00000114-a-1#8976,NA,NA,p.Trp453Arg,-0.0169705161801667,31,0.0224634302153987
urn:mavedb:00000114-a-1#8977,NA,NA,p.Trp453Ser,-0.0097554817324808,21,0.0294689233495317
urn:mavedb:00000114-a-1#8978,NA,NA,p.Trp453Thr,-0.0202514916299183,25,0.0134011573992094
urn:mavedb:00000114-a-1#8979,NA,NA,p.Trp453Val,0.250739754893882,23,0.184074758610139
urn:mavedb:00000114-a-1#8980,NA,NA,p.Trp453Tyr,-0.0284874751316288,19,0.0244309547349254
urn:mavedb:00000114-a-1#8981,NA,NA,p.Asn454Ter,-0.0234418697683732,24,0.0168654989423569
urn:mavedb:00000114-a-1#8982,NA,NA,p.Asn454Ala,0.818713192014916,20,0.105443783902028
urn:mavedb:00000114-a-1#8983,NA,NA,p.Asn454Cys,0.705094839720584,23,0.0732849087800343
urn:mavedb:00000114-a-1#8984,NA,NA,p.Asn454Asp,0.46258411896791,26,0.0748324103090965
urn:mavedb:00000114-a-1#8985,NA,NA,p.Asn454Glu,0.0165672799536485,23,0.0330010960027871
urn:mavedb:00000114-a-1#8986,NA,NA,p.Asn454Phe,-0.0159385519890299,34,0.0108050917174753
urn:mavedb:00000114-a-1#8987,NA,NA,p.Asn454Gly,0.0096333781584723,21,0.0435008603028007
urn:mavedb:00000114-a-1#8988,NA,NA,p.Asn454His,1.04383404754088,27,0.114858484390542
urn:mavedb:00000114-a-1#8989,NA,NA,p.Asn454Ile,-0.0048017283976258,29,0.0227526687371114
urn:mavedb:00000114-a-1#8990,NA,NA,p.Asn454Lys,0.800313923906742,30,0.129689424928827
urn:mavedb:00000114-a-1#8991,NA,NA,p.Asn454Leu,-0.0078522986254463,31,0.0197942131213426
urn:mavedb:00000114-a-1#8992,NA,NA,p.Asn454Met,0.17652585834077,36,0.0568878562268453
urn:mavedb:00000114-a-1#8993,NA,NA,p.Asn454Pro,-0.0179389525645682,21,0.0147341292524469
urn:mavedb:00000114-a-1#8994,NA,NA,p.Asn454Gln,0.657560731748977,27,0.0747958420085818
urn:mavedb:00000114-a-1#8995,NA,NA,p.Asn454Arg,1.01650630706311,26,0.17655148667189
urn:mavedb:00000114-a-1#8996,NA,NA,p.Asn454Ser,1.25357812691861,37,0.0651707830665695
urn:mavedb:00000114-a-1#8997,NA,NA,p.Asn454Thr,1.31639190054753,35,0.0472632575055347
urn:mavedb:00000114-a-1#8998,NA,NA,p.Asn454Val,-0.0099848841022384,42,0.0277211666759252
urn:mavedb:00000114-a-1#8999,NA,NA,p.Asn454Trp,-0.0199641441345429,36,0.0177068211502192
urn:mavedb:00000114-a-1#9000,NA,NA,p.Asn454Tyr,-0.0146049383147509,29,0.0181852968520693
urn:mavedb:00000114-a-1#9001,NA,NA,p.Arg455Ter,-0.0251455982078851,22,0.0205246614498819
urn:mavedb:00000114-a-1#9002,NA,NA,p.Arg455Ala,1.32154685363655,18,0.0434894566508268
urn:mavedb:00000114-a-1#9003,NA,NA,p.Arg455Cys,1.274767786616,29,0.0729230893051619
urn:mavedb:00000114-a-1#9004,NA,NA,p.Arg455Asp,1.35437288460474,20,0.0432816379805644
urn:mavedb:00000114-a-1#9005,NA,NA,p.Arg455Glu,1.3728443292371,20,0.0346792631058794
urn:mavedb:00000114-a-1#9006,NA,NA,p.Arg455Phe,1.30708278280751,25,0.0440847848281766
urn:mavedb:00000114-a-1#9007,NA,NA,p.Arg455Gly,1.26422017027946,29,0.0554503000163419
urn:mavedb:00000114-a-1#9008,NA,NA,p.Arg455His,1.36929365392325,24,0.0347616940672418
urn:mavedb:00000114-a-1#9009,NA,NA,p.Arg455Ile,1.34574822423178,36,0.0452061223646217
urn:mavedb:00000114-a-1#9010,NA,NA,p.Arg455Lys,1.38130108173297,25,0.0197925595149151
urn:mavedb:00000114-a-1#9011,NA,NA,p.Arg455Leu,1.32528335077572,33,0.0562677625336918
urn:mavedb:00000114-a-1#9012,NA,NA,p.Arg455Met,1.33216931824024,19,0.044233164000132
urn:mavedb:00000114-a-1#9013,NA,NA,p.Arg455Asn,1.35892879328246,28,0.0377648770984916
urn:mavedb:00000114-a-1#9014,NA,NA,p.Arg455Pro,1.35696294882419,27,0.0422985839778652
urn:mavedb:00000114-a-1#9015,NA,NA,p.Arg455Gln,1.37282534372269,18,0.032156891684812
urn:mavedb:00000114-a-1#9016,NA,NA,p.Arg455Ser,1.33846093194624,21,0.0431539949699177
urn:mavedb:00000114-a-1#9017,NA,NA,p.Arg455Thr,1.35374027720673,35,0.0425900034283469
urn:mavedb:00000114-a-1#9018,NA,NA,p.Arg455Val,1.28781189549322,28,0.0646845739508764
urn:mavedb:00000114-a-1#9019,NA,NA,p.Arg455Trp,0.510285530759727,24,0.0704504050152337
urn:mavedb:00000114-a-1#9020,NA,NA,p.Arg455Tyr,1.34328775660099,20,0.0421310986466091
urn:mavedb:00000114-a-1#9021,NA,NA,p.Val456Ter,-0.0273455272630914,34,0.0160159805038455
urn:mavedb:00000114-a-1#9022,NA,NA,p.Val456Ala,1.36629705368278,20,0.0358463551502501
urn:mavedb:00000114-a-1#9023,NA,NA,p.Val456Cys,1.36256650424111,19,0.0416174870329409
urn:mavedb:00000114-a-1#9024,NA,NA,p.Val456Asp,1.36212411213116,34,0.0378980018792665
urn:mavedb:00000114-a-1#9025,NA,NA,p.Val456Glu,1.31696971155626,21,0.0420876853731558
urn:mavedb:00000114-a-1#9026,NA,NA,p.Val456Phe,1.37450421977175,20,0.0437247872018571
urn:mavedb:00000114-a-1#9027,NA,NA,p.Val456Gly,1.24073045502154,23,0.0661072897349677
urn:mavedb:00000114-a-1#9028,NA,NA,p.Val456His,1.30840788190111,25,0.0308525376508852
urn:mavedb:00000114-a-1#9029,NA,NA,p.Val456Ile,1.38265746451731,31,0.0284447003225189
urn:mavedb:00000114-a-1#9030,NA,NA,p.Val456Lys,1.37812728549219,23,0.0302312133145712
urn:mavedb:00000114-a-1#9031,NA,NA,p.Val456Leu,1.36654146104529,23,0.0444790017712093
urn:mavedb:00000114-a-1#9032,NA,NA,p.Val456Met,1.37514354349888,25,0.0302508764434335
urn:mavedb:00000114-a-1#9033,NA,NA,p.Val456Asn,1.38006691267828,23,0.0357948806920342
urn:mavedb:00000114-a-1#9034,NA,NA,p.Val456Pro,1.3183561428337,25,0.081929495809553
urn:mavedb:00000114-a-1#9035,NA,NA,p.Val456Gln,1.37315370761207,27,0.0364201771088153
urn:mavedb:00000114-a-1#9036,NA,NA,p.Val456Arg,1.37481981764229,22,0.0351082439037049
urn:mavedb:00000114-a-1#9037,NA,NA,p.Val456Ser,1.38455223805232,20,0.0213494962160568
urn:mavedb:00000114-a-1#9038,NA,NA,p.Val456Thr,1.3711387946792,23,0.0296474847179623
urn:mavedb:00000114-a-1#9039,NA,NA,p.Val456Trp,1.35474825613169,27,0.0355300799411341
urn:mavedb:00000114-a-1#9040,NA,NA,p.Val456Tyr,1.24304078172501,22,0.0770965672449059
urn:mavedb:00000114-a-1#9041,NA,NA,p.Cys457Ter,-0.0263734639067056,35,0.016643579235816
urn:mavedb:00000114-a-1#9042,NA,NA,p.Cys457Ala,-0.0247127538558959,23,0.0197559515349502
urn:mavedb:00000114-a-1#9043,NA,NA,p.Cys457Asp,-0.026263893132889,38,0.0177038227368764
urn:mavedb:00000114-a-1#9044,NA,NA,p.Cys457Glu,-0.0149062144529425,35,0.0253818501358356
urn:mavedb:00000114-a-1#9045,NA,NA,p.Cys457Phe,-0.0138279908459667,28,0.0236048025459788
urn:mavedb:00000114-a-1#9046,NA,NA,p.Cys457Gly,0.0219249193023755,36,0.0390584337742315
urn:mavedb:00000114-a-1#9047,NA,NA,p.Cys457His,0.3024422654556,26,0.118567814254768
urn:mavedb:00000114-a-1#9048,NA,NA,p.Cys457Ile,-0.0184105988018545,29,0.0274499625520978
urn:mavedb:00000114-a-1#9049,NA,NA,p.Cys457Lys,-0.0136069917065907,33,0.0260603292448359
urn:mavedb:00000114-a-1#9050,NA,NA,p.Cys457Leu,-0.017208131110617,37,0.0182891765007527
urn:mavedb:00000114-a-1#9051,NA,NA,p.Cys457Met,-0.0194937405058125,35,0.0134841336343912
urn:mavedb:00000114-a-1#9052,NA,NA,p.Cys457Asn,-0.0248652502145915,41,0.0133011160532474
urn:mavedb:00000114-a-1#9053,NA,NA,p.Cys457Pro,-0.0147125828481525,20,0.0334306894169055
urn:mavedb:00000114-a-1#9054,NA,NA,p.Cys457Gln,-0.0258600152629674,30,0.0130989682555706
urn:mavedb:00000114-a-1#9055,NA,NA,p.Cys457Arg,-0.0249100181017962,33,0.0163014950459465
urn:mavedb:00000114-a-1#9056,NA,NA,p.Cys457Ser,-0.0206113420373765,29,0.0270400062099681
urn:mavedb:00000114-a-1#9057,NA,NA,p.Cys457Thr,-0.0285017008137835,34,0.0139657207427105
urn:mavedb:00000114-a-1#9058,NA,NA,p.Cys457Val,-0.0222116983173119,40,0.0177965444061633
urn:mavedb:00000114-a-1#9059,NA,NA,p.Cys457Trp,-0.0154960792826893,29,0.0240173972015168
urn:mavedb:00000114-a-1#9060,NA,NA,p.Cys457Tyr,-0.0188056754141281,28,0.0254657025379766
urn:mavedb:00000114-a-1#9061,NA,NA,p.Met458Ter,-0.0149059248262566,28,0.0235107267630437
urn:mavedb:00000114-a-1#9062,NA,NA,p.Met458Ala,1.36596002505125,35,0.0516015117072608
urn:mavedb:00000114-a-1#9063,NA,NA,p.Met458Cys,1.36323251623424,29,0.034674022381563
urn:mavedb:00000114-a-1#9064,NA,NA,p.Met458Asp,0.948990715490731,29,0.308874551462977
urn:mavedb:00000114-a-1#9065,NA,NA,p.Met458Glu,1.26957791113125,27,0.0464854906993697
urn:mavedb:00000114-a-1#9066,NA,NA,p.Met458Phe,1.00225674569382,29,0.238088268849059
urn:mavedb:00000114-a-1#9067,NA,NA,p.Met458Gly,1.36068028914445,30,0.0451193546592835
urn:mavedb:00000114-a-1#9068,NA,NA,p.Met458His,1.00224633039373,24,0.281378365989757
urn:mavedb:00000114-a-1#9069,NA,NA,p.Met458Ile,1.35559648524161,32,0.0291980418510411
urn:mavedb:00000114-a-1#9070,NA,NA,p.Met458Lys,1.26231231894559,35,0.060370520074924
urn:mavedb:00000114-a-1#9071,NA,NA,p.Met458Leu,1.13910994656872,40,0.0543816015791105
urn:mavedb:00000114-a-1#9072,NA,NA,p.Met458Asn,1.3189199783045,33,0.0837382567252043
urn:mavedb:00000114-a-1#9073,NA,NA,p.Met458Pro,1.33515529890688,25,0.0601503492596816
urn:mavedb:00000114-a-1#9074,NA,NA,p.Met458Gln,1.35005532708034,35,0.0291275949193245
urn:mavedb:00000114-a-1#9075,NA,NA,p.Met458Arg,1.36526238776703,39,0.0414043493937156
urn:mavedb:00000114-a-1#9076,NA,NA,p.Met458Ser,1.37691118793038,28,0.0317983359510033
urn:mavedb:00000114-a-1#9077,NA,NA,p.Met458Thr,1.3631721387442,29,0.0316910124441346
urn:mavedb:00000114-a-1#9078,NA,NA,p.Met458Val,0.43771760813508,29,0.0628134252717637
urn:mavedb:00000114-a-1#9079,NA,NA,p.Met458Trp,0.25003967680267,43,0.0654480941022453
urn:mavedb:00000114-a-1#9080,NA,NA,p.Met458Tyr,1.17728992246186,33,0.177117790439714
urn:mavedb:00000114-a-1#9081,NA,NA,p.Gly459Ter,-0.0141595347416893,25,0.0330972088552362
urn:mavedb:00000114-a-1#9082,NA,NA,p.Gly459Ala,1.37042588813998,17,0.0327662531518749
urn:mavedb:00000114-a-1#9083,NA,NA,p.Gly459Cys,1.15694332662125,9,0.103736522556461
urn:mavedb:00000114-a-1#9084,NA,NA,p.Gly459Asp,1.36623191172669,29,0.0398139632603326
urn:mavedb:00000114-a-1#9085,NA,NA,p.Gly459Glu,1.35203988829572,27,0.0402583057890217
urn:mavedb:00000114-a-1#9086,NA,NA,p.Gly459Phe,1.1952336666217,22,0.0778103354112322
urn:mavedb:00000114-a-1#9087,NA,NA,p.Gly459His,1.32274249860548,17,0.0413325795642053
urn:mavedb:00000114-a-1#9088,NA,NA,p.Gly459Ile,1.26570082119149,17,0.0600133718678297
urn:mavedb:00000114-a-1#9089,NA,NA,p.Gly459Lys,1.34184771340155,34,0.0374936596227567
urn:mavedb:00000114-a-1#9090,NA,NA,p.Gly459Leu,1.27625787058802,37,0.0752403667233284
urn:mavedb:00000114-a-1#9091,NA,NA,p.Gly459Met,1.30969783925039,26,0.0528327227368244
urn:mavedb:00000114-a-1#9092,NA,NA,p.Gly459Asn,1.33410836477621,14,0.0420330123877989
urn:mavedb:00000114-a-1#9093,NA,NA,p.Gly459Pro,0.100527640125619,23,0.0883613725656905
urn:mavedb:00000114-a-1#9094,NA,NA,p.Gly459Gln,1.33059516462041,19,0.0412938546066888
urn:mavedb:00000114-a-1#9095,NA,NA,p.Gly459Arg,1.22956269362816,18,0.0597819898227877
urn:mavedb:00000114-a-1#9096,NA,NA,p.Gly459Ser,1.31552991386075,22,0.0634277441594966
urn:mavedb:00000114-a-1#9097,NA,NA,p.Gly459Thr,1.36206927625785,23,0.0302519171638271
urn:mavedb:00000114-a-1#9098,NA,NA,p.Gly459Val,1.13060774256109,30,0.0604359574014392
urn:mavedb:00000114-a-1#9099,NA,NA,p.Gly459Trp,0.210925228171936,30,0.0964459330108496
urn:mavedb:00000114-a-1#9100,NA,NA,p.Gly459Tyr,1.22249476087715,21,0.0487639919687271
urn:mavedb:00000114-a-1#9101,NA,NA,p.Asp460Ter,-0.0222204869431069,15,0.0215382071914976
urn:mavedb:00000114-a-1#9102,NA,NA,p.Asp460Ala,1.22026190511094,22,0.0433135073653809
urn:mavedb:00000114-a-1#9103,NA,NA,p.Asp460Cys,0.725880732722223,27,0.0688170155186501
urn:mavedb:00000114-a-1#9104,NA,NA,p.Asp460Glu,0.609813711889947,46,0.0617723679851904
urn:mavedb:00000114-a-1#9105,NA,NA,p.Asp460Phe,0.807437260013167,31,0.0767196362961596
urn:mavedb:00000114-a-1#9106,NA,NA,p.Asp460Gly,0.453631359798384,36,0.0804837054186804
urn:mavedb:00000114-a-1#9107,NA,NA,p.Asp460His,1.26787691795419,14,0.0727790865457655
urn:mavedb:00000114-a-1#9108,NA,NA,p.Asp460Ile,0.987185623779281,26,0.0570614272756386
urn:mavedb:00000114-a-1#9109,NA,NA,p.Asp460Lys,0.749807122715764,35,0.0541240599884064
urn:mavedb:00000114-a-1#9110,NA,NA,p.Asp460Leu,1.18250603751566,15,0.0788658170811747
urn:mavedb:00000114-a-1#9111,NA,NA,p.Asp460Met,0.91196195909056,18,0.0328945923399521
urn:mavedb:00000114-a-1#9112,NA,NA,p.Asp460Asn,0.833196338638243,32,0.0722535118166959
urn:mavedb:00000114-a-1#9113,NA,NA,p.Asp460Pro,-0.0076482773822206,26,0.0305483691799279
urn:mavedb:00000114-a-1#9114,NA,NA,p.Asp460Gln,1.21418332214221,21,0.0682759899984538
urn:mavedb:00000114-a-1#9115,NA,NA,p.Asp460Arg,0.807605032597906,16,0.0578133853073206
urn:mavedb:00000114-a-1#9116,NA,NA,p.Asp460Ser,1.11758851499323,26,0.0459625877783869
urn:mavedb:00000114-a-1#9117,NA,NA,p.Asp460Thr,1.33744810851164,14,0.0427080670308422
urn:mavedb:00000114-a-1#9118,NA,NA,p.Asp460Val,0.559379252012517,24,0.0565289754413903
urn:mavedb:00000114-a-1#9119,NA,NA,p.Asp460Trp,0.123206347936572,32,0.0842028850131295
urn:mavedb:00000114-a-1#9120,NA,NA,p.Asp460Tyr,0.633721918326262,19,0.102278823559864
urn:mavedb:00000114-a-1#9121,NA,NA,p.His461Ter,-0.0167418842085227,21,0.0281173182953284
urn:mavedb:00000114-a-1#9122,NA,NA,p.His461Ala,-0.0309380538398434,13,0.0265614002087972
urn:mavedb:00000114-a-1#9123,NA,NA,p.His461Cys,-0.0306043703921753,16,0.0160436176903263
urn:mavedb:00000114-a-1#9124,NA,NA,p.His461Asp,-0.0206260430893567,16,0.0368072900855109
urn:mavedb:00000114-a-1#9125,NA,NA,p.His461Glu,-0.0232495990858478,33,0.0255750347453842
urn:mavedb:00000114-a-1#9126,NA,NA,p.His461Phe,-0.0298720232023052,14,0.0171739627473497
urn:mavedb:00000114-a-1#9127,NA,NA,p.His461Gly,-0.0216018132537704,18,0.0266690309591076
urn:mavedb:00000114-a-1#9128,NA,NA,p.His461Ile,-0.0165723996920105,21,0.0192459377454305
urn:mavedb:00000114-a-1#9129,NA,NA,p.His461Lys,-0.0239612937033798,27,0.0172636312612591
urn:mavedb:00000114-a-1#9130,NA,NA,p.His461Leu,-0.0298196027360194,28,0.0171204112750941
urn:mavedb:00000114-a-1#9131,NA,NA,p.His461Met,-0.0213371469853016,25,0.0182102862497613
urn:mavedb:00000114-a-1#9132,NA,NA,p.His461Asn,-0.0166885213094221,19,0.0226037071816837
urn:mavedb:00000114-a-1#9133,NA,NA,p.His461Pro,-0.0316955853376458,20,0.0116109215642592
urn:mavedb:00000114-a-1#9134,NA,NA,p.His461Gln,-0.0116406300850881,24,0.0138195588863314
urn:mavedb:00000114-a-1#9135,NA,NA,p.His461Arg,-0.0184509948341365,30,0.0187340206899778
urn:mavedb:00000114-a-1#9136,NA,NA,p.His461Ser,-0.0363882576417873,12,0.0260026728415736
urn:mavedb:00000114-a-1#9137,NA,NA,p.His461Thr,-0.0201594214516557,25,0.0169601073425358
urn:mavedb:00000114-a-1#9138,NA,NA,p.His461Val,-0.0125332060748535,22,0.0179326281753541
urn:mavedb:00000114-a-1#9139,NA,NA,p.His461Trp,-0.0230431743085624,25,0.0197273303270203
urn:mavedb:00000114-a-1#9140,NA,NA,p.His461Tyr,-0.025987963382507,20,0.0181648006053691
urn:mavedb:00000114-a-1#9141,NA,NA,p.Trp462Ter,-0.0234738321213472,30,0.0132402550344861
urn:mavedb:00000114-a-1#9142,NA,NA,p.Trp462Ala,1.36389202737827,19,0.0375686864748113
urn:mavedb:00000114-a-1#9143,NA,NA,p.Trp462Cys,1.34111141354875,29,0.0590601845610896
urn:mavedb:00000114-a-1#9144,NA,NA,p.Trp462Asp,-0.0215419925498599,27,0.014757634487573
urn:mavedb:00000114-a-1#9145,NA,NA,p.Trp462Glu,-0.0182522737400323,27,0.0174923428453857
urn:mavedb:00000114-a-1#9146,NA,NA,p.Trp462Phe,1.33856578250547,34,0.0334521175149925
urn:mavedb:00000114-a-1#9147,NA,NA,p.Trp462Gly,1.34648131346912,27,0.0463963214215189
urn:mavedb:00000114-a-1#9148,NA,NA,p.Trp462His,1.06795004346721,28,0.218627238156328
urn:mavedb:00000114-a-1#9149,NA,NA,p.Trp462Ile,0.796517680814533,18,0.281349623022284
urn:mavedb:00000114-a-1#9150,NA,NA,p.Trp462Lys,-0.0241013988959917,32,0.0138042923059755
urn:mavedb:00000114-a-1#9151,NA,NA,p.Trp462Leu,1.06300511137163,32,0.127553276444582
urn:mavedb:00000114-a-1#9152,NA,NA,p.Trp462Met,0.913244228114203,30,0.105892538972909
urn:mavedb:00000114-a-1#9153,NA,NA,p.Trp462Asn,0.167104374176507,23,0.0837142327444471
urn:mavedb:00000114-a-1#9154,NA,NA,p.Trp462Pro,1.33772693160307,32,0.0589560329629076
urn:mavedb:00000114-a-1#9155,NA,NA,p.Trp462Gln,0.847141078062921,29,0.251240806952982
urn:mavedb:00000114-a-1#9156,NA,NA,p.Trp462Arg,-0.0253000550901147,31,0.0133419458161942
urn:mavedb:00000114-a-1#9157,NA,NA,p.Trp462Ser,1.25801548344803,17,0.116949063906918
urn:mavedb:00000114-a-1#9158,NA,NA,p.Trp462Thr,0.294848765708838,29,0.167170615100359
urn:mavedb:00000114-a-1#9159,NA,NA,p.Trp462Val,0.54032196123071,36,0.0895529245825276
urn:mavedb:00000114-a-1#9160,NA,NA,p.Trp462Tyr,1.36447908074242,28,0.0302981744088172
urn:mavedb:00000114-a-1#9161,NA,NA,p.Phe463Ter,-0.0214555106617509,23,0.0208735791214233
urn:mavedb:00000114-a-1#9162,NA,NA,p.Phe463Ala,-0.0326577646081519,29,0.0099988757146718
urn:mavedb:00000114-a-1#9163,NA,NA,p.Phe463Cys,-0.0201803157965553,25,0.0298361644205162
urn:mavedb:00000114-a-1#9164,NA,NA,p.Phe463Asp,-0.0225348544074251,42,0.0186401999222854
urn:mavedb:00000114-a-1#9165,NA,NA,p.Phe463Glu,-0.0238638892491314,33,0.0217171515782627
urn:mavedb:00000114-a-1#9166,NA,NA,p.Phe463Gly,-0.0236126173701877,16,0.0218687298933646
urn:mavedb:00000114-a-1#9167,NA,NA,p.Phe463His,-0.0260847684420602,30,0.0111922010647201
urn:mavedb:00000114-a-1#9168,NA,NA,p.Phe463Ile,0.441392472131326,33,0.258150876697428
urn:mavedb:00000114-a-1#9169,NA,NA,p.Phe463Lys,-0.0275678755083941,18,0.0194991154661802
urn:mavedb:00000114-a-1#9170,NA,NA,p.Phe463Leu,0.0645277519494229,28,0.0730306189167786
urn:mavedb:00000114-a-1#9171,NA,NA,p.Phe463Met,0.478258577308647,35,0.176332627298401
urn:mavedb:00000114-a-1#9172,NA,NA,p.Phe463Asn,-0.0175050764223184,21,0.0174951052668077
urn:mavedb:00000114-a-1#9173,NA,NA,p.Phe463Pro,-0.023283119454184,21,0.0188856511181895
urn:mavedb:00000114-a-1#9174,NA,NA,p.Phe463Gln,-0.0131872822454881,27,0.0223491395124349
urn:mavedb:00000114-a-1#9175,NA,NA,p.Phe463Arg,-0.0188579093674908,33,0.0196304266009503
urn:mavedb:00000114-a-1#9176,NA,NA,p.Phe463Ser,-0.0338748609363035,30,0.0065355732777137
urn:mavedb:00000114-a-1#9177,NA,NA,p.Phe463Thr,-0.0229548852550866,19,0.0158410496321915
urn:mavedb:00000114-a-1#9178,NA,NA,p.Phe463Val,-0.0174741287523244,31,0.0188328754261241
urn:mavedb:00000114-a-1#9179,NA,NA,p.Phe463Trp,-0.0038467054411434,28,0.0320180916080956
urn:mavedb:00000114-a-1#9180,NA,NA,p.Phe463Tyr,0.584785474555609,22,0.0508993732681399
urn:mavedb:00000114-a-1#9181,NA,NA,p.Asp464Ter,0.538287213951822,29,0.0730527786405537
urn:mavedb:00000114-a-1#9182,NA,NA,p.Asp464Ala,1.32710062948818,13,0.0597323635685343
urn:mavedb:00000114-a-1#9183,NA,NA,p.Asp464Cys,1.32870052913212,34,0.0447085436376323
urn:mavedb:00000114-a-1#9184,NA,NA,p.Asp464Glu,1.30989216368936,25,0.0376002891685895
urn:mavedb:00000114-a-1#9185,NA,NA,p.Asp464Phe,1.3353775705963,36,0.0395844850350305
urn:mavedb:00000114-a-1#9186,NA,NA,p.Asp464Gly,1.33434606888625,32,0.0428409867301502
urn:mavedb:00000114-a-1#9187,NA,NA,p.Asp464His,1.37258089288755,32,0.0405280947653923
urn:mavedb:00000114-a-1#9188,NA,NA,p.Asp464Ile,1.36144462277197,36,0.0431317442947662
urn:mavedb:00000114-a-1#9189,NA,NA,p.Asp464Lys,1.30148755270042,30,0.0464618398545648
urn:mavedb:00000114-a-1#9190,NA,NA,p.Asp464Leu,1.31189465961485,25,0.0405186019896238
urn:mavedb:00000114-a-1#9191,NA,NA,p.Asp464Met,1.02691731409964,32,0.0694759260310898
urn:mavedb:00000114-a-1#9192,NA,NA,p.Asp464Asn,1.35698346262895,27,0.0383961893771261
urn:mavedb:00000114-a-1#9193,NA,NA,p.Asp464Pro,-0.0227657240417172,28,0.011605786694519
urn:mavedb:00000114-a-1#9194,NA,NA,p.Asp464Gln,1.33407444220758,32,0.0429651430649026
urn:mavedb:00000114-a-1#9195,NA,NA,p.Asp464Arg,1.25270349993354,25,0.0632235197521785
urn:mavedb:00000114-a-1#9196,NA,NA,p.Asp464Ser,1.35964336948919,29,0.0272923913938105
urn:mavedb:00000114-a-1#9197,NA,NA,p.Asp464Thr,1.37619235840385,20,0.0270914854098548
urn:mavedb:00000114-a-1#9198,NA,NA,p.Asp464Val,1.17146045230948,28,0.0452130360066492
urn:mavedb:00000114-a-1#9199,NA,NA,p.Asp464Trp,0.17467824191746,50,0.108905522437394
urn:mavedb:00000114-a-1#9200,NA,NA,p.Asp464Tyr,1.33707247632543,30,0.0509516503709076
urn:mavedb:00000114-a-1#9201,NA,NA,p.Val465Ter,1.26673530827491,30,0.0477407835674642
urn:mavedb:00000114-a-1#9202,NA,NA,p.Val465Ala,1.33722714146807,28,0.0625884974620742
urn:mavedb:00000114-a-1#9203,NA,NA,p.Val465Cys,1.29914424087657,24,0.0537671492820545
urn:mavedb:00000114-a-1#9204,NA,NA,p.Val465Asp,1.35944607318606,43,0.0443847798310326
urn:mavedb:00000114-a-1#9205,NA,NA,p.Val465Glu,1.28414771491382,22,0.04421943591642
urn:mavedb:00000114-a-1#9206,NA,NA,p.Val465Phe,1.24543334441749,25,0.059599218427589
urn:mavedb:00000114-a-1#9207,NA,NA,p.Val465Gly,1.24379647286949,30,0.0596709985175535
urn:mavedb:00000114-a-1#9208,NA,NA,p.Val465His,1.32928005786207,27,0.0587498095159562
urn:mavedb:00000114-a-1#9209,NA,NA,p.Val465Ile,1.21866269664948,40,0.0672306632061318
urn:mavedb:00000114-a-1#9210,NA,NA,p.Val465Lys,0.779860474540171,18,0.0641093486615879
urn:mavedb:00000114-a-1#9211,NA,NA,p.Val465Leu,1.31105975805043,23,0.0553096757034511
urn:mavedb:00000114-a-1#9212,NA,NA,p.Val465Met,1.08688167478453,24,0.0428836129886373
urn:mavedb:00000114-a-1#9213,NA,NA,p.Val465Asn,1.31086413500909,30,0.050343807389173
urn:mavedb:00000114-a-1#9214,NA,NA,p.Val465Pro,1.23868430193118,31,0.0579585854183043
urn:mavedb:00000114-a-1#9215,NA,NA,p.Val465Gln,1.357423106791,29,0.0280231938401508
urn:mavedb:00000114-a-1#9216,NA,NA,p.Val465Arg,0.462330880352509,31,0.102505609093778
urn:mavedb:00000114-a-1#9217,NA,NA,p.Val465Ser,0.763977741269656,29,0.0484053356793922
urn:mavedb:00000114-a-1#9218,NA,NA,p.Val465Thr,0.201423015671814,39,0.0901361848042973
urn:mavedb:00000114-a-1#9219,NA,NA,p.Val465Trp,1.35335812620449,32,0.0369104136443937
urn:mavedb:00000114-a-1#9220,NA,NA,p.Val465Tyr,1.27903788168912,31,0.0507300187664637
