accession,hgvs_nt,hgvs_splice,hgvs_pro,score,score_95CI_low,score_95CI_high,fitting_err,score_unfolded,dG,dG_95CI_low,dG_95CI_high
urn:mavedb:00000234-a-1#1,c.=,NA,p.=,1.5084505459967144,1.4446745998291313,1.5805689674617438,0.1825351969504935,-0.6853831,2.9885163339710474,2.8938272482741594,3.097421555820912
urn:mavedb:00000234-a-1#2,c.[12T>C;15G>A;27A>G;33G>C;45C>T;78C>G;105T>C;114C>G],NA,p.=,1.922188825705729,1.896191053904616,1.952456191193236,0.111050466093648,-0.7276387,3.7156075559782646,3.6688213027404935,3.771359698641362
urn:mavedb:00000234-a-1#3,c.[3T>C;9T>G;30G>A;33G>C;45C>T;75G>C;78C>G;105T>C;114C>G;123C>T],NA,p.=,1.159243695351396,0.961178125584416,1.3797041686142406,0.3893819452866487,-0.7161734,2.5239271824425136,2.244799993109032,2.8400967088090727
urn:mavedb:00000234-a-1#4,c.[15G>A;21A>G;45C>T;78C>G;105T>C;108A>G;114C>G;126G>A],NA,p.=,1.599255661450934,1.5465921471101778,1.627630578450947,0.1066736112252429,-0.6853831,3.1260113082451904,3.045845348809308,3.1697538592934125
urn:mavedb:00000234-a-1#5,c.[12T>C;24C>G;27A>G;45C>T;51C>T;78C>G;105T>C;114C>G],NA,p.=,0.6949615272118719,0.6376117511467291,0.761992728318593,0.2198685992149541,-0.6853831,1.8279308026800285,1.7466296944785875,1.922587934649192
urn:mavedb:00000234-a-1#6,c.[12T>C;15G>A;18G>A;45C>T;78C>G;105T>C;114C>G;117G>C],NA,p.=,1.5212756297949452,1.4625889859154655,1.561534850783779,0.1696896213313445,-0.6853831,3.0077300266237703,2.920289636163337,3.0684659665909075
urn:mavedb:00000234-a-1#7,c.[24C>G;27A>G;45C>T;75G>C;78C>G;105T>C;114C>G],NA,p.=,1.3284786431097615,1.223865460564631,1.405879544223861,0.3369413291470797,-0.6853831,2.724320142135508,2.5741618204952155,2.836846446481093
urn:mavedb:00000234-a-1#8,c.[1T>C;2C>A;3T>G;12T>C;15G>A;27A>G;33G>C;45C>T;78C>G;105T>C;114C>G],NA,p.Ser1Gln,1.9659674977523964,1.9475419299665904,2.00582224185686,0.1419977230738953,-0.7236867,3.791447896179821,3.756918137876855,3.868282404838573
urn:mavedb:00000234-a-1#9,c.[1T>G;2C>A;3T>A;12T>C;15G>A;27A>G;33G>C;45C>T;78C>G;105T>C;114C>G],NA,p.Ser1Glu,1.8997430083189053,1.887630713839592,1.9261599484394367,0.1134117371026921,-0.70940566,3.650748542468739,3.6292096038556223,3.6984350198191898
urn:mavedb:00000234-a-1#10,c.[1T>A;2C>A;3T>C;12T>C;15G>A;27A>G;33G>C;45C>T;78C>G;105T>C;114C>G],NA,p.Ser1Asn,1.947049998809958,1.919389188931981,1.974630085294656,0.0943905585398107,-0.7191949,3.7499924636037214,3.699220084189309,3.8018779648813417
urn:mavedb:00000234-a-1#11,c.[1T>C;2C>A;3T>C;12T>C;15G>A;27A>G;33G>C;45C>T;78C>G;105T>C;114C>G],NA,p.Ser1His,1.9603776322002424,1.925232281226676,1.970455138719372,0.1182223272689457,-0.71583676,3.770404800149231,3.705351669186546,3.7894430092084894
urn:mavedb:00000234-a-1#12,c.[1T>G;2C>A;3T>C;12T>C;15G>A;27A>G;33G>C;45C>T;78C>G;105T>C;114C>G],NA,p.Ser1Asp,1.8914753499727897,1.8800563582425591,1.9094696645079483,0.1184837129512458,-0.70921993,3.635776552884308,3.615589634238752,3.6679414707163818
urn:mavedb:00000234-a-1#13,c.[1T>C;2C>G;12T>C;15G>A;27A>G;33G>C;45C>T;78C>G;105T>C;114C>G],NA,p.Ser1Arg,1.333682809999961,1.3154314881865383,1.3947043247117823,0.1210471956934601,-0.9284506,3.0588568651966086,3.03260134986024,3.147207017100062
urn:mavedb:00000234-a-1#14,c.[1T>A;2C>A;3T>A;12T>C;15G>A;27A>G;33G>C;45C>T;78C>G;105T>C;114C>G],NA,p.Ser1Lys,1.8231170642173613,1.7908414690022052,1.8485035810454085,0.0829701080235694,-0.7746911,3.604943092575337,3.550758574263268,3.648310876386165
urn:mavedb:00000234-a-1#15,c.[1T>A;3T>C;12T>C;15G>A;27A>G;33G>C;45C>T;78C>G;105T>C;114C>G],NA,p.Ser1Thr,1.877424389270265,1.860691247077413,1.8989724249580413,0.1356567599696832,-0.72650313,3.6341009388301897,3.6048726750477855,3.67226131457701
urn:mavedb:00000234-a-1#16,c.[1T>G;3T>G;12T>C;15G>A;27A>G;33G>C;45C>T;78C>G;105T>C;114C>G],NA,p.Ser1Ala,1.9983234428892125,1.9794019726377523,2.0178057020629545,0.1419908062729766,-0.7405369,3.876130103634264,3.839551994461473,3.914563789088275
urn:mavedb:00000234-a-1#17,c.[1T>G;2C>G;12T>C;15G>A;27A>G;33G>C;45C>T;78C>G;105T>C;114C>G],NA,p.Ser1Gly,1.9239292372301435,1.90038816279006,1.9532460287684723,0.1069078090577336,-0.72460604,3.7147154099582633,3.672250560021885,3.768775892095178
urn:mavedb:00000234-a-1#18,c.[1T>A;2C>T;3T>G;12T>C;15G>A;27A>G;33G>C;45C>T;78C>G;105T>C;114C>G],NA,p.Ser1Met,1.8781167735328288,1.7699228548181671,1.9601406702881563,0.1284579823640318,-0.7555189,3.674161704710359,3.4904796976327024,3.8230617905509656
urn:mavedb:00000234-a-1#19,c.[1T>C;2C>T;3T>G;12T>C;15G>A;27A>G;33G>C;45C>T;78C>G;105T>C;114C>G],NA,p.Ser1Leu,1.8512497090631927,1.806652542947434,1.9252876923895288,0.1309886735186697,-0.7504258,3.620559189934808,3.5446817809872853,3.751748010182207
urn:mavedb:00000234-a-1#20,c.[1T>G;2C>T;12T>C;15G>A;27A>G;33G>C;45C>T;78C>G;105T>C;114C>G],NA,p.Ser1Val,1.9058384744979653,1.8877677413168643,1.9660353026598465,0.112628085638725,-0.73289967,3.6931137853769793,3.6609058334832207,3.803904895672984
urn:mavedb:00000234-a-1#21,c.[1T>A;2C>T;3T>C;12T>C;15G>A;27A>G;33G>C;45C>T;78C>G;105T>C;114C>G],NA,p.Ser1Ile,1.9353724487747048,1.8838857829753768,1.957591246794237,0.088492189470773,-0.7414403,3.758184607360172,3.665477017588246,3.799436556358076
urn:mavedb:00000234-a-1#22,c.[2C>G;3T>G;12T>C;15G>A;27A>G;33G>C;45C>T;78C>G;105T>C;114C>G],NA,p.Ser1Trp,0.8374262665973075,0.8223608606030898,0.8516674323612324,0.0584300594599058,-0.78294396,2.1626859421884985,2.1416236773427144,2.1825942918672934
urn:mavedb:00000234-a-1#23,c.[2C>A;3T>C;12T>C;15G>A;27A>G;33G>C;45C>T;78C>G;105T>C;114C>G],NA,p.Ser1Tyr,0.5536328590999979,0.5151593494822433,0.5705152613755243,0.0732861147331879,-0.75776005,1.728933386855917,1.6742254388952726,1.7528769090477978
urn:mavedb:00000234-a-1#24,c.[2C>T;3T>C;12T>C;15G>A;27A>G;33G>C;45C>T;78C>G;105T>C;114C>G],NA,p.Ser1Phe,1.0779735735254017,1.0683158955037144,1.0893498528019034,0.1242740075124487,-0.76912856,2.480871338654989,2.46728388976139,2.4968863836153967
urn:mavedb:00000234-a-1#25,c.[1T>C;3T>G;12T>C;15G>A;27A>G;33G>C;45C>T;78C>G;105T>C;114C>G],NA,p.Ser1Pro,1.9361409117367527,1.8954727955965764,1.9702128863660484,0.1380641220287035,-0.718472,3.7288574689999225,3.655270437467836,3.792509815540994
urn:mavedb:00000234-a-1#26,c.[1_3delinsGGTTCT;9T>G;12T>C;18G>A;21A>G;27A>G;45C>T;78C>G;105T>C;114C>G],NA,p.Ser1delinsGlySer,0.805449172307054,0.7725743812986615,0.8701458142538274,0.1906908181374624,-0.6853831,1.9838024991477707,1.937502743939172,2.0748023111232503
urn:mavedb:00000234-a-1#27,c.[1_3delinsGCGTCT;12T>C;18G>A;21A>G;27A>G;45C>T;78C>G;105T>C;114C>G],NA,p.Ser1delinsAlaSer,0.8291767115659083,0.7768132489898398,0.8928095882205803,0.229621340477074,-0.7215409,2.066939399277291,1.9934175670016057,2.156204232665162
urn:mavedb:00000234-a-1#28,c.[1_3del;12T>C;18G>A;21A>G;24C>G;30G>A;45C>T;75G>C;78C>G;105T>C;120C>T;126G>A],NA,p.Ser1del,1.4817327035983925,1.4265414292216283,1.5833830439450942,0.1489692963554201,-0.67778873,2.9384691694950447,2.8569185432825432,3.091518735258927
urn:mavedb:00000234-a-1#29,c.[4G>C;5G>A;6T>A;12T>C;24C>G;27A>G;33G>C;45C>T;78C>G;105T>C;114C>G],NA,p.Gly2Gln,1.942367121607003,1.930718958582205,1.976487304746428,0.1347044681871438,-0.72395253,3.7476793365952585,3.7262401197980792,3.811787420067111
urn:mavedb:00000234-a-1#30,c.[5G>A;6T>A;12T>C;15G>A;27A>G;33G>C;45C>T;78C>G;105T>C;114C>G],NA,p.Gly2Glu,1.8204097130766848,1.807713628900081,1.8349329584496616,0.1159509487237722,-0.7135668,3.5185036425554754,3.497095720685016,3.5431944137781826
urn:mavedb:00000234-a-1#31,c.[3T>C;4G>A;5G>A;6T>C;12T>C;24C>G;27A>G;33G>C;45C>T;78C>G;105T>C;114C>G],NA,p.Gly2Asn,1.8778128318202167,1.8655162571153872,1.8918231729384056,0.148211785044259,-0.7201922,3.626334127054544,3.604815804866381,3.651083931027828
urn:mavedb:00000234-a-1#32,c.[4G>C;5G>A;6T>C;12T>C;15G>A;27A>G;33G>C;45C>T;78C>G;105T>C;114C>G],NA,p.Gly2His,1.90973607242335,1.8804139971164548,1.934931695754197,0.1274141285439194,-0.71741986,3.6793982047748335,3.6271983138626864,3.725225485416115
urn:mavedb:00000234-a-1#33,c.[5G>A;6T>C;12T>C;15G>A;27A>G;33G>C;45C>T;78C>G;105T>C;114C>G],NA,p.Gly2Asp,1.7582253665011265,1.7223632658037578,1.7811934188510616,0.1373340055560576,-0.71357465,3.415097649273424,3.3569479942190923,3.4528869830429287
urn:mavedb:00000234-a-1#34,c.[4G>C;12T>C;15G>A;27A>G;33G>C;45C>T;78C>G;105T>C;114C>G],NA,p.Gly2Arg,1.2261235776792128,1.1901438682308023,1.2680372835411695,0.1126110189556183,-0.9325719,2.910620697602336,2.859632963541101,2.970282318381821
urn:mavedb:00000234-a-1#35,c.[4G>A;5G>A;6T>A;12T>C;15G>A;27A>G;33G>C;45C>T;78C>G;105T>C;114C>G],NA,p.Gly2Lys,1.681238961728412,1.6553205035911078,1.6994092120821591,0.0997610702892862,-0.7772565,3.376780204166409,3.3360595030384785,3.4055811932950064
urn:mavedb:00000234-a-1#36,c.[4G>A;5G>C;6T>C;12T>C;15G>A;27A>G;33G>C;45C>T;78C>G;105T>C;114C>G],NA,p.Gly2Thr,1.8552120246860064,1.8322591211342725,1.8810061269269205,0.1273514168637583,-0.7278726,3.59720853547309,3.5577910141014906,3.642235689999546
urn:mavedb:00000234-a-1#37,c.[4G>T;5G>C;12T>C;15G>A;27A>G;33G>C;45C>T;78C>G;105T>C;114C>G],NA,p.Gly2Ser,1.8200439438893747,1.80295145119466,1.839214202091196,0.1157771228415329,-0.7291291,3.5387279912851337,3.509952476104644,3.571356365609162
urn:mavedb:00000234-a-1#38,c.[5G>C;12T>C;24C>G;27A>G;33G>C;45C>T;78C>G;105T>C;114C>G],NA,p.Gly2Ala,1.9847273624391848,1.953239323171362,2.01366842193948,0.1592103788890337,-0.7436993,3.8540070333260217,3.794314891069949,3.910563903546121
urn:mavedb:00000234-a-1#39,c.[4G>A;5G>T;6T>G;9T>G;12T>C;24C>G;27A>G;33G>C;45C>T;78C>G;105T>C;114C>G],NA,p.Gly2Met,1.9549271861166424,1.9236620648685057,1.978489717433756,0.1583435663052195,-0.75196767,3.808534204606331,3.750850143023142,3.853100681333391
urn:mavedb:00000234-a-1#40,c.[4G>C;5G>T;6T>C;12T>C;18G>A;21A>G;27A>G;33G>C;45C>T;78C>G;105T>C;114C>G],NA,p.Gly2Leu,1.864429095746328,1.8547601578286728,1.8764202931107683,0.1248082211406473,-0.7511842,3.644416217239512,3.627638894754445,3.665379042591408
urn:mavedb:00000234-a-1#41,c.[5G>T;12T>C;15G>A;27A>G;33G>C;45C>T;78C>G;105T>C;114C>G],NA,p.Gly2Val,1.8688890712362285,1.857181412409308,1.889730864551144,0.1198468681550008,-0.7354834,3.6311728058158095,3.6108087613268633,3.667842343363491
urn:mavedb:00000234-a-1#42,c.[4G>A;5G>T;6T>C;12T>C;15G>A;27A>G;33G>C;45C>T;78C>G;105T>C;114C>G],NA,p.Gly2Ile,1.8896965484123665,1.8755391972906088,1.9146578906839304,0.1203910466244489,-0.7415769,3.6759385744491215,3.650971432833515,3.720611486458415
urn:mavedb:00000234-a-1#43,c.[4G>T;6T>G;9T>G;12T>C;24C>G;27A>G;33G>C;45C>T;78C>G;105T>C;114C>G],NA,p.Gly2Trp,1.8492328203888115,1.806837359896575,1.88608143282862,0.1554512235970336,-0.78448534,3.6626780956994143,3.590600094140449,3.726971698129735
urn:mavedb:00000234-a-1#44,c.[4G>T;5G>A;6T>C;12T>C;15G>A;27A>G;33G>C;45C>T;78C>G;105T>C;114C>G],NA,p.Gly2Tyr,1.7158274526198942,1.6719296500039271,1.737161795021236,0.0995545701740829,-0.7589071,3.407210651834989,3.337511845982001,3.4415692299002973
urn:mavedb:00000234-a-1#45,c.[4G>T;5G>T;6T>C;12T>C;15G>A;27A>G;33G>C;45C>T;78C>G;105T>C;114C>G],NA,p.Gly2Phe,1.7678770008824154,1.7585505191658235,1.791008658524656,0.0971445991902404,-0.7697904,3.5062319575350336,3.4909438216702258,3.544473866720629
urn:mavedb:00000234-a-1#46,c.[4G>C;5G>C;6T>A;12T>C;24C>G;27A>G;33G>C;45C>T;78C>G;105T>C;114C>G],NA,p.Gly2Pro,1.8646195952139328,1.82227257934309,1.8888489753788824,0.1439958204137555,-0.7274275,3.612941636746712,3.5402225775122065,3.6554949458927664
urn:mavedb:00000234-a-1#47,c.[4G>T;6T>C;12T>C;21A>G;45C>T;78C>G;105T>C;114C>G;120C>T;126G>A],NA,p.Gly2Cys,1.3836728034374826,1.0004191664426945,1.696981802273636,0.3518574092172313,-0.735162,2.871434333521392,2.3257618688460857,3.3453049895718605
urn:mavedb:00000234-a-1#48,c.[3_4insGGC;12T>C;15G>A;21A>G;27A>G;30G>A;45C>T;78C>G;105T>C;114C>G],NA,p.Ser1_Gly2insGly,0.436493278734417,0.2602559493745661,0.6147724658377884,0.189115096583554,-0.6937685,1.46985151506401,1.209097632809383,1.7259327078092204
urn:mavedb:00000234-a-1#49,c.[3delinsCGCG;9T>G;12T>C;15G>A;24C>G;45C>T;78C>G;105T>C;108A>G;114C>G;120C>T;126G>A],NA,p.Ser1_Gly2insAla,1.45741696485513,1.4001751191250027,1.5058102252996626,0.1599674936680213,-0.71460366,2.951937042495894,2.867839607054916,3.023836955882441
urn:mavedb:00000234-a-1#50,c.[4_6del;18G>A;21A>G;24C>G;30G>A;45C>T;78C>G;105T>C;114C>G;123C>T;126G>A],NA,p.Gly2del,1.6584317311989785,1.618052009240244,1.7084993541245046,0.1309431307152052,-0.6860833,3.218665465144134,3.155881095945771,3.297866568650707
urn:mavedb:00000234-a-1#51,c.[7G>C;8T>A;9T>G;12T>C;15G>A;27A>G;33G>C;45C>T;78C>G;105T>C;114C>G],NA,p.Val3Gln,1.312198270305285,1.2691573202427786,1.3475662389328658,0.1309191026064054,-0.72218823,2.7504532149998626,2.688623000392824,2.8015350796714324
urn:mavedb:00000234-a-1#52,c.[8T>A;9T>A;12T>C;15G>A;27A>G;33G>C;45C>T;78C>G;105T>C;114C>G],NA,p.Val3Glu,1.268520022003052,1.2464741274438214,1.2824923751784818,0.1081525605614583,-0.71637464,2.6798652804883702,2.648319989289868,2.699900875339714
urn:mavedb:00000234-a-1#53,c.[7G>A;8T>A;9T>C;12T>C;15G>A;27A>G;33G>C;45C>T;78C>G;105T>C;114C>G],NA,p.Val3Asn,1.2309742145458853,1.2105670883392634,1.2599991476365089,0.089982383968638,-0.7209554,2.63237476625593,2.603293245503111,2.673845859221873
urn:mavedb:00000234-a-1#54,c.[7G>C;8T>A;9T>C;12T>C;15G>A;27A>G;33G>C;45C>T;78C>G;105T>C;114C>G],NA,p.Val3His,1.4152290603138968,1.3867571063596913,1.4579507086782992,0.1621348878442181,-0.71815467,2.8946432955423,2.8530378364940985,2.957500128197784
urn:mavedb:00000234-a-1#55,c.[8T>A;9T>C;12T>C;15G>A;27A>G;33G>C;45C>T;78C>G;105T>C;114C>G],NA,p.Val3Asp,1.2785882303922464,1.2626732094581814,1.3240036992186062,0.124365099651949,-0.71694493,2.695068484676828,2.672260975345052,2.7604082166236057
urn:mavedb:00000234-a-1#56,c.[7G>C;8T>G;12T>C;15G>A;27A>G;33G>C;45C>T;78C>G;105T>C;114C>G],NA,p.Val3Arg,0.9126431130609652,0.8948122729167112,0.9368640359691304,0.1395311562288361,-0.8812146,2.401493417517904,2.3766640247590045,2.4352380136816927
urn:mavedb:00000234-a-1#57,c.[7G>A;8T>A;9T>A;12T>C;15G>A;27A>G;33G>C;45C>T;78C>G;105T>C;114C>G],NA,p.Val3Lys,1.1706876853539678,1.123070245595262,1.2255344035996198,0.088060386404442,-0.75742555,2.595937900184192,2.528588897342389,2.6738568554355813
urn:mavedb:00000234-a-1#58,c.[3T>C;7G>A;8T>C;9T>C;12T>C;24C>G;27A>G;33G>C;45C>T;78C>G;105T>C;114C>G],NA,p.Val3Thr,1.4923874447115746,1.4761809962172363,1.5338419026736474,0.214224671741529,-0.7241628,3.0166583646993,2.9925694450455698,3.07870829042188
urn:mavedb:00000234-a-1#59,c.[7G>T;8T>C;12T>C;15G>A;27A>G;33G>C;45C>T;78C>G;105T>C;114C>G],NA,p.Val3Ser,1.292763735198044,1.2569810126719585,1.3382407680185564,0.1132051527207196,-0.72543,2.726863494907781,2.675566270287205,2.7924076657237804
urn:mavedb:00000234-a-1#60,c.[8T>C;9T>G;12T>C;15G>A;27A>G;33G>C;45C>T;78C>G;105T>C;114C>G],NA,p.Val3Ala,1.4090130719559344,1.3864762657560246,1.4297334823957284,0.1334511480794067,-0.73312783,2.9056858901088347,2.872780829445021,2.93606099814576
urn:mavedb:00000234-a-1#61,c.[8T>G;12T>C;15G>A;27A>G;33G>C;45C>T;78C>G;105T>C;114C>G],NA,p.Val3Gly,1.1909418451202725,1.1565448874518884,1.209047604632082,0.1090391673000637,-0.7235234,2.57885244496988,2.530050501845801,2.604600458495933
urn:mavedb:00000234-a-1#62,c.[7G>A;9T>G;12T>C;15G>A;27A>G;33G>C;45C>T;78C>G;105T>C;114C>G],NA,p.Val3Met,1.4933057291436271,1.474432853986908,1.5190508781928302,0.0978056473117292,-0.7389822,3.037935947458481,3.009891624721699,3.07639722160156
urn:mavedb:00000234-a-1#63,c.[7G>C;9T>G;12T>C;15G>A;27A>G;33G>C;45C>T;78C>G;105T>C;114C>G],NA,p.Val3Leu,1.6469188693264754,1.6237304620017934,1.674213543419818,0.2145124472310036,-0.7351339,3.26646787827514,3.23046847298403,3.3092372544442954
urn:mavedb:00000234-a-1#64,c.[7G>A;9T>C;12T>C;15G>A;27A>G;33G>C;45C>T;78C>G;105T>C;114C>G],NA,p.Val3Ile,1.858968527769922,1.830249593281312,1.8816382763160573,0.112598231605425,-0.7329855,3.610562249132072,3.561214481617528,3.650194503677567
urn:mavedb:00000234-a-1#65,c.[7G>T;8T>G;9T>G;12T>C;15G>A;27A>G;33G>C;45C>T;78C>G;105T>C;114C>G],NA,p.Val3Trp,1.7116123802186038,1.6992919467625076,1.7326215137562957,0.1364966496007565,-0.7605016,3.402598180888329,3.382942054972426,3.436365145921553
urn:mavedb:00000234-a-1#66,c.[7G>T;8T>A;9T>C;12T>C;15G>A;27A>G;33G>C;45C>T;78C>G;105T>C;114C>G],NA,p.Val3Tyr,1.6629986176663278,1.6522016579686836,1.683551303958044,0.0999467334261015,-0.74372387,3.3031276416421385,3.286230038827254,3.3354889347784145
urn:mavedb:00000234-a-1#67,c.[7G>T;9T>C;12T>C;15G>A;27A>G;33G>C;45C>T;78C>G;105T>C;114C>G],NA,p.Val3Phe,1.6935427073282394,1.672647508436941,1.7107995646735057,0.1072601986942271,-0.7506089,3.360546197363496,3.327517742649533,3.388041168863748
urn:mavedb:00000234-a-1#68,c.[7G>C;8T>C;9T>G;12T>C;15G>A;27A>G;33G>C;45C>T;78C>G;105T>C;114C>G],NA,p.Val3Pro,1.5114593138775436,1.469480503749333,1.5605726157018844,0.1866646721259577,-0.72290444,3.043435037649492,2.980944596772122,3.117390134092945
urn:mavedb:00000234-a-1#69,c.[3T>C;7G>T;8T>G;9T>C;15G>A;24C>G;45C>T;78C>G;105T>C;114C>G],NA,p.Val3Cys,0.6704473655869775,0.605193082250753,0.8351357831481845,0.2687266945163286,-0.7259264,1.8497440669615288,1.7574359571195983,2.0813244322931697
urn:mavedb:00000234-a-1#70,c.[6_7insGGC;12T>C;18G>A;24C>G;27A>G;45C>T;54T>C;78C>G;105T>C;114C>G],NA,p.Gly2_Val3insGly,0.6455464135104426,0.5214308262041626,0.7325045455537182,0.2162178229643433,-0.6937685,1.7696405654168263,1.5925643320674825,1.8926266194028207
urn:mavedb:00000234-a-1#71,c.[6_7insGCG;9T>G;12T>C;15G>A;24C>G;27A>G;45C>T;78C>G;105T>C;114C>G;126G>A],NA,p.Gly2_Val3insAla,1.265787640626236,1.2192222560841413,1.3385358226715107,0.221048800192839,-0.7093568,2.666479340246379,2.5999479090160382,2.771178160792608
urn:mavedb:00000234-a-1#72,c.[3T>C;7_9del;12T>C;15G>A;24C>G;45C>T;78C>G;105T>C;117G>C;126G>A],NA,p.Val3del,0.9303354612802304,0.8997818348225792,0.9807925565928832,0.1304286513451598,-0.6776316,2.148792750329663,2.105828786299805,2.2197659946821773
urn:mavedb:00000234-a-1#73,c.[9T>G;10A>C;12T>G;18G>A;21A>G;27A>G;45C>T;78C>G;105T>C;114C>G],NA,p.Asn4Gln,1.7214814728566683,1.614866367219975,1.8317689378827573,0.2834706972702235,-0.7305765,3.3783184777454887,3.210669832383484,3.5605765001003933
urn:mavedb:00000234-a-1#74,c.[10A>G;12T>A;18G>A;21A>G;27A>G;33G>C;45C>T;78C>G;105T>C;114C>G],NA,p.Asn4Glu,1.491208773121078,1.4798539404767512,1.514403309985925,0.1132136514624405,-0.71552515,3.003296371831727,2.986412073202461,3.037928370484179
urn:mavedb:00000234-a-1#75,c.[9T>G;10A>C;12T>C;15G>A;27A>G;45C>T;78C>G;84C>T;105T>C;114C>G],NA,p.Asn4His,1.6031396792387018,1.5782573851193462,1.6153986106922924,0.1208991622437725,-0.7234347,3.18304430851914,3.1449807693519483,3.201908988763515
urn:mavedb:00000234-a-1#76,c.[10A>G;12T>C;15G>A;27A>G;33G>C;45C>T;78C>G;105T>C;114C>G],NA,p.Asn4Asp,1.8883043278279488,1.872251949456192,1.9075460575193512,0.1185619221742763,-0.713289,3.635601624802082,3.607336811735488,3.669928945186346
urn:mavedb:00000234-a-1#77,c.[10A>C;11A>G;15G>A;27A>G;45C>T;78C>G;105T>C;114C>G;117G>C],NA,p.Asn4Arg,1.4672274677324006,1.4462114443790408,1.4888586382310225,0.1297399519636188,-0.91122484,3.2304337494378235,3.199452376192171,3.26247591414482
urn:mavedb:00000234-a-1#78,c.[12T>A;18G>A;21A>G;27A>G;33G>C;45C>T;78C>G;105T>C;114C>G],NA,p.Asn4Lys,1.5966318684466667,1.5718250351347924,1.6284490801588063,0.1198669381385212,-0.7705469,3.236265229584479,3.198410013723468,3.285261690649958
urn:mavedb:00000234-a-1#79,c.[11A>C;12T>C;15G>A;27A>G;33G>C;45C>T;78C>G;105T>C;114C>G],NA,p.Asn4Thr,1.5636891161480548,1.5481137481022078,1.58474599424038,0.1156271342227704,-0.73423886,3.1373315185371453,3.113753777272921,3.169377717291316
urn:mavedb:00000234-a-1#80,c.[10A>T;11A>C;18G>A;21A>G;27A>G;45C>T;105T>C;114C>G],NA,p.Asn4Ser,1.7632702270200382,1.7430622045417847,1.7947186480514925,0.1347395816209094,-0.73519874,3.4523328718531703,3.41936695240096,3.5043235392143406
urn:mavedb:00000234-a-1#81,c.[10A>G;11A>C;15G>A;24C>G;27A>G;33G>C;45C>T;78C>G;105T>C;114C>G],NA,p.Asn4Ala,1.4975731427335912,1.4736518587098486,1.5391199572502958,0.1531890241856747,-0.75101495,3.060456575406324,3.0249011669577617,3.122707941271388
urn:mavedb:00000234-a-1#82,c.[10A>G;11A>G;12T>C;24C>G;27A>G;45C>T;78C>G;105T>C;114C>G;120C>T],NA,p.Asn4Gly,1.4019315535708277,1.3880075523400213,1.4132061740498814,0.1634384010372985,-0.7335763,2.895935328781236,2.8756158992216143,2.9124263049658268
urn:mavedb:00000234-a-1#83,c.[11A>T;12T>G;15G>A;24C>G;27A>G;33G>C;45C>T;78C>G;105T>C;114C>G],NA,p.Asn4Met,1.7199937377992145,1.6832950642344875,1.7398794212369144,0.1187596369118976,-0.76224065,3.4183608590049728,3.359903885856788,3.450436499310929
urn:mavedb:00000234-a-1#84,c.[10A>C;11A>T;12T>C;24C>G;27A>G;45C>T;78C>G;105T>C;114C>G],NA,p.Asn4Leu,1.743055488779683,1.6871075440622936,1.797396475655232,0.184095816243362,-0.755543,3.446614331473397,3.3569578425101487,3.536039544130478
urn:mavedb:00000234-a-1#85,c.[10A>G;11A>T;12T>G;18G>A;24C>G;27A>G;45C>T;78C>G;84C>T;105T>C;114C>G],NA,p.Asn4Val,1.5971818025454767,1.5474409176472206,1.636515416845277,0.1190253611325882,-0.74169445,3.198403714754429,3.1227463973913623,3.259078875207959
urn:mavedb:00000234-a-1#86,c.[11A>T;12T>C;15G>A;27A>G;33G>C;45C>T;78C>G;105T>C;114C>G],NA,p.Asn4Ile,1.5645375705202111,1.5384063355793545,1.5909527414248892,0.1040606349708272,-0.75172544,3.1620878418783813,3.1225867440644937,3.20232488444648
urn:mavedb:00000234-a-1#87,c.[10A>T;11A>G;12T>G;15G>A;24C>G;27A>G;33G>C;45C>T;78C>G;105T>C;114C>G],NA,p.Asn4Trp,1.6147361908407205,1.5975315852946852,1.6360238186682774,0.1610577793203399,-0.7891648,3.289045701897793,3.2626126247667377,3.3219647814330444
urn:mavedb:00000234-a-1#88,c.[10A>T;12T>C;15G>A;27A>G;33G>C;45C>T;78C>G;105T>C;114C>G],NA,p.Asn4Tyr,1.5180932600232224,1.495478335638276,1.5545977982963677,0.11666890576385,-0.76630116,3.111643326758516,3.0778640323297,3.166589088803017
urn:mavedb:00000234-a-1#89,c.[10A>T;11A>T;12T>C;15G>A;27A>G;33G>C;45C>T;78C>G;105T>C;114C>G],NA,p.Asn4Phe,1.8451821268518087,1.820203426840005,1.866746220937137,0.1223256949547328,-0.7764275,3.6449213901108393,3.6023342289984863,3.682244854065386
urn:mavedb:00000234-a-1#90,c.[10A>C;11A>C;12T>G;15G>A;24C>G;27A>G;33G>C;45C>T;78C>G;105T>C;114C>G],NA,p.Asn4Pro,1.4643579932017288,1.4505926277535657,1.4826060474914504,0.1558986698531438,-0.72816825,2.980435835783721,2.9600983134169736,3.007491271224201
urn:mavedb:00000234-a-1#91,c.[9_10insGGT;12T>C;18G>A;21A>G;27A>G;33G>C;45C>T;60C>T;78C>G;105T>C;114C>G],NA,p.Val3_Asn4insGly,0.3889993158222546,0.3449789822129749,0.4300168872362247,0.1663839111661671,-0.6898706,1.3948350193909245,1.3299530844504444,1.4547988220132042
urn:mavedb:00000234-a-1#92,c.[6T>C;9delinsGGCG;12T>C;15G>A;24C>G;45C>T;78C>G;105T>C;114C>G],NA,p.Val3_Asn4insAla,0.5580314515892191,0.522254312971167,0.6127080484892572,0.2034111176579024,-0.70959973,1.667392503616553,1.6162323899152358,1.745216537548934
urn:mavedb:00000234-a-1#93,c.[9T>G;10_12del;15G>A;21A>G;45C>T;78C>G;105T>C;114C>G],NA,p.Asn4del,0.6654808357614355,0.5902133395880498,0.6964185850020582,0.1978162658343257,-0.69348,1.7974935395065783,1.6905603127083428,1.841269389753608
urn:mavedb:00000234-a-1#94,c.[12T>C;13C>G;15G>A;18G>A;21A>G;27A>G;33G>C;45C>T;78C>G;105T>C;114C>G],NA,p.Gln5Glu,1.88065693456534,1.8596521392719072,1.921101841804719,0.1030621518778715,-0.7111199,3.619191104389326,3.5824700819967674,3.691520404854621
urn:mavedb:00000234-a-1#95,c.[6T>C;12T>C;13C>A;15G>C;24C>G;27A>G;33G>C;45C>T;78C>G;105T>C;114C>G],NA,p.Gln5Asn,1.7012101765361984,1.6727119082205064,1.7239571802971705,0.1392964019876844,-0.72609186,3.339875614011651,3.2947490370781094,3.3762888750859936
urn:mavedb:00000234-a-1#96,c.[12T>C;15G>C;18G>A;21A>G;27A>G;33G>C;45C>T;78C>G;105T>C;114C>G],NA,p.Gln5His,1.78432801396076,1.7696314754639495,1.81789879051852,0.1644162293742729,-0.7222605,3.4697164072276125,3.445445648823301,3.525901308037565
urn:mavedb:00000234-a-1#97,c.[12T>C;13C>G;15G>C;18G>A;21A>G;27A>G;33G>C;45C>T;78C>G;105T>C;114C>G],NA,p.Gln5Asp,1.7247568864156697,1.6965621300138856,1.7521537901857502,0.106354498294968,-0.71308446,3.3601417232172373,3.3150409061551294,3.4045249729543854
urn:mavedb:00000234-a-1#98,c.[12T>C;14A>G;15G>T;18G>A;21A>G;27A>G;45C>T;78C>G;105T>C;114C>G;117G>C],NA,p.Gln5Arg,1.7630055945938572,1.745612166254327,1.804485387047596,0.1191935348718744,-0.8793199,3.644894265776484,3.616525373381878,3.713600448664346
urn:mavedb:00000234-a-1#99,c.[6T>C;12T>C;13C>A;15G>A;24C>G;27A>G;33G>C;45C>T;78C>G;105T>C;114C>G],NA,p.Gln5Lys,1.9278768527292007,1.8919649122664508,1.953945994197596,0.1297829981675613,-0.76241994,3.772524314272073,3.707862315959617,3.820685808118897
urn:mavedb:00000234-a-1#100,c.[6T>C;12T>C;13C>A;14A>C;15G>C;18G>A;21A>G;27A>G;33G>C;45C>T;78C>G;105T>C;114C>G],NA,p.Gln5Thr,1.8294758836677127,1.8117022039949835,1.875546325556376,0.1550863961758201,-0.7296243,3.555396227835894,3.52531171261236,3.6349820726227136
urn:mavedb:00000234-a-1#101,c.[12T>C;13C>T;14A>C;15G>T;18G>A;21A>G;27A>G;45C>T;105T>C;114C>G],NA,p.Gln5Ser,1.7828868773915134,1.753946411330537,1.8331228057817888,0.134308106015992,-0.7294283,3.4769303612958296,3.4293500021171206,3.561347144205995
urn:mavedb:00000234-a-1#102,c.[12T>C;13C>G;14A>C;18G>A;21A>G;27A>G;33G>C;45C>T;78C>G;105T>C;114C>G],NA,p.Gln5Ala,1.9976912456351053,1.9709947798718512,2.0433517285992275,0.1841787862247899,-0.7385609,3.872252613018453,3.820876650524897,3.963623025698275
urn:mavedb:00000234-a-1#103,c.[12T>C;13C>G;14A>G;15G>T;24C>G;27A>G;45C>T;78C>G;105T>C;114C>G;120C>T],NA,p.Gln5Gly,1.6772005672488706,1.6496354540704312,1.7108622012309147,0.0959093983588304,-0.7326479,3.3106122280673915,3.267371121982699,3.3640695081780314
urn:mavedb:00000234-a-1#104,c.[6T>C;12T>C;13C>A;14A>T;24C>G;27A>G;33G>C;45C>T;78C>G;105T>C;114C>G],NA,p.Gln5Met,2.033394597629281,2.0013186871556194,2.063570686064383,0.1778099383257801,-0.7561953,3.9668745359192528,3.90293546730611,4.029295406815776
urn:mavedb:00000234-a-1#105,c.[12T>C;14A>T;18G>A;21A>G;27A>G;33G>C;45C>T;78C>G;105T>C;114C>G],NA,p.Gln5Leu,2.037588639500538,1.98549374444798,2.0741245168208087,0.1350117980961872,-0.7517321,3.969440738490986,3.866230487644714,4.0457397703682885
urn:mavedb:00000234-a-1#106,c.[12T>C;13C>G;14A>T;27A>G;45C>T;78C>G;105T>C;114C>G],NA,p.Gln5Val,1.9091729719619743,1.860398299499432,1.9389215838073104,0.1295363033695757,-0.742116,3.7114422747562106,3.6252681131216153,3.7656241817471816
urn:mavedb:00000234-a-1#107,c.[6T>C;12T>C;13C>A;14A>T;15G>C;24C>G;27A>G;33G>C;45C>T;78C>G;105T>C;114C>G],NA,p.Gln5Ile,1.9487428079322628,1.9239705654272268,1.9809716276150189,0.1684888367264945,-0.7543185,3.800143887122582,3.754557976184912,3.860999568800067
urn:mavedb:00000234-a-1#108,c.[12T>C;13C>T;14A>G;18G>A;21A>G;27A>G;33G>C;45C>T;78C>G;105T>C;114C>G],NA,p.Gln5Trp,1.8089802017565035,1.7183225337058985,1.84378226417635,0.1167523350941798,-0.77183056,3.577254675874648,3.428527847208322,3.636362826696873
urn:mavedb:00000234-a-1#109,c.[12T>C;13C>T;15G>C;18G>A;21A>G;27A>G;33G>C;45C>T;78C>G;105T>C;114C>G],NA,p.Gln5Tyr,1.797226571109919,1.76880747859233,1.83770374333252,0.1093051720488896,-0.75858235,3.5398262852220688,3.4927488839112626,3.6082095028995695
urn:mavedb:00000234-a-1#110,c.[12T>C;13C>T;14A>T;15G>T;27A>G;33G>C;45C>T;78C>G;105T>C;114C>G],NA,p.Gln5Phe,1.8832465449676288,1.870479860071324,1.9157311463645703,0.1120066867143821,-0.77088857,3.703767526958456,3.6813488567561103,3.7617811595967057
urn:mavedb:00000234-a-1#111,c.[12T>C;14A>C;18G>A;21A>G;27A>G;33G>C;45C>T;78C>G;105T>C;114C>G],NA,p.Gln5Pro,2.046129302999248,2.024043380120184,2.111508563987288,0.1666567743251377,-0.7363806,3.966424176792642,3.921485640139284,4.107376672411148
urn:mavedb:00000234-a-1#112,c.[6T>C;9T>G;12T>C;13C>T;14A>G;15G>C;24C>G;27A>G;33G>C;45C>T;78C>G;105T>C;114C>G],NA,p.Gln5Cys,1.7966796958852305,1.511197276314705,2.144168816224872,0.4172432566416365,-0.73545694,3.5079408865263537,3.0599038038461788,4.182019879277108
urn:mavedb:00000234-a-1#113,c.[9T>G;12delinsCGGT;21A>G;45C>T;105T>C;114C>G;117G>C;123C>T],NA,p.Asn4_Gln5insGly,0.7279524856759416,0.6878766351380247,0.7643844432095035,0.1560754966879681,-0.6925099,1.884457172959792,1.8278398541259784,1.935824813537291
urn:mavedb:00000234-a-1#114,c.[12delinsCGCG;18G>A;21A>G;27A>G;45C>T;78C>G;105T>C;114C>G],NA,p.Asn4_Gln5insAla,0.7495618568862152,0.7045146371086985,0.7851294328705024,0.1431254153624389,-0.705477,1.9328926245865776,1.869390805539148,1.9829443713813983
urn:mavedb:00000234-a-1#115,c.[6T>C;13_15del;21A>G;30G>A;45C>T;105T>C;114C>G;117G>C],NA,p.Gln5del,0.6238267271028144,0.5655489598674504,0.7091085771673601,0.1901653208390885,-0.69142747,1.735519111016494,1.652457358617482,1.8563462450355657
urn:mavedb:00000234-a-1#116,c.[12T>C;16C>G;18G>A;21A>G;27A>G;30G>A;45C>T;78C>G;105T>C;114C>G],NA,p.Gln6Glu,1.870666633138268,1.8422190222121129,1.9533612377558285,0.1144113260269557,-0.7147131,3.606469800886833,3.557201082344255,3.755750977037825
urn:mavedb:00000234-a-1#117,c.[12T>C;15G>A;16C>A;18G>C;24C>G;27A>G;30G>A;45C>T;78C>G;105T>C;114C>G],NA,p.Gln6Asn,1.787232597241997,1.7727165841048886,1.8175322747261493,0.1170827006960645,-0.7222798,3.474561712281911,3.450550838848708,3.525307839489985
urn:mavedb:00000234-a-1#118,c.[12T>C;18G>C;21A>G;27A>G;30G>A;45C>T;78C>G;105T>C;114C>G],NA,p.Gln6His,1.9089610107678163,1.8606334421805013,1.92622319947719,0.1068564384670244,-0.7213342,3.6832432031048814,3.597851173101353,3.714517428939236
urn:mavedb:00000234-a-1#119,c.[12T>C;16C>G;18G>C;21A>G;27A>G;30G>A;45C>T;78C>G;105T>C;114C>G],NA,p.Gln6Asp,1.844304796451825,1.81625162016006,1.885600671603001,0.11704764942632,-0.71337533,3.558990436592184,3.511218138926356,3.6309335694665816
urn:mavedb:00000234-a-1#120,c.[12T>C;17A>G;18G>T;21A>G;27A>G;33G>C;45C>T;78C>G;105T>C;114C>G],NA,p.Gln6Arg,1.5901718976530006,1.5525459605726164,1.6050297767520691,0.1411631242846325,-1.0392878,3.5864527760873046,3.5293633013093726,3.609181387787923
urn:mavedb:00000234-a-1#121,c.[12T>C;16C>A;18G>A;21A>G;27A>G;30G>A;45C>T;78C>G;105T>C;114C>G],NA,p.Gln6Lys,1.758235653756291,1.7419769087950254,1.7796904330921122,0.1063664066391146,-0.8583777,3.609055372767081,3.582589899606191,3.644314188967905
urn:mavedb:00000234-a-1#122,c.[12T>C;16C>A;17A>C;18G>C;21A>G;27A>G;30G>A;45C>T;78C>G;105T>C;114C>G],NA,p.Gln6Thr,1.8073879324552748,1.784252366013514,1.8435850090394548,0.132215404142527,-0.72516274,3.512081188786627,3.4734790006221123,3.5735394100582765
urn:mavedb:00000234-a-1#123,c.[12T>C;16C>T;17A>C;18G>T;21A>G;27A>G;33G>C;45C>T;78C>G;105T>C;114C>G],NA,p.Gln6Ser,1.868560964555277,1.8448650520637444,1.9058270839805835,0.1200153867121276,-0.72282887,3.613656964521535,3.5726129507556874,3.679612460482197
urn:mavedb:00000234-a-1#124,c.[12T>C;16C>G;17A>C;21A>G;27A>G;30G>A;45C>T;78C>G;105T>C;114C>G],NA,p.Gln6Ala,1.9570908016686643,1.907989859147489,1.9918753379335847,0.1556713582001076,-0.7592108,3.822277453500216,3.732194751412576,3.8885694100141066
urn:mavedb:00000234-a-1#125,c.[12T>C;16C>G;17A>G;18G>T;21A>G;27A>G;45C>T;78C>G;105T>C;114C>G;120C>T],NA,p.Gln6Gly,1.7041610749806329,1.6817359220172805,1.7280464224285523,0.1246612300112332,-0.7326417,3.3533586477901145,3.317763133797979,3.391652194088243
urn:mavedb:00000234-a-1#126,c.[12T>C;16C>A;17A>T;21A>G;27A>G;30G>A;45C>T;78C>G;105T>C;114C>G],NA,p.Gln6Met,1.8181573218558955,1.7977747376859818,1.8387169382297408,0.1336357784322613,-0.77993417,3.603569773020304,3.569334408579548,3.6385288432834817
urn:mavedb:00000234-a-1#127,c.[12T>C;17A>T;24C>G;27A>G;30G>A;45C>T;78C>G;105T>C;114C>G],NA,p.Gln6Leu,1.891150579010378,1.8678863768673943,1.9102850808380047,0.121128111091439,-0.7800722,3.7300428486845023,3.6891120172221936,3.7642429963820527
urn:mavedb:00000234-a-1#128,c.[12T>C;16C>G;17A>T;18G>T;21A>G;27A>G;33G>C;45C>T;78C>G;105T>C;114C>G],NA,p.Gln6Val,1.8133614592246416,1.797540535499765,1.826952017947768,0.1232109724685206,-0.7475207,3.5520746047195653,3.525535961190488,3.575070246900282
urn:mavedb:00000234-a-1#129,c.[12T>C;16C>A;17A>T;18G>C;21A>G;27A>G;30G>A;45C>T;78C>G;105T>C;114C>G],NA,p.Gln6Ile,1.821330367636248,1.7755053459455832,1.8545621953404752,0.156943706885767,-0.75751424,3.5789174546614806,3.502348996827108,3.635771155652936
urn:mavedb:00000234-a-1#130,c.[12T>C;16C>T;17A>G;21A>G;27A>G;30G>A;45C>T;78C>G;105T>C;114C>G],NA,p.Gln6Trp,1.7689349207321436,1.74961695756121,1.801540891021313,0.1239524734735515,-0.86962986,3.6416517262347887,3.610063673826644,3.6957027725617984
urn:mavedb:00000234-a-1#131,c.[12T>C;16C>T;18G>C;21A>G;27A>G;30G>A;45C>T;78C>G;105T>C;114C>G],NA,p.Gln6Tyr,1.7370569166545955,1.7059348165534525,1.7746107760483136,0.0985671668031077,-0.82144904,3.5251732423456383,3.475182676553754,3.5864921699740084
urn:mavedb:00000234-a-1#132,c.[12T>C;16C>T;17A>T;18G>C;21A>G;27A>G;30G>A;45C>T;78C>G;105T>C;114C>G],NA,p.Gln6Phe,1.7113140820816248,1.676394493972444,1.7439953909706811,0.1044921024327124,-0.83485055,3.50172289849242,3.4463086079536707,3.554362716570323
urn:mavedb:00000234-a-1#133,c.[12T>C;17A>C;21A>G;27A>G;30G>A;45C>T;78C>G;105T>C;114C>G],NA,p.Gln6Pro,1.3510686538155192,1.3338217543716695,1.3753516551938023,0.1418290891751689,-0.72108054,2.805116394669985,2.780159958916682,2.8403691837698486
urn:mavedb:00000234-a-1#134,c.[12T>C;16C>T;17A>G;18G>C;21A>G;27A>G;45C>T;78C>G;105T>C;114C>G],NA,p.Gln6Cys,1.4701256713061592,1.0627594893319627,1.8376577070002555,0.485818834907173,-0.76985526,3.0449866070383047,2.460454813024034,3.623223477810158
urn:mavedb:00000234-a-1#135,c.[12T>C;15_16insGGT;24C>G;45C>T;78C>G;105T>C;114C>G;117G>C;126G>A],NA,p.Gln5_Gln6insGly,0.9668809177360728,0.9292788811589944,1.0026347338029549,0.1074434017928537,-0.69473004,2.2235469826530028,2.1707092270785,2.273820893077204
urn:mavedb:00000234-a-1#136,c.[12T>C;15_16insGCG;24C>G;27A>G;45C>T;78C>G;105T>C;111C>T;114C>G],NA,p.Gln5_Gln6insAla,1.1680351591289826,1.1299367567543277,1.2217579149550086,0.1115216210486021,-0.70579886,2.522351730558345,2.468376122579921,2.598754135464751
urn:mavedb:00000234-a-1#137,c.[12T>C;15G>A;16_18del;24C>G;45C>T;78C>G;105T>C;114C>G;123C>T],NA,p.Gln6del,1.0642899662716474,1.045555579275642,1.097789941317319,0.1184567426834515,-0.69142747,2.3561572906884534,2.3297492680568337,2.4034381990483555
urn:mavedb:00000234-a-1#138,c.[12T>C;19C>G;24C>G;27A>G;45C>T;78C>G;105T>C;114C>G],NA,p.Gln7Glu,1.7053870217538043,1.650189184646346,1.7512389025317006,0.1504365768069624,-0.70816207,3.3224986619097185,3.235394588771458,3.396436783018957
urn:mavedb:00000234-a-1#139,c.[12T>C;19C>A;21A>C;24C>G;27A>G;45C>T;78C>G;105T>C;114C>G],NA,p.Gln7Asn,2.03691797859313,2.0130649683709785,2.061081214806033,0.1270312201093876,-0.71773314,3.922590229899921,3.874626108927662,3.97260625946128
urn:mavedb:00000234-a-1#140,c.[12T>C;21A>T;24C>G;45C>T;78C>G;105T>C;114C>G],NA,p.Gln7His,2.2507843434748565,2.200024993088572,2.284950608940216,0.092879124232663,-0.71363163,4.438957693025959,4.293916265030369,4.549364143679941
urn:mavedb:00000234-a-1#141,c.[12T>C;19C>G;21A>C;24C>G;27A>G;45C>T;78C>G;105T>C;114C>G],NA,p.Gln7Asp,1.882465277015396,1.8655261141775032,1.9008192533881347,0.1704214908627271,-0.7010522,3.608897929367551,3.5792035041921166,3.641488229473525
urn:mavedb:00000234-a-1#142,c.[12T>C;15G>A;20A>G;21A>T;24C>G;27A>G;45C>T;105T>C;114C>G],NA,p.Gln7Arg,1.3873434910801588,1.370529713853223,1.398600448089842,0.1279415705744043,-0.97439814,3.1981454812592323,3.1737522504469475,3.214518603298574
urn:mavedb:00000234-a-1#143,c.[12T>C;19C>A;24C>G;27A>G;45C>T;78C>G;105T>C;114C>G],NA,p.Gln7Lys,1.3378179314833305,1.3190914814055563,1.3549897488457066,0.1029662113573679,-0.79694486,2.8880717047002307,2.861067048370039,2.9129025849702908
urn:mavedb:00000234-a-1#144,c.[12T>C;19C>A;20A>C;21A>C;24C>G;27A>G;45C>T;78C>G;105T>C;114C>G],NA,p.Gln7Thr,1.3291839449492002,1.2890556196037724,1.3723779670717118,0.1526868982742571,-0.73328805,2.7899075953719072,2.732132992075025,2.852478402329883
urn:mavedb:00000234-a-1#145,c.[12T>C;19C>T;20A>C;21A>T;24C>G;27A>G;45C>T;78C>G;105T>C;114C>G],NA,p.Gln7Ser,1.5978623636615903,1.5757434734255171,1.6168111369050098,0.1130120530367188,-0.7350519,3.190534622423742,3.156743351916582,3.2196726023457214
urn:mavedb:00000234-a-1#146,c.[12T>C;19C>G;20A>C;21A>G;27A>G;30G>A;45C>T;78C>G;105T>C;114C>G],NA,p.Gln7Ala,1.6544285490813042,1.608173444905906,1.6685470703877798,0.1208693709391158,-0.7624426,3.31480664021698,3.243109577971484,3.33693215905036
urn:mavedb:00000234-a-1#147,c.[12T>C;19C>G;20A>G;21A>T;24C>G;27A>G;45C>T;78C>G;105T>C;114C>G],NA,p.Gln7Gly,1.2987426349665068,1.2614208703587335,1.3206762352922443,0.1607291223506436,-0.7301259,2.741788181540625,2.688255433330616,2.7733708561315744
urn:mavedb:00000234-a-1#148,c.[12T>C;19C>A;20A>T;21A>G;27A>G;30G>A;45C>T;78C>G;105T>C;114C>G],NA,p.Gln7Met,1.868646495615597,1.854217371438314,1.904086654131833,0.0977846788873873,-0.763448,3.668186124442032,3.6431187606822864,3.7308602923808727
urn:mavedb:00000234-a-1#149,c.[12T>C;15G>A;20A>T;21A>C;24C>G;27A>G;33G>C;45C>T;78C>G;105T>C;114C>G],NA,p.Gln7Leu,1.676469201378413,1.6438333829147038,1.708883077062467,0.1321629358508067,-0.75593543,3.340677935824917,3.2895547665066607,3.3921157761732954
urn:mavedb:00000234-a-1#150,c.[12T>C;19C>G;20A>T;21A>T;24C>G;27A>G;45C>T;78C>G;105T>C;114C>G;117G>C],NA,p.Gln7Val,1.4105578725575851,1.3844103938863894,1.4320662795460086,0.102234690496761,-0.740505,2.9178692370184303,2.8796984374439774,2.949407886854704
urn:mavedb:00000234-a-1#151,c.[12T>C;19C>A;20A>T;21A>C;24C>G;27A>G;45C>T;78C>G;105T>C;114C>G],NA,p.Gln7Ile,1.5301555996089176,1.4827092958463963,1.581316485030228,0.1469131585588508,-0.7423341,3.097564723846969,3.026678388648832,3.175007784115904
urn:mavedb:00000234-a-1#152,c.[12T>C;19C>T;20A>G;21A>G;27A>G;30G>A;45C>T;78C>G;105T>C;114C>G],NA,p.Gln7Trp,2.8748309496198843,2.7737344264168784,2.992459282213124,0.1505669956524736,-0.8263941,15.0,5.0,25.0
urn:mavedb:00000234-a-1#153,c.[12T>C;19C>T;21A>C;24C>G;27A>G;45C>T;78C>G;105T>C;114C>G],NA,p.Gln7Tyr,2.246259861864181,2.2002376929332126,2.264321485539855,0.1224297483933103,-0.78376245,4.518959143014913,4.388251502650798,4.574996890940882
urn:mavedb:00000234-a-1#154,c.[12T>C;19C>T;20A>T;21A>C;24C>G;27A>G;45C>T;78C>G;105T>C;114C>G],NA,p.Gln7Phe,2.2219842133007206,2.150785024430546,2.268881156244128,0.140920243187214,-0.7966764,4.465344579766119,4.279784273206299,4.606911312416395
urn:mavedb:00000234-a-1#155,c.[12T>C;20A>C;21A>G;27A>G;30G>A;45C>T;78C>G;105T>C;114C>G],NA,p.Gln7Pro,0.893921657084595,0.8492064634473461,0.9339538189612304,0.0974555754127722,-0.7382822,2.1806666136469497,2.1180059815558847,2.2367721084084407
urn:mavedb:00000234-a-1#156,c.[19C>T;20A>G;21A>C;24C>G;27A>G;45C>T;78C>G;81C>T;105T>C;108A>G;114C>G],NA,p.Gln7Cys,0.3475619579742171,0.2560400165745601,0.6568995176288395,0.3333368197944613,-0.7471621,1.4174849267519924,1.2824566200229244,1.8601690010812983
urn:mavedb:00000234-a-1#157,c.[6T>C;12T>C;18delinsAGGT;24C>G;27A>G;33G>C;45C>T;60C>T;78C>G;105T>C;114C>G],NA,p.Gln6_Gln7insGly,0.5488891814695951,0.4847856795375202,0.6505473782993608,0.2040573663969807,-0.69487786,1.6335092210726674,1.5413908461120585,1.7782847976688831
urn:mavedb:00000234-a-1#158,c.[3T>C;12T>C;15G>A;18_19insGCG;21A>G;27A>G;45C>T;75G>C;78C>G;102G>T;114C>G;117G>C;126G>A],NA,p.Gln6_Gln7insAla,1.2051010822365238,1.168920932751948,1.2399444689548598,0.1163038293053229,-0.72375774,2.5993010942425907,2.5479102665230875,2.6489612270228067
urn:mavedb:00000234-a-1#159,c.[12T>C;15G>A;19_21del;24C>G;30G>A;45C>T;75G>C;78C>G;105T>C;114C>G;120C>T;126G>A],NA,p.Gln7del,1.081331938387096,1.0393390665830802,1.1131818442259895,0.104521037318518,-0.69142747,2.380199607305178,2.3209910620509846,2.425191142400421
urn:mavedb:00000234-a-1#160,c.[12T>C;23T>A;24C>A;27A>G;33G>C;45C>T;78C>G;105T>C;114C>G],NA,p.Leu8Gln,0.3644061343428017,0.351921821937195,0.3770578994137024,0.0693932862030641,-0.70079136,1.374636194888061,1.3562473003736608,1.3932249960486598
urn:mavedb:00000234-a-1#161,c.[12T>C;21A>G;22C>G;23T>A;24C>A;27A>G;45C>T;78C>G;105T>C;114C>G],NA,p.Leu8Glu,0.0343521883499941,0.0153523178410008,0.06141867433157,0.0615934740424686,-0.6852982,0.8403618143029218,0.8087580171223644,0.8848365370361693
urn:mavedb:00000234-a-1#162,c.[18G>A;21A>G;22C>A;23T>A;27A>G;33G>C;45C>T;78C>G;105T>C;114C>G],NA,p.Leu8Asn,-0.336753864500892,-0.4107095841593568,-0.3009263624119344,0.0548797921208372,-0.698895,0.1539927234138965,-0.03411787009244,0.2361514899596719
urn:mavedb:00000234-a-1#163,c.[18G>A;21A>G;23T>A;27A>G;30G>A;45C>T;78C>G;105T>C;114C>G],NA,p.Leu8His,0.4080551433068758,0.3954004653363046,0.4186390664770065,0.0753250467246534,-0.6944411,1.4293783506339526,1.4108697812021564,1.444826088575221
urn:mavedb:00000234-a-1#164,c.[12T>C;18G>A;21A>G;22C>G;23T>A;27A>G;33G>C;45C>T;78C>G;105T>C;114C>G],NA,p.Leu8Asp,-0.5035113996386262,-0.5366697326303332,-0.4463004352733604,0.0667470606764377,-0.68445253,-0.3822317834270141,-0.523217135868474,-0.1815401202466501
urn:mavedb:00000234-a-1#165,c.[12T>C;18G>A;21A>G;23T>G;24C>T;27A>G;30G>A;45C>T;78C>G;105T>C;114C>G;120C>T],NA,p.Leu8Arg,-0.4972524028397686,-0.5134071329131128,-0.4825859650698267,0.0646222778454336,-0.926841,0.3045785364550309,0.2698200747566739,0.3354782474107332
urn:mavedb:00000234-a-1#166,c.[12T>C;21A>G;22C>A;23T>A;24C>A;27A>G;45C>T;78C>G;105T>C;114C>G],NA,p.Leu8Lys,-0.3108267851115783,-0.3471306494370847,-0.2915081339918818,0.0486243581274956,-0.76338553,0.3529948209944377,0.2762060001194328,0.3924267900494425
urn:mavedb:00000234-a-1#167,c.[12T>C;18G>A;21A>G;22C>A;23T>C;27A>G;33G>C;45C>T;78C>G;105T>C;114C>G],NA,p.Leu8Thr,0.4147903468504212,0.3728312189608268,0.449480603898147,0.0944735995001283,-0.70167065,1.4496738855947344,1.3883024285738972,1.500078165891583
urn:mavedb:00000234-a-1#168,c.[12T>C;21A>G;22C>T;23T>C;24C>T;27A>G;30G>A;45C>T;78C>G;105T>C;114C>G],NA,p.Leu8Ser,-0.0901677123150604,-0.116102006669828,-0.0836512116151639,0.073773515256555,-0.69992423,0.652352155578105,0.605892602912434,0.6638829592301534
urn:mavedb:00000234-a-1#169,c.[12T>C;22C>G;23T>C;24C>G;27A>G;45C>T;78C>G;105T>C;114C>G],NA,p.Leu8Ala,0.5894744295453447,0.5646139197328068,0.6156599367974848,0.1267575026333516,-0.72080135,1.7279360802747454,1.6925723250667817,1.765099414793321
urn:mavedb:00000234-a-1#170,c.[12T>C;21A>G;22C>G;23T>G;24C>T;27A>G;30G>A;45C>T;78C>G;105T>C;114C>G;120C>T],NA,p.Leu8Gly,-0.4051164896339394,-0.4288054189027117,-0.3642878193642976,0.0519079635374559,-0.70647454,0.0015979771711416,-0.0634872007914121,0.1059619429510482
urn:mavedb:00000234-a-1#171,c.[12T>C;21A>G;22C>A;24C>G;27A>G;45C>T;78C>G;105T>C;114C>G],NA,p.Leu8Met,1.314439492079864,1.2773818142685511,1.3497012521503997,0.0954035730060719,-0.73275495,2.767923653315973,2.714664505437215,2.8188583132022287
urn:mavedb:00000234-a-1#172,c.[12T>C;22C>G;24C>G;27A>G;30G>A;45C>T;78C>G;105T>C;114C>G;117G>C],NA,p.Leu8Val,1.3918306912638778,1.351699068340236,1.4332330640243809,0.0900873802576433,-0.71724415,2.859210637980752,2.800862472715578,2.9198423579406043
urn:mavedb:00000234-a-1#173,c.[12T>C;18G>A;21A>G;22C>A;27A>G;33G>C;45C>T;78C>G;105T>C;114C>G],NA,p.Leu8Ile,1.3998620066246232,1.3357991182235782,1.457687072602306,0.128127938474344,-0.72819376,2.8856700268301823,2.7926010080203096,2.970606732414137
urn:mavedb:00000234-a-1#174,c.[12T>C;22C>T;23T>G;24C>G;27A>G;45C>T;78C>G;105T>C;114C>G],NA,p.Leu8Trp,0.9110731748261052,0.9018330090535778,0.9330762697023298,0.1042102432028075,-0.78355646,2.2664814137427696,2.253561121833209,2.297254767557979
urn:mavedb:00000234-a-1#175,c.[12T>C;18G>A;21A>G;22C>T;23T>A;27A>G;33G>C;45C>T;78C>G;105T>C;114C>G],NA,p.Leu8Tyr,0.3528538733179238,0.3415861654182927,0.3699910003856885,0.0977929779838601,-0.7558682,1.43783590943627,1.4213927843523235,1.4627816233674338
urn:mavedb:00000234-a-1#176,c.[12T>C;18G>A;21A>G;22C>T;27A>G;33G>C;45C>T;78C>G;105T>C;114C>G],NA,p.Leu8Phe,0.6608675913619628,0.6166151221087611,0.7063607624762824,0.1039608408194742,-0.768363,1.8951990312601767,1.832864604518588,1.959122836401867
urn:mavedb:00000234-a-1#177,c.[12T>C;23T>C;24C>G;27A>G;33G>C;45C>T;78C>G;105T>C;114C>G],NA,p.Leu8Pro,-0.4307348582849128,-0.467666633421481,-0.4013049737359808,0.1040954822585253,-0.7131722,-0.0500910184156446,-0.1585701669201906,0.0293222905614023
urn:mavedb:00000234-a-1#178,c.[3T>C;12T>C;15G>A;21_22insGGT;24C>G;27A>G;45C>T;78C>G;105T>C;114C>G],NA,p.Gln7_Leu8insGly,0.8615696456853298,0.7157665806519911,0.923675095999412,0.2888220244483747,-0.6909592,2.0704083555922708,1.8650998228532167,2.157675925982611
urn:mavedb:00000234-a-1#179,c.[21delinsGGCG;27A>G;45C>T;105T>C;114C>G;120C>T;126G>A],NA,p.Gln7_Leu8insAla,0.7349821641979251,0.6657545092912668,0.7927503727490922,0.1682610230395916,-0.72263885,1.936119839711676,1.838542520885332,2.017316961740746
urn:mavedb:00000234-a-1#180,c.[12T>C;18G>A;21A>G;22_24del;27A>G;30G>A;45C>T;78C>G;105T>C;114C>G],NA,p.Leu8del,0.160996334507311,0.1064459549332513,0.1830815021258673,0.133593520920025,-0.65933347,1.0031046761197189,0.9159379652517814,1.037840474718465
urn:mavedb:00000234-a-1#181,c.[12T>C;15G>A;21A>G;24C>G;25C>G;45C>T;78C>G;99G>A;105T>C;114C>G],NA,p.Gln9Glu,1.61295299814287,1.583623549114917,1.6374759635310232,0.1050621977997528,-0.69332814,3.157739348495994,3.112751138802829,3.1956910410772124
urn:mavedb:00000234-a-1#182,c.[12T>C;24C>G;25C>A;27A>C;45C>T;78C>G;105T>C;114C>G],NA,p.Gln9Asn,1.7007108006514795,1.675237364358104,1.7156901109850675,0.0999074431132726,-0.72048044,3.331557871495252,3.2912029470336983,3.3554912284729608
urn:mavedb:00000234-a-1#183,c.[12T>C;24C>G;27A>C;45C>T;78C>G;105T>C;114C>G],NA,p.Gln9His,1.7188207507972129,1.702834762436547,1.7316509689884363,0.0996755409235982,-0.7153218,3.353598516777209,3.3280264145100587,3.374255036318875
urn:mavedb:00000234-a-1#184,c.[12T>C;24C>G;25C>G;27A>C;45C>T;78C>G;105T>C;114C>G],NA,p.Gln9Asp,1.592053825278644,1.552280473284999,1.629198592558255,0.1112251642743146,-0.6907854,3.1222259594455384,3.0617017952377763,3.179433000600462
urn:mavedb:00000234-a-1#185,c.[12T>C;24C>G;26A>G;27A>T;33G>C;45C>T;78C>G;105T>C;114C>G],NA,p.Gln9Arg,1.5522922315912369,1.5238182223794188,1.5756321312530588,0.1376538488516843,-1.0417242,3.53224262355276,3.489454501489502,3.5675761835337085
urn:mavedb:00000234-a-1#186,c.[12T>C;21A>G;24C>G;25C>A;45C>T;72G>T;78C>G;114C>G],NA,p.Gln9Lys,1.7637194581497235,1.6909306722501256,1.8080166393210515,0.0897001548499445,-0.8575716,3.616951144035356,3.4997101754101614,3.690416906272584
urn:mavedb:00000234-a-1#187,c.[12T>C;21A>G;24C>G;25C>A;26A>C;27A>T;30G>A;45C>T;78C>G;105T>C;114C>G;123C>T],NA,p.Gln9Thr,1.5030981223549191,1.4842099166551386,1.5617786676049443,0.0850442053888966,-0.7301018,3.0406075380507827,3.0124727554394606,3.1288806097672057
urn:mavedb:00000234-a-1#188,c.[12T>C;21A>G;24C>G;25C>T;26A>C;27A>T;33G>C;45C>T;78C>G;105T>C;114C>G],NA,p.Gln9Ser,1.6580331554801804,1.6319914496140937,1.6727923875653423,0.1364740445317129,-0.7335808,3.2817473477090195,3.241176517443678,3.3049169529084947
urn:mavedb:00000234-a-1#189,c.[12T>C;15G>A;21A>G;25C>G;26A>C;27A>G;45C>T;78C>G;105T>C;114C>G],NA,p.Gln9Ala,1.845226189761377,1.8195292047613207,1.8758031759570373,0.1587446326160436,-0.76698804,3.6323601896546647,3.5885550129437083,3.6854509391385473
urn:mavedb:00000234-a-1#190,c.[12T>C;21A>G;24C>G;25C>G;26A>G;27A>T;30G>A;45C>T;78C>G;105T>C;114C>G;123C>T],NA,p.Gln9Gly,1.418337964072803,1.4061472878378034,1.432747518670957,0.1104998256937953,-0.7327695,2.918858816027548,2.90101213755996,2.9400078104974403
urn:mavedb:00000234-a-1#191,c.[12T>C;21A>G;24C>G;25C>A;26A>T;27A>G;33G>C;45C>T;78C>G;105T>C;114C>G],NA,p.Gln9Met,1.7742056005438074,1.7268458940964737,1.800651007688976,0.1576880236442701,-0.8085568,3.568562280619385,3.491426156083226,3.612464048405729
urn:mavedb:00000234-a-1#192,c.[12T>C;21A>G;26A>T;27A>G;33G>C;45C>T;78C>G;105T>C;114C>G],NA,p.Gln9Leu,1.7596138205124667,1.7440077263998894,1.809989847390896,0.1494620131505612,-0.78604054,3.514448330546544,3.4890145515239395,3.597978470211177
urn:mavedb:00000234-a-1#193,c.[6T>C;12T>C;21A>G;24C>G;25C>G;26A>T;27A>T;33G>C;45C>T;60C>T;78C>G;105T>C;114C>G],NA,p.Gln9Val,1.524468395142955,1.4983823956297353,1.5442762649218855,0.1021391391445645,-0.752197,3.102265923528636,3.063250477625306,3.132067907525299
urn:mavedb:00000234-a-1#194,c.[12T>C;21A>G;24C>G;25C>A;26A>T;27A>C;33G>C;45C>T;78C>G;105T>C;114C>G],NA,p.Gln9Ile,1.6364944150368328,1.6201522161875788,1.6654148584041746,0.1036593419412784,-0.77603126,3.3050883625416,3.2797886589674925,3.3502278451833907
urn:mavedb:00000234-a-1#195,c.[12T>C;21A>G;24C>G;25C>T;26A>G;27A>G;45C>T;78C>G;105T>C;114C>G],NA,p.Gln9Trp,1.5519406913507758,1.5237420944979088,1.5762413690703294,0.1686523722986931,-0.87507343,3.308456635511924,3.266038212280697,3.345284013538121
urn:mavedb:00000234-a-1#196,c.[12T>C;21A>G;24C>G;25C>T;27A>C;45C>T;78C>G;105T>C;114C>G],NA,p.Gln9Tyr,1.466341063170609,1.4503877270686938,1.4758951031154564,0.1015646864246279,-0.82496285,3.113384543297152,3.089837911014784,3.127525931832419
urn:mavedb:00000234-a-1#197,c.[12T>C;21A>G;24C>G;25C>T;26A>T;27A>C;45C>T;78C>G;99G>A;105T>C;114C>G],NA,p.Gln9Phe,1.513846068610698,1.4776198147123152,1.5379966762204036,0.1442636110015807,-0.8448262,3.2106607411770094,3.156739344801215,3.246882762699207
urn:mavedb:00000234-a-1#198,c.[12T>C;24C>G;26A>C;45C>T;78C>G;105T>C;114C>G],NA,p.Gln9Pro,-0.0930176821893917,-0.126037378831938,-0.0425527454418967,0.0646235740011322,-0.70696807,0.6597551829862809,0.6006310906420345,0.7474339216154138
urn:mavedb:00000234-a-1#199,c.[12T>C;18G>A;24C>G;25C>T;26A>G;27A>C;45C>T;48C>T;105T>C;114C>G;120C>T],NA,p.Gln9Cys,1.3350587576474382,0.7597042969521989,1.5115276056051177,0.452828059576484,-0.77561927,2.8553906923991685,2.0439079547411647,3.1143263839348063
urn:mavedb:00000234-a-1#200,c.[12T>C;15G>A;18G>A;21A>G;24delinsGGGT;27A>G;30G>A;33G>C;45C>T;48C>T;75G>C;78C>G;105T>C;120C>T],NA,p.Leu8_Gln9insGly,-0.0514048823731143,-0.0774772266981193,-0.0371471616498605,0.0354643639716782,-0.687541,0.6987446562961378,0.6529403322455057,0.723444365561949
urn:mavedb:00000234-a-1#201,c.[12T>C;15G>A;24delinsGGCG;27A>G;45C>T;78C>G;105T>C;114C>G;126G>A],NA,p.Leu8_Gln9insAla,0.4488169835940122,0.4202239456804614,0.4714023027701818,0.1018028085947645,-0.71254635,1.514731561339707,1.473283039746032,1.547345081621236
urn:mavedb:00000234-a-1#202,c.[12T>C;18G>A;21A>G;25_27del;30G>A;45C>T;78C>G;105T>C;114C>G;120C>T;123C>T],NA,p.Gln9del,-0.1511030049435837,-0.1892535897288075,-0.1368872278325665,0.0686870791250191,-0.71529317,0.5700283458496499,0.4986412746807824,0.5960207038215797
urn:mavedb:00000234-a-1#203,c.[12T>C;24C>G;28C>G;30G>A;45C>T;78C>G;105T>C;114C>G],NA,p.Gln10Glu,1.5717054366837395,1.5516395750229244,1.5882277609567916,0.1172322258309801,-0.68732,3.086518812321355,3.056077446879619,3.1117196552250967
urn:mavedb:00000234-a-1#204,c.[12T>C;24C>G;28C>A;30G>C;45C>T;78C>G;105T>C;114C>G],NA,p.Gln10Asn,1.2469869717058946,1.2311668712202146,1.2644234966093677,0.125722582741216,-0.7119527,2.643082123006844,2.620489311943606,2.6680292976822324
urn:mavedb:00000234-a-1#205,c.[12T>C;21A>G;27A>G;30G>T;45C>T;78C>G;105T>C;114C>G],NA,p.Gln10His,1.6003038112887378,1.591101961990565,1.623779324021977,0.1170875250092979,-0.7111032,3.1621427038688,3.1480426429723267,3.198305985462192
urn:mavedb:00000234-a-1#206,c.[12T>C;24C>G;28C>G;30G>C;45C>T;78C>G;105T>C;114C>G],NA,p.Gln10Asp,1.508493874962082,1.479701232423952,1.5321968487313424,0.1074632113193888,-0.68031216,2.981765032926784,2.938843788281035,3.0173273895982367
urn:mavedb:00000234-a-1#207,c.[12T>C;21A>G;27A>G;29A>G;30G>C;45C>T;78C>G;105T>C;114C>G],NA,p.Gln10Arg,1.3313851286609468,1.296337363090159,1.3524691201929775,0.1977986403344253,-1.0743496,3.2513096354252737,3.2010484655823155,3.281678772276295
urn:mavedb:00000234-a-1#208,c.[12T>C;24C>G;28C>A;30G>A;45C>T;78C>G;105T>C;114C>G],NA,p.Gln10Lys,1.6204025395936663,1.5995379134072365,1.6350747139270545,0.1820045537342139,-0.88112855,3.421034668563334,3.3889589780803027,3.443727555310329
urn:mavedb:00000234-a-1#209,c.[12T>C;24C>G;28C>A;29A>C;30G>C;45C>T;78C>G;105T>C;114C>G],NA,p.Gln10Thr,2.005370515311577,1.973964229311565,2.053891138188312,0.1145687239903813,-0.73476005,3.882209421147696,3.821438040387292,3.980340402559259
urn:mavedb:00000234-a-1#210,c.[12T>C;24C>G;28C>T;29A>C;30G>T;45C>T;78C>G;105T>C;114C>G],NA,p.Gln10Ser,1.4939835173345632,1.4743574535221662,1.5230261342578275,0.0897315169677944,-0.7396612,3.039857552093167,3.0106922085518777,3.083269895327481
urn:mavedb:00000234-a-1#211,c.[12T>C;24C>G;27A>G;28C>G;29A>C;45C>T;78C>G;105T>C;114C>G],NA,p.Gln10Ala,1.883207818484241,1.835725058886411,1.908122826829272,0.1754859382996323,-0.7890692,3.728032279614217,3.6456428278370376,3.772392722564809
urn:mavedb:00000234-a-1#212,c.[12T>C;24C>G;28C>G;29A>G;30G>T;45C>T;78C>G;105T>C;114C>G],NA,p.Gln10Gly,1.1306726788238874,1.1065676645934053,1.1402037906858815,0.0799062073108755,-0.74000764,2.515752427875573,2.481712152838751,2.529227743225497
urn:mavedb:00000234-a-1#213,c.[12T>C;24C>G;28C>A;29A>T;45C>T;78C>G;105T>C;114C>G],NA,p.Gln10Met,1.8188484759720964,1.7685667938962215,1.8465145334874515,0.116114399791034,-0.82488036,3.664907457550673,3.581138771514404,3.71206705333803
urn:mavedb:00000234-a-1#214,c.[12T>C;18G>A;21A>G;27A>G;29A>T;45C>T;105T>C;114C>G],NA,p.Gln10Leu,1.8546445624528736,1.806947792430176,1.875458337676118,0.1812798141463061,-0.81948256,3.7188610563828512,3.6376395471877214,3.7551030761171615
urn:mavedb:00000234-a-1#215,c.[12T>C;24C>G;28C>G;29A>T;30G>T;45C>T;78C>G;105T>C;114C>G],NA,p.Gln10Val,1.8040747261812693,1.7851765367715202,1.8348221685203057,0.1123299212113116,-0.7655103,3.5605587397530374,3.5290550267685346,3.612561182665496
urn:mavedb:00000234-a-1#216,c.[12T>C;24C>G;28C>A;29A>T;30G>C;45C>T;78C>G;105T>C;114C>G],NA,p.Gln10Ile,2.031278952854493,2.012811914323968,2.092284142046951,0.1219383019765268,-0.7826123,3.9979203986804737,3.960920237743018,4.126383758704132
urn:mavedb:00000234-a-1#217,c.[12T>C;24C>G;28C>T;29A>G;45C>T;78C>G;105T>C;114C>G],NA,p.Gln10Trp,1.5386996785880758,1.4856903393476395,1.5878702756024443,0.1002450618781583,-0.9084139,3.3331898997124343,3.2540034067630392,3.4076769538410465
urn:mavedb:00000234-a-1#218,c.[12T>C;27A>G;28C>T;30G>C;45C>T;78C>G;105T>C;114C>G],NA,p.Gln10Tyr,1.724867082534295,1.688787919890745,1.7616500056507165,0.0865209623789764,-0.8463166,3.538811284538013,3.4812417037965107,3.598493559118999
urn:mavedb:00000234-a-1#219,c.[12T>C;24C>G;28C>T;29A>T;30G>C;45C>T;78C>G;105T>C;114C>G],NA,p.Gln10Phe,1.7962371868527374,1.7634302412820442,1.838420397774896,0.1187464963183868,-0.86981297,3.687089601106266,3.632864191558802,3.75831615490599
urn:mavedb:00000234-a-1#220,c.[12T>C;21A>G;27A>G;29A>C;30G>A;45C>T;78C>G;105T>C;114C>G],NA,p.Gln10Pro,0.4706085443571004,0.4618732956033328,0.4869677476360643,0.0958111814619756,-0.716033,1.551182547061938,1.538586994156655,1.574730621243089
urn:mavedb:00000234-a-1#221,c.[12T>C;18G>A;21A>G;24C>G;27_28insGGT;33G>C;45C>T;78C>G;105T>C;114C>G],NA,p.Gln9_Gln10insGly,-0.228345779541288,-0.2539898290330556,-0.1713677423447641,0.0624538269889284,-0.7001569,0.392440206389849,0.3398791660452308,0.5039138043340934
urn:mavedb:00000234-a-1#222,c.[3T>C;12T>C;24C>G;27delinsGGCG;45C>T;78C>G;105T>C;114C>G],NA,p.Gln9_Gln10insAla,-0.1159058010744869,-0.1887398722510858,-0.0526717782387818,0.195190646981954,-0.73486185,0.6684966101823617,0.5364741064698164,0.7775277081524312
urn:mavedb:00000234-a-1#223,c.[18G>A;21A>G;24C>G;28_30del;33G>C;39C>T;45C>T;78C>G;105T>C;114C>G],NA,p.Gln10del,-0.1311519693150671,-0.1470854906593483,-0.1011139522807842,0.0813959168673111,-0.71529317,0.6064208281061415,0.57740560393096,0.6601315691317962
urn:mavedb:00000234-a-1#224,c.[12T>C;15G>A;24C>G;27A>G;32T>A;33G>A;45C>T;78C>G;105T>C;114C>G],NA,p.Leu11Gln,-0.3905412402302205,-0.4123175756922623,-0.3738149957834154,0.051736776016855,-0.70180106,0.0277561663040764,-0.0305517263765155,0.0706712253322959
urn:mavedb:00000234-a-1#225,c.[12T>C;21A>G;27A>G;30G>A;31C>G;32T>A;33G>A;45C>T;78C>G;105T>C;114C>G],NA,p.Leu11Glu,-0.3487052065757041,-0.3807809496622794,-0.3226252350918582,0.0660806805124645,-0.67713714,0.0718402538342017,-0.0117879154914228,0.1358841439021696
urn:mavedb:00000234-a-1#226,c.[12T>C;21A>G;27A>G;30G>A;31C>A;32T>A;33G>C;45C>T;78C>G;105T>C;114C>G],NA,p.Leu11Asn,-0.5421166864553193,-0.6262487512104391,-0.4932368112904219,0.0636434140114531,-0.6919329,-0.5138624876067622,-1.05069470080174,-0.3152104787544266
urn:mavedb:00000234-a-1#227,c.[12T>C;15G>A;24C>G;27A>G;32T>A;33G>C;45C>T;78C>G;105T>C;114C>G],NA,p.Leu11His,-0.2316758319099764,-0.2571589362675432,-0.2046667505332616,0.0702364095918999,-0.68551683,0.355817892088796,0.3023910560309211,0.4106252016053868
urn:mavedb:00000234-a-1#228,c.[12T>C;21A>G;27A>G;31C>G;32T>A;33G>C;39C>T;45C>T;78C>G;105T>C;114C>G],NA,p.Leu11Asp,-0.5153352761704837,-0.5436492977438383,-0.4962878113908966,0.06290869608296,-0.6745508,-0.4718884971215554,-0.6054529835570985,-0.3927822114017287
urn:mavedb:00000234-a-1#229,c.[12T>C;15G>A;21A>G;27A>G;32T>G;33G>T;45C>T;105T>C;114C>G],NA,p.Leu11Arg,-1.2141365653026532,-1.2692344055822773,-1.1625380791479714,0.0387960517916754,-0.9363816,-15.0,-25.0,-5.0
urn:mavedb:00000234-a-1#230,c.[12T>C;21A>G;27A>G;30G>A;31C>A;32T>A;33G>A;45C>T;78C>G;105T>C;114C>G],NA,p.Leu11Lys,-0.7771931913113341,-0.8373115482798313,-0.6872563750801972,0.0384487289220712,-0.76170254,-15.0,-25.0,-0.9721166954412832
urn:mavedb:00000234-a-1#231,c.[12T>C;21A>G;27A>G;31C>A;32T>C;33G>T;45C>T;78C>G;96A>G;105T>C;114C>G],NA,p.Leu11Thr,-0.4258162275637154,-0.467684874698246,-0.3927950043807344,0.0644627799725458,-0.70698595,-0.0536295999822994,-0.177943000535461,0.0353787364732
urn:mavedb:00000234-a-1#232,c.[12T>C;21A>G;27A>G;30G>A;31C>T;32T>C;33G>T;45C>T;78C>G;105T>C;114C>G],NA,p.Leu11Ser,-0.4363986890593671,-0.4543949927269685,-0.4111420846547981,0.0558565429631505,-0.71028686,-0.0742411865058748,-0.1269192346190588,-0.0043342789128406
urn:mavedb:00000234-a-1#233,c.[12T>C;21A>G;27A>G;31C>G;32T>C;33G>T;45C>T;69A>G;78C>G;105T>C;114C>G],NA,p.Leu11Ala,0.0326799294721709,0.0101291058401518,0.0680098556926996,0.0994242044185591,-0.72798514,0.9073164994155554,0.8705731370986224,0.9641041101412592
urn:mavedb:00000234-a-1#234,c.[12T>C;21A>G;27A>G;30G>A;31C>G;32T>G;33G>T;45C>T;78C>G;105T>C;114C>G],NA,p.Leu11Gly,-0.5335345263269822,-0.5608765131918042,-0.4612702104688846,0.0541479315406114,-0.7033365,-0.4270601838904937,-0.5482737625434396,-0.1692538466411711
urn:mavedb:00000234-a-1#235,c.[12T>C;21A>G;27A>G;30G>A;31C>A;45C>T;78C>G;105T>C;114C>G],NA,p.Leu11Met,0.7192941187904448,0.6901057645200215,0.7321840376535574,0.0933607583727381,-0.7374108,1.934492596689082,1.8934151864522817,1.9526152538735169
urn:mavedb:00000234-a-1#236,c.[12T>C;21A>G;27A>G;31C>G;33G>T;45C>T;78C>G;105T>C;114C>G;117G>C],NA,p.Leu11Val,0.441159431344078,0.4004401569362428,0.4782563489142655,0.0698986968638887,-0.7146292,1.506640339489277,1.4475049824768382,1.5601945309375558
urn:mavedb:00000234-a-1#237,c.[12T>C;21A>G;27A>G;30G>A;31C>A;33G>C;45C>T;78C>G;105T>C;114C>G],NA,p.Leu11Ile,1.1372132871760146,1.1236979321771363,1.1491286317031073,0.1046782890849111,-0.7211938,2.4995274570194166,2.480414887384549,2.5163927991382145
urn:mavedb:00000234-a-1#238,c.[12T>C;21A>G;27A>G;30G>A;31C>T;32T>G;45C>T;78C>G;105T>C;114C>G],NA,p.Leu11Trp,-0.0030070765647137,-0.0109858650934917,0.0111604023509842,0.0768264181781685,-0.78264594,0.9376815528994152,0.9248466486323362,0.9603588113704578
urn:mavedb:00000234-a-1#239,c.[12T>C;21A>G;27A>G;30G>A;31C>T;32T>A;33G>C;45C>T;78C>G;105T>C;114C>G],NA,p.Leu11Tyr,0.1310763450903873,0.1145092124756036,0.1509502748666407,0.0749628596893747,-0.74705935,1.092865888643986,1.0671955624328866,1.1234695632745286
urn:mavedb:00000234-a-1#240,c.[12T>C;21A>G;27A>G;30G>A;31C>T;33G>C;45C>T;78C>G;105T>C;114C>G],NA,p.Leu11Phe,1.075407884462881,1.0586194082759874,1.0967523293637216,0.0904168546966305,-0.76474166,2.471316776114682,2.4477014566776107,2.5013731772004264
urn:mavedb:00000234-a-1#241,c.[12T>C;21A>G;27A>G;30G>A;32T>C;45C>T;78C>G;105T>C;114C>G],NA,p.Leu11Pro,-0.5554003782951853,-0.6000709328397651,-0.4895613871269505,0.063198021150152,-0.7189622,-0.4532355982325501,-0.6697374011663608,-0.2096823201137089
urn:mavedb:00000234-a-1#242,c.[12T>C;15G>A;24C>G;27A>G;31C>T;32T>G;33G>C;45C>T;78C>G;84C>T;105T>C;114C>G;117G>C],NA,p.Leu11Cys,-0.087721086518347,-0.1473564381219818,-0.0194939651330144,0.142163114934099,-0.7166524,0.6860675591354701,0.5793955509657798,0.8027812324447526
urn:mavedb:00000234-a-1#243,c.[9T>G;12T>C;21A>G;30_31insGGT;45C>T;78C>G;105T>C;114C>G],NA,p.Gln10_Leu11insGly,-0.3629952361294796,-0.3788930056215434,-0.3126038878925872,0.1081909082401721,-0.6886742,0.0648646039458717,0.0239106300238973,0.1865346363943354
urn:mavedb:00000234-a-1#244,c.[12T>C;18G>A;21A>G;24C>G;30_31insGCT;45C>T;78C>G;105T>C;114C>G;117G>C],NA,p.Gln10_Leu11insAla,0.3281727688246702,0.3066927815959028,0.3546337893052507,0.1250935533285122,-0.73800516,1.3757265475646234,1.3440814397108916,1.4145236660935592
urn:mavedb:00000234-a-1#245,c.[3T>C;12T>C;15G>A;21A>G;31_33del;45C>T;78C>G;105T>C;114C>G],NA,p.Leu11del,-0.6023644404471491,-0.687231089934364,-0.4825283916931164,0.1210253319918656,-0.6605451,-1.1261563519340276,-25.0,-0.3937408832924934
urn:mavedb:00000234-a-1#246,c.[12T>C;21A>G;34A>C;35T>A;36G>A;45C>T;78C>G;105T>C;114C>G],NA,p.Met12Gln,1.3708413936687502,1.3545354296140095,1.390690633122784,0.156178632594864,-0.67854667,2.77651979362825,2.752831015002541,2.805442087803399
urn:mavedb:00000234-a-1#247,c.[12T>C;15G>A;27A>G;33G>C;34A>G;35T>A;36G>A;45C>T;78C>G;105T>C;114C>G],NA,p.Met12Glu,1.23385287561102,1.2200721223548143,1.2462968403461652,0.0946444134513991,-0.64448714,2.533104275465349,2.513412451660025,2.550909445043009
urn:mavedb:00000234-a-1#248,c.[12T>C;15G>A;27A>G;33G>C;35T>A;36G>C;45C>T;78C>G;105T>C;114C>G],NA,p.Met12Asn,0.1698614514878349,0.1461267263166681,0.1792259299788633,0.0652482944270097,-0.6703005,1.034240696087526,0.9968692933496974,1.0488922049618907
urn:mavedb:00000234-a-1#249,c.[12T>C;21A>G;34A>C;35T>A;36G>T;45C>T;78C>G;105T>C;114C>G],NA,p.Met12His,0.4986232317730408,0.4601757254921487,0.5115274346812911,0.0711506196252708,-0.65973973,1.5110590561429116,1.4551974096392797,1.5297345445132955
urn:mavedb:00000234-a-1#250,c.[12T>C;15G>A;27A>G;33G>C;34A>G;35T>A;36G>C;45C>T;78C>G;105T>C;114C>G],NA,p.Met12Asp,-0.2033031599471853,-0.231647789052439,-0.1836189524535587,0.0452394378542516,-0.6374929,0.314896731290578,0.2537368448740407,0.356011897994151
urn:mavedb:00000234-a-1#251,c.[12T>C;34A>C;35T>G;36G>C;45C>T;78C>G;105T>C;114C>G],NA,p.Met12Arg,0.5312679711146056,0.514473649245164,0.556100382834176,0.1184505338586135,-0.9019692,1.8985606555196968,1.8750166258893688,1.9333281010792631
urn:mavedb:00000234-a-1#252,c.[12T>C;15G>A;27A>G;33G>C;35T>A;36G>A;45C>T;78C>G;105T>C;114C>G],NA,p.Met12Lys,0.1779958546336693,0.1505996200203301,0.2076400516556976,0.1300782979574807,-0.7251723,1.131517067827803,1.0893403827939765,1.17674330618471
urn:mavedb:00000234-a-1#253,c.[12T>C;15G>A;27A>G;33G>C;35T>C;36G>C;45C>T;78C>G;105T>C;114C>G],NA,p.Met12Thr,1.3019039719294752,1.2838360575326266,1.31299459404808,0.0863861085005399,-0.68250895,2.6821115172470043,2.656126767749392,2.698092141892947
urn:mavedb:00000234-a-1#254,c.[12T>C;15G>A;27A>G;33G>C;34A>T;35T>C;36G>T;45C>T;78C>G;105T>C;114C>G],NA,p.Met12Ser,0.3900301995884332,0.3716507687730629,0.4577095118141188,0.07222005110978,-0.6800566,1.382036880304544,1.3549664197093718,1.4809211363705888
urn:mavedb:00000234-a-1#255,c.[12T>C;15G>A;27A>G;33G>C;34A>G;35T>C;45C>T;78C>G;105T>C;114C>G],NA,p.Met12Ala,0.6504418681157342,0.623433832152365,0.6717329305275863,0.1223718441757163,-0.70930886,1.798303481637523,1.7600307882312534,1.8284217427037204
urn:mavedb:00000234-a-1#256,c.[12T>C;15G>A;27A>G;33G>C;34A>G;35T>G;36G>T;45C>T;78C>G;105T>C;114C>G],NA,p.Met12Gly,-0.1053741709402794,-0.1506747961245934,-0.0945920398541994,0.0576004661474095,-0.6767571,0.5833409439252976,0.4988329645870094,0.6029683924596109
urn:mavedb:00000234-a-1#257,c.[12T>C;21A>G;34A>C;36G>C;45C>T;78C>G;105T>C;114C>G],NA,p.Met12Leu,1.4798637657438063,1.4606972938804033,1.5011888208114934,0.148258920136132,-0.7111356,2.980526607799425,2.952123217463541,3.012275495738285
urn:mavedb:00000234-a-1#258,c.[12T>C;15G>A;27A>G;33G>C;34A>G;36G>T;45C>T;78C>G;105T>C;114C>G],NA,p.Met12Val,1.9312576991964696,1.8961966779278736,1.950517746946908,0.1237415931212625,-0.69159794,3.683918007144332,3.620579283989502,3.719506718183108
urn:mavedb:00000234-a-1#259,c.[12T>C;15G>A;27A>G;33G>C;36G>C;45C>T;78C>G;105T>C;114C>G],NA,p.Met12Ile,1.819661082722119,1.7602925828211942,1.841632399556812,0.1210561002775279,-0.70743966,3.5090298260032684,3.4102595115544934,3.5464538650429054
urn:mavedb:00000234-a-1#260,c.[12T>C;15G>A;27A>G;33G>C;34A>T;35T>G;45C>T;78C>G;105T>C;114C>G],NA,p.Met12Trp,0.2639285679927265,0.2372640953506614,0.326980173304688,0.0794726878187845,-0.7723162,1.331310002172401,1.2917650758770125,1.4239318071243108
urn:mavedb:00000234-a-1#261,c.[12T>C;15G>A;27A>G;33G>C;34A>T;35T>A;36G>C;45C>T;78C>G;105T>C;114C>G],NA,p.Met12Tyr,0.4527348980989704,0.4444394894690203,0.4664779522181507,0.1145792280116301,-0.73654413,1.5547286748425355,1.5427769652046426,1.5744991507749062
urn:mavedb:00000234-a-1#262,c.[12T>C;15G>A;27A>G;33G>C;34A>T;36G>C;45C>T;78C>G;105T>C;114C>G],NA,p.Met12Phe,0.5348698206884848,0.5228257242346039,0.5443175909694586,0.0931690177680741,-0.75379467,1.696697348382035,1.6795534732937345,1.710131106159003
urn:mavedb:00000234-a-1#263,c.[12T>C;21A>G;34A>C;35T>C;36G>A;45C>T;78C>G;105T>C;114C>G],NA,p.Met12Pro,-0.433219709868794,-0.4845898813746855,-0.4139233900495168,0.0794923523596449,-0.6740105,-0.1732059401052606,-0.349579771903852,-0.1143473729926563
urn:mavedb:00000234-a-1#264,c.[18G>A;21A>G;27A>G;30G>A;33_34insGGT;45C>T;63G>T;78C>G;105T>C;114C>G;126G>A],NA,p.Leu11_Met12insGly,-0.4371929629447971,-0.4518583431772182,-0.4113845854258152,0.039114253685073,-0.715801,-0.0608489417644504,-0.1030398814618686,0.0097218495685667
urn:mavedb:00000234-a-1#265,c.[15G>A;21A>G;30G>A;33_34insGCG;39C>T;45C>T;63G>T;78C>G;105T>C;114C>G],NA,p.Leu11_Met12insAla,-0.010915489029952,-0.0471852135955391,0.0021088525531411,0.0676492035976569,-0.76610494,0.8982673146106914,0.8388149787639113,0.919357376242846
urn:mavedb:00000234-a-1#266,c.[12T>C;24C>G;30G>A;34_36del;45C>T;78C>G;105T>C;114C>G],NA,p.Met12del,-0.6546680572677115,-0.6893111995229205,-0.6012589337894139,0.1050123737192797,-0.6528723,-15.0,-25.0,-1.2001007969023203
urn:mavedb:00000234-a-1#267,c.[12T>C;15G>A;27A>G;33G>C;37G>C;39C>G;45C>T;78C>G;105T>C;114C>G],NA,p.Asp13Gln,1.8213239465206623,1.7815050018577006,1.8414272473871525,0.1348695985758458,-0.8857541,3.750562832518077,3.683957092022522,3.784794044228238
urn:mavedb:00000234-a-1#268,c.[12T>C;15G>A;27A>G;33G>C;39C>G;45C>T;78C>G;105T>C;114C>G],NA,p.Asp13Glu,1.8386358582776163,1.8103234793003773,1.862320285020308,0.1307991060346659,-0.73662806,3.5804080693293474,3.5323716855996383,3.621259677354664
urn:mavedb:00000234-a-1#269,c.[12T>C;15G>A;27A>G;33G>C;37G>A;45C>T;78C>G;105T>C;114C>G],NA,p.Asp13Asn,1.7670362889306337,1.753890782473555,1.786568753480092,0.0967466475315388,-0.85381556,3.617363594846229,3.595854361949564,3.649596345969589
urn:mavedb:00000234-a-1#270,c.[12T>C;15G>A;27A>G;33G>C;37G>C;45C>T;78C>G;105T>C;114C>G],NA,p.Asp13His,1.5362711185777265,1.5108751310550668,1.5544582044840092,0.0954479587511756,-0.8333795,3.228935229299257,3.190864847405076,3.256359379611704
urn:mavedb:00000234-a-1#271,c.[12T>C;15G>A;27A>G;33G>C;37G>C;38A>G;39C>T;45C>T;78C>G;105T>C;114C>G],NA,p.Asp13Arg,1.1439544425458754,1.1197109470960118,1.1640425682287605,0.1121211785368891,-1.2267458,3.1897225246934697,3.155753640865884,3.217928984007171
urn:mavedb:00000234-a-1#272,c.[12T>C;15G>A;27A>G;33G>C;37G>A;39C>A;45C>T;78C>G;105T>C;114C>G],NA,p.Asp13Lys,1.3925133105569358,1.3534050302729297,1.4337675417325697,0.1041106958813983,-1.0559278,3.314971680719465,3.2583327761645804,3.375169881601728
urn:mavedb:00000234-a-1#273,c.[12T>C;15G>A;27A>G;33G>C;37G>A;38A>C;45C>T;78C>G;105T>C;114C>G],NA,p.Asp13Thr,1.465422736562258,1.4427092002024913,1.478213004767856,0.0810026644925857,-0.91648984,3.2348284889764134,3.2013656077990484,3.2537464685206428
urn:mavedb:00000234-a-1#274,c.[12T>C;15G>A;27A>G;33G>C;37G>T;38A>C;39C>T;45C>T;78C>G;105T>C;114C>G],NA,p.Asp13Ser,1.8404639007664605,1.824068811055424,1.864944471398689,0.0963562721961452,-0.9371636,3.851922975892232,3.82399547760604,3.894178934307179
urn:mavedb:00000234-a-1#275,c.[12T>C;15G>A;27A>G;33G>C;38A>C;39C>G;45C>T;78C>G;105T>C;114C>G],NA,p.Asp13Ala,1.9671675344148327,1.9463556834582807,2.0033161226301828,0.1645578326908729,-0.9949796,4.156578767120556,4.117603290547023,4.2261747112083246
urn:mavedb:00000234-a-1#276,c.[12T>C;15G>A;27A>G;33G>C;38A>G;39C>T;45C>T;78C>G;105T>C;114C>G],NA,p.Asp13Gly,1.7015777571769626,1.6856185595210325,1.7174112059797468,0.1031906325103481,-0.91037846,3.5873272917339545,3.56201569351966,3.6126116660332728
urn:mavedb:00000234-a-1#277,c.[12T>C;15G>A;27A>G;33G>C;37G>A;38A>T;39C>G;45C>T;78C>G;90C>T;105T>C;114C>G],NA,p.Asp13Met,1.607207353449402,1.564980551397784,1.6299642959656824,0.1396484524916552,-1.0824418,3.67027801223143,3.6059277840592414,3.705328811573087
urn:mavedb:00000234-a-1#278,c.[12T>C;15G>A;27A>G;33G>C;37G>C;38A>T;39C>G;45C>T;78C>G;105T>C;114C>G],NA,p.Asp13Leu,1.645459468580885,1.6185170541899774,1.6670637174376512,0.1388529591580465,-1.0306962,3.6601123650400886,3.618410580387197,3.693851396202372
urn:mavedb:00000234-a-1#279,c.[12T>C;15G>A;27A>G;33G>C;38A>T;39C>T;45C>T;78C>G;105T>C;114C>G],NA,p.Asp13Val,1.2691498942883253,1.2398336876039249,1.3011497006225603,0.1132573544997793,-0.9630387,3.0128071173122057,2.971057493101789,3.058561348413321
urn:mavedb:00000234-a-1#280,c.[12T>C;15G>A;27A>G;37G>A;38A>T;39C>T;45C>T;78C>G;105T>C;114C>G],NA,p.Asp13Ile,1.3920936789250564,1.3401930278507193,1.4300085573044226,0.0613467734197692,-1.0170171,3.262202111071716,3.1870998047842622,3.317520723863022
urn:mavedb:00000234-a-1#281,c.[12T>C;15G>A;27A>G;33G>C;37G>T;38A>G;39C>G;45C>T;78C>G;105T>C;114C>G],NA,p.Asp13Trp,1.3361987935724051,1.2948251377364748,1.3603834233579242,0.0827511664128213,-1.1057179,3.300284003741881,3.24095148729246,3.335147290743361
urn:mavedb:00000234-a-1#282,c.[12T>C;15G>A;27A>G;37G>T;39C>T;45C>T;78C>G;105T>C;114C>G],NA,p.Asp13Tyr,1.2456035760436288,1.2220103312487252,1.3042778962415753,0.0767508825660203,-1.038403,3.080486284504152,3.04700318564302,3.1641958246307507
urn:mavedb:00000234-a-1#283,c.[12T>C;15G>A;27A>G;33G>C;37G>T;38A>T;45C>T;78C>G;105T>C;114C>G],NA,p.Asp13Phe,1.2629733138523838,1.168307489597157,1.3335213878062209,0.0938745819884195,-1.0892618,3.173442901043644,3.0394411202376244,3.274374029179311
urn:mavedb:00000234-a-1#284,c.[12T>C;15G>A;27A>G;33G>C;37G>C;38A>C;39C>G;45C>T;78C>G;105T>C;114C>G],NA,p.Asp13Pro,-0.7615192160368239,-0.7889702830129575,-0.7320469758885779,0.0440822076351518,-0.8652737,-0.7594049794725415,-0.9566273375185678,-0.5937943137069466
urn:mavedb:00000234-a-1#285,c.[12T>C;24C>G;27A>G;36_37insGGT;45C>T;78C>G;105T>C;114C>G],NA,p.Met12_Asp13insGly,-0.0888427375030648,-0.1453184136731017,-0.0525054859734638,0.1552409223965447,-0.70403194,0.6619547536014343,0.5599642672714905,0.7253333693004971
urn:mavedb:00000234-a-1#286,c.[3T>C;12T>C;15G>A;21A>G;27A>G;30G>A;36_37insGCG;45C>T;78C>G;105T>C;114C>G;126G>A],NA,p.Met12_Asp13insAla,0.0359125222708199,0.0114395962808463,0.0541312519265911,0.0953862689133602,-0.74095464,0.93341116547774,0.8938301898826718,0.962590817152052
urn:mavedb:00000234-a-1#287,c.[3T>C;15G>A;24C>G;37_39del;45C>T;78C>G;105T>C;111C>T;114C>G],NA,p.Asp13del,-0.6517015681949915,-0.681414188821455,-0.5946144889623087,0.1045067102297514,-0.9448817,-0.0207508113459853,-0.1047003932866839,0.1252775487400007
urn:mavedb:00000234-a-1#288,c.[12T>C;15G>A;27A>G;33G>C;40A>C;41T>A;45C>T;78C>G;105T>C;114C>G],NA,p.Met14Gln,1.294011003771319,1.2750700988652128,1.306781306940778,0.1034780093821564,-0.6537745,2.6319544633030767,2.60472366401706,2.650350578714439
urn:mavedb:00000234-a-1#289,c.[12T>C;15G>A;27A>G;33G>C;40A>G;41T>A;42G>A;45C>T;78C>G;105T>C;114C>G],NA,p.Met14Glu,0.8312971513056179,0.8066150870376924,0.8487716652093038,0.08621179039497,-0.5652063,1.853845183553304,1.8187606921925616,1.8786600302744827
urn:mavedb:00000234-a-1#290,c.[12T>C;15G>A;27A>G;33G>C;41T>A;42G>C;45C>T;78C>G;105T>C;114C>G],NA,p.Met14Asn,0.8644783544615375,0.8486545310877975,0.8900606118781207,0.0734241157259359,-0.6267576,1.986103517897554,1.963761229582596,2.022208271650998
urn:mavedb:00000234-a-1#291,c.[12T>C;15G>A;27A>G;33G>C;40A>C;41T>A;42G>C;45C>T;78C>G;105T>C;114C>G],NA,p.Met14His,0.9994544019522864,0.9770847913332816,1.0455421685393067,0.094671759854969,-0.6102319,2.153923196571781,2.1223271634362764,2.2190637494528658
urn:mavedb:00000234-a-1#292,c.[12T>C;15G>A;27A>G;33G>C;40A>G;41T>A;42G>C;45C>T;78C>G;105T>C;114C>G],NA,p.Met14Asp,0.7509769612820002,0.7295240602929398,0.7692208002484472,0.1096537080862481,-0.5386889,1.7022184048742104,1.671469870216439,1.728324209355334
urn:mavedb:00000234-a-1#293,c.[12T>C;15G>A;27A>G;33G>C;40A>C;41T>G;42G>T;45C>T;78C>G;105T>C;114C>G],NA,p.Met14Arg,1.263926067700406,1.225742798171194,1.2775235265554832,0.1154288408209186,-0.85898304,2.865452799329278,2.811052677528058,2.884886199270015
urn:mavedb:00000234-a-1#294,c.[12T>C;15G>A;27A>G;33G>C;41T>A;42G>A;45C>T;78C>G;105T>C;114C>G],NA,p.Met14Lys,1.2856206389287526,1.265729013468469,1.2955605332520623,0.1349875010189358,-0.6682229,2.639400602347321,2.610843979817677,2.6536964896803306
urn:mavedb:00000234-a-1#295,c.[12T>C;15G>A;27A>G;33G>C;41T>C;42G>C;45C>T;78C>G;105T>C;114C>G],NA,p.Met14Thr,0.6684384202597519,0.6427845542648649,0.6900367365766996,0.109948212189549,-0.65137315,1.7427596132484526,1.7062237934183293,1.7734601413706652
urn:mavedb:00000234-a-1#296,c.[12T>C;15G>A;27A>G;33G>C;40A>T;41T>C;42G>T;45C>T;78C>G;105T>C;114C>G],NA,p.Met14Ser,0.9396012840395682,0.8806325601122783,0.977515223971157,0.1096551329987446,-0.6438718,2.115575853163206,2.0324788675733063,2.169006570257616
urn:mavedb:00000234-a-1#297,c.[12T>C;15G>A;27A>G;33G>C;40A>G;41T>C;45C>T;78C>G;105T>C;114C>G],NA,p.Met14Ala,1.3083851571959006,1.2918663166082984,1.3200343664279188,0.1604102251872779,-0.6866555,2.697042027263133,2.673265058971984,2.713841410834642
urn:mavedb:00000234-a-1#298,c.[12T>C;15G>A;27A>G;33G>C;40A>G;41T>G;42G>T;45C>T;78C>G;105T>C;114C>G],NA,p.Met14Gly,0.7624376355867839,0.7353666302884808,0.8320406492421704,0.1047459040285497,-0.6391783,1.8590960550558293,1.8207470331178883,1.95746966251187
urn:mavedb:00000234-a-1#299,c.[12T>C;15G>A;27A>G;33G>C;40A>C;45C>T;78C>G;105T>C;114C>G],NA,p.Met14Leu,1.7775425751280007,1.7517677310659645,1.7982814941735277,0.1115892170893815,-0.70683646,3.4378216585502384,3.395522370765652,3.472277159839132
urn:mavedb:00000234-a-1#300,c.[12T>C;15G>A;27A>G;33G>C;40A>G;42G>T;45C>T;78C>G;105T>C;114C>G],NA,p.Met14Val,0.7347062905464767,0.7205321328629201,0.7492484131023674,0.1030139329944639,-0.66648984,1.8578438469644647,1.8377929933843644,1.8783990045505
urn:mavedb:00000234-a-1#301,c.[12T>C;15G>A;27A>G;33G>C;42G>C;45C>T;78C>G;105T>C;114C>G],NA,p.Met14Ile,1.1494583764273458,1.1354021352770538,1.163101128368363,0.1121339471495128,-0.6883943,2.4724344712291075,2.452519165760525,2.491783630165452
urn:mavedb:00000234-a-1#302,c.[12T>C;15G>A;27A>G;33G>C;40A>T;41T>G;45C>T;78C>G;105T>C;114C>G],NA,p.Met14Trp,1.4779323500668995,1.4101798561104406,1.5231990038801324,0.119224314038922,-0.779804,3.0699176271660464,2.9701569831141645,3.137420959031321
urn:mavedb:00000234-a-1#303,c.[12T>C;15G>A;27A>G;33G>C;40A>T;41T>A;42G>C;45C>T;78C>G;105T>C;114C>G],NA,p.Met14Tyr,1.349841586778346,1.2844842754093324,1.3700185213862093,0.1064745516039784,-0.7352712,2.8224499482399072,2.728245209069528,2.851718840919316
urn:mavedb:00000234-a-1#304,c.[12T>C;15G>A;27A>G;33G>C;40A>T;42G>C;45C>T;78C>G;105T>C;114C>G],NA,p.Met14Phe,1.2725169973688537,1.2550946433607648,1.2837982847937763,0.0881007384257954,-0.76129556,2.746175561747728,2.7212522557691146,2.762342280533
urn:mavedb:00000234-a-1#305,c.[12T>C;15G>A;21A>G;27A>G;30G>A;40A>C;41T>C;42G>A;78C>G;105T>C;114C>G],NA,p.Met14Pro,-0.3131660975592051,-0.3444048201671833,-0.26987889926573,0.0700374788990922,-0.6349585,0.0550834922126269,-0.0274975991376554,0.1610535831672956
urn:mavedb:00000234-a-1#306,c.[12T>C;24C>G;27A>G;39_40insGGT;45C>T;78C>G;105T>C;114C>G],NA,p.Asp13_Met14insGly,0.1779452899011552,0.1512880164832201,0.1904360155617505,0.1416317614214467,-0.68827105,1.074763592089775,1.033185387283571,1.09411025020509
urn:mavedb:00000234-a-1#307,c.[18G>A;24C>G;27A>G;39_40insGCG;45C>T;48C>T;63G>T;105T>C;114C>G],NA,p.Asp13_Met14insAla,0.1198867873321363,0.0714030471355178,0.150457271539981,0.0932828153459499,-0.71923876,1.0323263886591307,0.9556004542555252,1.0799690613509698
urn:mavedb:00000234-a-1#308,c.[6T>C;9T>G;12T>C;15G>A;18G>A;24C>G;40_42del;45C>T;78C>G;108A>G;126G>A],NA,p.Met14del,-0.3771693782762745,-0.5158828540387346,-0.3335675227436465,0.1053143638593776,-0.54742074,-0.4249746572377504,-1.499323012237046,-0.2613912442035357
urn:mavedb:00000234-a-1#309,c.[12T>C;15G>A;27A>G;33G>C;43G>C;44G>A;45C>G;78C>G;105T>C;114C>G],NA,p.Gly15Gln,0.4043959433813443,0.3990309120634003,0.413640911496068,0.0779736210194304,-0.7255883,1.4690912099345044,1.461291072017018,1.4825161293102007
urn:mavedb:00000234-a-1#310,c.[12T>C;15G>A;27A>G;33G>C;44G>A;45C>A;78C>G;105T>C;114C>G],NA,p.Gly15Glu,0.3184803801391846,0.3086597089511255,0.3294685346346216,0.0550265422399823,-0.56759477,1.1064157468125568,1.0912288948992426,1.1233500481442995
urn:mavedb:00000234-a-1#311,c.[12T>C;15G>A;27A>G;33G>C;43G>A;44G>A;78C>G;105T>C;114C>G],NA,p.Gly15Asn,0.8063941492946853,0.7748393959004808,0.8250020352787064,0.0880873359075449,-0.69265413,1.9951636788066425,1.9507505124046176,2.021335119021991
urn:mavedb:00000234-a-1#312,c.[12T>C;15G>A;27A>G;33G>C;43G>C;44G>A;78C>G;105T>C;114C>G],NA,p.Gly15His,0.5821192570614749,0.5646566692629803,0.591365770787722,0.0755014944730775,-0.6534159,1.6223659521415084,1.5972944439268797,1.6356210258953066
urn:mavedb:00000234-a-1#313,c.[12T>C;15G>A;27A>G;33G>C;44G>A;78C>G;105T>C;114C>G],NA,p.Gly15Asp,0.4977716766439068,0.4776216171404792,0.5251653992545602,0.0685128776676559,-0.56493497,1.3725344762821614,1.3427439876912746,1.4128482257108916
urn:mavedb:00000234-a-1#314,c.[12T>C;15G>A;27A>G;33G>C;43G>C;45C>T;78C>G;105T>C;114C>G],NA,p.Gly15Arg,-0.2477784556335717,-0.2644691555461134,-0.2275597659835563,0.0495125732995602,-0.9486284,0.8082249774679798,0.7802172680788231,0.8417999092295434
urn:mavedb:00000234-a-1#315,c.[12T>C;15G>A;27A>G;33G>C;43G>A;44G>A;45C>A;78C>G;105T>C;114C>G],NA,p.Gly15Lys,0.0810610637789657,0.0457497319062889,0.0923990293916424,0.0470054864501533,-0.755496,1.0281056600967753,0.9723346108895632,1.045849511036834
urn:mavedb:00000234-a-1#316,c.[12T>C;15G>A;27A>G;33G>C;43G>A;44G>C;78C>G;105T>C;114C>G],NA,p.Gly15Thr,-0.1457499018834234,-0.1707020993959349,-0.1315357203174849,0.0618385068268591,-0.7505052,0.6433023327960571,0.5984539500690489,0.6684704588539165
urn:mavedb:00000234-a-1#317,c.[9T>G;15G>A;18G>A;21A>G;30G>A;39C>T;43G>T;44G>C;45C>T;78C>G;105T>C;114C>G],NA,p.Gly15Ser,0.4440236797289747,0.435973213713915,0.4686328133253295,0.0681715457742641,-0.7531347,1.5658679058441114,1.554285655136756,1.6011961827468348
urn:mavedb:00000234-a-1#318,c.[12T>C;15G>A;27A>G;33G>C;44G>C;45C>G;78C>G;105T>C;114C>G],NA,p.Gly15Ala,0.3596164748925513,0.3308803983937529,0.3870520767268602,0.0841194087453661,-0.7864461,1.4917897650431218,1.450081586477252,1.5314311409983636
urn:mavedb:00000234-a-1#319,c.[12T>C;15G>A;27A>G;33G>C;43G>A;44G>T;45C>G;78C>G;105T>C;114C>G],NA,p.Gly15Met,0.4046497493627419,0.3917852201282692,0.4315632013387371,0.0698425105301404,-0.8406446,1.6338199192878098,1.6154503799102824,1.6721598448482795
urn:mavedb:00000234-a-1#320,c.[12T>C;15G>A;27A>G;33G>C;43G>C;44G>T;45C>G;78C>G;105T>C;114C>G],NA,p.Gly15Leu,0.3406035902102509,0.3243244044674044,0.3487433952706986,0.0803536389223532,-0.78222823,1.4581269160952597,1.434428741162427,1.4699513065187344
urn:mavedb:00000234-a-1#321,c.[12T>C;15G>A;27A>G;33G>C;44G>T;45C>T;78C>G;105T>C;114C>G],NA,p.Gly15Val,-0.3432404220444702,-0.3604632809810106,-0.3268529119843958,0.0534394049203898,-0.77099276,0.3009181075641253,0.2637273254434266,0.3354987632546124
urn:mavedb:00000234-a-1#322,c.[12T>C;15G>A;27A>G;33G>C;43G>A;44G>T;78C>G;105T>C;114C>G],NA,p.Gly15Ile,-0.3910513241075619,-0.4033402767743178,-0.3681903326082544,0.0518685037169028,-0.8035104,0.2678816086493192,0.2408501961548574,0.316919911402742
urn:mavedb:00000234-a-1#323,c.[12T>C;15G>A;27A>G;33G>C;43G>T;45C>G;78C>G;105T>C;114C>G],NA,p.Gly15Trp,0.0758250385075531,0.0573956295540893,0.0882584795251321,0.0725783526216529,-0.84748054,1.1615701869775512,1.1334503592191367,1.1804522038869147
urn:mavedb:00000234-a-1#324,c.[12T>C;15G>A;27A>G;33G>C;43G>T;44G>A;78C>G;105T>C;114C>G],NA,p.Gly15Tyr,0.0428944344441427,0.0211745092333392,0.0693738340516555,0.041412997152603,-0.79963136,1.037238801069986,1.0031193378282717,1.0784588268543724
urn:mavedb:00000234-a-1#325,c.[12T>C;15G>A;27A>G;33G>C;43G>T;44G>T;78C>G;105T>C;114C>G],NA,p.Gly15Phe,0.2335997218330927,0.2175086732784217,0.2543251939713867,0.0632350761045601,-0.8533628,1.4052559397194575,1.381696467079605,1.4354938140723006
urn:mavedb:00000234-a-1#326,c.[12T>C;15G>A;27A>G;33G>C;43G>C;44G>C;45C>G;78C>G;105T>C;114C>G],NA,p.Gly15Pro,-0.4099078460116038,-0.4963102942152723,-0.3600752459176551,0.077998878016706,-0.79012036,0.195870956816597,-0.0188621903860722,0.3057659475792645
urn:mavedb:00000234-a-1#327,c.[12T>C;15G>A;21A>G;27A>G;30G>A;42_43insGGT;45C>T;78C>G;105T>C;114C>G;117G>C;123C>T],NA,p.Met14_Gly15insGly,0.5213313549703081,0.4737281617564995,0.5344497018619734,0.096086135204861,-0.63481,1.508183637192578,1.4389069999459814,1.5271855529729197
urn:mavedb:00000234-a-1#328,c.[21A>G;42_43insGCG;45C>T;63G>T;75G>C;78C>G;105T>C;114C>G;126G>A],NA,p.Met14_Gly15insAla,-0.0288436964501535,-0.0682417984884089,-0.0116517630919296,0.0478668300662104,-0.7047663,0.7670326283430721,0.6993570469008372,0.7960474988017472
urn:mavedb:00000234-a-1#329,c.[3T>C;12T>C;15G>A;18G>A;21A>G;27A>G;43_45del;78C>G;105T>C;114C>G],NA,p.Gly15del,-0.4372537027092784,-0.484356163932119,-0.3830224968795542,0.139467481405433,-0.6393931,-0.3026888260913319,-0.4902305234773371,-0.1253690295313768
urn:mavedb:00000234-a-1#330,c.[12T>C;15G>A;27A>G;45C>T;46T>C;47T>A;48C>G;78C>G;105T>C;114C>G;120C>T],NA,p.Phe16Gln,0.1226121247982292,0.1084849778154508,0.1401916360801027,0.058727152786927,-0.6247418,0.8861938118076049,0.8630550408939545,0.9147641880555974
urn:mavedb:00000234-a-1#331,c.[12T>C;15G>A;27A>G;33G>C;45C>T;46T>G;47T>A;48C>A;78C>G;105T>C;114C>G],NA,p.Phe16Glu,0.3285802979250347,0.2968315023566103,0.358600272477747,0.0833705896278079,-0.5248041,1.0560326787519168,1.0061398348906825,1.1026862290225805
urn:mavedb:00000234-a-1#332,c.[12T>C;15G>A;27A>G;33G>C;45C>T;46T>A;47T>A;78C>G;105T>C;114C>G],NA,p.Phe16Asn,0.725862598424603,0.7025980068305954,0.7412378845508275,0.080585128696908,-0.5871613,1.734462784552926,1.7012415248744186,1.756384683842109
urn:mavedb:00000234-a-1#333,c.[12T>C;15G>A;27A>G;33G>C;45C>T;46T>C;47T>A;78C>G;105T>C;114C>G],NA,p.Phe16His,1.561417446496742,1.543822465916587,1.5804348431127582,0.1430921125359512,-0.58824205,2.937727161005009,2.911067651547295,2.966691973924407
urn:mavedb:00000234-a-1#334,c.[12T>C;15G>A;27A>G;33G>C;45C>T;46T>G;47T>A;78C>G;105T>C;114C>G],NA,p.Phe16Asp,-0.1955449662283477,-0.2148261752064249,-0.1520242525609861,0.0743524969139038,-0.50529504,0.0242324470764841,-0.0274408310842198,0.1333305949327256
urn:mavedb:00000234-a-1#335,c.[12T>C;15G>A;27A>G;33G>C;45C>T;46T>C;47T>G;48C>T;78C>G;105T>C;114C>G],NA,p.Phe16Arg,-0.1869830826692039,-0.202424957484589,-0.1601491034075775,0.0706952914041028,-0.8938222,0.8183514283319103,0.7925331114701575,0.8626966491172672
urn:mavedb:00000234-a-1#336,c.[12T>C;15G>A;27A>G;33G>C;45C>T;46T>A;47T>A;48C>A;78C>G;105T>C;114C>G],NA,p.Phe16Lys,-0.2206006754881763,-0.2451893251375097,-0.2093519540612792,0.0458353135757901,-0.6978743,0.4034352636578557,0.3534017780864179,0.4258509787403493
urn:mavedb:00000234-a-1#337,c.[12T>C;15G>A;27A>G;33G>C;45C>T;46T>A;47T>C;78C>G;105T>C;114C>G],NA,p.Phe16Thr,0.6735879469605839,0.6613572496609266,0.6942660009338988,0.0964148932209923,-0.6053636,1.6854098066542342,1.6679112924127493,1.7149492873773575
urn:mavedb:00000234-a-1#338,c.[12T>C;15G>A;27A>G;33G>C;45C>T;47T>C;48C>T;78C>G;105T>C;114C>G],NA,p.Phe16Ser,0.6377144308634843,0.6241278885638971,0.6620871836736456,0.0862759924585163,-0.587106,1.608130950666548,1.5885683406331854,1.643149379727897
urn:mavedb:00000234-a-1#339,c.[12T>C;15G>A;27A>G;33G>C;45C>T;46T>G;47T>C;48C>G;78C>G;105T>C;114C>G],NA,p.Phe16Ala,1.5341016185962266,1.5018106691503563,1.595042893399451,0.196725887622208,-0.6122248,2.928659136541909,2.8801935755978483,3.0212874072067635
urn:mavedb:00000234-a-1#340,c.[12T>C;15G>A;27A>G;33G>C;45C>T;46T>G;47T>G;48C>T;78C>G;105T>C;114C>G],NA,p.Phe16Gly,0.6728931483369162,0.6533876425359277,0.7164105846858915,0.0942949213795145,-0.584388,1.654804802851569,1.626808605543604,1.717075101373981
urn:mavedb:00000234-a-1#341,c.[12T>C;15G>A;27A>G;33G>C;45C>T;46T>A;48C>G;78C>G;105T>C;114C>G],NA,p.Phe16Met,0.333066319297276,0.3144858429154318,0.3448149942782521,0.0726571976276835,-0.7173188,1.3526586895187835,1.3251944312503332,1.369969286838445
urn:mavedb:00000234-a-1#342,c.[12T>C;15G>A;27A>G;33G>C;45C>T;46T>C;48C>G;78C>G;105T>C;114C>G],NA,p.Phe16Leu,0.164635521345871,0.1526336612216585,0.1948569256461276,0.0780515580391489,-0.6995852,1.0715937539236002,1.0529126678938658,1.118289652976867
urn:mavedb:00000234-a-1#343,c.[12T>C;15G>A;27A>G;33G>C;45C>T;46T>G;48C>T;78C>G;105T>C;114C>G],NA,p.Phe16Val,1.272033855354231,1.245009922210352,1.2955018726213448,0.135823775376128,-0.6182394,2.552313225126707,2.513540849869793,2.586081073133821
urn:mavedb:00000234-a-1#344,c.[12T>C;15G>A;27A>G;33G>C;45C>T;46T>A;78C>G;105T>C;114C>G],NA,p.Phe16Ile,0.8766039761145659,0.8532978929155226,0.8871166934669724,0.0761183633188308,-0.6408682,2.0226638188018,1.9897975660808869,2.0374845250121143
urn:mavedb:00000234-a-1#345,c.[12T>C;15G>A;27A>G;33G>C;45C>T;47T>G;48C>G;78C>G;105T>C;114C>G],NA,p.Phe16Trp,1.5310574517487554,1.5161421781895106,1.5528260307841646,0.0940767220762771,-0.75266886,3.1127955032945818,3.090418550872119,3.145614514187856
urn:mavedb:00000234-a-1#346,c.[12T>C;15G>A;27A>G;33G>C;45C>T;47T>A;78C>G;105T>C;114C>G],NA,p.Phe16Tyr,1.8830937929685925,1.8388287250329924,1.912892242823802,0.1084053414406749,-0.70443463,3.614535633460574,3.537624940846635,3.667704333342664
urn:mavedb:00000234-a-1#347,c.[12T>C;15G>A;27A>G;33G>C;45C>T;46T>C;47T>C;48C>G;78C>G;105T>C;114C>G],NA,p.Phe16Pro,-0.0371686449237764,-0.0669556148277781,-0.0012936353599927,0.0692289514847939,-0.47431517,0.3216686770624921,0.2575612299946527,0.3956246543674502
urn:mavedb:00000234-a-1#348,c.[12T>C;15G>A;24C>G;30G>A;45C>T;47T>G;69A>G;78C>G;105T>C],NA,p.Phe16Cys,0.6111762456399549,0.4926373714512219,0.7443109802522009,0.2454746080768568,-0.6428919,1.6491014880445818,1.4781434416785082,1.8385967422306528
urn:mavedb:00000234-a-1#349,c.[12T>C;18G>A;21A>G;27A>G;45delinsTGGT;78C>G;105T>C;114C>G],NA,p.Gly15_Phe16insGly,0.0727801146625307,0.0288516965051956,0.1228466688460626,0.2497531486760776,-0.63481,0.820578375046669,0.7464470306273782,0.9029097714766076
urn:mavedb:00000234-a-1#350,c.[6T>C;12T>C;21A>G;45delinsTGCG;78C>G;105T>C;114C>G;117G>C],NA,p.Gly15_Phe16insAla,0.2175839930895815,0.1638181964417297,0.2397223617435662,0.1856898561783091,-0.68215156,1.126540153826982,1.0432591789072971,1.1604046457037305
urn:mavedb:00000234-a-1#351,c.[12T>C;18G>A;24C>G;27A>G;46_48del;78C>G;105T>C;114C>G],NA,p.Phe16del,-0.3893641348980718,-0.4380710529530719,-0.3568229472877668,0.1338918747787048,-0.48482943,-0.8130138975697414,-1.2604907770993956,-0.6201710027818529
urn:mavedb:00000234-a-1#352,c.[12T>C;15G>A;27A>G;33G>C;45C>T;49A>C;50C>A;51C>G;78C>G;105T>C;114C>G],NA,p.Thr17Gln,1.9663857171351755,1.9520048676773136,2.012961134969827,0.1397105529509761,-0.6861086,3.741945752903053,3.714932061569194,3.8321039980659024
urn:mavedb:00000234-a-1#353,c.[12T>C;15G>A;27A>G;33G>C;45C>T;49A>G;50C>A;51C>A;78C>G;105T>C;114C>G],NA,p.Thr17Glu,1.8980062115484784,1.854614429024699,1.936590086289264,0.1006614209711714,-0.55151105,3.436149922474215,3.359881695406464,3.5061045340493746
urn:mavedb:00000234-a-1#354,c.[12T>C;15G>A;27A>G;33G>C;45C>T;50C>A;78C>G;105T>C;114C>G],NA,p.Thr17Asn,2.0796122898405067,2.04790008594822,2.139216729845136,0.1001766287358535,-0.61875176,3.879621249901057,3.812689443492608,4.014139848619712
urn:mavedb:00000234-a-1#355,c.[12T>C;15G>A;27A>G;33G>C;45C>T;49A>C;50C>A;78C>G;105T>C;114C>G],NA,p.Thr17His,1.7243171477329415,1.694236387445848,1.786098226203153,0.1027423954779423,-0.5999651,3.207730155417237,3.159595611715805,3.308740029187299
urn:mavedb:00000234-a-1#356,c.[12T>C;15G>A;27A>G;33G>C;45C>T;49A>G;50C>A;78C>G;105T>C;114C>G],NA,p.Thr17Asp,1.9149991976132128,1.8974227433570547,1.93862051751686,0.1323928323987276,-0.4932425,3.388588262469065,3.3569934033434614,3.4317599732696547
urn:mavedb:00000234-a-1#357,c.[12T>C;15G>A;27A>G;33G>C;45C>T;49A>C;50C>G;51C>T;78C>G;105T>C;114C>G],NA,p.Thr17Arg,1.7203996687935297,1.6801755395304332,1.7389281789153053,0.1317443524536808,-0.77858853,3.440916033484967,3.376886401707258,3.470795711106375
urn:mavedb:00000234-a-1#358,c.[12T>C;15G>A;27A>G;33G>C;45C>T;50C>A;51C>A;78C>G;105T>C;114C>G],NA,p.Thr17Lys,2.067293350346763,2.033820612894427,2.095285477190521,0.101385168324356,-0.65004563,3.895160698630339,3.825715949258413,3.955669186516008
urn:mavedb:00000234-a-1#359,c.[12T>C;15G>A;27A>G;33G>C;45C>T;49A>T;51C>T;78C>G;105T>C;114C>G],NA,p.Thr17Ser,1.9923803432498828,1.956296675447928,2.017804432090476,0.0942095835544157,-0.7609606,3.891889820943207,3.8231309443923833,3.941883654125853
urn:mavedb:00000234-a-1#360,c.[12T>C;15G>A;27A>G;33G>C;45C>T;49A>G;51C>G;78C>G;105T>C;114C>G],NA,p.Thr17Ala,2.1365449012986435,2.108074750218082,2.171957121585147,0.1812300025964172,-0.7657571,4.204443486380599,4.138921012636132,4.290708388462108
urn:mavedb:00000234-a-1#361,c.[12T>C;15G>A;27A>G;45C>T;49A>G;50C>G;51C>T;78C>G;105T>C;108A>G;114C>G],NA,p.Thr17Gly,1.925002361340896,1.9002655043632093,1.976324263793262,0.1459217844427942,-0.66421175,3.63581958174077,3.59116903004122,3.731521457138496
urn:mavedb:00000234-a-1#362,c.[12T>C;15G>A;27A>G;33G>C;45C>T;50C>T;51C>G;78C>G;105T>C;114C>G],NA,p.Thr17Met,1.8228426738326275,1.8041287897629013,1.834007287211276,0.097790913234658,-0.78418255,3.6171856689869752,3.5856520496587936,3.6361686803792166
urn:mavedb:00000234-a-1#363,c.[12T>C;15G>A;27A>G;33G>C;45C>T;49A>C;50C>T;51C>G;78C>G;105T>C;114C>G],NA,p.Thr17Leu,2.050959874911352,2.0086712073106177,2.100230284238278,0.1152528909934531,-0.70148516,3.929733326806295,3.8441909611059977,4.035428342031856
urn:mavedb:00000234-a-1#364,c.[12T>C;15G>A;27A>G;33G>C;45C>T;49A>G;50C>T;51C>T;78C>G;105T>C;114C>G],NA,p.Thr17Val,1.710806074118563,1.6962700953764545,1.7282764321240156,0.0768665110064034,-0.68132186,3.2951707502350027,3.2719855347337155,3.3232326913793044
urn:mavedb:00000234-a-1#365,c.[12T>C;15G>A;27A>G;33G>C;45C>T;50C>T;78C>G;105T>C;114C>G],NA,p.Thr17Ile,1.7752515350459914,1.7604887987742257,1.796837029129876,0.0830174485636049,-0.6709058,3.3858881704745145,3.3616159419624294,3.4217217854354405
urn:mavedb:00000234-a-1#366,c.[12T>C;15G>A;27A>G;33G>C;45C>T;49A>T;50C>G;51C>G;78C>G;105T>C;114C>G],NA,p.Thr17Trp,1.298852506290558,1.2821053195058774,1.3325727708923707,0.0998277250832745,-0.73720217,2.751485015454656,2.727435783460312,2.800074038363392
urn:mavedb:00000234-a-1#367,c.[12T>C;15G>A;27A>G;33G>C;45C>T;49A>T;50C>A;78C>G;105T>C;114C>G],NA,p.Thr17Tyr,1.3796952379866467,1.3496274087570048,1.4092291985830825,0.068860568002648,-0.6618445,2.7669023462997835,2.723191812224551,2.810051941203207
urn:mavedb:00000234-a-1#368,c.[12T>C;15G>A;27A>G;33G>C;45C>T;49A>T;50C>T;78C>G;105T>C;114C>G],NA,p.Thr17Phe,1.4378276250366646,1.419587990294744,1.450425866773816,0.0899262911683305,-0.7022855,2.9064802091830475,2.879680639931114,2.9250481959027907
urn:mavedb:00000234-a-1#369,c.[12T>C;15G>A;27A>G;33G>C;45C>T;49A>C;51C>G;78C>G;105T>C;114C>G],NA,p.Thr17Pro,2.083998323160596,2.05676701554779,2.118147361792627,0.1723918075239215,-0.6664212,3.9528900223346097,3.8949137432608434,4.028893497565553
urn:mavedb:00000234-a-1#370,c.[12T>C;24C>G;45C>T;49A>T;50C>G;78C>G;90C>T;105T>C;114C>G;126G>A],NA,p.Thr17Cys,1.4949579632556849,1.380339631944269,1.6874694618842254,0.4656720505832377,-0.6813016,2.96288085596754,2.794059066789404,3.257990100954571
urn:mavedb:00000234-a-1#371,c.[12T>C;15G>A;24C>G;27A>G;45C>T;48_49insGGT;78C>G;105T>C;114C>G;126G>A],NA,p.Phe16_Thr17insGly,0.1925091180406881,0.1780261783859188,0.2049440876690879,0.0860441355330446,-0.6242926,0.9977502245396976,0.9747648574764048,1.0173783860032155
urn:mavedb:00000234-a-1#372,c.[6T>C;12T>C;15G>A;21A>G;30G>A;33G>C;45C>T;48_49insGCG;69A>G;78C>G;105T>C;114C>G],NA,p.Phe16_Thr17insAla,-0.0356706692908122,-0.0518397359700168,-0.0099727361758871,0.1778089804504235,-0.66234446,0.6823146786974612,0.6538142030328221,0.7269536857555426
urn:mavedb:00000234-a-1#373,c.[12T>C;18G>A;21A>G;24C>G;30G>A;45C>T;49_51del;75G>C;78C>G;105T>C;114C>G],NA,p.Thr17del,0.0244127319885181,-0.0106624079133271,0.072724513916529,0.0993261018982356,-0.48853135,0.4743280318191262,0.4053149311522743,0.5655087374142546
urn:mavedb:00000234-a-1#374,c.[12T>C;15G>A;27A>G;33G>C;45C>T;53G>A;54T>G;78C>G;105T>C;114C>G],NA,p.Arg18Gln,1.7229986684050502,1.706888668618019,1.7360693916711805,0.0902575159128429,-0.44647264,2.999442259506949,2.9735557752116786,3.02058186428904
urn:mavedb:00000234-a-1#375,c.[12T>C;15G>A;27A>G;33G>C;45C>T;52C>G;53G>A;54T>A;78C>G;105T>C;114C>G],NA,p.Arg18Glu,1.6201034738267048,1.5979414020537703,1.649008640102175,0.1232179610884434,-0.41754532,2.797947115540766,2.763702466514386,2.842990045038152
urn:mavedb:00000234-a-1#376,c.[12T>C;15G>A;27A>G;33G>C;45C>T;52C>A;53G>A;54T>C;78C>G;105T>C;114C>G],NA,p.Arg18Asn,1.196379557124838,1.1899953451618788,1.221506911791122,0.0992397254776888,-0.44190073,2.203995316803575,2.194824470939768,2.240129658264875
urn:mavedb:00000234-a-1#377,c.[12T>C;15G>A;27A>G;33G>C;45C>T;53G>A;54T>C;78C>G;105T>C;114C>G],NA,p.Arg18His,1.5133061851330205,1.4946822760160805,1.5431639059040971,0.095788448241296,-0.43827844,2.6629371058003244,2.634985229954315,2.7080126004180345
urn:mavedb:00000234-a-1#378,c.[12T>C;15G>A;27A>G;33G>C;45C>T;52C>G;53G>A;54T>C;78C>G;105T>C;114C>G],NA,p.Arg18Asp,0.7452667769204415,0.7306805640870964,0.7591578883766621,0.0867123502267675,-0.42061114,1.5263196917996396,1.5050439134640223,1.546544806281712
urn:mavedb:00000234-a-1#379,c.[12T>C;15G>A;27A>G;33G>C;45C>T;52C>A;53G>A;54T>A;78C>G;105T>C;114C>G],NA,p.Arg18Lys,1.8309544555780068,1.817562642465331,1.865341721906976,0.104452681917063,-0.5200658,3.2770554454752125,3.2543064730825164,3.3363583736711973
urn:mavedb:00000234-a-1#380,c.[12T>C;15G>A;27A>G;33G>C;45C>T;52C>A;53G>C;54T>C;78C>G;105T>C;114C>G],NA,p.Arg18Thr,1.3585421727669602,1.317100867651467,1.3856917611180848,0.1039294439170282,-0.4550743,2.456571046794907,2.3962263042832688,2.496296326348856
urn:mavedb:00000234-a-1#381,c.[12T>C;15G>A;21A>G;27A>G;30G>A;45C>T;52C>T;53G>C;60C>T;78C>G;84C>T;105T>C;114C>G],NA,p.Arg18Ser,1.4451445865741848,1.4147975442651508,1.4612499837754145,0.0636782810989839,-0.45812345,2.5880327846514164,2.543201771015996,2.6119304166964628
urn:mavedb:00000234-a-1#382,c.[12T>C;15G>A;27A>G;33G>C;45C>T;52C>G;53G>C;54T>G;78C>G;90C>T;105T>C;114C>G],NA,p.Arg18Ala,1.7036151878577268,1.6774983103423182,1.732863168121887,0.1051222188417209,-0.47873688,3.0117025177010746,2.970182179884365,3.0587501024522
urn:mavedb:00000234-a-1#383,c.[12T>C;15G>A;21A>G;27A>G;30G>A;45C>T;51C>T;52C>G;57A>G;78C>G;105T>C;114C>G],NA,p.Arg18Gly,1.1662254974993402,1.1482218622728473,1.1842659086968372,0.1127755314553532,-0.4587729,2.1838019570881566,2.1580174493840887,2.209665244819765
urn:mavedb:00000234-a-1#384,c.[12T>C;15G>A;21A>G;27A>G;30G>A;45C>T;52C>A;53G>T;54T>G;78C>G;90C>T;96A>G;105T>C;114C>G],NA,p.Arg18Met,1.7873375825512905,1.7520752950914198,1.8141317322766048,0.1179859953951888,-0.5143423,3.1959294709022834,3.137818564593023,3.2408280838689176
urn:mavedb:00000234-a-1#385,c.[12T>C;15G>A;27A>G;33G>C;45C>T;53G>T;54T>G;78C>G;105T>C;114C>G],NA,p.Arg18Leu,1.6033582727601896,1.576523738636624,1.614620626102987,0.0988948286107041,-0.51617527,2.904903337705096,2.863755004544811,2.9222761336292846
urn:mavedb:00000234-a-1#386,c.[12T>C;15G>A;27A>G;33G>C;45C>T;52C>G;53G>T;78C>G;105T>C;114C>G],NA,p.Arg18Val,1.465436631345301,1.4436984169650062,1.4771103224872726,0.1257579719403896,-0.47711515,2.643818195506128,2.611569001772218,2.661195971007246
urn:mavedb:00000234-a-1#387,c.[12T>C;15G>A;27A>G;33G>C;45C>T;52C>A;53G>T;54T>C;78C>G;105T>C;114C>G],NA,p.Arg18Ile,1.6234568843330996,1.5903782442378052,1.671922638482563,0.1031747440452805,-0.49993563,2.9141019283865632,2.8630952622927057,2.9898816308740974
urn:mavedb:00000234-a-1#388,c.[12T>C;15G>A;27A>G;33G>C;45C>T;52C>T;54T>G;78C>G;105T>C;114C>G],NA,p.Arg18Trp,1.5349222463393828,1.5092398360379835,1.5816563501669514,0.0853781904283679,-0.5304673,2.81984601092274,2.781206564454875,2.8908376734228165
urn:mavedb:00000234-a-1#389,c.[12T>C;15G>A;27A>G;33G>C;45C>T;52C>T;53G>A;54T>C;78C>G;105T>C;114C>G],NA,p.Arg18Tyr,1.61506529057186,1.5890983833143395,1.65692004251728,0.1098953791640334,-0.5016935,2.9034764858113524,2.863499248446979,2.968645312877481
urn:mavedb:00000234-a-1#390,c.[12T>C;15G>A;27A>G;33G>C;45C>T;52C>T;53G>T;54T>C;78C>G;105T>C;114C>G],NA,p.Arg18Phe,1.5610345417138711,1.5358628420641804,1.5957838382382687,0.0949529236946406,-0.5239203,2.85058230643573,2.812446137039142,2.903677631107632
urn:mavedb:00000234-a-1#391,c.[12T>C;15G>A;27A>G;33G>C;45C>T;53G>C;54T>G;78C>G;105T>C;114C>G],NA,p.Arg18Pro,1.3087188339873168,1.278450155924402,1.334249185824093,0.0943470602959315,-0.43774843,2.360506951992116,2.316637948007968,2.3976282092825256
urn:mavedb:00000234-a-1#392,c.[9T>G;12T>C;18G>A;21A>G;24C>G;30G>A;45C>T;52C>T;54T>C;78C>G;105T>C;114C>G;126G>A],NA,p.Arg18Cys,1.0062793648748811,0.8179776420947208,1.1845333399755904,0.3130585218979026,-0.47231126,1.9739748522248124,1.7048537833478152,2.2285433123762446
urn:mavedb:00000234-a-1#393,c.[6T>C;12T>C;18G>A;24C>G;45C>T;51_52insGGT;78C>G;105T>C;114C>G;126G>A],NA,p.Thr17_Arg18insGly,-0.1507000012377988,-0.1723348459488325,-0.1300896434702278,0.125290323752891,-0.61691403,0.3813337665246941,0.3367846649780118,0.4227171432612446
urn:mavedb:00000234-a-1#394,c.[6T>C;12T>C;15G>A;27A>G;33G>C;39C>T;51_52insGCT;63G>T;78C>G;105T>C;114C>G;120C>T;126G>A],NA,p.Thr17_Arg18insAla,-0.1007204486777296,-0.1118473691148544,-0.079487911171457,0.044030331113488,-0.7115202,0.6541624054056465,0.634359909722609,0.6915039353627591
urn:mavedb:00000234-a-1#395,c.[12T>C;18G>A;21A>G;27A>G;33G>C;45C>T;52_54del;78C>G;105T>C;114C>G;117G>C],NA,p.Arg18del,-0.1474692640169451,-0.2045829423954379,-0.1012756686120263,0.0892764289681556,-0.3794434,-0.2006294881867679,-0.4058243736608999,-0.0613076890374979
urn:mavedb:00000234-a-1#396,c.[12T>C;15G>A;27A>G;33G>C;45C>T;55G>C;57A>G;78C>G;105T>C;114C>G],NA,p.Glu19Gln,1.6941934890665422,1.6664649956807345,1.750798321118051,0.1348042927422689,-0.88724566,3.5446216621124846,3.5008774906172024,3.635567892140142
urn:mavedb:00000234-a-1#397,c.[12T>C;15G>A;27A>G;33G>C;45C>T;55G>A;57A>C;78C>G;105T>C;114C>G],NA,p.Glu19Asn,1.6285232411622896,1.5767160539187894,1.6455173671355177,0.1264458580160456,-0.8694279,3.4179048935370817,3.338439528937855,3.444277610214135
urn:mavedb:00000234-a-1#398,c.[12T>C;15G>A;27A>G;33G>C;45C>T;55G>C;57A>C;78C>G;105T>C;114C>G],NA,p.Glu19His,1.7265785312319697,1.6760414416553395,1.7410839336140584,0.1148704862718222,-0.8354299,3.5269864631893624,3.4465285276210733,3.550416294425497
urn:mavedb:00000234-a-1#399,c.[12T>C;15G>A;27A>G;33G>C;45C>T;57A>C;78C>G;105T>C;114C>G],NA,p.Glu19Asp,1.914905231082856,1.8824067770441024,1.934295105130983,0.128352125750622,-0.70537114,3.672594288161527,3.614577716588524,3.70792820704678
urn:mavedb:00000234-a-1#400,c.[12T>C;15G>A;27A>G;33G>C;45C>T;55G>C;56A>G;57A>T;78C>G;105T>C;114C>G],NA,p.Glu19Arg,1.2629344380791947,1.2293837500713922,1.2853069694266115,0.1099573181102207,-1.1237752,3.219677947828671,3.172033295657604,3.2515651259471547
urn:mavedb:00000234-a-1#401,c.[12T>C;15G>A;27A>G;33G>C;45C>T;55G>A;78C>G;105T>C;114C>G],NA,p.Glu19Lys,1.477450725387015,1.4454431454365029,1.5051534831318958,0.0883371701389459,-0.93516445,3.277656297576463,3.230431192191402,3.3188137689973045
urn:mavedb:00000234-a-1#402,c.[12T>C;15G>A;27A>G;33G>C;45C>T;55G>A;56A>C;57A>C;78C>G;105T>C;114C>G],NA,p.Glu19Thr,1.517859590927423,1.4635740758797418,1.53244505040387,0.0996076530163708,-0.91500497,3.310765189730429,3.230107332219368,3.3326238325940776
urn:mavedb:00000234-a-1#403,c.[12T>C;15G>A;27A>G;33G>C;45C>T;55G>T;56A>C;57A>T;78C>G;105T>C;114C>G],NA,p.Glu19Ser,1.5841815896758475,1.5516484203676462,1.6165368069701125,0.1155549071370601,-0.9416673,3.446598812174357,3.39726109139988,3.496164960607586
urn:mavedb:00000234-a-1#404,c.[12T>C;15G>A;21A>G;27A>G;30G>A;45C>T;56A>C;57A>T;60C>T;78C>G;105T>C;114C>G],NA,p.Glu19Ala,1.7360919610892327,1.6855278045750055,1.7588874075484182,0.1075301830989833,-0.9389601,3.680930212111904,3.6001369006503574,3.717976117301996
urn:mavedb:00000234-a-1#405,c.[12T>C;15G>A;27A>G;33G>C;45C>T;56A>G;57A>T;78C>G;105T>C;114C>G],NA,p.Glu19Gly,1.5869661309894207,1.5713600843446376,1.603787750723641,0.1292578121326107,-0.87671113,3.363817475488405,3.340060234998559,3.389555454305295
urn:mavedb:00000234-a-1#406,c.[12T>C;15G>A;27A>G;33G>C;45C>T;55G>A;56A>T;57A>G;78C>G;105T>C;114C>G],NA,p.Glu19Met,1.3742462889732538,1.3443285702623524,1.4200237408370775,0.0953706032027966,-0.9927659,3.203776177195925,3.160526815391649,3.2704028210442635
urn:mavedb:00000234-a-1#407,c.[12T>C;15G>A;27A>G;33G>C;45C>T;55G>C;56A>T;57A>G;78C>G;105T>C;114C>G],NA,p.Glu19Leu,1.6218493377442096,1.5975438246863445,1.654485819820334,0.1386448217781117,-0.92824006,3.486372444528219,3.449020997115144,3.537025569218226
urn:mavedb:00000234-a-1#408,c.[12T>C;15G>A;27A>G;33G>C;45C>T;56A>T;57A>T;78C>G;105T>C;114C>G],NA,p.Glu19Val,1.465529278903957,1.4504536879865326,1.4753201072258326,0.1243972115317372,-0.89656377,3.2082611203529803,3.1860279447180084,3.222740561900725
urn:mavedb:00000234-a-1#409,c.[12T>C;15G>A;27A>G;33G>C;45C>T;55G>A;56A>T;57A>C;78C>G;105T>C;114C>G],NA,p.Glu19Ile,1.445836030381256,1.385252971507298,1.528252189284059,0.0981721934729718,-0.9527123,3.2545399186172927,3.166016830998496,3.376864031162904
urn:mavedb:00000234-a-1#410,c.[12T>C;15G>A;27A>G;33G>C;45C>T;55G>T;56A>G;57A>G;78C>G;105T>C;114C>G],NA,p.Glu19Trp,1.8342502264528104,1.778621233576558,1.9031037937035544,0.1838258508309386,-0.95026803,3.858834917975513,3.765522800106001,3.979035409697712
urn:mavedb:00000234-a-1#411,c.[12T>C;15G>A;27A>G;33G>C;45C>T;55G>T;57A>C;78C>G;105T>C;114C>G],NA,p.Glu19Tyr,1.687529354197944,1.6606745120091064,1.7061902722411302,0.1242563348622588,-0.8982122,3.5487476301222007,3.506490071592224,3.578386927101881
urn:mavedb:00000234-a-1#412,c.[12T>C;15G>A;27A>G;33G>C;45C>T;55G>T;56A>T;57A>C;78C>G;105T>C;114C>G],NA,p.Glu19Phe,1.5672746127439168,1.5564013253316715,1.5905126912480727,0.1063802348754066,-0.94692826,3.427946865463204,3.41148783181988,3.4633035814957296
urn:mavedb:00000234-a-1#413,c.[12T>C;15G>A;18G>A;27A>G;33G>C;45C>T;55G>C;56A>C;57A>G;72G>T;78C>G;105T>C;114C>G],NA,p.Glu19Pro,1.6275002294119836,1.5974768751405248,1.657589649545283,0.119712405948964,-0.61572814,3.076034279931202,3.0297294408687065,3.122922887781596
urn:mavedb:00000234-a-1#414,c.[3T>C;6T>C;12T>C;15G>A;18G>A;21A>G;27A>G;30G>A;33G>C;45C>T;54_55insGGT;78C>G;105T>C;114C>G],NA,p.Arg18_Glu19insGly,-0.3067710413138772,-0.3342907618209662,-0.283764661406314,0.1078152439130159,-0.66439486,0.1433444700894402,0.0760698681719146,0.1970677768437851
urn:mavedb:00000234-a-1#415,c.[3T>C;9T>G;12T>C;18G>A;24C>G;27A>G;45C>T;54_55insGCG;57A>G;69A>G;78C>G;105T>C],NA,p.Arg18_Glu19insAla,-0.287669749220744,-0.3266304128583913,-0.2467553897207236,0.0849114146187864,-0.73379993,0.3397260405209607,0.2564351473051761,0.4228323946233943
urn:mavedb:00000234-a-1#416,c.[3T>C;18G>A;21A>G;27A>G;45C>T;54T>C;55_57del;60C>T;78C>G;90C>T;114C>G],NA,p.Glu19del,-0.4770018663110228,-0.5239032287728739,-0.4417913098526975,0.0904458020806871,-0.86712813,0.2182837549016537,0.1082583623308082,0.2955915700542899
urn:mavedb:00000234-a-1#417,c.[12T>C;15G>A;21A>G;27A>G;30G>A;45C>T;60C>A;78C>G;102G>T;105T>C;114C>G],NA,p.His20Gln,1.8202217510974523,1.7981512031727942,1.8561968004488367,0.083949978104414,-0.7576997,3.5772894016414147,3.5401882684018746,3.638847625855588
urn:mavedb:00000234-a-1#418,c.[12T>C;15G>A;27A>G;33G>C;45C>T;58C>G;60C>A;78C>G;105T>C;114C>G],NA,p.His20Glu,1.4786458299028178,1.4502182517104232,1.4939839709979337,0.0953190681708694,-0.6033318,2.833682709545556,2.7915361551437825,2.856532784794428
urn:mavedb:00000234-a-1#419,c.[12T>C;15G>A;27A>G;33G>C;45C>T;58C>A;78C>G;105T>C;114C>G],NA,p.His20Asn,1.714056639417285,1.692373165729917,1.727021844227251,0.1280598705435793,-0.7370751,3.375116102522512,3.3405492392302465,3.39594242256982
urn:mavedb:00000234-a-1#420,c.[12T>C;15G>A;27A>G;33G>C;45C>T;58C>G;78C>G;105T>C;114C>G],NA,p.His20Asp,1.5839413989961082,1.5696643594434712,1.6096639423872712,0.1013755703238402,-0.62370586,3.019720286413356,2.997948292032261,3.0591879201827217
urn:mavedb:00000234-a-1#421,c.[12T>C;15G>A;27A>G;33G>C;45C>T;59A>G;60C>T;78C>G;105T>C;114C>G],NA,p.His20Arg,2.024054790817604,1.9862632175888808,2.052422129447106,0.0887110226511657,-1.1216669,4.436651128459675,4.362369759445351,4.4945569977445805
urn:mavedb:00000234-a-1#422,c.[12T>C;15G>A;27A>G;33G>C;45C>T;58C>A;60C>A;78C>G;105T>C;114C>G],NA,p.His20Lys,1.7761894382271783,1.7513213107473138,1.8087376459587765,0.1064685481877301,-0.89142394,3.682765603995832,3.6420123557134754,3.73693152702811
urn:mavedb:00000234-a-1#423,c.[12T>C;15G>A;27A>G;45C>T;58C>A;59A>C;60C>T;78C>G;105T>C;114C>G],NA,p.His20Thr,1.4211724071687,1.4060573074415228,1.4564862712579636,0.1016606136407824,-0.7932031,3.004255362637485,2.982140641957514,3.05618296863513
urn:mavedb:00000234-a-1#424,c.[3T>C;12T>C;15G>A;27A>G;33G>C;45C>T;58C>T;59A>C;60C>T;75G>C;78C>G;105T>C;114C>G],NA,p.His20Ser,1.8302072812808543,1.793369480962816,1.8631547160538733,0.0955174587745988,-0.80232143,3.653975118907349,3.591963800113048,3.71064929743782
urn:mavedb:00000234-a-1#425,c.[12T>C;15G>A;27A>G;33G>C;45C>T;58C>G;59A>C;60C>G;78C>G;105T>C;114C>G],NA,p.His20Ala,1.994013250476593,1.9507971323279043,2.038743636873948,0.1625599329360104,-0.85122585,4.015801039793458,3.933617612313448,4.104865698487719
urn:mavedb:00000234-a-1#426,c.[12T>C;15G>A;27A>G;33G>C;45C>T;58C>G;59A>G;60C>T;78C>G;105T>C;114C>G],NA,p.His20Gly,1.2767337444918838,1.2406385918150389,1.2974767023065306,0.1045734047624284,-0.7960379,2.7990262452779904,2.747457452836259,2.8287668051685326
urn:mavedb:00000234-a-1#427,c.[12T>C;15G>A;27A>G;33G>C;45C>T;58C>A;59A>T;60C>G;78C>G;105T>C;114C>G],NA,p.His20Met,2.07595132873271,2.0438812157267083,2.1332711187156512,0.1099522711302418,-0.92480946,4.281080929090905,4.213780571073886,4.409387257062027
urn:mavedb:00000234-a-1#428,c.[12T>C;15G>A;27A>G;33G>C;45C>T;59A>T;60C>G;78C>G;105T>C;114C>G],NA,p.His20Leu,2.3343890800970906,2.27976166058517,2.386070889914464,0.1157500462958904,-0.9275229,5.022207970293101,4.817656183377601,5.275559472470049
urn:mavedb:00000234-a-1#429,c.[12T>C;15G>A;27A>G;33G>C;45C>T;58C>G;59A>T;60C>T;78C>G;105T>C;114C>G],NA,p.His20Val,1.837677135633764,1.806066817126944,1.885992570654533,0.1014861859009156,-0.8463671,3.725670028357206,3.672148330122531,3.809622498529056
urn:mavedb:00000234-a-1#430,c.[12T>C;15G>A;27A>G;45C>T;48C>T;58C>A;59A>T;63G>T;78C>G;105T>C;114C>G],NA,p.His20Ile,1.9181690310191897,1.8857554425288423,1.9527699642703125,0.111708279939106,-0.8950026,3.932244381439953,3.874270228798743,3.9958476836393446
urn:mavedb:00000234-a-1#431,c.[12T>C;15G>A;27A>G;33G>C;45C>T;58C>T;59A>G;60C>G;78C>G;105T>C;114C>G],NA,p.His20Trp,1.882916356962075,1.849600142370712,1.898797057827612,0.0850910307221232,-0.92166257,3.904921941573533,3.8468766884404695,3.933082044261439
urn:mavedb:00000234-a-1#432,c.[12T>C;15G>A;27A>G;33G>C;45C>T;58C>T;78C>G;105T>C;114C>G],NA,p.His20Tyr,1.5399495466833115,1.5141428107259185,1.5629522235005469,0.0985833034160305,-0.8750222,3.290309979600212,3.251602342454944,3.3250433038353657
urn:mavedb:00000234-a-1#433,c.[12T>C;15G>A;27A>G;33G>C;45C>T;58C>T;59A>T;78C>G;105T>C;114C>G],NA,p.His20Phe,1.8822871513004191,1.8491677098631296,1.9088010430240248,0.1019983495256383,-0.92656946,3.9103764258092673,3.852696129056744,3.957559831621389
urn:mavedb:00000234-a-1#434,c.[12T>C;15G>A;27A>G;33G>C;45C>T;59A>C;60C>G;78C>G;105T>C;114C>G],NA,p.His20Pro,1.170553770554912,1.15477135508275,1.1839641720770555,0.0982762971094007,-0.66538095,2.471184804093382,2.448773350126773,2.490249842757676
urn:mavedb:00000234-a-1#435,c.[6T>C;9T>G;18G>A;24C>G;27A>G;30G>A;45C>T;57A>G;58C>T;59A>G;78C>G;99G>A;105T>C;114C>G;123C>T],NA,p.His20Cys,1.6496814217598093,1.508561791804869,1.8469490649349944,0.4260693773292412,-0.8478162,3.421812295654857,3.206776255626057,3.743508837600718
urn:mavedb:00000234-a-1#436,c.[12T>C;21A>G;27A>G;30G>A;45C>T;57_58insGGT;78C>G;105T>C;114C>G],NA,p.Glu19_His20insGly,-0.4033400273352092,-0.4171615282099399,-0.3636723951992099,0.0919777293820238,-0.7236409,0.0511038890318481,0.0151674006317552,0.1488022400698616
urn:mavedb:00000234-a-1#437,c.[6T>C;12T>C;15G>A;24C>G;45C>T;57_58insGCG;78C>G;105T>C;114C>G],NA,p.Glu19_His20insAla,-0.5112586405223423,-0.5726890468798876,-0.4111080145265311,0.2367266411184939,-0.76275945,-0.1402534426265186,-0.3472386092891182,0.1288581404578181
urn:mavedb:00000234-a-1#438,c.[6T>C;12T>C;15G>A;27A>G;33G>C;39C>T;45C>T;51C>T;58_60del;105T>C;108A>G],NA,p.His20del,-0.0852565667574314,-0.1163807508277173,-0.0534136966268983,0.1798412061302799,-0.75739,0.7604025498884006,0.7069679527669958,0.8140202778374489
urn:mavedb:00000234-a-1#439,c.[6T>C;27A>G;45C>T;61G>C;62C>A;75G>C;78C>G;81C>T;105T>C;111C>T;114C>G],NA,p.Ala21Gln,-0.5360419924345137,-0.56081691638043,-0.5014041113827088,0.0471170998465859,-0.72128034,-0.3655893097827877,-0.4665317290834009,-0.2411996684661497
urn:mavedb:00000234-a-1#440,c.[12T>C;15G>A;27A>G;33G>C;45C>T;62C>A;63G>A;78C>G;105T>C;114C>G],NA,p.Ala21Glu,-0.3604971000246303,-0.3928063518565884,-0.3445762592172356,0.0360913945575388,-0.6548066,-0.0172912495000317,-0.1086566576119929,0.0251493659191043
urn:mavedb:00000234-a-1#441,c.[12T>C;15G>A;27A>G;33G>C;45C>T;61G>A;62C>A;63G>C;78C>G;105T>C;114C>G],NA,p.Ala21Asn,-0.4808136113201519,-0.526255014565763,-0.4551304396512823,0.0340121235016249,-0.7032368,-0.2326472396159657,-0.3979185312016794,-0.1505395723412215
urn:mavedb:00000234-a-1#442,c.[12T>C;15G>A;21A>G;27A>G;30G>A;45C>T;61G>C;62C>A;63G>C;78C>G;84C>T;105T>C;114C>G],NA,p.Ala21His,-0.5725360681149787,-0.5888688630149449,-0.5365940226712347,0.0482003878661452,-0.67249155,-0.7835029771593403,-0.8982890400846728,-0.5802133041911067
urn:mavedb:00000234-a-1#443,c.[12T>C;15G>A;27A>G;33G>C;45C>T;62C>A;63G>C;78C>G;105T>C;114C>G],NA,p.Ala21Asp,-0.3896637227488083,-0.4114423361936242,-0.3532492561408806,0.0489300970937908,-0.6653292,-0.0691021298214614,-0.1328836440425636,0.029961956568961
urn:mavedb:00000234-a-1#444,c.[12T>C;15G>A;27A>G;45C>T;61G>C;62C>G;63G>T;78C>G;84C>T;105T>C;114C>G],NA,p.Ala21Arg,-0.810215064882897,-0.8343111762835431,-0.7608689838241187,0.0395492954398759,-0.8104391,-4.389978067808918,-25.0,-1.2250606958979082
urn:mavedb:00000234-a-1#445,c.[12T>C;15G>A;27A>G;33G>C;45C>T;61G>A;62C>A;63G>A;78C>G;105T>C;114C>G],NA,p.Ala21Lys,-0.7047479423116791,-0.7418954392338778,-0.6468218490433851,0.0495334546948667,-0.69860625,-15.0,-25.0,-1.1981113017640064
urn:mavedb:00000234-a-1#446,c.[12T>C;15G>A;21A>G;27A>G;30G>A;45C>T;61G>A;63G>C;78C>G;90C>T;96A>G;105T>C;114C>G],NA,p.Ala21Thr,0.7039942741221685,0.6907571677330935,0.7101697562540532,0.061869270938194,-0.72695446,1.8984727030626856,1.879820100959793,1.9071702810452127
urn:mavedb:00000234-a-1#447,c.[12T>C;15G>A;27A>G;33G>C;45C>T;61G>T;63G>T;78C>G;105T>C;114C>G],NA,p.Ala21Ser,1.6863551102608163,1.675498314601693,1.72544368718331,0.092637140060222,-0.7343545,3.327364349742929,3.3102165948301843,3.3897548811639684
urn:mavedb:00000234-a-1#448,c.[12T>C;15G>A;27A>G;33G>C;45C>T;62C>G;63G>T;78C>G;105T>C;114C>G],NA,p.Ala21Gly,0.9030742008323104,0.8867825855615117,0.920028219161222,0.0776028556252713,-0.7091875,2.1536965123340126,2.1308298896916105,2.177493737248742
urn:mavedb:00000234-a-1#449,c.[12T>C;15G>A;27A>G;33G>C;45C>T;61G>A;62C>T;78C>G;105T>C;114C>G],NA,p.Ala21Met,-0.0804162306489938,-0.0864367196479423,-0.0554960287933693,0.0331589999401362,-0.7554712,0.7653711128144912,0.7551362746251103,0.8073446000132148
urn:mavedb:00000234-a-1#450,c.[12T>C;15G>A;21A>G;27A>G;30G>A;45C>T;61G>C;62C>T;63G>C;78C>G;84C>T;105T>C;114C>G],NA,p.Ala21Leu,0.2802360453572197,0.2715272151905525,0.2922321334815534,0.0431822220028919,-0.7377,1.3044526161026346,1.291503878299538,1.3222466524291008
urn:mavedb:00000234-a-1#451,c.[12T>C;15G>A;27A>G;33G>C;45C>T;62C>T;63G>T;78C>G;105T>C;114C>G],NA,p.Ala21Val,2.1338863114773003,2.120227953687549,2.164550798853445,0.0819832504538239,-0.72710276,4.146500014809406,4.114820714217681,4.220492188437697
urn:mavedb:00000234-a-1#452,c.[12T>C;15G>A;27A>G;33G>C;45C>T;61G>A;62C>T;63G>C;78C>G;105T>C;114C>G],NA,p.Ala21Ile,1.4209186025133835,1.3884556647714656,1.4629686281563503,0.1106009938114892,-0.75266004,2.949389395867785,2.9019450390316166,3.011295255006086
urn:mavedb:00000234-a-1#453,c.[12T>C;15G>A;27A>G;33G>C;45C>T;61G>T;62C>G;78C>G;105T>C;114C>G],NA,p.Ala21Trp,-0.1380371754505245,-0.1755125368765437,-0.1237935305637897,0.0684821848139031,-0.73116136,0.6225645060783345,0.5542132099647502,0.6480083562049315
urn:mavedb:00000234-a-1#454,c.[12T>C;15G>A;27A>G;33G>C;45C>T;61G>T;62C>A;63G>C;78C>G;105T>C;114C>G],NA,p.Ala21Tyr,-0.2811137855519949,-0.3383194809074341,-0.2442226721268429,0.0641307875258519,-0.7192812,0.3230906650894944,0.1977132184658117,0.3989344442241723
urn:mavedb:00000234-a-1#455,c.[12T>C;15G>A;27A>G;33G>C;45C>T;61G>T;62C>T;63G>C;78C>G;105T>C;114C>G],NA,p.Ala21Phe,-0.1998673192245269,-0.2104134143236072,-0.1797696955255261,0.0639323970306656,-0.76500297,0.5716261156527617,0.5521576682214722,0.6082483318791121
urn:mavedb:00000234-a-1#456,c.[12T>C;15G>A;27A>G;45C>T;61G>C;78C>G;84C>T;105T>C;114C>G],NA,p.Ala21Pro,-0.5394047583154327,-0.5912179548999337,-0.501972012517263,0.044043252620743,-0.76595783,-0.2190590682987038,-0.4069863053556721,-0.1029840180743426
urn:mavedb:00000234-a-1#457,c.[12T>C;15G>A;27A>G;33G>C;45C>T;60_61insGGT;78C>G;105T>C;108A>G;117G>C;126G>A],NA,p.His20_Ala21insGly,-0.4749015530554519,-0.5106119490807374,-0.4487511299956004,0.0810182739305229,-0.6950457,-0.2402630116545842,-0.3686571145135807,-0.1561049998044996
urn:mavedb:00000234-a-1#458,c.[21A>G;45C>T;60_61insGCG;105T>C;114C>G],NA,p.His20_Ala21insAla,-0.2021144051891319,-0.248220834110759,-0.1600926716507367,0.1547877474939324,-0.7227242,0.4882518422769713,0.3978097083085747,0.5671374792012899
urn:mavedb:00000234-a-1#459,c.[24C>G;30G>A;45C>T;61_63del;75G>C;78C>G;105T>C;114C>G],NA,p.Ala21del,-0.2272895486398398,-0.2498834474482855,-0.1725203740845942,0.1053702324295249,-0.639148,0.2669147567251421,0.2167616396512214,0.3821091056587096
urn:mavedb:00000234-a-1#460,c.[12T>C;15G>A;27A>G;33G>C;45C>T;64A>C;65T>A;78C>G;105T>C;120C>T],NA,p.Met22Gln,1.4537567259105386,1.4291488579764673,1.4823002028057806,0.0875103351881531,-0.6823008,2.903083896675936,2.866823586012386,2.9453803971630093
urn:mavedb:00000234-a-1#461,c.[12T>C;15G>A;27A>G;33G>C;45C>T;64A>G;65T>A;66G>A;78C>G;105T>C;114C>G],NA,p.Met22Glu,1.7165625710545225,1.6835065740323636,1.7438347850091174,0.1100664943552723,-0.63937783,3.2481404865495955,3.195472648194608,3.2921755599629257
urn:mavedb:00000234-a-1#462,c.[12T>C;15G>A;27A>G;33G>C;45C>T;65T>A;66G>C;78C>G;105T>C;114C>G],NA,p.Met22Asn,1.062147300992195,1.0424447252039228,1.0783980695923592,0.0968480816702793,-0.6748154,2.330544297432998,2.302755444964714,2.353482743522545
urn:mavedb:00000234-a-1#463,c.[12T>C;15G>A;27A>G;33G>C;45C>T;64A>C;65T>A;66G>C;75G>C;78C>G;105T>C;114C>G],NA,p.Met22His,1.432480982235815,1.4247093845706913,1.4559183834864624,0.1290839324422185,-0.640013,2.8147886136692217,2.803358076430891,2.849367814513209
urn:mavedb:00000234-a-1#464,c.[12T>C;15G>A;27A>G;33G>C;45C>T;63G>T;64A>G;65T>A;66G>C;78C>G;105T>C;114C>G],NA,p.Met22Asp,0.2711085809916765,0.2518624762439085,0.2863209121928703,0.0756426668068397,-0.6478131,1.156163783078425,1.1266984678046996,1.1793321720814545
urn:mavedb:00000234-a-1#465,c.[12T>C;15G>A;21A>G;27A>G;30G>A;45C>T;60C>T;64A>C;65T>G;66G>T;78C>G;105T>C;114C>G],NA,p.Met22Arg,1.390005869412528,1.3708072418801696,1.4183520254738358,0.0891318546966664,-0.81822443,2.9923545811032484,2.9644445166799667,3.033740693784845
urn:mavedb:00000234-a-1#466,c.[12T>C;15G>A;27A>G;33G>C;45C>T;65T>A;66G>A;78C>G;105T>C;114C>G],NA,p.Met22Lys,1.3400083734692512,1.3207940863140797,1.362713903942767,0.0910190358472048,-0.6807909,2.734803422149274,2.70702749142252,2.7677293188686973
urn:mavedb:00000234-a-1#467,c.[12T>C;15G>A;21A>G;27A>G;30G>A;45C>T;65T>C;66G>T;78C>G;105T>C;108A>G;114C>G],NA,p.Met22Thr,2.0565000078099054,2.04400251028248,2.081931482940748,0.1630578160291911,-0.6953416,3.9330496844537977,3.90714127375332,3.987102890888423
urn:mavedb:00000234-a-1#468,c.[12T>C;15G>A;27A>G;33G>C;45C>T;64A>T;65T>C;66G>T;78C>G;105T>C;114C>G],NA,p.Met22Ser,1.4272971413443574,1.4178892717884968,1.4474383843267336,0.0984490406112499,-0.67150784,2.84957397221274,2.835760446721931,2.879233198100324
urn:mavedb:00000234-a-1#469,c.[12T>C;15G>A;27A>G;45C>T;54T>C;64A>G;65T>C;66G>T;78C>G;105T>C;114C>G],NA,p.Met22Ala,1.5209899720556934,1.507695820862956,1.543926252319049,0.1744149309210025,-0.71395135,3.045685252303461,3.025778650824238,3.0801914331747446
urn:mavedb:00000234-a-1#470,c.[12T>C;15G>A;27A>G;45C>T;64A>G;65T>G;66G>T;69A>G;78C>G;105T>C;114C>G],NA,p.Met22Gly,0.6914788442530719,0.6357998821873483,0.7162607862362995,0.1138605998049345,-0.672698,1.8053080537710613,1.7262520300370836,1.840394079807824
urn:mavedb:00000234-a-1#471,c.[12T>C;15G>A;27A>G;33G>C;45C>T;64A>C;78C>G;105T>C;114C>G],NA,p.Met22Leu,1.860550110026411,1.8224696841936256,1.8798174762140347,0.1371264576761741,-0.7228081,3.5996800133239595,3.5343698201301845,3.633362256068028
urn:mavedb:00000234-a-1#472,c.[12T>C;15G>A;27A>G;33G>C;45C>T;64A>G;66G>T;78C>G;105T>C;114C>G],NA,p.Met22Val,1.8437254513872647,1.8126141963196456,1.8604622315244723,0.1310137084730286,-0.7007921,3.5411430106522426,3.488227666651692,3.570046116244095
urn:mavedb:00000234-a-1#473,c.[12T>C;15G>A;27A>G;33G>C;45C>T;66G>C;78C>G;105T>C;114C>G],NA,p.Met22Ile,2.0161048847736867,1.9813340376555504,2.041751962050144,0.1330031037040624,-0.72269416,3.887303927224316,3.819379698703572,3.9391128616308944
urn:mavedb:00000234-a-1#474,c.[12T>C;15G>A;27A>G;45C>T;63G>T;64A>T;65T>G;78C>G;105T>C;114C>G],NA,p.Met22Trp,1.638503640059953,1.615368469951969,1.691295989512085,0.1148673960421997,-0.73717475,3.256106246104688,3.220295505663612,3.338973910755282
urn:mavedb:00000234-a-1#475,c.[12T>C;15G>A;27A>G;33G>C;45C>T;64A>T;65T>A;66G>C;78C>G;105T>C;114C>G],NA,p.Met22Tyr,1.7082010605937956,1.692191833369407,1.719200330326151,0.1036135840715875,-0.7178457,3.339974129857972,3.314482560409465,3.357590980619972
urn:mavedb:00000234-a-1#476,c.[12T>C;15G>A;27A>G;33G>C;45C>T;64A>T;66G>C;78C>G;105T>C;114C>G;120C>T],NA,p.Met22Phe,1.5757963540157631,1.5510420455738894,1.6114801934870513,0.087750099228691,-0.7526238,3.1804040916199026,3.142857029303641,3.235027994103954
urn:mavedb:00000234-a-1#477,c.[12T>C;15G>A;27A>G;45C>T;64A>C;65T>C;66G>A;78C>G;105T>C;114C>G],NA,p.Met22Pro,-0.6100141631272108,-0.6785518854917203,-0.5378758608695527,0.0526854984549655,-0.7091551,-0.788854088916286,-1.5175784214975756,-0.4209905540114322
urn:mavedb:00000234-a-1#478,c.[12T>C;18G>A;21A>G;27A>G;33G>C;45C>T;63_64insGGT;78C>G;105T>C;114C>G],NA,p.Ala21_Met22insGly,-0.5328040253062472,-0.5753956144499912,-0.4989433108887854,0.0552274894807696,-0.6718011,-0.5649498931630063,-0.8069397950297582,-0.4144962184337161
urn:mavedb:00000234-a-1#479,c.[3T>C;6T>C;12T>C;15G>A;21A>G;27A>G;30G>A;33G>C;45C>T;63_64insGCG;78C>G;105T>C;117G>C],NA,p.Ala21_Met22insAla,-0.3556019773196706,-0.3965969486921059,-0.3141076047412131,0.1374278266248523,-0.7227242,0.1656662434370653,0.0659395661218752,0.2596335056511376
urn:mavedb:00000234-a-1#480,c.[15G>A;21A>G;45C>T;63G>T;64_66del;78C>G;105T>C;114C>G],NA,p.Met22del,-0.1676816570736422,-0.1884121268265481,-0.1488041328893125,0.1254706276575109,-0.60706234,0.3259258626077772,0.2817503748220444,0.3651189257143093
urn:mavedb:00000234-a-1#481,c.[12T>C;15G>A;27A>G;33G>C;45C>T;67G>C;69A>G;78C>G;105T>C;114C>G],NA,p.Glu23Gln,1.6721153484075943,1.6433138548087618,1.7187248166731577,0.1188948587473169,-0.8034482,3.397498963001141,3.352439862919943,3.471530670708358
urn:mavedb:00000234-a-1#482,c.[12T>C;15G>A;27A>G;33G>C;45C>T;67G>A;69A>C;78C>G;105T>C;114C>G],NA,p.Glu23Asn,1.629862540682843,1.6068695927077792,1.6430285396416455,0.1224711615282054,-0.77301717,3.290762783040749,3.255287204375592,3.3112041483012646
urn:mavedb:00000234-a-1#483,c.[12T>C;15G>A;27A>G;33G>C;45C>T;67G>C;69A>C;78C>G;105T>C;114C>G],NA,p.Glu23His,1.7135628778499217,1.6971669263428684,1.7325392100169663,0.1271059006158465,-0.76717496,3.4146617620917805,3.388505476097595,3.445173006696945
urn:mavedb:00000234-a-1#484,c.[12T>C;15G>A;27A>G;33G>C;45C>T;69A>C;78C>G;105T>C;114C>G],NA,p.Glu23Asp,1.510279574126447,1.4966427300605702,1.5426197421563912,0.1221503824052536,-0.7121546,3.0272283642033644,3.00686315693381,3.075807227645955
urn:mavedb:00000234-a-1#485,c.[12T>C;15G>A;27A>G;33G>C;45C>T;67G>C;68A>G;69A>T;78C>G;105T>C;114C>G],NA,p.Glu23Arg,1.3860170073419509,1.337916928442594,1.4106301193927493,0.1139040610719682,-1.0702136,3.3246825878353072,3.255161652862172,3.36049046741696
urn:mavedb:00000234-a-1#486,c.[12T>C;15G>A;27A>G;33G>C;45C>T;67G>A;78C>G;105T>C;114C>G],NA,p.Glu23Lys,1.392868165689194,1.3781371852069288,1.402071966689841,0.0946896003781539,-0.887908,3.0901179758847523,3.068702099403293,3.1035276387074773
urn:mavedb:00000234-a-1#487,c.[12T>C;15G>A;27A>G;33G>C;45C>T;67G>A;68A>C;69A>C;78C>G;105T>C;114C>G],NA,p.Glu23Thr,1.714956061369596,1.699112034831173,1.73452562381375,0.1295521830435121,-0.81195474,3.4768841245768733,3.4515970562566936,3.5083651853974573
urn:mavedb:00000234-a-1#488,c.[12T>C;15G>A;27A>G;33G>C;45C>T;67G>T;68A>C;69A>T;78C>G;105T>C;114C>G],NA,p.Glu23Ser,1.4093400012943431,1.3904781740970034,1.4281420687799278,0.1079588023681735,-0.8181188,3.0204170988481978,2.9929004396850463,3.047944739410981
urn:mavedb:00000234-a-1#489,c.[12T>C;15G>A;27A>G;45C>T;68A>C;69A>G;72G>T;75G>C;78C>G;105T>C;114C>G],NA,p.Glu23Ala,1.5265791685578425,1.509312492374312,1.5449574422041492,0.1067479256211096,-0.8467133,3.232260538974178,3.206417788112279,3.2598969498325863
urn:mavedb:00000234-a-1#490,c.[12T>C;15G>A;27A>G;33G>C;45C>T;68A>G;69A>T;78C>G;105T>C;114C>G],NA,p.Glu23Gly,1.051064684591648,1.028232826965816,1.0829097003984531,0.120043446961426,-0.7952173,2.4783913237418247,2.44635226821789,2.523142386915131
urn:mavedb:00000234-a-1#491,c.[12T>C;15G>A;27A>G;33G>C;45C>T;67G>A;68A>T;69A>G;78C>G;105T>C;114C>G],NA,p.Glu23Met,1.61560380065661,1.5974672135628722,1.6388142061052808,0.1199654814213134,-0.8979311,3.4361477469293056,3.4083008003974777,3.4720365956889707
urn:mavedb:00000234-a-1#492,c.[12T>C;15G>A;27A>G;33G>C;45C>T;67G>C;68A>T;69A>G;78C>G;105T>C;114C>G],NA,p.Glu23Leu,1.617694249548716,1.5975662097259171,1.6355664081080343,0.1470507098874445,-0.86537004,3.3957448028143684,3.364822308627238,3.423379172265107
urn:mavedb:00000234-a-1#493,c.[12T>C;15G>A;27A>G;33G>C;45C>T;68A>T;69A>T;78C>G;105T>C;114C>G],NA,p.Glu23Val,1.656342572304445,1.6397098915631525,1.6670628721927818,0.1712669104735215,-0.82071733,3.3959037342227574,3.369980219142509,3.412698297074753
urn:mavedb:00000234-a-1#494,c.[12T>C;15G>A;27A>G;33G>C;45C>T;67G>A;68A>T;69A>C;78C>G;105T>C;114C>G],NA,p.Glu23Ile,1.6910474836417717,1.6612468384237118,1.730793328681755,0.115386209112624,-0.8358388,3.4707867516279705,3.423838613110971,3.534325577047145
urn:mavedb:00000234-a-1#495,c.[12T>C;15G>A;27A>G;33G>C;45C>T;67G>T;68A>G;69A>G;78C>G;105T>C;114C>G],NA,p.Glu23Trp,1.7607405061730637,1.7099972315257332,1.7868722177401184,0.1215620200535079,-0.9352758,3.716075857450473,3.6340784112830913,3.759117258424485
urn:mavedb:00000234-a-1#496,c.[12T>C;15G>A;27A>G;33G>C;45C>T;67G>T;69A>C;78C>G;105T>C;114C>G],NA,p.Glu23Tyr,1.8526375141426388,1.8344074691793075,1.8663111742970688,0.1218185844361731,-0.8772695,3.792721842382074,3.761438995508205,3.816435039648187
urn:mavedb:00000234-a-1#497,c.[12T>C;15G>A;27A>G;33G>C;45C>T;67G>T;68A>T;69A>C;78C>G;105T>C;114C>G],NA,p.Glu23Phe,1.753865283679913,1.7273359910421646,1.7834266489035215,0.1062245354173548,-0.90561986,3.665158710412683,3.6221821544200137,3.713723725287528
urn:mavedb:00000234-a-1#498,c.[12T>C;15G>A;27A>G;45C>T;67G>C;68A>C;69A>G;72G>T;75G>C;78C>G;105T>C;114C>G],NA,p.Glu23Pro,-0.0019874466947343,-0.0141368648286836,0.037188146001866,0.0627363707707273,-0.77291703,0.9237097822441296,0.9040665979793128,0.9863206247075206
urn:mavedb:00000234-a-1#499,c.[3T>C;12T>C;18G>A;45C>T;67G>T;68A>G;69A>C;72G>T;78C>G;99G>A;105T>C;114C>G;126G>A],NA,p.Glu23Cys,0.9414849790839706,0.6813854420825833,1.0119437841394832,0.2988050456254842,-0.8372884,2.382071547965753,2.019221294786863,2.480548377234206
urn:mavedb:00000234-a-1#500,c.[12T>C;15G>A;18G>A;21A>G;24C>G;30G>A;45C>T;66_67insGGT;78C>G;114C>G],NA,p.Met22_Glu23insGly,-0.4661772231537437,-0.5170127895148257,-0.4451961341360513,0.0825204540123318,-0.685343,-0.2435420681064453,-0.4331347969969985,-0.1752469357967965
urn:mavedb:00000234-a-1#501,c.[18G>A;24C>G;27A>G;30G>A;39C>T;45C>T;57A>G;66_67insGCG;69A>G;75G>C;78C>G;105T>C;108A>G;114C>G;117G>C;126G>A],NA,p.Met22_Glu23insAla,-0.4126789425805262,-0.4396600574096223,-0.3934403832904466,0.066946466675397,-0.6943643,-0.0521645161241213,-0.1304653815771108,0.0004583918503399
urn:mavedb:00000234-a-1#502,c.[15G>A;24C>G;27A>G;45C>T;67_69del;78C>G;105T>C;114C>G;126G>A],NA,p.Glu23del,-0.1393324134520769,-0.1662711645882858,-0.1059436319844039,0.0918199741949979,-0.7551949,0.6629771087218289,0.614935970958556,0.721230752415327
urn:mavedb:00000234-a-1#503,c.[12T>C;18G>A;21A>G;30G>A;33G>C;45C>T;70G>C;71C>A;78C>G;96A>G;105T>C;114C>G],NA,p.Ala24Gln,-0.181896549539158,-0.1983111329308816,-0.1582377894926049,0.0698546849125015,-0.697942,0.4795591949830666,0.4477158583955321,0.524548534577262
urn:mavedb:00000234-a-1#504,c.[12T>C;15G>A;27A>G;33G>C;45C>T;71C>A;72G>A;78C>G;105T>C;114C>G],NA,p.Ala24Glu,-0.3296822741076071,-0.3447604638653899,-0.3134610647602704,0.0625534013292591,-0.6770749,0.1187167019589599,0.0815820342017997,0.1575119772903774
urn:mavedb:00000234-a-1#505,c.[12T>C;15G>A;27A>G;45C>T;70G>A;71C>A;72G>C;78C>G;105T>C;114C>G;117G>C],NA,p.Ala24Asn,-0.2669231170193166,-0.2951042762399788,-0.2411464571341884,0.0571697120921642,-0.6869459,0.2845136830445103,0.222461948266924,0.3391450173848745
urn:mavedb:00000234-a-1#506,c.[12T>C;18G>A;21A>G;27A>G;45C>T;69A>G;70G>C;71C>A;72G>T;78C>G;105T>C;114C>G;117G>C],NA,p.Ala24His,-0.1520527319429179,-0.1676413308124847,-0.1278991447900398,0.0585645601031929,-0.6862073,0.5141213897163847,0.4844350976046224,0.5592699726147193
urn:mavedb:00000234-a-1#507,c.[12T>C;15G>A;27A>G;45C>T;71C>A;72G>C;78C>G;105T>C;114C>G;117G>C],NA,p.Ala24Asp,-0.3482830151615819,-0.4015982479875733,-0.3158671844966269,0.0498131086799122,-0.6720586,0.0600644649474284,-0.0840162892506275,0.1399118799736715
urn:mavedb:00000234-a-1#508,c.[12T>C;15G>A;27A>G;33G>C;45C>T;70G>C;71C>G;72G>T;78C>G;105T>C;114C>G],NA,p.Ala24Arg,-0.3884480805865809,-0.3961308441799853,-0.3754928295868378,0.0506366418025029,-0.97349715,0.6074525636156549,0.593530821558117,0.6307351143711791
urn:mavedb:00000234-a-1#509,c.[12T>C;15G>A;27A>G;33G>C;45C>T;70G>A;71C>A;72G>A;78C>G;105T>C;114C>G],NA,p.Ala24Lys,-0.2287603788920808,-0.264630551256397,-0.2131791680730674,0.0351111141535448,-0.7873101,0.559432080019215,0.4920507764407052,0.5880337726297494
urn:mavedb:00000234-a-1#510,c.[12T>C;15G>A;27A>G;45C>T;70G>A;72G>C;78C>G;105T>C;114C>G;117G>C],NA,p.Ala24Thr,-0.0773369945988861,-0.1181641963887968,-0.0483513134446334,0.0674597311684809,-0.7008302,0.6765919500869774,0.6037962533457755,0.7269857327012816
urn:mavedb:00000234-a-1#511,c.[12T>C;15G>A;27A>G;33G>C;45C>T;70G>T;72G>T;78C>G;105T>C;114C>G],NA,p.Ala24Ser,0.5211100839151337,0.5083687927883774,0.5342456872193043,0.0617882833686444,-0.70308733,1.6053478330895767,1.5870570355541074,1.624175028009859
urn:mavedb:00000234-a-1#512,c.[12T>C;15G>A;27A>G;33G>C;45C>T;71C>G;72G>T;78C>G;105T>C;114C>G],NA,p.Ala24Gly,0.8658032257794004,0.8554582624444623,0.8842396209410114,0.0731927459344778,-0.69953656,2.08813688686645,2.0736056372485328,2.114030600571243
urn:mavedb:00000234-a-1#513,c.[12T>C;15G>A;27A>G;45C>T;70G>A;71C>T;105T>C;114C>G],NA,p.Ala24Met,-0.0687016605248789,-0.0971425745144275,-0.0577622071742181,0.0596755549117115,-0.74316335,0.7644080859344669,0.7156926994479397,0.7829172871942403
urn:mavedb:00000234-a-1#514,c.[12T>C;24C>G;27A>G;45C>T;70G>C;71C>T;105T>C;114C>G],NA,p.Ala24Leu,-0.1071699375034806,-0.1271353002403127,-0.083661213469806,0.055625203220804,-0.73761654,0.6886456624568654,0.6535128795652683,0.729392397173322
urn:mavedb:00000234-a-1#515,c.[12T>C;15G>A;27A>G;33G>C;45C>T;71C>T;72G>T;78C>G;105T>C;114C>G],NA,p.Ala24Val,0.0843352775048023,0.0668200942349023,0.1109011716383117,0.0638456118810133,-0.71145725,0.9638646914681224,0.9358191996351956,1.0060045792125225
urn:mavedb:00000234-a-1#516,c.[12T>C;15G>A;27A>G;45C>T;70G>A;71C>T;72G>C;78C>G;105T>C;114C>G;117G>C],NA,p.Ala24Ile,-0.1504785565786294,-0.16288993632398,-0.1265092008031584,0.0488364906432003,-0.7156236,0.5717830687200349,0.5488486905373228,0.6153991510791159
urn:mavedb:00000234-a-1#517,c.[12T>C;15G>A;27A>G;33G>C;45C>T;70G>T;71C>G;78C>G;105T>C;114C>G],NA,p.Ala24Trp,-0.123717984072424,-0.1344592886543461,-0.1138081732763981,0.0607866916717287,-0.80453277,0.7749622308131371,0.7567439502303975,0.7916661006397244
urn:mavedb:00000234-a-1#518,c.[12T>C;15G>A;21A>G;27A>G;30G>A;45C>T;70G>T;71C>A;72G>T;78C>G;105T>C;114C>G;117G>C],NA,p.Ala24Tyr,-0.1852637631554726,-0.2276325261299122,-0.1612566520841414,0.0429392163048219,-0.7599287,0.5890806506546256,0.5104044092160464,0.632421072084441
urn:mavedb:00000234-a-1#519,c.[12T>C;15G>A;21A>G;27A>G;30G>A;45C>T;70G>T;71C>T;72G>T;78C>G;105T>C;114C>G;117G>C],NA,p.Ala24Phe,-0.1313245461868667,-0.1570518710885521,-0.0835576610403075,0.0492538217993807,-0.77350163,0.708941297068414,0.6639585070746487,0.790458429875963
urn:mavedb:00000234-a-1#520,c.[12T>C;15G>A;27A>G;33G>C;45C>T;70G>C;78C>G;105T>C;114C>G],NA,p.Ala24Pro,-0.6396022235238898,-0.6539979194918234,-0.626480445243539,0.0438205962188107,-0.6935952,-1.1723759568157888,-1.3620292416520567,-1.0372184691770958
urn:mavedb:00000234-a-1#521,c.[3T>C;12T>C;18G>A;24C>G;27A>G;30G>A;33G>C;45C>T;69A>G;70G>T;71C>G;72G>C;78C>G;105T>C;111C>T;114C>G;120C>T;123C>T;126G>A],NA,p.Ala24Cys,0.1049525031442085,0.0638174632489598,0.1600235421358127,0.158265555874042,-0.7221136,1.01336642933821,0.948048107006553,1.0991926786417925
urn:mavedb:00000234-a-1#522,c.[12T>C;15G>A;18G>A;24C>G;45C>T;60C>T;69_70insGGT;78C>G;105T>C;114C>G],NA,p.Glu23_Ala24insGly,-0.6295192741804424,-0.6869119630083218,-0.5510639160666709,0.1880084753070727,-0.6951425,-1.0512778705981605,-2.294323619966324,-0.5405694269340855
urn:mavedb:00000234-a-1#523,c.[3T>C;12T>C;15G>A;18G>A;21A>G;27A>G;45C>T;69_70insGCG;78C>G;105T>C;111C>T;114C>G;123C>T],NA,p.Glu23_Ala24insAla,-0.3458053198121793,-0.3652808586401431,-0.3145726676616989,0.0589810913333367,-0.7398374,0.2272729087188089,0.1829385145724225,0.2956634098441509
urn:mavedb:00000234-a-1#524,c.[21A>G;27A>G;30G>A;45C>T;57A>G;70_72del;75G>C;78C>G;105T>C;114C>G;126G>A],NA,p.Ala24del,-0.0808038708324965,-0.100934601882723,-0.051229512816429,0.033404574759367,-0.66376996,0.6044646334154735,0.5676978395476234,0.65741558582936
urn:mavedb:00000234-a-1#525,c.[12T>C;15G>A;27A>G;45C>T;74T>A;105T>C;114C>G],NA,p.Leu25Gln,0.0786568525711892,0.0660836168571226,0.0907279946803592,0.0725869200555786,-0.6983824,0.9338939113203052,0.9136114038820948,0.9532579651884946
urn:mavedb:00000234-a-1#526,c.[12T>C;15G>A;27A>G;33G>C;45C>T;73C>G;74T>A;75G>A;78C>G;105T>C;114C>G],NA,p.Leu25Glu,-0.4244372555311829,-0.4430485576351061,-0.3949019158219884,0.062076936417653,-0.6768117,-0.1374775338213376,-0.1955186463461955,-0.0515069749518196
urn:mavedb:00000234-a-1#527,c.[12T>C;15G>A;27A>G;33G>C;45C>T;73C>A;74T>A;75G>C;78C>G;105T>C;114C>G],NA,p.Leu25Asn,-0.4390095322869858,-0.466187022468315,-0.3847278117719042,0.0465696662329572,-0.6919801,-0.1356955137060173,-0.2214619744616223,0.0172591608235988
urn:mavedb:00000234-a-1#528,c.[12T>C;15G>A;27A>G;33G>C;45C>T;74T>A;75G>C;78C>G;105T>C;114C>G],NA,p.Leu25His,0.0246828495480271,-0.0104726734499369,0.0482701914695301,0.0739176271067721,-0.68707514,0.8272658654953617,0.7682573930903803,0.8662179682086998
urn:mavedb:00000234-a-1#529,c.[12T>C;15G>A;27A>G;33G>C;45C>T;73C>G;74T>A;75G>C;78C>G;105T>C;114C>G],NA,p.Leu25Asp,-0.4469843419573537,-0.4679201044760012,-0.4160795628924321,0.0671035145172868,-0.67334867,-0.2195536689467987,-0.2910054141710042,-0.1227368062364778
urn:mavedb:00000234-a-1#530,c.[12T>C;15G>A;27A>G;33G>C;45C>T;74T>G;75G>T;78C>G;105T>C;114C>G],NA,p.Leu25Arg,-0.7895205009391277,-0.8370450935741275,-0.7604583508529138,0.0650326475279498,-0.95965314,-0.4259359306999831,-0.6494801845300484,-0.313669154946566
urn:mavedb:00000234-a-1#531,c.[12T>C;15G>A;27A>G;33G>C;45C>T;73C>A;74T>A;75G>A;78C>G;105T>C;114C>G],NA,p.Leu25Lys,-0.3913203006058614,-0.4507065387718018,-0.3606258426138838,0.0524459304544213,-0.7758105,0.2056614570272612,0.0632626296560178,0.2738606375531364
urn:mavedb:00000234-a-1#532,c.[12T>C;15G>A;27A>G;33G>C;45C>T;73C>A;74T>C;75G>C;78C>G;105T>C;114C>G],NA,p.Leu25Thr,0.1938810019831947,0.1855685065694316,0.2058577048713643,0.0688027996220673,-0.706656,1.127602985530618,1.1148328263288645,1.1459429464349131
urn:mavedb:00000234-a-1#533,c.[12T>C;15G>A;27A>G;33G>C;45C>T;73C>T;74T>C;75G>T;78C>G;105T>C;114C>G],NA,p.Leu25Ser,0.0583338074897765,0.0373070840857886,0.0692234657944273,0.0589064977059817,-0.71547794,0.92861411560368,0.8945801083061967,0.9461105950472958
urn:mavedb:00000234-a-1#534,c.[12T>C;15G>A;27A>G;33G>C;45C>T;73C>G;74T>C;78C>G;105T>C;114C>G],NA,p.Leu25Ala,0.3133337307508578,0.2963583226621015,0.3312896164663438,0.0787866833192605,-0.7319772,1.3450388432592295,1.3199289484917545,1.371500545985594
urn:mavedb:00000234-a-1#535,c.[12T>C;15G>A;27A>G;33G>C;45C>T;73C>G;74T>G;75G>T;78C>G;105T>C;114C>G],NA,p.Leu25Gly,-0.2721090795974776,-0.3035254478363609,-0.2567222894572236,0.0702530252691463,-0.7010884,0.3036796114002266,0.2352427787932829,0.3361222540886862
urn:mavedb:00000234-a-1#536,c.[12T>C;15G>A;27A>G;33G>C;45C>T;73C>A;78C>G;105T>C;114C>G],NA,p.Leu25Met,1.3004113729972098,1.265463324313824,1.3202598974595483,0.1017783500057475,-0.7495446,2.770359957684009,2.720234330466685,2.798931951726743
urn:mavedb:00000234-a-1#537,c.[12T>C;15G>A;27A>G;33G>C;45C>T;73C>G;75G>T;78C>G;105T>C;114C>G],NA,p.Leu25Val,0.7670430032177642,0.7583902354603366,0.781308353775078,0.0964557027965841,-0.71004605,1.9638143473341605,1.951640389726383,1.9838767358401408
urn:mavedb:00000234-a-1#538,c.[12T>C;15G>A;27A>G;33G>C;45C>T;73C>A;75G>C;78C>G;105T>C;114C>G],NA,p.Leu25Ile,1.4344456745693202,1.418274936854274,1.4701278914250246,0.0799825068627536,-0.7225487,2.9287596670350595,2.905018321797134,2.981425557327875
urn:mavedb:00000234-a-1#539,c.[12T>C;15G>A;27A>G;33G>C;45C>T;73C>T;74T>G;78C>G;105T>C;114C>G],NA,p.Leu25Trp,0.9321357972587454,0.9208017366649728,0.9528403194240728,0.0822845092043573,-0.78599834,2.2992641298090755,2.283413013188247,2.328229424522238
urn:mavedb:00000234-a-1#540,c.[12T>C;15G>A;27A>G;33G>C;45C>T;73C>T;74T>A;75G>C;78C>G;105T>C;114C>G],NA,p.Leu25Tyr,0.6269155331081415,0.6161939423571241,0.6433327428115586,0.0540454581459551,-0.74565244,1.8157522658813745,1.8005992680770229,1.8389329106549552
urn:mavedb:00000234-a-1#541,c.[12T>C;15G>A;27A>G;33G>C;45C>T;73C>T;75G>C;78C>G;105T>C;114C>G],NA,p.Leu25Phe,0.7225924463202658,0.6696722233723174,0.7366415618584891,0.072557598614534,-0.7596066,1.9698103787301149,1.895440530788816,1.9895254664776816
urn:mavedb:00000234-a-1#542,c.[12T>C;15G>A;27A>G;33G>C;45C>T;74T>C;78C>G;105T>C;114C>G],NA,p.Leu25Pro,-0.4876260404333762,-0.5145454169538335,-0.4502328500365086,0.0637417854694523,-0.6861086,-0.3159798569246662,-0.419798427162098,-0.1887741650784399
urn:mavedb:00000234-a-1#543,c.[3T>C;12T>C;15G>A;27A>G;33G>C;73C>T;74T>G;75G>C;78C>G;105T>C;114C>G],NA,p.Leu25Cys,0.5398715246059675,0.4365135612547716,0.6108044857593573,0.4640198995404803,-0.7194569,1.6553902699202616,1.506847039479327,1.7563311783933813
urn:mavedb:00000234-a-1#544,c.[12T>C;18G>A;21A>G;24C>G;30G>A;33G>C;45C>T;72_73insGGT;78C>G;102G>T;105T>C;114C>G;126G>A],NA,p.Ala24_Leu25insGly,-0.4024638543345967,-0.4463496220391801,-0.3367873928026438,0.0498146252769946,-0.68477273,-0.0504040913982862,-0.1806831038116253,0.1201395231228736
urn:mavedb:00000234-a-1#545,c.[6T>C;12T>C;18G>A;21A>G;27A>G;33G>C;45C>T;63G>T;72_73insGCG;78C>G;105T>C;117G>C],NA,p.Ala24_Leu25insAla,-0.2452857843496147,-0.2580214269629404,-0.2187204364589581,0.1002957659149088,-0.7398374,0.4376450873074721,0.4124182320363418,0.4891780922401345
urn:mavedb:00000234-a-1#546,c.[3T>C;12T>C;15G>A;21A>G;27A>G;30G>A;45C>T;69A>G;73_75del;78C>G;96A>G;105T>C;114C>G],NA,p.Leu25del,-0.1337412723959659,-0.1522332013237801,-0.10910990879385,0.1363340372527255,-0.6698656,0.517890887384326,0.4826906179739343,0.563843537738019
urn:mavedb:00000234-a-1#547,c.[12T>C;15G>A;27A>G;33G>C;45C>T;77T>A;78C>G;105T>C;114C>G],NA,p.Leu26Gln,1.730128049593899,1.698549184585128,1.7676138658343892,0.1066283981812573,-0.69918036,3.350160871433563,3.2995590929394645,3.411201925193071
urn:mavedb:00000234-a-1#548,c.[12T>C;15G>A;27A>G;33G>C;45C>T;76C>G;77T>A;78C>A;105T>C;114C>G],NA,p.Leu26Glu,1.5192741714560365,1.4920320384170005,1.5636915452580085,0.1282315472668712,-0.6767695,2.99315103766025,2.9524262513200417,3.0601694315748778
urn:mavedb:00000234-a-1#549,c.[12T>C;15G>A;27A>G;33G>C;45C>T;76C>A;77T>A;105T>C;114C>G],NA,p.Leu26Asn,1.4983902780697234,1.4713830936526429,1.5375511936971078,0.104769569553318,-0.6961603,2.9879739544142447,2.9478098518573064,3.0466827723929617
urn:mavedb:00000234-a-1#550,c.[12T>C;15G>A;27A>G;33G>C;45C>T;77T>A;105T>C;114C>G],NA,p.Leu26His,1.4779093953567797,1.4596130094560018,1.502972208209542,0.1048452745707707,-0.6920979,2.952030657070399,2.92491848549406,2.989353343104368
urn:mavedb:00000234-a-1#551,c.[12T>C;15G>A;27A>G;33G>C;45C>T;76C>G;77T>A;105T>C;114C>G],NA,p.Leu26Asp,1.0427913411405578,1.0128541519182648,1.0536441415558226,0.086809953994755,-0.6760237,2.304889288993396,2.262706076803508,2.320192889175792
urn:mavedb:00000234-a-1#552,c.[12T>C;15G>A;27A>G;33G>C;45C>T;77T>G;78C>T;105T>C;114C>G],NA,p.Leu26Arg,1.7430101113846246,1.703394101507843,1.7669042584622896,0.1207691549667004,-0.8653066,3.5935420426049807,3.529870740332019,3.632529475389888
urn:mavedb:00000234-a-1#553,c.[12T>C;15G>A;27A>G;33G>C;45C>T;76C>A;77T>A;78C>A;105T>C;114C>G],NA,p.Leu26Lys,1.6858739491403378,1.6584825279101107,1.703870873584009,0.07376010653696,-0.7359736,3.328773323096219,3.285659414027777,3.357361893820772
urn:mavedb:00000234-a-1#554,c.[12T>C;15G>A;27A>G;33G>C;45C>T;76C>A;77T>C;105T>C;114C>G],NA,p.Leu26Thr,1.523288290331022,1.4950774118200454,1.5483687201831806,0.0889982270330455,-0.7077882,3.0408543904138066,2.998661895208511,3.078623045531204
urn:mavedb:00000234-a-1#555,c.[12T>C;15G>A;27A>G;33G>C;45C>T;76C>T;77T>C;78C>T;105T>C;114C>G],NA,p.Leu26Ser,1.4006127910005937,1.3750547360095946,1.43083441094389,0.0664622515947237,-0.71666574,2.8712542636745826,2.8339934418706667,2.915538528624306
urn:mavedb:00000234-a-1#556,c.[12T>C;15G>A;27A>G;33G>C;45C>T;76C>G;77T>C;78C>G;105T>C;114C>G],NA,p.Leu26Ala,1.7162851888838038,1.6953105650772882,1.7324251329088542,0.1565751029789872,-0.7211313,3.357317681571281,3.3238398632787045,3.383291502111245
urn:mavedb:00000234-a-1#557,c.[12T>C;15G>A;27A>G;33G>C;45C>T;76C>G;77T>G;78C>T;105T>C;114C>G],NA,p.Leu26Gly,1.054120442729909,1.0367651344017144,1.0805587249339186,0.104129966108997,-0.70226765,2.35655820813981,2.3321148074756057,2.393831199544387
urn:mavedb:00000234-a-1#558,c.[12T>C;15G>A;27A>G;33G>C;45C>T;76C>A;78C>G;105T>C;114C>G],NA,p.Leu26Met,1.8515804456661769,1.8320015770520992,1.8949110571934025,0.1080898323140076,-0.74855447,3.618624501212879,3.585047133065695,3.6945403205090894
urn:mavedb:00000234-a-1#559,c.[6T>C;15G>A;24C>G;27A>G;45C>T;76C>G;78C>T;84C>T;105T>C;114C>G],NA,p.Leu26Val,1.5749134079233071,1.5336967729793318,1.6048151658409957,0.0897528716429178,-0.7098322,3.121628084245613,3.0592433351088286,3.1673649570522007
urn:mavedb:00000234-a-1#560,c.[12T>C;15G>A;27A>G;33G>C;45C>T;76C>A;105T>C;114C>G],NA,p.Leu26Ile,1.7132974839489337,1.6397473559303566,1.7437818301658945,0.1042101938424264,-0.7278607,3.3615503202766983,3.2455476978490987,3.4107024337131904
urn:mavedb:00000234-a-1#561,c.[12T>C;15G>A;27A>G;33G>C;45C>T;76C>T;77T>G;78C>G;105T>C;114C>G],NA,p.Leu26Trp,1.365885034653926,1.353575624697054,1.3865832241578726,0.1025568369891368,-0.73883533,2.850512702404443,2.832658300970674,2.880616963493284
urn:mavedb:00000234-a-1#562,c.[12T>C;15G>A;27A>G;33G>C;45C>T;76C>T;77T>A;105T>C;114C>G],NA,p.Leu26Tyr,1.395427445437056,1.3811955721432705,1.4085900248789407,0.0729799367731745,-0.7195227,2.867526130499176,2.846777109764886,2.8867631614158493
urn:mavedb:00000234-a-1#563,c.[12T>C;15G>A;27A>G;33G>C;45C>T;76C>T;105T>C;114C>G],NA,p.Leu26Phe,1.3925394282292445,1.361153072076149,1.4106112921095206,0.0818869714324038,-0.73136187,2.879244051849042,2.833583529364306,2.905648999985341
urn:mavedb:00000234-a-1#564,c.[12T>C;15G>A;27A>G;33G>C;45C>T;77T>C;78C>G;105T>C;114C>G],NA,p.Leu26Pro,-0.4605350127361629,-0.4868669712071917,-0.4372325581457511,0.0680444684434085,-0.67392206,-0.2632096113198065,-0.3585650368150772,-0.1861644563831509
urn:mavedb:00000234-a-1#565,c.[3T>C;12T>C;15G>A;21A>G;27A>G;30G>A;45C>T;76C>T;77T>G;105T>C;114C>G],NA,p.Leu26Cys,0.5778590935245173,0.3539420993873337,0.9274844697936442,0.3053633436751827,-0.7075732,1.6928072157991048,1.369151628831596,2.185753400719578
urn:mavedb:00000234-a-1#566,c.[12T>C;18G>A;21A>G;27A>G;45C>T;63G>T;75_76insGGT;78C>G;108A>G;114C>G;117G>C],NA,p.Leu25_Leu26insGly,-0.2799543185043865,-0.303842974498372,-0.2168742369047901,0.051618354786757,-0.72336483,0.3340756917272633,0.2833530149983914,0.461021869187182
urn:mavedb:00000234-a-1#567,c.[12T>C;18G>A;24C>G;27A>G;45C>T;75_76insGCG;78C>G;114C>G],NA,p.Leu25_Leu26insAla,-0.2034902346574095,-0.2398548217603607,-0.1664158801254539,0.1095076853523463,-0.77122927,0.5763882079340573,0.5086309486933104,0.6433444910516551
urn:mavedb:00000234-a-1#568,c.[12T>C;15G>A;24C>G;45C>T;76_78del;105T>C;108A>G;114C>G;117G>C],NA,p.Leu26del,-0.2235694175421003,-0.2696195069597266,-0.1539873298338186,0.124814850781595,-0.6698656,0.3402219932440026,0.2412803552196955,0.4793182817735227
urn:mavedb:00000234-a-1#569,c.[12T>C;15G>A;27A>G;45C>T;78C>G;79A>C;81C>A;105T>C;114C>G],NA,p.Asn27Gln,1.534983690794996,1.4975260564432926,1.5569211158600664,0.1153409991449502,-0.73468375,3.0945542744636017,3.0384499549497552,3.1276706215167174
urn:mavedb:00000234-a-1#570,c.[12T>C;15G>A;27A>G;45C>T;79A>G;81C>A;105T>C;114C>G],NA,p.Asn27Glu,1.1090917649301613,1.0956961194398906,1.146184427192174,0.0895065084886467,-0.6984122,2.428885718073312,2.409962229375679,2.481369362651963
urn:mavedb:00000234-a-1#571,c.[12T>C;15G>A;27A>G;45C>T;78C>G;79A>C;81C>T;105T>C;114C>G],NA,p.Asn27His,1.724158472522703,1.687187550114729,1.7531833428722494,0.1434070885403438,-0.72330976,3.3728839943923288,3.3138752046635123,3.4199064498113207
urn:mavedb:00000234-a-1#572,c.[12T>C;15G>A;27A>G;45C>T;79A>G;105T>C;114C>G],NA,p.Asn27Asp,0.435849209071303,0.4088320723181449,0.450662507769778,0.0901939276702928,-0.7009206,1.4792253417609873,1.4399012887763316,1.5007128954043645
urn:mavedb:00000234-a-1#573,c.[12T>C;15G>A;27A>G;45C>T;79A>C;80A>G;81C>T;105T>C;114C>G],NA,p.Asn27Arg,1.5894474188732433,1.5592224970407291,1.626314757289287,0.1314346760835417,-1.0432875,3.590701419355918,3.5448017976818105,3.647291331813299
urn:mavedb:00000234-a-1#574,c.[12T>C;15G>A;27A>G;33G>C;45C>T;78C>G;81C>A;105T>C;114C>G],NA,p.Asn27Lys,1.7581283984818157,1.7399185498593828,1.798176049494425,0.1049248457934495,-0.84155774,3.586361516734714,3.556733358602397,3.6525060260243247
urn:mavedb:00000234-a-1#575,c.[12T>C;15G>A;21A>G;27A>G;30G>A;45C>T;80A>C;105T>C;114C>G;120C>T],NA,p.Asn27Thr,1.310197846173823,1.3018801784892229,1.3176833183995822,0.0994451259857038,-0.74445176,2.777576134509063,2.76560882584926,2.7883578800961937
urn:mavedb:00000234-a-1#576,c.[12T>C;15G>A;27A>G;33G>C;45C>T;78C>G;79A>T;80A>C;81C>T;105T>C;114C>G],NA,p.Asn27Ser,1.549651622793943,1.5255958579490798,1.5720333045056143,0.1248117646921303,-0.7547593,3.1436221535305537,3.1073980919995323,3.177544294821256
urn:mavedb:00000234-a-1#577,c.[12T>C;15G>A;27A>G;45C>T;79A>G;80A>C;81C>G;105T>C;114C>G],NA,p.Asn27Ala,1.8831713510813728,1.8242767072677328,1.9104656470438623,0.1983267373130136,-0.7764604,3.711092490588317,3.609278019208718,3.759734706825026
urn:mavedb:00000234-a-1#578,c.[12T>C;15G>A;27A>G;45C>T;79A>G;80A>G;81C>T;105T>C;114C>G],NA,p.Asn27Gly,0.9434734688265703,0.9215673780020333,0.9616497392512516,0.104590911142007,-0.7476218,2.262853006560376,2.232159157798868,2.2883297567416707
urn:mavedb:00000234-a-1#579,c.[12T>C;15G>A;27A>G;33G>C;45C>T;78C>G;80A>T;81C>G;105T>C;114C>G],NA,p.Asn27Met,1.861133312674956,1.843507141280232,1.8742296327568748,0.1085612974082359,-0.8197949,3.730522038507116,3.700094232757962,3.753366945291148
urn:mavedb:00000234-a-1#580,c.[12T>C;15G>A;27A>G;45C>T;78C>G;79A>C;80A>T;81C>G;105T>C;114C>G;117G>C],NA,p.Asn27Leu,1.665473774531332,1.6176055046788986,1.689001128122253,0.1070844324344981,-0.81189203,3.3983792423155195,3.3239373298597905,3.4354654037902006
urn:mavedb:00000234-a-1#581,c.[24C>G;27A>G;45C>T;78C>G;79A>G;80A>T;81C>G;105T>C;114C>G],NA,p.Asn27Val,1.7214334365497448,1.6390669665237327,1.7547831911687517,0.1600210489323882,-0.7672541,3.427390648277886,3.29731665467775,3.481391369478984
urn:mavedb:00000234-a-1#582,c.[12T>C;15G>A;27A>G;33G>C;45C>T;78C>G;80A>T;105T>C;114C>G],NA,p.Asn27Ile,1.5581709007897095,1.516880835676682,1.5782855968361162,0.1392202826394531,-0.7947023,3.210101372949207,3.1479494617340094,3.2406418222571616
urn:mavedb:00000234-a-1#583,c.[12T>C;15G>A;27A>G;33G>C;45C>T;78C>G;79A>T;80A>G;81C>G;105T>C;114C>G],NA,p.Asn27Trp,1.2555415144179976,1.2384140486018818,1.2721842244109325,0.1096890718871508,-0.8474114,2.837910947603462,2.813498647702562,2.8616807100133714
urn:mavedb:00000234-a-1#584,c.[12T>C;15G>A;27A>G;33G>C;45C>T;78C>G;79A>T;105T>C;114C>G],NA,p.Asn27Tyr,1.446281883127959,1.4067698726010862,1.4845919959801153,0.1194087567872073,-0.80636144,3.058812069206009,3.0008646215666546,3.1154582855384487
urn:mavedb:00000234-a-1#585,c.[12T>C;15G>A;27A>G;33G>C;45C>T;78C>G;79A>T;80A>T;105T>C;114C>G],NA,p.Asn27Phe,1.4236866330226792,1.414979900613356,1.438969812475765,0.090787059972351,-0.83167434,3.059618618707354,3.046872015173892,3.0820466395506085
urn:mavedb:00000234-a-1#586,c.[12T>C;15G>A;27A>G;45C>T;79A>C;80A>C;81C>G;105T>C;114C>G],NA,p.Asn27Pro,-0.2736508808205234,-0.3683950077754804,-0.2209605834217118,0.08284950094955,-0.7176912,0.3354039729422974,0.123252099637596,0.4419810991101112
urn:mavedb:00000234-a-1#587,c.[12T>C;18G>A;21A>G;30G>A;45C>T;78delinsGGGT;108A>G;114C>G;117G>C],NA,p.Leu26_Asn27insGly,-0.1276879296860585,-0.1396996358236258,-0.0924229181377347,0.0490616373070839,-0.6985905,0.582391776374106,0.560308600309204,0.6459823373171185
urn:mavedb:00000234-a-1#588,c.[3T>C;12T>C;15G>A;27A>G;45C>T;60C>T;78_79insGCG;102G>T;105T>C;114C>G;126G>A],NA,p.Leu26_Asn27insAla,-0.102015002280823,-0.1192128762213639,-0.0910229690361757,0.0574742240096228,-0.719203,0.6654315963864514,0.6349019741168187,0.6847442772144986
urn:mavedb:00000234-a-1#589,c.[6T>C;21A>G;45C>T;75G>C;78C>G;79_81del;105T>C;114C>G],NA,p.Asn27del,0.1348935431179696,0.1023600924564195,0.1994550978193799,0.1517568472639716,-0.7116978,1.0440541262329026,0.9928861645844594,1.143828527105326
urn:mavedb:00000234-a-1#590,c.[12T>C;15G>A;27A>G;33G>C;45C>T;78C>G;82A>C;83C>A;84C>G;105T>C;114C>G],NA,p.Thr28Gln,0.2866297976453046,0.275846181082137,0.3023264957631912,0.06289547884628,-0.7223458,1.291253379855518,1.2751786848710809,1.3145791840206091
urn:mavedb:00000234-a-1#591,c.[12T>C;15G>A;27A>G;33G>C;45C>T;78C>G;82A>G;83C>A;84C>A;105T>C;114C>G],NA,p.Thr28Glu,0.2287601554268882,0.1947547738074594,0.2497547494486698,0.0665328821592323,-0.70315075,1.175528338922591,1.1235872593426122,1.2073358672707817
urn:mavedb:00000234-a-1#592,c.[12T>C;15G>A;27A>G;33G>C;45C>T;78C>G;83C>A;105T>C;114C>G],NA,p.Thr28Asn,1.0053851712400983,0.9875883174287232,1.0421969402691895,0.0816884162148198,-0.71832013,2.309818537125276,2.2848137242412565,2.3615870965353727
urn:mavedb:00000234-a-1#593,c.[12T>C;15G>A;27A>G;33G>C;45C>T;78C>G;82A>C;83C>A;105T>C;114C>G],NA,p.Thr28His,1.1911055218522142,1.175675771732403,1.2021960437799104,0.0939477754357765,-0.7098057,2.560535643415117,2.538617819560176,2.576308255450126
urn:mavedb:00000234-a-1#594,c.[12T>C;15G>A;27A>G;33G>C;45C>T;78C>G;82A>G;83C>A;105T>C;114C>G],NA,p.Thr28Asp,-0.0667742854790557,-0.1001148921008719,-0.0337764645068813,0.0802497768819073,-0.70717716,0.7060881989091594,0.647543860179639,0.7627417018611963
urn:mavedb:00000234-a-1#595,c.[12T>C;15G>A;27A>G;33G>C;45C>T;78C>G;82A>C;83C>G;84C>T;105T>C;114C>G],NA,p.Thr28Arg,0.1049316001116003,0.0932607137316842,0.1188718084309265,0.0611004431010184,-1.0323637,1.477297211404086,1.460405102302187,1.497429637630893
urn:mavedb:00000234-a-1#596,c.[12T>C;15G>A;27A>G;33G>C;45C>T;78C>G;83C>A;84C>A;105T>C;114C>G],NA,p.Thr28Lys,0.2967632120731197,0.2708923986894944,0.3205463848485785,0.0745081055527963,-0.8337717,1.4688565270333682,1.431241119581549,1.503290913473813
urn:mavedb:00000234-a-1#597,c.[12T>C;15G>A;27A>G;33G>C;45C>T;78C>G;82A>T;84C>T;105T>C;114C>G],NA,p.Thr28Ser,1.3908521964764509,1.37182841293601,1.4081141413640996,0.0949418793078169,-0.72770715,2.871865065531684,2.8441669533359635,2.89707848666406
urn:mavedb:00000234-a-1#598,c.[12T>C;15G>A;27A>G;33G>C;45C>T;78C>G;82A>G;84C>G;105T>C;114C>G],NA,p.Thr28Ala,0.9403464288843798,0.9245765409396164,0.9613928125570352,0.1112580597112965,-0.7596681,2.2748909159388115,2.252807468066101,2.3043735676580424
urn:mavedb:00000234-a-1#599,c.[12T>C;15G>A;27A>G;33G>C;45C>T;78C>G;82A>G;83C>G;84C>T;105T>C;114C>G],NA,p.Thr28Gly,0.4102109684714923,0.3847715125251327,0.4885847611106809,0.0914174702075077,-0.7313032,1.485768093228657,1.448794362155806,1.5987815315099256
urn:mavedb:00000234-a-1#600,c.[12T>C;15G>A;27A>G;33G>C;45C>T;78C>G;83C>T;84C>G;105T>C;114C>G],NA,p.Thr28Met,0.4832710677067274,0.4570631146675007,0.5344128041619275,0.0635697788702997,-0.7789805,1.6587357598654675,1.621314923882018,1.7314544324667394
urn:mavedb:00000234-a-1#601,c.[12T>C;15G>A;27A>G;33G>C;45C>T;78C>G;82A>C;83C>T;84C>G;105T>C;114C>G],NA,p.Thr28Leu,0.2510347574755197,0.2381301826750195,0.2734145015979041,0.0726676646643846,-0.7795751,1.3229175961314987,1.3037867423567249,1.3559657964277458
urn:mavedb:00000234-a-1#602,c.[12T>C;15G>A;27A>G;33G>C;45C>T;78C>G;82A>G;83C>T;84C>T;105T>C;114C>G],NA,p.Thr28Val,0.6641856636978234,0.6249732819078418,0.7106809037494864,0.0555664011071045,-0.7489934,1.872982773218467,1.8176676890208976,1.9384094050108585
urn:mavedb:00000234-a-1#603,c.[12T>C;15G>A;27A>G;33G>C;45C>T;78C>G;83C>T;105T>C;114C>G],NA,p.Thr28Ile,0.0024768740415107,-0.0098930779917383,0.0150357363063724,0.0522103740377745,-0.76643586,0.920484090063146,0.9004634730908255,0.9406929662130652
urn:mavedb:00000234-a-1#604,c.[12T>C;15G>A;27A>G;33G>C;45C>T;78C>G;82A>T;83C>G;84C>G;105T>C;114C>G],NA,p.Thr28Trp,0.7915324165421058,0.7558558887769853,0.826545737509967,0.0847050547671465,-0.84382796,2.1818966417648014,2.132160215311942,2.230693518164004
urn:mavedb:00000234-a-1#605,c.[12T>C;15G>A;27A>G;33G>C;45C>T;78C>G;82A>T;83C>A;105T>C;114C>G],NA,p.Thr28Tyr,1.19112813758049,1.170534080777306,1.2048101965109108,0.0657369614741659,-0.80097365,2.683718038725996,2.654539339092348,2.7031348718310584
urn:mavedb:00000234-a-1#606,c.[12T>C;15G>A;27A>G;33G>C;45C>T;78C>G;82A>T;83C>T;105T>C;114C>G],NA,p.Thr28Phe,1.469969398576083,1.4378378444793298,1.49471945066113,0.0723306087235034,-0.8238523,3.117260715889206,3.069879775880132,3.1539899586545235
urn:mavedb:00000234-a-1#607,c.[12T>C;15G>A;27A>G;33G>C;45C>T;78C>G;82A>C;84C>G;105T>C;114C>G],NA,p.Thr28Pro,-0.0359694249578233,-0.0484418144525646,-0.0211786863598847,0.0716951956861698,-0.73628926,0.8079940247600238,0.7870656669461544,0.8326219502711723
urn:mavedb:00000234-a-1#608,c.[3T>C;6T>C;18G>A;24C>G;27A>G;33G>C;45C>T;78C>G;82A>T;83C>G;105T>C],NA,p.Thr28Cys,0.908833311118819,0.8020407283263612,1.011586275092164,0.273430809120066,-0.76159716,2.23339890721518,2.083920911978794,2.3773738896177377
urn:mavedb:00000234-a-1#609,c.[6T>C;12T>C;24C>G;33G>C;45C>T;78C>G;81_82insGGT;105T>C;111C>T;114C>G;117G>C],NA,p.Asn27_Thr28insGly,-0.0064851805545034,-0.0230229102811569,0.0096225249796333,0.1314141697698524,-0.6944699,0.7874632095517177,0.7594706853849513,0.8144676832571696
urn:mavedb:00000234-a-1#610,c.[12T>C;24C>G;27A>G;45C>T;78C>G;81_82insGCG;105T>C;114C>G],NA,p.Asn27_Thr28insAla,-0.060237315931202,-0.1516470102300212,-0.0213771425659634,0.1567258678402223,-0.728039,0.7531338010510481,0.5923184756692548,0.8186117924310294
urn:mavedb:00000234-a-1#611,c.[3T>C;6T>C;12T>C;45C>T;82_84del;105T>C;108A>G;114C>G],NA,p.Thr28del,-0.3064455229917219,-0.3433912061255206,-0.2742237640481902,0.3063447247782144,-0.69209504,0.2084557154269666,0.1218663056564212,0.279854369622871
urn:mavedb:00000234-a-1#612,c.[12T>C;15G>A;27A>G;33G>C;45C>T;78C>G;85T>C;86C>A;87T>G;90C>T;105T>C;114C>G],NA,p.Ser29Gln,1.8565912783165777,1.827476107125068,1.8864396690554663,0.1108206979322476,-0.72931385,3.601525869293108,3.551579335228838,3.653755541509221
urn:mavedb:00000234-a-1#613,c.[12T>C;15G>A;27A>G;33G>C;45C>T;78C>G;85T>G;86C>A;87T>A;105T>C;114C>G],NA,p.Ser29Glu,2.056992030682716,2.0065892124535805,2.0898356204390742,0.120672287565684,-0.7185776,3.965163352754493,3.862956354580657,4.03537667102527
urn:mavedb:00000234-a-1#614,c.[12T>C;15G>A;27A>G;33G>C;45C>T;78C>G;85T>A;86C>A;87T>C;105T>C;114C>G],NA,p.Ser29Asn,1.839316290576196,1.808195625888448,1.8770508832293715,0.1070755139746307,-0.7261355,3.567522355415768,3.5147409444082904,3.6329525700715095
urn:mavedb:00000234-a-1#615,c.[12T>C;15G>A;27A>G;33G>C;45C>T;78C>G;85T>C;86C>A;87T>C;105T>C;108A>G;114C>G],NA,p.Ser29His,1.7839326775397466,1.7527529112059617,1.8007090253406737,0.1545882510473017,-0.7197225,3.465660901606819,3.414397398966224,3.4935983417030285
urn:mavedb:00000234-a-1#616,c.[12T>C;15G>A;27A>G;33G>C;45C>T;78C>G;85T>G;86C>A;87T>C;105T>C],NA,p.Ser29Asp,2.000558071547744,1.929537466812896,2.0419268535259985,0.1639705636289401,-0.7202418,3.8533429322357033,3.719110644529524,3.936190828749525
urn:mavedb:00000234-a-1#617,c.[12T>C;15G>A;27A>G;33G>C;45C>T;78C>G;85T>C;86C>G;105T>C;114C>G],NA,p.Ser29Arg,1.2364449112716491,1.1885173214800344,1.2769811144519787,0.1046010030694455,-1.0599344,3.0963821662570687,3.0285479447098527,3.154061116854685
urn:mavedb:00000234-a-1#618,c.[12T>C;15G>A;27A>G;33G>C;45C>T;78C>G;85T>A;86C>A;87T>A;105T>C;114C>G],NA,p.Ser29Lys,1.6722635926287397,1.62195088251962,1.7233781375167585,0.1157728948707004,-0.873235,3.491221223281564,3.412848627304612,3.5724608725025164
urn:mavedb:00000234-a-1#619,c.[12T>C;15G>A;27A>G;45C>T;78C>G;85T>A;87T>C;90C>T;105T>C;114C>G],NA,p.Ser29Thr,1.990874596170236,1.9442944657918648,2.063809430546307,0.1504634670440207,-0.7315366,3.8496032132563474,3.761397805515795,3.996815893443856
urn:mavedb:00000234-a-1#620,c.[12T>C;15G>A;27A>G;33G>C;45C>T;78C>G;85T>G;87T>G;105T>C;114C>G],NA,p.Ser29Ala,1.8938006058092487,1.8640329048512456,1.915035780450652,0.2012061867401184,-0.77436376,3.727109703843057,3.674756156901144,3.765174540210099
urn:mavedb:00000234-a-1#621,c.[12T>C;15G>A;27A>G;33G>C;45C>T;78C>G;85T>G;86C>G;105T>C;114C>G],NA,p.Ser29Gly,1.431075419110864,1.4004698147963908,1.470150228816564,0.1003800584706883,-0.7386029,2.945394513324616,2.900562207172404,3.0030349446147566
urn:mavedb:00000234-a-1#622,c.[12T>C;15G>A;27A>G;33G>C;45C>T;78C>G;85T>A;86C>T;87T>G;105T>C;114C>G],NA,p.Ser29Met,1.5800055631040668,1.556731779585626,1.6289708495387465,0.1199309265510426,-0.78766465,3.233822857792352,3.198482049458448,3.309020020821431
urn:mavedb:00000234-a-1#623,c.[12T>C;15G>A;27A>G;33G>C;45C>T;78C>G;85T>C;86C>T;87T>G;90C>T;105T>C;114C>G],NA,p.Ser29Leu,1.5796782491238783,1.5476972115105725,1.61755348741482,0.1294449208892802,-0.79025245,3.236794992979569,3.188299257786081,3.2948468202909864
urn:mavedb:00000234-a-1#624,c.[12T>C;15G>A;27A>G;33G>C;45C>T;78C>G;85T>G;86C>T;105T>C;114C>G],NA,p.Ser29Val,1.5485678249288644,1.5321469851654048,1.558191910380712,0.1394690344272442,-0.75687456,3.1448240254085,3.1200793953426182,3.15937895157142
urn:mavedb:00000234-a-1#625,c.[12T>C;15G>A;27A>G;33G>C;45C>T;78C>G;85T>A;86C>T;87T>C;105T>C;114C>G],NA,p.Ser29Ile,1.336961259579159,1.3077604454672116,1.3624061564006915,0.1035559197923497,-0.7698672,2.8503962508881635,2.8083050154248284,2.887225384526212
urn:mavedb:00000234-a-1#626,c.[12T>C;15G>A;27A>G;33G>C;45C>T;78C>G;86C>G;87T>G;90C>T;105T>C;114C>G],NA,p.Ser29Trp,1.3100947450921705,1.2987751030422006,1.34122264614993,0.1226738860005806,-0.8852422,2.9668804632330112,2.9506354972322364,3.011692199598577
urn:mavedb:00000234-a-1#627,c.[12T>C;15G>A;27A>G;33G>C;45C>T;78C>G;86C>A;87T>C;105T>C;114C>G],NA,p.Ser29Tyr,1.4787516940329444,1.4065584523582608,1.5106259495698549,0.1084085288745953,-0.8337648,3.143573191964585,3.0373714435008883,3.1910094517148293
urn:mavedb:00000234-a-1#628,c.[12T>C;15G>A;27A>G;33G>C;45C>T;78C>G;86C>T;87T>C;105T>C;114C>G],NA,p.Ser29Phe,1.595902084629763,1.5800269446841928,1.607322329201265,0.1040498917204565,-0.8520105,3.344370311835905,3.320133181280981,3.3618819593416625
urn:mavedb:00000234-a-1#629,c.[12T>C;15G>A;27A>G;33G>C;45C>T;78C>G;85T>C;87T>G;105T>C;114C>G],NA,p.Ser29Pro,1.3436458889930236,1.283376251861618,1.397621806827117,0.2325986254569419,-0.73914933,2.818703764905877,2.73188446015348,2.8971385014747537
urn:mavedb:00000234-a-1#630,c.[6T>C;12T>C;15G>A;21A>G;27A>G;30G>A;45C>T;75G>C;86C>G;87T>C;105T>C;111C>T;114C>G;123C>T;126G>A],NA,p.Ser29Cys,1.200015273954918,0.970269758853065,1.3195850519990364,0.2843154220313613,-0.78168774,2.670305422977683,2.346764134983825,2.84124215533178
urn:mavedb:00000234-a-1#631,c.[12T>C;18G>A;21A>G;27A>G;45C>T;84_85insGGT;105T>C;114C>G],NA,p.Thr28_Ser29insGly,0.1774572522365531,0.1409426127533433,0.2179401464527371,0.15266351841376,-0.6961007,1.0860945368979007,1.0291938632065172,1.1483496570872562
urn:mavedb:00000234-a-1#632,c.[6T>C;12T>C;18G>A;21A>G;24C>G;30G>A;45C>T;78C>G;84_85insGCG;87T>C;105T>C;111C>T;114C>G],NA,p.Thr28_Ser29insAla,0.0805523648284342,0.0670451596865873,0.120823890024556,0.1608475841664708,-0.72764564,0.9835163072896282,0.9620253285141068,1.0468976718590586
urn:mavedb:00000234-a-1#633,c.[3T>C;15G>A;24C>G;30G>A;45C>T;72G>T;78C>G;85_87del;108A>G],NA,p.Ser29del,0.0429175359954333,0.027145698422886,0.0796986829778441,0.0683820323617604,-0.6925149,0.866335315431443,0.8403458836349463,0.926152960384548
urn:mavedb:00000234-a-1#634,c.[12T>C;15G>A;27A>G;33G>C;45C>T;78C>G;88A>C;89C>A;90C>G;105T>C;114C>G],NA,p.Thr30Gln,0.1841721656057517,0.1680649105858043,0.2126669152976347,0.0696555161121139,-0.72519135,1.1410029062210274,1.116301415716506,1.1844015030389985
urn:mavedb:00000234-a-1#635,c.[12T>C;15G>A;27A>G;33G>C;45C>T;78C>G;88A>G;89C>A;90C>A;105T>C;114C>G],NA,p.Thr30Glu,0.3557293141686223,0.3417730253508798,0.3687335839023402,0.0620563763015566,-0.7191453,1.3886776585340932,1.3681632365302063,1.407742477294785
urn:mavedb:00000234-a-1#636,c.[12T>C;15G>A;27A>G;33G>C;45C>T;78C>G;89C>A;105T>C;114C>G],NA,p.Thr30Asn,1.691833554087022,1.6799705403132563,1.726893234535122,0.100840998651041,-0.72274756,3.320485910772281,3.301709361501872,3.376533737958718
urn:mavedb:00000234-a-1#637,c.[12T>C;15G>A;27A>G;33G>C;45C>T;78C>G;88A>C;89C>A;105T>C;114C>G],NA,p.Thr30His,0.4005851579277043,0.3778615504854178,0.4188091353736695,0.0666572656045009,-0.72025967,1.4558560391523558,1.4227140391735296,1.4823425269015695
urn:mavedb:00000234-a-1#638,c.[12T>C;15G>A;27A>G;33G>C;45C>T;78C>G;88A>G;89C>A;105T>C;114C>G],NA,p.Thr30Asp,1.486881864387935,1.4643668111835515,1.503918886545036,0.111253637962354,-0.7181542,3.0003903323939007,2.9669877152422868,3.02578204150498
urn:mavedb:00000234-a-1#639,c.[12T>C;15G>A;27A>G;33G>C;45C>T;78C>G;88A>C;89C>G;90C>T;105T>C;114C>G],NA,p.Thr30Arg,-0.055918798818633,-0.0732794823743651,-0.0456446034861144,0.0635185975002467,-0.9480603,1.1135017390629824,1.086764504609427,1.1292521055734406
urn:mavedb:00000234-a-1#640,c.[12T>C;15G>A;27A>G;33G>C;45C>T;78C>G;89C>A;90C>A;105T>C;114C>G],NA,p.Thr30Lys,0.122605247278786,0.1111917341467565,0.1367747635553165,0.0338103001253211,-0.78688526,1.1408241901186245,1.1233444417924223,1.162438044415986
urn:mavedb:00000234-a-1#641,c.[12T>C;15G>A;27A>G;33G>C;45C>T;78C>G;88A>T;90C>T;105T>C;114C>G],NA,p.Thr30Ser,1.858097583955323,1.8259028964208728,1.9000299924620463,0.0938976877669999,-0.7273252,3.6014730976896274,3.546243347957224,3.675250573848478
urn:mavedb:00000234-a-1#642,c.[12T>C;15G>A;21A>G;27A>G;30G>A;45C>T;78C>G;88A>G;90C>T;96A>G;105T>C;114C>G],NA,p.Thr30Ala,0.3885523264964306,0.3541658317238814,0.4078755192961035,0.0837309014425526,-0.74574375,1.475140226677957,1.425074787924637,1.5031481319223643
urn:mavedb:00000234-a-1#643,c.[12T>C;15G>A;27A>G;33G>C;45C>T;78C>G;88A>G;89C>G;90C>T;105T>C;114C>G],NA,p.Thr30Gly,1.0580518691009595,1.0464283819168705,1.0844834633595322,0.0726424970771336,-0.72874045,2.3980580298908283,2.381699369634302,2.435292430100522
urn:mavedb:00000234-a-1#644,c.[12T>C;15G>A;27A>G;33G>C;45C>T;78C>G;89C>T;90C>G;105T>C;114C>G],NA,p.Thr30Met,0.1077726137979175,0.0899572798711733,0.1530190523913972,0.075868565649773,-0.7487633,1.059358479522052,1.0315322829028903,1.1292463561456407
urn:mavedb:00000234-a-1#645,c.[12T>C;15G>A;21A>G;27A>G;30G>A;45C>T;78C>G;88A>C;89C>T;96A>G;105T>C;114C>G],NA,p.Thr30Leu,0.2115299499857243,0.1925027572552744,0.2238919157932046,0.0653701358828852,-0.74763703,1.2164623828071128,1.1877082493494822,1.235063761464159
urn:mavedb:00000234-a-1#646,c.[12T>C;15G>A;27A>G;33G>C;45C>T;78C>G;88A>G;89C>T;90C>T;105T>C;114C>G],NA,p.Thr30Val,0.1769792195979342,0.156402023115564,0.1983005820521004,0.0730278666303446,-0.73557115,1.1458082524865418,1.11426430989044,1.178281566237412
urn:mavedb:00000234-a-1#647,c.[12T>C;15G>A;27A>G;33G>C;45C>T;78C>G;89C>T;105T>C;114C>G],NA,p.Thr30Ile,0.1068524184856219,0.0896955838229155,0.1298910208076636,0.0532742167245962,-0.7395432,1.0435922231362098,1.0166933026025482,1.0794443493046724
urn:mavedb:00000234-a-1#648,c.[12T>C;15G>A;27A>G;33G>C;45C>T;78C>G;88A>T;89C>G;90C>G;105T>C;114C>G],NA,p.Thr30Trp,-0.0841301581899273,-0.126880716387071,-0.0613692394222237,0.0983853125745309,-0.79659486,0.8280053571551611,0.7561572597268584,0.8655633014386398
urn:mavedb:00000234-a-1#649,c.[12T>C;15G>A;27A>G;33G>C;45C>T;78C>G;88A>T;89C>A;105T>C;114C>G],NA,p.Thr30Tyr,0.2409988795296511,0.2194771456074184,0.2525018556789392,0.0681403915222658,-0.7676122,1.2903576785281448,1.2582484767966926,1.3074516278150137
urn:mavedb:00000234-a-1#650,c.[12T>C;15G>A;27A>G;33G>C;45C>T;78C>G;88A>T;89C>T;105T>C;114C>G],NA,p.Thr30Phe,0.301286078788009,0.2658518080275194,0.3224406105785445,0.0681442017541649,-0.7761586,1.3919308468848244,1.3397994855121012,1.422879432408921
urn:mavedb:00000234-a-1#651,c.[12T>C;15G>A;27A>G;45C>T;78C>G;88A>C;90C>G;96A>G;105T>C;114C>G],NA,p.Thr30Pro,-0.2243014197058185,-0.3011739697964963,-0.1970251838468341,0.0795663389697557,-0.73039293,0.4602286456780512,0.3041259194463186,0.5125086008057538
urn:mavedb:00000234-a-1#652,c.[3T>C;12T>C;18G>A;21A>G;24C>G;30G>A;45C>T;78C>G;87_88insGGC;105T>C;114C>G;120C>T;123C>T;126G>A],NA,p.Ser29_Thr30insGly,0.6729342587667619,0.6288251812640109,0.7445578002919906,0.1399989020246151,-0.6991608,1.815973534737976,1.753464334391836,1.9170972773940351
urn:mavedb:00000234-a-1#653,c.[18G>A;21A>G;24C>G;30G>A;45C>T;87_88insGCG;105T>C;114C>G],NA,p.Ser29_Thr30insAla,-0.0537445129690239,-0.0813938651984503,-0.033826025842147,0.1190474386124982,-0.7298868,0.7673084909293466,0.7200086824933517,0.8008892298184215
urn:mavedb:00000234-a-1#654,c.[12T>C;15G>A;27A>G;45C>T;78C>G;88_90del;105T>C;114C>G],NA,p.Thr30del,-0.0010105994606267,-0.0135317306840541,0.008631517625396,0.0914021113955685,-0.6901009,0.7893431188136172,0.7681884569485138,0.8055280437941847
urn:mavedb:00000234-a-1#655,c.[12T>C;15G>A;27A>G;33G>C;45C>T;78C>G;91A>C;92T>A;105T>C;114C>G],NA,p.Met31Gln,0.6642127568219858,0.6379576286182919,0.6752767932172317,0.1101445468052981,-0.7196665,1.8322249784135969,1.795097689753581,1.8478511160580564
urn:mavedb:00000234-a-1#656,c.[12T>C;15G>A;27A>G;33G>C;45C>T;78C>G;91A>G;92T>A;93G>A;105T>C;114C>G],NA,p.Met31Glu,0.2566606333680904,0.2485973854582566,0.2677967065982254,0.091696811623342,-0.71753144,1.2392861000836233,1.2271645377919147,1.2559854376785051
urn:mavedb:00000234-a-1#657,c.[12T>C;15G>A;27A>G;33G>C;45C>T;78C>G;92T>A;93G>C;105T>C;114C>G],NA,p.Met31Asn,0.2607157410574962,0.2505218471911112,0.2722528941061851,0.0831301664455431,-0.7194643,1.248256403689902,1.232951849493476,1.2655296291466414
urn:mavedb:00000234-a-1#658,c.[12T>C;15G>A;27A>G;33G>C;45C>T;78C>G;91A>C;92T>A;93G>C;105T>C;114C>G],NA,p.Met31His,0.6628639692674696,0.6517926532345517,0.6836172802125504,0.0990318987428845,-0.71890306,1.8292555820519616,1.813605280464264,1.8585620581872448
urn:mavedb:00000234-a-1#659,c.[12T>C;15G>A;27A>G;33G>C;45C>T;78C>G;91A>G;92T>A;93G>C;105T>C;114C>G],NA,p.Met31Asp,0.1294689937078553,0.1001209158126333,0.14417256804613,0.0861835999899314,-0.717746,1.044993961073989,0.998878392749586,1.067906993635482
urn:mavedb:00000234-a-1#660,c.[12T>C;15G>A;21A>G;27A>G;30G>A;45C>T;54T>C;78C>G;91A>C;92T>G;93G>T;105T>C;108A>G;114C>G],NA,p.Met31Arg,0.316768803446992,0.2941760485501145,0.3428792432994694,0.1413538094214214,-0.8225789,1.4817292025808195,1.4489346459091297,1.519478421657362
urn:mavedb:00000234-a-1#661,c.[12T>C;15G>A;27A>G;33G>C;45C>T;78C>G;92T>A;93G>A;105T>C;114C>G],NA,p.Met31Lys,0.3816974322961394,0.3705676976117277,0.3991846125121114,0.063094119683409,-0.74117494,1.458587188059707,1.442382490455039,1.483986749447655
urn:mavedb:00000234-a-1#662,c.[12T>C;15G>A;27A>G;33G>C;45C>T;78C>G;92T>C;93G>C;105T>C;114C>G],NA,p.Met31Thr,0.6870515290047217,0.6692014354014294,0.7103131038683264,0.0953407242847761,-0.71991825,1.8648192377204795,1.8396225515451896,1.897615920498281
urn:mavedb:00000234-a-1#663,c.[12T>C;15G>A;27A>G;33G>C;45C>T;78C>G;91A>T;92T>C;93G>T;105T>C;114C>G],NA,p.Met31Ser,0.2895558404835869,0.2773442064756304,0.3186261541516235,0.0690826572691505,-0.7198312,1.291886636734659,1.2736813376107814,1.3350183003731426
urn:mavedb:00000234-a-1#664,c.[12T>C;15G>A;27A>G;33G>C;45C>T;78C>G;91A>G;92T>C;105T>C;114C>G],NA,p.Met31Ala,0.6360508347899005,0.625222508923782,0.6455137333364148,0.1268690123222371,-0.7246549,1.799366003103614,1.784039122184296,1.812750263520896
urn:mavedb:00000234-a-1#665,c.[12T>C;15G>A;27A>G;33G>C;45C>T;78C>G;91A>G;92T>G;93G>T;105T>C;114C>G],NA,p.Met31Gly,0.1488755357777755,0.1387913650270269,0.1622075717184813,0.0774159853318063,-0.7213316,1.0807486187770048,1.0650943647250408,1.1013606966087055
urn:mavedb:00000234-a-1#666,c.[12T>C;15G>A;27A>G;33G>C;45C>T;78C>G;91A>C;105T>C;114C>G],NA,p.Met31Leu,2.1275152386302247,2.104220677805148,2.165522357923599,0.16263678127708,-0.72721124,4.131776913643623,4.078730405821628,4.223052540577322
urn:mavedb:00000234-a-1#667,c.[12T>C;15G>A;27A>G;33G>C;45C>T;78C>G;91A>G;93G>T;105T>C;114C>G],NA,p.Met31Val,1.6208269859446331,1.5501202635248172,1.6930589528714963,0.1288444687175793,-0.723681,3.210617491418241,3.102610833547568,3.323682078260964
urn:mavedb:00000234-a-1#668,c.[12T>C;15G>A;27A>G;33G>C;45C>T;78C>G;93G>C;105T>C;114C>G],NA,p.Met31Ile,2.05604078655212,2.0255210276917945,2.075335255077147,0.1240407930065305,-0.7260523,3.973174802762431,3.910638047297057,4.013983744461755
urn:mavedb:00000234-a-1#669,c.[12T>C;15G>A;27A>G;33G>C;45C>T;78C>G;91A>T;92T>G;105T>C;114C>G],NA,p.Met31Trp,1.916691187537027,1.8771802608744868,1.9680928588357005,0.1296685372807131,-0.7432153,3.726482003950273,3.656045795622061,3.821601448810162
urn:mavedb:00000234-a-1#670,c.[12T>C;15G>A;27A>G;33G>C;45C>T;78C>G;91A>T;92T>A;93G>C;105T>C;114C>G],NA,p.Met31Tyr,1.9364338926660327,1.915203790532096,1.959767295922174,0.097909367593447,-0.73413205,3.750356157208329,3.711633520864904,3.793741492020876
urn:mavedb:00000234-a-1#671,c.[12T>C;15G>A;27A>G;33G>C;45C>T;78C>G;91A>T;93G>C;105T>C;114C>G],NA,p.Met31Phe,2.6538111133617246,2.6154485777164003,2.6948864111651067,0.1393408625737669,-0.73722005,15.0,5.0,25.0
urn:mavedb:00000234-a-1#672,c.[12T>C;15G>A;27A>G;33G>C;45C>T;78C>G;91A>C;92T>C;105T>C;114C>G],NA,p.Met31Pro,0.8781223869468171,0.8353840862863581,0.8999330114176448,0.1231419453300912,-0.7216401,2.1357398826782203,2.075785942715591,2.166331293263544
urn:mavedb:00000234-a-1#673,c.[12T>C;18G>A;21A>G;27A>G;33G>C;39C>T;45C>T;78C>G;84C>T;91A>T;92T>G;93G>C;114C>G],NA,p.Met31Cys,0.2264256750421215,0.1258379466303239,0.3063023841960691,0.3590982496407024,-0.71609735,1.1915357866852665,1.036745431474111,1.31126066081464
urn:mavedb:00000234-a-1#674,c.[3T>C;12T>C;18G>A;21A>G;27A>G;45C>T;69A>G;78C>G;84C>T;87T>C;90_91insGGT;105T>C;108A>G;114C>G;117G>C;120C>T;126G>A],NA,p.Thr30_Met31insGly,-0.0439778941918242,-0.0586016084540983,-0.0111414951294649,0.1291167359113384,-0.68918395,0.7144781684265953,0.6890523749223838,0.7706896213836305
urn:mavedb:00000234-a-1#675,c.[3T>C;12T>C;18G>A;21A>G;24C>G;30G>A;45C>T;63G>T;78C>G;90_91insGCG;96A>G;99G>A;105T>C;108A>G;114C>G],NA,p.Thr30_Met31insAla,-0.0849987899613341,-0.1169507918010288,-0.0615419749781006,0.1274588622547968,-0.70138025,0.6640693005750467,0.606986549642639,0.7051293046160738
urn:mavedb:00000234-a-1#676,c.[3T>C;15G>A;21A>G;45C>T;78C>G;91_93del;105T>C;114C>G],NA,p.Met31del,-0.2328313931731058,-0.2500557724196642,-0.2182341186798246,0.0747995504054784,-0.67878556,0.339487361724027,0.3031996690988379,0.3696177536728165
urn:mavedb:00000234-a-1#677,c.[12T>C;15G>A;27A>G;45C>T;78C>G;94G>C;96A>G;99G>A;105T>C;114C>G],NA,p.Glu32Gln,1.7439158576577147,1.656381598439946,1.8360497384559609,0.1290561578774331,-0.74273896,3.4308561315391746,3.291443019122488,3.584168245689361
urn:mavedb:00000234-a-1#678,c.[12T>C;15G>A;27A>G;33G>C;45C>T;78C>G;94G>A;96A>C;105T>C;114C>G],NA,p.Glu32Asn,0.974620835953366,0.9567317552646264,1.004403869554876,0.0945318737519891,-0.7392323,2.2950941864089365,2.2700033292691053,2.336893666175161
urn:mavedb:00000234-a-1#679,c.[12T>C;15G>A;27A>G;33G>C;45C>T;78C>G;94G>C;96A>C;105T>C;114C>G],NA,p.Glu32His,1.2459627287426192,1.2333314451293658,1.2669384524338232,0.1260780747789882,-0.73708653,2.675547642226591,2.657518564195375,2.7055438212327365
urn:mavedb:00000234-a-1#680,c.[12T>C;15G>A;27A>G;33G>C;45C>T;78C>G;96A>C;105T>C;114C>G],NA,p.Glu32Asp,1.5640364121923822,1.535539954318605,1.5769784659705957,0.1084449422713316,-0.7258482,3.126595501803773,3.0835273445374325,3.1462716358665315
urn:mavedb:00000234-a-1#681,c.[12T>C;15G>A;27A>G;33G>C;45C>T;78C>G;94G>C;95A>G;96A>T;105T>C;114C>G],NA,p.Glu32Arg,0.7711400153014287,0.7267842715945808,0.8024205178924224,0.102622031401661,-0.98812413,2.3502417347507447,2.28882835841103,2.3935551237708124
urn:mavedb:00000234-a-1#682,c.[12T>C;15G>A;27A>G;33G>C;45C>T;78C>G;94G>A;105T>C;114C>G],NA,p.Glu32Lys,1.3375840958892768,1.3225666916472918,1.3526375120622405,0.0694266308468584,-0.8189585,2.9173450518391144,2.895691380686869,2.939100957630224
urn:mavedb:00000234-a-1#683,c.[12T>C;15G>A;27A>G;33G>C;45C>T;78C>G;94G>A;95A>C;96A>C;105T>C;114C>G],NA,p.Glu32Thr,1.262915888160598,1.2578505739957682,1.2912808777506142,0.1227436138753499,-0.74556255,2.7112186341342297,2.7039730910426174,2.751875376103328
urn:mavedb:00000234-a-1#684,c.[12T>C;15G>A;27A>G;33G>C;45C>T;78C>G;94G>T;95A>C;96A>T;105T>C;114C>G],NA,p.Glu32Ser,1.2729227438467414,1.2651785630666648,1.29169075203449,0.1074899935416806,-0.75005054,2.7315969666414937,2.720509071136071,2.7585128755241355
urn:mavedb:00000234-a-1#685,c.[12T>C;15G>A;27A>G;33G>C;45C>T;78C>G;95A>C;96A>G;105T>C;114C>G],NA,p.Glu32Ala,1.7857400183553016,1.7388435086721377,1.8093614817646315,0.2291718643947272,-0.76533437,3.529753983640244,3.4529028865873705,3.5691968937752083
urn:mavedb:00000234-a-1#686,c.[12T>C;15G>A;27A>G;45C>T;78C>G;95A>G;96A>T;105T>C;114C>G;120C>T],NA,p.Glu32Gly,0.9860148573523512,0.9780558296074564,1.024867921992928,0.0798903587966286,-0.744925,2.3188285144076968,2.3076635059803183,2.373372838181464
urn:mavedb:00000234-a-1#687,c.[12T>C;15G>A;27A>G;33G>C;45C>T;78C>G;94G>A;95A>T;96A>G;105T>C;114C>G],NA,p.Glu32Met,1.186206658815023,1.1556265786465398,1.2158913927879391,0.10799428227051,-0.7861841,2.656779432455038,2.613474961437229,2.698933513692855
urn:mavedb:00000234-a-1#688,c.[12T>C;15G>A;27A>G;45C>T;78C>G;94G>C;95A>T;96A>G;99G>A;105T>C;114C>G],NA,p.Glu32Leu,1.279809501689115,1.2517291929155705,1.3004793764955462,0.1005888792915484,-0.772074,2.7711486116530235,2.730977687158708,2.800809313237931
urn:mavedb:00000234-a-1#689,c.[15G>A;18G>A;21A>G;30G>A;45C>T;78C>G;90C>T;95A>T;96A>T;105T>C;114C>G],NA,p.Glu32Val,1.1426276546978251,1.122971014095737,1.152636698848844,0.0994633617578315,-0.75305414,2.550307605907456,2.5225324684697408,2.564466298749962
urn:mavedb:00000234-a-1#690,c.[12T>C;15G>A;27A>G;33G>C;45C>T;78C>G;94G>A;95A>T;96A>C;105T>C;114C>G],NA,p.Glu32Ile,1.220765163692874,1.2036470782628668,1.2321902756933487,0.1007048499006827,-0.7650709,2.6773826371277387,2.6530353979853256,2.6936566138890354
urn:mavedb:00000234-a-1#691,c.[12T>C;15G>A;27A>G;33G>C;45C>T;78C>G;94G>T;95A>G;96A>G;105T>C;114C>G],NA,p.Glu32Trp,1.096794393050179,1.064365289163295,1.1252437396033872,0.0997853215854806,-0.82504106,2.5830099713800068,2.537441339644401,2.623067319270382
urn:mavedb:00000234-a-1#692,c.[12T>C;15G>A;27A>G;33G>C;45C>T;78C>G;94G>T;96A>C;105T>C;114C>G],NA,p.Glu32Tyr,0.6934025646838151,0.6638927683862327,0.7187170670301594,0.0837957724024336,-0.79131556,1.972649101224757,1.9312522639827163,2.008119985061683
urn:mavedb:00000234-a-1#693,c.[12T>C;15G>A;27A>G;33G>C;45C>T;78C>G;94G>T;95A>T;96A>C;105T>C;114C>G],NA,p.Glu32Phe,0.7883376219547418,0.7790879713095272,0.8068820731417496,0.0811750716763806,-0.80151033,2.1195090547655298,2.106584492497173,2.1454160886975324
urn:mavedb:00000234-a-1#694,c.[12T>C;15G>A;27A>G;33G>C;45C>T;78C>G;94G>C;95A>C;96A>G;105T>C;114C>G],NA,p.Glu32Pro,0.6437704646029193,0.6123136966509335,0.6677064134247269,0.1172442137724667,-0.72533345,1.811231975223036,1.766700661126146,1.84504984222217
urn:mavedb:00000234-a-1#695,c.[12T>C;15G>A;21A>G;27A>G;30G>A;45C>T;51C>T;75G>C;78C>G;93_94insGGT;105T>C;126G>A],NA,p.Met31_Glu32insGly,-0.1833287768914248,-0.2090219820118312,-0.1669998292490252,0.0579054083756648,-0.6883817,0.4583205128589552,0.4076383741928612,0.4898247837224886
urn:mavedb:00000234-a-1#696,c.[9T>G;15G>A;24C>G;27A>G;45C>T;78C>G;93_94insGCG;105T>C;114C>G;123C>T],NA,p.Met31_Glu32insAla,-0.3520537713805703,-0.373901646315845,-0.3216675630280379,0.0907632346253024,-0.695693,0.1095376298066711,0.0549642608254968,0.1817942256669087
urn:mavedb:00000234-a-1#697,c.[12T>C;18G>A;24C>G;27A>G;45C>T;78C>G;94_96del;105T>C;114C>G;123C>T],NA,p.Glu32del,-0.3279735367961016,-0.3687604720690712,-0.2999060884641295,0.0960221781446404,-0.70550895,0.1898767702478705,0.0925623423278675,0.253047195731465
urn:mavedb:00000234-a-1#698,c.[12T>C;15G>A;27A>G;33G>C;45C>T;78C>G;97C>G;99G>A;105T>C;114C>G],NA,p.Gln33Glu,2.4758040518489897,2.427079503143985,2.5051302134235405,0.0930134036096422,-0.7091634,5.943996667293268,5.270962657319025,25.0
urn:mavedb:00000234-a-1#699,c.[12T>C;15G>A;27A>G;33G>C;45C>T;78C>G;97C>A;99G>C;105T>C;114C>G],NA,p.Gln33Asn,0.9063374369382085,0.880507563549619,0.9146175722924996,0.0923819858408032,-0.7223482,2.1762827419208706,2.140055228883445,2.187896619635042
urn:mavedb:00000234-a-1#700,c.[12T>C;15G>A;21A>G;27A>G;30G>A;45C>T;60C>T;78C>G;99G>C;102G>T;105T>C;114C>G],NA,p.Gln33His,1.0025093440122492,0.9829179092865868,1.0196425902323256,0.0824615836555328,-0.7186825,2.306270385072812,2.278747568894965,2.3303534634865577
urn:mavedb:00000234-a-1#701,c.[12T>C;15G>A;27A>G;33G>C;45C>T;78C>G;97C>G;99G>C;105T>C;114C>G],NA,p.Gln33Asp,1.9335726814045031,1.9062010118513588,1.9526757592275208,0.1567207981741548,-0.7041166,3.7049221420093046,3.6552333027059976,3.74028828655328
urn:mavedb:00000234-a-1#702,c.[12T>C;15G>A;27A>G;33G>C;45C>T;78C>G;98A>G;99G>T;105T>C;114C>G],NA,p.Gln33Arg,0.6670263317411069,0.6453631507122807,0.6839383818291898,0.096216438046254,-0.923018,2.116984985997161,2.0868501482686286,2.140498559505684
urn:mavedb:00000234-a-1#703,c.[12T>C;15G>A;27A>G;33G>C;45C>T;78C>G;97C>A;99G>A;105T>C;114C>G],NA,p.Gln33Lys,1.2069130956856822,1.1910197732646692,1.2313124339804968,0.067249466107155,-0.77166843,2.666582739561906,2.6440104494023275,2.70130557426584
urn:mavedb:00000234-a-1#704,c.[12T>C;15G>A;27A>G;33G>C;45C>T;78C>G;97C>A;98A>C;99G>C;105T>C;114C>G],NA,p.Gln33Thr,0.8447687270886179,0.8241698085646392,0.8583666645702231,0.0892859359779413,-0.73068976,2.101372422091823,2.072485402334568,2.120437848694708
urn:mavedb:00000234-a-1#705,c.[12T>C;15G>A;27A>G;33G>C;45C>T;78C>G;97C>T;98A>C;99G>T;105T>C;114C>G],NA,p.Gln33Ser,1.210266398415305,1.1918243602702565,1.2439019418296784,0.0735590300441077,-0.73106503,2.6165247765149213,2.5903011180661824,2.664477291719362
urn:mavedb:00000234-a-1#706,c.[6T>C;12T>C;15G>A;21A>G;27A>G;30G>A;45C>T;78C>G;96A>G;97C>G;98A>C;99G>T;105T>C;114C>G],NA,p.Gln33Ala,1.9050652448611112,1.8768374811573805,1.9345843066553063,0.1733877205896961,-0.7520845,3.717405632778679,3.667316744673733,3.770981039611384
urn:mavedb:00000234-a-1#707,c.[12T>C;15G>A;27A>G;33G>C;45C>T;78C>G;97C>G;98A>G;99G>T;105T>C;114C>G],NA,p.Gln33Gly,1.4175245384468522,1.4001463127551657,1.4256325997693686,0.0924156836165092,-0.73143554,2.915872494296658,2.8904470597596386,2.9277637645788768
urn:mavedb:00000234-a-1#708,c.[12T>C;15G>A;27A>G;33G>C;45C>T;78C>G;97C>A;98A>T;105T>C;114C>G],NA,p.Gln33Met,1.23564495306646,1.1935042179310271,1.2777995811543037,0.0952290018576992,-0.760319,2.692170878074988,2.632211292857015,2.7524267088036445
urn:mavedb:00000234-a-1#709,c.[12T>C;15G>A;27A>G;33G>C;45C>T;78C>G;98A>T;105T>C;114C>G],NA,p.Gln33Leu,1.2694271192976945,1.2601690872336018,1.278147973491324,0.109664313678727,-0.756268,2.734973735797295,2.721726875452541,2.747465655216757
urn:mavedb:00000234-a-1#710,c.[12T>C;15G>A;27A>G;33G>C;45C>T;78C>G;97C>G;98A>T;99G>T;105T>C;114C>G],NA,p.Gln33Val,0.1505373047168729,0.121624143575776,0.1699344647374569,0.0734363611683394,-0.7409437,1.1134748389142644,1.068782243580361,1.1432185719502483
urn:mavedb:00000234-a-1#711,c.[12T>C;15G>A;27A>G;33G>C;45C>T;78C>G;97C>A;98A>T;99G>C;105T>C;114C>G],NA,p.Gln33Ile,0.1836432961999198,0.178033163521418,0.199151461469996,0.0666997288366017,-0.7489331,1.176226700972207,1.1677002003149213,1.1997244112272225
urn:mavedb:00000234-a-1#712,c.[12T>C;15G>A;27A>G;33G>C;45C>T;78C>G;97C>T;98A>G;105T>C;114C>G],NA,p.Gln33Trp,0.4786779419501406,0.4451091763139906,0.5078686267511663,0.0663883756764358,-0.8009062,1.6831349429407625,1.635299373096064,1.7245934476295015
urn:mavedb:00000234-a-1#713,c.[12T>C;15G>A;27A>G;33G>C;45C>T;78C>G;97C>T;99G>C;105T>C;114C>G],NA,p.Gln33Tyr,0.547081149831206,0.5368933431288218,0.5549083832244428,0.0616842263781582,-0.77303815,1.7410800004251066,1.7266303999221335,1.7521725456773156
urn:mavedb:00000234-a-1#714,c.[12T>C;15G>A;27A>G;33G>C;45C>T;78C>G;97C>T;98A>T;99G>C;105T>C;114C>G],NA,p.Gln33Phe,0.5914917442781962,0.5755773806284229,0.6084581054600979,0.0849963071530919,-0.7838013,1.818935799114917,1.7964682040026223,1.8428600815086336
urn:mavedb:00000234-a-1#715,c.[12T>C;15G>A;27A>G;33G>C;45C>T;78C>G;98A>C;105T>C;114C>G],NA,p.Gln33Pro,-0.2432742732994695,-0.2754442374206073,-0.1964595024106217,0.0725489759942736,-0.7310598,0.424307969410425,0.359366074966316,0.5148364828583227
urn:mavedb:00000234-a-1#716,c.[9T>G;12T>C;15G>A;27A>G;45C>T;69A>G;78C>G;96_97insGGT;105T>C;117G>C],NA,p.Glu32_Gln33insGly,-0.1931140789075879,-0.206617613803062,-0.1753266696092425,0.1003854708726178,-0.69160366,0.4454985511773912,0.4188508957404883,0.4800223399557202
urn:mavedb:00000234-a-1#717,c.[9T>G;12T>C;15G>A;21A>G;27A>G;30G>A;39C>T;45C>T;78C>G;96delinsGGCG;105T>C;114C>G],NA,p.Glu32_Gln33insAla,-0.2964207320827229,-0.396602165532712,-0.1994995424495985,0.3820946718295177,-0.70110226,0.2510261229608084,0.0099682728275782,0.451561443940166
urn:mavedb:00000234-a-1#718,c.[12T>C;15G>A;24C>G;27A>G;45C>T;69A>G;78C>G;90C>T;97_99del;105T>C;108A>G;114C>G;117G>C;126G>A],NA,p.Gln33del,-0.1263723664850409,-0.1417636097300258,-0.090374758310688,0.1660906628488928,-0.67569375,0.5426198773318123,0.5137288736072502,0.6086807531014997
urn:mavedb:00000234-a-1#719,c.[12T>C;15G>A;27A>G;33G>C;45C>T;78C>G;100G>C;101C>A;105T>C;114C>G],NA,p.Ala34Gln,-0.0218030210414409,-0.0340576156446927,0.0030181931989013,0.0683907529328917,-0.71948147,0.8036407809989825,0.7830458395971405,0.844921399813282
urn:mavedb:00000234-a-1#720,c.[12T>C;15G>A;27A>G;33G>C;45C>T;78C>G;101C>A;102G>A;105T>C;114C>G],NA,p.Ala34Glu,0.1150645500854204,0.0986681819890466,0.1278035400669664,0.0412824511779773,-0.69397855,0.985035892115244,0.958934622486667,1.005192741524234
urn:mavedb:00000234-a-1#721,c.[12T>C;15G>A;27A>G;33G>C;45C>T;78C>G;100G>A;101C>A;102G>C;105T>C;114C>G],NA,p.Ala34Asn,0.0114884918036086,-0.0381592652477013,0.0259213046227814,0.0559250071093825,-0.71724606,0.8552136966937115,0.7723460913162167,0.8788898223719905
urn:mavedb:00000234-a-1#722,c.[12T>C;15G>A;27A>G;33G>C;45C>T;78C>G;100G>C;101C>A;102G>C;105T>C;114C>G],NA,p.Ala34His,-0.1429950865624945,-0.1614951015730694,-0.1316129203242865,0.0579823571572444,-0.70927906,0.5738944951959676,0.5396503587460985,0.5946942948472989
urn:mavedb:00000234-a-1#723,c.[12T>C;15G>A;27A>G;33G>C;45C>T;78C>G;101C>A;102G>C;105T>C;114C>G],NA,p.Ala34Asp,0.1759933828993077,0.1483286905159744,0.2004874794145986,0.0649860115444535,-0.69565415,1.083138750485141,1.0400691198556806,1.1209279854911975
urn:mavedb:00000234-a-1#724,c.[12T>C;15G>A;27A>G;33G>C;45C>T;78C>G;100G>C;101C>G;102G>T;105T>C;114C>G],NA,p.Ala34Arg,-0.4589440710800529,-0.4895163318828441,-0.4087540655760829,0.0480836418374092,-0.81572175,0.1410610908692784,0.0659953214696745,0.2558428837353635
urn:mavedb:00000234-a-1#725,c.[12T>C;15G>A;27A>G;33G>C;45C>T;78C>G;100G>A;101C>A;102G>A;105T>C;114C>G],NA,p.Ala34Lys,-0.3053044583496396,-0.3362083245998105,-0.2953016831373436,0.0396497092237851,-0.7342665,0.3035705938227039,0.2362790818374262,0.3247349098263976
urn:mavedb:00000234-a-1#726,c.[12T>C;15G>A;27A>G;33G>C;45C>T;78C>G;100G>A;102G>C;105T>C;114C>G],NA,p.Ala34Thr,0.1610140605357098,0.1369121046382343,0.1772509557423561,0.0665387308421938,-0.72079706,1.0986975912935422,1.0613420420788455,1.123691106750265
urn:mavedb:00000234-a-1#727,c.[12T>C;15G>A;27A>G;33G>C;45C>T;78C>G;100G>T;102G>T;105T>C;114C>G],NA,p.Ala34Ser,-0.043885405613189,-0.0734520569519503,-0.0089711554484277,0.0827241670761495,-0.71810126,0.7640839518725413,0.7134076647471531,0.822762123913863
urn:mavedb:00000234-a-1#728,c.[12T>C;15G>A;27A>G;33G>C;45C>T;78C>G;101C>G;102G>T;105T>C;114C>G],NA,p.Ala34Gly,-0.1723419077768972,-0.2019311665148355,-0.1641877144035101,0.0576842720926995,-0.7226484,0.5443140839386414,0.4884577570099107,0.559441737823898
urn:mavedb:00000234-a-1#729,c.[12T>C;15G>A;27A>G;33G>C;45C>T;78C>G;100G>A;101C>T;105T>C;114C>G],NA,p.Ala34Met,0.1577435511161917,0.1296195033439962,0.1726554987727885,0.0564248298902085,-0.7459104,1.1321319641216754,1.0888446358714157,1.1549252667962882
urn:mavedb:00000234-a-1#730,c.[12T>C;15G>A;27A>G;33G>C;45C>T;78C>G;100G>C;101C>T;105T>C;114C>G],NA,p.Ala34Leu,0.7363656840439474,0.7248343772050947,0.7725104407507822,0.0804024923692655,-0.7357855,1.956246192491848,1.9400348936567229,2.007014761379343
urn:mavedb:00000234-a-1#731,c.[12T>C;15G>A;27A>G;33G>C;45C>T;78C>G;101C>T;102G>T;105T>C;114C>G],NA,p.Ala34Val,0.3564218648225216,0.31656715355773,0.377175599818915,0.0647348168998502,-0.7340853,1.4114430190094231,1.352902397694071,1.441751692343168
urn:mavedb:00000234-a-1#732,c.[12T>C;15G>A;27A>G;33G>C;45C>T;78C>G;100G>A;101C>T;102G>C;105T>C;114C>G],NA,p.Ala34Ile,0.3857343888771782,0.3671190571359259,0.3962513273301496,0.0538213100276067,-0.74876046,1.4753974635531066,1.4483335393974166,1.490650634140607
urn:mavedb:00000234-a-1#733,c.[12T>C;15G>A;27A>G;33G>C;45C>T;78C>G;100G>T;101C>G;105T>C;114C>G],NA,p.Ala34Trp,0.2579577818107476,0.2242770404942805,0.2783956716401174,0.0511879043130519,-0.757251,1.3002465414810258,1.249996206913863,1.3305450159204892
urn:mavedb:00000234-a-1#734,c.[12T>C;15G>A;27A>G;33G>C;45C>T;78C>G;100G>T;101C>A;102G>C;105T>C;114C>G],NA,p.Ala34Tyr,0.0914436252976374,0.0721303440093387,0.1029970894759623,0.0713535560255198,-0.7492659,1.0346454451069478,1.0042885710273906,1.0526985228412653
urn:mavedb:00000234-a-1#735,c.[12T>C;15G>A;27A>G;33G>C;45C>T;78C>G;100G>T;101C>T;102G>C;105T>C;114C>G],NA,p.Ala34Phe,0.0733677136861356,0.0328848810767653,0.0854270491245348,0.0349840421803731,-0.7642977,1.0297989591030638,0.965824390236942,1.048660053100518
urn:mavedb:00000234-a-1#736,c.[12T>C;15G>A;27A>G;33G>C;45C>T;78C>G;100G>C;105T>C;114C>G],NA,p.Ala34Pro,-0.3278474570866587,-0.3569598105174978,-0.3031912559006934,0.0523338158990219,-0.7393651,0.2659466073644101,0.2009747922975807,0.3188472408544398
urn:mavedb:00000234-a-1#737,c.[3T>C;6T>C;9T>G;12T>C;18G>A;24C>G;45C>T;57A>G;78C>G;99_100insGGT;105T>C;108A>G;114C>G;126G>A],NA,p.Gln33_Ala34insGly,-0.2797468144826091,-0.3201116244088599,-0.2590700060917822,0.134504878915972,-0.68946385,0.2621153092899125,0.1709446732273199,0.3067167123566375
urn:mavedb:00000234-a-1#738,c.[12T>C;18G>A;27A>G;45C>T;78C>G;99_100insGCG;105T>C;114C>G;126G>A],NA,p.Gln33_Ala34insAla,-0.5950358449710391,-0.6657171551479727,-0.4159649523603841,0.1374403747192194,-0.71138096,-0.6840649678032814,-1.2752464935794383,-0.0143888932062238
urn:mavedb:00000234-a-1#739,c.[6T>C;15G>A;24C>G;33G>C;45C>T;100_102del;105T>C;114C>G],NA,p.Ala34del,-0.0912067133594799,-0.1159419740473695,-0.0431314440151886,0.0942934354706877,-0.66577244,0.5891902348341096,0.5436003413481364,0.6752240942557678
urn:mavedb:00000234-a-1#740,c.[12T>C;15G>A;27A>G;33G>C;45C>T;78C>G;103A>C;104C>A;105T>G;114C>G],NA,p.Thr35Gln,2.2192014516968683,2.1908855830595964,2.2519278612822937,0.1152837587103491,-0.7326627,4.371929208052032,4.295130731079284,4.4679057654757015
urn:mavedb:00000234-a-1#741,c.[12T>C;15G>A;27A>G;33G>C;45C>T;78C>G;103A>G;104C>A;105T>A;114C>G],NA,p.Thr35Glu,1.979904499369678,1.9511015257592288,2.0041328597029016,0.1208055659706258,-0.69610953,3.7810625492614034,3.72663379683,3.828060314897873
urn:mavedb:00000234-a-1#742,c.[12T>C;15G>A;27A>G;33G>C;45C>T;78C>G;104C>A;105T>C;114C>G],NA,p.Thr35Asn,1.070909658558794,1.06053278455962,1.093879684960862,0.0901260262300363,-0.7208433,2.405446305397006,2.3908283618051724,2.437832620377003
urn:mavedb:00000234-a-1#743,c.[12T>C;15G>A;27A>G;33G>C;45C>T;78C>G;103A>C;104C>A;105T>C;114C>G],NA,p.Thr35His,2.2240518255973334,2.184234067785532,2.2573340137301456,0.1402909571908413,-0.7171509,4.364885748143478,4.257060867675247,4.4639031986627735
urn:mavedb:00000234-a-1#744,c.[12T>C;15G>A;27A>G;33G>C;45C>T;78C>G;103A>G;104C>A;105T>C;114C>G],NA,p.Thr35Asp,0.5207030075583996,0.5083826358334484,0.551409792910018,0.0906570778656032,-0.6909611,1.5875250971478996,1.5698060777477796,1.6315698828634575
urn:mavedb:00000234-a-1#745,c.[12T>C;15G>A;27A>G;33G>C;45C>T;78C>G;103A>C;104C>G;114C>G],NA,p.Thr35Arg,2.263480529891185,2.2342567900504315,2.286042653758677,0.1162487929574106,-0.86944675,4.686842363219617,4.59785826128632,4.761373537622714
urn:mavedb:00000234-a-1#746,c.[12T>C;15G>A;27A>G;33G>C;45C>T;78C>G;104C>A;105T>A;114C>G],NA,p.Thr35Lys,2.589489047660239,2.521528891270264,2.661284867792293,0.0702279891347258,-0.75574136,15.0,5.0,25.0
urn:mavedb:00000234-a-1#747,c.[12T>C;15G>A;27A>G;33G>C;45C>T;78C>G;103A>T;114C>G],NA,p.Thr35Ser,1.1482178493847497,1.1249202589863925,1.1608245570101317,0.0822396491803257,-0.7214403,2.51543682812637,2.48247664873834,2.533295996275769
urn:mavedb:00000234-a-1#748,c.[12T>C;15G>A;27A>G;45C>T;78C>G;103A>G;114C>G],NA,p.Thr35Ala,1.6930028667049677,1.670575851869518,1.7401896356043844,0.1112818498337428,-0.7338319,3.337201094854662,3.301765561318583,3.412875679697194
urn:mavedb:00000234-a-1#749,c.[12T>C;15G>A;27A>G;45C>T;78C>G;103A>G;104C>G;108A>G;114C>G],NA,p.Thr35Gly,0.7533214393670125,0.7301881151996801,0.8006435872809933,0.1106731930390798,-0.7215569,1.9604200535860183,1.927875694449028,2.0269104330093484
urn:mavedb:00000234-a-1#750,c.[12T>C;15G>A;21A>G;27A>G;30G>A;45C>T;78C>G;102G>T;104C>T;105T>G;108A>G;114C>G],NA,p.Thr35Met,3.1923315091690805,3.083649737215357,3.410507241086943,0.1098940160867323,-0.77039194,15.0,5.0,25.0
urn:mavedb:00000234-a-1#751,c.[12T>C;15G>A;27A>G;33G>C;45C>T;78C>G;103A>C;104C>T;105T>G;114C>G],NA,p.Thr35Leu,2.705893366778912,2.6479565502139297,2.7552433493397093,0.1372765314645678,-0.7575612,15.0,5.0,25.0
urn:mavedb:00000234-a-1#752,c.[12T>C;15G>A;27A>G;33G>C;45C>T;78C>G;103A>G;104C>T;114C>G],NA,p.Thr35Val,2.971736575438631,2.925954692442808,3.0271004257357133,0.1156412296331837,-0.7346642,15.0,5.0,25.0
urn:mavedb:00000234-a-1#753,c.[12T>C;15G>A;27A>G;33G>C;45C>T;78C>G;104C>T;105T>C;114C>G],NA,p.Thr35Ile,3.303032941069449,3.091511874047696,3.434863192202896,0.0914180223360742,-0.74626565,15.0,5.0,25.0
urn:mavedb:00000234-a-1#754,c.[12T>C;15G>A;27A>G;33G>C;45C>T;78C>G;103A>T;104C>G;105T>G;114C>G],NA,p.Thr35Trp,2.6149749650132645,2.496209128540448,2.757124686282935,0.1130272289877321,-0.78867936,15.0,7.139048511288348,25.0
urn:mavedb:00000234-a-1#755,c.[12T>C;15G>A;27A>G;33G>C;45C>T;78C>G;103A>T;104C>A;105T>C;114C>G],NA,p.Thr35Tyr,3.2280958212010904,3.138959735766445,3.3692067413775164,0.0851171962462714,-0.7684407,15.0,5.0,25.0
urn:mavedb:00000234-a-1#756,c.[12T>C;15G>A;27A>G;33G>C;45C>T;78C>G;103A>T;104C>T;105T>C;114C>G],NA,p.Thr35Phe,2.8398608955243545,2.7628451091765256,2.9019088495207264,0.1065995492796017,-0.78113866,15.0,5.0,25.0
urn:mavedb:00000234-a-1#757,c.[12T>C;15G>A;27A>G;45C>T;78C>G;103A>C;105T>A;114C>G],NA,p.Thr35Pro,0.9667426418636348,0.9535730476739724,0.9782495933366984,0.139359400361276,-0.7053914,2.2379042813451746,2.219405472352665,2.254071486100432
urn:mavedb:00000234-a-1#758,c.[12T>C;18G>A;24C>G;45C>T;78C>G;102_103insGGT;105T>C;114C>G;126G>A],NA,p.Ala34_Thr35insGly,-0.2068675888618964,-0.2326548286170255,-0.183929339430361,0.0696121936233439,-0.7002289,0.4354017158637128,0.3838677287191034,0.4800416097213324
urn:mavedb:00000234-a-1#759,c.[12T>C;15G>A;24C>G;45C>T;51C>T;75G>C;78C>G;102_103insGCG;105T>C;114C>G],NA,p.Ala34_Thr35insAla,0.6358454362568561,0.552351470830041,0.6811759883020624,0.1407728442288015,-0.71138096,1.7805268180278444,1.6617999865373962,1.844650598711287
urn:mavedb:00000234-a-1#760,c.[3T>C;12T>C;18G>A;45C>T;78C>G;103_105del;114C>G],NA,p.Thr35del,0.3442797566901823,0.3162417978556729,0.382613427368478,0.1446063785457879,-0.67229486,1.303000365520339,1.2611662229243552,1.3597672070275506
urn:mavedb:00000234-a-1#761,c.[12T>C;15G>A;27A>G;33G>C;45C>T;78C>G;105T>C;106G>C;108A>G;114C>G],NA,p.Glu36Gln,1.5591214114475465,1.5130398240023113,1.5945062700613686,0.1389167125826906,-0.80335283,3.2231441504770526,3.153811646012765,3.2770052476966205
urn:mavedb:00000234-a-1#762,c.[12T>C;15G>A;27A>G;33G>C;45C>T;78C>G;105T>C;106G>A;108A>C;114C>G],NA,p.Glu36Asn,1.2513232883982697,1.216757559268864,1.3018172985164884,0.1036614023053838,-0.7690823,2.7263642307559555,2.677092206184285,2.798702481547469
urn:mavedb:00000234-a-1#763,c.[12T>C;15G>A;27A>G;33G>C;45C>T;78C>G;105T>C;106G>C;108A>C;114C>G],NA,p.Glu36His,1.335554815463435,1.3010462085611865,1.364710077299488,0.1013267082186102,-0.7623446,2.8382382395382577,2.788518243355935,2.8804461917780744
urn:mavedb:00000234-a-1#764,c.[12T>C;15G>A;27A>G;33G>C;45C>T;78C>G;105T>C;108A>C;114C>G],NA,p.Glu36Asp,1.6438774886155412,1.6216811752035245,1.6942308037613698,0.1501677010564406,-0.70906377,3.226761989626132,3.19232588449776,3.3059453297770025
urn:mavedb:00000234-a-1#765,c.[12T>C;15G>A;27A>G;33G>C;45C>T;78C>G;105T>C;106G>C;107A>G;108A>T;114C>G],NA,p.Glu36Arg,1.06305748812024,1.0488287804652676,1.0826353571139873,0.101739352872763,-1.0431161,2.829838250173111,2.8099742696774794,2.857202133022519
urn:mavedb:00000234-a-1#766,c.[12T>C;15G>A;27A>G;33G>C;45C>T;78C>G;105T>C;106G>A;114C>G],NA,p.Glu36Lys,1.2416994153667669,1.215530498866377,1.2501230826558647,0.0795225074098271,-0.8632517,2.839502869402209,2.802292050324397,2.8515045317379486
urn:mavedb:00000234-a-1#767,c.[12T>C;15G>A;27A>G;33G>C;45C>T;78C>G;105T>C;106G>A;107A>C;108A>C;114C>G],NA,p.Glu36Thr,1.0610977089679017,0.9891236897339588,1.0940659846628134,0.1059110008490199,-0.81755924,2.5227300501020347,2.4218697160558498,2.569057581531305
urn:mavedb:00000234-a-1#768,c.[12T>C;15G>A;27A>G;33G>C;45C>T;78C>G;105T>C;106G>T;107A>C;108A>T;114C>G],NA,p.Glu36Ser,0.9267580679341924,0.9114253390638072,0.943212285374174,0.1149452447620337,-0.824713,2.344422696632692,2.323017684629888,2.36740128809729
urn:mavedb:00000234-a-1#769,c.[12T>C;15G>A;27A>G;33G>C;45C>T;78C>G;105T>C;107A>C;108A>G;114C>G],NA,p.Glu36Ala,1.568238345623461,1.527169265118682,1.5964695238502824,0.162593394089068,-0.8519716,3.302159321142076,3.240197871137496,3.3451867528111827
urn:mavedb:00000234-a-1#770,c.[12T>C;15G>A;27A>G;33G>C;45C>T;78C>G;105T>C;107A>G;108A>T;114C>G],NA,p.Glu36Gly,0.573300276360289,0.5481273644443433,0.5956591591934572,0.0985709898658286,-0.7992563,1.8148226162066192,1.7792781932111763,1.8463376009528945
urn:mavedb:00000234-a-1#771,c.[12T>C;15G>A;27A>G;33G>C;45C>T;78C>G;105T>C;106G>A;107A>T;108A>G;114C>G],NA,p.Glu36Met,1.3162514541299974,1.2991039557505304,1.3324588501272063,0.0948908566056643,-0.88379264,2.9737789624534687,2.949158418149889,2.99710668743349
urn:mavedb:00000234-a-1#772,c.[12T>C;15G>A;27A>G;33G>C;45C>T;78C>G;105T>C;106G>C;107A>T;108A>G;114C>G],NA,p.Glu36Leu,1.4970274470292682,1.39243717272181,1.5725472539507253,0.1345726389476267,-0.8574972,3.202566225940003,3.048655173449096,3.31610973600819
urn:mavedb:00000234-a-1#773,c.[12T>C;15G>A;27A>G;33G>C;45C>T;78C>G;105T>C;107A>T;108A>T;114C>G],NA,p.Glu36Val,1.1223210037645166,1.1077474185886107,1.1370492664527247,0.1053682622682058,-0.82344556,2.616793084188805,2.596266544076376,2.637560096068121
urn:mavedb:00000234-a-1#774,c.[12T>C;15G>A;27A>G;33G>C;45C>T;78C>G;105T>C;106G>A;107A>T;108A>C;114C>G],NA,p.Glu36Ile,1.3359630255314756,1.322263333882772,1.369153084360095,0.098222460660757,-0.82804227,2.927221239715524,2.9074731883179075,2.9752405832621127
urn:mavedb:00000234-a-1#775,c.[12T>C;15G>A;27A>G;33G>C;45C>T;78C>G;105T>C;106G>T;107A>G;108A>G;114C>G],NA,p.Glu36Trp,1.2906970104754656,1.2753089055753024,1.3177264361578922,0.0842013232695322,-0.9179182,2.9829791783469672,2.9609706301644114,3.021751531940441
urn:mavedb:00000234-a-1#776,c.[12T>C;15G>A;27A>G;33G>C;45C>T;78C>G;105T>C;106G>T;108A>C;114C>G],NA,p.Glu36Tyr,1.230609726209321,1.2157089435799346,1.2394061086938055,0.0868177562274758,-0.8616464,2.821559313772945,2.800383491276932,2.834076547714917
urn:mavedb:00000234-a-1#777,c.[12T>C;15G>A;27A>G;33G>C;45C>T;78C>G;105T>C;106G>T;107A>T;108A>C;114C>G],NA,p.Glu36Phe,0.9845990292458836,0.9694918658447942,1.0035949557201054,0.0624325942038551,-0.89177346,2.5161104844159787,2.4950343083125723,2.5426308108305644
urn:mavedb:00000234-a-1#778,c.[12T>C;15G>A;27A>G;33G>C;45C>T;78C>G;105T>C;106G>C;107A>C;108A>G;114C>G],NA,p.Glu36Pro,0.7266973506155943,0.5870146933119966,0.8400745928360055,0.1544393156768012,-0.80766773,2.0418037633767785,1.8458690650719,2.2001895512127443
urn:mavedb:00000234-a-1#779,c.[12T>C;18G>A;24C>G;45C>T;78C>G;96A>G;105T>C;106G>T;107A>G;108A>C],NA,p.Glu36Cys,1.2450290145492269,1.097022603879436,1.3614606204490638,0.2797655099492344,-0.82922196,2.7984271785502965,2.588981863152627,2.9656737506321544
urn:mavedb:00000234-a-1#780,c.[12T>C;18G>A;21A>G;27A>G;39C>T;45C>T;78C>G;105delinsCGGT;114C>G],NA,p.Thr35_Glu36insGly,-0.0479680587785974,-0.0629187977429549,-0.0296705417900047,0.0737733922184906,-0.6963303,0.7199055535650007,0.6939648467798597,0.7513074210464178
urn:mavedb:00000234-a-1#781,c.[12T>C;15G>A;21A>G;27A>G;30G>A;45C>T;69A>G;75G>C;78C>G;105delinsCGCT;114C>G],NA,p.Thr35_Glu36insAla,-0.1667587548436281,-0.1964304883048919,-0.1382197426292138,0.1687369697437437,-0.7064092,0.5244227915718472,0.4678297403409279,0.5773992764524949
urn:mavedb:00000234-a-1#782,c.[12T>C;18G>A;45C>T;78C>G;81C>T;105T>C;106_108del;114C>G],NA,p.Glu36del,0.2690676427516457,0.2424319407662663,0.281498213847994,0.0812420535602279,-0.75392747,1.31183220379003,1.27219962775731,1.3302450476459755
urn:mavedb:00000234-a-1#783,c.[15G>A;21A>G;45C>T;78C>G;105T>C;109T>C;111C>A;114C>G;117G>C],NA,p.Tyr37Gln,1.328394209368418,1.3052658511552178,1.344175762332085,0.0818926573321171,-0.6911104,2.731921267097634,2.6985586132814587,2.754749561065245
urn:mavedb:00000234-a-1#784,c.[12T>C;15G>A;27A>G;33G>C;45C>T;78C>G;105T>C;109T>G;111C>A;114C>G],NA,p.Tyr37Glu,1.1121567032079192,1.0930896899145812,1.17864392533212,0.0731985456173282,-0.6746049,2.4009092441012667,2.373950166792911,2.4951794048248868
urn:mavedb:00000234-a-1#785,c.[12T>C;15G>A;27A>G;33G>C;45C>T;78C>G;105T>C;109T>A;114C>G],NA,p.Tyr37Asn,1.1342541753284403,1.118577213065932,1.1619195368897552,0.1167308318305147,-0.68158436,2.4416588823806773,2.419466418008069,2.480881088117437
urn:mavedb:00000234-a-1#786,c.[12T>C;15G>A;21A>G;27A>G;30G>A;45C>T;78C>G;81C>T;105T>C;109T>C],NA,p.Tyr37His,1.5483761695661382,1.513938213979634,1.56624134015118,0.083069976255524,-0.68040586,3.041854726511472,2.990040408221452,3.06892589746166
urn:mavedb:00000234-a-1#787,c.[12T>C;15G>A;27A>G;33G>C;45C>T;78C>G;105T>C;109T>G;114C>G],NA,p.Tyr37Asp,1.038308830418405,1.010863628248291,1.0643012558739215,0.1502315843389168,-0.670176,2.290605974677577,2.251928053925893,2.3272720618785203
urn:mavedb:00000234-a-1#788,c.[12T>C;15G>A;27A>G;33G>C;45C>T;78C>G;105T>C;109T>C;110A>G;111C>T;114C>G],NA,p.Tyr37Arg,0.3879426479276529,0.3781199745682151,0.3996510025805928,0.1002629970486557,-0.9046309,1.700378847675426,1.686446488107957,1.716966972514969
urn:mavedb:00000234-a-1#789,c.[12T>C;15G>A;27A>G;33G>C;45C>T;78C>G;105T>C;109T>A;111C>A;114C>G],NA,p.Tyr37Lys,0.7980503608023748,0.7769715733355438,0.8196121438323843,0.0829359646587367,-0.7447369,2.055164877459972,2.025605976144182,2.0853874054864083
urn:mavedb:00000234-a-1#790,c.[12T>C;15G>A;27A>G;33G>C;45C>T;78C>G;105T>C;109T>A;110A>C;114C>G],NA,p.Tyr37Thr,1.188100395045927,1.1579238350307648,1.2069506276948978,0.126524084470837,-0.6929395,2.5334454257900694,2.4905958151209333,2.560268574846449
urn:mavedb:00000234-a-1#791,c.[12T>C;15G>A;27A>G;33G>C;45C>T;78C>G;105T>C;110A>C;111C>T;114C>G],NA,p.Tyr37Ser,1.3096040923434935,1.280485590302227,1.324647293203392,0.0953347024483765,-0.6945107,2.7093951427022587,2.66751706912116,2.731094149717635
urn:mavedb:00000234-a-1#792,c.[12T>C;15G>A;21A>G;27A>G;30G>A;45C>T;72G>T;78C>G;105T>C;109T>G;110A>C;111C>G;114C>G;117G>C],NA,p.Tyr37Ala,1.357186425298552,1.316727108727629,1.3883193373801173,0.1367337090372209,-0.7091017,2.797850512506592,2.739338861306485,2.8431285822539025
urn:mavedb:00000234-a-1#793,c.[12T>C;15G>A;27A>G;33G>C;45C>T;78C>G;105T>C;109T>G;110A>G;111C>T;114C>G],NA,p.Tyr37Gly,0.9891360435352692,0.9534091842378368,1.0277882457160397,0.0994288033731625,-0.68907094,2.2471165857515225,2.196880958045655,2.301514550489176
urn:mavedb:00000234-a-1#794,c.[12T>C;15G>A;27A>G;45C>T;78C>G;105T>C;109T>A;110A>T;111C>G;114C>G;117G>C],NA,p.Tyr37Met,1.327648066611529,1.2978083725790703,1.3487405951002247,0.1304249053071728,-0.71805096,2.767159608336575,2.724164122306738,2.797662949864116
urn:mavedb:00000234-a-1#795,c.[12T>C;15G>A;27A>G;45C>T;78C>G;105T>C;109T>C;110A>T;111C>G;114C>G;117G>C],NA,p.Tyr37Leu,1.5731164511880662,1.5480698078981658,1.5993158025052436,0.1335312735463524,-0.7120116,3.121818640969193,3.083843065268508,3.161845922228152
urn:mavedb:00000234-a-1#796,c.[12T>C;15G>A;27A>G;33G>C;45C>T;78C>G;105T>C;109T>G;110A>T;111C>T;114C>G],NA,p.Tyr37Val,1.4358553376703047,1.4026434618726,1.4636129412372187,0.0963066975863398,-0.6964216,2.8956886360522818,2.8469740336938565,2.936651154166019
urn:mavedb:00000234-a-1#797,c.[12T>C;15G>A;27A>G;33G>C;45C>T;78C>G;105T>C;109T>A;110A>T;114C>G],NA,p.Tyr37Ile,1.4220599612692468,1.3783763489654477,1.4500278447820634,0.1081823213393318,-0.6970048,2.876201067166268,2.8123519122300213,2.917358136533424
urn:mavedb:00000234-a-1#798,c.[12T>C;15G>A;27A>G;45C>T;78C>G;105T>C;110A>G;111C>G;114C>G;117G>C],NA,p.Tyr37Trp,2.598962638585632,2.568227957138207,2.642397922435589,0.1563328539153111,-0.7600484,15.0,5.0,25.0
urn:mavedb:00000234-a-1#799,c.[12T>C;15G>A;27A>G;33G>C;45C>T;78C>G;105T>C;110A>T;114C>G],NA,p.Tyr37Phe,1.1792050784711416,1.1613884874925262,1.199699518249151,0.1140055750491908,-0.7373502,2.5808803096945554,2.555619762154945,2.609986343433805
urn:mavedb:00000234-a-1#800,c.[12T>C;15G>A;27A>G;45C>T;78C>G;105T>C;109T>C;110A>C;111C>G;114C>G;117G>C],NA,p.Tyr37Pro,0.9674569976655132,0.9401602816286232,0.992873973838704,0.1713907583440971,-0.68871474,2.2161432459180297,2.177771698917353,2.2518888482959416
urn:mavedb:00000234-a-1#801,c.[3T>C;15G>A;21A>G;45C>T;105T>C;110A>G;114C>G],NA,p.Tyr37Cys,1.2728542782853451,0.9444989910973638,1.6429136777425757,0.259847702194202,-0.6989896,2.662613603807297,2.1979148667463724,3.211746221350001
urn:mavedb:00000234-a-1#802,c.[3T>C;9T>G;12T>C;18G>A;24C>G;33G>C;45C>T;75G>C;78C>G;105T>C;108_109insGGT;114C>G],NA,p.Glu36_Tyr37insGly,0.0136972904190436,-0.0194205897542009,0.0459648585724623,0.0997633846896324,-0.70691705,0.8418595930252599,0.7865895604234194,0.894777645886355
urn:mavedb:00000234-a-1#803,c.[12T>C;15G>A;21A>G;30G>A;33G>C;45C>T;78C>G;105T>C;108_109insGCG;114C>G],NA,p.Glu36_Tyr37insAla,-0.2174983022828039,-0.2464548596909012,-0.1765358215211278,0.0783550906328931,-0.7495949,0.5100527654831393,0.4544375451695666,0.5861801033096082
urn:mavedb:00000234-a-1#804,c.[12T>C;15G>A;18G>A;21A>G;24C>G;30G>A;45C>T;78C>G;105T>C;109_111del;114C>G;126G>A],NA,p.Tyr37del,1.0199632648317276,0.940477015154236,1.0607401954898443,0.1692125264174906,-0.6484895,2.235166811102528,2.123140743985904,2.292721480937112
urn:mavedb:00000234-a-1#805,c.[12T>C;15G>A;27A>G;33G>C;45C>T;78C>G;105T>C;113T>A;114C>G],NA,p.Leu38Gln,0.4408297253018214,0.4205999012010868,0.4542877855864641,0.0753006992122592,-0.71054745,1.5003000659881278,1.470947117460792,1.5197762195051732
urn:mavedb:00000234-a-1#806,c.[12T>C;15G>A;27A>G;33G>C;45C>T;78C>G;105T>C;112C>G;113T>A;114C>A],NA,p.Leu38Glu,0.6388656637886873,0.6287488172307021,0.6498156361030486,0.08636898973105,-0.67996645,1.740814857806206,1.7264278980367982,1.756372843299697
urn:mavedb:00000234-a-1#807,c.[12T>C;15G>A;27A>G;33G>C;45C>T;78C>G;105T>C;112C>A;113T>A],NA,p.Leu38Asn,0.2315122162886018,0.2158809464994504,0.2475741697496684,0.0611375171413732,-0.7021806,1.1782424422358082,1.1544463203212976,1.202581690633752
urn:mavedb:00000234-a-1#808,c.[12T>C;15G>A;27A>G;33G>C;45C>T;78C>G;105T>C;113T>A],NA,p.Leu38His,0.4253627581940982,0.4097702390450755,0.4392059540356489,0.0845980211030679,-0.69575024,1.456516596863258,1.4337809652308788,1.4766513003757389
urn:mavedb:00000234-a-1#809,c.[12T>C;15G>A;27A>G;33G>C;45C>T;78C>G;105T>C;112C>G;113T>A],NA,p.Leu38Asp,0.5493220462199725,0.5272752463590099,0.5757042561229179,0.0919731051721587,-0.67412734,1.604698534561251,1.5730063466277058,1.6425130556798897
urn:mavedb:00000234-a-1#810,c.[12T>C;15G>A;27A>G;33G>C;45C>T;78C>G;105T>C;113T>G;114C>T],NA,p.Leu38Arg,-0.1665047841879464,-0.1800537005611589,-0.134778213373572,0.0650357927262906,-0.88945675,0.8450680741892466,0.8226286160368813,0.8969944074415516
urn:mavedb:00000234-a-1#811,c.[12T>C;15G>A;27A>G;33G>C;45C>T;78C>G;105T>C;112C>A;113T>A;114C>A],NA,p.Leu38Lys,0.0483694985258507,0.0303748954686021,0.0672672769306462,0.0395309196630006,-0.74605393,0.9615095799702028,0.9326828718801128,0.991542906123528
urn:mavedb:00000234-a-1#812,c.[12T>C;15G>A;27A>G;33G>C;45C>T;78C>G;105T>C;112C>A;113T>C],NA,p.Leu38Thr,0.1742096149874345,0.1439876153609876,0.1833697722997083,0.0606509656293428,-0.72276354,1.1220281848616558,1.075381495189217,1.1360749975647042
urn:mavedb:00000234-a-1#813,c.[12T>C;15G>A;27A>G;33G>C;45C>T;78C>G;105T>C;112C>T;113T>C;114C>T],NA,p.Leu38Ser,0.2541032507145761,0.2351378101938996,0.2815783777368062,0.0531301907567571,-0.73550534,1.26225178933277,1.23382021095379,1.3032042764071057
urn:mavedb:00000234-a-1#814,c.[12T>C;15G>A;27A>G;33G>C;45C>T;78C>G;105T>C;112C>G;113T>C;114C>G],NA,p.Leu38Ala,1.416840811454415,1.373423682681189,1.4607156812311797,0.1761314597509813,-0.74108243,2.9278452070253684,2.8644893145334342,2.99240625445926
urn:mavedb:00000234-a-1#815,c.[12T>C;15G>A;27A>G;33G>C;45C>T;78C>G;105T>C;112C>G;113T>G;114C>T],NA,p.Leu38Gly,0.2580385781488346,0.2449998907810805,0.2760836549156733,0.0756044448456941,-0.7089484,1.2285212240244616,1.208867269606213,1.2556102204143689
urn:mavedb:00000234-a-1#816,c.[12T>C;15G>A;27A>G;33G>C;45C>T;78C>G;105T>C;112C>A;114C>G],NA,p.Leu38Met,0.9512757810267758,0.9194133675956664,1.0063255037078345,0.1042568863019652,-0.7625139,2.294075288666556,2.249459905233076,2.3712380798872337
urn:mavedb:00000234-a-1#817,c.[12T>C;15G>A;27A>G;33G>C;45C>T;78C>G;105T>C;112C>G;114C>T],NA,p.Leu38Val,0.8591841054714449,0.8379404060905289,0.8745933888361171,0.074972640264504,-0.71541953,2.1006425050968143,2.0708279155227527,2.122264924137179
urn:mavedb:00000234-a-1#818,c.[12T>C;15G>A;27A>G;33G>C;45C>T;78C>G;105T>C;112C>A],NA,p.Leu38Ile,1.289542304367275,1.2738682865637645,1.3023060389155108,0.0779204127241728,-0.72982883,2.728167609046002,2.7056812123244494,2.746512318093706
urn:mavedb:00000234-a-1#819,c.[12T>C;15G>A;27A>G;33G>C;45C>T;78C>G;105T>C;112C>T;113T>G;114C>G],NA,p.Leu38Trp,0.9817493979172784,0.9635481406900888,1.009999413235765,0.1016140015227169,-0.75864506,2.331512515062801,2.3060009819588063,2.371136605288077
urn:mavedb:00000234-a-1#820,c.[12T>C;15G>A;27A>G;33G>C;45C>T;78C>G;105T>C;112C>T;113T>A],NA,p.Leu38Tyr,0.5182688011581659,0.5058388185570947,0.5422757197339768,0.0614576663131878,-0.72840714,1.6371815191859405,1.61939636324157,1.6714609117623818
urn:mavedb:00000234-a-1#821,c.[12T>C;15G>A;27A>G;33G>C;45C>T;78C>G;105T>C;112C>T],NA,p.Leu38Phe,0.6766497202282626,0.666108619315579,0.6883258473633943,0.0709329848522661,-0.74130344,1.8798634058054444,1.8650075162448336,1.896308646759332
urn:mavedb:00000234-a-1#822,c.[12T>C;15G>A;27A>G;33G>C;45C>T;78C>G;105T>C;113T>C;114C>G],NA,p.Leu38Pro,1.3233825755787696,1.2918044636652577,1.3408501936160768,0.1129460443084081,-0.68332887,2.7141881836928,2.6686860473563265,2.7394440487623863
urn:mavedb:00000234-a-1#823,c.[12T>C;18G>A;24C>G;45C>T;57A>G;72G>T;78C>G;105T>C;108A>G;112C>T;113T>G;126G>A],NA,p.Leu38Cys,0.5213634690658904,0.3825629621967737,0.6600596991893337,0.5214724851107585,-0.7176478,1.6263683931101245,1.4257939313915993,1.8235429801608256
urn:mavedb:00000234-a-1#824,c.[6T>C;12T>C;15G>A;18G>A;24C>G;27A>G;30G>A;33G>C;45C>T;75G>C;78C>G;105T>C;111_112insGGT;114C>G;117G>C],NA,p.Tyr37_Leu38insGly,0.1892966645285901,0.1688475918333634,0.1955759754494702,0.0688277980841016,-0.70172143,1.1130087924586085,1.081429366953208,1.1226628708291877
urn:mavedb:00000234-a-1#825,c.[3T>C;12T>C;15G>A;21A>G;30G>A;45C>T;72G>T;75G>C;105T>C;108A>G;111delinsTGCG;114C>G],NA,p.Tyr37_Leu38insAla,0.8484205984782855,0.766805366712588,0.9420324524383864,0.1630680242778995,-0.7447274,2.1257393013242205,2.0113309635003698,2.2568872139475062
urn:mavedb:00000234-a-1#826,c.[3T>C;12T>C;15G>A;18G>A;21A>G;27A>G;30G>A;45C>T;78C>G;112_114del],NA,p.Leu38del,1.3036392709099665,1.237057278560776,1.3468644837795127,0.1471231063635279,-0.6569452,2.650103047286707,2.5545430429386524,2.7125774647658742
urn:mavedb:00000234-a-1#827,c.[12T>C;15G>A;27A>G;33G>C;45C>T;78C>G;105T>C;114C>G;116T>A],NA,p.Leu39Gln,2.4278577496396148,2.393528575798447,2.484188018132369,0.0957105544588783,-0.68747926,5.2487400566581215,4.9992377589604935,6.16740905939413
urn:mavedb:00000234-a-1#828,c.[12T>C;15G>A;27A>G;45C>T;78C>G;105T>C;114C>G;115C>G;116T>A;117G>A;120C>T],NA,p.Leu39Glu,2.179027264316032,2.1487979648006443,2.210119520285461,0.0698650864922538,-0.6672909,4.1769905823059625,4.101964321155782,4.259317987612552
urn:mavedb:00000234-a-1#829,c.[12T>C;15G>A;21A>G;27A>G;30G>A;45C>T;81C>T;87T>C;105T>C;111C>T;115C>A;116T>A;117G>C;120C>T],NA,p.Leu39Asn,2.134529495837603,2.108156673248572,2.193503956436912,0.0829707578385033,-0.6845491,4.091097492672697,4.030492333945108,4.237685661600487
urn:mavedb:00000234-a-1#830,c.[12T>C;15G>A;27A>G;33G>C;45C>T;78C>G;105T>C;114C>G;116T>A;117G>C],NA,p.Leu39His,2.236020145977979,2.2135109623823146,2.272026401673851,0.1247851393804931,-0.6828482,4.353571323758024,4.28946659223752,4.46498059693684
urn:mavedb:00000234-a-1#831,c.[12T>C;15G>A;27A>G;33G>C;45C>T;78C>G;105T>C;114C>G;115C>G;116T>A;117G>C],NA,p.Leu39Asp,1.810768955156168,1.7798304194669865,1.833572651304458,0.1041361777787939,-0.66700864,3.4398576866484847,3.3882313642657773,3.4785071867878377
urn:mavedb:00000234-a-1#832,c.[12T>C;15G>A;27A>G;33G>C;45C>T;78C>G;105T>C;114C>G;116T>G;117G>T],NA,p.Leu39Arg,1.6452512490524915,1.6221601112907993,1.6750931261511142,0.0890363408741742,-0.8924291,3.474673207471969,3.438885709380336,3.521378183796877
urn:mavedb:00000234-a-1#833,c.[12T>C;15G>A;27A>G;33G>C;45C>T;78C>G;105T>C;114C>G;115C>A;116T>A;117G>A],NA,p.Leu39Lys,2.3903323763753743,2.3292411530457,2.46445481730202,0.0776571043621867,-0.7400453,5.050113763393956,4.750241196614079,5.754511500331458
urn:mavedb:00000234-a-1#834,c.[12T>C;15G>A;27A>G;33G>C;45C>T;78C>G;105T>C;114C>G;115C>A;116T>C;117G>C],NA,p.Leu39Thr,1.9865172608999564,1.961636380856136,2.0079708954820195,0.1160626641029555,-0.6939893,3.790936708707631,3.743532656264254,3.8327785136087686
urn:mavedb:00000234-a-1#835,c.[12T>C;15G>A;27A>G;33G>C;45C>T;78C>G;105T>C;114C>G;115C>T;116T>C;117G>T],NA,p.Leu39Ser,2.012052409737056,1.9868982613386297,2.0345597722770186,0.0781926257570604,-0.70051026,3.849573779521098,3.8003984841242775,3.894745786113256
urn:mavedb:00000234-a-1#836,c.[12T>C;15G>A;27A>G;33G>C;45C>T;78C>G;105T>C;114C>G;115C>G;116T>C],NA,p.Leu39Ala,2.175327146495229,2.122711493769083,2.206909000430279,0.1578233458942798,-0.7107396,4.225666695415761,4.098642608270745,4.308641617705541
urn:mavedb:00000234-a-1#837,c.[12T>C;15G>A;21A>G;27A>G;30G>A;45C>T;78C>G;105T>C;114C>G;115C>G;116T>G;117G>C;123C>T],NA,p.Leu39Gly,1.7905028450656677,1.7562612530878878,1.8101110664007325,0.0909777154212885,-0.6944871,3.4427618506747466,3.386306627715331,3.4755668263170367
urn:mavedb:00000234-a-1#838,c.[12T>C;15G>A;27A>G;33G>C;45C>T;78C>G;105T>C;114C>G;115C>A],NA,p.Leu39Met,2.015266290758844,1.9829430255892035,2.041623612803118,0.08352663617604,-0.73763394,3.9056236386228993,3.842459798922776,3.95883550153124
urn:mavedb:00000234-a-1#839,c.[12T>C;15G>A;27A>G;33G>C;45C>T;78C>G;105T>C;114C>G;115C>G;117G>T],NA,p.Leu39Val,1.502996340402673,1.482309994945907,1.5230694566073966,0.0940273072478025,-0.70431566,3.0058095184674665,2.974993343950981,3.0358608475264424
urn:mavedb:00000234-a-1#840,c.[12T>C;15G>A;27A>G;33G>C;45C>T;78C>G;105T>C;114C>G;115C>A;117G>C],NA,p.Leu39Ile,1.6105029608674863,1.58423023123881,1.6322565514474168,0.0879456338728813,-0.72106266,3.191183518742234,3.150907308368645,3.224796273504453
urn:mavedb:00000234-a-1#841,c.[12T>C;15G>A;27A>G;33G>C;45C>T;78C>G;105T>C;114C>G;115C>T;116T>G],NA,p.Leu39Trp,1.8037930360035688,1.7735732844195284,1.845597863650612,0.0876398224640888,-0.74547505,3.533255596191622,3.483036611195321,3.604196382126186
urn:mavedb:00000234-a-1#842,c.[12T>C;15G>A;27A>G;33G>C;45C>T;78C>G;105T>C;114C>G;115C>T;116T>A;117G>C],NA,p.Leu39Tyr,2.047712041212061,2.0291577576376,2.0656344229778614,0.0924453491168084,-0.7227609,3.951471634672316,3.9135663021764793,3.988931585442572
urn:mavedb:00000234-a-1#843,c.[12T>C;15G>A;27A>G;33G>C;45C>T;78C>G;105T>C;114C>G;115C>T;117G>C],NA,p.Leu39Phe,1.9889935867392607,1.955808532786956,2.0240382700548256,0.0716385001993651,-0.7353029,3.8510025261716287,3.787883172071738,3.920033603942227
urn:mavedb:00000234-a-1#844,c.[12T>C;15G>A;27A>G;33G>C;45C>T;78C>G;105T>C;114C>G;116T>C],NA,p.Leu39Pro,1.4357073824542166,1.4240873098787827,1.4535011514380087,0.1308134327989339,-0.6705611,2.8606697192060744,2.843583581435615,2.886910881125707
urn:mavedb:00000234-a-1#845,c.[12T>C;15G>A;24C>G;27A>G;45C>T;78C>G;105T>C;114delinsGGGT],NA,p.Leu38_Leu39insGly,1.472457959544331,1.42617396501237,1.5183773522803314,0.1814156212835463,-0.700021,2.954594642091302,2.886299430878242,3.023052480374892
urn:mavedb:00000234-a-1#846,c.[6T>C;12T>C;15G>A;21A>G;27A>G;30G>A;45C>T;63G>T;75G>C;78C>G;105T>C;108A>G;114delinsGGCG;126G>A],NA,p.Leu38_Leu39insAla,1.5105038131186266,1.457311926631666,1.560183905141011,0.1705394322963395,-0.7397604,3.064646511470575,2.9855998041245657,3.139427663324911
urn:mavedb:00000234-a-1#847,c.[12T>C;18G>A;21A>G;27A>G;45C>T;78C>G;105T>C;114C>G;115_117del],NA,p.Leu39del,1.0723195238539087,0.9925216431174492,1.1192814216716205,0.1718422779390852,-0.6569452,2.320590767788334,2.208027668499917,2.3870128493673324
urn:mavedb:00000234-a-1#848,c.[12T>C;15G>A;21A>G;30G>A;45C>T;60C>T;78C>G;105T>C;114C>G;117G>C;118A>C;119C>A;120C>G;123C>T],NA,p.Thr40Gln,1.696514604265257,1.661952564203742,1.7342456291185877,0.0888162742134152,-0.72165346,3.3264535371062234,3.271893195758583,3.3869331154275324
urn:mavedb:00000234-a-1#849,c.[12T>C;21A>G;33G>C;45C>T;78C>G;105T>C;114C>G;118A>G;119C>A;120C>A],NA,p.Thr40Glu,1.6385613222987372,1.6212097447757934,1.648197535777607,0.1063771918741487,-0.6925416,3.196322888583817,3.1694263875647053,3.2113313921287245
urn:mavedb:00000234-a-1#850,c.[12T>C;15G>A;21A>G;27A>G;30G>A;45C>T;105T>C;114C>G;119C>A;120C>T],NA,p.Thr40Asn,2.1417940944841503,2.1050765689815725,2.1546864407037387,0.0791872486342732,-0.7155416,4.149724121952433,4.065036712864631,4.180766155297091
urn:mavedb:00000234-a-1#851,c.[12T>C;15G>A;27A>G;45C>T;78C>G;105T>C;114C>G;117G>C;118A>C;119C>A],NA,p.Thr40His,1.7203563527721808,1.6610017609238683,1.7695458288983,0.1053910311395381,-0.70781755,3.346005351683523,3.251846742926195,3.425952795599449
urn:mavedb:00000234-a-1#852,c.[12T>C;21A>G;33G>C;45C>T;78C>G;105T>C;114C>G;118A>G;119C>A],NA,p.Thr40Asp,1.7769834920105914,1.7364605183479511,1.832229925297282,0.1266916320427059,-0.6954229,3.421604478999668,3.355358521749286,3.514280431787794
urn:mavedb:00000234-a-1#853,c.[12T>C;15G>A;27A>G;33G>C;45C>T;78C>G;105T>C;114C>G;118A>C;119C>G;120C>T],NA,p.Thr40Arg,1.4151769359978048,1.393655499535832,1.419795438088023,0.0787458882146783,-0.8378911,3.055509670830805,3.024094395190908,3.062268185867053
urn:mavedb:00000234-a-1#854,c.[12T>C;15G>A;27A>G;45C>T;78C>G;105T>C;114C>G;117G>C;119C>A;120C>A],NA,p.Thr40Lys,1.581333917011758,1.5558378139477584,1.6069493728085262,0.0853106278522935,-0.7383394,3.169673890289005,3.1309376855192794,3.208895814396296
urn:mavedb:00000234-a-1#855,c.[12T>C;15G>A;27A>G;33G>C;45C>T;78C>G;105T>C;114C>G;118A>T;120C>T],NA,p.Thr40Ser,1.9596681400336584,1.9185670493957283,1.9816216488425056,0.0919513515643756,-0.7349787,3.794688171694249,3.718855998751212,3.836369575367206
urn:mavedb:00000234-a-1#856,c.[12T>C;15G>A;27A>G;33G>C;45C>T;78C>G;105T>C;114C>G;118A>G;120C>G],NA,p.Thr40Ala,2.01794947543189,1.982772633841956,2.0425455690962133,0.1272020608626377,-0.73375034,3.905771094867112,3.8369359368343416,3.955531976091009
urn:mavedb:00000234-a-1#857,c.[12T>C;15G>A;27A>G;33G>C;45C>T;78C>G;105T>C;114C>G;118A>G;119C>G;120C>T],NA,p.Thr40Gly,2.020170419509281,1.9553198703318104,2.086026286333828,0.1380390453877745,-0.7219002,3.89435188456092,3.769032060656428,4.031511170634322
urn:mavedb:00000234-a-1#858,c.[12T>C;15G>A;27A>G;33G>C;45C>T;78C>G;105T>C;114C>G;119C>T;120C>G],NA,p.Thr40Met,1.8079611626312115,1.7786258832706316,1.8337159115740973,0.0822823863164931,-0.7624655,3.5630021601208024,3.5141331519730383,3.606596612412504
urn:mavedb:00000234-a-1#859,c.[12T>C;24C>G;27A>G;45C>T;78C>G;105T>C;114C>G;118A>C;119C>T],NA,p.Thr40Leu,1.77554943569283,1.730512490436896,1.8555691907590053,0.1748318221751967,-0.7489197,3.490909663171251,3.4174423654472648,3.626006760511245
urn:mavedb:00000234-a-1#860,c.[18G>A;24C>G;27A>G;45C>T;78C>G;105T>C;114C>G;118A>G;119C>T;120C>T;126G>A],NA,p.Thr40Val,1.3230643978547514,1.307781046495465,1.3401370368383476,0.0715303873479571,-0.7315881,2.7787856338841195,2.756762063386715,2.8034449547286684
urn:mavedb:00000234-a-1#861,c.[12T>C;15G>A;27A>G;33G>C;45C>T;78C>G;105T>C;114C>G;119C>T],NA,p.Thr40Ile,1.372233293978288,1.3411945154356504,1.3873880936101002,0.0774725156380416,-0.75004697,2.874823160956254,2.829832042303691,2.89687424929222
urn:mavedb:00000234-a-1#862,c.[12T>C;15G>A;27A>G;33G>C;45C>T;78C>G;105T>C;114C>G;118A>T;119C>G;120C>G],NA,p.Thr40Trp,1.4116207468654145,1.3747343906838898,1.4354096369819624,0.1141881680575542,-0.74361134,2.923602561013441,2.869798226003218,2.958498625384625
urn:mavedb:00000234-a-1#863,c.[12T>C;15G>A;27A>G;33G>C;45C>T;78C>G;105T>C;114C>G;118A>T;119C>A],NA,p.Thr40Tyr,1.518476691908189,1.5058419244459529,1.5427207892380017,0.0899984475054033,-0.7324662,3.066785883204944,3.0478812489479297,3.1032339642867544
urn:mavedb:00000234-a-1#864,c.[12T>C;15G>A;27A>G;45C>T;63G>T;78C>G;105T>C;114C>G;117G>C;118A>T;119C>T;123C>T],NA,p.Thr40Phe,1.5076595453202644,1.485770432252259,1.5173471632732207,0.0691785650719885,-0.7510874,3.075606605497015,3.042986140787156,3.09009969582616
urn:mavedb:00000234-a-1#865,c.[12T>C;15G>A;27A>G;33G>C;45C>T;78C>G;105T>C;114C>G;118A>C;120C>G],NA,p.Thr40Pro,0.760126381882369,0.7219986819749086,0.8261807267626249,0.1137545396234076,-0.7168553,1.9634933561435888,1.9098320097245645,2.0562939817458723
urn:mavedb:00000234-a-1#866,c.[12T>C;18G>A;21A>G;24C>G;30G>A;45C>T;78C>G;105T>C;114C>G;118A>T;119C>G;120C>T;126G>A],NA,p.Thr40Cys,1.527751771545923,1.3267228229062225,1.6634254405841535,0.3383465177142614,-0.7267225,3.072989004813307,2.777508928215942,3.281000696009193
urn:mavedb:00000234-a-1#867,c.[3T>C;6T>C;12T>C;18G>A;24C>G;27A>G;30G>A;45C>T;78C>G;105T>C;114C>G;117_118insGGC],NA,p.Leu39_Thr40insGly,1.2163500449961702,1.1451509137769724,1.2939940914769987,0.2639358010167854,-0.69962287,2.582697303757873,2.481545521018631,2.693823040695896
urn:mavedb:00000234-a-1#868,c.[24C>G;45C>T;75G>C;78C>G;105T>C;114C>G;117_118insGCG],NA,p.Leu39_Thr40insAla,1.4880841464058276,1.4172732769911545,1.539974511005699,0.2232703962861207,-0.7257235,3.012350343319054,2.9078209492810565,3.090039832076236
urn:mavedb:00000234-a-1#869,c.[12T>C;15G>A;24C>G;45C>T;78C>G;105T>C;118_120del;126G>A],NA,p.Thr40del,0.992123746739536,0.9509987956255188,1.069965065312848,0.1208357107128084,-0.6871302,2.248672157935476,2.1908400380077286,2.358320654497944
urn:mavedb:00000234-a-1#870,c.[12T>C;15G>A;27A>G;33G>C;45C>T;78C>G;105T>C;114C>G;123C>G],NA,p.His41Gln,1.7655031620999613,1.731937453213873,1.7847547344098873,0.1147620723455913,-0.74688315,3.4716493220101445,3.417013491197157,3.503407278760049
urn:mavedb:00000234-a-1#871,c.[12T>C;15G>A;27A>G;33G>C;45C>T;78C>G;105T>C;114C>G;121C>G;123C>A],NA,p.His41Glu,1.6757261533779355,1.6428839900939851,1.7330017804484814,0.0839076219041176,-0.7180593,3.2887268587987126,3.2372814730369663,3.380105885695578
urn:mavedb:00000234-a-1#872,c.[12T>C;15G>A;27A>G;33G>C;45C>T;78C>G;105T>C;114C>G;121C>A],NA,p.His41Asn,1.5170256205034782,1.5065132462178596,1.5574549692735833,0.0829457863052462,-0.7395947,3.074185239991725,3.0584590926009225,3.1350710677124094
urn:mavedb:00000234-a-1#873,c.[12T>C;15G>A;27A>G;33G>C;45C>T;78C>G;105T>C;114C>G;121C>G],NA,p.His41Asp,1.6677525383570042,1.6356642852925092,1.6935187361624744,0.1090714304016664,-0.7213328,3.2805670379044503,3.2304470222862225,3.321263926555829
urn:mavedb:00000234-a-1#874,c.[12T>C;15G>A;27A>G;33G>C;45C>T;78C>G;105T>C;114C>G;122A>G;123C>T],NA,p.His41Arg,1.1521588110246164,1.1283247569242838,1.1694715312628623,0.0878028145187566,-0.8372195,2.677478443890007,2.6438552885952027,2.7019439283421463
urn:mavedb:00000234-a-1#875,c.[12T>C;15G>A;27A>G;33G>C;45C>T;78C>G;105T>C;114C>G;121C>A;123C>A],NA,p.His41Lys,1.3301914015694765,1.3033085818496808,1.3502850032689702,0.0804642765970734,-0.753005,2.817918571509656,2.7791881066701287,2.846967754508441
urn:mavedb:00000234-a-1#876,c.[12T>C;15G>A;27A>G;33G>C;45C>T;78C>G;105T>C;114C>G;121C>A;122A>C],NA,p.His41Thr,1.7129874543430934,1.698458627359986,1.7291425730780396,0.0649486982832824,-0.75489664,3.3972877036101923,3.3741046234874745,3.423241323935586
urn:mavedb:00000234-a-1#877,c.[12T>C;15G>A;27A>G;33G>C;45C>T;78C>G;105T>C;114C>G;121C>T;122A>C;123C>T],NA,p.His41Ser,1.5472273921509907,1.5270119303161844,1.5733712771022557,0.090318188304963,-0.7509501,3.1348480851996325,3.104409986547079,3.174467873908489
urn:mavedb:00000234-a-1#878,c.[12T>C;18G>A;21A>G;27A>G;45C>T;78C>G;105T>C;114C>G;121C>G;122A>C;123C>T],NA,p.His41Ala,1.4337616063916512,1.398564692618543,1.4576860929393352,0.0909543454806651,-0.7655122,2.985515262367234,2.933973252420244,3.0207572826893534
urn:mavedb:00000234-a-1#879,c.[12T>C;15G>A;27A>G;45C>T;78C>G;105T>C;114C>G;121C>G;122A>G;126G>A],NA,p.His41Gly,1.888204234236676,1.863370864888292,1.9177676187756856,0.1039618466192409,-0.74523664,3.6781936293354978,3.634612178536214,3.731136770881321
urn:mavedb:00000234-a-1#880,c.[12T>C;15G>A;27A>G;33G>C;45C>T;78C>G;105T>C;114C>G;121C>A;122A>T;123C>G],NA,p.His41Met,2.164429109485847,2.136861760761187,2.197913156007444,0.0955096470262548,-0.78544354,4.298197774883864,4.231514056012148,4.384285339042448
urn:mavedb:00000234-a-1#881,c.[12T>C;15G>A;27A>G;33G>C;45C>T;78C>G;105T>C;114C>G;122A>T;123C>G],NA,p.His41Leu,2.0299731027190173,1.98087987799846,2.0513887011191927,0.087258513123676,-0.7841196,3.9972941105565183,3.900693883360286,4.04115936707178
urn:mavedb:00000234-a-1#882,c.[12T>C;15G>A;27A>G;33G>C;45C>T;78C>G;105T>C;114C>G;121C>G;122A>T;123C>T],NA,p.His41Val,1.476584299403772,1.4491577627236458,1.5064641716404543,0.0753708399664167,-0.76011825,3.0414783389121087,3.0009262509422188,3.085947730406549
urn:mavedb:00000234-a-1#883,c.[12T>C;15G>A;27A>G;33G>C;45C>T;78C>G;105T>C;114C>G;121C>A;122A>T],NA,p.His41Ile,1.733877288742965,1.715420279742184,1.7702472512138503,0.0920951329569386,-0.7751839,3.458063972718925,3.4283676084875108,3.5173527170912187
urn:mavedb:00000234-a-1#884,c.[12T>C;15G>A;27A>G;33G>C;45C>T;78C>G;105T>C;114C>G;121C>T;122A>G;123C>G],NA,p.His41Trp,1.937728884495117,1.8970100075427072,2.0252873573797223,0.0970007014141768,-0.7741902,3.806347294470581,3.732590422481596,3.974564221190768
urn:mavedb:00000234-a-1#885,c.[12T>C;15G>A;27A>G;33G>C;45C>T;78C>G;105T>C;114C>G;121C>T],NA,p.His41Tyr,1.9594558815230143,1.9330125423990383,1.9768439120472343,0.0809229820760565,-0.7626939,3.8313756427118655,3.7822930546940334,3.864306265149145
urn:mavedb:00000234-a-1#886,c.[12T>C;15G>A;27A>G;33G>C;45C>T;78C>G;105T>C;114C>G;121C>T;122A>T],NA,p.His41Phe,1.8329491122428665,1.8051757528518444,1.8513273885892496,0.0869954797470228,-0.7839689,3.634077816169302,3.587121037203307,3.665598130845397
urn:mavedb:00000234-a-1#887,c.[12T>C;18G>A;21A>G;27A>G;45C>T;78C>G;105T>C;114C>G;122A>C;123C>A],NA,p.His41Pro,1.1987452974208963,1.15032946725978,1.228669199128998,0.0821131450294325,-0.7493551,2.62484779994005,2.5561987059105924,2.667431538859543
urn:mavedb:00000234-a-1#888,c.[12T>C;15G>A;24C>G;45C>T;78C>G;105T>C;114C>G;121C>T;122A>G;126G>A],NA,p.His41Cys,0.7564187210808805,0.68532465707277,1.0238538639177797,0.2020976486303756,-0.7539041,2.009405591490129,1.909555635150506,2.3841454353138976
urn:mavedb:00000234-a-1#889,c.[12T>C;18G>A;21A>G;27A>G;45C>T;78C>G;105T>C;114C>G;120_121insGGC;123C>T],NA,p.Thr40_His41insGly,1.2988820695519172,1.239830093530767,1.361554822982424,0.1906952472529449,-0.696893,2.697170459185464,2.612513033095973,2.7877432347196875
urn:mavedb:00000234-a-1#890,c.[3T>C;12T>C;18G>A;21A>G;27A>G;45C>T;75G>C;78C>G;105T>C;114C>G;120_121insGCG],NA,p.Thr40_His41insAla,0.2058616028077424,0.1029206249974215,0.3970860379596033,0.253940464208409,-0.72349524,1.1715036793603346,1.0123350162461295,1.4554379124064714
urn:mavedb:00000234-a-1#891,c.[15G>A;21A>G;45C>T;78C>G;105T>C;114C>G;120C>T;121_123del],NA,p.His41del,0.9304226896309916,0.898857130221528,0.9690055480834564,0.083508993785676,-0.7197366,2.206499860167141,2.162217587218258,2.260648675386252
urn:mavedb:00000234-a-1#892,c.[12T>C;15G>A;27A>G;33G>C;45C>T;78C>G;105T>C;114C>G;125C>A],NA,p.Pro42Gln,2.224785509794467,2.2000179555755848,2.252664861705828,0.0949918083322862,-0.72139263,4.372643678163525,4.304274768825875,4.4551041811656376
urn:mavedb:00000234-a-1#893,c.[12T>C;15G>A;27A>G;33G>C;45C>T;78C>G;105T>C;114C>G;124C>G;125C>A;126G>A],NA,p.Pro42Glu,1.8328269942429345,1.810195930803156,1.8665578562147576,0.0779458209931253,-0.7075193,3.531500718976482,3.4931679076422726,3.589662140567944
urn:mavedb:00000234-a-1#894,c.[12T>C;15G>A;27A>G;33G>C;45C>T;78C>G;105T>C;114C>G;124C>A;125C>A;126G>C],NA,p.Pro42Asn,2.057642052949279,2.0243807311555755,2.0962344804440893,0.0789148164992817,-0.7163813,3.963584921201998,3.895406708388045,4.046502546688869
urn:mavedb:00000234-a-1#895,c.[12T>C;15G>A;27A>G;33G>C;45C>T;78C>G;105T>C;114C>G;125C>A;126G>C],NA,p.Pro42His,2.829470166570732,2.771176063772488,2.9053697252118904,0.1007146804397607,-0.71137595,15.0,5.0,25.0
urn:mavedb:00000234-a-1#896,c.[12T>C;15G>A;27A>G;33G>C;45C>T;78C>G;105T>C;114C>G;124C>G;125C>A;126G>C],NA,p.Pro42Asp,1.8070951267711488,1.7892561529648092,1.8195002038584824,0.0835357838778302,-0.70680594,3.487000235094718,3.4571935108867424,3.5079087988968105
urn:mavedb:00000234-a-1#897,c.[12T>C;15G>A;27A>G;33G>C;45C>T;78C>G;105T>C;114C>G;125C>G;126G>T],NA,p.Pro42Arg,1.7316075661174517,1.703369153591197,1.7721948809840635,0.0977823421160238,-0.8956971,3.615782547211285,3.5705235963086617,3.681903216890929
urn:mavedb:00000234-a-1#898,c.[12T>C;15G>A;27A>G;33G>C;45C>T;78C>G;105T>C;114C>G;124C>A;125C>A;126G>A],NA,p.Pro42Lys,2.1344046422413765,2.0958193855290728,2.1603846376650115,0.0654490431028228,-0.7577317,4.188676171733225,4.100890904886655,4.251143412059709
urn:mavedb:00000234-a-1#899,c.[12T>C;15G>A;27A>G;33G>C;45C>T;78C>G;105T>C;114C>G;124C>A;126G>C],NA,p.Pro42Thr,2.074109833440204,2.0458193045708377,2.110219395572084,0.0816301079263628,-0.7238538,4.008419399060553,3.949027446379663,4.087711297384963
urn:mavedb:00000234-a-1#900,c.[12T>C;15G>A;27A>G;33G>C;45C>T;78C>G;105T>C;114C>G;124C>T;126G>T],NA,p.Pro42Ser,2.067879027657831,2.047817987880624,2.0847922397168177,0.0604456068153048,-0.72333837,3.99445786693631,3.95246308141922,4.030752681933716
urn:mavedb:00000234-a-1#901,c.[12T>C;15G>A;27A>G;33G>C;45C>T;78C>G;105T>C;114C>G;124C>G],NA,p.Pro42Ala,2.257189169579094,2.2327735291570976,2.2903991745518213,0.0759078555098531,-0.7361753,4.488884692167777,4.415388572717049,4.598325564272192
urn:mavedb:00000234-a-1#902,c.[12T>C;15G>A;27A>G;33G>C;45C>T;78C>G;105T>C;114C>G;124C>G;125C>G;126G>T],NA,p.Pro42Gly,2.049703494616352,2.029360283178468,2.0870954898353924,0.0566868808786144,-0.72090006,3.953102254854952,3.911485949765604,4.032501143529621
urn:mavedb:00000234-a-1#903,c.[12T>C;15G>A;27A>G;33G>C;45C>T;78C>G;105T>C;114C>G;124C>A;125C>T],NA,p.Pro42Met,2.4159623237253105,2.347179646577566,2.4480587195336363,0.0887754933876898,-0.74310327,5.226364729140204,4.831442660894641,5.527452516792256
urn:mavedb:00000234-a-1#904,c.[12T>C;15G>A;27A>G;33G>C;45C>T;78C>G;105T>C;114C>G;125C>T],NA,p.Pro42Leu,2.3860649171392927,2.3429713712371507,2.438471131833915,0.0775235770485532,-0.7389097,5.023478769234209,4.807100408714814,5.417050784353989
urn:mavedb:00000234-a-1#905,c.[12T>C;15G>A;27A>G;33G>C;45C>T;78C>G;105T>C;114C>G;124C>G;125C>T;126G>T],NA,p.Pro42Val,2.440128807440012,2.3985555942759,2.459812017888132,0.0607520101658477,-0.72837305,5.419944196809937,5.085442414847698,5.664561321890564
urn:mavedb:00000234-a-1#906,c.[12T>C;15G>A;27A>G;33G>C;45C>T;78C>G;105T>C;114C>G;124C>A;125C>T;126G>C],NA,p.Pro42Ile,2.4904260389199315,2.4694830006218185,2.516275901695601,0.0758011758382623,-0.7337365,6.524413967143388,5.837947193949463,25.0
urn:mavedb:00000234-a-1#907,c.[12T>C;15G>A;27A>G;33G>C;45C>T;78C>G;105T>C;114C>G;124C>T;125C>G],NA,p.Pro42Trp,2.8642648548787344,2.804357102786751,2.905816359658182,0.0979183841164283,-0.77210546,15.0,5.0,25.0
urn:mavedb:00000234-a-1#908,c.[12T>C;15G>A;27A>G;33G>C;45C>T;78C>G;105T>C;114C>G;124C>T;125C>A;126G>C],NA,p.Pro42Tyr,3.2515795493108897,3.1870170242086684,3.3611373009720475,0.0758328886982735,-0.74994516,15.0,5.0,25.0
urn:mavedb:00000234-a-1#909,c.[12T>C;15G>A;27A>G;33G>C;45C>T;78C>G;105T>C;114C>G;124C>T;125C>T;126G>C],NA,p.Pro42Phe,3.456678763549435,3.2987492049268634,3.558443276810013,0.0990281481368158,-0.761204,15.0,5.0,25.0
urn:mavedb:00000234-a-1#910,c.[15G>A;24C>G;45C>T;78C>G;84C>T;105T>C;114C>G;123C>T;124C>T;125C>G;126G>T],NA,p.Pro42Cys,1.5996537852625996,1.3512776113054348,1.91864888171413,0.4274629878342271,-0.75396395,3.218653559268537,2.849695914872582,3.744414351017686
urn:mavedb:00000234-a-1#911,c.[12T>C;15G>A;21A>G;30G>A;33G>C;45C>T;78C>G;105T>C;114C>G;123_124insGGT],NA,p.His41_Pro42insGly,1.217818864227512,1.1681296121069864,1.2758276375828006,0.2021890415087059,-0.6863301,2.566817638416504,2.4961248103884675,2.6497877828023846
urn:mavedb:00000234-a-1#912,c.[12T>C;15G>A;18G>A;24C>G;33G>C;45C>T;78C>G;105T>C;114C>G;123_124insGCG;126G>A],NA,p.His41_Pro42insAla,1.1200394402465288,0.9148101506794089,1.1874313471100533,0.3077271181344235,-0.6959977,2.441088083018199,2.1521186894958784,2.5366327709399656
urn:mavedb:00000234-a-1#913,c.[12T>C;45C>T;78C>G;105T>C;114C>G;124_126del],NA,p.Pro42del,1.5170636531895725,1.4654274241070515,1.5840963773885446,0.2304104590773746,-0.70294404,3.025010806444445,2.9481079063313,3.1263825556398293
urn:mavedb:00000234-a-1#914,c.[12T>C;18G>A;24C>G;33G>C;45C>T;78C>G;88A>C;89C>A;90C>G;94G>C;96A>G;99G>A;105T>C;114C>G],NA,p.[Thr30Gln;Glu32Gln],0.1439812387712559,0.127808460203768,0.1599629154715904,0.0893881486551376,-0.69650745,1.034593112766132,1.0091752401750498,1.059558255684072
urn:mavedb:00000234-a-1#915,c.[12T>C;15G>A;18G>A;21A>G;27A>G;30G>A;45C>T;78C>G;88A>C;89C>A;90C>G;94G>A;96A>C;105T>C;114C>G;126G>A],NA,p.[Thr30Gln;Glu32Asn],0.0703272373385477,0.0238348127999026,0.1295863192413112,0.1016709404058927,-0.69315124,0.9120392462658792,0.8359143106474659,1.0067051291985722
urn:mavedb:00000234-a-1#916,c.[3T>C;12T>C;15G>A;21A>G;27A>G;30G>A;33G>C;45C>T;88A>C;89C>A;90C>G;94G>C;96A>C;105T>C;114C>G],NA,p.[Thr30Gln;Glu32His],-0.0277719728292325,-0.0892500656196492,-0.0030205586187103,0.1231907407780052,-0.6914029,0.7461541894931324,0.6388557760568058,0.7881457069601996
urn:mavedb:00000234-a-1#917,c.[3T>C;27A>G;45C>T;72G>T;75G>C;78C>G;88A>C;89C>A;90C>G;96A>C;99G>A;105T>C;114C>G;126G>A],NA,p.[Thr30Gln;Glu32Asp],0.266241858194658,0.187678798040675,0.2961967485127752,0.174841051622905,-0.6811471,1.1991646317102167,1.0788586102811957,1.2443105511357575
urn:mavedb:00000234-a-1#918,c.[12T>C;18G>A;21A>G;24C>G;30G>A;33G>C;45C>T;69A>G;78C>G;88A>C;89C>A;90C>G;94G>C;95A>G;96A>C;105T>C;114C>G],NA,p.[Thr30Gln;Glu32Arg],-0.6231361849861132,-0.7094135393292571,-0.5550962063614783,0.1671857859146233,-0.97324157,0.1248574233751766,-0.1036662020094981,0.2799814641933162
urn:mavedb:00000234-a-1#919,c.[9T>G;12T>C;18G>A;45C>T;60C>T;78C>G;88A>C;89C>A;90C>G;94G>A;99G>A;105T>C;114C>G;126G>A],NA,p.[Thr30Gln;Glu32Lys],-0.0970727139495015,-0.1442684217382291,-0.055251251660956,0.1237673601180949,-0.78996587,0.7953569323848461,0.7149836361581137,0.8647495360758223
urn:mavedb:00000234-a-1#920,c.[6T>C;12T>C;15G>A;24C>G;30G>A;45C>T;84C>T;88A>C;89C>A;90C>A;94G>A;95A>C;96A>C;105T>C;108A>G;114C>G],NA,p.[Thr30Gln;Glu32Thr],-0.0188521069498893,-0.0388408693262971,-0.0012812843850805,0.1539767013705601,-0.6986985,0.7737054668337877,0.7396675525623996,0.8032889903207339
urn:mavedb:00000234-a-1#921,c.[6T>C;15G>A;18G>A;24C>G;27A>G;30G>A;33G>C;78C>G;88A>C;89C>A;90C>G;94G>T;95A>C;96A>T;105T>C;114C>G;126G>A],NA,p.[Thr30Gln;Glu32Ser],0.1588342233659457,0.1222870177341569,0.1953865407694115,0.1050722657703796,-0.7024338,1.0669878146628355,1.0097800328663196,1.1234612222022315
urn:mavedb:00000234-a-1#922,c.[12T>C;15G>A;21A>G;30G>A;33G>C;45C>T;78C>G;88A>C;89C>A;90C>G;95A>C;96A>G;105T>C;114C>G],NA,p.[Thr30Gln;Glu32Ala],0.0458757592414035,0.0042819340437142,0.0733933534270969,0.1299092983354461,-0.72276735,0.920244602949304,0.852413855526597,0.964394398144466
urn:mavedb:00000234-a-1#923,c.[12T>C;15G>A;18G>A;21A>G;27A>G;30G>A;45C>T;63G>T;78C>G;88A>C;89C>A;90C>G;95A>G;96A>T;99G>A;105T>C;114C>G],NA,p.[Thr30Gln;Glu32Gly],-0.0155042342433565,-0.0347832381146288,0.0003452419622301,0.0985986924836041,-0.7002795,0.7820284826537061,0.7493060320654196,0.8086502830105033
urn:mavedb:00000234-a-1#924,c.[21A>G;45C>T;88A>C;89C>A;90C>G;94G>A;95A>T;96A>G;105T>C;114C>G],NA,p.[Thr30Gln;Glu32Met],-0.2506924436660769,-0.2986667691853301,-0.1865054132449303,0.1417741496187004,-0.74312425,0.4334627731649139,0.3362190895972912,0.5559765153381454
urn:mavedb:00000234-a-1#925,c.[12T>C;24C>G;27A>G;45C>T;48C>T;78C>G;87T>C;88A>C;89C>A;90C>G;94G>C;95A>T;96A>C;105T>C;114C>G],NA,p.[Thr30Gln;Glu32Leu],-0.0486968558432123,-0.071430754498131,-0.0218877549803186,0.0853029654973577,-0.73143435,0.7784654779174732,0.7397954981485825,0.8234005170132879
urn:mavedb:00000234-a-1#926,c.[12T>C;24C>G;27A>G;45C>T;78C>G;88A>C;89C>A;90C>G;95A>T;96A>T;105T>C;114C>G],NA,p.[Thr30Gln;Glu32Val],-0.0545529469402825,-0.0922491063700862,-0.0265486421933882,0.0913927711192841,-0.7097044,0.7315495734227319,0.6659352071661087,0.7792563730438582
urn:mavedb:00000234-a-1#927,c.[18G>A;33G>C;45C>T;69A>G;75G>C;88A>C;89C>A;90C>G;94G>A;95A>T;96A>C;105T>C;114C>G],NA,p.[Thr30Gln;Glu32Ile],0.0404058073739352,0.0300599366753852,0.0572716947104512,0.0789359713316651,-0.7216103,0.9095345137768116,0.8927381107824767,0.9367413318196556
urn:mavedb:00000234-a-1#928,c.[3T>C;6T>C;12T>C;18G>A;21A>G;27A>G;45C>T;78C>G;88A>C;89C>A;90C>G;94G>T;95A>G;96A>G;105T>C;108A>G;114C>G],NA,p.[Thr30Gln;Glu32Trp],-0.0366314726811976,-0.0922128033496209,-0.0122093630111565,0.2117203755400158,-0.79638505,0.9055506934473676,0.8142074451114271,0.9449014633033456
urn:mavedb:00000234-a-1#929,c.[12T>C;15G>A;24C>G;27A>G;39C>T;45C>T;78C>G;88A>C;89C>A;90C>G;94G>T;96A>C;105T>C;114C>G],NA,p.[Thr30Gln;Glu32Tyr],-0.0020226107462934,-0.021642748134213,0.0086136405270508,0.0553522997890315,-0.757354,0.8985343915541157,0.866510962678185,0.915766928555047
urn:mavedb:00000234-a-1#930,c.[3T>C;6T>C;15G>A;18G>A;27A>G;33G>C;45C>T;60C>T;78C>G;88A>C;89C>A;90C>G;94G>T;95A>T;96A>C;105T>C;114C>G],NA,p.[Thr30Gln;Glu32Phe],-0.0369069518180904,-0.0593126399760907,0.0037136779646618,0.0759440747145257,-0.7682824,0.859348298917998,0.8222987583877309,0.9254484694559086
urn:mavedb:00000234-a-1#931,c.[6T>C;12T>C;15G>A;27A>G;45C>T;78C>G;88A>C;89C>A;90C>G;94G>C;95A>C;96A>G;105T>C;114C>G],NA,p.[Thr30Gln;Glu32Pro],-0.076766242669707,-0.1027880621677126,0.0455961052428027,0.1691850475406234,-0.6818726,0.6441523671741733,0.5973612596107627,0.8532886423046733
urn:mavedb:00000234-a-1#932,c.[3T>C;12T>C;18G>A;21A>G;24C>G;30G>A;45C>T;78C>G;88A>G;89C>A;90C>A;94G>C;96A>G;105T>C],NA,p.[Thr30Glu;Glu32Gln],0.2968977625173158,0.2382797984418915,0.3696160028534719,0.1686672062037935,-0.68397737,1.249585329773062,1.1609754175125584,1.3577096564365116
urn:mavedb:00000234-a-1#933,c.[12T>C;15G>A;21A>G;30G>A;45C>T;78C>G;88A>G;89C>A;90C>A;94G>A;96A>C;102G>T;105T>C;114C>G],NA,p.[Thr30Glu;Glu32Asn],0.3014230642813047,0.2614321612714824,0.3194927935643902,0.0678021262288633,-0.68193984,1.2533325267519315,1.1930763036390923,1.2803559682921386
urn:mavedb:00000234-a-1#934,c.[12T>C;15G>A;18G>A;21A>G;27A>G;30G>A;45C>T;63G>T;78C>G;88A>G;89C>A;90C>A;94G>C;96A>C;105T>C;114C>G;123C>T;126G>A],NA,p.[Thr30Glu;Glu32His],0.3091383376224136,0.2746243236082077,0.3308818123443925,0.0607162892203346,-0.6812022,1.2637882851762403,1.211917599556089,1.2962367918724285
urn:mavedb:00000234-a-1#935,c.[12T>C;18G>A;21A>G;27A>G;45C>T;78C>G;88A>G;89C>A;90C>A;96A>C;114C>G],NA,p.[Thr30Glu;Glu32Asp],0.2981613441631445,0.2799115185093906,0.3118021198330354,0.1000413073890201,-0.67556024,1.2389172280394558,1.2114273379307228,1.2593793394937436
urn:mavedb:00000234-a-1#936,c.[12T>C;15G>A;21A>G;27A>G;30G>A;33G>C;45C>T;75G>C;78C>G;88A>G;89C>A;90C>A;94G>C;95A>G;96A>T;105T>C;114C>G;126G>A],NA,p.[Thr30Glu;Glu32Arg],0.0473101916352031,0.0274078574181647,0.0902066690620802,0.1318940973160355,-0.88282514,1.1717767860946158,1.141474335991004,1.2364927909813606
urn:mavedb:00000234-a-1#937,c.[6T>C;12T>C;15G>A;21A>G;27A>G;30G>A;45C>T;75G>C;88A>G;89C>A;90C>A;94G>A;105T>C;114C>G],NA,p.[Thr30Glu;Glu32Lys],0.2744074523482582,0.2398403586810409,0.3602691593932915,0.1595524654699492,-0.73554325,1.2925977952977867,1.240939496095137,1.4191874370044428
urn:mavedb:00000234-a-1#938,c.[12T>C;18G>A;21A>G;24C>G;30G>A;45C>T;63G>T;78C>G;88A>G;89C>A;90C>A;94G>A;95A>C;96A>C;105T>C;114C>G;123C>T;126G>A],NA,p.[Thr30Glu;Glu32Thr],0.3104846421204834,0.2657457895482537,0.3268104516560789,0.0981342723842946,-0.6846833,1.2709767135426573,1.203735416264502,1.295326597341141
urn:mavedb:00000234-a-1#939,c.[12T>C;18G>A;21A>G;27A>G;45C>T;78C>G;87T>C;88A>G;89C>A;90C>A;94G>T;95A>C;96A>T;105T>C;114C>G],NA,p.[Thr30Glu;Glu32Ser],0.2045112522782989,0.1806360746802124,0.2702375394770227,0.1264548273331985,-0.68620586,1.1126491510899374,1.0757478148270196,1.212809014977403
urn:mavedb:00000234-a-1#940,c.[12T>C;18G>A;21A>G;27A>G;33G>C;45C>T;60C>T;78C>G;88A>G;89C>A;90C>A;95A>C;96A>G;105T>C;114C>G],NA,p.[Thr30Glu;Glu32Ala],0.2910802890848191,0.2202998337526271,0.3135168229412483,0.1596307000965502,-0.69666266,1.2597695971476954,1.1528076407231502,1.2932635681966296
urn:mavedb:00000234-a-1#941,c.[6T>C;12T>C;15G>A;18G>A;21A>G;27A>G;30G>A;45C>T;78C>G;88A>G;89C>A;90C>A;95A>G;96A>T;105T>C;114C>G;117G>C;126G>A],NA,p.[Thr30Glu;Glu32Gly],0.1958251071464566,0.1847942816043305,0.2162803032915677,0.0735106680320243,-0.6854112,1.0980366649284858,1.080969909911864,1.1295187130992417
urn:mavedb:00000234-a-1#942,c.[3T>C;9T>G;12T>C;15G>A;21A>G;27A>G;30G>A;45C>T;78C>G;88A>G;89C>A;90C>A;94G>A;95A>T;96A>G;105T>C;114C>G],NA,p.[Thr30Glu;Glu32Met],-0.1285006516935878,-0.1832658347938707,-0.0634919841879804,0.1680479122714704,-0.708132,0.598269262285924,0.4964247249367287,0.7134278254929475
urn:mavedb:00000234-a-1#943,c.[6T>C;9T>G;12T>C;21A>G;45C>T;78C>G;88A>G;89C>A;90C>A;94G>T;95A>G;96A>C;105T>C;114C>G;126G>A],NA,p.[Thr30Glu;Glu32Cys],0.8313324196483006,0.706208403921809,1.035808331235773,0.3303793441388147,-0.7330079,2.0857137691752223,1.90998314355971,2.372558771727367
urn:mavedb:00000234-a-1#944,c.[6T>C;12T>C;15G>A;24C>G;33G>C;45C>T;78C>G;88A>G;89C>A;90C>A;94G>C;95A>T;96A>G;105T>C;114C>G],NA,p.[Thr30Glu;Glu32Leu],0.1751166875500808,0.1044162560958972,0.205532543218456,0.1166465857584111,-0.7023587,1.0921152775362926,0.981390344334533,1.1389018641988928
urn:mavedb:00000234-a-1#945,c.[12T>C;15G>A;24C>G;27A>G;45C>T;78C>G;88A>G;89C>A;90C>A;95A>T;96A>T;105T>C;114C>G;126G>A],NA,p.[Thr30Glu;Glu32Val],0.2074371119958503,0.1829388296581464,0.2349005234400633,0.0749411953756831,-0.6904142,1.123589908405339,1.0858138028644122,1.1655865578115647
urn:mavedb:00000234-a-1#946,c.[12T>C;18G>A;21A>G;30G>A;45C>T;88A>G;89C>A;90C>A;94G>A;95A>T;96A>C;99G>A;105T>C;114C>G;126G>A],NA,p.[Thr30Glu;Glu32Ile],0.2505660296110939,0.2228874481978178,0.2662396980904158,0.0891345034969084,-0.69644594,1.1984763448927287,1.156427069898636,1.222141842893412
urn:mavedb:00000234-a-1#947,c.[12T>C;21A>G;27A>G;30G>A;45C>T;88A>G;89C>A;90C>A;94G>T;95A>G;96A>G;105T>C;114C>G],NA,p.[Thr30Glu;Glu32Trp],0.2552301178662809,0.2207974119586851,0.2980151342349468,0.1427452976587725,-0.7398615,1.2704126959536008,1.218765008192099,1.333986357753225
urn:mavedb:00000234-a-1#948,c.[12T>C;24C>G;27A>G;45C>T;78C>G;88A>G;89C>A;90C>A;94G>T;96A>C;105T>C;114C>G],NA,p.[Thr30Glu;Glu32Tyr],0.1702292039426287,0.1457754426714426,0.1903976364629562,0.1211312887651464,-0.7167425,1.1066811908619387,1.0688443847939195,1.1376557788456545
urn:mavedb:00000234-a-1#949,c.[12T>C;15G>A;18G>A;21A>G;27A>G;33G>C;45C>T;78C>G;88A>G;89C>A;90C>A;94G>T;95A>T;96A>C;102G>T;105T>C;114C>G;123C>T],NA,p.[Thr30Glu;Glu32Phe],0.0746432175158413,0.0544839326116573,0.1123250416320641,0.0816300775827068,-0.7229092,0.9666123936789522,0.934341828958004,1.0262028624016348
urn:mavedb:00000234-a-1#950,c.[3T>C;12T>C;33G>C;45C>T;78C>G;88A>G;89C>A;90C>A;94G>C;95A>C;96A>G;105T>C;114C>G],NA,p.[Thr30Glu;Glu32Pro],-0.4735090023880259,-0.5956947324424313,-0.4005722675527139,0.3935023547747319,-0.6758549,-0.3020017945997098,-0.9252082484630716,-0.0702092578358679
urn:mavedb:00000234-a-1#951,c.[3T>C;12T>C;21A>G;45C>T;78C>G;89C>A;94G>C;105T>C;114C>G],NA,p.[Thr30Asn;Glu32Gln],1.1262175163551331,1.0332983673822729,1.2171580480902846,0.18435837295951,-0.6904433,2.442295537548995,2.3111429489502924,2.571437696754814
urn:mavedb:00000234-a-1#952,c.[6T>C;12T>C;15G>A;21A>G;27A>G;30G>A;33G>C;45C>T;78C>G;89C>A;94G>A;96A>C;105T>C;126G>A],NA,p.[Thr30Asn;Glu32Asn],0.8985520491634043,0.8415756007073288,0.9738875603573748,0.154615379401537,-0.6876364,2.1178208067246413,2.0377319624768195,2.223713024719098
urn:mavedb:00000234-a-1#953,c.[12T>C;15G>A;18G>A;21A>G;24C>G;30G>A;45C>T;89C>A;94G>C;96A>C;105T>C;114C>G],NA,p.[Thr30Asn;Glu32His],0.8873528840132738,0.8305339922520806,0.9411831731406604,0.1479151406959956,-0.6865804,2.100632949878205,2.0207494678137805,2.176290339033722
urn:mavedb:00000234-a-1#954,c.[12T>C;21A>G;27A>G;30G>A;45C>T;78C>G;89C>A;96A>C;105T>C],NA,p.[Thr30Asn;Glu32Asp],1.267700444736464,1.1904854520974122,1.333328713349778,0.2113883160895983,-0.6790259,2.6282656436847764,2.518004863334317,2.722758373622473
urn:mavedb:00000234-a-1#955,c.[27A>G;45C>T;89C>A;94G>C;95A>G;96A>T;105T>C;114C>G],NA,p.[Thr30Asn;Glu32Arg],0.6665672617779483,0.5812795805596044,0.7428229596608421,0.1865820836218776,-0.93840766,2.1374324725229137,2.0187788815316665,2.2433058746290264
urn:mavedb:00000234-a-1#956,c.[12T>C;18G>A;27A>G;39C>T;45C>T;78C>G;89C>A;94G>A;105T>C;114C>G;126G>A],NA,p.[Thr30Asn;Glu32Lys],1.314415797806753,1.27214197923754,1.3506463552554626,0.1128896343885288,-0.76583123,2.8124477461620176,2.751752227224125,2.8647543963515885
urn:mavedb:00000234-a-1#957,c.[12T>C;15G>A;24C>G;27A>G;45C>T;78C>G;87T>C;89C>A;94G>A;95A>C;96A>C;105T>C;114C>G],NA,p.[Thr30Asn;Glu32Thr],1.0370700308394454,0.9765085614640044,1.115931660672734,0.1659171310742134,-0.6914468,2.3178211452754014,2.232599905169457,2.4291057376418945
urn:mavedb:00000234-a-1#958,c.[12T>C;15G>A;24C>G;27A>G;45C>T;78C>G;89C>A;94G>T;95A>C;96A>T;105T>C;114C>G;126G>A],NA,p.[Thr30Asn;Glu32Ser],1.0480881561889706,1.0138862370030437,1.096824324215661,0.1025158604249946,-0.69351697,2.336160128420377,2.2879990777748387,2.404910776867661
urn:mavedb:00000234-a-1#959,c.[3T>C;12T>C;15G>A;24C>G;27A>G;45C>T;78C>G;89C>A;95A>C;96A>G;105T>C;114C>G],NA,p.[Thr30Asn;Glu32Ala],0.4127402042482656,0.3642637994809254,0.4969765952661092,0.2485665081554519,-0.70974445,1.4583570526315324,1.387497357083013,1.5801622296379771
urn:mavedb:00000234-a-1#960,c.[12T>C;15G>A;21A>G;27A>G;30G>A;39C>T;45C>T;87T>C;89C>A;95A>G;96A>T;99G>A;102G>T;114C>G;126G>A],NA,p.[Thr30Asn;Glu32Gly],0.9128208607535108,0.8390339345960391,0.9726188065966884,0.2166536245614132,-0.6930907,2.1453437814387093,2.041663906807222,2.229374860472793
urn:mavedb:00000234-a-1#961,c.[12T>C;18G>A;21A>G;27A>G;45C>T;78C>G;89C>A;94G>A;95A>T;96A>G;105T>C],NA,p.[Thr30Asn;Glu32Met],0.6280353199133568,0.5765282730238757,0.6614181052296644,0.2089568008384594,-0.7254038,1.7890682697560265,1.7160018658486889,1.836268552791222
urn:mavedb:00000234-a-1#962,c.[12T>C;15G>A;18G>A;21A>G;27A>G;30G>A;33G>C;45C>T;75G>C;89C>A;94G>C;95A>T;96A>G;105T>C;114C>G],NA,p.[Thr30Asn;Glu32Leu],0.5519225212783365,0.4398319026296231,0.6005933379208845,0.148075298712544,-0.71803,1.6705754472373555,1.509601015491428,1.7398393824405571
urn:mavedb:00000234-a-1#963,c.[12T>C;18G>A;27A>G;45C>T;78C>G;89C>A;95A>T;96A>T;105T>C;108A>G;114C>G],NA,p.[Thr30Asn;Glu32Val],0.9453077048753076,0.875282236607494,0.9916621245132836,0.1723128543041236,-0.70055103,2.2011845395461496,2.102842302390294,2.266323803421525
urn:mavedb:00000234-a-1#964,c.[12T>C;18G>A;21A>G;27A>G;45C>T;78C>G;89C>A;94G>A;95A>T;96A>C;105T>C;114C>G;126G>A],NA,p.[Thr30Asn;Glu32Ile],0.9855959052195548,0.9513776739365434,1.0666689050362823,0.1562398625427894,-0.7090883,2.2694346144843407,2.2213701124844176,2.383508703531139
urn:mavedb:00000234-a-1#965,c.[6T>C;12T>C;18G>A;24C>G;27A>G;45C>T;78C>G;87T>C;89C>A;94G>T;95A>G;96A>G;105T>C;108A>G;114C>G],NA,p.[Thr30Asn;Glu32Trp],0.7812219763987203,0.7038281100090092,0.8440798313072918,0.1700693127956456,-0.7715666,2.0684644585996,1.9599948135365168,2.156420636348454
urn:mavedb:00000234-a-1#966,c.[12T>C;15G>A;27A>G;45C>T;78C>G;89C>A;94G>T;96A>C;105T>C;114C>G;126G>A],NA,p.[Thr30Asn;Glu32Tyr],0.6875899880337322,0.5964339872563771,0.7620268111694617,0.1789707976553342,-0.7393143,1.892513013938602,1.7637691208476975,1.9971627677222223
urn:mavedb:00000234-a-1#967,c.[12T>C;15G>A;18G>A;21A>G;27A>G;45C>T;78C>G;89C>A;90C>T;94G>T;95A>T;96A>C;105T>C;114C>G],NA,p.[Thr30Asn;Glu32Phe],0.8650391169423964,0.8268859562497636,0.8982865667516133,0.1355626402611993,-0.74805,2.153568262677483,2.1001265201061954,2.200132966190239
urn:mavedb:00000234-a-1#968,c.[12T>C;18G>A;21A>G;27A>G;45C>T;78C>G;89C>A;94G>C;95A>C;96A>G;105T>C;111C>T;114C>G],NA,p.[Thr30Asn;Glu32Pro],0.3591968190115834,0.3389070689869878,0.3982814749435284,0.1087818431459241,-0.68010044,1.3366295274153248,1.3065443058433888,1.3942217676280888
urn:mavedb:00000234-a-1#969,c.[21A>G;45C>T;88A>C;89C>A;94G>C;96A>G;105T>C;114C>G],NA,p.[Thr30His;Glu32Gln],0.2189974343161728,0.1948039670736198,0.3038158423841423,0.1617138268182662,-0.6872244,1.1364503662763232,1.09924758982804,1.2647832572555382
urn:mavedb:00000234-a-1#970,c.[3T>C;9T>G;12T>C;15G>A;24C>G;27A>G;33G>C;45C>T;78C>G;88A>C;89C>A;94G>A;96A>T;105T>C;114C>G],NA,p.[Thr30His;Glu32Asn],0.1581626286893142,0.1337427769864643,0.2032605962884381,0.124918983183013,-0.68466043,1.0383202777746483,0.9999096797614144,1.1083533042589904
urn:mavedb:00000234-a-1#971,c.[6T>C;12T>C;18G>A;21A>G;27A>G;45C>T;57A>G;78C>G;88A>C;89C>A;94G>C;96A>C;105T>C;114C>G],NA,p.[Thr30His;Glu32His],-0.2932501807305821,-0.518894098727813,-0.2069577574776713,0.3397279334228751,-0.68370795,0.2193529992955893,-0.4478793255551049,0.4024218551705231
urn:mavedb:00000234-a-1#972,c.[12T>C;15G>A;21A>G;27A>G;30G>A;45C>T;78C>G;88A>C;89C>A;96A>C;114C>G],NA,p.[Thr30His;Glu32Asp],0.4637962466077738,0.419687125646121,0.5137364461679201,0.1709441071952088,-0.6765797,1.4847543656134956,1.4204684520337514,1.5570015047475083
urn:mavedb:00000234-a-1#973,c.[6T>C;9T>G;12T>C;15G>A;27A>G;75G>C;78C>G;87T>C;88A>C;89C>A;94G>C;95A>G;96A>C;105T>C;114C>G;126G>A],NA,p.[Thr30His;Glu32Arg],-0.6046789484676574,-0.756297854919573,-0.5272560701273566,0.2132242989286553,-0.9404135,0.0897206016044202,-0.3701304610524811,0.2692010327241024
urn:mavedb:00000234-a-1#974,c.[3T>C;6T>C;9T>G;15G>A;21A>G;27A>G;30G>A;45C>T;78C>G;88A>C;89C>A;94G>A;105T>C;114C>G;126G>A],NA,p.[Thr30His;Glu32Lys],0.1724372064419252,0.1404433114386398,0.2040675841038454,0.1925746881290938,-0.76556444,1.1843518596150318,1.1356190263492991,1.2320890917566456
urn:mavedb:00000234-a-1#975,c.[15G>A;21A>G;45C>T;78C>G;87T>C;88A>C;89C>A;94G>A;95A>C;96A>C;105T>C;114C>G],NA,p.[Thr30His;Glu32Thr],-0.250873257891786,-0.2953013611670661,-0.1684413262747046,0.1390707110011628,-0.68829083,0.3215831673073064,0.2250384302552414,0.486890539460366
urn:mavedb:00000234-a-1#976,c.[3T>C;21A>G;27A>G;30G>A;45C>T;88A>C;89C>A;94G>T;95A>C;96A>T;105T>C;114C>G],NA,p.[Thr30His;Glu32Ser],0.2241448409217785,0.1952103633329459,0.2678230376456999,0.1166840937949183,-0.6903174,1.149034325152411,1.1046262926418176,1.215337422431079
urn:mavedb:00000234-a-1#977,c.[24C>G;27A>G;45C>T;72G>T;78C>G;88A>C;89C>A;95A>C;96A>G;105T>C;114C>G;126G>A],NA,p.[Thr30His;Glu32Ala],0.3980538904829209,0.3769703386336003,0.4402417539146685,0.1330305266903848,-0.70737505,1.4335218785411723,1.4026845968431338,1.4948880903017747
urn:mavedb:00000234-a-1#978,c.[6T>C;12T>C;15G>A;21A>G;27A>G;30G>A;78C>G;88A>C;89C>A;95A>G;96A>T;114C>G;117G>C],NA,p.[Thr30His;Glu32Gly],0.230634586431366,0.1969718659812741,0.2646243257975338,0.1414683589883818,-0.690531,1.1592635817158776,1.1076694526696227,1.2108304901722262
urn:mavedb:00000234-a-1#979,c.[3T>C;6T>C;9T>G;12T>C;15G>A;24C>G;30G>A;45C>T;57A>G;78C>G;88A>C;89C>A;94G>T;95A>G;96A>T;126G>A],NA,p.[Thr30His;Glu32Cys],0.1899589305856842,0.1594572454116354,0.23465718884753,0.1396705073330024,-0.7466881,1.1824193378416137,1.1359427604077978,1.2497984601395131
urn:mavedb:00000234-a-1#980,c.[6T>C;12T>C;15G>A;21A>G;27A>G;30G>A;45C>T;78C>G;88A>C;89C>A;94G>C;95A>T;96A>G;105T>C;114C>G],NA,p.[Thr30His;Glu32Leu],0.1044967648590322,0.0611155048270636,0.1323306144537354,0.1735474835555051,-0.7160363,1.0030989403592632,0.933987030170107,1.0468033081982333
urn:mavedb:00000234-a-1#981,c.[6T>C;12T>C;15G>A;24C>G;45C>T;78C>G;88A>C;89C>A;95A>T;96A>T;105T>C;114C>G],NA,p.[Thr30His;Glu32Val],-0.0789801984759341,-0.1190561322514559,-0.0333778069803693,0.2153672258105496,-0.6981759,0.669042911431433,0.5973717966697757,0.7481219433742676
urn:mavedb:00000234-a-1#982,c.[3T>C;15G>A;18G>A;24C>G;27A>G;30G>A;39C>T;45C>T;48C>T;78C>G;88A>C;89C>A;94G>A;95A>T;96A>C;105T>C;114C>G;126G>A],NA,p.[Thr30His;Glu32Ile],0.3457001111792059,0.3218238333586902,0.3675783267561761,0.0752097212461749,-0.706743,1.355792478699529,1.3204903620252664,1.3879867125284229
urn:mavedb:00000234-a-1#983,c.[18G>A;21A>G;24C>G;27A>G;45C>T;78C>G;88A>C;89C>A;94G>T;95A>G;96A>G;105T>C;114C>G;120C>T;126G>A],NA,p.[Thr30His;Glu32Trp],0.3519161580750241,0.3063102518220983,0.3660764560963329,0.1416940523055062,-0.77096105,1.4582992632885188,1.3917211374305776,1.478862402216848
urn:mavedb:00000234-a-1#984,c.[12T>C;18G>A;21A>G;24C>G;30G>A;45C>T;78C>G;88A>C;89C>A;94G>T;96A>C;105T>C;114C>G;126G>A],NA,p.[Thr30His;Glu32Tyr],0.104672076558174,0.074722750754151,0.1355983011225555,0.0952971697514955,-0.7380254,1.0378171935313178,0.9906757043431272,1.0859411622378656
urn:mavedb:00000234-a-1#985,c.[12T>C;18G>A;45C>T;88A>C;89C>A;94G>T;95A>T;96A>C;105T>C;114C>G],NA,p.[Thr30His;Glu32Phe],0.0829422946040949,0.0370365932324358,0.1477807918751674,0.1022363170647361,-0.74687696,1.0175683325227691,0.9446973191087132,1.118323198717278
urn:mavedb:00000234-a-1#986,c.[6T>C;9T>G;12T>C;15G>A;24C>G;33G>C;45C>T;78C>G;88A>C;89C>A;94G>C;95A>C;96A>G;105T>C;114C>G],NA,p.[Thr30His;Glu32Pro],-0.3612192783065318,-0.4631527198304535,-0.3236745727473944,0.1334691073064862,-0.6779263,0.0419427367201096,-0.2584553205830248,0.1352591114331326
urn:mavedb:00000234-a-1#987,c.[12T>C;21A>G;45C>T;51C>T;78C>G;88A>G;89C>A;90C>T;94G>C;96A>G;105T>C;108A>G;114C>G],NA,p.[Thr30Asp;Glu32Gln],0.4797410800421208,0.3784781391737979,0.5122306005298328,0.2427197001480911,-0.68050694,1.5135155750780875,1.365692954133055,1.5604367027509374
urn:mavedb:00000234-a-1#988,c.[12T>C;18G>A;24C>G;27A>G;45C>T;78C>G;88A>G;89C>A;94G>A;96A>C;105T>C;114C>G],NA,p.[Thr30Asp;Glu32Asn],0.9491788359891392,0.9231391266439264,1.001154863519133,0.1407426316420799,-0.67895484,2.1771027037733126,2.1404857353620867,2.2502301583025583
urn:mavedb:00000234-a-1#989,c.[12T>C;15G>A;18G>A;21A>G;27A>G;45C>T;78C>G;88A>G;89C>A;94G>C;96A>C;105T>C;114C>G],NA,p.[Thr30Asp;Glu32His],0.8624143565293108,0.8067797534936985,0.8890269994550012,0.1034850404664354,-0.67861867,2.054633601437468,1.976338524187436,2.092060036701358
urn:mavedb:00000234-a-1#990,c.[9T>G;12T>C;24C>G;27A>G;45C>T;48C>T;78C>G;88A>G;89C>A;96A>C;105T>C;114C>G;123C>T],NA,p.[Thr30Asp;Glu32Asp],0.5354898950181686,0.4797209030393438,0.5828753463144755,0.1811157143182666,-0.67483926,1.5858383624728545,1.5053509596854204,1.653778719190988
urn:mavedb:00000234-a-1#991,c.[12T>C;15G>A;21A>G;27A>G;30G>A;45C>T;78C>G;88A>G;89C>A;94G>C;95A>G;96A>T;105T>C;114C>G;123C>T],NA,p.[Thr30Asp;Glu32Arg],0.8186843413507254,0.7947192557576019,0.8825153888211669,0.1512912154341041,-0.8556168,2.2358271579279174,2.2024477157005657,2.324742242972362
urn:mavedb:00000234-a-1#992,c.[3T>C;9T>G;18G>A;21A>G;27A>G;30G>A;33G>C;45C>T;60C>T;69A>G;78C>G;88A>G;89C>A;94G>A;105T>C;114C>G],NA,p.[Thr30Asp;Glu32Lys],0.7842275827189809,0.6794744309392852,0.8469666884183482,0.1850295561685371,-0.72323275,2.006165852684988,1.8587365278096613,2.094222561980573
urn:mavedb:00000234-a-1#993,c.[12T>C;18G>A;24C>G;45C>T;51C>T;57A>G;78C>G;88A>G;89C>A;94G>A;95A>C;96A>C;105T>C;111C>T;120C>T],NA,p.[Thr30Asp;Glu32Thr],1.0766673229140742,0.978285107978526,1.187164716895816,0.1459956373248414,-0.6806021,2.358905525160362,2.220294110987361,2.515415330798304
urn:mavedb:00000234-a-1#994,c.[6T>C;9T>G;12T>C;15G>A;21A>G;27A>G;30G>A;33G>C;39C>T;45C>T;84C>T;87T>C;88A>G;89C>A;90C>T;94G>T;95A>C;96A>T;105T>C;114C>G;123C>T],NA,p.[Thr30Asp;Glu32Ser],0.7449736249304875,0.7042064805316732,0.7897487245850412,0.1618221755173578,-0.68116045,1.892727443329861,1.8351265041633475,1.955861284831119
urn:mavedb:00000234-a-1#995,c.[12T>C;18G>A;21A>G;27A>G;33G>C;45C>T;88A>G;89C>A;95A>C;96A>G;105T>C;114C>G;126G>A],NA,p.[Thr30Asp;Glu32Ala],0.67577254916017,0.5978039630699401,0.7176432228482578,0.2012196917899791,-0.69008565,1.8073296403264345,1.6965979530780235,1.866536011002217
urn:mavedb:00000234-a-1#996,c.[12T>C;18G>A;21A>G;27A>G;33G>C;45C>T;78C>G;87T>C;88A>G;89C>A;90C>T;95A>G;96A>C;105T>C;114C>G],NA,p.[Thr30Asp;Glu32Gly],0.0842821477694013,-0.0044229319297749,0.1163826537771547,0.2743860536662263,-0.6817994,0.9163078651421273,0.7695916750581308,0.9678331607256824
urn:mavedb:00000234-a-1#997,c.[6T>C;9T>G;15G>A;24C>G;45C>T;78C>G;84C>T;88A>G;89C>A;94G>A;95A>T;96A>G;105T>C;114C>G;123C>T],NA,p.[Thr30Asp;Glu32Met],0.9036263639338634,0.8200891041829901,0.994206622502458,0.1693410404717802,-0.69824696,2.1394904302364584,2.022130683675292,2.266760671514729
urn:mavedb:00000234-a-1#998,c.[12T>C;30G>A;45C>T;88A>G;89C>A;94G>C;95A>T;96A>G;105T>C;114C>G],NA,p.[Thr30Asp;Glu32Leu],0.9084087606702772,0.8581930299924838,1.000298224035457,0.1878097953975596,-0.6954558,2.1423847046449267,2.0718414570867028,2.271523332938342
urn:mavedb:00000234-a-1#999,c.[3T>C;6T>C;24C>G;27A>G;45C>T;87T>C;88A>G;89C>A;95A>T;96A>T;105T>C;114C>G],NA,p.[Thr30Asp;Glu32Val],0.3102615638467517,0.1159051390487034,0.4616787587010391,0.2208578670226919,-0.6858282,1.2723441954107162,0.9734666044678038,1.4949882012931923
urn:mavedb:00000234-a-1#1000,c.[12T>C;15G>A;24C>G;27A>G;33G>C;45C>T;78C>G;88A>G;89C>A;94G>A;95A>T;96A>C;105T>C;114C>G],NA,p.[Thr30Asp;Glu32Ile],0.8253050888214056,0.7579049294536976,0.8622801048054054,0.2094296982307149,-0.68991303,2.0179855977816024,1.923099075141002,2.0699694309379644
urn:mavedb:00000234-a-1#1001,c.[12T>C;18G>A;21A>G;27A>G;33G>C;45C>T;57A>G;78C>G;88A>G;89C>A;94G>T;95A>G;96A>G;105T>C;108A>G;114C>G],NA,p.[Thr30Asp;Glu32Trp],0.4248378680622084,0.3607069113549052,0.475279311912043,0.1904913814781627,-0.7268605,1.5005770153323206,1.4072104066511866,1.5733529887664552
urn:mavedb:00000234-a-1#1002,c.[12T>C;18G>A;24C>G;27A>G;45C>T;78C>G;88A>G;89C>A;94G>T;96A>C;105T>C;114C>G],NA,p.[Thr30Asp;Glu32Tyr],0.5759292300233767,0.5299761416761288,0.6697140474645109,0.1865823533423497,-0.70782566,1.6904132066050652,1.6247774790010756,1.8235003657958089
urn:mavedb:00000234-a-1#1003,c.[12T>C;18G>A;21A>G;27A>G;45C>T;78C>G;84C>T;88A>G;89C>A;94G>T;95A>T;96A>C;105T>C;114C>G;126G>A],NA,p.[Thr30Asp;Glu32Phe],0.7667180300773284,0.6886965816512662,0.7998144896501046,0.1561381539298809,-0.7126672,1.9669781775765485,1.857059493144522,2.013501682120356
urn:mavedb:00000234-a-1#1004,c.[18G>A;21A>G;24C>G;30G>A;45C>T;63G>T;78C>G;88A>G;89C>A;94G>C;95A>C;96A>G;105T>C;114C>G;126G>A],NA,p.[Thr30Asp;Glu32Pro],0.3785844894149034,0.3481152549284892,0.4000920551005191,0.0898085911021178,-0.67563915,1.3587232357696353,1.3136371474207085,1.3903775274207726
urn:mavedb:00000234-a-1#1005,c.[3T>C;12T>C;24C>G;27A>G;33G>C;39C>T;45C>T;78C>G;88A>C;89C>G;90C>T;94G>C;105T>C;114C>G],NA,p.[Thr30Arg;Glu32Gln],-0.5122159297693225,-0.5734768841664111,-0.4764491051345697,0.1082028817414712,-1.0386751,0.4988158758872599,0.3784634887088471,0.5657342276695004
urn:mavedb:00000234-a-1#1006,c.[6T>C;12T>C;15G>A;24C>G;27A>G;33G>C;45C>T;78C>G;88A>C;89C>G;90C>T;94G>A;96A>C;105T>C;114C>G],NA,p.[Thr30Arg;Glu32Asn],-0.499296918282944,-0.5276575716771447,-0.4591669160792346,0.1218621955840017,-1.0281212,0.503324221738188,0.4487238158957142,0.5781003969483602
urn:mavedb:00000234-a-1#1007,c.[12T>C;18G>A;21A>G;27A>G;33G>C;45C>T;69A>G;78C>G;88A>C;89C>G;90C>T;94G>C;96A>C;105T>C;114C>G],NA,p.[Thr30Arg;Glu32His],-0.4230803533847461,-0.4927536444721978,-0.3832608006638571,0.1028129810614034,-1.0317738,0.6496700765291114,0.5225785559458213,0.7192799449377848
urn:mavedb:00000234-a-1#1008,c.[6T>C;12T>C;15G>A;24C>G;27A>G;45C>T;78C>G;88A>C;89C>G;90C>T;96A>C;105T>C;114C>G],NA,p.[Thr30Arg;Glu32Asp],0.064825021351471,-0.0105991460042807,0.1895722891837729,0.1947084731238158,-0.94026685,1.284074422084218,1.1708129477408495,1.4670540444211897
urn:mavedb:00000234-a-1#1009,c.[12T>C;15G>A;21A>G;27A>G;30G>A;45C>T;78C>G;88A>C;89C>G;90C>T;94G>C;95A>G;96A>T;105T>C;114C>G;126G>A],NA,p.[Thr30Arg;Glu32Arg],-0.89860002064465,-0.9728479142440124,-0.836916710028493,0.0728575759491241,-1.245183,0.1161240220075563,-0.0791610852434862,0.2582425295255815
urn:mavedb:00000234-a-1#1010,c.[3T>C;12T>C;15G>A;18G>A;21A>G;24C>G;30G>A;45C>T;78C>G;84C>T;88A>C;89C>G;90C>T;94G>A;105T>C;114C>G],NA,p.[Thr30Arg;Glu32Lys],-0.4286398908258646,-0.5223872226210532,-0.3877088834051903,0.1109594697593041,-1.117249,0.7873862981414936,0.6248928985295958,0.8554015701149633
urn:mavedb:00000234-a-1#1011,c.[3T>C;12T>C;18G>A;21A>G;24C>G;30G>A;33G>C;45C>T;78C>G;87T>C;88A>C;89C>G;90C>T;94G>A;95A>C;96A>C;105T>C;114C>G;126G>A],NA,p.[Thr30Arg;Glu32Thr],-0.7112678793476673,-0.7624802370104126,-0.6603637940359612,0.0732829957915453,-1.055578,0.1107160959952016,-0.0210670696963787,0.2294908921052432
urn:mavedb:00000234-a-1#1012,c.[12T>C;15G>A;24C>G;45C>T;78C>G;88A>C;89C>G;90C>T;94G>T;95A>C;96A>T;105T>C;114C>G],NA,p.[Thr30Arg;Glu32Ser],-0.5725386342929952,-0.6524718875118665,-0.5308533092995741,0.0739237289899376,-1.067488,0.4378737341214833,0.2731033309693386,0.5180428970428846
urn:mavedb:00000234-a-1#1013,c.[3T>C;6T>C;12T>C;15G>A;24C>G;45C>T;78C>G;81C>T;88A>C;89C>G;90C>T;95A>C;96A>G;105T>C;108A>G;114C>G],NA,p.[Thr30Arg;Glu32Ala],-0.6792211427006609,-0.7663074654633554,-0.5610535806989881,0.1789580626617326,-1.0795996,0.2409712434791585,0.0326166760721164,0.4836529132642144
urn:mavedb:00000234-a-1#1014,c.[12T>C;18G>A;21A>G;27A>G;33G>C;45C>T;78C>G;88A>C;89C>G;90C>T;95A>G;96A>T;105T>C;114C>G;117G>C],NA,p.[Thr30Arg;Glu32Gly],-0.8119289598691567,-0.8469261681191219,-0.7755812406069551,0.0360122815286228,-1.0609148,-0.1482048600800064,-0.2615167943817699,-0.0424037175759036
urn:mavedb:00000234-a-1#1015,c.[12T>C;21A>G;27A>G;30G>A;33G>C;45C>T;78C>G;88A>C;89C>G;90C>T;94G>A;95A>T;96A>G;105T>C;114C>G],NA,p.[Thr30Arg;Glu32Met],-0.7887148100606256,-0.9927995132843258,-0.7353008837017142,0.1132934990650558,-1.1190343,0.0760584200413244,-0.630115900927493,0.2035319405395306
urn:mavedb:00000234-a-1#1016,c.[12T>C;24C>G;27A>G;45C>T;78C>G;88A>C;89C>G;90C>T;94G>C;95A>T;96A>C;105T>C;114C>G],NA,p.[Thr30Arg;Glu32Leu],-0.7279951022622245,-0.8125906993649474,-0.667441680230933,0.0723930306879465,-1.1139758,0.2086438566027961,0.0012305484151947,0.3400141859380658
urn:mavedb:00000234-a-1#1017,c.[12T>C;21A>G;27A>G;30G>A;45C>T;78C>G;88A>C;89C>G;90C>T;95A>T;96A>T;105T>C;114C>G],NA,p.[Thr30Arg;Glu32Val],-0.6267255413209474,-0.6697824270119708,-0.5659047271022549,0.0768851076170001,-1.0803926,0.3548160692987536,0.2634957051591363,0.4758556519410125
urn:mavedb:00000234-a-1#1018,c.[3T>C;6T>C;9T>G;15G>A;24C>G;27A>G;45C>T;78C>G;81C>T;88A>C;89C>G;90C>T;94G>A;95A>T;96A>C;105T>C;108A>G;111C>T;114C>G;126G>A],NA,p.[Thr30Arg;Glu32Ile],-0.7661069385014097,-0.7974336811786539,-0.7231854324891368,0.0424709026517319,-1.1017873,0.0894445919697803,0.009136167115835,0.1918114950419705
urn:mavedb:00000234-a-1#1019,c.[3T>C;6T>C;12T>C;15G>A;27A>G;39C>T;45C>T;78C>G;84C>T;88A>C;89C>G;90C>T;94G>T;95A>G;96A>G;105T>C;114C>G],NA,p.[Thr30Arg;Glu32Trp],-0.5561380214049174,-0.6095878722300563,-0.5210828241348943,0.11104674752748,-1.1169875,0.5630977656118586,0.4621210113086719,0.6267612510051848
urn:mavedb:00000234-a-1#1020,c.[6T>C;12T>C;18G>A;21A>G;27A>G;33G>C;45C>T;78C>G;88A>C;89C>G;90C>T;94G>T;96A>C;105T>C;114C>G],NA,p.[Thr30Arg;Glu32Tyr],-0.6873197466730914,-0.7946165362620542,-0.6238280083341681,0.1311805386206384,-1.0941415,0.2551832979047512,-0.0037325389734839,0.3887699893225594
urn:mavedb:00000234-a-1#1021,c.[12T>C;18G>A;24C>G;27A>G;39C>T;45C>T;78C>G;88A>C;89C>G;90C>T;94G>T;95A>T;96A>C;105T>C;114C>G;126G>A],NA,p.[Thr30Arg;Glu32Phe],-0.8441538682591474,-0.9004504718501005,-0.7806368208255582,0.0464789558712244,-1.1139326,-0.0864471998491216,-0.2632873767676056,0.0835046720818572
urn:mavedb:00000234-a-1#1022,c.[3T>C;12T>C;18G>A;21A>G;27A>G;45C>T;69A>G;84C>T;87T>C;88A>C;89C>G;90C>T;94G>C;95A>C;96A>G;105T>C],NA,p.[Thr30Arg;Glu32Pro],-0.8351845889535021,-0.9316624650229522,-0.7234108292300125,0.2037652197443047,-0.93188834,-0.8051612241708944,-4.385302408607789,-0.2805413099275848
urn:mavedb:00000234-a-1#1023,c.[6T>C;21A>G;45C>T;89C>A;90C>A;94G>C;96A>G;105T>C;114C>G],NA,p.[Thr30Lys;Glu32Gln],-0.2448642709052506,-0.2932305305965382,-0.182544238406567,0.1401622291505739,-0.8501837,0.64403647841472,0.5563339086362799,0.7524650288320023
urn:mavedb:00000234-a-1#1024,c.[3T>C;12T>C;18G>A;24C>G;27A>G;33G>C;45C>T;75G>C;78C>G;89C>A;90C>G;94G>A;96A>C;105T>C;114C>G;126G>A],NA,p.[Thr30Lys;Glu32Asn],-0.3200610422542163,-0.3747973721221648,-0.3002979756753999,0.0786476474269221,-0.83725786,0.4814402259677846,0.3731769483599585,0.5190339041347323
urn:mavedb:00000234-a-1#1025,c.[9T>G;12T>C;18G>A;27A>G;33G>C;45C>T;87T>C;89C>A;90C>A;94G>C;96A>C;105T>C;111C>T;114C>G;117G>C],NA,p.[Thr30Lys;Glu32His],-0.4684223006185852,-0.5286671349123057,-0.38695593731776,0.1182901463444566,-0.84219956,0.1809689561751944,0.0334699269307623,0.3583808067166833
urn:mavedb:00000234-a-1#1026,c.[12T>C;15G>A;21A>G;27A>G;30G>A;33G>C;45C>T;78C>G;89C>A;90C>A;96A>C;105T>C;108A>G;114C>G;117G>C],NA,p.[Thr30Lys;Glu32Asp],0.0884572764908563,0.0705823505642796,0.1103442579370906,0.0545734647333946,-0.76055,1.0475596848374984,1.019563459051537,1.0815888242900866
urn:mavedb:00000234-a-1#1027,c.[6T>C;12T>C;21A>G;27A>G;30G>A;45C>T;78C>G;89C>A;90C>A;94G>C;95A>G;96A>T;114C>G;117G>C;126G>A],NA,p.[Thr30Lys;Glu32Arg],-0.8169254246816475,-0.8583291872986665,-0.7360608049195828,0.07005471187517,-1.1505952,0.0844121439033983,-0.023395439843281,0.2719860882639487
urn:mavedb:00000234-a-1#1028,c.[12T>C;18G>A;27A>G;45C>T;78C>G;89C>A;90C>A;94G>A;105T>C;114C>G;126G>A],NA,p.[Thr30Lys;Glu32Lys],-0.5427515246410204,-0.5659721042428753,-0.5175256308444072,0.0667547793228586,-0.9667275,0.2925407234420816,0.2419213426095445,0.3457140190614134
urn:mavedb:00000234-a-1#1029,c.[6T>C;12T>C;18G>A;21A>G;27A>G;45C>T;78C>G;89C>A;90C>A;94G>A;95A>C;96A>C;105T>C;114C>G;117G>C],NA,p.[Thr30Lys;Glu32Thr],-0.2181438112966769,-0.2422446283376828,-0.1920289574871084,0.1142829460027293,-0.8738558,0.7320017428029266,0.69029183159431,0.7764682158954308
urn:mavedb:00000234-a-1#1030,c.[18G>A;21A>G;24C>G;30G>A;33G>C;45C>T;75G>C;78C>G;89C>A;90C>A;94G>T;95A>C;96A>T;105T>C;114C>G;123C>T],NA,p.[Thr30Lys;Glu32Ser],0.0123108029737163,-0.0031630032719627,0.0257067690202721,0.0700737560394239,-0.8922875,1.1328193682326044,1.1090866015131169,1.1532703503497932
urn:mavedb:00000234-a-1#1031,c.[12T>C;15G>A;24C>G;27A>G;33G>C;45C>T;78C>G;89C>A;90C>A;95A>C;96A>G;105T>C;114C>G;126G>A],NA,p.[Thr30Lys;Glu32Ala],-0.2139305262434106,-0.2358395338224841,-0.1763388272118374,0.0516427807380584,-0.91097736,0.8019602621196755,0.7650518798937099,0.8642310499963932
urn:mavedb:00000234-a-1#1032,c.[12T>C;21A>G;27A>G;30G>A;33G>C;45C>T;78C>G;89C>A;90C>A;95A>G;96A>T;105T>C;114C>G;117G>C],NA,p.[Thr30Lys;Glu32Gly],-0.4198945840918504,-0.4463062964005358,-0.3988365124409796,0.1347457543494022,-0.88397694,0.3764030462609749,0.321741985233653,0.4187491077758469
urn:mavedb:00000234-a-1#1033,c.[3T>C;6T>C;12T>C;15G>A;21A>G;27A>G;30G>A;45C>T;78C>G;89C>A;90C>A;94G>A;95A>T;96A>G;105T>C;114C>G],NA,p.[Thr30Lys;Glu32Met],-0.3120039585546943,-0.3502336911237443,-0.283768508103613,0.096661710266981,-0.9865048,0.7638013937145093,0.6981668553505926,0.8112863164505009
urn:mavedb:00000234-a-1#1034,c.[12T>C;18G>A;21A>G;27A>G;45C>T;78C>G;89C>A;90C>A;94G>T;95A>G;96A>C;99G>A;105T>C;114C>G;126G>A],NA,p.[Thr30Lys;Glu32Cys],-0.4594163722653104,-0.584486996099458,-0.0369847542382671,0.3318795766038339,-0.9493296,0.4281029692489649,0.1599883495821907,1.1444189747655855
urn:mavedb:00000234-a-1#1035,c.[3T>C;12T>C;18G>A;21A>G;30G>A;45C>T;87T>C;89C>A;90C>A;94G>C;95A>T;96A>G;114C>G;117G>C],NA,p.[Thr30Lys;Glu32Leu],-0.3120658137343249,-0.3955274598322449,-0.2617103723276769,0.1414661123765286,-0.9847958,0.7607999362007158,0.6150420016333986,0.8450413571097773
urn:mavedb:00000234-a-1#1036,c.[12T>C;18G>A;21A>G;27A>G;33G>C;45C>T;78C>G;89C>A;90C>A;95A>T;96A>T;105T>C;114C>G],NA,p.[Thr30Lys;Glu32Val],-0.3242377472812588,-0.3501092647651238,-0.300735557796388,0.100919967473143,-0.9171064,0.6216400012427504,0.5746999860825636,0.6634589443514813
urn:mavedb:00000234-a-1#1037,c.[12T>C;15G>A;24C>G;45C>T;78C>G;89C>A;90C>A;94G>A;95A>T;96A>C;105T>C;114C>G],NA,p.[Thr30Lys;Glu32Ile],-0.1122150969082115,-0.1530897729456296,-0.0725489060631169,0.1536841044861412,-0.9579098,1.0415682566291329,0.9772489131972616,1.103041967012037
urn:mavedb:00000234-a-1#1038,c.[12T>C;21A>G;45C>T;89C>A;90C>A;94G>T;95A>G;96A>G;108A>G;114C>G;126G>A],NA,p.[Thr30Lys;Glu32Trp],-0.2662732323989545,-0.2879555106064264,-0.2066171726117645,0.0698877900099719,-0.9636681,0.8024143643892896,0.7659042204080073,0.9006314039213155
urn:mavedb:00000234-a-1#1039,c.[12T>C;18G>A;27A>G;45C>T;78C>G;89C>A;90C>A;94G>T;96A>C;105T>C;114C>G],NA,p.[Thr30Lys;Glu32Tyr],-0.6123831408994609,-0.6614458910315905,-0.5529573837564508,0.1171546505933955,-0.9319117,0.0488481318880845,-0.0843284522697592,0.1927869209435408
urn:mavedb:00000234-a-1#1040,c.[12T>C;18G>A;21A>G;27A>G;33G>C;45C>T;78C>G;89C>A;90C>A;94G>T;95A>T;96A>C;105T>C;114C>G;117G>C;123C>T],NA,p.[Thr30Lys;Glu32Phe],-0.4703651881151418,-0.5005115235296552,-0.4008070387473566,0.1031818979934694,-0.9660094,0.4393680319545979,0.3791618226592804,0.5713190390301497
urn:mavedb:00000234-a-1#1041,c.[24C>G;33G>C;45C>T;89C>A;90C>A;94G>C;95A>C;96A>G;105T>C;114C>G;126G>A],NA,p.[Thr30Lys;Glu32Pro],-0.388071774721397,-0.40402955609133,-0.3681336680291026,0.1247652939408406,-0.75670147,0.169131669870726,0.1313230727261299,0.2149424772413263
urn:mavedb:00000234-a-1#1042,c.[12T>C;21A>G;27A>G;30G>A;45C>T;78C>G;88A>T;90C>T;94G>C;96A>G;105T>C;114C>G],NA,p.[Thr30Ser;Glu32Gln],0.8141400673804902,0.7347205701082503,0.8745129139658375,0.2529216156281657,-0.70231414,2.0193703277770454,1.907602787062759,2.1041807193055164
urn:mavedb:00000234-a-1#1043,c.[12T>C;21A>G;27A>G;30G>A;45C>T;88A>T;90C>T;94G>A;96A>C;105T>C;114C>G],NA,p.[Thr30Ser;Glu32Asn],0.9834481825788868,0.8317910662606561,1.0488083241726809,0.1912721366840969,-0.69849944,2.25197868217449,2.038926124056305,2.3439509359168857
urn:mavedb:00000234-a-1#1044,c.[12T>C;18G>A;21A>G;27A>G;45C>T;78C>G;88A>T;90C>T;94G>C;96A>C;105T>C],NA,p.[Thr30Ser;Glu32His],0.821934369190148,0.7572950503760474,0.8699499339518011,0.1578578667815695,-0.6958871,2.021474655469784,1.9305111591694204,2.088951797131506
urn:mavedb:00000234-a-1#1045,c.[12T>C;15G>A;21A>G;27A>G;30G>A;33G>C;45C>T;88A>T;90C>T;96A>C;105T>C;111C>T;114C>G],NA,p.[Thr30Ser;Glu32Asp],1.2814514586781938,1.1805683458911418,1.365260271081627,0.1990704438189693,-0.68314195,2.6535563782173184,2.50947602098499,2.774597429652855
urn:mavedb:00000234-a-1#1046,c.[9T>G;12T>C;18G>A;21A>G;30G>A;33G>C;45C>T;78C>G;88A>T;90C>T;94G>C;95A>G;96A>T;105T>C;114C>G],NA,p.[Thr30Ser;Glu32Arg],0.6782426991067545,0.6415502802659343,0.723010510273749,0.1277715753322241,-0.9424012,2.159116948344338,2.1081393272951194,2.221261474476369
urn:mavedb:00000234-a-1#1047,c.[24C>G;27A>G;45C>T;87T>C;88A>T;90C>T;94G>A;105T>C;114C>G],NA,p.[Thr30Ser;Glu32Lys],1.0968156458284024,1.013904040796796,1.1535435008055577,0.1714471203539056,-0.771785,2.5109988817873554,2.394461542046109,2.5910719611716573
urn:mavedb:00000234-a-1#1048,c.[6T>C;24C>G;27A>G;33G>C;45C>T;88A>T;90C>T;94G>A;95A>C;96A>C;105T>C;114C>G],NA,p.[Thr30Ser;Glu32Thr],0.6786927046667612,0.5640014565829387,0.773706088066454,0.3268985533538677,-0.7059281,1.8335492826079167,1.670729520640296,1.9674992283553605
urn:mavedb:00000234-a-1#1049,c.[3T>C;9T>G;12T>C;15G>A;18G>A;24C>G;27A>G;45C>T;78C>G;88A>T;90C>T;94G>T;95A>C;96A>T;105T>C;114C>G],NA,p.[Thr30Ser;Glu32Ser],0.9716552214109104,0.9045468452631888,1.0269380383042113,0.2369765798446748,-0.7113843,2.252980235240096,2.1587703207471938,2.3306860216086496
urn:mavedb:00000234-a-1#1050,c.[3T>C;12T>C;18G>A;21A>G;27A>G;45C>T;78C>G;88A>T;90C>T;95A>C;96A>G;102G>T;105T>C;114C>G],NA,p.[Thr30Ser;Glu32Ala],0.3644866318969207,0.2414464258719577,0.5454264691177563,0.3118424672876796,-0.72422767,1.4089152829137324,1.2264302004823224,1.6700561900846014
urn:mavedb:00000234-a-1#1051,c.[3T>C;6T>C;12T>C;21A>G;45C>T;51C>T;54T>C;60C>T;88A>T;90C>T;95A>G;96A>T;105T>C;114C>G;120C>T],NA,p.[Thr30Ser;Glu32Gly],0.4372228149477891,0.3694738680504503,0.5268198863300059,0.1961144506414592,-0.7037568,1.4853038560061804,1.3864147533585167,1.614485268886555
urn:mavedb:00000234-a-1#1052,c.[3T>C;12T>C;15G>A;18G>A;21A>G;27A>G;30G>A;45C>T;78C>G;88A>T;90C>T;94G>A;95A>T;96A>G;105T>C;114C>G],NA,p.[Thr30Ser;Glu32Met],0.8356628318593435,0.7455580592911862,0.8954540739784513,0.1149370307388186,-0.74706817,2.111075644333868,1.984739460538549,2.194823996630567
urn:mavedb:00000234-a-1#1053,c.[12T>C;15G>A;24C>G;27A>G;45C>T;48C>T;54T>C;78C>G;88A>T;90C>T;94G>C;95A>T;96A>G;99G>A;105T>C;114C>G;120C>T],NA,p.[Thr30Ser;Glu32Leu],0.7496392085297301,0.682375677906902,0.8082090675050002,0.1692208153371295,-0.73029256,1.9673121261615432,1.8726406891182,2.0495499599562166
urn:mavedb:00000234-a-1#1054,c.[18G>A;27A>G;45C>T;78C>G;87T>C;88A>T;90C>T;95A>T;96A>T;105T>C;114C>G],NA,p.[Thr30Ser;Glu32Val],0.9145275564916526,0.862378073159158,1.0118954652963448,0.1611120809305371,-0.7116368,2.173123116449792,2.099934878822964,2.309872817677612
urn:mavedb:00000234-a-1#1055,c.[12T>C;18G>A;21A>G;27A>G;45C>T;78C>G;88A>T;90C>T;94G>A;95A>T;96A>C;105T>C;114C>G;126G>A],NA,p.[Thr30Ser;Glu32Ile],0.7651645743136704,0.7188562737828637,0.8041512718089009,0.2298914963636032,-0.72479844,1.981544265200474,1.9164133216132004,2.0362969234869643
urn:mavedb:00000234-a-1#1056,c.[12T>C;15G>A;24C>G;30G>A;45C>T;78C>G;88A>T;90C>T;94G>T;95A>G;96A>G;105T>C;114C>G],NA,p.[Thr30Ser;Glu32Trp],0.4490815402826112,0.3665786265702577,0.532250898416076,0.2662869697861058,-0.7778895,1.608346628072532,1.4895645697834703,1.7268558873648918
urn:mavedb:00000234-a-1#1057,c.[12T>C;15G>A;21A>G;27A>G;30G>A;45C>T;78C>G;88A>T;90C>T;94G>T;96A>C;105T>C;114C>G],NA,p.[Thr30Ser;Glu32Tyr],0.5712753406622957,0.4962186119225102,0.6544406768301968,0.1593380988251265,-0.74568987,1.7370298455883089,1.630127340542854,1.8546548028875205
urn:mavedb:00000234-a-1#1058,c.[12T>C;15G>A;18G>A;24C>G;45C>T;60C>T;75G>C;78C>G;88A>T;90C>T;94G>T;95A>T;96A>C;99G>A;105T>C;114C>G;123C>T;126G>A],NA,p.[Thr30Ser;Glu32Phe],0.8095068862286159,0.7875344180774512,0.8357940039933726,0.1080592933654081,-0.75622463,2.087001042260617,2.0562198146867043,2.123812427064644
urn:mavedb:00000234-a-1#1059,c.[12T>C;15G>A;18G>A;21A>G;27A>G;45C>T;78C>G;88A>T;90C>T;94G>C;95A>C;96A>G;105T>C;114C>G],NA,p.[Thr30Ser;Glu32Pro],0.4783849436574279,0.440266945750482,0.4975482844735076,0.28566739589046,-0.68184495,1.5134721442867485,1.4581316866184342,1.5411729582133311
urn:mavedb:00000234-a-1#1060,c.[3T>C;6T>C;12T>C;15G>A;24C>G;30G>A;45C>T;57A>G;78C>G;88A>G;90C>G;94G>C;96A>G;105T>C;114C>G;117G>C;126G>A],NA,p.[Thr30Ala;Glu32Gln],0.0340628781489522,0.0137662348424295,0.0510282815052623,0.1424876816211181,-0.75213647,0.9483353361358272,0.915684666835272,0.9754022516826396
urn:mavedb:00000234-a-1#1061,c.[3T>C;6T>C;12T>C;18G>A;24C>G;27A>G;33G>C;45C>T;78C>G;87T>C;88A>G;90C>G;94G>A;96A>C;99G>A;105T>C;114C>G],NA,p.[Thr30Ala;Glu32Asn],-0.4066216616466019,-0.4865723822101891,-0.2656223892081218,0.2079269812687081,-0.7438967,0.0937996012542606,-0.1226774062461939,0.4053295070581393
urn:mavedb:00000234-a-1#1062,c.[6T>C;12T>C;18G>A;21A>G;27A>G;33G>C;45C>T;78C>G;88A>G;90C>G;94G>C;96A>C;105T>C;114C>G],NA,p.[Thr30Ala;Glu32His],-0.4322800086668206,-0.5727724347882227,-0.3648126860038277,0.2686850217110266,-0.74351716,0.0276285291847632,-0.4232247622807415,0.1924923160076804
urn:mavedb:00000234-a-1#1063,c.[12T>C;18G>A;21A>G;27A>G;45C>T;63G>T;78C>G;87T>C;88A>G;90C>G;96A>C;105T>C;114C>G;120C>T;123C>T],NA,p.[Thr30Ala;Glu32Asp],0.2193959616199282,0.2094070931261511,0.2351052544618047,0.1285833310096623,-0.7058244,1.1653324814984878,1.1501008887076336,1.1891957649246705
urn:mavedb:00000234-a-1#1064,c.[6T>C;12T>C;15G>A;18G>A;21A>G;27A>G;45C>T;78C>G;88A>G;90C>T;94G>C;95A>G;96A>T;105T>C;114C>G;126G>A],NA,p.[Thr30Ala;Glu32Arg],-0.4837656175730265,-0.5493281032118098,-0.4289873442616302,0.1361487921732371,-1.0248864,0.5265330258220857,0.3994095041034031,0.6268818497092259
urn:mavedb:00000234-a-1#1065,c.[3T>C;9T>G;12T>C;18G>A;24C>G;27A>G;45C>T;57A>G;78C>G;88A>G;90C>G;94G>A;105T>C;114C>G],NA,p.[Thr30Ala;Glu32Lys],-0.4290990285909927,-0.4681547327254628,-0.3687590655171757,0.1796280416902237,-0.8388243,0.2618526554320169,0.1737588727981567,0.3886175256045018
urn:mavedb:00000234-a-1#1066,c.[3T>C;9T>G;12T>C;18G>A;24C>G;27A>G;45C>T;78C>G;87T>C;88A>G;90C>G;94G>A;95A>C;96A>T;105T>C;114C>G;123C>T],NA,p.[Thr30Ala;Glu32Thr],-0.2499649668876165,-0.3470917592007622,-0.1278317450354084,0.2301065201835458,-0.7646048,0.4766818442339973,0.2789290470815733,0.699587149829802
urn:mavedb:00000234-a-1#1067,c.[3T>C;6T>C;12T>C;15G>A;21A>G;27A>G;30G>A;45C>T;78C>G;88A>G;90C>G;94G>T;95A>C;96A>T;105T>C;111C>T;114C>G],NA,p.[Thr30Ala;Glu32Ser],-0.1436925852146252,-0.1681779366132104,-0.1186618604690745,0.1523585879862983,-0.77721,0.6938791812708452,0.650823703648267,0.7371454894320257
urn:mavedb:00000234-a-1#1068,c.[12T>C;45C>T;78C>G;84C>T;88A>G;90C>G;95A>C;96A>G;105T>C;114C>G],NA,p.[Thr30Ala;Glu32Ala],0.1415224338350216,0.1237686621979621,0.163549871782317,0.1212968037944621,-0.7910073,1.1758961872043214,1.1488741823553177,1.2092278810354002
urn:mavedb:00000234-a-1#1069,c.[3T>C;9T>G;12T>C;18G>A;24C>G;27A>G;45C>T;75G>C;78C>G;88A>G;90C>G;95A>G;96A>T;105T>C;114C>G;117G>C;126G>A],NA,p.[Thr30Ala;Glu32Gly],-0.0434983462736716,-0.0550503784277792,-0.0245520542417855,0.1349741826807896,-0.76551723,0.8439409779340028,0.8247986079980395,0.8750840670351359
urn:mavedb:00000234-a-1#1070,c.[3T>C;6T>C;9T>G;15G>A;21A>G;45C>T;57A>G;78C>G;87T>C;88A>G;90C>G;94G>A;95A>T;96A>G;105T>C;114C>G],NA,p.[Thr30Ala;Glu32Met],-0.2172633825302187,-0.2600607572560616,-0.1935503645238291,0.1610053469369876,-0.85132504,0.6946203266989868,0.6188994799322199,0.7356001415995671
urn:mavedb:00000234-a-1#1071,c.[3T>C;6T>C;12T>C;18G>A;21A>G;27A>G;45C>T;57A>G;78C>G;88A>G;90C>G;94G>C;95A>T;96A>G;114C>G;123C>T;126G>A],NA,p.[Thr30Ala;Glu32Leu],-0.3238350548025081,-0.4576166912522024,-0.1710846040079388,0.2381242792750336,-0.83795905,0.475527692721091,0.196093857524475,0.7511955577585493
urn:mavedb:00000234-a-1#1072,c.[6T>C;12T>C;15G>A;24C>G;27A>G;45C>T;75G>C;78C>G;88A>G;90C>G;95A>T;96A>T;105T>C;114C>G],NA,p.[Thr30Ala;Glu32Val],0.0829970825324724,0.0362466350541964,0.1296179233306254,0.1865816137014086,-0.7862103,1.0788398829532282,1.0057840988638276,1.150507107285501
urn:mavedb:00000234-a-1#1073,c.[12T>C;18G>A;21A>G;27A>G;78C>G;88A>G;90C>G;94G>A;95A>T;96A>C;105T>C;114C>G;126G>A],NA,p.[Thr30Ala;Glu32Ile],0.0408215891441125,0.015540669132809,0.1081507557374625,0.1600312885286128,-0.8185575,1.0634298410849663,1.0239492622968522,1.1668968134983315
urn:mavedb:00000234-a-1#1074,c.[3T>C;12T>C;18G>A;21A>G;24C>G;30G>A;45C>T;78C>G;88A>G;90C>G;94G>T;96A>C;105T>C;114C>G;126G>A],NA,p.[Thr30Ala;Glu32Tyr],-0.1455897871814298,-0.1826748191423602,-0.1052878891838443,0.0654169093374464,-0.80917597,0.7456680104372148,0.6815264318324062,0.8136903346716616
urn:mavedb:00000234-a-1#1075,c.[18G>A;21A>G;24C>G;30G>A;45C>T;63G>T;78C>G;88A>G;90C>G;94G>T;95A>T;96A>C;105T>C;114C>G;123C>T;126G>A],NA,p.[Thr30Ala;Glu32Phe],-0.1937416097720302,-0.2201470713347187,-0.1515395656233988,0.0428680721839071,-0.8330903,0.703862191417406,0.6576005541389579,0.7761179833884585
urn:mavedb:00000234-a-1#1076,c.[3T>C;12T>C;18G>A;21A>G;27A>G;45C>T;78C>G;88A>G;90C>G;94G>C;95A>C;96A>G;105T>C;114C>G],NA,p.[Thr30Ala;Glu32Pro],-0.3124335799283139,-0.3599865890998401,-0.2438417338988003,0.158034845609461,-0.7023537,0.2181013347989953,0.1064116381520309,0.3653822998333044
urn:mavedb:00000234-a-1#1077,c.[3T>C;12T>C;15G>A;27A>G;45C>T;78C>G;88A>G;89C>G;90C>T;94G>C;96A>G;105T>C;114C>G],NA,p.[Thr30Gly;Glu32Gln],0.5536274453297765,0.488286197189344,0.6360868032318908,0.1811437091924114,-0.7090864,1.6603806546889224,1.5667255484205311,1.7776598603335998
urn:mavedb:00000234-a-1#1078,c.[12T>C;15G>A;18G>A;21A>G;24C>G;30G>A;45C>T;78C>G;84C>T;88A>G;89C>G;90C>T;94G>A;96A>C;105T>C;108A>G;114C>G;123C>T;126G>A],NA,p.[Thr30Gly;Glu32Asn],0.4602223297806651,0.4302729184446158,0.5108834030246884,0.0865306891586267,-0.70448136,1.5196601200685478,1.4762567623287337,1.5926518672246626
urn:mavedb:00000234-a-1#1079,c.[12T>C;15G>A;21A>G;27A>G;30G>A;45C>T;78C>G;88A>G;89C>G;90C>T;94G>C;96A>C;105T>C;114C>G;126G>A],NA,p.[Thr30Gly;Glu32His],0.3397419698976437,0.3120589818374811,0.37096647659593,0.1438241802417278,-0.70373774,1.3425887252066642,1.3015589973203785,1.3885788335160234
urn:mavedb:00000234-a-1#1080,c.[3T>C;12T>C;18G>A;21A>G;30G>A;78C>G;88A>G;89C>G;90C>T;96A>C;105T>C;114C>G],NA,p.[Thr30Gly;Glu32Asp],0.5571426930592664,0.5077229029294785,0.5873903959199968,0.2034470900495248,-0.68625236,1.633108324287736,1.56214059701783,1.6763450645555076
urn:mavedb:00000234-a-1#1081,c.[3T>C;12T>C;18G>A;24C>G;27A>G;30G>A;45C>T;78C>G;88A>G;89C>G;90C>T;94G>C;95A>G;96A>T;105T>C;114C>G],NA,p.[Thr30Gly;Glu32Arg],0.3119267333556232,0.265248481952945,0.3532560735111077,0.1704853640124783,-0.9598067,1.6702885578354048,1.603832937609636,1.7288297542883946
urn:mavedb:00000234-a-1#1082,c.[6T>C;9T>G;12T>C;18G>A;21A>G;27A>G;33G>C;45C>T;78C>G;88A>G;89C>G;90C>T;94G>A;105T>C;114C>G],NA,p.[Thr30Gly;Glu32Lys],0.5811018332035688,0.4656570297085875,0.6380113174208267,0.2082269734543552,-0.78420544,1.804834633752285,1.6409947460244043,1.885030066510749
urn:mavedb:00000234-a-1#1083,c.[9T>G;24C>G;27A>G;45C>T;88A>G;89C>G;90C>T;94G>A;95A>C;96A>C;105T>C;114C>G],NA,p.[Thr30Gly;Glu32Thr],0.4503321891570861,0.4077237057497261,0.4952353740979296,0.2111217347692783,-0.71421456,1.519314879515745,1.4575128510424362,1.584023990036461
urn:mavedb:00000234-a-1#1084,c.[12T>C;18G>A;21A>G;27A>G;45C>T;78C>G;88A>G;89C>G;90C>T;94G>T;95A>C;96A>C;105T>C;126G>A],NA,p.[Thr30Gly;Glu32Ser],0.4854314191710859,0.4330676537418845,0.5071890615213169,0.1309196744235835,-0.720062,1.5782613739536964,1.502727383437826,1.6094897406906716
urn:mavedb:00000234-a-1#1085,c.[12T>C;24C>G;33G>C;45C>T;78C>G;88A>G;89C>G;90C>T;95A>C;96A>G;105T>C;114C>G],NA,p.[Thr30Gly;Glu32Ala],0.5375711095742385,0.4231080915930137,0.6281268165066263,0.3368485946137429,-0.7343466,1.6731337041015744,1.5088241319349185,1.8016886672858787
urn:mavedb:00000234-a-1#1086,c.[12T>C;15G>A;24C>G;27A>G;45C>T;88A>G;89C>G;90C>T;95A>G;96A>C;105T>C;114C>G],NA,p.[Thr30Gly;Glu32Gly],0.2787584890553352,0.2274649248838553,0.3450692260263222,0.1683679288539004,-0.71547055,1.269315818554144,1.192164995453615,1.3676404514791605
urn:mavedb:00000234-a-1#1087,c.[3T>C;12T>C;21A>G;33G>C;45C>T;78C>G;88A>G;89C>G;90C>T;94G>A;95A>T;96A>G;105T>C;114C>G],NA,p.[Thr30Gly;Glu32Met],0.1949544000938891,0.1480411903032902,0.2454084867627541,0.1839271403478752,-0.76746273,1.2212240588985788,1.1501217274573088,1.2966949205240104
urn:mavedb:00000234-a-1#1088,c.[3T>C;12T>C;15G>A;18G>A;21A>G;27A>G;45C>T;54T>C;78C>G;88A>G;89C>G;90C>T;94G>C;95A>T;96A>G;105T>C;114C>G;120C>T;123C>T],NA,p.[Thr30Gly;Glu32Leu],0.5249784423551715,0.4958391814171374,0.5512096206748475,0.1391716042773767,-0.7584348,1.6891584706092495,1.647625009951905,1.7264412431295355
urn:mavedb:00000234-a-1#1089,c.[3T>C;21A>G;45C>T;75G>C;78C>G;88A>G;89C>G;90C>T;95A>T;96A>T;105T>C;114C>G],NA,p.[Thr30Gly;Glu32Val],0.6350702470344689,0.5340850111967186,0.9323710021889172,0.5786327214138823,-0.727561,1.802036286374681,1.658580099032793,2.2199188727466583
urn:mavedb:00000234-a-1#1090,c.[12T>C;18G>A;24C>G;27A>G;45C>T;63G>T;78C>G;88A>G;89C>G;90C>T;94G>A;95A>T;96A>T;105T>C;114C>G],NA,p.[Thr30Gly;Glu32Ile],0.5783118567339083,0.5391259632889994,0.6012811464229625,0.081601683467873,-0.7451699,1.7462829175299368,1.690607524223108,1.7788278035738168
urn:mavedb:00000234-a-1#1091,c.[12T>C;18G>A;21A>G;27A>G;45C>T;69A>G;78C>G;88A>G;89C>G;90C>T;94G>T;95A>G;96A>G;105T>C;114C>G;126G>A],NA,p.[Thr30Gly;Glu32Trp],0.1595330267730685,0.0913489964814599,0.2443460361440963,0.1597237862584695,-0.7885668,1.199493221905852,1.0953874166933537,1.3262581416874386
urn:mavedb:00000234-a-1#1092,c.[12T>C;18G>A;21A>G;30G>A;45C>T;78C>G;88A>G;89C>G;90C>T;94G>T;96A>C;105T>C;114C>G;126G>A],NA,p.[Thr30Gly;Glu32Tyr],0.2365432405706245,0.2001552150420409,0.2883784021435354,0.0958878872729587,-0.75791526,1.269332149111691,1.2147394529347229,1.3462689976680189
urn:mavedb:00000234-a-1#1093,c.[6T>C;12T>C;21A>G;27A>G;30G>A;45C>T;78C>G;88A>G;89C>G;90C>T;94G>T;95A>T;96A>C;105T>C;114C>G],NA,p.[Thr30Gly;Glu32Phe],0.2351982919165224,0.2088353757997667,0.258193916164001,0.1475375857700167,-0.7721007,1.2883719870530346,1.2490055254870494,1.3225079579250705
urn:mavedb:00000234-a-1#1094,c.[24C>G;30G>A;45C>T;88A>G;89C>G;90C>T;94G>C;95A>C;96A>G;105T>C;114C>G],NA,p.[Thr30Gly;Glu32Pro],0.420303243653892,0.2255205514441046,0.5270407987096754,0.240662578928434,-0.68573356,1.4346457974722049,1.1441631137349917,1.5891951200117334
urn:mavedb:00000234-a-1#1095,c.[12T>C;15G>A;21A>G;30G>A;33G>C;45C>T;78C>G;89C>T;90C>G;94G>A;96A>C;105T>C;114C>G],NA,p.[Thr30Met;Glu32Asn],0.0299888026254671,0.0215798772271703,0.0391428106471785,0.0715056948929619,-0.7510824,0.9401189484608092,0.9265969512137168,0.954781192524586
urn:mavedb:00000234-a-1#1096,c.[12T>C;24C>G;27A>G;45C>T;78C>G;89C>T;90C>G;94G>C;96A>C;105T>C;126G>A],NA,p.[Thr30Met;Glu32His],-0.1306202227704538,-0.1543004800124925,-0.1028322849004411,0.0746190117559035,-0.7513325,0.6715357161959943,0.6295116945334286,0.7199477912812359
urn:mavedb:00000234-a-1#1097,c.[12T>C;18G>A;27A>G;33G>C;45C>T;78C>G;89C>T;90C>G;96A>C;105T>C;114C>G;117G>C],NA,p.[Thr30Met;Glu32Asp],0.1310611232860268,0.0931529252018635,0.1593052976847339,0.0886740108084661,-0.7100413,1.0354757306647655,0.9756598584087453,1.07948315415189
urn:mavedb:00000234-a-1#1098,c.[6T>C;18G>A;24C>G;27A>G;45C>T;78C>G;89C>T;90C>G;94G>C;95A>G;96A>T;105T>C;114C>G],NA,p.[Thr30Met;Glu32Arg],-0.6523993279491624,-0.7151470799523297,-0.6102050379499249,0.0901440856298754,-1.0968707,0.3357337400528125,0.1989656029390655,0.4214918429524429
urn:mavedb:00000234-a-1#1099,c.[9T>G;18G>A;24C>G;27A>G;45C>T;78C>G;89C>T;90C>G;94G>A;105T>C;114C>G;126G>A],NA,p.[Thr30Met;Glu32Lys],-0.1323122129036961,-0.1538555428504015,-0.1091629616038284,0.082895091739894,-0.89490914,0.9098098615823812,0.8747808555182879,0.9470527365581431
urn:mavedb:00000234-a-1#1100,c.[21A>G;30G>A;45C>T;89C>T;90C>G;94G>A;95A>C;96A>C;105T>C;114C>G],NA,p.[Thr30Met;Glu32Thr],0.0915400446389193,0.0060456492067711,0.1216766771671385,0.1113819518394505,-0.7735982,1.0725960442180988,0.9377280260919632,1.1191166387750529
urn:mavedb:00000234-a-1#1101,c.[12T>C;15G>A;18G>A;21A>G;27A>G;45C>T;78C>G;89C>T;90C>G;94G>T;95A>C;96A>T;105T>C;114C>G],NA,p.[Thr30Met;Glu32Ser],0.2081527849670776,0.1797283727753266,0.2666458137692749,0.1176384024222643,-0.7867899,1.2698504466782297,1.227268424630762,1.3565658537360077
urn:mavedb:00000234-a-1#1102,c.[12T>C;18G>A;21A>G;30G>A;45C>T;78C>G;87T>C;89C>T;90C>G;95A>C;96A>G;105T>C;114C>G],NA,p.[Thr30Met;Glu32Ala],-0.4843122397636985,-0.5276392253232269,-0.3161230969896368,0.3993676068131517,-0.8144262,0.0758461819240344,-0.0381436378267489,0.4448431839597115
urn:mavedb:00000234-a-1#1103,c.[3T>C;12T>C;15G>A;24C>G;27A>G;33G>C;45C>T;78C>G;89C>T;90C>G;95A>G;96A>T;99G>A;105T>C;114C>G;126G>A],NA,p.[Thr30Met;Glu32Gly],-0.082850547752661,-0.1055082904719576,-0.0750877875959803,0.0999202731890413,-0.78014994,0.8027780677996401,0.7645853522144801,0.8157480601031117
urn:mavedb:00000234-a-1#1104,c.[3T>C;18G>A;24C>G;27A>G;45C>T;78C>G;89C>T;90C>G;94G>A;95A>T;96A>G;105T>C;114C>G],NA,p.[Thr30Met;Glu32Met],-0.1906332870268484,-0.2010940758600959,-0.17873502202318,0.0621914964887258,-0.8798189,0.7888540858429423,0.7712078087600526,0.8087940353218661
urn:mavedb:00000234-a-1#1105,c.[12T>C;18G>A;21A>G;24C>G;30G>A;45C>T;78C>G;89C>T;90C>G;94G>T;95A>G;96A>C;105T>C;126G>A],NA,p.[Thr30Met;Glu32Cys],-0.0703833977956853,-0.1165444113966573,-0.0193683201191224,0.1692589130191357,-0.85731673,0.9490817664882422,0.8744375842544023,1.0298221624069552
urn:mavedb:00000234-a-1#1106,c.[6T>C;9T>G;18G>A;21A>G;30G>A;33G>C;45C>T;78C>G;89C>T;90C>G;94G>C;95A>T;96A>G;114C>G;120C>T;123C>T],NA,p.[Thr30Met;Glu32Leu],-0.2123536265598525,-0.2615215769843192,-0.200946056350239,0.0695498898736618,-0.8702066,0.7356843132839648,0.6499676236988161,0.7551713085735009
urn:mavedb:00000234-a-1#1107,c.[12T>C;21A>G;45C>T;78C>G;89C>T;90C>G;95A>T;96A>T;105T>C],NA,p.[Thr30Met;Glu32Val],-0.2052032202130946,-0.2302660460897247,-0.1889878472030546,0.0818468022097894,-0.80686927,0.6376381417476208,0.5924877378749873,0.666388334789512
urn:mavedb:00000234-a-1#1108,c.[3T>C;6T>C;9T>G;21A>G;45C>T;75G>C;78C>G;89C>T;90C>G;94G>A;95A>T;96A>C;105T>C;114C>G],NA,p.[Thr30Met;Glu32Ile],-0.4780193594214,-0.5309558820814495,-0.4045436657646251,0.1335973266217017,-0.84330726,0.1611671108844569,0.0303955924768201,0.3241054010009346
urn:mavedb:00000234-a-1#1109,c.[3T>C;9T>G;15G>A;21A>G;27A>G;30G>A;33G>C;45C>T;57A>G;69A>G;78C>G;89C>T;90C>G;94G>T;95A>G;96A>G;102G>T;105T>C;108A>G;114C>G;126G>A],NA,p.[Thr30Met;Glu32Trp],-0.1238886750805528,-0.1551113028922233,-0.0956166515184804,0.0991293847140564,-0.8979428,0.928282279883915,0.877676817356244,0.9734800149092218
urn:mavedb:00000234-a-1#1110,c.[3T>C;12T>C;15G>A;27A>G;45C>T;78C>G;89C>T;90C>G;94G>T;96A>C;105T>C;111C>T;114C>G;126G>A],NA,p.[Thr30Met;Glu32Tyr],-0.252856505498538,-0.2795916878346686,-0.2318833691833166,0.0289044052371271,-0.85232854,0.6336077957833739,0.5853342099437692,0.6707836476097486
urn:mavedb:00000234-a-1#1111,c.[12T>C;15G>A;24C>G;27A>G;45C>T;63G>T;78C>G;87T>C;89C>T;90C>G;94G>T;95A>T;96A>C;105T>C;108A>G;114C>G;126G>A],NA,p.[Thr30Met;Glu32Phe],-0.2072672428875623,-0.2277381559700957,-0.1904732921999666,0.0906449744308389,-0.8804021,0.7617308470630992,0.7267470860024549,0.790102026072342
urn:mavedb:00000234-a-1#1112,c.[12T>C;18G>A;24C>G;27A>G;45C>T;78C>G;89C>T;90C>G;94G>C;95A>C;96A>G;105T>C;114C>G;123C>T],NA,p.[Thr30Met;Glu32Pro],-0.2919027861257192,-0.3084481239358933,-0.2752019503491222,0.0457346301368058,-0.71015286,0.2806338334280319,0.2444275938971713,0.3163287313631636
urn:mavedb:00000234-a-1#1113,c.[6T>C;12T>C;18G>A;24C>G;45C>T;78C>G;88A>T;89C>G;90C>T;94G>C;96A>G;105T>C;111C>T;114C>G;120C>T;126G>A],NA,p.[Thr30Cys;Glu32Gln],0.1948018433878212,0.0231965740861594,0.2889830073999589,0.1782935440699317,-0.7928679,1.258943772200959,0.995662070138206,1.3982465315396635
urn:mavedb:00000234-a-1#1114,c.[3T>C;12T>C;15G>A;18G>A;21A>G;27A>G;30G>A;39C>T;45C>T;78C>G;84C>T;88A>T;89C>G;90C>T;94G>C;96A>C;105T>C;114C>G;126G>A],NA,p.[Thr30Cys;Glu32His],0.4780498890329704,0.3137744336936748,0.7160691692385222,0.3059411909619741,-0.78560925,1.6606567604270963,1.423941084212566,1.996544323643369
urn:mavedb:00000234-a-1#1115,c.[12T>C;21A>G;33G>C;45C>T;78C>G;88A>T;89C>G;94G>C;95A>G;96A>T;105T>C;114C>G],NA,p.[Thr30Cys;Glu32Arg],0.3249403273227177,0.2417231987077309,0.4592904970697344,0.4828367480226109,-1.0914538,1.872810067749092,1.7560896914271242,2.0597706285550657
urn:mavedb:00000234-a-1#1116,c.[3T>C;12T>C;24C>G;27A>G;45C>T;78C>G;88A>T;89C>G;94G>A;95A>C;96A>C;105T>C;114C>G],NA,p.[Thr30Cys;Glu32Thr],0.8095285165513166,0.4847750095014002,1.0192313466684462,0.4255738732460037,-0.8071139,2.1567829569042702,1.700544402809319,2.449862057321123
urn:mavedb:00000234-a-1#1117,c.[3T>C;12T>C;15G>A;21A>G;27A>G;30G>A;45C>T;78C>G;88A>T;89C>G;90C>T;95A>C;96A>G;105T>C;114C>G;117G>C],NA,p.[Thr30Cys;Glu32Ala],0.1959686409754238,0.0502280459181474,0.4147491054065025,0.2343847629468907,-0.8394785,1.3296462466451688,1.110218039016969,1.6465720307812908
urn:mavedb:00000234-a-1#1118,c.[12T>C;15G>A;18G>A;21A>G;27A>G;45C>T;75G>C;78C>G;88A>T;89C>G;95A>G;96A>T;105T>C;114C>G;120C>T;126G>A],NA,p.[Thr30Cys;Glu32Gly],0.2321962955911188,0.1204536763836339,0.2884607213355292,0.13905340320001,-0.8130884,1.3443534118162888,1.1773059119517848,1.426867024242252
urn:mavedb:00000234-a-1#1119,c.[12T>C;18G>A;24C>G;27A>G;45C>T;78C>G;88A>T;89C>G;94G>A;95A>T;96A>G;105T>C;114C>G;123C>T;126G>A],NA,p.[Thr30Cys;Glu32Met],0.0572697224715054,-0.0435171026777447,0.164506755737456,0.2277210287970874,-0.90426755,1.2191210283734244,1.0651977694280543,1.3782855986757476
urn:mavedb:00000234-a-1#1120,c.[3T>C;6T>C;15G>A;18G>A;21A>G;30G>A;45C>T;78C>G;88A>T;89C>G;94G>C;95A>T;96A>G;99G>A;105T>C;114C>G;126G>A],NA,p.[Thr30Cys;Glu32Leu],0.4175960931037386,0.2824457493062909,0.5765829641193433,0.3790052236943745,-0.8984628,1.7337006191030335,1.541068829119544,1.9571240271613723
urn:mavedb:00000234-a-1#1121,c.[12T>C;15G>A;24C>G;39C>T;45C>T;72G>T;75G>C;78C>G;88A>T;89C>G;94G>A;95A>T;96A>C;105T>C;114C>G;120C>T;123C>T],NA,p.[Thr30Cys;Glu32Ile],0.6636750662684254,0.4948832690599785,0.7758639191222317,0.3135620693612597,-0.8731184,2.0438027146072058,1.8073218917613496,2.200103071606502
urn:mavedb:00000234-a-1#1122,c.[12T>C;18G>A;24C>G;45C>T;78C>G;88A>T;89C>G;94G>T;95A>G;96A>G;105T>C;114C>G;123C>T;126G>A],NA,p.[Thr30Cys;Glu32Trp],0.2160854801193917,0.1521841647376436,0.2647982359812084,0.1205285891844169,-0.9013028,1.449252747425551,1.3558516702065744,1.5197309577269518
urn:mavedb:00000234-a-1#1123,c.[9T>G;12T>C;18G>A;21A>G;30G>A;45C>T;78C>G;88A>T;89C>G;94G>T;95A>T;96A>C;105T>C;114C>G],NA,p.[Thr30Cys;Glu32Phe],-0.2426480104965815,-0.4834733754341236,-0.1533411998697718,0.2426881350136467,-0.8929837,0.7227080812528598,0.2613020866684394,0.8724790652377072
urn:mavedb:00000234-a-1#1124,c.[3T>C;12T>C;15G>A;24C>G;27A>G;33G>C;45C>T;78C>G;88A>T;89C>G;94G>C;95A>C;96A>G;105T>C;114C>G;126G>A],NA,p.[Thr30Cys;Glu32Pro],-0.308080738309061,-0.4255907083655032,-0.2258500660036275,0.1840079201015733,-0.74055266,0.3110161185177545,0.0373226700974646,0.4768615728724305
urn:mavedb:00000234-a-1#1125,c.[12T>C;15G>A;24C>G;45C>T;60C>T;78C>G;84C>T;88A>C;89C>T;90C>G;94G>C;96A>G;105T>C;111C>T;126G>A],NA,p.[Thr30Leu;Glu32Gln],-0.0493644699429565,-0.0661382447806553,-0.0345470142050696,0.0548464415029265,-0.7579577,0.8217108565534671,0.7936661918642489,0.8462685724680664
urn:mavedb:00000234-a-1#1126,c.[6T>C;9T>G;12T>C;15G>A;24C>G;27A>G;33G>C;45C>T;60C>T;78C>G;88A>C;89C>T;90C>G;94G>A;96A>C;114C>G],NA,p.[Thr30Leu;Glu32Asn],-0.0780430267607414,-0.1116577937735084,-0.0455639147810177,0.1440036485556656,-0.7494185,0.7591417469972367,0.7013533072526742,0.8138473233282608
urn:mavedb:00000234-a-1#1127,c.[12T>C;18G>A;21A>G;27A>G;45C>T;78C>G;88A>C;89C>T;90C>G;94G>C;96A>C;105T>C;114C>G],NA,p.[Thr30Leu;Glu32His],-0.1695112417558391,-0.2072315815993204,-0.1397396477584034,0.1127775085698407,-0.7505586,0.6007113401925163,0.5312019157061956,0.6540710900651043
urn:mavedb:00000234-a-1#1128,c.[12T>C;15G>A;21A>G;30G>A;33G>C;45C>T;78C>G;88A>C;89C>T;90C>G;96A>C;105T>C],NA,p.[Thr30Leu;Glu32Asp],0.2238875619988226,0.1970476373300209,0.2540410478395006,0.1382393302500641,-0.70957017,1.1778323895130678,1.136903634099398,1.2234346256089277
urn:mavedb:00000234-a-1#1129,c.[12T>C;18G>A;21A>G;30G>A;45C>T;78C>G;88A>C;89C>T;90C>G;94G>C;95A>G;96A>T;105T>C;114C>G;126G>A],NA,p.[Thr30Leu;Glu32Arg],-0.6400892249965315,-0.6707577743289285,-0.5935023742073933,0.0489901510529936,-1.0879614,0.342819420574773,0.2778260623898576,0.4368874222395515
urn:mavedb:00000234-a-1#1130,c.[15G>A;24C>G;45C>T;75G>C;78C>G;88A>C;89C>T;90C>G;94G>A;105T>C;108A>G;114C>G;123C>T],NA,p.[Thr30Leu;Glu32Lys],-0.1890048382567923,-0.2084402093991773,-0.1528265085810519,0.0515663851436799,-0.8862703,0.8023919520592874,0.7696763163089932,0.8623426580111122
urn:mavedb:00000234-a-1#1131,c.[3T>C;6T>C;12T>C;18G>A;21A>G;27A>G;33G>C;45C>T;78C>G;88A>C;89C>T;90C>G;94G>A;95A>C;96A>C;105T>C;108A>G;114C>G],NA,p.[Thr30Leu;Glu32Thr],-0.3173785158180993,-0.3846631942872502,-0.2310172587120592,0.302641021424042,-0.7714143,0.3560260998380435,0.2108038040048651,0.5256517766291675
urn:mavedb:00000234-a-1#1132,c.[12T>C;15G>A;27A>G;33G>C;45C>T;78C>G;88A>C;89C>T;90C>G;94G>T;95A>C;96A>T;105T>C;114C>G],NA,p.[Thr30Leu;Glu32Ser],0.0366224356568188,0.0004486015603793,0.0834724728376258,0.2041544128115118,-0.78383756,1.0026451516296984,0.9451309242542616,1.0759114638569058
urn:mavedb:00000234-a-1#1133,c.[12T>C;18G>A;24C>G;27A>G;30G>A;45C>T;57A>G;78C>G;88A>C;89C>T;90C>G;95A>C;96A>G;105T>C;114C>G],NA,p.[Thr30Leu;Glu32Ala],-0.0510320063774108,-0.097053555454822,-0.037071466724728,0.1253633832377505,-0.80975056,0.9038219260659004,0.8283457707423213,0.9263797048558008
urn:mavedb:00000234-a-1#1134,c.[6T>C;12T>C;24C>G;27A>G;45C>T;51C>T;78C>G;88A>C;89C>T;90C>G;95A>G;96A>T;105T>C;114C>G;120C>T],NA,p.[Thr30Leu;Glu32Gly],-0.1901678758364182,-0.2350310259669536,-0.1706093018424978,0.1152504168753262,-0.7788651,0.6144613206558734,0.5320796784526203,0.6494413656550525
urn:mavedb:00000234-a-1#1135,c.[12T>C;15G>A;24C>G;27A>G;45C>T;78C>G;88A>C;89C>T;90C>G;94G>A;95A>T;96A>G;105T>C;111C>T;114C>G],NA,p.[Thr30Leu;Glu32Met],-0.0775349116174469,-0.1216631760468691,0.0131013229394872,0.1379522308968499,-0.8740151,0.96426263099092,0.893263065919075,1.1060759812263006
urn:mavedb:00000234-a-1#1136,c.[12T>C;18G>A;21A>G;27A>G;45C>T;78C>G;88A>C;89C>T;90C>G;94G>C;95A>T;96A>C;105T>C;114C>G;123C>T],NA,p.[Thr30Leu;Glu32Leu],-0.1811162462594066,-0.2625966576849566,-0.15442580103419,0.140769211280125,-0.8679087,0.784859518132898,0.6439815287291899,0.8294653632545729
urn:mavedb:00000234-a-1#1137,c.[24C>G;27A>G;45C>T;88A>C;89C>T;90C>G;95A>T;96A>T;105T>C;114C>G],NA,p.[Thr30Leu;Glu32Val],0.0840235803579851,0.0580122427201699,0.1304394455616244,0.1223375811284263,-0.8052225,1.1096792677287903,1.0694824585187082,1.1805659420996346
urn:mavedb:00000234-a-1#1138,c.[3T>C;12T>C;18G>A;21A>G;24C>G;30G>A;33G>C;45C>T;78C>G;88A>C;89C>T;90C>G;94G>A;95A>T;96A>C;105T>C;114C>G;117G>C],NA,p.[Thr30Leu;Glu32Ile],-0.1630960630475573,-0.2149332330641738,-0.0888125321001085,0.129774979528038,-0.84046865,0.769027986415623,0.67975061930002,0.8922431316208416
urn:mavedb:00000234-a-1#1139,c.[12T>C;21A>G;30G>A;45C>T;63G>T;78C>G;88A>C;89C>T;90C>G;94G>T;95A>G;96A>G;105T>C;114C>G],NA,p.[Thr30Leu;Glu32Trp],-0.1085720277008482,-0.1380306694995799,-0.0540435442068522,0.111213325991551,-0.8884325,0.9376422928467556,0.8900462045174489,1.0241219663220116
urn:mavedb:00000234-a-1#1140,c.[12T>C;18G>A;21A>G;24C>G;30G>A;45C>T;78C>G;88A>C;89C>T;90C>G;94G>T;96A>C;105T>C;114C>G],NA,p.[Thr30Leu;Glu32Tyr],-0.1260376666253899,-0.1598408755401146,-0.0198478866765345,0.1800637262715632,-0.84582376,0.8399709903618262,0.7835588541141639,1.0110699168436277
urn:mavedb:00000234-a-1#1141,c.[3T>C;9T>G;12T>C;15G>A;24C>G;27A>G;39C>T;78C>G;88A>C;89C>T;90C>G;94G>T;95A>T;96A>C;105T>C;108A>G;114C>G],NA,p.[Thr30Leu;Glu32Phe],-0.5406996673597719,-0.6245471185309832,-0.3229975424909904,0.1869167072764028,-0.8734181,0.0822891229063229,-0.1484037889752091,0.5441639517387632
urn:mavedb:00000234-a-1#1142,c.[12T>C;15G>A;24C>G;27A>G;45C>T;78C>G;88A>C;89C>T;90C>G;94G>C;95A>C;96A>G;105T>C;114C>G;126G>A],NA,p.[Thr30Leu;Glu32Pro],-0.2908236675668156,-0.3235962872748824,-0.2633820070714597,0.1059690687963006,-0.7096009,0.2817744238856174,0.2092261650017179,0.3399650541284351
urn:mavedb:00000234-a-1#1143,c.[12T>C;21A>G;45C>T;78C>G;88A>G;89C>T;90C>T;94G>C;96A>G;105T>C;108A>G;114C>G;117G>C],NA,p.[Thr30Val;Glu32Gln],-0.1088655850151368,-0.1464365780761455,-0.083798546400196,0.1308493130648829,-0.7264292,0.6660700562103493,0.5988687158970837,0.7098829031985424
urn:mavedb:00000234-a-1#1144,c.[12T>C;21A>G;27A>G;30G>A;45C>T;78C>G;84C>T;88A>G;89C>T;90C>T;94G>A;96A>C;105T>C;114C>G;117G>C],NA,p.[Thr30Val;Glu32Asn],-0.1351470787555948,-0.1534669892718656,-0.0842187556092371,0.1022773533552065,-0.7203016,0.6082377118628055,0.5748721401647731,0.6985332236914511
urn:mavedb:00000234-a-1#1145,c.[6T>C;12T>C;21A>G;45C>T;78C>G;88A>G;89C>T;90C>T;94G>C;96A>C;105T>C;114C>G;117G>C],NA,p.[Thr30Val;Glu32His],-0.0613619055686336,-0.0935955889040237,-0.024291666027513,0.1441580004520546,-0.7201612,0.73777254865744,0.6819139771940058,0.8006071954266228
urn:mavedb:00000234-a-1#1146,c.[18G>A;24C>G;27A>G;45C>T;78C>G;88A>G;89C>T;90C>T;96A>C;105T>C;114C>G],NA,p.[Thr30Val;Glu32Asp],0.1819578794704754,0.170909541515791,0.2001396664309686,0.0789791649623042,-0.69443035,1.0904849083486112,1.073363904177197,1.1185207414278548
urn:mavedb:00000234-a-1#1147,c.[3T>C;9T>G;12T>C;18G>A;21A>G;27A>G;45C>T;78C>G;88A>G;89C>T;90C>T;94G>C;95A>G;96A>T;114C>G;126G>A],NA,p.[Thr30Val;Glu32Arg],-0.5127911527251596,-0.5504914931413151,-0.4797213278196007,0.1086088035226496,-1.0049787,0.4325144937680775,0.3565882453051772,0.4965735720714871
urn:mavedb:00000234-a-1#1148,c.[12T>C;21A>G;45C>T;78C>G;88A>G;89C>T;90C>T;94G>A;105T>C;114C>G],NA,p.[Thr30Val;Glu32Lys],-0.1606234925480695,-0.1821388702889149,-0.1409412689910674,0.1089513017522331,-0.81718946,0.7336227797436271,0.6964338323316603,0.7671921437458299
urn:mavedb:00000234-a-1#1149,c.[3T>C;12T>C;15G>A;21A>G;30G>A;33G>C;45C>T;75G>C;78C>G;88A>G;89C>T;90C>T;94G>A;95A>C;96A>C;105T>C;114C>G;126G>A],NA,p.[Thr30Val;Glu32Thr],-0.0122597755083834,-0.03405244403052,0.0347895673475549,0.0974567196361597,-0.734545,0.8445040162232631,0.8082896134850176,0.9213059226848233
urn:mavedb:00000234-a-1#1150,c.[12T>C;24C>G;27A>G;45C>T;78C>G;88A>G;89C>T;90C>T;94G>T;95A>C;96A>T;105T>C;114C>G],NA,p.[Thr30Val;Glu32Ser],0.0142346875848136,-0.0096715299688978,0.0596232269911059,0.1366720534331132,-0.74288344,0.9014976422370264,0.8624678199584631,0.9744005122403996
urn:mavedb:00000234-a-1#1151,c.[12T>C;15G>A;24C>G;27A>G;45C>T;78C>G;88A>G;89C>T;90C>T;95A>C;96A>G;105T>C;114C>G],NA,p.[Thr30Val;Glu32Ala],-0.0380710265266985,-0.0680536850080874,0.0134526744376248,0.1340435269911381,-0.76009583,0.8439716607519215,0.7940325191402684,0.9279846914564952
urn:mavedb:00000234-a-1#1152,c.[6T>C;15G>A;21A>G;45C>T;78C>G;88A>G;89C>T;90C>T;95A>G;96A>C;105T>C;114C>G],NA,p.[Thr30Val;Glu32Gly],-0.0974904498294993,-0.1197653943115779,-0.0640444358519549,0.1163071770814875,-0.73741245,0.7051475706702656,0.6661814487041797,0.7625717437748487
urn:mavedb:00000234-a-1#1153,c.[12T>C;15G>A;18G>A;21A>G;27A>G;30G>A;45C>T;78C>G;88A>G;89C>T;90C>T;94G>A;95A>T;96A>G;105T>C;114C>G;126G>A],NA,p.[Thr30Val;Glu32Met],-0.0812425224735096,-0.1007245153199896,-0.0677260731980553,0.0642099166571245,-0.80612206,0.8485134341236951,0.8162172873068917,0.8707244799530562
urn:mavedb:00000234-a-1#1154,c.[12T>C;18G>A;21A>G;27A>G;45C>T;51C>T;78C>G;87T>C;88A>G;89C>T;90C>T;94G>T;95A>G;96A>C;105T>C;114C>G],NA,p.[Thr30Val;Glu32Cys],-1.3152687143614994,-1.4959430432558958,-0.9602442316569804,0.1604445243968207,-0.79922915,-15.0,-25.0,-5.0
urn:mavedb:00000234-a-1#1155,c.[12T>C;18G>A;21A>G;30G>A;45C>T;72G>T;75G>C;78C>G;88A>G;89C>T;90C>T;94G>C;95A>T;96A>G;105T>C;108A>G],NA,p.[Thr30Val;Glu32Leu],-0.1984515639023996,-0.2335937374049538,-0.1776516831667378,0.0522396612417302,-0.79775333,0.6334409827385786,0.5697476883996783,0.6703235156137726
urn:mavedb:00000234-a-1#1156,c.[3T>C;9T>G;12T>C;18G>A;21A>G;27A>G;45C>T;88A>G;89C>T;90C>T;95A>T;96A>T;105T>C;114C>G;126G>A],NA,p.[Thr30Val;Glu32Val],-0.0470655272340753,-0.0694009038576452,-0.018773634756893,0.1041493210883448,-0.754513,0.8198166831839803,0.7823882826943909,0.8665685622703245
urn:mavedb:00000234-a-1#1157,c.[12T>C;15G>A;24C>G;27A>G;33G>C;45C>T;63G>T;78C>G;84C>T;88A>G;89C>T;90C>T;94G>A;95A>T;96A>C;99G>A;105T>C;114C>G],NA,p.[Thr30Val;Glu32Ile],0.0268139053468506,-0.0092535145911725,0.0502954436129523,0.1080196939183384,-0.7790742,0.9796036100114908,0.9218958318282918,1.0167021666452536
urn:mavedb:00000234-a-1#1158,c.[6T>C;12T>C;21A>G;45C>T;78C>G;88A>G;89C>T;90C>T;94G>T;95A>G;96A>G;105T>C;114C>G;117G>C],NA,p.[Thr30Val;Glu32Trp],-0.1511179641317634,-0.1659539710227048,-0.1338426844969363,0.0858538570029532,-0.82083297,0.7560842201331119,0.7307154058651305,0.7853314196752211
urn:mavedb:00000234-a-1#1159,c.[12T>C;15G>A;24C>G;27A>G;45C>T;51C>T;78C>G;88A>G;89C>T;90C>T;94G>T;96A>C;105T>C;108A>G;114C>G;123C>T;126G>A],NA,p.[Thr30Val;Glu32Tyr],-0.1645743431227056,-0.188838744866416,-0.1404203146218267,0.0598189303203285,-0.78653574,0.673625914804732,0.6306016038617313,0.7157165646421089
urn:mavedb:00000234-a-1#1160,c.[9T>G;12T>C;18G>A;21A>G;27A>G;45C>T;78C>G;88A>G;89C>T;90C>T;94G>T;95A>T;96A>C;105T>C;114C>G],NA,p.[Thr30Val;Glu32Phe],-0.3493860697952534,-0.3862036185811017,-0.3246681032790277,0.1158174262390802,-0.8058138,0.3608820651410254,0.2833858255540081,0.4109378931441695
urn:mavedb:00000234-a-1#1161,c.[15G>A;24C>G;27A>G;45C>T;78C>G;88A>G;89C>T;90C>T;94G>C;95A>C;96A>G;114C>G],NA,p.[Thr30Val;Glu32Pro],-0.2986419217757698,-0.3283914167341385,-0.2670065545307449,0.0709413620889472,-0.69375086,0.2297773631955957,0.1615863612532291,0.2989278619481831
urn:mavedb:00000234-a-1#1162,c.[12T>C;24C>G;27A>G;45C>T;78C>G;89C>T;94G>C;96A>G;99G>A;105T>C;114C>G],NA,p.[Thr30Ile;Glu32Gln],-0.0359700681649498,-0.0749926527165523,0.0440600685744374,0.1301025093866861,-0.73527646,0.806303026072781,0.7402617316708477,0.9374065207612036
urn:mavedb:00000234-a-1#1163,c.[12T>C;18G>A;21A>G;27A>G;45C>T;89C>T;94G>A;96A>C;105T>C;114C>G;126G>A],NA,p.[Thr30Ile;Glu32Asn],-0.1011236432841724,-0.1173075419189659,-0.079540995044111,0.0742377465635903,-0.7283361,0.6830193741423096,0.6545124731183097,0.7205356211251368
urn:mavedb:00000234-a-1#1164,c.[12T>C;18G>A;21A>G;27A>G;45C>T;78C>G;89C>T;94G>C;96A>C;105T>C;126G>A],NA,p.[Thr30Ile;Glu32His],-0.2671036081859409,-0.2860292677886727,-0.2529127988651392,0.0857117162803341,-0.72901773,0.3722810554436874,0.3331810310598987,0.4010136360419787
urn:mavedb:00000234-a-1#1165,c.[21A>G;45C>T;89C>T;96A>C;105T>C;114C>G;126G>A],NA,p.[Thr30Ile;Glu32Asp],0.125991822905493,0.1083238746894418,0.1395042251058205,0.0660474274637789,-0.6995928,1.0111574492425506,0.9832177442603008,1.0323940149624025
urn:mavedb:00000234-a-1#1166,c.[24C>G;45C>T;89C>T;94G>C;95A>G;96A>T;105T>C;114C>G;123C>T],NA,p.[Thr30Ile;Glu32Arg],-0.483157520234503,-0.5836757327618415,-0.4148059679285059,0.0900578011957275,-1.025492,0.5288080351121659,0.3302593611395688,0.6532110634772412
urn:mavedb:00000234-a-1#1167,c.[12T>C;18G>A;21A>G;27A>G;45C>T;75G>C;78C>G;89C>T;94G>A;105T>C;114C>G;117G>C;123C>T],NA,p.[Thr30Ile;Glu32Lys],-0.1698142006793912,-0.1810223299633711,-0.1513908630271389,0.0657466294007912,-0.83360386,0.745943711621569,0.7267290573095061,0.7772351959286996
urn:mavedb:00000234-a-1#1168,c.[12T>C;15G>A;24C>G;27A>G;33G>C;45C>T;78C>G;89C>T;94G>A;95A>C;96A>C;105T>C],NA,p.[Thr30Ile;Glu32Thr],-0.0006149925416122,-0.0148909263006512,0.030404086337863,0.050417045982058,-0.74434304,0.8796877979532017,0.8562805005565974,0.929984719787457
urn:mavedb:00000234-a-1#1169,c.[24C>G;27A>G;45C>T;89C>T;94G>T;95A>C;96A>T;105T>C;114C>G],NA,p.[Thr30Ile;Glu32Ser],0.1629515544580376,0.1493227396526178,0.1989034330013032,0.0977756874203599,-0.7529738,1.150852827927267,1.1300092148037753,1.205428031014106
urn:mavedb:00000234-a-1#1170,c.[15G>A;21A>G;30G>A;45C>T;78C>G;89C>T;95A>C;96A>G;105T>C],NA,p.[Thr30Ile;Glu32Ala],-0.1113889095112379,-0.1380072224533186,-0.059042539845623,0.0799041890879155,-0.7721739,0.740993828583032,0.695026131544851,0.8291997119536533
urn:mavedb:00000234-a-1#1171,c.[18G>A;21A>G;27A>G;30G>A;33G>C;45C>T;78C>G;87T>C;89C>T;95A>G;96A>T;99G>A;105T>C;126G>A],NA,p.[Thr30Ile;Glu32Gly],-0.1991132673643907,-0.242481681415834,-0.1473821277709878,0.1279177650870802,-0.7491033,0.5436517876329742,0.4612121620831376,0.6378995074855903
urn:mavedb:00000234-a-1#1172,c.[12T>C;18G>A;21A>G;27A>G;45C>T;78C>G;87T>C;89C>T;90C>T;94G>A;95A>T;96A>G;105T>C;114C>G],NA,p.[Thr30Ile;Glu32Met],-0.0887738180727615,-0.1452495653654752,-0.0502227967537398,0.0921354878089605,-0.82336164,0.8644216650628852,0.7703310924648439,0.927067917328954
urn:mavedb:00000234-a-1#1173,c.[12T>C;18G>A;21A>G;27A>G;45C>T;48C>T;78C>G;89C>T;94G>C;95A>T;96A>G;105T>C;120C>T],NA,p.[Thr30Ile;Glu32Leu],-0.3182935055839966,-0.4825874644909352,-0.2407221085376099,0.1571813228054418,-0.81849647,0.448552406351506,0.0903013479957594,0.5945892115688572
urn:mavedb:00000234-a-1#1174,c.[12T>C;18G>A;27A>G;45C>T;78C>G;89C>T;95A>T;96A>T;105T>C;114C>G],NA,p.[Thr30Ile;Glu32Val],-0.2415086855108711,-0.2770228461275286,-0.1890990613199929,0.0923453747275936,-0.76896214,0.5011937945913053,0.4324320023168921,0.5985111983776176
urn:mavedb:00000234-a-1#1175,c.[15G>A;24C>G;45C>T;78C>G;89C>T;90C>T;94G>A;95A>T;96A>T;105T>C;114C>G;126G>A],NA,p.[Thr30Ile;Glu32Ile],0.0332273333498414,-0.0215231720460328,0.0916169808003548,0.0793864457505705,-0.7958796,1.016210648782372,0.929135145163749,1.1070352262589749
urn:mavedb:00000234-a-1#1176,c.[12T>C;15G>A;21A>G;30G>A;33G>C;39C>T;89C>T;94G>T;95A>G;96A>G;105T>C;114C>G;126G>A],NA,p.[Thr30Ile;Glu32Trp],-0.1773239855520249,-0.210861741531113,-0.1329879987223023,0.0983934906332124,-0.8368299,0.7386070979567517,0.6805183399417588,0.8135243121925434
urn:mavedb:00000234-a-1#1177,c.[6T>C;12T>C;24C>G;45C>T;78C>G;89C>T;94G>T;96A>C;105T>C;114C>G;123C>T],NA,p.[Thr30Ile;Glu32Tyr],-0.1014326913786328,-0.1399812211054069,-0.0709225038411621,0.141042407151538,-0.8016336,0.8075587590260539,0.7423848241173064,0.8581313679725566
urn:mavedb:00000234-a-1#1178,c.[3T>C;12T>C;21A>G;27A>G;30G>A;45C>T;78C>G;89C>T;94G>T;95A>T;96A>C;99G>A;105T>C;114C>G;126G>A],NA,p.[Thr30Ile;Glu32Phe],-0.2772590200251649,-0.3291892685414366,-0.2406066491188655,0.0800811615303278,-0.8233144,0.5361304172213583,0.4366235465581901,0.6035277486822549
urn:mavedb:00000234-a-1#1179,c.[12T>C;21A>G;45C>T;78C>G;89C>T;94G>C;95A>C;96A>G;105T>C;114C>G],NA,p.[Thr30Ile;Glu32Pro],-0.3555264416078211,-0.3967981661017906,-0.3128291154892897,0.0963182272338851,-0.6999228,0.1113792491454175,0.0063173954152613,0.2117158672122344
urn:mavedb:00000234-a-1#1180,c.[12T>C;15G>A;24C>G;45C>T;57A>G;78C>G;88A>T;89C>G;90C>G;94G>C;96A>G;105T>C;114C>G;123C>T],NA,p.[Thr30Trp;Glu32Gln],-0.1514796641415482,-0.1721145184824997,-0.0940121919383145,0.0651716747993335,-0.86777735,0.8341311606320708,0.7997598549548977,0.9279167126807666
urn:mavedb:00000234-a-1#1181,c.[3T>C;15G>A;21A>G;45C>T;75G>C;78C>G;88A>T;89C>G;90C>G;94G>A;96A>C;105T>C;114C>G],NA,p.[Thr30Trp;Glu32Asn],-0.2926724388819705,-0.3591983104853543,-0.223529318960945,0.1238435222432934,-0.85312366,0.5627898758039657,0.4361733635776741,0.6868214165122534
urn:mavedb:00000234-a-1#1182,c.[12T>C;18G>A;21A>G;27A>G;78C>G;87T>C;88A>T;89C>G;90C>G;94G>C;96A>C;105T>C;114C>G;123C>T],NA,p.[Thr30Trp;Glu32His],-0.3225489612355294,-0.3779013073157063,-0.2799847550905113,0.1907417979875967,-0.8573148,0.5148542088621203,0.4073800522926575,0.5936911823165485
urn:mavedb:00000234-a-1#1183,c.[12T>C;24C>G;27A>G;45C>T;78C>G;88A>T;89C>G;90C>G;96A>C;105T>C;114C>G;126G>A],NA,p.[Thr30Trp;Glu32Asp],-0.4843801824354463,-0.5731107381575188,-0.4111184782620372,0.1428928483462206,-0.76973367,-0.042054487920818,-0.3228819362502734,0.1455084574176705
urn:mavedb:00000234-a-1#1184,c.[3T>C;6T>C;9T>G;12T>C;15G>A;24C>G;30G>A;33G>C;45C>T;88A>T;89C>G;90C>G;94G>C;95A>G;96A>T;105T>C;114C>G],NA,p.[Thr30Trp;Glu32Arg],-0.6820341452055061,-0.8064689751599798,-0.5484670478213193,0.1117017544115536,-1.1918967,0.4668187742177136,0.2073323796839428,0.7102689427876994
urn:mavedb:00000234-a-1#1185,c.[12T>C;18G>A;21A>G;24C>G;30G>A;45C>T;78C>G;88A>T;89C>G;90C>G;94G>A;105T>C;114C>G;117G>C],NA,p.[Thr30Trp;Glu32Lys],-0.2747947353390346,-0.3334745723318527,-0.2425457583180106,0.1034911240279905,-1.0042977,0.8555639472570411,0.7575213381530627,0.908141658711319
urn:mavedb:00000234-a-1#1186,c.[12T>C;18G>A;24C>G;27A>G;33G>C;39C>T;45C>T;57A>G;72G>T;75G>C;78C>G;88A>T;89C>G;90C>G;94G>A;95A>C;96A>C;105T>C;114C>G],NA,p.[Thr30Trp;Glu32Thr],-0.1083345770682936,-0.1741460195853088,-0.0351111743987516,0.1356643322555838,-0.89192677,0.9436137439816122,0.8365160327855865,1.0591309960330115
urn:mavedb:00000234-a-1#1187,c.[12T>C;15G>A;24C>G;27A>G;39C>T;45C>T;78C>G;88A>T;89C>G;90C>G;94G>T;95A>C;96A>T;105T>C;111C>T;114C>G;126G>A],NA,p.[Thr30Trp;Glu32Ser],-0.2070020582775225,-0.2225282270025394,-0.1840630838426327,0.0720260905936848,-0.91159797,0.8145672271134177,0.7885756454547734,0.8525584048922114
urn:mavedb:00000234-a-1#1188,c.[12T>C;18G>A;21A>G;27A>G;78C>G;88A>T;89C>G;90C>G;95A>C;96A>G;105T>C],NA,p.[Thr30Trp;Glu32Ala],-0.2788161126178778,-0.342892603856825,-0.253935931900958,0.1219727619948665,-0.9355109,0.7335410028429622,0.6211543490649752,0.7758865462215113
urn:mavedb:00000234-a-1#1189,c.[3T>C;6T>C;9T>G;12T>C;18G>A;21A>G;24C>G;27A>G;45C>T;78C>G;88A>T;89C>G;90C>G;95A>G;96A>T;105T>C;114C>G;117G>C],NA,p.[Thr30Trp;Glu32Gly],-0.6134661382138146,-0.7036000647868595,-0.5462278156009739,0.1391106525803114,-0.90139484,-0.0350910068060146,-0.3187212625344917,0.1370997758411115
urn:mavedb:00000234-a-1#1190,c.[12T>C;15G>A;24C>G;27A>G;45C>T;88A>T;89C>G;90C>G;94G>A;95A>T;96A>G;105T>C;114C>G],NA,p.[Thr30Trp;Glu32Met],-0.5179225375947345,-0.5733906087107243,-0.4450677717572451,0.1769464866738096,-1.0165772,0.4452013474589369,0.3331347582687722,0.5827896296978398
urn:mavedb:00000234-a-1#1191,c.[12T>C;15G>A;21A>G;27A>G;30G>A;45C>T;88A>T;89C>G;90C>G;94G>T;95A>G;96A>C;105T>C;114C>G],NA,p.[Thr30Trp;Glu32Cys],0.1209654796228444,0.045062377905023,0.2670946097240715,0.4963337226483249,-0.97539353,1.4181896832033762,1.3067048344349663,1.6285725607278445
urn:mavedb:00000234-a-1#1192,c.[3T>C;6T>C;9T>G;12T>C;15G>A;18G>A;21A>G;27A>G;45C>T;75G>C;78C>G;88A>T;89C>G;90C>G;94G>C;95A>T;96A>G;105T>C;126G>A],NA,p.[Thr30Trp;Glu32Leu],-0.9130149628907236,-0.9845260212148216,-0.7141385170168231,0.159541360050694,-1.0096712,-0.8055231726799938,-1.63539106694659,-0.0144230970903654
urn:mavedb:00000234-a-1#1193,c.[6T>C;12T>C;15G>A;24C>G;27A>G;45C>T;78C>G;81C>T;88A>T;89C>G;90C>G;95A>T;96A>T;105T>C;111C>T;114C>G],NA,p.[Thr30Trp;Glu32Val],-0.3826708613176651,-0.4152762553456334,-0.3565002200779276,0.045581472007132,-0.93705964,0.5514152661324587,0.490047205288674,0.5993926280883131
urn:mavedb:00000234-a-1#1194,c.[12T>C;18G>A;21A>G;27A>G;39C>T;45C>T;88A>T;89C>G;90C>G;94G>A;95A>T;96A>C;105T>C;114C>G;123C>T],NA,p.[Thr30Trp;Glu32Ile],-0.3564892622619423,-0.4051252981220049,-0.3226157988006199,0.0792133012868496,-0.98101926,0.6776789989997346,0.5908401679031092,0.7363738711814385
urn:mavedb:00000234-a-1#1195,c.[3T>C;6T>C;12T>C;18G>A;27A>G;45C>T;78C>G;88A>T;89C>G;90C>G;94G>T;95A>G;96A>G;114C>G],NA,p.[Thr30Trp;Glu32Trp],0.0068714669599029,-0.0188483814553608,0.0247259233729945,0.1311760609155209,-1.003869,1.2921725993360016,1.2538782166339888,1.318615611431136
urn:mavedb:00000234-a-1#1196,c.[9T>G;12T>C;15G>A;18G>A;45C>T;88A>T;89C>G;90C>G;94G>T;96A>C;105T>C;114C>G;123C>T],NA,p.[Thr30Trp;Glu32Tyr],-0.210799025656328,-0.2422176819435372,-0.1356976935802498,0.0753388373567684,-0.9643991,0.8950297825940497,0.8435981416813787,1.0149349219359558
urn:mavedb:00000234-a-1#1197,c.[6T>C;12T>C;15G>A;21A>G;30G>A;33G>C;45C>T;51C>T;54T>C;60C>T;88A>T;89C>G;90C>G;94G>T;95A>T;96A>C;105T>C;114C>G],NA,p.[Thr30Trp;Glu32Phe],-0.4103879057988475,-0.4615175557823868,-0.3554629589848714,0.108703028936385,-1.0001252,0.615860450907112,0.5218475372373833,0.7126889731732308
urn:mavedb:00000234-a-1#1198,c.[12T>C;18G>A;24C>G;27A>G;33G>C;45C>T;78C>G;88A>T;89C>G;90C>G;94G>C;95A>C;96A>G;105T>C;114C>G;126G>A],NA,p.[Thr30Trp;Glu32Pro],-0.4273836934394118,-0.5011482136322251,-0.3565530572499822,0.0846366613467968,-0.7645986,0.0936172765440131,-0.1045540024405103,0.2582991854371033
urn:mavedb:00000234-a-1#1199,c.[12T>C;15G>A;21A>G;27A>G;30G>A;33G>C;45C>T;78C>G;88A>T;89C>A;94G>C;96A>G;105T>C;111C>T;114C>G],NA,p.[Thr30Tyr;Glu32Gln],0.0322283988415759,0.0189933578415177,0.0962035603306239,0.089560196057391,-0.8089998,1.0351652427483686,1.0143999320592998,1.1341458309847
urn:mavedb:00000234-a-1#1200,c.[12T>C;18G>A;21A>G;27A>G;45C>T;78C>G;88A>T;89C>A;94G>A;96A>C;105T>C;114C>G;126G>A],NA,p.[Thr30Tyr;Glu32Asn],-0.0427276222874795,-0.0634795782411921,-0.0245533369209452,0.081809369425784,-0.79689264,0.8964804090839185,0.8625877207048888,0.925883122696742
urn:mavedb:00000234-a-1#1201,c.[12T>C;18G>A;21A>G;27A>G;45C>T;54T>C;57A>G;78C>G;88A>T;89C>A;94G>C;96A>C;105T>C;114C>G;126G>A],NA,p.[Thr30Tyr;Glu32His],0.019243761562892,0.0001030789942285,0.0395327237324567,0.0920686503320556,-0.800488,1.0014206448047904,0.9710920723858556,1.0333142649449285
urn:mavedb:00000234-a-1#1202,c.[12T>C;18G>A;21A>G;24C>G;30G>A;45C>T;78C>G;88A>T;89C>A;96A>C;102G>T;105T>C;114C>G;120C>T;123C>T],NA,p.[Thr30Tyr;Glu32Asp],0.2194249130134745,0.1915425289916639,0.2583771420072928,0.1050643575823909,-0.7351048,1.209555430904831,1.16730482194011,1.2680447427032775
urn:mavedb:00000234-a-1#1203,c.[12T>C;15G>A;24C>G;27A>G;33G>C;45C>T;78C>G;88A>T;89C>A;94G>C;95A>G;96A>T;114C>G;123C>T],NA,p.[Thr30Tyr;Glu32Arg],-0.4449539156130666,-0.4679359375554222,-0.4001196982752981,0.0827799623910571,-1.1378062,0.7944786053647733,0.7556761939147855,0.8687240459010133
urn:mavedb:00000234-a-1#1204,c.[6T>C;12T>C;18G>A;21A>G;27A>G;33G>C;45C>T;78C>G;88A>T;89C>A;94G>A;105T>C;114C>G],NA,p.[Thr30Tyr;Glu32Lys],-0.0705401717067879,-0.0966708586206057,-0.0448584783071375,0.0873109874172127,-0.94031763,1.079056714588171,1.0384286314012596,1.1186228218209524
urn:mavedb:00000234-a-1#1205,c.[6T>C;12T>C;18G>A;21A>G;30G>A;45C>T;78C>G;88A>T;89C>A;94G>A;95A>C;96A>C;105T>C;114C>G;117G>C],NA,p.[Thr30Tyr;Glu32Thr],-0.0560659309461087,-0.0708082136307185,-0.0319579629470705,0.0536101100166981,-0.8285482,0.9259911856141504,0.9021660177463932,0.9646077827024302
urn:mavedb:00000234-a-1#1206,c.[3T>C;6T>C;12T>C;18G>A;21A>G;27A>G;45C>T;78C>G;88A>T;89C>A;94G>T;95A>C;96A>T;105T>C;114C>G;126G>A],NA,p.[Thr30Tyr;Glu32Ser],0.0961527248937126,0.0852257389936093,0.1081506539550991,0.1280614524085417,-0.8449464,1.1885843466774155,1.1720197551630809,1.2067123861831222
urn:mavedb:00000234-a-1#1207,c.[6T>C;15G>A;21A>G;27A>G;30G>A;45C>T;78C>G;88A>T;89C>A;95A>C;96A>G;99G>A;105T>C;114C>G],NA,p.[Thr30Tyr;Glu32Ala],-0.0161518135182771,-0.0511074661402596,0.0583167585725343,0.156671316624697,-0.86918306,1.0533322776451246,0.9985255805823068,1.167839708648495
urn:mavedb:00000234-a-1#1208,c.[12T>C;18G>A;21A>G;27A>G;45C>T;78C>G;88A>T;89C>A;90C>T;95A>G;96A>T;105T>C;117G>C;126G>A],NA,p.[Thr30Tyr;Glu32Gly],-0.0381705184457212,-0.0555611502192501,-0.009258739083958,0.0623496920042679,-0.8381829,0.9700185574915832,0.9422471816503268,1.0157389480270886
urn:mavedb:00000234-a-1#1209,c.[3T>C;12T>C;18G>A;21A>G;24C>G;30G>A;39C>T;45C>T;78C>G;87T>C;88A>T;89C>A;94G>A;95A>T;96A>G;105T>C;108A>G;114C>G;126G>A],NA,p.[Thr30Tyr;Glu32Met],-0.0718945647317129,-0.1214879708915374,-0.0087804252081358,0.1072152754001133,-0.94707274,1.087381796757872,1.010089276081659,1.1838562766801528
urn:mavedb:00000234-a-1#1210,c.[6T>C;12T>C;18G>A;45C>T;69A>G;75G>C;84C>T;88A>T;89C>A;94G>T;95A>G;96A>C;105T>C;114C>G],NA,p.[Thr30Tyr;Glu32Cys],0.033544458320063,-0.0243075219046583,0.0834557480438234,0.1329561726590782,-0.91154313,1.1942879153277473,1.106102369043565,1.2691913638533254
urn:mavedb:00000234-a-1#1211,c.[6T>C;12T>C;15G>A;21A>G;27A>G;30G>A;33G>C;45C>T;78C>G;88A>T;89C>A;94G>C;95A>T;96A>G;105T>C;114C>G],NA,p.[Thr30Tyr;Glu32Leu],-0.1769820549353826,-0.2054537823620989,-0.1617263648130723,0.1469096599252482,-0.94356585,0.9161075246360756,0.869833069102421,0.9406449983486808
urn:mavedb:00000234-a-1#1212,c.[12T>C;21A>G;45C>T;78C>G;88A>T;89C>A;95A>T;96A>T;105T>C;114C>G],NA,p.[Thr30Tyr;Glu32Val],-0.1579963529717456,-0.1755384792623148,-0.1450627293877634,0.0727755269489585,-0.87107754,0.8287895998895948,0.7995431210504353,0.8501726132196342
urn:mavedb:00000234-a-1#1213,c.[9T>G;12T>C;15G>A;24C>G;27A>G;45C>T;87T>C;88A>T;89C>A;94G>A;95A>T;96A>C;105T>C;114C>G],NA,p.[Thr30Tyr;Glu32Ile],-0.1400383726110765,-0.1856313729751783,-0.1159227720171596,0.190636224813463,-0.91273046,0.9260441863376304,0.8518378703026529,0.9646530195749734
urn:mavedb:00000234-a-1#1214,c.[12T>C;18G>A;24C>G;27A>G;45C>T;78C>G;88A>T;89C>A;94G>T;95A>G;96A>G;105T>C;108A>G;114C>G;117G>C;126G>A],NA,p.[Thr30Tyr;Glu32Trp],0.2084561120283095,0.1742645202121928,0.2624354550827516,0.1383123372595283,-0.9403887,1.49454867887447,1.4450189420229995,1.5721890535741827
urn:mavedb:00000234-a-1#1215,c.[12T>C;15G>A;24C>G;45C>T;78C>G;88A>T;89C>A;90C>T;94G>T;96A>C;105T>C;114C>G],NA,p.[Thr30Tyr;Glu32Tyr],0.4457119194590381,0.329349252146998,0.509530909058889,0.0963149470937122,-0.9009969,1.7769595089988566,1.611884317236931,1.866731416233133
urn:mavedb:00000234-a-1#1216,c.[12T>C;18G>A;21A>G;27A>G;45C>T;78C>G;88A>T;89C>A;94G>T;95A>T;96A>C;105T>C;114C>G],NA,p.[Thr30Tyr;Glu32Phe],-0.1671787898206398,-0.1880691574884979,-0.1441111403252442,0.045160144881241,-0.934464,0.9172654420163816,0.8833866463078822,0.9542917325497696
urn:mavedb:00000234-a-1#1217,c.[12T>C;18G>A;21A>G;27A>G;45C>T;78C>G;88A>T;89C>A;94G>C;95A>C;96A>G;105T>C;114C>G;126G>A],NA,p.[Thr30Tyr;Glu32Pro],-0.2691076556057887,-0.2898022268236852,-0.2369814740119813,0.0860464812013499,-0.7328255,0.3759513216713144,0.3332455122070109,0.4402025524996179
urn:mavedb:00000234-a-1#1218,c.[12T>C;18G>A;24C>G;27A>G;45C>T;63G>T;78C>G;87T>C;88A>T;89C>T;94G>C;105T>C;114C>G],NA,p.[Thr30Phe;Glu32Gln],-0.1912877537165487,-0.2826254246274178,-0.1069448982437296,0.1468010988851486,-0.8252981,0.6945997549074675,0.5297955736887099,0.837667518153166
urn:mavedb:00000234-a-1#1219,c.[15G>A;24C>G;27A>G;45C>T;78C>G;87T>C;88A>T;89C>T;90C>T;94G>A;96A>T;105T>C;114C>G],NA,p.[Thr30Phe;Glu32Asn],0.0734273655124431,0.0481576356807939,0.1147783992414181,0.1183940592007507,-0.81233,1.1042726973722494,1.065181879535829,1.1675392543664744
urn:mavedb:00000234-a-1#1220,c.[12T>C;21A>G;27A>G;30G>A;45C>T;78C>G;88A>T;89C>T;94G>C;96A>C;105T>C;108A>G;114C>G],NA,p.[Thr30Phe;Glu32His],0.0118673083406917,-0.0338146067601565,0.0497990569689487,0.2014536904646614,-0.81594944,1.0140919227988865,0.9415514643411048,1.0733313821217636
urn:mavedb:00000234-a-1#1221,c.[6T>C;24C>G;27A>G;33G>C;45C>T;88A>T;89C>T;90C>T;96A>C;105T>C;114C>G;126G>A],NA,p.[Thr30Phe;Glu32Asp],0.0623857249666225,0.0367524087586718,0.0880316400180019,0.1458822611076218,-0.74483895,0.9818859198784738,0.9409822873114136,1.0223744696005257
urn:mavedb:00000234-a-1#1222,c.[12T>C;15G>A;21A>G;30G>A;33G>C;45C>T;72G>T;75G>C;88A>T;89C>T;94G>C;95A>G;96A>T;105T>C;114C>G;117G>C;126G>A],NA,p.[Thr30Phe;Glu32Arg],-0.309612116888631,-0.3596905425657149,-0.2424981491500733,0.1067091285728837,-1.156529,1.0429532266293011,0.9640975168321192,1.1463473584792758
urn:mavedb:00000234-a-1#1223,c.[12T>C;15G>A;24C>G;27A>G;45C>T;78C>G;88A>T;89C>T;90C>T;94G>A;96A>G;105T>C;114C>G;126G>A],NA,p.[Thr30Phe;Glu32Lys],0.0156047968193644,-0.0329281864153932,0.0571747054580292,0.2087264029014613,-0.96082854,1.2412165060113398,1.168047452327952,1.3031405377989769
urn:mavedb:00000234-a-1#1224,c.[12T>C;15G>A;18G>A;21A>G;27A>G;30G>A;33G>C;45C>T;88A>T;89C>T;94G>A;95A>C;96A>C;105T>C;114C>G],NA,p.[Thr30Phe;Glu32Thr],-0.0085033527598263,-0.0250817626146435,0.0351294947442979,0.0587323152442945,-0.84619045,1.0294584391781565,1.0034005107215789,1.097271083767669
urn:mavedb:00000234-a-1#1225,c.[12T>C;15G>A;24C>G;27A>G;45C>T;78C>G;88A>T;89C>T;94G>T;95A>C;96A>T;105T>C;114C>G;126G>A],NA,p.[Thr30Phe;Glu32Ser],0.2128275624548815,0.142045206531381,0.3482048323832823,0.1604103791110668,-0.863667,1.3898656833752003,1.2854097071706765,1.5858089843481606
urn:mavedb:00000234-a-1#1226,c.[3T>C;12T>C;15G>A;21A>G;27A>G;30G>A;45C>T;78C>G;88A>T;89C>T;95A>C;96A>G;114C>G;126G>A],NA,p.[Thr30Phe;Glu32Ala],0.0302151908114493,-0.0115810694250691,0.0790011849524694,0.1348909966288999,-0.88862824,1.1545803988244814,1.090493006478212,1.2283550481014285
urn:mavedb:00000234-a-1#1227,c.[12T>C;24C>G;45C>T;78C>G;88A>T;89C>T;95A>G;96A>T;105T>C;114C>G;117G>C],NA,p.[Thr30Phe;Glu32Gly],-0.0108620997515112,-0.0410541306068145,0.0298455323153628,0.1281991987664301,-0.85578203,1.0407345540518902,0.993287820313125,1.1038652944877403
urn:mavedb:00000234-a-1#1228,c.[12T>C;15G>A;21A>G;30G>A;45C>T;69A>G;78C>G;81C>T;88A>T;89C>T;94G>A;95A>T;96A>G;105T>C;111C>T],NA,p.[Thr30Phe;Glu32Met],0.2720994151404005,0.2115121789019292,0.3287776013140825,0.104286705323305,-0.9686053,1.6260854940645415,1.539405115771988,1.7065699273203547
urn:mavedb:00000234-a-1#1229,c.[12T>C;15G>A;27A>G;45C>T;78C>G;88A>T;89C>T;94G>T;95A>G;96A>C;105T>C;114C>G;117G>C;126G>A],NA,p.[Thr30Phe;Glu32Cys],0.1596900026305639,-0.0135060009717181,0.3754046811879789,0.4420577771510656,-0.9305947,1.4095926542823556,1.151726079713752,1.7191282813169402
urn:mavedb:00000234-a-1#1230,c.[12T>C;18G>A;24C>G;27A>G;33G>C;39C>T;45C>T;57A>G;78C>G;88A>T;89C>T;94G>C;95A>T;96A>C;105T>C;114C>G],NA,p.[Thr30Phe;Glu32Leu],0.0639533672481259,0.0324947459944233,0.0987554272555204,0.1144406333273929,-0.9637327,1.3174604887426964,1.270769489199224,1.3687227663635926
urn:mavedb:00000234-a-1#1231,c.[15G>A;24C>G;27A>G;45C>T;69A>G;88A>T;89C>T;95A>T;96A>T;99G>A;105T>C;108A>G;114C>G],NA,p.[Thr30Phe;Glu32Val],-0.0574698717948039,-0.0936994710394621,-0.0105682728720905,0.085292734079465,-0.88995075,1.021122712777879,0.9638425688174124,1.0940918045363113
urn:mavedb:00000234-a-1#1232,c.[12T>C;15G>A;24C>G;45C>T;78C>G;88A>T;89C>T;94G>A;95A>T;96A>C;105T>C;114C>G;126G>A],NA,p.[Thr30Phe;Glu32Ile],0.0285681592462508,-0.0048029756884149,0.0456909744187427,0.0972224059057678,-0.93295145,1.2189602484454105,1.1685372557375249,1.244650837007799
urn:mavedb:00000234-a-1#1233,c.[12T>C;15G>A;27A>G;45C>T;78C>G;84C>T;88A>T;89C>T;94G>T;95A>G;96A>G;105T>C;114C>G],NA,p.[Thr30Phe;Glu32Trp],0.2645681677520455,0.2088283439316082,0.3700301618420813,0.2131184531666989,-0.9610319,1.6046013682102878,1.524706941346241,1.7542343549103818
urn:mavedb:00000234-a-1#1234,c.[15G>A;24C>G;27A>G;45C>T;75G>C;78C>G;88A>T;89C>T;94G>T;96A>C;105T>C;114C>G;126G>A],NA,p.[Thr30Phe;Glu32Tyr],0.1735887747374694,0.1154782129284491,0.2108621321638596,0.0882959718732512,-0.9206307,1.4153964055187966,1.3301302355079243,1.4695823898180738
urn:mavedb:00000234-a-1#1235,c.[12T>C;15G>A;18G>A;21A>G;27A>G;45C>T;78C>G;88A>T;89C>T;94G>T;95A>T;96A>C;105T>C;114C>G;126G>A],NA,p.[Thr30Phe;Glu32Phe],-0.0799166415716688,-0.0970232863525999,-0.0376925580371599,0.082506497909246,-0.9551699,1.087468968253238,1.0609697874241035,1.1522199486437814
urn:mavedb:00000234-a-1#1236,c.[3T>C;6T>C;12T>C;18G>A;24C>G;27A>G;39C>T;45C>T;78C>G;88A>T;89C>T;94G>C;95A>C;96A>G;105T>C;108A>G;114C>G],NA,p.[Thr30Phe;Glu32Pro],-0.3699225708425419,-0.6138188616718865,-0.153545099693753,0.1836486226757051,-0.7420461,0.1772956951403484,-0.6193775783913706,0.6142125804520205
urn:mavedb:00000234-a-1#1237,c.[6T>C;12T>C;24C>G;39C>T;45C>T;78C>G;88A>C;90C>G;94G>C;96A>G;105T>C;114C>G],NA,p.[Thr30Pro;Glu32Gln],-0.2256995600932638,-0.2925255102607227,-0.1397274802545677,0.1301756082862627,-0.7091229,0.4156964351279261,0.2770584216792571,0.5796005983724201
urn:mavedb:00000234-a-1#1238,c.[3T>C;12T>C;18G>A;21A>G;24C>G;30G>A;45C>T;69A>G;78C>G;88A>C;90C>G;94G>A;96A>C;105T>C;114C>G;126G>A],NA,p.[Thr30Pro;Glu32Asn],-0.2387789394743953,-0.2966543782852062,-0.1577428530448279,0.1325383266564233,-0.7046182,0.3803347190306547,0.2582395471200868,0.53796759445269
urn:mavedb:00000234-a-1#1239,c.[3T>C;6T>C;12T>C;18G>A;24C>G;27A>G;33G>C;51C>T;60C>T;69A>G;78C>G;84C>T;88A>C;90C>G;94G>C;96A>C;102G>T;105T>C],NA,p.[Thr30Pro;Glu32His],-0.3097103460924171,-0.349365278041209,-0.2571899222530255,0.0900745444923521,-0.7030461,0.2257845565327222,0.1338411259348806,0.3392248372530096
urn:mavedb:00000234-a-1#1240,c.[12T>C;15G>A;24C>G;45C>T;78C>G;88A>C;90C>G;96A>C;105T>C;108A>G;114C>G;117G>C],NA,p.[Thr30Pro;Glu32Asp],-0.3442613975782714,-0.4087234258810045,-0.2940885422045701,0.2158473390913269,-0.6868155,0.1068990009081455,-0.0622596821853469,0.2244521064055112
urn:mavedb:00000234-a-1#1241,c.[12T>C;18G>A;21A>G;27A>G;45C>T;78C>G;88A>C;90C>G;94G>C;95A>G;96A>T;105T>C;114C>G],NA,p.[Thr30Pro;Glu32Arg],-0.8075636345167472,-0.9022134120389552,-0.7311267511777344,0.1550638487765041,-0.843838,-1.4152381632145132,-25.0,-0.7051278283626455
urn:mavedb:00000234-a-1#1242,c.[12T>C;21A>G;24C>G;27A>G;30G>A;45C>T;78C>G;88A>C;90C>G;94G>A;105T>C;114C>G],NA,p.[Thr30Pro;Glu32Lys],-0.4947691201759313,-0.52620668024048,-0.4459041250162793,0.0526779569183053,-0.73769665,-0.1666127301477528,-0.2698479180345177,-0.0242840768605681
urn:mavedb:00000234-a-1#1243,c.[12T>C;15G>A;21A>G;30G>A;45C>T;78C>G;88A>C;90C>G;94G>A;95A>C;96A>C;105T>C;126G>A],NA,p.[Thr30Pro;Glu32Thr],-0.2627336828566143,-0.2864940649956555,-0.2344658023987225,0.0871555115044412,-0.71352744,0.3494542849635607,0.2995011694532198,0.4069780540816153
urn:mavedb:00000234-a-1#1244,c.[9T>G;15G>A;45C>T;78C>G;88A>C;90C>G;94G>T;95A>C;96A>T;105T>C;114C>G],NA,p.[Thr30Pro;Glu32Ser],-0.2355474286298639,-0.2571383671624288,-0.2146792995030301,0.0723835969132859,-0.7193346,0.4163954187051228,0.3728794032598474,0.4574639571188869
urn:mavedb:00000234-a-1#1245,c.[12T>C;18G>A;24C>G;45C>T;88A>C;90C>G;95A>C;96A>G;105T>C;114C>G],NA,p.[Thr30Pro;Glu32Ala],-0.2913691518705398,-0.3167651499788446,-0.2524403201659337,0.1288193647806606,-0.72235537,0.3079018205227283,0.2529843192381729,0.3885555193566724
urn:mavedb:00000234-a-1#1246,c.[6T>C;9T>G;12T>C;18G>A;24C>G;27A>G;45C>T;78C>G;88A>C;90C>A;95A>G;96A>T;105T>C;114C>G;117G>C;126G>A],NA,p.[Thr30Pro;Glu32Gly],-0.3722106261416812,-0.4180443151595254,-0.2857198882375344,0.131293636216173,-0.7093973,0.0936404325155734,-0.025440941441704,0.2923257358145174
urn:mavedb:00000234-a-1#1247,c.[3T>C;6T>C;12T>C;18G>A;24C>G;27A>G;33G>C;45C>T;78C>G;88A>C;90C>G;94G>A;95A>T;96A>G;105T>C;114C>G],NA,p.[Thr30Pro;Glu32Met],-0.5107249192044305,-0.6097370213976223,-0.4703555017798642,0.1299481102877635,-0.7500646,-0.1778803157833352,-0.5585758391118428,-0.0577971616457223
urn:mavedb:00000234-a-1#1248,c.[3T>C;6T>C;12T>C;18G>A;21A>G;24C>G;30G>A;45C>T;78C>G;88A>C;90C>A;94G>C;95A>T;96A>G;105T>C;114C>G;126G>A],NA,p.[Thr30Pro;Glu32Leu],-0.3795169975332829,-0.4856917398270416,-0.3274838318080204,0.1258927566994689,-0.7349584,0.1379998710146301,-0.1470288696979517,0.257102901943867
urn:mavedb:00000234-a-1#1249,c.[3T>C;24C>G;27A>G;33G>C;45C>T;88A>C;90C>G;95A>T;96A>T;105T>C;114C>G;126G>A],NA,p.[Thr30Pro;Glu32Val],-0.3375522034493368,-0.3695738538456471,-0.2530536949181118,0.1056759350199739,-0.7162905,0.1926213071659075,0.1170006751946616,0.3750092860196122
urn:mavedb:00000234-a-1#1250,c.[3T>C;9T>G;12T>C;15G>A;21A>G;27A>G;30G>A;45C>T;78C>G;88A>C;90C>G;94G>A;95A>T;96A>C;105T>C],NA,p.[Thr30Pro;Glu32Ile],-0.3993150351152236,-0.488867713508592,-0.3347025027663187,0.1400109005052436,-0.7300253,0.0774712618228148,-0.1721370731097748,0.2301817971792497
urn:mavedb:00000234-a-1#1251,c.[12T>C;15G>A;21A>G;30G>A;45C>T;78C>G;88A>C;90C>G;94G>T;95A>G;96A>G;105T>C;114C>G;123C>T;126G>A],NA,p.[Thr30Pro;Glu32Trp],-0.408531621212396,-0.5110675792568902,-0.3533270102753354,0.0813830356262748,-0.7423928,0.0853255459030006,-0.2034677209450417,0.2160941164021645
urn:mavedb:00000234-a-1#1252,c.[3T>C;6T>C;12T>C;15G>A;27A>G;45C>T;78C>G;88A>C;90C>G;94G>T;96A>C;105T>C;114C>G],NA,p.[Thr30Pro;Glu32Tyr],-0.5072544620249899,-0.6667399991265177,-0.4319429783859271,0.1564710294282703,-0.72691464,-0.2419339842517062,-1.1053129601664409,-0.015617471999602
urn:mavedb:00000234-a-1#1253,c.[3T>C;12T>C;15G>A;21A>G;30G>A;33G>C;45C>T;60C>T;78C>G;88A>C;90C>G;94G>T;95A>T;96A>C;105T>C;114C>G;126G>A],NA,p.[Thr30Pro;Glu32Phe],-0.3960163661100091,-0.4477031508253349,-0.3416742683186111,0.0953584544411767,-0.736099,0.1007415447199579,-0.0335967960291543,0.2281598322588821
urn:mavedb:00000234-a-1#1254,c.[9T>G;12T>C;15G>A;21A>G;27A>G;30G>A;45C>T;78C>G;88A>C;90C>A;94G>C;95A>C;96A>G;105T>C;114C>G],NA,p.[Thr30Pro;Glu32Pro],-0.3222942210189241,-0.3878065980358559,-0.2652631963512468,0.1938997897192856,-0.6829331,0.1504696902589698,-0.0151254191962869,0.2794394703216597
urn:mavedb:00000234-a-1#1255,c.[6T>C;12T>C;18G>A;24C>G;27A>G;45C>T;78C>G;82A>C;83C>A;84C>G;97C>G;99G>A;114C>G;120C>T;126G>A],NA,p.[Thr28Gln;Gln33Glu],0.217344998918671,0.1657558977078004,0.280000428317977,0.1291360811355138,-0.69214034,1.141412062647999,1.0618055283773038,1.2364044239597451
urn:mavedb:00000234-a-1#1256,c.[6T>C;9T>G;21A>G;27A>G;30G>A;45C>T;60C>T;82A>C;83C>A;84C>G;97C>A;99G>C;102G>T;105T>C;114C>G;123C>T;126G>A],NA,p.[Thr28Gln;Gln33Asn],0.2572282684381968,0.2233463015361422,0.293181296629131,0.1494938903662128,-0.7054484,1.222058463720906,1.1707744243076528,1.2759702997257611
urn:mavedb:00000234-a-1#1257,c.[12T>C;15G>A;21A>G;30G>A;33G>C;45C>T;60C>T;78C>G;82A>C;83C>A;84C>G;99G>C;105T>C;114C>G;126G>A],NA,p.[Thr28Gln;Gln33His],0.2138924912586345,-0.0277897751166479,0.4251250680162879,0.2322593825074219,-0.70174503,1.1507491305571786,0.76370518177873,1.4648273826148714
urn:mavedb:00000234-a-1#1258,c.[12T>C;18G>A;21A>G;27A>G;45C>T;78C>G;82A>C;83C>A;84C>G;97C>G;99G>C;105T>C;114C>G],NA,p.[Thr28Gln;Gln33Asp],0.1641557114934711,0.0291411499230201,0.3284377704062904,0.2516062556236818,-0.6869836,1.05130524417794,0.8345144977210897,1.3011497669404992
urn:mavedb:00000234-a-1#1259,c.[12T>C;18G>A;21A>G;27A>G;45C>T;75G>C;78C>G;82A>C;83C>A;84C>G;98A>G;99G>T;105T>C;114C>G],NA,p.[Thr28Gln;Gln33Arg],-0.0796299202164365,-0.1905940147220966,-0.0323519696505537,0.2032822827405828,-0.9094789,1.016919445488751,0.8382936283312573,1.0905321721701733
urn:mavedb:00000234-a-1#1260,c.[12T>C;18G>A;24C>G;45C>T;69A>G;78C>G;82A>C;83C>A;84C>G;97C>G;98A>C;105T>C;114C>G],NA,p.[Thr28Gln;Gln33Ala],0.4555669138157558,0.4306478995614425,0.4903778702962514,0.2385975506131508,-0.7355776,1.5574262395689775,1.5214900228972963,1.6074241605926602
urn:mavedb:00000234-a-1#1261,c.[6T>C;12T>C;18G>A;21A>G;30G>A;45C>T;78C>G;82A>C;83C>A;84C>G;97C>G;98A>G;99G>T;105T>C;114C>G],NA,p.[Thr28Gln;Gln33Gly],0.1731421552052944,-0.014642522036842,0.221424207427949,0.1806850671492421,-0.71463704,1.1079385274695075,0.807536552058295,1.181749108415021
urn:mavedb:00000234-a-1#1262,c.[12T>C;21A>G;27A>G;30G>A;33G>C;45C>T;78C>G;82A>C;83C>A;84C>G;97C>A;98A>T;105T>C;114C>G;117G>C;120C>T;123C>T],NA,p.[Thr28Gln;Gln33Met],-0.2098895745519874,-0.3086427736624372,-0.1235841133734488,0.1369961301832673,-0.7438085,0.5135151767405212,0.3167098721011934,0.6707010285859354
urn:mavedb:00000234-a-1#1263,c.[12T>C;18G>A;21A>G;24C>G;30G>A;45C>T;57A>G;78C>G;82A>C;83C>A;84C>G;97C>T;98A>G;99G>C;105T>C;114C>G;123C>T],NA,p.[Thr28Gln;Gln33Cys],0.4646131420158741,0.3400216270732989,0.5949870073898239,0.2191811133696958,-0.7346444,1.56911075663294,1.3882246418029192,1.755177384669838
urn:mavedb:00000234-a-1#1264,c.[3T>C;9T>G;12T>C;15G>A;21A>G;30G>A;45C>T;78C>G;82A>C;83C>A;84C>G;97C>T;98A>G;105T>C;114C>G;117G>C;120C>T;126G>A],NA,p.[Thr28Gln;Gln33Trp],0.1878634697980364,0.1120235361805267,0.2850121589866441,0.2227497338993752,-0.78528833,1.2372438639769372,1.122179110048694,1.3813749172213092
urn:mavedb:00000234-a-1#1265,c.[3T>C;6T>C;15G>A;27A>G;33G>C;39C>T;45C>T;78C>G;81C>T;82A>C;83C>A;84C>G;97C>T;99G>C;105T>C;114C>G;126G>A],NA,p.[Thr28Gln;Gln33Tyr],-0.1282298783202059,-0.1591964712157437,-0.0927207560188675,0.1379335554123893,-0.7569382,0.68554444244432,0.6307655782382237,0.7469146707814603
urn:mavedb:00000234-a-1#1266,c.[6T>C;18G>A;21A>G;27A>G;33G>C;45C>T;75G>C;78C>G;82A>G;83C>A;84C>A;97C>G;99G>A;105T>C;114C>G;126G>A],NA,p.[Thr28Glu;Gln33Glu],0.2255723236901062,0.1744335112194281,0.2968350796480207,0.1481470079679984,-0.6746819,1.1273890934471802,1.048222278757296,1.2356108326254078
urn:mavedb:00000234-a-1#1267,c.[18G>A;24C>G;45C>T;57A>G;78C>G;82A>G;83C>A;84C>A;97C>G;99G>C;105T>C;111C>T;114C>G;126G>A],NA,p.[Thr28Glu;Gln33Asp],0.0657814852188947,0.0118658505252964,0.2128882479350569,0.2576205176319769,-0.6691327,0.8655969592969469,0.7757791823785841,1.0993589359681517
urn:mavedb:00000234-a-1#1268,c.[12T>C;18G>A;45C>T;78C>G;82A>G;83C>A;84C>A;97C>A;98A>C;99G>C;105T>C;114C>G],NA,p.[Thr28Glu;Gln33Thr],-0.0066853601175901,-0.0655935874671082,0.2727427606466319,0.153578963768053,-0.69369984,0.7858317711054006,0.684705331800752,1.2278213044188029
urn:mavedb:00000234-a-1#1269,c.[12T>C;18G>A;21A>G;27A>G;45C>T;78C>G;82A>G;83C>A;84C>A;97C>T;98A>C;99G>T;105T>C;114C>G;123C>T;126G>A],NA,p.[Thr28Glu;Gln33Ser],0.1937778945481744,0.1289010962667175,0.2303653111400077,0.11618266023805,-0.69351983,1.1073334368512238,1.006203460278292,1.1633866641755004
urn:mavedb:00000234-a-1#1270,c.[6T>C;12T>C;24C>G;27A>G;45C>T;57A>G;78C>G;82A>G;83C>A;84C>A;97C>A;98A>T;102G>T;105T>C;114C>G;123C>T;126G>A],NA,p.[Thr28Glu;Gln33Met],-0.1197010137884583,-0.1684250596830477,-0.0569905622850834,0.1931125029288256,-0.7198198,0.6351298633926453,0.546347444165067,0.7446742752632277
urn:mavedb:00000234-a-1#1271,c.[6T>C;18G>A;21A>G;24C>G;30G>A;33G>C;45C>T;82A>G;83C>A;84C>A;97C>T;98A>G;99G>C;105T>C;114C>G],NA,p.[Thr28Glu;Gln33Cys],0.1674391371582269,0.0947998830500015,0.2360389035518174,0.2763411542551536,-0.71381855,1.0978864976956135,0.9842550570373232,1.2026506790029656
urn:mavedb:00000234-a-1#1272,c.[3T>C;12T>C;15G>A;27A>G;45C>T;78C>G;82A>G;83C>A;84C>A;98A>T;105T>C],NA,p.[Thr28Glu;Gln33Leu],0.6127815186695595,0.4980023467729828,0.7427757561759265,0.3571227940771195,-0.71529794,1.7533085473989465,1.5895399271147042,1.936929817856212
urn:mavedb:00000234-a-1#1273,c.[3T>C;24C>G;27A>G;45C>T;75G>C;78C>G;81C>T;82A>G;83C>A;84C>A;97C>T;99G>C;105T>C;114C>G;123C>T;126G>A],NA,p.[Thr28Glu;Gln33Tyr],-0.0337970722298846,-0.1008983171177441,0.0486675024360287,0.1182349044325091,-0.73712254,0.8130118462703178,0.6987217213422857,0.9477498049333136
urn:mavedb:00000234-a-1#1274,c.[6T>C;12T>C;21A>G;27A>G;30G>A;45C>T;78C>G;82A>G;83C>A;84C>A;97C>T;98A>T;99G>C;105T>C;108A>G;114C>G;117G>C;123C>T;126G>A],NA,p.[Thr28Glu;Gln33Phe],0.079709080160711,0.0452207397027691,0.1075724011495338,0.1576384861631542,-0.7468698,1.012469419079195,0.9577814170883604,1.0561080175317397
urn:mavedb:00000234-a-1#1275,c.[12T>C;15G>A;24C>G;33G>C;45C>T;78C>G;82A>G;83C>A;84C>A;98A>C;105T>C;114C>G;126G>A],NA,p.[Thr28Glu;Gln33Pro],-0.6079343541576022,-0.7969852404993267,-0.514049487060347,0.1975683889092349,-0.6968889,-0.8587810065104304,-25.0,-0.3748366122276094
urn:mavedb:00000234-a-1#1276,c.[12T>C;18G>A;21A>G;27A>G;33G>C;45C>T;78C>G;83C>A;97C>A;99G>C;105T>C;114C>G],NA,p.[Thr28Asn;Gln33Asn],0.4500382161150874,0.3607919994155676,0.497767030541523,0.1885161187996109,-0.70137525,1.500461638449184,1.3701713402984372,1.5693746469757794
urn:mavedb:00000234-a-1#1277,c.[3T>C;21A>G;45C>T;83C>A;97C>G;99G>T;105T>C;114C>G;117G>C;126G>A],NA,p.[Thr28Asn;Gln33Asp],0.7396883019304046,0.6392839725459796,0.8027900635315265,0.2254904383927781,-0.68292785,1.887719996140183,1.7455628679754769,1.976669919909641
urn:mavedb:00000234-a-1#1278,c.[3T>C;6T>C;12T>C;18G>A;21A>G;30G>A;45C>T;78C>G;83C>A;98A>G;99G>T;105T>C;114C>G;126G>A],NA,p.[Thr28Asn;Gln33Arg],-0.024479984218356,-0.0935281998814907,0.1109143943244697,0.1949756538596653,-0.9059994,1.0973219044163192,0.989536621022983,1.301807612652688
urn:mavedb:00000234-a-1#1279,c.[6T>C;21A>G;45C>T;83C>A;97C>T;98A>C;99G>T;105T>C;114C>G],NA,p.[Thr28Asn;Gln33Ser],0.8720093944569136,0.7653302443204744,1.0407173687492657,0.3439113324250084,-0.7101424,2.11140335684863,1.9615380318927125,2.348388139460035
urn:mavedb:00000234-a-1#1280,c.[3T>C;12T>C;15G>A;24C>G;27A>G;69A>G;78C>G;83C>A;97C>G;98A>C;105T>C;114C>G;117G>C;123C>T],NA,p.[Thr28Asn;Gln33Ala],0.3945110260856516,0.3041395930130937,0.4873861932177668,0.2337780036657906,-0.7314751,1.4632164940695152,1.330711940926563,1.5973066440723562
urn:mavedb:00000234-a-1#1281,c.[18G>A;24C>G;27A>G;30G>A;45C>T;78C>G;83C>A;97C>A;98A>T;105T>C;114C>G],NA,p.[Thr28Asn;Gln33Met],0.2191787855274195,0.022069320598342,0.4272342743086753,0.1718770481628519,-0.73961663,1.2159582032247511,0.9089178221464236,1.5223472939752083
urn:mavedb:00000234-a-1#1282,c.[12T>C;24C>G;27A>G;45C>T;78C>G;83C>A;97C>T;98A>G;99G>C;105T>C],NA,p.[Thr28Asn;Gln33Cys],-0.3807144883814075,-0.4809261035421261,-0.134351887047324,0.1933684886573625,-0.73057723,0.1245986164006332,-0.1458471816733661,0.6281297907842286
urn:mavedb:00000234-a-1#1283,c.[3T>C;12T>C;24C>G;27A>G;33G>C;45C>T;78C>G;83C>A;87T>C;97C>G;98A>T;99G>T;105T>C;114C>G;126G>A],NA,p.[Thr28Asn;Gln33Val],0.1233995556059805,0.0734753465812158,0.1985222088525128,0.3118745138745257,-0.7201097,1.0391862554711333,0.9602980106525836,1.155193839964969
urn:mavedb:00000234-a-1#1284,c.[6T>C;18G>A;21A>G;27A>G;45C>T;78C>G;83C>A;97C>A;98A>T;99G>C;105T>C;114C>G;123C>T],NA,p.[Thr28Asn;Gln33Ile],0.2188654214339178,0.1709529274546701,0.3497139465392303,0.3074841825857204,-0.72806144,1.1981170572446351,1.1251283583063236,1.3928487139931385
urn:mavedb:00000234-a-1#1285,c.[12T>C;15G>A;18G>A;24C>G;45C>T;78C>G;83C>A;97C>T;99G>C;105T>C;114C>G],NA,p.[Thr28Asn;Gln33Tyr],0.1790386331609527,0.1534703856486304,0.2422958989095676,0.1942259202275041,-0.7529986,1.1753816955757457,1.1363997921030038,1.27061671108845
urn:mavedb:00000234-a-1#1286,c.[3T>C;6T>C;12T>C;18G>A;21A>G;24C>G;30G>A;45C>T;78C>G;83C>A;87T>C;97C>T;98A>T;99G>C;105T>C;108A>G;114C>G],NA,p.[Thr28Asn;Gln33Phe],0.7677062280359461,0.6751656556031748,0.8604615939079368,0.4782536454336935,-0.76378655,2.038837414886145,1.9089637252437195,2.168694317245273
urn:mavedb:00000234-a-1#1287,c.[12T>C;15G>A;24C>G;27A>G;45C>T;78C>G;81C>T;83C>A;90C>T;98A>C;105T>C;114C>G;126G>A],NA,p.[Thr28Asn;Gln33Pro],-0.3964524492207387,-0.4713343495624741,-0.2587212665757672,0.1496379347995644,-0.71028423,0.0344406163305937,-0.1790559822896251,0.3510534418740525
urn:mavedb:00000234-a-1#1288,c.[12T>C;15G>A;21A>G;27A>G;30G>A;45C>T;78C>G;82A>C;83C>A;97C>G;99G>A;105T>C;114C>G],NA,p.[Thr28His;Gln33Glu],0.542352182644372,0.2383150300192719,0.8626480457309501,0.1896240044621602,-0.68004775,1.6031031575025017,1.1550645540664175,2.0569272443232247
urn:mavedb:00000234-a-1#1289,c.[3T>C;6T>C;9T>G;12T>C;15G>A;21A>G;27A>G;30G>A;39C>T;45C>T;78C>G;82A>C;83C>A;84C>T;97C>A;99G>C;105T>C;114C>G;123C>T],NA,p.[Thr28His;Gln33Asn],0.359082648947908,0.276898798122271,0.3975609746683654,0.464944590211636,-0.69281054,1.3551147333997926,1.232743459766061,1.411663043882847
urn:mavedb:00000234-a-1#1290,c.[6T>C;12T>C;30G>A;45C>T;78C>G;82A>C;83C>A;98A>G;99G>T;105T>C;114C>G;123C>T],NA,p.[Thr28His;Gln33Arg],0.6432090339464642,0.4212461542955512,0.8196033415592352,0.2352110015354752,-0.89782834,2.049244387276556,1.7379724290882643,2.294638751336693
urn:mavedb:00000234-a-1#1291,c.[9T>G;12T>C;18G>A;24C>G;27A>G;45C>T;78C>G;82A>C;83C>A;97C>A;98A>C;99G>T;105T>C;114C>G;117G>C],NA,p.[Thr28His;Gln33Thr],0.4075178576264651,0.3600305621745617,0.4443168824573131,0.1534925200805278,-0.70091486,1.4379754787171932,1.3683770944647575,1.4915060739402315
urn:mavedb:00000234-a-1#1292,c.[6T>C;12T>C;18G>A;24C>G;27A>G;39C>T;45C>T;82A>C;83C>A;97C>A;98A>T;105T>C;114C>G],NA,p.[Thr28His;Gln33Met],0.4812156955818124,0.3797241558565613,0.5805074508422519,0.2154289808971406,-0.72973347,1.585973693005759,1.4391668516690528,1.7277396946976904
urn:mavedb:00000234-a-1#1293,c.[3T>C;12T>C;18G>A;21A>G;27A>G;45C>T;78C>G;82A>C;83C>A;97C>T;98A>G;99G>C;105T>C],NA,p.[Thr28His;Gln33Cys],0.8666725182318228,0.76623258475105,0.978839928620959,0.4115496387031396,-0.7216077,2.1196354158388977,1.978641101221628,2.2770068157741545
urn:mavedb:00000234-a-1#1294,c.[3T>C;6T>C;12T>C;18G>A;21A>G;27A>G;45C>T;78C>G;82A>C;83C>A;98A>T;114C>G],NA,p.[Thr28His;Gln33Leu],0.6780165051709502,0.5930677752477644,0.7584274901553564,0.3389787263112635,-0.72543883,1.859746973644111,1.7395484238865604,1.9729603742892647
urn:mavedb:00000234-a-1#1295,c.[3T>C;6T>C;12T>C;18G>A;45C>T;78C>G;82A>C;83C>A;97C>A;98A>T;99G>C;105T>C;114C>G],NA,p.[Thr28His;Gln33Ile],0.304306592304392,0.2348457234319878,0.4115359982174485,0.1670132075879089,-0.71841407,1.31171708518775,1.2077577328487217,1.46911969015008
urn:mavedb:00000234-a-1#1296,c.[12T>C;18G>A;24C>G;27A>G;33G>C;45C>T;82A>C;83C>A;97C>T;98A>G;105T>C;114C>G],NA,p.[Thr28His;Gln33Trp],0.3148222618968107,0.1921104264405592,0.4936300933254252,0.4372709677510087,-0.77304244,1.4072178720799071,1.2253043476931476,1.665115616198052
urn:mavedb:00000234-a-1#1297,c.[12T>C;15G>A;21A>G;30G>A;33G>C;45C>T;78C>G;82A>C;83C>A;97C>T;99G>C;105T>C;114C>G;123C>T],NA,p.[Thr28His;Gln33Tyr],-0.0410702576769451,-0.1198825970228406,0.1074344969718141,0.1636138314502197,-0.74439144,0.8129764481353793,0.6782276401829653,1.0520433292547666
urn:mavedb:00000234-a-1#1298,c.[12T>C;21A>G;39C>T;45C>T;63G>T;69A>G;78C>G;82A>C;83C>A;98A>C;105T>C;114C>G;123C>T],NA,p.[Thr28His;Gln33Pro],-0.2038876441781469,-0.2572872270869579,-0.1400160628935328,0.1107515461716882,-0.70231223,0.4453425315439958,0.3374940811141293,0.5665808445403285
urn:mavedb:00000234-a-1#1299,c.[12T>C;18G>A;21A>G;27A>G;45C>T;78C>G;82A>G;83C>A;97C>G;99G>A;105T>C;108A>G;114C>G;126G>A],NA,p.[Thr28Asp;Gln33Glu],-1.3584138666679166,-1.742776213194855,-1.0756569966493057,0.1187928938045202,-0.678607,-15.0,-25.0,-5.0
urn:mavedb:00000234-a-1#1300,c.[12T>C;18G>A;21A>G;27A>G;33G>C;45C>T;57A>G;78C>G;82A>G;83C>A;99G>C;102G>T;105T>C;114C>G;120C>T;126G>A],NA,p.[Thr28Asp;Gln33His],-0.2398104949847736,-0.3085183927777677,-0.1919571206324042,0.1236945590155377,-0.6865792,0.3411641101094818,0.1911239766903079,0.4379200014489882
urn:mavedb:00000234-a-1#1301,c.[12T>C;18G>A;24C>G;45C>T;78C>G;82A>G;83C>A;98A>G;99G>T;105T>C;114C>G;117G>C],NA,p.[Thr28Asp;Gln33Arg],-0.4608064012734398,-0.5292681273746745,-0.4025356276099109,0.1138070202176478,-0.89323854,0.3106639897668419,0.1580020242674548,0.4297508154806103
urn:mavedb:00000234-a-1#1302,c.[6T>C;9T>G;21A>G;27A>G;30G>A;45C>T;48C>T;69A>G;75G>C;82A>G;83C>A;97C>G;98A>C;105T>C;114C>G],NA,p.[Thr28Asp;Gln33Ala],0.0064766449104127,-0.0440440566394898,0.0823184598027381,0.1826544965287201,-0.71913266,0.8500555452156016,0.7655615725225089,0.97284006161994
urn:mavedb:00000234-a-1#1303,c.[12T>C;18G>A;21A>G;27A>G;45C>T;78C>G;82A>G;83C>A;97C>G;98A>G;99G>T;105T>C;114C>G;126G>A],NA,p.[Thr28Asp;Gln33Gly],0.4655960538395944,0.376565546896385,0.6227981554642298,0.2716951429726265,-0.6984854,1.5188345300796915,1.3891407818647783,1.743959301211778
urn:mavedb:00000234-a-1#1304,c.[9T>G;12T>C;15G>A;21A>G;30G>A;45C>T;78C>G;82A>G;83C>A;97C>T;98A>G;99G>C;105T>C;114C>G],NA,p.[Thr28Asp;Gln33Cys],-0.1469942381151714,-0.2439108312003758,-0.0543175073414668,0.1844754871472888,-0.71800447,0.5825287788725146,0.3969965855844407,0.7461474493498691
urn:mavedb:00000234-a-1#1305,c.[12T>C;18G>A;21A>G;27A>G;45C>T;78C>G;82A>G;83C>A;98A>T;105T>C;114C>G],NA,p.[Thr28Asp;Gln33Leu],-0.2490836950305904,-0.3248508640047876,-0.1808290126609829,0.1521857172657163,-0.71988654,0.3903560310830256,0.2295594845231056,0.5232694419541039
urn:mavedb:00000234-a-1#1306,c.[3T>C;12T>C;21A>G;45C>T;78C>G;82A>G;83C>A;97C>G;98A>T;99G>T;105T>C;114C>G;123C>T],NA,p.[Thr28Asp;Gln33Val],-0.2275689584218846,-0.2853961611755402,-0.0350807134167953,0.1937611448573706,-0.70715165,0.4080363665611251,0.2882010722217802,0.7604816298288253
urn:mavedb:00000234-a-1#1307,c.[12T>C;18G>A;24C>G;27A>G;45C>T;78C>G;82A>G;83C>A;97C>T;99G>C;105T>C;114C>G],NA,p.[Thr28Asp;Gln33Tyr],-0.255992209726211,-0.3953820077371229,-0.127222925478358,0.4030213303073355,-0.7411592,0.4190874004509107,0.1146719400102066,0.6596178682862711
urn:mavedb:00000234-a-1#1308,c.[3T>C;12T>C;15G>A;24C>G;45C>T;78C>G;82A>G;83C>A;97C>T;98A>T;99G>C;105T>C;114C>G],NA,p.[Thr28Asp;Gln33Phe],-0.3365255908542144,-0.4167046856516846,-0.2990127788731299,0.2191540606442414,-0.7509637,0.2722857943194281,0.0863022898912163,0.3517649970716922
urn:mavedb:00000234-a-1#1309,c.[6T>C;9T>G;45C>T;75G>C;78C>G;82A>G;83C>A;98A>C;105T>C;114C>G],NA,p.[Thr28Asp;Gln33Pro],-0.4902108489092027,-0.6050623916692134,-0.1298302846171309,0.2517862560405345,-0.7006662,-0.2733916182064194,-0.8123703015730827,0.5822633231452137
urn:mavedb:00000234-a-1#1310,c.[15G>A;21A>G;33G>C;39C>T;45C>T;78C>G;82A>C;83C>G;97C>A;99G>C;114C>G],NA,p.[Thr28Arg;Gln33Asn],-0.8436625556687227,-1.0984570525230766,-0.6113624605712268,0.2527522174972148,-1.0211034,-0.396372025820188,-25.0,0.261652646720482
urn:mavedb:00000234-a-1#1311,c.[12T>C;18G>A;21A>G;27A>G;45C>T;57A>G;78C>G;82A>C;83C>G;84C>T;99G>C;105T>C;114C>G;126G>A],NA,p.[Thr28Arg;Gln33His],-0.1846522685052924,-0.2275859295168183,-0.1436106483013018,0.1055012103418576,-1.0186422,1.02307594911916,0.9551819992697942,1.0869186793487506
urn:mavedb:00000234-a-1#1312,c.[6T>C;12T>C;18G>A;33G>C;45C>T;82A>C;83C>G;84C>T;98A>G;99G>T;105T>C;108A>G;114C>G],NA,p.[Thr28Arg;Gln33Arg],-0.2920082715433341,-0.360210710582674,-0.2580936285321354,0.0914279703729151,-1.1574557,1.0717423145182905,0.9647425649082784,1.123947766596762
urn:mavedb:00000234-a-1#1313,c.[3T>C;18G>A;24C>G;33G>C;45C>T;69A>G;78C>G;82A>C;83C>G;97C>A;99G>A;105T>C;114C>G],NA,p.[Thr28Arg;Gln33Lys],-0.4049434345499842,-0.5687236530979717,-0.332443926443863,0.1678990107891831,-1.054466,0.7209812573629785,0.4197062959276044,0.8431382356095531
urn:mavedb:00000234-a-1#1314,c.[3T>C;6T>C;12T>C;15G>A;24C>G;27A>G;39C>T;45C>T;78C>G;82A>C;83C>G;84C>T;97C>T;98A>C;99G>T;105T>C;114C>G],NA,p.[Thr28Arg;Gln33Ser],0.2514762412749994,0.1159242345791133,0.4169707606119121,0.2575956631738351,-1.0269072,1.6791757486931005,1.485328185400084,1.9118525632540808
urn:mavedb:00000234-a-1#1315,c.[12T>C;15G>A;24C>G;45C>T;78C>G;82A>C;83C>G;84C>T;97C>T;98A>G;99G>C;105T>C;114C>G],NA,p.[Thr28Arg;Gln33Cys],0.2615092128917606,0.1800237664575786,0.3046429038515524,0.1706906084480823,-1.0405004,1.7125105384312074,1.5967912765841534,1.7733395869029829
urn:mavedb:00000234-a-1#1316,c.[3T>C;6T>C;12T>C;15G>A;24C>G;27A>G;45C>T;82A>C;83C>G;84C>T;98A>T;105T>C;114C>G;123C>T],NA,p.[Thr28Arg;Gln33Leu],-0.8223226647449582,-0.9292365314325616,-0.6018773431631019,0.1888124104123752,-1.0437176,-0.2364099332855934,-0.6949828658793449,0.3302898925419913
urn:mavedb:00000234-a-1#1317,c.[6T>C;15G>A;18G>A;21A>G;24C>G;30G>A;33G>C;45C>T;60C>T;78C>G;81C>T;82A>C;83C>G;84C>T;97C>G;98A>T;105T>C;114C>G;123C>T;126G>A],NA,p.[Thr28Arg;Gln33Val],-0.2137012748020491,-0.2775942478557221,-0.1591949039036135,0.1974502280404987,-1.0335462,1.0008007474551674,0.8986798376358244,1.085823744601765
urn:mavedb:00000234-a-1#1318,c.[9T>G;12T>C;15G>A;24C>G;27A>G;45C>T;78C>G;82A>C;83C>G;84C>T;97C>T;99G>C;114C>G],NA,p.[Thr28Arg;Gln33Tyr],-1.0595251967211317,-1.297429987640552,-0.6313444375072519,0.2292207679074552,-1.0553973,-15.0,-25.0,0.2926083871531092
urn:mavedb:00000234-a-1#1319,c.[12T>C;18G>A;24C>G;33G>C;45C>T;63G>T;78C>G;82A>C;83C>G;84C>T;98A>C;105T>C;114C>G;126G>A],NA,p.[Thr28Arg;Gln33Pro],-0.071078945513855,-0.2165610026929574,0.1353754697277154,0.2825231914183617,-1.0270898,1.2102915567069803,0.9861034430900646,1.5136442190066255
urn:mavedb:00000234-a-1#1320,c.[3T>C;12T>C;15G>A;27A>G;33G>C;45C>T;78C>G;83C>A;84C>A;97C>G;99G>A;105T>C;114C>G],NA,p.[Thr28Lys;Gln33Glu],0.5318364525312056,0.4679909968716533,0.5915133821505741,0.2243261445278038,-0.80735946,1.76758262869131,1.677030256080102,1.8517739052618645
urn:mavedb:00000234-a-1#1321,c.[3T>C;12T>C;18G>A;24C>G;27A>G;30G>A;33G>C;45C>T;78C>G;83C>A;84C>A;97C>A;99G>C;105T>C;114C>G;123C>T],NA,p.[Thr28Lys;Gln33Asn],0.0050517116020671,-0.120264978291829,0.050849420071149,0.1217073707939667,-0.81889963,1.0079940993621164,0.8048829902367302,1.0795172271853086
urn:mavedb:00000234-a-1#1322,c.[3T>C;9T>G;15G>A;24C>G;30G>A;45C>T;78C>G;83C>A;84C>A;99G>T;105T>C;114C>G;120C>T;123C>T],NA,p.[Thr28Lys;Gln33His],-0.0020585091729193,-0.064992843833216,0.0364338363971002,0.1199319825079694,-0.8156755,0.9916926148920426,0.8907473084394429,1.0521281441981465
urn:mavedb:00000234-a-1#1323,c.[6T>C;24C>G;27A>G;45C>T;75G>C;78C>G;83C>A;84C>A;97C>G;99G>C;105T>C;114C>G;126G>A],NA,p.[Thr28Lys;Gln33Asp],-0.2317153084114861,-0.3320697098894804,-0.0745581798957462,0.3410174783984729,-0.80276847,0.5823749573581184,0.3899659019324795,0.8540131463772289
urn:mavedb:00000234-a-1#1324,c.[3T>C;12T>C;15G>A;24C>G;45C>T;78C>G;83C>A;84C>A;98A>G;99G>T;102G>T;105T>C;114C>G],NA,p.[Thr28Lys;Gln33Arg],-0.2469071827900832,-0.3024977344391015,-0.1901776146358426,0.1304869548530101,-0.9980042,0.8908784382119409,0.7991776875255655,0.9819016926917103
urn:mavedb:00000234-a-1#1325,c.[12T>C;15G>A;21A>G;27A>G;30G>A;45C>T;78C>G;83C>A;84C>A;97C>A;99G>A;105T>C;108A>G;114C>G;123C>T],NA,p.[Thr28Lys;Gln33Lys],0.1415696056229371,0.0496493869095908,0.1823298653683639,0.2316978291664693,-0.8629308,1.2836110660176794,1.1451501479230246,1.343976810187294
urn:mavedb:00000234-a-1#1326,c.[6T>C;12T>C;18G>A;21A>G;24C>G;30G>A;45C>T;78C>G;83C>A;84C>A;97C>A;98A>C;99G>C;105T>C;114C>G;120C>T;123C>T],NA,p.[Thr28Lys;Gln33Thr],-0.1299045557944044,-0.1774869685803913,-0.1008581221893636,0.087879472495896,-0.8261957,0.8009367991399677,0.720077796678012,0.8491997181551924
urn:mavedb:00000234-a-1#1327,c.[12T>C;21A>G;45C>T;48C>T;69A>G;75G>C;78C>G;83C>A;84C>A;97C>G;98A>C;99G>T;105T>C;108A>G;114C>G],NA,p.[Thr28Lys;Gln33Ala],0.3527419057641475,0.2570267703138048,0.4775531796013848,0.5960411155063625,-0.84525156,1.5660844481015943,1.4276742104468962,1.7438798022235935
urn:mavedb:00000234-a-1#1328,c.[12T>C;18G>A;21A>G;27A>G;33G>C;45C>T;72G>T;78C>G;83C>A;84C>A;97C>A;98A>T;105T>C;114C>G;117G>C;123C>T;126G>A],NA,p.[Thr28Lys;Gln33Met],-0.1715374124638575,-0.2119065164961119,-0.1071858859733961,0.1571770530348926,-0.8522074,0.7745737380179327,0.7054637422360097,0.8813951244630692
urn:mavedb:00000234-a-1#1329,c.[9T>G;12T>C;18G>A;45C>T;63G>T;78C>G;83C>A;84C>A;98A>T;105T>C;114C>G],NA,p.[Thr28Lys;Gln33Leu],-0.2675061460686965,-0.3763593352827275,-0.1021000501226626,0.2487823009280022,-0.8485544,0.6004617177971705,0.3929003201820681,0.8837444559672686
urn:mavedb:00000234-a-1#1330,c.[15G>A;33G>C;45C>T;78C>G;83C>A;84C>A;97C>A;98A>T;99G>C;105T>C;114C>G;126G>A],NA,p.[Thr28Lys;Gln33Ile],-0.0308660865787957,-0.0595012291124014,0.0477807981032145,0.1178942220005523,-0.84213424,0.987867156713879,0.9422505759250984,1.1105260643410295
urn:mavedb:00000234-a-1#1331,c.[3T>C;6T>C;12T>C;21A>G;45C>T;78C>G;83C>A;84C>A;97C>T;98A>T;99G>C;105T>C;114C>G],NA,p.[Thr28Lys;Gln33Phe],0.5356621524408314,0.3973000460100045,0.6100820613399596,0.2613140890862537,-0.8735621,1.865291618405701,1.6698821499006105,1.9695628118863069
urn:mavedb:00000234-a-1#1332,c.[15G>A;24C>G;27A>G;45C>T;78C>G;82A>T;84C>T;97C>G;99G>A;105T>C;114C>G],NA,p.[Thr28Ser;Gln33Glu],0.9891624204618168,0.6564194893503342,1.3462882963646623,0.3024909423483526,-0.6978464,2.2591218595370286,1.7907570219768734,2.7668880396240976
urn:mavedb:00000234-a-1#1333,c.[12T>C;18G>A;21A>G;27A>G;45C>T;78C>G;82A>T;84C>T;87T>C;96A>G;97C>A;99G>C;105T>C;114C>G;126G>A],NA,p.[Thr28Ser;Gln33Asn],0.3311882278513068,0.2731220194740166,0.3657865393886641,0.1615317540937524,-0.7109339,1.340516264667618,1.2541322106747936,1.39146695730377
urn:mavedb:00000234-a-1#1334,c.[12T>C;18G>A;21A>G;27A>G;33G>C;45C>T;57A>G;75G>C;78C>G;82A>T;84C>T;99G>T;105T>C;114C>G;123C>T],NA,p.[Thr28Ser;Gln33His],0.2742371596099415,0.2521219320863049,0.3216835178122083,0.1573784620903318,-0.7071779,1.2502046283579016,1.2169557485296632,1.3209231555199366
urn:mavedb:00000234-a-1#1335,c.[9T>G;21A>G;45C>T;75G>C;78C>G;82A>T;97C>T;98A>C;99G>T;105T>C;114C>G],NA,p.[Thr28Ser;Gln33Ser],0.5790854056996748,0.4241422075403995,0.6731122465047892,0.6528025223051707,-0.7195113,1.7113539534487896,1.4890019320628582,1.8445788909623253
urn:mavedb:00000234-a-1#1336,c.[9T>G;12T>C;21A>G;27A>G;30G>A;33G>C;45C>T;78C>G;82A>T;84C>T;97C>A;98A>T;105T>C;114C>G;120C>T;126G>A],NA,p.[Thr28Ser;Gln33Met],0.7426708098776134,0.6759629512491006,0.8501230671548641,0.2530170894538449,-0.7486334,1.9828462829051403,1.8890709784404989,2.133476230929045
urn:mavedb:00000234-a-1#1337,c.[12T>C;18G>A;21A>G;27A>G;45C>T;78C>G;82A>T;84C>T;97C>T;98A>G;99G>C;105T>C;114C>G;123C>T],NA,p.[Thr28Ser;Gln33Cys],0.5255424196683482,0.4748630924453497,0.6692479125645517,0.405308864795164,-0.73979807,1.6636750332776449,1.591173153676111,1.867340927972562
urn:mavedb:00000234-a-1#1338,c.[12T>C;21A>G;45C>T;78C>G;82A>T;84C>T;98A>T;105T>C;114C>G],NA,p.[Thr28Ser;Gln33Leu],0.2748383780345179,0.2438878348680735,0.3258999566320009,0.3050738844688723,-0.7445009,1.3064817320014814,1.260359510087701,1.381872686973147
urn:mavedb:00000234-a-1#1339,c.[12T>C;15G>A;24C>G;27A>G;45C>T;78C>G;82A>T;84C>T;97C>A;98A>T;99G>C;105T>C;114C>G],NA,p.[Thr28Ser;Gln33Ile],-0.1462514476937251,-0.1940507338517383,-0.0058815848081584,0.2152224676368122,-0.7372675,0.6187562159123329,0.5310307679458143,0.8594905958190454
urn:mavedb:00000234-a-1#1340,c.[3T>C;6T>C;12T>C;15G>A;18G>A;21A>G;27A>G;30G>A;45C>T;78C>G;82A>T;84C>T;97C>T;98A>G;105T>C;114C>G;126G>A],NA,p.[Thr28Ser;Gln33Trp],0.3395208273902733,0.2586064745402296,0.410977532361751,0.1757329619205054,-0.7902174,1.468085702839748,1.3497432987210722,1.5712457412735985
urn:mavedb:00000234-a-1#1341,c.[3T>C;21A>G;45C>T;82A>T;84C>T;97C>T;99G>C;114C>G],NA,p.[Thr28Ser;Gln33Tyr],0.7951781032878839,0.678785411283215,0.8585561086756633,0.6397181426996361,-0.7620225,2.074894691358356,1.911609186877996,2.163614295402537
urn:mavedb:00000234-a-1#1342,c.[12T>C;15G>A;24C>G;27A>G;33G>C;45C>T;78C>G;82A>T;84C>T;97C>T;98A>T;99G>C;105T>C;114C>G],NA,p.[Thr28Ser;Gln33Phe],-0.0527549476424289,-0.2515735589905061,0.0752738677566727,0.4524403272669304,-0.7727716,0.8406042688577603,0.4892521347310158,1.045995582395142
urn:mavedb:00000234-a-1#1343,c.[3T>C;9T>G;12T>C;21A>G;27A>G;30G>A;45C>T;75G>C;78C>G;82A>T;84C>T;98A>C;105T>C;114C>G;120C>T;123C>T;126G>A],NA,p.[Thr28Ser;Gln33Pro],-0.8970799298420293,-1.1878390689944651,-0.6414544233037096,0.2004371240415812,-0.72001123,-15.0,-25.0,-0.9380767812271448
urn:mavedb:00000234-a-1#1344,c.[3T>C;12T>C;15G>A;21A>G;27A>G;30G>A;45C>T;78C>G;82A>G;84C>G;97C>G;99G>A;105T>C;114C>G],NA,p.[Thr28Ala;Gln33Glu],0.4045334555674306,0.2498103683633948,0.6131082541602326,0.2286872883409634,-0.7303927,1.4762178358301403,1.248207376341809,1.7749062948672072
urn:mavedb:00000234-a-1#1345,c.[9T>G;24C>G;27A>G;39C>T;45C>T;82A>G;84C>G;97C>A;99G>C;105T>C;114C>G;117G>C;126G>A],NA,p.[Thr28Ala;Gln33Asn],0.2339773029313722,0.180504120004548,0.2607167041019977,0.2025705129874789,-0.7433996,1.243872846786739,1.1630749782248182,1.2838479216625367
urn:mavedb:00000234-a-1#1346,c.[6T>C;18G>A;21A>G;27A>G;45C>T;57A>G;60C>T;78C>G;82A>G;84C>G;90C>T;99G>C;114C>G],NA,p.[Thr28Ala;Gln33His],0.213557310836485,0.1422550821729533,0.2679630005486455,0.3028566927482862,-0.73977494,1.2077151505007937,1.0989212562407202,1.289270521929459
urn:mavedb:00000234-a-1#1347,c.[12T>C;18G>A;24C>G;27A>G;33G>C;45C>T;78C>G;82A>G;84C>G;97C>G;99G>C;105T>C;126G>A],NA,p.[Thr28Ala;Gln33Asp],0.3616590607752886,0.3331516789692643,0.3830175640369521,0.1769765976322273,-0.7254765,1.4065916086935746,1.364733040599868,1.4378051684725823
urn:mavedb:00000234-a-1#1348,c.[12T>C;18G>A;24C>G;27A>G;33G>C;45C>T;75G>C;78C>G;82A>G;84C>G;98A>G;99G>T;105T>C;114C>G],NA,p.[Thr28Ala;Gln33Arg],0.173502403738723,0.1256472525230834,0.2087846836068982,0.2154149900611837,-0.93977976,1.443030492911907,1.3731660640650185,1.4941478828370898
urn:mavedb:00000234-a-1#1349,c.[12T>C;18G>A;21A>G;24C>G;30G>A;45C>T;78C>G;82A>G;84C>G;97C>T;98A>C;99G>T;105T>C;114C>G],NA,p.[Thr28Ala;Gln33Ser],0.4268343358829367,0.2394575820088836,0.5423888900417747,0.1645069597099458,-0.7519975,1.5394954089106048,1.2648887071340091,1.7048614846938437
urn:mavedb:00000234-a-1#1350,c.[12T>C;18G>A;21A>G;24C>G;30G>A;33G>C;45C>T;63G>T;78C>G;81C>T;82A>G;84C>G;97C>G;98A>G;99G>T;102G>T;105T>C;126G>A],NA,p.[Thr28Ala;Gln33Gly],0.4503546301832192,0.3504492430118046,0.562624984013371,0.1733437050439821,-0.75233126,1.5738226694551285,1.4292030452698103,1.7340743029625425
urn:mavedb:00000234-a-1#1351,c.[12T>C;15G>A;24C>G;27A>G;45C>T;78C>G;82A>G;84C>G;97C>A;98A>T;99G>C;105T>C;114C>G;126G>A],NA,p.[Thr28Ala;Gln33Ile],0.1528132113276405,0.0875315380950777,0.2312359035086911,0.1807166277790983,-0.76961803,1.160669489380712,1.0602028995240262,1.2787893611454269
urn:mavedb:00000234-a-1#1352,c.[12T>C;18G>A;21A>G;27A>G;45C>T;78C>G;82A>G;84C>G;97C>T;99G>C;105T>C;114C>G;123C>T;126G>A],NA,p.[Thr28Ala;Gln33Tyr],0.1240697547963649,-0.0515925987055448,0.2114259084797709,0.2441879274260724,-0.7930453,1.1524311896022237,0.8757745653657236,1.284013332207553
urn:mavedb:00000234-a-1#1353,c.[15G>A;21A>G;27A>G;30G>A;45C>T;78C>G;82A>G;84C>G;97C>T;98A>T;99G>C;105T>C;108A>G;114C>G],NA,p.[Thr28Ala;Gln33Phe],-0.2822222115180702,-0.3681824933043452,-0.2046755789994875,0.1808016563478401,-0.8036568,0.4896339873518437,0.3172453112300247,0.6328523548547644
urn:mavedb:00000234-a-1#1354,c.[21A>G;45C>T;75G>C;78C>G;82A>G;83C>G;84C>T;97C>A;99G>C;105T>C;114C>G;126G>A],NA,p.[Thr28Gly;Gln33Asn],0.1809438913868582,0.1594572282066277,0.2053632673058971,0.1166785118927804,-0.7145281,1.1197747642084934,1.0866408349206012,1.157152375233575
urn:mavedb:00000234-a-1#1355,c.[3T>C;12T>C;18G>A;21A>G;30G>A;45C>T;69A>G;78C>G;82A>G;83C>G;84C>T;98A>G;99G>T;105T>C],NA,p.[Thr28Gly;Gln33Arg],0.1635803551485722,0.0708314784120531,0.2572630098932704,0.2705644081173564,-0.91719913,1.395786593708147,1.2587645753419718,1.5316479474329343
urn:mavedb:00000234-a-1#1356,c.[6T>C;12T>C;15G>A;18G>A;45C>T;78C>G;82A>G;83C>G;84C>T;97C>A;99G>A;105T>C;114C>G],NA,p.[Thr28Gly;Gln33Lys],0.1886197238133997,0.1521787151706558,0.3126198347798061,0.1369397004809162,-0.76447845,1.2071951570253192,1.1518993282094538,1.3915236537114894
urn:mavedb:00000234-a-1#1357,c.[3T>C;21A>G;27A>G;30G>A;45C>T;72G>T;78C>G;82A>G;83C>G;84C>T;97C>G;98A>C;105T>C;114C>G],NA,p.[Thr28Gly;Gln33Ala],0.2855673976872528,0.2547286087979475,0.3051573719725939,0.226750598885939,-0.74459004,1.322523431936243,1.276685811732503,1.351476287171698
urn:mavedb:00000234-a-1#1358,c.[18G>A;21A>G;27A>G;45C>T;78C>G;82A>G;83C>G;84C>T;97C>T;98A>G;99G>C;105T>C;114C>G;120C>T;123C>T],NA,p.[Thr28Gly;Gln33Cys],0.0461121873997402,0.0091540214369855,0.1417951501676331,0.1356292939654656,-0.7437296,0.954202600449816,0.8946141687421059,1.1042873805189952
urn:mavedb:00000234-a-1#1359,c.[12T>C;15G>A;24C>G;27A>G;33G>C;45C>T;57A>G;69A>G;78C>G;82A>G;83C>G;84C>T;98A>T;105T>C;114C>G],NA,p.[Thr28Gly;Gln33Leu],0.2108339946517713,0.1349381809389416,0.2599649552511016,0.2438221457896637,-0.7491629,1.2177025710660947,1.1020610322185809,1.2912662108174249
urn:mavedb:00000234-a-1#1360,c.[18G>A;24C>G;27A>G;30G>A;45C>T;75G>C;78C>G;82A>G;83C>G;84C>T;97C>A;98A>T;99G>C;105T>C;114C>G;117G>C],NA,p.[Thr28Gly;Gln33Ile],-0.4254079265812873,-0.5403721564481748,-0.2809563577640288,0.1861053070448499,-0.7416384,0.0406029957224788,-0.3059694040427124,0.3697350530966491
urn:mavedb:00000234-a-1#1361,c.[12T>C;18G>A;24C>G;39C>T;45C>T;48C>T;63G>T;78C>G;82A>G;83C>G;84C>T;90C>T;96A>G;97C>T;98A>G;105T>C;108A>G;114C>G;126G>A],NA,p.[Thr28Gly;Gln33Trp],0.6612452970766234,0.5776484880080404,0.8079600381914193,0.3853189567814989,-0.79384637,1.931038633320812,1.813411742572854,2.13642640389188
urn:mavedb:00000234-a-1#1362,c.[3T>C;12T>C;21A>G;45C>T;75G>C;78C>G;82A>G;83C>G;84C>T;96A>G;97C>T;99G>C;105T>C;114C>G],NA,p.[Thr28Gly;Gln33Tyr],0.136311863424516,0.0244850933955168,0.2820589888632445,0.27934282426511,-0.76575494,1.1295817844377631,0.9547379795692704,1.3484476714843296
urn:mavedb:00000234-a-1#1363,c.[3T>C;9T>G;12T>C;15G>A;24C>G;27A>G;45C>T;78C>G;82A>G;83C>G;84C>T;97C>T;98A>T;99G>C;105T>C;108A>G;114C>G],NA,p.[Thr28Gly;Gln33Phe],-0.2159574177231754,-0.3511599569779696,-0.122044276537039,0.1869822677004718,-0.7766423,0.563401275967473,0.2960568588419801,0.7303669023774475
urn:mavedb:00000234-a-1#1364,c.[12T>C;18G>A;21A>G;27A>G;45C>T;78C>G;82A>G;83C>G;84C>T;98A>C;105T>C;114C>G;117G>C;120C>T;126G>A],NA,p.[Thr28Gly;Gln33Pro],-0.2843954321998989,-0.316046054073119,-0.2375454743613941,0.0980637864502925,-0.7230699,0.3241488286626181,0.2561367172949866,0.419840997489539
urn:mavedb:00000234-a-1#1365,c.[6T>C;12T>C;15G>A;21A>G;30G>A;45C>T;78C>G;83C>T;84C>G;97C>G;99G>A;105T>C;114C>G;126G>A],NA,p.[Thr28Met;Gln33Glu],0.4406151578996088,0.3841296218883608,0.5913617602247502,0.3035581702215148,-0.7485082,1.5543619606012613,1.472704018016077,1.7694535196992878
urn:mavedb:00000234-a-1#1366,c.[3T>C;6T>C;9T>G;12T>C;15G>A;18G>A;21A>G;27A>G;33G>C;45C>T;78C>G;83C>T;84C>G;97C>A;99G>C;105T>C;114C>G],NA,p.[Thr28Met;Gln33Asn],0.332343551570174,0.2670453199996739,0.397544413693394,0.274510151889235,-0.7627871,1.4179338046865462,1.3218960039361354,1.5126724363439092
urn:mavedb:00000234-a-1#1367,c.[12T>C;18G>A;24C>G;33G>C;45C>T;57A>G;63G>T;83C>T;84C>G;99G>C;114C>G],NA,p.[Thr28Met;Gln33His],-0.3374562957251772,-0.4796218169470013,-0.2810191917179384,0.2707570287076206,-0.75938654,0.2884690794501286,-0.0576538497124257,0.4054809132980668
urn:mavedb:00000234-a-1#1368,c.[3T>C;12T>C;24C>G;45C>T;78C>G;83C>T;84C>G;98A>G;99G>T;105T>C;114C>G],NA,p.[Thr28Met;Gln33Arg],-0.0306278541374509,-0.1073806303422384,0.0571691417045767,0.1801498759174361,-0.95864654,1.1682356924244095,1.0502533558902305,1.2999081255744025
urn:mavedb:00000234-a-1#1369,c.[3T>C;24C>G;27A>G;45C>T;75G>C;78C>G;83C>T;84C>G;97C>A;99G>A;102G>T;105T>C;114C>G;120C>T;126G>A],NA,p.[Thr28Met;Gln33Lys],0.0409984093114733,-0.0010848686258839,0.1541068943704339,0.1592195296627328,-0.81176424,1.053164373029996,0.9870587396871284,1.2261397478989546
urn:mavedb:00000234-a-1#1370,c.[3T>C;12T>C;18G>A;21A>G;27A>G;33G>C;39C>T;45C>T;51C>T;78C>G;83C>T;84C>G;97C>A;98A>C;99G>C;105T>C;114C>G],NA,p.[Thr28Met;Gln33Thr],0.0946650290938523,-0.0188051918097693,0.1878137393306039,0.218361831620079,-0.77169275,1.0744980042556809,0.8945033943627735,1.2168122921232165
urn:mavedb:00000234-a-1#1371,c.[3T>C;12T>C;18G>A;21A>G;27A>G;45C>T;78C>G;83C>T;84C>G;97C>T;98A>C;99G>T;105T>C;114C>G;120C>T;123C>T;126G>A],NA,p.[Thr28Met;Gln33Ser],0.1042665850363128,0.062745043533684,0.1350313382704559,0.1607945183228982,-0.7725766,1.0907267865027492,1.0260822821859084,1.1380268740698414
urn:mavedb:00000234-a-1#1372,c.[12T>C;18G>A;21A>G;27A>G;45C>T;69A>G;78C>G;83C>T;84C>G;97C>G;98A>C;105T>C;114C>G;126G>A],NA,p.[Thr28Met;Gln33Ala],0.6983215076229897,0.5321196783800262,0.8606466075165857,0.2858631858538535,-0.7928121,1.981609691431606,1.74760685766091,2.208628103136805
urn:mavedb:00000234-a-1#1373,c.[12T>C;24C>G;27A>G;39C>T;45C>T;78C>G;83C>T;84C>G;97C>G;98A>G;99G>T;105T>C;114C>G;126G>A],NA,p.[Thr28Met;Gln33Gly],-0.0028485665977951,-0.0536336904657013,0.0830964959332956,0.1049136269011474,-0.77262616,0.9218532623010331,0.8389107464450336,1.0579662759782655
urn:mavedb:00000234-a-1#1374,c.[3T>C;6T>C;12T>C;24C>G;27A>G;45C>T;78C>G;83C>T;84C>G;98A>T;105T>C;114C>G;123C>T],NA,p.[Thr28Met;Gln33Leu],0.5927424633906797,0.4507405913501524,0.7272649755806471,0.3226193975309982,-0.8000066,1.8432736394197755,1.6420640447388406,2.032055870267937
urn:mavedb:00000234-a-1#1375,c.[6T>C;21A>G;33G>C;45C>T;63G>T;83C>T;84C>G;97C>A;98A>T;99G>C;105T>C;111C>T;114C>G],NA,p.[Thr28Met;Gln33Ile],0.1025347952581669,-0.0241587201062925,0.2079251495190534,0.204182005305349,-0.79185224,1.117652724557633,0.9184111026207158,1.2770279161640543
urn:mavedb:00000234-a-1#1376,c.[12T>C;15G>A;18G>A;21A>G;27A>G;30G>A;33G>C;45C>T;72G>T;78C>G;83C>T;84C>G;97C>T;99G>C;105T>C;117G>C;126G>A],NA,p.[Thr28Met;Gln33Tyr],0.0356841877078067,-0.0925150604786551,0.1119650625146662,0.275515105442765,-0.812655,1.046261951033767,0.8406651827484538,1.1637533711042778
urn:mavedb:00000234-a-1#1377,c.[12T>C;18G>A;24C>G;27A>G;45C>T;78C>G;83C>T;84C>G;97C>T;98A>T;99G>C;105T>C;114C>G;123C>T],NA,p.[Thr28Met;Gln33Phe],0.2542726030816021,0.1719112207580375,0.3806414138659779,0.2715180637788367,-0.8239968,1.3927538736346532,1.271046274072961,1.5758303997127463
urn:mavedb:00000234-a-1#1378,c.[12T>C;18G>A;21A>G;27A>G;45C>T;78C>G;83C>T;84C>G;98A>C;114C>G;126G>A],NA,p.[Thr28Met;Gln33Pro],-0.2609787918336337,-0.2995867694442441,-0.246878453736528,0.1352540256487777,-0.7697401,0.4653137783531118,0.3889311272569367,0.4924399098307868
urn:mavedb:00000234-a-1#1379,c.[3T>C;12T>C;24C>G;45C>T;78C>G;82A>T;83C>G;97C>A;99G>C;114C>G;126G>A],NA,p.[Thr28Cys;Gln33Asn],-0.0980534123122538,-0.2949922468505698,0.0830528148905883,0.2691207869837567,-0.75639963,0.7368679479722017,0.3711854222611199,1.032639520012309
urn:mavedb:00000234-a-1#1380,c.[3T>C;6T>C;12T>C;21A>G;45C>T;57A>G;63G>T;69A>G;78C>G;82A>T;83C>G;99G>C;105T>C;114C>G;120C>T;123C>T;126G>A],NA,p.[Thr28Cys;Gln33His],0.4400992406363523,0.3126773883740769,0.6146511778542663,0.3109124971859207,-0.7529595,1.5599733898130297,1.3747982940578916,1.8086176532486675
urn:mavedb:00000234-a-1#1381,c.[3T>C;9T>G;24C>G;27A>G;45C>T;82A>T;83C>G;97C>G;99G>C;114C>G;126G>A],NA,p.[Thr28Cys;Gln33Asp],0.5396255340607825,0.4332154468313098,0.764955244358941,0.2472921898885482,-0.73832345,1.681670452083489,1.5291315941641848,1.999907528817349
urn:mavedb:00000234-a-1#1382,c.[6T>C;18G>A;24C>G;27A>G;45C>T;69A>G;82A>T;83C>G;98A>G;99G>T;105T>C;108A>G;114C>G;120C>T;126G>A],NA,p.[Thr28Cys;Gln33Arg],0.4613156031729808,0.4244594388412137,0.5062509286944835,0.1343308848228814,-0.95107484,1.8686902322252403,1.8169620800385424,1.9315753957784063
urn:mavedb:00000234-a-1#1383,c.[3T>C;12T>C;21A>G;45C>T;69A>G;78C>G;82A>T;83C>G;97C>G;98A>C;105T>C;114C>G;126G>A],NA,p.[Thr28Cys;Gln33Ala],0.9089413635505624,0.7225864180714122,1.0453362496108805,0.4418715253073975,-0.7855704,2.2662456387375234,2.005622126535036,2.457275185564214
urn:mavedb:00000234-a-1#1384,c.[6T>C;12T>C;21A>G;45C>T;78C>G;82A>T;83C>G;97C>G;98A>G;99G>T;105T>C;114C>G;126G>A],NA,p.[Thr28Cys;Gln33Gly],0.8550432308160034,0.7596662832970936,0.8959699412967419,0.2972631572719191,-0.7655802,2.163566455884719,2.0300400926773974,2.2208325049688105
urn:mavedb:00000234-a-1#1385,c.[12T>C;18G>A;21A>G;27A>G;45C>T;78C>G;82A>T;83C>G;97C>A;98A>T;105T>C;114C>G],NA,p.[Thr28Cys;Gln33Met],0.8383078600567763,0.8060813482069219,0.9481322469973597,0.201842106590202,-0.7945924,2.179850907433624,2.1348229458694683,2.333332610647014
urn:mavedb:00000234-a-1#1386,c.[9T>G;12T>C;15G>A;24C>G;33G>C;45C>T;78C>G;82A>T;83C>G;97C>G;98A>T;99G>T;105T>C;114C>G;126G>A],NA,p.[Thr28Cys;Gln33Val],0.2012769601192418,0.062747569046124,0.334585336148041,0.1929564187890294,-0.7750523,1.2420795558097646,1.0299563940558911,1.4389903047166506
urn:mavedb:00000234-a-1#1387,c.[12T>C;18G>A;45C>T;78C>G;82A>T;83C>G;96A>G;97C>T;99G>C;105T>C;114C>G;123C>T;126G>A],NA,p.[Thr28Cys;Gln33Tyr],0.2954001285949884,0.2142898851880639,0.3472506327372567,0.2083374714746563,-0.8057325,1.4263207204673003,1.307038474263461,1.5016184774475148
urn:mavedb:00000234-a-1#1388,c.[6T>C;12T>C;18G>A;21A>G;24C>G;30G>A;33G>C;39C>T;45C>T;57A>G;60C>T;78C>G;82A>T;83C>G;98A>C;99G>A;105T>C;114C>G;126G>A],NA,p.[Thr28Cys;Gln33Pro],-0.3400530214497892,-0.4174138684481305,-0.2982827907094993,0.1075860486311545,-0.7642298,0.293283921853447,0.1171599745654477,0.3804176807238351
urn:mavedb:00000234-a-1#1389,c.[6T>C;12T>C;18G>A;21A>G;30G>A;45C>T;78C>G;82A>C;83C>T;84C>G;97C>G;99G>A;105T>C;114C>G],NA,p.[Thr28Leu;Gln33Glu],-0.035598889552769,-0.0923390468806172,0.0775032069129261,0.2253840242494341,-0.7501719,0.8316753173249163,0.736008700466895,1.0141783361874492
urn:mavedb:00000234-a-1#1390,c.[12T>C;18G>A;21A>G;24C>G;30G>A;33G>C;45C>T;78C>G;82A>C;83C>T;84C>G;97C>A;99G>C;105T>C;108A>G;114C>G;123C>T],NA,p.[Thr28Leu;Gln33Asn],-0.1330613207714108,-0.2918200989298652,-0.0125188818228949,0.1235099960938389,-0.7635431,0.6886238695740999,0.3921149061128663,0.8915052933340158
urn:mavedb:00000234-a-1#1391,c.[12T>C;15G>A;21A>G;27A>G;30G>A;45C>T;57A>G;63G>T;78C>G;82A>C;83C>T;84C>G;99G>C;105T>C;114C>G],NA,p.[Thr28Leu;Gln33His],0.2447598241628041,0.1743843609728806,0.4071631222802735,0.2906945334063189,-0.7601316,1.2848755077451277,1.1790993287164504,1.5227599156652625
urn:mavedb:00000234-a-1#1392,c.[12T>C;15G>A;18G>A;21A>G;27A>G;33G>C;45C>T;60C>T;78C>G;82A>C;83C>T;98A>G;99G>T;105T>C;114C>G;126G>A],NA,p.[Thr28Leu;Gln33Arg],-0.0692331576403534,-0.1420204620954171,0.0258642585437408,0.1754591796505402,-0.9571278,1.106942578248057,0.9935391518985108,1.251046517482845
urn:mavedb:00000234-a-1#1393,c.[6T>C;12T>C;18G>A;21A>G;24C>G;30G>A;45C>T;63G>T;78C>G;82A>C;83C>T;84C>G;97C>A;98A>C;99G>C;114C>G;123C>T;126G>A],NA,p.[Thr28Leu;Gln33Thr],-0.2547565545154072,-0.4181435545121207,-0.1436502083590929,0.3714741611203876,-0.77193093,0.481539824509437,0.1339762138723841,0.6847499943043065
urn:mavedb:00000234-a-1#1394,c.[12T>C;21A>G;27A>G;30G>A;45C>T;78C>G;82A>C;83C>T;97C>G;98A>C;105T>C;114C>G],NA,p.[Thr28Leu;Gln33Ala],0.4028492200335625,0.2971442630823268,0.5208296518745951,0.5172273970648565,-0.7926698,1.5630646825602823,1.4099002340255216,1.7314080272286652
urn:mavedb:00000234-a-1#1395,c.[3T>C;24C>G;27A>G;45C>T;82A>C;83C>T;84C>G;97C>G;98A>T;99G>T;105T>C;114C>G;126G>A],NA,p.[Thr28Leu;Gln33Val],0.0366742947062637,-0.1049728439864599,0.1439046213927842,0.1899803781530306,-0.78229356,1.0002969525074106,0.7691211152314186,1.1663268251125034
urn:mavedb:00000234-a-1#1396,c.[3T>C;6T>C;12T>C;15G>A;24C>G;45C>T;78C>G;82A>C;83C>T;84C>G;97C>T;98A>G;114C>G;123C>T;126G>A],NA,p.[Thr28Leu;Gln33Trp],-0.1369679246291132,-0.2196196340547845,-0.0869685692018845,0.126496537412709,-0.8393221,0.8110342537004924,0.6695096666839623,0.8933812276506766
urn:mavedb:00000234-a-1#1397,c.[12T>C;15G>A;18G>A;21A>G;27A>G;30G>A;45C>T;48C>T;78C>G;82A>C;83C>T;96A>G;97C>T;99G>C;105T>C;114C>G;120C>T],NA,p.[Thr28Leu;Gln33Tyr],-0.1368887688020586,-0.2625432064301082,-0.0771584672346811,0.1169749052698509,-0.812639,0.766361877214936,0.5436905816725799,0.8659234560642068
urn:mavedb:00000234-a-1#1398,c.[15G>A;21A>G;33G>C;45C>T;78C>G;82A>C;83C>T;84C>G;97C>T;98A>T;99G>C;105T>C;114C>G],NA,p.[Thr28Leu;Gln33Phe],-0.6574249183314251,-0.7445028279788738,-0.5917251568898937,0.117624253701073,-0.8233831,-0.4432054807000916,-0.9355594752423012,-0.2024881868390726
urn:mavedb:00000234-a-1#1399,c.[12T>C;15G>A;24C>G;27A>G;45C>T;78C>G;82A>C;83C>T;84C>G;98A>C;105T>C;114C>G;126G>A],NA,p.[Thr28Leu;Gln33Pro],-0.9000193456271384,-1.1145897924013382,-0.630626508980772,0.197556512932385,-0.77117395,-15.0,-25.0,-0.5575342781577257
urn:mavedb:00000234-a-1#1400,c.[6T>C;18G>A;21A>G;27A>G;30G>A;45C>T;51C>T;78C>G;82A>G;83C>T;84C>T;97C>A;99G>C;105T>C;114C>G;126G>A],NA,p.[Thr28Val;Gln33Asn],0.2579337141856599,0.1292499602855388,0.3606047241029221,0.3754808142388885,-0.7323878,1.2633417786728862,1.0673854848615332,1.4150952182925411
urn:mavedb:00000234-a-1#1401,c.[9T>G;12T>C;18G>A;21A>G;27A>G;78C>G;82A>G;83C>T;84C>G;97C>G;99G>C;105T>C;111C>T;126G>A],NA,p.[Thr28Val;Gln33Asp],0.0647980336137009,-0.0105523047418274,0.1189927383599579,0.1628507152274057,-0.71349454,0.935833631206554,0.8124671839054942,1.0219409893455134
urn:mavedb:00000234-a-1#1402,c.[12T>C;18G>A;21A>G;24C>G;30G>A;45C>T;78C>G;82A>G;83C>T;84C>T;97C>A;99G>A;105T>C;126G>A],NA,p.[Thr28Val;Gln33Lys],0.6565060539615554,0.5578271638750201,0.7395031517238513,0.40029242670733,-0.782325,1.908425282817724,1.7693101462071956,2.0248468484376048
urn:mavedb:00000234-a-1#1403,c.[3T>C;12T>C;18G>A;21A>G;24C>G;30G>A;33G>C;39C>T;45C>T;54T>C;57A>G;78C>G;82A>G;83C>T;84C>T;90C>T;97C>A;98A>C;99G>C;102G>T;105T>C;114C>G;120C>T],NA,p.[Thr28Val;Gln33Thr],0.3639268030598099,0.2129810412767142,0.4692551287318755,0.3932035110950973,-0.74116254,1.4326804529922226,1.2089303028809382,1.585064991302345
urn:mavedb:00000234-a-1#1404,c.[12T>C;15G>A;21A>G;27A>G;30G>A;45C>T;75G>C;78C>G;82A>G;83C>T;84C>T;97C>T;98A>C;99G>T;105T>C;111C>T;114C>G],NA,p.[Thr28Val;Gln33Ser],0.2405756635234326,0.1724654348526846,0.3485448808035762,0.141665672267644,-0.7418959,1.2515210987451904,1.1485343804105177,1.4112710896487832
urn:mavedb:00000234-a-1#1405,c.[21A>G;33G>C;45C>T;72G>T;78C>G;82A>G;83C>T;84C>T;97C>G;98A>G;99G>T;105T>C;114C>G],NA,p.[Thr28Val;Gln33Gly],1.0225497935259995,0.7955380345093513,1.1841128493598423,0.5958845559602336,-0.7420969,2.3662735786601643,2.0480119128001166,2.5942610550084777
urn:mavedb:00000234-a-1#1406,c.[3T>C;12T>C;18G>A;21A>G;27A>G;45C>T;78C>G;82A>G;83C>T;84C>T;97C>T;98A>G;99G>C;105T>C;114C>G],NA,p.[Thr28Val;Gln33Cys],-0.2010733927497459,-0.3057832987087829,-0.1105657690898579,0.223439362482485,-0.76198983,0.5638667354478117,0.3605145801248862,0.7249534347654316
urn:mavedb:00000234-a-1#1407,c.[12T>C;18G>A;21A>G;27A>G;45C>T;78C>G;82A>G;83C>T;84C>T;98A>T;105T>C;114C>G],NA,p.[Thr28Val;Gln33Leu],0.3918377293254924,0.3017119399204042,0.4527864865679528,0.1805218305183305,-0.76884747,1.5131195706014224,1.3818923010084376,1.6008113129544526
urn:mavedb:00000234-a-1#1408,c.[3T>C;12T>C;15G>A;18G>A;21A>G;27A>G;30G>A;33G>C;45C>T;75G>C;78C>G;82A>G;83C>T;84C>T;97C>G;98A>T;99G>T;105T>C;114C>G;126G>A],NA,p.[Thr28Val;Gln33Val],-0.0798134769582679,-0.1166895791252614,-0.0343493151675675,0.093427289162402,-0.75204825,0.7605935168106062,0.6971658790884168,0.8368484677097445
urn:mavedb:00000234-a-1#1409,c.[9T>G;12T>C;18G>A;21A>G;27A>G;45C>T;78C>G;82A>G;83C>T;84C>T;97C>T;99G>C;105T>C;114C>G;126G>A],NA,p.[Thr28Val;Gln33Tyr],-0.0720463922124801,-0.1019468878175658,-0.0342724270636058,0.1951712123957468,-0.7833631,0.8261456156745582,0.7760479703537999,0.8882772956561067
urn:mavedb:00000234-a-1#1410,c.[12T>C;15G>A;18G>A;21A>G;27A>G;30G>A;45C>T;78C>G;82A>G;83C>T;84C>T;97C>T;98A>T;99G>C;105T>C;114C>G],NA,p.[Thr28Val;Gln33Phe],-0.0306410695421209,-0.1148227119795236,0.1251161678025031,0.1620063337477258,-0.7945852,0.9123417339460984,0.7732146483516514,1.1563651064429996
urn:mavedb:00000234-a-1#1411,c.[6T>C;12T>C;15G>A;18G>A;21A>G;24C>G;30G>A;33G>C;45C>T;78C>G;83C>T;97C>A;99G>C;105T>C;114C>G;126G>A],NA,p.[Thr28Ile;Gln33Asn],-0.1789294887092124,-0.2526088040110562,-0.1087673950398408,0.1646404601628101,-0.7499459,0.5824471653765009,0.4430917585723952,0.7072858178211928
urn:mavedb:00000234-a-1#1412,c.[3T>C;6T>C;18G>A;27A>G;30G>A;45C>T;78C>G;83C>T;97C>G;99G>C;105T>C;114C>G;126G>A],NA,p.[Thr28Ile;Gln33Asp],0.0624457347461006,0.0348926351982467,0.0803292613302372,0.1570634342949351,-0.73038125,0.959036689069383,0.9147656589978932,0.9874864772243084
urn:mavedb:00000234-a-1#1413,c.[12T>C;21A>G;27A>G;30G>A;45C>T;78C>G;83C>T;98A>G;99G>T;105T>C;114C>G;126G>A],NA,p.[Thr28Ile;Gln33Arg],-0.3178527412145571,-0.40219034840539,-0.2396471534506001,0.1786627247809389,-0.9497373,0.6906001028726847,0.5386697219865578,0.8236129911348837
urn:mavedb:00000234-a-1#1414,c.[9T>G;12T>C;18G>A;24C>G;27A>G;30G>A;45C>T;75G>C;78C>G;83C>T;97C>A;99G>A;105T>C;126G>A],NA,p.[Thr28Ile;Gln33Lys],0.5745353122197954,0.4110494310078508,0.6801243166505319,0.4819360799156698,-0.80027676,1.8179876549979035,1.5856741341402163,1.9664105547639388
urn:mavedb:00000234-a-1#1415,c.[6T>C;12T>C;24C>G;27A>G;45C>T;78C>G;83C>T;97C>A;98A>C;99G>C;105T>C;126G>A],NA,p.[Thr28Ile;Gln33Thr],-0.0035883686458271,-0.0869312666471446,0.2320222441308477,0.1968204646531796,-0.759187,0.898960726025628,0.7606041969553171,1.2644687598064976
urn:mavedb:00000234-a-1#1416,c.[12T>C;18G>A;27A>G;45C>T;78C>G;83C>T;97C>T;98A>C;99G>T;105T>C;108A>G;114C>G;126G>A],NA,p.[Thr28Ile;Gln33Ser],0.0829412038736946,0.0510242240110416,0.1428797482753358,0.139723579628564,-0.7603228,1.0385862476059493,0.988347365098294,1.1313539355125877
urn:mavedb:00000234-a-1#1417,c.[12T>C;18G>A;21A>G;24C>G;30G>A;45C>T;69A>G;78C>G;83C>T;97C>G;98A>C;105T>C;114C>G],NA,p.[Thr28Ile;Gln33Ala],0.2940117745736254,-0.0675156606054685,0.4369376764956624,0.2195485181785677,-0.780766,1.3879815525030972,0.829365728714292,1.5950375041154303
urn:mavedb:00000234-a-1#1418,c.[9T>G;12T>C;18G>A;21A>G;27A>G;33G>C;45C>T;78C>G;83C>T;84C>T;87T>C;97C>G;98A>G;99G>T;105T>C;114C>G;126G>A],NA,p.[Thr28Ile;Gln33Gly],0.3810877221838112,0.3234926871984618,0.5382913173532582,0.2465410971515836,-0.76031923,1.4853054125464764,1.401398351602522,1.7107423229505978
urn:mavedb:00000234-a-1#1419,c.[3T>C;6T>C;9T>G;12T>C;24C>G;27A>G;45C>T;78C>G;83C>T;97C>T;98A>G;99G>C;105T>C;114C>G],NA,p.[Thr28Ile;Gln33Cys],0.0213445043325567,-0.1783305541186118,0.7219636518016551,0.3010860450333883,-0.780298,0.9728521633177732,0.6382480654120979,1.997481091215444
urn:mavedb:00000234-a-1#1420,c.[3T>C;6T>C;12T>C;18G>A;45C>T;63G>T;78C>G;83C>T;98A>T;105T>C;114C>G],NA,p.[Thr28Ile;Gln33Leu],0.3239273219360186,0.1824051444934099,0.4770617603402978,0.6924603457859702,-0.7891202,1.4438294457793868,1.2347771432049837,1.6642069203006593
urn:mavedb:00000234-a-1#1421,c.[6T>C;12T>C;18G>A;24C>G;27A>G;45C>T;78C>G;83C>T;97C>G;98A>T;99G>T;102G>T;105T>C;114C>G;126G>A],NA,p.[Thr28Ile;Gln33Val],0.0603777098157383,-0.1033042785616543,0.1477487495635691,0.59816072195805,-0.7707331,1.0194794170845445,0.7523483566197242,1.1546447885925095
urn:mavedb:00000234-a-1#1422,c.[12T>C;18G>A;24C>G;27A>G;33G>C;39C>T;45C>T;78C>G;83C>T;97C>T;98A>G;105T>C;108A>G;114C>G],NA,p.[Thr28Ile;Gln33Trp],0.1531389675527082,0.1006025997706146,0.3583958192740932,0.2088729159892944,-0.8281081,1.2491104989321633,1.1698885375487784,1.5497414200811952
urn:mavedb:00000234-a-1#1423,c.[3T>C;6T>C;12T>C;18G>A;21A>G;27A>G;45C>T;78C>G;83C>T;97C>T;99G>C;105T>C;114C>G],NA,p.[Thr28Ile;Gln33Tyr],-0.9151089758340766,-1.0130588014938084,-0.7577766172178257,0.2251283674390616,-0.8009393,-15.0,-25.0,-1.3096919781251666
urn:mavedb:00000234-a-1#1424,c.[9T>G;12T>C;15G>A;21A>G;27A>G;30G>A;33G>C;45C>T;78C>G;83C>T;97C>T;98A>T;99G>C;105T>C;114C>G;126G>A],NA,p.[Thr28Ile;Gln33Phe],-0.8897660656108963,-1.0630293348489113,-0.5361523532416923,0.277086982476066,-0.8126395,-15.0,-25.0,-0.0669838235048362
urn:mavedb:00000234-a-1#1425,c.[3T>C;21A>G;33G>C;45C>T;83C>T;98A>C;105T>C;114C>G;123C>T],NA,p.[Thr28Ile;Gln33Pro],-0.0682246037352434,-0.1913470963489737,0.034339370138209,0.1436760985507179,-0.7563455,0.7874518458513639,0.5713972411155154,0.9554915967686838
urn:mavedb:00000234-a-1#1426,c.[6T>C;12T>C;15G>A;24C>G;45C>T;69A>G;78C>G;82A>T;83C>G;84C>G;97C>A;99G>T;105T>C;114C>G],NA,p.[Thr28Trp;Gln33Asn],-0.5902215653963088,-0.9549772179657432,-0.400300687828155,0.1410007337932141,-0.82890415,-0.1800484252834545,-25.0,0.3026286795862049
urn:mavedb:00000234-a-1#1427,c.[6T>C;12T>C;15G>A;21A>G;30G>A;45C>T;57A>G;78C>G;82A>T;83C>G;84C>G;99G>C;105T>C;114C>G],NA,p.[Thr28Trp;Gln33His],0.3530041512801988,0.3047619881457413,0.4188035690988844,0.2116384323463318,-0.8257139,1.53856049194537,1.4688393472498698,1.6328753350814431
urn:mavedb:00000234-a-1#1428,c.[9T>G;24C>G;30G>A;45C>T;69A>G;82A>T;83C>G;84C>G;97C>G;99G>C;105T>C;114C>G;126G>A],NA,p.[Thr28Trp;Gln33Asp],0.4011078900241709,0.3710876750599321,0.4545785655821437,0.2019185410545525,-0.8117807,1.5877893021700495,1.544671678450025,1.6641771129221272
urn:mavedb:00000234-a-1#1429,c.[15G>A;21A>G;45C>T;78C>G;82A>T;83C>G;84C>G;97C>A;99G>A;105T>C;114C>G;126G>A],NA,p.[Thr28Trp;Gln33Lys],0.5756579635377096,0.5123793198722347,0.6582030897329328,0.2000961003590393,-0.8737569,1.9216558907518333,1.8328396660173687,2.037045923960809
urn:mavedb:00000234-a-1#1430,c.[9T>G;12T>C;15G>A;18G>A;21A>G;27A>G;45C>T;78C>G;82A>T;83C>G;84C>G;97C>T;98A>C;99G>T;105T>C;111C>T;114C>G],NA,p.[Thr28Trp;Gln33Ser],0.5960089287525457,-0.0130669483446192,0.8810624150374075,0.3020837570600694,-0.83759856,1.900087902721892,1.008829622303688,2.298195251214638
urn:mavedb:00000234-a-1#1431,c.[12T>C;15G>A;24C>G;45C>T;78C>G;82A>T;83C>G;84C>G;96A>G;97C>G;98A>C;105T>C;108A>G;114C>G;123C>T;126G>A],NA,p.[Thr28Trp;Gln33Ala],0.5330599233181804,0.4738939484501211,0.572152379991873,0.1554710644122505,-0.8562951,1.8376160754300488,1.7541829101298982,1.8925399900021345
urn:mavedb:00000234-a-1#1432,c.[12T>C;21A>G;30G>A;33G>C;45C>T;78C>G;82A>T;83C>G;84C>G;97C>G;98A>G;99G>T;105T>C;114C>G],NA,p.[Thr28Trp;Gln33Gly],-0.0367850296037729,-0.4241662210355647,0.1251490554160792,0.1240015457077259,-0.83769727,0.9714517539330564,0.270159858172851,1.2214387635870492
urn:mavedb:00000234-a-1#1433,c.[6T>C;12T>C;18G>A;24C>G;27A>G;45C>T;78C>G;82A>T;83C>G;84C>G;87T>C;97C>A;98A>T;105T>C;114C>G],NA,p.[Thr28Trp;Gln33Met],0.8469660130410761,0.7032027887080966,0.930830182991326,0.3854579801933004,-0.86553407,2.288727825333303,2.088510641316583,2.4055542998133363
urn:mavedb:00000234-a-1#1434,c.[12T>C;18G>A;21A>G;27A>G;39C>T;45C>T;78C>G;82A>T;83C>G;84C>G;97C>T;98A>G;99G>C;105T>C;114C>G],NA,p.[Thr28Trp;Gln33Cys],0.1257252711965549,0.0452262351506225,0.1895419740698486,0.2542517155487909,-0.8556261,1.2491057046214773,1.1272503331344566,1.343887871449977
urn:mavedb:00000234-a-1#1435,c.[12T>C;21A>G;33G>C;45C>T;78C>G;82A>T;83C>G;84C>G;97C>G;98A>T;99G>T;105T>C],NA,p.[Thr28Trp;Gln33Val],0.2254290510021123,0.0055569314371352,0.3758839125132889,0.256744923899126,-0.84673977,1.3836456429680457,1.052281943243382,1.601366104739928
urn:mavedb:00000234-a-1#1436,c.[3T>C;6T>C;12T>C;15G>A;21A>G;27A>G;30G>A;33G>C;45C>T;75G>C;78C>G;82A>T;83C>G;84C>G;97C>T;98A>G;105T>C;114C>G;117G>C;123C>T],NA,p.[Thr28Trp;Gln33Trp],0.198941170613615,0.1250972287519422,0.2475818063086149,0.4956784609256869,-0.89945006,1.421618222368934,1.313155449055755,1.4922230121149844
urn:mavedb:00000234-a-1#1437,c.[12T>C;18G>A;21A>G;27A>G;39C>T;45C>T;78C>G;82A>T;83C>G;84C>G;96A>G;97C>T;99G>C;105T>C;114C>G],NA,p.[Thr28Trp;Gln33Tyr],-0.2993458091398372,-0.3848654312366706,-0.1703839190003869,0.3990363698270008,-0.87469316,0.5900453313827871,0.4280535374307525,0.8141905470749762
urn:mavedb:00000234-a-1#1438,c.[3T>C;9T>G;15G>A;21A>G;45C>T;78C>G;82A>T;83C>G;84C>G;97C>T;98A>T;99G>C;105T>C;114C>G],NA,p.[Thr28Trp;Gln33Phe],-0.1016430324905474,-0.1573459271068164,0.003960902030797,0.2096716253472208,-0.8849077,0.943112363513106,0.8526789209573964,1.1087243936578657
urn:mavedb:00000234-a-1#1439,c.[12T>C;18G>A;21A>G;27A>G;45C>T;78C>G;82A>T;83C>G;84C>G;98A>C;105T>C;114C>G],NA,p.[Thr28Trp;Gln33Pro],-0.419683659231685,-0.4761225891894795,-0.2783558274671524,0.1948785217074623,-0.83570385,0.2755704824136457,0.1477027541210526,0.5570960910968205
urn:mavedb:00000234-a-1#1440,c.[12T>C;15G>A;21A>G;27A>G;30G>A;45C>T;78C>G;82A>T;83C>A;97C>A;99G>C;105T>C;114C>G],NA,p.[Thr28Tyr;Gln33Asn],1.012920488421437,0.8798716379384702,1.0785866248248577,0.5155119879409192,-0.78523755,2.411342893852703,2.2251526825978147,2.503551773943109
urn:mavedb:00000234-a-1#1441,c.[3T>C;6T>C;21A>G;45C>T;57A>G;63G>T;82A>T;83C>A;99G>C;105T>C;126G>A],NA,p.[Thr28Tyr;Gln33His],0.5152840684507836,0.4347211664310049,0.6508047062121564,0.256135029829442,-0.7819798,1.708518100590955,1.5935861734051968,1.8999327886547257
urn:mavedb:00000234-a-1#1442,c.[3T>C;18G>A;24C>G;45C>T;75G>C;78C>G;82A>T;83C>A;97C>A;98A>C;99G>C;105T>C;108A>G;114C>G;117G>C;123C>T;126G>A],NA,p.[Thr28Tyr;Gln33Thr],0.2948768312485793,0.1853758479575614,0.3374730260226701,0.1724979903475385,-0.79372454,1.408118060342081,1.2461104644056475,1.4701715264026574
urn:mavedb:00000234-a-1#1443,c.[6T>C;12T>C;15G>A;21A>G;27A>G;30G>A;45C>T;48C>T;78C>G;82A>T;83C>A;97C>T;98A>C;99G>T;105T>C;114C>G;123C>T],NA,p.[Thr28Tyr;Gln33Ser],0.5796211117827941,0.4206344528093422,0.971262226728209,0.4738354499843144,-0.7945616,1.8171921873836845,1.5912855718642722,2.365651358995992
urn:mavedb:00000234-a-1#1444,c.[3T>C;12T>C;18G>A;21A>G;27A>G;33G>C;45C>T;78C>G;82A>T;83C>A;97C>G;98A>G;99G>T;105T>C],NA,p.[Thr28Tyr;Gln33Gly],0.8160621005758515,0.740517852169373,0.8931048696031543,0.2079599816978438,-0.7946546,2.148854806347259,2.0432360125796487,2.256494204416759
urn:mavedb:00000234-a-1#1445,c.[3T>C;12T>C;15G>A;24C>G;27A>G;39C>T;45C>T;78C>G;82A>T;83C>A;97C>A;98A>T;105T>C;114C>G],NA,p.[Thr28Tyr;Gln33Met],0.2974247068151131,0.2193056169557383,0.5543515249593546,0.5755563850582633,-0.82428956,1.4561297948512324,1.3417811142105889,1.8230091303740388
urn:mavedb:00000234-a-1#1446,c.[3T>C;21A>G;45C>T;75G>C;78C>G;82A>T;83C>A;97C>T;98A>G;99G>C;105T>C;114C>G;120C>T;126G>A],NA,p.[Thr28Tyr;Gln33Cys],0.933826424177566,0.7056688975397861,1.121852152890103,0.2258392994972564,-0.81356645,2.339138820108286,2.020509082714435,2.6027857176768925
urn:mavedb:00000234-a-1#1447,c.[21A>G;33G>C;45C>T;82A>T;83C>A;84C>T;90C>T;98A>T;105T>C;114C>G;123C>T],NA,p.[Thr28Tyr;Gln33Leu],0.3172498743259876,0.2174930632842349,0.4244315262577667,0.1931347713514045,-0.82066965,1.479676641855296,1.3337868827172592,1.6337651950934138
urn:mavedb:00000234-a-1#1448,c.[12T>C;18G>A;45C>T;78C>G;82A>T;83C>A;97C>A;98A>T;99G>C;102G>T;105T>C;114C>G;126G>A],NA,p.[Thr28Tyr;Gln33Ile],0.1315754436541042,0.1094155124389483,0.1797719564714838,0.0701685885929618,-0.81290936,1.193883460653018,1.1602591014349437,1.2663011643290265
urn:mavedb:00000234-a-1#1449,c.[12T>C;24C>G;33G>C;45C>T;78C>G;82A>T;83C>A;97C>T;98A>G;105T>C;114C>G;123C>T],NA,p.[Thr28Tyr;Gln33Trp],0.2430082666056207,0.1291297578512963,0.4263036921387974,0.1518072713949214,-0.8596692,1.4281470832399448,1.2602195721846137,1.691503473081152
urn:mavedb:00000234-a-1#1450,c.[3T>C;9T>G;12T>C;15G>A;21A>G;27A>G;30G>A;33G>C;45C>T;60C>T;78C>G;82A>T;83C>A;97C>T;99G>C;105T>C;114C>G;126G>A],NA,p.[Thr28Tyr;Gln33Tyr],0.2646259764618018,0.2063883243098824,0.3309594383263945,0.2964916957244773,-0.8336022,1.421857653596273,1.3363966663771216,1.5180831339671497
urn:mavedb:00000234-a-1#1451,c.[6T>C;18G>A;21A>G;27A>G;33G>C;45C>T;78C>G;82A>T;83C>A;97C>T;98A>T;99G>C;105T>C;111C>T;114C>G;123C>T],NA,p.[Thr28Tyr;Gln33Phe],0.3631500821792643,0.2972640952502278,0.4481647082180833,0.2424193523583546,-0.8444085,1.579814058211835,1.4849081600550271,1.7010504492838818
urn:mavedb:00000234-a-1#1452,c.[3T>C;9T>G;15G>A;21A>G;45C>T;78C>G;82A>T;83C>A;98A>C;105T>C;114C>G],NA,p.[Thr28Tyr;Gln33Pro],0.1461042667533188,0.0654105613687872,0.2374526132904671,0.1851765598125918,-0.79212284,1.184530971056636,1.0606863428813114,1.321292763387003
urn:mavedb:00000234-a-1#1453,c.[3T>C;6T>C;12T>C;18G>A;21A>G;27A>G;33G>C;45C>T;78C>G;81C>T;82A>T;83C>T;97C>A;99G>C;105T>C;114C>G],NA,p.[Thr28Phe;Gln33Asn],0.1359977620384753,0.0630779693168154,0.2234263649098832,0.2173755008901085,-0.8083601,1.1937177164427204,1.0821831840219784,1.3244477324590114
urn:mavedb:00000234-a-1#1454,c.[12T>C;18G>A;21A>G;30G>A;45C>T;57A>G;78C>G;82A>T;83C>T;99G>C;105T>C;114C>G;126G>A],NA,p.[Thr28Phe;Gln33His],0.2650967515922492,0.2197871331989417,0.3151427935055913,0.1234399959456679,-0.80525136,1.3812850171738515,1.3144787130584288,1.4543749109056798
urn:mavedb:00000234-a-1#1455,c.[12T>C;21A>G;45C>T;78C>G;82A>T;83C>T;96A>G;97C>G;99G>C;105T>C;114C>G],NA,p.[Thr28Phe;Gln33Asp],0.8023526821156702,0.6624854962173921,1.1163726467676187,0.5120355472393029,-0.78976846,2.1230017361420845,1.9271350743805005,2.562892950162151
urn:mavedb:00000234-a-1#1456,c.[12T>C;18G>A;21A>G;24C>G;30G>A;33G>C;45C>T;78C>G;82A>T;83C>T;98A>G;99G>T;105T>C;114C>G],NA,p.[Thr28Phe;Gln33Arg],0.0886905472363656,0.0031052846044141,0.2775180023396621,0.2681277852617362,-0.995878,1.400877701307402,1.2747315968681807,1.6723458271276737
urn:mavedb:00000234-a-1#1457,c.[3T>C;12T>C;15G>A;24C>G;27A>G;45C>T;78C>G;82A>T;83C>T;97C>A;99G>A;105T>C;126G>A],NA,p.[Thr28Phe;Gln33Lys],0.4710207974548819,0.3891713505323655,0.6196161903475956,0.1890368840783197,-0.8557093,1.7492996143197284,1.6330697676370234,1.9582403524432537
urn:mavedb:00000234-a-1#1458,c.[12T>C;15G>A;24C>G;45C>T;78C>G;82A>T;83C>T;97C>A;98A>C;99G>C;114C>G],NA,p.[Thr28Phe;Gln33Thr],0.3475469271703953,0.2737120764862459,0.52607559700465,0.4064028286541417,-0.8172066,1.5185122990530509,1.4113137128627509,1.7732173413395225
urn:mavedb:00000234-a-1#1459,c.[3T>C;12T>C;24C>G;45C>T;78C>G;82A>T;83C>T;97C>T;98A>C;99G>C;105T>C;108A>G;114C>G;123C>T;126G>A],NA,p.[Thr28Phe;Gln33Ser],0.4450154762377983,0.352154308656417,0.5349868036874565,0.311220393738461,-0.81833386,1.6598115556423558,1.526773374242801,1.787382198781511
urn:mavedb:00000234-a-1#1460,c.[12T>C;18G>A;21A>G;27A>G;45C>T;63G>T;78C>G;82A>T;83C>T;96A>G;97C>G;98A>C;99G>T;105T>C;114C>G],NA,p.[Thr28Phe;Gln33Ala],0.9703725939223272,0.812058028871541,1.1680855447341874,0.2898324266867697,-0.8375287,2.4227431923353904,2.201899301195432,2.7004010035371406
urn:mavedb:00000234-a-1#1461,c.[12T>C;18G>A;45C>T;78C>G;82A>T;83C>T;97C>G;98A>G;99G>T;102G>T;105T>C;114C>G;126G>A],NA,p.[Thr28Phe;Gln33Gly],0.5520402309561225,0.4631329341175478,0.7223090733192401,0.3428992619087389,-0.8182461,1.8113241966547493,1.6854686384747155,2.050217661671033
urn:mavedb:00000234-a-1#1462,c.[9T>G;24C>G;27A>G;33G>C;45C>T;75G>C;78C>G;82A>T;83C>T;97C>A;98A>T;111C>T;114C>G;126G>A],NA,p.[Thr28Phe;Gln33Met],0.6817514990320934,0.60779175548264,0.7616202305469819,0.2104398337303758,-0.8491967,2.036125910946496,1.932676492083306,2.147549086528968
urn:mavedb:00000234-a-1#1463,c.[12T>C;18G>A;21A>G;30G>A;33G>C;45C>T;78C>G;82A>T;83C>T;97C>A;98A>T;99G>C;105T>C],NA,p.[Thr28Phe;Gln33Ile],0.2625361543683342,0.1311118519945513,0.3176571778538091,0.2548615604028504,-0.83757186,1.4245689646272912,1.230214436115691,1.5045734807748117
urn:mavedb:00000234-a-1#1464,c.[6T>C;9T>G;24C>G;27A>G;39C>T;45C>T;82A>T;83C>T;97C>T;98A>G;105T>C;114C>G;123C>T],NA,p.[Thr28Phe;Gln33Trp],0.4351182207741402,0.3713618478202517,0.5056374510402735,0.2483359151984422,-0.8817475,1.735031972659739,1.6445336804666637,1.834485847945085
urn:mavedb:00000234-a-1#1465,c.[12T>C;24C>G;27A>G;33G>C;39C>T;45C>T;63G>T;78C>G;82A>T;83C>T;98A>C;105T>C;114C>G;117G>C],NA,p.[Thr28Phe;Gln33Pro],-0.1248684342107333,-0.1872630761517026,-0.091011579464379,0.1221991717842154,-0.8141787,0.789257120796898,0.6822384582198703,0.8456603518254926
urn:mavedb:00000234-a-1#1466,c.[6T>C;12T>C;24C>G;45C>T;78C>G;82A>C;84C>G;97C>G;99G>A;105T>C;126G>A],NA,p.[Thr28Pro;Gln33Glu],-0.4394147720062071,-0.5243360831685804,-0.3908269000835047,0.0913816981640537,-0.70462203,-0.0993191161832515,-0.3848304595869603,0.0343550914913557
urn:mavedb:00000234-a-1#1467,c.[6T>C;9T>G;12T>C;15G>A;21A>G;30G>A;45C>T;75G>C;78C>G;82A>C;84C>G;96A>G;99G>C;105T>C;114C>G;123C>T;126G>A],NA,p.[Thr28Pro;Gln33His],-0.4020868730593528,-0.5157591861118216,-0.2898954526685167,0.1261751250825576,-0.71586514,0.0342922063935003,-0.3101261457413569,0.297222542849362
urn:mavedb:00000234-a-1#1468,c.[3T>C;12T>C;18G>A;21A>G;27A>G;39C>T;45C>T;78C>G;82A>C;84C>G;97C>G;99G>C;105T>C;114C>G;117G>C;120C>T;126G>A],NA,p.[Thr28Pro;Gln33Asp],0.1378746943248657,0.063653248841414,0.1998906549631817,0.3379545555487369,-0.6997597,1.030099653586132,0.9119004932188668,1.1262885070934583
urn:mavedb:00000234-a-1#1469,c.[6T>C;12T>C;15G>A;24C>G;27A>G;33G>C;45C>T;51C>T;78C>G;82A>C;84C>G;98A>G;99G>T;105T>C;114C>G],NA,p.[Thr28Pro;Gln33Arg],-0.5573549221142914,-0.6312159476411543,-0.4952280202851691,0.2000915548145334,-0.9243932,0.1651688810335561,-0.0207388761010325,0.3036807318831809
urn:mavedb:00000234-a-1#1470,c.[12T>C;15G>A;24C>G;33G>C;45C>T;78C>G;82A>C;84C>G;97C>T;98A>C;99G>T;102G>T;105T>C;114C>G],NA,p.[Thr28Pro;Gln33Ser],0.0687825911700638,0.0243951834181608,0.1331293620446872,0.1095788893157842,-0.72945523,0.9676718393884788,0.8962490891574243,1.068873598128676
urn:mavedb:00000234-a-1#1471,c.[3T>C;12T>C;18G>A;24C>G;27A>G;45C>T;78C>G;82A>C;84C>G;97C>G;98A>G;99G>T;105T>C;114C>G;123C>T;126G>A],NA,p.[Thr28Pro;Gln33Gly],-0.1437142203463194,-0.2269812724059546,-0.0888670540270359,0.1622730387576138,-0.7295935,0.6095188801762397,0.4534575685786872,0.7065703134724081
urn:mavedb:00000234-a-1#1472,c.[3T>C;12T>C;24C>G;27A>G;45C>T;78C>G;82A>C;84C>G;87T>C;97C>T;98A>G;105T>C;114C>G;123C>T;126G>A],NA,p.[Thr28Pro;Gln33Trp],-0.0166736710576653,-0.1262490292535631,0.1126158689994799,0.3417568643465658,-0.7995999,0.9428857256667332,0.7623309461196824,1.1449176763733326
urn:mavedb:00000234-a-1#1473,c.[3T>C;9T>G;12T>C;18G>A;21A>G;27A>G;45C>T;63G>T;78C>G;82A>C;84C>G;97C>T;99G>C;105T>C;114C>G;123C>T],NA,p.[Thr28Pro;Gln33Tyr],0.3660357675361864,0.2264875520310788,0.4771579893858594,0.2284572894335796,-0.77154016,1.4796375982147263,1.274560813689121,1.639492155019661
urn:mavedb:00000234-a-1#1474,c.[6T>C;12T>C;18G>A;21A>G;30G>A;45C>T;60C>T;75G>C;78C>G;82A>C;84C>G;97C>T;98A>T;99G>C;102G>T;105T>C;114C>G;126G>A],NA,p.[Thr28Pro;Gln33Phe],-0.1465090296697607,-0.2510961786951239,-0.0542292947993281,0.2767681032850347,-0.783267,0.6995033064459345,0.5101102025608741,0.855446221960953
