accession,hgvs_nt,hgvs_splice,hgvs_pro,score,score_95CI_low,score_95CI_high
urn:mavedb:00000234-0-1#1,c.=,NA,p.=,3.270515271951064,3.1713464690831583,3.345102395560854
urn:mavedb:00000234-0-1#2,c.[12T>C;15G>A;27A>G;33G>C;45C>T;78C>G;105T>C;114C>G],NA,p.=,3.188033433832835,3.1561628738418306,3.229088431318621
urn:mavedb:00000234-0-1#3,c.[3T>C;9T>G;30G>A;33G>C;45C>T;75G>C;78C>G;105T>C;114C>G;123C>T],NA,p.=,3.016084116070033,2.7088862431857894,3.344868511381191
urn:mavedb:00000234-0-1#4,c.[15G>A;21A>G;45C>T;78C>G;105T>C;108A>G;114C>G;126G>A],NA,p.=,3.217112912171177,3.162795636127908,3.2721974429830567
urn:mavedb:00000234-0-1#5,c.[12T>C;24C>G;27A>G;45C>T;51C>T;78C>G;105T>C;114C>G],NA,p.=,2.772077387496603,2.65130893565045,2.8734682769306805
urn:mavedb:00000234-0-1#6,c.[12T>C;15G>A;18G>A;45C>T;78C>G;105T>C;114C>G;117G>C],NA,p.=,3.159310466761049,3.059424538325098,3.246638347342257
urn:mavedb:00000234-0-1#7,c.[24C>G;27A>G;45C>T;75G>C;78C>G;105T>C;114C>G],NA,p.=,3.0858195774183264,2.979266024768376,3.192423408224137
urn:mavedb:00000234-0-1#8,c.[1T>C;2C>A;3T>G;12T>C;15G>A;27A>G;33G>C;45C>T;78C>G;105T>C;114C>G],NA,p.Ser1Gln,3.2582362822102824,3.205925454211186,3.312119386000668
urn:mavedb:00000234-0-1#9,c.[1T>G;2C>A;3T>A;12T>C;15G>A;27A>G;33G>C;45C>T;78C>G;105T>C;114C>G],NA,p.Ser1Glu,3.13318060632216,3.1006971706179858,3.164951680903919
urn:mavedb:00000234-0-1#10,c.[1T>A;2C>A;3T>C;12T>C;15G>A;27A>G;33G>C;45C>T;78C>G;105T>C;114C>G],NA,p.Ser1Asn,3.1769985199110167,3.134730705788993,3.211854581977243
urn:mavedb:00000234-0-1#11,c.[1T>C;2C>A;3T>C;12T>C;15G>A;27A>G;33G>C;45C>T;78C>G;105T>C;114C>G],NA,p.Ser1His,3.195123698985917,3.1597500410543584,3.237491136169957
urn:mavedb:00000234-0-1#12,c.[1T>G;2C>A;3T>C;12T>C;15G>A;27A>G;33G>C;45C>T;78C>G;105T>C;114C>G],NA,p.Ser1Asp,3.135568436943206,3.104526624947652,3.174027500063612
urn:mavedb:00000234-0-1#13,c.[1T>C;2C>G;12T>C;15G>A;27A>G;33G>C;45C>T;78C>G;105T>C;114C>G],NA,p.Ser1Arg,2.9096127847394,2.863290846850284,2.944772576025592
urn:mavedb:00000234-0-1#14,c.[1T>A;2C>A;3T>A;12T>C;15G>A;27A>G;33G>C;45C>T;78C>G;105T>C;114C>G],NA,p.Ser1Lys,3.146208929895998,3.116366510513454,3.177569332826659
urn:mavedb:00000234-0-1#15,c.[1T>A;3T>C;12T>C;15G>A;27A>G;33G>C;45C>T;78C>G;105T>C;114C>G],NA,p.Ser1Thr,3.1254309710051347,3.089113535209264,3.153805111608801
urn:mavedb:00000234-0-1#16,c.[1T>G;3T>G;12T>C;15G>A;27A>G;33G>C;45C>T;78C>G;105T>C;114C>G],NA,p.Ser1Ala,3.273546995168412,3.211476089072866,3.3052788093120857
urn:mavedb:00000234-0-1#17,c.[1T>G;2C>G;12T>C;15G>A;27A>G;33G>C;45C>T;78C>G;105T>C;114C>G],NA,p.Ser1Gly,3.187422292094145,3.1408746754306045,3.220114126862309
urn:mavedb:00000234-0-1#18,c.[1T>A;2C>T;3T>G;12T>C;15G>A;27A>G;33G>C;45C>T;78C>G;105T>C;114C>G],NA,p.Ser1Met,3.155156259589567,3.0653409296986025,3.21314658189086
urn:mavedb:00000234-0-1#19,c.[1T>C;2C>T;3T>G;12T>C;15G>A;27A>G;33G>C;45C>T;78C>G;105T>C;114C>G],NA,p.Ser1Leu,3.0855404411716374,3.007175707649904,3.149054762451461
urn:mavedb:00000234-0-1#20,c.[1T>G;2C>T;12T>C;15G>A;27A>G;33G>C;45C>T;78C>G;105T>C;114C>G],NA,p.Ser1Val,3.194117838110902,3.1250670441197173,3.2352035353912227
urn:mavedb:00000234-0-1#21,c.[1T>A;2C>T;3T>C;12T>C;15G>A;27A>G;33G>C;45C>T;78C>G;105T>C;114C>G],NA,p.Ser1Ile,3.174426432414205,3.1437433395344256,3.231226221790441
urn:mavedb:00000234-0-1#22,c.[2C>G;3T>G;12T>C;15G>A;27A>G;33G>C;45C>T;78C>G;105T>C;114C>G],NA,p.Ser1Trp,2.209578517458893,2.1634692362518626,2.246406342246707
urn:mavedb:00000234-0-1#23,c.[2C>A;3T>C;12T>C;15G>A;27A>G;33G>C;45C>T;78C>G;105T>C;114C>G],NA,p.Ser1Tyr,2.0962132170858707,2.064079009526503,2.145074144889246
urn:mavedb:00000234-0-1#24,c.[2C>T;3T>C;12T>C;15G>A;27A>G;33G>C;45C>T;78C>G;105T>C;114C>G],NA,p.Ser1Phe,2.4938099795084363,2.4377044758628585,2.5259234345574937
urn:mavedb:00000234-0-1#25,c.[1T>C;3T>G;12T>C;15G>A;27A>G;33G>C;45C>T;78C>G;105T>C;114C>G],NA,p.Ser1Pro,3.1290081314703304,3.089995150428569,3.1760879240377347
urn:mavedb:00000234-0-1#26,c.[1_3delinsGGTTCT;9T>G;12T>C;18G>A;21A>G;27A>G;45C>T;78C>G;105T>C;114C>G],NA,p.Ser1delinsGlySer,2.790232263673574,2.700308460263896,2.8565012415886435
urn:mavedb:00000234-0-1#27,c.[1_3delinsGCGTCT;12T>C;18G>A;21A>G;27A>G;45C>T;78C>G;105T>C;114C>G],NA,p.Ser1delinsAlaSer,2.8319254012503974,2.781621265127141,2.888161824043032
urn:mavedb:00000234-0-1#28,c.[1_3del;12T>C;18G>A;21A>G;24C>G;30G>A;45C>T;75G>C;78C>G;105T>C;120C>T;126G>A],NA,p.Ser1del,3.121947868655804,3.0542399368225044,3.2029623038539867
urn:mavedb:00000234-0-1#29,c.[4G>C;5G>A;6T>A;12T>C;24C>G;27A>G;33G>C;45C>T;78C>G;105T>C;114C>G],NA,p.Gly2Gln,3.243356690636392,3.201937923753733,3.29273106620476
urn:mavedb:00000234-0-1#30,c.[5G>A;6T>A;12T>C;15G>A;27A>G;33G>C;45C>T;78C>G;105T>C;114C>G],NA,p.Gly2Glu,3.040087436496509,3.0012171931040195,3.0779167536266043
urn:mavedb:00000234-0-1#31,c.[3T>C;4G>A;5G>A;6T>C;12T>C;24C>G;27A>G;33G>C;45C>T;78C>G;105T>C;114C>G],NA,p.Gly2Asn,3.1416481865153685,3.093938397413301,3.18553123234004
urn:mavedb:00000234-0-1#32,c.[4G>C;5G>A;6T>C;12T>C;15G>A;27A>G;33G>C;45C>T;78C>G;105T>C;114C>G],NA,p.Gly2His,3.203233484916913,3.1627949864687355,3.2429604350592385
urn:mavedb:00000234-0-1#33,c.[5G>A;6T>C;12T>C;15G>A;27A>G;33G>C;45C>T;78C>G;105T>C;114C>G],NA,p.Gly2Asp,2.9916447559878554,2.932740500373906,3.040000946528256
urn:mavedb:00000234-0-1#34,c.[4G>C;12T>C;15G>A;27A>G;33G>C;45C>T;78C>G;105T>C;114C>G],NA,p.Gly2Arg,2.8223818618698298,2.7615913417282383,2.8620752221913195
urn:mavedb:00000234-0-1#35,c.[4G>A;5G>A;6T>A;12T>C;15G>A;27A>G;33G>C;45C>T;78C>G;105T>C;114C>G],NA,p.Gly2Lys,3.071406805953008,3.032602640905275,3.1099128175402795
urn:mavedb:00000234-0-1#36,c.[4G>A;5G>C;6T>C;12T>C;15G>A;27A>G;33G>C;45C>T;78C>G;105T>C;114C>G],NA,p.Gly2Thr,3.1323087026246594,3.106792048705352,3.1606150742943404
urn:mavedb:00000234-0-1#37,c.[4G>T;5G>C;12T>C;15G>A;27A>G;33G>C;45C>T;78C>G;105T>C;114C>G],NA,p.Gly2Ser,3.1463573658531985,3.0904903410256326,3.188279896103704
urn:mavedb:00000234-0-1#38,c.[5G>C;12T>C;24C>G;27A>G;33G>C;45C>T;78C>G;105T>C;114C>G],NA,p.Gly2Ala,3.275276422392652,3.219664365187509,3.344230218070254
urn:mavedb:00000234-0-1#39,c.[4G>A;5G>T;6T>G;9T>G;12T>C;24C>G;27A>G;33G>C;45C>T;78C>G;105T>C;114C>G],NA,p.Gly2Met,3.2812023342821983,3.2382051564670795,3.3325593375750824
urn:mavedb:00000234-0-1#40,c.[4G>C;5G>T;6T>C;12T>C;18G>A;21A>G;27A>G;33G>C;45C>T;78C>G;105T>C;114C>G],NA,p.Gly2Leu,3.148905299113561,3.1273956750438203,3.17576242565402
urn:mavedb:00000234-0-1#41,c.[5G>T;12T>C;15G>A;27A>G;33G>C;45C>T;78C>G;105T>C;114C>G],NA,p.Gly2Val,3.205883146874389,3.1646041067518564,3.2437393474617666
urn:mavedb:00000234-0-1#42,c.[4G>A;5G>T;6T>C;12T>C;15G>A;27A>G;33G>C;45C>T;78C>G;105T>C;114C>G],NA,p.Gly2Ile,3.211970888293464,3.157715011242491,3.256133906827147
urn:mavedb:00000234-0-1#43,c.[4G>T;6T>G;9T>G;12T>C;24C>G;27A>G;33G>C;45C>T;78C>G;105T>C;114C>G],NA,p.Gly2Trp,3.203101304235325,3.142170605005697,3.2594563804494148
urn:mavedb:00000234-0-1#44,c.[4G>T;5G>A;6T>C;12T>C;15G>A;27A>G;33G>C;45C>T;78C>G;105T>C;114C>G],NA,p.Gly2Tyr,3.074371543352937,3.0341259444007704,3.113582466853464
urn:mavedb:00000234-0-1#45,c.[4G>T;5G>T;6T>C;12T>C;15G>A;27A>G;33G>C;45C>T;78C>G;105T>C;114C>G],NA,p.Gly2Phe,3.119821553422637,3.0810493483619377,3.1560348815289108
urn:mavedb:00000234-0-1#46,c.[4G>C;5G>C;6T>A;12T>C;24C>G;27A>G;33G>C;45C>T;78C>G;105T>C;114C>G],NA,p.Gly2Pro,3.124576474613333,3.08835691527912,3.1643343727539044
urn:mavedb:00000234-0-1#47,c.[4G>T;6T>C;12T>C;21A>G;45C>T;78C>G;105T>C;114C>G;120C>T;126G>A],NA,p.Gly2Cys,2.927837678445993,2.7425324981685906,3.20011994790445
urn:mavedb:00000234-0-1#48,c.[3_4insGGC;12T>C;15G>A;21A>G;27A>G;30G>A;45C>T;78C>G;105T>C;114C>G],NA,p.Ser1_Gly2insGly,2.8519663035485614,2.7555570129041964,2.945405677909892
urn:mavedb:00000234-0-1#49,c.[3delinsCGCG;9T>G;12T>C;15G>A;24C>G;45C>T;78C>G;105T>C;108A>G;114C>G;120C>T;126G>A],NA,p.Ser1_Gly2insAla,3.108539493446785,3.048365688627666,3.1680519172658173
urn:mavedb:00000234-0-1#50,c.[4_6del;18G>A;21A>G;24C>G;30G>A;45C>T;78C>G;105T>C;114C>G;123C>T;126G>A],NA,p.Gly2del,3.3402652036539084,3.2940841328659163,3.378673515289115
urn:mavedb:00000234-0-1#51,c.[7G>C;8T>A;9T>G;12T>C;15G>A;27A>G;33G>C;45C>T;78C>G;105T>C;114C>G],NA,p.Val3Gln,2.43099780932043,2.358875211095372,2.491538525906816
urn:mavedb:00000234-0-1#52,c.[8T>A;9T>A;12T>C;15G>A;27A>G;33G>C;45C>T;78C>G;105T>C;114C>G],NA,p.Val3Glu,2.320588706397203,2.263616643347344,2.3732375745584906
urn:mavedb:00000234-0-1#53,c.[7G>A;8T>A;9T>C;12T>C;15G>A;27A>G;33G>C;45C>T;78C>G;105T>C;114C>G],NA,p.Val3Asn,2.3684973202421533,2.3225487446506627,2.411264400544207
urn:mavedb:00000234-0-1#54,c.[7G>C;8T>A;9T>C;12T>C;15G>A;27A>G;33G>C;45C>T;78C>G;105T>C;114C>G],NA,p.Val3His,2.5790726144213387,2.516741248867654,2.6239435456977684
urn:mavedb:00000234-0-1#55,c.[8T>A;9T>C;12T>C;15G>A;27A>G;33G>C;45C>T;78C>G;105T>C;114C>G],NA,p.Val3Asp,2.41799069521092,2.3730288674045017,2.464968501924696
urn:mavedb:00000234-0-1#56,c.[7G>C;8T>G;12T>C;15G>A;27A>G;33G>C;45C>T;78C>G;105T>C;114C>G],NA,p.Val3Arg,2.311125218532989,2.2688124849598257,2.348032931877836
urn:mavedb:00000234-0-1#57,c.[7G>A;8T>A;9T>A;12T>C;15G>A;27A>G;33G>C;45C>T;78C>G;105T>C;114C>G],NA,p.Val3Lys,2.31941300772177,2.269385649040878,2.363226803431301
urn:mavedb:00000234-0-1#58,c.[3T>C;7G>A;8T>C;9T>C;12T>C;24C>G;27A>G;33G>C;45C>T;78C>G;105T>C;114C>G],NA,p.Val3Thr,2.6525535308662684,2.626229084680627,2.6867209194066506
urn:mavedb:00000234-0-1#59,c.[7G>T;8T>C;12T>C;15G>A;27A>G;33G>C;45C>T;78C>G;105T>C;114C>G],NA,p.Val3Ser,2.408426504218066,2.344116199664952,2.484102861940128
urn:mavedb:00000234-0-1#60,c.[8T>C;9T>G;12T>C;15G>A;27A>G;33G>C;45C>T;78C>G;105T>C;114C>G],NA,p.Val3Ala,2.5327031237515643,2.4961752440988403,2.5704642536040074
urn:mavedb:00000234-0-1#61,c.[8T>G;12T>C;15G>A;27A>G;33G>C;45C>T;78C>G;105T>C;114C>G],NA,p.Val3Gly,2.3251042298351687,2.268188208465609,2.3632636106203195
urn:mavedb:00000234-0-1#62,c.[7G>A;9T>G;12T>C;15G>A;27A>G;33G>C;45C>T;78C>G;105T>C;114C>G],NA,p.Val3Met,2.649107762979063,2.6032773843874875,2.702088034758241
urn:mavedb:00000234-0-1#63,c.[7G>C;9T>G;12T>C;15G>A;27A>G;33G>C;45C>T;78C>G;105T>C;114C>G],NA,p.Val3Leu,2.899929962576465,2.8501828570018435,2.944772178504322
urn:mavedb:00000234-0-1#64,c.[7G>A;9T>C;12T>C;15G>A;27A>G;33G>C;45C>T;78C>G;105T>C;114C>G],NA,p.Val3Ile,3.119536603268411,3.08245612858391,3.1568196710662355
urn:mavedb:00000234-0-1#65,c.[7G>T;8T>G;9T>G;12T>C;15G>A;27A>G;33G>C;45C>T;78C>G;105T>C;114C>G],NA,p.Val3Trp,3.09129979214934,3.038710805910408,3.1477431240792915
urn:mavedb:00000234-0-1#66,c.[7G>T;8T>A;9T>C;12T>C;15G>A;27A>G;33G>C;45C>T;78C>G;105T>C;114C>G],NA,p.Val3Tyr,2.9869903523377674,2.930059579059777,3.015799290257475
urn:mavedb:00000234-0-1#67,c.[7G>T;9T>C;12T>C;15G>A;27A>G;33G>C;45C>T;78C>G;105T>C;114C>G],NA,p.Val3Phe,3.051314310416528,3.017627584495772,3.0933162637263347
urn:mavedb:00000234-0-1#68,c.[7G>C;8T>C;9T>G;12T>C;15G>A;27A>G;33G>C;45C>T;78C>G;105T>C;114C>G],NA,p.Val3Pro,2.7162851485426875,2.672783137228483,2.763535592244909
urn:mavedb:00000234-0-1#69,c.[3T>C;7G>T;8T>G;9T>C;15G>A;24C>G;45C>T;78C>G;105T>C;114C>G],NA,p.Val3Cys,2.455162538224936,2.352300908325033,2.6303383504693323
urn:mavedb:00000234-0-1#70,c.[6_7insGGC;12T>C;18G>A;24C>G;27A>G;45C>T;54T>C;78C>G;105T>C;114C>G],NA,p.Gly2_Val3insGly,2.809332671450432,2.708328775786478,2.911100896009105
urn:mavedb:00000234-0-1#71,c.[6_7insGCG;9T>G;12T>C;15G>A;24C>G;27A>G;45C>T;78C>G;105T>C;114C>G;126G>A],NA,p.Gly2_Val3insAla,3.012508708972184,2.95245627777258,3.080506138148474
urn:mavedb:00000234-0-1#72,c.[3T>C;7_9del;12T>C;15G>A;24C>G;45C>T;78C>G;105T>C;117G>C;126G>A],NA,p.Val3del,2.358748068452382,2.28388538617041,2.421515333455023
urn:mavedb:00000234-0-1#73,c.[9T>G;10A>C;12T>G;18G>A;21A>G;27A>G;45C>T;78C>G;105T>C;114C>G],NA,p.Asn4Gln,2.955608225876792,2.843534962815409,3.115790510165339
urn:mavedb:00000234-0-1#74,c.[10A>G;12T>A;18G>A;21A>G;27A>G;33G>C;45C>T;78C>G;105T>C;114C>G],NA,p.Asn4Glu,2.610956374264662,2.555016015001899,2.682082633468768
urn:mavedb:00000234-0-1#75,c.[9T>G;10A>C;12T>C;15G>A;27A>G;45C>T;78C>G;84C>T;105T>C;114C>G],NA,p.Asn4His,2.754855244756935,2.719738591318905,2.796555252075918
urn:mavedb:00000234-0-1#76,c.[10A>G;12T>C;15G>A;27A>G;33G>C;45C>T;78C>G;105T>C;114C>G],NA,p.Asn4Asp,3.0833409331709687,3.050795900014005,3.11701333841148
urn:mavedb:00000234-0-1#77,c.[10A>C;11A>G;15G>A;27A>G;45C>T;78C>G;105T>C;114C>G;117G>C],NA,p.Asn4Arg,2.8277727032229425,2.794115158849288,2.8685579833906227
urn:mavedb:00000234-0-1#78,c.[12T>A;18G>A;21A>G;27A>G;33G>C;45C>T;78C>G;105T>C;114C>G],NA,p.Asn4Lys,2.857412514438167,2.820302920676105,2.907853428404468
urn:mavedb:00000234-0-1#79,c.[11A>C;12T>C;15G>A;27A>G;33G>C;45C>T;78C>G;105T>C;114C>G],NA,p.Asn4Thr,2.7181904726814308,2.658661491574458,2.761479961429861
urn:mavedb:00000234-0-1#80,c.[10A>T;11A>C;18G>A;21A>G;27A>G;45C>T;105T>C;114C>G],NA,p.Asn4Ser,3.018397850894213,2.97290505624186,3.06815435567775
urn:mavedb:00000234-0-1#81,c.[10A>G;11A>C;15G>A;24C>G;27A>G;33G>C;45C>T;78C>G;105T>C;114C>G],NA,p.Asn4Ala,2.7003604431807746,2.6457368682136573,2.76401252652458
urn:mavedb:00000234-0-1#82,c.[10A>G;11A>G;12T>C;24C>G;27A>G;45C>T;78C>G;105T>C;114C>G;120C>T],NA,p.Asn4Gly,2.479784970054628,2.438517320404087,2.5177642011988373
urn:mavedb:00000234-0-1#83,c.[11A>T;12T>G;15G>A;24C>G;27A>G;33G>C;45C>T;78C>G;105T>C;114C>G],NA,p.Asn4Met,2.9944359675986987,2.9603807685924566,3.033061839144936
urn:mavedb:00000234-0-1#84,c.[10A>C;11A>T;12T>C;24C>G;27A>G;45C>T;78C>G;105T>C;114C>G],NA,p.Asn4Leu,3.024030726008085,2.96580354577432,3.066503791010946
urn:mavedb:00000234-0-1#85,c.[10A>G;11A>T;12T>G;18G>A;24C>G;27A>G;45C>T;78C>G;84C>T;105T>C;114C>G],NA,p.Asn4Val,2.8252128642406023,2.7713106513433563,2.882757334005324
urn:mavedb:00000234-0-1#86,c.[11A>T;12T>C;15G>A;27A>G;33G>C;45C>T;78C>G;105T>C;114C>G],NA,p.Asn4Ile,2.795413902224274,2.752904562192863,2.8391414091202782
urn:mavedb:00000234-0-1#87,c.[10A>T;11A>G;12T>G;15G>A;24C>G;27A>G;33G>C;45C>T;78C>G;105T>C;114C>G],NA,p.Asn4Trp,3.001156839342693,2.9526640494864984,3.0625524773209185
urn:mavedb:00000234-0-1#88,c.[10A>T;12T>C;15G>A;27A>G;33G>C;45C>T;78C>G;105T>C;114C>G],NA,p.Asn4Tyr,2.893162454482189,2.848079591552217,2.932439848971756
urn:mavedb:00000234-0-1#89,c.[10A>T;11A>T;12T>C;15G>A;27A>G;33G>C;45C>T;78C>G;105T>C;114C>G],NA,p.Asn4Phe,3.2054015130054854,3.1507753163049474,3.2511525172967444
urn:mavedb:00000234-0-1#90,c.[10A>C;11A>C;12T>G;15G>A;24C>G;27A>G;33G>C;45C>T;78C>G;105T>C;114C>G],NA,p.Asn4Pro,2.6352070024889027,2.586164660154976,2.6879795545454903
urn:mavedb:00000234-0-1#91,c.[9_10insGGT;12T>C;18G>A;21A>G;27A>G;33G>C;45C>T;60C>T;78C>G;105T>C;114C>G],NA,p.Val3_Asn4insGly,2.1943024821212487,2.151915605181552,2.23150433496275
urn:mavedb:00000234-0-1#92,c.[6T>C;9delinsGGCG;12T>C;15G>A;24C>G;45C>T;78C>G;105T>C;114C>G],NA,p.Val3_Asn4insAla,2.359230572062005,2.2934442090286624,2.473639979174546
urn:mavedb:00000234-0-1#93,c.[9T>G;10_12del;15G>A;21A>G;45C>T;78C>G;105T>C;114C>G],NA,p.Asn4del,2.2778393383927726,2.2235422247948606,2.341164062270886
urn:mavedb:00000234-0-1#94,c.[12T>C;13C>G;15G>A;18G>A;21A>G;27A>G;33G>C;45C>T;78C>G;105T>C;114C>G],NA,p.Gln5Glu,3.1459096927614745,3.1022782412408096,3.183578145978514
urn:mavedb:00000234-0-1#95,c.[6T>C;12T>C;13C>A;15G>C;24C>G;27A>G;33G>C;45C>T;78C>G;105T>C;114C>G],NA,p.Gln5Asn,2.963686685666356,2.933148196264024,3.0007013831695835
urn:mavedb:00000234-0-1#96,c.[12T>C;15G>C;18G>A;21A>G;27A>G;33G>C;45C>T;78C>G;105T>C;114C>G],NA,p.Gln5His,3.033786164059593,2.9946642660488227,3.063740017820478
urn:mavedb:00000234-0-1#97,c.[12T>C;13C>G;15G>C;18G>A;21A>G;27A>G;33G>C;45C>T;78C>G;105T>C;114C>G],NA,p.Gln5Asp,2.923069697566965,2.863496551446801,2.961186002606705
urn:mavedb:00000234-0-1#98,c.[12T>C;14A>G;15G>T;18G>A;21A>G;27A>G;45C>T;78C>G;105T>C;114C>G;117G>C],NA,p.Gln5Arg,3.1903735638903576,3.1475072502089976,3.227991318326515
urn:mavedb:00000234-0-1#99,c.[6T>C;12T>C;13C>A;15G>A;24C>G;27A>G;33G>C;45C>T;78C>G;105T>C;114C>G],NA,p.Gln5Lys,3.24253231803174,3.192254697907204,3.295240027593304
urn:mavedb:00000234-0-1#100,c.[6T>C;12T>C;13C>A;14A>C;15G>C;18G>A;21A>G;27A>G;33G>C;45C>T;78C>G;105T>C;114C>G],NA,p.Gln5Thr,3.059931328373996,3.025519036968032,3.110364902364817
urn:mavedb:00000234-0-1#101,c.[12T>C;13C>T;14A>C;15G>T;18G>A;21A>G;27A>G;45C>T;105T>C;114C>G],NA,p.Gln5Ser,3.070069524991385,2.9934278536568444,3.123476626004298
urn:mavedb:00000234-0-1#102,c.[12T>C;13C>G;14A>C;18G>A;21A>G;27A>G;33G>C;45C>T;78C>G;105T>C;114C>G],NA,p.Gln5Ala,3.287793201422167,3.2282423444390247,3.332267653017592
urn:mavedb:00000234-0-1#103,c.[12T>C;13C>G;14A>G;15G>T;24C>G;27A>G;45C>T;78C>G;105T>C;114C>G;120C>T],NA,p.Gln5Gly,2.8885151894636483,2.8179233900485503,2.950928996617012
urn:mavedb:00000234-0-1#104,c.[6T>C;12T>C;13C>A;14A>T;24C>G;27A>G;33G>C;45C>T;78C>G;105T>C;114C>G],NA,p.Gln5Met,3.376119046828573,3.327134039088208,3.443986163023871
urn:mavedb:00000234-0-1#105,c.[12T>C;14A>T;18G>A;21A>G;27A>G;33G>C;45C>T;78C>G;105T>C;114C>G],NA,p.Gln5Leu,3.3539264547936134,3.2712001565328546,3.407643360724077
urn:mavedb:00000234-0-1#106,c.[12T>C;13C>G;14A>T;27A>G;45C>T;78C>G;105T>C;114C>G],NA,p.Gln5Val,3.151993898771448,3.1020360868544965,3.21264011744177
urn:mavedb:00000234-0-1#107,c.[6T>C;12T>C;13C>A;14A>T;15G>C;24C>G;27A>G;33G>C;45C>T;78C>G;105T>C;114C>G],NA,p.Gln5Ile,3.2310303302881698,3.18692859352491,3.282422466302213
urn:mavedb:00000234-0-1#108,c.[12T>C;13C>T;14A>G;18G>A;21A>G;27A>G;33G>C;45C>T;78C>G;105T>C;114C>G],NA,p.Gln5Trp,3.194751550018048,3.155007340187548,3.232707722788082
urn:mavedb:00000234-0-1#109,c.[12T>C;13C>T;15G>C;18G>A;21A>G;27A>G;33G>C;45C>T;78C>G;105T>C;114C>G],NA,p.Gln5Tyr,3.1470748335373075,3.0986216622792777,3.180782089840058
urn:mavedb:00000234-0-1#110,c.[12T>C;13C>T;14A>T;15G>T;27A>G;33G>C;45C>T;78C>G;105T>C;114C>G],NA,p.Gln5Phe,3.2155073282096254,3.182279681311985,3.256354345265201
urn:mavedb:00000234-0-1#111,c.[12T>C;14A>C;18G>A;21A>G;27A>G;33G>C;45C>T;78C>G;105T>C;114C>G],NA,p.Gln5Pro,3.352169767012213,3.317366929220842,3.3987099067844526
urn:mavedb:00000234-0-1#112,c.[6T>C;9T>G;12T>C;13C>T;14A>G;15G>C;24C>G;27A>G;33G>C;45C>T;78C>G;105T>C;114C>G],NA,p.Gln5Cys,2.5698425181691595,2.177563048443463,2.865913040195064
urn:mavedb:00000234-0-1#113,c.[9T>G;12delinsCGGT;21A>G;45C>T;105T>C;114C>G;117G>C;123C>T],NA,p.Asn4_Gln5insGly,2.191865464997428,2.141606795457597,2.246231080966931
urn:mavedb:00000234-0-1#114,c.[12delinsCGCG;18G>A;21A>G;27A>G;45C>T;78C>G;105T>C;114C>G],NA,p.Asn4_Gln5insAla,2.2377843697517417,2.183079636333062,2.302862292856752
urn:mavedb:00000234-0-1#115,c.[6T>C;13_15del;21A>G;30G>A;45C>T;105T>C;114C>G;117G>C],NA,p.Gln5del,2.2558320643653715,2.155367094393983,2.381739351006549
urn:mavedb:00000234-0-1#116,c.[12T>C;16C>G;18G>A;21A>G;27A>G;30G>A;45C>T;78C>G;105T>C;114C>G],NA,p.Gln6Glu,3.1645013269568203,3.1244819702347377,3.2082268877420823
urn:mavedb:00000234-0-1#117,c.[12T>C;15G>A;16C>A;18G>C;24C>G;27A>G;30G>A;45C>T;78C>G;105T>C;114C>G],NA,p.Gln6Asn,3.021546702099781,2.964635494254364,3.076316612767652
urn:mavedb:00000234-0-1#118,c.[12T>C;18G>C;21A>G;27A>G;30G>A;45C>T;78C>G;105T>C;114C>G],NA,p.Gln6His,3.095793458965029,3.043110248796554,3.121712408618788
urn:mavedb:00000234-0-1#119,c.[12T>C;16C>G;18G>C;21A>G;27A>G;30G>A;45C>T;78C>G;105T>C;114C>G],NA,p.Gln6Asp,3.113816125120012,3.068156936259355,3.1644529585286945
urn:mavedb:00000234-0-1#120,c.[12T>C;17A>G;18G>T;21A>G;27A>G;33G>C;45C>T;78C>G;105T>C;114C>G],NA,p.Gln6Arg,3.1086716451882923,3.065725442392337,3.153502538323246
urn:mavedb:00000234-0-1#121,c.[12T>C;16C>A;18G>A;21A>G;27A>G;30G>A;45C>T;78C>G;105T>C;114C>G],NA,p.Gln6Lys,3.154717029337245,3.100180926925154,3.214530876884297
urn:mavedb:00000234-0-1#122,c.[12T>C;16C>A;17A>C;18G>C;21A>G;27A>G;30G>A;45C>T;78C>G;105T>C;114C>G],NA,p.Gln6Thr,3.044558564443832,2.9966659893277674,3.09976897487028
urn:mavedb:00000234-0-1#123,c.[12T>C;16C>T;17A>C;18G>T;21A>G;27A>G;33G>C;45C>T;78C>G;105T>C;114C>G],NA,p.Gln6Ser,3.1185652457839828,3.056843994830952,3.182219367950329
urn:mavedb:00000234-0-1#124,c.[12T>C;16C>G;17A>C;21A>G;27A>G;30G>A;45C>T;78C>G;105T>C;114C>G],NA,p.Gln6Ala,3.243916862663578,3.1972655508680883,3.287964407072449
urn:mavedb:00000234-0-1#125,c.[12T>C;16C>G;17A>G;18G>T;21A>G;27A>G;45C>T;78C>G;105T>C;114C>G;120C>T],NA,p.Gln6Gly,2.945959920061827,2.910294208109875,2.9794805643836457
urn:mavedb:00000234-0-1#126,c.[12T>C;16C>A;17A>T;21A>G;27A>G;30G>A;45C>T;78C>G;105T>C;114C>G],NA,p.Gln6Met,3.176919951292397,3.13476651286704,3.2203650748139205
urn:mavedb:00000234-0-1#127,c.[12T>C;17A>T;24C>G;27A>G;30G>A;45C>T;78C>G;105T>C;114C>G],NA,p.Gln6Leu,3.2109682488460933,3.1718758394924658,3.248104982912437
urn:mavedb:00000234-0-1#128,c.[12T>C;16C>G;17A>T;18G>T;21A>G;27A>G;33G>C;45C>T;78C>G;105T>C;114C>G],NA,p.Gln6Val,3.109746974129744,3.070453358227131,3.1522403376878287
urn:mavedb:00000234-0-1#129,c.[12T>C;16C>A;17A>T;18G>C;21A>G;27A>G;30G>A;45C>T;78C>G;105T>C;114C>G],NA,p.Gln6Ile,3.0914545933094457,3.040800979259255,3.138608560286156
urn:mavedb:00000234-0-1#130,c.[12T>C;16C>T;17A>G;21A>G;27A>G;30G>A;45C>T;78C>G;105T>C;114C>G],NA,p.Gln6Trp,3.3547504722156027,3.304298638495033,3.4030317244302544
urn:mavedb:00000234-0-1#131,c.[12T>C;16C>T;18G>C;21A>G;27A>G;30G>A;45C>T;78C>G;105T>C;114C>G],NA,p.Gln6Tyr,3.2210014192753107,3.1778895809941994,3.2616958708034853
urn:mavedb:00000234-0-1#132,c.[12T>C;16C>T;17A>T;18G>C;21A>G;27A>G;30G>A;45C>T;78C>G;105T>C;114C>G],NA,p.Gln6Phe,3.207865058095767,3.16675559276744,3.244273644787101
urn:mavedb:00000234-0-1#133,c.[12T>C;17A>C;21A>G;27A>G;30G>A;45C>T;78C>G;105T>C;114C>G],NA,p.Gln6Pro,2.4131638377106945,2.37120687430756,2.446865276170453
urn:mavedb:00000234-0-1#134,c.[12T>C;16C>T;17A>G;18G>C;21A>G;27A>G;45C>T;78C>G;105T>C;114C>G],NA,p.Gln6Cys,2.7380460679931846,2.5097731009221804,3.013045420663081
urn:mavedb:00000234-0-1#135,c.[12T>C;15_16insGGT;24C>G;45C>T;78C>G;105T>C;114C>G;117G>C;126G>A],NA,p.Gln5_Gln6insGly,2.435718887385322,2.3911033131460826,2.483580715356437
urn:mavedb:00000234-0-1#136,c.[12T>C;15_16insGCG;24C>G;27A>G;45C>T;78C>G;105T>C;111C>T;114C>G],NA,p.Gln5_Gln6insAla,2.654392668730498,2.602655132466657,2.714783504908472
urn:mavedb:00000234-0-1#137,c.[12T>C;15G>A;16_18del;24C>G;45C>T;78C>G;105T>C;114C>G;123C>T],NA,p.Gln6del,2.4542115154161035,2.422145801715234,2.4960749436853904
urn:mavedb:00000234-0-1#138,c.[12T>C;19C>G;24C>G;27A>G;45C>T;78C>G;105T>C;114C>G],NA,p.Gln7Glu,2.954004425598442,2.889781160339685,3.003554983988632
urn:mavedb:00000234-0-1#139,c.[12T>C;19C>A;21A>C;24C>G;27A>G;45C>T;78C>G;105T>C;114C>G],NA,p.Gln7Asn,3.3008386853690306,3.248678935002536,3.366152823547281
urn:mavedb:00000234-0-1#140,c.[12T>C;21A>T;24C>G;45C>T;78C>G;105T>C;114C>G],NA,p.Gln7His,3.606494172373094,3.5645780148097166,3.652840578257557
urn:mavedb:00000234-0-1#141,c.[12T>C;19C>G;21A>C;24C>G;27A>G;45C>T;78C>G;105T>C;114C>G],NA,p.Gln7Asp,3.1152840086909164,3.0686416152670324,3.159920484382815
urn:mavedb:00000234-0-1#142,c.[12T>C;15G>A;20A>G;21A>T;24C>G;27A>G;45C>T;105T>C;114C>G],NA,p.Gln7Arg,2.7825358739927424,2.7332649631933843,2.817233552254717
urn:mavedb:00000234-0-1#143,c.[12T>C;19C>A;24C>G;27A>G;45C>T;78C>G;105T>C;114C>G],NA,p.Gln7Lys,2.5748081892083965,2.5089100412855343,2.636881470721373
urn:mavedb:00000234-0-1#144,c.[12T>C;19C>A;20A>C;21A>C;24C>G;27A>G;45C>T;78C>G;105T>C;114C>G],NA,p.Gln7Thr,2.3975016450977167,2.339642757680823,2.45439123916136
urn:mavedb:00000234-0-1#145,c.[12T>C;19C>T;20A>C;21A>T;24C>G;27A>G;45C>T;78C>G;105T>C;114C>G],NA,p.Gln7Ser,2.834873777709168,2.7829136246062145,2.886500247447932
urn:mavedb:00000234-0-1#146,c.[12T>C;19C>G;20A>C;21A>G;27A>G;30G>A;45C>T;78C>G;105T>C;114C>G],NA,p.Gln7Ala,2.8133589595440247,2.767189452333583,2.85939991253039
urn:mavedb:00000234-0-1#147,c.[12T>C;19C>G;20A>G;21A>T;24C>G;27A>G;45C>T;78C>G;105T>C;114C>G],NA,p.Gln7Gly,2.377895335181009,2.299232401312841,2.4475180912469336
urn:mavedb:00000234-0-1#148,c.[12T>C;19C>A;20A>T;21A>G;27A>G;30G>A;45C>T;78C>G;105T>C;114C>G],NA,p.Gln7Met,3.1895625339084086,3.1620837840215543,3.222016029034026
urn:mavedb:00000234-0-1#149,c.[12T>C;15G>A;20A>T;21A>C;24C>G;27A>G;33G>C;45C>T;78C>G;105T>C;114C>G],NA,p.Gln7Leu,3.0028789141073857,2.940425508617023,3.0730786653425213
urn:mavedb:00000234-0-1#150,c.[12T>C;19C>G;20A>T;21A>T;24C>G;27A>G;45C>T;78C>G;105T>C;114C>G;117G>C],NA,p.Gln7Val,2.5704476565081515,2.516152861027548,2.6223708875651144
urn:mavedb:00000234-0-1#151,c.[12T>C;19C>A;20A>T;21A>C;24C>G;27A>G;45C>T;78C>G;105T>C;114C>G],NA,p.Gln7Ile,2.7122172729884504,2.644151310952867,2.777727609503024
urn:mavedb:00000234-0-1#152,c.[12T>C;19C>T;20A>G;21A>G;27A>G;30G>A;45C>T;78C>G;105T>C;114C>G],NA,p.Gln7Trp,4.520446252332367,4.444812809182944,4.564879250353711
urn:mavedb:00000234-0-1#153,c.[12T>C;19C>T;21A>C;24C>G;27A>G;45C>T;78C>G;105T>C;114C>G],NA,p.Gln7Tyr,3.6413827234179657,3.594139828791721,3.676130101167921
urn:mavedb:00000234-0-1#154,c.[12T>C;19C>T;20A>T;21A>C;24C>G;27A>G;45C>T;78C>G;105T>C;114C>G],NA,p.Gln7Phe,3.604663585011478,3.561288840841212,3.6645701802554327
urn:mavedb:00000234-0-1#155,c.[12T>C;20A>C;21A>G;27A>G;30G>A;45C>T;78C>G;105T>C;114C>G],NA,p.Gln7Pro,1.963066091417351,1.92049768916443,2.003878344239816
urn:mavedb:00000234-0-1#156,c.[19C>T;20A>G;21A>C;24C>G;27A>G;45C>T;78C>G;81C>T;105T>C;108A>G;114C>G],NA,p.Gln7Cys,2.618291953109897,2.4374014501305816,2.849035592924185
urn:mavedb:00000234-0-1#157,c.[6T>C;12T>C;18delinsAGGT;24C>G;27A>G;33G>C;45C>T;60C>T;78C>G;105T>C;114C>G],NA,p.Gln6_Gln7insGly,2.2688486393627563,2.185140417302776,2.349716287243361
urn:mavedb:00000234-0-1#158,c.[3T>C;12T>C;15G>A;18_19insGCG;21A>G;27A>G;45C>T;75G>C;78C>G;102G>T;114C>G;117G>C;126G>A],NA,p.Gln6_Gln7insAla,2.6850047482576613,2.6540179093167264,2.7161043461405625
urn:mavedb:00000234-0-1#159,c.[12T>C;15G>A;19_21del;24C>G;30G>A;45C>T;75G>C;78C>G;105T>C;114C>G;120C>T;126G>A],NA,p.Gln7del,2.425678558118172,2.350407149766683,2.4972834888855995
urn:mavedb:00000234-0-1#160,c.[12T>C;23T>A;24C>A;27A>G;33G>C;45C>T;78C>G;105T>C;114C>G],NA,p.Leu8Gln,1.2058002232816083,1.1565676425902405,1.2623468456192817
urn:mavedb:00000234-0-1#161,c.[12T>C;21A>G;22C>G;23T>A;24C>A;27A>G;45C>T;78C>G;105T>C;114C>G],NA,p.Leu8Glu,0.6899653364534621,0.5860875490144355,0.7639350973856726
urn:mavedb:00000234-0-1#162,c.[18G>A;21A>G;22C>A;23T>A;27A>G;33G>C;45C>T;78C>G;105T>C;114C>G],NA,p.Leu8Asn,-0.134104247945427,-0.2150172461185531,-0.0588467990720132
urn:mavedb:00000234-0-1#163,c.[18G>A;21A>G;23T>A;27A>G;30G>A;45C>T;78C>G;105T>C;114C>G],NA,p.Leu8His,1.21822313328508,1.173706995934288,1.2660325419423448
urn:mavedb:00000234-0-1#164,c.[12T>C;18G>A;21A>G;22C>G;23T>A;27A>G;33G>C;45C>T;78C>G;105T>C;114C>G],NA,p.Leu8Asp,-0.786255902751704,-0.8999592508733446,-0.5690186348731859
urn:mavedb:00000234-0-1#165,c.[12T>C;18G>A;21A>G;23T>G;24C>T;27A>G;30G>A;45C>T;78C>G;105T>C;114C>G;120C>T],NA,p.Leu8Arg,0.4694551436945867,0.3979542771989988,0.5397605258133616
urn:mavedb:00000234-0-1#166,c.[12T>C;21A>G;22C>A;23T>A;24C>A;27A>G;45C>T;78C>G;105T>C;114C>G],NA,p.Leu8Lys,0.40426642406171,0.2854839581053088,0.4997513574633047
urn:mavedb:00000234-0-1#167,c.[12T>C;18G>A;21A>G;22C>A;23T>C;27A>G;33G>C;45C>T;78C>G;105T>C;114C>G],NA,p.Leu8Thr,1.2722062248921633,1.1887081699979434,1.3311027184766084
urn:mavedb:00000234-0-1#168,c.[12T>C;21A>G;22C>T;23T>C;24C>T;27A>G;30G>A;45C>T;78C>G;105T>C;114C>G],NA,p.Leu8Ser,0.4670718233695968,0.3840667437129495,0.5799478380870075
urn:mavedb:00000234-0-1#169,c.[12T>C;22C>G;23T>C;24C>G;27A>G;45C>T;78C>G;105T>C;114C>G],NA,p.Leu8Ala,1.433367138515692,1.388676091277809,1.4944490947535525
urn:mavedb:00000234-0-1#170,c.[12T>C;21A>G;22C>G;23T>G;24C>T;27A>G;30G>A;45C>T;78C>G;105T>C;114C>G;120C>T],NA,p.Leu8Gly,-0.0170189814161236,-0.0978672431057399,0.0478564033673139
urn:mavedb:00000234-0-1#171,c.[12T>C;21A>G;22C>A;24C>G;27A>G;45C>T;78C>G;105T>C;114C>G],NA,p.Leu8Met,2.44133953844137,2.388346959210523,2.505431766163623
urn:mavedb:00000234-0-1#172,c.[12T>C;22C>G;24C>G;27A>G;30G>A;45C>T;78C>G;105T>C;114C>G;117G>C],NA,p.Leu8Val,2.5807775703946247,2.5293184002375666,2.6227156045018654
urn:mavedb:00000234-0-1#173,c.[12T>C;18G>A;21A>G;22C>A;27A>G;33G>C;45C>T;78C>G;105T>C;114C>G],NA,p.Leu8Ile,2.543479082911147,2.4107198462859216,2.643114386180247
urn:mavedb:00000234-0-1#174,c.[12T>C;22C>T;23T>G;24C>G;27A>G;45C>T;78C>G;105T>C;114C>G],NA,p.Leu8Trp,2.029530414019791,1.9770934013570216,2.108147171245152
urn:mavedb:00000234-0-1#175,c.[12T>C;18G>A;21A>G;22C>T;23T>A;27A>G;33G>C;45C>T;78C>G;105T>C;114C>G],NA,p.Leu8Tyr,1.3211638848397451,1.2769737033980015,1.3787571758992088
urn:mavedb:00000234-0-1#176,c.[12T>C;18G>A;21A>G;22C>T;27A>G;33G>C;45C>T;78C>G;105T>C;114C>G],NA,p.Leu8Phe,1.7387300533123675,1.6611991978440732,1.7990198534394857
urn:mavedb:00000234-0-1#177,c.[12T>C;23T>C;24C>G;27A>G;33G>C;45C>T;78C>G;105T>C;114C>G],NA,p.Leu8Pro,-0.0321084494253767,-0.1349751350693574,0.0030676665046863
urn:mavedb:00000234-0-1#178,c.[3T>C;12T>C;15G>A;21_22insGGT;24C>G;27A>G;45C>T;78C>G;105T>C;114C>G],NA,p.Gln7_Leu8insGly,2.13206325649526,1.974899719335368,2.3123804506953647
urn:mavedb:00000234-0-1#179,c.[21delinsGGCG;27A>G;45C>T;105T>C;114C>G;120C>T;126G>A],NA,p.Gln7_Leu8insAla,2.362819181161385,2.312419565378141,2.4238730945835254
urn:mavedb:00000234-0-1#180,c.[12T>C;18G>A;21A>G;22_24del;27A>G;30G>A;45C>T;78C>G;105T>C;114C>G],NA,p.Leu8del,0.951249865015587,0.8799655715933659,1.0204228514645015
urn:mavedb:00000234-0-1#181,c.[12T>C;15G>A;21A>G;24C>G;25C>G;45C>T;78C>G;99G>A;105T>C;114C>G],NA,p.Gln9Glu,2.8247512441516576,2.781879862373676,2.871190135130845
urn:mavedb:00000234-0-1#182,c.[12T>C;24C>G;25C>A;27A>C;45C>T;78C>G;105T>C;114C>G],NA,p.Gln9Asn,2.901760398736656,2.843425626359384,2.9357632765006927
urn:mavedb:00000234-0-1#183,c.[12T>C;24C>G;27A>C;45C>T;78C>G;105T>C;114C>G],NA,p.Gln9His,2.938832605430614,2.8905525164614256,2.9908597658349323
urn:mavedb:00000234-0-1#184,c.[12T>C;24C>G;25C>G;27A>C;45C>T;78C>G;105T>C;114C>G],NA,p.Gln9Asp,2.6640709227141537,2.621472116753784,2.7426620542259856
urn:mavedb:00000234-0-1#185,c.[12T>C;24C>G;26A>G;27A>T;33G>C;45C>T;78C>G;105T>C;114C>G],NA,p.Gln9Arg,3.247098234454438,3.197082668974036,3.282896364068977
urn:mavedb:00000234-0-1#186,c.[12T>C;21A>G;24C>G;25C>A;45C>T;72G>T;78C>G;114C>G],NA,p.Gln9Lys,3.1659450406995484,3.1164039762160494,3.2177292218434075
urn:mavedb:00000234-0-1#187,c.[12T>C;21A>G;24C>G;25C>A;26A>C;27A>T;30G>A;45C>T;78C>G;105T>C;114C>G;123C>T],NA,p.Gln9Thr,2.783155391761199,2.725381022447694,2.827122084302123
urn:mavedb:00000234-0-1#188,c.[12T>C;21A>G;24C>G;25C>T;26A>C;27A>T;33G>C;45C>T;78C>G;105T>C;114C>G],NA,p.Gln9Ser,2.8697095912267083,2.818446401323045,2.90878417009073
urn:mavedb:00000234-0-1#189,c.[12T>C;15G>A;21A>G;25C>G;26A>C;27A>G;45C>T;78C>G;105T>C;114C>G],NA,p.Gln9Ala,3.118207761033138,3.08116445803526,3.158345097302954
urn:mavedb:00000234-0-1#190,c.[12T>C;21A>G;24C>G;25C>G;26A>G;27A>T;30G>A;45C>T;78C>G;105T>C;114C>G;123C>T],NA,p.Gln9Gly,2.556158483139175,2.513862661834664,2.586921921456896
urn:mavedb:00000234-0-1#191,c.[12T>C;21A>G;24C>G;25C>A;26A>T;27A>G;33G>C;45C>T;78C>G;105T>C;114C>G],NA,p.Gln9Met,3.141057288618976,3.085885240896832,3.1803670947210154
urn:mavedb:00000234-0-1#192,c.[12T>C;21A>G;26A>T;27A>G;33G>C;45C>T;78C>G;105T>C;114C>G],NA,p.Gln9Leu,3.0966117225195178,3.055028797094877,3.1442163512183976
urn:mavedb:00000234-0-1#193,c.[6T>C;12T>C;21A>G;24C>G;25C>G;26A>T;27A>T;33G>C;45C>T;60C>T;78C>G;105T>C;114C>G],NA,p.Gln9Val,2.746732110156968,2.7116663641555627,2.7824689403858085
urn:mavedb:00000234-0-1#194,c.[12T>C;21A>G;24C>G;25C>A;26A>T;27A>C;33G>C;45C>T;78C>G;105T>C;114C>G],NA,p.Gln9Ile,2.916422796642693,2.8658842469493835,2.973643191368331
urn:mavedb:00000234-0-1#195,c.[12T>C;21A>G;24C>G;25C>T;26A>G;27A>G;45C>T;78C>G;105T>C;114C>G],NA,p.Gln9Trp,3.034210502814913,2.9992106415175668,3.0659706813068364
urn:mavedb:00000234-0-1#196,c.[12T>C;21A>G;24C>G;25C>T;27A>C;45C>T;78C>G;105T>C;114C>G],NA,p.Gln9Tyr,2.948077345384904,2.917487696299989,2.985281443427673
urn:mavedb:00000234-0-1#197,c.[12T>C;21A>G;24C>G;25C>T;26A>T;27A>C;45C>T;78C>G;99G>A;105T>C;114C>G],NA,p.Gln9Phe,3.029279332350595,2.979568030086988,3.078182634502974
urn:mavedb:00000234-0-1#198,c.[12T>C;24C>G;26A>C;45C>T;78C>G;105T>C;114C>G],NA,p.Gln9Pro,0.5804850914248201,0.5236278424892491,0.6354616283621366
urn:mavedb:00000234-0-1#199,c.[12T>C;18G>A;24C>G;25C>T;26A>G;27A>C;45C>T;48C>T;105T>C;114C>G;120C>T],NA,p.Gln9Cys,2.8719610894980594,2.599553441304763,3.1864044020874305
urn:mavedb:00000234-0-1#200,c.[12T>C;15G>A;18G>A;21A>G;24delinsGGGT;27A>G;30G>A;33G>C;45C>T;48C>T;75G>C;78C>G;105T>C;120C>T],NA,p.Leu8_Gln9insGly,0.6422854496970111,0.5576582090287219,0.6956838542468833
urn:mavedb:00000234-0-1#201,c.[12T>C;15G>A;24delinsGGCG;27A>G;45C>T;78C>G;105T>C;114C>G;126G>A],NA,p.Leu8_Gln9insAla,1.674500746346151,1.636959136635583,1.7350048785560168
urn:mavedb:00000234-0-1#202,c.[12T>C;18G>A;21A>G;25_27del;30G>A;45C>T;78C>G;105T>C;114C>G;120C>T;123C>T],NA,p.Gln9del,0.5435592655787278,0.4510633160157958,0.6752474220922726
urn:mavedb:00000234-0-1#203,c.[12T>C;24C>G;28C>G;30G>A;45C>T;78C>G;105T>C;114C>G],NA,p.Gln10Glu,2.705268000590471,2.649709675791054,2.748106079557848
urn:mavedb:00000234-0-1#204,c.[12T>C;24C>G;28C>A;30G>C;45C>T;78C>G;105T>C;114C>G],NA,p.Gln10Asn,2.369284450671814,2.33385005815523,2.413815138467008
urn:mavedb:00000234-0-1#205,c.[12T>C;21A>G;27A>G;30G>T;45C>T;78C>G;105T>C;114C>G],NA,p.Gln10His,2.8110120421652915,2.761693523144148,2.8633585010677414
urn:mavedb:00000234-0-1#206,c.[12T>C;24C>G;28C>G;30G>C;45C>T;78C>G;105T>C;114C>G],NA,p.Gln10Asp,2.591464611005705,2.54694529922227,2.640366469580236
urn:mavedb:00000234-0-1#207,c.[12T>C;21A>G;27A>G;29A>G;30G>C;45C>T;78C>G;105T>C;114C>G],NA,p.Gln10Arg,2.9400909041187817,2.8813829805321385,2.986890621905693
urn:mavedb:00000234-0-1#208,c.[12T>C;24C>G;28C>A;30G>A;45C>T;78C>G;105T>C;114C>G],NA,p.Gln10Lys,3.084863679182074,3.031407841233997,3.1323778498433903
urn:mavedb:00000234-0-1#209,c.[12T>C;24C>G;28C>A;29A>C;30G>C;45C>T;78C>G;105T>C;114C>G],NA,p.Gln10Thr,3.313824291291042,3.2771796964701783,3.347067876648883
urn:mavedb:00000234-0-1#210,c.[12T>C;24C>G;28C>T;29A>C;30G>T;45C>T;78C>G;105T>C;114C>G],NA,p.Gln10Ser,2.714698675707502,2.677426360477648,2.7504311631836025
urn:mavedb:00000234-0-1#211,c.[12T>C;24C>G;27A>G;28C>G;29A>C;45C>T;78C>G;105T>C;114C>G],NA,p.Gln10Ala,3.139635977752256,3.0879310575950965,3.2049860010557114
urn:mavedb:00000234-0-1#212,c.[12T>C;24C>G;28C>G;29A>G;30G>T;45C>T;78C>G;105T>C;114C>G],NA,p.Gln10Gly,2.19067140047677,2.148421324002611,2.230331824567625
urn:mavedb:00000234-0-1#213,c.[12T>C;24C>G;28C>A;29A>T;45C>T;78C>G;105T>C;114C>G],NA,p.Gln10Met,3.1712880970551653,3.123539420881802,3.214833901786254
urn:mavedb:00000234-0-1#214,c.[12T>C;18G>A;21A>G;27A>G;29A>T;45C>T;105T>C;114C>G],NA,p.Gln10Leu,3.1889160566598904,3.1351836036338363,3.257222221682488
urn:mavedb:00000234-0-1#215,c.[12T>C;24C>G;28C>G;29A>T;30G>T;45C>T;78C>G;105T>C;114C>G],NA,p.Gln10Val,3.157123728624769,3.105828054897302,3.193880893368027
urn:mavedb:00000234-0-1#216,c.[12T>C;24C>G;28C>A;29A>T;30G>C;45C>T;78C>G;105T>C;114C>G],NA,p.Gln10Ile,3.367326139768627,3.332058920940509,3.4395138425725067
urn:mavedb:00000234-0-1#217,c.[12T>C;24C>G;28C>T;29A>G;45C>T;78C>G;105T>C;114C>G],NA,p.Gln10Trp,3.0416813838238315,3.00905481187812,3.081930602290844
urn:mavedb:00000234-0-1#218,c.[12T>C;27A>G;28C>T;30G>C;45C>T;78C>G;105T>C;114C>G],NA,p.Gln10Tyr,3.195176806332456,3.1588139526276247,3.221735464576586
urn:mavedb:00000234-0-1#219,c.[12T>C;24C>G;28C>T;29A>T;30G>C;45C>T;78C>G;105T>C;114C>G],NA,p.Gln10Phe,3.276984954343489,3.2239694530560654,3.31689280397647
urn:mavedb:00000234-0-1#220,c.[12T>C;21A>G;27A>G;29A>C;30G>A;45C>T;78C>G;105T>C;114C>G],NA,p.Gln10Pro,1.3177401228046723,1.248967011124572,1.3853376383382798
urn:mavedb:00000234-0-1#221,c.[12T>C;18G>A;21A>G;24C>G;27_28insGGT;33G>C;45C>T;78C>G;105T>C;114C>G],NA,p.Gln9_Gln10insGly,0.4696937599879078,0.3812178485110286,0.5525269059707212
urn:mavedb:00000234-0-1#222,c.[3T>C;12T>C;24C>G;27delinsGGCG;45C>T;78C>G;105T>C;114C>G],NA,p.Gln9_Gln10insAla,0.8026655585131979,0.6431626914531995,0.8692216850065086
urn:mavedb:00000234-0-1#223,c.[18G>A;21A>G;24C>G;28_30del;33G>C;39C>T;45C>T;78C>G;105T>C;114C>G],NA,p.Gln10del,0.5834869160379553,0.5118635621528439,0.6488164472176549
urn:mavedb:00000234-0-1#224,c.[12T>C;15G>A;24C>G;27A>G;32T>A;33G>A;45C>T;78C>G;105T>C;114C>G],NA,p.Leu11Gln,-0.1648577828983362,-0.2176884553499699,-0.1012563109048886
urn:mavedb:00000234-0-1#225,c.[12T>C;21A>G;27A>G;30G>A;31C>G;32T>A;33G>A;45C>T;78C>G;105T>C;114C>G],NA,p.Leu11Glu,-0.1689813243321607,-0.2589701208220341,-0.0033235962206348
urn:mavedb:00000234-0-1#226,c.[12T>C;21A>G;27A>G;30G>A;31C>A;32T>A;33G>C;45C>T;78C>G;105T>C;114C>G],NA,p.Leu11Asn,-0.5466594328900707,-0.6223412615849185,-0.5084278630965189
urn:mavedb:00000234-0-1#227,c.[12T>C;15G>A;24C>G;27A>G;32T>A;33G>C;45C>T;78C>G;105T>C;114C>G],NA,p.Leu11His,0.2292974853815441,0.1151543087258127,0.2910720826062298
urn:mavedb:00000234-0-1#228,c.[12T>C;21A>G;27A>G;31C>G;32T>A;33G>C;39C>T;45C>T;78C>G;105T>C;114C>G],NA,p.Leu11Asp,-0.468609949083284,-0.5289674374323946,-0.34213346686731
urn:mavedb:00000234-0-1#229,c.[12T>C;15G>A;21A>G;27A>G;32T>G;33G>T;45C>T;105T>C;114C>G],NA,p.Leu11Arg,-2.968750386059676,-3.317262713090523,-2.626469887339776
urn:mavedb:00000234-0-1#230,c.[12T>C;21A>G;27A>G;30G>A;31C>A;32T>A;33G>A;45C>T;78C>G;105T>C;114C>G],NA,p.Leu11Lys,-1.5196967079217774,-1.739110994424724,-1.3348259017584752
urn:mavedb:00000234-0-1#231,c.[12T>C;21A>G;27A>G;31C>A;32T>C;33G>T;45C>T;78C>G;96A>G;105T>C;114C>G],NA,p.Leu11Thr,-0.2348369560802593,-0.2867505403095496,-0.1002529043806699
urn:mavedb:00000234-0-1#232,c.[12T>C;21A>G;27A>G;30G>A;31C>T;32T>C;33G>T;45C>T;78C>G;105T>C;114C>G],NA,p.Leu11Ser,-0.2165825989825529,-0.2766634802060481,-0.1475401407836699
urn:mavedb:00000234-0-1#233,c.[12T>C;21A>G;27A>G;31C>G;32T>C;33G>T;45C>T;69A>G;78C>G;105T>C;114C>G],NA,p.Leu11Ala,0.7056423172986853,0.5899416066249652,0.7751941523587114
urn:mavedb:00000234-0-1#234,c.[12T>C;21A>G;27A>G;30G>A;31C>G;32T>G;33G>T;45C>T;78C>G;105T>C;114C>G],NA,p.Leu11Gly,-0.5495230674858278,-0.6134248381796954,-0.4679118478323374
urn:mavedb:00000234-0-1#235,c.[12T>C;21A>G;27A>G;30G>A;31C>A;45C>T;78C>G;105T>C;114C>G],NA,p.Leu11Met,1.71039581017965,1.6658695447567788,1.7625977185097923
urn:mavedb:00000234-0-1#236,c.[12T>C;21A>G;27A>G;31C>G;33G>T;45C>T;78C>G;105T>C;114C>G;117G>C],NA,p.Leu11Val,1.298580770930306,1.2254193083346547,1.364860056174341
urn:mavedb:00000234-0-1#237,c.[12T>C;21A>G;27A>G;30G>A;31C>A;33G>C;45C>T;78C>G;105T>C;114C>G],NA,p.Leu11Ile,2.219172358053369,2.1774193602889262,2.265966509283308
urn:mavedb:00000234-0-1#238,c.[12T>C;21A>G;27A>G;30G>A;31C>T;32T>G;45C>T;78C>G;105T>C;114C>G],NA,p.Leu11Trp,0.8536458342477529,0.7840337616560196,0.925752992220136
urn:mavedb:00000234-0-1#239,c.[12T>C;21A>G;27A>G;30G>A;31C>T;32T>A;33G>C;45C>T;78C>G;105T>C;114C>G],NA,p.Leu11Tyr,0.9037590954370164,0.8470518169782513,0.9886907991844924
urn:mavedb:00000234-0-1#240,c.[12T>C;21A>G;27A>G;30G>A;31C>T;33G>C;45C>T;78C>G;105T>C;114C>G],NA,p.Leu11Phe,2.196217883227757,2.1493253744151515,2.2444696276896403
urn:mavedb:00000234-0-1#241,c.[12T>C;21A>G;27A>G;30G>A;32T>C;45C>T;78C>G;105T>C;114C>G],NA,p.Leu11Pro,-0.5163248780312638,-0.5690110144244062,-0.3690510151729876
urn:mavedb:00000234-0-1#242,c.[12T>C;15G>A;24C>G;27A>G;31C>T;32T>G;33G>C;45C>T;78C>G;84C>T;105T>C;114C>G;117G>C],NA,p.Leu11Cys,0.7910511360834086,0.6723741653544056,0.9654551071551694
urn:mavedb:00000234-0-1#243,c.[9T>G;12T>C;21A>G;30_31insGGT;45C>T;78C>G;105T>C;114C>G],NA,p.Gln10_Leu11insGly,0.0703408225981855,-0.0204531209228242,0.149970509121089
urn:mavedb:00000234-0-1#244,c.[12T>C;18G>A;21A>G;24C>G;30_31insGCT;45C>T;78C>G;105T>C;114C>G;117G>C],NA,p.Gln10_Leu11insAla,1.4236296664268564,1.3704106183726734,1.4679512926996805
urn:mavedb:00000234-0-1#245,c.[3T>C;12T>C;15G>A;21A>G;31_33del;45C>T;78C>G;105T>C;114C>G],NA,p.Leu11del,-0.3261454663511216,-0.4251870493915474,-0.2125563765969378
urn:mavedb:00000234-0-1#246,c.[12T>C;21A>G;34A>C;35T>A;36G>A;45C>T;78C>G;105T>C;114C>G],NA,p.Met12Gln,2.465193165401652,2.43622969011266,2.506428269816245
urn:mavedb:00000234-0-1#247,c.[12T>C;15G>A;27A>G;33G>C;34A>G;35T>A;36G>A;45C>T;78C>G;105T>C;114C>G],NA,p.Met12Glu,2.207762344696047,2.1657871304061755,2.243655239046072
urn:mavedb:00000234-0-1#248,c.[12T>C;15G>A;27A>G;33G>C;35T>A;36G>C;45C>T;78C>G;105T>C;114C>G],NA,p.Met12Asn,0.921756985748137,0.852758940698561,0.9830320090359282
urn:mavedb:00000234-0-1#249,c.[12T>C;21A>G;34A>C;35T>A;36G>T;45C>T;78C>G;105T>C;114C>G],NA,p.Met12His,1.2653686868497689,1.2207984675226131,1.321448591936499
urn:mavedb:00000234-0-1#250,c.[12T>C;15G>A;27A>G;33G>C;34A>G;35T>A;36G>C;45C>T;78C>G;105T>C;114C>G],NA,p.Met12Asp,0.0914820513346515,-0.0696462640292005,0.1605974061907751
urn:mavedb:00000234-0-1#251,c.[12T>C;34A>C;35T>G;36G>C;45C>T;78C>G;105T>C;114C>G],NA,p.Met12Arg,1.882619860711101,1.8218556638196577,1.924197861376106
urn:mavedb:00000234-0-1#252,c.[12T>C;15G>A;27A>G;33G>C;35T>A;36G>A;45C>T;78C>G;105T>C;114C>G],NA,p.Met12Lys,1.154958706258375,1.0976729868825958,1.2626780446444898
urn:mavedb:00000234-0-1#253,c.[12T>C;15G>A;27A>G;33G>C;35T>C;36G>C;45C>T;78C>G;105T>C;114C>G],NA,p.Met12Thr,2.3633977276307228,2.329523895015557,2.4063460506512007
urn:mavedb:00000234-0-1#254,c.[12T>C;15G>A;27A>G;33G>C;34A>T;35T>C;36G>T;45C>T;78C>G;105T>C;114C>G],NA,p.Met12Ser,1.3482173010929412,1.2800736058694826,1.3993831262266925
urn:mavedb:00000234-0-1#255,c.[12T>C;15G>A;27A>G;33G>C;34A>G;35T>C;45C>T;78C>G;105T>C;114C>G],NA,p.Met12Ala,1.5987504783413984,1.528428532512656,1.6912038075129436
urn:mavedb:00000234-0-1#256,c.[12T>C;15G>A;27A>G;33G>C;34A>G;35T>G;36G>T;45C>T;78C>G;105T>C;114C>G],NA,p.Met12Gly,0.4551320822724383,0.3933486370241506,0.5294576996311234
urn:mavedb:00000234-0-1#257,c.[12T>C;21A>G;34A>C;36G>C;45C>T;78C>G;105T>C;114C>G],NA,p.Met12Leu,2.517021650083337,2.483861043097136,2.5604871732043044
urn:mavedb:00000234-0-1#258,c.[12T>C;15G>A;27A>G;33G>C;34A>G;36G>T;45C>T;78C>G;105T>C;114C>G],NA,p.Met12Val,3.1018438864468907,3.0485787400754174,3.138866657026734
urn:mavedb:00000234-0-1#259,c.[12T>C;15G>A;27A>G;33G>C;36G>C;45C>T;78C>G;105T>C;114C>G],NA,p.Met12Ile,3.0380293564016725,2.994457604471895,3.072526624290869
urn:mavedb:00000234-0-1#260,c.[12T>C;15G>A;27A>G;33G>C;34A>T;35T>G;45C>T;78C>G;105T>C;114C>G],NA,p.Met12Trp,1.1711092461839687,1.0895550335143418,1.293286813849286
urn:mavedb:00000234-0-1#261,c.[12T>C;15G>A;27A>G;33G>C;34A>T;35T>A;36G>C;45C>T;78C>G;105T>C;114C>G],NA,p.Met12Tyr,1.4887707649137591,1.4251255674152956,1.529639018837366
urn:mavedb:00000234-0-1#262,c.[12T>C;15G>A;27A>G;33G>C;34A>T;36G>C;45C>T;78C>G;105T>C;114C>G],NA,p.Met12Phe,1.551562941299796,1.5164719594260412,1.602439664217962
urn:mavedb:00000234-0-1#263,c.[12T>C;21A>G;34A>C;35T>C;36G>A;45C>T;78C>G;105T>C;114C>G],NA,p.Met12Pro,-0.4643700925617744,-0.6184412333105411,-0.3408544740325063
urn:mavedb:00000234-0-1#264,c.[18G>A;21A>G;27A>G;30G>A;33_34insGGT;45C>T;63G>T;78C>G;105T>C;114C>G;126G>A],NA,p.Leu11_Met12insGly,-0.0921584725633263,-0.150718177813315,0.0504712736675724
urn:mavedb:00000234-0-1#265,c.[15G>A;21A>G;30G>A;33_34insGCG;39C>T;45C>T;63G>T;78C>G;105T>C;114C>G],NA,p.Leu11_Met12insAla,0.8539344857511031,0.7378547229239453,0.920010794995358
urn:mavedb:00000234-0-1#266,c.[12T>C;24C>G;30G>A;34_36del;45C>T;78C>G;105T>C;114C>G],NA,p.Met12del,-2.729386977596742,-3.036987510174092,-2.2809956403271827
urn:mavedb:00000234-0-1#267,c.[12T>C;15G>A;27A>G;33G>C;37G>C;39C>G;45C>T;78C>G;105T>C;114C>G],NA,p.Asp13Gln,3.3638796679826326,3.3225421200650724,3.431018658198861
urn:mavedb:00000234-0-1#268,c.[12T>C;15G>A;27A>G;33G>C;39C>G;45C>T;78C>G;105T>C;114C>G],NA,p.Asp13Glu,3.1053607258120755,3.0639854339723422,3.146994971017795
urn:mavedb:00000234-0-1#269,c.[12T>C;15G>A;27A>G;33G>C;37G>A;45C>T;78C>G;105T>C;114C>G],NA,p.Asp13Asn,3.290457846739101,3.259707430849189,3.333923865208355
urn:mavedb:00000234-0-1#270,c.[12T>C;15G>A;27A>G;33G>C;37G>C;45C>T;78C>G;105T>C;114C>G],NA,p.Asp13His,3.025960485874223,2.9916127345570587,3.059907156390315
urn:mavedb:00000234-0-1#271,c.[12T>C;15G>A;27A>G;33G>C;37G>C;38A>G;39C>T;45C>T;78C>G;105T>C;114C>G],NA,p.Asp13Arg,3.1998803480384206,3.160127100394214,3.2580714986731847
urn:mavedb:00000234-0-1#272,c.[12T>C;15G>A;27A>G;33G>C;37G>A;39C>A;45C>T;78C>G;105T>C;114C>G],NA,p.Asp13Lys,3.234276345870934,3.204654798621927,3.271829844873259
urn:mavedb:00000234-0-1#273,c.[12T>C;15G>A;27A>G;33G>C;37G>A;38A>C;45C>T;78C>G;105T>C;114C>G],NA,p.Asp13Thr,2.9953666631139413,2.9704233589758102,3.033976371254738
urn:mavedb:00000234-0-1#274,c.[12T>C;15G>A;27A>G;33G>C;37G>T;38A>C;39C>T;45C>T;78C>G;105T>C;114C>G],NA,p.Asp13Ser,3.467927932683165,3.3845079236931768,3.545517626823321
urn:mavedb:00000234-0-1#275,c.[12T>C;15G>A;27A>G;33G>C;38A>C;39C>G;45C>T;78C>G;105T>C;114C>G],NA,p.Asp13Ala,3.69759366072397,3.657065569885176,3.742105104794028
urn:mavedb:00000234-0-1#276,c.[12T>C;15G>A;27A>G;33G>C;38A>G;39C>T;45C>T;78C>G;105T>C;114C>G],NA,p.Asp13Gly,3.3022794783248663,3.264956369598285,3.345624925812939
urn:mavedb:00000234-0-1#277,c.[12T>C;15G>A;27A>G;33G>C;37G>A;38A>T;39C>G;45C>T;78C>G;90C>T;105T>C;114C>G],NA,p.Asp13Met,3.397952528240811,3.333935682129354,3.4356042259026585
urn:mavedb:00000234-0-1#278,c.[12T>C;15G>A;27A>G;33G>C;37G>C;38A>T;39C>G;45C>T;78C>G;105T>C;114C>G],NA,p.Asp13Leu,3.3483888554250005,3.318646598411089,3.3849614171891367
urn:mavedb:00000234-0-1#279,c.[12T>C;15G>A;27A>G;33G>C;38A>T;39C>T;45C>T;78C>G;105T>C;114C>G],NA,p.Asp13Val,2.8667165430806776,2.823417444002322,2.904750497768323
urn:mavedb:00000234-0-1#280,c.[12T>C;15G>A;27A>G;37G>A;38A>T;39C>T;45C>T;78C>G;105T>C;114C>G],NA,p.Asp13Ile,3.01315212343213,2.961292697431809,3.0576637661957102
urn:mavedb:00000234-0-1#281,c.[12T>C;15G>A;27A>G;33G>C;37G>T;38A>G;39C>G;45C>T;78C>G;105T>C;114C>G],NA,p.Asp13Trp,3.070472155783344,3.032891665578282,3.121606037469635
urn:mavedb:00000234-0-1#282,c.[12T>C;15G>A;27A>G;37G>T;39C>T;45C>T;78C>G;105T>C;114C>G],NA,p.Asp13Tyr,2.949591865918597,2.906170794427092,2.981183465455767
urn:mavedb:00000234-0-1#283,c.[12T>C;15G>A;27A>G;33G>C;37G>T;38A>T;45C>T;78C>G;105T>C;114C>G],NA,p.Asp13Phe,2.998557961603793,2.895110260326204,3.0833084104916013
urn:mavedb:00000234-0-1#284,c.[12T>C;15G>A;27A>G;33G>C;37G>C;38A>C;39C>G;45C>T;78C>G;105T>C;114C>G],NA,p.Asp13Pro,-0.3448207145521246,-0.4225680778202638,-0.3002221714687944
urn:mavedb:00000234-0-1#285,c.[12T>C;24C>G;27A>G;36_37insGGT;45C>T;78C>G;105T>C;114C>G],NA,p.Met12_Asp13insGly,0.5581661110304272,0.436376886616012,0.6332305556445821
urn:mavedb:00000234-0-1#286,c.[3T>C;12T>C;15G>A;21A>G;27A>G;30G>A;36_37insGCG;45C>T;78C>G;105T>C;114C>G;126G>A],NA,p.Met12_Asp13insAla,0.8261915250931398,0.7591607723995469,0.874985529992049
urn:mavedb:00000234-0-1#287,c.[3T>C;15G>A;24C>G;37_39del;45C>T;78C>G;105T>C;111C>T;114C>G],NA,p.Asp13del,0.1337055736816198,0.0836553842094633,0.1770636220871451
urn:mavedb:00000234-0-1#288,c.[12T>C;15G>A;27A>G;33G>C;40A>C;41T>A;45C>T;78C>G;105T>C;114C>G],NA,p.Met14Gln,2.270316420871508,2.2109126716285314,2.3128920572790403
urn:mavedb:00000234-0-1#289,c.[12T>C;15G>A;27A>G;33G>C;40A>G;41T>A;42G>A;45C>T;78C>G;105T>C;114C>G],NA,p.Met14Glu,1.4522241472822903,1.3726239102502111,1.5109039098010553
urn:mavedb:00000234-0-1#290,c.[12T>C;15G>A;27A>G;33G>C;41T>A;42G>C;45C>T;78C>G;105T>C;114C>G],NA,p.Met14Asn,1.6977890914571017,1.6436892483603636,1.7191305307989624
urn:mavedb:00000234-0-1#291,c.[12T>C;15G>A;27A>G;33G>C;40A>C;41T>A;42G>C;45C>T;78C>G;105T>C;114C>G],NA,p.Met14His,1.9305417187862093,1.8738614157069493,1.973725544195925
urn:mavedb:00000234-0-1#292,c.[12T>C;15G>A;27A>G;33G>C;40A>G;41T>A;42G>C;45C>T;78C>G;105T>C;114C>G],NA,p.Met14Asp,1.3701996478216028,1.278907572384178,1.4198708220677758
urn:mavedb:00000234-0-1#293,c.[12T>C;15G>A;27A>G;33G>C;40A>C;41T>G;42G>T;45C>T;78C>G;105T>C;114C>G],NA,p.Met14Arg,2.489061909166704,2.444614001291323,2.5186683254458235
urn:mavedb:00000234-0-1#294,c.[12T>C;15G>A;27A>G;33G>C;41T>A;42G>A;45C>T;78C>G;105T>C;114C>G],NA,p.Met14Lys,2.2898954052248843,2.2433365231897016,2.346505858789581
urn:mavedb:00000234-0-1#295,c.[12T>C;15G>A;27A>G;33G>C;41T>C;42G>C;45C>T;78C>G;105T>C;114C>G],NA,p.Met14Thr,1.5245667426317309,1.472316017105664,1.5844760131387403
urn:mavedb:00000234-0-1#296,c.[12T>C;15G>A;27A>G;33G>C;40A>T;41T>C;42G>T;45C>T;78C>G;105T>C;114C>G],NA,p.Met14Ser,1.916746289790791,1.8164245544605069,2.021019169164712
urn:mavedb:00000234-0-1#297,c.[12T>C;15G>A;27A>G;33G>C;40A>G;41T>C;45C>T;78C>G;105T>C;114C>G],NA,p.Met14Ala,2.309664686296592,2.263154810760156,2.3661398590102296
urn:mavedb:00000234-0-1#298,c.[12T>C;15G>A;27A>G;33G>C;40A>G;41T>G;42G>T;45C>T;78C>G;105T>C;114C>G],NA,p.Met14Gly,1.622465964490909,1.5795668839922103,1.6816965778458592
urn:mavedb:00000234-0-1#299,c.[12T>C;15G>A;27A>G;33G>C;40A>C;45C>T;78C>G;105T>C;114C>G],NA,p.Met14Leu,3.006470718360557,2.963716909453476,3.040416200598155
urn:mavedb:00000234-0-1#300,c.[12T>C;15G>A;27A>G;33G>C;40A>G;42G>T;45C>T;78C>G;105T>C;114C>G],NA,p.Met14Val,1.648889782375749,1.606263345000531,1.7038493939192332
urn:mavedb:00000234-0-1#301,c.[12T>C;15G>A;27A>G;33G>C;42G>C;45C>T;78C>G;105T>C;114C>G],NA,p.Met14Ile,2.144648744974231,2.0742610641635,2.200774371754396
urn:mavedb:00000234-0-1#302,c.[12T>C;15G>A;27A>G;33G>C;40A>T;41T>G;45C>T;78C>G;105T>C;114C>G],NA,p.Met14Trp,2.794531644130992,2.7433907494133893,2.846362978766437
urn:mavedb:00000234-0-1#303,c.[12T>C;15G>A;27A>G;33G>C;40A>T;41T>A;42G>C;45C>T;78C>G;105T>C;114C>G],NA,p.Met14Tyr,2.583100017055173,2.5485259953295016,2.621539741908303
urn:mavedb:00000234-0-1#304,c.[12T>C;15G>A;27A>G;33G>C;40A>T;42G>C;45C>T;78C>G;105T>C;114C>G],NA,p.Met14Phe,2.473762282157408,2.4457695380689106,2.519707288585713
urn:mavedb:00000234-0-1#305,c.[12T>C;15G>A;21A>G;27A>G;30G>A;40A>C;41T>C;42G>A;78C>G;105T>C;114C>G],NA,p.Met14Pro,-0.4326936511920715,-0.5441182711572103,-0.3478967639727055
urn:mavedb:00000234-0-1#306,c.[12T>C;24C>G;27A>G;39_40insGGT;45C>T;78C>G;105T>C;114C>G],NA,p.Asp13_Met14insGly,1.208345296669608,1.1279830321665452,1.2523046785118028
urn:mavedb:00000234-0-1#307,c.[18G>A;24C>G;27A>G;39_40insGCG;45C>T;48C>T;63G>T;105T>C;114C>G],NA,p.Asp13_Met14insAla,1.1877511111482666,1.0476180955168397,1.283025027464846
urn:mavedb:00000234-0-1#308,c.[6T>C;9T>G;12T>C;15G>A;18G>A;24C>G;40_42del;45C>T;78C>G;108A>G;126G>A],NA,p.Met14del,-0.7411945674355492,-1.0361217799969251,-0.433801217775171
urn:mavedb:00000234-0-1#309,c.[12T>C;15G>A;27A>G;33G>C;43G>C;44G>A;45C>G;78C>G;105T>C;114C>G],NA,p.Gly15Gln,1.3558677302150517,1.3073544303305715,1.397888768419199
urn:mavedb:00000234-0-1#310,c.[12T>C;15G>A;27A>G;33G>C;44G>A;45C>A;78C>G;105T>C;114C>G],NA,p.Gly15Glu,0.9429451368374864,0.873635515490975,1.0056452523910584
urn:mavedb:00000234-0-1#311,c.[12T>C;15G>A;27A>G;33G>C;43G>A;44G>A;78C>G;105T>C;114C>G],NA,p.Gly15Asn,1.8311999075571568,1.7775873844233276,1.873744651409576
urn:mavedb:00000234-0-1#312,c.[12T>C;15G>A;27A>G;33G>C;43G>C;44G>A;78C>G;105T>C;114C>G],NA,p.Gly15His,1.564597463192395,1.5233154892716765,1.6005879227596962
urn:mavedb:00000234-0-1#313,c.[12T>C;15G>A;27A>G;33G>C;44G>A;78C>G;105T>C;114C>G],NA,p.Gly15Asp,1.1149202207697817,1.0551701127993514,1.172012703310611
urn:mavedb:00000234-0-1#314,c.[12T>C;15G>A;27A>G;33G>C;43G>C;45C>T;78C>G;105T>C;114C>G],NA,p.Gly15Arg,0.90533142480938,0.8275173632099446,0.9631224349216082
urn:mavedb:00000234-0-1#315,c.[12T>C;15G>A;27A>G;33G>C;43G>A;44G>A;45C>A;78C>G;105T>C;114C>G],NA,p.Gly15Lys,1.2129509669302294,1.160702759795796,1.2625826493283396
urn:mavedb:00000234-0-1#316,c.[12T>C;15G>A;27A>G;33G>C;43G>A;44G>C;78C>G;105T>C;114C>G],NA,p.Gly15Thr,0.7331214708173579,0.6603971745604231,0.8011540618373181
urn:mavedb:00000234-0-1#317,c.[9T>G;15G>A;18G>A;21A>G;30G>A;39C>T;43G>T;44G>C;45C>T;78C>G;105T>C;114C>G],NA,p.Gly15Ser,1.4098635203102812,1.3672458460511006,1.4565427816052343
urn:mavedb:00000234-0-1#318,c.[12T>C;15G>A;27A>G;33G>C;44G>C;45C>G;78C>G;105T>C;114C>G],NA,p.Gly15Ala,1.3884968053198257,1.3347140840740686,1.466861166517108
urn:mavedb:00000234-0-1#319,c.[12T>C;15G>A;27A>G;33G>C;43G>A;44G>T;45C>G;78C>G;105T>C;114C>G],NA,p.Gly15Met,1.505284579439477,1.4222101054708154,1.5846742256246962
urn:mavedb:00000234-0-1#320,c.[12T>C;15G>A;27A>G;33G>C;43G>C;44G>T;45C>G;78C>G;105T>C;114C>G],NA,p.Gly15Leu,1.3766793216357645,1.3191664663426923,1.4530253390249974
urn:mavedb:00000234-0-1#321,c.[12T>C;15G>A;27A>G;33G>C;44G>T;45C>T;78C>G;105T>C;114C>G],NA,p.Gly15Val,0.3684834441697346,0.3041030856591012,0.4504758663126703
urn:mavedb:00000234-0-1#322,c.[12T>C;15G>A;27A>G;33G>C;43G>A;44G>T;78C>G;105T>C;114C>G],NA,p.Gly15Ile,0.3202379844462236,0.1739256842648065,0.3984908285084813
urn:mavedb:00000234-0-1#323,c.[12T>C;15G>A;27A>G;33G>C;43G>T;45C>G;78C>G;105T>C;114C>G],NA,p.Gly15Trp,1.056405513728236,0.9456683266068782,1.1424831822288806
urn:mavedb:00000234-0-1#324,c.[12T>C;15G>A;27A>G;33G>C;43G>T;44G>A;78C>G;105T>C;114C>G],NA,p.Gly15Tyr,1.085054615470614,0.97533448538916,1.1326882069521202
urn:mavedb:00000234-0-1#325,c.[12T>C;15G>A;27A>G;33G>C;43G>T;44G>T;78C>G;105T>C;114C>G],NA,p.Gly15Phe,1.381365493617499,1.3195611092962711,1.4398324643641456
urn:mavedb:00000234-0-1#326,c.[12T>C;15G>A;27A>G;33G>C;43G>C;44G>C;45C>G;78C>G;105T>C;114C>G],NA,p.Gly15Pro,0.3216455810625193,0.2022346419137931,0.4840709701064389
urn:mavedb:00000234-0-1#327,c.[12T>C;15G>A;21A>G;27A>G;30G>A;42_43insGGT;45C>T;78C>G;105T>C;114C>G;117G>C;123C>T],NA,p.Met14_Gly15insGly,1.7252289538940675,1.672174740983594,1.786406273879737
urn:mavedb:00000234-0-1#328,c.[21A>G;42_43insGCG;45C>T;63G>T;75G>C;78C>G;105T>C;114C>G;126G>A],NA,p.Met14_Gly15insAla,1.0030070734233458,0.9619979364668344,1.039983853428197
urn:mavedb:00000234-0-1#329,c.[3T>C;12T>C;15G>A;18G>A;21A>G;27A>G;43_45del;78C>G;105T>C;114C>G],NA,p.Gly15del,0.0458719475742123,-0.0212136256829408,0.1327729132779173
urn:mavedb:00000234-0-1#330,c.[12T>C;15G>A;27A>G;45C>T;46T>C;47T>A;48C>G;78C>G;105T>C;114C>G;120C>T],NA,p.Phe16Gln,0.6958689092257971,0.6355773351900398,0.7339486123438624
urn:mavedb:00000234-0-1#331,c.[12T>C;15G>A;27A>G;33G>C;45C>T;46T>G;47T>A;48C>A;78C>G;105T>C;114C>G],NA,p.Phe16Glu,0.9133950228841174,0.8197707990258095,0.9757550745534146
urn:mavedb:00000234-0-1#332,c.[12T>C;15G>A;27A>G;33G>C;45C>T;46T>A;47T>A;78C>G;105T>C;114C>G],NA,p.Phe16Asn,1.5073325162858118,1.4440425411948767,1.574533396952518
urn:mavedb:00000234-0-1#333,c.[12T>C;15G>A;27A>G;33G>C;45C>T;46T>C;47T>A;78C>G;105T>C;114C>G],NA,p.Phe16His,2.460624105495876,2.41690786021649,2.5040378537508934
urn:mavedb:00000234-0-1#334,c.[12T>C;15G>A;27A>G;33G>C;45C>T;46T>G;47T>A;78C>G;105T>C;114C>G],NA,p.Phe16Asp,-0.280431340764893,-0.4493768199287803,-0.1437390657968567
urn:mavedb:00000234-0-1#335,c.[12T>C;15G>A;27A>G;33G>C;45C>T;46T>C;47T>G;48C>T;78C>G;105T>C;114C>G],NA,p.Phe16Arg,0.6923035621591843,0.6123437995697504,0.7477122938905508
urn:mavedb:00000234-0-1#336,c.[12T>C;15G>A;27A>G;33G>C;45C>T;46T>A;47T>A;48C>A;78C>G;105T>C;114C>G],NA,p.Phe16Lys,0.4351977799288088,0.3616182132701302,0.5099403880876996
urn:mavedb:00000234-0-1#337,c.[12T>C;15G>A;27A>G;33G>C;45C>T;46T>A;47T>C;78C>G;105T>C;114C>G],NA,p.Phe16Thr,1.3528566159138984,1.2771638100903588,1.4223452221179145
urn:mavedb:00000234-0-1#338,c.[12T>C;15G>A;27A>G;33G>C;45C>T;47T>C;48C>T;78C>G;105T>C;114C>G],NA,p.Phe16Ser,1.3186960308130362,1.2679321636404066,1.389735304270687
urn:mavedb:00000234-0-1#339,c.[12T>C;15G>A;27A>G;33G>C;45C>T;46T>G;47T>C;48C>G;78C>G;105T>C;114C>G],NA,p.Phe16Ala,2.4241231402189065,2.372426236110659,2.476876044037577
urn:mavedb:00000234-0-1#340,c.[12T>C;15G>A;27A>G;33G>C;45C>T;46T>G;47T>G;48C>T;78C>G;105T>C;114C>G],NA,p.Phe16Gly,1.3327653553001797,1.2722379306088258,1.3938823138475935
urn:mavedb:00000234-0-1#341,c.[12T>C;15G>A;27A>G;33G>C;45C>T;46T>A;48C>G;78C>G;105T>C;114C>G],NA,p.Phe16Met,0.9960045714169328,0.9545109103610296,1.0570099758002447
urn:mavedb:00000234-0-1#342,c.[12T>C;15G>A;27A>G;33G>C;45C>T;46T>C;48C>G;78C>G;105T>C;114C>G],NA,p.Phe16Leu,0.6798552562350956,0.6147865999302585,0.7772261334519607
urn:mavedb:00000234-0-1#343,c.[12T>C;15G>A;27A>G;33G>C;45C>T;46T>G;48C>T;78C>G;105T>C;114C>G],NA,p.Phe16Val,2.165913750898264,2.1137509454053665,2.2677010912902933
urn:mavedb:00000234-0-1#344,c.[12T>C;15G>A;27A>G;33G>C;45C>T;46T>A;78C>G;105T>C;114C>G],NA,p.Phe16Ile,1.6626392023439034,1.6294896106601944,1.7005280808286989
urn:mavedb:00000234-0-1#345,c.[12T>C;15G>A;27A>G;33G>C;45C>T;47T>G;48C>G;78C>G;105T>C;114C>G],NA,p.Phe16Trp,2.797842015267694,2.750933393751191,2.850868326785064
urn:mavedb:00000234-0-1#346,c.[12T>C;15G>A;27A>G;33G>C;45C>T;47T>A;78C>G;105T>C;114C>G],NA,p.Phe16Tyr,3.1611544468819326,3.1123804876265373,3.198462628134068
urn:mavedb:00000234-0-1#347,c.[12T>C;15G>A;27A>G;33G>C;45C>T;46T>C;47T>C;48C>G;78C>G;105T>C;114C>G],NA,p.Phe16Pro,-0.043123829333564,-0.23409630396474,0.0792973706673758
urn:mavedb:00000234-0-1#348,c.[12T>C;15G>A;24C>G;30G>A;45C>T;47T>G;69A>G;78C>G;105T>C],NA,p.Phe16Cys,1.0180271935439902,0.8895844868607062,1.2025431520132144
urn:mavedb:00000234-0-1#349,c.[12T>C;18G>A;21A>G;27A>G;45delinsTGGT;78C>G;105T>C;114C>G],NA,p.Gly15_Phe16insGly,2.035113025000384,1.9172482308588408,2.13904234656766
urn:mavedb:00000234-0-1#350,c.[6T>C;12T>C;21A>G;45delinsTGCG;78C>G;105T>C;114C>G;117G>C],NA,p.Gly15_Phe16insAla,1.6475531390883165,1.572378981518327,1.7501668392496208
urn:mavedb:00000234-0-1#351,c.[12T>C;18G>A;24C>G;27A>G;46_48del;78C>G;105T>C;114C>G],NA,p.Phe16del,-1.2383921000181737,-1.5131219057549832,-1.113890284602789
urn:mavedb:00000234-0-1#352,c.[12T>C;15G>A;27A>G;33G>C;45C>T;49A>C;50C>A;51C>G;78C>G;105T>C;114C>G],NA,p.Thr17Gln,3.227299753033501,3.17429162903292,3.2770261182277696
urn:mavedb:00000234-0-1#353,c.[12T>C;15G>A;27A>G;33G>C;45C>T;49A>G;50C>A;51C>A;78C>G;105T>C;114C>G],NA,p.Thr17Glu,2.9371765050352616,2.897532190473146,2.9833466381357447
urn:mavedb:00000234-0-1#354,c.[12T>C;15G>A;27A>G;33G>C;45C>T;50C>A;78C>G;105T>C;114C>G],NA,p.Thr17Asn,3.238896183694063,3.190171337467007,3.2958367878946464
urn:mavedb:00000234-0-1#355,c.[12T>C;15G>A;27A>G;33G>C;45C>T;49A>C;50C>A;78C>G;105T>C;114C>G],NA,p.Thr17His,2.896370648960836,2.851767707279718,2.945303566121543
urn:mavedb:00000234-0-1#356,c.[12T>C;15G>A;27A>G;33G>C;45C>T;49A>G;50C>A;78C>G;105T>C;114C>G],NA,p.Thr17Asp,3.002183081070908,2.95198379966834,3.045290200871232
urn:mavedb:00000234-0-1#357,c.[12T>C;15G>A;27A>G;33G>C;45C>T;49A>C;50C>G;51C>T;78C>G;105T>C;114C>G],NA,p.Thr17Arg,3.177829825871331,3.115503440287671,3.2266338285269454
urn:mavedb:00000234-0-1#358,c.[12T>C;15G>A;27A>G;33G>C;45C>T;50C>A;51C>A;78C>G;105T>C;114C>G],NA,p.Thr17Lys,3.35986481183596,3.3082119938838632,3.402473214860726
urn:mavedb:00000234-0-1#359,c.[12T>C;15G>A;27A>G;33G>C;45C>T;49A>T;51C>T;78C>G;105T>C;114C>G],NA,p.Thr17Ser,3.3789499681441857,3.335843041545371,3.411610283382236
urn:mavedb:00000234-0-1#360,c.[12T>C;15G>A;27A>G;33G>C;45C>T;49A>G;51C>G;78C>G;105T>C;114C>G],NA,p.Thr17Ala,3.475986164951434,3.425043584387064,3.52111361219773
urn:mavedb:00000234-0-1#361,c.[12T>C;15G>A;27A>G;45C>T;49A>G;50C>G;51C>T;78C>G;105T>C;108A>G;114C>G],NA,p.Thr17Gly,3.151522909729451,3.091280714464054,3.20598447858654
urn:mavedb:00000234-0-1#362,c.[12T>C;15G>A;27A>G;33G>C;45C>T;50C>T;51C>G;78C>G;105T>C;114C>G],NA,p.Thr17Met,3.146484131516729,3.098779806560924,3.1888187494206925
urn:mavedb:00000234-0-1#363,c.[12T>C;15G>A;27A>G;33G>C;45C>T;49A>C;50C>T;51C>G;78C>G;105T>C;114C>G],NA,p.Thr17Leu,3.271103751134671,3.2320379593509823,3.31588024527316
urn:mavedb:00000234-0-1#364,c.[12T>C;15G>A;27A>G;33G>C;45C>T;49A>G;50C>T;51C>T;78C>G;105T>C;114C>G],NA,p.Thr17Val,2.870637183444384,2.821789922120799,2.923202358638958
urn:mavedb:00000234-0-1#365,c.[12T>C;15G>A;27A>G;33G>C;45C>T;50C>T;78C>G;105T>C;114C>G],NA,p.Thr17Ile,2.918793099004104,2.894647322037949,2.944745899552103
urn:mavedb:00000234-0-1#366,c.[12T>C;15G>A;27A>G;33G>C;45C>T;49A>T;50C>G;51C>G;78C>G;105T>C;114C>G],NA,p.Thr17Trp,2.530861250223044,2.49212065472764,2.568694340542283
urn:mavedb:00000234-0-1#367,c.[12T>C;15G>A;27A>G;33G>C;45C>T;49A>T;50C>A;78C>G;105T>C;114C>G],NA,p.Thr17Tyr,2.5872671715606206,2.540028562728008,2.6187409595874964
urn:mavedb:00000234-0-1#368,c.[12T>C;15G>A;27A>G;33G>C;45C>T;49A>T;50C>T;78C>G;105T>C;114C>G],NA,p.Thr17Phe,2.6025670515657566,2.561589663001507,2.6484618807600264
urn:mavedb:00000234-0-1#369,c.[12T>C;15G>A;27A>G;33G>C;45C>T;49A>C;51C>G;78C>G;105T>C;114C>G],NA,p.Thr17Pro,3.3023622679018345,3.274600632526369,3.3292760392190592
urn:mavedb:00000234-0-1#370,c.[12T>C;24C>G;45C>T;49A>T;50C>G;78C>G;90C>T;105T>C;114C>G;126G>A],NA,p.Thr17Cys,3.117402244914547,2.899076014924697,3.329644026805446
urn:mavedb:00000234-0-1#371,c.[12T>C;15G>A;24C>G;27A>G;45C>T;48_49insGGT;78C>G;105T>C;114C>G;126G>A],NA,p.Phe16_Thr17insGly,0.8460893424018714,0.7816179809752212,0.9061733078515226
urn:mavedb:00000234-0-1#372,c.[6T>C;12T>C;15G>A;21A>G;30G>A;33G>C;45C>T;48_49insGCG;69A>G;78C>G;105T>C;114C>G],NA,p.Phe16_Thr17insAla,0.9401768226323718,0.7960826760035894,1.0156594712932656
urn:mavedb:00000234-0-1#373,c.[12T>C;18G>A;21A>G;24C>G;30G>A;45C>T;49_51del;75G>C;78C>G;105T>C;114C>G],NA,p.Thr17del,0.4989086754806305,0.3785940924322062,0.6836458876257218
urn:mavedb:00000234-0-1#374,c.[12T>C;15G>A;27A>G;33G>C;45C>T;53G>A;54T>G;78C>G;105T>C;114C>G],NA,p.Arg18Gln,2.575523856493396,2.5364054298899,2.625885086060725
urn:mavedb:00000234-0-1#375,c.[12T>C;15G>A;27A>G;33G>C;45C>T;52C>G;53G>A;54T>A;78C>G;105T>C;114C>G],NA,p.Arg18Glu,2.4135031620444,2.3419566606658497,2.488440335418982
urn:mavedb:00000234-0-1#376,c.[12T>C;15G>A;27A>G;33G>C;45C>T;52C>A;53G>A;54T>C;78C>G;105T>C;114C>G],NA,p.Arg18Asn,1.9051792703166508,1.8524961199205188,1.967352775326919
urn:mavedb:00000234-0-1#377,c.[12T>C;15G>A;27A>G;33G>C;45C>T;53G>A;54T>C;78C>G;105T>C;114C>G],NA,p.Arg18His,2.354216309073691,2.297579042404738,2.397518072552762
urn:mavedb:00000234-0-1#378,c.[12T>C;15G>A;27A>G;33G>C;45C>T;52C>G;53G>A;54T>C;78C>G;105T>C;114C>G],NA,p.Arg18Asp,1.2788285010217628,1.2360730950292989,1.330370447170078
urn:mavedb:00000234-0-1#379,c.[12T>C;15G>A;27A>G;33G>C;45C>T;52C>A;53G>A;54T>A;78C>G;105T>C;114C>G],NA,p.Arg18Lys,2.8453383800332874,2.7958388875940283,2.89449417385741
urn:mavedb:00000234-0-1#380,c.[12T>C;15G>A;27A>G;33G>C;45C>T;52C>A;53G>C;54T>C;78C>G;105T>C;114C>G],NA,p.Arg18Thr,2.1026858832886663,2.040838318547197,2.1509971031254684
urn:mavedb:00000234-0-1#381,c.[12T>C;15G>A;21A>G;27A>G;30G>A;45C>T;52C>T;53G>C;60C>T;78C>G;84C>T;105T>C;114C>G],NA,p.Arg18Ser,2.22544391816041,2.1911625807099067,2.256468393795017
urn:mavedb:00000234-0-1#382,c.[12T>C;15G>A;27A>G;33G>C;45C>T;52C>G;53G>C;54T>G;78C>G;90C>T;105T>C;114C>G],NA,p.Arg18Ala,2.597593926847648,2.5476321015428627,2.6423463146068147
urn:mavedb:00000234-0-1#383,c.[12T>C;15G>A;21A>G;27A>G;30G>A;45C>T;51C>T;52C>G;57A>G;78C>G;105T>C;114C>G],NA,p.Arg18Gly,1.833560285584136,1.7810196202994648,1.893798781965953
urn:mavedb:00000234-0-1#384,c.[12T>C;15G>A;21A>G;27A>G;30G>A;45C>T;52C>A;53G>T;54T>G;78C>G;90C>T;96A>G;105T>C;114C>G],NA,p.Arg18Met,2.8060152123111086,2.76064075981068,2.850452416216707
urn:mavedb:00000234-0-1#385,c.[12T>C;15G>A;27A>G;33G>C;45C>T;53G>T;54T>G;78C>G;105T>C;114C>G],NA,p.Arg18Leu,2.585768511766962,2.554235407652594,2.627213776053694
urn:mavedb:00000234-0-1#386,c.[12T>C;15G>A;27A>G;33G>C;45C>T;52C>G;53G>T;78C>G;105T>C;114C>G],NA,p.Arg18Val,2.372808505932742,2.342843551269621,2.425407571159179
urn:mavedb:00000234-0-1#387,c.[12T>C;15G>A;27A>G;33G>C;45C>T;52C>A;53G>T;54T>C;78C>G;105T>C;114C>G],NA,p.Arg18Ile,2.514942329332841,2.465636551633715,2.557592739358161
urn:mavedb:00000234-0-1#388,c.[12T>C;15G>A;27A>G;33G>C;45C>T;52C>T;54T>G;78C>G;105T>C;114C>G],NA,p.Arg18Trp,2.6440325887867644,2.598043889285131,2.7021914196442176
urn:mavedb:00000234-0-1#389,c.[12T>C;15G>A;27A>G;33G>C;45C>T;52C>T;53G>A;54T>C;78C>G;105T>C;114C>G],NA,p.Arg18Tyr,2.6675274133662303,2.621295688552946,2.709350147698112
urn:mavedb:00000234-0-1#390,c.[12T>C;15G>A;27A>G;33G>C;45C>T;52C>T;53G>T;54T>C;78C>G;105T>C;114C>G],NA,p.Arg18Phe,2.599837329546005,2.558886306383295,2.6422212156212224
urn:mavedb:00000234-0-1#391,c.[12T>C;15G>A;27A>G;33G>C;45C>T;53G>C;54T>G;78C>G;105T>C;114C>G],NA,p.Arg18Pro,1.9831896243979967,1.928760869936828,2.0425927589820088
urn:mavedb:00000234-0-1#392,c.[9T>G;12T>C;18G>A;21A>G;24C>G;30G>A;45C>T;52C>T;54T>C;78C>G;105T>C;114C>G;126G>A],NA,p.Arg18Cys,2.36192694149626,2.2191551819859896,2.61350756957447
urn:mavedb:00000234-0-1#393,c.[6T>C;12T>C;18G>A;24C>G;45C>T;51_52insGGT;78C>G;105T>C;114C>G;126G>A],NA,p.Thr17_Arg18insGly,0.2975786712193982,0.176436198291733,0.4283448755392777
urn:mavedb:00000234-0-1#394,c.[6T>C;12T>C;15G>A;27A>G;33G>C;39C>T;51_52insGCT;63G>T;78C>G;105T>C;114C>G;120C>T;126G>A],NA,p.Thr17_Arg18insAla,0.5555976881674898,0.459561130444675,0.626476827484723
urn:mavedb:00000234-0-1#395,c.[12T>C;18G>A;21A>G;27A>G;33G>C;45C>T;52_54del;78C>G;105T>C;114C>G;117G>C],NA,p.Arg18del,-0.3070104910819849,-0.4573804435157217,-0.2526834921364279
urn:mavedb:00000234-0-1#396,c.[12T>C;15G>A;27A>G;33G>C;45C>T;55G>C;57A>G;78C>G;105T>C;114C>G],NA,p.Glu19Gln,3.127847042538276,3.06053173244359,3.188080276924014
urn:mavedb:00000234-0-1#397,c.[12T>C;15G>A;27A>G;33G>C;45C>T;55G>A;57A>C;78C>G;105T>C;114C>G],NA,p.Glu19Asn,3.07727910112986,3.022736507491886,3.1179744787450536
urn:mavedb:00000234-0-1#398,c.[12T>C;15G>A;27A>G;33G>C;45C>T;55G>C;57A>C;78C>G;105T>C;114C>G],NA,p.Glu19His,3.1589469975392483,3.1198038020604657,3.201866243773022
urn:mavedb:00000234-0-1#399,c.[12T>C;15G>A;27A>G;33G>C;45C>T;57A>C;78C>G;105T>C;114C>G],NA,p.Glu19Asp,3.157335756823075,3.120331155269215,3.195292249602016
urn:mavedb:00000234-0-1#400,c.[12T>C;15G>A;27A>G;33G>C;45C>T;55G>C;56A>G;57A>T;78C>G;105T>C;114C>G],NA,p.Glu19Arg,3.0518390518330945,3.0091664901026425,3.0901951942905863
urn:mavedb:00000234-0-1#401,c.[12T>C;15G>A;27A>G;33G>C;45C>T;55G>A;78C>G;105T>C;114C>G],NA,p.Glu19Lys,3.052917950236086,2.983467259680205,3.1071600838190223
urn:mavedb:00000234-0-1#402,c.[12T>C;15G>A;27A>G;33G>C;45C>T;55G>A;56A>C;57A>C;78C>G;105T>C;114C>G],NA,p.Glu19Thr,3.01662046650325,2.982605113481005,3.046539420934288
urn:mavedb:00000234-0-1#403,c.[12T>C;15G>A;27A>G;33G>C;45C>T;55G>T;56A>C;57A>T;78C>G;105T>C;114C>G],NA,p.Glu19Ser,3.080442326138679,3.040850223964848,3.129043912419818
urn:mavedb:00000234-0-1#404,c.[12T>C;15G>A;21A>G;27A>G;30G>A;45C>T;56A>C;57A>T;60C>T;78C>G;105T>C;114C>G],NA,p.Glu19Ala,3.217745821835984,3.1595712942762155,3.278572281343772
urn:mavedb:00000234-0-1#405,c.[12T>C;15G>A;27A>G;33G>C;45C>T;56A>G;57A>T;78C>G;105T>C;114C>G],NA,p.Glu19Gly,2.976663555754347,2.9244244981640874,3.019039236490884
urn:mavedb:00000234-0-1#406,c.[12T>C;15G>A;27A>G;33G>C;45C>T;55G>A;56A>T;57A>G;78C>G;105T>C;114C>G],NA,p.Glu19Met,2.9612223803252262,2.907380441728421,2.9966523169442603
urn:mavedb:00000234-0-1#407,c.[12T>C;15G>A;27A>G;33G>C;45C>T;55G>C;56A>T;57A>G;78C>G;105T>C;114C>G],NA,p.Glu19Leu,3.0693869684162687,3.022237492347312,3.107923816316513
urn:mavedb:00000234-0-1#408,c.[12T>C;15G>A;27A>G;33G>C;45C>T;56A>T;57A>T;78C>G;105T>C;114C>G],NA,p.Glu19Val,2.99909431489528,2.95698488387882,3.035358388557114
urn:mavedb:00000234-0-1#409,c.[12T>C;15G>A;27A>G;33G>C;45C>T;55G>A;56A>T;57A>C;78C>G;105T>C;114C>G],NA,p.Glu19Ile,2.919107240609546,2.837581101096609,3.007936643590991
urn:mavedb:00000234-0-1#410,c.[12T>C;15G>A;27A>G;33G>C;45C>T;55G>T;56A>G;57A>G;78C>G;105T>C;114C>G],NA,p.Glu19Trp,3.493821510023253,3.4161428433739816,3.5650735166064265
urn:mavedb:00000234-0-1#411,c.[12T>C;15G>A;27A>G;33G>C;45C>T;55G>T;57A>C;78C>G;105T>C;114C>G],NA,p.Glu19Tyr,3.295491432546348,3.2494727942556474,3.3381817116670724
urn:mavedb:00000234-0-1#412,c.[12T>C;15G>A;27A>G;33G>C;45C>T;55G>T;56A>T;57A>C;78C>G;105T>C;114C>G],NA,p.Glu19Phe,3.204331338406998,3.177185799315457,3.2357686115379174
urn:mavedb:00000234-0-1#413,c.[12T>C;15G>A;18G>A;27A>G;33G>C;45C>T;55G>C;56A>C;57A>G;72G>T;78C>G;105T>C;114C>G],NA,p.Glu19Pro,2.785227994779984,2.710395309288008,2.859778705589834
urn:mavedb:00000234-0-1#414,c.[3T>C;6T>C;12T>C;15G>A;18G>A;21A>G;27A>G;30G>A;33G>C;45C>T;54_55insGGT;78C>G;105T>C;114C>G],NA,p.Arg18_Glu19insGly,-0.1522312506346894,-0.2057138406199417,-0.0336529951579722
urn:mavedb:00000234-0-1#415,c.[3T>C;9T>G;12T>C;18G>A;24C>G;27A>G;45C>T;54_55insGCG;57A>G;69A>G;78C>G;105T>C],NA,p.Arg18_Glu19insAla,0.1538973015877722,0.0904765766920622,0.2156104774635627
urn:mavedb:00000234-0-1#416,c.[3T>C;18G>A;21A>G;27A>G;45C>T;54T>C;55_57del;60C>T;78C>G;90C>T;114C>G],NA,p.Glu19del,0.3547881173249883,0.2995111541783889,0.4125140852372713
urn:mavedb:00000234-0-1#417,c.[12T>C;15G>A;21A>G;27A>G;30G>A;45C>T;60C>A;78C>G;102G>T;105T>C;114C>G],NA,p.His20Gln,3.064078800437584,3.033640117379354,3.097403559590681
urn:mavedb:00000234-0-1#418,c.[12T>C;15G>A;27A>G;33G>C;45C>T;58C>G;60C>A;78C>G;105T>C;114C>G],NA,p.His20Glu,2.5448350829757422,2.506973170526845,2.5790913337367654
urn:mavedb:00000234-0-1#419,c.[12T>C;15G>A;27A>G;33G>C;45C>T;58C>A;78C>G;105T>C;114C>G],NA,p.His20Asn,2.957094399721788,2.9163837500627485,3.0075180201891727
urn:mavedb:00000234-0-1#420,c.[12T>C;15G>A;27A>G;33G>C;45C>T;58C>G;78C>G;105T>C;114C>G],NA,p.His20Asp,2.678983977159928,2.619303045022394,2.733332185754883
urn:mavedb:00000234-0-1#421,c.[12T>C;15G>A;27A>G;33G>C;45C>T;59A>G;60C>T;78C>G;105T>C;114C>G],NA,p.His20Arg,3.795976967425065,3.752675588002778,3.830161861431847
urn:mavedb:00000234-0-1#422,c.[12T>C;15G>A;27A>G;33G>C;45C>T;58C>A;60C>A;78C>G;105T>C;114C>G],NA,p.His20Lys,3.240332761659724,3.1683429129320424,3.297615373444986
urn:mavedb:00000234-0-1#423,c.[12T>C;15G>A;27A>G;45C>T;58C>A;59A>C;60C>T;78C>G;105T>C;114C>G],NA,p.His20Thr,2.67677983355723,2.63699403839817,2.721312429449753
urn:mavedb:00000234-0-1#424,c.[3T>C;12T>C;15G>A;27A>G;33G>C;45C>T;58C>T;59A>C;60C>T;75G>C;78C>G;105T>C;114C>G],NA,p.His20Ser,3.122191838196453,3.0824979027770136,3.170174556164311
urn:mavedb:00000234-0-1#425,c.[12T>C;15G>A;27A>G;33G>C;45C>T;58C>G;59A>C;60C>G;78C>G;105T>C;114C>G],NA,p.His20Ala,3.39619780503684,3.3302661254920247,3.4564035356912983
urn:mavedb:00000234-0-1#426,c.[12T>C;15G>A;27A>G;33G>C;45C>T;58C>G;59A>G;60C>T;78C>G;105T>C;114C>G],NA,p.His20Gly,2.4116736264579823,2.364516806424481,2.484963650496956
urn:mavedb:00000234-0-1#427,c.[12T>C;15G>A;27A>G;33G>C;45C>T;58C>A;59A>T;60C>G;78C>G;105T>C;114C>G],NA,p.His20Met,3.6249907469277662,3.582675521619442,3.671807445251539
urn:mavedb:00000234-0-1#428,c.[12T>C;15G>A;27A>G;33G>C;45C>T;59A>T;60C>G;78C>G;105T>C;114C>G],NA,p.His20Leu,3.86197157371831,3.8004403189812335,3.926973829722977
urn:mavedb:00000234-0-1#429,c.[12T>C;15G>A;27A>G;33G>C;45C>T;58C>G;59A>T;60C>T;78C>G;105T>C;114C>G],NA,p.His20Val,3.18266855028281,3.135219165613673,3.233825075450106
urn:mavedb:00000234-0-1#430,c.[12T>C;15G>A;27A>G;45C>T;48C>T;58C>A;59A>T;63G>T;78C>G;105T>C;114C>G],NA,p.His20Ile,3.3877332279435945,3.3491254875313987,3.449563080878878
urn:mavedb:00000234-0-1#431,c.[12T>C;15G>A;27A>G;33G>C;45C>T;58C>T;59A>G;60C>G;78C>G;105T>C;114C>G],NA,p.His20Trp,3.460782406842796,3.419601805273689,3.494163007656421
urn:mavedb:00000234-0-1#432,c.[12T>C;15G>A;27A>G;33G>C;45C>T;58C>T;78C>G;105T>C;114C>G],NA,p.His20Tyr,3.044820192006388,2.9904960948662924,3.109014040965204
urn:mavedb:00000234-0-1#433,c.[12T>C;15G>A;27A>G;33G>C;45C>T;58C>T;59A>T;78C>G;105T>C;114C>G],NA,p.His20Phe,3.423203707672319,3.3917493020961937,3.4706600541546027
urn:mavedb:00000234-0-1#434,c.[12T>C;15G>A;27A>G;33G>C;45C>T;59A>C;60C>G;78C>G;105T>C;114C>G],NA,p.His20Pro,2.1163698192883063,2.078622256037147,2.1597428892153334
urn:mavedb:00000234-0-1#435,c.[6T>C;9T>G;18G>A;24C>G;27A>G;30G>A;45C>T;57A>G;58C>T;59A>G;78C>G;99G>A;105T>C;114C>G;123C>T],NA,p.His20Cys,3.04699982289056,2.8871550845372025,3.162492023569968
urn:mavedb:00000234-0-1#436,c.[12T>C;21A>G;27A>G;30G>A;45C>T;57_58insGGT;78C>G;105T>C;114C>G],NA,p.Glu19_His20insGly,0.0451731639312381,-0.0514174457128156,0.1276969714413918
urn:mavedb:00000234-0-1#437,c.[6T>C;12T>C;15G>A;24C>G;45C>T;57_58insGCG;78C>G;105T>C;114C>G],NA,p.Glu19_His20insAla,0.1350033534508902,0.0085155153600697,0.2613878432468124
urn:mavedb:00000234-0-1#438,c.[6T>C;12T>C;15G>A;27A>G;33G>C;39C>T;45C>T;51C>T;58_60del;105T>C;108A>G],NA,p.His20del,0.4786031689230562,0.3754164843575871,0.5533719081222588
urn:mavedb:00000234-0-1#439,c.[6T>C;27A>G;45C>T;61G>C;62C>A;75G>C;78C>G;81C>T;105T>C;111C>T;114C>G],NA,p.Ala21Gln,-0.3643443941353904,-0.4727748164812049,-0.2536358721838354
urn:mavedb:00000234-0-1#440,c.[12T>C;15G>A;27A>G;33G>C;45C>T;62C>A;63G>A;78C>G;105T>C;114C>G],NA,p.Ala21Glu,-0.2468025690417435,-0.4066455825704211,-0.160730680478866
urn:mavedb:00000234-0-1#441,c.[12T>C;15G>A;27A>G;33G>C;45C>T;61G>A;62C>A;63G>C;78C>G;105T>C;114C>G],NA,p.Ala21Asn,-0.5008696406384906,-0.6735729694867906,-0.3659628594631496
urn:mavedb:00000234-0-1#442,c.[12T>C;15G>A;21A>G;27A>G;30G>A;45C>T;61G>C;62C>A;63G>C;78C>G;84C>T;105T>C;114C>G],NA,p.Ala21His,-0.462657339281684,-0.5136901545579262,-0.4185730959630048
urn:mavedb:00000234-0-1#443,c.[12T>C;15G>A;27A>G;33G>C;45C>T;62C>A;63G>C;78C>G;105T>C;114C>G],NA,p.Ala21Asp,-0.4325521723377435,-0.5306184319860536,-0.3130585135892302
urn:mavedb:00000234-0-1#444,c.[12T>C;15G>A;27A>G;45C>T;61G>C;62C>G;63G>T;78C>G;84C>T;105T>C;114C>G],NA,p.Ala21Arg,-1.427927886686286,-1.552340907308315,-1.193184404064353
urn:mavedb:00000234-0-1#445,c.[12T>C;15G>A;27A>G;33G>C;45C>T;61G>A;62C>A;63G>A;78C>G;105T>C;114C>G],NA,p.Ala21Lys,-0.9900993523137214,-1.188820213985421,-0.8257105536687247
urn:mavedb:00000234-0-1#446,c.[12T>C;15G>A;21A>G;27A>G;30G>A;45C>T;61G>A;63G>C;78C>G;90C>T;96A>G;105T>C;114C>G],NA,p.Ala21Thr,1.768671509442196,1.727464283365315,1.8122100516116528
urn:mavedb:00000234-0-1#447,c.[12T>C;15G>A;27A>G;33G>C;45C>T;61G>T;63G>T;78C>G;105T>C;114C>G],NA,p.Ala21Ser,3.01007365170077,2.9718120703855377,3.0483828240473594
urn:mavedb:00000234-0-1#448,c.[12T>C;15G>A;27A>G;33G>C;45C>T;62C>G;63G>T;78C>G;105T>C;114C>G],NA,p.Ala21Gly,1.943267775768445,1.9065880483952968,1.9931640776914104
urn:mavedb:00000234-0-1#449,c.[12T>C;15G>A;27A>G;33G>C;45C>T;61G>A;62C>T;78C>G;105T>C;114C>G],NA,p.Ala21Met,0.6303314791568566,0.5929876089414778,0.6669830640743639
urn:mavedb:00000234-0-1#450,c.[12T>C;15G>A;21A>G;27A>G;30G>A;45C>T;61G>C;62C>T;63G>C;78C>G;84C>T;105T>C;114C>G],NA,p.Ala21Leu,1.1629188092270228,1.0930095361154026,1.2131464074108038
urn:mavedb:00000234-0-1#451,c.[12T>C;15G>A;27A>G;33G>C;45C>T;62C>T;63G>T;78C>G;105T>C;114C>G],NA,p.Ala21Val,3.504296302877297,3.459365649918349,3.542933835378799
urn:mavedb:00000234-0-1#452,c.[12T>C;15G>A;27A>G;33G>C;45C>T;61G>A;62C>T;63G>C;78C>G;105T>C;114C>G],NA,p.Ala21Ile,2.739539419734636,2.650314196536023,2.8186859036165
urn:mavedb:00000234-0-1#453,c.[12T>C;15G>A;27A>G;33G>C;45C>T;61G>T;62C>G;78C>G;105T>C;114C>G],NA,p.Ala21Trp,0.6408920088135099,0.5380290097175061,0.7183256297028482
urn:mavedb:00000234-0-1#454,c.[12T>C;15G>A;27A>G;33G>C;45C>T;61G>T;62C>A;63G>C;78C>G;105T>C;114C>G],NA,p.Ala21Tyr,0.1578795899092442,0.0532009012689804,0.2185817813247123
urn:mavedb:00000234-0-1#455,c.[12T>C;15G>A;27A>G;33G>C;45C>T;61G>T;62C>T;63G>C;78C>G;105T>C;114C>G],NA,p.Ala21Phe,0.4608074760512939,0.3751654382886958,0.523565493282179
urn:mavedb:00000234-0-1#456,c.[12T>C;15G>A;27A>G;45C>T;61G>C;78C>G;84C>T;105T>C;114C>G],NA,p.Ala21Pro,-0.590135616589804,-0.6674239440434222,-0.4248521247604035
urn:mavedb:00000234-0-1#457,c.[12T>C;15G>A;27A>G;33G>C;45C>T;60_61insGGT;78C>G;105T>C;108A>G;117G>C;126G>A],NA,p.His20_Ala21insGly,-0.2365614636179841,-0.334949961644697,-0.131542394482427
urn:mavedb:00000234-0-1#458,c.[21A>G;45C>T;60_61insGCG;105T>C;114C>G],NA,p.His20_Ala21insAla,0.4337192478224408,0.3208467962382546,0.4903358330193268
urn:mavedb:00000234-0-1#459,c.[24C>G;30G>A;45C>T;61_63del;75G>C;78C>G;105T>C;114C>G],NA,p.Ala21del,0.1806338294869036,0.1227906222223065,0.2613977401707096
urn:mavedb:00000234-0-1#460,c.[12T>C;15G>A;27A>G;33G>C;45C>T;64A>C;65T>A;78C>G;105T>C;120C>T],NA,p.Met22Gln,2.6110534893847834,2.571151185332932,2.664986762266406
urn:mavedb:00000234-0-1#461,c.[12T>C;15G>A;27A>G;33G>C;45C>T;64A>G;65T>A;66G>A;78C>G;105T>C;114C>G],NA,p.Met22Glu,2.902827931877609,2.870256127165327,2.941356492837921
urn:mavedb:00000234-0-1#462,c.[12T>C;15G>A;27A>G;33G>C;45C>T;65T>A;66G>C;78C>G;105T>C;114C>G],NA,p.Met22Asn,2.1018669459740043,2.045772845435245,2.1638148684533856
urn:mavedb:00000234-0-1#463,c.[12T>C;15G>A;27A>G;33G>C;45C>T;64A>C;65T>A;66G>C;75G>C;78C>G;105T>C;114C>G],NA,p.Met22His,2.4900238057716577,2.452849760222138,2.5296905333622584
urn:mavedb:00000234-0-1#464,c.[12T>C;15G>A;27A>G;33G>C;45C>T;63G>T;64A>G;65T>A;66G>C;78C>G;105T>C;114C>G],NA,p.Met22Asp,0.9631202706192236,0.8995602587083164,1.0454404680190514
urn:mavedb:00000234-0-1#465,c.[12T>C;15G>A;21A>G;27A>G;30G>A;45C>T;60C>T;64A>C;65T>G;66G>T;78C>G;105T>C;114C>G],NA,p.Met22Arg,2.71222611993353,2.6726158026857503,2.756862546495332
urn:mavedb:00000234-0-1#466,c.[12T>C;15G>A;27A>G;33G>C;45C>T;65T>A;66G>A;78C>G;105T>C;114C>G],NA,p.Met22Lys,2.4727694179602047,2.412093541246873,2.5246817718936603
urn:mavedb:00000234-0-1#467,c.[12T>C;15G>A;21A>G;27A>G;30G>A;45C>T;65T>C;66G>T;78C>G;105T>C;108A>G;114C>G],NA,p.Met22Thr,3.299478831830521,3.267699421204412,3.3314790068766587
urn:mavedb:00000234-0-1#468,c.[12T>C;15G>A;27A>G;33G>C;45C>T;64A>T;65T>C;66G>T;78C>G;105T>C;114C>G],NA,p.Met22Ser,2.5733049539159385,2.525467020839016,2.6012374002376704
urn:mavedb:00000234-0-1#469,c.[12T>C;15G>A;27A>G;45C>T;54T>C;64A>G;65T>C;66G>T;78C>G;105T>C;114C>G],NA,p.Met22Ala,2.6562060238074263,2.5967756267496225,2.707221732202074
urn:mavedb:00000234-0-1#470,c.[12T>C;15G>A;27A>G;45C>T;64A>G;65T>G;66G>T;69A>G;78C>G;105T>C;114C>G],NA,p.Met22Gly,1.5785388775916875,1.5065691904972651,1.6570307203357793
urn:mavedb:00000234-0-1#471,c.[12T>C;15G>A;27A>G;33G>C;45C>T;64A>C;78C>G;105T>C;114C>G],NA,p.Met22Leu,3.100546005471035,3.064582031032675,3.1363497467530155
urn:mavedb:00000234-0-1#472,c.[12T>C;15G>A;27A>G;33G>C;45C>T;64A>G;66G>T;78C>G;105T>C;114C>G],NA,p.Met22Val,3.069492350515288,3.043086137760349,3.1048681891140046
urn:mavedb:00000234-0-1#473,c.[12T>C;15G>A;27A>G;33G>C;45C>T;66G>C;78C>G;105T>C;114C>G],NA,p.Met22Ile,3.306528307434948,3.254942707487017,3.3475074080899576
urn:mavedb:00000234-0-1#474,c.[12T>C;15G>A;27A>G;45C>T;63G>T;64A>T;65T>G;78C>G;105T>C;114C>G],NA,p.Met22Trp,2.8930051675768422,2.841989602762716,2.939942510531832
urn:mavedb:00000234-0-1#475,c.[12T>C;15G>A;27A>G;33G>C;45C>T;64A>T;65T>A;66G>C;78C>G;105T>C;114C>G],NA,p.Met22Tyr,2.931530441168425,2.894665878773217,2.967148857961552
urn:mavedb:00000234-0-1#476,c.[12T>C;15G>A;27A>G;33G>C;45C>T;64A>T;66G>C;78C>G;105T>C;114C>G;120C>T],NA,p.Met22Phe,2.8095913191788977,2.763284948535228,2.84666633397505
urn:mavedb:00000234-0-1#477,c.[12T>C;15G>A;27A>G;45C>T;64A>C;65T>C;66G>A;78C>G;105T>C;114C>G],NA,p.Met22Pro,-0.6598007794946491,-0.7133626518051169,-0.5216518453360875
urn:mavedb:00000234-0-1#478,c.[12T>C;18G>A;21A>G;27A>G;33G>C;45C>T;63_64insGGT;78C>G;105T>C;114C>G],NA,p.Ala21_Met22insGly,-0.5755762198266564,-0.618326972089547,-0.4985086201011925
urn:mavedb:00000234-0-1#479,c.[3T>C;6T>C;12T>C;15G>A;21A>G;27A>G;30G>A;33G>C;45C>T;63_64insGCG;78C>G;105T>C;117G>C],NA,p.Ala21_Met22insAla,0.0557109444571915,-0.0726629559443345,0.1972620091240777
urn:mavedb:00000234-0-1#480,c.[15G>A;21A>G;45C>T;63G>T;64_66del;78C>G;105T>C;114C>G],NA,p.Met22del,0.4212089820583637,0.3254165758294827,0.5316855600005662
urn:mavedb:00000234-0-1#481,c.[12T>C;15G>A;27A>G;33G>C;45C>T;67G>C;69A>G;78C>G;105T>C;114C>G],NA,p.Glu23Gln,3.0043494325791453,2.9491839218467084,3.0577817935525125
urn:mavedb:00000234-0-1#482,c.[12T>C;15G>A;27A>G;33G>C;45C>T;67G>A;69A>C;78C>G;105T>C;114C>G],NA,p.Glu23Asn,2.83793848857628,2.8068368884048045,2.882123167181372
urn:mavedb:00000234-0-1#483,c.[12T>C;15G>A;27A>G;33G>C;45C>T;67G>C;69A>C;78C>G;105T>C;114C>G],NA,p.Glu23His,3.059987467299867,3.018496852339037,3.0979173664959325
urn:mavedb:00000234-0-1#484,c.[12T>C;15G>A;27A>G;33G>C;45C>T;69A>C;78C>G;105T>C;114C>G],NA,p.Glu23Asp,2.624457374503435,2.5697149032564903,2.67226418984132
urn:mavedb:00000234-0-1#485,c.[12T>C;15G>A;27A>G;33G>C;45C>T;67G>C;68A>G;69A>T;78C>G;105T>C;114C>G],NA,p.Glu23Arg,3.0457783977706354,3.0009164176311507,3.08787087984538
urn:mavedb:00000234-0-1#486,c.[12T>C;15G>A;27A>G;33G>C;45C>T;67G>A;78C>G;105T>C;114C>G],NA,p.Glu23Lys,2.7506633029228738,2.715305858529207,2.8003287458790567
urn:mavedb:00000234-0-1#487,c.[12T>C;15G>A;27A>G;33G>C;45C>T;67G>A;68A>C;69A>C;78C>G;105T>C;114C>G],NA,p.Glu23Thr,3.028733893647055,2.9868762348518825,3.067158276331672
urn:mavedb:00000234-0-1#488,c.[12T>C;15G>A;27A>G;33G>C;45C>T;67G>T;68A>C;69A>T;78C>G;105T>C;114C>G],NA,p.Glu23Ser,2.7232737108491394,2.6809875135196464,2.778167261748796
urn:mavedb:00000234-0-1#489,c.[12T>C;15G>A;27A>G;45C>T;68A>C;69A>G;72G>T;75G>C;78C>G;105T>C;114C>G],NA,p.Glu23Ala,2.834148671292197,2.794217124630704,2.883388046986689
urn:mavedb:00000234-0-1#490,c.[12T>C;15G>A;27A>G;33G>C;45C>T;68A>G;69A>T;78C>G;105T>C;114C>G],NA,p.Glu23Gly,2.268908996883682,2.231687330622885,2.323232071944207
urn:mavedb:00000234-0-1#491,c.[12T>C;15G>A;27A>G;33G>C;45C>T;67G>A;68A>T;69A>G;78C>G;105T>C;114C>G],NA,p.Glu23Met,3.137179316354082,3.0899952406415045,3.185986890921608
urn:mavedb:00000234-0-1#492,c.[12T>C;15G>A;27A>G;33G>C;45C>T;67G>C;68A>T;69A>G;78C>G;105T>C;114C>G],NA,p.Glu23Leu,3.088296462440205,3.051982407613784,3.125691465051952
urn:mavedb:00000234-0-1#493,c.[12T>C;15G>A;27A>G;33G>C;45C>T;68A>T;69A>T;78C>G;105T>C;114C>G],NA,p.Glu23Val,3.001825591919854,2.9697037092228125,3.0491390855350247
urn:mavedb:00000234-0-1#494,c.[12T>C;15G>A;27A>G;33G>C;45C>T;67G>A;68A>T;69A>C;78C>G;105T>C;114C>G],NA,p.Glu23Ile,3.0812938343544705,3.026988795956488,3.122545482696853
urn:mavedb:00000234-0-1#495,c.[12T>C;15G>A;27A>G;33G>C;45C>T;67G>T;68A>G;69A>G;78C>G;105T>C;114C>G],NA,p.Glu23Trp,3.5705840340610564,3.52770949691832,3.622608422846234
urn:mavedb:00000234-0-1#496,c.[12T>C;15G>A;27A>G;33G>C;45C>T;67G>T;69A>C;78C>G;105T>C;114C>G],NA,p.Glu23Tyr,3.5449838530861424,3.499162383115492,3.597715370290986
urn:mavedb:00000234-0-1#497,c.[12T>C;15G>A;27A>G;33G>C;45C>T;67G>T;68A>T;69A>C;78C>G;105T>C;114C>G],NA,p.Glu23Phe,3.431100268496211,3.3804841379630672,3.481725338046246
urn:mavedb:00000234-0-1#498,c.[12T>C;15G>A;27A>G;45C>T;67G>C;68A>C;69A>G;72G>T;75G>C;78C>G;105T>C;114C>G],NA,p.Glu23Pro,0.8256188645207955,0.7799385511439578,0.8990340018039309
urn:mavedb:00000234-0-1#499,c.[3T>C;12T>C;18G>A;45C>T;67G>T;68A>G;69A>C;72G>T;78C>G;99G>A;105T>C;114C>G;126G>A],NA,p.Glu23Cys,2.9069867584205378,2.745767938451842,3.0634249965450544
urn:mavedb:00000234-0-1#500,c.[12T>C;15G>A;18G>A;21A>G;24C>G;30G>A;45C>T;66_67insGGT;78C>G;114C>G],NA,p.Met22_Glu23insGly,-0.2084610732705746,-0.3904531107775577,-0.1408853443815793
urn:mavedb:00000234-0-1#501,c.[18G>A;24C>G;27A>G;30G>A;39C>T;45C>T;57A>G;66_67insGCG;69A>G;75G>C;78C>G;105T>C;108A>G;114C>G;117G>C;126G>A],NA,p.Met22_Glu23insAla,-0.1447802851445893,-0.2089369129332789,-0.0519268133682499
urn:mavedb:00000234-0-1#502,c.[15G>A;24C>G;27A>G;45C>T;67_69del;78C>G;105T>C;114C>G;126G>A],NA,p.Glu23del,0.7767295632452949,0.6652181116879172,0.8648168903843998
urn:mavedb:00000234-0-1#503,c.[12T>C;18G>A;21A>G;30G>A;33G>C;45C>T;70G>C;71C>A;78C>G;96A>G;105T>C;114C>G],NA,p.Ala24Gln,0.3635275003745657,0.2686477353331962,0.4211931059837339
urn:mavedb:00000234-0-1#504,c.[12T>C;15G>A;27A>G;33G>C;45C>T;71C>A;72G>A;78C>G;105T>C;114C>G],NA,p.Ala24Glu,0.0774523038229205,0.0155706153919281,0.1693523503172736
urn:mavedb:00000234-0-1#505,c.[12T>C;15G>A;27A>G;45C>T;70G>A;71C>A;72G>C;78C>G;105T>C;114C>G;117G>C],NA,p.Ala24Asn,0.1189216343242656,0.0580434131798029,0.2333642466248719
urn:mavedb:00000234-0-1#506,c.[12T>C;18G>A;21A>G;27A>G;45C>T;69A>G;70G>C;71C>A;72G>T;78C>G;105T>C;114C>G;117G>C],NA,p.Ala24His,0.5111331959186756,0.4277626576409831,0.6021261055429832
urn:mavedb:00000234-0-1#507,c.[12T>C;15G>A;27A>G;45C>T;71C>A;72G>C;78C>G;105T>C;114C>G;117G>C],NA,p.Ala24Asp,0.0611936025471215,-0.0208098961088773,0.2080984042835095
urn:mavedb:00000234-0-1#508,c.[12T>C;15G>A;27A>G;33G>C;45C>T;70G>C;71C>G;72G>T;78C>G;105T>C;114C>G],NA,p.Ala24Arg,0.5049336670806587,0.4412341577904362,0.5667128753637349
urn:mavedb:00000234-0-1#509,c.[12T>C;15G>A;27A>G;33G>C;45C>T;70G>A;71C>A;72G>A;78C>G;105T>C;114C>G],NA,p.Ala24Lys,0.3863042410496436,0.3080614884055178,0.4481401265149153
urn:mavedb:00000234-0-1#510,c.[12T>C;15G>A;27A>G;45C>T;70G>A;72G>C;78C>G;105T>C;114C>G;117G>C],NA,p.Ala24Thr,0.5408525650384847,0.4579295467557641,0.6154948034008254
urn:mavedb:00000234-0-1#511,c.[12T>C;15G>A;27A>G;33G>C;45C>T;70G>T;72G>T;78C>G;105T>C;114C>G],NA,p.Ala24Ser,1.4843460757236642,1.4224291612661069,1.542414404514014
urn:mavedb:00000234-0-1#512,c.[12T>C;15G>A;27A>G;33G>C;45C>T;71C>G;72G>T;78C>G;105T>C;114C>G],NA,p.Ala24Gly,1.8609479353822351,1.8060932844040336,1.939854735089805
urn:mavedb:00000234-0-1#513,c.[12T>C;15G>A;27A>G;45C>T;70G>A;71C>T;105T>C;114C>G],NA,p.Ala24Met,0.6027031565411662,0.5252903057367023,0.6522360952710017
urn:mavedb:00000234-0-1#514,c.[12T>C;24C>G;27A>G;45C>T;70G>C;71C>T;105T>C;114C>G],NA,p.Ala24Leu,0.5908748829406952,0.5087111158890718,0.6761270811100796
urn:mavedb:00000234-0-1#515,c.[12T>C;15G>A;27A>G;33G>C;45C>T;71C>T;72G>T;78C>G;105T>C;114C>G],NA,p.Ala24Val,0.8514943590990325,0.7454614700211621,0.9104060331658312
urn:mavedb:00000234-0-1#516,c.[12T>C;15G>A;27A>G;45C>T;70G>A;71C>T;72G>C;78C>G;105T>C;114C>G;117G>C],NA,p.Ala24Ile,0.5519761399413118,0.4570460582756798,0.6256627320676361
urn:mavedb:00000234-0-1#517,c.[12T>C;15G>A;27A>G;33G>C;45C>T;70G>T;71C>G;78C>G;105T>C;114C>G],NA,p.Ala24Trp,0.8024283150793478,0.7415020018189099,0.8733294242518472
urn:mavedb:00000234-0-1#518,c.[12T>C;15G>A;21A>G;27A>G;30G>A;45C>T;70G>T;71C>A;72G>T;78C>G;105T>C;114C>G;117G>C],NA,p.Ala24Tyr,0.7171243581702706,0.6625748429739853,0.7751347595149063
urn:mavedb:00000234-0-1#519,c.[12T>C;15G>A;21A>G;27A>G;30G>A;45C>T;70G>T;71C>T;72G>T;78C>G;105T>C;114C>G;117G>C],NA,p.Ala24Phe,0.8062695845629588,0.7358308893251727,0.8768366119266447
urn:mavedb:00000234-0-1#520,c.[12T>C;15G>A;27A>G;33G>C;45C>T;70G>C;78C>G;105T>C;114C>G],NA,p.Ala24Pro,-1.5065562579735718,-1.5933929542455667,-1.3568559676527083
urn:mavedb:00000234-0-1#521,c.[3T>C;12T>C;18G>A;24C>G;27A>G;30G>A;33G>C;45C>T;69A>G;70G>T;71C>G;72G>C;78C>G;105T>C;111C>T;114C>G;120C>T;123C>T;126G>A],NA,p.Ala24Cys,1.038440148643949,0.7739940389402323,1.3317505737133932
urn:mavedb:00000234-0-1#522,c.[12T>C;15G>A;18G>A;24C>G;45C>T;60C>T;69_70insGGT;78C>G;105T>C;114C>G],NA,p.Glu23_Ala24insGly,-0.1604919794239862,-0.2513063117042144,-0.0867547722512542
urn:mavedb:00000234-0-1#523,c.[3T>C;12T>C;15G>A;18G>A;21A>G;27A>G;45C>T;69_70insGCG;78C>G;105T>C;111C>T;114C>G;123C>T],NA,p.Glu23_Ala24insAla,0.3693596998548705,0.2358921476445903,0.4447348117725488
urn:mavedb:00000234-0-1#524,c.[21A>G;27A>G;30G>A;45C>T;57A>G;70_72del;75G>C;78C>G;105T>C;114C>G;126G>A],NA,p.Ala24del,0.6377126126366759,0.5746615206646235,0.7256972200171046
urn:mavedb:00000234-0-1#525,c.[12T>C;15G>A;27A>G;45C>T;74T>A;105T>C;114C>G],NA,p.Leu25Gln,0.8746880156095033,0.7821476792284647,0.9769244803360267
urn:mavedb:00000234-0-1#526,c.[12T>C;15G>A;27A>G;33G>C;45C>T;73C>G;74T>A;75G>A;78C>G;105T>C;114C>G],NA,p.Leu25Glu,-0.3515477958051464,-0.4018248000627697,-0.2489404371613711
urn:mavedb:00000234-0-1#527,c.[12T>C;15G>A;27A>G;33G>C;45C>T;73C>A;74T>A;75G>C;78C>G;105T>C;114C>G],NA,p.Leu25Asn,-0.0287703509251934,-0.1387534027878404,0.0840356044920738
urn:mavedb:00000234-0-1#528,c.[12T>C;15G>A;27A>G;33G>C;45C>T;74T>A;75G>C;78C>G;105T>C;114C>G],NA,p.Leu25His,0.6831726448399384,0.6015612549136962,0.7641762162968919
urn:mavedb:00000234-0-1#529,c.[12T>C;15G>A;27A>G;33G>C;45C>T;73C>G;74T>A;75G>C;78C>G;105T>C;114C>G],NA,p.Leu25Asp,-0.5773365070862759,-0.6772321655516284,-0.4893312533867307
urn:mavedb:00000234-0-1#530,c.[12T>C;15G>A;27A>G;33G>C;45C>T;74T>G;75G>T;78C>G;105T>C;114C>G],NA,p.Leu25Arg,-0.16011473782458,-0.2038891724262734,-0.1221748976032517
urn:mavedb:00000234-0-1#531,c.[12T>C;15G>A;27A>G;33G>C;45C>T;73C>A;74T>A;75G>A;78C>G;105T>C;114C>G],NA,p.Leu25Lys,0.1441775952195007,0.0303966671435826,0.246396326937087
urn:mavedb:00000234-0-1#532,c.[12T>C;15G>A;27A>G;33G>C;45C>T;73C>A;74T>C;75G>C;78C>G;105T>C;114C>G],NA,p.Leu25Thr,1.0636580458051403,0.9997933022957852,1.111659200374837
urn:mavedb:00000234-0-1#533,c.[12T>C;15G>A;27A>G;33G>C;45C>T;73C>T;74T>C;75G>T;78C>G;105T>C;114C>G],NA,p.Leu25Ser,0.9046296014080456,0.8294540113559985,0.9538844802385238
urn:mavedb:00000234-0-1#534,c.[12T>C;15G>A;27A>G;33G>C;45C>T;73C>G;74T>C;78C>G;105T>C;114C>G],NA,p.Leu25Ala,1.1232465082229135,1.0609071511594623,1.194636774724299
urn:mavedb:00000234-0-1#535,c.[12T>C;15G>A;27A>G;33G>C;45C>T;73C>G;74T>G;75G>T;78C>G;105T>C;114C>G],NA,p.Leu25Gly,0.0100566087630381,-0.0824984888283888,0.081812732785189
urn:mavedb:00000234-0-1#536,c.[12T>C;15G>A;27A>G;33G>C;45C>T;73C>A;78C>G;105T>C;114C>G],NA,p.Leu25Met,2.4815264697401203,2.4137203919136754,2.554446624000375
urn:mavedb:00000234-0-1#537,c.[12T>C;15G>A;27A>G;33G>C;45C>T;73C>G;75G>T;78C>G;105T>C;114C>G],NA,p.Leu25Val,1.8102705175049087,1.7562930862620445,1.8778390427847644
urn:mavedb:00000234-0-1#538,c.[12T>C;15G>A;27A>G;33G>C;45C>T;73C>A;75G>C;78C>G;105T>C;114C>G],NA,p.Leu25Ile,2.550834259727361,2.4921254871492606,2.615311378828271
urn:mavedb:00000234-0-1#539,c.[12T>C;15G>A;27A>G;33G>C;45C>T;73C>T;74T>G;78C>G;105T>C;114C>G],NA,p.Leu25Trp,2.082416650087297,2.040524453168421,2.135273207889823
urn:mavedb:00000234-0-1#540,c.[12T>C;15G>A;27A>G;33G>C;45C>T;73C>T;74T>A;75G>C;78C>G;105T>C;114C>G],NA,p.Leu25Tyr,1.661777835838406,1.6247010032378857,1.7147116453527065
urn:mavedb:00000234-0-1#541,c.[12T>C;15G>A;27A>G;33G>C;45C>T;73C>T;75G>C;78C>G;105T>C;114C>G],NA,p.Leu25Phe,1.7491432519393015,1.7091165362596,1.7846569253594948
urn:mavedb:00000234-0-1#542,c.[12T>C;15G>A;27A>G;33G>C;45C>T;74T>C;78C>G;105T>C;114C>G],NA,p.Leu25Pro,-0.489890598311227,-0.7031028186072418,-0.4074286175912998
urn:mavedb:00000234-0-1#543,c.[3T>C;12T>C;15G>A;27A>G;33G>C;73C>T;74T>G;75G>C;78C>G;105T>C;114C>G],NA,p.Leu25Cys,1.9129227686542447,1.7254544198219186,2.197021595953908
urn:mavedb:00000234-0-1#544,c.[12T>C;18G>A;21A>G;24C>G;30G>A;33G>C;45C>T;72_73insGGT;78C>G;102G>T;105T>C;114C>G;126G>A],NA,p.Ala24_Leu25insGly,-0.0004342603798323,-0.0589146228537518,0.1080163799194222
urn:mavedb:00000234-0-1#545,c.[6T>C;12T>C;18G>A;21A>G;27A>G;33G>C;45C>T;63G>T;72_73insGCG;78C>G;105T>C;117G>C],NA,p.Ala24_Leu25insAla,0.3348761594322457,0.2576492424857826,0.4105522536389011
urn:mavedb:00000234-0-1#546,c.[3T>C;12T>C;15G>A;21A>G;27A>G;30G>A;45C>T;69A>G;73_75del;78C>G;96A>G;105T>C;114C>G],NA,p.Leu25del,0.2586134464497818,0.1912660662590596,0.3752095506819048
urn:mavedb:00000234-0-1#547,c.[12T>C;15G>A;27A>G;33G>C;45C>T;77T>A;78C>G;105T>C;114C>G],NA,p.Leu26Gln,2.8963170318504545,2.845013800030773,2.954593904699466
urn:mavedb:00000234-0-1#548,c.[12T>C;15G>A;27A>G;33G>C;45C>T;76C>G;77T>A;78C>A;105T>C;114C>G],NA,p.Leu26Glu,2.709658766298873,2.669869214316263,2.750266218243027
urn:mavedb:00000234-0-1#549,c.[12T>C;15G>A;27A>G;33G>C;45C>T;76C>A;77T>A;105T>C;114C>G],NA,p.Leu26Asn,2.625055456332711,2.5881058898154112,2.6721984458455523
urn:mavedb:00000234-0-1#550,c.[12T>C;15G>A;27A>G;33G>C;45C>T;77T>A;105T>C;114C>G],NA,p.Leu26His,2.6241948166775986,2.59022206532176,2.6705599990652367
urn:mavedb:00000234-0-1#551,c.[12T>C;15G>A;27A>G;33G>C;45C>T;76C>G;77T>A;105T>C;114C>G],NA,p.Leu26Asp,2.0922412511167234,2.054316170931356,2.1288520707182945
urn:mavedb:00000234-0-1#552,c.[12T>C;15G>A;27A>G;33G>C;45C>T;77T>G;78C>T;105T>C;114C>G],NA,p.Leu26Arg,3.1546221114081723,3.09344357876629,3.2372728377152384
urn:mavedb:00000234-0-1#553,c.[12T>C;15G>A;27A>G;33G>C;45C>T;76C>A;77T>A;78C>A;105T>C;114C>G],NA,p.Leu26Lys,2.9113754705213,2.8643831336527774,2.9510263437976225
urn:mavedb:00000234-0-1#554,c.[12T>C;15G>A;27A>G;33G>C;45C>T;76C>A;77T>C;105T>C;114C>G],NA,p.Leu26Thr,2.6838230599989297,2.640320701829117,2.7271773069971936
urn:mavedb:00000234-0-1#555,c.[12T>C;15G>A;27A>G;33G>C;45C>T;76C>T;77T>C;78C>T;105T>C;114C>G],NA,p.Leu26Ser,2.5751931946896525,2.5242927195868656,2.607361757126258
urn:mavedb:00000234-0-1#556,c.[12T>C;15G>A;27A>G;33G>C;45C>T;76C>G;77T>C;78C>G;105T>C;114C>G],NA,p.Leu26Ala,2.9224728998999385,2.874543113128606,2.968833110449765
urn:mavedb:00000234-0-1#557,c.[12T>C;15G>A;27A>G;33G>C;45C>T;76C>G;77T>G;78C>T;105T>C;114C>G],NA,p.Leu26Gly,2.111723715210674,2.02838102862535,2.2074760353475407
urn:mavedb:00000234-0-1#558,c.[12T>C;15G>A;27A>G;33G>C;45C>T;76C>A;78C>G;105T>C;114C>G],NA,p.Leu26Met,3.1765610632587533,3.133950558977161,3.199494809387697
urn:mavedb:00000234-0-1#559,c.[6T>C;15G>A;24C>G;27A>G;45C>T;76C>G;78C>T;84C>T;105T>C;114C>G],NA,p.Leu26Val,2.76487654932256,2.731011557295222,2.7969058683102674
urn:mavedb:00000234-0-1#560,c.[12T>C;15G>A;27A>G;33G>C;45C>T;76C>A;105T>C;114C>G],NA,p.Leu26Ile,2.9888308310275944,2.9326460240988985,3.047756447101843
urn:mavedb:00000234-0-1#561,c.[12T>C;15G>A;27A>G;33G>C;45C>T;76C>T;77T>G;78C>G;105T>C;114C>G],NA,p.Leu26Trp,2.5907877927904788,2.5380053271728635,2.626704997044571
urn:mavedb:00000234-0-1#562,c.[12T>C;15G>A;27A>G;33G>C;45C>T;76C>T;77T>A;105T>C;114C>G],NA,p.Leu26Tyr,2.6372145271025578,2.600499461961597,2.662760962361739
urn:mavedb:00000234-0-1#563,c.[12T>C;15G>A;27A>G;33G>C;45C>T;76C>T;105T>C;114C>G],NA,p.Leu26Phe,2.6462389697738606,2.601337646523389,2.691753238461526
urn:mavedb:00000234-0-1#564,c.[12T>C;15G>A;27A>G;33G>C;45C>T;77T>C;78C>G;105T>C;114C>G],NA,p.Leu26Pro,-0.6401896267390178,-0.755727393242175,-0.5885818275986637
urn:mavedb:00000234-0-1#565,c.[3T>C;12T>C;15G>A;21A>G;27A>G;30G>A;45C>T;76C>T;77T>G;105T>C;114C>G],NA,p.Leu26Cys,2.9554075888443254,2.7687871859078816,3.16818417877776
urn:mavedb:00000234-0-1#566,c.[12T>C;18G>A;21A>G;27A>G;45C>T;63G>T;75_76insGGT;78C>G;108A>G;114C>G;117G>C],NA,p.Leu25_Leu26insGly,0.2589307421700298,0.2115701741429444,0.3631830116822893
urn:mavedb:00000234-0-1#567,c.[12T>C;18G>A;24C>G;27A>G;45C>T;75_76insGCG;78C>G;114C>G],NA,p.Leu25_Leu26insAla,0.5101739878486822,0.4404244623309734,0.6010818614414994
urn:mavedb:00000234-0-1#568,c.[12T>C;15G>A;24C>G;45C>T;76_78del;105T>C;108A>G;114C>G;117G>C],NA,p.Leu26del,0.3687280996462002,0.2143237747787608,0.4776704172612595
urn:mavedb:00000234-0-1#569,c.[12T>C;15G>A;27A>G;45C>T;78C>G;79A>C;81C>A;105T>C;114C>G],NA,p.Asn27Gln,2.6836150338226057,2.624142320143886,2.732770061861907
urn:mavedb:00000234-0-1#570,c.[12T>C;15G>A;27A>G;45C>T;79A>G;81C>A;105T>C;114C>G],NA,p.Asn27Glu,2.144317585447007,2.111724339269028,2.19603388315622
urn:mavedb:00000234-0-1#571,c.[12T>C;15G>A;27A>G;45C>T;78C>G;79A>C;81C>T;105T>C;114C>G],NA,p.Asn27His,3.022203483639195,2.9840803631048853,3.064907820348471
urn:mavedb:00000234-0-1#572,c.[12T>C;15G>A;27A>G;45C>T;79A>G;105T>C;114C>G],NA,p.Asn27Asp,1.2877070975488107,1.227155005667681,1.3415400016359196
urn:mavedb:00000234-0-1#573,c.[12T>C;15G>A;27A>G;45C>T;79A>C;80A>G;81C>T;105T>C;114C>G],NA,p.Asn27Arg,3.195585243525798,3.146666010583014,3.231070961778128
urn:mavedb:00000234-0-1#574,c.[12T>C;15G>A;27A>G;33G>C;45C>T;78C>G;81C>A;105T>C;114C>G],NA,p.Asn27Lys,3.1390240479229305,3.1058643190774937,3.185326156912892
urn:mavedb:00000234-0-1#575,c.[12T>C;15G>A;21A>G;27A>G;30G>A;45C>T;80A>C;105T>C;114C>G;120C>T],NA,p.Asn27Thr,2.4706706829833527,2.4318098747585672,2.515927720969997
urn:mavedb:00000234-0-1#576,c.[12T>C;15G>A;27A>G;33G>C;45C>T;78C>G;79A>T;80A>C;81C>T;105T>C;114C>G],NA,p.Asn27Ser,2.755861234495603,2.7178767098237366,2.804270186685923
urn:mavedb:00000234-0-1#577,c.[12T>C;15G>A;27A>G;45C>T;79A>G;80A>C;81C>G;105T>C;114C>G],NA,p.Asn27Ala,3.091519862482907,3.0135373419054274,3.162081976864225
urn:mavedb:00000234-0-1#578,c.[12T>C;15G>A;27A>G;45C>T;79A>G;80A>G;81C>T;105T>C;114C>G],NA,p.Asn27Gly,1.9248485460104905,1.844165919706849,2.016952519201043
urn:mavedb:00000234-0-1#579,c.[12T>C;15G>A;27A>G;33G>C;45C>T;78C>G;80A>T;81C>G;105T>C;114C>G],NA,p.Asn27Met,3.259028803430894,3.207681521580137,3.313323356770062
urn:mavedb:00000234-0-1#580,c.[12T>C;15G>A;27A>G;45C>T;78C>G;79A>C;80A>T;81C>G;105T>C;114C>G;117G>C],NA,p.Asn27Leu,3.000046861049995,2.964904214444266,3.043067650207405
urn:mavedb:00000234-0-1#581,c.[24C>G;27A>G;45C>T;78C>G;79A>G;80A>T;81C>G;105T>C;114C>G],NA,p.Asn27Val,2.965786005306994,2.9110174991214826,3.0062772571019
urn:mavedb:00000234-0-1#582,c.[12T>C;15G>A;27A>G;33G>C;45C>T;78C>G;80A>T;105T>C;114C>G],NA,p.Asn27Ile,2.8510936471132142,2.8002875046023847,2.8985835045102304
urn:mavedb:00000234-0-1#583,c.[12T>C;15G>A;27A>G;33G>C;45C>T;78C>G;79A>T;80A>G;81C>G;105T>C;114C>G],NA,p.Asn27Trp,2.713271357379646,2.674192775911305,2.762936072864978
urn:mavedb:00000234-0-1#584,c.[12T>C;15G>A;27A>G;33G>C;45C>T;78C>G;79A>T;105T>C;114C>G],NA,p.Asn27Tyr,2.8504277210680264,2.7866795861505045,2.904350540126696
urn:mavedb:00000234-0-1#585,c.[12T>C;15G>A;27A>G;33G>C;45C>T;78C>G;79A>T;80A>T;105T>C;114C>G],NA,p.Asn27Phe,2.922860867735332,2.8689829473925617,2.961163049946324
urn:mavedb:00000234-0-1#586,c.[12T>C;15G>A;27A>G;45C>T;79A>C;80A>C;81C>G;105T>C;114C>G],NA,p.Asn27Pro,0.3964459035187171,0.2763693177775101,0.4969494032143366
urn:mavedb:00000234-0-1#587,c.[12T>C;18G>A;21A>G;30G>A;45C>T;78delinsGGGT;108A>G;114C>G;117G>C],NA,p.Leu26_Asn27insGly,0.4407773283429382,0.3791593473826971,0.4966660847206325
urn:mavedb:00000234-0-1#588,c.[3T>C;12T>C;15G>A;27A>G;45C>T;60C>T;78_79insGCG;102G>T;105T>C;114C>G;126G>A],NA,p.Leu26_Asn27insAla,0.6116244084913864,0.5201787397412782,0.7252362445906825
urn:mavedb:00000234-0-1#589,c.[6T>C;21A>G;45C>T;75G>C;78C>G;79_81del;105T>C;114C>G],NA,p.Asn27del,0.9111414303165098,0.8200150296161214,1.0269321833645166
urn:mavedb:00000234-0-1#590,c.[12T>C;15G>A;27A>G;33G>C;45C>T;78C>G;82A>C;83C>A;84C>G;105T>C;114C>G],NA,p.Thr28Gln,1.14967096710861,1.0740376403114995,1.2262397713436362
urn:mavedb:00000234-0-1#591,c.[12T>C;15G>A;27A>G;33G>C;45C>T;78C>G;82A>G;83C>A;84C>A;105T>C;114C>G],NA,p.Thr28Glu,0.978199707494708,0.930928512999578,1.0288851373539163
urn:mavedb:00000234-0-1#592,c.[12T>C;15G>A;27A>G;33G>C;45C>T;78C>G;83C>A;105T>C;114C>G],NA,p.Thr28Asn,2.0399328396727787,1.9733078475625168,2.1077278622321822
urn:mavedb:00000234-0-1#593,c.[12T>C;15G>A;27A>G;33G>C;45C>T;78C>G;82A>C;83C>A;105T>C;114C>G],NA,p.Thr28His,2.2983933744793354,2.248899073115136,2.350415908647258
urn:mavedb:00000234-0-1#594,c.[12T>C;15G>A;27A>G;33G>C;45C>T;78C>G;82A>G;83C>A;105T>C;114C>G],NA,p.Thr28Asp,0.5699400489884175,0.4912483214145677,0.6950934772091537
urn:mavedb:00000234-0-1#595,c.[12T>C;15G>A;27A>G;33G>C;45C>T;78C>G;82A>C;83C>G;84C>T;105T>C;114C>G],NA,p.Thr28Arg,1.3766581996038167,1.3213802666843837,1.453853873213628
urn:mavedb:00000234-0-1#596,c.[12T>C;15G>A;27A>G;33G>C;45C>T;78C>G;83C>A;84C>A;105T>C;114C>G],NA,p.Thr28Lys,1.2579396212947378,1.1569447882070223,1.3459654566958137
urn:mavedb:00000234-0-1#597,c.[12T>C;15G>A;27A>G;33G>C;45C>T;78C>G;82A>T;84C>T;105T>C;114C>G],NA,p.Thr28Ser,2.565578413114608,2.511821179871176,2.620350948277782
urn:mavedb:00000234-0-1#598,c.[12T>C;15G>A;27A>G;33G>C;45C>T;78C>G;82A>G;84C>G;105T>C;114C>G],NA,p.Thr28Ala,1.9831030558459988,1.92269533221196,2.0466113084919417
urn:mavedb:00000234-0-1#599,c.[12T>C;15G>A;27A>G;33G>C;45C>T;78C>G;82A>G;83C>G;84C>T;105T>C;114C>G],NA,p.Thr28Gly,1.3861838768382595,1.3005778755716948,1.4930578210316403
urn:mavedb:00000234-0-1#600,c.[12T>C;15G>A;27A>G;33G>C;45C>T;78C>G;83C>T;84C>G;105T>C;114C>G],NA,p.Thr28Met,1.4552039613846874,1.4056216554541363,1.5166616218177371
urn:mavedb:00000234-0-1#601,c.[12T>C;15G>A;27A>G;33G>C;45C>T;78C>G;82A>C;83C>T;84C>G;105T>C;114C>G],NA,p.Thr28Leu,1.1950658597353647,1.145798592731604,1.2730837318418802
urn:mavedb:00000234-0-1#602,c.[12T>C;15G>A;27A>G;33G>C;45C>T;78C>G;82A>G;83C>T;84C>T;105T>C;114C>G],NA,p.Thr28Val,1.6133251815475167,1.5494423414572824,1.7030253381747482
urn:mavedb:00000234-0-1#603,c.[12T>C;15G>A;27A>G;33G>C;45C>T;78C>G;83C>T;105T>C;114C>G],NA,p.Thr28Ile,0.8545220424326903,0.7525631392010691,0.9211079087749808
urn:mavedb:00000234-0-1#604,c.[12T>C;15G>A;27A>G;33G>C;45C>T;78C>G;82A>T;83C>G;84C>G;105T>C;114C>G],NA,p.Thr28Trp,1.9864568568019576,1.938482672403929,2.073709644465788
urn:mavedb:00000234-0-1#605,c.[12T>C;15G>A;27A>G;33G>C;45C>T;78C>G;82A>T;83C>A;105T>C;114C>G],NA,p.Thr28Tyr,2.4526983643053413,2.4282462419469093,2.47580218610608
urn:mavedb:00000234-0-1#606,c.[12T>C;15G>A;27A>G;33G>C;45C>T;78C>G;82A>T;83C>T;105T>C;114C>G],NA,p.Thr28Phe,2.8018600878028286,2.765589468289325,2.8391561451245537
urn:mavedb:00000234-0-1#607,c.[12T>C;15G>A;27A>G;33G>C;45C>T;78C>G;82A>C;84C>G;105T>C;114C>G],NA,p.Thr28Pro,0.6362535105474446,0.5455742705320841,0.7508967195692112
urn:mavedb:00000234-0-1#608,c.[3T>C;6T>C;18G>A;24C>G;27A>G;33G>C;45C>T;78C>G;82A>T;83C>G;105T>C],NA,p.Thr28Cys,2.560943907127637,2.3541025415485444,2.6925899727406564
urn:mavedb:00000234-0-1#609,c.[6T>C;12T>C;24C>G;33G>C;45C>T;78C>G;81_82insGGT;105T>C;111C>T;114C>G;117G>C],NA,p.Asn27_Thr28insGly,0.7383129953601331,0.6683016072579123,0.813568522625878
urn:mavedb:00000234-0-1#610,c.[12T>C;24C>G;27A>G;45C>T;78C>G;81_82insGCG;105T>C;114C>G],NA,p.Asn27_Thr28insAla,0.3712694045519618,0.2959130535821241,0.453523114677532
urn:mavedb:00000234-0-1#611,c.[3T>C;6T>C;12T>C;45C>T;82_84del;105T>C;108A>G;114C>G],NA,p.Thr28del,0.6372015236976267,0.5693193490833011,0.7458288219199467
urn:mavedb:00000234-0-1#612,c.[12T>C;15G>A;27A>G;33G>C;45C>T;78C>G;85T>C;86C>A;87T>G;90C>T;105T>C;114C>G],NA,p.Ser29Gln,3.067007238890387,3.019042353027113,3.111757876832886
urn:mavedb:00000234-0-1#613,c.[12T>C;15G>A;27A>G;33G>C;45C>T;78C>G;85T>G;86C>A;87T>A;105T>C;114C>G],NA,p.Ser29Glu,3.3297587516444724,3.2555536916485903,3.396083403749357
urn:mavedb:00000234-0-1#614,c.[12T>C;15G>A;27A>G;33G>C;45C>T;78C>G;85T>A;86C>A;87T>C;105T>C;114C>G],NA,p.Ser29Asn,3.0809356403645465,3.031879896040257,3.1262076024871703
urn:mavedb:00000234-0-1#615,c.[12T>C;15G>A;27A>G;33G>C;45C>T;78C>G;85T>C;86C>A;87T>C;105T>C;108A>G;114C>G],NA,p.Ser29His,3.002906786644913,2.955990348866674,3.03850843787324
urn:mavedb:00000234-0-1#616,c.[12T>C;15G>A;27A>G;33G>C;45C>T;78C>G;85T>G;86C>A;87T>C;105T>C],NA,p.Ser29Asp,3.279834195181832,3.213181468421264,3.339419444008788
urn:mavedb:00000234-0-1#617,c.[12T>C;15G>A;27A>G;33G>C;45C>T;78C>G;85T>C;86C>G;105T>C;114C>G],NA,p.Ser29Arg,2.8508727044526543,2.8166253863396764,2.906230205611509
urn:mavedb:00000234-0-1#618,c.[12T>C;15G>A;27A>G;33G>C;45C>T;78C>G;85T>A;86C>A;87T>A;105T>C;114C>G],NA,p.Ser29Lys,3.1128994163704933,3.046362158723164,3.179896203665829
urn:mavedb:00000234-0-1#619,c.[12T>C;15G>A;27A>G;45C>T;78C>G;85T>A;87T>C;90C>T;105T>C;114C>G],NA,p.Ser29Thr,3.2020505999569684,3.151062362420397,3.2569541712276164
urn:mavedb:00000234-0-1#620,c.[12T>C;15G>A;27A>G;33G>C;45C>T;78C>G;85T>G;87T>G;105T>C;114C>G],NA,p.Ser29Ala,3.103373899384311,3.055767746087681,3.150277341377843
urn:mavedb:00000234-0-1#621,c.[12T>C;15G>A;27A>G;33G>C;45C>T;78C>G;85T>G;86C>G;105T>C;114C>G],NA,p.Ser29Gly,2.5465820191402977,2.508040152400293,2.5977093642406506
urn:mavedb:00000234-0-1#622,c.[12T>C;15G>A;27A>G;33G>C;45C>T;78C>G;85T>A;86C>T;87T>G;105T>C;114C>G],NA,p.Ser29Met,2.93994493605414,2.8917451915425163,2.9810416005651303
urn:mavedb:00000234-0-1#623,c.[12T>C;15G>A;27A>G;33G>C;45C>T;78C>G;85T>C;86C>T;87T>G;90C>T;105T>C;114C>G],NA,p.Ser29Leu,2.925501561703377,2.871528967269584,2.981881770001745
urn:mavedb:00000234-0-1#624,c.[12T>C;15G>A;27A>G;33G>C;45C>T;78C>G;85T>G;86C>T;105T>C;114C>G],NA,p.Ser29Val,2.752812807220867,2.70653116628776,2.8058033173745214
urn:mavedb:00000234-0-1#625,c.[12T>C;15G>A;27A>G;33G>C;45C>T;78C>G;85T>A;86C>T;87T>C;105T>C;114C>G],NA,p.Ser29Ile,2.487923195836551,2.448009636476049,2.537361861994144
urn:mavedb:00000234-0-1#626,c.[12T>C;15G>A;27A>G;33G>C;45C>T;78C>G;86C>G;87T>G;90C>T;105T>C;114C>G],NA,p.Ser29Trp,2.840340900022509,2.773148465669164,2.8959460203227505
urn:mavedb:00000234-0-1#627,c.[12T>C;15G>A;27A>G;33G>C;45C>T;78C>G;86C>A;87T>C;105T>C;114C>G],NA,p.Ser29Tyr,2.917341754917098,2.885529878954557,2.957297151424898
urn:mavedb:00000234-0-1#628,c.[12T>C;15G>A;27A>G;33G>C;45C>T;78C>G;86C>T;87T>C;105T>C;114C>G],NA,p.Ser29Phe,3.0157018849772848,2.98036192061333,3.048170780892835
urn:mavedb:00000234-0-1#629,c.[12T>C;15G>A;27A>G;33G>C;45C>T;78C>G;85T>C;87T>G;105T>C;114C>G],NA,p.Ser29Pro,2.4207005858428543,2.3404093732879385,2.499284165244616
urn:mavedb:00000234-0-1#630,c.[6T>C;12T>C;15G>A;21A>G;27A>G;30G>A;45C>T;75G>C;86C>G;87T>C;105T>C;111C>T;114C>G;123C>T;126G>A],NA,p.Ser29Cys,2.846439394887579,2.7276192587179,2.972616056002544
urn:mavedb:00000234-0-1#631,c.[12T>C;18G>A;21A>G;27A>G;45C>T;84_85insGGT;105T>C;114C>G],NA,p.Thr28_Ser29insGly,0.9163261369624056,0.8544901423670791,1.0029680634593054
urn:mavedb:00000234-0-1#632,c.[6T>C;12T>C;18G>A;21A>G;24C>G;30G>A;45C>T;78C>G;84_85insGCG;87T>C;105T>C;111C>T;114C>G],NA,p.Thr28_Ser29insAla,0.8422396018978776,0.7751042505241628,0.9363832050152434
urn:mavedb:00000234-0-1#633,c.[3T>C;15G>A;24C>G;30G>A;45C>T;72G>T;78C>G;85_87del;108A>G],NA,p.Ser29del,0.7274216714591731,0.6705226832852876,0.8273970117952301
urn:mavedb:00000234-0-1#634,c.[12T>C;15G>A;27A>G;33G>C;45C>T;78C>G;88A>C;89C>A;90C>G;105T>C;114C>G],NA,p.Thr30Gln,0.9989534073383048,0.9413486634634198,1.0615360515691163
urn:mavedb:00000234-0-1#635,c.[12T>C;15G>A;27A>G;33G>C;45C>T;78C>G;88A>G;89C>A;90C>A;105T>C;114C>G],NA,p.Thr30Glu,1.1893996266502107,1.1199308608365313,1.2624552612928417
urn:mavedb:00000234-0-1#636,c.[12T>C;15G>A;27A>G;33G>C;45C>T;78C>G;89C>A;105T>C;114C>G],NA,p.Thr30Asn,2.9617190682430703,2.9324552215052133,2.992683959258581
urn:mavedb:00000234-0-1#637,c.[12T>C;15G>A;27A>G;33G>C;45C>T;78C>G;88A>C;89C>A;105T>C;114C>G],NA,p.Thr30His,1.2981030286422262,1.22945641588043,1.352345223643916
urn:mavedb:00000234-0-1#638,c.[12T>C;15G>A;27A>G;33G>C;45C>T;78C>G;88A>G;89C>A;105T>C;114C>G],NA,p.Thr30Asp,2.595533089441952,2.555097842910205,2.649984093044405
urn:mavedb:00000234-0-1#639,c.[12T>C;15G>A;27A>G;33G>C;45C>T;78C>G;88A>C;89C>G;90C>T;105T>C;114C>G],NA,p.Thr30Arg,1.0248009536290352,0.9960003504677984,1.077704602336652
urn:mavedb:00000234-0-1#640,c.[12T>C;15G>A;27A>G;33G>C;45C>T;78C>G;89C>A;90C>A;105T>C;114C>G],NA,p.Thr30Lys,0.9312832743256404,0.8682771263656881,1.0152950639626952
urn:mavedb:00000234-0-1#641,c.[12T>C;15G>A;27A>G;33G>C;45C>T;78C>G;88A>T;90C>T;105T>C;114C>G],NA,p.Thr30Ser,3.1146961623115725,3.0757632415900606,3.1567112142862443
urn:mavedb:00000234-0-1#642,c.[12T>C;15G>A;21A>G;27A>G;30G>A;45C>T;78C>G;88A>G;90C>T;96A>G;105T>C;114C>G],NA,p.Thr30Ala,1.2341407947026757,1.1648810777974918,1.3049102210693309
urn:mavedb:00000234-0-1#643,c.[12T>C;15G>A;27A>G;33G>C;45C>T;78C>G;88A>G;89C>G;90C>T;105T>C;114C>G],NA,p.Thr30Gly,2.1834540440564725,2.132876038736181,2.228505876761898
urn:mavedb:00000234-0-1#644,c.[12T>C;15G>A;27A>G;33G>C;45C>T;78C>G;89C>T;90C>G;105T>C;114C>G],NA,p.Thr30Met,0.8372030347097609,0.789086469736209,0.927059221972177
urn:mavedb:00000234-0-1#645,c.[12T>C;15G>A;21A>G;27A>G;30G>A;45C>T;78C>G;88A>C;89C>T;96A>G;105T>C;114C>G],NA,p.Thr30Leu,0.9874099600718536,0.8930003952358788,1.0736417987896183
urn:mavedb:00000234-0-1#646,c.[12T>C;15G>A;27A>G;33G>C;45C>T;78C>G;88A>G;89C>T;90C>T;105T>C;114C>G],NA,p.Thr30Val,0.9534295060426278,0.8603005828059114,1.0588279947470325
urn:mavedb:00000234-0-1#647,c.[12T>C;15G>A;27A>G;33G>C;45C>T;78C>G;89C>T;105T>C;114C>G],NA,p.Thr30Ile,0.8763237607687249,0.7769843505273397,0.9652417876172552
urn:mavedb:00000234-0-1#648,c.[12T>C;15G>A;27A>G;33G>C;45C>T;78C>G;88A>T;89C>G;90C>G;105T>C;114C>G],NA,p.Thr30Trp,0.8694745653253664,0.7881864669390374,1.0114852851148848
urn:mavedb:00000234-0-1#649,c.[12T>C;15G>A;27A>G;33G>C;45C>T;78C>G;88A>T;89C>A;105T>C;114C>G],NA,p.Thr30Tyr,1.091477526374799,1.043174650829913,1.1408870015135792
urn:mavedb:00000234-0-1#650,c.[12T>C;15G>A;27A>G;33G>C;45C>T;78C>G;88A>T;89C>T;105T>C;114C>G],NA,p.Thr30Phe,1.1909114126034266,1.1316511948960728,1.250485530818693
urn:mavedb:00000234-0-1#651,c.[12T>C;15G>A;27A>G;45C>T;78C>G;88A>C;90C>G;96A>G;105T>C;114C>G],NA,p.Thr30Pro,0.2410472545295381,0.1317482073948934,0.3356275684491985
urn:mavedb:00000234-0-1#652,c.[3T>C;12T>C;18G>A;21A>G;24C>G;30G>A;45C>T;78C>G;87_88insGGC;105T>C;114C>G;120C>T;123C>T;126G>A],NA,p.Ser29_Thr30insGly,1.895144852043096,1.8522988061671355,1.9536095420217063
urn:mavedb:00000234-0-1#653,c.[18G>A;21A>G;24C>G;30G>A;45C>T;87_88insGCG;105T>C;114C>G],NA,p.Ser29_Thr30insAla,0.6034741848289822,0.5427304259214891,0.7574046040030054
urn:mavedb:00000234-0-1#654,c.[12T>C;15G>A;27A>G;45C>T;78C>G;88_90del;105T>C;114C>G],NA,p.Thr30del,0.642199482458579,0.5831794681220102,0.7047245704454849
urn:mavedb:00000234-0-1#655,c.[12T>C;15G>A;27A>G;33G>C;45C>T;78C>G;91A>C;92T>A;105T>C;114C>G],NA,p.Met31Gln,1.5239652664770929,1.4658429218132634,1.5985954136091327
urn:mavedb:00000234-0-1#656,c.[12T>C;15G>A;27A>G;33G>C;45C>T;78C>G;91A>G;92T>A;93G>A;105T>C;114C>G],NA,p.Met31Glu,1.044180360964314,0.9610753732695544,1.097099528969745
urn:mavedb:00000234-0-1#657,c.[12T>C;15G>A;27A>G;33G>C;45C>T;78C>G;92T>A;93G>C;105T>C;114C>G],NA,p.Met31Asn,1.004638127217115,0.9417019708363056,1.1024231128726656
urn:mavedb:00000234-0-1#658,c.[12T>C;15G>A;27A>G;33G>C;45C>T;78C>G;91A>C;92T>A;93G>C;105T>C;114C>G],NA,p.Met31His,1.5789845619511171,1.5207901150818537,1.628663352405524
urn:mavedb:00000234-0-1#659,c.[12T>C;15G>A;27A>G;33G>C;45C>T;78C>G;91A>G;92T>A;93G>C;105T>C;114C>G],NA,p.Met31Asp,0.8561775578551596,0.7587804859958237,0.9335224548035383
urn:mavedb:00000234-0-1#660,c.[12T>C;15G>A;21A>G;27A>G;30G>A;45C>T;54T>C;78C>G;91A>C;92T>G;93G>T;105T>C;108A>G;114C>G],NA,p.Met31Arg,1.0687182855786928,1.01853355334104,1.1588231748087363
urn:mavedb:00000234-0-1#661,c.[12T>C;15G>A;27A>G;33G>C;45C>T;78C>G;92T>A;93G>A;105T>C;114C>G],NA,p.Met31Lys,1.2853851269959755,1.231431649488395,1.3449544616901634
urn:mavedb:00000234-0-1#662,c.[12T>C;15G>A;27A>G;33G>C;45C>T;78C>G;92T>C;93G>C;105T>C;114C>G],NA,p.Met31Thr,1.577706161273044,1.480795098868953,1.625773972351945
urn:mavedb:00000234-0-1#663,c.[12T>C;15G>A;27A>G;33G>C;45C>T;78C>G;91A>T;92T>C;93G>T;105T>C;114C>G],NA,p.Met31Ser,1.0661603731658782,1.0186897176096978,1.1116367327244996
urn:mavedb:00000234-0-1#664,c.[12T>C;15G>A;27A>G;33G>C;45C>T;78C>G;91A>G;92T>C;105T>C;114C>G],NA,p.Met31Ala,1.46810820855552,1.4154609328886223,1.5235719991040264
urn:mavedb:00000234-0-1#665,c.[12T>C;15G>A;27A>G;33G>C;45C>T;78C>G;91A>G;92T>G;93G>T;105T>C;114C>G],NA,p.Met31Gly,0.8724719799477723,0.7811988799587977,0.9289124843212648
urn:mavedb:00000234-0-1#666,c.[12T>C;15G>A;27A>G;33G>C;45C>T;78C>G;91A>C;105T>C;114C>G],NA,p.Met31Leu,3.4562796559029314,3.415631983918771,3.5163216841107032
urn:mavedb:00000234-0-1#667,c.[12T>C;15G>A;27A>G;33G>C;45C>T;78C>G;91A>G;93G>T;105T>C;114C>G],NA,p.Met31Val,2.733303320737857,2.6292775734336,2.8156555831686734
urn:mavedb:00000234-0-1#668,c.[12T>C;15G>A;27A>G;33G>C;45C>T;78C>G;93G>C;105T>C;114C>G],NA,p.Met31Ile,3.2864154900708,3.239390810317524,3.340163126223583
urn:mavedb:00000234-0-1#669,c.[12T>C;15G>A;27A>G;33G>C;45C>T;78C>G;91A>T;92T>G;105T>C;114C>G],NA,p.Met31Trp,3.2265927440216364,3.164026666165842,3.2974119535495663
urn:mavedb:00000234-0-1#670,c.[12T>C;15G>A;27A>G;33G>C;45C>T;78C>G;91A>T;92T>A;93G>C;105T>C;114C>G],NA,p.Met31Tyr,3.242933844866368,3.2048743742806667,3.269298897429448
urn:mavedb:00000234-0-1#671,c.[12T>C;15G>A;27A>G;33G>C;45C>T;78C>G;91A>T;93G>C;105T>C;114C>G],NA,p.Met31Phe,4.035667106298384,3.988576199933979,4.082474907708347
urn:mavedb:00000234-0-1#672,c.[12T>C;15G>A;27A>G;33G>C;45C>T;78C>G;91A>C;92T>C;105T>C;114C>G],NA,p.Met31Pro,1.788465398907901,1.7484119443805526,1.84008227844717
urn:mavedb:00000234-0-1#673,c.[12T>C;18G>A;21A>G;27A>G;33G>C;39C>T;45C>T;78C>G;84C>T;91A>T;92T>G;93G>C;114C>G],NA,p.Met31Cys,2.269450219273401,2.0247108415122,2.478781825566005
urn:mavedb:00000234-0-1#674,c.[3T>C;12T>C;18G>A;21A>G;27A>G;45C>T;69A>G;78C>G;84C>T;87T>C;90_91insGGT;105T>C;108A>G;114C>G;117G>C;120C>T;126G>A],NA,p.Thr30_Met31insGly,0.5826807474132432,0.5068682551524984,0.6606213431595591
urn:mavedb:00000234-0-1#675,c.[3T>C;12T>C;18G>A;21A>G;24C>G;30G>A;45C>T;63G>T;78C>G;90_91insGCG;96A>G;99G>A;105T>C;108A>G;114C>G],NA,p.Thr30_Met31insAla,0.2501948474976639,0.1466982963345635,0.355057610423833
urn:mavedb:00000234-0-1#676,c.[3T>C;15G>A;21A>G;45C>T;78C>G;91_93del;105T>C;114C>G],NA,p.Met31del,0.1591791507725007,0.0453128248909548,0.2901860591941831
urn:mavedb:00000234-0-1#677,c.[12T>C;15G>A;27A>G;45C>T;78C>G;94G>C;96A>G;99G>A;105T>C;114C>G],NA,p.Glu32Gln,2.94905194307604,2.866700837215744,3.021773204574993
urn:mavedb:00000234-0-1#678,c.[12T>C;15G>A;27A>G;33G>C;45C>T;78C>G;94G>A;96A>C;105T>C;114C>G],NA,p.Glu32Asn,2.033247346365532,2.0039927247852134,2.0644148770157744
urn:mavedb:00000234-0-1#679,c.[12T>C;15G>A;27A>G;33G>C;45C>T;78C>G;94G>C;96A>C;105T>C;114C>G],NA,p.Glu32His,2.2654436928018744,2.21931170396666,2.3166418182284514
urn:mavedb:00000234-0-1#680,c.[12T>C;15G>A;27A>G;33G>C;45C>T;78C>G;96A>C;105T>C;114C>G],NA,p.Glu32Asp,2.7116415400485194,2.663606163740326,2.766521206620983
urn:mavedb:00000234-0-1#681,c.[12T>C;15G>A;27A>G;33G>C;45C>T;78C>G;94G>C;95A>G;96A>T;105T>C;114C>G],NA,p.Glu32Arg,2.224891651706297,2.1712518543499346,2.2699061493570416
urn:mavedb:00000234-0-1#682,c.[12T>C;15G>A;27A>G;33G>C;45C>T;78C>G;94G>A;105T>C;114C>G],NA,p.Glu32Lys,2.6588757916616363,2.599057539404501,2.716253446210549
urn:mavedb:00000234-0-1#683,c.[12T>C;15G>A;27A>G;33G>C;45C>T;78C>G;94G>A;95A>C;96A>C;105T>C;114C>G],NA,p.Glu32Thr,2.4138806691459376,2.380118621079996,2.4580701500117432
urn:mavedb:00000234-0-1#684,c.[12T>C;15G>A;27A>G;33G>C;45C>T;78C>G;94G>T;95A>C;96A>T;105T>C;114C>G],NA,p.Glu32Ser,2.4544098587491634,2.416240122417268,2.489774790990642
urn:mavedb:00000234-0-1#685,c.[12T>C;15G>A;27A>G;33G>C;45C>T;78C>G;95A>C;96A>G;105T>C;114C>G],NA,p.Glu32Ala,3.000599326249838,2.948098779868356,3.037623338137382
urn:mavedb:00000234-0-1#686,c.[12T>C;15G>A;27A>G;45C>T;78C>G;95A>G;96A>T;105T>C;114C>G;120C>T],NA,p.Glu32Gly,2.0401617557303955,2.001783777755027,2.085021920448644
urn:mavedb:00000234-0-1#687,c.[12T>C;15G>A;27A>G;33G>C;45C>T;78C>G;94G>A;95A>T;96A>G;105T>C;114C>G],NA,p.Glu32Met,2.3413027842861545,2.275062648337361,2.4059053741514003
urn:mavedb:00000234-0-1#688,c.[12T>C;15G>A;27A>G;45C>T;78C>G;94G>C;95A>T;96A>G;99G>A;105T>C;114C>G],NA,p.Glu32Leu,2.475596318588636,2.423130378815168,2.530988651652538
urn:mavedb:00000234-0-1#689,c.[15G>A;18G>A;21A>G;30G>A;45C>T;78C>G;90C>T;95A>T;96A>T;105T>C;114C>G],NA,p.Glu32Val,2.28349116948739,2.238880880589936,2.3292193983530622
urn:mavedb:00000234-0-1#690,c.[12T>C;15G>A;27A>G;33G>C;45C>T;78C>G;94G>A;95A>T;96A>C;105T>C;114C>G],NA,p.Glu32Ile,2.306839665584349,2.2530173439007424,2.3467770386476383
urn:mavedb:00000234-0-1#691,c.[12T>C;15G>A;27A>G;33G>C;45C>T;78C>G;94G>T;95A>G;96A>G;105T>C;114C>G],NA,p.Glu32Trp,2.346625372770054,2.2802339099449247,2.4074042402751683
urn:mavedb:00000234-0-1#692,c.[12T>C;15G>A;27A>G;33G>C;45C>T;78C>G;94G>T;96A>C;105T>C;114C>G],NA,p.Glu32Tyr,1.977382932599581,1.9340418218874904,2.036021541957341
urn:mavedb:00000234-0-1#693,c.[12T>C;15G>A;27A>G;33G>C;45C>T;78C>G;94G>T;95A>T;96A>C;105T>C;114C>G],NA,p.Glu32Phe,2.017449368398995,1.9372761236555551,2.0639286177067686
urn:mavedb:00000234-0-1#694,c.[12T>C;15G>A;27A>G;33G>C;45C>T;78C>G;94G>C;95A>C;96A>G;105T>C;114C>G],NA,p.Glu32Pro,1.5434545202877723,1.4869301217719355,1.6159810741388383
urn:mavedb:00000234-0-1#695,c.[12T>C;15G>A;21A>G;27A>G;30G>A;45C>T;51C>T;75G>C;78C>G;93_94insGGT;105T>C;126G>A],NA,p.Met31_Glu32insGly,0.3212829118934739,0.2191361967807266,0.4555814594829576
urn:mavedb:00000234-0-1#696,c.[9T>G;15G>A;24C>G;27A>G;45C>T;78C>G;93_94insGCG;105T>C;114C>G;123C>T],NA,p.Met31_Glu32insAla,0.0576899588078628,-0.1334266585955306,0.1095428916243349
urn:mavedb:00000234-0-1#697,c.[12T>C;18G>A;24C>G;27A>G;45C>T;78C>G;94_96del;105T>C;114C>G;123C>T],NA,p.Glu32del,0.1869403123246832,0.0983469797108035,0.2504942609407436
urn:mavedb:00000234-0-1#698,c.[12T>C;15G>A;27A>G;33G>C;45C>T;78C>G;97C>G;99G>A;105T>C;114C>G],NA,p.Gln33Glu,3.809197951817602,3.755396207583797,3.858140473941849
urn:mavedb:00000234-0-1#699,c.[12T>C;15G>A;27A>G;33G>C;45C>T;78C>G;97C>A;99G>C;105T>C;114C>G],NA,p.Gln33Asn,1.8630342627109493,1.8309393197242148,1.905323955356876
urn:mavedb:00000234-0-1#700,c.[12T>C;15G>A;21A>G;27A>G;30G>A;45C>T;60C>T;78C>G;99G>C;102G>T;105T>C;114C>G],NA,p.Gln33His,2.0634141929471976,2.018685110178405,2.116825581951818
urn:mavedb:00000234-0-1#701,c.[12T>C;15G>A;27A>G;33G>C;45C>T;78C>G;97C>G;99G>C;105T>C;114C>G],NA,p.Gln33Asp,3.1208910544750696,3.074729598390008,3.1893935320644307
urn:mavedb:00000234-0-1#702,c.[12T>C;15G>A;27A>G;33G>C;45C>T;78C>G;98A>G;99G>T;105T>C;114C>G],NA,p.Gln33Arg,1.9077808033589423,1.860190356003384,1.9540652300508887
urn:mavedb:00000234-0-1#703,c.[12T>C;15G>A;27A>G;33G>C;45C>T;78C>G;97C>A;99G>A;105T>C;114C>G],NA,p.Gln33Lys,2.406316239664605,2.3514853349345297,2.4468205246725283
urn:mavedb:00000234-0-1#704,c.[12T>C;15G>A;27A>G;33G>C;45C>T;78C>G;97C>A;98A>C;99G>C;105T>C;114C>G],NA,p.Gln33Thr,1.833397400062448,1.792834225554915,1.8874081185229152
urn:mavedb:00000234-0-1#705,c.[12T>C;15G>A;27A>G;33G>C;45C>T;78C>G;97C>T;98A>C;99G>T;105T>C;114C>G],NA,p.Gln33Ser,2.2860906828335072,2.2442853517346366,2.3265422018953847
urn:mavedb:00000234-0-1#706,c.[6T>C;12T>C;15G>A;21A>G;27A>G;30G>A;45C>T;78C>G;96A>G;97C>G;98A>C;99G>T;105T>C;114C>G],NA,p.Gln33Ala,3.161109938147935,3.109323663717096,3.206724436645489
urn:mavedb:00000234-0-1#707,c.[12T>C;15G>A;27A>G;33G>C;45C>T;78C>G;97C>G;98A>G;99G>T;105T>C;114C>G],NA,p.Gln33Gly,2.5353987052811355,2.4721571802257314,2.596504590497226
urn:mavedb:00000234-0-1#708,c.[12T>C;15G>A;27A>G;33G>C;45C>T;78C>G;97C>A;98A>T;105T>C;114C>G],NA,p.Gln33Met,2.456889565001995,2.4132712912941474,2.507658553027891
urn:mavedb:00000234-0-1#709,c.[12T>C;15G>A;27A>G;33G>C;45C>T;78C>G;98A>T;105T>C;114C>G],NA,p.Gln33Leu,2.424990521016307,2.393328873445224,2.4582943179287104
urn:mavedb:00000234-0-1#710,c.[12T>C;15G>A;27A>G;33G>C;45C>T;78C>G;97C>G;98A>T;99G>T;105T>C;114C>G],NA,p.Gln33Val,0.8396097775199345,0.7237377848560009,0.9325342623643142
urn:mavedb:00000234-0-1#711,c.[12T>C;15G>A;27A>G;33G>C;45C>T;78C>G;97C>A;98A>T;99G>C;105T>C;114C>G],NA,p.Gln33Ile,0.9853056150991102,0.9576632437196058,1.046696097161587
urn:mavedb:00000234-0-1#712,c.[12T>C;15G>A;27A>G;33G>C;45C>T;78C>G;97C>T;98A>G;105T>C;114C>G],NA,p.Gln33Trp,1.4739385646132706,1.3440910693932426,1.5403763479144643
urn:mavedb:00000234-0-1#713,c.[12T>C;15G>A;27A>G;33G>C;45C>T;78C>G;97C>T;99G>C;105T>C;114C>G],NA,p.Gln33Tyr,1.5855075385352002,1.5430114035307063,1.6246915899946617
urn:mavedb:00000234-0-1#714,c.[12T>C;15G>A;27A>G;33G>C;45C>T;78C>G;97C>T;98A>T;99G>C;105T>C;114C>G],NA,p.Gln33Phe,1.6018751183654625,1.5631542350059635,1.631564093367819
urn:mavedb:00000234-0-1#715,c.[12T>C;15G>A;27A>G;33G>C;45C>T;78C>G;98A>C;105T>C;114C>G],NA,p.Gln33Pro,0.1862942149840057,0.0760489700587244,0.2969899061418326
urn:mavedb:00000234-0-1#716,c.[9T>G;12T>C;15G>A;27A>G;45C>T;69A>G;78C>G;96_97insGGT;105T>C;117G>C],NA,p.Glu32_Gln33insGly,0.3385143226572314,0.2719042990364335,0.419009143432302
urn:mavedb:00000234-0-1#717,c.[9T>G;12T>C;15G>A;21A>G;27A>G;30G>A;39C>T;45C>T;78C>G;96delinsGGCG;105T>C;114C>G],NA,p.Glu32_Gln33insAla,0.270593158361094,0.1083503539847332,0.3497708288668402
urn:mavedb:00000234-0-1#718,c.[12T>C;15G>A;24C>G;27A>G;45C>T;69A>G;78C>G;90C>T;97_99del;105T>C;108A>G;114C>G;117G>C;126G>A],NA,p.Gln33del,0.5360992373921846,0.4313045126085562,0.6747623139710699
urn:mavedb:00000234-0-1#719,c.[12T>C;15G>A;27A>G;33G>C;45C>T;78C>G;100G>C;101C>A;105T>C;114C>G],NA,p.Ala34Gln,0.6340155158755314,0.5234732296788485,0.6963849636057404
urn:mavedb:00000234-0-1#720,c.[12T>C;15G>A;27A>G;33G>C;45C>T;78C>G;101C>A;102G>A;105T>C;114C>G],NA,p.Ala34Glu,0.6225582450155308,0.4950473450759706,0.7243713272316844
urn:mavedb:00000234-0-1#721,c.[12T>C;15G>A;27A>G;33G>C;45C>T;78C>G;100G>A;101C>A;102G>C;105T>C;114C>G],NA,p.Ala34Asn,0.630412443762983,0.5359356081412155,0.7020336349547136
urn:mavedb:00000234-0-1#722,c.[12T>C;15G>A;27A>G;33G>C;45C>T;78C>G;100G>C;101C>A;102G>C;105T>C;114C>G],NA,p.Ala34His,0.3793323981131207,0.2976153675828746,0.4472351604959024
urn:mavedb:00000234-0-1#723,c.[12T>C;15G>A;27A>G;33G>C;45C>T;78C>G;101C>A;102G>C;105T>C;114C>G],NA,p.Ala34Asp,0.6458017064694559,0.5747752637999614,0.707136829997213
urn:mavedb:00000234-0-1#724,c.[12T>C;15G>A;27A>G;33G>C;45C>T;78C>G;100G>C;101C>G;102G>T;105T>C;114C>G],NA,p.Ala34Arg,0.0729327259019351,0.0276472275103955,0.147596490756878
urn:mavedb:00000234-0-1#725,c.[12T>C;15G>A;27A>G;33G>C;45C>T;78C>G;100G>A;101C>A;102G>A;105T>C;114C>G],NA,p.Ala34Lys,0.1032239795811073,-0.0123374717709642,0.2314118441765538
urn:mavedb:00000234-0-1#726,c.[12T>C;15G>A;27A>G;33G>C;45C>T;78C>G;100G>A;102G>C;105T>C;114C>G],NA,p.Ala34Thr,0.8521196921423861,0.8105896161516744,0.9126797218290011
urn:mavedb:00000234-0-1#727,c.[12T>C;15G>A;27A>G;33G>C;45C>T;78C>G;100G>T;102G>T;105T>C;114C>G],NA,p.Ala34Ser,0.6561327141834914,0.5258870351942191,0.7783124525021191
urn:mavedb:00000234-0-1#728,c.[12T>C;15G>A;27A>G;33G>C;45C>T;78C>G;101C>G;102G>T;105T>C;114C>G],NA,p.Ala34Gly,0.3225546176427525,0.2568935734823946,0.406354545115526
urn:mavedb:00000234-0-1#729,c.[12T>C;15G>A;27A>G;33G>C;45C>T;78C>G;100G>A;101C>T;105T>C;114C>G],NA,p.Ala34Met,0.8796365982985838,0.8302771357179082,0.9341027172204122
urn:mavedb:00000234-0-1#730,c.[12T>C;15G>A;27A>G;33G>C;45C>T;78C>G;100G>C;101C>T;105T>C;114C>G],NA,p.Ala34Leu,1.681139654807379,1.6165914773903869,1.7681151740368453
urn:mavedb:00000234-0-1#731,c.[12T>C;15G>A;27A>G;33G>C;45C>T;78C>G;101C>T;102G>T;105T>C;114C>G],NA,p.Ala34Val,1.0743455479226287,1.0365747978978057,1.162650524092797
urn:mavedb:00000234-0-1#732,c.[12T>C;15G>A;27A>G;33G>C;45C>T;78C>G;100G>A;101C>T;102G>C;105T>C;114C>G],NA,p.Ala34Ile,1.287921111502207,1.240093681680491,1.3341108571736031
urn:mavedb:00000234-0-1#733,c.[12T>C;15G>A;27A>G;33G>C;45C>T;78C>G;100G>T;101C>G;105T>C;114C>G],NA,p.Ala34Trp,1.117470124741534,1.0432505437867423,1.1985994845476444
urn:mavedb:00000234-0-1#734,c.[12T>C;15G>A;27A>G;33G>C;45C>T;78C>G;100G>T;101C>A;102G>C;105T>C;114C>G],NA,p.Ala34Tyr,0.8817029263636953,0.823253640117656,0.9512015316166076
urn:mavedb:00000234-0-1#735,c.[12T>C;15G>A;27A>G;33G>C;45C>T;78C>G;100G>T;101C>T;102G>C;105T>C;114C>G],NA,p.Ala34Phe,0.8514558726891839,0.7852371023236757,0.9185844084476246
urn:mavedb:00000234-0-1#736,c.[12T>C;15G>A;27A>G;33G>C;45C>T;78C>G;100G>C;105T>C;114C>G],NA,p.Ala34Pro,0.018078546636679,-0.0861780086554457,0.1307347111241872
urn:mavedb:00000234-0-1#737,c.[3T>C;6T>C;9T>G;12T>C;18G>A;24C>G;45C>T;57A>G;78C>G;99_100insGGT;105T>C;108A>G;114C>G;126G>A],NA,p.Gln33_Ala34insGly,0.001506421299476,-0.0695519985381504,0.0987411766970775
urn:mavedb:00000234-0-1#738,c.[12T>C;18G>A;27A>G;45C>T;78C>G;99_100insGCG;105T>C;114C>G;126G>A],NA,p.Gln33_Ala34insAla,-0.3672510767497209,-0.5861834726055304,-0.2330164458896441
urn:mavedb:00000234-0-1#739,c.[6T>C;15G>A;24C>G;33G>C;45C>T;100_102del;105T>C;114C>G],NA,p.Ala34del,0.4519111252726636,0.3625195375563113,0.5813979613608891
urn:mavedb:00000234-0-1#740,c.[12T>C;15G>A;27A>G;33G>C;45C>T;78C>G;103A>C;104C>A;105T>G;114C>G],NA,p.Thr35Gln,3.490096408217721,3.43885570195107,3.5531768216501067
urn:mavedb:00000234-0-1#741,c.[12T>C;15G>A;27A>G;33G>C;45C>T;78C>G;103A>G;104C>A;105T>A;114C>G],NA,p.Thr35Glu,3.102377536700504,3.067005924528247,3.146992274237424
urn:mavedb:00000234-0-1#742,c.[12T>C;15G>A;27A>G;33G>C;45C>T;78C>G;104C>A;105T>C;114C>G],NA,p.Thr35Asn,2.0721406074803523,2.0207349584568126,2.1088693286305444
urn:mavedb:00000234-0-1#743,c.[12T>C;15G>A;27A>G;33G>C;45C>T;78C>G;103A>C;104C>A;105T>C;114C>G],NA,p.Thr35His,3.442543146148493,3.3879388955252807,3.503203388467249
urn:mavedb:00000234-0-1#744,c.[12T>C;15G>A;27A>G;33G>C;45C>T;78C>G;103A>G;104C>A;105T>C;114C>G],NA,p.Thr35Asp,1.1080628970222135,1.0438064189389529,1.1771149655905009
urn:mavedb:00000234-0-1#745,c.[12T>C;15G>A;27A>G;33G>C;45C>T;78C>G;103A>C;104C>G;114C>G],NA,p.Thr35Arg,3.76801918307641,3.716385993564888,3.8029536416641134
urn:mavedb:00000234-0-1#746,c.[12T>C;15G>A;27A>G;33G>C;45C>T;78C>G;104C>A;105T>A;114C>G],NA,p.Thr35Lys,3.9328394640286177,3.889267783279165,3.985356776921976
urn:mavedb:00000234-0-1#747,c.[12T>C;15G>A;27A>G;33G>C;45C>T;78C>G;103A>T;114C>G],NA,p.Thr35Ser,2.2041321988176343,2.161536498330373,2.2455297975709816
urn:mavedb:00000234-0-1#748,c.[12T>C;15G>A;27A>G;45C>T;78C>G;103A>G;114C>G],NA,p.Thr35Ala,2.932677216263637,2.878722024196184,2.996874169521899
urn:mavedb:00000234-0-1#749,c.[12T>C;15G>A;27A>G;45C>T;78C>G;103A>G;104C>G;108A>G;114C>G],NA,p.Thr35Gly,1.6737050160767597,1.5846599288506016,1.736588235553037
urn:mavedb:00000234-0-1#750,c.[12T>C;15G>A;21A>G;27A>G;30G>A;45C>T;78C>G;102G>T;104C>T;105T>G;108A>G;114C>G],NA,p.Thr35Met,4.5395711992196,4.460322658425856,4.621536718713791
urn:mavedb:00000234-0-1#751,c.[12T>C;15G>A;27A>G;33G>C;45C>T;78C>G;103A>C;104C>T;105T>G;114C>G],NA,p.Thr35Leu,4.685969713383125,4.563412297456269,4.836974009178315
urn:mavedb:00000234-0-1#752,c.[12T>C;15G>A;27A>G;33G>C;45C>T;78C>G;103A>G;104C>T;114C>G],NA,p.Thr35Val,4.416537850883186,4.355722208953979,4.455011664601102
urn:mavedb:00000234-0-1#753,c.[12T>C;15G>A;27A>G;33G>C;45C>T;78C>G;104C>T;105T>C;114C>G],NA,p.Thr35Ile,4.839204720678412,4.700003729590938,5.008239142589178
urn:mavedb:00000234-0-1#754,c.[12T>C;15G>A;27A>G;33G>C;45C>T;78C>G;103A>T;104C>G;105T>G;114C>G],NA,p.Thr35Trp,4.082462144411222,3.959206060531759,4.2077391424816994
urn:mavedb:00000234-0-1#755,c.[12T>C;15G>A;27A>G;33G>C;45C>T;78C>G;103A>T;104C>A;105T>C;114C>G],NA,p.Thr35Tyr,4.474081877220793,4.408301668226927,4.55021081589313
urn:mavedb:00000234-0-1#756,c.[12T>C;15G>A;27A>G;33G>C;45C>T;78C>G;103A>T;104C>T;105T>C;114C>G],NA,p.Thr35Phe,4.196942637013976,4.148933331712088,4.261535768827949
urn:mavedb:00000234-0-1#757,c.[12T>C;15G>A;27A>G;45C>T;78C>G;103A>C;105T>A;114C>G],NA,p.Thr35Pro,1.9177339302433989,1.8600589425608265,1.97717711857958
urn:mavedb:00000234-0-1#758,c.[12T>C;18G>A;24C>G;45C>T;78C>G;102_103insGGT;105T>C;114C>G;126G>A],NA,p.Ala34_Thr35insGly,0.1823188888867004,0.089721686607739,0.2430238658378644
urn:mavedb:00000234-0-1#759,c.[12T>C;15G>A;24C>G;45C>T;51C>T;75G>C;78C>G;102_103insGCG;105T>C;114C>G],NA,p.Ala34_Thr35insAla,2.4704636521405217,2.285850724007244,2.6444200965158835
urn:mavedb:00000234-0-1#760,c.[3T>C;12T>C;18G>A;45C>T;78C>G;103_105del;114C>G],NA,p.Thr35del,1.405100854560557,1.3307986345586151,1.464180871802116
urn:mavedb:00000234-0-1#761,c.[12T>C;15G>A;27A>G;33G>C;45C>T;78C>G;105T>C;106G>C;108A>G;114C>G],NA,p.Glu36Gln,2.912327034113368,2.87253962891708,2.954960670260896
urn:mavedb:00000234-0-1#762,c.[12T>C;15G>A;27A>G;33G>C;45C>T;78C>G;105T>C;106G>A;108A>C;114C>G],NA,p.Glu36Asn,2.4985790864667887,2.4466407574054148,2.565302636579826
urn:mavedb:00000234-0-1#763,c.[12T>C;15G>A;27A>G;33G>C;45C>T;78C>G;105T>C;106G>C;108A>C;114C>G],NA,p.Glu36His,2.611647450952197,2.5741365377519614,2.6595045458045945
urn:mavedb:00000234-0-1#764,c.[12T>C;15G>A;27A>G;33G>C;45C>T;78C>G;105T>C;108A>C;114C>G],NA,p.Glu36Asp,2.7335532139085386,2.68108745239883,2.7890208438973736
urn:mavedb:00000234-0-1#765,c.[12T>C;15G>A;27A>G;33G>C;45C>T;78C>G;105T>C;106G>C;107A>G;108A>T;114C>G],NA,p.Glu36Arg,2.661358521517866,2.6205751078726087,2.6968631491357367
urn:mavedb:00000234-0-1#766,c.[12T>C;15G>A;27A>G;33G>C;45C>T;78C>G;105T>C;106G>A;114C>G],NA,p.Glu36Lys,2.624460040755696,2.594658007012888,2.662132749688241
urn:mavedb:00000234-0-1#767,c.[12T>C;15G>A;27A>G;33G>C;45C>T;78C>G;105T>C;106G>A;107A>C;108A>C;114C>G],NA,p.Glu36Thr,2.3281529338603457,2.283368395347018,2.376613283230108
urn:mavedb:00000234-0-1#768,c.[12T>C;15G>A;27A>G;33G>C;45C>T;78C>G;105T>C;106G>T;107A>C;108A>T;114C>G],NA,p.Glu36Ser,2.198463216569191,2.1365536941295056,2.2540173664305385
urn:mavedb:00000234-0-1#769,c.[12T>C;15G>A;27A>G;33G>C;45C>T;78C>G;105T>C;107A>C;108A>G;114C>G],NA,p.Glu36Ala,2.915111687478652,2.872189704159149,2.962347229126263
urn:mavedb:00000234-0-1#770,c.[12T>C;15G>A;27A>G;33G>C;45C>T;78C>G;105T>C;107A>G;108A>T;114C>G],NA,p.Glu36Gly,1.6028331952086905,1.5073101642814848,1.6587691673466316
urn:mavedb:00000234-0-1#771,c.[12T>C;15G>A;27A>G;33G>C;45C>T;78C>G;105T>C;106G>A;107A>T;108A>G;114C>G],NA,p.Glu36Met,2.8017420059818194,2.7529885451585794,2.8387779106085347
urn:mavedb:00000234-0-1#772,c.[12T>C;15G>A;27A>G;33G>C;45C>T;78C>G;105T>C;106G>C;107A>T;108A>G;114C>G],NA,p.Glu36Leu,2.987812854949392,2.925462700312344,3.0805317118981894
urn:mavedb:00000234-0-1#773,c.[12T>C;15G>A;27A>G;33G>C;45C>T;78C>G;105T>C;107A>T;108A>T;114C>G],NA,p.Glu36Val,2.4765046431235533,2.4284813994564964,2.5147611549948525
urn:mavedb:00000234-0-1#774,c.[12T>C;15G>A;27A>G;33G>C;45C>T;78C>G;105T>C;106G>A;107A>T;108A>C;114C>G],NA,p.Glu36Ile,2.6719745492242826,2.621853242581035,2.7267941715038737
urn:mavedb:00000234-0-1#775,c.[12T>C;15G>A;27A>G;33G>C;45C>T;78C>G;105T>C;106G>T;107A>G;108A>G;114C>G],NA,p.Glu36Trp,2.85884216875039,2.81091503229844,2.896292516437622
urn:mavedb:00000234-0-1#776,c.[12T>C;15G>A;27A>G;33G>C;45C>T;78C>G;105T>C;106G>T;108A>C;114C>G],NA,p.Glu36Tyr,2.766913981608829,2.721830424991076,2.8091795027637563
urn:mavedb:00000234-0-1#777,c.[12T>C;15G>A;27A>G;33G>C;45C>T;78C>G;105T>C;106G>T;107A>T;108A>C;114C>G],NA,p.Glu36Phe,2.5026854210130893,2.4329662319078884,2.56052878158246
urn:mavedb:00000234-0-1#778,c.[12T>C;15G>A;27A>G;33G>C;45C>T;78C>G;105T>C;106G>C;107A>C;108A>G;114C>G],NA,p.Glu36Pro,2.2831768366645275,2.10400361159278,2.4301659173223102
urn:mavedb:00000234-0-1#779,c.[12T>C;18G>A;24C>G;45C>T;78C>G;96A>G;105T>C;106G>T;107A>G;108A>C],NA,p.Glu36Cys,3.4739913363475567,3.310630092552287,3.639965492083149
urn:mavedb:00000234-0-1#780,c.[12T>C;18G>A;21A>G;27A>G;39C>T;45C>T;78C>G;105delinsCGGT;114C>G],NA,p.Thr35_Glu36insGly,0.2938887705758783,0.2035538537425156,0.3623191946464672
urn:mavedb:00000234-0-1#781,c.[12T>C;15G>A;21A>G;27A>G;30G>A;45C>T;69A>G;75G>C;78C>G;105delinsCGCT;114C>G],NA,p.Thr35_Glu36insAla,0.2706669247905433,0.1213673882401377,0.3530666898967212
urn:mavedb:00000234-0-1#782,c.[12T>C;18G>A;45C>T;78C>G;81C>T;105T>C;106_108del;114C>G],NA,p.Glu36del,1.318118954147785,1.2629761733468667,1.3825517136573688
urn:mavedb:00000234-0-1#783,c.[15G>A;21A>G;45C>T;78C>G;105T>C;109T>C;111C>A;114C>G;117G>C],NA,p.Tyr37Gln,2.2948781695055303,2.227923963963142,2.35789768596302
urn:mavedb:00000234-0-1#784,c.[12T>C;15G>A;27A>G;33G>C;45C>T;78C>G;105T>C;109T>G;111C>A;114C>G],NA,p.Tyr37Glu,2.0206870836971564,1.9292282563290888,2.115764099866812
urn:mavedb:00000234-0-1#785,c.[12T>C;15G>A;27A>G;33G>C;45C>T;78C>G;105T>C;109T>A;114C>G],NA,p.Tyr37Asn,2.0660300858486726,2.0210746759787668,2.1005244581498013
urn:mavedb:00000234-0-1#786,c.[12T>C;15G>A;21A>G;27A>G;30G>A;45C>T;78C>G;81C>T;105T>C;109T>C],NA,p.Tyr37His,2.58259731968954,2.545451328025532,2.61823855041985
urn:mavedb:00000234-0-1#787,c.[12T>C;15G>A;27A>G;33G>C;45C>T;78C>G;105T>C;109T>G;114C>G],NA,p.Tyr37Asp,1.959608316495406,1.8931068356874643,2.0288681832482576
urn:mavedb:00000234-0-1#788,c.[12T>C;15G>A;27A>G;33G>C;45C>T;78C>G;105T>C;109T>C;110A>G;111C>T;114C>G],NA,p.Tyr37Arg,1.9747115180463608,1.919863369560864,2.023013118953134
urn:mavedb:00000234-0-1#789,c.[12T>C;15G>A;27A>G;33G>C;45C>T;78C>G;105T>C;109T>A;111C>A;114C>G],NA,p.Tyr37Lys,1.8971937982707727,1.8522804010620129,1.9356186880417183
urn:mavedb:00000234-0-1#790,c.[12T>C;15G>A;27A>G;33G>C;45C>T;78C>G;105T>C;109T>A;110A>C;114C>G],NA,p.Tyr37Thr,2.066674156161597,2.0040485504333856,2.12211760612276
urn:mavedb:00000234-0-1#791,c.[12T>C;15G>A;27A>G;33G>C;45C>T;78C>G;105T>C;110A>C;111C>T;114C>G],NA,p.Tyr37Ser,2.2042717121968574,2.167121276327165,2.25009221684913
urn:mavedb:00000234-0-1#792,c.[12T>C;15G>A;21A>G;27A>G;30G>A;45C>T;72G>T;78C>G;105T>C;109T>G;110A>C;111C>G;114C>G;117G>C],NA,p.Tyr37Ala,2.2665025385235467,2.223074187786512,2.317698191039009
urn:mavedb:00000234-0-1#793,c.[12T>C;15G>A;27A>G;33G>C;45C>T;78C>G;105T>C;109T>G;110A>G;111C>T;114C>G],NA,p.Tyr37Gly,1.792066738718262,1.6958319697116238,1.8648592411262828
urn:mavedb:00000234-0-1#794,c.[12T>C;15G>A;27A>G;45C>T;78C>G;105T>C;109T>A;110A>T;111C>G;114C>G;117G>C],NA,p.Tyr37Met,2.3046766260757563,2.257822753071064,2.330486568496553
urn:mavedb:00000234-0-1#795,c.[12T>C;15G>A;27A>G;45C>T;78C>G;105T>C;109T>C;110A>T;111C>G;114C>G;117G>C],NA,p.Tyr37Leu,2.460592859424814,2.406028333275215,2.4906172320938795
urn:mavedb:00000234-0-1#796,c.[12T>C;15G>A;27A>G;33G>C;45C>T;78C>G;105T>C;109T>G;110A>T;111C>T;114C>G],NA,p.Tyr37Val,2.399859625837892,2.356774627801677,2.445151081953059
urn:mavedb:00000234-0-1#797,c.[12T>C;15G>A;27A>G;33G>C;45C>T;78C>G;105T>C;109T>A;110A>T;114C>G],NA,p.Tyr37Ile,2.3848852845619133,2.336444358549448,2.442114952702531
urn:mavedb:00000234-0-1#798,c.[12T>C;15G>A;27A>G;45C>T;78C>G;105T>C;110A>G;111C>G;114C>G;117G>C],NA,p.Tyr37Trp,3.825999195345147,3.7875093284085737,3.879842784287296
urn:mavedb:00000234-0-1#799,c.[12T>C;15G>A;27A>G;33G>C;45C>T;78C>G;105T>C;110A>T;114C>G],NA,p.Tyr37Phe,2.2741149717835887,2.241389416236876,2.3193347524987846
urn:mavedb:00000234-0-1#800,c.[12T>C;15G>A;27A>G;45C>T;78C>G;105T>C;109T>C;110A>C;111C>G;114C>G;117G>C],NA,p.Tyr37Pro,1.7611362860228277,1.6749574393028728,1.8211116830546568
urn:mavedb:00000234-0-1#801,c.[3T>C;15G>A;21A>G;45C>T;105T>C;110A>G;114C>G],NA,p.Tyr37Cys,2.3494724918497227,2.1792979691382577,2.5518033417211394
urn:mavedb:00000234-0-1#802,c.[3T>C;9T>G;12T>C;18G>A;24C>G;33G>C;45C>T;75G>C;78C>G;105T>C;108_109insGGT;114C>G],NA,p.Glu36_Tyr37insGly,0.2208845684144409,0.124557940838946,0.3825951094028934
urn:mavedb:00000234-0-1#803,c.[12T>C;15G>A;21A>G;30G>A;33G>C;45C>T;78C>G;105T>C;108_109insGCG;114C>G],NA,p.Glu36_Tyr37insAla,0.2766826383920873,0.1866070742225357,0.4264217139113868
urn:mavedb:00000234-0-1#804,c.[12T>C;15G>A;18G>A;21A>G;24C>G;30G>A;45C>T;78C>G;105T>C;109_111del;114C>G;126G>A],NA,p.Tyr37del,2.2690212442141617,2.2136720635138527,2.3411425667942978
urn:mavedb:00000234-0-1#805,c.[12T>C;15G>A;27A>G;33G>C;45C>T;78C>G;105T>C;113T>A;114C>G],NA,p.Leu38Gln,1.238434167565908,1.1847701144259783,1.2852103229469836
urn:mavedb:00000234-0-1#806,c.[12T>C;15G>A;27A>G;33G>C;45C>T;78C>G;105T>C;112C>G;113T>A;114C>A],NA,p.Leu38Glu,1.3897444143295896,1.3112229575629404,1.4366360803380238
urn:mavedb:00000234-0-1#807,c.[12T>C;15G>A;27A>G;33G>C;45C>T;78C>G;105T>C;112C>A;113T>A],NA,p.Leu38Asn,0.985126212238506,0.9357604868366806,1.0589722991186754
urn:mavedb:00000234-0-1#808,c.[12T>C;15G>A;27A>G;33G>C;45C>T;78C>G;105T>C;113T>A],NA,p.Leu38His,1.2513447060034977,1.17591967712418,1.3140737674912102
urn:mavedb:00000234-0-1#809,c.[12T>C;15G>A;27A>G;33G>C;45C>T;78C>G;105T>C;112C>G;113T>A],NA,p.Leu38Asp,1.307972021298492,1.2302756167795792,1.4216970667015956
urn:mavedb:00000234-0-1#810,c.[12T>C;15G>A;27A>G;33G>C;45C>T;78C>G;105T>C;113T>G;114C>T],NA,p.Leu38Arg,0.6290633295076844,0.5707694545662411,0.6743793288583717
urn:mavedb:00000234-0-1#811,c.[12T>C;15G>A;27A>G;33G>C;45C>T;78C>G;105T>C;112C>A;113T>A;114C>A],NA,p.Leu38Lys,0.8896403928258588,0.8345004927850579,0.9613753591744312
urn:mavedb:00000234-0-1#812,c.[12T>C;15G>A;27A>G;33G>C;45C>T;78C>G;105T>C;112C>A;113T>C],NA,p.Leu38Thr,1.050919979671384,0.9842546149394924,1.102106869583391
urn:mavedb:00000234-0-1#813,c.[12T>C;15G>A;27A>G;33G>C;45C>T;78C>G;105T>C;112C>T;113T>C;114C>T],NA,p.Leu38Ser,1.0445604045124095,0.983318669389053,1.107465699790224
urn:mavedb:00000234-0-1#814,c.[12T>C;15G>A;27A>G;33G>C;45C>T;78C>G;105T>C;112C>G;113T>C;114C>G],NA,p.Leu38Ala,2.522995126812285,2.47986207504469,2.559086084811802
urn:mavedb:00000234-0-1#815,c.[12T>C;15G>A;27A>G;33G>C;45C>T;78C>G;105T>C;112C>G;113T>G;114C>T],NA,p.Leu38Gly,0.9700808657355664,0.9128582951052968,1.0502331448064046
urn:mavedb:00000234-0-1#816,c.[12T>C;15G>A;27A>G;33G>C;45C>T;78C>G;105T>C;112C>A;114C>G],NA,p.Leu38Met,2.0634596826738445,2.0023176845495687,2.114753524641229
urn:mavedb:00000234-0-1#817,c.[12T>C;15G>A;27A>G;33G>C;45C>T;78C>G;105T>C;112C>G;114C>T],NA,p.Leu38Val,1.8442226232902004,1.8092998200657089,1.8844308432063384
urn:mavedb:00000234-0-1#818,c.[12T>C;15G>A;27A>G;33G>C;45C>T;78C>G;105T>C;112C>A],NA,p.Leu38Ile,2.4062524992750154,2.362027804039013,2.459114236058054
urn:mavedb:00000234-0-1#819,c.[12T>C;15G>A;27A>G;33G>C;45C>T;78C>G;105T>C;112C>T;113T>G;114C>G],NA,p.Leu38Trp,2.080876789248172,2.037399582677242,2.1249343798889235
urn:mavedb:00000234-0-1#820,c.[12T>C;15G>A;27A>G;33G>C;45C>T;78C>G;105T>C;112C>T;113T>A],NA,p.Leu38Tyr,1.4809899729850915,1.4397805585175956,1.5283566530712651
urn:mavedb:00000234-0-1#821,c.[12T>C;15G>A;27A>G;33G>C;45C>T;78C>G;105T>C;112C>T],NA,p.Leu38Phe,1.687018786301885,1.6391681343768962,1.7288683473672262
urn:mavedb:00000234-0-1#822,c.[12T>C;15G>A;27A>G;33G>C;45C>T;78C>G;105T>C;113T>C;114C>G],NA,p.Leu38Pro,2.3651328149137623,2.3179168621624657,2.4095226163650265
urn:mavedb:00000234-0-1#823,c.[12T>C;18G>A;24C>G;45C>T;57A>G;72G>T;78C>G;105T>C;108A>G;112C>T;113T>G;126G>A],NA,p.Leu38Cys,2.432100281808526,2.169345653008349,2.676122187700991
urn:mavedb:00000234-0-1#824,c.[6T>C;12T>C;15G>A;18G>A;24C>G;27A>G;30G>A;33G>C;45C>T;75G>C;78C>G;105T>C;111_112insGGT;114C>G;117G>C],NA,p.Tyr37_Leu38insGly,0.991301370347254,0.9367499914771416,1.046772337563389
urn:mavedb:00000234-0-1#825,c.[3T>C;12T>C;15G>A;21A>G;30G>A;45C>T;72G>T;75G>C;105T>C;108A>G;111delinsTGCG;114C>G],NA,p.Tyr37_Leu38insAla,2.246792675940425,2.165541612102383,2.3515285407261906
urn:mavedb:00000234-0-1#826,c.[3T>C;12T>C;15G>A;18G>A;21A>G;27A>G;30G>A;45C>T;78C>G;112_114del],NA,p.Leu38del,2.645204292629217,2.5818622626784653,2.710451877450562
urn:mavedb:00000234-0-1#827,c.[12T>C;15G>A;27A>G;33G>C;45C>T;78C>G;105T>C;114C>G;116T>A],NA,p.Leu39Gln,3.621456880113087,3.5615312105344388,3.661324423915196
urn:mavedb:00000234-0-1#828,c.[12T>C;15G>A;27A>G;45C>T;78C>G;105T>C;114C>G;115C>G;116T>A;117G>A;120C>T],NA,p.Leu39Glu,3.38901527698022,3.322179140881032,3.4450410289993267
urn:mavedb:00000234-0-1#829,c.[12T>C;15G>A;21A>G;27A>G;30G>A;45C>T;81C>T;87T>C;105T>C;111C>T;115C>A;116T>A;117G>C;120C>T],NA,p.Leu39Asn,3.2738074301018143,3.23945648258097,3.3016250170278068
urn:mavedb:00000234-0-1#830,c.[12T>C;15G>A;27A>G;33G>C;45C>T;78C>G;105T>C;114C>G;116T>A;117G>C],NA,p.Leu39His,3.38514916263762,3.35741455573591,3.415096252503721
urn:mavedb:00000234-0-1#831,c.[12T>C;15G>A;27A>G;33G>C;45C>T;78C>G;105T>C;114C>G;115C>G;116T>A;117G>C],NA,p.Leu39Asp,2.850307379282388,2.8225419574408988,2.8829605568277668
urn:mavedb:00000234-0-1#832,c.[12T>C;15G>A;27A>G;33G>C;45C>T;78C>G;105T>C;114C>G;116T>G;117G>T],NA,p.Leu39Arg,3.06416170135085,3.0220164076630525,3.1026671117843025
urn:mavedb:00000234-0-1#833,c.[12T>C;15G>A;27A>G;33G>C;45C>T;78C>G;105T>C;114C>G;115C>A;116T>A;117G>A],NA,p.Leu39Lys,3.7152249356610376,3.6516787353063367,3.777047878528554
urn:mavedb:00000234-0-1#834,c.[12T>C;15G>A;27A>G;33G>C;45C>T;78C>G;105T>C;114C>G;115C>A;116T>C;117G>C],NA,p.Leu39Thr,3.0895715196360336,3.0497494613616314,3.108313958633318
urn:mavedb:00000234-0-1#835,c.[12T>C;15G>A;27A>G;33G>C;45C>T;78C>G;105T>C;114C>G;115C>T;116T>C;117G>T],NA,p.Leu39Ser,3.158709935234582,3.1099261351701064,3.2094154277391875
urn:mavedb:00000234-0-1#836,c.[12T>C;15G>A;27A>G;33G>C;45C>T;78C>G;105T>C;114C>G;115C>G;116T>C],NA,p.Leu39Ala,3.382742548228019,3.3269726247746934,3.4379880242092145
urn:mavedb:00000234-0-1#837,c.[12T>C;15G>A;21A>G;27A>G;30G>A;45C>T;78C>G;105T>C;114C>G;115C>G;116T>G;117G>C;123C>T],NA,p.Leu39Gly,2.805718142623314,2.780755854371777,2.841106941764437
urn:mavedb:00000234-0-1#838,c.[12T>C;15G>A;27A>G;33G>C;45C>T;78C>G;105T>C;114C>G;115C>A],NA,p.Leu39Met,3.303287209713104,3.2508723559967487,3.337462078480678
urn:mavedb:00000234-0-1#839,c.[12T>C;15G>A;27A>G;33G>C;45C>T;78C>G;105T>C;114C>G;115C>G;117G>T],NA,p.Leu39Val,2.5409128053777,2.4870847247101446,2.5765756613993145
urn:mavedb:00000234-0-1#840,c.[12T>C;15G>A;27A>G;33G>C;45C>T;78C>G;105T>C;114C>G;115C>A;117G>C],NA,p.Leu39Ile,2.7555845536702064,2.7169599940831373,2.8022963323172934
urn:mavedb:00000234-0-1#841,c.[12T>C;15G>A;27A>G;33G>C;45C>T;78C>G;105T>C;114C>G;115C>T;116T>G],NA,p.Leu39Trp,3.025649316966476,2.9824464872686165,3.0603733220389824
urn:mavedb:00000234-0-1#842,c.[12T>C;15G>A;27A>G;33G>C;45C>T;78C>G;105T>C;114C>G;115C>T;116T>A;117G>C],NA,p.Leu39Tyr,3.3479607494662016,3.315929347132804,3.380460840872895
urn:mavedb:00000234-0-1#843,c.[12T>C;15G>A;27A>G;33G>C;45C>T;78C>G;105T>C;114C>G;115C>T;117G>C],NA,p.Leu39Phe,3.3006734156823545,3.2410725771534774,3.33759650257092
urn:mavedb:00000234-0-1#844,c.[12T>C;15G>A;27A>G;33G>C;45C>T;78C>G;105T>C;114C>G;116T>C],NA,p.Leu39Pro,2.355503445706513,2.3228050230448867,2.399224230646506
urn:mavedb:00000234-0-1#845,c.[12T>C;15G>A;24C>G;27A>G;45C>T;78C>G;105T>C;114delinsGGGT],NA,p.Leu38_Leu39insGly,2.8307083035030747,2.759159124272928,2.891805913357087
urn:mavedb:00000234-0-1#846,c.[6T>C;12T>C;15G>A;21A>G;27A>G;30G>A;45C>T;63G>T;75G>C;78C>G;105T>C;108A>G;114delinsGGCG;126G>A],NA,p.Leu38_Leu39insAla,3.1740303117082016,3.112033628059512,3.265208824881836
urn:mavedb:00000234-0-1#847,c.[12T>C;18G>A;21A>G;27A>G;45C>T;78C>G;105T>C;114C>G;115_117del],NA,p.Leu39del,2.4465909387274456,2.3590232168249905,2.544960412649645
urn:mavedb:00000234-0-1#848,c.[12T>C;15G>A;21A>G;30G>A;45C>T;60C>T;78C>G;105T>C;114C>G;117G>C;118A>C;119C>A;120C>G;123C>T],NA,p.Thr40Gln,2.919085392028276,2.880903520400885,2.970962768936414
urn:mavedb:00000234-0-1#849,c.[12T>C;21A>G;33G>C;45C>T;78C>G;105T>C;114C>G;118A>G;119C>A;120C>A],NA,p.Thr40Glu,2.7769509375468813,2.71922074225308,2.8176487602406275
urn:mavedb:00000234-0-1#850,c.[12T>C;15G>A;21A>G;27A>G;30G>A;45C>T;105T>C;114C>G;119C>A;120C>T],NA,p.Thr40Asn,3.4547411834994466,3.416131897801214,3.4885915236363974
urn:mavedb:00000234-0-1#851,c.[12T>C;15G>A;27A>G;45C>T;78C>G;105T>C;114C>G;117G>C;118A>C;119C>A],NA,p.Thr40His,2.9728498304537165,2.916820918076628,3.037438573727157
urn:mavedb:00000234-0-1#852,c.[12T>C;21A>G;33G>C;45C>T;78C>G;105T>C;114C>G;118A>G;119C>A],NA,p.Thr40Asp,2.949146383676956,2.9065814901865785,2.9996964600431784
urn:mavedb:00000234-0-1#853,c.[12T>C;15G>A;27A>G;33G>C;45C>T;78C>G;105T>C;114C>G;118A>C;119C>G;120C>T],NA,p.Thr40Arg,2.737626158659091,2.678654874902932,2.797602996578726
urn:mavedb:00000234-0-1#854,c.[12T>C;15G>A;27A>G;45C>T;78C>G;105T>C;114C>G;117G>C;119C>A;120C>A],NA,p.Thr40Lys,2.892641142904876,2.8505349126125084,2.927149008749472
urn:mavedb:00000234-0-1#855,c.[12T>C;15G>A;27A>G;33G>C;45C>T;78C>G;105T>C;114C>G;118A>T;120C>T],NA,p.Thr40Ser,3.234195391604508,3.1842339150006134,3.2921762236980223
urn:mavedb:00000234-0-1#856,c.[12T>C;15G>A;27A>G;33G>C;45C>T;78C>G;105T>C;114C>G;118A>G;120C>G],NA,p.Thr40Ala,3.2248010916432537,3.182904670916104,3.2748336463798347
urn:mavedb:00000234-0-1#857,c.[12T>C;15G>A;27A>G;33G>C;45C>T;78C>G;105T>C;114C>G;118A>G;119C>G;120C>T],NA,p.Thr40Gly,3.2624800729964987,3.177825469779712,3.317331380151856
urn:mavedb:00000234-0-1#858,c.[12T>C;15G>A;27A>G;33G>C;45C>T;78C>G;105T>C;114C>G;119C>T;120C>G],NA,p.Thr40Met,3.029006831956948,2.9835070553150698,3.0712732206366606
urn:mavedb:00000234-0-1#859,c.[12T>C;24C>G;27A>G;45C>T;78C>G;105T>C;114C>G;118A>C;119C>T],NA,p.Thr40Leu,2.9646799044717547,2.847453470583226,3.0630306058033576
urn:mavedb:00000234-0-1#860,c.[18G>A;24C>G;27A>G;45C>T;78C>G;105T>C;114C>G;118A>G;119C>T;120C>T;126G>A],NA,p.Thr40Val,2.443424930203644,2.404487409525272,2.4711699881686977
urn:mavedb:00000234-0-1#861,c.[12T>C;15G>A;27A>G;33G>C;45C>T;78C>G;105T>C;114C>G;119C>T],NA,p.Thr40Ile,2.526347778667565,2.4859160173635173,2.5764302895426283
urn:mavedb:00000234-0-1#862,c.[12T>C;15G>A;27A>G;33G>C;45C>T;78C>G;105T>C;114C>G;118A>T;119C>G;120C>G],NA,p.Thr40Trp,2.721014245586839,2.6589079937125986,2.7868568078722253
urn:mavedb:00000234-0-1#863,c.[12T>C;15G>A;27A>G;33G>C;45C>T;78C>G;105T>C;114C>G;118A>T;119C>A],NA,p.Thr40Tyr,2.7181839535986265,2.6683113040074056,2.769188681172488
urn:mavedb:00000234-0-1#864,c.[12T>C;15G>A;27A>G;45C>T;63G>T;78C>G;105T>C;114C>G;117G>C;118A>T;119C>T;123C>T],NA,p.Thr40Phe,2.729692675648164,2.6918824225809668,2.769171569510307
urn:mavedb:00000234-0-1#865,c.[12T>C;15G>A;27A>G;33G>C;45C>T;78C>G;105T>C;114C>G;118A>C;120C>G],NA,p.Thr40Pro,1.5253891394834396,1.4343126314751902,1.6140660679256544
urn:mavedb:00000234-0-1#866,c.[12T>C;18G>A;21A>G;24C>G;30G>A;45C>T;78C>G;105T>C;114C>G;118A>T;119C>G;120C>T;126G>A],NA,p.Thr40Cys,3.2468953441955346,2.9233627688846147,3.416685412063199
urn:mavedb:00000234-0-1#867,c.[3T>C;6T>C;12T>C;18G>A;24C>G;27A>G;30G>A;45C>T;78C>G;105T>C;114C>G;117_118insGGC],NA,p.Leu39_Thr40insGly,2.963931343426026,2.890169310260872,3.0476518980248684
urn:mavedb:00000234-0-1#868,c.[24C>G;45C>T;75G>C;78C>G;105T>C;114C>G;117_118insGCG],NA,p.Leu39_Thr40insAla,3.319236043954513,3.242526117915941,3.3993668066699656
urn:mavedb:00000234-0-1#869,c.[12T>C;15G>A;24C>G;45C>T;78C>G;105T>C;118_120del;126G>A],NA,p.Thr40del,2.447409912891553,2.357326710145141,2.510673044380414
urn:mavedb:00000234-0-1#870,c.[12T>C;15G>A;27A>G;33G>C;45C>T;78C>G;105T>C;114C>G;123C>G],NA,p.His41Gln,2.94256646333296,2.9099475094491303,2.9989279160854183
urn:mavedb:00000234-0-1#871,c.[12T>C;15G>A;27A>G;33G>C;45C>T;78C>G;105T>C;114C>G;121C>G;123C>A],NA,p.His41Glu,2.862555100008868,2.7672821061720723,2.946324181532859
urn:mavedb:00000234-0-1#872,c.[12T>C;15G>A;27A>G;33G>C;45C>T;78C>G;105T>C;114C>G;121C>A],NA,p.His41Asn,2.70935524951463,2.664884261154404,2.7546264252888366
urn:mavedb:00000234-0-1#873,c.[12T>C;15G>A;27A>G;33G>C;45C>T;78C>G;105T>C;114C>G;121C>G],NA,p.His41Asp,2.806629233429131,2.7516441199633004,2.853593023724442
urn:mavedb:00000234-0-1#874,c.[12T>C;15G>A;27A>G;33G>C;45C>T;78C>G;105T>C;114C>G;122A>G;123C>T],NA,p.His41Arg,2.4231554983799217,2.373852303183676,2.4710378287346813
urn:mavedb:00000234-0-1#875,c.[12T>C;15G>A;27A>G;33G>C;45C>T;78C>G;105T>C;114C>G;121C>A;123C>A],NA,p.His41Lys,2.509440371031108,2.462075382957107,2.563166387908556
urn:mavedb:00000234-0-1#876,c.[12T>C;15G>A;27A>G;33G>C;45C>T;78C>G;105T>C;114C>G;121C>A;122A>C],NA,p.His41Thr,2.878419026060927,2.8421214108547,2.9044777208818053
urn:mavedb:00000234-0-1#877,c.[12T>C;15G>A;27A>G;33G>C;45C>T;78C>G;105T>C;114C>G;121C>T;122A>C;123C>T],NA,p.His41Ser,2.689928970049197,2.624186366450461,2.7588631772638688
urn:mavedb:00000234-0-1#878,c.[12T>C;18G>A;21A>G;27A>G;45C>T;78C>G;105T>C;114C>G;121C>G;122A>C;123C>T],NA,p.His41Ala,2.589993428714078,2.539011050334285,2.629327538819546
urn:mavedb:00000234-0-1#879,c.[12T>C;15G>A;27A>G;45C>T;78C>G;105T>C;114C>G;121C>G;122A>G;126G>A],NA,p.His41Gly,3.021148440733568,2.9460413799085643,3.102656516262708
urn:mavedb:00000234-0-1#880,c.[12T>C;15G>A;27A>G;33G>C;45C>T;78C>G;105T>C;114C>G;121C>A;122A>T;123C>G],NA,p.His41Met,3.6112487414808574,3.559549599823513,3.6601381549818113
urn:mavedb:00000234-0-1#881,c.[12T>C;15G>A;27A>G;33G>C;45C>T;78C>G;105T>C;114C>G;122A>T;123C>G],NA,p.His41Leu,3.2918337714031747,3.249847012246948,3.341030628710981
urn:mavedb:00000234-0-1#882,c.[12T>C;15G>A;27A>G;33G>C;45C>T;78C>G;105T>C;114C>G;121C>G;122A>T;123C>T],NA,p.His41Val,2.6158926438123618,2.558420125260503,2.6644850038965457
urn:mavedb:00000234-0-1#883,c.[12T>C;15G>A;27A>G;33G>C;45C>T;78C>G;105T>C;114C>G;121C>A;122A>T],NA,p.His41Ile,2.9688612624693267,2.917789616019397,3.013544988811227
urn:mavedb:00000234-0-1#884,c.[12T>C;15G>A;27A>G;33G>C;45C>T;78C>G;105T>C;114C>G;121C>T;122A>G;123C>G],NA,p.His41Trp,3.216370887367604,3.1709260943111404,3.302252762677677
urn:mavedb:00000234-0-1#885,c.[12T>C;15G>A;27A>G;33G>C;45C>T;78C>G;105T>C;114C>G;121C>T],NA,p.His41Tyr,3.190074737915083,3.1476633733487227,3.231723700983757
urn:mavedb:00000234-0-1#886,c.[12T>C;15G>A;27A>G;33G>C;45C>T;78C>G;105T>C;114C>G;121C>T;122A>T],NA,p.His41Phe,3.097487174164459,3.0543075903806582,3.1492703171097425
urn:mavedb:00000234-0-1#887,c.[12T>C;18G>A;21A>G;27A>G;45C>T;78C>G;105T>C;114C>G;122A>C;123C>A],NA,p.His41Pro,2.232674695417022,2.194833404153622,2.270646215663764
urn:mavedb:00000234-0-1#888,c.[12T>C;15G>A;24C>G;45C>T;78C>G;105T>C;114C>G;121C>T;122A>G;126G>A],NA,p.His41Cys,2.7435642007239096,2.525035680982719,2.8748056609785726
urn:mavedb:00000234-0-1#889,c.[12T>C;18G>A;21A>G;27A>G;45C>T;78C>G;105T>C;114C>G;120_121insGGC;123C>T],NA,p.Thr40_His41insGly,2.9082412383076104,2.85076559344807,2.9644705555898154
urn:mavedb:00000234-0-1#890,c.[3T>C;12T>C;18G>A;21A>G;27A>G;45C>T;75G>C;78C>G;105T>C;114C>G;120_121insGCG],NA,p.Thr40_His41insAla,3.0169239320658114,2.9618538915158905,3.075777017855285
urn:mavedb:00000234-0-1#891,c.[15G>A;21A>G;45C>T;78C>G;105T>C;114C>G;120C>T;121_123del],NA,p.His41del,2.2845125247434126,2.2351112220143743,2.335758981714144
urn:mavedb:00000234-0-1#892,c.[12T>C;15G>A;27A>G;33G>C;45C>T;78C>G;105T>C;114C>G;125C>A],NA,p.Pro42Gln,3.5761022391259747,3.5389807751220945,3.613884622765468
urn:mavedb:00000234-0-1#893,c.[12T>C;15G>A;27A>G;33G>C;45C>T;78C>G;105T>C;114C>G;124C>G;125C>A;126G>A],NA,p.Pro42Glu,3.1278090000563,3.063310065372604,3.1846011536067182
urn:mavedb:00000234-0-1#894,c.[12T>C;15G>A;27A>G;33G>C;45C>T;78C>G;105T>C;114C>G;124C>A;125C>A;126G>C],NA,p.Pro42Asn,3.396841788993409,3.3545307501612887,3.4403089944969265
urn:mavedb:00000234-0-1#895,c.[12T>C;15G>A;27A>G;33G>C;45C>T;78C>G;105T>C;114C>G;125C>A;126G>C],NA,p.Pro42His,4.206087030817459,4.148402038517074,4.269673385551774
urn:mavedb:00000234-0-1#896,c.[12T>C;15G>A;27A>G;33G>C;45C>T;78C>G;105T>C;114C>G;124C>G;125C>A;126G>C],NA,p.Pro42Asp,3.067817590451796,3.0276055480309427,3.097298500886952
urn:mavedb:00000234-0-1#897,c.[12T>C;15G>A;27A>G;33G>C;45C>T;78C>G;105T>C;114C>G;125C>G;126G>T],NA,p.Pro42Arg,3.242349226202345,3.208525917487738,3.2822727503287976
urn:mavedb:00000234-0-1#898,c.[12T>C;15G>A;27A>G;33G>C;45C>T;78C>G;105T>C;114C>G;124C>A;125C>A;126G>A],NA,p.Pro42Lys,3.48791485196128,3.4361203514880465,3.5383652663119234
urn:mavedb:00000234-0-1#899,c.[12T>C;15G>A;27A>G;33G>C;45C>T;78C>G;105T>C;114C>G;124C>A;126G>C],NA,p.Pro42Thr,3.3813684472494128,3.3381429519765216,3.423364891259353
urn:mavedb:00000234-0-1#900,c.[12T>C;15G>A;27A>G;33G>C;45C>T;78C>G;105T>C;114C>G;124C>T;126G>T],NA,p.Pro42Ser,3.4088829792672133,3.3682640510840383,3.448980028558477
urn:mavedb:00000234-0-1#901,c.[12T>C;15G>A;27A>G;33G>C;45C>T;78C>G;105T>C;114C>G;124C>G],NA,p.Pro42Ala,3.6124125135049967,3.575605901008865,3.668318217000152
urn:mavedb:00000234-0-1#902,c.[12T>C;15G>A;27A>G;33G>C;45C>T;78C>G;105T>C;114C>G;124C>G;125C>G;126G>T],NA,p.Pro42Gly,3.403620104654653,3.362905643882619,3.460996674679207
urn:mavedb:00000234-0-1#903,c.[12T>C;15G>A;27A>G;33G>C;45C>T;78C>G;105T>C;114C>G;124C>A;125C>T],NA,p.Pro42Met,3.8245388116555774,3.752700142377365,3.884721065499038
urn:mavedb:00000234-0-1#904,c.[12T>C;15G>A;27A>G;33G>C;45C>T;78C>G;105T>C;114C>G;125C>T],NA,p.Pro42Leu,3.763160619879992,3.721363585852304,3.804183458128382
urn:mavedb:00000234-0-1#905,c.[12T>C;15G>A;27A>G;33G>C;45C>T;78C>G;105T>C;114C>G;124C>G;125C>T;126G>T],NA,p.Pro42Val,3.762750297199805,3.7309395275741375,3.8014063215931393
urn:mavedb:00000234-0-1#906,c.[12T>C;15G>A;27A>G;33G>C;45C>T;78C>G;105T>C;114C>G;124C>A;125C>T;126G>C],NA,p.Pro42Ile,3.871022873902433,3.827970792637208,3.896252323806854
urn:mavedb:00000234-0-1#907,c.[12T>C;15G>A;27A>G;33G>C;45C>T;78C>G;105T>C;114C>G;124C>T;125C>G],NA,p.Pro42Trp,4.321655320941085,4.273259142485605,4.380085736281502
urn:mavedb:00000234-0-1#908,c.[12T>C;15G>A;27A>G;33G>C;45C>T;78C>G;105T>C;114C>G;124C>T;125C>A;126G>C],NA,p.Pro42Tyr,4.762077239342228,4.6922913848610985,4.835273035155656
urn:mavedb:00000234-0-1#909,c.[12T>C;15G>A;27A>G;33G>C;45C>T;78C>G;105T>C;114C>G;124C>T;125C>T;126G>C],NA,p.Pro42Phe,4.77086991105133,4.681871025379446,4.8583195571838464
urn:mavedb:00000234-0-1#910,c.[15G>A;24C>G;45C>T;78C>G;84C>T;105T>C;114C>G;123C>T;124C>T;125C>G;126G>T],NA,p.Pro42Cys,3.199134583684411,2.825612072756808,3.7088282875716825
urn:mavedb:00000234-0-1#911,c.[12T>C;15G>A;21A>G;30G>A;33G>C;45C>T;78C>G;105T>C;114C>G;123_124insGGT],NA,p.His41_Pro42insGly,3.061698929256593,3.007786509412332,3.099482790233565
urn:mavedb:00000234-0-1#912,c.[12T>C;15G>A;18G>A;24C>G;33G>C;45C>T;78C>G;105T>C;114C>G;123_124insGCG;126G>A],NA,p.His41_Pro42insAla,3.0482484799916203,2.9275226184827488,3.1533149956565167
urn:mavedb:00000234-0-1#913,c.[12T>C;45C>T;78C>G;105T>C;114C>G;124_126del],NA,p.Pro42del,3.270047233242979,3.228053807119581,3.329204962347112
urn:mavedb:00000234-0-1#914,c.[12T>C;18G>A;24C>G;33G>C;45C>T;78C>G;88A>C;89C>A;90C>G;94G>C;96A>G;99G>A;105T>C;114C>G],NA,p.[Thr30Gln;Glu32Gln],0.9033518678701654,0.8415493701770632,0.9740119317481368
urn:mavedb:00000234-0-1#915,c.[12T>C;15G>A;18G>A;21A>G;27A>G;30G>A;45C>T;78C>G;88A>C;89C>A;90C>G;94G>A;96A>C;105T>C;114C>G;126G>A],NA,p.[Thr30Gln;Glu32Asn],0.6824686884857978,0.5932941916545208,0.8681650170391317
urn:mavedb:00000234-0-1#916,c.[3T>C;12T>C;15G>A;21A>G;27A>G;30G>A;33G>C;45C>T;88A>C;89C>A;90C>G;94G>C;96A>C;105T>C;114C>G],NA,p.[Thr30Gln;Glu32His],0.6338403971037878,0.5019540990942929,0.7618664234175475
urn:mavedb:00000234-0-1#917,c.[3T>C;27A>G;45C>T;72G>T;75G>C;78C>G;88A>C;89C>A;90C>G;96A>C;99G>A;105T>C;114C>G;126G>A],NA,p.[Thr30Gln;Glu32Asp],1.043256384411524,0.9698940605364608,1.106114322715631
urn:mavedb:00000234-0-1#918,c.[12T>C;18G>A;21A>G;24C>G;30G>A;33G>C;45C>T;69A>G;78C>G;88A>C;89C>A;90C>G;94G>C;95A>G;96A>C;105T>C;114C>G],NA,p.[Thr30Gln;Glu32Arg],0.2016955650706821,0.1306478725514032,0.2572690872982876
urn:mavedb:00000234-0-1#919,c.[9T>G;12T>C;18G>A;45C>T;60C>T;78C>G;88A>C;89C>A;90C>G;94G>A;99G>A;105T>C;114C>G;126G>A],NA,p.[Thr30Gln;Glu32Lys],0.717312620135149,0.6399225800509154,0.7827114987769769
urn:mavedb:00000234-0-1#920,c.[6T>C;12T>C;15G>A;24C>G;30G>A;45C>T;84C>T;88A>C;89C>A;90C>A;94G>A;95A>C;96A>C;105T>C;108A>G;114C>G],NA,p.[Thr30Gln;Glu32Thr],0.742485690426652,0.6502333287444094,0.8621678948405377
urn:mavedb:00000234-0-1#921,c.[6T>C;15G>A;18G>A;24C>G;27A>G;30G>A;33G>C;78C>G;88A>C;89C>A;90C>G;94G>T;95A>C;96A>T;105T>C;114C>G;126G>A],NA,p.[Thr30Gln;Glu32Ser],1.0015274343578822,0.9489574675986604,1.0748823580995608
urn:mavedb:00000234-0-1#922,c.[12T>C;15G>A;21A>G;30G>A;33G>C;45C>T;78C>G;88A>C;89C>A;90C>G;95A>C;96A>G;105T>C;114C>G],NA,p.[Thr30Gln;Glu32Ala],0.94082908234723,0.8170441410951214,1.051086799267762
urn:mavedb:00000234-0-1#923,c.[12T>C;15G>A;18G>A;21A>G;27A>G;30G>A;45C>T;63G>T;78C>G;88A>C;89C>A;90C>G;95A>G;96A>T;99G>A;105T>C;114C>G],NA,p.[Thr30Gln;Glu32Gly],0.665840919068896,0.5308327123476456,0.8163262935524143
urn:mavedb:00000234-0-1#924,c.[21A>G;45C>T;88A>C;89C>A;90C>G;94G>A;95A>T;96A>G;105T>C;114C>G],NA,p.[Thr30Gln;Glu32Met],0.7065889612059076,0.5432179799129956,0.8138079779303862
urn:mavedb:00000234-0-1#925,c.[12T>C;24C>G;27A>G;45C>T;48C>T;78C>G;87T>C;88A>C;89C>A;90C>G;94G>C;95A>T;96A>C;105T>C;114C>G],NA,p.[Thr30Gln;Glu32Leu],0.6580567058859583,0.568641458959976,0.777261838708363
urn:mavedb:00000234-0-1#926,c.[12T>C;24C>G;27A>G;45C>T;78C>G;88A>C;89C>A;90C>G;95A>T;96A>T;105T>C;114C>G],NA,p.[Thr30Gln;Glu32Val],0.5672558052813941,0.4875051569055974,0.6334300758886836
urn:mavedb:00000234-0-1#927,c.[18G>A;33G>C;45C>T;69A>G;75G>C;88A>C;89C>A;90C>G;94G>A;95A>T;96A>C;105T>C;114C>G],NA,p.[Thr30Gln;Glu32Ile],0.876559015705266,0.7964941798541533,0.999745060577234
urn:mavedb:00000234-0-1#928,c.[3T>C;6T>C;12T>C;18G>A;21A>G;27A>G;45C>T;78C>G;88A>C;89C>A;90C>G;94G>T;95A>G;96A>G;105T>C;108A>G;114C>G],NA,p.[Thr30Gln;Glu32Trp],1.269280056529873,1.153408585406407,1.4092978958066151
urn:mavedb:00000234-0-1#929,c.[12T>C;15G>A;24C>G;27A>G;39C>T;45C>T;78C>G;88A>C;89C>A;90C>G;94G>T;96A>C;105T>C;114C>G],NA,p.[Thr30Gln;Glu32Tyr],1.044228097709266,0.9474541337823392,1.1166057881893146
urn:mavedb:00000234-0-1#930,c.[3T>C;6T>C;15G>A;18G>A;27A>G;33G>C;45C>T;60C>T;78C>G;88A>C;89C>A;90C>G;94G>T;95A>T;96A>C;105T>C;114C>G],NA,p.[Thr30Gln;Glu32Phe],1.0235637678377327,0.9081063925758144,1.2478913085176488
urn:mavedb:00000234-0-1#931,c.[6T>C;12T>C;15G>A;27A>G;45C>T;78C>G;88A>C;89C>A;90C>G;94G>C;95A>C;96A>G;105T>C;114C>G],NA,p.[Thr30Gln;Glu32Pro],0.3739473769165261,0.2879765063691176,0.45964568394972
urn:mavedb:00000234-0-1#932,c.[3T>C;12T>C;18G>A;21A>G;24C>G;30G>A;45C>T;78C>G;88A>G;89C>A;90C>A;94G>C;96A>G;105T>C],NA,p.[Thr30Glu;Glu32Gln],1.0911800273956822,1.006500478179012,1.1805560006371305
urn:mavedb:00000234-0-1#933,c.[12T>C;15G>A;21A>G;30G>A;45C>T;78C>G;88A>G;89C>A;90C>A;94G>A;96A>C;102G>T;105T>C;114C>G],NA,p.[Thr30Glu;Glu32Asn],1.1549934242219104,1.0767407515115863,1.2172434371771228
urn:mavedb:00000234-0-1#934,c.[12T>C;15G>A;18G>A;21A>G;27A>G;30G>A;45C>T;63G>T;78C>G;88A>G;89C>A;90C>A;94G>C;96A>C;105T>C;114C>G;123C>T;126G>A],NA,p.[Thr30Glu;Glu32His],1.1445854237686683,1.055865656340696,1.2282513084319455
urn:mavedb:00000234-0-1#935,c.[12T>C;18G>A;21A>G;27A>G;45C>T;78C>G;88A>G;89C>A;90C>A;96A>C;114C>G],NA,p.[Thr30Glu;Glu32Asp],1.1776616570713176,1.1053728361191806,1.2553371679014742
urn:mavedb:00000234-0-1#936,c.[12T>C;15G>A;21A>G;27A>G;30G>A;33G>C;45C>T;75G>C;78C>G;88A>G;89C>A;90C>A;94G>C;95A>G;96A>T;105T>C;114C>G;126G>A],NA,p.[Thr30Glu;Glu32Arg],1.0309380376683852,0.9683990785281672,1.1373462420766791
urn:mavedb:00000234-0-1#937,c.[6T>C;12T>C;15G>A;21A>G;27A>G;30G>A;45C>T;75G>C;88A>G;89C>A;90C>A;94G>A;105T>C;114C>G],NA,p.[Thr30Glu;Glu32Lys],1.3493171769283032,1.1999939641374229,1.44971428024496
urn:mavedb:00000234-0-1#938,c.[12T>C;18G>A;21A>G;24C>G;30G>A;45C>T;63G>T;78C>G;88A>G;89C>A;90C>A;94G>A;95A>C;96A>C;105T>C;114C>G;123C>T;126G>A],NA,p.[Thr30Glu;Glu32Thr],1.182246197941894,1.1352999042649556,1.2910448225195006
urn:mavedb:00000234-0-1#939,c.[12T>C;18G>A;21A>G;27A>G;45C>T;78C>G;87T>C;88A>G;89C>A;90C>A;94G>T;95A>C;96A>T;105T>C;114C>G],NA,p.[Thr30Glu;Glu32Ser],1.2984032077401622,1.2175594018806806,1.3853721213392305
urn:mavedb:00000234-0-1#940,c.[12T>C;18G>A;21A>G;27A>G;33G>C;45C>T;60C>T;78C>G;88A>G;89C>A;90C>A;95A>C;96A>G;105T>C;114C>G],NA,p.[Thr30Glu;Glu32Ala],1.2225744753188097,1.123230939650066,1.3151617047336503
urn:mavedb:00000234-0-1#941,c.[6T>C;12T>C;15G>A;18G>A;21A>G;27A>G;30G>A;45C>T;78C>G;88A>G;89C>A;90C>A;95A>G;96A>T;105T>C;114C>G;117G>C;126G>A],NA,p.[Thr30Glu;Glu32Gly],1.0495108036776304,0.9880917231809544,1.0938903063053684
urn:mavedb:00000234-0-1#942,c.[3T>C;9T>G;12T>C;15G>A;21A>G;27A>G;30G>A;45C>T;78C>G;88A>G;89C>A;90C>A;94G>A;95A>T;96A>G;105T>C;114C>G],NA,p.[Thr30Glu;Glu32Met],0.8034095345270349,0.5423036001170055,0.9069856981241048
urn:mavedb:00000234-0-1#943,c.[6T>C;9T>G;12T>C;21A>G;45C>T;78C>G;88A>G;89C>A;90C>A;94G>T;95A>G;96A>C;105T>C;114C>G;126G>A],NA,p.[Thr30Glu;Glu32Cys],1.109488884386474,0.910702457301987,1.29277261870315
urn:mavedb:00000234-0-1#944,c.[6T>C;12T>C;15G>A;24C>G;33G>C;45C>T;78C>G;88A>G;89C>A;90C>A;94G>C;95A>T;96A>G;105T>C;114C>G],NA,p.[Thr30Glu;Glu32Leu],0.9469526215347306,0.8221353819374183,1.049680998325979
urn:mavedb:00000234-0-1#945,c.[12T>C;15G>A;24C>G;27A>G;45C>T;78C>G;88A>G;89C>A;90C>A;95A>T;96A>T;105T>C;114C>G;126G>A],NA,p.[Thr30Glu;Glu32Val],0.932715152412464,0.8592904514964357,0.9939010602073506
urn:mavedb:00000234-0-1#946,c.[12T>C;18G>A;21A>G;30G>A;45C>T;88A>G;89C>A;90C>A;94G>A;95A>T;96A>C;99G>A;105T>C;114C>G;126G>A],NA,p.[Thr30Glu;Glu32Ile],1.0626951470286434,0.9727591329903784,1.1280811927995202
urn:mavedb:00000234-0-1#947,c.[12T>C;21A>G;27A>G;30G>A;45C>T;88A>G;89C>A;90C>A;94G>T;95A>G;96A>G;105T>C;114C>G],NA,p.[Thr30Glu;Glu32Trp],1.5219033684255798,1.4356253019653782,1.6105642860887943
urn:mavedb:00000234-0-1#948,c.[12T>C;24C>G;27A>G;45C>T;78C>G;88A>G;89C>A;90C>A;94G>T;96A>C;105T>C;114C>G],NA,p.[Thr30Glu;Glu32Tyr],1.1177505405039942,1.0075741454891725,1.198625905801462
urn:mavedb:00000234-0-1#949,c.[12T>C;15G>A;18G>A;21A>G;27A>G;33G>C;45C>T;78C>G;88A>G;89C>A;90C>A;94G>T;95A>T;96A>C;102G>T;105T>C;114C>G;123C>T],NA,p.[Thr30Glu;Glu32Phe],0.9826392524207678,0.9435472431733648,1.0444955491073349
urn:mavedb:00000234-0-1#950,c.[3T>C;12T>C;33G>C;45C>T;78C>G;88A>G;89C>A;90C>A;94G>C;95A>C;96A>G;105T>C;114C>G],NA,p.[Thr30Glu;Glu32Pro],-0.0911826839979556,-0.1756921431476641,0.0658005825286594
urn:mavedb:00000234-0-1#951,c.[3T>C;12T>C;21A>G;45C>T;78C>G;89C>A;94G>C;105T>C;114C>G],NA,p.[Thr30Asn;Glu32Gln],2.8736670962197053,2.773596929325657,2.996577392100091
urn:mavedb:00000234-0-1#952,c.[6T>C;12T>C;15G>A;21A>G;27A>G;30G>A;33G>C;45C>T;78C>G;89C>A;94G>A;96A>C;105T>C;126G>A],NA,p.[Thr30Asn;Glu32Asn],2.2081160840925955,2.1296328663758,2.3206275808084778
urn:mavedb:00000234-0-1#953,c.[12T>C;15G>A;18G>A;21A>G;24C>G;30G>A;45C>T;89C>A;94G>C;96A>C;105T>C;114C>G],NA,p.[Thr30Asn;Glu32His],2.3502536831194885,2.22629511715085,2.4685461184682675
urn:mavedb:00000234-0-1#954,c.[12T>C;21A>G;27A>G;30G>A;45C>T;78C>G;89C>A;96A>C;105T>C],NA,p.[Thr30Asn;Glu32Asp],2.692104404159883,2.623299962847831,2.7569248585540587
urn:mavedb:00000234-0-1#955,c.[27A>G;45C>T;89C>A;94G>C;95A>G;96A>T;105T>C;114C>G],NA,p.[Thr30Asn;Glu32Arg],2.536071585517826,2.4187421781550738,2.6349427396862253
urn:mavedb:00000234-0-1#956,c.[12T>C;18G>A;27A>G;39C>T;45C>T;78C>G;89C>A;94G>A;105T>C;114C>G;126G>A],NA,p.[Thr30Asn;Glu32Lys],2.922719602540095,2.86138985806823,2.973954423128017
urn:mavedb:00000234-0-1#957,c.[12T>C;15G>A;24C>G;27A>G;45C>T;78C>G;87T>C;89C>A;94G>A;95A>C;96A>C;105T>C;114C>G],NA,p.[Thr30Asn;Glu32Thr],2.535815843010805,2.4686915883072844,2.6299181240522187
urn:mavedb:00000234-0-1#958,c.[12T>C;15G>A;24C>G;27A>G;45C>T;78C>G;89C>A;94G>T;95A>C;96A>T;105T>C;114C>G;126G>A],NA,p.[Thr30Asn;Glu32Ser],2.449035944358636,2.41834295079184,2.488639205617181
urn:mavedb:00000234-0-1#959,c.[3T>C;12T>C;15G>A;24C>G;27A>G;45C>T;78C>G;89C>A;95A>C;96A>G;105T>C;114C>G],NA,p.[Thr30Asn;Glu32Ala],2.5539837917282364,2.452462164787154,2.6217557461363614
urn:mavedb:00000234-0-1#960,c.[12T>C;15G>A;21A>G;27A>G;30G>A;39C>T;45C>T;87T>C;89C>A;95A>G;96A>T;99G>A;102G>T;114C>G;126G>A],NA,p.[Thr30Asn;Glu32Gly],2.1632000300544902,2.00335014430707,2.3341697276651048
urn:mavedb:00000234-0-1#961,c.[12T>C;18G>A;21A>G;27A>G;45C>T;78C>G;89C>A;94G>A;95A>T;96A>G;105T>C],NA,p.[Thr30Asn;Glu32Met],2.3245537086852384,2.264275969168026,2.4230455572852314
urn:mavedb:00000234-0-1#962,c.[12T>C;15G>A;18G>A;21A>G;27A>G;30G>A;33G>C;45C>T;75G>C;89C>A;94G>C;95A>T;96A>G;105T>C;114C>G],NA,p.[Thr30Asn;Glu32Leu],2.404779274754624,2.326352826993959,2.4780800741636484
urn:mavedb:00000234-0-1#963,c.[12T>C;18G>A;27A>G;45C>T;78C>G;89C>A;95A>T;96A>T;105T>C;108A>G;114C>G],NA,p.[Thr30Asn;Glu32Val],2.427044965500304,2.3418456034581814,2.499285270318581
urn:mavedb:00000234-0-1#964,c.[12T>C;18G>A;21A>G;27A>G;45C>T;78C>G;89C>A;94G>A;95A>T;96A>C;105T>C;114C>G;126G>A],NA,p.[Thr30Asn;Glu32Ile],2.492885512026884,2.414876243427924,2.544374770829952
urn:mavedb:00000234-0-1#965,c.[6T>C;12T>C;18G>A;24C>G;27A>G;45C>T;78C>G;87T>C;89C>A;94G>T;95A>G;96A>G;105T>C;108A>G;114C>G],NA,p.[Thr30Asn;Glu32Trp],2.3286599682948754,2.240379381621708,2.4248343989687053
urn:mavedb:00000234-0-1#966,c.[12T>C;15G>A;27A>G;45C>T;78C>G;89C>A;94G>T;96A>C;105T>C;114C>G;126G>A],NA,p.[Thr30Asn;Glu32Tyr],2.241219267376303,2.1813994166040978,2.3219025715444097
urn:mavedb:00000234-0-1#967,c.[12T>C;15G>A;18G>A;21A>G;27A>G;45C>T;78C>G;89C>A;90C>T;94G>T;95A>T;96A>C;105T>C;114C>G],NA,p.[Thr30Asn;Glu32Phe],2.3416419147475294,2.285467145079462,2.4288377928934457
urn:mavedb:00000234-0-1#968,c.[12T>C;18G>A;21A>G;27A>G;45C>T;78C>G;89C>A;94G>C;95A>C;96A>G;105T>C;111C>T;114C>G],NA,p.[Thr30Asn;Glu32Pro],1.3295689229230914,1.2941076360934318,1.3775373348846265
urn:mavedb:00000234-0-1#969,c.[21A>G;45C>T;88A>C;89C>A;94G>C;96A>G;105T>C;114C>G],NA,p.[Thr30His;Glu32Gln],1.186540620538916,1.0718457194531017,1.2664435861901335
urn:mavedb:00000234-0-1#970,c.[3T>C;9T>G;12T>C;15G>A;24C>G;27A>G;33G>C;45C>T;78C>G;88A>C;89C>A;94G>A;96A>T;105T>C;114C>G],NA,p.[Thr30His;Glu32Asn],0.9617451165612592,0.8488935395855819,1.03370856955476
urn:mavedb:00000234-0-1#971,c.[6T>C;12T>C;18G>A;21A>G;27A>G;45C>T;57A>G;78C>G;88A>C;89C>A;94G>C;96A>C;105T>C;114C>G],NA,p.[Thr30His;Glu32His],0.8680234735788162,0.7496036247418617,0.928942498363854
urn:mavedb:00000234-0-1#972,c.[12T>C;15G>A;21A>G;27A>G;30G>A;45C>T;78C>G;88A>C;89C>A;96A>C;114C>G],NA,p.[Thr30His;Glu32Asp],1.433907349490995,1.3351698341720304,1.5088704230022347
urn:mavedb:00000234-0-1#973,c.[6T>C;9T>G;12T>C;15G>A;27A>G;75G>C;78C>G;87T>C;88A>C;89C>A;94G>C;95A>G;96A>C;105T>C;114C>G;126G>A],NA,p.[Thr30His;Glu32Arg],0.8757086971019621,0.7471149703181531,0.9748726982501827
urn:mavedb:00000234-0-1#974,c.[3T>C;6T>C;9T>G;15G>A;21A>G;27A>G;30G>A;45C>T;78C>G;88A>C;89C>A;94G>A;105T>C;114C>G;126G>A],NA,p.[Thr30His;Glu32Lys],1.1835417601790927,1.035540415935552,1.2917879637502232
urn:mavedb:00000234-0-1#975,c.[15G>A;21A>G;45C>T;78C>G;87T>C;88A>C;89C>A;94G>A;95A>C;96A>C;105T>C;114C>G],NA,p.[Thr30His;Glu32Thr],0.9193940480657948,0.8211624492712647,0.9909313699121904
urn:mavedb:00000234-0-1#976,c.[3T>C;21A>G;27A>G;30G>A;45C>T;88A>C;89C>A;94G>T;95A>C;96A>T;105T>C;114C>G],NA,p.[Thr30His;Glu32Ser],1.1313893181140755,1.016551886793809,1.1950605796368736
urn:mavedb:00000234-0-1#977,c.[24C>G;27A>G;45C>T;72G>T;78C>G;88A>C;89C>A;95A>C;96A>G;105T>C;114C>G;126G>A],NA,p.[Thr30His;Glu32Ala],1.3373512166185653,1.2790184106479188,1.3912606724960337
urn:mavedb:00000234-0-1#978,c.[6T>C;12T>C;15G>A;21A>G;27A>G;30G>A;78C>G;88A>C;89C>A;95A>G;96A>T;114C>G;117G>C],NA,p.[Thr30His;Glu32Gly],0.9967913135504164,0.9155499012969384,1.0752249851726758
urn:mavedb:00000234-0-1#979,c.[3T>C;6T>C;9T>G;12T>C;15G>A;24C>G;30G>A;45C>T;57A>G;78C>G;88A>C;89C>A;94G>T;95A>G;96A>T;126G>A],NA,p.[Thr30His;Glu32Cys],1.3073794704311166,1.2073224744263251,1.48214955649835
urn:mavedb:00000234-0-1#980,c.[6T>C;12T>C;15G>A;21A>G;27A>G;30G>A;45C>T;78C>G;88A>C;89C>A;94G>C;95A>T;96A>G;105T>C;114C>G],NA,p.[Thr30His;Glu32Leu],1.074729302491062,0.9919118399174852,1.1654559789477137
urn:mavedb:00000234-0-1#981,c.[6T>C;12T>C;15G>A;24C>G;45C>T;78C>G;88A>C;89C>A;95A>T;96A>T;105T>C;114C>G],NA,p.[Thr30His;Glu32Val],0.7800063474786894,0.6627907475929325,0.9095789285426154
urn:mavedb:00000234-0-1#982,c.[3T>C;15G>A;18G>A;24C>G;27A>G;30G>A;39C>T;45C>T;48C>T;78C>G;88A>C;89C>A;94G>A;95A>T;96A>C;105T>C;114C>G;126G>A],NA,p.[Thr30His;Glu32Ile],1.1004703373046736,1.0610381305867294,1.1834009817368494
urn:mavedb:00000234-0-1#983,c.[18G>A;21A>G;24C>G;27A>G;45C>T;78C>G;88A>C;89C>A;94G>T;95A>G;96A>G;105T>C;114C>G;120C>T;126G>A],NA,p.[Thr30His;Glu32Trp],1.5346824129336836,1.4535614161270467,1.6002120091101082
urn:mavedb:00000234-0-1#984,c.[12T>C;18G>A;21A>G;24C>G;30G>A;45C>T;78C>G;88A>C;89C>A;94G>T;96A>C;105T>C;114C>G;126G>A],NA,p.[Thr30His;Glu32Tyr],1.1293076170529828,1.030646651148803,1.205158351633688
urn:mavedb:00000234-0-1#985,c.[12T>C;18G>A;45C>T;88A>C;89C>A;94G>T;95A>T;96A>C;105T>C;114C>G],NA,p.[Thr30His;Glu32Phe],1.1171137265304725,0.9902617502618176,1.2362274572048872
urn:mavedb:00000234-0-1#986,c.[6T>C;9T>G;12T>C;15G>A;24C>G;33G>C;45C>T;78C>G;88A>C;89C>A;94G>C;95A>C;96A>G;105T>C;114C>G],NA,p.[Thr30His;Glu32Pro],0.0678634882532737,-0.0233617989364743,0.1992778305872932
urn:mavedb:00000234-0-1#987,c.[12T>C;21A>G;45C>T;51C>T;78C>G;88A>G;89C>A;90C>T;94G>C;96A>G;105T>C;108A>G;114C>G],NA,p.[Thr30Asp;Glu32Gln],2.3222617198075115,2.2246780749859463,2.432317336739755
urn:mavedb:00000234-0-1#988,c.[12T>C;18G>A;24C>G;27A>G;45C>T;78C>G;88A>G;89C>A;94G>A;96A>C;105T>C;114C>G],NA,p.[Thr30Asp;Glu32Asn],2.230577241342239,2.19374669162478,2.3025990690021056
urn:mavedb:00000234-0-1#989,c.[12T>C;15G>A;18G>A;21A>G;27A>G;45C>T;78C>G;88A>G;89C>A;94G>C;96A>C;105T>C;114C>G],NA,p.[Thr30Asp;Glu32His],2.202277887683368,2.160882317522032,2.269649749747035
urn:mavedb:00000234-0-1#990,c.[9T>G;12T>C;24C>G;27A>G;45C>T;48C>T;78C>G;88A>G;89C>A;96A>C;105T>C;114C>G;123C>T],NA,p.[Thr30Asp;Glu32Asp],2.2096793305610145,2.02665811298434,2.3019216222484795
urn:mavedb:00000234-0-1#991,c.[12T>C;15G>A;21A>G;27A>G;30G>A;45C>T;78C>G;88A>G;89C>A;94G>C;95A>G;96A>T;105T>C;114C>G;123C>T],NA,p.[Thr30Asp;Glu32Arg],2.357286720508558,2.319271590453698,2.413363980452845
urn:mavedb:00000234-0-1#992,c.[3T>C;9T>G;18G>A;21A>G;27A>G;30G>A;33G>C;45C>T;60C>T;69A>G;78C>G;88A>G;89C>A;94G>A;105T>C;114C>G],NA,p.[Thr30Asp;Glu32Lys],2.472504185154473,2.386780202964327,2.540044948172737
urn:mavedb:00000234-0-1#993,c.[12T>C;18G>A;24C>G;45C>T;51C>T;57A>G;78C>G;88A>G;89C>A;94G>A;95A>C;96A>C;105T>C;111C>T;120C>T],NA,p.[Thr30Asp;Glu32Thr],2.4586910579870933,2.350372068994062,2.5930253392819025
urn:mavedb:00000234-0-1#994,c.[6T>C;9T>G;12T>C;15G>A;21A>G;27A>G;30G>A;33G>C;39C>T;45C>T;84C>T;87T>C;88A>G;89C>A;90C>T;94G>T;95A>C;96A>T;105T>C;114C>G;123C>T],NA,p.[Thr30Asp;Glu32Ser],2.1034953299580086,2.023516653245601,2.183792329436216
urn:mavedb:00000234-0-1#995,c.[12T>C;18G>A;21A>G;27A>G;33G>C;45C>T;88A>G;89C>A;95A>C;96A>G;105T>C;114C>G;126G>A],NA,p.[Thr30Asp;Glu32Ala],2.471509945859856,2.4015487300752216,2.5390538119238384
urn:mavedb:00000234-0-1#996,c.[12T>C;18G>A;21A>G;27A>G;33G>C;45C>T;78C>G;87T>C;88A>G;89C>A;90C>T;95A>G;96A>C;105T>C;114C>G],NA,p.[Thr30Asp;Glu32Gly],1.836476978849016,1.7113422044755002,1.9522673947555824
urn:mavedb:00000234-0-1#997,c.[6T>C;9T>G;15G>A;24C>G;45C>T;78C>G;84C>T;88A>G;89C>A;94G>A;95A>T;96A>G;105T>C;114C>G;123C>T],NA,p.[Thr30Asp;Glu32Met],2.284245756817365,2.17212493091259,2.348235908822744
urn:mavedb:00000234-0-1#998,c.[12T>C;30G>A;45C>T;88A>G;89C>A;94G>C;95A>T;96A>G;105T>C;114C>G],NA,p.[Thr30Asp;Glu32Leu],2.2445647771644914,2.173681228320316,2.3245508293985417
urn:mavedb:00000234-0-1#999,c.[3T>C;6T>C;24C>G;27A>G;45C>T;87T>C;88A>G;89C>A;95A>T;96A>T;105T>C;114C>G],NA,p.[Thr30Asp;Glu32Val],2.431862484375106,2.193458425779464,2.6056228518463427
urn:mavedb:00000234-0-1#1000,c.[12T>C;15G>A;24C>G;27A>G;33G>C;45C>T;78C>G;88A>G;89C>A;94G>A;95A>T;96A>C;105T>C;114C>G],NA,p.[Thr30Asp;Glu32Ile],2.361202040176704,2.266959236637496,2.464523044806292
urn:mavedb:00000234-0-1#1001,c.[12T>C;18G>A;21A>G;27A>G;33G>C;45C>T;57A>G;78C>G;88A>G;89C>A;94G>T;95A>G;96A>G;105T>C;108A>G;114C>G],NA,p.[Thr30Asp;Glu32Trp],2.266619946971618,2.142827962823399,2.3728906976950137
urn:mavedb:00000234-0-1#1002,c.[12T>C;18G>A;24C>G;27A>G;45C>T;78C>G;88A>G;89C>A;94G>T;96A>C;105T>C;114C>G],NA,p.[Thr30Asp;Glu32Tyr],2.108232371466179,2.0052179233146483,2.249415037327213
urn:mavedb:00000234-0-1#1003,c.[12T>C;18G>A;21A>G;27A>G;45C>T;78C>G;84C>T;88A>G;89C>A;94G>T;95A>T;96A>C;105T>C;114C>G;126G>A],NA,p.[Thr30Asp;Glu32Phe],2.1732175533048954,2.08334630011576,2.227740332302381
urn:mavedb:00000234-0-1#1004,c.[18G>A;21A>G;24C>G;30G>A;45C>T;63G>T;78C>G;88A>G;89C>A;94G>C;95A>C;96A>G;105T>C;114C>G;126G>A],NA,p.[Thr30Asp;Glu32Pro],1.3528064393335044,1.3033083751778576,1.4046458047749135
urn:mavedb:00000234-0-1#1005,c.[3T>C;12T>C;24C>G;27A>G;33G>C;39C>T;45C>T;78C>G;88A>C;89C>G;90C>T;94G>C;105T>C;114C>G],NA,p.[Thr30Arg;Glu32Gln],0.4834207646969879,0.3648708116067584,0.5364942892609349
urn:mavedb:00000234-0-1#1006,c.[6T>C;12T>C;15G>A;24C>G;27A>G;33G>C;45C>T;78C>G;88A>C;89C>G;90C>T;94G>A;96A>C;105T>C;114C>G],NA,p.[Thr30Arg;Glu32Asn],0.4878662631461171,0.3512872368714754,0.6147274424704622
urn:mavedb:00000234-0-1#1007,c.[12T>C;18G>A;21A>G;27A>G;33G>C;45C>T;69A>G;78C>G;88A>C;89C>G;90C>T;94G>C;96A>C;105T>C;114C>G],NA,p.[Thr30Arg;Glu32His],0.5846081276395065,0.5184453303167329,0.7439980310570727
urn:mavedb:00000234-0-1#1008,c.[6T>C;12T>C;15G>A;24C>G;27A>G;45C>T;78C>G;88A>C;89C>G;90C>T;96A>C;105T>C;114C>G],NA,p.[Thr30Arg;Glu32Asp],1.204261644590341,1.1370505429217537,1.276231191938286
urn:mavedb:00000234-0-1#1009,c.[12T>C;15G>A;21A>G;27A>G;30G>A;45C>T;78C>G;88A>C;89C>G;90C>T;94G>C;95A>G;96A>T;105T>C;114C>G;126G>A],NA,p.[Thr30Arg;Glu32Arg],0.4162734986447444,0.3542649384541867,0.4575125256672069
urn:mavedb:00000234-0-1#1010,c.[3T>C;12T>C;15G>A;18G>A;21A>G;24C>G;30G>A;45C>T;78C>G;84C>T;88A>C;89C>G;90C>T;94G>A;105T>C;114C>G],NA,p.[Thr30Arg;Glu32Lys],0.8617391551623728,0.6770581231922811,1.0658417709963093
urn:mavedb:00000234-0-1#1011,c.[3T>C;12T>C;18G>A;21A>G;24C>G;30G>A;33G>C;45C>T;78C>G;87T>C;88A>C;89C>G;90C>T;94G>A;95A>C;96A>C;105T>C;114C>G;126G>A],NA,p.[Thr30Arg;Glu32Thr],0.3265414885982718,0.239429199427155,0.388576646246318
urn:mavedb:00000234-0-1#1012,c.[12T>C;15G>A;24C>G;45C>T;78C>G;88A>C;89C>G;90C>T;94G>T;95A>C;96A>T;105T>C;114C>G],NA,p.[Thr30Arg;Glu32Ser],0.6486289779840902,0.5801872250244702,0.7091290611871663
urn:mavedb:00000234-0-1#1013,c.[3T>C;6T>C;12T>C;15G>A;24C>G;45C>T;78C>G;81C>T;88A>C;89C>G;90C>T;95A>C;96A>G;105T>C;108A>G;114C>G],NA,p.[Thr30Arg;Glu32Ala],0.663186935698993,0.4492884844775215,0.8748322396758437
urn:mavedb:00000234-0-1#1014,c.[12T>C;18G>A;21A>G;27A>G;33G>C;45C>T;78C>G;88A>C;89C>G;90C>T;95A>G;96A>T;105T>C;114C>G;117G>C],NA,p.[Thr30Arg;Glu32Gly],0.1639251911097515,0.0782542839219037,0.2585158911022117
urn:mavedb:00000234-0-1#1015,c.[12T>C;21A>G;27A>G;30G>A;33G>C;45C>T;78C>G;88A>C;89C>G;90C>T;94G>A;95A>T;96A>G;105T>C;114C>G],NA,p.[Thr30Arg;Glu32Met],0.2412749951113021,0.1510684716192616,0.3608015780013223
urn:mavedb:00000234-0-1#1016,c.[12T>C;24C>G;27A>G;45C>T;78C>G;88A>C;89C>G;90C>T;94G>C;95A>T;96A>C;105T>C;114C>G],NA,p.[Thr30Arg;Glu32Leu],0.6839059735916405,0.6074693136638112,0.825210258106617
urn:mavedb:00000234-0-1#1017,c.[12T>C;21A>G;27A>G;30G>A;45C>T;78C>G;88A>C;89C>G;90C>T;95A>T;96A>T;105T>C;114C>G],NA,p.[Thr30Arg;Glu32Val],0.374789609732889,0.2765814605753763,0.4424086595801381
urn:mavedb:00000234-0-1#1018,c.[3T>C;6T>C;9T>G;15G>A;24C>G;27A>G;45C>T;78C>G;81C>T;88A>C;89C>G;90C>T;94G>A;95A>T;96A>C;105T>C;108A>G;111C>T;114C>G;126G>A],NA,p.[Thr30Arg;Glu32Ile],0.240805225628275,0.1364904117053502,0.4173800214177094
urn:mavedb:00000234-0-1#1019,c.[3T>C;6T>C;12T>C;15G>A;27A>G;39C>T;45C>T;78C>G;84C>T;88A>C;89C>G;90C>T;94G>T;95A>G;96A>G;105T>C;114C>G],NA,p.[Thr30Arg;Glu32Trp],0.8508901822499693,0.7720351954334351,0.9325178255650136
urn:mavedb:00000234-0-1#1020,c.[6T>C;12T>C;18G>A;21A>G;27A>G;33G>C;45C>T;78C>G;88A>C;89C>G;90C>T;94G>T;96A>C;105T>C;114C>G],NA,p.[Thr30Arg;Glu32Tyr],0.8601375346731377,0.7248571434432476,0.9617140061097454
urn:mavedb:00000234-0-1#1021,c.[12T>C;18G>A;24C>G;27A>G;39C>T;45C>T;78C>G;88A>C;89C>G;90C>T;94G>T;95A>T;96A>C;105T>C;114C>G;126G>A],NA,p.[Thr30Arg;Glu32Phe],0.2880698993952779,0.2346021281780179,0.360993800146084
urn:mavedb:00000234-0-1#1022,c.[3T>C;12T>C;18G>A;21A>G;27A>G;45C>T;69A>G;84C>T;87T>C;88A>C;89C>G;90C>T;94G>C;95A>C;96A>G;105T>C],NA,p.[Thr30Arg;Glu32Pro],-0.2456432527704868,-0.2975071425564269,-0.1711444456174752
urn:mavedb:00000234-0-1#1023,c.[6T>C;21A>G;45C>T;89C>A;90C>A;94G>C;96A>G;105T>C;114C>G],NA,p.[Thr30Lys;Glu32Gln],0.6298916252930137,0.5270460967227037,0.7264199367104313
urn:mavedb:00000234-0-1#1024,c.[3T>C;12T>C;18G>A;24C>G;27A>G;33G>C;45C>T;75G>C;78C>G;89C>A;90C>G;94G>A;96A>C;105T>C;114C>G;126G>A],NA,p.[Thr30Lys;Glu32Asn],0.5634492231096868,0.4999273007765885,0.6495670470865578
urn:mavedb:00000234-0-1#1025,c.[9T>G;12T>C;18G>A;27A>G;33G>C;45C>T;87T>C;89C>A;90C>A;94G>C;96A>C;105T>C;111C>T;114C>G;117G>C],NA,p.[Thr30Lys;Glu32His],0.5003118827742343,0.4114291947480071,0.560417791598473
urn:mavedb:00000234-0-1#1026,c.[12T>C;15G>A;21A>G;27A>G;30G>A;33G>C;45C>T;78C>G;89C>A;90C>A;96A>C;105T>C;108A>G;114C>G;117G>C],NA,p.[Thr30Lys;Glu32Asp],0.9630182538163848,0.9060777106974772,1.0116175411796309
urn:mavedb:00000234-0-1#1027,c.[6T>C;12T>C;21A>G;27A>G;30G>A;45C>T;78C>G;89C>A;90C>A;94G>C;95A>G;96A>T;114C>G;117G>C;126G>A],NA,p.[Thr30Lys;Glu32Arg],0.3277149749609331,0.195654983305562,0.371584042713261
urn:mavedb:00000234-0-1#1028,c.[12T>C;18G>A;27A>G;45C>T;78C>G;89C>A;90C>A;94G>A;105T>C;114C>G;126G>A],NA,p.[Thr30Lys;Glu32Lys],0.4592879884334488,0.3799344482324567,0.5983479354258602
urn:mavedb:00000234-0-1#1029,c.[6T>C;12T>C;18G>A;21A>G;27A>G;45C>T;78C>G;89C>A;90C>A;94G>A;95A>C;96A>C;105T>C;114C>G;117G>C],NA,p.[Thr30Lys;Glu32Thr],0.7207394773242375,0.6364523832070472,0.807406409191696
urn:mavedb:00000234-0-1#1030,c.[18G>A;21A>G;24C>G;30G>A;33G>C;45C>T;75G>C;78C>G;89C>A;90C>A;94G>T;95A>C;96A>T;105T>C;114C>G;123C>T],NA,p.[Thr30Lys;Glu32Ser],1.0978571204103562,0.9986747138379358,1.1593024823817943
urn:mavedb:00000234-0-1#1031,c.[12T>C;15G>A;24C>G;27A>G;33G>C;45C>T;78C>G;89C>A;90C>A;95A>C;96A>G;105T>C;114C>G;126G>A],NA,p.[Thr30Lys;Glu32Ala],0.8292150381087193,0.7907431140008722,0.8865697417831075
urn:mavedb:00000234-0-1#1032,c.[12T>C;21A>G;27A>G;30G>A;33G>C;45C>T;78C>G;89C>A;90C>A;95A>G;96A>T;105T>C;114C>G;117G>C],NA,p.[Thr30Lys;Glu32Gly],0.3418007606428866,0.2372715287163593,0.3917444169826648
urn:mavedb:00000234-0-1#1033,c.[3T>C;6T>C;12T>C;15G>A;21A>G;27A>G;30G>A;45C>T;78C>G;89C>A;90C>A;94G>A;95A>T;96A>G;105T>C;114C>G],NA,p.[Thr30Lys;Glu32Met],0.7237794972881805,0.5638052536296223,0.8710591146887877
urn:mavedb:00000234-0-1#1034,c.[12T>C;18G>A;21A>G;27A>G;45C>T;78C>G;89C>A;90C>A;94G>T;95A>G;96A>C;99G>A;105T>C;114C>G;126G>A],NA,p.[Thr30Lys;Glu32Cys],1.46976546764462,1.1822944536652698,1.678435260266807
urn:mavedb:00000234-0-1#1035,c.[3T>C;12T>C;18G>A;21A>G;30G>A;45C>T;87T>C;89C>A;90C>A;94G>C;95A>T;96A>G;114C>G;117G>C],NA,p.[Thr30Lys;Glu32Leu],0.6699958711988059,0.5806448625829643,0.7345060723625424
urn:mavedb:00000234-0-1#1036,c.[12T>C;18G>A;21A>G;27A>G;33G>C;45C>T;78C>G;89C>A;90C>A;95A>T;96A>T;105T>C;114C>G],NA,p.[Thr30Lys;Glu32Val],0.6679973958981363,0.5500752902861153,0.7897539558730111
urn:mavedb:00000234-0-1#1037,c.[12T>C;15G>A;24C>G;45C>T;78C>G;89C>A;90C>A;94G>A;95A>T;96A>C;105T>C;114C>G],NA,p.[Thr30Lys;Glu32Ile],0.938216123054995,0.716045174721419,1.17215709940053
urn:mavedb:00000234-0-1#1038,c.[12T>C;21A>G;45C>T;89C>A;90C>A;94G>T;95A>G;96A>G;108A>G;114C>G;126G>A],NA,p.[Thr30Lys;Glu32Trp],1.0111744380150454,0.9537958756095454,1.1132507789725352
urn:mavedb:00000234-0-1#1039,c.[12T>C;18G>A;27A>G;45C>T;78C>G;89C>A;90C>A;94G>T;96A>C;105T>C;114C>G],NA,p.[Thr30Lys;Glu32Tyr],0.5061880087321872,0.4172525438903331,0.6360221476198785
urn:mavedb:00000234-0-1#1040,c.[12T>C;18G>A;21A>G;27A>G;33G>C;45C>T;78C>G;89C>A;90C>A;94G>T;95A>T;96A>C;105T>C;114C>G;117G>C;123C>T],NA,p.[Thr30Lys;Glu32Phe],0.5561565192521902,0.4732997062764784,0.6772272453783824
urn:mavedb:00000234-0-1#1041,c.[24C>G;33G>C;45C>T;89C>A;90C>A;94G>C;95A>C;96A>G;105T>C;114C>G;126G>A],NA,p.[Thr30Lys;Glu32Pro],0.2253216620743348,0.1448693515707217,0.4012416443544535
urn:mavedb:00000234-0-1#1042,c.[12T>C;21A>G;27A>G;30G>A;45C>T;78C>G;88A>T;90C>T;94G>C;96A>G;105T>C;114C>G],NA,p.[Thr30Ser;Glu32Gln],2.6576355663926985,2.574757300202914,2.761614345972584
urn:mavedb:00000234-0-1#1043,c.[12T>C;21A>G;27A>G;30G>A;45C>T;88A>T;90C>T;94G>A;96A>C;105T>C;114C>G],NA,p.[Thr30Ser;Glu32Asn],2.2995550233826787,2.173487943815975,2.4605601771621908
urn:mavedb:00000234-0-1#1044,c.[12T>C;18G>A;21A>G;27A>G;45C>T;78C>G;88A>T;90C>T;94G>C;96A>C;105T>C],NA,p.[Thr30Ser;Glu32His],2.170698963200263,2.0921343291014427,2.2406615042567912
urn:mavedb:00000234-0-1#1045,c.[12T>C;15G>A;21A>G;27A>G;30G>A;33G>C;45C>T;88A>T;90C>T;96A>C;105T>C;111C>T;114C>G],NA,p.[Thr30Ser;Glu32Asp],2.795782218784756,2.6743683576612094,2.8822306640780377
urn:mavedb:00000234-0-1#1046,c.[9T>G;12T>C;18G>A;21A>G;30G>A;33G>C;45C>T;78C>G;88A>T;90C>T;94G>C;95A>G;96A>T;105T>C;114C>G],NA,p.[Thr30Ser;Glu32Arg],2.4031214892913977,2.3110696433998275,2.506895680855664
urn:mavedb:00000234-0-1#1047,c.[24C>G;27A>G;45C>T;87T>C;88A>T;90C>T;94G>A;105T>C;114C>G],NA,p.[Thr30Ser;Glu32Lys],2.702549219050609,2.645123402098493,2.7713442973006344
urn:mavedb:00000234-0-1#1048,c.[6T>C;24C>G;27A>G;33G>C;45C>T;88A>T;90C>T;94G>A;95A>C;96A>C;105T>C;114C>G],NA,p.[Thr30Ser;Glu32Thr],2.3500265075057665,2.218417343175928,2.5158930427668387
urn:mavedb:00000234-0-1#1049,c.[3T>C;9T>G;12T>C;15G>A;18G>A;24C>G;27A>G;45C>T;78C>G;88A>T;90C>T;94G>T;95A>C;96A>T;105T>C;114C>G],NA,p.[Thr30Ser;Glu32Ser],2.4573380555460007,2.397470837238427,2.5431216642947816
urn:mavedb:00000234-0-1#1050,c.[3T>C;12T>C;18G>A;21A>G;27A>G;45C>T;78C>G;88A>T;90C>T;95A>C;96A>G;102G>T;105T>C;114C>G],NA,p.[Thr30Ser;Glu32Ala],2.558730903909942,2.454462557697868,2.654021302411963
urn:mavedb:00000234-0-1#1051,c.[3T>C;6T>C;12T>C;21A>G;45C>T;51C>T;54T>C;60C>T;88A>T;90C>T;95A>G;96A>T;105T>C;114C>G;120C>T],NA,p.[Thr30Ser;Glu32Gly],1.8850549501912728,1.7908650383509443,1.972457166960323
urn:mavedb:00000234-0-1#1052,c.[3T>C;12T>C;15G>A;18G>A;21A>G;27A>G;30G>A;45C>T;78C>G;88A>T;90C>T;94G>A;95A>T;96A>G;105T>C;114C>G],NA,p.[Thr30Ser;Glu32Met],2.29602658228845,2.2310290215204245,2.365565440999815
urn:mavedb:00000234-0-1#1053,c.[12T>C;15G>A;24C>G;27A>G;45C>T;48C>T;54T>C;78C>G;88A>T;90C>T;94G>C;95A>T;96A>G;99G>A;105T>C;114C>G;120C>T],NA,p.[Thr30Ser;Glu32Leu],2.341452145843864,2.255831828388255,2.421597645763677
urn:mavedb:00000234-0-1#1054,c.[18G>A;27A>G;45C>T;78C>G;87T>C;88A>T;90C>T;95A>T;96A>T;105T>C;114C>G],NA,p.[Thr30Ser;Glu32Val],2.3869247576327925,2.228897906207538,2.4684580890096526
urn:mavedb:00000234-0-1#1055,c.[12T>C;18G>A;21A>G;27A>G;45C>T;78C>G;88A>T;90C>T;94G>A;95A>T;96A>C;105T>C;114C>G;126G>A],NA,p.[Thr30Ser;Glu32Ile],2.293916608710733,2.205870417980047,2.37386029512869
urn:mavedb:00000234-0-1#1056,c.[12T>C;15G>A;24C>G;30G>A;45C>T;78C>G;88A>T;90C>T;94G>T;95A>G;96A>G;105T>C;114C>G],NA,p.[Thr30Ser;Glu32Trp],2.3663113199328363,2.2103660830797804,2.489003518522698
urn:mavedb:00000234-0-1#1057,c.[12T>C;15G>A;21A>G;27A>G;30G>A;45C>T;78C>G;88A>T;90C>T;94G>T;96A>C;105T>C;114C>G],NA,p.[Thr30Ser;Glu32Tyr],2.1725411215602355,2.114410695554937,2.241005434491635
urn:mavedb:00000234-0-1#1058,c.[12T>C;15G>A;18G>A;24C>G;45C>T;60C>T;75G>C;78C>G;88A>T;90C>T;94G>T;95A>T;96A>C;99G>A;105T>C;114C>G;123C>T;126G>A],NA,p.[Thr30Ser;Glu32Phe],2.263892217218805,2.2157259977081614,2.318089864435833
urn:mavedb:00000234-0-1#1059,c.[12T>C;15G>A;18G>A;21A>G;27A>G;45C>T;78C>G;88A>T;90C>T;94G>C;95A>C;96A>G;105T>C;114C>G],NA,p.[Thr30Ser;Glu32Pro],1.6117604343777714,1.5132356432284604,1.7569974293115076
urn:mavedb:00000234-0-1#1060,c.[3T>C;6T>C;12T>C;15G>A;24C>G;30G>A;45C>T;57A>G;78C>G;88A>G;90C>G;94G>C;96A>G;105T>C;114C>G;117G>C;126G>A],NA,p.[Thr30Ala;Glu32Gln],0.8156446249625869,0.7719738397926006,0.8797954787697793
urn:mavedb:00000234-0-1#1061,c.[3T>C;6T>C;12T>C;18G>A;24C>G;27A>G;33G>C;45C>T;78C>G;87T>C;88A>G;90C>G;94G>A;96A>C;99G>A;105T>C;114C>G],NA,p.[Thr30Ala;Glu32Asn],0.667543989209805,0.5590670494447855,0.8338327030392588
urn:mavedb:00000234-0-1#1062,c.[6T>C;12T>C;18G>A;21A>G;27A>G;33G>C;45C>T;78C>G;88A>G;90C>G;94G>C;96A>C;105T>C;114C>G],NA,p.[Thr30Ala;Glu32His],0.6617128277423984,0.5752961017164009,0.7819513710794214
urn:mavedb:00000234-0-1#1063,c.[12T>C;18G>A;21A>G;27A>G;45C>T;63G>T;78C>G;87T>C;88A>G;90C>G;96A>C;105T>C;114C>G;120C>T;123C>T],NA,p.[Thr30Ala;Glu32Asp],1.221137645598085,1.1257780994458306,1.2920571106012673
urn:mavedb:00000234-0-1#1064,c.[6T>C;12T>C;15G>A;18G>A;21A>G;27A>G;45C>T;78C>G;88A>G;90C>T;94G>C;95A>G;96A>T;105T>C;114C>G;126G>A],NA,p.[Thr30Ala;Glu32Arg],0.7683914984474252,0.7018552130276042,0.8800434107998298
urn:mavedb:00000234-0-1#1065,c.[3T>C;9T>G;12T>C;18G>A;24C>G;27A>G;45C>T;57A>G;78C>G;88A>G;90C>G;94G>A;105T>C;114C>G],NA,p.[Thr30Ala;Glu32Lys],0.5973297221059973,0.483654462444026,0.7124558302548746
urn:mavedb:00000234-0-1#1066,c.[3T>C;9T>G;12T>C;18G>A;24C>G;27A>G;45C>T;78C>G;87T>C;88A>G;90C>G;94G>A;95A>C;96A>T;105T>C;114C>G;123C>T],NA,p.[Thr30Ala;Glu32Thr],0.8162457603925741,0.7364896311485425,0.9505483045691036
urn:mavedb:00000234-0-1#1067,c.[3T>C;6T>C;12T>C;15G>A;21A>G;27A>G;30G>A;45C>T;78C>G;88A>G;90C>G;94G>T;95A>C;96A>T;105T>C;111C>T;114C>G],NA,p.[Thr30Ala;Glu32Ser],0.8109859120536784,0.7313274876811894,0.9405916829434406
urn:mavedb:00000234-0-1#1068,c.[12T>C;45C>T;78C>G;84C>T;88A>G;90C>G;95A>C;96A>G;105T>C;114C>G],NA,p.[Thr30Ala;Glu32Ala],1.1120278964107393,1.0315626151123694,1.1800579473413848
urn:mavedb:00000234-0-1#1069,c.[3T>C;9T>G;12T>C;18G>A;24C>G;27A>G;45C>T;75G>C;78C>G;88A>G;90C>G;95A>G;96A>T;105T>C;114C>G;117G>C;126G>A],NA,p.[Thr30Ala;Glu32Gly],0.6639116417037958,0.6052674063650273,0.7187713241580194
urn:mavedb:00000234-0-1#1070,c.[3T>C;6T>C;9T>G;15G>A;21A>G;45C>T;57A>G;78C>G;87T>C;88A>G;90C>G;94G>A;95A>T;96A>G;105T>C;114C>G],NA,p.[Thr30Ala;Glu32Met],0.6972872349845449,0.6012158410866497,0.7782266284590256
urn:mavedb:00000234-0-1#1071,c.[3T>C;6T>C;12T>C;18G>A;21A>G;27A>G;45C>T;57A>G;78C>G;88A>G;90C>G;94G>C;95A>T;96A>G;114C>G;123C>T;126G>A],NA,p.[Thr30Ala;Glu32Leu],0.6514765580187274,0.585206933878435,0.7262262334147448
urn:mavedb:00000234-0-1#1072,c.[6T>C;12T>C;15G>A;24C>G;27A>G;45C>T;75G>C;78C>G;88A>G;90C>G;95A>T;96A>T;105T>C;114C>G],NA,p.[Thr30Ala;Glu32Val],0.7076681585088417,0.6353221902383202,0.8229894839035241
urn:mavedb:00000234-0-1#1073,c.[12T>C;18G>A;21A>G;27A>G;78C>G;88A>G;90C>G;94G>A;95A>T;96A>C;105T>C;114C>G;126G>A],NA,p.[Thr30Ala;Glu32Ile],0.7957331136437,0.712147235264219,0.9368078860666328
urn:mavedb:00000234-0-1#1074,c.[3T>C;12T>C;18G>A;21A>G;24C>G;30G>A;45C>T;78C>G;88A>G;90C>G;94G>T;96A>C;105T>C;114C>G;126G>A],NA,p.[Thr30Ala;Glu32Tyr],0.9248010588518968,0.8602234249717967,0.997564407472426
urn:mavedb:00000234-0-1#1075,c.[18G>A;21A>G;24C>G;30G>A;45C>T;63G>T;78C>G;88A>G;90C>G;94G>T;95A>T;96A>C;105T>C;114C>G;123C>T;126G>A],NA,p.[Thr30Ala;Glu32Phe],0.8385933343649601,0.7393736080766096,0.8941162496105916
urn:mavedb:00000234-0-1#1076,c.[3T>C;12T>C;18G>A;21A>G;27A>G;45C>T;78C>G;88A>G;90C>G;94G>C;95A>C;96A>G;105T>C;114C>G],NA,p.[Thr30Ala;Glu32Pro],0.218621747424237,0.0921440026246241,0.3163781678048659
urn:mavedb:00000234-0-1#1077,c.[3T>C;12T>C;15G>A;27A>G;45C>T;78C>G;88A>G;89C>G;90C>T;94G>C;96A>G;105T>C;114C>G],NA,p.[Thr30Gly;Glu32Gln],1.910773259650304,1.855121705856108,1.9833479496069373
urn:mavedb:00000234-0-1#1078,c.[12T>C;15G>A;18G>A;21A>G;24C>G;30G>A;45C>T;78C>G;84C>T;88A>G;89C>G;90C>T;94G>A;96A>C;105T>C;108A>G;114C>G;123C>T;126G>A],NA,p.[Thr30Gly;Glu32Asn],1.490914770978898,1.4562676288011054,1.5356246573157843
urn:mavedb:00000234-0-1#1079,c.[12T>C;15G>A;21A>G;27A>G;30G>A;45C>T;78C>G;88A>G;89C>G;90C>T;94G>C;96A>C;105T>C;114C>G;126G>A],NA,p.[Thr30Gly;Glu32His],1.4471893983185846,1.3963953876203536,1.5680272779342763
urn:mavedb:00000234-0-1#1080,c.[3T>C;12T>C;18G>A;21A>G;30G>A;78C>G;88A>G;89C>G;90C>T;96A>C;105T>C;114C>G],NA,p.[Thr30Gly;Glu32Asp],1.8875512300909087,1.8055443744876587,1.9606653336563944
urn:mavedb:00000234-0-1#1081,c.[3T>C;12T>C;18G>A;24C>G;27A>G;30G>A;45C>T;78C>G;88A>G;89C>G;90C>T;94G>C;95A>G;96A>T;105T>C;114C>G],NA,p.[Thr30Gly;Glu32Arg],1.8143112060853488,1.6171320972010204,1.888828066170859
urn:mavedb:00000234-0-1#1082,c.[6T>C;9T>G;12T>C;18G>A;21A>G;27A>G;33G>C;45C>T;78C>G;88A>G;89C>G;90C>T;94G>A;105T>C;114C>G],NA,p.[Thr30Gly;Glu32Lys],1.9895942861511704,1.8953663575289528,2.070091105807048
urn:mavedb:00000234-0-1#1083,c.[9T>G;24C>G;27A>G;45C>T;88A>G;89C>G;90C>T;94G>A;95A>C;96A>C;105T>C;114C>G],NA,p.[Thr30Gly;Glu32Thr],1.7583163837262048,1.6516857846446868,1.81690013999944
urn:mavedb:00000234-0-1#1084,c.[12T>C;18G>A;21A>G;27A>G;45C>T;78C>G;88A>G;89C>G;90C>T;94G>T;95A>C;96A>C;105T>C;126G>A],NA,p.[Thr30Gly;Glu32Ser],1.6119301735631395,1.5699128097646509,1.669910441841648
urn:mavedb:00000234-0-1#1085,c.[12T>C;24C>G;33G>C;45C>T;78C>G;88A>G;89C>G;90C>T;95A>C;96A>G;105T>C;114C>G],NA,p.[Thr30Gly;Glu32Ala],2.0169444869555853,1.9008565042001204,2.2093349211506657
urn:mavedb:00000234-0-1#1086,c.[12T>C;15G>A;24C>G;27A>G;45C>T;88A>G;89C>G;90C>T;95A>G;96A>C;105T>C;114C>G],NA,p.[Thr30Gly;Glu32Gly],1.367414259349245,1.245086545280914,1.4426552858556874
urn:mavedb:00000234-0-1#1087,c.[3T>C;12T>C;21A>G;33G>C;45C>T;78C>G;88A>G;89C>G;90C>T;94G>A;95A>T;96A>G;105T>C;114C>G],NA,p.[Thr30Gly;Glu32Met],1.6186231236969646,1.5129262910963972,1.6793316349586704
urn:mavedb:00000234-0-1#1088,c.[3T>C;12T>C;15G>A;18G>A;21A>G;27A>G;45C>T;54T>C;78C>G;88A>G;89C>G;90C>T;94G>C;95A>T;96A>G;105T>C;114C>G;120C>T;123C>T],NA,p.[Thr30Gly;Glu32Leu],1.7208438265620292,1.6359774441568815,1.8041817983547943
urn:mavedb:00000234-0-1#1089,c.[3T>C;21A>G;45C>T;75G>C;78C>G;88A>G;89C>G;90C>T;95A>T;96A>T;105T>C;114C>G],NA,p.[Thr30Gly;Glu32Val],1.735148651940818,1.3880781163063003,2.134792564829125
urn:mavedb:00000234-0-1#1090,c.[12T>C;18G>A;24C>G;27A>G;45C>T;63G>T;78C>G;88A>G;89C>G;90C>T;94G>A;95A>T;96A>T;105T>C;114C>G],NA,p.[Thr30Gly;Glu32Ile],1.8271819035259096,1.7504247015591294,1.8733344006929904
urn:mavedb:00000234-0-1#1091,c.[12T>C;18G>A;21A>G;27A>G;45C>T;69A>G;78C>G;88A>G;89C>G;90C>T;94G>T;95A>G;96A>G;105T>C;114C>G;126G>A],NA,p.[Thr30Gly;Glu32Trp],1.4337281647140676,1.3148610397596978,1.5454517239189232
urn:mavedb:00000234-0-1#1092,c.[12T>C;18G>A;21A>G;30G>A;45C>T;78C>G;88A>G;89C>G;90C>T;94G>T;96A>C;105T>C;114C>G;126G>A],NA,p.[Thr30Gly;Glu32Tyr],1.4223577365510869,1.3317011109154469,1.4853810731077135
urn:mavedb:00000234-0-1#1093,c.[6T>C;12T>C;21A>G;27A>G;30G>A;45C>T;78C>G;88A>G;89C>G;90C>T;94G>T;95A>T;96A>C;105T>C;114C>G],NA,p.[Thr30Gly;Glu32Phe],1.5467811844854018,1.434587821384854,1.6336909361813157
urn:mavedb:00000234-0-1#1094,c.[24C>G;30G>A;45C>T;88A>G;89C>G;90C>T;94G>C;95A>C;96A>G;105T>C;114C>G],NA,p.[Thr30Gly;Glu32Pro],1.698256988785403,1.441374661398419,1.829337466080483
urn:mavedb:00000234-0-1#1095,c.[12T>C;15G>A;21A>G;30G>A;33G>C;45C>T;78C>G;89C>T;90C>G;94G>A;96A>C;105T>C;114C>G],NA,p.[Thr30Met;Glu32Asn],0.7055550518021984,0.5757278120424877,0.7853452844900624
urn:mavedb:00000234-0-1#1096,c.[12T>C;24C>G;27A>G;45C>T;78C>G;89C>T;90C>G;94G>C;96A>C;105T>C;126G>A],NA,p.[Thr30Met;Glu32His],0.5845095074723996,0.5205232711104192,0.6209745655956471
urn:mavedb:00000234-0-1#1097,c.[12T>C;18G>A;27A>G;33G>C;45C>T;78C>G;89C>T;90C>G;96A>C;105T>C;114C>G;117G>C],NA,p.[Thr30Met;Glu32Asp],0.8519076163349799,0.7744228226884984,0.9647158880085196
urn:mavedb:00000234-0-1#1098,c.[6T>C;18G>A;24C>G;27A>G;45C>T;78C>G;89C>T;90C>G;94G>C;95A>G;96A>T;105T>C;114C>G],NA,p.[Thr30Met;Glu32Arg],0.5243048566836073,0.4563070112289253,0.591939997710937
urn:mavedb:00000234-0-1#1099,c.[9T>G;18G>A;24C>G;27A>G;45C>T;78C>G;89C>T;90C>G;94G>A;105T>C;114C>G;126G>A],NA,p.[Thr30Met;Glu32Lys],0.8022275492293047,0.6949476038349348,0.9406456335409562
urn:mavedb:00000234-0-1#1100,c.[21A>G;30G>A;45C>T;89C>T;90C>G;94G>A;95A>C;96A>C;105T>C;114C>G],NA,p.[Thr30Met;Glu32Thr],0.7879029236134975,0.7161643512526791,0.9273663972750894
urn:mavedb:00000234-0-1#1101,c.[12T>C;15G>A;18G>A;21A>G;27A>G;45C>T;78C>G;89C>T;90C>G;94G>T;95A>C;96A>T;105T>C;114C>G],NA,p.[Thr30Met;Glu32Ser],1.2486189344554353,1.1325315756084402,1.3933185609894985
urn:mavedb:00000234-0-1#1102,c.[12T>C;18G>A;21A>G;30G>A;45C>T;78C>G;87T>C;89C>T;90C>G;95A>C;96A>G;105T>C;114C>G],NA,p.[Thr30Met;Glu32Ala],0.6639031984917073,0.4464724984200566,0.7650380555257892
urn:mavedb:00000234-0-1#1103,c.[3T>C;12T>C;15G>A;24C>G;27A>G;33G>C;45C>T;78C>G;89C>T;90C>G;95A>G;96A>T;99G>A;105T>C;114C>G;126G>A],NA,p.[Thr30Met;Glu32Gly],0.6388865061304159,0.5484713974151549,0.6952019582323493
urn:mavedb:00000234-0-1#1104,c.[3T>C;18G>A;24C>G;27A>G;45C>T;78C>G;89C>T;90C>G;94G>A;95A>T;96A>G;105T>C;114C>G],NA,p.[Thr30Met;Glu32Met],0.7882493950251273,0.7190119437850281,0.8612992287569832
urn:mavedb:00000234-0-1#1105,c.[12T>C;18G>A;21A>G;24C>G;30G>A;45C>T;78C>G;89C>T;90C>G;94G>T;95A>G;96A>C;105T>C;126G>A],NA,p.[Thr30Met;Glu32Cys],1.1537487729950566,0.8884110880838356,1.2787746244907587
urn:mavedb:00000234-0-1#1106,c.[6T>C;9T>G;18G>A;21A>G;30G>A;33G>C;45C>T;78C>G;89C>T;90C>G;94G>C;95A>T;96A>G;114C>G;120C>T;123C>T],NA,p.[Thr30Met;Glu32Leu],0.6552980972234949,0.4968946777813774,0.7498294123345622
urn:mavedb:00000234-0-1#1107,c.[12T>C;21A>G;45C>T;78C>G;89C>T;90C>G;95A>T;96A>T;105T>C],NA,p.[Thr30Met;Glu32Val],0.5702422325620233,0.5060690724308798,0.624037632836753
urn:mavedb:00000234-0-1#1108,c.[3T>C;6T>C;9T>G;21A>G;45C>T;75G>C;78C>G;89C>T;90C>G;94G>A;95A>T;96A>C;105T>C;114C>G],NA,p.[Thr30Met;Glu32Ile],1.1287851128473565,0.7979978737992286,1.2162870910074637
urn:mavedb:00000234-0-1#1109,c.[3T>C;9T>G;15G>A;21A>G;27A>G;30G>A;33G>C;45C>T;57A>G;69A>G;78C>G;89C>T;90C>G;94G>T;95A>G;96A>G;102G>T;105T>C;108A>G;114C>G;126G>A],NA,p.[Thr30Met;Glu32Trp],1.11443712048008,0.989903768873969,1.1802192589437166
urn:mavedb:00000234-0-1#1110,c.[3T>C;12T>C;15G>A;27A>G;45C>T;78C>G;89C>T;90C>G;94G>T;96A>C;105T>C;111C>T;114C>G;126G>A],NA,p.[Thr30Met;Glu32Tyr],0.7425465393843156,0.6876134226634729,0.8557347864331981
urn:mavedb:00000234-0-1#1111,c.[12T>C;15G>A;24C>G;27A>G;45C>T;63G>T;78C>G;87T>C;89C>T;90C>G;94G>T;95A>T;96A>C;105T>C;108A>G;114C>G;126G>A],NA,p.[Thr30Met;Glu32Phe],0.801928407385363,0.6974962882279014,0.96049425838784
urn:mavedb:00000234-0-1#1112,c.[12T>C;18G>A;24C>G;27A>G;45C>T;78C>G;89C>T;90C>G;94G>C;95A>C;96A>G;105T>C;114C>G;123C>T],NA,p.[Thr30Met;Glu32Pro],0.1196862965735059,0.0403773404832402,0.188475440760914
urn:mavedb:00000234-0-1#1113,c.[6T>C;12T>C;18G>A;24C>G;45C>T;78C>G;88A>T;89C>G;90C>T;94G>C;96A>G;105T>C;111C>T;114C>G;120C>T;126G>A],NA,p.[Thr30Cys;Glu32Gln],1.7145843966069707,1.4376577743532324,2.0055195248740145
urn:mavedb:00000234-0-1#1114,c.[3T>C;12T>C;15G>A;18G>A;21A>G;27A>G;30G>A;39C>T;45C>T;78C>G;84C>T;88A>T;89C>G;90C>T;94G>C;96A>C;105T>C;114C>G;126G>A],NA,p.[Thr30Cys;Glu32His],1.422326397186957,1.1011315060826217,1.6186356082423947
urn:mavedb:00000234-0-1#1115,c.[12T>C;21A>G;33G>C;45C>T;78C>G;88A>T;89C>G;94G>C;95A>G;96A>T;105T>C;114C>G],NA,p.[Thr30Cys;Glu32Arg],1.6616375882492955,1.395106160057488,1.9342676219249368
urn:mavedb:00000234-0-1#1116,c.[3T>C;12T>C;24C>G;27A>G;45C>T;78C>G;88A>T;89C>G;94G>A;95A>C;96A>C;105T>C;114C>G],NA,p.[Thr30Cys;Glu32Thr],1.6761882333891358,1.4900646607622186,1.990170655805468
urn:mavedb:00000234-0-1#1117,c.[3T>C;12T>C;15G>A;21A>G;27A>G;30G>A;45C>T;78C>G;88A>T;89C>G;90C>T;95A>C;96A>G;105T>C;114C>G;117G>C],NA,p.[Thr30Cys;Glu32Ala],1.6817646842508789,1.3486054106831016,2.0310171064703524
urn:mavedb:00000234-0-1#1118,c.[12T>C;15G>A;18G>A;21A>G;27A>G;45C>T;75G>C;78C>G;88A>T;89C>G;95A>G;96A>T;105T>C;114C>G;120C>T;126G>A],NA,p.[Thr30Cys;Glu32Gly],1.1022365308598767,0.7879711387557138,1.2332807153449905
urn:mavedb:00000234-0-1#1119,c.[12T>C;18G>A;24C>G;27A>G;45C>T;78C>G;88A>T;89C>G;94G>A;95A>T;96A>G;105T>C;114C>G;123C>T;126G>A],NA,p.[Thr30Cys;Glu32Met],1.5696599825652289,1.4298997152570767,1.773386024349998
urn:mavedb:00000234-0-1#1120,c.[3T>C;6T>C;15G>A;18G>A;21A>G;30G>A;45C>T;78C>G;88A>T;89C>G;94G>C;95A>T;96A>G;99G>A;105T>C;114C>G;126G>A],NA,p.[Thr30Cys;Glu32Leu],1.7006569858942715,1.522681229451654,1.982437536701418
urn:mavedb:00000234-0-1#1121,c.[12T>C;15G>A;24C>G;39C>T;45C>T;72G>T;75G>C;78C>G;88A>T;89C>G;94G>A;95A>T;96A>C;105T>C;114C>G;120C>T;123C>T],NA,p.[Thr30Cys;Glu32Ile],1.9251297090920845,1.7145349469567703,2.2109779405910954
urn:mavedb:00000234-0-1#1122,c.[12T>C;18G>A;24C>G;45C>T;78C>G;88A>T;89C>G;94G>T;95A>G;96A>G;105T>C;114C>G;123C>T;126G>A],NA,p.[Thr30Cys;Glu32Trp],1.9594197424017947,1.8235787948641151,2.099250454826329
urn:mavedb:00000234-0-1#1123,c.[9T>G;12T>C;18G>A;21A>G;30G>A;45C>T;78C>G;88A>T;89C>G;94G>T;95A>T;96A>C;105T>C;114C>G],NA,p.[Thr30Cys;Glu32Phe],1.7150008801077372,1.5420475959628073,2.002107778618361
urn:mavedb:00000234-0-1#1124,c.[3T>C;12T>C;15G>A;24C>G;27A>G;33G>C;45C>T;78C>G;88A>T;89C>G;94G>C;95A>C;96A>G;105T>C;114C>G;126G>A],NA,p.[Thr30Cys;Glu32Pro],0.4478278847231181,0.2572784029903945,0.7698766522090281
urn:mavedb:00000234-0-1#1125,c.[12T>C;15G>A;24C>G;45C>T;60C>T;78C>G;84C>T;88A>C;89C>T;90C>G;94G>C;96A>G;105T>C;111C>T;126G>A],NA,p.[Thr30Leu;Glu32Gln],0.7625841526778275,0.7000886419867787,0.8309933354119776
urn:mavedb:00000234-0-1#1126,c.[6T>C;9T>G;12T>C;15G>A;24C>G;27A>G;33G>C;45C>T;60C>T;78C>G;88A>C;89C>T;90C>G;94G>A;96A>C;114C>G],NA,p.[Thr30Leu;Glu32Asn],0.6876688323009552,0.6101566683761384,0.8232672398862254
urn:mavedb:00000234-0-1#1127,c.[12T>C;18G>A;21A>G;27A>G;45C>T;78C>G;88A>C;89C>T;90C>G;94G>C;96A>C;105T>C;114C>G],NA,p.[Thr30Leu;Glu32His],0.5269539783338395,0.4589029536616855,0.5803883155984849
urn:mavedb:00000234-0-1#1128,c.[12T>C;15G>A;21A>G;30G>A;33G>C;45C>T;78C>G;88A>C;89C>T;90C>G;96A>C;105T>C],NA,p.[Thr30Leu;Glu32Asp],0.9206652953726172,0.781422957782914,1.075488182512042
urn:mavedb:00000234-0-1#1129,c.[12T>C;18G>A;21A>G;30G>A;45C>T;78C>G;88A>C;89C>T;90C>G;94G>C;95A>G;96A>T;105T>C;114C>G;126G>A],NA,p.[Thr30Leu;Glu32Arg],0.5390658894003844,0.4137009466384183,0.6255978122023256
urn:mavedb:00000234-0-1#1130,c.[15G>A;24C>G;45C>T;75G>C;78C>G;88A>C;89C>T;90C>G;94G>A;105T>C;108A>G;114C>G;123C>T],NA,p.[Thr30Leu;Glu32Lys],0.7632760501742797,0.6315944285642999,0.8373848858316725
urn:mavedb:00000234-0-1#1131,c.[3T>C;6T>C;12T>C;18G>A;21A>G;27A>G;33G>C;45C>T;78C>G;88A>C;89C>T;90C>G;94G>A;95A>C;96A>C;105T>C;108A>G;114C>G],NA,p.[Thr30Leu;Glu32Thr],0.5956455071440598,0.4769583937811723,0.7035793491681827
urn:mavedb:00000234-0-1#1132,c.[12T>C;15G>A;27A>G;33G>C;45C>T;78C>G;88A>C;89C>T;90C>G;94G>T;95A>C;96A>T;105T>C;114C>G],NA,p.[Thr30Leu;Glu32Ser],1.0000329420913712,0.8528035386221529,1.1507392346443963
urn:mavedb:00000234-0-1#1133,c.[12T>C;18G>A;24C>G;27A>G;30G>A;45C>T;57A>G;78C>G;88A>C;89C>T;90C>G;95A>C;96A>G;105T>C;114C>G],NA,p.[Thr30Leu;Glu32Ala],0.8711483817912948,0.8013149849138538,0.9394010939231252
urn:mavedb:00000234-0-1#1134,c.[6T>C;12T>C;24C>G;27A>G;45C>T;51C>T;78C>G;88A>C;89C>T;90C>G;95A>G;96A>T;105T>C;114C>G;120C>T],NA,p.[Thr30Leu;Glu32Gly],0.4606953300193311,0.2730828089473517,0.5334887630680915
urn:mavedb:00000234-0-1#1135,c.[12T>C;15G>A;24C>G;27A>G;45C>T;78C>G;88A>C;89C>T;90C>G;94G>A;95A>T;96A>G;105T>C;111C>T;114C>G],NA,p.[Thr30Leu;Glu32Met],0.6936091193489266,0.5882023668731944,0.9166729207442564
urn:mavedb:00000234-0-1#1136,c.[12T>C;18G>A;21A>G;27A>G;45C>T;78C>G;88A>C;89C>T;90C>G;94G>C;95A>T;96A>C;105T>C;114C>G;123C>T],NA,p.[Thr30Leu;Glu32Leu],0.5700946590496976,0.5061855941310067,0.6635822654492292
urn:mavedb:00000234-0-1#1137,c.[24C>G;27A>G;45C>T;88A>C;89C>T;90C>G;95A>T;96A>T;105T>C;114C>G],NA,p.[Thr30Leu;Glu32Val],0.817103198522516,0.7018357553868949,0.9067729724001165
urn:mavedb:00000234-0-1#1138,c.[3T>C;12T>C;18G>A;21A>G;24C>G;30G>A;33G>C;45C>T;78C>G;88A>C;89C>T;90C>G;94G>A;95A>T;96A>C;105T>C;114C>G;117G>C],NA,p.[Thr30Leu;Glu32Ile],0.9561735842499688,0.813056875834682,1.095382525396207
urn:mavedb:00000234-0-1#1139,c.[12T>C;21A>G;30G>A;45C>T;63G>T;78C>G;88A>C;89C>T;90C>G;94G>T;95A>G;96A>G;105T>C;114C>G],NA,p.[Thr30Leu;Glu32Trp],1.1826159165588963,1.0737365499446752,1.2819696631335868
urn:mavedb:00000234-0-1#1140,c.[12T>C;18G>A;21A>G;24C>G;30G>A;45C>T;78C>G;88A>C;89C>T;90C>G;94G>T;96A>C;105T>C;114C>G],NA,p.[Thr30Leu;Glu32Tyr],0.8950908967404307,0.710375374357055,0.9879107921717788
urn:mavedb:00000234-0-1#1141,c.[3T>C;9T>G;12T>C;15G>A;24C>G;27A>G;39C>T;78C>G;88A>C;89C>T;90C>G;94G>T;95A>T;96A>C;105T>C;108A>G;114C>G],NA,p.[Thr30Leu;Glu32Phe],0.6672625066931486,0.590961001469878,0.7835411042910247
urn:mavedb:00000234-0-1#1142,c.[12T>C;15G>A;24C>G;27A>G;45C>T;78C>G;88A>C;89C>T;90C>G;94G>C;95A>C;96A>G;105T>C;114C>G;126G>A],NA,p.[Thr30Leu;Glu32Pro],0.1655340551054074,0.0253895971961594,0.2088064135372261
urn:mavedb:00000234-0-1#1143,c.[12T>C;21A>G;45C>T;78C>G;88A>G;89C>T;90C>T;94G>C;96A>G;105T>C;108A>G;114C>G;117G>C],NA,p.[Thr30Val;Glu32Gln],0.719886849222835,0.5800448199479276,0.8405651342028024
urn:mavedb:00000234-0-1#1144,c.[12T>C;21A>G;27A>G;30G>A;45C>T;78C>G;84C>T;88A>G;89C>T;90C>T;94G>A;96A>C;105T>C;114C>G;117G>C],NA,p.[Thr30Val;Glu32Asn],0.5613315365176546,0.4548078559328735,0.715298527283827
urn:mavedb:00000234-0-1#1145,c.[6T>C;12T>C;21A>G;45C>T;78C>G;88A>G;89C>T;90C>T;94G>C;96A>C;105T>C;114C>G;117G>C],NA,p.[Thr30Val;Glu32His],0.8280080468849534,0.7455529059985982,0.922189861261477
urn:mavedb:00000234-0-1#1146,c.[18G>A;24C>G;27A>G;45C>T;78C>G;88A>G;89C>T;90C>T;96A>C;105T>C;114C>G],NA,p.[Thr30Val;Glu32Asp],0.8730582274833207,0.776106048747731,0.9686902733817876
urn:mavedb:00000234-0-1#1147,c.[3T>C;9T>G;12T>C;18G>A;21A>G;27A>G;45C>T;78C>G;88A>G;89C>T;90C>T;94G>C;95A>G;96A>T;114C>G;126G>A],NA,p.[Thr30Val;Glu32Arg],0.4529817480180351,0.3789880970520864,0.5392881471967734
urn:mavedb:00000234-0-1#1148,c.[12T>C;21A>G;45C>T;78C>G;88A>G;89C>T;90C>T;94G>A;105T>C;114C>G],NA,p.[Thr30Val;Glu32Lys],0.7071295172979705,0.6093515374399702,0.848393031414375
urn:mavedb:00000234-0-1#1149,c.[3T>C;12T>C;15G>A;21A>G;30G>A;33G>C;45C>T;75G>C;78C>G;88A>G;89C>T;90C>T;94G>A;95A>C;96A>C;105T>C;114C>G;126G>A],NA,p.[Thr30Val;Glu32Thr],0.7904951714805879,0.7231526409006528,0.8647612579466543
urn:mavedb:00000234-0-1#1150,c.[12T>C;24C>G;27A>G;45C>T;78C>G;88A>G;89C>T;90C>T;94G>T;95A>C;96A>T;105T>C;114C>G],NA,p.[Thr30Val;Glu32Ser],0.9919920728149456,0.8967852454055213,1.0518899496325191
urn:mavedb:00000234-0-1#1151,c.[12T>C;15G>A;24C>G;27A>G;45C>T;78C>G;88A>G;89C>T;90C>T;95A>C;96A>G;105T>C;114C>G],NA,p.[Thr30Val;Glu32Ala],0.8612640813786527,0.7944508935600528,0.9428889186425394
urn:mavedb:00000234-0-1#1152,c.[6T>C;15G>A;21A>G;45C>T;78C>G;88A>G;89C>T;90C>T;95A>G;96A>C;105T>C;114C>G],NA,p.[Thr30Val;Glu32Gly],0.5501275834879974,0.4802789333019056,0.641081397990231
urn:mavedb:00000234-0-1#1153,c.[12T>C;15G>A;18G>A;21A>G;27A>G;30G>A;45C>T;78C>G;88A>G;89C>T;90C>T;94G>A;95A>T;96A>G;105T>C;114C>G;126G>A],NA,p.[Thr30Val;Glu32Met],0.7359346209615305,0.6614263584457157,0.8046394306052569
urn:mavedb:00000234-0-1#1154,c.[12T>C;18G>A;21A>G;27A>G;45C>T;51C>T;78C>G;87T>C;88A>G;89C>T;90C>T;94G>T;95A>G;96A>C;105T>C;114C>G],NA,p.[Thr30Val;Glu32Cys],0.8014824385050525,0.544441485562215,1.0146012032611522
urn:mavedb:00000234-0-1#1155,c.[12T>C;18G>A;21A>G;30G>A;45C>T;72G>T;75G>C;78C>G;88A>G;89C>T;90C>T;94G>C;95A>T;96A>G;105T>C;108A>G],NA,p.[Thr30Val;Glu32Leu],0.6217011793823072,0.550973045406581,0.6932283336999642
urn:mavedb:00000234-0-1#1156,c.[3T>C;9T>G;12T>C;18G>A;21A>G;27A>G;45C>T;88A>G;89C>T;90C>T;95A>T;96A>T;105T>C;114C>G;126G>A],NA,p.[Thr30Val;Glu32Val],0.5048377306710768,0.4308212430717806,0.6038242876584587
urn:mavedb:00000234-0-1#1157,c.[12T>C;15G>A;24C>G;27A>G;33G>C;45C>T;63G>T;78C>G;84C>T;88A>G;89C>T;90C>T;94G>A;95A>T;96A>C;99G>A;105T>C;114C>G],NA,p.[Thr30Val;Glu32Ile],0.9707166505074284,0.7689814995965244,1.086027006951639
urn:mavedb:00000234-0-1#1158,c.[6T>C;12T>C;21A>G;45C>T;78C>G;88A>G;89C>T;90C>T;94G>T;95A>G;96A>G;105T>C;114C>G;117G>C],NA,p.[Thr30Val;Glu32Trp],0.9218480488131542,0.8748179021698033,0.9879553916232612
urn:mavedb:00000234-0-1#1159,c.[12T>C;15G>A;24C>G;27A>G;45C>T;51C>T;78C>G;88A>G;89C>T;90C>T;94G>T;96A>C;105T>C;108A>G;114C>G;123C>T;126G>A],NA,p.[Thr30Val;Glu32Tyr],0.6678409925594435,0.5874779007008288,0.7839173826757087
urn:mavedb:00000234-0-1#1160,c.[9T>G;12T>C;18G>A;21A>G;27A>G;45C>T;78C>G;88A>G;89C>T;90C>T;94G>T;95A>T;96A>C;105T>C;114C>G],NA,p.[Thr30Val;Glu32Phe],0.5757477467489656,0.4127587659439061,0.6247700511927032
urn:mavedb:00000234-0-1#1161,c.[15G>A;24C>G;27A>G;45C>T;78C>G;88A>G;89C>T;90C>T;94G>C;95A>C;96A>G;114C>G],NA,p.[Thr30Val;Glu32Pro],-0.0959534065801899,-0.1748485538621059,0.0075167922556156
urn:mavedb:00000234-0-1#1162,c.[12T>C;24C>G;27A>G;45C>T;78C>G;89C>T;94G>C;96A>G;99G>A;105T>C;114C>G],NA,p.[Thr30Ile;Glu32Gln],1.020796289685649,0.8390233786371255,1.199740956225014
urn:mavedb:00000234-0-1#1163,c.[12T>C;18G>A;21A>G;27A>G;45C>T;89C>T;94G>A;96A>C;105T>C;114C>G;126G>A],NA,p.[Thr30Ile;Glu32Asn],0.5314487535078607,0.4461544615334326,0.656092668726906
urn:mavedb:00000234-0-1#1164,c.[12T>C;18G>A;21A>G;27A>G;45C>T;78C>G;89C>T;94G>C;96A>C;105T>C;126G>A],NA,p.[Thr30Ile;Glu32His],0.3673504363835611,0.2964192169468837,0.4815999311428864
urn:mavedb:00000234-0-1#1165,c.[21A>G;45C>T;89C>T;96A>C;105T>C;114C>G;126G>A],NA,p.[Thr30Ile;Glu32Asp],0.8558521789899293,0.7688527996312535,0.9551585018738196
urn:mavedb:00000234-0-1#1166,c.[24C>G;45C>T;89C>T;94G>C;95A>G;96A>T;105T>C;114C>G;123C>T],NA,p.[Thr30Ile;Glu32Arg],0.5637350082064558,0.3592412705947628,0.7276943741524712
urn:mavedb:00000234-0-1#1167,c.[12T>C;18G>A;21A>G;27A>G;45C>T;75G>C;78C>G;89C>T;94G>A;105T>C;114C>G;117G>C;123C>T],NA,p.[Thr30Ile;Glu32Lys],0.7343657694590808,0.6355925926737895,0.8034382123649492
urn:mavedb:00000234-0-1#1168,c.[12T>C;15G>A;24C>G;27A>G;33G>C;45C>T;78C>G;89C>T;94G>A;95A>C;96A>C;105T>C],NA,p.[Thr30Ile;Glu32Thr],0.7595797295526768,0.7072240080939446,0.8273853383232349
urn:mavedb:00000234-0-1#1169,c.[24C>G;27A>G;45C>T;89C>T;94G>T;95A>C;96A>T;105T>C;114C>G],NA,p.[Thr30Ile;Glu32Ser],1.055876422741846,0.9912006130471618,1.1212796448165452
urn:mavedb:00000234-0-1#1170,c.[15G>A;21A>G;30G>A;45C>T;78C>G;89C>T;95A>C;96A>G;105T>C],NA,p.[Thr30Ile;Glu32Ala],0.76308016734188,0.6154302098891745,0.8862861063901735
urn:mavedb:00000234-0-1#1171,c.[18G>A;21A>G;27A>G;30G>A;33G>C;45C>T;78C>G;87T>C;89C>T;95A>G;96A>T;99G>A;105T>C;126G>A],NA,p.[Thr30Ile;Glu32Gly],0.6145760048792135,0.4416723065126229,0.7176377784037473
urn:mavedb:00000234-0-1#1172,c.[12T>C;18G>A;21A>G;27A>G;45C>T;78C>G;87T>C;89C>T;90C>T;94G>A;95A>T;96A>G;105T>C;114C>G],NA,p.[Thr30Ile;Glu32Met],0.8649790901849874,0.7703609949099283,0.9732575028556152
urn:mavedb:00000234-0-1#1173,c.[12T>C;18G>A;21A>G;27A>G;45C>T;48C>T;78C>G;89C>T;94G>C;95A>T;96A>G;105T>C;120C>T],NA,p.[Thr30Ile;Glu32Leu],0.590470611347902,0.4961484904642852,0.647122718074947
urn:mavedb:00000234-0-1#1174,c.[12T>C;18G>A;27A>G;45C>T;78C>G;89C>T;95A>T;96A>T;105T>C;114C>G],NA,p.[Thr30Ile;Glu32Val],0.5945738730940473,0.4752360947623072,0.7162523185788001
urn:mavedb:00000234-0-1#1175,c.[15G>A;24C>G;45C>T;78C>G;89C>T;90C>T;94G>A;95A>T;96A>T;105T>C;114C>G;126G>A],NA,p.[Thr30Ile;Glu32Ile],0.8860418372817882,0.7849777860196818,1.052700001229132
urn:mavedb:00000234-0-1#1176,c.[12T>C;15G>A;21A>G;30G>A;33G>C;39C>T;89C>T;94G>T;95A>G;96A>G;105T>C;114C>G;126G>A],NA,p.[Thr30Ile;Glu32Trp],0.82195460612995,0.7056100860498044,0.9317658563833052
urn:mavedb:00000234-0-1#1177,c.[6T>C;12T>C;24C>G;45C>T;78C>G;89C>T;94G>T;96A>C;105T>C;114C>G;123C>T],NA,p.[Thr30Ile;Glu32Tyr],0.8281266906482345,0.7452750740491018,0.9398528583774396
urn:mavedb:00000234-0-1#1178,c.[3T>C;12T>C;21A>G;27A>G;30G>A;45C>T;78C>G;89C>T;94G>T;95A>T;96A>C;99G>A;105T>C;114C>G;126G>A],NA,p.[Thr30Ile;Glu32Phe],0.5580857780888828,0.5027426797079138,0.652289444065769
urn:mavedb:00000234-0-1#1179,c.[12T>C;21A>G;45C>T;78C>G;89C>T;94G>C;95A>C;96A>G;105T>C;114C>G],NA,p.[Thr30Ile;Glu32Pro],-0.3247937804234599,-0.3761877791046925,-0.2609384421819889
urn:mavedb:00000234-0-1#1180,c.[12T>C;15G>A;24C>G;45C>T;57A>G;78C>G;88A>T;89C>G;90C>G;94G>C;96A>G;105T>C;114C>G;123C>T],NA,p.[Thr30Trp;Glu32Gln],0.8951844718809319,0.8324183337230749,0.989844167080678
urn:mavedb:00000234-0-1#1181,c.[3T>C;15G>A;21A>G;45C>T;75G>C;78C>G;88A>T;89C>G;90C>G;94G>A;96A>C;105T>C;114C>G],NA,p.[Thr30Trp;Glu32Asn],0.8314419292151181,0.7725787259156925,0.9231354946253066
urn:mavedb:00000234-0-1#1182,c.[12T>C;18G>A;21A>G;27A>G;78C>G;87T>C;88A>T;89C>G;90C>G;94G>C;96A>C;105T>C;114C>G;123C>T],NA,p.[Thr30Trp;Glu32His],1.0412529481545725,0.9314534792960212,1.1866681715414649
urn:mavedb:00000234-0-1#1183,c.[12T>C;24C>G;27A>G;45C>T;78C>G;88A>T;89C>G;90C>G;96A>C;105T>C;114C>G;126G>A],NA,p.[Thr30Trp;Glu32Asp],0.4663713287446913,0.3730153770286322,0.5973448645560157
urn:mavedb:00000234-0-1#1184,c.[3T>C;6T>C;9T>G;12T>C;15G>A;24C>G;30G>A;33G>C;45C>T;88A>T;89C>G;90C>G;94G>C;95A>G;96A>T;105T>C;114C>G],NA,p.[Thr30Trp;Glu32Arg],0.3438022485974484,0.2665157182311015,0.3907373735985848
urn:mavedb:00000234-0-1#1185,c.[12T>C;18G>A;21A>G;24C>G;30G>A;45C>T;78C>G;88A>T;89C>G;90C>G;94G>A;105T>C;114C>G;117G>C],NA,p.[Thr30Trp;Glu32Lys],0.8810398802088764,0.7879845249153831,0.962015448330668
urn:mavedb:00000234-0-1#1186,c.[12T>C;18G>A;24C>G;27A>G;33G>C;39C>T;45C>T;57A>G;72G>T;75G>C;78C>G;88A>T;89C>G;90C>G;94G>A;95A>C;96A>C;105T>C;114C>G],NA,p.[Thr30Trp;Glu32Thr],0.8872241266103496,0.7764928423742579,1.1149712598251882
urn:mavedb:00000234-0-1#1187,c.[12T>C;15G>A;24C>G;27A>G;39C>T;45C>T;78C>G;88A>T;89C>G;90C>G;94G>T;95A>C;96A>T;105T>C;111C>T;114C>G;126G>A],NA,p.[Thr30Trp;Glu32Ser],0.9260263039725553,0.8192461569017919,0.9938599353313964
urn:mavedb:00000234-0-1#1188,c.[12T>C;18G>A;21A>G;27A>G;78C>G;88A>T;89C>G;90C>G;95A>C;96A>G;105T>C],NA,p.[Thr30Trp;Glu32Ala],0.9300960296282572,0.8453949077177466,1.0179667111372996
urn:mavedb:00000234-0-1#1189,c.[3T>C;6T>C;9T>G;12T>C;18G>A;21A>G;24C>G;27A>G;45C>T;78C>G;88A>T;89C>G;90C>G;95A>G;96A>T;105T>C;114C>G;117G>C],NA,p.[Thr30Trp;Glu32Gly],0.8129153628405168,0.6032051913083208,0.9002265850937876
urn:mavedb:00000234-0-1#1190,c.[12T>C;15G>A;24C>G;27A>G;45C>T;88A>T;89C>G;90C>G;94G>A;95A>T;96A>G;105T>C;114C>G],NA,p.[Thr30Trp;Glu32Met],0.9182088372692998,0.7894033580898621,1.030299297560212
urn:mavedb:00000234-0-1#1191,c.[12T>C;15G>A;21A>G;27A>G;30G>A;45C>T;88A>T;89C>G;90C>G;94G>T;95A>G;96A>C;105T>C;114C>G],NA,p.[Thr30Trp;Glu32Cys],1.6320196078658358,1.3417517895490754,2.1220350299386825
urn:mavedb:00000234-0-1#1192,c.[3T>C;6T>C;9T>G;12T>C;15G>A;18G>A;21A>G;27A>G;45C>T;75G>C;78C>G;88A>T;89C>G;90C>G;94G>C;95A>T;96A>G;105T>C;126G>A],NA,p.[Thr30Trp;Glu32Leu],0.8914688455453836,0.6209840815068679,0.982851081783118
urn:mavedb:00000234-0-1#1193,c.[6T>C;12T>C;15G>A;24C>G;27A>G;45C>T;78C>G;81C>T;88A>T;89C>G;90C>G;95A>T;96A>T;105T>C;111C>T;114C>G],NA,p.[Thr30Trp;Glu32Val],0.6151284316567049,0.5246084011206739,0.7461540565348798
urn:mavedb:00000234-0-1#1194,c.[12T>C;18G>A;21A>G;27A>G;39C>T;45C>T;88A>T;89C>G;90C>G;94G>A;95A>T;96A>C;105T>C;114C>G;123C>T],NA,p.[Thr30Trp;Glu32Ile],0.7487313947494164,0.6758452787637508,0.820894970532717
urn:mavedb:00000234-0-1#1195,c.[3T>C;6T>C;12T>C;18G>A;27A>G;45C>T;78C>G;88A>T;89C>G;90C>G;94G>T;95A>G;96A>G;114C>G],NA,p.[Thr30Trp;Glu32Trp],1.5849024881717977,1.5013324866041429,1.6461186403189636
urn:mavedb:00000234-0-1#1196,c.[9T>G;12T>C;15G>A;18G>A;45C>T;88A>T;89C>G;90C>G;94G>T;96A>C;105T>C;114C>G;123C>T],NA,p.[Thr30Trp;Glu32Tyr],1.154009503969282,1.0279633481198107,1.2726767647498949
urn:mavedb:00000234-0-1#1197,c.[6T>C;12T>C;15G>A;21A>G;30G>A;33G>C;45C>T;51C>T;54T>C;60C>T;88A>T;89C>G;90C>G;94G>T;95A>T;96A>C;105T>C;114C>G],NA,p.[Thr30Trp;Glu32Phe],0.9058407850482622,0.7736411406587537,1.1037061249254154
urn:mavedb:00000234-0-1#1198,c.[12T>C;18G>A;24C>G;27A>G;33G>C;45C>T;78C>G;88A>T;89C>G;90C>G;94G>C;95A>C;96A>G;105T>C;114C>G;126G>A],NA,p.[Thr30Trp;Glu32Pro],0.2168132902759179,0.1697695774455063,0.2888601846959658
urn:mavedb:00000234-0-1#1199,c.[12T>C;15G>A;21A>G;27A>G;30G>A;33G>C;45C>T;78C>G;88A>T;89C>A;94G>C;96A>G;105T>C;111C>T;114C>G],NA,p.[Thr30Tyr;Glu32Gln],1.033698045352069,0.977811178848816,1.1089052598346076
urn:mavedb:00000234-0-1#1200,c.[12T>C;18G>A;21A>G;27A>G;45C>T;78C>G;88A>T;89C>A;94G>A;96A>C;105T>C;114C>G;126G>A],NA,p.[Thr30Tyr;Glu32Asn],0.8414548267869528,0.7638663666856002,0.8951179651599339
urn:mavedb:00000234-0-1#1201,c.[12T>C;18G>A;21A>G;27A>G;45C>T;54T>C;57A>G;78C>G;88A>T;89C>A;94G>C;96A>C;105T>C;114C>G;126G>A],NA,p.[Thr30Tyr;Glu32His],1.1394619172813627,1.0783343413251203,1.1980361395260473
urn:mavedb:00000234-0-1#1202,c.[12T>C;18G>A;21A>G;24C>G;30G>A;45C>T;78C>G;88A>T;89C>A;96A>C;102G>T;105T>C;114C>G;120C>T;123C>T],NA,p.[Thr30Tyr;Glu32Asp],1.1935502228351789,1.116874952846189,1.2642870993439344
urn:mavedb:00000234-0-1#1203,c.[12T>C;15G>A;24C>G;27A>G;33G>C;45C>T;78C>G;88A>T;89C>A;94G>C;95A>G;96A>T;114C>G;123C>T],NA,p.[Thr30Tyr;Glu32Arg],0.8109487401687439,0.7792110502096266,0.9187524616576564
urn:mavedb:00000234-0-1#1204,c.[6T>C;12T>C;18G>A;21A>G;27A>G;33G>C;45C>T;78C>G;88A>T;89C>A;94G>A;105T>C;114C>G],NA,p.[Thr30Tyr;Glu32Lys],1.0818659416089966,0.9926514497371453,1.1890901381658876
urn:mavedb:00000234-0-1#1205,c.[6T>C;12T>C;18G>A;21A>G;30G>A;45C>T;78C>G;88A>T;89C>A;94G>A;95A>C;96A>C;105T>C;114C>G;117G>C],NA,p.[Thr30Tyr;Glu32Thr],0.8425206520421886,0.8090788743994599,0.9340561803126716
urn:mavedb:00000234-0-1#1206,c.[3T>C;6T>C;12T>C;18G>A;21A>G;27A>G;45C>T;78C>G;88A>T;89C>A;94G>T;95A>C;96A>T;105T>C;114C>G;126G>A],NA,p.[Thr30Tyr;Glu32Ser],1.135197094373293,1.053215944386515,1.1959490337251135
urn:mavedb:00000234-0-1#1207,c.[6T>C;15G>A;21A>G;27A>G;30G>A;45C>T;78C>G;88A>T;89C>A;95A>C;96A>G;99G>A;105T>C;114C>G],NA,p.[Thr30Tyr;Glu32Ala],1.0589735772603426,0.9202607894355992,1.1238245089056578
urn:mavedb:00000234-0-1#1208,c.[12T>C;18G>A;21A>G;27A>G;45C>T;78C>G;88A>T;89C>A;90C>T;95A>G;96A>T;105T>C;117G>C;126G>A],NA,p.[Thr30Tyr;Glu32Gly],0.941238923268316,0.8450041990511229,1.0077849339212823
urn:mavedb:00000234-0-1#1209,c.[3T>C;12T>C;18G>A;21A>G;24C>G;30G>A;39C>T;45C>T;78C>G;87T>C;88A>T;89C>A;94G>A;95A>T;96A>G;105T>C;108A>G;114C>G;126G>A],NA,p.[Thr30Tyr;Glu32Met],1.299243319140768,1.1845968860628315,1.5122028385312674
urn:mavedb:00000234-0-1#1210,c.[6T>C;12T>C;18G>A;45C>T;69A>G;75G>C;84C>T;88A>T;89C>A;94G>T;95A>G;96A>C;105T>C;114C>G],NA,p.[Thr30Tyr;Glu32Cys],1.4714553219986382,1.2775748303932433,1.6881167373072987
urn:mavedb:00000234-0-1#1211,c.[6T>C;12T>C;15G>A;21A>G;27A>G;30G>A;33G>C;45C>T;78C>G;88A>T;89C>A;94G>C;95A>T;96A>G;105T>C;114C>G],NA,p.[Thr30Tyr;Glu32Leu],1.0952287351213288,0.9613208642994122,1.1873640325928756
urn:mavedb:00000234-0-1#1212,c.[12T>C;21A>G;45C>T;78C>G;88A>T;89C>A;95A>T;96A>T;105T>C;114C>G],NA,p.[Thr30Tyr;Glu32Val],0.8323322634098276,0.7390266066564205,0.8980795756009091
urn:mavedb:00000234-0-1#1213,c.[9T>G;12T>C;15G>A;24C>G;27A>G;45C>T;87T>C;88A>T;89C>A;94G>A;95A>T;96A>C;105T>C;114C>G],NA,p.[Thr30Tyr;Glu32Ile],1.0457894409167203,0.9247408146263828,1.166039553857949
urn:mavedb:00000234-0-1#1214,c.[12T>C;18G>A;24C>G;27A>G;45C>T;78C>G;88A>T;89C>A;94G>T;95A>G;96A>G;105T>C;108A>G;114C>G;117G>C;126G>A],NA,p.[Thr30Tyr;Glu32Trp],1.692160696513639,1.607306745836233,1.791306048818608
urn:mavedb:00000234-0-1#1215,c.[12T>C;15G>A;24C>G;45C>T;78C>G;88A>T;89C>A;90C>T;94G>T;96A>C;105T>C;114C>G],NA,p.[Thr30Tyr;Glu32Tyr],1.978899006137476,1.85616040658988,2.1561873064717387
urn:mavedb:00000234-0-1#1216,c.[12T>C;18G>A;21A>G;27A>G;45C>T;78C>G;88A>T;89C>A;94G>T;95A>T;96A>C;105T>C;114C>G],NA,p.[Thr30Tyr;Glu32Phe],1.0472076319454495,0.987890962267648,1.1508217152979825
urn:mavedb:00000234-0-1#1217,c.[12T>C;18G>A;21A>G;27A>G;45C>T;78C>G;88A>T;89C>A;94G>C;95A>C;96A>G;105T>C;114C>G;126G>A],NA,p.[Thr30Tyr;Glu32Pro],0.2929537693274521,0.2275989650216031,0.3484504404665098
urn:mavedb:00000234-0-1#1218,c.[12T>C;18G>A;24C>G;27A>G;45C>T;63G>T;78C>G;87T>C;88A>T;89C>T;94G>C;105T>C;114C>G],NA,p.[Thr30Phe;Glu32Gln],1.1261709086626377,0.9761316266437854,1.1853099856836342
urn:mavedb:00000234-0-1#1219,c.[15G>A;24C>G;27A>G;45C>T;78C>G;87T>C;88A>T;89C>T;90C>T;94G>A;96A>T;105T>C;114C>G],NA,p.[Thr30Phe;Glu32Asn],1.0106706241049306,0.9277211666894898,1.1068618544184727
urn:mavedb:00000234-0-1#1220,c.[12T>C;21A>G;27A>G;30G>A;45C>T;78C>G;88A>T;89C>T;94G>C;96A>C;105T>C;108A>G;114C>G],NA,p.[Thr30Phe;Glu32His],1.287761134980478,1.1976962342303403,1.4564891421603012
urn:mavedb:00000234-0-1#1221,c.[6T>C;24C>G;27A>G;33G>C;45C>T;88A>T;89C>T;90C>T;96A>C;105T>C;114C>G;126G>A],NA,p.[Thr30Phe;Glu32Asp],0.9461138181515276,0.8470502239563567,1.0366787346214237
urn:mavedb:00000234-0-1#1222,c.[12T>C;15G>A;21A>G;30G>A;33G>C;45C>T;72G>T;75G>C;88A>T;89C>T;94G>C;95A>G;96A>T;105T>C;114C>G;117G>C;126G>A],NA,p.[Thr30Phe;Glu32Arg],1.139217772587061,1.043546226510287,1.2478719311007656
urn:mavedb:00000234-0-1#1223,c.[12T>C;15G>A;24C>G;27A>G;45C>T;78C>G;88A>T;89C>T;90C>T;94G>A;96A>G;105T>C;114C>G;126G>A],NA,p.[Thr30Phe;Glu32Lys],1.3671601647960474,1.222922651231107,1.584156104839695
urn:mavedb:00000234-0-1#1224,c.[12T>C;15G>A;18G>A;21A>G;27A>G;30G>A;33G>C;45C>T;88A>T;89C>T;94G>A;95A>C;96A>C;105T>C;114C>G],NA,p.[Thr30Phe;Glu32Thr],0.9575615274770116,0.8774266495732614,1.0398104064400466
urn:mavedb:00000234-0-1#1225,c.[12T>C;15G>A;24C>G;27A>G;45C>T;78C>G;88A>T;89C>T;94G>T;95A>C;96A>T;105T>C;114C>G;126G>A],NA,p.[Thr30Phe;Glu32Ser],1.40898175874845,1.12071260191704,1.7096956797345284
urn:mavedb:00000234-0-1#1226,c.[3T>C;12T>C;15G>A;21A>G;27A>G;30G>A;45C>T;78C>G;88A>T;89C>T;95A>C;96A>G;114C>G;126G>A],NA,p.[Thr30Phe;Glu32Ala],1.325456281681308,1.2003530608154096,1.4286215003280205
urn:mavedb:00000234-0-1#1227,c.[12T>C;24C>G;45C>T;78C>G;88A>T;89C>T;95A>G;96A>T;105T>C;114C>G;117G>C],NA,p.[Thr30Phe;Glu32Gly],0.9523936451210472,0.8419564557207202,1.1886353535589285
urn:mavedb:00000234-0-1#1228,c.[12T>C;15G>A;21A>G;30G>A;45C>T;69A>G;78C>G;81C>T;88A>T;89C>T;94G>A;95A>T;96A>G;105T>C;111C>T],NA,p.[Thr30Phe;Glu32Met],1.301127753303759,1.1352652596620592,1.3908116342870722
urn:mavedb:00000234-0-1#1229,c.[12T>C;15G>A;27A>G;45C>T;78C>G;88A>T;89C>T;94G>T;95A>G;96A>C;105T>C;114C>G;117G>C;126G>A],NA,p.[Thr30Phe;Glu32Cys],0.8538328657597345,0.5660254207670344,1.2428796174316783
urn:mavedb:00000234-0-1#1230,c.[12T>C;18G>A;24C>G;27A>G;33G>C;39C>T;45C>T;57A>G;78C>G;88A>T;89C>T;94G>C;95A>T;96A>C;105T>C;114C>G],NA,p.[Thr30Phe;Glu32Leu],1.3639620332372997,1.1551350936496882,1.539612472931292
urn:mavedb:00000234-0-1#1231,c.[15G>A;24C>G;27A>G;45C>T;69A>G;88A>T;89C>T;95A>T;96A>T;99G>A;105T>C;108A>G;114C>G],NA,p.[Thr30Phe;Glu32Val],0.9516017400341904,0.8526076802578764,1.0641757319175174
urn:mavedb:00000234-0-1#1232,c.[12T>C;15G>A;24C>G;45C>T;78C>G;88A>T;89C>T;94G>A;95A>T;96A>C;105T>C;114C>G;126G>A],NA,p.[Thr30Phe;Glu32Ile],1.1290710972136695,1.0708735581897,1.225793676206212
urn:mavedb:00000234-0-1#1233,c.[12T>C;15G>A;27A>G;45C>T;78C>G;84C>T;88A>T;89C>T;94G>T;95A>G;96A>G;105T>C;114C>G],NA,p.[Thr30Phe;Glu32Trp],2.0971406566780484,1.941164547058777,2.226214778768393
urn:mavedb:00000234-0-1#1234,c.[15G>A;24C>G;27A>G;45C>T;75G>C;78C>G;88A>T;89C>T;94G>T;96A>C;105T>C;114C>G;126G>A],NA,p.[Thr30Phe;Glu32Tyr],1.3239128870603247,1.2474083639582194,1.4426597392207938
urn:mavedb:00000234-0-1#1235,c.[12T>C;15G>A;18G>A;21A>G;27A>G;45C>T;78C>G;88A>T;89C>T;94G>T;95A>T;96A>C;105T>C;114C>G;126G>A],NA,p.[Thr30Phe;Glu32Phe],1.2262554192790671,1.1104342327846248,1.31145508904049
urn:mavedb:00000234-0-1#1236,c.[3T>C;6T>C;12T>C;18G>A;24C>G;27A>G;39C>T;45C>T;78C>G;88A>T;89C>T;94G>C;95A>C;96A>G;105T>C;108A>G;114C>G],NA,p.[Thr30Phe;Glu32Pro],0.0756232656233312,-0.0487086854073016,0.3954322950312534
urn:mavedb:00000234-0-1#1237,c.[6T>C;12T>C;24C>G;39C>T;45C>T;78C>G;88A>C;90C>G;94G>C;96A>G;105T>C;114C>G],NA,p.[Thr30Pro;Glu32Gln],0.8312617717144138,0.6339057021491609,0.9896571313999878
urn:mavedb:00000234-0-1#1238,c.[3T>C;12T>C;18G>A;21A>G;24C>G;30G>A;45C>T;69A>G;78C>G;88A>C;90C>G;94G>A;96A>C;105T>C;114C>G;126G>A],NA,p.[Thr30Pro;Glu32Asn],0.2662777404904836,0.2215794252397145,0.3118643425480624
urn:mavedb:00000234-0-1#1239,c.[3T>C;6T>C;12T>C;18G>A;24C>G;27A>G;33G>C;51C>T;60C>T;69A>G;78C>G;84C>T;88A>C;90C>G;94G>C;96A>C;102G>T;105T>C],NA,p.[Thr30Pro;Glu32His],0.2257598518631549,0.0656517975398934,0.2909858494688057
urn:mavedb:00000234-0-1#1240,c.[12T>C;15G>A;24C>G;45C>T;78C>G;88A>C;90C>G;96A>C;105T>C;108A>G;114C>G;117G>C],NA,p.[Thr30Pro;Glu32Asp],-0.1498814781821043,-0.3913774969124846,0.0877147897062143
urn:mavedb:00000234-0-1#1241,c.[12T>C;18G>A;21A>G;27A>G;45C>T;78C>G;88A>C;90C>G;94G>C;95A>G;96A>T;105T>C;114C>G],NA,p.[Thr30Pro;Glu32Arg],-0.3555231757857586,-0.4718288898893212,-0.2881298936713368
urn:mavedb:00000234-0-1#1242,c.[12T>C;21A>G;24C>G;27A>G;30G>A;45C>T;78C>G;88A>C;90C>G;94G>A;105T>C;114C>G],NA,p.[Thr30Pro;Glu32Lys],0.0233065340143584,-0.0160822883372289,0.0734881946372325
urn:mavedb:00000234-0-1#1243,c.[12T>C;15G>A;21A>G;30G>A;45C>T;78C>G;88A>C;90C>G;94G>A;95A>C;96A>C;105T>C;126G>A],NA,p.[Thr30Pro;Glu32Thr],0.3741053777014366,0.2391931657608637,0.5369839707259945
urn:mavedb:00000234-0-1#1244,c.[9T>G;15G>A;45C>T;78C>G;88A>C;90C>G;94G>T;95A>C;96A>T;105T>C;114C>G],NA,p.[Thr30Pro;Glu32Ser],0.2915750147555166,0.2106995764306113,0.4091976450246903
urn:mavedb:00000234-0-1#1245,c.[12T>C;18G>A;24C>G;45C>T;88A>C;90C>G;95A>C;96A>G;105T>C;114C>G],NA,p.[Thr30Pro;Glu32Ala],0.3564057692209765,0.2440074063434292,0.484627570624776
urn:mavedb:00000234-0-1#1246,c.[6T>C;9T>G;12T>C;18G>A;24C>G;27A>G;45C>T;78C>G;88A>C;90C>A;95A>G;96A>T;105T>C;114C>G;117G>C;126G>A],NA,p.[Thr30Pro;Glu32Gly],-0.0309470222887064,-0.1052317690513969,0.1024877176989675
urn:mavedb:00000234-0-1#1247,c.[3T>C;6T>C;12T>C;18G>A;24C>G;27A>G;33G>C;45C>T;78C>G;88A>C;90C>G;94G>A;95A>T;96A>G;105T>C;114C>G],NA,p.[Thr30Pro;Glu32Met],-0.0233798323590573,-0.0870009785802634,0.0390605283410466
urn:mavedb:00000234-0-1#1248,c.[3T>C;6T>C;12T>C;18G>A;21A>G;24C>G;30G>A;45C>T;78C>G;88A>C;90C>A;94G>C;95A>T;96A>G;105T>C;114C>G;126G>A],NA,p.[Thr30Pro;Glu32Leu],0.0670702077107051,0.0036140774212741,0.1118393171089199
urn:mavedb:00000234-0-1#1249,c.[3T>C;24C>G;27A>G;33G>C;45C>T;88A>C;90C>G;95A>T;96A>T;105T>C;114C>G;126G>A],NA,p.[Thr30Pro;Glu32Val],0.0329167787913019,-0.04786068109624,0.1381066507307772
urn:mavedb:00000234-0-1#1250,c.[3T>C;9T>G;12T>C;15G>A;21A>G;27A>G;30G>A;45C>T;78C>G;88A>C;90C>G;94G>A;95A>T;96A>C;105T>C],NA,p.[Thr30Pro;Glu32Ile],-0.1961455554622774,-0.2518636436976663,-0.0392046023356734
urn:mavedb:00000234-0-1#1251,c.[12T>C;15G>A;21A>G;30G>A;45C>T;78C>G;88A>C;90C>G;94G>T;95A>G;96A>G;105T>C;114C>G;123C>T;126G>A],NA,p.[Thr30Pro;Glu32Trp],0.2094439496263921,0.0395052883282126,0.3459238368931314
urn:mavedb:00000234-0-1#1252,c.[3T>C;6T>C;12T>C;15G>A;27A>G;45C>T;78C>G;88A>C;90C>G;94G>T;96A>C;105T>C;114C>G],NA,p.[Thr30Pro;Glu32Tyr],-0.130290312745939,-0.2485104388396933,-0.0345864178163696
urn:mavedb:00000234-0-1#1253,c.[3T>C;12T>C;15G>A;21A>G;30G>A;33G>C;45C>T;60C>T;78C>G;88A>C;90C>G;94G>T;95A>T;96A>C;105T>C;114C>G;126G>A],NA,p.[Thr30Pro;Glu32Phe],-0.3177416039673688,-0.4130502840118064,-0.165231657629247
urn:mavedb:00000234-0-1#1254,c.[9T>G;12T>C;15G>A;21A>G;27A>G;30G>A;45C>T;78C>G;88A>C;90C>A;94G>C;95A>C;96A>G;105T>C;114C>G],NA,p.[Thr30Pro;Glu32Pro],-0.2714670543810443,-0.3284678337738403,-0.1665932127626807
urn:mavedb:00000234-0-1#1255,c.[6T>C;12T>C;18G>A;24C>G;27A>G;45C>T;78C>G;82A>C;83C>A;84C>G;97C>G;99G>A;114C>G;120C>T;126G>A],NA,p.[Thr28Gln;Gln33Glu],1.0428468103645936,0.941804753015914,1.2132613210505472
urn:mavedb:00000234-0-1#1256,c.[6T>C;9T>G;21A>G;27A>G;30G>A;45C>T;60C>T;82A>C;83C>A;84C>G;97C>A;99G>C;102G>T;105T>C;114C>G;123C>T;126G>A],NA,p.[Thr28Gln;Gln33Asn],0.8866159090321853,0.8034494668308185,1.0058915069738137
urn:mavedb:00000234-0-1#1257,c.[12T>C;15G>A;21A>G;30G>A;33G>C;45C>T;60C>T;78C>G;82A>C;83C>A;84C>G;99G>C;105T>C;114C>G;126G>A],NA,p.[Thr28Gln;Gln33His],0.7169263466569348,0.4626497857635583,0.9264196521892484
urn:mavedb:00000234-0-1#1258,c.[12T>C;18G>A;21A>G;27A>G;45C>T;78C>G;82A>C;83C>A;84C>G;97C>G;99G>C;105T>C;114C>G],NA,p.[Thr28Gln;Gln33Asp],1.2004585213290442,0.905660368334188,1.321649614176216
urn:mavedb:00000234-0-1#1259,c.[12T>C;18G>A;21A>G;27A>G;45C>T;75G>C;78C>G;82A>C;83C>A;84C>G;98A>G;99G>T;105T>C;114C>G],NA,p.[Thr28Gln;Gln33Arg],1.1821928940291313,0.866168625625151,1.3676658688773105
urn:mavedb:00000234-0-1#1260,c.[12T>C;18G>A;24C>G;45C>T;69A>G;78C>G;82A>C;83C>A;84C>G;97C>G;98A>C;105T>C;114C>G],NA,p.[Thr28Gln;Gln33Ala],1.2916431262614745,1.176758114313322,1.3823993876612732
urn:mavedb:00000234-0-1#1261,c.[6T>C;12T>C;18G>A;21A>G;30G>A;45C>T;78C>G;82A>C;83C>A;84C>G;97C>G;98A>G;99G>T;105T>C;114C>G],NA,p.[Thr28Gln;Gln33Gly],1.185854190176671,0.9620823786964208,1.3819320577938805
urn:mavedb:00000234-0-1#1262,c.[12T>C;21A>G;27A>G;30G>A;33G>C;45C>T;78C>G;82A>C;83C>A;84C>G;97C>A;98A>T;105T>C;114C>G;117G>C;120C>T;123C>T],NA,p.[Thr28Gln;Gln33Met],0.8582835710122261,0.5950727441367085,1.1548938914335336
urn:mavedb:00000234-0-1#1263,c.[12T>C;18G>A;21A>G;24C>G;30G>A;45C>T;57A>G;78C>G;82A>C;83C>A;84C>G;97C>T;98A>G;99G>C;105T>C;114C>G;123C>T],NA,p.[Thr28Gln;Gln33Cys],1.2512428409126786,1.0332962262750185,1.5696688520979596
urn:mavedb:00000234-0-1#1264,c.[3T>C;9T>G;12T>C;15G>A;21A>G;30G>A;45C>T;78C>G;82A>C;83C>A;84C>G;97C>T;98A>G;105T>C;114C>G;117G>C;120C>T;126G>A],NA,p.[Thr28Gln;Gln33Trp],1.008900198825205,0.7904753380038575,1.109943224342946
urn:mavedb:00000234-0-1#1265,c.[3T>C;6T>C;15G>A;27A>G;33G>C;39C>T;45C>T;78C>G;81C>T;82A>C;83C>A;84C>G;97C>T;99G>C;105T>C;114C>G;126G>A],NA,p.[Thr28Gln;Gln33Tyr],0.3541598862014642,0.1822885052094763,0.4650590229878996
urn:mavedb:00000234-0-1#1266,c.[6T>C;18G>A;21A>G;27A>G;33G>C;45C>T;75G>C;78C>G;82A>G;83C>A;84C>A;97C>G;99G>A;105T>C;114C>G;126G>A],NA,p.[Thr28Glu;Gln33Glu],0.8489774945517315,0.7594409900557124,0.9801359740528832
urn:mavedb:00000234-0-1#1267,c.[18G>A;24C>G;45C>T;57A>G;78C>G;82A>G;83C>A;84C>A;97C>G;99G>C;105T>C;111C>T;114C>G;126G>A],NA,p.[Thr28Glu;Gln33Asp],0.9223809857903388,0.8267627897585466,1.105634011013581
urn:mavedb:00000234-0-1#1268,c.[12T>C;18G>A;45C>T;78C>G;82A>G;83C>A;84C>A;97C>A;98A>C;99G>C;105T>C;114C>G],NA,p.[Thr28Glu;Gln33Thr],0.4392543541514444,0.3567956263149789,0.6385647711313652
urn:mavedb:00000234-0-1#1269,c.[12T>C;18G>A;21A>G;27A>G;45C>T;78C>G;82A>G;83C>A;84C>A;97C>T;98A>C;99G>T;105T>C;114C>G;123C>T;126G>A],NA,p.[Thr28Glu;Gln33Ser],0.9764449894487344,0.8826081775521764,1.0439260467553495
urn:mavedb:00000234-0-1#1270,c.[6T>C;12T>C;24C>G;27A>G;45C>T;57A>G;78C>G;82A>G;83C>A;84C>A;97C>A;98A>T;102G>T;105T>C;114C>G;123C>T;126G>A],NA,p.[Thr28Glu;Gln33Met],0.7694338612194318,0.6723262123144834,0.8459111577963204
urn:mavedb:00000234-0-1#1271,c.[6T>C;18G>A;21A>G;24C>G;30G>A;33G>C;45C>T;82A>G;83C>A;84C>A;97C>T;98A>G;99G>C;105T>C;114C>G],NA,p.[Thr28Glu;Gln33Cys],1.4586439591564149,1.332413221284495,1.5669671625571642
urn:mavedb:00000234-0-1#1272,c.[3T>C;12T>C;15G>A;27A>G;45C>T;78C>G;82A>G;83C>A;84C>A;98A>T;105T>C],NA,p.[Thr28Glu;Gln33Leu],0.6548829839304,0.4736005006564289,0.8444753359454902
urn:mavedb:00000234-0-1#1273,c.[3T>C;24C>G;27A>G;45C>T;75G>C;78C>G;81C>T;82A>G;83C>A;84C>A;97C>T;99G>C;105T>C;114C>G;123C>T;126G>A],NA,p.[Thr28Glu;Gln33Tyr],0.481384848076039,0.2657761133243027,0.6143537561228702
urn:mavedb:00000234-0-1#1274,c.[6T>C;12T>C;21A>G;27A>G;30G>A;45C>T;78C>G;82A>G;83C>A;84C>A;97C>T;98A>T;99G>C;105T>C;108A>G;114C>G;117G>C;123C>T;126G>A],NA,p.[Thr28Glu;Gln33Phe],0.5112813110339913,0.4035852680490307,0.662366536078036
urn:mavedb:00000234-0-1#1275,c.[12T>C;15G>A;24C>G;33G>C;45C>T;78C>G;82A>G;83C>A;84C>A;98A>C;105T>C;114C>G;126G>A],NA,p.[Thr28Glu;Gln33Pro],-1.7657760441048984,-2.2682941835301387,-1.2064887211174389
urn:mavedb:00000234-0-1#1276,c.[12T>C;18G>A;21A>G;27A>G;33G>C;45C>T;78C>G;83C>A;97C>A;99G>C;105T>C;114C>G],NA,p.[Thr28Asn;Gln33Asn],1.4271135692002734,1.2612299752155087,1.574205292924786
urn:mavedb:00000234-0-1#1277,c.[3T>C;21A>G;45C>T;83C>A;97C>G;99G>T;105T>C;114C>G;117G>C;126G>A],NA,p.[Thr28Asn;Gln33Asp],2.0575254308958337,1.913716238924952,2.166489609686249
urn:mavedb:00000234-0-1#1278,c.[3T>C;6T>C;12T>C;18G>A;21A>G;30G>A;45C>T;78C>G;83C>A;98A>G;99G>T;105T>C;114C>G;126G>A],NA,p.[Thr28Asn;Gln33Arg],1.2543683186519134,1.1061138624533782,1.3946343972064614
urn:mavedb:00000234-0-1#1279,c.[6T>C;21A>G;45C>T;83C>A;97C>T;98A>C;99G>T;105T>C;114C>G],NA,p.[Thr28Asn;Gln33Ser],1.946310736306212,1.7465644103584337,2.1026919199792338
urn:mavedb:00000234-0-1#1280,c.[3T>C;12T>C;15G>A;24C>G;27A>G;69A>G;78C>G;83C>A;97C>G;98A>C;105T>C;114C>G;117G>C;123C>T],NA,p.[Thr28Asn;Gln33Ala],2.069928161019738,1.9148480955196792,2.270780546972606
urn:mavedb:00000234-0-1#1281,c.[18G>A;24C>G;27A>G;30G>A;45C>T;78C>G;83C>A;97C>A;98A>T;105T>C;114C>G],NA,p.[Thr28Asn;Gln33Met],1.0697647574958542,0.8228752447131348,1.3296634417224775
urn:mavedb:00000234-0-1#1282,c.[12T>C;24C>G;27A>G;45C>T;78C>G;83C>A;97C>T;98A>G;99G>C;105T>C],NA,p.[Thr28Asn;Gln33Cys],1.662596450369562,1.3953665899814889,1.852101147202441
urn:mavedb:00000234-0-1#1283,c.[3T>C;12T>C;24C>G;27A>G;33G>C;45C>T;78C>G;83C>A;87T>C;97C>G;98A>T;99G>T;105T>C;114C>G;126G>A],NA,p.[Thr28Asn;Gln33Val],0.5313616124188014,0.33262549948708,0.7337768787206888
urn:mavedb:00000234-0-1#1284,c.[6T>C;18G>A;21A>G;27A>G;45C>T;78C>G;83C>A;97C>A;98A>T;99G>C;105T>C;114C>G;123C>T],NA,p.[Thr28Asn;Gln33Ile],0.6596381480974236,0.2810892521835007,0.7844932381596573
urn:mavedb:00000234-0-1#1285,c.[12T>C;15G>A;18G>A;24C>G;45C>T;78C>G;83C>A;97C>T;99G>C;105T>C;114C>G],NA,p.[Thr28Asn;Gln33Tyr],1.2141413773855838,1.115771826759098,1.3543368840081165
urn:mavedb:00000234-0-1#1286,c.[3T>C;6T>C;12T>C;18G>A;21A>G;24C>G;30G>A;45C>T;78C>G;83C>A;87T>C;97C>T;98A>T;99G>C;105T>C;108A>G;114C>G],NA,p.[Thr28Asn;Gln33Phe],1.6484108156249508,1.5707492458994423,1.8234698675034229
urn:mavedb:00000234-0-1#1287,c.[12T>C;15G>A;24C>G;27A>G;45C>T;78C>G;81C>T;83C>A;90C>T;98A>C;105T>C;114C>G;126G>A],NA,p.[Thr28Asn;Gln33Pro],-1.4162689725392863,-1.6140473148732644,-1.2900909824222486
urn:mavedb:00000234-0-1#1288,c.[12T>C;15G>A;21A>G;27A>G;30G>A;45C>T;78C>G;82A>C;83C>A;97C>G;99G>A;105T>C;114C>G],NA,p.[Thr28His;Gln33Glu],2.4762652950791395,2.319881136208551,2.710017705869716
urn:mavedb:00000234-0-1#1289,c.[3T>C;6T>C;9T>G;12T>C;15G>A;21A>G;27A>G;30G>A;39C>T;45C>T;78C>G;82A>C;83C>A;84C>T;97C>A;99G>C;105T>C;114C>G;123C>T],NA,p.[Thr28His;Gln33Asn],1.2588227832548695,1.0751568950363344,1.4698598753759018
urn:mavedb:00000234-0-1#1290,c.[6T>C;12T>C;30G>A;45C>T;78C>G;82A>C;83C>A;98A>G;99G>T;105T>C;114C>G;123C>T],NA,p.[Thr28His;Gln33Arg],1.9152704338675424,1.68506835367389,2.036822045164992
urn:mavedb:00000234-0-1#1291,c.[9T>G;12T>C;18G>A;24C>G;27A>G;45C>T;78C>G;82A>C;83C>A;97C>A;98A>C;99G>T;105T>C;114C>G;117G>C],NA,p.[Thr28His;Gln33Thr],1.5362952680591584,1.3951088471071582,1.6925793963332425
urn:mavedb:00000234-0-1#1292,c.[6T>C;12T>C;18G>A;24C>G;27A>G;39C>T;45C>T;82A>C;83C>A;97C>A;98A>T;105T>C;114C>G],NA,p.[Thr28His;Gln33Met],1.841939412570309,1.4898732323084196,2.2573701825216017
urn:mavedb:00000234-0-1#1293,c.[3T>C;12T>C;18G>A;21A>G;27A>G;45C>T;78C>G;82A>C;83C>A;97C>T;98A>G;99G>C;105T>C],NA,p.[Thr28His;Gln33Cys],2.0042730066523444,1.8316724739266568,2.203368969672157
urn:mavedb:00000234-0-1#1294,c.[3T>C;6T>C;12T>C;18G>A;21A>G;27A>G;45C>T;78C>G;82A>C;83C>A;98A>T;114C>G],NA,p.[Thr28His;Gln33Leu],2.3499945750187408,2.155041000441251,2.5086670358753835
urn:mavedb:00000234-0-1#1295,c.[3T>C;6T>C;12T>C;18G>A;45C>T;78C>G;82A>C;83C>A;97C>A;98A>T;99G>C;105T>C;114C>G],NA,p.[Thr28His;Gln33Ile],1.3391619809230493,1.171662254302836,1.51787125820521
urn:mavedb:00000234-0-1#1296,c.[12T>C;18G>A;24C>G;27A>G;33G>C;45C>T;82A>C;83C>A;97C>T;98A>G;105T>C;114C>G],NA,p.[Thr28His;Gln33Trp],1.5197820676612426,1.3233817082760069,1.6568643251532251
urn:mavedb:00000234-0-1#1297,c.[12T>C;15G>A;21A>G;30G>A;33G>C;45C>T;78C>G;82A>C;83C>A;97C>T;99G>C;105T>C;114C>G;123C>T],NA,p.[Thr28His;Gln33Tyr],1.0641586851124818,0.8056589214982381,1.2909335046178276
urn:mavedb:00000234-0-1#1298,c.[12T>C;21A>G;39C>T;45C>T;63G>T;69A>G;78C>G;82A>C;83C>A;98A>C;105T>C;114C>G;123C>T],NA,p.[Thr28His;Gln33Pro],-0.3120828549061538,-0.4213591856444019,-0.223473705151135
urn:mavedb:00000234-0-1#1299,c.[12T>C;18G>A;21A>G;27A>G;45C>T;78C>G;82A>G;83C>A;97C>G;99G>A;105T>C;108A>G;114C>G;126G>A],NA,p.[Thr28Asp;Gln33Glu],-1.5240425354845877,-1.8272775731033,-1.2017263392573831
urn:mavedb:00000234-0-1#1300,c.[12T>C;18G>A;21A>G;27A>G;33G>C;45C>T;57A>G;78C>G;82A>G;83C>A;99G>C;102G>T;105T>C;114C>G;120C>T;126G>A],NA,p.[Thr28Asp;Gln33His],0.1239231818632311,-0.0365510075033385,0.2446469469836338
urn:mavedb:00000234-0-1#1301,c.[12T>C;18G>A;24C>G;45C>T;78C>G;82A>G;83C>A;98A>G;99G>T;105T>C;114C>G;117G>C],NA,p.[Thr28Asp;Gln33Arg],0.3924202671608386,0.3023449150485076,0.6064729557246783
urn:mavedb:00000234-0-1#1302,c.[6T>C;9T>G;21A>G;27A>G;30G>A;45C>T;48C>T;69A>G;75G>C;82A>G;83C>A;97C>G;98A>C;105T>C;114C>G],NA,p.[Thr28Asp;Gln33Ala],0.6470278868239364,0.5004514953746809,0.792405151113868
urn:mavedb:00000234-0-1#1303,c.[12T>C;18G>A;21A>G;27A>G;45C>T;78C>G;82A>G;83C>A;97C>G;98A>G;99G>T;105T>C;114C>G;126G>A],NA,p.[Thr28Asp;Gln33Gly],1.0727654726288658,0.9070702456036032,1.2889415307920171
urn:mavedb:00000234-0-1#1304,c.[9T>G;12T>C;15G>A;21A>G;30G>A;45C>T;78C>G;82A>G;83C>A;97C>T;98A>G;99G>C;105T>C;114C>G],NA,p.[Thr28Asp;Gln33Cys],1.397271426567423,1.0162327281443857,1.6401195953727972
urn:mavedb:00000234-0-1#1305,c.[12T>C;18G>A;21A>G;27A>G;45C>T;78C>G;82A>G;83C>A;98A>T;105T>C;114C>G],NA,p.[Thr28Asp;Gln33Leu],6.279278749610814e-05,-0.1673365336124293,0.1714632788075723
urn:mavedb:00000234-0-1#1306,c.[3T>C;12T>C;21A>G;45C>T;78C>G;82A>G;83C>A;97C>G;98A>T;99G>T;105T>C;114C>G;123C>T],NA,p.[Thr28Asp;Gln33Val],-0.0172040430792825,-0.2287519324649487,0.2409445948452148
urn:mavedb:00000234-0-1#1307,c.[12T>C;18G>A;24C>G;27A>G;45C>T;78C>G;82A>G;83C>A;97C>T;99G>C;105T>C;114C>G],NA,p.[Thr28Asp;Gln33Tyr],0.4521750188088427,0.3121332777164884,0.5568172939007597
urn:mavedb:00000234-0-1#1308,c.[3T>C;12T>C;15G>A;24C>G;45C>T;78C>G;82A>G;83C>A;97C>T;98A>T;99G>C;105T>C;114C>G],NA,p.[Thr28Asp;Gln33Phe],0.4507702337669775,0.1741056563328726,0.5479313296857198
urn:mavedb:00000234-0-1#1309,c.[6T>C;9T>G;45C>T;75G>C;78C>G;82A>G;83C>A;98A>C;105T>C;114C>G],NA,p.[Thr28Asp;Gln33Pro],-0.7202833498967312,-1.0581174588263982,0.0696480200585435
urn:mavedb:00000234-0-1#1310,c.[15G>A;21A>G;33G>C;39C>T;45C>T;78C>G;82A>C;83C>G;97C>A;99G>C;114C>G],NA,p.[Thr28Arg;Gln33Asn],0.2913897432140737,0.1452004080702569,0.4503872229819545
urn:mavedb:00000234-0-1#1311,c.[12T>C;18G>A;21A>G;27A>G;45C>T;57A>G;78C>G;82A>C;83C>G;84C>T;99G>C;105T>C;114C>G;126G>A],NA,p.[Thr28Arg;Gln33His],0.657408951187952,0.5889142725744742,0.7866002286091245
urn:mavedb:00000234-0-1#1312,c.[6T>C;12T>C;18G>A;33G>C;45C>T;82A>C;83C>G;84C>T;98A>G;99G>T;105T>C;108A>G;114C>G],NA,p.[Thr28Arg;Gln33Arg],1.3561592818339214,1.1520626683917343,1.6290884405804742
urn:mavedb:00000234-0-1#1313,c.[3T>C;18G>A;24C>G;33G>C;45C>T;69A>G;78C>G;82A>C;83C>G;97C>A;99G>A;105T>C;114C>G],NA,p.[Thr28Arg;Gln33Lys],1.2617515397369976,1.0653319952424476,1.6543480538725852
urn:mavedb:00000234-0-1#1314,c.[3T>C;6T>C;12T>C;15G>A;24C>G;27A>G;39C>T;45C>T;78C>G;82A>C;83C>G;84C>T;97C>T;98A>C;99G>T;105T>C;114C>G],NA,p.[Thr28Arg;Gln33Ser],1.3572267009529346,1.127416801497386,1.6455412460638934
urn:mavedb:00000234-0-1#1315,c.[12T>C;15G>A;24C>G;45C>T;78C>G;82A>C;83C>G;84C>T;97C>T;98A>G;99G>C;105T>C;114C>G],NA,p.[Thr28Arg;Gln33Cys],1.1875409550681622,1.0159195352420818,1.311928329015388
urn:mavedb:00000234-0-1#1316,c.[3T>C;6T>C;12T>C;15G>A;24C>G;27A>G;45C>T;82A>C;83C>G;84C>T;98A>T;105T>C;114C>G;123C>T],NA,p.[Thr28Arg;Gln33Leu],1.6995370547692286,1.0904425519976708,1.850879263352657
urn:mavedb:00000234-0-1#1317,c.[6T>C;15G>A;18G>A;21A>G;24C>G;30G>A;33G>C;45C>T;60C>T;78C>G;81C>T;82A>C;83C>G;84C>T;97C>G;98A>T;105T>C;114C>G;123C>T;126G>A],NA,p.[Thr28Arg;Gln33Val],0.5832176323520482,0.4375230248307084,0.7558309815698299
urn:mavedb:00000234-0-1#1318,c.[9T>G;12T>C;15G>A;24C>G;27A>G;45C>T;78C>G;82A>C;83C>G;84C>T;97C>T;99G>C;114C>G],NA,p.[Thr28Arg;Gln33Tyr],-0.2307299205658881,-0.436621034932972,-0.1206239058984882
urn:mavedb:00000234-0-1#1319,c.[12T>C;18G>A;24C>G;33G>C;45C>T;63G>T;78C>G;82A>C;83C>G;84C>T;98A>C;105T>C;114C>G;126G>A],NA,p.[Thr28Arg;Gln33Pro],-0.476801001787577,-0.587483615689325,-0.3240284635442503
urn:mavedb:00000234-0-1#1320,c.[3T>C;12T>C;15G>A;27A>G;33G>C;45C>T;78C>G;83C>A;84C>A;97C>G;99G>A;105T>C;114C>G],NA,p.[Thr28Lys;Gln33Glu],1.74909602076447,1.6281845464118914,1.8582271867116384
urn:mavedb:00000234-0-1#1321,c.[3T>C;12T>C;18G>A;24C>G;27A>G;30G>A;33G>C;45C>T;78C>G;83C>A;84C>A;97C>A;99G>C;105T>C;114C>G;123C>T],NA,p.[Thr28Lys;Gln33Asn],0.7361682182567628,0.6475835899494861,0.8612056626778761
urn:mavedb:00000234-0-1#1322,c.[3T>C;9T>G;15G>A;24C>G;30G>A;45C>T;78C>G;83C>A;84C>A;99G>T;105T>C;114C>G;120C>T;123C>T],NA,p.[Thr28Lys;Gln33His],0.8599973843443185,0.7726311546872345,0.9859114174057192
urn:mavedb:00000234-0-1#1323,c.[6T>C;24C>G;27A>G;45C>T;75G>C;78C>G;83C>A;84C>A;97C>G;99G>C;105T>C;114C>G;126G>A],NA,p.[Thr28Lys;Gln33Asp],0.914249845954668,0.4176373768623502,1.3461379019086737
urn:mavedb:00000234-0-1#1324,c.[3T>C;12T>C;15G>A;24C>G;45C>T;78C>G;83C>A;84C>A;98A>G;99G>T;102G>T;105T>C;114C>G],NA,p.[Thr28Lys;Gln33Arg],0.8926422533034246,0.6638821131807802,1.079817271920908
urn:mavedb:00000234-0-1#1325,c.[12T>C;15G>A;21A>G;27A>G;30G>A;45C>T;78C>G;83C>A;84C>A;97C>A;99G>A;105T>C;108A>G;114C>G;123C>T],NA,p.[Thr28Lys;Gln33Lys],0.8456905118877298,0.6785518854977194,0.9816045328452088
urn:mavedb:00000234-0-1#1326,c.[6T>C;12T>C;18G>A;21A>G;24C>G;30G>A;45C>T;78C>G;83C>A;84C>A;97C>A;98A>C;99G>C;105T>C;114C>G;120C>T;123C>T],NA,p.[Thr28Lys;Gln33Thr],0.6231361778448912,0.5548293292786293,0.7553502367318135
urn:mavedb:00000234-0-1#1327,c.[12T>C;21A>G;45C>T;48C>T;69A>G;75G>C;78C>G;83C>A;84C>A;97C>G;98A>C;99G>T;105T>C;108A>G;114C>G],NA,p.[Thr28Lys;Gln33Ala],1.554478967912483,1.307680936610408,1.7973467991935714
urn:mavedb:00000234-0-1#1328,c.[12T>C;18G>A;21A>G;27A>G;33G>C;45C>T;72G>T;78C>G;83C>A;84C>A;97C>A;98A>T;105T>C;114C>G;117G>C;123C>T;126G>A],NA,p.[Thr28Lys;Gln33Met],0.7675177662317001,0.572158035740053,0.9282405147885732
urn:mavedb:00000234-0-1#1329,c.[9T>G;12T>C;18G>A;45C>T;63G>T;78C>G;83C>A;84C>A;98A>T;105T>C;114C>G],NA,p.[Thr28Lys;Gln33Leu],0.8646282040476971,0.3834419135155316,1.778724421300231
urn:mavedb:00000234-0-1#1330,c.[15G>A;33G>C;45C>T;78C>G;83C>A;84C>A;97C>A;98A>T;99G>C;105T>C;114C>G;126G>A],NA,p.[Thr28Lys;Gln33Ile],0.8815020287866162,0.7494228433093074,0.9489107161476156
urn:mavedb:00000234-0-1#1331,c.[3T>C;6T>C;12T>C;21A>G;45C>T;78C>G;83C>A;84C>A;97C>T;98A>T;99G>C;105T>C;114C>G],NA,p.[Thr28Lys;Gln33Phe],0.3244083233445848,0.2249270518840182,0.4158434474629973
urn:mavedb:00000234-0-1#1332,c.[15G>A;24C>G;27A>G;45C>T;78C>G;82A>T;84C>T;97C>G;99G>A;105T>C;114C>G],NA,p.[Thr28Ser;Gln33Glu],2.793588644812244,2.667026585950649,2.9964615516814783
urn:mavedb:00000234-0-1#1333,c.[12T>C;18G>A;21A>G;27A>G;45C>T;78C>G;82A>T;84C>T;87T>C;96A>G;97C>A;99G>C;105T>C;114C>G;126G>A],NA,p.[Thr28Ser;Gln33Asn],1.1907730370586274,1.057709780298448,1.3038508823207324
urn:mavedb:00000234-0-1#1334,c.[12T>C;18G>A;21A>G;27A>G;33G>C;45C>T;57A>G;75G>C;78C>G;82A>T;84C>T;99G>T;105T>C;114C>G;123C>T],NA,p.[Thr28Ser;Gln33His],1.4210301390399869,1.30832776170663,1.4798578780837874
urn:mavedb:00000234-0-1#1335,c.[9T>G;21A>G;45C>T;75G>C;78C>G;82A>T;97C>T;98A>C;99G>T;105T>C;114C>G],NA,p.[Thr28Ser;Gln33Ser],1.5369449863406524,1.3284608018856274,1.7306874585811094
urn:mavedb:00000234-0-1#1336,c.[9T>G;12T>C;21A>G;27A>G;30G>A;33G>C;45C>T;78C>G;82A>T;84C>T;97C>A;98A>T;105T>C;114C>G;120C>T;126G>A],NA,p.[Thr28Ser;Gln33Met],2.0905171226114057,1.8915436980439555,2.218701859869052
urn:mavedb:00000234-0-1#1337,c.[12T>C;18G>A;21A>G;27A>G;45C>T;78C>G;82A>T;84C>T;97C>T;98A>G;99G>C;105T>C;114C>G;123C>T],NA,p.[Thr28Ser;Gln33Cys],1.97372257921386,1.80824796914874,2.1311378823654272
urn:mavedb:00000234-0-1#1338,c.[12T>C;21A>G;45C>T;78C>G;82A>T;84C>T;98A>T;105T>C;114C>G],NA,p.[Thr28Ser;Gln33Leu],1.8601673049887493,1.7121993036920686,1.990619349092137
urn:mavedb:00000234-0-1#1339,c.[12T>C;15G>A;24C>G;27A>G;45C>T;78C>G;82A>T;84C>T;97C>A;98A>T;99G>C;105T>C;114C>G],NA,p.[Thr28Ser;Gln33Ile],0.9307791837519368,0.7893875794084197,1.11512583073335
urn:mavedb:00000234-0-1#1340,c.[3T>C;6T>C;12T>C;15G>A;18G>A;21A>G;27A>G;30G>A;45C>T;78C>G;82A>T;84C>T;97C>T;98A>G;105T>C;114C>G;126G>A],NA,p.[Thr28Ser;Gln33Trp],1.2315453722131813,1.0639174146585708,1.3100729313404074
urn:mavedb:00000234-0-1#1341,c.[3T>C;21A>G;45C>T;82A>T;84C>T;97C>T;99G>C;114C>G],NA,p.[Thr28Ser;Gln33Tyr],1.441757689756911,1.2828043874163344,1.6746391899984634
urn:mavedb:00000234-0-1#1342,c.[12T>C;15G>A;24C>G;27A>G;33G>C;45C>T;78C>G;82A>T;84C>T;97C>T;98A>T;99G>C;105T>C;114C>G],NA,p.[Thr28Ser;Gln33Phe],1.252772104731786,1.059415321609788,1.4901968137631287
urn:mavedb:00000234-0-1#1343,c.[3T>C;9T>G;12T>C;21A>G;27A>G;30G>A;45C>T;75G>C;78C>G;82A>T;84C>T;98A>C;105T>C;114C>G;120C>T;123C>T;126G>A],NA,p.[Thr28Ser;Gln33Pro],-1.1918476555603776,-1.3825638198784616,-0.8184654815336222
urn:mavedb:00000234-0-1#1344,c.[3T>C;12T>C;15G>A;21A>G;27A>G;30G>A;45C>T;78C>G;82A>G;84C>G;97C>G;99G>A;105T>C;114C>G],NA,p.[Thr28Ala;Gln33Glu],2.165908883892036,1.955138352633501,2.3382233565055413
urn:mavedb:00000234-0-1#1345,c.[9T>G;24C>G;27A>G;39C>T;45C>T;82A>G;84C>G;97C>A;99G>C;105T>C;114C>G;117G>C;126G>A],NA,p.[Thr28Ala;Gln33Asn],1.0965229045861866,0.9716533806407556,1.241618322828774
urn:mavedb:00000234-0-1#1346,c.[6T>C;18G>A;21A>G;27A>G;45C>T;57A>G;60C>T;78C>G;82A>G;84C>G;90C>T;99G>C;114C>G],NA,p.[Thr28Ala;Gln33His],1.0520781765322007,0.7637693876856267,1.3087554777473218
urn:mavedb:00000234-0-1#1347,c.[12T>C;18G>A;24C>G;27A>G;33G>C;45C>T;78C>G;82A>G;84C>G;97C>G;99G>C;105T>C;126G>A],NA,p.[Thr28Ala;Gln33Asp],1.6868095143196276,1.545083230553793,1.7896733475708264
urn:mavedb:00000234-0-1#1348,c.[12T>C;18G>A;24C>G;27A>G;33G>C;45C>T;75G>C;78C>G;82A>G;84C>G;98A>G;99G>T;105T>C;114C>G],NA,p.[Thr28Ala;Gln33Arg],1.2936995793374382,1.183898044981034,1.4228566996182828
urn:mavedb:00000234-0-1#1349,c.[12T>C;18G>A;21A>G;24C>G;30G>A;45C>T;78C>G;82A>G;84C>G;97C>T;98A>C;99G>T;105T>C;114C>G],NA,p.[Thr28Ala;Gln33Ser],1.2643386530641485,0.9454091609024476,1.4797127492152906
urn:mavedb:00000234-0-1#1350,c.[12T>C;18G>A;21A>G;24C>G;30G>A;33G>C;45C>T;63G>T;78C>G;81C>T;82A>G;84C>G;97C>G;98A>G;99G>T;102G>T;105T>C;126G>A],NA,p.[Thr28Ala;Gln33Gly],1.7404882456173023,1.556617870036047,1.892792706667274
urn:mavedb:00000234-0-1#1351,c.[12T>C;15G>A;24C>G;27A>G;45C>T;78C>G;82A>G;84C>G;97C>A;98A>T;99G>C;105T>C;114C>G;126G>A],NA,p.[Thr28Ala;Gln33Ile],0.9952848773754024,0.873284289041028,1.0572366386934196
urn:mavedb:00000234-0-1#1352,c.[12T>C;18G>A;21A>G;27A>G;45C>T;78C>G;82A>G;84C>G;97C>T;99G>C;105T>C;114C>G;123C>T;126G>A],NA,p.[Thr28Ala;Gln33Tyr],0.5607689944402678,0.4327883690590456,0.6417502846348868
urn:mavedb:00000234-0-1#1353,c.[15G>A;21A>G;27A>G;30G>A;45C>T;78C>G;82A>G;84C>G;97C>T;98A>T;99G>C;105T>C;108A>G;114C>G],NA,p.[Thr28Ala;Gln33Phe],1.1032016667121936,0.9377131112065386,1.2818007333275827
urn:mavedb:00000234-0-1#1354,c.[21A>G;45C>T;75G>C;78C>G;82A>G;83C>G;84C>T;97C>A;99G>C;105T>C;114C>G;126G>A],NA,p.[Thr28Gly;Gln33Asn],0.97466013192192,0.8459169404374374,1.059968130069867
urn:mavedb:00000234-0-1#1355,c.[3T>C;12T>C;18G>A;21A>G;30G>A;45C>T;69A>G;78C>G;82A>G;83C>G;84C>T;98A>G;99G>T;105T>C],NA,p.[Thr28Gly;Gln33Arg],1.1323321281352134,0.9680164591100509,1.2549307216026118
urn:mavedb:00000234-0-1#1356,c.[6T>C;12T>C;15G>A;18G>A;45C>T;78C>G;82A>G;83C>G;84C>T;97C>A;99G>A;105T>C;114C>G],NA,p.[Thr28Gly;Gln33Lys],1.2328285440650568,1.0092464978364368,1.4037119484519802
urn:mavedb:00000234-0-1#1357,c.[3T>C;21A>G;27A>G;30G>A;45C>T;72G>T;78C>G;82A>G;83C>G;84C>T;97C>G;98A>C;105T>C;114C>G],NA,p.[Thr28Gly;Gln33Ala],1.1230383644221091,1.0016883070196554,1.2170737967114562
urn:mavedb:00000234-0-1#1358,c.[18G>A;21A>G;27A>G;45C>T;78C>G;82A>G;83C>G;84C>T;97C>T;98A>G;99G>C;105T>C;114C>G;120C>T;123C>T],NA,p.[Thr28Gly;Gln33Cys],1.087933349026623,0.9007508885757716,1.2687868011508396
urn:mavedb:00000234-0-1#1359,c.[12T>C;15G>A;24C>G;27A>G;33G>C;45C>T;57A>G;69A>G;78C>G;82A>G;83C>G;84C>T;98A>T;105T>C;114C>G],NA,p.[Thr28Gly;Gln33Leu],0.970192323543352,0.6662768967261848,1.1769466169448823
urn:mavedb:00000234-0-1#1360,c.[18G>A;24C>G;27A>G;30G>A;45C>T;75G>C;78C>G;82A>G;83C>G;84C>T;97C>A;98A>T;99G>C;105T>C;114C>G;117G>C],NA,p.[Thr28Gly;Gln33Ile],0.7224941300299006,0.5808916486277537,0.908445579562786
urn:mavedb:00000234-0-1#1361,c.[12T>C;18G>A;24C>G;39C>T;45C>T;48C>T;63G>T;78C>G;82A>G;83C>G;84C>T;90C>T;96A>G;97C>T;98A>G;105T>C;108A>G;114C>G;126G>A],NA,p.[Thr28Gly;Gln33Trp],1.305542574666864,1.061316451960345,1.417055193184717
urn:mavedb:00000234-0-1#1362,c.[3T>C;12T>C;21A>G;45C>T;75G>C;78C>G;82A>G;83C>G;84C>T;96A>G;97C>T;99G>C;105T>C;114C>G],NA,p.[Thr28Gly;Gln33Tyr],0.9161532283520256,0.5111852783766611,1.0827837263301825
urn:mavedb:00000234-0-1#1363,c.[3T>C;9T>G;12T>C;15G>A;24C>G;27A>G;45C>T;78C>G;82A>G;83C>G;84C>T;97C>T;98A>T;99G>C;105T>C;108A>G;114C>G],NA,p.[Thr28Gly;Gln33Phe],0.9915516715519516,0.7270476656173209,1.203433885045875
urn:mavedb:00000234-0-1#1364,c.[12T>C;18G>A;21A>G;27A>G;45C>T;78C>G;82A>G;83C>G;84C>T;98A>C;105T>C;114C>G;117G>C;120C>T;126G>A],NA,p.[Thr28Gly;Gln33Pro],-0.3428435051914176,-0.4174659955663119,-0.2712279494950818
urn:mavedb:00000234-0-1#1365,c.[6T>C;12T>C;15G>A;21A>G;30G>A;45C>T;78C>G;83C>T;84C>G;97C>G;99G>A;105T>C;114C>G;126G>A],NA,p.[Thr28Met;Gln33Glu],1.8452866850680256,1.474908465171954,2.043148431418066
urn:mavedb:00000234-0-1#1366,c.[3T>C;6T>C;9T>G;12T>C;15G>A;18G>A;21A>G;27A>G;33G>C;45C>T;78C>G;83C>T;84C>G;97C>A;99G>C;105T>C;114C>G],NA,p.[Thr28Met;Gln33Asn],0.8093335567926836,0.6759714569154066,0.925292452033942
urn:mavedb:00000234-0-1#1367,c.[12T>C;18G>A;24C>G;33G>C;45C>T;57A>G;63G>T;83C>T;84C>G;99G>C;114C>G],NA,p.[Thr28Met;Gln33His],1.2430832927852775,0.8486042911161497,1.3658088813745308
urn:mavedb:00000234-0-1#1368,c.[3T>C;12T>C;24C>G;45C>T;78C>G;83C>T;84C>G;98A>G;99G>T;105T>C;114C>G],NA,p.[Thr28Met;Gln33Arg],0.9273780947404132,0.7573301793071309,1.2345724157259583
urn:mavedb:00000234-0-1#1369,c.[3T>C;24C>G;27A>G;45C>T;75G>C;78C>G;83C>T;84C>G;97C>A;99G>A;102G>T;105T>C;114C>G;120C>T;126G>A],NA,p.[Thr28Met;Gln33Lys],1.3033588624568906,1.1441664318246905,1.5036102105868754
urn:mavedb:00000234-0-1#1370,c.[3T>C;12T>C;18G>A;21A>G;27A>G;33G>C;39C>T;45C>T;51C>T;78C>G;83C>T;84C>G;97C>A;98A>C;99G>C;105T>C;114C>G],NA,p.[Thr28Met;Gln33Thr],0.8536404715442676,0.7251739579719088,1.0208295185279874
urn:mavedb:00000234-0-1#1371,c.[3T>C;12T>C;18G>A;21A>G;27A>G;45C>T;78C>G;83C>T;84C>G;97C>T;98A>C;99G>T;105T>C;114C>G;120C>T;123C>T;126G>A],NA,p.[Thr28Met;Gln33Ser],1.1229074008989472,0.9239968939119412,1.2603067800679093
urn:mavedb:00000234-0-1#1372,c.[12T>C;18G>A;21A>G;27A>G;45C>T;69A>G;78C>G;83C>T;84C>G;97C>G;98A>C;105T>C;114C>G;126G>A],NA,p.[Thr28Met;Gln33Ala],1.7525252281085886,1.539736358941511,2.050323715566261
urn:mavedb:00000234-0-1#1373,c.[12T>C;24C>G;27A>G;39C>T;45C>T;78C>G;83C>T;84C>G;97C>G;98A>G;99G>T;105T>C;114C>G;126G>A],NA,p.[Thr28Met;Gln33Gly],1.1481953651430017,0.8895477408413448,1.2864418439891383
urn:mavedb:00000234-0-1#1374,c.[3T>C;6T>C;12T>C;24C>G;27A>G;45C>T;78C>G;83C>T;84C>G;98A>T;105T>C;114C>G;123C>T],NA,p.[Thr28Met;Gln33Leu],1.6979132743343588,1.376963868941625,2.0997358770679653
urn:mavedb:00000234-0-1#1375,c.[6T>C;21A>G;33G>C;45C>T;63G>T;83C>T;84C>G;97C>A;98A>T;99G>C;105T>C;111C>T;114C>G],NA,p.[Thr28Met;Gln33Ile],1.171281857907542,0.9589823052874464,1.5546818819534676
urn:mavedb:00000234-0-1#1376,c.[12T>C;15G>A;18G>A;21A>G;27A>G;30G>A;33G>C;45C>T;72G>T;78C>G;83C>T;84C>G;97C>T;99G>C;105T>C;117G>C;126G>A],NA,p.[Thr28Met;Gln33Tyr],0.5450578348122455,0.476091331924707,0.7039415126029854
urn:mavedb:00000234-0-1#1377,c.[12T>C;18G>A;24C>G;27A>G;45C>T;78C>G;83C>T;84C>G;97C>T;98A>T;99G>C;105T>C;114C>G;123C>T],NA,p.[Thr28Met;Gln33Phe],1.0367605477214326,0.911505578640652,1.167374386842792
urn:mavedb:00000234-0-1#1378,c.[12T>C;18G>A;21A>G;27A>G;45C>T;78C>G;83C>T;84C>G;98A>C;114C>G;126G>A],NA,p.[Thr28Met;Gln33Pro],0.3977937846839486,0.3174793336121512,0.451684899622146
urn:mavedb:00000234-0-1#1379,c.[3T>C;12T>C;24C>G;45C>T;78C>G;82A>T;83C>G;97C>A;99G>C;114C>G;126G>A],NA,p.[Thr28Cys;Gln33Asn],1.1393911104967502,0.813609068223037,1.8069599939341487
urn:mavedb:00000234-0-1#1380,c.[3T>C;6T>C;12T>C;21A>G;45C>T;57A>G;63G>T;69A>G;78C>G;82A>T;83C>G;99G>C;105T>C;114C>G;120C>T;123C>T;126G>A],NA,p.[Thr28Cys;Gln33His],1.7996058200701253,1.6227184423795604,2.057377809858014
urn:mavedb:00000234-0-1#1381,c.[3T>C;9T>G;24C>G;27A>G;45C>T;82A>T;83C>G;97C>G;99G>C;114C>G;126G>A],NA,p.[Thr28Cys;Gln33Asp],2.371368264896917,2.129223524523286,2.593337951412192
urn:mavedb:00000234-0-1#1382,c.[6T>C;18G>A;24C>G;27A>G;45C>T;69A>G;82A>T;83C>G;98A>G;99G>T;105T>C;108A>G;114C>G;120C>T;126G>A],NA,p.[Thr28Cys;Gln33Arg],2.166510213997357,2.113460126224957,2.222479754607737
urn:mavedb:00000234-0-1#1383,c.[3T>C;12T>C;21A>G;45C>T;69A>G;78C>G;82A>T;83C>G;97C>G;98A>C;105T>C;114C>G;126G>A],NA,p.[Thr28Cys;Gln33Ala],2.449538920593465,2.2796467173448725,2.5341822338079347
urn:mavedb:00000234-0-1#1384,c.[6T>C;12T>C;21A>G;45C>T;78C>G;82A>T;83C>G;97C>G;98A>G;99G>T;105T>C;114C>G;126G>A],NA,p.[Thr28Cys;Gln33Gly],2.0176890333734825,1.900509641666284,2.1311177283406595
urn:mavedb:00000234-0-1#1385,c.[12T>C;18G>A;21A>G;27A>G;45C>T;78C>G;82A>T;83C>G;97C>A;98A>T;105T>C;114C>G],NA,p.[Thr28Cys;Gln33Met],2.248871757122334,2.1420876364126635,2.336179643889306
urn:mavedb:00000234-0-1#1386,c.[9T>G;12T>C;15G>A;24C>G;33G>C;45C>T;78C>G;82A>T;83C>G;97C>G;98A>T;99G>T;105T>C;114C>G;126G>A],NA,p.[Thr28Cys;Gln33Val],1.257985033350221,0.9196578647954988,1.83201703519208
urn:mavedb:00000234-0-1#1387,c.[12T>C;18G>A;45C>T;78C>G;82A>T;83C>G;96A>G;97C>T;99G>C;105T>C;114C>G;123C>T;126G>A],NA,p.[Thr28Cys;Gln33Tyr],1.741998017816358,1.5182879320642653,1.945111138592252
urn:mavedb:00000234-0-1#1388,c.[6T>C;12T>C;18G>A;21A>G;24C>G;30G>A;33G>C;39C>T;45C>T;57A>G;60C>T;78C>G;82A>T;83C>G;98A>C;99G>A;105T>C;114C>G;126G>A],NA,p.[Thr28Cys;Gln33Pro],0.6484356062371279,0.5398757272737431,0.7397876448537769
urn:mavedb:00000234-0-1#1389,c.[6T>C;12T>C;18G>A;21A>G;30G>A;45C>T;78C>G;82A>C;83C>T;84C>G;97C>G;99G>A;105T>C;114C>G],NA,p.[Thr28Leu;Gln33Glu],1.5698164318208043,1.3713038077184525,1.8800930058331764
urn:mavedb:00000234-0-1#1390,c.[12T>C;18G>A;21A>G;24C>G;30G>A;33G>C;45C>T;78C>G;82A>C;83C>T;84C>G;97C>A;99G>C;105T>C;108A>G;114C>G;123C>T],NA,p.[Thr28Leu;Gln33Asn],0.1771761881065329,0.0771859921448019,0.2592678462424662
urn:mavedb:00000234-0-1#1391,c.[12T>C;15G>A;21A>G;27A>G;30G>A;45C>T;57A>G;63G>T;78C>G;82A>C;83C>T;84C>G;99G>C;105T>C;114C>G],NA,p.[Thr28Leu;Gln33His],0.6196289737779743,0.4595793866282107,0.7468043915594128
urn:mavedb:00000234-0-1#1392,c.[12T>C;15G>A;18G>A;21A>G;27A>G;33G>C;45C>T;60C>T;78C>G;82A>C;83C>T;98A>G;99G>T;105T>C;114C>G;126G>A],NA,p.[Thr28Leu;Gln33Arg],1.2574420249348988,0.889782935769427,1.4553730153119404
urn:mavedb:00000234-0-1#1393,c.[6T>C;12T>C;18G>A;21A>G;24C>G;30G>A;45C>T;63G>T;78C>G;82A>C;83C>T;84C>G;97C>A;98A>C;99G>C;114C>G;123C>T;126G>A],NA,p.[Thr28Leu;Gln33Thr],0.7126813857762341,0.3266026866784432,1.0737592995722651
urn:mavedb:00000234-0-1#1394,c.[12T>C;21A>G;27A>G;30G>A;45C>T;78C>G;82A>C;83C>T;97C>G;98A>C;105T>C;114C>G],NA,p.[Thr28Leu;Gln33Ala],1.4969581202037752,1.1480849050148705,1.8009116066116049
urn:mavedb:00000234-0-1#1395,c.[3T>C;24C>G;27A>G;45C>T;82A>C;83C>T;84C>G;97C>G;98A>T;99G>T;105T>C;114C>G;126G>A],NA,p.[Thr28Leu;Gln33Val],0.073074577861208,-0.0029909093159265,0.3253976486171815
urn:mavedb:00000234-0-1#1396,c.[3T>C;6T>C;12T>C;15G>A;24C>G;45C>T;78C>G;82A>C;83C>T;84C>G;97C>T;98A>G;114C>G;123C>T;126G>A],NA,p.[Thr28Leu;Gln33Trp],1.027448078124232,0.8848028144154658,1.1535849098554962
urn:mavedb:00000234-0-1#1397,c.[12T>C;15G>A;18G>A;21A>G;27A>G;30G>A;45C>T;48C>T;78C>G;82A>C;83C>T;96A>G;97C>T;99G>C;105T>C;114C>G;120C>T],NA,p.[Thr28Leu;Gln33Tyr],0.719452987111377,0.4994850104120707,0.8311302408166791
urn:mavedb:00000234-0-1#1398,c.[15G>A;21A>G;33G>C;45C>T;78C>G;82A>C;83C>T;84C>G;97C>T;98A>T;99G>C;105T>C;114C>G],NA,p.[Thr28Leu;Gln33Phe],0.1787394401893474,0.0700434265999312,0.2864331247458555
urn:mavedb:00000234-0-1#1399,c.[12T>C;15G>A;24C>G;27A>G;45C>T;78C>G;82A>C;83C>T;84C>G;98A>C;105T>C;114C>G;126G>A],NA,p.[Thr28Leu;Gln33Pro],-0.1204021251305091,-0.5144225254678744,0.1693403849750827
urn:mavedb:00000234-0-1#1400,c.[6T>C;18G>A;21A>G;27A>G;30G>A;45C>T;51C>T;78C>G;82A>G;83C>T;84C>T;97C>A;99G>C;105T>C;114C>G;126G>A],NA,p.[Thr28Val;Gln33Asn],0.8271893587550718,0.6716294253096132,0.9924319669363796
urn:mavedb:00000234-0-1#1401,c.[9T>G;12T>C;18G>A;21A>G;27A>G;78C>G;82A>G;83C>T;84C>G;97C>G;99G>C;105T>C;111C>T;126G>A],NA,p.[Thr28Val;Gln33Asp],1.139459351227629,1.0171268482179332,1.2852947085834574
urn:mavedb:00000234-0-1#1402,c.[12T>C;18G>A;21A>G;24C>G;30G>A;45C>T;78C>G;82A>G;83C>T;84C>T;97C>A;99G>A;105T>C;126G>A],NA,p.[Thr28Val;Gln33Lys],1.561485489661688,1.396527074105368,1.7796345876330797
urn:mavedb:00000234-0-1#1403,c.[3T>C;12T>C;18G>A;21A>G;24C>G;30G>A;33G>C;39C>T;45C>T;54T>C;57A>G;78C>G;82A>G;83C>T;84C>T;90C>T;97C>A;98A>C;99G>C;102G>T;105T>C;114C>G;120C>T],NA,p.[Thr28Val;Gln33Thr],0.8525644605718952,0.6011208264227963,0.9245457634462392
urn:mavedb:00000234-0-1#1404,c.[12T>C;15G>A;21A>G;27A>G;30G>A;45C>T;75G>C;78C>G;82A>G;83C>T;84C>T;97C>T;98A>C;99G>T;105T>C;111C>T;114C>G],NA,p.[Thr28Val;Gln33Ser],1.0832268246853536,0.9440813761895812,1.3426650363068398
urn:mavedb:00000234-0-1#1405,c.[21A>G;33G>C;45C>T;72G>T;78C>G;82A>G;83C>T;84C>T;97C>G;98A>G;99G>T;105T>C;114C>G],NA,p.[Thr28Val;Gln33Gly],1.2404727381593834,1.0144881819559144,1.4758045058772085
urn:mavedb:00000234-0-1#1406,c.[3T>C;12T>C;18G>A;21A>G;27A>G;45C>T;78C>G;82A>G;83C>T;84C>T;97C>T;98A>G;99G>C;105T>C;114C>G],NA,p.[Thr28Val;Gln33Cys],1.356073906220226,1.2416468407468884,1.491958516544573
urn:mavedb:00000234-0-1#1407,c.[12T>C;18G>A;21A>G;27A>G;45C>T;78C>G;82A>G;83C>T;84C>T;98A>T;105T>C;114C>G],NA,p.[Thr28Val;Gln33Leu],1.1902740469799995,1.0589063003750714,1.279519358844097
urn:mavedb:00000234-0-1#1408,c.[3T>C;12T>C;15G>A;18G>A;21A>G;27A>G;30G>A;33G>C;45C>T;75G>C;78C>G;82A>G;83C>T;84C>T;97C>G;98A>T;99G>T;105T>C;114C>G;126G>A],NA,p.[Thr28Val;Gln33Val],0.0547177160000693,-0.0182317606040332,0.1917615674360923
urn:mavedb:00000234-0-1#1409,c.[9T>G;12T>C;18G>A;21A>G;27A>G;45C>T;78C>G;82A>G;83C>T;84C>T;97C>T;99G>C;105T>C;114C>G;126G>A],NA,p.[Thr28Val;Gln33Tyr],0.735440172681991,0.6405448855755849,0.8146972170563475
urn:mavedb:00000234-0-1#1410,c.[12T>C;15G>A;18G>A;21A>G;27A>G;30G>A;45C>T;78C>G;82A>G;83C>T;84C>T;97C>T;98A>T;99G>C;105T>C;114C>G],NA,p.[Thr28Val;Gln33Phe],1.4457544871479435,1.270778175117946,1.6189067924600644
urn:mavedb:00000234-0-1#1411,c.[6T>C;12T>C;15G>A;18G>A;21A>G;24C>G;30G>A;33G>C;45C>T;78C>G;83C>T;97C>A;99G>C;105T>C;114C>G;126G>A],NA,p.[Thr28Ile;Gln33Asn],0.7295587847153772,0.4016048085433262,0.8541187712986981
urn:mavedb:00000234-0-1#1412,c.[3T>C;6T>C;18G>A;27A>G;30G>A;45C>T;78C>G;83C>T;97C>G;99G>C;105T>C;114C>G;126G>A],NA,p.[Thr28Ile;Gln33Asp],0.8902396830967014,0.7575197955625314,1.0199256396328849
urn:mavedb:00000234-0-1#1413,c.[12T>C;21A>G;27A>G;30G>A;45C>T;78C>G;83C>T;98A>G;99G>T;105T>C;114C>G;126G>A],NA,p.[Thr28Ile;Gln33Arg],0.7215801880177123,0.2471732229021058,1.0123778832884045
urn:mavedb:00000234-0-1#1414,c.[9T>G;12T>C;18G>A;24C>G;27A>G;30G>A;45C>T;75G>C;78C>G;83C>T;97C>A;99G>A;105T>C;126G>A],NA,p.[Thr28Ile;Gln33Lys],1.321127202772589,1.027806362442675,1.6544456318762406
urn:mavedb:00000234-0-1#1415,c.[6T>C;12T>C;24C>G;27A>G;45C>T;78C>G;83C>T;97C>A;98A>C;99G>C;105T>C;126G>A],NA,p.[Thr28Ile;Gln33Thr],0.6410550378031121,0.4379420595963844,0.8241353710183427
urn:mavedb:00000234-0-1#1416,c.[12T>C;18G>A;27A>G;45C>T;78C>G;83C>T;97C>T;98A>C;99G>T;105T>C;108A>G;114C>G;126G>A],NA,p.[Thr28Ile;Gln33Ser],0.8470192587222358,0.7396493512743997,0.9528672240312756
urn:mavedb:00000234-0-1#1417,c.[12T>C;18G>A;21A>G;24C>G;30G>A;45C>T;69A>G;78C>G;83C>T;97C>G;98A>C;105T>C;114C>G],NA,p.[Thr28Ile;Gln33Ala],1.3802718902927322,1.1758230827494116,1.564083954777539
urn:mavedb:00000234-0-1#1418,c.[9T>G;12T>C;18G>A;21A>G;27A>G;33G>C;45C>T;78C>G;83C>T;84C>T;87T>C;97C>G;98A>G;99G>T;105T>C;114C>G;126G>A],NA,p.[Thr28Ile;Gln33Gly],0.8869038689305787,0.6908379380280742,1.0671969663013186
urn:mavedb:00000234-0-1#1419,c.[3T>C;6T>C;9T>G;12T>C;24C>G;27A>G;45C>T;78C>G;83C>T;97C>T;98A>G;99G>C;105T>C;114C>G],NA,p.[Thr28Ile;Gln33Cys],1.4240085345798632,0.9892062446619004,2.066673717370191
urn:mavedb:00000234-0-1#1420,c.[3T>C;6T>C;12T>C;18G>A;45C>T;63G>T;78C>G;83C>T;98A>T;105T>C;114C>G],NA,p.[Thr28Ile;Gln33Leu],1.1916996895470855,1.0438423127940757,1.3809252675603572
urn:mavedb:00000234-0-1#1421,c.[6T>C;12T>C;18G>A;24C>G;27A>G;45C>T;78C>G;83C>T;97C>G;98A>T;99G>T;102G>T;105T>C;114C>G;126G>A],NA,p.[Thr28Ile;Gln33Val],0.2639583874715872,0.0476798188099134,0.4586127724062446
urn:mavedb:00000234-0-1#1422,c.[12T>C;18G>A;24C>G;27A>G;33G>C;39C>T;45C>T;78C>G;83C>T;97C>T;98A>G;105T>C;108A>G;114C>G],NA,p.[Thr28Ile;Gln33Trp],0.6178848065231455,0.3964606834613349,0.8142139795537348
urn:mavedb:00000234-0-1#1423,c.[3T>C;6T>C;12T>C;18G>A;21A>G;27A>G;45C>T;78C>G;83C>T;97C>T;99G>C;105T>C;114C>G],NA,p.[Thr28Ile;Gln33Tyr],0.3361828386845307,0.1453953438143332,0.5303987617388916
urn:mavedb:00000234-0-1#1424,c.[9T>G;12T>C;15G>A;21A>G;27A>G;30G>A;33G>C;45C>T;78C>G;83C>T;97C>T;98A>T;99G>C;105T>C;114C>G;126G>A],NA,p.[Thr28Ile;Gln33Phe],-0.7141044378214375,-0.9292141380029376,-0.32896211058064
urn:mavedb:00000234-0-1#1425,c.[3T>C;21A>G;33G>C;45C>T;83C>T;98A>C;105T>C;114C>G;123C>T],NA,p.[Thr28Ile;Gln33Pro],-0.0920703695148746,-0.2367207106003055,0.0246566565153008
urn:mavedb:00000234-0-1#1426,c.[6T>C;12T>C;15G>A;24C>G;45C>T;69A>G;78C>G;82A>T;83C>G;84C>G;97C>A;99G>T;105T>C;114C>G],NA,p.[Thr28Trp;Gln33Asn],0.9728365322689736,0.7745061416314122,1.2614013087445148
urn:mavedb:00000234-0-1#1427,c.[6T>C;12T>C;15G>A;21A>G;30G>A;45C>T;57A>G;78C>G;82A>T;83C>G;84C>G;99G>C;105T>C;114C>G],NA,p.[Thr28Trp;Gln33His],1.2480456067037993,1.1438674761334946,1.339937654259331
urn:mavedb:00000234-0-1#1428,c.[9T>G;24C>G;30G>A;45C>T;69A>G;82A>T;83C>G;84C>G;97C>G;99G>C;105T>C;114C>G;126G>A],NA,p.[Thr28Trp;Gln33Asp],1.7340375621707282,1.6548645037889511,1.876604295905376
urn:mavedb:00000234-0-1#1429,c.[15G>A;21A>G;45C>T;78C>G;82A>T;83C>G;84C>G;97C>A;99G>A;105T>C;114C>G;126G>A],NA,p.[Thr28Trp;Gln33Lys],2.0265426796067385,1.80181593193138,2.15965509511889
urn:mavedb:00000234-0-1#1430,c.[9T>G;12T>C;15G>A;18G>A;21A>G;27A>G;45C>T;78C>G;82A>T;83C>G;84C>G;97C>T;98A>C;99G>T;105T>C;111C>T;114C>G],NA,p.[Thr28Trp;Gln33Ser],1.2882084397198792,0.8865723891055103,1.996909122367156
urn:mavedb:00000234-0-1#1431,c.[12T>C;15G>A;24C>G;45C>T;78C>G;82A>T;83C>G;84C>G;96A>G;97C>G;98A>C;105T>C;108A>G;114C>G;123C>T;126G>A],NA,p.[Thr28Trp;Gln33Ala],2.0896589456046857,1.9621182967739923,2.238797529477371
urn:mavedb:00000234-0-1#1432,c.[12T>C;21A>G;30G>A;33G>C;45C>T;78C>G;82A>T;83C>G;84C>G;97C>G;98A>G;99G>T;105T>C;114C>G],NA,p.[Thr28Trp;Gln33Gly],1.2876193161009803,0.994357854928542,1.4221225823996366
urn:mavedb:00000234-0-1#1433,c.[6T>C;12T>C;18G>A;24C>G;27A>G;45C>T;78C>G;82A>T;83C>G;84C>G;87T>C;97C>A;98A>T;105T>C;114C>G],NA,p.[Thr28Trp;Gln33Met],2.036293208478773,1.8083001452808976,2.294304696753318
urn:mavedb:00000234-0-1#1434,c.[12T>C;18G>A;21A>G;27A>G;39C>T;45C>T;78C>G;82A>T;83C>G;84C>G;97C>T;98A>G;99G>C;105T>C;114C>G],NA,p.[Thr28Trp;Gln33Cys],1.6943285335121083,1.482452734783308,1.908795780713712
urn:mavedb:00000234-0-1#1435,c.[12T>C;21A>G;33G>C;45C>T;78C>G;82A>T;83C>G;84C>G;97C>G;98A>T;99G>T;105T>C],NA,p.[Thr28Trp;Gln33Val],1.1938553880820932,0.8245443601548382,1.38024106524131
urn:mavedb:00000234-0-1#1436,c.[3T>C;6T>C;12T>C;15G>A;21A>G;27A>G;30G>A;33G>C;45C>T;75G>C;78C>G;82A>T;83C>G;84C>G;97C>T;98A>G;105T>C;114C>G;117G>C;123C>T],NA,p.[Thr28Trp;Gln33Trp],1.5292002139380698,1.140625965255007,1.657321626960893
urn:mavedb:00000234-0-1#1437,c.[12T>C;18G>A;21A>G;27A>G;39C>T;45C>T;78C>G;82A>T;83C>G;84C>G;96A>G;97C>T;99G>C;105T>C;114C>G],NA,p.[Thr28Trp;Gln33Tyr],1.042921855561599,0.8010306487889284,1.1550226535439252
urn:mavedb:00000234-0-1#1438,c.[3T>C;9T>G;15G>A;21A>G;45C>T;78C>G;82A>T;83C>G;84C>G;97C>T;98A>T;99G>C;105T>C;114C>G],NA,p.[Thr28Trp;Gln33Phe],1.4273823992303316,1.2681841320074665,1.6778319595740316
urn:mavedb:00000234-0-1#1439,c.[12T>C;18G>A;21A>G;27A>G;45C>T;78C>G;82A>T;83C>G;84C>G;98A>C;105T>C;114C>G],NA,p.[Thr28Trp;Gln33Pro],0.287267870810064,0.1906209079275261,0.5176344543990133
urn:mavedb:00000234-0-1#1440,c.[12T>C;15G>A;21A>G;27A>G;30G>A;45C>T;78C>G;82A>T;83C>A;97C>A;99G>C;105T>C;114C>G],NA,p.[Thr28Tyr;Gln33Asn],1.9677053985174937,1.8246841186627256,2.2124883900938306
urn:mavedb:00000234-0-1#1441,c.[3T>C;6T>C;21A>G;45C>T;57A>G;63G>T;82A>T;83C>A;99G>C;105T>C;126G>A],NA,p.[Thr28Tyr;Gln33His],1.6955478510581643,1.4568212875067637,1.9079619066836828
urn:mavedb:00000234-0-1#1442,c.[3T>C;18G>A;24C>G;45C>T;75G>C;78C>G;82A>T;83C>A;97C>A;98A>C;99G>C;105T>C;108A>G;114C>G;117G>C;123C>T;126G>A],NA,p.[Thr28Tyr;Gln33Thr],1.636876666424333,1.3176369208583305,1.872503226570596
urn:mavedb:00000234-0-1#1443,c.[6T>C;12T>C;15G>A;21A>G;27A>G;30G>A;45C>T;48C>T;78C>G;82A>T;83C>A;97C>T;98A>C;99G>T;105T>C;114C>G;123C>T],NA,p.[Thr28Tyr;Gln33Ser],1.3062326216179805,0.9448588145642368,1.7397915014382912
urn:mavedb:00000234-0-1#1444,c.[3T>C;12T>C;18G>A;21A>G;27A>G;33G>C;45C>T;78C>G;82A>T;83C>A;97C>G;98A>G;99G>T;105T>C],NA,p.[Thr28Tyr;Gln33Gly],2.221722907277349,2.094417368515772,2.337369680884826
urn:mavedb:00000234-0-1#1445,c.[3T>C;12T>C;15G>A;24C>G;27A>G;39C>T;45C>T;78C>G;82A>T;83C>A;97C>A;98A>T;105T>C;114C>G],NA,p.[Thr28Tyr;Gln33Met],1.956481365340005,1.4603337722375842,2.18408022564775
urn:mavedb:00000234-0-1#1446,c.[3T>C;21A>G;45C>T;75G>C;78C>G;82A>T;83C>A;97C>T;98A>G;99G>C;105T>C;114C>G;120C>T;126G>A],NA,p.[Thr28Tyr;Gln33Cys],2.333457731945791,1.7549865268967122,2.6671889826327546
urn:mavedb:00000234-0-1#1447,c.[21A>G;33G>C;45C>T;82A>T;83C>A;84C>T;90C>T;98A>T;105T>C;114C>G;123C>T],NA,p.[Thr28Tyr;Gln33Leu],2.4782964979817086,2.2829492991276865,2.7312176145835467
urn:mavedb:00000234-0-1#1448,c.[12T>C;18G>A;45C>T;78C>G;82A>T;83C>A;97C>A;98A>T;99G>C;102G>T;105T>C;114C>G;126G>A],NA,p.[Thr28Tyr;Gln33Ile],1.209532287384351,1.1530586716018516,1.299635209560303
urn:mavedb:00000234-0-1#1449,c.[12T>C;24C>G;33G>C;45C>T;78C>G;82A>T;83C>A;97C>T;98A>G;105T>C;114C>G;123C>T],NA,p.[Thr28Tyr;Gln33Trp],1.4101665612522338,1.193495410476238,1.6262114908039884
urn:mavedb:00000234-0-1#1450,c.[3T>C;9T>G;12T>C;15G>A;21A>G;27A>G;30G>A;33G>C;45C>T;60C>T;78C>G;82A>T;83C>A;97C>T;99G>C;105T>C;114C>G;126G>A],NA,p.[Thr28Tyr;Gln33Tyr],1.1941043835198606,1.0284324295690896,1.3089297558240338
urn:mavedb:00000234-0-1#1451,c.[6T>C;18G>A;21A>G;27A>G;33G>C;45C>T;78C>G;82A>T;83C>A;97C>T;98A>T;99G>C;105T>C;111C>T;114C>G;123C>T],NA,p.[Thr28Tyr;Gln33Phe],1.4657335920150762,1.2884692123498658,1.633008850763236
urn:mavedb:00000234-0-1#1452,c.[3T>C;9T>G;15G>A;21A>G;45C>T;78C>G;82A>T;83C>A;98A>C;105T>C;114C>G],NA,p.[Thr28Tyr;Gln33Pro],0.9701535157259502,0.8021200549499855,1.1095218870730637
urn:mavedb:00000234-0-1#1453,c.[3T>C;6T>C;12T>C;18G>A;21A>G;27A>G;33G>C;45C>T;78C>G;81C>T;82A>T;83C>T;97C>A;99G>C;105T>C;114C>G],NA,p.[Thr28Phe;Gln33Asn],1.4896363351440849,1.3078655586050674,1.6101707956185525
urn:mavedb:00000234-0-1#1454,c.[12T>C;18G>A;21A>G;30G>A;45C>T;57A>G;78C>G;82A>T;83C>T;99G>C;105T>C;114C>G;126G>A],NA,p.[Thr28Phe;Gln33His],1.468721022387683,1.3008523062770692,1.599218192941041
urn:mavedb:00000234-0-1#1455,c.[12T>C;21A>G;45C>T;78C>G;82A>T;83C>T;96A>G;97C>G;99G>C;105T>C;114C>G],NA,p.[Thr28Phe;Gln33Asp],2.6596976534047814,2.4399161502486058,2.785033933182355
urn:mavedb:00000234-0-1#1456,c.[12T>C;18G>A;21A>G;24C>G;30G>A;33G>C;45C>T;78C>G;82A>T;83C>T;98A>G;99G>T;105T>C;114C>G],NA,p.[Thr28Phe;Gln33Arg],2.1709276062532687,2.0782024427612105,2.287990563557795
urn:mavedb:00000234-0-1#1457,c.[3T>C;12T>C;15G>A;24C>G;27A>G;45C>T;78C>G;82A>T;83C>T;97C>A;99G>A;105T>C;126G>A],NA,p.[Thr28Phe;Gln33Lys],2.2588450773392155,2.138806811127256,2.398080024795879
urn:mavedb:00000234-0-1#1458,c.[12T>C;15G>A;24C>G;45C>T;78C>G;82A>T;83C>T;97C>A;98A>C;99G>C;114C>G],NA,p.[Thr28Phe;Gln33Thr],1.8468814246032,1.4914220900690822,2.094943746351864
urn:mavedb:00000234-0-1#1459,c.[3T>C;12T>C;24C>G;45C>T;78C>G;82A>T;83C>T;97C>T;98A>C;99G>C;105T>C;108A>G;114C>G;123C>T;126G>A],NA,p.[Thr28Phe;Gln33Ser],2.361953073318014,2.2324297870842247,2.507847605529212
urn:mavedb:00000234-0-1#1460,c.[12T>C;18G>A;21A>G;27A>G;45C>T;63G>T;78C>G;82A>T;83C>T;96A>G;97C>G;98A>C;99G>T;105T>C;114C>G],NA,p.[Thr28Phe;Gln33Ala],2.593809712328768,2.1896091041557133,3.363970180045257
urn:mavedb:00000234-0-1#1461,c.[12T>C;18G>A;45C>T;78C>G;82A>T;83C>T;97C>G;98A>G;99G>T;102G>T;105T>C;114C>G;126G>A],NA,p.[Thr28Phe;Gln33Gly],2.205032480157956,1.9705103443929843,2.462742219985855
urn:mavedb:00000234-0-1#1462,c.[9T>G;24C>G;27A>G;33G>C;45C>T;75G>C;78C>G;82A>T;83C>T;97C>A;98A>T;111C>T;114C>G;126G>A],NA,p.[Thr28Phe;Gln33Met],2.2781877117569644,2.1383085692070454,2.400813820890833
urn:mavedb:00000234-0-1#1463,c.[12T>C;18G>A;21A>G;30G>A;33G>C;45C>T;78C>G;82A>T;83C>T;97C>A;98A>T;99G>C;105T>C],NA,p.[Thr28Phe;Gln33Ile],1.4708556978853702,1.312325808896566,1.735001068897737
urn:mavedb:00000234-0-1#1464,c.[6T>C;9T>G;24C>G;27A>G;39C>T;45C>T;82A>T;83C>T;97C>T;98A>G;105T>C;114C>G;123C>T],NA,p.[Thr28Phe;Gln33Trp],1.6094053423434298,1.4391603568713276,1.755343766363214
urn:mavedb:00000234-0-1#1465,c.[12T>C;24C>G;27A>G;33G>C;39C>T;45C>T;63G>T;78C>G;82A>T;83C>T;98A>C;105T>C;114C>G;117G>C],NA,p.[Thr28Phe;Gln33Pro],0.4051116669501282,0.2532986952118105,0.5156231034833108
urn:mavedb:00000234-0-1#1466,c.[6T>C;12T>C;24C>G;45C>T;78C>G;82A>C;84C>G;97C>G;99G>A;105T>C;126G>A],NA,p.[Thr28Pro;Gln33Glu],0.253886220647367,0.1842580384732443,0.3891306472256665
urn:mavedb:00000234-0-1#1467,c.[6T>C;9T>G;12T>C;15G>A;21A>G;30G>A;45C>T;75G>C;78C>G;82A>C;84C>G;96A>G;99G>C;105T>C;114C>G;123C>T;126G>A],NA,p.[Thr28Pro;Gln33His],-0.252990199187587,-0.4314430496167731,-0.078963751336337
urn:mavedb:00000234-0-1#1468,c.[3T>C;12T>C;18G>A;21A>G;27A>G;39C>T;45C>T;78C>G;82A>C;84C>G;97C>G;99G>C;105T>C;114C>G;117G>C;120C>T;126G>A],NA,p.[Thr28Pro;Gln33Asp],0.0998912935259639,-0.1535184557560151,0.2562350297962678
urn:mavedb:00000234-0-1#1469,c.[6T>C;12T>C;15G>A;24C>G;27A>G;33G>C;45C>T;51C>T;78C>G;82A>C;84C>G;98A>G;99G>T;105T>C;114C>G],NA,p.[Thr28Pro;Gln33Arg],-2.631015376452815,-2.830936816987738,-2.156128012325876
urn:mavedb:00000234-0-1#1470,c.[12T>C;15G>A;24C>G;33G>C;45C>T;78C>G;82A>C;84C>G;97C>T;98A>C;99G>T;102G>T;105T>C;114C>G],NA,p.[Thr28Pro;Gln33Ser],0.6615322129620307,0.4495199231513184,0.8455440083043139
urn:mavedb:00000234-0-1#1471,c.[3T>C;12T>C;18G>A;24C>G;27A>G;45C>T;78C>G;82A>C;84C>G;97C>G;98A>G;99G>T;105T>C;114C>G;123C>T;126G>A],NA,p.[Thr28Pro;Gln33Gly],0.1246168288558364,-0.0497099954671907,0.1838672628647087
urn:mavedb:00000234-0-1#1472,c.[3T>C;12T>C;24C>G;27A>G;45C>T;78C>G;82A>C;84C>G;87T>C;97C>T;98A>G;105T>C;114C>G;123C>T;126G>A],NA,p.[Thr28Pro;Gln33Trp],1.2416357989306714,0.8876363859881353,1.3872062814183097
urn:mavedb:00000234-0-1#1473,c.[3T>C;9T>G;12T>C;18G>A;21A>G;27A>G;45C>T;63G>T;78C>G;82A>C;84C>G;97C>T;99G>C;105T>C;114C>G;123C>T],NA,p.[Thr28Pro;Gln33Tyr],0.757040866224427,0.5817459959440813,0.8780422114442828
urn:mavedb:00000234-0-1#1474,c.[6T>C;12T>C;18G>A;21A>G;30G>A;45C>T;60C>T;75G>C;78C>G;82A>C;84C>G;97C>T;98A>T;99G>C;102G>T;105T>C;114C>G;126G>A],NA,p.[Thr28Pro;Gln33Phe],1.101631758273983,0.8283657560091787,1.3854189407497206
