gene,protein_reference_id,wt,ref_pos,mut,score_value,score_kind,assay_id,assay_type,supervision_tier,is_direct_ndd,default_sample_weight,source,n_conditions,ddG_spread
S8754_1SS8,S8754_1SS8,K,3,E,1.2999999999999998,ddG,s8754_ddg,stability,F_STABILITY_FIELD_TEACHER,0,1.0,"S8754 ddG (sign-flipped to project convention); TEACHER ONLY, never benchmarked",1,0.0
S8754_1SS8,S8754_1SS8,D,472,C,0.0,ddG,s8754_ddg,stability,F_STABILITY_FIELD_TEACHER,0,1.0,"S8754 ddG (sign-flipped to project convention); TEACHER ONLY, never benchmarked",1,0.0
S8754_1SS8,S8754_1SS8,D,522,K,1.1,ddG,s8754_ddg,stability,F_STABILITY_FIELD_TEACHER,0,1.0,"S8754 ddG (sign-flipped to project convention); TEACHER ONLY, never benchmarked",1,0.0
S8754_1MSI,S8754_1MSI,R,24,A,0.89,ddG,s8754_ddg,stability,F_STABILITY_FIELD_TEACHER,0,1.0,"S8754 ddG (sign-flipped to project convention); TEACHER ONLY, never benchmarked",1,0.0
S8754_1MSI,S8754_1MSI,E,26,A,0.09,ddG,s8754_ddg,stability,F_STABILITY_FIELD_TEACHER,0,1.0,"S8754 ddG (sign-flipped to project convention); TEACHER ONLY, never benchmarked",1,0.0
S8754_1MSI,S8754_1MSI,D,37,A,-0.3,ddG,s8754_ddg,stability,F_STABILITY_FIELD_TEACHER,0,1.0,"S8754 ddG (sign-flipped to project convention); TEACHER ONLY, never benchmarked",1,0.0
S8754_1MSI,S8754_1MSI,R,40,A,0.8,ddG,s8754_ddg,stability,F_STABILITY_FIELD_TEACHER,0,1.0,"S8754 ddG (sign-flipped to project convention); TEACHER ONLY, never benchmarked",1,0.0
S8754_1MSI,S8754_1MSI,R,48,A,0.74,ddG,s8754_ddg,stability,F_STABILITY_FIELD_TEACHER,0,1.0,"S8754 ddG (sign-flipped to project convention); TEACHER ONLY, never benchmarked",1,0.0
S8754_1MSI,S8754_1MSI,D,59,N,0.2,ddG,s8754_ddg,stability,F_STABILITY_FIELD_TEACHER,0,1.0,"S8754 ddG (sign-flipped to project convention); TEACHER ONLY, never benchmarked",1,0.0
S8754_1YYJ,S8754_1YYJ,L,3,A,1.6,ddG,s8754_ddg,stability,F_STABILITY_FIELD_TEACHER,0,1.0,"S8754 ddG (sign-flipped to project convention); TEACHER ONLY, never benchmarked",1,0.0
S8754_1YYJ,S8754_1YYJ,W,7,M,0.85,ddG,s8754_ddg,stability,F_STABILITY_FIELD_TEACHER,0,1.0,"S8754 ddG (sign-flipped to project convention); TEACHER ONLY, never benchmarked",1,0.0
S8754_1YYJ,S8754_1YYJ,L,10,A,1.86,ddG,s8754_ddg,stability,F_STABILITY_FIELD_TEACHER,0,1.0,"S8754 ddG (sign-flipped to project convention); TEACHER ONLY, never benchmarked",1,0.0
S8754_1YYJ,S8754_1YYJ,L,14,A,1.92,ddG,s8754_ddg,stability,F_STABILITY_FIELD_TEACHER,0,1.0,"S8754 ddG (sign-flipped to project convention); TEACHER ONLY, never benchmarked",1,0.0
S8754_1YYJ,S8754_1YYJ,K,15,A,0.2,ddG,s8754_ddg,stability,F_STABILITY_FIELD_TEACHER,0,1.0,"S8754 ddG (sign-flipped to project convention); TEACHER ONLY, never benchmarked",1,0.0
S8754_1YYJ,S8754_1YYJ,I,17,A,1.3,ddG,s8754_ddg,stability,F_STABILITY_FIELD_TEACHER,0,1.0,"S8754 ddG (sign-flipped to project convention); TEACHER ONLY, never benchmarked",1,0.0
S8754_1YYJ,S8754_1YYJ,E,18,A,-1.3,ddG,s8754_ddg,stability,F_STABILITY_FIELD_TEACHER,0,1.0,"S8754 ddG (sign-flipped to project convention); TEACHER ONLY, never benchmarked",1,0.0
S8754_1YYJ,S8754_1YYJ,A,20,G,1.97,ddG,s8754_ddg,stability,F_STABILITY_FIELD_TEACHER,0,1.0,"S8754 ddG (sign-flipped to project convention); TEACHER ONLY, never benchmarked",1,0.0
S8754_1YYJ,S8754_1YYJ,A,23,G,2.38,ddG,s8754_ddg,stability,F_STABILITY_FIELD_TEACHER,0,1.0,"S8754 ddG (sign-flipped to project convention); TEACHER ONLY, never benchmarked",1,0.0
S8754_1YYJ,S8754_1YYJ,K,27,A,0.17,ddG,s8754_ddg,stability,F_STABILITY_FIELD_TEACHER,0,1.0,"S8754 ddG (sign-flipped to project convention); TEACHER ONLY, never benchmarked",1,0.0
S8754_1YYJ,S8754_1YYJ,K,27,G,1.0,ddG,s8754_ddg,stability,F_STABILITY_FIELD_TEACHER,0,1.0,"S8754 ddG (sign-flipped to project convention); TEACHER ONLY, never benchmarked",1,0.0
S8754_1YYJ,S8754_1YYJ,L,30,A,2.83,ddG,s8754_ddg,stability,F_STABILITY_FIELD_TEACHER,0,1.0,"S8754 ddG (sign-flipped to project convention); TEACHER ONLY, never benchmarked",1,0.0
S8754_1YYJ,S8754_1YYJ,M,33,A,2.97,ddG,s8754_ddg,stability,F_STABILITY_FIELD_TEACHER,0,1.0,"S8754 ddG (sign-flipped to project convention); TEACHER ONLY, never benchmarked",1,0.0
S8754_1YYJ,S8754_1YYJ,R,34,A,2.25,ddG,s8754_ddg,stability,F_STABILITY_FIELD_TEACHER,0,1.0,"S8754 ddG (sign-flipped to project convention); TEACHER ONLY, never benchmarked",1,0.0
S8754_1YYJ,S8754_1YYJ,R,34,G,3.26,ddG,s8754_ddg,stability,F_STABILITY_FIELD_TEACHER,0,1.0,"S8754 ddG (sign-flipped to project convention); TEACHER ONLY, never benchmarked",1,0.0
S8754_1YYJ,S8754_1YYJ,A,36,G,2.61,ddG,s8754_ddg,stability,F_STABILITY_FIELD_TEACHER,0,1.0,"S8754 ddG (sign-flipped to project convention); TEACHER ONLY, never benchmarked",1,0.0
S8754_1YYJ,S8754_1YYJ,A,37,G,4.15,ddG,s8754_ddg,stability,F_STABILITY_FIELD_TEACHER,0,1.0,"S8754 ddG (sign-flipped to project convention); TEACHER ONLY, never benchmarked",1,0.0
S8754_1YYJ,S8754_1YYJ,L,38,G,1.44,ddG,s8754_ddg,stability,F_STABILITY_FIELD_TEACHER,0,1.0,"S8754 ddG (sign-flipped to project convention); TEACHER ONLY, never benchmarked",1,0.0
S8754_1YYJ,S8754_1YYJ,A,40,G,1.41,ddG,s8754_ddg,stability,F_STABILITY_FIELD_TEACHER,0,1.0,"S8754 ddG (sign-flipped to project convention); TEACHER ONLY, never benchmarked",1,0.0
S8754_1YYJ,S8754_1YYJ,L,48,A,3.73,ddG,s8754_ddg,stability,F_STABILITY_FIELD_TEACHER,0,1.0,"S8754 ddG (sign-flipped to project convention); TEACHER ONLY, never benchmarked",1,0.0
S8754_1YYJ,S8754_1YYJ,K,51,G,1.32,ddG,s8754_ddg,stability,F_STABILITY_FIELD_TEACHER,0,1.0,"S8754 ddG (sign-flipped to project convention); TEACHER ONLY, never benchmarked",1,0.0
S8754_1YYJ,S8754_1YYJ,M,58,A,2.91,ddG,s8754_ddg,stability,F_STABILITY_FIELD_TEACHER,0,1.0,"S8754 ddG (sign-flipped to project convention); TEACHER ONLY, never benchmarked",1,0.0
S8754_1YYJ,S8754_1YYJ,F,61,A,4.52,ddG,s8754_ddg,stability,F_STABILITY_FIELD_TEACHER,0,1.0,"S8754 ddG (sign-flipped to project convention); TEACHER ONLY, never benchmarked",1,0.0
S8754_1YYJ,S8754_1YYJ,F,65,A,1.92,ddG,s8754_ddg,stability,F_STABILITY_FIELD_TEACHER,0,1.0,"S8754 ddG (sign-flipped to project convention); TEACHER ONLY, never benchmarked",1,0.0
S8754_1YYJ,S8754_1YYJ,L,68,A,3.88,ddG,s8754_ddg,stability,F_STABILITY_FIELD_TEACHER,0,1.0,"S8754 ddG (sign-flipped to project convention); TEACHER ONLY, never benchmarked",1,0.0
S8754_1YYJ,S8754_1YYJ,V,69,G,3.61,ddG,s8754_ddg,stability,F_STABILITY_FIELD_TEACHER,0,1.0,"S8754 ddG (sign-flipped to project convention); TEACHER ONLY, never benchmarked",1,0.0
S8754_1YYJ,S8754_1YYJ,I,72,A,4.79,ddG,s8754_ddg,stability,F_STABILITY_FIELD_TEACHER,0,1.0,"S8754 ddG (sign-flipped to project convention); TEACHER ONLY, never benchmarked",1,0.0
S8754_1YYJ,S8754_1YYJ,D,73,A,1.57,ddG,s8754_ddg,stability,F_STABILITY_FIELD_TEACHER,0,1.0,"S8754 ddG (sign-flipped to project convention); TEACHER ONLY, never benchmarked",1,0.0
S8754_1YYJ,S8754_1YYJ,L,76,A,3.48,ddG,s8754_ddg,stability,F_STABILITY_FIELD_TEACHER,0,1.0,"S8754 ddG (sign-flipped to project convention); TEACHER ONLY, never benchmarked",1,0.0
S8754_1YYJ,S8754_1YYJ,V,84,A,3.42,ddG,s8754_ddg,stability,F_STABILITY_FIELD_TEACHER,0,1.0,"S8754 ddG (sign-flipped to project convention); TEACHER ONLY, never benchmarked",1,0.0
S8754_1YYJ,S8754_1YYJ,A,87,G,3.2,ddG,s8754_ddg,stability,F_STABILITY_FIELD_TEACHER,0,1.0,"S8754 ddG (sign-flipped to project convention); TEACHER ONLY, never benchmarked",1,0.0
S8754_1YYJ,S8754_1YYJ,A,90,G,2.34,ddG,s8754_ddg,stability,F_STABILITY_FIELD_TEACHER,0,1.0,"S8754 ddG (sign-flipped to project convention); TEACHER ONLY, never benchmarked",1,0.0
S8754_1YYJ,S8754_1YYJ,A,91,G,1.6,ddG,s8754_ddg,stability,F_STABILITY_FIELD_TEACHER,0,1.0,"S8754 ddG (sign-flipped to project convention); TEACHER ONLY, never benchmarked",1,0.0
S8754_1YYJ,S8754_1YYJ,L,94,A,1.5,ddG,s8754_ddg,stability,F_STABILITY_FIELD_TEACHER,0,1.0,"S8754 ddG (sign-flipped to project convention); TEACHER ONLY, never benchmarked",1,0.0
S8754_1YYJ,S8754_1YYJ,I,98,A,3.48,ddG,s8754_ddg,stability,F_STABILITY_FIELD_TEACHER,0,1.0,"S8754 ddG (sign-flipped to project convention); TEACHER ONLY, never benchmarked",1,0.0
S8754_1YYJ,S8754_1YYJ,Y,101,A,-0.52,ddG,s8754_ddg,stability,F_STABILITY_FIELD_TEACHER,0,1.0,"S8754 ddG (sign-flipped to project convention); TEACHER ONLY, never benchmarked",1,0.0
S8754_1YYJ,S8754_1YYJ,Y,105,A,2.36,ddG,s8754_ddg,stability,F_STABILITY_FIELD_TEACHER,0,1.0,"S8754 ddG (sign-flipped to project convention); TEACHER ONLY, never benchmarked",1,0.0
S8754_1E65,S8754_1E65,C,3,S,5.473231358,ddG,s8754_ddg,stability,F_STABILITY_FIELD_TEACHER,0,1.0,"S8754 ddG (sign-flipped to project convention); TEACHER ONLY, never benchmarked",1,0.0
S8754_1E65,S8754_1E65,V,5,A,0.0,ddG,s8754_ddg,stability,F_STABILITY_FIELD_TEACHER,0,1.0,"S8754 ddG (sign-flipped to project convention); TEACHER ONLY, never benchmarked",1,0.0
S8754_1E65,S8754_1E65,I,7,A,3.11,ddG,s8754_ddg,stability,F_STABILITY_FIELD_TEACHER,0,1.0,"S8754 ddG (sign-flipped to project convention); TEACHER ONLY, never benchmarked",1,0.0
S8754_1E65,S8754_1E65,I,20,A,1.56,ddG,s8754_ddg,stability,F_STABILITY_FIELD_TEACHER,0,1.0,"S8754 ddG (sign-flipped to project convention); TEACHER ONLY, never benchmarked",1,0.0
S8754_1E65,S8754_1E65,I,20,T,2.39,ddG,s8754_ddg,stability,F_STABILITY_FIELD_TEACHER,0,1.0,"S8754 ddG (sign-flipped to project convention); TEACHER ONLY, never benchmarked",1,0.0
S8754_1E65,S8754_1E65,I,20,V,0.38,ddG,s8754_ddg,stability,F_STABILITY_FIELD_TEACHER,0,1.0,"S8754 ddG (sign-flipped to project convention); TEACHER ONLY, never benchmarked",1,0.0
S8754_1E65,S8754_1E65,V,22,A,1.44,ddG,s8754_ddg,stability,F_STABILITY_FIELD_TEACHER,0,1.0,"S8754 ddG (sign-flipped to project convention); TEACHER ONLY, never benchmarked",1,0.0
S8754_1E65,S8754_1E65,V,22,T,0.96,ddG,s8754_ddg,stability,F_STABILITY_FIELD_TEACHER,0,1.0,"S8754 ddG (sign-flipped to project convention); TEACHER ONLY, never benchmarked",1,0.0
S8754_1E65,S8754_1E65,V,31,A,1.5120506666666664,ddG,s8754_ddg,stability,F_STABILITY_FIELD_TEACHER,0,1.0,"S8754 ddG (sign-flipped to project convention); TEACHER ONLY, never benchmarked",1,0.0
S8754_1E65,S8754_1E65,V,31,T,1.08,ddG,s8754_ddg,stability,F_STABILITY_FIELD_TEACHER,0,1.0,"S8754 ddG (sign-flipped to project convention); TEACHER ONLY, never benchmarked",1,0.0
S8754_1E65,S8754_1E65,L,33,A,1.4329739999999995,ddG,s8754_ddg,stability,F_STABILITY_FIELD_TEACHER,0,1.0,"S8754 ddG (sign-flipped to project convention); TEACHER ONLY, never benchmarked",1,0.0
S8754_1E65,S8754_1E65,W,48,A,3.904614666666667,ddG,s8754_ddg,stability,F_STABILITY_FIELD_TEACHER,0,1.0,"S8754 ddG (sign-flipped to project convention); TEACHER ONLY, never benchmarked",1,0.0
S8754_1E65,S8754_1E65,L,50,A,1.751089,ddG,s8754_ddg,stability,F_STABILITY_FIELD_TEACHER,0,1.0,"S8754 ddG (sign-flipped to project convention); TEACHER ONLY, never benchmarked",1,0.0
S8754_1E65,S8754_1E65,L,50,T,2.34,ddG,s8754_ddg,stability,F_STABILITY_FIELD_TEACHER,0,1.0,"S8754 ddG (sign-flipped to project convention); TEACHER ONLY, never benchmarked",1,0.0
S8754_1E65,S8754_1E65,L,50,V,0.36,ddG,s8754_ddg,stability,F_STABILITY_FIELD_TEACHER,0,1.0,"S8754 ddG (sign-flipped to project convention); TEACHER ONLY, never benchmarked",1,0.0
S8754_1E65,S8754_1E65,V,60,G,3.11,ddG,s8754_ddg,stability,F_STABILITY_FIELD_TEACHER,0,1.0,"S8754 ddG (sign-flipped to project convention); TEACHER ONLY, never benchmarked",1,0.0
S8754_1E65,S8754_1E65,I,81,A,2.39,ddG,s8754_ddg,stability,F_STABILITY_FIELD_TEACHER,0,1.0,"S8754 ddG (sign-flipped to project convention); TEACHER ONLY, never benchmarked",1,0.0
S8754_1E65,S8754_1E65,I,81,T,2.51,ddG,s8754_ddg,stability,F_STABILITY_FIELD_TEACHER,0,1.0,"S8754 ddG (sign-flipped to project convention); TEACHER ONLY, never benchmarked",1,0.0
S8754_1E65,S8754_1E65,I,81,V,0.07,ddG,s8754_ddg,stability,F_STABILITY_FIELD_TEACHER,0,1.0,"S8754 ddG (sign-flipped to project convention); TEACHER ONLY, never benchmarked",1,0.0
S8754_1E65,S8754_1E65,A,82,G,3.11,ddG,s8754_ddg,stability,F_STABILITY_FIELD_TEACHER,0,1.0,"S8754 ddG (sign-flipped to project convention); TEACHER ONLY, never benchmarked",1,0.0
S8754_1E65,S8754_1E65,V,95,A,0.8374996666666666,ddG,s8754_ddg,stability,F_STABILITY_FIELD_TEACHER,0,1.0,"S8754 ddG (sign-flipped to project convention); TEACHER ONLY, never benchmarked",1,0.0
S8754_1E65,S8754_1E65,V,95,T,-0.96,ddG,s8754_ddg,stability,F_STABILITY_FIELD_TEACHER,0,1.0,"S8754 ddG (sign-flipped to project convention); TEACHER ONLY, never benchmarked",1,0.0
S8754_1E65,S8754_1E65,F,97,A,2.549102,ddG,s8754_ddg,stability,F_STABILITY_FIELD_TEACHER,0,1.0,"S8754 ddG (sign-flipped to project convention); TEACHER ONLY, never benchmarked",1,0.0
S8754_1E65,S8754_1E65,Y,108,A,3.387563333333333,ddG,s8754_ddg,stability,F_STABILITY_FIELD_TEACHER,0,1.0,"S8754 ddG (sign-flipped to project convention); TEACHER ONLY, never benchmarked",1,0.0
S8754_1E65,S8754_1E65,F,110,A,4.461922,ddG,s8754_ddg,stability,F_STABILITY_FIELD_TEACHER,0,1.0,"S8754 ddG (sign-flipped to project convention); TEACHER ONLY, never benchmarked",1,0.0
S8754_1E65,S8754_1E65,C,112,A,3.346080306,ddG,s8754_ddg,stability,F_STABILITY_FIELD_TEACHER,0,1.0,"S8754 ddG (sign-flipped to project convention); TEACHER ONLY, never benchmarked",1,0.0
S8754_1E65,S8754_1E65,H,117,G,2.18,ddG,s8754_ddg,stability,F_STABILITY_FIELD_TEACHER,0,1.0,"S8754 ddG (sign-flipped to project convention); TEACHER ONLY, never benchmarked",1,0.0
S8754_1E65,S8754_1E65,M,121,A,2.8680760000000003,ddG,s8754_ddg,stability,F_STABILITY_FIELD_TEACHER,0,1.0,"S8754 ddG (sign-flipped to project convention); TEACHER ONLY, never benchmarked",1,0.0
S8754_1E65,S8754_1E65,L,125,A,0.72,ddG,s8754_ddg,stability,F_STABILITY_FIELD_TEACHER,0,1.0,"S8754 ddG (sign-flipped to project convention); TEACHER ONLY, never benchmarked",1,0.0
S8754_2KIU,S8754_2KIU,H,59,A,-12.0,ddG,s8754_ddg,stability,F_STABILITY_FIELD_TEACHER,0,1.0,"S8754 ddG (sign-flipped to project convention); TEACHER ONLY, never benchmarked",3,1.5999999999999996
S8754_1AJ3,S8754_1AJ3,H,10,A,-0.5,ddG,s8754_ddg,stability,F_STABILITY_FIELD_TEACHER,0,1.0,"S8754 ddG (sign-flipped to project convention); TEACHER ONLY, never benchmarked",1,0.0
S8754_1AJ3,S8754_1AJ3,H,10,G,0.5,ddG,s8754_ddg,stability,F_STABILITY_FIELD_TEACHER,0,1.0,"S8754 ddG (sign-flipped to project convention); TEACHER ONLY, never benchmarked",1,0.0
S8754_1AJ3,S8754_1AJ3,F,12,A,3.7,ddG,s8754_ddg,stability,F_STABILITY_FIELD_TEACHER,0,1.0,"S8754 ddG (sign-flipped to project convention); TEACHER ONLY, never benchmarked",1,0.0
S8754_1AJ3,S8754_1AJ3,F,12,L,1.3,ddG,s8754_ddg,stability,F_STABILITY_FIELD_TEACHER,0,1.0,"S8754 ddG (sign-flipped to project convention); TEACHER ONLY, never benchmarked",1,0.0
S8754_1AJ3,S8754_1AJ3,R,14,A,0.3,ddG,s8754_ddg,stability,F_STABILITY_FIELD_TEACHER,0,1.0,"S8754 ddG (sign-flipped to project convention); TEACHER ONLY, never benchmarked",1,0.0
S8754_1AJ3,S8754_1AJ3,R,14,G,1.9,ddG,s8754_ddg,stability,F_STABILITY_FIELD_TEACHER,0,1.0,"S8754 ddG (sign-flipped to project convention); TEACHER ONLY, never benchmarked",1,0.0
S8754_1AJ3,S8754_1AJ3,M,16,A,2.2,ddG,s8754_ddg,stability,F_STABILITY_FIELD_TEACHER,0,1.0,"S8754 ddG (sign-flipped to project convention); TEACHER ONLY, never benchmarked",1,0.0
S8754_1AJ3,S8754_1AJ3,D,17,A,0.2,ddG,s8754_ddg,stability,F_STABILITY_FIELD_TEACHER,0,1.0,"S8754 ddG (sign-flipped to project convention); TEACHER ONLY, never benchmarked",1,0.0
S8754_1AJ3,S8754_1AJ3,D,17,G,1.2,ddG,s8754_ddg,stability,F_STABILITY_FIELD_TEACHER,0,1.0,"S8754 ddG (sign-flipped to project convention); TEACHER ONLY, never benchmarked",1,0.0
S8754_1AJ3,S8754_1AJ3,S,21,A,-0.5,ddG,s8754_ddg,stability,F_STABILITY_FIELD_TEACHER,0,1.0,"S8754 ddG (sign-flipped to project convention); TEACHER ONLY, never benchmarked",1,0.0
S8754_1AJ3,S8754_1AJ3,S,21,G,0.5,ddG,s8754_ddg,stability,F_STABILITY_FIELD_TEACHER,0,1.0,"S8754 ddG (sign-flipped to project convention); TEACHER ONLY, never benchmarked",1,0.0
S8754_1AJ3,S8754_1AJ3,W,22,F,1.31,ddG,s8754_ddg,stability,F_STABILITY_FIELD_TEACHER,0,1.0,"S8754 ddG (sign-flipped to project convention); TEACHER ONLY, never benchmarked",1,0.0
S8754_1AJ3,S8754_1AJ3,I,23,A,3.6,ddG,s8754_ddg,stability,F_STABILITY_FIELD_TEACHER,0,1.0,"S8754 ddG (sign-flipped to project convention); TEACHER ONLY, never benchmarked",1,0.0
S8754_1AJ3,S8754_1AJ3,I,23,V,1.6,ddG,s8754_ddg,stability,F_STABILITY_FIELD_TEACHER,0,1.0,"S8754 ddG (sign-flipped to project convention); TEACHER ONLY, never benchmarked",1,0.0
S8754_1AJ3,S8754_1AJ3,E,25,A,-0.1,ddG,s8754_ddg,stability,F_STABILITY_FIELD_TEACHER,0,1.0,"S8754 ddG (sign-flipped to project convention); TEACHER ONLY, never benchmarked",1,0.0
S8754_1AJ3,S8754_1AJ3,E,25,G,1.1,ddG,s8754_ddg,stability,F_STABILITY_FIELD_TEACHER,0,1.0,"S8754 ddG (sign-flipped to project convention); TEACHER ONLY, never benchmarked",1,0.0
S8754_1AJ3,S8754_1AJ3,K,26,A,0.0,ddG,s8754_ddg,stability,F_STABILITY_FIELD_TEACHER,0,1.0,"S8754 ddG (sign-flipped to project convention); TEACHER ONLY, never benchmarked",1,0.0
S8754_1AJ3,S8754_1AJ3,V,30,A,0.2,ddG,s8754_ddg,stability,F_STABILITY_FIELD_TEACHER,0,1.0,"S8754 ddG (sign-flipped to project convention); TEACHER ONLY, never benchmarked",1,0.0
S8754_1AJ3,S8754_1AJ3,T,40,A,-0.3,ddG,s8754_ddg,stability,F_STABILITY_FIELD_TEACHER,0,1.0,"S8754 ddG (sign-flipped to project convention); TEACHER ONLY, never benchmarked",1,0.0
S8754_1AJ3,S8754_1AJ3,T,40,G,0.1,ddG,s8754_ddg,stability,F_STABILITY_FIELD_TEACHER,0,1.0,"S8754 ddG (sign-flipped to project convention); TEACHER ONLY, never benchmarked",1,0.0
S8754_1AJ3,S8754_1AJ3,V,42,A,0.4,ddG,s8754_ddg,stability,F_STABILITY_FIELD_TEACHER,0,1.0,"S8754 ddG (sign-flipped to project convention); TEACHER ONLY, never benchmarked",1,0.0
S8754_1AJ3,S8754_1AJ3,N,44,A,-0.2,ddG,s8754_ddg,stability,F_STABILITY_FIELD_TEACHER,0,1.0,"S8754 ddG (sign-flipped to project convention); TEACHER ONLY, never benchmarked",1,0.0
S8754_1AJ3,S8754_1AJ3,N,44,G,0.4,ddG,s8754_ddg,stability,F_STABILITY_FIELD_TEACHER,0,1.0,"S8754 ddG (sign-flipped to project convention); TEACHER ONLY, never benchmarked",1,0.0
S8754_1AJ3,S8754_1AJ3,L,45,A,0.2,ddG,s8754_ddg,stability,F_STABILITY_FIELD_TEACHER,0,1.0,"S8754 ddG (sign-flipped to project convention); TEACHER ONLY, never benchmarked",1,0.0
S8754_1AJ3,S8754_1AJ3,K,47,A,-0.4,ddG,s8754_ddg,stability,F_STABILITY_FIELD_TEACHER,0,1.0,"S8754 ddG (sign-flipped to project convention); TEACHER ONLY, never benchmarked",1,0.0
S8754_1AJ3,S8754_1AJ3,K,47,G,0.5,ddG,s8754_ddg,stability,F_STABILITY_FIELD_TEACHER,0,1.0,"S8754 ddG (sign-flipped to project convention); TEACHER ONLY, never benchmarked",1,0.0
S8754_1AJ3,S8754_1AJ3,H,49,A,1.4,ddG,s8754_ddg,stability,F_STABILITY_FIELD_TEACHER,0,1.0,"S8754 ddG (sign-flipped to project convention); TEACHER ONLY, never benchmarked",1,0.0
S8754_1AJ3,S8754_1AJ3,R,51,A,-0.3,ddG,s8754_ddg,stability,F_STABILITY_FIELD_TEACHER,0,1.0,"S8754 ddG (sign-flipped to project convention); TEACHER ONLY, never benchmarked",1,0.0
S8754_1AJ3,S8754_1AJ3,R,51,G,0.6,ddG,s8754_ddg,stability,F_STABILITY_FIELD_TEACHER,0,1.0,"S8754 ddG (sign-flipped to project convention); TEACHER ONLY, never benchmarked",1,0.0
S8754_1AJ3,S8754_1AJ3,L,52,A,2.8,ddG,s8754_ddg,stability,F_STABILITY_FIELD_TEACHER,0,1.0,"S8754 ddG (sign-flipped to project convention); TEACHER ONLY, never benchmarked",1,0.0
S8754_1AJ3,S8754_1AJ3,A,54,G,1.1,ddG,s8754_ddg,stability,F_STABILITY_FIELD_TEACHER,0,1.0,"S8754 ddG (sign-flipped to project convention); TEACHER ONLY, never benchmarked",1,0.0
S8754_1AJ3,S8754_1AJ3,L,56,A,3.8,ddG,s8754_ddg,stability,F_STABILITY_FIELD_TEACHER,0,1.0,"S8754 ddG (sign-flipped to project convention); TEACHER ONLY, never benchmarked",1,0.0
S8754_1AJ3,S8754_1AJ3,A,57,G,1.1,ddG,s8754_ddg,stability,F_STABILITY_FIELD_TEACHER,0,1.0,"S8754 ddG (sign-flipped to project convention); TEACHER ONLY, never benchmarked",1,0.0
S8754_1AJ3,S8754_1AJ3,A,58,G,1.1,ddG,s8754_ddg,stability,F_STABILITY_FIELD_TEACHER,0,1.0,"S8754 ddG (sign-flipped to project convention); TEACHER ONLY, never benchmarked",1,0.0
S8754_1AJ3,S8754_1AJ3,H,59,A,2.3,ddG,s8754_ddg,stability,F_STABILITY_FIELD_TEACHER,0,1.0,"S8754 ddG (sign-flipped to project convention); TEACHER ONLY, never benchmarked",1,0.0
S8754_1AJ3,S8754_1AJ3,P,61,A,-0.4,ddG,s8754_ddg,stability,F_STABILITY_FIELD_TEACHER,0,1.0,"S8754 ddG (sign-flipped to project convention); TEACHER ONLY, never benchmarked",1,0.0
S8754_1AJ3,S8754_1AJ3,I,63,A,2.8,ddG,s8754_ddg,stability,F_STABILITY_FIELD_TEACHER,0,1.0,"S8754 ddG (sign-flipped to project convention); TEACHER ONLY, never benchmarked",1,0.0
S8754_1AJ3,S8754_1AJ3,I,63,V,0.6,ddG,s8754_ddg,stability,F_STABILITY_FIELD_TEACHER,0,1.0,"S8754 ddG (sign-flipped to project convention); TEACHER ONLY, never benchmarked",1,0.0
S8754_1AJ3,S8754_1AJ3,Q,64,A,0.7,ddG,s8754_ddg,stability,F_STABILITY_FIELD_TEACHER,0,1.0,"S8754 ddG (sign-flipped to project convention); TEACHER ONLY, never benchmarked",1,0.0
S8754_1AJ3,S8754_1AJ3,Q,64,G,1.8,ddG,s8754_ddg,stability,F_STABILITY_FIELD_TEACHER,0,1.0,"S8754 ddG (sign-flipped to project convention); TEACHER ONLY, never benchmarked",1,0.0
S8754_1AJ3,S8754_1AJ3,V,66,A,2.3,ddG,s8754_ddg,stability,F_STABILITY_FIELD_TEACHER,0,1.0,"S8754 ddG (sign-flipped to project convention); TEACHER ONLY, never benchmarked",1,0.0
S8754_1AJ3,S8754_1AJ3,D,68,A,0.1,ddG,s8754_ddg,stability,F_STABILITY_FIELD_TEACHER,0,1.0,"S8754 ddG (sign-flipped to project convention); TEACHER ONLY, never benchmarked",1,0.0
S8754_1AJ3,S8754_1AJ3,D,68,G,1.3,ddG,s8754_ddg,stability,F_STABILITY_FIELD_TEACHER,0,1.0,"S8754 ddG (sign-flipped to project convention); TEACHER ONLY, never benchmarked",1,0.0
S8754_1AJ3,S8754_1AJ3,K,71,A,0.1,ddG,s8754_ddg,stability,F_STABILITY_FIELD_TEACHER,0,1.0,"S8754 ddG (sign-flipped to project convention); TEACHER ONLY, never benchmarked",1,0.0
S8754_1AJ3,S8754_1AJ3,K,71,G,1.4,ddG,s8754_ddg,stability,F_STABILITY_FIELD_TEACHER,0,1.0,"S8754 ddG (sign-flipped to project convention); TEACHER ONLY, never benchmarked",1,0.0
S8754_1AJ3,S8754_1AJ3,K,72,A,0.1,ddG,s8754_ddg,stability,F_STABILITY_FIELD_TEACHER,0,1.0,"S8754 ddG (sign-flipped to project convention); TEACHER ONLY, never benchmarked",1,0.0
S8754_1AJ3,S8754_1AJ3,K,72,G,1.4,ddG,s8754_ddg,stability,F_STABILITY_FIELD_TEACHER,0,1.0,"S8754 ddG (sign-flipped to project convention); TEACHER ONLY, never benchmarked",1,0.0
S8754_1AJ3,S8754_1AJ3,L,73,A,2.4,ddG,s8754_ddg,stability,F_STABILITY_FIELD_TEACHER,0,1.0,"S8754 ddG (sign-flipped to project convention); TEACHER ONLY, never benchmarked",1,0.0
S8754_1AJ3,S8754_1AJ3,I,84,A,2.0,ddG,s8754_ddg,stability,F_STABILITY_FIELD_TEACHER,0,1.0,"S8754 ddG (sign-flipped to project convention); TEACHER ONLY, never benchmarked",1,0.0
S8754_1AJ3,S8754_1AJ3,I,84,V,0.6,ddG,s8754_ddg,stability,F_STABILITY_FIELD_TEACHER,0,1.0,"S8754 ddG (sign-flipped to project convention); TEACHER ONLY, never benchmarked",1,0.0
S8754_1AJ3,S8754_1AJ3,Q,85,A,0.0,ddG,s8754_ddg,stability,F_STABILITY_FIELD_TEACHER,0,1.0,"S8754 ddG (sign-flipped to project convention); TEACHER ONLY, never benchmarked",1,0.0
S8754_1AJ3,S8754_1AJ3,Q,85,G,1.3,ddG,s8754_ddg,stability,F_STABILITY_FIELD_TEACHER,0,1.0,"S8754 ddG (sign-flipped to project convention); TEACHER ONLY, never benchmarked",1,0.0
S8754_1AJ3,S8754_1AJ3,Q,86,A,0.0,ddG,s8754_ddg,stability,F_STABILITY_FIELD_TEACHER,0,1.0,"S8754 ddG (sign-flipped to project convention); TEACHER ONLY, never benchmarked",1,0.0
S8754_1AJ3,S8754_1AJ3,Q,86,G,1.3,ddG,s8754_ddg,stability,F_STABILITY_FIELD_TEACHER,0,1.0,"S8754 ddG (sign-flipped to project convention); TEACHER ONLY, never benchmarked",1,0.0
S8754_1AJ3,S8754_1AJ3,L,88,A,2.8,ddG,s8754_ddg,stability,F_STABILITY_FIELD_TEACHER,0,1.0,"S8754 ddG (sign-flipped to project convention); TEACHER ONLY, never benchmarked",1,0.0
S8754_1AJ3,S8754_1AJ3,A,89,G,1.1,ddG,s8754_ddg,stability,F_STABILITY_FIELD_TEACHER,0,1.0,"S8754 ddG (sign-flipped to project convention); TEACHER ONLY, never benchmarked",1,0.0
S8754_1AJ3,S8754_1AJ3,F,91,A,2.8,ddG,s8754_ddg,stability,F_STABILITY_FIELD_TEACHER,0,1.0,"S8754 ddG (sign-flipped to project convention); TEACHER ONLY, never benchmarked",1,0.0
S8754_1AJ3,S8754_1AJ3,F,91,L,-0.5,ddG,s8754_ddg,stability,F_STABILITY_FIELD_TEACHER,0,1.0,"S8754 ddG (sign-flipped to project convention); TEACHER ONLY, never benchmarked",1,0.0
S8754_1AJ3,S8754_1AJ3,D,93,A,-0.7,ddG,s8754_ddg,stability,F_STABILITY_FIELD_TEACHER,0,1.0,"S8754 ddG (sign-flipped to project convention); TEACHER ONLY, never benchmarked",1,0.0
S8754_1AJ3,S8754_1AJ3,D,93,G,0.3,ddG,s8754_ddg,stability,F_STABILITY_FIELD_TEACHER,0,1.0,"S8754 ddG (sign-flipped to project convention); TEACHER ONLY, never benchmarked",1,0.0
S8754_1AJ3,S8754_1AJ3,W,95,F,2.1,ddG,s8754_ddg,stability,F_STABILITY_FIELD_TEACHER,0,1.0,"S8754 ddG (sign-flipped to project convention); TEACHER ONLY, never benchmarked",1,0.0
S8754_1AJ3,S8754_1AJ3,K,96,A,0.4,ddG,s8754_ddg,stability,F_STABILITY_FIELD_TEACHER,0,1.0,"S8754 ddG (sign-flipped to project convention); TEACHER ONLY, never benchmarked",1,0.0
S8754_1AJ3,S8754_1AJ3,K,96,G,1.3,ddG,s8754_ddg,stability,F_STABILITY_FIELD_TEACHER,0,1.0,"S8754 ddG (sign-flipped to project convention); TEACHER ONLY, never benchmarked",1,0.0
S8754_1AJ3,S8754_1AJ3,L,98,A,3.8,ddG,s8754_ddg,stability,F_STABILITY_FIELD_TEACHER,0,1.0,"S8754 ddG (sign-flipped to project convention); TEACHER ONLY, never benchmarked",1,0.0
S8754_1AJ3,S8754_1AJ3,Q,100,A,-0.4,ddG,s8754_ddg,stability,F_STABILITY_FIELD_TEACHER,0,1.0,"S8754 ddG (sign-flipped to project convention); TEACHER ONLY, never benchmarked",1,0.0
S8754_1AJ3,S8754_1AJ3,Q,100,G,0.7,ddG,s8754_ddg,stability,F_STABILITY_FIELD_TEACHER,0,1.0,"S8754 ddG (sign-flipped to project convention); TEACHER ONLY, never benchmarked",1,0.0
S8754_1AJ3,S8754_1AJ3,A,102,G,2.6,ddG,s8754_ddg,stability,F_STABILITY_FIELD_TEACHER,0,1.0,"S8754 ddG (sign-flipped to project convention); TEACHER ONLY, never benchmarked",1,0.0
S8754_1AJ3,S8754_1AJ3,A,103,G,1.8,ddG,s8754_ddg,stability,F_STABILITY_FIELD_TEACHER,0,1.0,"S8754 ddG (sign-flipped to project convention); TEACHER ONLY, never benchmarked",1,0.0
S8754_1AJ3,S8754_1AJ3,A,104,G,1.8,ddG,s8754_ddg,stability,F_STABILITY_FIELD_TEACHER,0,1.0,"S8754 ddG (sign-flipped to project convention); TEACHER ONLY, never benchmarked",1,0.0
S8754_1AJ3,S8754_1AJ3,R,105,A,0.0,ddG,s8754_ddg,stability,F_STABILITY_FIELD_TEACHER,0,1.0,"S8754 ddG (sign-flipped to project convention); TEACHER ONLY, never benchmarked",1,0.0
S8754_1AJ3,S8754_1AJ3,Q,107,A,-0.5,ddG,s8754_ddg,stability,F_STABILITY_FIELD_TEACHER,0,1.0,"S8754 ddG (sign-flipped to project convention); TEACHER ONLY, never benchmarked",1,0.0
S8754_1AJ3,S8754_1AJ3,Q,107,G,1.3,ddG,s8754_ddg,stability,F_STABILITY_FIELD_TEACHER,0,1.0,"S8754 ddG (sign-flipped to project convention); TEACHER ONLY, never benchmarked",1,0.0
S8754_1AJ3,S8754_1AJ3,Q,107,L,1.4,ddG,s8754_ddg,stability,F_STABILITY_FIELD_TEACHER,0,1.0,"S8754 ddG (sign-flipped to project convention); TEACHER ONLY, never benchmarked",1,0.0
S8754_1HTI,S8754_1HTI,S,105,D,1.3,ddG,s8754_ddg,stability,F_STABILITY_FIELD_TEACHER,0,1.0,"S8754 ddG (sign-flipped to project convention); TEACHER ONLY, never benchmarked",1,0.0
S8754_1HTI,S8754_1HTI,Q,179,A,-0.1,ddG,s8754_ddg,stability,F_STABILITY_FIELD_TEACHER,0,1.0,"S8754 ddG (sign-flipped to project convention); TEACHER ONLY, never benchmarked",1,0.0
S8754_1HTI,S8754_1HTI,Q,179,D,-1.5,ddG,s8754_ddg,stability,F_STABILITY_FIELD_TEACHER,0,1.0,"S8754 ddG (sign-flipped to project convention); TEACHER ONLY, never benchmarked",1,0.0
S8754_1HTI,S8754_1HTI,K,193,A,-1.0,ddG,s8754_ddg,stability,F_STABILITY_FIELD_TEACHER,0,1.0,"S8754 ddG (sign-flipped to project convention); TEACHER ONLY, never benchmarked",1,0.0
S8754_1HTI,S8754_1HTI,A,215,P,-0.6000000000000001,ddG,s8754_ddg,stability,F_STABILITY_FIELD_TEACHER,0,1.0,"S8754 ddG (sign-flipped to project convention); TEACHER ONLY, never benchmarked",1,0.0
S8754_1DPM,S8754_1DPM,H,223,L,3.3325,ddG,s8754_ddg,stability,F_STABILITY_FIELD_TEACHER,0,1.0,"S8754 ddG (sign-flipped to project convention); TEACHER ONLY, never benchmarked",1,0.0
S8754_2TRT,S8754_2TRT,R,127,E,0.621,ddG,s8754_ddg,stability,F_STABILITY_FIELD_TEACHER,0,1.0,"S8754 ddG (sign-flipped to project convention); TEACHER ONLY, never benchmarked",1,0.0
S8754_1YPI,S8754_1YPI,C,125,A,4.9,ddG,s8754_ddg,stability,F_STABILITY_FIELD_TEACHER,0,1.0,"S8754 ddG (sign-flipped to project convention); TEACHER ONLY, never benchmarked",1,0.0
S8754_1YPI,S8754_1YPI,C,125,S,8.3,ddG,s8754_ddg,stability,F_STABILITY_FIELD_TEACHER,0,1.0,"S8754 ddG (sign-flipped to project convention); TEACHER ONLY, never benchmarked",2,0.5999999999999996
S8754_1NEY,S8754_1NEY,K,11,G,3.7,ddG,s8754_ddg,stability,F_STABILITY_FIELD_TEACHER,0,1.0,"S8754 ddG (sign-flipped to project convention); TEACHER ONLY, never benchmarked",1,0.0
S8754_1NEY,S8754_1NEY,E,96,A,-0.2,ddG,s8754_ddg,stability,F_STABILITY_FIELD_TEACHER,0,1.0,"S8754 ddG (sign-flipped to project convention); TEACHER ONLY, never benchmarked",1,0.0
S8754_1NEY,S8754_1NEY,E,96,D,-0.1,ddG,s8754_ddg,stability,F_STABILITY_FIELD_TEACHER,0,1.0,"S8754 ddG (sign-flipped to project convention); TEACHER ONLY, never benchmarked",1,0.0
S8754_1NEY,S8754_1NEY,E,96,Q,-0.1,ddG,s8754_ddg,stability,F_STABILITY_FIELD_TEACHER,0,1.0,"S8754 ddG (sign-flipped to project convention); TEACHER ONLY, never benchmarked",1,0.0
S8754_1NEY,S8754_1NEY,I,169,A,0.6000000000000001,ddG,s8754_ddg,stability,F_STABILITY_FIELD_TEACHER,0,1.0,"S8754 ddG (sign-flipped to project convention); TEACHER ONLY, never benchmarked",1,0.0
S8754_1NEY,S8754_1NEY,L,229,A,0.8,ddG,s8754_ddg,stability,F_STABILITY_FIELD_TEACHER,0,1.0,"S8754 ddG (sign-flipped to project convention); TEACHER ONLY, never benchmarked",1,0.0
S8754_3GLY,S8754_3GLY,G,136,A,0.944473684,ddG,s8754_ddg,stability,F_STABILITY_FIELD_TEACHER,0,1.0,"S8754 ddG (sign-flipped to project convention); TEACHER ONLY, never benchmarked",2,1.268947368
S8754_3GLY,S8754_3GLY,G,138,A,2.3267942585,ddG,s8754_ddg,stability,F_STABILITY_FIELD_TEACHER,0,1.0,"S8754 ddG (sign-flipped to project convention); TEACHER ONLY, never benchmarked",2,1.853588517
S8754_3GLY,S8754_3GLY,G,250,A,0.0819617225,ddG,s8754_ddg,stability,F_STABILITY_FIELD_TEACHER,0,1.0,"S8754 ddG (sign-flipped to project convention); TEACHER ONLY, never benchmarked",2,0.116076555
S8754_3GLY,S8754_3GLY,G,382,A,0.160311005,ddG,s8754_ddg,stability,F_STABILITY_FIELD_TEACHER,0,1.0,"S8754 ddG (sign-flipped to project convention); TEACHER ONLY, never benchmarked",2,0.54062201
S8754_1SSO,S8754_1SSO,I,29,V,0.4,ddG,s8754_ddg,stability,F_STABILITY_FIELD_TEACHER,0,1.0,"S8754 ddG (sign-flipped to project convention); TEACHER ONLY, never benchmarked",1,0.0
S8754_2IN9,S8754_2IN9,V,67,L,-2.5,ddG,s8754_ddg,stability,F_STABILITY_FIELD_TEACHER,0,1.0,"S8754 ddG (sign-flipped to project convention); TEACHER ONLY, never benchmarked",1,0.0
S8754_3SSI,S8754_3SSI,M,73,A,-0.3575,ddG,s8754_ddg,stability,F_STABILITY_FIELD_TEACHER,0,1.0,"S8754 ddG (sign-flipped to project convention); TEACHER ONLY, never benchmarked",4,0.42
S8754_3SSI,S8754_3SSI,M,73,D,-1.155,ddG,s8754_ddg,stability,F_STABILITY_FIELD_TEACHER,0,1.0,"S8754 ddG (sign-flipped to project convention); TEACHER ONLY, never benchmarked",4,0.91
S8754_3SSI,S8754_3SSI,M,73,E,-0.5825,ddG,s8754_ddg,stability,F_STABILITY_FIELD_TEACHER,0,1.0,"S8754 ddG (sign-flipped to project convention); TEACHER ONLY, never benchmarked",4,0.7000000000000001
S8754_3SSI,S8754_3SSI,M,73,G,0.2175,ddG,s8754_ddg,stability,F_STABILITY_FIELD_TEACHER,0,1.0,"S8754 ddG (sign-flipped to project convention); TEACHER ONLY, never benchmarked",4,0.43
S8754_3SSI,S8754_3SSI,M,73,I,0.8625,ddG,s8754_ddg,stability,F_STABILITY_FIELD_TEACHER,0,1.0,"S8754 ddG (sign-flipped to project convention); TEACHER ONLY, never benchmarked",4,0.78
S8754_3SSI,S8754_3SSI,M,73,K,-0.475,ddG,s8754_ddg,stability,F_STABILITY_FIELD_TEACHER,0,1.0,"S8754 ddG (sign-flipped to project convention); TEACHER ONLY, never benchmarked",4,1.22
S8754_3SSI,S8754_3SSI,M,73,L,0.2725,ddG,s8754_ddg,stability,F_STABILITY_FIELD_TEACHER,0,1.0,"S8754 ddG (sign-flipped to project convention); TEACHER ONLY, never benchmarked",4,0.42
S8754_3SSI,S8754_3SSI,M,73,V,0.605,ddG,s8754_ddg,stability,F_STABILITY_FIELD_TEACHER,0,1.0,"S8754 ddG (sign-flipped to project convention); TEACHER ONLY, never benchmarked",4,0.6
S8754_3SSI,S8754_3SSI,D,83,C,-1.1204999999999998,ddG,s8754_ddg,stability,F_STABILITY_FIELD_TEACHER,0,1.0,"S8754 ddG (sign-flipped to project convention); TEACHER ONLY, never benchmarked",2,0.3049999999999999
S8754_3SSI,S8754_3SSI,D,83,N,0.0105000000000005,ddG,s8754_ddg,stability,F_STABILITY_FIELD_TEACHER,0,1.0,"S8754 ddG (sign-flipped to project convention); TEACHER ONLY, never benchmarked",2,1.3869999999999991
S8754_3SSI,S8754_3SSI,M,103,A,1.35,ddG,s8754_ddg,stability,F_STABILITY_FIELD_TEACHER,0,1.0,"S8754 ddG (sign-flipped to project convention); TEACHER ONLY, never benchmarked",1,0.0
S8754_3SSI,S8754_3SSI,M,103,I,2.01,ddG,s8754_ddg,stability,F_STABILITY_FIELD_TEACHER,0,1.0,"S8754 ddG (sign-flipped to project convention); TEACHER ONLY, never benchmarked",1,0.0
S8754_3SSI,S8754_3SSI,M,103,L,-0.77,ddG,s8754_ddg,stability,F_STABILITY_FIELD_TEACHER,0,1.0,"S8754 ddG (sign-flipped to project convention); TEACHER ONLY, never benchmarked",1,0.0
S8754_3SSI,S8754_3SSI,M,103,V,1.35,ddG,s8754_ddg,stability,F_STABILITY_FIELD_TEACHER,0,1.0,"S8754 ddG (sign-flipped to project convention); TEACHER ONLY, never benchmarked",1,0.0
S8754_2JOF,S8754_2JOF,D,9,E,0.291586998,ddG,s8754_ddg,stability,F_STABILITY_FIELD_TEACHER,0,1.0,"S8754 ddG (sign-flipped to project convention); TEACHER ONLY, never benchmarked",1,0.0
S8754_2JOF,S8754_2JOF,S,14,A,1.362332696,ddG,s8754_ddg,stability,F_STABILITY_FIELD_TEACHER,0,1.0,"S8754 ddG (sign-flipped to project convention); TEACHER ONLY, never benchmarked",2,0.1434034419999998
S8754_2JOF,S8754_2JOF,R,16,K,0.56166348,ddG,s8754_ddg,stability,F_STABILITY_FIELD_TEACHER,0,1.0,"S8754 ddG (sign-flipped to project convention); TEACHER ONLY, never benchmarked",1,0.0
S8754_2JOF,S8754_2JOF,P,17,A,0.5736137669999996,ddG,s8754_ddg,stability,F_STABILITY_FIELD_TEACHER,0,1.0,"S8754 ddG (sign-flipped to project convention); TEACHER ONLY, never benchmarked",2,0.143403441999999
S8754_2JOF,S8754_2JOF,P,18,A,0.29875717,ddG,s8754_ddg,stability,F_STABILITY_FIELD_TEACHER,0,1.0,"S8754 ddG (sign-flipped to project convention); TEACHER ONLY, never benchmarked",2,0.119502868
S8754_2JOF,S8754_2JOF,P,19,A,2.820267686,ddG,s8754_ddg,stability,F_STABILITY_FIELD_TEACHER,0,1.0,"S8754 ddG (sign-flipped to project convention); TEACHER ONLY, never benchmarked",1,0.0
S8754_1OPG,S8754_1OPG,E,2,I,-0.6692160610000001,ddG,s8754_ddg,stability,F_STABILITY_FIELD_TEACHER,0,1.0,"S8754 ddG (sign-flipped to project convention); TEACHER ONLY, never benchmarked",1,0.0
S8754_1OPG,S8754_1OPG,S,102,T,-0.717017208,ddG,s8754_ddg,stability,F_STABILITY_FIELD_TEACHER,0,1.0,"S8754 ddG (sign-flipped to project convention); TEACHER ONLY, never benchmarked",1,0.0
S8754_2A01,S8754_2A01,L,141,R,0.65,ddG,s8754_ddg,stability,F_STABILITY_FIELD_TEACHER,0,1.0,"S8754 ddG (sign-flipped to project convention); TEACHER ONLY, never benchmarked",1,0.0
S8754_1REI,S8754_1REI,Y,32,H,-1.338432122,ddG,s8754_ddg,stability,F_STABILITY_FIELD_TEACHER,0,1.0,"S8754 ddG (sign-flipped to project convention); TEACHER ONLY, never benchmarked",1,0.0
S8754_1REI,S8754_1REI,Q,38,D,1.2,ddG,s8754_ddg,stability,F_STABILITY_FIELD_TEACHER,0,1.0,"S8754 ddG (sign-flipped to project convention); TEACHER ONLY, never benchmarked",1,0.0
S8754_1REI,S8754_1REI,T,39,K,-1.266730402,ddG,s8754_ddg,stability,F_STABILITY_FIELD_TEACHER,0,1.0,"S8754 ddG (sign-flipped to project convention); TEACHER ONLY, never benchmarked",1,0.0
S8754_1REI,S8754_1REI,Y,49,F,0.6000000000000001,ddG,s8754_ddg,stability,F_STABILITY_FIELD_TEACHER,0,1.0,"S8754 ddG (sign-flipped to project convention); TEACHER ONLY, never benchmarked",1,0.0
S8754_1REI,S8754_1REI,G,57,E,1.0,ddG,s8754_ddg,stability,F_STABILITY_FIELD_TEACHER,0,1.0,"S8754 ddG (sign-flipped to project convention); TEACHER ONLY, never benchmarked",1,0.0
S8754_1REI,S8754_1REI,R,61,N,-0.1999999999999999,ddG,s8754_ddg,stability,F_STABILITY_FIELD_TEACHER,0,1.0,"S8754 ddG (sign-flipped to project convention); TEACHER ONLY, never benchmarked",1,0.0
S8754_1REI,S8754_1REI,G,68,D,0.1,ddG,s8754_ddg,stability,F_STABILITY_FIELD_TEACHER,0,1.0,"S8754 ddG (sign-flipped to project convention); TEACHER ONLY, never benchmarked",1,0.0
S8754_1REI,S8754_1REI,F,73,L,-0.979923518,ddG,s8754_ddg,stability,F_STABILITY_FIELD_TEACHER,0,1.0,"S8754 ddG (sign-flipped to project convention); TEACHER ONLY, never benchmarked",1,0.0
S8754_1REI,S8754_1REI,L,78,T,0.8,ddG,s8754_ddg,stability,F_STABILITY_FIELD_TEACHER,0,1.0,"S8754 ddG (sign-flipped to project convention); TEACHER ONLY, never benchmarked",1,0.0
S8754_1REI,S8754_1REI,A,84,T,2.5,ddG,s8754_ddg,stability,F_STABILITY_FIELD_TEACHER,0,1.0,"S8754 ddG (sign-flipped to project convention); TEACHER ONLY, never benchmarked",1,0.0
S8754_1REI,S8754_1REI,Q,89,R,1.8,ddG,s8754_ddg,stability,F_STABILITY_FIELD_TEACHER,0,1.0,"S8754 ddG (sign-flipped to project convention); TEACHER ONLY, never benchmarked",1,0.0
S8754_3DVF,S8754_3DVF,H,32,Y,2.54,ddG,s8754_ddg,stability,F_STABILITY_FIELD_TEACHER,0,1.0,"S8754 ddG (sign-flipped to project convention); TEACHER ONLY, never benchmarked",1,0.0
S8754_3DVF,S8754_3DVF,R,65,S,0.12,ddG,s8754_ddg,stability,F_STABILITY_FIELD_TEACHER,0,1.0,"S8754 ddG (sign-flipped to project convention); TEACHER ONLY, never benchmarked",1,0.0
S8754_3DVF,S8754_3DVF,H,70,D,1.45,ddG,s8754_ddg,stability,F_STABILITY_FIELD_TEACHER,0,1.0,"S8754 ddG (sign-flipped to project convention); TEACHER ONLY, never benchmarked",1,0.0
S8754_3DVF,S8754_3DVF,Q,96,Y,1.06,ddG,s8754_ddg,stability,F_STABILITY_FIELD_TEACHER,0,1.0,"S8754 ddG (sign-flipped to project convention); TEACHER ONLY, never benchmarked",1,0.0
S8754_1FH5,S8754_1FH5,I,2,E,2.868068834,ddG,s8754_ddg,stability,F_STABILITY_FIELD_TEACHER,0,1.0,"S8754 ddG (sign-flipped to project convention); TEACHER ONLY, never benchmarked",1,0.0
S8754_1FH5,S8754_1FH5,G,57,E,1.27,ddG,s8754_ddg,stability,F_STABILITY_FIELD_TEACHER,0,1.0,"S8754 ddG (sign-flipped to project convention); TEACHER ONLY, never benchmarked",1,0.0
S8754_1FH5,S8754_1FH5,D,70,N,0.145,ddG,s8754_ddg,stability,F_STABILITY_FIELD_TEACHER,0,1.0,"S8754 ddG (sign-flipped to project convention); TEACHER ONLY, never benchmarked",1,0.0
S8754_1FH5,S8754_1FH5,T,102,S,0.956022945,ddG,s8754_ddg,stability,F_STABILITY_FIELD_TEACHER,0,1.0,"S8754 ddG (sign-flipped to project convention); TEACHER ONLY, never benchmarked",1,0.0
S8754_1LVE,S8754_1LVE,M,4,L,-1.04,ddG,s8754_ddg,stability,F_STABILITY_FIELD_TEACHER,0,1.0,"S8754 ddG (sign-flipped to project convention); TEACHER ONLY, never benchmarked",1,0.0
S8754_1LVE,S8754_1LVE,L,15,P,1.5,ddG,s8754_ddg,stability,F_STABILITY_FIELD_TEACHER,0,1.0,"S8754 ddG (sign-flipped to project convention); TEACHER ONLY, never benchmarked",1,0.0
S8754_1LVE,S8754_1LVE,V,29,L,-1.67,ddG,s8754_ddg,stability,F_STABILITY_FIELD_TEACHER,0,1.0,"S8754 ddG (sign-flipped to project convention); TEACHER ONLY, never benchmarked",1,0.0
S8754_1LVE,S8754_1LVE,L,30,N,0.57,ddG,s8754_ddg,stability,F_STABILITY_FIELD_TEACHER,0,1.0,"S8754 ddG (sign-flipped to project convention); TEACHER ONLY, never benchmarked",1,0.0
S8754_1LVE,S8754_1LVE,L,30,Q,-0.63,ddG,s8754_ddg,stability,F_STABILITY_FIELD_TEACHER,0,1.0,"S8754 ddG (sign-flipped to project convention); TEACHER ONLY, never benchmarked",1,0.0
S8754_1LVE,S8754_1LVE,Y,31,D,-2.19,ddG,s8754_ddg,stability,F_STABILITY_FIELD_TEACHER,0,1.0,"S8754 ddG (sign-flipped to project convention); TEACHER ONLY, never benchmarked",1,0.0
S8754_1LVE,S8754_1LVE,N,34,F,2.41,ddG,s8754_ddg,stability,F_STABILITY_FIELD_TEACHER,0,1.0,"S8754 ddG (sign-flipped to project convention); TEACHER ONLY, never benchmarked",1,0.0
S8754_1LVE,S8754_1LVE,S,35,N,-0.39,ddG,s8754_ddg,stability,F_STABILITY_FIELD_TEACHER,0,1.0,"S8754 ddG (sign-flipped to project convention); TEACHER ONLY, never benchmarked",1,0.0
S8754_1LVE,S8754_1LVE,K,36,R,0.55,ddG,s8754_ddg,stability,F_STABILITY_FIELD_TEACHER,0,1.0,"S8754 ddG (sign-flipped to project convention); TEACHER ONLY, never benchmarked",1,0.0
S8754_1LVE,S8754_1LVE,K,36,T,1.33,ddG,s8754_ddg,stability,F_STABILITY_FIELD_TEACHER,0,1.0,"S8754 ddG (sign-flipped to project convention); TEACHER ONLY, never benchmarked",1,0.0
S8754_1LVE,S8754_1LVE,Q,44,N,1.6,ddG,s8754_ddg,stability,F_STABILITY_FIELD_TEACHER,0,1.0,"S8754 ddG (sign-flipped to project convention); TEACHER ONLY, never benchmarked",1,0.0
S8754_1LVE,S8754_1LVE,K,45,T,2.29,ddG,s8754_ddg,stability,F_STABILITY_FIELD_TEACHER,0,1.0,"S8754 ddG (sign-flipped to project convention); TEACHER ONLY, never benchmarked",1,0.0
S8754_1LVE,S8754_1LVE,P,46,L,1.7000000000000002,ddG,s8754_ddg,stability,F_STABILITY_FIELD_TEACHER,0,1.0,"S8754 ddG (sign-flipped to project convention); TEACHER ONLY, never benchmarked",1,0.0
S8754_1LVE,S8754_1LVE,Q,95,H,0.9,ddG,s8754_ddg,stability,F_STABILITY_FIELD_TEACHER,0,1.0,"S8754 ddG (sign-flipped to project convention); TEACHER ONLY, never benchmarked",1,0.0
S8754_1LVE,S8754_1LVE,Q,95,N,1.26,ddG,s8754_ddg,stability,F_STABILITY_FIELD_TEACHER,0,1.0,"S8754 ddG (sign-flipped to project convention); TEACHER ONLY, never benchmarked",1,0.0
S8754_1LVE,S8754_1LVE,T,100,H,-0.73,ddG,s8754_ddg,stability,F_STABILITY_FIELD_TEACHER,0,1.0,"S8754 ddG (sign-flipped to project convention); TEACHER ONLY, never benchmarked",1,0.0
S8754_1LVE,S8754_1LVE,Y,102,P,1.6,ddG,s8754_ddg,stability,F_STABILITY_FIELD_TEACHER,0,1.0,"S8754 ddG (sign-flipped to project convention); TEACHER ONLY, never benchmarked",1,0.0
S8754_1LVE,S8754_1LVE,Y,102,Q,2.09,ddG,s8754_ddg,stability,F_STABILITY_FIELD_TEACHER,0,1.0,"S8754 ddG (sign-flipped to project convention); TEACHER ONLY, never benchmarked",1,0.0
S8754_1LVE,S8754_1LVE,S,103,T,-0.13,ddG,s8754_ddg,stability,F_STABILITY_FIELD_TEACHER,0,1.0,"S8754 ddG (sign-flipped to project convention); TEACHER ONLY, never benchmarked",1,0.0
S8754_1LVE,S8754_1LVE,I,112,L,0.51,ddG,s8754_ddg,stability,F_STABILITY_FIELD_TEACHER,0,1.0,"S8754 ddG (sign-flipped to project convention); TEACHER ONLY, never benchmarked",1,0.0
S8754_2IMM,S8754_2IMM,A,15,L,-1.36,ddG,s8754_ddg,stability,F_STABILITY_FIELD_TEACHER,0,1.0,"S8754 ddG (sign-flipped to project convention); TEACHER ONLY, never benchmarked",1,0.0
S8754_2IMM,S8754_2IMM,M,21,I,-0.24,ddG,s8754_ddg,stability,F_STABILITY_FIELD_TEACHER,0,1.0,"S8754 ddG (sign-flipped to project convention); TEACHER ONLY, never benchmarked",1,0.0
S8754_2IMM,S8754_2IMM,M,21,L,0.31,ddG,s8754_ddg,stability,F_STABILITY_FIELD_TEACHER,0,1.0,"S8754 ddG (sign-flipped to project convention); TEACHER ONLY, never benchmarked",1,0.0
S8754_2IMM,S8754_2IMM,K,24,R,0.17,ddG,s8754_ddg,stability,F_STABILITY_FIELD_TEACHER,0,1.0,"S8754 ddG (sign-flipped to project convention); TEACHER ONLY, never benchmarked",1,0.0
S8754_2IMM,S8754_2IMM,F,38,Y,-0.38,ddG,s8754_ddg,stability,F_STABILITY_FIELD_TEACHER,0,1.0,"S8754 ddG (sign-flipped to project convention); TEACHER ONLY, never benchmarked",1,0.0
S8754_2IMM,S8754_2IMM,P,49,S,0.1687320575,ddG,s8754_ddg,stability,F_STABILITY_FIELD_TEACHER,0,1.0,"S8754 ddG (sign-flipped to project convention); TEACHER ONLY, never benchmarked",1,0.0
S8754_2IMM,S8754_2IMM,T,69,S,-0.29,ddG,s8754_ddg,stability,F_STABILITY_FIELD_TEACHER,0,1.0,"S8754 ddG (sign-flipped to project convention); TEACHER ONLY, never benchmarked",1,0.0
S8754_2IMM,S8754_2IMM,Q,85,E,0.41,ddG,s8754_ddg,stability,F_STABILITY_FIELD_TEACHER,0,1.0,"S8754 ddG (sign-flipped to project convention); TEACHER ONLY, never benchmarked",1,0.0
S8754_2IMM,S8754_2IMM,N,96,Q,-1.05,ddG,s8754_ddg,stability,F_STABILITY_FIELD_TEACHER,0,1.0,"S8754 ddG (sign-flipped to project convention); TEACHER ONLY, never benchmarked",1,0.0
S8754_2IMM,S8754_2IMM,A,106,G,-0.02,ddG,s8754_ddg,stability,F_STABILITY_FIELD_TEACHER,0,1.0,"S8754 ddG (sign-flipped to project convention); TEACHER ONLY, never benchmarked",1,0.0
S8754_2IMM,S8754_2IMM,L,112,I,-0.36,ddG,s8754_ddg,stability,F_STABILITY_FIELD_TEACHER,0,1.0,"S8754 ddG (sign-flipped to project convention); TEACHER ONLY, never benchmarked",1,0.0
S8754_1NVO,S8754_1NVO,L,13,A,5.6,ddG,s8754_ddg,stability,F_STABILITY_FIELD_TEACHER,0,1.0,"S8754 ddG (sign-flipped to project convention); TEACHER ONLY, never benchmarked",1,0.0
S8754_1NVO,S8754_1NVO,L,13,G,10.8,ddG,s8754_ddg,stability,F_STABILITY_FIELD_TEACHER,0,1.0,"S8754 ddG (sign-flipped to project convention); TEACHER ONLY, never benchmarked",1,0.0
S8754_2BRD,S8754_2BRD,S,35,A,0.3,ddG,s8754_ddg,stability,F_STABILITY_FIELD_TEACHER,0,1.0,"S8754 ddG (sign-flipped to project convention); TEACHER ONLY, never benchmarked",1,0.0
S8754_2BRD,S8754_2BRD,D,36,A,0.9,ddG,s8754_ddg,stability,F_STABILITY_FIELD_TEACHER,0,1.0,"S8754 ddG (sign-flipped to project convention); TEACHER ONLY, never benchmarked",1,0.0
S8754_2BRD,S8754_2BRD,P,37,A,0.2,ddG,s8754_ddg,stability,F_STABILITY_FIELD_TEACHER,0,1.0,"S8754 ddG (sign-flipped to project convention); TEACHER ONLY, never benchmarked",1,0.0
S8754_2BRD,S8754_2BRD,D,38,A,0.5,ddG,s8754_ddg,stability,F_STABILITY_FIELD_TEACHER,0,1.0,"S8754 ddG (sign-flipped to project convention); TEACHER ONLY, never benchmarked",1,0.0
S8754_2BRD,S8754_2BRD,K,40,A,0.3,ddG,s8754_ddg,stability,F_STABILITY_FIELD_TEACHER,0,1.0,"S8754 ddG (sign-flipped to project convention); TEACHER ONLY, never benchmarked",1,0.0
S8754_2BRD,S8754_2BRD,K,41,A,1.6,ddG,s8754_ddg,stability,F_STABILITY_FIELD_TEACHER,0,1.0,"S8754 ddG (sign-flipped to project convention); TEACHER ONLY, never benchmarked",1,0.0
S8754_2BRD,S8754_2BRD,F,42,A,1.6,ddG,s8754_ddg,stability,F_STABILITY_FIELD_TEACHER,0,1.0,"S8754 ddG (sign-flipped to project convention); TEACHER ONLY, never benchmarked",1,0.0
S8754_2BRD,S8754_2BRD,Y,43,A,1.3,ddG,s8754_ddg,stability,F_STABILITY_FIELD_TEACHER,0,1.0,"S8754 ddG (sign-flipped to project convention); TEACHER ONLY, never benchmarked",1,0.0
S8754_2BRD,S8754_2BRD,I,45,A,1.9,ddG,s8754_ddg,stability,F_STABILITY_FIELD_TEACHER,0,1.0,"S8754 ddG (sign-flipped to project convention); TEACHER ONLY, never benchmarked",1,0.0
S8754_2BRD,S8754_2BRD,T,46,A,2.2,ddG,s8754_ddg,stability,F_STABILITY_FIELD_TEACHER,0,1.0,"S8754 ddG (sign-flipped to project convention); TEACHER ONLY, never benchmarked",1,0.0
S8754_2BRD,S8754_2BRD,T,47,A,1.0,ddG,s8754_ddg,stability,F_STABILITY_FIELD_TEACHER,0,1.0,"S8754 ddG (sign-flipped to project convention); TEACHER ONLY, never benchmarked",1,0.0
S8754_2BRD,S8754_2BRD,L,48,A,0.1,ddG,s8754_ddg,stability,F_STABILITY_FIELD_TEACHER,0,1.0,"S8754 ddG (sign-flipped to project convention); TEACHER ONLY, never benchmarked",1,0.0
S8754_2BRD,S8754_2BRD,V,49,A,-0.7,ddG,s8754_ddg,stability,F_STABILITY_FIELD_TEACHER,0,1.0,"S8754 ddG (sign-flipped to project convention); TEACHER ONLY, never benchmarked",1,0.0
S8754_2BRD,S8754_2BRD,P,50,A,-0.1,ddG,s8754_ddg,stability,F_STABILITY_FIELD_TEACHER,0,1.0,"S8754 ddG (sign-flipped to project convention); TEACHER ONLY, never benchmarked",1,0.0
S8754_2BRD,S8754_2BRD,I,52,A,1.4,ddG,s8754_ddg,stability,F_STABILITY_FIELD_TEACHER,0,1.0,"S8754 ddG (sign-flipped to project convention); TEACHER ONLY, never benchmarked",1,0.0
S8754_2BRD,S8754_2BRD,F,54,A,1.0,ddG,s8754_ddg,stability,F_STABILITY_FIELD_TEACHER,0,1.0,"S8754 ddG (sign-flipped to project convention); TEACHER ONLY, never benchmarked",1,0.0
S8754_2BRD,S8754_2BRD,T,55,A,0.1,ddG,s8754_ddg,stability,F_STABILITY_FIELD_TEACHER,0,1.0,"S8754 ddG (sign-flipped to project convention); TEACHER ONLY, never benchmarked",1,0.0
S8754_2BRD,S8754_2BRD,M,56,A,-1.4,ddG,s8754_ddg,stability,F_STABILITY_FIELD_TEACHER,0,1.0,"S8754 ddG (sign-flipped to project convention); TEACHER ONLY, never benchmarked",1,0.0
S8754_2BRD,S8754_2BRD,Y,57,A,3.7,ddG,s8754_ddg,stability,F_STABILITY_FIELD_TEACHER,0,1.0,"S8754 ddG (sign-flipped to project convention); TEACHER ONLY, never benchmarked",1,0.0
S8754_2BRD,S8754_2BRD,L,58,A,-0.3,ddG,s8754_ddg,stability,F_STABILITY_FIELD_TEACHER,0,1.0,"S8754 ddG (sign-flipped to project convention); TEACHER ONLY, never benchmarked",1,0.0
S8754_2BRD,S8754_2BRD,S,59,A,-0.1,ddG,s8754_ddg,stability,F_STABILITY_FIELD_TEACHER,0,1.0,"S8754 ddG (sign-flipped to project convention); TEACHER ONLY, never benchmarked",1,0.0
S8754_2BRD,S8754_2BRD,M,60,A,0.8,ddG,s8754_ddg,stability,F_STABILITY_FIELD_TEACHER,0,1.0,"S8754 ddG (sign-flipped to project convention); TEACHER ONLY, never benchmarked",1,0.0
S8754_2BRD,S8754_2BRD,L,61,A,-0.7,ddG,s8754_ddg,stability,F_STABILITY_FIELD_TEACHER,0,1.0,"S8754 ddG (sign-flipped to project convention); TEACHER ONLY, never benchmarked",1,0.0
S8754_2BRD,S8754_2BRD,L,62,A,-0.5,ddG,s8754_ddg,stability,F_STABILITY_FIELD_TEACHER,0,1.0,"S8754 ddG (sign-flipped to project convention); TEACHER ONLY, never benchmarked",1,0.0
S8754_1AYF,S8754_1AYF,F,8,W,0.803827750999999,ddG,s8754_ddg,stability,F_STABILITY_FIELD_TEACHER,0,1.0,"S8754 ddG (sign-flipped to project convention); TEACHER ONLY, never benchmarked",1,0.0
S8754_1AYF,S8754_1AYF,F,40,W,1.21291866,ddG,s8754_ddg,stability,F_STABILITY_FIELD_TEACHER,0,1.0,"S8754 ddG (sign-flipped to project convention); TEACHER ONLY, never benchmarked",1,0.0
S8754_1AYF,S8754_1AYF,T,51,A,1.31,ddG,s8754_ddg,stability,F_STABILITY_FIELD_TEACHER,0,1.0,"S8754 ddG (sign-flipped to project convention); TEACHER ONLY, never benchmarked",1,0.0
S8754_1AYF,S8754_1AYF,T,51,S,-0.05,ddG,s8754_ddg,stability,F_STABILITY_FIELD_TEACHER,0,1.0,"S8754 ddG (sign-flipped to project convention); TEACHER ONLY, never benchmarked",1,0.0
S8754_1AYF,S8754_1AYF,H,53,Q,1.67,ddG,s8754_ddg,stability,F_STABILITY_FIELD_TEACHER,0,1.0,"S8754 ddG (sign-flipped to project convention); TEACHER ONLY, never benchmarked",1,0.0
S8754_1AYF,S8754_1AYF,H,53,R,1.16,ddG,s8754_ddg,stability,F_STABILITY_FIELD_TEACHER,0,1.0,"S8754 ddG (sign-flipped to project convention); TEACHER ONLY, never benchmarked",1,0.0
S8754_1AYF,S8754_1AYF,H,53,T,1.19,ddG,s8754_ddg,stability,F_STABILITY_FIELD_TEACHER,0,1.0,"S8754 ddG (sign-flipped to project convention); TEACHER ONLY, never benchmarked",1,0.0
S8754_1AYF,S8754_1AYF,F,56,W,2.377990431,ddG,s8754_ddg,stability,F_STABILITY_FIELD_TEACHER,0,1.0,"S8754 ddG (sign-flipped to project convention); TEACHER ONLY, never benchmarked",1,0.0
S8754_1AYF,S8754_1AYF,F,61,W,0.325358852,ddG,s8754_ddg,stability,F_STABILITY_FIELD_TEACHER,0,1.0,"S8754 ddG (sign-flipped to project convention); TEACHER ONLY, never benchmarked",1,0.0
S8754_1AYF,S8754_1AYF,D,73,E,-0.45,ddG,s8754_ddg,stability,F_STABILITY_FIELD_TEACHER,0,1.0,"S8754 ddG (sign-flipped to project convention); TEACHER ONLY, never benchmarked",1,0.0
S8754_1AYF,S8754_1AYF,Y,79,F,0.01,ddG,s8754_ddg,stability,F_STABILITY_FIELD_TEACHER,0,1.0,"S8754 ddG (sign-flipped to project convention); TEACHER ONLY, never benchmarked",1,0.0
S8754_1AYF,S8754_1AYF,Y,79,L,0.36,ddG,s8754_ddg,stability,F_STABILITY_FIELD_TEACHER,0,1.0,"S8754 ddG (sign-flipped to project convention); TEACHER ONLY, never benchmarked",1,0.0
S8754_1AYF,S8754_1AYF,Y,79,S,0.33,ddG,s8754_ddg,stability,F_STABILITY_FIELD_TEACHER,0,1.0,"S8754 ddG (sign-flipped to project convention); TEACHER ONLY, never benchmarked",1,0.0
S8754_1AYF,S8754_1AYF,Y,79,W,0.1061961719999999,ddG,s8754_ddg,stability,F_STABILITY_FIELD_TEACHER,0,1.0,"S8754 ddG (sign-flipped to project convention); TEACHER ONLY, never benchmarked",2,0.207607656
S8754_1AYF,S8754_1AYF,C,92,S,-0.96,ddG,s8754_ddg,stability,F_STABILITY_FIELD_TEACHER,0,1.0,"S8754 ddG (sign-flipped to project convention); TEACHER ONLY, never benchmarked",1,0.0
S8754_1ZNJ,S8754_1ZNJ,S,9,D,-0.06,ddG,s8754_ddg,stability,F_STABILITY_FIELD_TEACHER,0,1.0,"S8754 ddG (sign-flipped to project convention); TEACHER ONLY, never benchmarked",1,0.0
S8754_1ZNJ,S8754_1ZNJ,H,10,D,-1.03,ddG,s8754_ddg,stability,F_STABILITY_FIELD_TEACHER,0,1.0,"S8754 ddG (sign-flipped to project convention); TEACHER ONLY, never benchmarked",2,0.54
S8754_1ZNJ,S8754_1ZNJ,H,10,E,-1.11,ddG,s8754_ddg,stability,F_STABILITY_FIELD_TEACHER,0,1.0,"S8754 ddG (sign-flipped to project convention); TEACHER ONLY, never benchmarked",1,0.0
S8754_1ZNJ,S8754_1ZNJ,H,10,T,-0.03,ddG,s8754_ddg,stability,F_STABILITY_FIELD_TEACHER,0,1.0,"S8754 ddG (sign-flipped to project convention); TEACHER ONLY, never benchmarked",1,0.0
S8754_1ZNJ,S8754_1ZNJ,F,25,D,-0.48,ddG,s8754_ddg,stability,F_STABILITY_FIELD_TEACHER,0,1.0,"S8754 ddG (sign-flipped to project convention); TEACHER ONLY, never benchmarked",1,0.0
S8754_1ZNJ,S8754_1ZNJ,F,25,H,-0.75,ddG,s8754_ddg,stability,F_STABILITY_FIELD_TEACHER,0,1.0,"S8754 ddG (sign-flipped to project convention); TEACHER ONLY, never benchmarked",1,0.0
S8754_1ZNJ,S8754_1ZNJ,Y,26,T,0.22,ddG,s8754_ddg,stability,F_STABILITY_FIELD_TEACHER,0,1.0,"S8754 ddG (sign-flipped to project convention); TEACHER ONLY, never benchmarked",1,0.0
S8754_1ZNJ,S8754_1ZNJ,K,29,G,0.05,ddG,s8754_ddg,stability,F_STABILITY_FIELD_TEACHER,0,1.0,"S8754 ddG (sign-flipped to project convention); TEACHER ONLY, never benchmarked",1,0.0
S8754_4REX,S8754_4REX,A,20,R,-0.89,ddG,s8754_ddg,stability,F_STABILITY_FIELD_TEACHER,0,1.0,"S8754 ddG (sign-flipped to project convention); TEACHER ONLY, never benchmarked",1,0.0
S8754_4REX,S8754_4REX,L,30,Y,-0.27,ddG,s8754_ddg,stability,F_STABILITY_FIELD_TEACHER,0,1.0,"S8754 ddG (sign-flipped to project convention); TEACHER ONLY, never benchmarked",1,0.0
S8754_4REX,S8754_4REX,D,34,T,-0.37,ddG,s8754_ddg,stability,F_STABILITY_FIELD_TEACHER,0,1.0,"S8754 ddG (sign-flipped to project convention); TEACHER ONLY, never benchmarked",1,0.0
S8754_1E0L,S8754_1E0L,Y,11,R,-0.633814532,ddG,s8754_ddg,stability,F_STABILITY_FIELD_TEACHER,0,1.0,"S8754 ddG (sign-flipped to project convention); TEACHER ONLY, never benchmarked",1,0.0
S8754_1E0L,S8754_1E0L,Y,19,L,1.281500956,ddG,s8754_ddg,stability,F_STABILITY_FIELD_TEACHER,0,1.0,"S8754 ddG (sign-flipped to project convention); TEACHER ONLY, never benchmarked",1,0.0
S8754_1E0L,S8754_1E0L,W,30,A,0.972734226,ddG,s8754_ddg,stability,F_STABILITY_FIELD_TEACHER,0,1.0,"S8754 ddG (sign-flipped to project convention); TEACHER ONLY, never benchmarked",1,0.0
S8754_1E0L,S8754_1E0L,W,30,F,-0.523386711,ddG,s8754_ddg,stability,F_STABILITY_FIELD_TEACHER,0,1.0,"S8754 ddG (sign-flipped to project convention); TEACHER ONLY, never benchmarked",1,0.0
S8754_3R2P,S8754_3R2P,S,56,P,0.65,ddG,s8754_ddg,stability,F_STABILITY_FIELD_TEACHER,0,1.0,"S8754 ddG (sign-flipped to project convention); TEACHER ONLY, never benchmarked",1,0.0
S8754_1EW6,S8754_1EW6,H,55,V,-5.1,ddG,s8754_ddg,stability,F_STABILITY_FIELD_TEACHER,0,1.0,"S8754 ddG (sign-flipped to project convention); TEACHER ONLY, never benchmarked",1,0.0
S8754_1ZNJ_2,S8754_1ZNJ_2,T,8,A,-0.16,ddG,s8754_ddg,stability,F_STABILITY_FIELD_TEACHER,0,1.0,"S8754 ddG (sign-flipped to project convention); TEACHER ONLY, never benchmarked",1,0.0
S8754_1ZNJ_2,S8754_1ZNJ_2,T,8,H,-1.76,ddG,s8754_ddg,stability,F_STABILITY_FIELD_TEACHER,0,1.0,"S8754 ddG (sign-flipped to project convention); TEACHER ONLY, never benchmarked",1,0.0
S8754_1ZNJ_2,S8754_1ZNJ_2,T,8,R,-1.25,ddG,s8754_ddg,stability,F_STABILITY_FIELD_TEACHER,0,1.0,"S8754 ddG (sign-flipped to project convention); TEACHER ONLY, never benchmarked",1,0.0
S8754_1ZNJ_2,S8754_1ZNJ_2,S,9,D,-0.1,ddG,s8754_ddg,stability,F_STABILITY_FIELD_TEACHER,0,1.0,"S8754 ddG (sign-flipped to project convention); TEACHER ONLY, never benchmarked",1,0.0
S8754_1LPE,S8754_1LPE,R,114,S,-0.25,ddG,s8754_ddg,stability,F_STABILITY_FIELD_TEACHER,0,1.0,"S8754 ddG (sign-flipped to project convention); TEACHER ONLY, never benchmarked",1,0.0
S8754_1LPE,S8754_1LPE,R,123,C,-0.05,ddG,s8754_ddg,stability,F_STABILITY_FIELD_TEACHER,0,1.0,"S8754 ddG (sign-flipped to project convention); TEACHER ONLY, never benchmarked",1,0.0
S8754_1LPE,S8754_1LPE,K,124,E,-0.75,ddG,s8754_ddg,stability,F_STABILITY_FIELD_TEACHER,0,1.0,"S8754 ddG (sign-flipped to project convention); TEACHER ONLY, never benchmarked",1,0.0
S8754_4GWT,S8754_4GWT,K,3,M,-0.0846176999999999,ddG,s8754_ddg,stability,F_STABILITY_FIELD_TEACHER,0,1.0,"S8754 ddG (sign-flipped to project convention); TEACHER ONLY, never benchmarked",1,0.0
S8754_4GWT,S8754_4GWT,E,9,Q,0.54,ddG,s8754_ddg,stability,F_STABILITY_FIELD_TEACHER,0,1.0,"S8754 ddG (sign-flipped to project convention); TEACHER ONLY, never benchmarked",1,0.0
S8754_4GWT,S8754_4GWT,K,10,V,-0.219836,ddG,s8754_ddg,stability,F_STABILITY_FIELD_TEACHER,0,1.0,"S8754 ddG (sign-flipped to project convention); TEACHER ONLY, never benchmarked",1,0.0
S8754_4GWT,S8754_4GWT,K,10,Y,0.6677339999999999,ddG,s8754_ddg,stability,F_STABILITY_FIELD_TEACHER,0,1.0,"S8754 ddG (sign-flipped to project convention); TEACHER ONLY, never benchmarked",1,0.0
S8754_4GWT,S8754_4GWT,R,11,F,1.1,ddG,s8754_ddg,stability,F_STABILITY_FIELD_TEACHER,0,1.0,"S8754 ddG (sign-flipped to project convention); TEACHER ONLY, never benchmarked",1,0.0
S8754_4GWT,S8754_4GWT,R,11,L,0.916212,ddG,s8754_ddg,stability,F_STABILITY_FIELD_TEACHER,0,1.0,"S8754 ddG (sign-flipped to project convention); TEACHER ONLY, never benchmarked",1,0.0
S8754_4GWT,S8754_4GWT,S,13,T,0.465,ddG,s8754_ddg,stability,F_STABILITY_FIELD_TEACHER,0,1.0,"S8754 ddG (sign-flipped to project convention); TEACHER ONLY, never benchmarked",1,0.0
S8754_4GWT,S8754_4GWT,R,18,H,0.7392340000000001,ddG,s8754_ddg,stability,F_STABILITY_FIELD_TEACHER,0,1.0,"S8754 ddG (sign-flipped to project convention); TEACHER ONLY, never benchmarked",1,0.0
S8754_4GWT,S8754_4GWT,S,35,T,0.128027,ddG,s8754_ddg,stability,F_STABILITY_FIELD_TEACHER,0,1.0,"S8754 ddG (sign-flipped to project convention); TEACHER ONLY, never benchmarked",1,0.0
S8754_2GNQ,S8754_2GNQ,S,64,A,9.0,ddG,s8754_ddg,stability,F_STABILITY_FIELD_TEACHER,0,1.0,"S8754 ddG (sign-flipped to project convention); TEACHER ONLY, never benchmarked",1,0.0
S8754_2GNQ,S8754_2GNQ,S,148,A,8.5,ddG,s8754_ddg,stability,F_STABILITY_FIELD_TEACHER,0,1.0,"S8754 ddG (sign-flipped to project convention); TEACHER ONLY, never benchmarked",1,0.0
S8754_2GNQ,S8754_2GNQ,S,190,A,8.7,ddG,s8754_ddg,stability,F_STABILITY_FIELD_TEACHER,0,1.0,"S8754 ddG (sign-flipped to project convention); TEACHER ONLY, never benchmarked",1,0.0
S8754_2GNQ,S8754_2GNQ,D,194,E,8.0,ddG,s8754_ddg,stability,F_STABILITY_FIELD_TEACHER,0,1.0,"S8754 ddG (sign-flipped to project convention); TEACHER ONLY, never benchmarked",1,0.0
S8754_2GNQ,S8754_2GNQ,D,326,E,4.14,ddG,s8754_ddg,stability,F_STABILITY_FIELD_TEACHER,0,1.0,"S8754 ddG (sign-flipped to project convention); TEACHER ONLY, never benchmarked",1,0.0
S8754_2GNQ,S8754_2GNQ,W,332,F,4.5,ddG,s8754_ddg,stability,F_STABILITY_FIELD_TEACHER,0,1.0,"S8754 ddG (sign-flipped to project convention); TEACHER ONLY, never benchmarked",1,0.0
S8754_2GNQ,S8754_2GNQ,W,332,Y,4.6,ddG,s8754_ddg,stability,F_STABILITY_FIELD_TEACHER,0,1.0,"S8754 ddG (sign-flipped to project convention); TEACHER ONLY, never benchmarked",1,0.0
S8754_1W4H,S8754_1W4H,A,7,G,0.04,ddG,s8754_ddg,stability,F_STABILITY_FIELD_TEACHER,0,1.0,"S8754 ddG (sign-flipped to project convention); TEACHER ONLY, never benchmarked",1,0.0
S8754_1W4H,S8754_1W4H,A,7,W,-0.6000000000000001,ddG,s8754_ddg,stability,F_STABILITY_FIELD_TEACHER,0,1.0,"S8754 ddG (sign-flipped to project convention); TEACHER ONLY, never benchmarked",1,0.0
S8754_1W4H,S8754_1W4H,L,8,A,0.3133333333333333,ddG,s8754_ddg,stability,F_STABILITY_FIELD_TEACHER,0,1.0,"S8754 ddG (sign-flipped to project convention); TEACHER ONLY, never benchmarked",3,1.84
S8754_1W4H,S8754_1W4H,L,8,W,0.7000000000000001,ddG,s8754_ddg,stability,F_STABILITY_FIELD_TEACHER,0,1.0,"S8754 ddG (sign-flipped to project convention); TEACHER ONLY, never benchmarked",1,0.0
S8754_1W4H,S8754_1W4H,S,9,G,0.1566666666666667,ddG,s8754_ddg,stability,F_STABILITY_FIELD_TEACHER,0,1.0,"S8754 ddG (sign-flipped to project convention); TEACHER ONLY, never benchmarked",3,1.14
S8754_1W4H,S8754_1W4H,P,10,A,-0.38,ddG,s8754_ddg,stability,F_STABILITY_FIELD_TEACHER,0,1.0,"S8754 ddG (sign-flipped to project convention); TEACHER ONLY, never benchmarked",1,0.0
S8754_1W4H,S8754_1W4H,A,11,G,0.1233333333333333,ddG,s8754_ddg,stability,F_STABILITY_FIELD_TEACHER,0,1.0,"S8754 ddG (sign-flipped to project convention); TEACHER ONLY, never benchmarked",3,0.69
S8754_1W4H,S8754_1W4H,I,12,V,0.03,ddG,s8754_ddg,stability,F_STABILITY_FIELD_TEACHER,0,1.0,"S8754 ddG (sign-flipped to project convention); TEACHER ONLY, never benchmarked",1,0.0
S8754_1W4H,S8754_1W4H,L,16,A,3.5,ddG,s8754_ddg,stability,F_STABILITY_FIELD_TEACHER,0,1.0,"S8754 ddG (sign-flipped to project convention); TEACHER ONLY, never benchmarked",1,0.0
S8754_1W4H,S8754_1W4H,A,17,G,0.34,ddG,s8754_ddg,stability,F_STABILITY_FIELD_TEACHER,0,1.0,"S8754 ddG (sign-flipped to project convention); TEACHER ONLY, never benchmarked",3,1.95
S8754_1W4H,S8754_1W4H,H,19,W,0.1,ddG,s8754_ddg,stability,F_STABILITY_FIELD_TEACHER,0,1.0,"S8754 ddG (sign-flipped to project convention); TEACHER ONLY, never benchmarked",1,0.0
S8754_1W4H,S8754_1W4H,A,23,G,0.1933333333333333,ddG,s8754_ddg,stability,F_STABILITY_FIELD_TEACHER,0,1.0,"S8754 ddG (sign-flipped to project convention); TEACHER ONLY, never benchmarked",3,1.14
S8754_1W4H,S8754_1W4H,A,25,G,0.1433333333333333,ddG,s8754_ddg,stability,F_STABILITY_FIELD_TEACHER,0,1.0,"S8754 ddG (sign-flipped to project convention); TEACHER ONLY, never benchmarked",3,1.04
S8754_1W4H,S8754_1W4H,I,26,V,0.25,ddG,s8754_ddg,stability,F_STABILITY_FIELD_TEACHER,0,1.0,"S8754 ddG (sign-flipped to project convention); TEACHER ONLY, never benchmarked",3,1.45
S8754_1W4H,S8754_1W4H,T,29,S,0.29,ddG,s8754_ddg,stability,F_STABILITY_FIELD_TEACHER,0,1.0,"S8754 ddG (sign-flipped to project convention); TEACHER ONLY, never benchmarked",1,0.0
S8754_1W4H,S8754_1W4H,V,31,G,0.2799999999999999,ddG,s8754_ddg,stability,F_STABILITY_FIELD_TEACHER,0,1.0,"S8754 ddG (sign-flipped to project convention); TEACHER ONLY, never benchmarked",3,1.96
S8754_1W4H,S8754_1W4H,L,35,A,2.12,ddG,s8754_ddg,stability,F_STABILITY_FIELD_TEACHER,0,1.0,"S8754 ddG (sign-flipped to project convention); TEACHER ONLY, never benchmarked",1,0.0
S8754_1W4H,S8754_1W4H,D,39,N,3.1,ddG,s8754_ddg,stability,F_STABILITY_FIELD_TEACHER,0,1.0,"S8754 ddG (sign-flipped to project convention); TEACHER ONLY, never benchmarked",1,0.0
S8754_1W4H,S8754_1W4H,V,40,A,2.02,ddG,s8754_ddg,stability,F_STABILITY_FIELD_TEACHER,0,1.0,"S8754 ddG (sign-flipped to project convention); TEACHER ONLY, never benchmarked",1,0.0
S8754_1W4H,S8754_1W4H,H,43,A,-0.06,ddG,s8754_ddg,stability,F_STABILITY_FIELD_TEACHER,0,1.0,"S8754 ddG (sign-flipped to project convention); TEACHER ONLY, never benchmarked",1,0.0
S8754_1W4H,S8754_1W4H,L,44,A,0.48875,ddG,s8754_ddg,stability,F_STABILITY_FIELD_TEACHER,0,1.0,"S8754 ddG (sign-flipped to project convention); TEACHER ONLY, never benchmarked",4,1.85
S8754_1W4H,S8754_1W4H,A,45,G,0.07,ddG,s8754_ddg,stability,F_STABILITY_FIELD_TEACHER,0,1.0,"S8754 ddG (sign-flipped to project convention); TEACHER ONLY, never benchmarked",1,0.0
S8754_2ZAJ,S8754_2ZAJ,D,23,S,0.041798025,ddG,s8754_ddg,stability,F_STABILITY_FIELD_TEACHER,0,1.0,"S8754 ddG (sign-flipped to project convention); TEACHER ONLY, never benchmarked",2,0.23884595
S8754_4ALH,S8754_4ALH,R,54,L,4.246666666666666,ddG,s8754_ddg,stability,F_STABILITY_FIELD_TEACHER,0,1.0,"S8754 ddG (sign-flipped to project convention); TEACHER ONLY, never benchmarked",1,0.0
S8754_4ALH,S8754_4ALH,E,94,K,4.0,ddG,s8754_ddg,stability,F_STABILITY_FIELD_TEACHER,0,1.0,"S8754 ddG (sign-flipped to project convention); TEACHER ONLY, never benchmarked",1,0.0
S8754_4ALH,S8754_4ALH,Y,107,H,5.9,ddG,s8754_ddg,stability,F_STABILITY_FIELD_TEACHER,0,1.0,"S8754 ddG (sign-flipped to project convention); TEACHER ONLY, never benchmarked",1,0.0
S8754_4ALH,S8754_4ALH,D,114,N,3.215,ddG,s8754_ddg,stability,F_STABILITY_FIELD_TEACHER,0,1.0,"S8754 ddG (sign-flipped to project convention); TEACHER ONLY, never benchmarked",1,0.0
S8754_4ALH,S8754_4ALH,D,114,Y,4.109999999999999,ddG,s8754_ddg,stability,F_STABILITY_FIELD_TEACHER,0,1.0,"S8754 ddG (sign-flipped to project convention); TEACHER ONLY, never benchmarked",1,0.0
S8754_4ALH,S8754_4ALH,D,115,N,2.615,ddG,s8754_ddg,stability,F_STABILITY_FIELD_TEACHER,0,1.0,"S8754 ddG (sign-flipped to project convention); TEACHER ONLY, never benchmarked",1,0.0
S8754_4ALH,S8754_4ALH,D,115,Y,4.02,ddG,s8754_ddg,stability,F_STABILITY_FIELD_TEACHER,0,1.0,"S8754 ddG (sign-flipped to project convention); TEACHER ONLY, never benchmarked",1,0.0
S8754_6DS9,S8754_6DS9,E,40,Q,-0.2,ddG,s8754_ddg,stability,F_STABILITY_FIELD_TEACHER,0,1.0,"S8754 ddG (sign-flipped to project convention); TEACHER ONLY, never benchmarked",1,0.0
S8754_1FKJ,S8754_1FKJ,V,2,A,2.18,ddG,s8754_ddg,stability,F_STABILITY_FIELD_TEACHER,0,1.0,"S8754 ddG (sign-flipped to project convention); TEACHER ONLY, never benchmarked",1,0.0
S8754_1FKJ,S8754_1FKJ,Q,3,E,0.34,ddG,s8754_ddg,stability,F_STABILITY_FIELD_TEACHER,0,1.0,"S8754 ddG (sign-flipped to project convention); TEACHER ONLY, never benchmarked",1,0.0
S8754_1FKJ,S8754_1FKJ,V,4,A,2.26,ddG,s8754_ddg,stability,F_STABILITY_FIELD_TEACHER,0,1.0,"S8754 ddG (sign-flipped to project convention); TEACHER ONLY, never benchmarked",1,0.0
S8754_1FKJ,S8754_1FKJ,I,7,V,0.9,ddG,s8754_ddg,stability,F_STABILITY_FIELD_TEACHER,0,1.0,"S8754 ddG (sign-flipped to project convention); TEACHER ONLY, never benchmarked",1,0.0
S8754_1FKJ,S8754_1FKJ,K,17,D,1.91,ddG,s8754_ddg,stability,F_STABILITY_FIELD_TEACHER,0,1.0,"S8754 ddG (sign-flipped to project convention); TEACHER ONLY, never benchmarked",1,0.0
S8754_1FKJ,S8754_1FKJ,R,18,K,-0.2,ddG,s8754_ddg,stability,F_STABILITY_FIELD_TEACHER,0,1.0,"S8754 ddG (sign-flipped to project convention); TEACHER ONLY, never benchmarked",1,0.0
S8754_1FKJ,S8754_1FKJ,T,21,A,1.24,ddG,s8754_ddg,stability,F_STABILITY_FIELD_TEACHER,0,1.0,"S8754 ddG (sign-flipped to project convention); TEACHER ONLY, never benchmarked",1,0.0
S8754_1FKJ,S8754_1FKJ,T,21,K,1.27,ddG,s8754_ddg,stability,F_STABILITY_FIELD_TEACHER,0,1.0,"S8754 ddG (sign-flipped to project convention); TEACHER ONLY, never benchmarked",1,0.0
S8754_1FKJ,S8754_1FKJ,T,21,S,1.06,ddG,s8754_ddg,stability,F_STABILITY_FIELD_TEACHER,0,1.0,"S8754 ddG (sign-flipped to project convention); TEACHER ONLY, never benchmarked",1,0.0
S8754_1FKJ,S8754_1FKJ,T,21,V,-0.56,ddG,s8754_ddg,stability,F_STABILITY_FIELD_TEACHER,0,1.0,"S8754 ddG (sign-flipped to project convention); TEACHER ONLY, never benchmarked",1,0.0
S8754_1FKJ,S8754_1FKJ,V,23,A,2.62,ddG,s8754_ddg,stability,F_STABILITY_FIELD_TEACHER,0,1.0,"S8754 ddG (sign-flipped to project convention); TEACHER ONLY, never benchmarked",1,0.0
S8754_1FKJ,S8754_1FKJ,V,24,A,3.04,ddG,s8754_ddg,stability,F_STABILITY_FIELD_TEACHER,0,1.0,"S8754 ddG (sign-flipped to project convention); TEACHER ONLY, never benchmarked",1,0.0
S8754_1FKJ,S8754_1FKJ,T,27,A,1.71,ddG,s8754_ddg,stability,F_STABILITY_FIELD_TEACHER,0,1.0,"S8754 ddG (sign-flipped to project convention); TEACHER ONLY, never benchmarked",1,0.0
S8754_1FKJ,S8754_1FKJ,T,27,S,1.07,ddG,s8754_ddg,stability,F_STABILITY_FIELD_TEACHER,0,1.0,"S8754 ddG (sign-flipped to project convention); TEACHER ONLY, never benchmarked",1,0.0
S8754_1FKJ,S8754_1FKJ,T,27,V,-0.58,ddG,s8754_ddg,stability,F_STABILITY_FIELD_TEACHER,0,1.0,"S8754 ddG (sign-flipped to project convention); TEACHER ONLY, never benchmarked",1,0.0
S8754_1FKJ,S8754_1FKJ,E,31,Q,-0.03,ddG,s8754_ddg,stability,F_STABILITY_FIELD_TEACHER,0,1.0,"S8754 ddG (sign-flipped to project convention); TEACHER ONLY, never benchmarked",1,0.0
S8754_1FKJ,S8754_1FKJ,D,32,N,-0.08,ddG,s8754_ddg,stability,F_STABILITY_FIELD_TEACHER,0,1.0,"S8754 ddG (sign-flipped to project convention); TEACHER ONLY, never benchmarked",1,0.0
S8754_1FKJ,S8754_1FKJ,F,36,A,3.07,ddG,s8754_ddg,stability,F_STABILITY_FIELD_TEACHER,0,1.0,"S8754 ddG (sign-flipped to project convention); TEACHER ONLY, never benchmarked",1,0.0
S8754_1FKJ,S8754_1FKJ,D,37,S,0.44,ddG,s8754_ddg,stability,F_STABILITY_FIELD_TEACHER,0,1.0,"S8754 ddG (sign-flipped to project convention); TEACHER ONLY, never benchmarked",1,0.0
S8754_1FKJ,S8754_1FKJ,R,42,A,0.64,ddG,s8754_ddg,stability,F_STABILITY_FIELD_TEACHER,0,1.0,"S8754 ddG (sign-flipped to project convention); TEACHER ONLY, never benchmarked",1,0.0
S8754_1FKJ,S8754_1FKJ,K,44,E,-0.13,ddG,s8754_ddg,stability,F_STABILITY_FIELD_TEACHER,0,1.0,"S8754 ddG (sign-flipped to project convention); TEACHER ONLY, never benchmarked",1,0.0
S8754_1FKJ,S8754_1FKJ,M,49,R,-0.14,ddG,s8754_ddg,stability,F_STABILITY_FIELD_TEACHER,0,1.0,"S8754 ddG (sign-flipped to project convention); TEACHER ONLY, never benchmarked",1,0.0
S8754_1FKJ,S8754_1FKJ,L,50,A,2.22,ddG,s8754_ddg,stability,F_STABILITY_FIELD_TEACHER,0,1.0,"S8754 ddG (sign-flipped to project convention); TEACHER ONLY, never benchmarked",1,0.0
S8754_1FKJ,S8754_1FKJ,V,55,A,1.78,ddG,s8754_ddg,stability,F_STABILITY_FIELD_TEACHER,0,1.0,"S8754 ddG (sign-flipped to project convention); TEACHER ONLY, never benchmarked",1,0.0
S8754_1FKJ,S8754_1FKJ,I,56,A,2.04,ddG,s8754_ddg,stability,F_STABILITY_FIELD_TEACHER,0,1.0,"S8754 ddG (sign-flipped to project convention); TEACHER ONLY, never benchmarked",1,0.0
S8754_1FKJ,S8754_1FKJ,I,56,D,2.88,ddG,s8754_ddg,stability,F_STABILITY_FIELD_TEACHER,0,1.0,"S8754 ddG (sign-flipped to project convention); TEACHER ONLY, never benchmarked",1,0.0
S8754_1FKJ,S8754_1FKJ,I,56,T,1.95,ddG,s8754_ddg,stability,F_STABILITY_FIELD_TEACHER,0,1.0,"S8754 ddG (sign-flipped to project convention); TEACHER ONLY, never benchmarked",1,0.0
S8754_1FKJ,S8754_1FKJ,R,57,A,0.55,ddG,s8754_ddg,stability,F_STABILITY_FIELD_TEACHER,0,1.0,"S8754 ddG (sign-flipped to project convention); TEACHER ONLY, never benchmarked",1,0.0
S8754_1FKJ,S8754_1FKJ,R,57,G,1.89,ddG,s8754_ddg,stability,F_STABILITY_FIELD_TEACHER,0,1.0,"S8754 ddG (sign-flipped to project convention); TEACHER ONLY, never benchmarked",1,0.0
S8754_1FKJ,S8754_1FKJ,R,57,K,0.3,ddG,s8754_ddg,stability,F_STABILITY_FIELD_TEACHER,0,1.0,"S8754 ddG (sign-flipped to project convention); TEACHER ONLY, never benchmarked",1,0.0
S8754_1FKJ,S8754_1FKJ,W,59,F,-2.72,ddG,s8754_ddg,stability,F_STABILITY_FIELD_TEACHER,0,1.0,"S8754 ddG (sign-flipped to project convention); TEACHER ONLY, never benchmarked",1,0.0
S8754_1FKJ,S8754_1FKJ,W,59,L,-2.35,ddG,s8754_ddg,stability,F_STABILITY_FIELD_TEACHER,0,1.0,"S8754 ddG (sign-flipped to project convention); TEACHER ONLY, never benchmarked",1,0.0
S8754_1FKJ,S8754_1FKJ,E,60,A,1.71,ddG,s8754_ddg,stability,F_STABILITY_FIELD_TEACHER,0,1.0,"S8754 ddG (sign-flipped to project convention); TEACHER ONLY, never benchmarked",1,0.0
S8754_1FKJ,S8754_1FKJ,E,60,G,2.62,ddG,s8754_ddg,stability,F_STABILITY_FIELD_TEACHER,0,1.0,"S8754 ddG (sign-flipped to project convention); TEACHER ONLY, never benchmarked",1,0.0
S8754_1FKJ,S8754_1FKJ,E,61,A,0.73,ddG,s8754_ddg,stability,F_STABILITY_FIELD_TEACHER,0,1.0,"S8754 ddG (sign-flipped to project convention); TEACHER ONLY, never benchmarked",1,0.0
S8754_1FKJ,S8754_1FKJ,E,61,G,2.2,ddG,s8754_ddg,stability,F_STABILITY_FIELD_TEACHER,0,1.0,"S8754 ddG (sign-flipped to project convention); TEACHER ONLY, never benchmarked",1,0.0
S8754_1FKJ,S8754_1FKJ,V,63,A,2.56,ddG,s8754_ddg,stability,F_STABILITY_FIELD_TEACHER,0,1.0,"S8754 ddG (sign-flipped to project convention); TEACHER ONLY, never benchmarked",1,0.0
S8754_1FKJ,S8754_1FKJ,S,67,E,1.55,ddG,s8754_ddg,stability,F_STABILITY_FIELD_TEACHER,0,1.0,"S8754 ddG (sign-flipped to project convention); TEACHER ONLY, never benchmarked",1,0.0
S8754_1FKJ,S8754_1FKJ,Q,70,D,2.67,ddG,s8754_ddg,stability,F_STABILITY_FIELD_TEACHER,0,1.0,"S8754 ddG (sign-flipped to project convention); TEACHER ONLY, never benchmarked",1,0.0
S8754_1FKJ,S8754_1FKJ,T,75,A,2.27,ddG,s8754_ddg,stability,F_STABILITY_FIELD_TEACHER,0,1.0,"S8754 ddG (sign-flipped to project convention); TEACHER ONLY, never benchmarked",1,0.0
S8754_1FKJ,S8754_1FKJ,T,75,V,0.7,ddG,s8754_ddg,stability,F_STABILITY_FIELD_TEACHER,0,1.0,"S8754 ddG (sign-flipped to project convention); TEACHER ONLY, never benchmarked",1,0.0
S8754_1FKJ,S8754_1FKJ,I,76,A,3.36,ddG,s8754_ddg,stability,F_STABILITY_FIELD_TEACHER,0,1.0,"S8754 ddG (sign-flipped to project convention); TEACHER ONLY, never benchmarked",1,0.0
S8754_1FKJ,S8754_1FKJ,I,76,V,0.33,ddG,s8754_ddg,stability,F_STABILITY_FIELD_TEACHER,0,1.0,"S8754 ddG (sign-flipped to project convention); TEACHER ONLY, never benchmarked",1,0.0
S8754_1FKJ,S8754_1FKJ,I,91,A,1.33,ddG,s8754_ddg,stability,F_STABILITY_FIELD_TEACHER,0,1.0,"S8754 ddG (sign-flipped to project convention); TEACHER ONLY, never benchmarked",1,0.0
S8754_1FKJ,S8754_1FKJ,I,91,V,0.1,ddG,s8754_ddg,stability,F_STABILITY_FIELD_TEACHER,0,1.0,"S8754 ddG (sign-flipped to project convention); TEACHER ONLY, never benchmarked",1,0.0
S8754_1FKJ,S8754_1FKJ,H,94,N,-0.66,ddG,s8754_ddg,stability,F_STABILITY_FIELD_TEACHER,0,1.0,"S8754 ddG (sign-flipped to project convention); TEACHER ONLY, never benchmarked",1,0.0
S8754_1FKJ,S8754_1FKJ,T,96,D,2.92,ddG,s8754_ddg,stability,F_STABILITY_FIELD_TEACHER,0,1.0,"S8754 ddG (sign-flipped to project convention); TEACHER ONLY, never benchmarked",1,0.0
S8754_1FKJ,S8754_1FKJ,L,97,A,3.01,ddG,s8754_ddg,stability,F_STABILITY_FIELD_TEACHER,0,1.0,"S8754 ddG (sign-flipped to project convention); TEACHER ONLY, never benchmarked",1,0.0
S8754_1FKJ,S8754_1FKJ,V,98,A,1.99,ddG,s8754_ddg,stability,F_STABILITY_FIELD_TEACHER,0,1.0,"S8754 ddG (sign-flipped to project convention); TEACHER ONLY, never benchmarked",1,0.0
S8754_1FKJ,S8754_1FKJ,F,99,L,0.92,ddG,s8754_ddg,stability,F_STABILITY_FIELD_TEACHER,0,1.0,"S8754 ddG (sign-flipped to project convention); TEACHER ONLY, never benchmarked",1,0.0
S8754_1FKJ,S8754_1FKJ,V,101,A,2.39,ddG,s8754_ddg,stability,F_STABILITY_FIELD_TEACHER,0,1.0,"S8754 ddG (sign-flipped to project convention); TEACHER ONLY, never benchmarked",1,0.0
S8754_1FKJ,S8754_1FKJ,K,105,N,-0.14,ddG,s8754_ddg,stability,F_STABILITY_FIELD_TEACHER,0,1.0,"S8754 ddG (sign-flipped to project convention); TEACHER ONLY, never benchmarked",1,0.0
S8754_1FKJ,S8754_1FKJ,L,106,A,2.08,ddG,s8754_ddg,stability,F_STABILITY_FIELD_TEACHER,0,1.0,"S8754 ddG (sign-flipped to project convention); TEACHER ONLY, never benchmarked",1,0.0
S8754_1KDX,S8754_1KDX,Y,55,F,0.0,ddG,s8754_ddg,stability,F_STABILITY_FIELD_TEACHER,0,1.0,"S8754 ddG (sign-flipped to project convention); TEACHER ONLY, never benchmarked",1,0.0
S8754_5T43,S8754_5T43,C,153,S,2.6,ddG,s8754_ddg,stability,F_STABILITY_FIELD_TEACHER,0,1.0,"S8754 ddG (sign-flipped to project convention); TEACHER ONLY, never benchmarked",1,0.0
S8754_1K85,S8754_1K85,L,10,A,2.52,ddG,s8754_ddg,stability,F_STABILITY_FIELD_TEACHER,0,1.0,"S8754 ddG (sign-flipped to project convention); TEACHER ONLY, never benchmarked",1,0.0
S8754_1K85,S8754_1K85,S,12,A,-0.1,ddG,s8754_ddg,stability,F_STABILITY_FIELD_TEACHER,0,1.0,"S8754 ddG (sign-flipped to project convention); TEACHER ONLY, never benchmarked",1,0.0
S8754_1K85,S8754_1K85,I,20,A,3.11,ddG,s8754_ddg,stability,F_STABILITY_FIELD_TEACHER,0,1.0,"S8754 ddG (sign-flipped to project convention); TEACHER ONLY, never benchmarked",1,0.0
S8754_1K85,S8754_1K85,L,22,A,5.54,ddG,s8754_ddg,stability,F_STABILITY_FIELD_TEACHER,0,1.0,"S8754 ddG (sign-flipped to project convention); TEACHER ONLY, never benchmarked",1,0.0
S8754_1K85,S8754_1K85,V,33,A,1.77,ddG,s8754_ddg,stability,F_STABILITY_FIELD_TEACHER,0,1.0,"S8754 ddG (sign-flipped to project convention); TEACHER ONLY, never benchmarked",1,0.0
S8754_1K85,S8754_1K85,Y,36,F,1.77,ddG,s8754_ddg,stability,F_STABILITY_FIELD_TEACHER,0,1.0,"S8754 ddG (sign-flipped to project convention); TEACHER ONLY, never benchmarked",1,0.0
S8754_1K85,S8754_1K85,Y,36,L,5.97,ddG,s8754_ddg,stability,F_STABILITY_FIELD_TEACHER,0,1.0,"S8754 ddG (sign-flipped to project convention); TEACHER ONLY, never benchmarked",1,0.0
S8754_1K85,S8754_1K85,V,38,A,4.19,ddG,s8754_ddg,stability,F_STABILITY_FIELD_TEACHER,0,1.0,"S8754 ddG (sign-flipped to project convention); TEACHER ONLY, never benchmarked",1,0.0
S8754_1K85,S8754_1K85,N,40,A,1.0,ddG,s8754_ddg,stability,F_STABILITY_FIELD_TEACHER,0,1.0,"S8754 ddG (sign-flipped to project convention); TEACHER ONLY, never benchmarked",1,0.0
S8754_1K85,S8754_1K85,L,44,A,2.78,ddG,s8754_ddg,stability,F_STABILITY_FIELD_TEACHER,0,1.0,"S8754 ddG (sign-flipped to project convention); TEACHER ONLY, never benchmarked",1,0.0
S8754_1K85,S8754_1K85,T,46,A,-1.49,ddG,s8754_ddg,stability,F_STABILITY_FIELD_TEACHER,0,1.0,"S8754 ddG (sign-flipped to project convention); TEACHER ONLY, never benchmarked",1,0.0
S8754_1K85,S8754_1K85,V,48,A,1.58,ddG,s8754_ddg,stability,F_STABILITY_FIELD_TEACHER,0,1.0,"S8754 ddG (sign-flipped to project convention); TEACHER ONLY, never benchmarked",1,0.0
S8754_1K85,S8754_1K85,I,55,A,3.63,ddG,s8754_ddg,stability,F_STABILITY_FIELD_TEACHER,0,1.0,"S8754 ddG (sign-flipped to project convention); TEACHER ONLY, never benchmarked",1,0.0
S8754_1K85,S8754_1K85,L,58,A,5.26,ddG,s8754_ddg,stability,F_STABILITY_FIELD_TEACHER,0,1.0,"S8754 ddG (sign-flipped to project convention); TEACHER ONLY, never benchmarked",1,0.0
S8754_1K85,S8754_1K85,Y,64,F,1.52,ddG,s8754_ddg,stability,F_STABILITY_FIELD_TEACHER,0,1.0,"S8754 ddG (sign-flipped to project convention); TEACHER ONLY, never benchmarked",1,0.0
S8754_1K85,S8754_1K85,Y,64,L,4.38,ddG,s8754_ddg,stability,F_STABILITY_FIELD_TEACHER,0,1.0,"S8754 ddG (sign-flipped to project convention); TEACHER ONLY, never benchmarked",1,0.0
S8754_1K85,S8754_1K85,F,66,L,2.5,ddG,s8754_ddg,stability,F_STABILITY_FIELD_TEACHER,0,1.0,"S8754 ddG (sign-flipped to project convention); TEACHER ONLY, never benchmarked",1,0.0
S8754_1K85,S8754_1K85,V,68,A,4.07,ddG,s8754_ddg,stability,F_STABILITY_FIELD_TEACHER,0,1.0,"S8754 ddG (sign-flipped to project convention); TEACHER ONLY, never benchmarked",1,0.0
S8754_1K85,S8754_1K85,A,70,G,1.88,ddG,s8754_ddg,stability,F_STABILITY_FIELD_TEACHER,0,1.0,"S8754 ddG (sign-flipped to project convention); TEACHER ONLY, never benchmarked",1,0.0
S8754_1K85,S8754_1K85,S,81,A,1.42,ddG,s8754_ddg,stability,F_STABILITY_FIELD_TEACHER,0,1.0,"S8754 ddG (sign-flipped to project convention); TEACHER ONLY, never benchmarked",1,0.0
S8754_1K85,S8754_1K85,V,84,A,1.66,ddG,s8754_ddg,stability,F_STABILITY_FIELD_TEACHER,0,1.0,"S8754 ddG (sign-flipped to project convention); TEACHER ONLY, never benchmarked",1,0.0
S8754_1K85,S8754_1K85,V,86,A,1.44,ddG,s8754_ddg,stability,F_STABILITY_FIELD_TEACHER,0,1.0,"S8754 ddG (sign-flipped to project convention); TEACHER ONLY, never benchmarked",1,0.0
S8754_3MBP,S8754_3MBP,V,8,G,-0.38,ddG,s8754_ddg,stability,F_STABILITY_FIELD_TEACHER,0,1.0,"S8754 ddG (sign-flipped to project convention); TEACHER ONLY, never benchmarked",1,0.0
S8754_3MBP,S8754_3MBP,W,10,A,4.31,ddG,s8754_ddg,stability,F_STABILITY_FIELD_TEACHER,0,1.0,"S8754 ddG (sign-flipped to project convention); TEACHER ONLY, never benchmarked",1,0.0
S8754_3MBP,S8754_3MBP,G,19,C,2.15,ddG,s8754_ddg,stability,F_STABILITY_FIELD_TEACHER,0,1.0,"S8754 ddG (sign-flipped to project convention); TEACHER ONLY, never benchmarked",1,0.0
S8754_3MBP,S8754_3MBP,P,48,S,0.12,ddG,s8754_ddg,stability,F_STABILITY_FIELD_TEACHER,0,1.0,"S8754 ddG (sign-flipped to project convention); TEACHER ONLY, never benchmarked",5,1.3
S8754_3MBP,S8754_3MBP,D,55,N,-0.69,ddG,s8754_ddg,stability,F_STABILITY_FIELD_TEACHER,0,1.0,"S8754 ddG (sign-flipped to project convention); TEACHER ONLY, never benchmarked",1,0.0
S8754_3MBP,S8754_3MBP,I,59,A,1.2,ddG,s8754_ddg,stability,F_STABILITY_FIELD_TEACHER,0,1.0,"S8754 ddG (sign-flipped to project convention); TEACHER ONLY, never benchmarked",1,0.0
S8754_3MBP,S8754_3MBP,W,62,E,-0.4,ddG,s8754_ddg,stability,F_STABILITY_FIELD_TEACHER,0,1.0,"S8754 ddG (sign-flipped to project convention); TEACHER ONLY, never benchmarked",1,0.0
S8754_3MBP,S8754_3MBP,A,63,E,-1.8,ddG,s8754_ddg,stability,F_STABILITY_FIELD_TEACHER,0,1.0,"S8754 ddG (sign-flipped to project convention); TEACHER ONLY, never benchmarked",1,0.0
S8754_3MBP,S8754_3MBP,I,108,A,3.15,ddG,s8754_ddg,stability,F_STABILITY_FIELD_TEACHER,0,1.0,"S8754 ddG (sign-flipped to project convention); TEACHER ONLY, never benchmarked",1,0.0
S8754_3MBP,S8754_3MBP,L,115,A,3.1,ddG,s8754_ddg,stability,F_STABILITY_FIELD_TEACHER,0,1.0,"S8754 ddG (sign-flipped to project convention); TEACHER ONLY, never benchmarked",1,0.0
S8754_3MBP,S8754_3MBP,L,147,A,3.0,ddG,s8754_ddg,stability,F_STABILITY_FIELD_TEACHER,0,1.0,"S8754 ddG (sign-flipped to project convention); TEACHER ONLY, never benchmarked",1,0.0
S8754_3MBP,S8754_3MBP,Y,155,E,2.7,ddG,s8754_ddg,stability,F_STABILITY_FIELD_TEACHER,0,1.0,"S8754 ddG (sign-flipped to project convention); TEACHER ONLY, never benchmarked",1,0.0
S8754_3MBP,S8754_3MBP,P,159,S,1.36,ddG,s8754_ddg,stability,F_STABILITY_FIELD_TEACHER,0,1.0,"S8754 ddG (sign-flipped to project convention); TEACHER ONLY, never benchmarked",5,1.5
S8754_3MBP,S8754_3MBP,I,161,A,3.25,ddG,s8754_ddg,stability,F_STABILITY_FIELD_TEACHER,0,1.0,"S8754 ddG (sign-flipped to project convention); TEACHER ONLY, never benchmarked",1,0.0
S8754_3MBP,S8754_3MBP,L,192,A,3.1,ddG,s8754_ddg,stability,F_STABILITY_FIELD_TEACHER,0,1.0,"S8754 ddG (sign-flipped to project convention); TEACHER ONLY, never benchmarked",1,0.0
S8754_3MBP,S8754_3MBP,L,195,A,4.2,ddG,s8754_ddg,stability,F_STABILITY_FIELD_TEACHER,0,1.0,"S8754 ddG (sign-flipped to project convention); TEACHER ONLY, never benchmarked",1,0.0
S8754_3MBP,S8754_3MBP,Y,210,A,-1.1,ddG,s8754_ddg,stability,F_STABILITY_FIELD_TEACHER,0,1.0,"S8754 ddG (sign-flipped to project convention); TEACHER ONLY, never benchmarked",1,0.0
S8754_3MBP,S8754_3MBP,I,226,A,4.95,ddG,s8754_ddg,stability,F_STABILITY_FIELD_TEACHER,0,1.0,"S8754 ddG (sign-flipped to project convention); TEACHER ONLY, never benchmarked",1,0.0
S8754_3MBP,S8754_3MBP,W,230,E,3.1,ddG,s8754_ddg,stability,F_STABILITY_FIELD_TEACHER,0,1.0,"S8754 ddG (sign-flipped to project convention); TEACHER ONLY, never benchmarked",1,0.0
S8754_3MBP,S8754_3MBP,W,232,E,7.5,ddG,s8754_ddg,stability,F_STABILITY_FIELD_TEACHER,0,1.0,"S8754 ddG (sign-flipped to project convention); TEACHER ONLY, never benchmarked",1,0.0
S8754_3MBP,S8754_3MBP,Y,242,E,7.2,ddG,s8754_ddg,stability,F_STABILITY_FIELD_TEACHER,0,1.0,"S8754 ddG (sign-flipped to project convention); TEACHER ONLY, never benchmarked",1,0.0
S8754_3MBP,S8754_3MBP,A,276,G,1.1,ddG,s8754_ddg,stability,F_STABILITY_FIELD_TEACHER,0,1.0,"S8754 ddG (sign-flipped to project convention); TEACHER ONLY, never benchmarked",1,0.0
S8754_3MBP,S8754_3MBP,Y,283,D,2.3,ddG,s8754_ddg,stability,F_STABILITY_FIELD_TEACHER,0,1.0,"S8754 ddG (sign-flipped to project convention); TEACHER ONLY, never benchmarked",1,0.0
S8754_3MBP,S8754_3MBP,I,317,E,5.8,ddG,s8754_ddg,stability,F_STABILITY_FIELD_TEACHER,0,1.0,"S8754 ddG (sign-flipped to project convention); TEACHER ONLY, never benchmarked",1,0.0
S8754_3MBP,S8754_3MBP,W,340,E,2.3,ddG,s8754_ddg,stability,F_STABILITY_FIELD_TEACHER,0,1.0,"S8754 ddG (sign-flipped to project convention); TEACHER ONLY, never benchmarked",1,0.0
S8754_3MBP,S8754_3MBP,T,345,I,-0.17,ddG,s8754_ddg,stability,F_STABILITY_FIELD_TEACHER,0,1.0,"S8754 ddG (sign-flipped to project convention); TEACHER ONLY, never benchmarked",1,0.0
S8754_3MBP,S8754_3MBP,V,347,A,2.0,ddG,s8754_ddg,stability,F_STABILITY_FIELD_TEACHER,0,1.0,"S8754 ddG (sign-flipped to project convention); TEACHER ONLY, never benchmarked",1,0.0
S8754_3MBP,S8754_3MBP,L,361,A,2.0,ddG,s8754_ddg,stability,F_STABILITY_FIELD_TEACHER,0,1.0,"S8754 ddG (sign-flipped to project convention); TEACHER ONLY, never benchmarked",1,0.0
S8754_1MBG,S8754_1MBG,V,14,A,2.32,ddG,s8754_ddg,stability,F_STABILITY_FIELD_TEACHER,0,1.0,"S8754 ddG (sign-flipped to project convention); TEACHER ONLY, never benchmarked",2,0.0
S8754_1MBG,S8754_1MBG,V,14,I,-0.69,ddG,s8754_ddg,stability,F_STABILITY_FIELD_TEACHER,0,1.0,"S8754 ddG (sign-flipped to project convention); TEACHER ONLY, never benchmarked",2,1.1102230246251563e-16
S8754_1MBG,S8754_1MBG,V,14,L,-1.859557416375,ddG,s8754_ddg,stability,F_STABILITY_FIELD_TEACHER,0,1.0,"S8754 ddG (sign-flipped to project convention); TEACHER ONLY, never benchmarked",4,1.9621531105
S8754_1B8E,S8754_1B8E,W,19,Y,3.45,ddG,s8754_ddg,stability,F_STABILITY_FIELD_TEACHER,0,1.0,"S8754 ddG (sign-flipped to project convention); TEACHER ONLY, never benchmarked",1,0.0
S8754_1WIT,S8754_1WIT,Y,73,F,2.15,ddG,s8754_ddg,stability,F_STABILITY_FIELD_TEACHER,0,1.0,"S8754 ddG (sign-flipped to project convention); TEACHER ONLY, never benchmarked",1,0.0
S8754_3ECA,S8754_3ECA,T,12,A,0.0,ddG,s8754_ddg,stability,F_STABILITY_FIELD_TEACHER,0,1.0,"S8754 ddG (sign-flipped to project convention); TEACHER ONLY, never benchmarked",1,0.0
S8754_3ECA,S8754_3ECA,T,12,S,0.24,ddG,s8754_ddg,stability,F_STABILITY_FIELD_TEACHER,0,1.0,"S8754 ddG (sign-flipped to project convention); TEACHER ONLY, never benchmarked",1,0.0
S8754_3ECA,S8754_3ECA,T,119,A,0.0,ddG,s8754_ddg,stability,F_STABILITY_FIELD_TEACHER,0,1.0,"S8754 ddG (sign-flipped to project convention); TEACHER ONLY, never benchmarked",1,0.0
S8754_3ECA,S8754_3ECA,S,122,A,-0.96,ddG,s8754_ddg,stability,F_STABILITY_FIELD_TEACHER,0,1.0,"S8754 ddG (sign-flipped to project convention); TEACHER ONLY, never benchmarked",1,0.0
S8754_1YRI,S8754_1YRI,L,1,A,3.1,ddG,s8754_ddg,stability,F_STABILITY_FIELD_TEACHER,0,1.0,"S8754 ddG (sign-flipped to project convention); TEACHER ONLY, never benchmarked",1,0.0
S8754_1YRI,S8754_1YRI,V,9,A,2.5,ddG,s8754_ddg,stability,F_STABILITY_FIELD_TEACHER,0,1.0,"S8754 ddG (sign-flipped to project convention); TEACHER ONLY, never benchmarked",1,0.0
S8754_1YRI,S8754_1YRI,F,10,A,4.0,ddG,s8754_ddg,stability,F_STABILITY_FIELD_TEACHER,0,1.0,"S8754 ddG (sign-flipped to project convention); TEACHER ONLY, never benchmarked",1,0.0
S8754_1YRI,S8754_1YRI,L,28,A,3.4,ddG,s8754_ddg,stability,F_STABILITY_FIELD_TEACHER,0,1.0,"S8754 ddG (sign-flipped to project convention); TEACHER ONLY, never benchmarked",1,0.0
S8754_1YRI,S8754_1YRI,L,34,A,2.2,ddG,s8754_ddg,stability,F_STABILITY_FIELD_TEACHER,0,1.0,"S8754 ddG (sign-flipped to project convention); TEACHER ONLY, never benchmarked",1,0.0
S8754_1NFI,S8754_1NFI,V,24,L,-2.1,ddG,s8754_ddg,stability,F_STABILITY_FIELD_TEACHER,0,1.0,"S8754 ddG (sign-flipped to project convention); TEACHER ONLY, never benchmarked",1,0.0
S8754_1NFI,S8754_1NFI,Q,42,G,-1.75,ddG,s8754_ddg,stability,F_STABILITY_FIELD_TEACHER,0,1.0,"S8754 ddG (sign-flipped to project convention); TEACHER ONLY, never benchmarked",1,0.0
S8754_1NFI,S8754_1NFI,T,44,S,0.9,ddG,s8754_ddg,stability,F_STABILITY_FIELD_TEACHER,0,1.0,"S8754 ddG (sign-flipped to project convention); TEACHER ONLY, never benchmarked",1,0.0
S8754_1NFI,S8754_1NFI,L,48,V,1.0,ddG,s8754_ddg,stability,F_STABILITY_FIELD_TEACHER,0,1.0,"S8754 ddG (sign-flipped to project convention); TEACHER ONLY, never benchmarked",1,0.0
S8754_1NFI,S8754_1NFI,N,53,G,-1.0,ddG,s8754_ddg,stability,F_STABILITY_FIELD_TEACHER,0,1.0,"S8754 ddG (sign-flipped to project convention); TEACHER ONLY, never benchmarked",1,0.0
S8754_1NFI,S8754_1NFI,A,58,V,-0.3,ddG,s8754_ddg,stability,F_STABILITY_FIELD_TEACHER,0,1.0,"S8754 ddG (sign-flipped to project convention); TEACHER ONLY, never benchmarked",1,0.0
S8754_1NFI,S8754_1NFI,L,62,V,1.8,ddG,s8754_ddg,stability,F_STABILITY_FIELD_TEACHER,0,1.0,"S8754 ddG (sign-flipped to project convention); TEACHER ONLY, never benchmarked",1,0.0
S8754_1NFI,S8754_1NFI,T,77,S,1.6,ddG,s8754_ddg,stability,F_STABILITY_FIELD_TEACHER,0,1.0,"S8754 ddG (sign-flipped to project convention); TEACHER ONLY, never benchmarked",1,0.0
S8754_1NFI,S8754_1NFI,V,91,A,-0.2,ddG,s8754_ddg,stability,F_STABILITY_FIELD_TEACHER,0,1.0,"S8754 ddG (sign-flipped to project convention); TEACHER ONLY, never benchmarked",1,0.0
S8754_1NFI,S8754_1NFI,L,94,V,1.3,ddG,s8754_ddg,stability,F_STABILITY_FIELD_TEACHER,0,1.0,"S8754 ddG (sign-flipped to project convention); TEACHER ONLY, never benchmarked",1,0.0
S8754_1NFI,S8754_1NFI,T,95,L,-0.6000000000000001,ddG,s8754_ddg,stability,F_STABILITY_FIELD_TEACHER,0,1.0,"S8754 ddG (sign-flipped to project convention); TEACHER ONLY, never benchmarked",1,0.0
S8754_1NFI,S8754_1NFI,T,116,S,0.8,ddG,s8754_ddg,stability,F_STABILITY_FIELD_TEACHER,0,1.0,"S8754 ddG (sign-flipped to project convention); TEACHER ONLY, never benchmarked",1,0.0
S8754_1NFI,S8754_1NFI,C,117,P,-0.7000000000000001,ddG,s8754_ddg,stability,F_STABILITY_FIELD_TEACHER,0,1.0,"S8754 ddG (sign-flipped to project convention); TEACHER ONLY, never benchmarked",1,0.0
S8754_1NFI,S8754_1NFI,G,125,A,1.1,ddG,s8754_ddg,stability,F_STABILITY_FIELD_TEACHER,0,1.0,"S8754 ddG (sign-flipped to project convention); TEACHER ONLY, never benchmarked",1,0.0
S8754_1NFI,S8754_1NFI,V,134,L,-0.55,ddG,s8754_ddg,stability,F_STABILITY_FIELD_TEACHER,0,1.0,"S8754 ddG (sign-flipped to project convention); TEACHER ONLY, never benchmarked",1,0.0
S8754_1NFI,S8754_1NFI,W,189,F,-0.4,ddG,s8754_ddg,stability,F_STABILITY_FIELD_TEACHER,0,1.0,"S8754 ddG (sign-flipped to project convention); TEACHER ONLY, never benchmarked",1,0.0
S8754_3CMQ,S8754_3CMQ,S,21,C,-0.43,ddG,s8754_ddg,stability,F_STABILITY_FIELD_TEACHER,0,1.0,"S8754 ddG (sign-flipped to project convention); TEACHER ONLY, never benchmarked",1,0.0
S8754_3CMQ,S8754_3CMQ,N,244,S,-0.51,ddG,s8754_ddg,stability,F_STABILITY_FIELD_TEACHER,0,1.0,"S8754 ddG (sign-flipped to project convention); TEACHER ONLY, never benchmarked",1,0.0
S8754_1IDS,S8754_1IDS,G,152,A,4.3,ddG,s8754_ddg,stability,F_STABILITY_FIELD_TEACHER,0,1.0,"S8754 ddG (sign-flipped to project convention); TEACHER ONLY, never benchmarked",1,0.0
S8754_1U4Q,S8754_1U4Q,Q,6,A,0.26,ddG,s8754_ddg,stability,F_STABILITY_FIELD_TEACHER,0,1.0,"S8754 ddG (sign-flipped to project convention); TEACHER ONLY, never benchmarked",1,0.0
S8754_1U4Q,S8754_1U4Q,Q,6,G,0.71,ddG,s8754_ddg,stability,F_STABILITY_FIELD_TEACHER,0,1.0,"S8754 ddG (sign-flipped to project convention); TEACHER ONLY, never benchmarked",1,0.0
S8754_1U4Q,S8754_1U4Q,F,8,A,1.68,ddG,s8754_ddg,stability,F_STABILITY_FIELD_TEACHER,0,1.0,"S8754 ddG (sign-flipped to project convention); TEACHER ONLY, never benchmarked",1,0.0
S8754_1U4Q,S8754_1U4Q,T,10,A,-0.15,ddG,s8754_ddg,stability,F_STABILITY_FIELD_TEACHER,0,1.0,"S8754 ddG (sign-flipped to project convention); TEACHER ONLY, never benchmarked",1,0.0
S8754_1U4Q,S8754_1U4Q,T,10,G,0.79,ddG,s8754_ddg,stability,F_STABILITY_FIELD_TEACHER,0,1.0,"S8754 ddG (sign-flipped to project convention); TEACHER ONLY, never benchmarked",1,0.0
S8754_1U4Q,S8754_1U4Q,I,12,A,0.6,ddG,s8754_ddg,stability,F_STABILITY_FIELD_TEACHER,0,1.0,"S8754 ddG (sign-flipped to project convention); TEACHER ONLY, never benchmarked",1,0.0
S8754_1U4Q,S8754_1U4Q,K,13,A,-0.61,ddG,s8754_ddg,stability,F_STABILITY_FIELD_TEACHER,0,1.0,"S8754 ddG (sign-flipped to project convention); TEACHER ONLY, never benchmarked",1,0.0
S8754_1U4Q,S8754_1U4Q,K,13,G,0.69,ddG,s8754_ddg,stability,F_STABILITY_FIELD_TEACHER,0,1.0,"S8754 ddG (sign-flipped to project convention); TEACHER ONLY, never benchmarked",1,0.0
S8754_1U4Q,S8754_1U4Q,F,15,A,4.15,ddG,s8754_ddg,stability,F_STABILITY_FIELD_TEACHER,0,1.0,"S8754 ddG (sign-flipped to project convention); TEACHER ONLY, never benchmarked",1,0.0
S8754_1U4Q,S8754_1U4Q,F,17,A,-0.25,ddG,s8754_ddg,stability,F_STABILITY_FIELD_TEACHER,0,1.0,"S8754 ddG (sign-flipped to project convention); TEACHER ONLY, never benchmarked",1,0.0
S8754_1U4Q,S8754_1U4Q,F,17,G,0.29,ddG,s8754_ddg,stability,F_STABILITY_FIELD_TEACHER,0,1.0,"S8754 ddG (sign-flipped to project convention); TEACHER ONLY, never benchmarked",1,0.0
S8754_1U4Q,S8754_1U4Q,L,19,A,1.93,ddG,s8754_ddg,stability,F_STABILITY_FIELD_TEACHER,0,1.0,"S8754 ddG (sign-flipped to project convention); TEACHER ONLY, never benchmarked",1,0.0
S8754_1U4Q,S8754_1U4Q,E,21,A,0.32,ddG,s8754_ddg,stability,F_STABILITY_FIELD_TEACHER,0,1.0,"S8754 ddG (sign-flipped to project convention); TEACHER ONLY, never benchmarked",1,0.0
S8754_1U4Q,S8754_1U4Q,E,21,G,0.6,ddG,s8754_ddg,stability,F_STABILITY_FIELD_TEACHER,0,1.0,"S8754 ddG (sign-flipped to project convention); TEACHER ONLY, never benchmarked",1,0.0
S8754_1U4Q,S8754_1U4Q,V,22,A,1.74,ddG,s8754_ddg,stability,F_STABILITY_FIELD_TEACHER,0,1.0,"S8754 ddG (sign-flipped to project convention); TEACHER ONLY, never benchmarked",1,0.0
S8754_1U4Q,S8754_1U4Q,E,23,A,1.88,ddG,s8754_ddg,stability,F_STABILITY_FIELD_TEACHER,0,1.0,"S8754 ddG (sign-flipped to project convention); TEACHER ONLY, never benchmarked",1,0.0
S8754_1U4Q,S8754_1U4Q,E,23,G,2.63,ddG,s8754_ddg,stability,F_STABILITY_FIELD_TEACHER,0,1.0,"S8754 ddG (sign-flipped to project convention); TEACHER ONLY, never benchmarked",1,0.0
S8754_1U4Q,S8754_1U4Q,L,26,A,2.32,ddG,s8754_ddg,stability,F_STABILITY_FIELD_TEACHER,0,1.0,"S8754 ddG (sign-flipped to project convention); TEACHER ONLY, never benchmarked",1,0.0
S8754_1U4Q,S8754_1U4Q,A,36,G,0.5900000000000001,ddG,s8754_ddg,stability,F_STABILITY_FIELD_TEACHER,0,1.0,"S8754 ddG (sign-flipped to project convention); TEACHER ONLY, never benchmarked",1,0.0
S8754_1U4Q,S8754_1U4Q,V,38,A,0.4,ddG,s8754_ddg,stability,F_STABILITY_FIELD_TEACHER,0,1.0,"S8754 ddG (sign-flipped to project convention); TEACHER ONLY, never benchmarked",1,0.0
S8754_1U4Q,S8754_1U4Q,N,40,A,-0.29,ddG,s8754_ddg,stability,F_STABILITY_FIELD_TEACHER,0,1.0,"S8754 ddG (sign-flipped to project convention); TEACHER ONLY, never benchmarked",1,0.0
S8754_1U4Q,S8754_1U4Q,N,40,G,0.67,ddG,s8754_ddg,stability,F_STABILITY_FIELD_TEACHER,0,1.0,"S8754 ddG (sign-flipped to project convention); TEACHER ONLY, never benchmarked",1,0.0
S8754_1U4Q,S8754_1U4Q,L,41,A,0.6,ddG,s8754_ddg,stability,F_STABILITY_FIELD_TEACHER,0,1.0,"S8754 ddG (sign-flipped to project convention); TEACHER ONLY, never benchmarked",1,0.0
S8754_1U4Q,S8754_1U4Q,K,43,A,0.07,ddG,s8754_ddg,stability,F_STABILITY_FIELD_TEACHER,0,1.0,"S8754 ddG (sign-flipped to project convention); TEACHER ONLY, never benchmarked",1,0.0
S8754_1U4Q,S8754_1U4Q,K,43,G,1.02,ddG,s8754_ddg,stability,F_STABILITY_FIELD_TEACHER,0,1.0,"S8754 ddG (sign-flipped to project convention); TEACHER ONLY, never benchmarked",1,0.0
S8754_1U4Q,S8754_1U4Q,H,45,A,1.36,ddG,s8754_ddg,stability,F_STABILITY_FIELD_TEACHER,0,1.0,"S8754 ddG (sign-flipped to project convention); TEACHER ONLY, never benchmarked",1,0.0
S8754_1U4Q,S8754_1U4Q,L,47,A,0.54,ddG,s8754_ddg,stability,F_STABILITY_FIELD_TEACHER,0,1.0,"S8754 ddG (sign-flipped to project convention); TEACHER ONLY, never benchmarked",1,0.0
S8754_1U4Q,S8754_1U4Q,L,47,G,1.73,ddG,s8754_ddg,stability,F_STABILITY_FIELD_TEACHER,0,1.0,"S8754 ddG (sign-flipped to project convention); TEACHER ONLY, never benchmarked",1,0.0
S8754_1U4Q,S8754_1U4Q,L,48,A,2.87,ddG,s8754_ddg,stability,F_STABILITY_FIELD_TEACHER,0,1.0,"S8754 ddG (sign-flipped to project convention); TEACHER ONLY, never benchmarked",1,0.0
S8754_1U4Q,S8754_1U4Q,A,50,G,1.27,ddG,s8754_ddg,stability,F_STABILITY_FIELD_TEACHER,0,1.0,"S8754 ddG (sign-flipped to project convention); TEACHER ONLY, never benchmarked",1,0.0
S8754_1U4Q,S8754_1U4Q,I,52,A,5.75,ddG,s8754_ddg,stability,F_STABILITY_FIELD_TEACHER,0,1.0,"S8754 ddG (sign-flipped to project convention); TEACHER ONLY, never benchmarked",1,0.0
S8754_1U4Q,S8754_1U4Q,A,54,G,1.34,ddG,s8754_ddg,stability,F_STABILITY_FIELD_TEACHER,0,1.0,"S8754 ddG (sign-flipped to project convention); TEACHER ONLY, never benchmarked",1,0.0
S8754_1U4Q,S8754_1U4Q,H,55,A,0.41,ddG,s8754_ddg,stability,F_STABILITY_FIELD_TEACHER,0,1.0,"S8754 ddG (sign-flipped to project convention); TEACHER ONLY, never benchmarked",1,0.0
S8754_1U4Q,S8754_1U4Q,D,57,A,-0.07,ddG,s8754_ddg,stability,F_STABILITY_FIELD_TEACHER,0,1.0,"S8754 ddG (sign-flipped to project convention); TEACHER ONLY, never benchmarked",1,0.0
S8754_1U4Q,S8754_1U4Q,D,57,G,0.45,ddG,s8754_ddg,stability,F_STABILITY_FIELD_TEACHER,0,1.0,"S8754 ddG (sign-flipped to project convention); TEACHER ONLY, never benchmarked",1,0.0
S8754_1U4Q,S8754_1U4Q,L,59,A,2.74,ddG,s8754_ddg,stability,F_STABILITY_FIELD_TEACHER,0,1.0,"S8754 ddG (sign-flipped to project convention); TEACHER ONLY, never benchmarked",1,0.0
S8754_1U4Q,S8754_1U4Q,K,60,A,0.34,ddG,s8754_ddg,stability,F_STABILITY_FIELD_TEACHER,0,1.0,"S8754 ddG (sign-flipped to project convention); TEACHER ONLY, never benchmarked",1,0.0
S8754_1U4Q,S8754_1U4Q,K,60,G,1.16,ddG,s8754_ddg,stability,F_STABILITY_FIELD_TEACHER,0,1.0,"S8754 ddG (sign-flipped to project convention); TEACHER ONLY, never benchmarked",1,0.0
S8754_1U4Q,S8754_1U4Q,L,62,A,2.74,ddG,s8754_ddg,stability,F_STABILITY_FIELD_TEACHER,0,1.0,"S8754 ddG (sign-flipped to project convention); TEACHER ONLY, never benchmarked",1,0.0
S8754_1U4Q,S8754_1U4Q,S,64,A,-0.37,ddG,s8754_ddg,stability,F_STABILITY_FIELD_TEACHER,0,1.0,"S8754 ddG (sign-flipped to project convention); TEACHER ONLY, never benchmarked",1,0.0
S8754_1U4Q,S8754_1U4Q,S,64,G,0.8,ddG,s8754_ddg,stability,F_STABILITY_FIELD_TEACHER,0,1.0,"S8754 ddG (sign-flipped to project convention); TEACHER ONLY, never benchmarked",1,0.0
S8754_1U4Q,S8754_1U4Q,A,66,G,1.48,ddG,s8754_ddg,stability,F_STABILITY_FIELD_TEACHER,0,1.0,"S8754 ddG (sign-flipped to project convention); TEACHER ONLY, never benchmarked",1,0.0
S8754_1U4Q,S8754_1U4Q,S,68,A,0.15,ddG,s8754_ddg,stability,F_STABILITY_FIELD_TEACHER,0,1.0,"S8754 ddG (sign-flipped to project convention); TEACHER ONLY, never benchmarked",1,0.0
S8754_1U4Q,S8754_1U4Q,S,68,G,0.79,ddG,s8754_ddg,stability,F_STABILITY_FIELD_TEACHER,0,1.0,"S8754 ddG (sign-flipped to project convention); TEACHER ONLY, never benchmarked",1,0.0
S8754_1U4Q,S8754_1U4Q,L,69,A,1.55,ddG,s8754_ddg,stability,F_STABILITY_FIELD_TEACHER,0,1.0,"S8754 ddG (sign-flipped to project convention); TEACHER ONLY, never benchmarked",1,0.0
S8754_1U4Q,S8754_1U4Q,S,78,A,0.22,ddG,s8754_ddg,stability,F_STABILITY_FIELD_TEACHER,0,1.0,"S8754 ddG (sign-flipped to project convention); TEACHER ONLY, never benchmarked",1,0.0
S8754_1U4Q,S8754_1U4Q,S,78,G,0.39,ddG,s8754_ddg,stability,F_STABILITY_FIELD_TEACHER,0,1.0,"S8754 ddG (sign-flipped to project convention); TEACHER ONLY, never benchmarked",1,0.0
S8754_1U4Q,S8754_1U4Q,V,80,A,1.16,ddG,s8754_ddg,stability,F_STABILITY_FIELD_TEACHER,0,1.0,"S8754 ddG (sign-flipped to project convention); TEACHER ONLY, never benchmarked",1,0.0
S8754_1U4Q,S8754_1U4Q,D,82,A,0.02,ddG,s8754_ddg,stability,F_STABILITY_FIELD_TEACHER,0,1.0,"S8754 ddG (sign-flipped to project convention); TEACHER ONLY, never benchmarked",1,0.0
S8754_1U4Q,S8754_1U4Q,D,82,G,0.98,ddG,s8754_ddg,stability,F_STABILITY_FIELD_TEACHER,0,1.0,"S8754 ddG (sign-flipped to project convention); TEACHER ONLY, never benchmarked",1,0.0
S8754_1U4Q,S8754_1U4Q,R,84,A,0.58,ddG,s8754_ddg,stability,F_STABILITY_FIELD_TEACHER,0,1.0,"S8754 ddG (sign-flipped to project convention); TEACHER ONLY, never benchmarked",1,0.0
S8754_1U4Q,S8754_1U4Q,E,85,A,0.27,ddG,s8754_ddg,stability,F_STABILITY_FIELD_TEACHER,0,1.0,"S8754 ddG (sign-flipped to project convention); TEACHER ONLY, never benchmarked",1,0.0
S8754_1U4Q,S8754_1U4Q,E,85,G,1.02,ddG,s8754_ddg,stability,F_STABILITY_FIELD_TEACHER,0,1.0,"S8754 ddG (sign-flipped to project convention); TEACHER ONLY, never benchmarked",1,0.0
S8754_1U4Q,S8754_1U4Q,I,87,A,1.33,ddG,s8754_ddg,stability,F_STABILITY_FIELD_TEACHER,0,1.0,"S8754 ddG (sign-flipped to project convention); TEACHER ONLY, never benchmarked",1,0.0
S8754_1U4Q,S8754_1U4Q,G,89,A,-0.5,ddG,s8754_ddg,stability,F_STABILITY_FIELD_TEACHER,0,1.0,"S8754 ddG (sign-flipped to project convention); TEACHER ONLY, never benchmarked",1,0.0
S8754_1U4Q,S8754_1U4Q,F,91,A,4.33,ddG,s8754_ddg,stability,F_STABILITY_FIELD_TEACHER,0,1.0,"S8754 ddG (sign-flipped to project convention); TEACHER ONLY, never benchmarked",1,0.0
S8754_1U4Q,S8754_1U4Q,Q,92,A,0.46,ddG,s8754_ddg,stability,F_STABILITY_FIELD_TEACHER,0,1.0,"S8754 ddG (sign-flipped to project convention); TEACHER ONLY, never benchmarked",1,0.0
S8754_1U4Q,S8754_1U4Q,Q,92,G,0.85,ddG,s8754_ddg,stability,F_STABILITY_FIELD_TEACHER,0,1.0,"S8754 ddG (sign-flipped to project convention); TEACHER ONLY, never benchmarked",1,0.0
S8754_1U4Q,S8754_1U4Q,I,94,A,1.76,ddG,s8754_ddg,stability,F_STABILITY_FIELD_TEACHER,0,1.0,"S8754 ddG (sign-flipped to project convention); TEACHER ONLY, never benchmarked",1,0.0
S8754_1U4Q,S8754_1U4Q,S,96,A,-0.21,ddG,s8754_ddg,stability,F_STABILITY_FIELD_TEACHER,0,1.0,"S8754 ddG (sign-flipped to project convention); TEACHER ONLY, never benchmarked",1,0.0
S8754_1U4Q,S8754_1U4Q,S,96,G,0.77,ddG,s8754_ddg,stability,F_STABILITY_FIELD_TEACHER,0,1.0,"S8754 ddG (sign-flipped to project convention); TEACHER ONLY, never benchmarked",1,0.0
S8754_1U4Q,S8754_1U4Q,A,98,G,3.84,ddG,s8754_ddg,stability,F_STABILITY_FIELD_TEACHER,0,1.0,"S8754 ddG (sign-flipped to project convention); TEACHER ONLY, never benchmarked",1,0.0
S8754_1U4Q,S8754_1U4Q,A,100,G,1.38,ddG,s8754_ddg,stability,F_STABILITY_FIELD_TEACHER,0,1.0,"S8754 ddG (sign-flipped to project convention); TEACHER ONLY, never benchmarked",1,0.0
S8754_1U4Q,S8754_1U4Q,R,101,A,1.13,ddG,s8754_ddg,stability,F_STABILITY_FIELD_TEACHER,0,1.0,"S8754 ddG (sign-flipped to project convention); TEACHER ONLY, never benchmarked",1,0.0
S8754_1U4Q,S8754_1U4Q,A,103,G,1.15,ddG,s8754_ddg,stability,F_STABILITY_FIELD_TEACHER,0,1.0,"S8754 ddG (sign-flipped to project convention); TEACHER ONLY, never benchmarked",1,0.0
S8754_1U4Q,S8754_1U4Q,L,105,A,2.27,ddG,s8754_ddg,stability,F_STABILITY_FIELD_TEACHER,0,1.0,"S8754 ddG (sign-flipped to project convention); TEACHER ONLY, never benchmarked",1,0.0
S8754_1U4Q,S8754_1U4Q,S,108,A,0.1,ddG,s8754_ddg,stability,F_STABILITY_FIELD_TEACHER,0,1.0,"S8754 ddG (sign-flipped to project convention); TEACHER ONLY, never benchmarked",1,0.0
S8754_1U4Q,S8754_1U4Q,L,111,A,0.24,ddG,s8754_ddg,stability,F_STABILITY_FIELD_TEACHER,0,1.0,"S8754 ddG (sign-flipped to project convention); TEACHER ONLY, never benchmarked",1,0.0
S8754_1U4Q,S8754_1U4Q,L,111,G,0.56,ddG,s8754_ddg,stability,F_STABILITY_FIELD_TEACHER,0,1.0,"S8754 ddG (sign-flipped to project convention); TEACHER ONLY, never benchmarked",1,0.0
S8754_1WPQ,S8754_1WPQ,R,269,A,-9.1,ddG,s8754_ddg,stability,F_STABILITY_FIELD_TEACHER,0,1.0,"S8754 ddG (sign-flipped to project convention); TEACHER ONLY, never benchmarked",1,0.0
S8754_1WPQ,S8754_1WPQ,N,270,A,-5.6,ddG,s8754_ddg,stability,F_STABILITY_FIELD_TEACHER,0,1.0,"S8754 ddG (sign-flipped to project convention); TEACHER ONLY, never benchmarked",1,0.0
S8754_1WPQ,S8754_1WPQ,Q,295,A,1.7000000000000002,ddG,s8754_ddg,stability,F_STABILITY_FIELD_TEACHER,0,1.0,"S8754 ddG (sign-flipped to project convention); TEACHER ONLY, never benchmarked",1,0.0
S8754_1WPQ,S8754_1WPQ,Q,295,G,0.4,ddG,s8754_ddg,stability,F_STABILITY_FIELD_TEACHER,0,1.0,"S8754 ddG (sign-flipped to project convention); TEACHER ONLY, never benchmarked",1,0.0
S8754_1WPQ,S8754_1WPQ,Q,295,N,2.7,ddG,s8754_ddg,stability,F_STABILITY_FIELD_TEACHER,0,1.0,"S8754 ddG (sign-flipped to project convention); TEACHER ONLY, never benchmarked",1,0.0
S8754_1WPQ,S8754_1WPQ,Q,295,S,0.6000000000000001,ddG,s8754_ddg,stability,F_STABILITY_FIELD_TEACHER,0,1.0,"S8754 ddG (sign-flipped to project convention); TEACHER ONLY, never benchmarked",1,0.0
S8754_1BNZ,S8754_1BNZ,V,4,A,2.12,ddG,s8754_ddg,stability,F_STABILITY_FIELD_TEACHER,0,1.0,"S8754 ddG (sign-flipped to project convention); TEACHER ONLY, never benchmarked",1,0.0
S8754_1BNZ,S8754_1BNZ,K,7,A,0.27,ddG,s8754_ddg,stability,F_STABILITY_FIELD_TEACHER,0,1.0,"S8754 ddG (sign-flipped to project convention); TEACHER ONLY, never benchmarked",1,0.0
S8754_1BNZ,S8754_1BNZ,E,12,A,0.29,ddG,s8754_ddg,stability,F_STABILITY_FIELD_TEACHER,0,1.0,"S8754 ddG (sign-flipped to project convention); TEACHER ONLY, never benchmarked",1,0.0
S8754_1BNZ,S8754_1BNZ,V,15,A,2.29,ddG,s8754_ddg,stability,F_STABILITY_FIELD_TEACHER,0,1.0,"S8754 ddG (sign-flipped to project convention); TEACHER ONLY, never benchmarked",1,0.0
S8754_1BNZ,S8754_1BNZ,I,17,A,1.21,ddG,s8754_ddg,stability,F_STABILITY_FIELD_TEACHER,0,1.0,"S8754 ddG (sign-flipped to project convention); TEACHER ONLY, never benchmarked",1,0.0
S8754_1BNZ,S8754_1BNZ,S,18,A,0.13,ddG,s8754_ddg,stability,F_STABILITY_FIELD_TEACHER,0,1.0,"S8754 ddG (sign-flipped to project convention); TEACHER ONLY, never benchmarked",1,0.0
S8754_1BNZ,S8754_1BNZ,V,23,A,0.23,ddG,s8754_ddg,stability,F_STABILITY_FIELD_TEACHER,0,1.0,"S8754 ddG (sign-flipped to project convention); TEACHER ONLY, never benchmarked",1,0.0
S8754_1BNZ,S8754_1BNZ,R,25,A,0.38,ddG,s8754_ddg,stability,F_STABILITY_FIELD_TEACHER,0,1.0,"S8754 ddG (sign-flipped to project convention); TEACHER ONLY, never benchmarked",1,0.0
S8754_1BNZ,S8754_1BNZ,G,27,A,0.76,ddG,s8754_ddg,stability,F_STABILITY_FIELD_TEACHER,0,1.0,"S8754 ddG (sign-flipped to project convention); TEACHER ONLY, never benchmarked",1,0.0
S8754_1BNZ,S8754_1BNZ,I,30,A,2.72,ddG,s8754_ddg,stability,F_STABILITY_FIELD_TEACHER,0,1.0,"S8754 ddG (sign-flipped to project convention); TEACHER ONLY, never benchmarked",1,0.0
S8754_1BNZ,S8754_1BNZ,S,31,A,-0.72,ddG,s8754_ddg,stability,F_STABILITY_FIELD_TEACHER,0,1.0,"S8754 ddG (sign-flipped to project convention); TEACHER ONLY, never benchmarked",1,0.0
S8754_1BNZ,S8754_1BNZ,F,32,A,2.31,ddG,s8754_ddg,stability,F_STABILITY_FIELD_TEACHER,0,1.0,"S8754 ddG (sign-flipped to project convention); TEACHER ONLY, never benchmarked",1,0.0
S8754_1BNZ,S8754_1BNZ,D,35,A,0.54,ddG,s8754_ddg,stability,F_STABILITY_FIELD_TEACHER,0,1.0,"S8754 ddG (sign-flipped to project convention); TEACHER ONLY, never benchmarked",1,0.0
S8754_1BNZ,S8754_1BNZ,G,37,A,0.56,ddG,s8754_ddg,stability,F_STABILITY_FIELD_TEACHER,0,1.0,"S8754 ddG (sign-flipped to project convention); TEACHER ONLY, never benchmarked",1,0.0
S8754_1BNZ,S8754_1BNZ,T,41,A,0.84,ddG,s8754_ddg,stability,F_STABILITY_FIELD_TEACHER,0,1.0,"S8754 ddG (sign-flipped to project convention); TEACHER ONLY, never benchmarked",1,0.0
S8754_1BNZ,S8754_1BNZ,R,43,A,0.56,ddG,s8754_ddg,stability,F_STABILITY_FIELD_TEACHER,0,1.0,"S8754 ddG (sign-flipped to project convention); TEACHER ONLY, never benchmarked",1,0.0
S8754_1BNZ,S8754_1BNZ,A,45,G,1.27,ddG,s8754_ddg,stability,F_STABILITY_FIELD_TEACHER,0,1.0,"S8754 ddG (sign-flipped to project convention); TEACHER ONLY, never benchmarked",1,0.0
S8754_1BNZ,S8754_1BNZ,V,46,A,1.63,ddG,s8754_ddg,stability,F_STABILITY_FIELD_TEACHER,0,1.0,"S8754 ddG (sign-flipped to project convention); TEACHER ONLY, never benchmarked",1,0.0
S8754_1BNZ,S8754_1BNZ,S,47,A,-0.18,ddG,s8754_ddg,stability,F_STABILITY_FIELD_TEACHER,0,1.0,"S8754 ddG (sign-flipped to project convention); TEACHER ONLY, never benchmarked",1,0.0
S8754_1BNZ,S8754_1BNZ,A,51,G,2.1,ddG,s8754_ddg,stability,F_STABILITY_FIELD_TEACHER,0,1.0,"S8754 ddG (sign-flipped to project convention); TEACHER ONLY, never benchmarked",1,0.0
S8754_1BNZ,S8754_1BNZ,L,55,A,3.92,ddG,s8754_ddg,stability,F_STABILITY_FIELD_TEACHER,0,1.0,"S8754 ddG (sign-flipped to project convention); TEACHER ONLY, never benchmarked",1,0.0
S8754_1BNZ,S8754_1BNZ,L,56,A,1.45,ddG,s8754_ddg,stability,F_STABILITY_FIELD_TEACHER,0,1.0,"S8754 ddG (sign-flipped to project convention); TEACHER ONLY, never benchmarked",1,0.0
S8754_1BNZ,S8754_1BNZ,Q,57,G,0.43,ddG,s8754_ddg,stability,F_STABILITY_FIELD_TEACHER,0,1.0,"S8754 ddG (sign-flipped to project convention); TEACHER ONLY, never benchmarked",1,0.0
S8754_1BNZ,S8754_1BNZ,L,59,A,0.67,ddG,s8754_ddg,stability,F_STABILITY_FIELD_TEACHER,0,1.0,"S8754 ddG (sign-flipped to project convention); TEACHER ONLY, never benchmarked",1,0.0
S8754_1KA6,S8754_1KA6,L,31,P,1.71,ddG,s8754_ddg,stability,F_STABILITY_FIELD_TEACHER,0,1.0,"S8754 ddG (sign-flipped to project convention); TEACHER ONLY, never benchmarked",1,0.0
S8754_1KA6,S8754_1KA6,Y,54,C,1.42,ddG,s8754_ddg,stability,F_STABILITY_FIELD_TEACHER,0,1.0,"S8754 ddG (sign-flipped to project convention); TEACHER ONLY, never benchmarked",1,0.0
S8754_1KA6,S8754_1KA6,R,55,L,1.63,ddG,s8754_ddg,stability,F_STABILITY_FIELD_TEACHER,0,1.0,"S8754 ddG (sign-flipped to project convention); TEACHER ONLY, never benchmarked",1,0.0
S8754_1KA6,S8754_1KA6,E,67,D,1.31,ddG,s8754_ddg,stability,F_STABILITY_FIELD_TEACHER,0,1.0,"S8754 ddG (sign-flipped to project convention); TEACHER ONLY, never benchmarked",1,0.0
S8754_1KA6,S8754_1KA6,F,87,S,1.14,ddG,s8754_ddg,stability,F_STABILITY_FIELD_TEACHER,0,1.0,"S8754 ddG (sign-flipped to project convention); TEACHER ONLY, never benchmarked",1,0.0
S8754_1KA6,S8754_1KA6,G,93,D,0.63,ddG,s8754_ddg,stability,F_STABILITY_FIELD_TEACHER,0,1.0,"S8754 ddG (sign-flipped to project convention); TEACHER ONLY, never benchmarked",1,0.0
S8754_1SHG,S8754_1SHG,Y,13,F,1.6858333333333333,ddG,s8754_ddg,stability,F_STABILITY_FIELD_TEACHER,0,1.0,"S8754 ddG (sign-flipped to project convention); TEACHER ONLY, never benchmarked",2,1.688333333333333
S8754_1SHG,S8754_1SHG,D,48,G,-1.2560380000000002,ddG,s8754_ddg,stability,F_STABILITY_FIELD_TEACHER,0,1.0,"S8754 ddG (sign-flipped to project convention); TEACHER ONLY, never benchmarked",2,0.8879240000000002
S8754_1SHG,S8754_1SHG,F,52,Y,0.0,ddG,s8754_ddg,stability,F_STABILITY_FIELD_TEACHER,0,1.0,"S8754 ddG (sign-flipped to project convention); TEACHER ONLY, never benchmarked",2,0.88
S8754_1SHG,S8754_1SHG,Y,57,F,1.7128333333333334,ddG,s8754_ddg,stability,F_STABILITY_FIELD_TEACHER,0,1.0,"S8754 ddG (sign-flipped to project convention); TEACHER ONLY, never benchmarked",2,1.7143333333333337
S8754_1SHG,S8754_1SHG,K,59,Y,0.0,ddG,s8754_ddg,stability,F_STABILITY_FIELD_TEACHER,0,1.0,"S8754 ddG (sign-flipped to project convention); TEACHER ONLY, never benchmarked",2,1.68
S8754_2TS1,S8754_2TS1,T,51,P,1.0575,ddG,s8754_ddg,stability,F_STABILITY_FIELD_TEACHER,0,1.0,"S8754 ddG (sign-flipped to project convention); TEACHER ONLY, never benchmarked",1,0.0
S8754_2TS1,S8754_2TS1,I,52,L,-0.1,ddG,s8754_ddg,stability,F_STABILITY_FIELD_TEACHER,0,1.0,"S8754 ddG (sign-flipped to project convention); TEACHER ONLY, never benchmarked",1,0.0
S8754_2TS1,S8754_2TS1,L,105,V,3.15,ddG,s8754_ddg,stability,F_STABILITY_FIELD_TEACHER,0,1.0,"S8754 ddG (sign-flipped to project convention); TEACHER ONLY, never benchmarked",1,0.0
S8754_P01593,S8754_P01593,Y,71,F,-1.290630975,ddG,s8754_ddg,stability,F_STABILITY_FIELD_TEACHER,0,1.0,"S8754 ddG (sign-flipped to project convention); TEACHER ONLY, never benchmarked",1,0.0
S8754_2JYS,S8754_2JYS,Q,8,R,0.02,ddG,s8754_ddg,stability,F_STABILITY_FIELD_TEACHER,0,1.0,"S8754 ddG (sign-flipped to project convention); TEACHER ONLY, never benchmarked",2,0.28
S8754_2JYS,S8754_2JYS,H,22,L,-0.0699999999999999,ddG,s8754_ddg,stability,F_STABILITY_FIELD_TEACHER,0,1.0,"S8754 ddG (sign-flipped to project convention); TEACHER ONLY, never benchmarked",2,0.6799999999999999
S8754_2JYS,S8754_2JYS,S,25,T,-0.4649999999999999,ddG,s8754_ddg,stability,F_STABILITY_FIELD_TEACHER,0,1.0,"S8754 ddG (sign-flipped to project convention); TEACHER ONLY, never benchmarked",2,0.0499999999999999
S8754_2JYS,S8754_2JYS,T,28,D,-0.055,ddG,s8754_ddg,stability,F_STABILITY_FIELD_TEACHER,0,1.0,"S8754 ddG (sign-flipped to project convention); TEACHER ONLY, never benchmarked",2,0.0099999999999999
S8754_1QLP,S8754_1QLP,A,31,I,-0.9,ddG,s8754_ddg,stability,F_STABILITY_FIELD_TEACHER,0,1.0,"S8754 ddG (sign-flipped to project convention); TEACHER ONLY, never benchmarked",1,0.0
S8754_1QLP,S8754_1QLP,A,31,L,-0.9,ddG,s8754_ddg,stability,F_STABILITY_FIELD_TEACHER,0,1.0,"S8754 ddG (sign-flipped to project convention); TEACHER ONLY, never benchmarked",1,0.0
S8754_1QLP,S8754_1QLP,A,31,P,-2.5,ddG,s8754_ddg,stability,F_STABILITY_FIELD_TEACHER,0,1.0,"S8754 ddG (sign-flipped to project convention); TEACHER ONLY, never benchmarked",1,0.0
S8754_1QLP,S8754_1QLP,A,31,V,-0.6,ddG,s8754_ddg,stability,F_STABILITY_FIELD_TEACHER,0,1.0,"S8754 ddG (sign-flipped to project convention); TEACHER ONLY, never benchmarked",1,0.0
S8754_1QLP,S8754_1QLP,F,51,C,-3.305,ddG,s8754_ddg,stability,F_STABILITY_FIELD_TEACHER,0,1.0,"S8754 ddG (sign-flipped to project convention); TEACHER ONLY, never benchmarked",2,0.5900000000000003
S8754_1QLP,S8754_1QLP,F,51,L,-1.93,ddG,s8754_ddg,stability,F_STABILITY_FIELD_TEACHER,0,1.0,"S8754 ddG (sign-flipped to project convention); TEACHER ONLY, never benchmarked",2,0.3400000000000001
S8754_1QLP,S8754_1QLP,V,55,I,0.2,ddG,s8754_ddg,stability,F_STABILITY_FIELD_TEACHER,0,1.0,"S8754 ddG (sign-flipped to project convention); TEACHER ONLY, never benchmarked",1,0.0
S8754_1QLP,S8754_1QLP,V,55,L,0.3,ddG,s8754_ddg,stability,F_STABILITY_FIELD_TEACHER,0,1.0,"S8754 ddG (sign-flipped to project convention); TEACHER ONLY, never benchmarked",1,0.0
S8754_1QLP,S8754_1QLP,T,59,A,-1.0,ddG,s8754_ddg,stability,F_STABILITY_FIELD_TEACHER,0,1.0,"S8754 ddG (sign-flipped to project convention); TEACHER ONLY, never benchmarked",1,0.0
S8754_1QLP,S8754_1QLP,T,68,A,-1.0,ddG,s8754_ddg,stability,F_STABILITY_FIELD_TEACHER,0,1.0,"S8754 ddG (sign-flipped to project convention); TEACHER ONLY, never benchmarked",1,0.0
S8754_1QLP,S8754_1QLP,A,70,G,-1.495,ddG,s8754_ddg,stability,F_STABILITY_FIELD_TEACHER,0,1.0,"S8754 ddG (sign-flipped to project convention); TEACHER ONLY, never benchmarked",2,0.2100000000000002
S8754_1QLP,S8754_1QLP,V,145,I,-0.2,ddG,s8754_ddg,stability,F_STABILITY_FIELD_TEACHER,0,1.0,"S8754 ddG (sign-flipped to project convention); TEACHER ONLY, never benchmarked",1,0.0
S8754_1QLP,S8754_1QLP,V,145,L,0.7,ddG,s8754_ddg,stability,F_STABILITY_FIELD_TEACHER,0,1.0,"S8754 ddG (sign-flipped to project convention); TEACHER ONLY, never benchmarked",1,0.0
S8754_1QLP,S8754_1QLP,Y,160,A,0.21,ddG,s8754_ddg,stability,F_STABILITY_FIELD_TEACHER,0,1.0,"S8754 ddG (sign-flipped to project convention); TEACHER ONLY, never benchmarked",1,0.0
S8754_1QLP,S8754_1QLP,Y,160,W,-1.18,ddG,s8754_ddg,stability,F_STABILITY_FIELD_TEACHER,0,1.0,"S8754 ddG (sign-flipped to project convention); TEACHER ONLY, never benchmarked",1,0.0
S8754_1QLP,S8754_1QLP,V,173,I,-0.5,ddG,s8754_ddg,stability,F_STABILITY_FIELD_TEACHER,0,1.0,"S8754 ddG (sign-flipped to project convention); TEACHER ONLY, never benchmarked",1,0.0
S8754_1QLP,S8754_1QLP,V,173,L,0.6,ddG,s8754_ddg,stability,F_STABILITY_FIELD_TEACHER,0,1.0,"S8754 ddG (sign-flipped to project convention); TEACHER ONLY, never benchmarked",1,0.0
S8754_1QLP,S8754_1QLP,A,183,F,-1.5,ddG,s8754_ddg,stability,F_STABILITY_FIELD_TEACHER,0,1.0,"S8754 ddG (sign-flipped to project convention); TEACHER ONLY, never benchmarked",1,0.0
S8754_1QLP,S8754_1QLP,A,183,I,-1.8,ddG,s8754_ddg,stability,F_STABILITY_FIELD_TEACHER,0,1.0,"S8754 ddG (sign-flipped to project convention); TEACHER ONLY, never benchmarked",1,0.0
S8754_1QLP,S8754_1QLP,A,183,L,-1.4,ddG,s8754_ddg,stability,F_STABILITY_FIELD_TEACHER,0,1.0,"S8754 ddG (sign-flipped to project convention); TEACHER ONLY, never benchmarked",1,0.0
S8754_1QLP,S8754_1QLP,A,183,V,-3.8,ddG,s8754_ddg,stability,F_STABILITY_FIELD_TEACHER,0,1.0,"S8754 ddG (sign-flipped to project convention); TEACHER ONLY, never benchmarked",1,0.0
S8754_1QLP,S8754_1QLP,W,194,F,0.47,ddG,s8754_ddg,stability,F_STABILITY_FIELD_TEACHER,0,1.0,"S8754 ddG (sign-flipped to project convention); TEACHER ONLY, never benchmarked",1,0.0
S8754_1QLP,S8754_1QLP,W,238,F,-0.98,ddG,s8754_ddg,stability,F_STABILITY_FIELD_TEACHER,0,1.0,"S8754 ddG (sign-flipped to project convention); TEACHER ONLY, never benchmarked",1,0.0
S8754_1QLP,S8754_1QLP,A,248,F,-1.8,ddG,s8754_ddg,stability,F_STABILITY_FIELD_TEACHER,0,1.0,"S8754 ddG (sign-flipped to project convention); TEACHER ONLY, never benchmarked",1,0.0
S8754_1QLP,S8754_1QLP,A,248,I,-2.2,ddG,s8754_ddg,stability,F_STABILITY_FIELD_TEACHER,0,1.0,"S8754 ddG (sign-flipped to project convention); TEACHER ONLY, never benchmarked",1,0.0
S8754_1QLP,S8754_1QLP,A,248,L,-0.35,ddG,s8754_ddg,stability,F_STABILITY_FIELD_TEACHER,0,1.0,"S8754 ddG (sign-flipped to project convention); TEACHER ONLY, never benchmarked",1,0.0
S8754_1QLP,S8754_1QLP,A,248,V,-2.3,ddG,s8754_ddg,stability,F_STABILITY_FIELD_TEACHER,0,1.0,"S8754 ddG (sign-flipped to project convention); TEACHER ONLY, never benchmarked",1,0.0
S8754_1QLP,S8754_1QLP,A,250,I,0.4,ddG,s8754_ddg,stability,F_STABILITY_FIELD_TEACHER,0,1.0,"S8754 ddG (sign-flipped to project convention); TEACHER ONLY, never benchmarked",1,0.0
S8754_1QLP,S8754_1QLP,A,250,L,1.0,ddG,s8754_ddg,stability,F_STABILITY_FIELD_TEACHER,0,1.0,"S8754 ddG (sign-flipped to project convention); TEACHER ONLY, never benchmarked",1,0.0
S8754_1QLP,S8754_1QLP,A,250,V,0.4,ddG,s8754_ddg,stability,F_STABILITY_FIELD_TEACHER,0,1.0,"S8754 ddG (sign-flipped to project convention); TEACHER ONLY, never benchmarked",1,0.0
S8754_1QLP,S8754_1QLP,A,284,I,0.0,ddG,s8754_ddg,stability,F_STABILITY_FIELD_TEACHER,0,1.0,"S8754 ddG (sign-flipped to project convention); TEACHER ONLY, never benchmarked",1,0.0
S8754_1QLP,S8754_1QLP,A,284,L,0.8,ddG,s8754_ddg,stability,F_STABILITY_FIELD_TEACHER,0,1.0,"S8754 ddG (sign-flipped to project convention); TEACHER ONLY, never benchmarked",1,0.0
S8754_1QLP,S8754_1QLP,A,284,V,-0.8,ddG,s8754_ddg,stability,F_STABILITY_FIELD_TEACHER,0,1.0,"S8754 ddG (sign-flipped to project convention); TEACHER ONLY, never benchmarked",1,0.0
S8754_1QLP,S8754_1QLP,V,321,I,-0.6,ddG,s8754_ddg,stability,F_STABILITY_FIELD_TEACHER,0,1.0,"S8754 ddG (sign-flipped to project convention); TEACHER ONLY, never benchmarked",1,0.0
S8754_1QLP,S8754_1QLP,V,321,L,1.2,ddG,s8754_ddg,stability,F_STABILITY_FIELD_TEACHER,0,1.0,"S8754 ddG (sign-flipped to project convention); TEACHER ONLY, never benchmarked",1,0.0
S8754_1QLP,S8754_1QLP,S,330,R,2.44,ddG,s8754_ddg,stability,F_STABILITY_FIELD_TEACHER,0,1.0,"S8754 ddG (sign-flipped to project convention); TEACHER ONLY, never benchmarked",1,0.0
S8754_1QLP,S8754_1QLP,K,331,F,-1.75,ddG,s8754_ddg,stability,F_STABILITY_FIELD_TEACHER,0,1.0,"S8754 ddG (sign-flipped to project convention); TEACHER ONLY, never benchmarked",1,0.0
S8754_1QLP,S8754_1QLP,K,331,I,-0.84,ddG,s8754_ddg,stability,F_STABILITY_FIELD_TEACHER,0,1.0,"S8754 ddG (sign-flipped to project convention); TEACHER ONLY, never benchmarked",1,0.0
S8754_1QLP,S8754_1QLP,K,331,T,0.54,ddG,s8754_ddg,stability,F_STABILITY_FIELD_TEACHER,0,1.0,"S8754 ddG (sign-flipped to project convention); TEACHER ONLY, never benchmarked",1,0.0
S8754_1QLP,S8754_1QLP,K,331,V,-0.89,ddG,s8754_ddg,stability,F_STABILITY_FIELD_TEACHER,0,1.0,"S8754 ddG (sign-flipped to project convention); TEACHER ONLY, never benchmarked",1,0.0
S8754_1QLP,S8754_1QLP,M,358,V,-0.63,ddG,s8754_ddg,stability,F_STABILITY_FIELD_TEACHER,0,1.0,"S8754 ddG (sign-flipped to project convention); TEACHER ONLY, never benchmarked",1,0.0
S8754_1QLP,S8754_1QLP,V,364,I,-0.4,ddG,s8754_ddg,stability,F_STABILITY_FIELD_TEACHER,0,1.0,"S8754 ddG (sign-flipped to project convention); TEACHER ONLY, never benchmarked",1,0.0
S8754_1QLP,S8754_1QLP,V,364,L,0.3,ddG,s8754_ddg,stability,F_STABILITY_FIELD_TEACHER,0,1.0,"S8754 ddG (sign-flipped to project convention); TEACHER ONLY, never benchmarked",1,0.0
S8754_1QLP,S8754_1QLP,M,374,I,-1.7799999999999998,ddG,s8754_ddg,stability,F_STABILITY_FIELD_TEACHER,0,1.0,"S8754 ddG (sign-flipped to project convention); TEACHER ONLY, never benchmarked",2,1.0399999999999998
S8754_1QLP,S8754_1QLP,S,381,A,-1.0,ddG,s8754_ddg,stability,F_STABILITY_FIELD_TEACHER,0,1.0,"S8754 ddG (sign-flipped to project convention); TEACHER ONLY, never benchmarked",1,0.0
S8754_1QLP,S8754_1QLP,K,387,R,-1.0,ddG,s8754_ddg,stability,F_STABILITY_FIELD_TEACHER,0,1.0,"S8754 ddG (sign-flipped to project convention); TEACHER ONLY, never benchmarked",1,0.0
S8754_2A36,S8754_2A36,T,22,A,-0.4,ddG,s8754_ddg,stability,F_STABILITY_FIELD_TEACHER,0,1.0,"S8754 ddG (sign-flipped to project convention); TEACHER ONLY, never benchmarked",1,0.0
S8754_2A36,S8754_2A36,T,22,D,-1.5,ddG,s8754_ddg,stability,F_STABILITY_FIELD_TEACHER,0,1.0,"S8754 ddG (sign-flipped to project convention); TEACHER ONLY, never benchmarked",1,0.0
S8754_2A36,S8754_2A36,T,22,F,-1.3,ddG,s8754_ddg,stability,F_STABILITY_FIELD_TEACHER,0,1.0,"S8754 ddG (sign-flipped to project convention); TEACHER ONLY, never benchmarked",1,0.0
S8754_2A36,S8754_2A36,T,22,G,-2.995,ddG,s8754_ddg,stability,F_STABILITY_FIELD_TEACHER,0,1.0,"S8754 ddG (sign-flipped to project convention); TEACHER ONLY, never benchmarked",2,1.19
S8754_2A36,S8754_2A36,T,22,K,0.0,ddG,s8754_ddg,stability,F_STABILITY_FIELD_TEACHER,0,1.0,"S8754 ddG (sign-flipped to project convention); TEACHER ONLY, never benchmarked",1,0.0
S8754_2A36,S8754_2A36,T,22,L,-0.5,ddG,s8754_ddg,stability,F_STABILITY_FIELD_TEACHER,0,1.0,"S8754 ddG (sign-flipped to project convention); TEACHER ONLY, never benchmarked",1,0.0
S8754_2A36,S8754_2A36,T,22,N,-1.3,ddG,s8754_ddg,stability,F_STABILITY_FIELD_TEACHER,0,1.0,"S8754 ddG (sign-flipped to project convention); TEACHER ONLY, never benchmarked",1,0.0
S8754_2A36,S8754_2A36,T,22,S,-0.6,ddG,s8754_ddg,stability,F_STABILITY_FIELD_TEACHER,0,1.0,"S8754 ddG (sign-flipped to project convention); TEACHER ONLY, never benchmarked",1,0.0
S8754_P06654,S8754_P06654,M,1,A,-0.14,ddG,s8754_ddg,stability,F_STABILITY_FIELD_TEACHER,0,1.0,"S8754 ddG (sign-flipped to project convention); TEACHER ONLY, never benchmarked",1,0.0
S8754_P06654,S8754_P06654,M,1,D,-0.38,ddG,s8754_ddg,stability,F_STABILITY_FIELD_TEACHER,0,1.0,"S8754 ddG (sign-flipped to project convention); TEACHER ONLY, never benchmarked",1,0.0
S8754_P06654,S8754_P06654,M,1,E,-0.64,ddG,s8754_ddg,stability,F_STABILITY_FIELD_TEACHER,0,1.0,"S8754 ddG (sign-flipped to project convention); TEACHER ONLY, never benchmarked",1,0.0
S8754_P06654,S8754_P06654,M,1,F,-1.14,ddG,s8754_ddg,stability,F_STABILITY_FIELD_TEACHER,0,1.0,"S8754 ddG (sign-flipped to project convention); TEACHER ONLY, never benchmarked",1,0.0
S8754_P06654,S8754_P06654,M,1,G,-0.3,ddG,s8754_ddg,stability,F_STABILITY_FIELD_TEACHER,0,1.0,"S8754 ddG (sign-flipped to project convention); TEACHER ONLY, never benchmarked",1,0.0
S8754_P06654,S8754_P06654,M,1,H,-0.67,ddG,s8754_ddg,stability,F_STABILITY_FIELD_TEACHER,0,1.0,"S8754 ddG (sign-flipped to project convention); TEACHER ONLY, never benchmarked",1,0.0
S8754_P06654,S8754_P06654,M,1,I,-0.43,ddG,s8754_ddg,stability,F_STABILITY_FIELD_TEACHER,0,1.0,"S8754 ddG (sign-flipped to project convention); TEACHER ONLY, never benchmarked",1,0.0
S8754_P06654,S8754_P06654,M,1,K,-0.27,ddG,s8754_ddg,stability,F_STABILITY_FIELD_TEACHER,0,1.0,"S8754 ddG (sign-flipped to project convention); TEACHER ONLY, never benchmarked",1,0.0
S8754_P06654,S8754_P06654,M,1,L,-0.46,ddG,s8754_ddg,stability,F_STABILITY_FIELD_TEACHER,0,1.0,"S8754 ddG (sign-flipped to project convention); TEACHER ONLY, never benchmarked",1,0.0
S8754_P06654,S8754_P06654,M,1,N,-0.43,ddG,s8754_ddg,stability,F_STABILITY_FIELD_TEACHER,0,1.0,"S8754 ddG (sign-flipped to project convention); TEACHER ONLY, never benchmarked",1,0.0
S8754_P06654,S8754_P06654,M,1,P,-0.06,ddG,s8754_ddg,stability,F_STABILITY_FIELD_TEACHER,0,1.0,"S8754 ddG (sign-flipped to project convention); TEACHER ONLY, never benchmarked",1,0.0
S8754_P06654,S8754_P06654,M,1,Q,-0.4,ddG,s8754_ddg,stability,F_STABILITY_FIELD_TEACHER,0,1.0,"S8754 ddG (sign-flipped to project convention); TEACHER ONLY, never benchmarked",1,0.0
S8754_P06654,S8754_P06654,M,1,R,-0.51,ddG,s8754_ddg,stability,F_STABILITY_FIELD_TEACHER,0,1.0,"S8754 ddG (sign-flipped to project convention); TEACHER ONLY, never benchmarked",1,0.0
S8754_P06654,S8754_P06654,T,228,V,-1.31,ddG,s8754_ddg,stability,F_STABILITY_FIELD_TEACHER,0,1.0,"S8754 ddG (sign-flipped to project convention); TEACHER ONLY, never benchmarked",1,0.0
S8754_P06654,S8754_P06654,T,228,Y,-0.15,ddG,s8754_ddg,stability,F_STABILITY_FIELD_TEACHER,0,1.0,"S8754 ddG (sign-flipped to project convention); TEACHER ONLY, never benchmarked",1,0.0
S8754_P06654,S8754_P06654,K,230,S,-0.18,ddG,s8754_ddg,stability,F_STABILITY_FIELD_TEACHER,0,1.0,"S8754 ddG (sign-flipped to project convention); TEACHER ONLY, never benchmarked",1,0.0
S8754_P06654,S8754_P06654,K,230,T,-0.48,ddG,s8754_ddg,stability,F_STABILITY_FIELD_TEACHER,0,1.0,"S8754 ddG (sign-flipped to project convention); TEACHER ONLY, never benchmarked",1,0.0
S8754_P06654,S8754_P06654,K,230,V,0.27,ddG,s8754_ddg,stability,F_STABILITY_FIELD_TEACHER,0,1.0,"S8754 ddG (sign-flipped to project convention); TEACHER ONLY, never benchmarked",1,0.0
S8754_P06654,S8754_P06654,K,230,Y,-0.8200000000000001,ddG,s8754_ddg,stability,F_STABILITY_FIELD_TEACHER,0,1.0,"S8754 ddG (sign-flipped to project convention); TEACHER ONLY, never benchmarked",1,0.0
S8754_P06654,S8754_P06654,L,231,S,4.0,ddG,s8754_ddg,stability,F_STABILITY_FIELD_TEACHER,0,1.0,"S8754 ddG (sign-flipped to project convention); TEACHER ONLY, never benchmarked",1,0.0
S8754_P06654,S8754_P06654,L,231,T,4.0,ddG,s8754_ddg,stability,F_STABILITY_FIELD_TEACHER,0,1.0,"S8754 ddG (sign-flipped to project convention); TEACHER ONLY, never benchmarked",1,0.0
S8754_P06654,S8754_P06654,L,231,V,1.25,ddG,s8754_ddg,stability,F_STABILITY_FIELD_TEACHER,0,1.0,"S8754 ddG (sign-flipped to project convention); TEACHER ONLY, never benchmarked",1,0.0
S8754_P06654,S8754_P06654,L,231,Y,2.76,ddG,s8754_ddg,stability,F_STABILITY_FIELD_TEACHER,0,1.0,"S8754 ddG (sign-flipped to project convention); TEACHER ONLY, never benchmarked",1,0.0
S8754_P06654,S8754_P06654,I,232,S,1.38,ddG,s8754_ddg,stability,F_STABILITY_FIELD_TEACHER,0,1.0,"S8754 ddG (sign-flipped to project convention); TEACHER ONLY, never benchmarked",1,0.0
S8754_P06654,S8754_P06654,I,232,T,0.91,ddG,s8754_ddg,stability,F_STABILITY_FIELD_TEACHER,0,1.0,"S8754 ddG (sign-flipped to project convention); TEACHER ONLY, never benchmarked",1,0.0
S8754_P06654,S8754_P06654,I,232,V,-0.49,ddG,s8754_ddg,stability,F_STABILITY_FIELD_TEACHER,0,1.0,"S8754 ddG (sign-flipped to project convention); TEACHER ONLY, never benchmarked",1,0.0
S8754_P06654,S8754_P06654,I,232,Y,0.21,ddG,s8754_ddg,stability,F_STABILITY_FIELD_TEACHER,0,1.0,"S8754 ddG (sign-flipped to project convention); TEACHER ONLY, never benchmarked",1,0.0
S8754_P06654,S8754_P06654,L,233,S,1.79,ddG,s8754_ddg,stability,F_STABILITY_FIELD_TEACHER,0,1.0,"S8754 ddG (sign-flipped to project convention); TEACHER ONLY, never benchmarked",1,0.0
S8754_P06654,S8754_P06654,L,233,T,1.14,ddG,s8754_ddg,stability,F_STABILITY_FIELD_TEACHER,0,1.0,"S8754 ddG (sign-flipped to project convention); TEACHER ONLY, never benchmarked",1,0.0
S8754_P06654,S8754_P06654,L,233,V,-0.08,ddG,s8754_ddg,stability,F_STABILITY_FIELD_TEACHER,0,1.0,"S8754 ddG (sign-flipped to project convention); TEACHER ONLY, never benchmarked",1,0.0
S8754_P06654,S8754_P06654,L,233,Y,0.02,ddG,s8754_ddg,stability,F_STABILITY_FIELD_TEACHER,0,1.0,"S8754 ddG (sign-flipped to project convention); TEACHER ONLY, never benchmarked",1,0.0
S8754_P06654,S8754_P06654,N,234,S,0.04,ddG,s8754_ddg,stability,F_STABILITY_FIELD_TEACHER,0,1.0,"S8754 ddG (sign-flipped to project convention); TEACHER ONLY, never benchmarked",1,0.0
S8754_P06654,S8754_P06654,N,234,T,0.61,ddG,s8754_ddg,stability,F_STABILITY_FIELD_TEACHER,0,1.0,"S8754 ddG (sign-flipped to project convention); TEACHER ONLY, never benchmarked",1,0.0
S8754_P06654,S8754_P06654,N,234,V,-0.13,ddG,s8754_ddg,stability,F_STABILITY_FIELD_TEACHER,0,1.0,"S8754 ddG (sign-flipped to project convention); TEACHER ONLY, never benchmarked",1,0.0
S8754_P06654,S8754_P06654,N,234,Y,-0.21,ddG,s8754_ddg,stability,F_STABILITY_FIELD_TEACHER,0,1.0,"S8754 ddG (sign-flipped to project convention); TEACHER ONLY, never benchmarked",1,0.0
S8754_P06654,S8754_P06654,G,235,S,-0.03,ddG,s8754_ddg,stability,F_STABILITY_FIELD_TEACHER,0,1.0,"S8754 ddG (sign-flipped to project convention); TEACHER ONLY, never benchmarked",1,0.0
S8754_P06654,S8754_P06654,G,235,T,-0.3,ddG,s8754_ddg,stability,F_STABILITY_FIELD_TEACHER,0,1.0,"S8754 ddG (sign-flipped to project convention); TEACHER ONLY, never benchmarked",1,0.0
S8754_P06654,S8754_P06654,G,235,V,0.42,ddG,s8754_ddg,stability,F_STABILITY_FIELD_TEACHER,0,1.0,"S8754 ddG (sign-flipped to project convention); TEACHER ONLY, never benchmarked",1,0.0
S8754_P06654,S8754_P06654,G,235,Y,0.54,ddG,s8754_ddg,stability,F_STABILITY_FIELD_TEACHER,0,1.0,"S8754 ddG (sign-flipped to project convention); TEACHER ONLY, never benchmarked",1,0.0
S8754_P06654,S8754_P06654,K,236,S,0.13,ddG,s8754_ddg,stability,F_STABILITY_FIELD_TEACHER,0,1.0,"S8754 ddG (sign-flipped to project convention); TEACHER ONLY, never benchmarked",1,0.0
S8754_P06654,S8754_P06654,K,236,T,-0.2,ddG,s8754_ddg,stability,F_STABILITY_FIELD_TEACHER,0,1.0,"S8754 ddG (sign-flipped to project convention); TEACHER ONLY, never benchmarked",1,0.0
S8754_P06654,S8754_P06654,K,236,V,-0.41,ddG,s8754_ddg,stability,F_STABILITY_FIELD_TEACHER,0,1.0,"S8754 ddG (sign-flipped to project convention); TEACHER ONLY, never benchmarked",1,0.0
S8754_P06654,S8754_P06654,K,236,Y,-0.51,ddG,s8754_ddg,stability,F_STABILITY_FIELD_TEACHER,0,1.0,"S8754 ddG (sign-flipped to project convention); TEACHER ONLY, never benchmarked",1,0.0
S8754_P06654,S8754_P06654,T,237,V,-0.54,ddG,s8754_ddg,stability,F_STABILITY_FIELD_TEACHER,0,1.0,"S8754 ddG (sign-flipped to project convention); TEACHER ONLY, never benchmarked",1,0.0
S8754_P06654,S8754_P06654,T,237,Y,-0.3,ddG,s8754_ddg,stability,F_STABILITY_FIELD_TEACHER,0,1.0,"S8754 ddG (sign-flipped to project convention); TEACHER ONLY, never benchmarked",1,0.0
S8754_P06654,S8754_P06654,L,238,S,0.06,ddG,s8754_ddg,stability,F_STABILITY_FIELD_TEACHER,0,1.0,"S8754 ddG (sign-flipped to project convention); TEACHER ONLY, never benchmarked",1,0.0
S8754_P06654,S8754_P06654,L,238,T,-0.42,ddG,s8754_ddg,stability,F_STABILITY_FIELD_TEACHER,0,1.0,"S8754 ddG (sign-flipped to project convention); TEACHER ONLY, never benchmarked",1,0.0
S8754_P06654,S8754_P06654,L,238,V,-0.63,ddG,s8754_ddg,stability,F_STABILITY_FIELD_TEACHER,0,1.0,"S8754 ddG (sign-flipped to project convention); TEACHER ONLY, never benchmarked",1,0.0
S8754_P06654,S8754_P06654,L,238,Y,-1.78,ddG,s8754_ddg,stability,F_STABILITY_FIELD_TEACHER,0,1.0,"S8754 ddG (sign-flipped to project convention); TEACHER ONLY, never benchmarked",1,0.0
S8754_P06654,S8754_P06654,K,239,T,-0.25,ddG,s8754_ddg,stability,F_STABILITY_FIELD_TEACHER,0,1.0,"S8754 ddG (sign-flipped to project convention); TEACHER ONLY, never benchmarked",1,0.0
S8754_P06654,S8754_P06654,K,239,V,-0.53,ddG,s8754_ddg,stability,F_STABILITY_FIELD_TEACHER,0,1.0,"S8754 ddG (sign-flipped to project convention); TEACHER ONLY, never benchmarked",1,0.0
S8754_P06654,S8754_P06654,K,239,Y,-0.6900000000000001,ddG,s8754_ddg,stability,F_STABILITY_FIELD_TEACHER,0,1.0,"S8754 ddG (sign-flipped to project convention); TEACHER ONLY, never benchmarked",1,0.0
S8754_P06654,S8754_P06654,G,240,T,-0.39,ddG,s8754_ddg,stability,F_STABILITY_FIELD_TEACHER,0,1.0,"S8754 ddG (sign-flipped to project convention); TEACHER ONLY, never benchmarked",1,0.0
S8754_P06654,S8754_P06654,G,240,V,-0.52,ddG,s8754_ddg,stability,F_STABILITY_FIELD_TEACHER,0,1.0,"S8754 ddG (sign-flipped to project convention); TEACHER ONLY, never benchmarked",1,0.0
S8754_P06654,S8754_P06654,G,240,Y,-0.24,ddG,s8754_ddg,stability,F_STABILITY_FIELD_TEACHER,0,1.0,"S8754 ddG (sign-flipped to project convention); TEACHER ONLY, never benchmarked",1,0.0
S8754_P06654,S8754_P06654,E,241,T,-0.01,ddG,s8754_ddg,stability,F_STABILITY_FIELD_TEACHER,0,1.0,"S8754 ddG (sign-flipped to project convention); TEACHER ONLY, never benchmarked",1,0.0
S8754_P06654,S8754_P06654,E,241,V,-0.92,ddG,s8754_ddg,stability,F_STABILITY_FIELD_TEACHER,0,1.0,"S8754 ddG (sign-flipped to project convention); TEACHER ONLY, never benchmarked",1,0.0
S8754_P06654,S8754_P06654,E,241,Y,-0.66,ddG,s8754_ddg,stability,F_STABILITY_FIELD_TEACHER,0,1.0,"S8754 ddG (sign-flipped to project convention); TEACHER ONLY, never benchmarked",1,0.0
S8754_P06654,S8754_P06654,T,242,S,-0.01,ddG,s8754_ddg,stability,F_STABILITY_FIELD_TEACHER,0,1.0,"S8754 ddG (sign-flipped to project convention); TEACHER ONLY, never benchmarked",1,0.0
S8754_P06654,S8754_P06654,T,243,Y,-0.71,ddG,s8754_ddg,stability,F_STABILITY_FIELD_TEACHER,0,1.0,"S8754 ddG (sign-flipped to project convention); TEACHER ONLY, never benchmarked",1,0.0
S8754_P06654,S8754_P06654,T,244,V,-0.39,ddG,s8754_ddg,stability,F_STABILITY_FIELD_TEACHER,0,1.0,"S8754 ddG (sign-flipped to project convention); TEACHER ONLY, never benchmarked",1,0.0
S8754_P06654,S8754_P06654,T,244,Y,-0.16,ddG,s8754_ddg,stability,F_STABILITY_FIELD_TEACHER,0,1.0,"S8754 ddG (sign-flipped to project convention); TEACHER ONLY, never benchmarked",1,0.0
S8754_P06654,S8754_P06654,E,245,D,-0.2,ddG,s8754_ddg,stability,F_STABILITY_FIELD_TEACHER,0,1.0,"S8754 ddG (sign-flipped to project convention); TEACHER ONLY, never benchmarked",1,0.0
S8754_P06654,S8754_P06654,E,245,T,-0.65,ddG,s8754_ddg,stability,F_STABILITY_FIELD_TEACHER,0,1.0,"S8754 ddG (sign-flipped to project convention); TEACHER ONLY, never benchmarked",1,0.0
S8754_P06654,S8754_P06654,E,245,V,0.09,ddG,s8754_ddg,stability,F_STABILITY_FIELD_TEACHER,0,1.0,"S8754 ddG (sign-flipped to project convention); TEACHER ONLY, never benchmarked",1,0.0
S8754_P06654,S8754_P06654,E,245,Y,-0.77,ddG,s8754_ddg,stability,F_STABILITY_FIELD_TEACHER,0,1.0,"S8754 ddG (sign-flipped to project convention); TEACHER ONLY, never benchmarked",1,0.0
S8754_P06654,S8754_P06654,A,246,T,0.95,ddG,s8754_ddg,stability,F_STABILITY_FIELD_TEACHER,0,1.0,"S8754 ddG (sign-flipped to project convention); TEACHER ONLY, never benchmarked",1,0.0
S8754_P06654,S8754_P06654,A,246,V,0.88,ddG,s8754_ddg,stability,F_STABILITY_FIELD_TEACHER,0,1.0,"S8754 ddG (sign-flipped to project convention); TEACHER ONLY, never benchmarked",1,0.0
S8754_P06654,S8754_P06654,A,246,Y,1.94,ddG,s8754_ddg,stability,F_STABILITY_FIELD_TEACHER,0,1.0,"S8754 ddG (sign-flipped to project convention); TEACHER ONLY, never benchmarked",1,0.0
S8754_P06654,S8754_P06654,V,247,T,-0.13,ddG,s8754_ddg,stability,F_STABILITY_FIELD_TEACHER,0,1.0,"S8754 ddG (sign-flipped to project convention); TEACHER ONLY, never benchmarked",1,0.0
S8754_P06654,S8754_P06654,V,247,Y,-0.64,ddG,s8754_ddg,stability,F_STABILITY_FIELD_TEACHER,0,1.0,"S8754 ddG (sign-flipped to project convention); TEACHER ONLY, never benchmarked",1,0.0
S8754_P06654,S8754_P06654,D,248,A,1.08,ddG,s8754_ddg,stability,F_STABILITY_FIELD_TEACHER,0,1.0,"S8754 ddG (sign-flipped to project convention); TEACHER ONLY, never benchmarked",1,0.0
S8754_P06654,S8754_P06654,D,248,G,1.2,ddG,s8754_ddg,stability,F_STABILITY_FIELD_TEACHER,0,1.0,"S8754 ddG (sign-flipped to project convention); TEACHER ONLY, never benchmarked",1,0.0
S8754_P06654,S8754_P06654,D,248,T,0.44,ddG,s8754_ddg,stability,F_STABILITY_FIELD_TEACHER,0,1.0,"S8754 ddG (sign-flipped to project convention); TEACHER ONLY, never benchmarked",1,0.0
S8754_P06654,S8754_P06654,D,248,V,1.43,ddG,s8754_ddg,stability,F_STABILITY_FIELD_TEACHER,0,1.0,"S8754 ddG (sign-flipped to project convention); TEACHER ONLY, never benchmarked",1,0.0
S8754_P06654,S8754_P06654,D,248,Y,1.17,ddG,s8754_ddg,stability,F_STABILITY_FIELD_TEACHER,0,1.0,"S8754 ddG (sign-flipped to project convention); TEACHER ONLY, never benchmarked",1,0.0
S8754_P06654,S8754_P06654,A,250,T,-0.23,ddG,s8754_ddg,stability,F_STABILITY_FIELD_TEACHER,0,1.0,"S8754 ddG (sign-flipped to project convention); TEACHER ONLY, never benchmarked",1,0.0
S8754_P06654,S8754_P06654,A,250,V,-0.19,ddG,s8754_ddg,stability,F_STABILITY_FIELD_TEACHER,0,1.0,"S8754 ddG (sign-flipped to project convention); TEACHER ONLY, never benchmarked",1,0.0
S8754_P06654,S8754_P06654,T,251,S,-0.51,ddG,s8754_ddg,stability,F_STABILITY_FIELD_TEACHER,0,1.0,"S8754 ddG (sign-flipped to project convention); TEACHER ONLY, never benchmarked",1,0.0
S8754_P06654,S8754_P06654,T,251,V,0.1,ddG,s8754_ddg,stability,F_STABILITY_FIELD_TEACHER,0,1.0,"S8754 ddG (sign-flipped to project convention); TEACHER ONLY, never benchmarked",1,0.0
S8754_P06654,S8754_P06654,T,251,Y,-0.1,ddG,s8754_ddg,stability,F_STABILITY_FIELD_TEACHER,0,1.0,"S8754 ddG (sign-flipped to project convention); TEACHER ONLY, never benchmarked",1,0.0
S8754_P06654,S8754_P06654,A,252,P,3.4,ddG,s8754_ddg,stability,F_STABILITY_FIELD_TEACHER,0,1.0,"S8754 ddG (sign-flipped to project convention); TEACHER ONLY, never benchmarked",1,0.0
S8754_P06654,S8754_P06654,A,252,T,4.0,ddG,s8754_ddg,stability,F_STABILITY_FIELD_TEACHER,0,1.0,"S8754 ddG (sign-flipped to project convention); TEACHER ONLY, never benchmarked",1,0.0
S8754_P06654,S8754_P06654,A,252,V,2.41,ddG,s8754_ddg,stability,F_STABILITY_FIELD_TEACHER,0,1.0,"S8754 ddG (sign-flipped to project convention); TEACHER ONLY, never benchmarked",1,0.0
S8754_P06654,S8754_P06654,A,252,Y,4.0,ddG,s8754_ddg,stability,F_STABILITY_FIELD_TEACHER,0,1.0,"S8754 ddG (sign-flipped to project convention); TEACHER ONLY, never benchmarked",1,0.0
S8754_P06654,S8754_P06654,E,253,D,0.72,ddG,s8754_ddg,stability,F_STABILITY_FIELD_TEACHER,0,1.0,"S8754 ddG (sign-flipped to project convention); TEACHER ONLY, never benchmarked",1,0.0
S8754_P06654,S8754_P06654,E,253,T,1.04,ddG,s8754_ddg,stability,F_STABILITY_FIELD_TEACHER,0,1.0,"S8754 ddG (sign-flipped to project convention); TEACHER ONLY, never benchmarked",1,0.0
S8754_P06654,S8754_P06654,E,253,V,0.91,ddG,s8754_ddg,stability,F_STABILITY_FIELD_TEACHER,0,1.0,"S8754 ddG (sign-flipped to project convention); TEACHER ONLY, never benchmarked",1,0.0
S8754_P06654,S8754_P06654,E,253,Y,-0.26,ddG,s8754_ddg,stability,F_STABILITY_FIELD_TEACHER,0,1.0,"S8754 ddG (sign-flipped to project convention); TEACHER ONLY, never benchmarked",1,0.0
S8754_P06654,S8754_P06654,K,254,I,-0.72,ddG,s8754_ddg,stability,F_STABILITY_FIELD_TEACHER,0,1.0,"S8754 ddG (sign-flipped to project convention); TEACHER ONLY, never benchmarked",1,0.0
S8754_P06654,S8754_P06654,K,254,Y,-0.25,ddG,s8754_ddg,stability,F_STABILITY_FIELD_TEACHER,0,1.0,"S8754 ddG (sign-flipped to project convention); TEACHER ONLY, never benchmarked",1,0.0
S8754_P06654,S8754_P06654,V,255,T,-0.41,ddG,s8754_ddg,stability,F_STABILITY_FIELD_TEACHER,0,1.0,"S8754 ddG (sign-flipped to project convention); TEACHER ONLY, never benchmarked",1,0.0
S8754_P06654,S8754_P06654,V,255,Y,-0.19,ddG,s8754_ddg,stability,F_STABILITY_FIELD_TEACHER,0,1.0,"S8754 ddG (sign-flipped to project convention); TEACHER ONLY, never benchmarked",1,0.0
S8754_P06654,S8754_P06654,F,256,E,4.0,ddG,s8754_ddg,stability,F_STABILITY_FIELD_TEACHER,0,1.0,"S8754 ddG (sign-flipped to project convention); TEACHER ONLY, never benchmarked",1,0.0
S8754_P06654,S8754_P06654,F,256,Y,-0.91,ddG,s8754_ddg,stability,F_STABILITY_FIELD_TEACHER,0,1.0,"S8754 ddG (sign-flipped to project convention); TEACHER ONLY, never benchmarked",1,0.0
S8754_P06654,S8754_P06654,K,257,I,-0.19,ddG,s8754_ddg,stability,F_STABILITY_FIELD_TEACHER,0,1.0,"S8754 ddG (sign-flipped to project convention); TEACHER ONLY, never benchmarked",1,0.0
S8754_P06654,S8754_P06654,K,257,Y,0.48,ddG,s8754_ddg,stability,F_STABILITY_FIELD_TEACHER,0,1.0,"S8754 ddG (sign-flipped to project convention); TEACHER ONLY, never benchmarked",1,0.0
S8754_P06654,S8754_P06654,Q,258,P,-0.61,ddG,s8754_ddg,stability,F_STABILITY_FIELD_TEACHER,0,1.0,"S8754 ddG (sign-flipped to project convention); TEACHER ONLY, never benchmarked",1,0.0
S8754_P06654,S8754_P06654,Q,258,Y,0.39,ddG,s8754_ddg,stability,F_STABILITY_FIELD_TEACHER,0,1.0,"S8754 ddG (sign-flipped to project convention); TEACHER ONLY, never benchmarked",1,0.0
S8754_P06654,S8754_P06654,Y,259,V,0.44,ddG,s8754_ddg,stability,F_STABILITY_FIELD_TEACHER,0,1.0,"S8754 ddG (sign-flipped to project convention); TEACHER ONLY, never benchmarked",1,0.0
S8754_P06654,S8754_P06654,A,260,Y,2.0,ddG,s8754_ddg,stability,F_STABILITY_FIELD_TEACHER,0,1.0,"S8754 ddG (sign-flipped to project convention); TEACHER ONLY, never benchmarked",1,0.0
S8754_P06654,S8754_P06654,N,261,M,-0.18,ddG,s8754_ddg,stability,F_STABILITY_FIELD_TEACHER,0,1.0,"S8754 ddG (sign-flipped to project convention); TEACHER ONLY, never benchmarked",1,0.0
S8754_P06654,S8754_P06654,N,261,Y,-0.93,ddG,s8754_ddg,stability,F_STABILITY_FIELD_TEACHER,0,1.0,"S8754 ddG (sign-flipped to project convention); TEACHER ONLY, never benchmarked",1,0.0
S8754_P06654,S8754_P06654,D,262,A,-0.4,ddG,s8754_ddg,stability,F_STABILITY_FIELD_TEACHER,0,1.0,"S8754 ddG (sign-flipped to project convention); TEACHER ONLY, never benchmarked",1,0.0
S8754_P06654,S8754_P06654,D,262,Y,-0.43,ddG,s8754_ddg,stability,F_STABILITY_FIELD_TEACHER,0,1.0,"S8754 ddG (sign-flipped to project convention); TEACHER ONLY, never benchmarked",1,0.0
S8754_P06654,S8754_P06654,N,263,M,-0.3,ddG,s8754_ddg,stability,F_STABILITY_FIELD_TEACHER,0,1.0,"S8754 ddG (sign-flipped to project convention); TEACHER ONLY, never benchmarked",1,0.0
S8754_P06654,S8754_P06654,N,263,Y,-0.78,ddG,s8754_ddg,stability,F_STABILITY_FIELD_TEACHER,0,1.0,"S8754 ddG (sign-flipped to project convention); TEACHER ONLY, never benchmarked",1,0.0
S8754_P06654,S8754_P06654,G,264,F,0.2,ddG,s8754_ddg,stability,F_STABILITY_FIELD_TEACHER,0,1.0,"S8754 ddG (sign-flipped to project convention); TEACHER ONLY, never benchmarked",1,0.0
S8754_P06654,S8754_P06654,G,264,Y,0.43,ddG,s8754_ddg,stability,F_STABILITY_FIELD_TEACHER,0,1.0,"S8754 ddG (sign-flipped to project convention); TEACHER ONLY, never benchmarked",1,0.0
S8754_P06654,S8754_P06654,V,265,I,-0.91,ddG,s8754_ddg,stability,F_STABILITY_FIELD_TEACHER,0,1.0,"S8754 ddG (sign-flipped to project convention); TEACHER ONLY, never benchmarked",1,0.0
S8754_P06654,S8754_P06654,V,265,T,1.28,ddG,s8754_ddg,stability,F_STABILITY_FIELD_TEACHER,0,1.0,"S8754 ddG (sign-flipped to project convention); TEACHER ONLY, never benchmarked",1,0.0
S8754_P06654,S8754_P06654,V,265,Y,0.42,ddG,s8754_ddg,stability,F_STABILITY_FIELD_TEACHER,0,1.0,"S8754 ddG (sign-flipped to project convention); TEACHER ONLY, never benchmarked",1,0.0
S8754_P06654,S8754_P06654,D,266,A,-0.12,ddG,s8754_ddg,stability,F_STABILITY_FIELD_TEACHER,0,1.0,"S8754 ddG (sign-flipped to project convention); TEACHER ONLY, never benchmarked",1,0.0
S8754_P06654,S8754_P06654,D,266,Y,-0.84,ddG,s8754_ddg,stability,F_STABILITY_FIELD_TEACHER,0,1.0,"S8754 ddG (sign-flipped to project convention); TEACHER ONLY, never benchmarked",1,0.0
S8754_P06654,S8754_P06654,G,267,F,2.32,ddG,s8754_ddg,stability,F_STABILITY_FIELD_TEACHER,0,1.0,"S8754 ddG (sign-flipped to project convention); TEACHER ONLY, never benchmarked",1,0.0
S8754_P06654,S8754_P06654,G,267,Y,2.49,ddG,s8754_ddg,stability,F_STABILITY_FIELD_TEACHER,0,1.0,"S8754 ddG (sign-flipped to project convention); TEACHER ONLY, never benchmarked",1,0.0
S8754_P06654,S8754_P06654,E,268,D,-0.61,ddG,s8754_ddg,stability,F_STABILITY_FIELD_TEACHER,0,1.0,"S8754 ddG (sign-flipped to project convention); TEACHER ONLY, never benchmarked",1,0.0
S8754_P06654,S8754_P06654,E,268,Y,-0.6900000000000001,ddG,s8754_ddg,stability,F_STABILITY_FIELD_TEACHER,0,1.0,"S8754 ddG (sign-flipped to project convention); TEACHER ONLY, never benchmarked",1,0.0
S8754_P06654,S8754_P06654,T,270,S,-0.36,ddG,s8754_ddg,stability,F_STABILITY_FIELD_TEACHER,0,1.0,"S8754 ddG (sign-flipped to project convention); TEACHER ONLY, never benchmarked",1,0.0
S8754_P06654,S8754_P06654,T,270,Y,-0.4,ddG,s8754_ddg,stability,F_STABILITY_FIELD_TEACHER,0,1.0,"S8754 ddG (sign-flipped to project convention); TEACHER ONLY, never benchmarked",1,0.0
S8754_P06654,S8754_P06654,Y,271,A,4.0,ddG,s8754_ddg,stability,F_STABILITY_FIELD_TEACHER,0,1.0,"S8754 ddG (sign-flipped to project convention); TEACHER ONLY, never benchmarked",1,0.0
S8754_P06654,S8754_P06654,Y,271,V,2.53,ddG,s8754_ddg,stability,F_STABILITY_FIELD_TEACHER,0,1.0,"S8754 ddG (sign-flipped to project convention); TEACHER ONLY, never benchmarked",1,0.0
S8754_P06654,S8754_P06654,D,272,A,1.83,ddG,s8754_ddg,stability,F_STABILITY_FIELD_TEACHER,0,1.0,"S8754 ddG (sign-flipped to project convention); TEACHER ONLY, never benchmarked",1,0.0
S8754_P06654,S8754_P06654,D,273,Y,-0.35,ddG,s8754_ddg,stability,F_STABILITY_FIELD_TEACHER,0,1.0,"S8754 ddG (sign-flipped to project convention); TEACHER ONLY, never benchmarked",1,0.0
S8754_P06654,S8754_P06654,A,274,Y,-0.41,ddG,s8754_ddg,stability,F_STABILITY_FIELD_TEACHER,0,1.0,"S8754 ddG (sign-flipped to project convention); TEACHER ONLY, never benchmarked",1,0.0
S8754_P06654,S8754_P06654,T,275,S,-0.18,ddG,s8754_ddg,stability,F_STABILITY_FIELD_TEACHER,0,1.0,"S8754 ddG (sign-flipped to project convention); TEACHER ONLY, never benchmarked",1,0.0
S8754_P06654,S8754_P06654,T,275,Y,0.8300000000000001,ddG,s8754_ddg,stability,F_STABILITY_FIELD_TEACHER,0,1.0,"S8754 ddG (sign-flipped to project convention); TEACHER ONLY, never benchmarked",1,0.0
S8754_P06654,S8754_P06654,K,276,I,1.52,ddG,s8754_ddg,stability,F_STABILITY_FIELD_TEACHER,0,1.0,"S8754 ddG (sign-flipped to project convention); TEACHER ONLY, never benchmarked",1,0.0
S8754_P06654,S8754_P06654,K,276,Y,-0.46,ddG,s8754_ddg,stability,F_STABILITY_FIELD_TEACHER,0,1.0,"S8754 ddG (sign-flipped to project convention); TEACHER ONLY, never benchmarked",1,0.0
S8754_P06654,S8754_P06654,T,277,S,0.62,ddG,s8754_ddg,stability,F_STABILITY_FIELD_TEACHER,0,1.0,"S8754 ddG (sign-flipped to project convention); TEACHER ONLY, never benchmarked",1,0.0
S8754_P06654,S8754_P06654,T,277,Y,1.64,ddG,s8754_ddg,stability,F_STABILITY_FIELD_TEACHER,0,1.0,"S8754 ddG (sign-flipped to project convention); TEACHER ONLY, never benchmarked",1,0.0
S8754_P06654,S8754_P06654,F,278,E,4.0,ddG,s8754_ddg,stability,F_STABILITY_FIELD_TEACHER,0,1.0,"S8754 ddG (sign-flipped to project convention); TEACHER ONLY, never benchmarked",1,0.0
S8754_P06654,S8754_P06654,F,278,Y,0.34,ddG,s8754_ddg,stability,F_STABILITY_FIELD_TEACHER,0,1.0,"S8754 ddG (sign-flipped to project convention); TEACHER ONLY, never benchmarked",1,0.0
S8754_P06654,S8754_P06654,T,279,S,0.44,ddG,s8754_ddg,stability,F_STABILITY_FIELD_TEACHER,0,1.0,"S8754 ddG (sign-flipped to project convention); TEACHER ONLY, never benchmarked",1,0.0
S8754_P06654,S8754_P06654,T,279,Y,-0.24,ddG,s8754_ddg,stability,F_STABILITY_FIELD_TEACHER,0,1.0,"S8754 ddG (sign-flipped to project convention); TEACHER ONLY, never benchmarked",1,0.0
S8754_P06654,S8754_P06654,V,280,T,1.6800000000000002,ddG,s8754_ddg,stability,F_STABILITY_FIELD_TEACHER,0,1.0,"S8754 ddG (sign-flipped to project convention); TEACHER ONLY, never benchmarked",1,0.0
S8754_P06654,S8754_P06654,V,280,Y,1.73,ddG,s8754_ddg,stability,F_STABILITY_FIELD_TEACHER,0,1.0,"S8754 ddG (sign-flipped to project convention); TEACHER ONLY, never benchmarked",1,0.0
S8754_P06654,S8754_P06654,T,281,S,-0.35,ddG,s8754_ddg,stability,F_STABILITY_FIELD_TEACHER,0,1.0,"S8754 ddG (sign-flipped to project convention); TEACHER ONLY, never benchmarked",1,0.0
S8754_P06654,S8754_P06654,T,281,Y,0.14,ddG,s8754_ddg,stability,F_STABILITY_FIELD_TEACHER,0,1.0,"S8754 ddG (sign-flipped to project convention); TEACHER ONLY, never benchmarked",1,0.0
S8754_P06654,S8754_P06654,E,282,Y,-0.68,ddG,s8754_ddg,stability,F_STABILITY_FIELD_TEACHER,0,1.0,"S8754 ddG (sign-flipped to project convention); TEACHER ONLY, never benchmarked",1,0.0
S8754_5CRO,S8754_5CRO,Q,16,L,-1.4,ddG,s8754_ddg,stability,F_STABILITY_FIELD_TEACHER,0,1.0,"S8754 ddG (sign-flipped to project convention); TEACHER ONLY, never benchmarked",1,0.0
S8754_5CRO,S8754_5CRO,Y,26,C,-1.8333333333333333,ddG,s8754_ddg,stability,F_STABILITY_FIELD_TEACHER,0,1.0,"S8754 ddG (sign-flipped to project convention); TEACHER ONLY, never benchmarked",3,1.1
S8754_5CRO,S8754_5CRO,Y,26,D,-1.35,ddG,s8754_ddg,stability,F_STABILITY_FIELD_TEACHER,0,1.0,"S8754 ddG (sign-flipped to project convention); TEACHER ONLY, never benchmarked",1,0.0
S8754_5CRO,S8754_5CRO,Y,26,F,-0.2,ddG,s8754_ddg,stability,F_STABILITY_FIELD_TEACHER,0,1.0,"S8754 ddG (sign-flipped to project convention); TEACHER ONLY, never benchmarked",1,0.0
S8754_5CRO,S8754_5CRO,Y,26,H,-0.95,ddG,s8754_ddg,stability,F_STABILITY_FIELD_TEACHER,0,1.0,"S8754 ddG (sign-flipped to project convention); TEACHER ONLY, never benchmarked",1,0.0
S8754_5CRO,S8754_5CRO,Y,26,L,-0.55,ddG,s8754_ddg,stability,F_STABILITY_FIELD_TEACHER,0,1.0,"S8754 ddG (sign-flipped to project convention); TEACHER ONLY, never benchmarked",1,0.0
S8754_5CRO,S8754_5CRO,Y,26,Q,-0.7,ddG,s8754_ddg,stability,F_STABILITY_FIELD_TEACHER,0,1.0,"S8754 ddG (sign-flipped to project convention); TEACHER ONLY, never benchmarked",1,0.0
S8754_5CRO,S8754_5CRO,Y,26,V,-0.45,ddG,s8754_ddg,stability,F_STABILITY_FIELD_TEACHER,0,1.0,"S8754 ddG (sign-flipped to project convention); TEACHER ONLY, never benchmarked",1,0.0
S8754_5CRO,S8754_5CRO,Y,26,W,0.05,ddG,s8754_ddg,stability,F_STABILITY_FIELD_TEACHER,0,1.0,"S8754 ddG (sign-flipped to project convention); TEACHER ONLY, never benchmarked",1,0.0
S8754_5CRO,S8754_5CRO,A,36,S,-0.2,ddG,s8754_ddg,stability,F_STABILITY_FIELD_TEACHER,0,1.0,"S8754 ddG (sign-flipped to project convention); TEACHER ONLY, never benchmarked",1,0.0
S8754_5CRO,S8754_5CRO,F,58,W,-2.4,ddG,s8754_ddg,stability,F_STABILITY_FIELD_TEACHER,0,1.0,"S8754 ddG (sign-flipped to project convention); TEACHER ONLY, never benchmarked",1,0.0
S8754_1AMQ,S8754_1AMQ,F,2,A,7.349999999999999,ddG,s8754_ddg,stability,F_STABILITY_FIELD_TEACHER,0,1.0,"S8754 ddG (sign-flipped to project convention); TEACHER ONLY, never benchmarked",1,0.0
S8754_1AMQ,S8754_1AMQ,E,3,A,3.4,ddG,s8754_ddg,stability,F_STABILITY_FIELD_TEACHER,0,1.0,"S8754 ddG (sign-flipped to project convention); TEACHER ONLY, never benchmarked",1,0.0
S8754_1AMQ,S8754_1AMQ,I,5,A,5.0,ddG,s8754_ddg,stability,F_STABILITY_FIELD_TEACHER,0,1.0,"S8754 ddG (sign-flipped to project convention); TEACHER ONLY, never benchmarked",1,0.0
S8754_1AMQ,S8754_1AMQ,T,6,A,1.3,ddG,s8754_ddg,stability,F_STABILITY_FIELD_TEACHER,0,1.0,"S8754 ddG (sign-flipped to project convention); TEACHER ONLY, never benchmarked",1,0.0
S8754_1AMQ,S8754_1AMQ,D,11,A,5.6,ddG,s8754_ddg,stability,F_STABILITY_FIELD_TEACHER,0,1.0,"S8754 ddG (sign-flipped to project convention); TEACHER ONLY, never benchmarked",1,0.0
S8754_1AMQ,S8754_1AMQ,K,63,E,4.8500000000000005,ddG,s8754_ddg,stability,F_STABILITY_FIELD_TEACHER,0,1.0,"S8754 ddG (sign-flipped to project convention); TEACHER ONLY, never benchmarked",1,0.0
S8754_1AMQ,S8754_1AMQ,K,63,M,5.05,ddG,s8754_ddg,stability,F_STABILITY_FIELD_TEACHER,0,1.0,"S8754 ddG (sign-flipped to project convention); TEACHER ONLY, never benchmarked",1,0.0
S8754_1AMQ,S8754_1AMQ,C,77,A,0.45,ddG,s8754_ddg,stability,F_STABILITY_FIELD_TEACHER,0,1.0,"S8754 ddG (sign-flipped to project convention); TEACHER ONLY, never benchmarked",1,0.0
S8754_1AMQ,S8754_1AMQ,C,77,S,2.44,ddG,s8754_ddg,stability,F_STABILITY_FIELD_TEACHER,0,1.0,"S8754 ddG (sign-flipped to project convention); TEACHER ONLY, never benchmarked",1,0.0
S8754_1AMQ,S8754_1AMQ,C,180,A,1.12,ddG,s8754_ddg,stability,F_STABILITY_FIELD_TEACHER,0,1.0,"S8754 ddG (sign-flipped to project convention); TEACHER ONLY, never benchmarked",1,0.0
S8754_1AMQ,S8754_1AMQ,C,180,F,0.9,ddG,s8754_ddg,stability,F_STABILITY_FIELD_TEACHER,0,1.0,"S8754 ddG (sign-flipped to project convention); TEACHER ONLY, never benchmarked",1,0.0
S8754_1AMQ,S8754_1AMQ,C,180,G,0.02,ddG,s8754_ddg,stability,F_STABILITY_FIELD_TEACHER,0,1.0,"S8754 ddG (sign-flipped to project convention); TEACHER ONLY, never benchmarked",1,0.0
S8754_1AMQ,S8754_1AMQ,C,180,R,1.69,ddG,s8754_ddg,stability,F_STABILITY_FIELD_TEACHER,0,1.0,"S8754 ddG (sign-flipped to project convention); TEACHER ONLY, never benchmarked",1,0.0
S8754_1AMQ,S8754_1AMQ,C,180,S,1.44,ddG,s8754_ddg,stability,F_STABILITY_FIELD_TEACHER,0,1.0,"S8754 ddG (sign-flipped to project convention); TEACHER ONLY, never benchmarked",1,0.0
S8754_1AMQ,S8754_1AMQ,C,180,W,2.25,ddG,s8754_ddg,stability,F_STABILITY_FIELD_TEACHER,0,1.0,"S8754 ddG (sign-flipped to project convention); TEACHER ONLY, never benchmarked",1,0.0
S8754_1AMQ,S8754_1AMQ,C,180,Y,1.05,ddG,s8754_ddg,stability,F_STABILITY_FIELD_TEACHER,0,1.0,"S8754 ddG (sign-flipped to project convention); TEACHER ONLY, never benchmarked",1,0.0
S8754_1AMQ,S8754_1AMQ,C,181,A,1.21,ddG,s8754_ddg,stability,F_STABILITY_FIELD_TEACHER,0,1.0,"S8754 ddG (sign-flipped to project convention); TEACHER ONLY, never benchmarked",1,0.0
S8754_1AMQ,S8754_1AMQ,C,181,S,0.99,ddG,s8754_ddg,stability,F_STABILITY_FIELD_TEACHER,0,1.0,"S8754 ddG (sign-flipped to project convention); TEACHER ONLY, never benchmarked",1,0.0
S8754_1AMQ,S8754_1AMQ,E,253,K,7.349999999999999,ddG,s8754_ddg,stability,F_STABILITY_FIELD_TEACHER,0,1.0,"S8754 ddG (sign-flipped to project convention); TEACHER ONLY, never benchmarked",1,0.0
S8754_1AMQ,S8754_1AMQ,E,253,Q,5.849999999999999,ddG,s8754_ddg,stability,F_STABILITY_FIELD_TEACHER,0,1.0,"S8754 ddG (sign-flipped to project convention); TEACHER ONLY, never benchmarked",1,0.0
S8754_1AMQ,S8754_1AMQ,R,254,K,6.3,ddG,s8754_ddg,stability,F_STABILITY_FIELD_TEACHER,0,1.0,"S8754 ddG (sign-flipped to project convention); TEACHER ONLY, never benchmarked",1,0.0
S8754_1AMQ,S8754_1AMQ,R,254,M,3.6,ddG,s8754_ddg,stability,F_STABILITY_FIELD_TEACHER,0,1.0,"S8754 ddG (sign-flipped to project convention); TEACHER ONLY, never benchmarked",1,0.0
S8754_1AMQ,S8754_1AMQ,C,258,A,1.68,ddG,s8754_ddg,stability,F_STABILITY_FIELD_TEACHER,0,1.0,"S8754 ddG (sign-flipped to project convention); TEACHER ONLY, never benchmarked",1,0.0
S8754_1AMQ,S8754_1AMQ,N,282,D,-0.4000000000000001,ddG,s8754_ddg,stability,F_STABILITY_FIELD_TEACHER,0,1.0,"S8754 ddG (sign-flipped to project convention); TEACHER ONLY, never benchmarked",1,0.0
S8754_1AMQ,S8754_1AMQ,N,282,R,3.45,ddG,s8754_ddg,stability,F_STABILITY_FIELD_TEACHER,0,1.0,"S8754 ddG (sign-flipped to project convention); TEACHER ONLY, never benchmarked",1,0.0
S8754_1AMQ,S8754_1AMQ,N,285,R,5.15,ddG,s8754_ddg,stability,F_STABILITY_FIELD_TEACHER,0,1.0,"S8754 ddG (sign-flipped to project convention); TEACHER ONLY, never benchmarked",1,0.0
S8754_1AMQ,S8754_1AMQ,C,389,A,-1.06,ddG,s8754_ddg,stability,F_STABILITY_FIELD_TEACHER,0,1.0,"S8754 ddG (sign-flipped to project convention); TEACHER ONLY, never benchmarked",1,0.0
S8754_1AMQ,S8754_1AMQ,C,389,S,1.79,ddG,s8754_ddg,stability,F_STABILITY_FIELD_TEACHER,0,1.0,"S8754 ddG (sign-flipped to project convention); TEACHER ONLY, never benchmarked",1,0.0
S8754_1JL5,S8754_1JL5,F,289,L,0.1333333333333333,ddG,s8754_ddg,stability,F_STABILITY_FIELD_TEACHER,0,1.0,"S8754 ddG (sign-flipped to project convention); TEACHER ONLY, never benchmarked",1,0.0
S8754_1JL5,S8754_1JL5,I,309,L,-0.4499999999999999,ddG,s8754_ddg,stability,F_STABILITY_FIELD_TEACHER,0,1.0,"S8754 ddG (sign-flipped to project convention); TEACHER ONLY, never benchmarked",1,0.0
S8754_Q9NAV8,S8754_Q9NAV8,H,56,V,-5.1,ddG,s8754_ddg,stability,F_STABILITY_FIELD_TEACHER,0,1.0,"S8754 ddG (sign-flipped to project convention); TEACHER ONLY, never benchmarked",1,0.0
S8754_2LCP,S8754_2LCP,W,30,F,0.48,ddG,s8754_ddg,stability,F_STABILITY_FIELD_TEACHER,0,1.0,"S8754 ddG (sign-flipped to project convention); TEACHER ONLY, never benchmarked",1,0.0
S8754_2LCP,S8754_2LCP,R,102,Q,-0.7399999999999999,ddG,s8754_ddg,stability,F_STABILITY_FIELD_TEACHER,0,1.0,"S8754 ddG (sign-flipped to project convention); TEACHER ONLY, never benchmarked",1,0.0
S8754_2LCP,S8754_2LCP,W,103,F,-0.65,ddG,s8754_ddg,stability,F_STABILITY_FIELD_TEACHER,0,1.0,"S8754 ddG (sign-flipped to project convention); TEACHER ONLY, never benchmarked",1,0.0
S8754_3DV0,S8754_3DV0,V,136,A,1.5,ddG,s8754_ddg,stability,F_STABILITY_FIELD_TEACHER,0,1.0,"S8754 ddG (sign-flipped to project convention); TEACHER ONLY, never benchmarked",1,0.0
S8754_3DV0,S8754_3DV0,A,166,G,0.9,ddG,s8754_ddg,stability,F_STABILITY_FIELD_TEACHER,0,1.0,"S8754 ddG (sign-flipped to project convention); TEACHER ONLY, never benchmarked",1,0.0
S8754_P62942,S8754_P62942,V,3,A,2.43,ddG,s8754_ddg,stability,F_STABILITY_FIELD_TEACHER,0,1.0,"S8754 ddG (sign-flipped to project convention); TEACHER ONLY, never benchmarked",1,0.0
S8754_P62942,S8754_P62942,V,5,A,1.805,ddG,s8754_ddg,stability,F_STABILITY_FIELD_TEACHER,0,1.0,"S8754 ddG (sign-flipped to project convention); TEACHER ONLY, never benchmarked",2,1.95
S8754_P62942,S8754_P62942,T,7,A,2.3,ddG,s8754_ddg,stability,F_STABILITY_FIELD_TEACHER,0,1.0,"S8754 ddG (sign-flipped to project convention); TEACHER ONLY, never benchmarked",1,0.0
S8754_P62942,S8754_P62942,I,8,V,0.92,ddG,s8754_ddg,stability,F_STABILITY_FIELD_TEACHER,0,1.0,"S8754 ddG (sign-flipped to project convention); TEACHER ONLY, never benchmarked",1,0.0
S8754_P62942,S8754_P62942,T,22,A,1.6,ddG,s8754_ddg,stability,F_STABILITY_FIELD_TEACHER,0,1.0,"S8754 ddG (sign-flipped to project convention); TEACHER ONLY, never benchmarked",1,0.0
S8754_P62942,S8754_P62942,T,22,S,1.44,ddG,s8754_ddg,stability,F_STABILITY_FIELD_TEACHER,0,1.0,"S8754 ddG (sign-flipped to project convention); TEACHER ONLY, never benchmarked",1,0.0
S8754_P62942,S8754_P62942,T,22,V,-0.86,ddG,s8754_ddg,stability,F_STABILITY_FIELD_TEACHER,0,1.0,"S8754 ddG (sign-flipped to project convention); TEACHER ONLY, never benchmarked",1,0.0
S8754_P62942,S8754_P62942,V,25,A,3.19,ddG,s8754_ddg,stability,F_STABILITY_FIELD_TEACHER,0,1.0,"S8754 ddG (sign-flipped to project convention); TEACHER ONLY, never benchmarked",1,0.0
S8754_P62942,S8754_P62942,T,28,A,1.97,ddG,s8754_ddg,stability,F_STABILITY_FIELD_TEACHER,0,1.0,"S8754 ddG (sign-flipped to project convention); TEACHER ONLY, never benchmarked",1,0.0
S8754_P62942,S8754_P62942,T,28,S,1.49,ddG,s8754_ddg,stability,F_STABILITY_FIELD_TEACHER,0,1.0,"S8754 ddG (sign-flipped to project convention); TEACHER ONLY, never benchmarked",1,0.0
S8754_P62942,S8754_P62942,T,28,V,-0.23,ddG,s8754_ddg,stability,F_STABILITY_FIELD_TEACHER,0,1.0,"S8754 ddG (sign-flipped to project convention); TEACHER ONLY, never benchmarked",1,0.0
S8754_P62942,S8754_P62942,F,37,A,3.54,ddG,s8754_ddg,stability,F_STABILITY_FIELD_TEACHER,0,1.0,"S8754 ddG (sign-flipped to project convention); TEACHER ONLY, never benchmarked",1,0.0
S8754_P62942,S8754_P62942,L,51,A,2.5700000000000003,ddG,s8754_ddg,stability,F_STABILITY_FIELD_TEACHER,0,1.0,"S8754 ddG (sign-flipped to project convention); TEACHER ONLY, never benchmarked",1,0.0
S8754_P62942,S8754_P62942,V,56,A,2.13,ddG,s8754_ddg,stability,F_STABILITY_FIELD_TEACHER,0,1.0,"S8754 ddG (sign-flipped to project convention); TEACHER ONLY, never benchmarked",1,0.0
S8754_P62942,S8754_P62942,I,57,A,2.48,ddG,s8754_ddg,stability,F_STABILITY_FIELD_TEACHER,0,1.0,"S8754 ddG (sign-flipped to project convention); TEACHER ONLY, never benchmarked",1,0.0
S8754_P62942,S8754_P62942,I,57,D,3.16,ddG,s8754_ddg,stability,F_STABILITY_FIELD_TEACHER,0,1.0,"S8754 ddG (sign-flipped to project convention); TEACHER ONLY, never benchmarked",1,0.0
S8754_P62942,S8754_P62942,I,57,T,1.81,ddG,s8754_ddg,stability,F_STABILITY_FIELD_TEACHER,0,1.0,"S8754 ddG (sign-flipped to project convention); TEACHER ONLY, never benchmarked",1,0.0
S8754_P62942,S8754_P62942,R,58,A,0.81,ddG,s8754_ddg,stability,F_STABILITY_FIELD_TEACHER,0,1.0,"S8754 ddG (sign-flipped to project convention); TEACHER ONLY, never benchmarked",1,0.0
S8754_P62942,S8754_P62942,R,58,G,2.29,ddG,s8754_ddg,stability,F_STABILITY_FIELD_TEACHER,0,1.0,"S8754 ddG (sign-flipped to project convention); TEACHER ONLY, never benchmarked",1,0.0
S8754_P62942,S8754_P62942,E,62,A,0.84,ddG,s8754_ddg,stability,F_STABILITY_FIELD_TEACHER,0,1.0,"S8754 ddG (sign-flipped to project convention); TEACHER ONLY, never benchmarked",1,0.0
S8754_P62942,S8754_P62942,E,62,G,2.49,ddG,s8754_ddg,stability,F_STABILITY_FIELD_TEACHER,0,1.0,"S8754 ddG (sign-flipped to project convention); TEACHER ONLY, never benchmarked",1,0.0
S8754_P62942,S8754_P62942,V,64,A,2.97,ddG,s8754_ddg,stability,F_STABILITY_FIELD_TEACHER,0,1.0,"S8754 ddG (sign-flipped to project convention); TEACHER ONLY, never benchmarked",1,0.0
S8754_P62942,S8754_P62942,T,76,A,2.65,ddG,s8754_ddg,stability,F_STABILITY_FIELD_TEACHER,0,1.0,"S8754 ddG (sign-flipped to project convention); TEACHER ONLY, never benchmarked",1,0.0
S8754_P62942,S8754_P62942,T,76,V,0.81,ddG,s8754_ddg,stability,F_STABILITY_FIELD_TEACHER,0,1.0,"S8754 ddG (sign-flipped to project convention); TEACHER ONLY, never benchmarked",1,0.0
S8754_P62942,S8754_P62942,I,77,A,3.81,ddG,s8754_ddg,stability,F_STABILITY_FIELD_TEACHER,0,1.0,"S8754 ddG (sign-flipped to project convention); TEACHER ONLY, never benchmarked",1,0.0
S8754_P62942,S8754_P62942,I,77,V,0.76,ddG,s8754_ddg,stability,F_STABILITY_FIELD_TEACHER,0,1.0,"S8754 ddG (sign-flipped to project convention); TEACHER ONLY, never benchmarked",1,0.0
S8754_P62942,S8754_P62942,I,92,A,1.54,ddG,s8754_ddg,stability,F_STABILITY_FIELD_TEACHER,0,1.0,"S8754 ddG (sign-flipped to project convention); TEACHER ONLY, never benchmarked",1,0.0
S8754_P62942,S8754_P62942,I,92,V,0.38,ddG,s8754_ddg,stability,F_STABILITY_FIELD_TEACHER,0,1.0,"S8754 ddG (sign-flipped to project convention); TEACHER ONLY, never benchmarked",1,0.0
S8754_P62942,S8754_P62942,L,98,A,3.56,ddG,s8754_ddg,stability,F_STABILITY_FIELD_TEACHER,0,1.0,"S8754 ddG (sign-flipped to project convention); TEACHER ONLY, never benchmarked",1,0.0
S8754_P62942,S8754_P62942,V,99,A,2.16,ddG,s8754_ddg,stability,F_STABILITY_FIELD_TEACHER,0,1.0,"S8754 ddG (sign-flipped to project convention); TEACHER ONLY, never benchmarked",1,0.0
S8754_P62942,S8754_P62942,V,102,A,2.75,ddG,s8754_ddg,stability,F_STABILITY_FIELD_TEACHER,0,1.0,"S8754 ddG (sign-flipped to project convention); TEACHER ONLY, never benchmarked",1,0.0
S8754_P62942,S8754_P62942,L,107,A,2.32,ddG,s8754_ddg,stability,F_STABILITY_FIELD_TEACHER,0,1.0,"S8754 ddG (sign-flipped to project convention); TEACHER ONLY, never benchmarked",1,0.0
S8754_P06182,S8754_P06182,N,57,I,-4.2,ddG,s8754_ddg,stability,F_STABILITY_FIELD_TEACHER,0,1.0,"S8754 ddG (sign-flipped to project convention); TEACHER ONLY, never benchmarked",1,0.0
S8754_4NC0,S8754_4NC0,S,48,R,1.45,ddG,s8754_ddg,stability,F_STABILITY_FIELD_TEACHER,0,1.0,"S8754 ddG (sign-flipped to project convention); TEACHER ONLY, never benchmarked",1,0.0
S8754_4NC0,S8754_4NC0,T,49,R,-0.2,ddG,s8754_ddg,stability,F_STABILITY_FIELD_TEACHER,0,1.0,"S8754 ddG (sign-flipped to project convention); TEACHER ONLY, never benchmarked",1,0.0
S8754_4NC0,S8754_4NC0,T,49,W,0.37,ddG,s8754_ddg,stability,F_STABILITY_FIELD_TEACHER,0,1.0,"S8754 ddG (sign-flipped to project convention); TEACHER ONLY, never benchmarked",1,0.0
S8754_4NC0,S8754_4NC0,T,49,Y,0.43,ddG,s8754_ddg,stability,F_STABILITY_FIELD_TEACHER,0,1.0,"S8754 ddG (sign-flipped to project convention); TEACHER ONLY, never benchmarked",1,0.0
S8754_1TIT,S8754_1TIT,Y,18,F,0.4,ddG,s8754_ddg,stability,F_STABILITY_FIELD_TEACHER,0,1.0,"S8754 ddG (sign-flipped to project convention); TEACHER ONLY, never benchmarked",1,0.0
S8754_1TIT,S8754_1TIT,Y,18,G,0.8,ddG,s8754_ddg,stability,F_STABILITY_FIELD_TEACHER,0,1.0,"S8754 ddG (sign-flipped to project convention); TEACHER ONLY, never benchmarked",1,0.0
S8754_1TIT,S8754_1TIT,Y,18,P,2.2,ddG,s8754_ddg,stability,F_STABILITY_FIELD_TEACHER,0,1.0,"S8754 ddG (sign-flipped to project convention); TEACHER ONLY, never benchmarked",1,0.0
S8754_1TIT,S8754_1TIT,Y,18,S,0.2,ddG,s8754_ddg,stability,F_STABILITY_FIELD_TEACHER,0,1.0,"S8754 ddG (sign-flipped to project convention); TEACHER ONLY, never benchmarked",1,0.0
S8754_1TIT,S8754_1TIT,V,22,A,2.15,ddG,s8754_ddg,stability,F_STABILITY_FIELD_TEACHER,0,1.0,"S8754 ddG (sign-flipped to project convention); TEACHER ONLY, never benchmarked",1,0.0
S8754_1TIT,S8754_1TIT,I,32,A,2.7,ddG,s8754_ddg,stability,F_STABILITY_FIELD_TEACHER,0,1.0,"S8754 ddG (sign-flipped to project convention); TEACHER ONLY, never benchmarked",1,0.0
S8754_1TIT,S8754_1TIT,L,50,A,2.7,ddG,s8754_ddg,stability,F_STABILITY_FIELD_TEACHER,0,1.0,"S8754 ddG (sign-flipped to project convention); TEACHER ONLY, never benchmarked",1,0.0
S8754_1TIT,S8754_1TIT,L,67,A,3.23,ddG,s8754_ddg,stability,F_STABILITY_FIELD_TEACHER,0,1.0,"S8754 ddG (sign-flipped to project convention); TEACHER ONLY, never benchmarked",1,0.0
S8754_1TIT,S8754_1TIT,L,69,A,4.88,ddG,s8754_ddg,stability,F_STABILITY_FIELD_TEACHER,0,1.0,"S8754 ddG (sign-flipped to project convention); TEACHER ONLY, never benchmarked",1,0.0
S8754_1TIT,S8754_1TIT,C,72,S,2.08,ddG,s8754_ddg,stability,F_STABILITY_FIELD_TEACHER,0,1.0,"S8754 ddG (sign-flipped to project convention); TEACHER ONLY, never benchmarked",1,0.0
S8754_1TIT,S8754_1TIT,F,82,L,3.83,ddG,s8754_ddg,stability,F_STABILITY_FIELD_TEACHER,0,1.0,"S8754 ddG (sign-flipped to project convention); TEACHER ONLY, never benchmarked",1,0.0
S8754_1TIT,S8754_1TIT,V,95,A,4.45,ddG,s8754_ddg,stability,F_STABILITY_FIELD_TEACHER,0,1.0,"S8754 ddG (sign-flipped to project convention); TEACHER ONLY, never benchmarked",1,0.0
S8754_1VQB,S8754_1VQB,I,6,V,0.35,ddG,s8754_ddg,stability,F_STABILITY_FIELD_TEACHER,0,1.0,"S8754 ddG (sign-flipped to project convention); TEACHER ONLY, never benchmarked",1,0.0
S8754_1VQB,S8754_1VQB,F,13,T,0.35,ddG,s8754_ddg,stability,F_STABILITY_FIELD_TEACHER,0,1.0,"S8754 ddG (sign-flipped to project convention); TEACHER ONLY, never benchmarked",1,0.0
S8754_1VQB,S8754_1VQB,V,19,C,0.15,ddG,s8754_ddg,stability,F_STABILITY_FIELD_TEACHER,0,1.0,"S8754 ddG (sign-flipped to project convention); TEACHER ONLY, never benchmarked",1,0.0
S8754_1VQB,S8754_1VQB,V,19,T,0.3,ddG,s8754_ddg,stability,F_STABILITY_FIELD_TEACHER,0,1.0,"S8754 ddG (sign-flipped to project convention); TEACHER ONLY, never benchmarked",1,0.0
S8754_1VQB,S8754_1VQB,K,24,V,-0.4,ddG,s8754_ddg,stability,F_STABILITY_FIELD_TEACHER,0,1.0,"S8754 ddG (sign-flipped to project convention); TEACHER ONLY, never benchmarked",1,0.0
S8754_1VQB,S8754_1VQB,Y,26,R,0.2,ddG,s8754_ddg,stability,F_STABILITY_FIELD_TEACHER,0,1.0,"S8754 ddG (sign-flipped to project convention); TEACHER ONLY, never benchmarked",1,0.0
S8754_1VQB,S8754_1VQB,L,28,V,-0.55,ddG,s8754_ddg,stability,F_STABILITY_FIELD_TEACHER,0,1.0,"S8754 ddG (sign-flipped to project convention); TEACHER ONLY, never benchmarked",1,0.0
S8754_1VQB,S8754_1VQB,E,30,F,-1.02,ddG,s8754_ddg,stability,F_STABILITY_FIELD_TEACHER,0,1.0,"S8754 ddG (sign-flipped to project convention); TEACHER ONLY, never benchmarked",1,0.0
S8754_1VQB,S8754_1VQB,E,30,M,-0.32,ddG,s8754_ddg,stability,F_STABILITY_FIELD_TEACHER,0,1.0,"S8754 ddG (sign-flipped to project convention); TEACHER ONLY, never benchmarked",1,0.0
S8754_1VQB,S8754_1VQB,E,30,N,0.55,ddG,s8754_ddg,stability,F_STABILITY_FIELD_TEACHER,0,1.0,"S8754 ddG (sign-flipped to project convention); TEACHER ONLY, never benchmarked",1,0.0
S8754_1VQB,S8754_1VQB,L,32,H,0.45,ddG,s8754_ddg,stability,F_STABILITY_FIELD_TEACHER,0,1.0,"S8754 ddG (sign-flipped to project convention); TEACHER ONLY, never benchmarked",1,0.0
S8754_1VQB,S8754_1VQB,L,32,R,0.8,ddG,s8754_ddg,stability,F_STABILITY_FIELD_TEACHER,0,1.0,"S8754 ddG (sign-flipped to project convention); TEACHER ONLY, never benchmarked",1,0.0
S8754_1VQB,S8754_1VQB,L,32,W,-1.4,ddG,s8754_ddg,stability,F_STABILITY_FIELD_TEACHER,0,1.0,"S8754 ddG (sign-flipped to project convention); TEACHER ONLY, never benchmarked",1,0.0
S8754_1VQB,S8754_1VQB,L,32,Y,-0.5,ddG,s8754_ddg,stability,F_STABILITY_FIELD_TEACHER,0,1.0,"S8754 ddG (sign-flipped to project convention); TEACHER ONLY, never benchmarked",1,0.0
S8754_1VQB,S8754_1VQB,C,33,A,0.25,ddG,s8754_ddg,stability,F_STABILITY_FIELD_TEACHER,0,1.0,"S8754 ddG (sign-flipped to project convention); TEACHER ONLY, never benchmarked",1,0.0
S8754_1VQB,S8754_1VQB,C,33,I,0.45,ddG,s8754_ddg,stability,F_STABILITY_FIELD_TEACHER,0,1.0,"S8754 ddG (sign-flipped to project convention); TEACHER ONLY, never benchmarked",1,0.0
S8754_1VQB,S8754_1VQB,C,33,L,1.3,ddG,s8754_ddg,stability,F_STABILITY_FIELD_TEACHER,0,1.0,"S8754 ddG (sign-flipped to project convention); TEACHER ONLY, never benchmarked",1,0.0
S8754_1VQB,S8754_1VQB,C,33,M,1.75,ddG,s8754_ddg,stability,F_STABILITY_FIELD_TEACHER,0,1.0,"S8754 ddG (sign-flipped to project convention); TEACHER ONLY, never benchmarked",1,0.0
S8754_1VQB,S8754_1VQB,C,33,S,2.12,ddG,s8754_ddg,stability,F_STABILITY_FIELD_TEACHER,0,1.0,"S8754 ddG (sign-flipped to project convention); TEACHER ONLY, never benchmarked",1,0.0
S8754_1VQB,S8754_1VQB,C,33,T,2.3,ddG,s8754_ddg,stability,F_STABILITY_FIELD_TEACHER,0,1.0,"S8754 ddG (sign-flipped to project convention); TEACHER ONLY, never benchmarked",1,0.0
S8754_1VQB,S8754_1VQB,C,33,V,0.1,ddG,s8754_ddg,stability,F_STABILITY_FIELD_TEACHER,0,1.0,"S8754 ddG (sign-flipped to project convention); TEACHER ONLY, never benchmarked",1,0.0
S8754_1VQB,S8754_1VQB,V,35,A,1.02,ddG,s8754_ddg,stability,F_STABILITY_FIELD_TEACHER,0,1.0,"S8754 ddG (sign-flipped to project convention); TEACHER ONLY, never benchmarked",1,0.0
S8754_1VQB,S8754_1VQB,V,35,C,0.55,ddG,s8754_ddg,stability,F_STABILITY_FIELD_TEACHER,0,1.0,"S8754 ddG (sign-flipped to project convention); TEACHER ONLY, never benchmarked",1,0.0
S8754_1VQB,S8754_1VQB,V,35,F,1.5,ddG,s8754_ddg,stability,F_STABILITY_FIELD_TEACHER,0,1.0,"S8754 ddG (sign-flipped to project convention); TEACHER ONLY, never benchmarked",1,0.0
S8754_1VQB,S8754_1VQB,V,35,I,0.32,ddG,s8754_ddg,stability,F_STABILITY_FIELD_TEACHER,0,1.0,"S8754 ddG (sign-flipped to project convention); TEACHER ONLY, never benchmarked",1,0.0
S8754_1VQB,S8754_1VQB,V,35,L,1.07,ddG,s8754_ddg,stability,F_STABILITY_FIELD_TEACHER,0,1.0,"S8754 ddG (sign-flipped to project convention); TEACHER ONLY, never benchmarked",1,0.0
S8754_1VQB,S8754_1VQB,V,35,M,0.53,ddG,s8754_ddg,stability,F_STABILITY_FIELD_TEACHER,0,1.0,"S8754 ddG (sign-flipped to project convention); TEACHER ONLY, never benchmarked",1,0.0
S8754_1VQB,S8754_1VQB,V,35,T,2.65,ddG,s8754_ddg,stability,F_STABILITY_FIELD_TEACHER,0,1.0,"S8754 ddG (sign-flipped to project convention); TEACHER ONLY, never benchmarked",1,0.0
S8754_1VQB,S8754_1VQB,D,36,C,1.02,ddG,s8754_ddg,stability,F_STABILITY_FIELD_TEACHER,0,1.0,"S8754 ddG (sign-flipped to project convention); TEACHER ONLY, never benchmarked",1,0.0
S8754_1VQB,S8754_1VQB,D,36,N,0.5,ddG,s8754_ddg,stability,F_STABILITY_FIELD_TEACHER,0,1.0,"S8754 ddG (sign-flipped to project convention); TEACHER ONLY, never benchmarked",1,0.0
S8754_1VQB,S8754_1VQB,L,37,A,3.85,ddG,s8754_ddg,stability,F_STABILITY_FIELD_TEACHER,0,1.0,"S8754 ddG (sign-flipped to project convention); TEACHER ONLY, never benchmarked",1,0.0
S8754_1VQB,S8754_1VQB,L,37,C,2.3,ddG,s8754_ddg,stability,F_STABILITY_FIELD_TEACHER,0,1.0,"S8754 ddG (sign-flipped to project convention); TEACHER ONLY, never benchmarked",1,0.0
S8754_1VQB,S8754_1VQB,L,37,I,0.7,ddG,s8754_ddg,stability,F_STABILITY_FIELD_TEACHER,0,1.0,"S8754 ddG (sign-flipped to project convention); TEACHER ONLY, never benchmarked",1,0.0
S8754_1VQB,S8754_1VQB,L,37,T,2.6,ddG,s8754_ddg,stability,F_STABILITY_FIELD_TEACHER,0,1.0,"S8754 ddG (sign-flipped to project convention); TEACHER ONLY, never benchmarked",1,0.0
S8754_1VQB,S8754_1VQB,L,37,V,1.75,ddG,s8754_ddg,stability,F_STABILITY_FIELD_TEACHER,0,1.0,"S8754 ddG (sign-flipped to project convention); TEACHER ONLY, never benchmarked",1,0.0
S8754_1VQB,S8754_1VQB,E,40,C,0.8,ddG,s8754_ddg,stability,F_STABILITY_FIELD_TEACHER,0,1.0,"S8754 ddG (sign-flipped to project convention); TEACHER ONLY, never benchmarked",1,0.0
S8754_1VQB,S8754_1VQB,E,40,T,0.2,ddG,s8754_ddg,stability,F_STABILITY_FIELD_TEACHER,0,1.0,"S8754 ddG (sign-flipped to project convention); TEACHER ONLY, never benchmarked",1,0.0
S8754_1VQB,S8754_1VQB,Y,41,A,0.2,ddG,s8754_ddg,stability,F_STABILITY_FIELD_TEACHER,0,1.0,"S8754 ddG (sign-flipped to project convention); TEACHER ONLY, never benchmarked",1,0.0
S8754_1VQB,S8754_1VQB,Y,41,F,0.3,ddG,s8754_ddg,stability,F_STABILITY_FIELD_TEACHER,0,1.0,"S8754 ddG (sign-flipped to project convention); TEACHER ONLY, never benchmarked",1,0.0
S8754_1VQB,S8754_1VQB,V,43,C,1.05,ddG,s8754_ddg,stability,F_STABILITY_FIELD_TEACHER,0,1.0,"S8754 ddG (sign-flipped to project convention); TEACHER ONLY, never benchmarked",1,0.0
S8754_1VQB,S8754_1VQB,V,43,T,0.8,ddG,s8754_ddg,stability,F_STABILITY_FIELD_TEACHER,0,1.0,"S8754 ddG (sign-flipped to project convention); TEACHER ONLY, never benchmarked",1,0.0
S8754_1VQB,S8754_1VQB,V,45,A,1.05,ddG,s8754_ddg,stability,F_STABILITY_FIELD_TEACHER,0,1.0,"S8754 ddG (sign-flipped to project convention); TEACHER ONLY, never benchmarked",1,0.0
S8754_1VQB,S8754_1VQB,V,45,C,0.05,ddG,s8754_ddg,stability,F_STABILITY_FIELD_TEACHER,0,1.0,"S8754 ddG (sign-flipped to project convention); TEACHER ONLY, never benchmarked",1,0.0
S8754_1VQB,S8754_1VQB,V,45,L,1.5,ddG,s8754_ddg,stability,F_STABILITY_FIELD_TEACHER,0,1.0,"S8754 ddG (sign-flipped to project convention); TEACHER ONLY, never benchmarked",1,0.0
S8754_1VQB,S8754_1VQB,V,45,T,1.75,ddG,s8754_ddg,stability,F_STABILITY_FIELD_TEACHER,0,1.0,"S8754 ddG (sign-flipped to project convention); TEACHER ONLY, never benchmarked",1,0.0
S8754_1VQB,S8754_1VQB,I,47,A,3.32,ddG,s8754_ddg,stability,F_STABILITY_FIELD_TEACHER,0,1.0,"S8754 ddG (sign-flipped to project convention); TEACHER ONLY, never benchmarked",1,0.0
S8754_1VQB,S8754_1VQB,I,47,C,2.33,ddG,s8754_ddg,stability,F_STABILITY_FIELD_TEACHER,0,1.0,"S8754 ddG (sign-flipped to project convention); TEACHER ONLY, never benchmarked",1,0.0
S8754_1VQB,S8754_1VQB,I,47,F,0.85,ddG,s8754_ddg,stability,F_STABILITY_FIELD_TEACHER,0,1.0,"S8754 ddG (sign-flipped to project convention); TEACHER ONLY, never benchmarked",1,0.0
S8754_1VQB,S8754_1VQB,I,47,L,0.28,ddG,s8754_ddg,stability,F_STABILITY_FIELD_TEACHER,0,1.0,"S8754 ddG (sign-flipped to project convention); TEACHER ONLY, never benchmarked",1,0.0
S8754_1VQB,S8754_1VQB,I,47,M,1.0,ddG,s8754_ddg,stability,F_STABILITY_FIELD_TEACHER,0,1.0,"S8754 ddG (sign-flipped to project convention); TEACHER ONLY, never benchmarked",1,0.0
S8754_1VQB,S8754_1VQB,I,47,T,3.7,ddG,s8754_ddg,stability,F_STABILITY_FIELD_TEACHER,0,1.0,"S8754 ddG (sign-flipped to project convention); TEACHER ONLY, never benchmarked",1,0.0
S8754_1VQB,S8754_1VQB,I,47,V,1.18,ddG,s8754_ddg,stability,F_STABILITY_FIELD_TEACHER,0,1.0,"S8754 ddG (sign-flipped to project convention); TEACHER ONLY, never benchmarked",1,0.0
S8754_1VQB,S8754_1VQB,T,48,C,0.4,ddG,s8754_ddg,stability,F_STABILITY_FIELD_TEACHER,0,1.0,"S8754 ddG (sign-flipped to project convention); TEACHER ONLY, never benchmarked",1,0.0
S8754_1VQB,S8754_1VQB,T,48,V,0.0,ddG,s8754_ddg,stability,F_STABILITY_FIELD_TEACHER,0,1.0,"S8754 ddG (sign-flipped to project convention); TEACHER ONLY, never benchmarked",1,0.0
S8754_1VQB,S8754_1VQB,L,49,A,3.05,ddG,s8754_ddg,stability,F_STABILITY_FIELD_TEACHER,0,1.0,"S8754 ddG (sign-flipped to project convention); TEACHER ONLY, never benchmarked",1,0.0
S8754_1VQB,S8754_1VQB,L,49,C,2.05,ddG,s8754_ddg,stability,F_STABILITY_FIELD_TEACHER,0,1.0,"S8754 ddG (sign-flipped to project convention); TEACHER ONLY, never benchmarked",1,0.0
S8754_1VQB,S8754_1VQB,L,49,I,0.95,ddG,s8754_ddg,stability,F_STABILITY_FIELD_TEACHER,0,1.0,"S8754 ddG (sign-flipped to project convention); TEACHER ONLY, never benchmarked",1,0.0
S8754_1VQB,S8754_1VQB,L,49,T,2.85,ddG,s8754_ddg,stability,F_STABILITY_FIELD_TEACHER,0,1.0,"S8754 ddG (sign-flipped to project convention); TEACHER ONLY, never benchmarked",1,0.0
S8754_1VQB,S8754_1VQB,L,49,V,1.45,ddG,s8754_ddg,stability,F_STABILITY_FIELD_TEACHER,0,1.0,"S8754 ddG (sign-flipped to project convention); TEACHER ONLY, never benchmarked",1,0.0
S8754_1VQB,S8754_1VQB,D,50,H,0.77,ddG,s8754_ddg,stability,F_STABILITY_FIELD_TEACHER,0,1.0,"S8754 ddG (sign-flipped to project convention); TEACHER ONLY, never benchmarked",1,0.0
S8754_1VQB,S8754_1VQB,T,62,C,0.35,ddG,s8754_ddg,stability,F_STABILITY_FIELD_TEACHER,0,1.0,"S8754 ddG (sign-flipped to project convention); TEACHER ONLY, never benchmarked",1,0.0
S8754_1VQB,S8754_1VQB,T,62,V,-0.65,ddG,s8754_ddg,stability,F_STABILITY_FIELD_TEACHER,0,1.0,"S8754 ddG (sign-flipped to project convention); TEACHER ONLY, never benchmarked",1,0.0
S8754_1VQB,S8754_1VQB,V,63,C,2.05,ddG,s8754_ddg,stability,F_STABILITY_FIELD_TEACHER,0,1.0,"S8754 ddG (sign-flipped to project convention); TEACHER ONLY, never benchmarked",1,0.0
S8754_1VQB,S8754_1VQB,V,63,T,2.5,ddG,s8754_ddg,stability,F_STABILITY_FIELD_TEACHER,0,1.0,"S8754 ddG (sign-flipped to project convention); TEACHER ONLY, never benchmarked",1,0.0
S8754_1VQB,S8754_1VQB,H,64,C,-0.25,ddG,s8754_ddg,stability,F_STABILITY_FIELD_TEACHER,0,1.0,"S8754 ddG (sign-flipped to project convention); TEACHER ONLY, never benchmarked",1,0.0
S8754_1VQB,S8754_1VQB,L,65,P,1.5,ddG,s8754_ddg,stability,F_STABILITY_FIELD_TEACHER,0,1.0,"S8754 ddG (sign-flipped to project convention); TEACHER ONLY, never benchmarked",1,0.0
S8754_1VQB,S8754_1VQB,S,67,C,1.85,ddG,s8754_ddg,stability,F_STABILITY_FIELD_TEACHER,0,1.0,"S8754 ddG (sign-flipped to project convention); TEACHER ONLY, never benchmarked",1,0.0
S8754_1VQB,S8754_1VQB,S,67,T,0.8,ddG,s8754_ddg,stability,F_STABILITY_FIELD_TEACHER,0,1.0,"S8754 ddG (sign-flipped to project convention); TEACHER ONLY, never benchmarked",1,0.0
S8754_1VQB,S8754_1VQB,F,68,L,2.12,ddG,s8754_ddg,stability,F_STABILITY_FIELD_TEACHER,0,1.0,"S8754 ddG (sign-flipped to project convention); TEACHER ONLY, never benchmarked",1,0.0
S8754_1VQB,S8754_1VQB,F,68,V,2.5,ddG,s8754_ddg,stability,F_STABILITY_FIELD_TEACHER,0,1.0,"S8754 ddG (sign-flipped to project convention); TEACHER ONLY, never benchmarked",1,0.0
S8754_1VQB,S8754_1VQB,K,69,H,0.62,ddG,s8754_ddg,stability,F_STABILITY_FIELD_TEACHER,0,1.0,"S8754 ddG (sign-flipped to project convention); TEACHER ONLY, never benchmarked",1,0.0
S8754_1VQB,S8754_1VQB,K,69,M,-0.08,ddG,s8754_ddg,stability,F_STABILITY_FIELD_TEACHER,0,1.0,"S8754 ddG (sign-flipped to project convention); TEACHER ONLY, never benchmarked",1,0.0
S8754_1VQB,S8754_1VQB,V,70,C,1.6,ddG,s8754_ddg,stability,F_STABILITY_FIELD_TEACHER,0,1.0,"S8754 ddG (sign-flipped to project convention); TEACHER ONLY, never benchmarked",1,0.0
S8754_1VQB,S8754_1VQB,V,70,P,5.05,ddG,s8754_ddg,stability,F_STABILITY_FIELD_TEACHER,0,1.0,"S8754 ddG (sign-flipped to project convention); TEACHER ONLY, never benchmarked",1,0.0
S8754_1VQB,S8754_1VQB,V,70,T,1.75,ddG,s8754_ddg,stability,F_STABILITY_FIELD_TEACHER,0,1.0,"S8754 ddG (sign-flipped to project convention); TEACHER ONLY, never benchmarked",1,0.0
S8754_1VQB,S8754_1VQB,F,73,W,-0.4,ddG,s8754_ddg,stability,F_STABILITY_FIELD_TEACHER,0,1.0,"S8754 ddG (sign-flipped to project convention); TEACHER ONLY, never benchmarked",1,0.0
S8754_1VQB,S8754_1VQB,M,77,A,1.05,ddG,s8754_ddg,stability,F_STABILITY_FIELD_TEACHER,0,1.0,"S8754 ddG (sign-flipped to project convention); TEACHER ONLY, never benchmarked",1,0.0
S8754_1VQB,S8754_1VQB,M,77,C,0.0,ddG,s8754_ddg,stability,F_STABILITY_FIELD_TEACHER,0,1.0,"S8754 ddG (sign-flipped to project convention); TEACHER ONLY, never benchmarked",1,0.0
S8754_1VQB,S8754_1VQB,M,77,F,0.1,ddG,s8754_ddg,stability,F_STABILITY_FIELD_TEACHER,0,1.0,"S8754 ddG (sign-flipped to project convention); TEACHER ONLY, never benchmarked",1,0.0
S8754_1VQB,S8754_1VQB,M,77,I,-0.8,ddG,s8754_ddg,stability,F_STABILITY_FIELD_TEACHER,0,1.0,"S8754 ddG (sign-flipped to project convention); TEACHER ONLY, never benchmarked",1,0.0
S8754_1VQB,S8754_1VQB,M,77,L,0.6,ddG,s8754_ddg,stability,F_STABILITY_FIELD_TEACHER,0,1.0,"S8754 ddG (sign-flipped to project convention); TEACHER ONLY, never benchmarked",1,0.0
S8754_1VQB,S8754_1VQB,M,77,T,0.4,ddG,s8754_ddg,stability,F_STABILITY_FIELD_TEACHER,0,1.0,"S8754 ddG (sign-flipped to project convention); TEACHER ONLY, never benchmarked",1,0.0
S8754_1VQB,S8754_1VQB,M,77,V,-0.6,ddG,s8754_ddg,stability,F_STABILITY_FIELD_TEACHER,0,1.0,"S8754 ddG (sign-flipped to project convention); TEACHER ONLY, never benchmarked",1,0.0
S8754_1VQB,S8754_1VQB,I,78,C,2.2,ddG,s8754_ddg,stability,F_STABILITY_FIELD_TEACHER,0,1.0,"S8754 ddG (sign-flipped to project convention); TEACHER ONLY, never benchmarked",1,0.0
S8754_1VQB,S8754_1VQB,I,78,T,3.3,ddG,s8754_ddg,stability,F_STABILITY_FIELD_TEACHER,0,1.0,"S8754 ddG (sign-flipped to project convention); TEACHER ONLY, never benchmarked",1,0.0
S8754_1VQB,S8754_1VQB,I,78,V,0.65,ddG,s8754_ddg,stability,F_STABILITY_FIELD_TEACHER,0,1.0,"S8754 ddG (sign-flipped to project convention); TEACHER ONLY, never benchmarked",1,0.0
S8754_1VQB,S8754_1VQB,L,81,C,1.85,ddG,s8754_ddg,stability,F_STABILITY_FIELD_TEACHER,0,1.0,"S8754 ddG (sign-flipped to project convention); TEACHER ONLY, never benchmarked",1,0.0
S8754_1VQB,S8754_1VQB,L,81,T,2.55,ddG,s8754_ddg,stability,F_STABILITY_FIELD_TEACHER,0,1.0,"S8754 ddG (sign-flipped to project convention); TEACHER ONLY, never benchmarked",1,0.0
S8754_1VQB,S8754_1VQB,L,81,V,0.1,ddG,s8754_ddg,stability,F_STABILITY_FIELD_TEACHER,0,1.0,"S8754 ddG (sign-flipped to project convention); TEACHER ONLY, never benchmarked",1,0.0
S8754_1VQB,S8754_1VQB,R,82,C,0.75,ddG,s8754_ddg,stability,F_STABILITY_FIELD_TEACHER,0,1.0,"S8754 ddG (sign-flipped to project convention); TEACHER ONLY, never benchmarked",1,0.0
S8754_1VQB,S8754_1VQB,A,86,T,0.35,ddG,s8754_ddg,stability,F_STABILITY_FIELD_TEACHER,0,1.0,"S8754 ddG (sign-flipped to project convention); TEACHER ONLY, never benchmarked",1,0.0
S8754_1VQB,S8754_1VQB,A,86,V,-0.25,ddG,s8754_ddg,stability,F_STABILITY_FIELD_TEACHER,0,1.0,"S8754 ddG (sign-flipped to project convention); TEACHER ONLY, never benchmarked",1,0.0
S8754_P02647,S8754_P02647,Y,42,P,1.7999999999999998,ddG,s8754_ddg,stability,F_STABILITY_FIELD_TEACHER,0,1.0,"S8754 ddG (sign-flipped to project convention); TEACHER ONLY, never benchmarked",1,0.0
S8754_P02647,S8754_P02647,L,254,P,0.0,ddG,s8754_ddg,stability,F_STABILITY_FIELD_TEACHER,0,1.0,"S8754 ddG (sign-flipped to project convention); TEACHER ONLY, never benchmarked",1,0.0
S8754_2EWN,S8754_2EWN,E,140,A,0.2,ddG,s8754_ddg,stability,F_STABILITY_FIELD_TEACHER,0,1.0,"S8754 ddG (sign-flipped to project convention); TEACHER ONLY, never benchmarked",1,0.0
S8754_2EWN,S8754_2EWN,G,142,A,2.95,ddG,s8754_ddg,stability,F_STABILITY_FIELD_TEACHER,0,1.0,"S8754 ddG (sign-flipped to project convention); TEACHER ONLY, never benchmarked",1,0.0
S8754_2EWN,S8754_2EWN,P,143,A,0.3,ddG,s8754_ddg,stability,F_STABILITY_FIELD_TEACHER,0,1.0,"S8754 ddG (sign-flipped to project convention); TEACHER ONLY, never benchmarked",1,0.0
S8754_2EWN,S8754_2EWN,T,195,A,0.4,ddG,s8754_ddg,stability,F_STABILITY_FIELD_TEACHER,0,1.0,"S8754 ddG (sign-flipped to project convention); TEACHER ONLY, never benchmarked",1,0.0
S8754_2EWN,S8754_2EWN,G,196,A,-0.4,ddG,s8754_ddg,stability,F_STABILITY_FIELD_TEACHER,0,1.0,"S8754 ddG (sign-flipped to project convention); TEACHER ONLY, never benchmarked",1,0.0
S8754_2EWN,S8754_2EWN,D,197,A,0.3,ddG,s8754_ddg,stability,F_STABILITY_FIELD_TEACHER,0,1.0,"S8754 ddG (sign-flipped to project convention); TEACHER ONLY, never benchmarked",1,0.0
S8754_2EWN,S8754_2EWN,I,280,A,0.3,ddG,s8754_ddg,stability,F_STABILITY_FIELD_TEACHER,0,1.0,"S8754 ddG (sign-flipped to project convention); TEACHER ONLY, never benchmarked",1,0.0
S8754_2EWN,S8754_2EWN,G,281,A,0.2,ddG,s8754_ddg,stability,F_STABILITY_FIELD_TEACHER,0,1.0,"S8754 ddG (sign-flipped to project convention); TEACHER ONLY, never benchmarked",1,0.0
S8754_2EWN,S8754_2EWN,K,283,A,0.3,ddG,s8754_ddg,stability,F_STABILITY_FIELD_TEACHER,0,1.0,"S8754 ddG (sign-flipped to project convention); TEACHER ONLY, never benchmarked",1,0.0
S8754_1LUC,S8754_1LUC,H,81,A,2.1,ddG,s8754_ddg,stability,F_STABILITY_FIELD_TEACHER,0,1.0,"S8754 ddG (sign-flipped to project convention); TEACHER ONLY, never benchmarked",1,0.0
S8754_1LUC,S8754_1LUC,H,82,A,2.7,ddG,s8754_ddg,stability,F_STABILITY_FIELD_TEACHER,0,1.0,"S8754 ddG (sign-flipped to project convention); TEACHER ONLY, never benchmarked",1,0.0
S8754_1LUC_2,S8754_1LUC_2,A,81,H,2.7,ddG,s8754_ddg,stability,F_STABILITY_FIELD_TEACHER,0,1.0,"S8754 ddG (sign-flipped to project convention); TEACHER ONLY, never benchmarked",1,0.0
S8754_1LUC_2,S8754_1LUC_2,H,82,A,2.8,ddG,s8754_ddg,stability,F_STABILITY_FIELD_TEACHER,0,1.0,"S8754 ddG (sign-flipped to project convention); TEACHER ONLY, never benchmarked",1,0.0
S8754_1B28,S8754_1B28,M,31,A,3.17,ddG,s8754_ddg,stability,F_STABILITY_FIELD_TEACHER,0,1.0,"S8754 ddG (sign-flipped to project convention); TEACHER ONLY, never benchmarked",1,0.0
S8754_1B28,S8754_1B28,Y,36,A,2.71,ddG,s8754_ddg,stability,F_STABILITY_FIELD_TEACHER,0,1.0,"S8754 ddG (sign-flipped to project convention); TEACHER ONLY, never benchmarked",1,0.0
S8754_1B28,S8754_1B28,L,40,A,1.31,ddG,s8754_ddg,stability,F_STABILITY_FIELD_TEACHER,0,1.0,"S8754 ddG (sign-flipped to project convention); TEACHER ONLY, never benchmarked",1,0.0
S8754_1ARR,S8754_1ARR,M,1,A,0.1,ddG,s8754_ddg,stability,F_STABILITY_FIELD_TEACHER,0,1.0,"S8754 ddG (sign-flipped to project convention); TEACHER ONLY, never benchmarked",1,0.0
S8754_1ARR,S8754_1ARR,K,2,A,-0.1,ddG,s8754_ddg,stability,F_STABILITY_FIELD_TEACHER,0,1.0,"S8754 ddG (sign-flipped to project convention); TEACHER ONLY, never benchmarked",1,0.0
S8754_1ARR,S8754_1ARR,G,3,A,-0.3,ddG,s8754_ddg,stability,F_STABILITY_FIELD_TEACHER,0,1.0,"S8754 ddG (sign-flipped to project convention); TEACHER ONLY, never benchmarked",1,0.0
S8754_1ARR,S8754_1ARR,M,4,A,-0.2,ddG,s8754_ddg,stability,F_STABILITY_FIELD_TEACHER,0,1.0,"S8754 ddG (sign-flipped to project convention); TEACHER ONLY, never benchmarked",1,0.0
S8754_1ARR,S8754_1ARR,S,5,A,-0.1,ddG,s8754_ddg,stability,F_STABILITY_FIELD_TEACHER,0,1.0,"S8754 ddG (sign-flipped to project convention); TEACHER ONLY, never benchmarked",1,0.0
S8754_1ARR,S8754_1ARR,K,6,A,-0.4,ddG,s8754_ddg,stability,F_STABILITY_FIELD_TEACHER,0,1.0,"S8754 ddG (sign-flipped to project convention); TEACHER ONLY, never benchmarked",1,0.0
S8754_1ARR,S8754_1ARR,M,7,A,0.6000000000000001,ddG,s8754_ddg,stability,F_STABILITY_FIELD_TEACHER,0,1.0,"S8754 ddG (sign-flipped to project convention); TEACHER ONLY, never benchmarked",1,0.0
S8754_1ARR,S8754_1ARR,P,8,A,-2.9,ddG,s8754_ddg,stability,F_STABILITY_FIELD_TEACHER,0,1.0,"S8754 ddG (sign-flipped to project convention); TEACHER ONLY, never benchmarked",1,0.0
S8754_1ARR,S8754_1ARR,P,8,L,-2.48,ddG,s8754_ddg,stability,F_STABILITY_FIELD_TEACHER,0,1.0,"S8754 ddG (sign-flipped to project convention); TEACHER ONLY, never benchmarked",3,0.1499999999999999
S8754_1ARR,S8754_1ARR,Q,9,A,0.1,ddG,s8754_ddg,stability,F_STABILITY_FIELD_TEACHER,0,1.0,"S8754 ddG (sign-flipped to project convention); TEACHER ONLY, never benchmarked",1,0.0
S8754_1ARR,S8754_1ARR,Q,9,G,-0.22,ddG,s8754_ddg,stability,F_STABILITY_FIELD_TEACHER,0,1.0,"S8754 ddG (sign-flipped to project convention); TEACHER ONLY, never benchmarked",1,0.0
S8754_1ARR,S8754_1ARR,F,10,A,2.7,ddG,s8754_ddg,stability,F_STABILITY_FIELD_TEACHER,0,1.0,"S8754 ddG (sign-flipped to project convention); TEACHER ONLY, never benchmarked",1,0.0
S8754_1ARR,S8754_1ARR,N,11,A,-0.5,ddG,s8754_ddg,stability,F_STABILITY_FIELD_TEACHER,0,1.0,"S8754 ddG (sign-flipped to project convention); TEACHER ONLY, never benchmarked",1,0.0
S8754_1ARR,S8754_1ARR,L,12,A,2.01,ddG,s8754_ddg,stability,F_STABILITY_FIELD_TEACHER,0,1.0,"S8754 ddG (sign-flipped to project convention); TEACHER ONLY, never benchmarked",1,0.0
S8754_1ARR,S8754_1ARR,R,13,A,0.6000000000000001,ddG,s8754_ddg,stability,F_STABILITY_FIELD_TEACHER,0,1.0,"S8754 ddG (sign-flipped to project convention); TEACHER ONLY, never benchmarked",1,0.0
S8754_1ARR,S8754_1ARR,R,13,G,-0.27,ddG,s8754_ddg,stability,F_STABILITY_FIELD_TEACHER,0,1.0,"S8754 ddG (sign-flipped to project convention); TEACHER ONLY, never benchmarked",1,0.0
S8754_1ARR,S8754_1ARR,W,14,A,4.0,ddG,s8754_ddg,stability,F_STABILITY_FIELD_TEACHER,0,1.0,"S8754 ddG (sign-flipped to project convention); TEACHER ONLY, never benchmarked",1,0.0
S8754_1ARR,S8754_1ARR,P,15,A,1.9,ddG,s8754_ddg,stability,F_STABILITY_FIELD_TEACHER,0,1.0,"S8754 ddG (sign-flipped to project convention); TEACHER ONLY, never benchmarked",1,0.0
S8754_1ARR,S8754_1ARR,R,16,A,-0.2,ddG,s8754_ddg,stability,F_STABILITY_FIELD_TEACHER,0,1.0,"S8754 ddG (sign-flipped to project convention); TEACHER ONLY, never benchmarked",1,0.0
S8754_1ARR,S8754_1ARR,R,16,G,0.64,ddG,s8754_ddg,stability,F_STABILITY_FIELD_TEACHER,0,1.0,"S8754 ddG (sign-flipped to project convention); TEACHER ONLY, never benchmarked",1,0.0
S8754_1ARR,S8754_1ARR,E,17,A,0.5,ddG,s8754_ddg,stability,F_STABILITY_FIELD_TEACHER,0,1.0,"S8754 ddG (sign-flipped to project convention); TEACHER ONLY, never benchmarked",1,0.0
S8754_1ARR,S8754_1ARR,E,17,G,0.57,ddG,s8754_ddg,stability,F_STABILITY_FIELD_TEACHER,0,1.0,"S8754 ddG (sign-flipped to project convention); TEACHER ONLY, never benchmarked",1,0.0
S8754_1ARR,S8754_1ARR,V,18,A,0.645,ddG,s8754_ddg,stability,F_STABILITY_FIELD_TEACHER,0,1.0,"S8754 ddG (sign-flipped to project convention); TEACHER ONLY, never benchmarked",1,0.0
S8754_1ARR,S8754_1ARR,L,19,A,1.31625,ddG,s8754_ddg,stability,F_STABILITY_FIELD_TEACHER,0,1.0,"S8754 ddG (sign-flipped to project convention); TEACHER ONLY, never benchmarked",1,0.0
S8754_1ARR,S8754_1ARR,L,19,Q,0.9,ddG,s8754_ddg,stability,F_STABILITY_FIELD_TEACHER,0,1.0,"S8754 ddG (sign-flipped to project convention); TEACHER ONLY, never benchmarked",1,0.0
S8754_1ARR,S8754_1ARR,D,20,A,0.8,ddG,s8754_ddg,stability,F_STABILITY_FIELD_TEACHER,0,1.0,"S8754 ddG (sign-flipped to project convention); TEACHER ONLY, never benchmarked",1,0.0
S8754_1ARR,S8754_1ARR,D,20,G,1.35,ddG,s8754_ddg,stability,F_STABILITY_FIELD_TEACHER,0,1.0,"S8754 ddG (sign-flipped to project convention); TEACHER ONLY, never benchmarked",1,0.0
S8754_1ARR,S8754_1ARR,L,21,A,3.4,ddG,s8754_ddg,stability,F_STABILITY_FIELD_TEACHER,0,1.0,"S8754 ddG (sign-flipped to project convention); TEACHER ONLY, never benchmarked",1,0.0
S8754_1ARR,S8754_1ARR,V,22,A,3.02,ddG,s8754_ddg,stability,F_STABILITY_FIELD_TEACHER,0,1.0,"S8754 ddG (sign-flipped to project convention); TEACHER ONLY, never benchmarked",1,0.0
S8754_1ARR,S8754_1ARR,R,23,A,1.1,ddG,s8754_ddg,stability,F_STABILITY_FIELD_TEACHER,0,1.0,"S8754 ddG (sign-flipped to project convention); TEACHER ONLY, never benchmarked",1,0.0
S8754_1ARR,S8754_1ARR,R,23,G,1.04,ddG,s8754_ddg,stability,F_STABILITY_FIELD_TEACHER,0,1.0,"S8754 ddG (sign-flipped to project convention); TEACHER ONLY, never benchmarked",1,0.0
S8754_1ARR,S8754_1ARR,K,24,A,0.6000000000000001,ddG,s8754_ddg,stability,F_STABILITY_FIELD_TEACHER,0,1.0,"S8754 ddG (sign-flipped to project convention); TEACHER ONLY, never benchmarked",1,0.0
S8754_1ARR,S8754_1ARR,K,24,G,1.23,ddG,s8754_ddg,stability,F_STABILITY_FIELD_TEACHER,0,1.0,"S8754 ddG (sign-flipped to project convention); TEACHER ONLY, never benchmarked",1,0.0
S8754_1ARR,S8754_1ARR,K,24,T,0.6,ddG,s8754_ddg,stability,F_STABILITY_FIELD_TEACHER,0,1.0,"S8754 ddG (sign-flipped to project convention); TEACHER ONLY, never benchmarked",1,0.0
S8754_1ARR,S8754_1ARR,V,25,A,0.18,ddG,s8754_ddg,stability,F_STABILITY_FIELD_TEACHER,0,1.0,"S8754 ddG (sign-flipped to project convention); TEACHER ONLY, never benchmarked",1,0.0
S8754_1ARR,S8754_1ARR,E,27,A,-0.4,ddG,s8754_ddg,stability,F_STABILITY_FIELD_TEACHER,0,1.0,"S8754 ddG (sign-flipped to project convention); TEACHER ONLY, never benchmarked",1,0.0
S8754_1ARR,S8754_1ARR,E,27,G,0.43,ddG,s8754_ddg,stability,F_STABILITY_FIELD_TEACHER,0,1.0,"S8754 ddG (sign-flipped to project convention); TEACHER ONLY, never benchmarked",1,0.0
S8754_1ARR,S8754_1ARR,E,28,A,0.5,ddG,s8754_ddg,stability,F_STABILITY_FIELD_TEACHER,0,1.0,"S8754 ddG (sign-flipped to project convention); TEACHER ONLY, never benchmarked",1,0.0
S8754_1ARR,S8754_1ARR,E,28,G,0.84,ddG,s8754_ddg,stability,F_STABILITY_FIELD_TEACHER,0,1.0,"S8754 ddG (sign-flipped to project convention); TEACHER ONLY, never benchmarked",1,0.0
S8754_1ARR,S8754_1ARR,N,29,A,0.47,ddG,s8754_ddg,stability,F_STABILITY_FIELD_TEACHER,0,1.0,"S8754 ddG (sign-flipped to project convention); TEACHER ONLY, never benchmarked",1,0.0
S8754_1ARR,S8754_1ARR,G,30,A,1.82625,ddG,s8754_ddg,stability,F_STABILITY_FIELD_TEACHER,0,1.0,"S8754 ddG (sign-flipped to project convention); TEACHER ONLY, never benchmarked",1,0.0
S8754_1ARR,S8754_1ARR,R,31,A,3.4,ddG,s8754_ddg,stability,F_STABILITY_FIELD_TEACHER,0,1.0,"S8754 ddG (sign-flipped to project convention); TEACHER ONLY, never benchmarked",1,0.0
S8754_1ARR,S8754_1ARR,S,32,A,3.78,ddG,s8754_ddg,stability,F_STABILITY_FIELD_TEACHER,0,1.0,"S8754 ddG (sign-flipped to project convention); TEACHER ONLY, never benchmarked",1,0.0
S8754_1ARR,S8754_1ARR,V,33,A,1.935,ddG,s8754_ddg,stability,F_STABILITY_FIELD_TEACHER,0,1.0,"S8754 ddG (sign-flipped to project convention); TEACHER ONLY, never benchmarked",1,0.0
S8754_1ARR,S8754_1ARR,N,34,A,0.0,ddG,s8754_ddg,stability,F_STABILITY_FIELD_TEACHER,0,1.0,"S8754 ddG (sign-flipped to project convention); TEACHER ONLY, never benchmarked",1,0.0
S8754_1ARR,S8754_1ARR,N,34,G,-0.23,ddG,s8754_ddg,stability,F_STABILITY_FIELD_TEACHER,0,1.0,"S8754 ddG (sign-flipped to project convention); TEACHER ONLY, never benchmarked",1,0.0
S8754_1ARR,S8754_1ARR,S,35,A,-0.2,ddG,s8754_ddg,stability,F_STABILITY_FIELD_TEACHER,0,1.0,"S8754 ddG (sign-flipped to project convention); TEACHER ONLY, never benchmarked",1,0.0
S8754_1ARR,S8754_1ARR,S,35,G,0.24,ddG,s8754_ddg,stability,F_STABILITY_FIELD_TEACHER,0,1.0,"S8754 ddG (sign-flipped to project convention); TEACHER ONLY, never benchmarked",1,0.0
S8754_1ARR,S8754_1ARR,I,37,V,1.37,ddG,s8754_ddg,stability,F_STABILITY_FIELD_TEACHER,0,1.0,"S8754 ddG (sign-flipped to project convention); TEACHER ONLY, never benchmarked",1,0.0
S8754_1ARR,S8754_1ARR,Y,38,A,3.3200000000000003,ddG,s8754_ddg,stability,F_STABILITY_FIELD_TEACHER,0,1.0,"S8754 ddG (sign-flipped to project convention); TEACHER ONLY, never benchmarked",1,0.0
S8754_1ARR,S8754_1ARR,Q,39,A,-0.1,ddG,s8754_ddg,stability,F_STABILITY_FIELD_TEACHER,0,1.0,"S8754 ddG (sign-flipped to project convention); TEACHER ONLY, never benchmarked",1,0.0
S8754_1ARR,S8754_1ARR,Q,39,G,0.65,ddG,s8754_ddg,stability,F_STABILITY_FIELD_TEACHER,0,1.0,"S8754 ddG (sign-flipped to project convention); TEACHER ONLY, never benchmarked",1,0.0
S8754_1ARR,S8754_1ARR,R,40,A,4.6,ddG,s8754_ddg,stability,F_STABILITY_FIELD_TEACHER,0,1.0,"S8754 ddG (sign-flipped to project convention); TEACHER ONLY, never benchmarked",1,0.0
S8754_1ARR,S8754_1ARR,V,41,A,3.71,ddG,s8754_ddg,stability,F_STABILITY_FIELD_TEACHER,0,1.0,"S8754 ddG (sign-flipped to project convention); TEACHER ONLY, never benchmarked",1,0.0
S8754_1ARR,S8754_1ARR,M,42,A,3.21625,ddG,s8754_ddg,stability,F_STABILITY_FIELD_TEACHER,0,1.0,"S8754 ddG (sign-flipped to project convention); TEACHER ONLY, never benchmarked",1,0.0
S8754_1ARR,S8754_1ARR,E,43,A,0.3,ddG,s8754_ddg,stability,F_STABILITY_FIELD_TEACHER,0,1.0,"S8754 ddG (sign-flipped to project convention); TEACHER ONLY, never benchmarked",1,0.0
S8754_1ARR,S8754_1ARR,S,44,A,0.31,ddG,s8754_ddg,stability,F_STABILITY_FIELD_TEACHER,0,1.0,"S8754 ddG (sign-flipped to project convention); TEACHER ONLY, never benchmarked",1,0.0
S8754_1ARR,S8754_1ARR,F,45,A,2.7,ddG,s8754_ddg,stability,F_STABILITY_FIELD_TEACHER,0,1.0,"S8754 ddG (sign-flipped to project convention); TEACHER ONLY, never benchmarked",1,0.0
S8754_1ARR,S8754_1ARR,K,46,A,0.0,ddG,s8754_ddg,stability,F_STABILITY_FIELD_TEACHER,0,1.0,"S8754 ddG (sign-flipped to project convention); TEACHER ONLY, never benchmarked",1,0.0
S8754_1ARR,S8754_1ARR,K,46,G,0.73,ddG,s8754_ddg,stability,F_STABILITY_FIELD_TEACHER,0,1.0,"S8754 ddG (sign-flipped to project convention); TEACHER ONLY, never benchmarked",1,0.0
S8754_1ARR,S8754_1ARR,K,47,A,1.8,ddG,s8754_ddg,stability,F_STABILITY_FIELD_TEACHER,0,1.0,"S8754 ddG (sign-flipped to project convention); TEACHER ONLY, never benchmarked",1,0.0
S8754_1ARR,S8754_1ARR,K,47,G,0.57,ddG,s8754_ddg,stability,F_STABILITY_FIELD_TEACHER,0,1.0,"S8754 ddG (sign-flipped to project convention); TEACHER ONLY, never benchmarked",1,0.0
S8754_1ARR,S8754_1ARR,E,48,A,1.135,ddG,s8754_ddg,stability,F_STABILITY_FIELD_TEACHER,0,1.0,"S8754 ddG (sign-flipped to project convention); TEACHER ONLY, never benchmarked",1,0.0
S8754_1ARR,S8754_1ARR,E,48,G,1.14,ddG,s8754_ddg,stability,F_STABILITY_FIELD_TEACHER,0,1.0,"S8754 ddG (sign-flipped to project convention); TEACHER ONLY, never benchmarked",1,0.0
S8754_1ARR,S8754_1ARR,G,49,A,2.0,ddG,s8754_ddg,stability,F_STABILITY_FIELD_TEACHER,0,1.0,"S8754 ddG (sign-flipped to project convention); TEACHER ONLY, never benchmarked",1,0.0
S8754_1ARR,S8754_1ARR,R,50,A,1.9,ddG,s8754_ddg,stability,F_STABILITY_FIELD_TEACHER,0,1.0,"S8754 ddG (sign-flipped to project convention); TEACHER ONLY, never benchmarked",1,0.0
S8754_1ARR,S8754_1ARR,I,51,A,1.9,ddG,s8754_ddg,stability,F_STABILITY_FIELD_TEACHER,0,1.0,"S8754 ddG (sign-flipped to project convention); TEACHER ONLY, never benchmarked",1,0.0
S8754_1ARR,S8754_1ARR,G,52,A,-0.2,ddG,s8754_ddg,stability,F_STABILITY_FIELD_TEACHER,0,1.0,"S8754 ddG (sign-flipped to project convention); TEACHER ONLY, never benchmarked",1,0.0
S8754_1LBI,S8754_1LBI,K,84,L,0.2,ddG,s8754_ddg,stability,F_STABILITY_FIELD_TEACHER,0,1.0,"S8754 ddG (sign-flipped to project convention); TEACHER ONLY, never benchmarked",1,0.0
S8754_3X3U,S8754_3X3U,S,11,A,-4.95,ddG,s8754_ddg,stability,F_STABILITY_FIELD_TEACHER,0,1.0,"S8754 ddG (sign-flipped to project convention); TEACHER ONLY, never benchmarked",1,0.0
S8754_3X3U,S8754_3X3U,S,11,V,-9.73,ddG,s8754_ddg,stability,F_STABILITY_FIELD_TEACHER,0,1.0,"S8754 ddG (sign-flipped to project convention); TEACHER ONLY, never benchmarked",1,0.0
S8754_3X3U,S8754_3X3U,E,59,K,-3.92,ddG,s8754_ddg,stability,F_STABILITY_FIELD_TEACHER,0,1.0,"S8754 ddG (sign-flipped to project convention); TEACHER ONLY, never benchmarked",1,0.0
S8754_3X3U,S8754_3X3U,E,59,L,-2.89,ddG,s8754_ddg,stability,F_STABILITY_FIELD_TEACHER,0,1.0,"S8754 ddG (sign-flipped to project convention); TEACHER ONLY, never benchmarked",1,0.0
S8754_3X3U,S8754_3X3U,E,61,T,-3.15,ddG,s8754_ddg,stability,F_STABILITY_FIELD_TEACHER,0,1.0,"S8754 ddG (sign-flipped to project convention); TEACHER ONLY, never benchmarked",1,0.0
S8754_3X3U,S8754_3X3U,E,61,V,-3.42,ddG,s8754_ddg,stability,F_STABILITY_FIELD_TEACHER,0,1.0,"S8754 ddG (sign-flipped to project convention); TEACHER ONLY, never benchmarked",1,0.0
S8754_3X3U,S8754_3X3U,Q,73,V,4.13,ddG,s8754_ddg,stability,F_STABILITY_FIELD_TEACHER,0,1.0,"S8754 ddG (sign-flipped to project convention); TEACHER ONLY, never benchmarked",1,0.0
S8754_3X3U,S8754_3X3U,Y,86,D,6.38,ddG,s8754_ddg,stability,F_STABILITY_FIELD_TEACHER,0,1.0,"S8754 ddG (sign-flipped to project convention); TEACHER ONLY, never benchmarked",1,0.0
S8754_1CSP,S8754_1CSP,E,3,Q,-1.14,ddG,s8754_ddg,stability,F_STABILITY_FIELD_TEACHER,0,1.0,"S8754 ddG (sign-flipped to project convention); TEACHER ONLY, never benchmarked",1,0.0
S8754_1CSP,S8754_1CSP,E,3,R,-1.661706539,ddG,s8754_ddg,stability,F_STABILITY_FIELD_TEACHER,0,1.0,"S8754 ddG (sign-flipped to project convention); TEACHER ONLY, never benchmarked",3,1.449952153
S8754_1CSP,S8754_1CSP,K,5,E,3.492822967,ddG,s8754_ddg,stability,F_STABILITY_FIELD_TEACHER,0,1.0,"S8754 ddG (sign-flipped to project convention); TEACHER ONLY, never benchmarked",1,0.0
S8754_1CSP,S8754_1CSP,K,5,Q,2.200956938,ddG,s8754_ddg,stability,F_STABILITY_FIELD_TEACHER,0,1.0,"S8754 ddG (sign-flipped to project convention); TEACHER ONLY, never benchmarked",1,0.0
S8754_1CSP,S8754_1CSP,N,10,D,-0.38,ddG,s8754_ddg,stability,F_STABILITY_FIELD_TEACHER,0,1.0,"S8754 ddG (sign-flipped to project convention); TEACHER ONLY, never benchmarked",1,0.0
S8754_1CSP,S8754_1CSP,N,10,K,1.467304625,ddG,s8754_ddg,stability,F_STABILITY_FIELD_TEACHER,0,1.0,"S8754 ddG (sign-flipped to project convention); TEACHER ONLY, never benchmarked",1,0.0
S8754_1CSP,S8754_1CSP,E,12,K,0.4784689,ddG,s8754_ddg,stability,F_STABILITY_FIELD_TEACHER,0,1.0,"S8754 ddG (sign-flipped to project convention); TEACHER ONLY, never benchmarked",1,0.0
S8754_1CSP,S8754_1CSP,K,13,E,0.366826156,ddG,s8754_ddg,stability,F_STABILITY_FIELD_TEACHER,0,1.0,"S8754 ddG (sign-flipped to project convention); TEACHER ONLY, never benchmarked",1,0.0
S8754_1CSP,S8754_1CSP,K,13,Q,0.167464115,ddG,s8754_ddg,stability,F_STABILITY_FIELD_TEACHER,0,1.0,"S8754 ddG (sign-flipped to project convention); TEACHER ONLY, never benchmarked",1,0.0
S8754_1CSP,S8754_1CSP,F,15,A,1.7425,ddG,s8754_ddg,stability,F_STABILITY_FIELD_TEACHER,0,1.0,"S8754 ddG (sign-flipped to project convention); TEACHER ONLY, never benchmarked",4,1.31
S8754_1CSP,S8754_1CSP,F,17,A,1.2875,ddG,s8754_ddg,stability,F_STABILITY_FIELD_TEACHER,0,1.0,"S8754 ddG (sign-flipped to project convention); TEACHER ONLY, never benchmarked",4,0.72
S8754_1CSP,S8754_1CSP,E,19,K,0.6140350880000001,ddG,s8754_ddg,stability,F_STABILITY_FIELD_TEACHER,0,1.0,"S8754 ddG (sign-flipped to project convention); TEACHER ONLY, never benchmarked",1,0.0
S8754_1CSP,S8754_1CSP,E,19,Q,0.251196172,ddG,s8754_ddg,stability,F_STABILITY_FIELD_TEACHER,0,1.0,"S8754 ddG (sign-flipped to project convention); TEACHER ONLY, never benchmarked",1,0.0
S8754_1CSP,S8754_1CSP,V,20,K,2.035486443,ddG,s8754_ddg,stability,F_STABILITY_FIELD_TEACHER,0,1.0,"S8754 ddG (sign-flipped to project convention); TEACHER ONLY, never benchmarked",1,0.0
S8754_1CSP,S8754_1CSP,V,20,Q,1.897926635,ddG,s8754_ddg,stability,F_STABILITY_FIELD_TEACHER,0,1.0,"S8754 ddG (sign-flipped to project convention); TEACHER ONLY, never benchmarked",1,0.0
S8754_1CSP,S8754_1CSP,E,21,K,0.147527910999999,ddG,s8754_ddg,stability,F_STABILITY_FIELD_TEACHER,0,1.0,"S8754 ddG (sign-flipped to project convention); TEACHER ONLY, never benchmarked",1,0.0
S8754_1CSP,S8754_1CSP,E,21,Q,0.326953748,ddG,s8754_ddg,stability,F_STABILITY_FIELD_TEACHER,0,1.0,"S8754 ddG (sign-flipped to project convention); TEACHER ONLY, never benchmarked",1,0.0
S8754_1CSP,S8754_1CSP,D,24,K,0.462519936,ddG,s8754_ddg,stability,F_STABILITY_FIELD_TEACHER,0,1.0,"S8754 ddG (sign-flipped to project convention); TEACHER ONLY, never benchmarked",1,0.0
S8754_1CSP,S8754_1CSP,D,24,N,0.6658692190000001,ddG,s8754_ddg,stability,F_STABILITY_FIELD_TEACHER,0,1.0,"S8754 ddG (sign-flipped to project convention); TEACHER ONLY, never benchmarked",1,0.0
S8754_1CSP,S8754_1CSP,D,25,K,1.311802233,ddG,s8754_ddg,stability,F_STABILITY_FIELD_TEACHER,0,1.0,"S8754 ddG (sign-flipped to project convention); TEACHER ONLY, never benchmarked",1,0.0
S8754_1CSP,S8754_1CSP,D,25,Q,0.79,ddG,s8754_ddg,stability,F_STABILITY_FIELD_TEACHER,0,1.0,"S8754 ddG (sign-flipped to project convention); TEACHER ONLY, never benchmarked",1,0.0
S8754_1CSP,S8754_1CSP,F,27,A,0.730594099,ddG,s8754_ddg,stability,F_STABILITY_FIELD_TEACHER,0,1.0,"S8754 ddG (sign-flipped to project convention); TEACHER ONLY, never benchmarked",4,0.2076236039999999
S8754_1CSP,S8754_1CSP,F,38,A,-0.2266666666666666,ddG,s8754_ddg,stability,F_STABILITY_FIELD_TEACHER,0,1.0,"S8754 ddG (sign-flipped to project convention); TEACHER ONLY, never benchmarked",3,0.16
S8754_1CSP,S8754_1CSP,K,39,E,0.235247209,ddG,s8754_ddg,stability,F_STABILITY_FIELD_TEACHER,0,1.0,"S8754 ddG (sign-flipped to project convention); TEACHER ONLY, never benchmarked",1,0.0
S8754_1CSP,S8754_1CSP,K,39,Q,0.067783094,ddG,s8754_ddg,stability,F_STABILITY_FIELD_TEACHER,0,1.0,"S8754 ddG (sign-flipped to project convention); TEACHER ONLY, never benchmarked",1,0.0
S8754_1CSP,S8754_1CSP,E,42,K,-0.051834131,ddG,s8754_ddg,stability,F_STABILITY_FIELD_TEACHER,0,1.0,"S8754 ddG (sign-flipped to project convention); TEACHER ONLY, never benchmarked",1,0.0
S8754_1CSP,S8754_1CSP,E,42,Q,0.155502392,ddG,s8754_ddg,stability,F_STABILITY_FIELD_TEACHER,0,1.0,"S8754 ddG (sign-flipped to project convention); TEACHER ONLY, never benchmarked",1,0.0
S8754_1CSP,S8754_1CSP,E,43,K,-0.227272727,ddG,s8754_ddg,stability,F_STABILITY_FIELD_TEACHER,0,1.0,"S8754 ddG (sign-flipped to project convention); TEACHER ONLY, never benchmarked",1,0.0
S8754_1CSP,S8754_1CSP,E,43,Q,-0.051834131,ddG,s8754_ddg,stability,F_STABILITY_FIELD_TEACHER,0,1.0,"S8754 ddG (sign-flipped to project convention); TEACHER ONLY, never benchmarked",1,0.0
S8754_1CSP,S8754_1CSP,S,48,E,-0.04,ddG,s8754_ddg,stability,F_STABILITY_FIELD_TEACHER,0,1.0,"S8754 ddG (sign-flipped to project convention); TEACHER ONLY, never benchmarked",1,0.0
S8754_1CSP,S8754_1CSP,S,48,K,-0.673843699999999,ddG,s8754_ddg,stability,F_STABILITY_FIELD_TEACHER,0,1.0,"S8754 ddG (sign-flipped to project convention); TEACHER ONLY, never benchmarked",1,0.0
S8754_1CSP,S8754_1CSP,E,50,K,0.283094099,ddG,s8754_ddg,stability,F_STABILITY_FIELD_TEACHER,0,1.0,"S8754 ddG (sign-flipped to project convention); TEACHER ONLY, never benchmarked",1,0.0
S8754_1CSP,S8754_1CSP,E,50,Q,1.16,ddG,s8754_ddg,stability,F_STABILITY_FIELD_TEACHER,0,1.0,"S8754 ddG (sign-flipped to project convention); TEACHER ONLY, never benchmarked",1,0.0
S8754_1CSP,S8754_1CSP,E,53,K,0.19138756,ddG,s8754_ddg,stability,F_STABILITY_FIELD_TEACHER,0,1.0,"S8754 ddG (sign-flipped to project convention); TEACHER ONLY, never benchmarked",1,0.0
S8754_1CSP,S8754_1CSP,E,53,Q,-0.203349282,ddG,s8754_ddg,stability,F_STABILITY_FIELD_TEACHER,0,1.0,"S8754 ddG (sign-flipped to project convention); TEACHER ONLY, never benchmarked",1,0.0
S8754_1CSP,S8754_1CSP,N,55,D,-0.462519936,ddG,s8754_ddg,stability,F_STABILITY_FIELD_TEACHER,0,1.0,"S8754 ddG (sign-flipped to project convention); TEACHER ONLY, never benchmarked",1,0.0
S8754_1CSP,S8754_1CSP,N,55,K,0.039872408,ddG,s8754_ddg,stability,F_STABILITY_FIELD_TEACHER,0,1.0,"S8754 ddG (sign-flipped to project convention); TEACHER ONLY, never benchmarked",1,0.0
S8754_1CSP,S8754_1CSP,R,56,Q,-0.28,ddG,s8754_ddg,stability,F_STABILITY_FIELD_TEACHER,0,1.0,"S8754 ddG (sign-flipped to project convention); TEACHER ONLY, never benchmarked",1,0.0
S8754_1CSP,S8754_1CSP,K,65,E,1.913875598,ddG,s8754_ddg,stability,F_STABILITY_FIELD_TEACHER,0,1.0,"S8754 ddG (sign-flipped to project convention); TEACHER ONLY, never benchmarked",1,0.0
S8754_1CSP,S8754_1CSP,K,65,Q,0.5502392340000001,ddG,s8754_ddg,stability,F_STABILITY_FIELD_TEACHER,0,1.0,"S8754 ddG (sign-flipped to project convention); TEACHER ONLY, never benchmarked",1,0.0
S8754_1CSP,S8754_1CSP,E,66,L,-1.46992822975,ddG,s8754_ddg,stability,F_STABILITY_FIELD_TEACHER,0,1.0,"S8754 ddG (sign-flipped to project convention); TEACHER ONLY, never benchmarked",2,0.2601435405000001
S8754_1AV1,S8754_1AV1,L,99,R,0.65,ddG,s8754_ddg,stability,F_STABILITY_FIELD_TEACHER,0,1.0,"S8754 ddG (sign-flipped to project convention); TEACHER ONLY, never benchmarked",1,0.0
S8754_1AV1,S8754_1AV1,L,188,P,1.15,ddG,s8754_ddg,stability,F_STABILITY_FIELD_TEACHER,0,1.0,"S8754 ddG (sign-flipped to project convention); TEACHER ONLY, never benchmarked",1,0.0
S8754_1DFO,S8754_1DFO,W,16,F,1.1,ddG,s8754_ddg,stability,F_STABILITY_FIELD_TEACHER,0,1.0,"S8754 ddG (sign-flipped to project convention); TEACHER ONLY, never benchmarked",1,0.0
S8754_1DFO,S8754_1DFO,W,16,Y,3.55,ddG,s8754_ddg,stability,F_STABILITY_FIELD_TEACHER,0,1.0,"S8754 ddG (sign-flipped to project convention); TEACHER ONLY, never benchmarked",1,0.0
S8754_1DFO,S8754_1DFO,W,183,Y,3.4,ddG,s8754_ddg,stability,F_STABILITY_FIELD_TEACHER,0,1.0,"S8754 ddG (sign-flipped to project convention); TEACHER ONLY, never benchmarked",1,0.0
S8754_1DFO,S8754_1DFO,W,385,F,2.175,ddG,s8754_ddg,stability,F_STABILITY_FIELD_TEACHER,0,1.0,"S8754 ddG (sign-flipped to project convention); TEACHER ONLY, never benchmarked",1,0.0
S8754_P14679,S8754_P14679,R,402,Q,0.35,ddG,s8754_ddg,stability,F_STABILITY_FIELD_TEACHER,0,1.0,"S8754 ddG (sign-flipped to project convention); TEACHER ONLY, never benchmarked",1,0.0
S8754_P14679,S8754_P14679,P,406,L,0.8200000000000001,ddG,s8754_ddg,stability,F_STABILITY_FIELD_TEACHER,0,1.0,"S8754 ddG (sign-flipped to project convention); TEACHER ONLY, never benchmarked",1,0.0
S8754_P14679,S8754_P14679,R,422,Q,0.48,ddG,s8754_ddg,stability,F_STABILITY_FIELD_TEACHER,0,1.0,"S8754 ddG (sign-flipped to project convention); TEACHER ONLY, never benchmarked",1,0.0
S8754_P14679,S8754_P14679,R,422,W,-0.01,ddG,s8754_ddg,stability,F_STABILITY_FIELD_TEACHER,0,1.0,"S8754 ddG (sign-flipped to project convention); TEACHER ONLY, never benchmarked",1,0.0
S8754_1VII,S8754_1VII,L,2,A,1.4,ddG,s8754_ddg,stability,F_STABILITY_FIELD_TEACHER,0,1.0,"S8754 ddG (sign-flipped to project convention); TEACHER ONLY, never benchmarked",1,0.0
S8754_1VII,S8754_1VII,D,4,N,0.74,ddG,s8754_ddg,stability,F_STABILITY_FIELD_TEACHER,0,1.0,"S8754 ddG (sign-flipped to project convention); TEACHER ONLY, never benchmarked",1,0.0
S8754_1VII,S8754_1VII,E,5,Q,0.37,ddG,s8754_ddg,stability,F_STABILITY_FIELD_TEACHER,0,1.0,"S8754 ddG (sign-flipped to project convention); TEACHER ONLY, never benchmarked",1,0.0
S8754_1VII,S8754_1VII,D,6,N,0.84,ddG,s8754_ddg,stability,F_STABILITY_FIELD_TEACHER,0,1.0,"S8754 ddG (sign-flipped to project convention); TEACHER ONLY, never benchmarked",1,0.0
S8754_1VII,S8754_1VII,F,7,L,2.5166666666666666,ddG,s8754_ddg,stability,F_STABILITY_FIELD_TEACHER,0,1.0,"S8754 ddG (sign-flipped to project convention); TEACHER ONLY, never benchmarked",1,0.0
S8754_1VII,S8754_1VII,K,8,M,-0.7875,ddG,s8754_ddg,stability,F_STABILITY_FIELD_TEACHER,0,1.0,"S8754 ddG (sign-flipped to project convention); TEACHER ONLY, never benchmarked",4,0.26
S8754_1VII,S8754_1VII,V,10,A,0.7000000000000001,ddG,s8754_ddg,stability,F_STABILITY_FIELD_TEACHER,0,1.0,"S8754 ddG (sign-flipped to project convention); TEACHER ONLY, never benchmarked",1,0.0
S8754_1VII,S8754_1VII,F,11,A,2.3,ddG,s8754_ddg,stability,F_STABILITY_FIELD_TEACHER,0,1.0,"S8754 ddG (sign-flipped to project convention); TEACHER ONLY, never benchmarked",1,0.0
S8754_1VII,S8754_1VII,F,11,L,1.99,ddG,s8754_ddg,stability,F_STABILITY_FIELD_TEACHER,0,1.0,"S8754 ddG (sign-flipped to project convention); TEACHER ONLY, never benchmarked",1,0.0
S8754_1VII,S8754_1VII,R,15,K,0.36,ddG,s8754_ddg,stability,F_STABILITY_FIELD_TEACHER,0,1.0,"S8754 ddG (sign-flipped to project convention); TEACHER ONLY, never benchmarked",1,0.0
S8754_1VII,S8754_1VII,R,15,M,1.03,ddG,s8754_ddg,stability,F_STABILITY_FIELD_TEACHER,0,1.0,"S8754 ddG (sign-flipped to project convention); TEACHER ONLY, never benchmarked",1,0.0
S8754_1VII,S8754_1VII,F,18,L,2.38,ddG,s8754_ddg,stability,F_STABILITY_FIELD_TEACHER,0,1.0,"S8754 ddG (sign-flipped to project convention); TEACHER ONLY, never benchmarked",1,0.0
S8754_1VII,S8754_1VII,P,22,A,1.27,ddG,s8754_ddg,stability,F_STABILITY_FIELD_TEACHER,0,1.0,"S8754 ddG (sign-flipped to project convention); TEACHER ONLY, never benchmarked",1,0.0
S8754_1VII,S8754_1VII,W,24,A,0.97,ddG,s8754_ddg,stability,F_STABILITY_FIELD_TEACHER,0,1.0,"S8754 ddG (sign-flipped to project convention); TEACHER ONLY, never benchmarked",1,0.0
S8754_1VII,S8754_1VII,W,24,K,1.35,ddG,s8754_ddg,stability,F_STABILITY_FIELD_TEACHER,0,1.0,"S8754 ddG (sign-flipped to project convention); TEACHER ONLY, never benchmarked",1,0.0
S8754_1VII,S8754_1VII,W,24,L,1.39,ddG,s8754_ddg,stability,F_STABILITY_FIELD_TEACHER,0,1.0,"S8754 ddG (sign-flipped to project convention); TEACHER ONLY, never benchmarked",1,0.0
S8754_1VII,S8754_1VII,K,25,M,-0.65,ddG,s8754_ddg,stability,F_STABILITY_FIELD_TEACHER,0,1.0,"S8754 ddG (sign-flipped to project convention); TEACHER ONLY, never benchmarked",1,0.0
S8754_1VII,S8754_1VII,N,28,A,-0.94,ddG,s8754_ddg,stability,F_STABILITY_FIELD_TEACHER,0,1.0,"S8754 ddG (sign-flipped to project convention); TEACHER ONLY, never benchmarked",1,0.0
S8754_1VII,S8754_1VII,L,29,A,1.6,ddG,s8754_ddg,stability,F_STABILITY_FIELD_TEACHER,0,1.0,"S8754 ddG (sign-flipped to project convention); TEACHER ONLY, never benchmarked",1,0.0
S8754_1VII,S8754_1VII,K,30,E,0.02,ddG,s8754_ddg,stability,F_STABILITY_FIELD_TEACHER,0,1.0,"S8754 ddG (sign-flipped to project convention); TEACHER ONLY, never benchmarked",1,0.0
S8754_1VII,S8754_1VII,K,30,M,-1.15,ddG,s8754_ddg,stability,F_STABILITY_FIELD_TEACHER,0,1.0,"S8754 ddG (sign-flipped to project convention); TEACHER ONLY, never benchmarked",1,0.0
S8754_1VII,S8754_1VII,K,31,M,0.22,ddG,s8754_ddg,stability,F_STABILITY_FIELD_TEACHER,0,1.0,"S8754 ddG (sign-flipped to project convention); TEACHER ONLY, never benchmarked",1,0.0
S8754_1VII,S8754_1VII,E,32,Q,0.25,ddG,s8754_ddg,stability,F_STABILITY_FIELD_TEACHER,0,1.0,"S8754 ddG (sign-flipped to project convention); TEACHER ONLY, never benchmarked",1,0.0
S8754_1VII,S8754_1VII,K,33,M,0.17,ddG,s8754_ddg,stability,F_STABILITY_FIELD_TEACHER,0,1.0,"S8754 ddG (sign-flipped to project convention); TEACHER ONLY, never benchmarked",1,0.0
S8754_1VII,S8754_1VII,L,35,A,0.5,ddG,s8754_ddg,stability,F_STABILITY_FIELD_TEACHER,0,1.0,"S8754 ddG (sign-flipped to project convention); TEACHER ONLY, never benchmarked",1,0.0
S8754_4Q0M,S8754_4Q0M,W,61,F,4.3503059275,ddG,s8754_ddg,stability,F_STABILITY_FIELD_TEACHER,0,1.0,"S8754 ddG (sign-flipped to project convention); TEACHER ONLY, never benchmarked",1,0.0
S8754_4Q0M,S8754_4Q0M,W,302,F,-2.465621415,ddG,s8754_ddg,stability,F_STABILITY_FIELD_TEACHER,0,1.0,"S8754 ddG (sign-flipped to project convention); TEACHER ONLY, never benchmarked",1,0.0
S8754_Q9H334,S8754_Q9H334,H,520,A,-12.0,ddG,s8754_ddg,stability,F_STABILITY_FIELD_TEACHER,0,1.0,"S8754 ddG (sign-flipped to project convention); TEACHER ONLY, never benchmarked",3,1.5999999999999996
S8754_1QM4,S8754_1QM4,R,265,H,3.11,ddG,s8754_ddg,stability,F_STABILITY_FIELD_TEACHER,0,1.0,"S8754 ddG (sign-flipped to project convention); TEACHER ONLY, never benchmarked",1,0.0
S8754_1AON,S8754_1AON,I,3,C,0.44,ddG,s8754_ddg,stability,F_STABILITY_FIELD_TEACHER,0,1.0,"S8754 ddG (sign-flipped to project convention); TEACHER ONLY, never benchmarked",1,0.0
S8754_1AON,S8754_1AON,I,3,W,0.25,ddG,s8754_ddg,stability,F_STABILITY_FIELD_TEACHER,0,1.0,"S8754 ddG (sign-flipped to project convention); TEACHER ONLY, never benchmarked",1,0.0
S8754_1AON,S8754_1AON,I,48,W,0.2,ddG,s8754_ddg,stability,F_STABILITY_FIELD_TEACHER,0,1.0,"S8754 ddG (sign-flipped to project convention); TEACHER ONLY, never benchmarked",1,0.0
S8754_1AON,S8754_1AON,V,95,C,0.25,ddG,s8754_ddg,stability,F_STABILITY_FIELD_TEACHER,0,1.0,"S8754 ddG (sign-flipped to project convention); TEACHER ONLY, never benchmarked",1,0.0
S8754_P08821,S8754_P08821,E,15,G,-1.55,ddG,s8754_ddg,stability,F_STABILITY_FIELD_TEACHER,0,1.0,"S8754 ddG (sign-flipped to project convention); TEACHER ONLY, never benchmarked",1,0.0
S8754_P08821,S8754_P08821,S,27,A,-0.73,ddG,s8754_ddg,stability,F_STABILITY_FIELD_TEACHER,0,1.0,"S8754 ddG (sign-flipped to project convention); TEACHER ONLY, never benchmarked",1,0.0
S8754_P08821,S8754_P08821,I,42,V,-0.52,ddG,s8754_ddg,stability,F_STABILITY_FIELD_TEACHER,0,1.0,"S8754 ddG (sign-flipped to project convention); TEACHER ONLY, never benchmarked",1,0.0
S8754_1OH0,S8754_1OH0,Y,16,F,1.79,ddG,s8754_ddg,stability,F_STABILITY_FIELD_TEACHER,0,1.0,"S8754 ddG (sign-flipped to project convention); TEACHER ONLY, never benchmarked",1,0.0
S8754_1OH0,S8754_1OH0,Y,16,S,-11.9,ddG,s8754_ddg,stability,F_STABILITY_FIELD_TEACHER,0,1.0,"S8754 ddG (sign-flipped to project convention); TEACHER ONLY, never benchmarked",1,0.0
S8754_1OH0,S8754_1OH0,Y,32,F,-0.2,ddG,s8754_ddg,stability,F_STABILITY_FIELD_TEACHER,0,1.0,"S8754 ddG (sign-flipped to project convention); TEACHER ONLY, never benchmarked",1,0.0
S8754_1OH0,S8754_1OH0,Y,32,S,-13.7,ddG,s8754_ddg,stability,F_STABILITY_FIELD_TEACHER,0,1.0,"S8754 ddG (sign-flipped to project convention); TEACHER ONLY, never benchmarked",1,0.0
S8754_1OH0,S8754_1OH0,Y,57,F,1.22,ddG,s8754_ddg,stability,F_STABILITY_FIELD_TEACHER,0,1.0,"S8754 ddG (sign-flipped to project convention); TEACHER ONLY, never benchmarked",1,0.0
S8754_1OH0,S8754_1OH0,Y,57,S,4.53,ddG,s8754_ddg,stability,F_STABILITY_FIELD_TEACHER,0,1.0,"S8754 ddG (sign-flipped to project convention); TEACHER ONLY, never benchmarked",1,0.0
S8754_1OH0,S8754_1OH0,W,92,A,3.1,ddG,s8754_ddg,stability,F_STABILITY_FIELD_TEACHER,0,1.0,"S8754 ddG (sign-flipped to project convention); TEACHER ONLY, never benchmarked",1,0.0
S8754_1OH0,S8754_1OH0,V,101,L,1.72,ddG,s8754_ddg,stability,F_STABILITY_FIELD_TEACHER,0,1.0,"S8754 ddG (sign-flipped to project convention); TEACHER ONLY, never benchmarked",1,0.0
S8754_1B26,S8754_1B26,R,191,A,0.355,ddG,s8754_ddg,stability,F_STABILITY_FIELD_TEACHER,0,1.0,"S8754 ddG (sign-flipped to project convention); TEACHER ONLY, never benchmarked",2,0.01
S8754_1B26,S8754_1B26,K,194,A,-0.575,ddG,s8754_ddg,stability,F_STABILITY_FIELD_TEACHER,0,1.0,"S8754 ddG (sign-flipped to project convention); TEACHER ONLY, never benchmarked",2,0.39
S8754_1B26,S8754_1B26,E,232,A,0.52,ddG,s8754_ddg,stability,F_STABILITY_FIELD_TEACHER,0,1.0,"S8754 ddG (sign-flipped to project convention); TEACHER ONLY, never benchmarked",2,0.0599999999999999
S8754_2CRK,S8754_2CRK,D,122,A,0.32,ddG,s8754_ddg,stability,F_STABILITY_FIELD_TEACHER,0,1.0,"S8754 ddG (sign-flipped to project convention); TEACHER ONLY, never benchmarked",1,0.0
S8754_2CRK,S8754_2CRK,D,122,N,0.7966666666666665,ddG,s8754_ddg,stability,F_STABILITY_FIELD_TEACHER,0,1.0,"S8754 ddG (sign-flipped to project convention); TEACHER ONLY, never benchmarked",1,0.0
S8754_O60828,S8754_O60828,R,153,S,7.635907,ddG,s8754_ddg,stability,F_STABILITY_FIELD_TEACHER,0,1.0,"S8754 ddG (sign-flipped to project convention); TEACHER ONLY, never benchmarked",1,0.0
S8754_1UBQ,S8754_1UBQ,M,1,W,-2.103250478,ddG,s8754_ddg,stability,F_STABILITY_FIELD_TEACHER,0,1.0,"S8754 ddG (sign-flipped to project convention); TEACHER ONLY, never benchmarked",1,0.0
S8754_1UBQ,S8754_1UBQ,F,4,W,0.047801147,ddG,s8754_ddg,stability,F_STABILITY_FIELD_TEACHER,0,1.0,"S8754 ddG (sign-flipped to project convention); TEACHER ONLY, never benchmarked",1,0.0
S8754_1UBQ,S8754_1UBQ,K,6,E,-0.53,ddG,s8754_ddg,stability,F_STABILITY_FIELD_TEACHER,0,1.0,"S8754 ddG (sign-flipped to project convention); TEACHER ONLY, never benchmarked",1,0.0
S8754_1UBQ,S8754_1UBQ,K,6,Q,-0.26,ddG,s8754_ddg,stability,F_STABILITY_FIELD_TEACHER,0,1.0,"S8754 ddG (sign-flipped to project convention); TEACHER ONLY, never benchmarked",1,0.0
S8754_1UBQ,S8754_1UBQ,L,8,W,1.027724665,ddG,s8754_ddg,stability,F_STABILITY_FIELD_TEACHER,0,1.0,"S8754 ddG (sign-flipped to project convention); TEACHER ONLY, never benchmarked",1,0.0
S8754_1UBQ,S8754_1UBQ,T,12,W,-0.382409178,ddG,s8754_ddg,stability,F_STABILITY_FIELD_TEACHER,0,1.0,"S8754 ddG (sign-flipped to project convention); TEACHER ONLY, never benchmarked",1,0.0
S8754_1UBQ,S8754_1UBQ,I,13,A,3.4200000000000004,ddG,s8754_ddg,stability,F_STABILITY_FIELD_TEACHER,0,1.0,"S8754 ddG (sign-flipped to project convention); TEACHER ONLY, never benchmarked",1,0.0
S8754_1UBQ,S8754_1UBQ,E,16,W,-1.45793499,ddG,s8754_ddg,stability,F_STABILITY_FIELD_TEACHER,0,1.0,"S8754 ddG (sign-flipped to project convention); TEACHER ONLY, never benchmarked",1,0.0
S8754_1UBQ,S8754_1UBQ,E,18,D,0.08,ddG,s8754_ddg,stability,F_STABILITY_FIELD_TEACHER,0,1.0,"S8754 ddG (sign-flipped to project convention); TEACHER ONLY, never benchmarked",1,0.0
S8754_1UBQ,S8754_1UBQ,S,20,W,1.195028681,ddG,s8754_ddg,stability,F_STABILITY_FIELD_TEACHER,0,1.0,"S8754 ddG (sign-flipped to project convention); TEACHER ONLY, never benchmarked",1,0.0
S8754_1UBQ,S8754_1UBQ,E,24,W,-1.314531549,ddG,s8754_ddg,stability,F_STABILITY_FIELD_TEACHER,0,1.0,"S8754 ddG (sign-flipped to project convention); TEACHER ONLY, never benchmarked",1,0.0
S8754_1UBQ,S8754_1UBQ,V,26,A,2.9,ddG,s8754_ddg,stability,F_STABILITY_FIELD_TEACHER,0,1.0,"S8754 ddG (sign-flipped to project convention); TEACHER ONLY, never benchmarked",2,0.7999999999999998
S8754_1UBQ,S8754_1UBQ,V,26,G,5.699999999999999,ddG,s8754_ddg,stability,F_STABILITY_FIELD_TEACHER,0,1.0,"S8754 ddG (sign-flipped to project convention); TEACHER ONLY, never benchmarked",2,1.2000000000000002
S8754_1UBQ,S8754_1UBQ,V,26,I,-1.1,ddG,s8754_ddg,stability,F_STABILITY_FIELD_TEACHER,0,1.0,"S8754 ddG (sign-flipped to project convention); TEACHER ONLY, never benchmarked",1,0.0
S8754_1UBQ,S8754_1UBQ,V,26,L,-0.3,ddG,s8754_ddg,stability,F_STABILITY_FIELD_TEACHER,0,1.0,"S8754 ddG (sign-flipped to project convention); TEACHER ONLY, never benchmarked",1,0.0
S8754_1UBQ,S8754_1UBQ,K,27,A,2.69,ddG,s8754_ddg,stability,F_STABILITY_FIELD_TEACHER,0,1.0,"S8754 ddG (sign-flipped to project convention); TEACHER ONLY, never benchmarked",1,0.0
S8754_1UBQ,S8754_1UBQ,K,27,Q,1.91,ddG,s8754_ddg,stability,F_STABILITY_FIELD_TEACHER,0,1.0,"S8754 ddG (sign-flipped to project convention); TEACHER ONLY, never benchmarked",1,0.0
S8754_1UBQ,S8754_1UBQ,A,28,W,-1.7208413,ddG,s8754_ddg,stability,F_STABILITY_FIELD_TEACHER,0,1.0,"S8754 ddG (sign-flipped to project convention); TEACHER ONLY, never benchmarked",1,0.0
S8754_1UBQ,S8754_1UBQ,K,29,N,1.34,ddG,s8754_ddg,stability,F_STABILITY_FIELD_TEACHER,0,1.0,"S8754 ddG (sign-flipped to project convention); TEACHER ONLY, never benchmarked",2,0.28
S8754_1UBQ,S8754_1UBQ,K,29,Q,0.935,ddG,s8754_ddg,stability,F_STABILITY_FIELD_TEACHER,0,1.0,"S8754 ddG (sign-flipped to project convention); TEACHER ONLY, never benchmarked",2,1.47
S8754_1UBQ,S8754_1UBQ,D,32,W,0.478011472,ddG,s8754_ddg,stability,F_STABILITY_FIELD_TEACHER,0,1.0,"S8754 ddG (sign-flipped to project convention); TEACHER ONLY, never benchmarked",1,0.0
S8754_1UBQ,S8754_1UBQ,G,35,W,2.031548757,ddG,s8754_ddg,stability,F_STABILITY_FIELD_TEACHER,0,1.0,"S8754 ddG (sign-flipped to project convention); TEACHER ONLY, never benchmarked",1,0.0
S8754_1UBQ,S8754_1UBQ,D,39,W,-1.768642447,ddG,s8754_ddg,stability,F_STABILITY_FIELD_TEACHER,0,1.0,"S8754 ddG (sign-flipped to project convention); TEACHER ONLY, never benchmarked",1,0.0
S8754_1UBQ,S8754_1UBQ,R,42,E,-0.965,ddG,s8754_ddg,stability,F_STABILITY_FIELD_TEACHER,0,1.0,"S8754 ddG (sign-flipped to project convention); TEACHER ONLY, never benchmarked",2,1.3299999999999998
S8754_1UBQ,S8754_1UBQ,R,42,W,-0.286806883,ddG,s8754_ddg,stability,F_STABILITY_FIELD_TEACHER,0,1.0,"S8754 ddG (sign-flipped to project convention); TEACHER ONLY, never benchmarked",1,0.0
S8754_1UBQ,S8754_1UBQ,F,45,W,-0.3136520075,ddG,s8754_ddg,stability,F_STABILITY_FIELD_TEACHER,0,1.0,"S8754 ddG (sign-flipped to project convention); TEACHER ONLY, never benchmarked",2,0.292695985
S8754_1UBQ,S8754_1UBQ,K,48,W,0.932122371,ddG,s8754_ddg,stability,F_STABILITY_FIELD_TEACHER,0,1.0,"S8754 ddG (sign-flipped to project convention); TEACHER ONLY, never benchmarked",1,0.0
S8754_1UBQ,S8754_1UBQ,E,51,W,0.239005736,ddG,s8754_ddg,stability,F_STABILITY_FIELD_TEACHER,0,1.0,"S8754 ddG (sign-flipped to project convention); TEACHER ONLY, never benchmarked",1,0.0
S8754_1UBQ,S8754_1UBQ,G,53,W,-0.549713193,ddG,s8754_ddg,stability,F_STABILITY_FIELD_TEACHER,0,1.0,"S8754 ddG (sign-flipped to project convention); TEACHER ONLY, never benchmarked",1,0.0
S8754_1UBQ,S8754_1UBQ,R,54,W,-1.051625239,ddG,s8754_ddg,stability,F_STABILITY_FIELD_TEACHER,0,1.0,"S8754 ddG (sign-flipped to project convention); TEACHER ONLY, never benchmarked",1,0.0
S8754_1UBQ,S8754_1UBQ,S,57,W,0.023900574,ddG,s8754_ddg,stability,F_STABILITY_FIELD_TEACHER,0,1.0,"S8754 ddG (sign-flipped to project convention); TEACHER ONLY, never benchmarked",1,0.0
S8754_1UBQ,S8754_1UBQ,Y,59,W,0.573613767,ddG,s8754_ddg,stability,F_STABILITY_FIELD_TEACHER,0,1.0,"S8754 ddG (sign-flipped to project convention); TEACHER ONLY, never benchmarked",1,0.0
S8754_1UBQ,S8754_1UBQ,N,60,W,0.717017208,ddG,s8754_ddg,stability,F_STABILITY_FIELD_TEACHER,0,1.0,"S8754 ddG (sign-flipped to project convention); TEACHER ONLY, never benchmarked",1,0.0
S8754_1UBQ,S8754_1UBQ,I,61,V,0.9,ddG,s8754_ddg,stability,F_STABILITY_FIELD_TEACHER,0,1.0,"S8754 ddG (sign-flipped to project convention); TEACHER ONLY, never benchmarked",1,0.0
S8754_1UBQ,S8754_1UBQ,Q,62,W,-0.382409178,ddG,s8754_ddg,stability,F_STABILITY_FIELD_TEACHER,0,1.0,"S8754 ddG (sign-flipped to project convention); TEACHER ONLY, never benchmarked",1,0.0
S8754_1UBQ,S8754_1UBQ,E,64,W,1.362332696,ddG,s8754_ddg,stability,F_STABILITY_FIELD_TEACHER,0,1.0,"S8754 ddG (sign-flipped to project convention); TEACHER ONLY, never benchmarked",1,0.0
S8754_1UBQ,S8754_1UBQ,T,66,W,0.239005736,ddG,s8754_ddg,stability,F_STABILITY_FIELD_TEACHER,0,1.0,"S8754 ddG (sign-flipped to project convention); TEACHER ONLY, never benchmarked",1,0.0
S8754_1UBQ,S8754_1UBQ,H,68,E,-0.77,ddG,s8754_ddg,stability,F_STABILITY_FIELD_TEACHER,0,1.0,"S8754 ddG (sign-flipped to project convention); TEACHER ONLY, never benchmarked",1,0.0
S8754_1UBQ,S8754_1UBQ,H,68,Q,-0.55,ddG,s8754_ddg,stability,F_STABILITY_FIELD_TEACHER,0,1.0,"S8754 ddG (sign-flipped to project convention); TEACHER ONLY, never benchmarked",1,0.0
S8754_1UBQ,S8754_1UBQ,H,68,W,0.8126195030000001,ddG,s8754_ddg,stability,F_STABILITY_FIELD_TEACHER,0,1.0,"S8754 ddG (sign-flipped to project convention); TEACHER ONLY, never benchmarked",1,0.0
S8754_1UBQ,S8754_1UBQ,V,70,W,-0.023900574,ddG,s8754_ddg,stability,F_STABILITY_FIELD_TEACHER,0,1.0,"S8754 ddG (sign-flipped to project convention); TEACHER ONLY, never benchmarked",1,0.0
S8754_1UBQ,S8754_1UBQ,L,71,W,0.26290631,ddG,s8754_ddg,stability,F_STABILITY_FIELD_TEACHER,0,1.0,"S8754 ddG (sign-flipped to project convention); TEACHER ONLY, never benchmarked",1,0.0
S8754_1UBQ,S8754_1UBQ,R,72,Q,0.33,ddG,s8754_ddg,stability,F_STABILITY_FIELD_TEACHER,0,1.0,"S8754 ddG (sign-flipped to project convention); TEACHER ONLY, never benchmarked",1,0.0
S8754_1UBQ,S8754_1UBQ,L,73,W,-0.047801147,ddG,s8754_ddg,stability,F_STABILITY_FIELD_TEACHER,0,1.0,"S8754 ddG (sign-flipped to project convention); TEACHER ONLY, never benchmarked",1,0.0
S8754_5EMZ,S8754_5EMZ,I,3,A,3.18,ddG,s8754_ddg,stability,F_STABILITY_FIELD_TEACHER,0,1.0,"S8754 ddG (sign-flipped to project convention); TEACHER ONLY, never benchmarked",1,0.0
S8754_5EMZ,S8754_5EMZ,I,3,V,1.18,ddG,s8754_ddg,stability,F_STABILITY_FIELD_TEACHER,0,1.0,"S8754 ddG (sign-flipped to project convention); TEACHER ONLY, never benchmarked",1,0.0
S8754_5EMZ,S8754_5EMZ,V,5,A,2.41,ddG,s8754_ddg,stability,F_STABILITY_FIELD_TEACHER,0,1.0,"S8754 ddG (sign-flipped to project convention); TEACHER ONLY, never benchmarked",1,0.0
S8754_5EMZ,S8754_5EMZ,T,7,A,1.37,ddG,s8754_ddg,stability,F_STABILITY_FIELD_TEACHER,0,1.0,"S8754 ddG (sign-flipped to project convention); TEACHER ONLY, never benchmarked",1,0.0
S8754_5EMZ,S8754_5EMZ,T,9,A,-0.06,ddG,s8754_ddg,stability,F_STABILITY_FIELD_TEACHER,0,1.0,"S8754 ddG (sign-flipped to project convention); TEACHER ONLY, never benchmarked",1,0.0
S8754_5EMZ,S8754_5EMZ,I,13,A,3.4,ddG,s8754_ddg,stability,F_STABILITY_FIELD_TEACHER,0,1.0,"S8754 ddG (sign-flipped to project convention); TEACHER ONLY, never benchmarked",1,0.0
S8754_5EMZ,S8754_5EMZ,I,13,V,1.16,ddG,s8754_ddg,stability,F_STABILITY_FIELD_TEACHER,0,1.0,"S8754 ddG (sign-flipped to project convention); TEACHER ONLY, never benchmarked",1,0.0
S8754_5EMZ,S8754_5EMZ,L,15,A,3.85,ddG,s8754_ddg,stability,F_STABILITY_FIELD_TEACHER,0,1.0,"S8754 ddG (sign-flipped to project convention); TEACHER ONLY, never benchmarked",1,0.0
S8754_5EMZ,S8754_5EMZ,V,17,A,1.65,ddG,s8754_ddg,stability,F_STABILITY_FIELD_TEACHER,0,1.0,"S8754 ddG (sign-flipped to project convention); TEACHER ONLY, never benchmarked",1,0.0
S8754_5EMZ,S8754_5EMZ,D,21,N,0.85,ddG,s8754_ddg,stability,F_STABILITY_FIELD_TEACHER,0,1.0,"S8754 ddG (sign-flipped to project convention); TEACHER ONLY, never benchmarked",1,0.0
S8754_5EMZ,S8754_5EMZ,T,22,A,1.74,ddG,s8754_ddg,stability,F_STABILITY_FIELD_TEACHER,0,1.0,"S8754 ddG (sign-flipped to project convention); TEACHER ONLY, never benchmarked",1,0.0
S8754_5EMZ,S8754_5EMZ,I,23,A,2.78,ddG,s8754_ddg,stability,F_STABILITY_FIELD_TEACHER,0,1.0,"S8754 ddG (sign-flipped to project convention); TEACHER ONLY, never benchmarked",1,0.0
S8754_5EMZ,S8754_5EMZ,I,23,G,3.58,ddG,s8754_ddg,stability,F_STABILITY_FIELD_TEACHER,0,1.0,"S8754 ddG (sign-flipped to project convention); TEACHER ONLY, never benchmarked",1,0.0
S8754_5EMZ,S8754_5EMZ,I,23,V,0.45,ddG,s8754_ddg,stability,F_STABILITY_FIELD_TEACHER,0,1.0,"S8754 ddG (sign-flipped to project convention); TEACHER ONLY, never benchmarked",1,0.0
S8754_5EMZ,S8754_5EMZ,V,26,A,3.37,ddG,s8754_ddg,stability,F_STABILITY_FIELD_TEACHER,0,1.0,"S8754 ddG (sign-flipped to project convention); TEACHER ONLY, never benchmarked",1,0.0
S8754_5EMZ,S8754_5EMZ,K,27,A,2.56,ddG,s8754_ddg,stability,F_STABILITY_FIELD_TEACHER,0,1.0,"S8754 ddG (sign-flipped to project convention); TEACHER ONLY, never benchmarked",1,0.0
S8754_5EMZ,S8754_5EMZ,A,28,G,0.52,ddG,s8754_ddg,stability,F_STABILITY_FIELD_TEACHER,0,1.0,"S8754 ddG (sign-flipped to project convention); TEACHER ONLY, never benchmarked",1,0.0
S8754_5EMZ,S8754_5EMZ,I,30,A,3.22,ddG,s8754_ddg,stability,F_STABILITY_FIELD_TEACHER,0,1.0,"S8754 ddG (sign-flipped to project convention); TEACHER ONLY, never benchmarked",1,0.0
S8754_5EMZ,S8754_5EMZ,I,30,V,1.21,ddG,s8754_ddg,stability,F_STABILITY_FIELD_TEACHER,0,1.0,"S8754 ddG (sign-flipped to project convention); TEACHER ONLY, never benchmarked",1,0.0
S8754_5EMZ,S8754_5EMZ,Q,41,A,1.46,ddG,s8754_ddg,stability,F_STABILITY_FIELD_TEACHER,0,1.0,"S8754 ddG (sign-flipped to project convention); TEACHER ONLY, never benchmarked",1,0.0
S8754_5EMZ,S8754_5EMZ,L,43,A,4.36,ddG,s8754_ddg,stability,F_STABILITY_FIELD_TEACHER,0,1.0,"S8754 ddG (sign-flipped to project convention); TEACHER ONLY, never benchmarked",1,0.0
S8754_5EMZ,S8754_5EMZ,L,50,A,2.73,ddG,s8754_ddg,stability,F_STABILITY_FIELD_TEACHER,0,1.0,"S8754 ddG (sign-flipped to project convention); TEACHER ONLY, never benchmarked",1,0.0
S8754_5EMZ,S8754_5EMZ,L,56,A,4.05,ddG,s8754_ddg,stability,F_STABILITY_FIELD_TEACHER,0,1.0,"S8754 ddG (sign-flipped to project convention); TEACHER ONLY, never benchmarked",1,0.0
S8754_5EMZ,S8754_5EMZ,I,61,A,3.23,ddG,s8754_ddg,stability,F_STABILITY_FIELD_TEACHER,0,1.0,"S8754 ddG (sign-flipped to project convention); TEACHER ONLY, never benchmarked",1,0.0
S8754_5EMZ,S8754_5EMZ,I,61,V,1.12,ddG,s8754_ddg,stability,F_STABILITY_FIELD_TEACHER,0,1.0,"S8754 ddG (sign-flipped to project convention); TEACHER ONLY, never benchmarked",1,0.0
S8754_5EMZ,S8754_5EMZ,L,67,A,2.5700000000000003,ddG,s8754_ddg,stability,F_STABILITY_FIELD_TEACHER,0,1.0,"S8754 ddG (sign-flipped to project convention); TEACHER ONLY, never benchmarked",1,0.0
S8754_5EMZ,S8754_5EMZ,L,69,A,3.05,ddG,s8754_ddg,stability,F_STABILITY_FIELD_TEACHER,0,1.0,"S8754 ddG (sign-flipped to project convention); TEACHER ONLY, never benchmarked",1,0.0
S8754_1OTR,S8754_1OTR,V,5,A,3.01,ddG,s8754_ddg,stability,F_STABILITY_FIELD_TEACHER,0,1.0,"S8754 ddG (sign-flipped to project convention); TEACHER ONLY, never benchmarked",1,0.0
S8754_1OTR,S8754_1OTR,V,5,N,5.38,ddG,s8754_ddg,stability,F_STABILITY_FIELD_TEACHER,0,1.0,"S8754 ddG (sign-flipped to project convention); TEACHER ONLY, never benchmarked",1,0.0
S8754_1OTR,S8754_1OTR,V,5,T,3.73,ddG,s8754_ddg,stability,F_STABILITY_FIELD_TEACHER,0,1.0,"S8754 ddG (sign-flipped to project convention); TEACHER ONLY, never benchmarked",1,0.0
S8754_1OTR,S8754_1OTR,K,11,A,0.14,ddG,s8754_ddg,stability,F_STABILITY_FIELD_TEACHER,0,1.0,"S8754 ddG (sign-flipped to project convention); TEACHER ONLY, never benchmarked",1,0.0
S8754_1OTR,S8754_1OTR,V,17,A,1.63,ddG,s8754_ddg,stability,F_STABILITY_FIELD_TEACHER,0,1.0,"S8754 ddG (sign-flipped to project convention); TEACHER ONLY, never benchmarked",1,0.0
S8754_1OTR,S8754_1OTR,V,17,N,4.9,ddG,s8754_ddg,stability,F_STABILITY_FIELD_TEACHER,0,1.0,"S8754 ddG (sign-flipped to project convention); TEACHER ONLY, never benchmarked",1,0.0
S8754_1OTR,S8754_1OTR,V,17,T,1.89,ddG,s8754_ddg,stability,F_STABILITY_FIELD_TEACHER,0,1.0,"S8754 ddG (sign-flipped to project convention); TEACHER ONLY, never benchmarked",1,0.0
S8754_1OTR,S8754_1OTR,E,34,C,-0.91,ddG,s8754_ddg,stability,F_STABILITY_FIELD_TEACHER,0,1.0,"S8754 ddG (sign-flipped to project convention); TEACHER ONLY, never benchmarked",1,0.0
S8754_1OTR,S8754_1OTR,E,34,G,-1.39,ddG,s8754_ddg,stability,F_STABILITY_FIELD_TEACHER,0,1.0,"S8754 ddG (sign-flipped to project convention); TEACHER ONLY, never benchmarked",1,0.0
S8754_1OTR,S8754_1OTR,E,34,H,3.92,ddG,s8754_ddg,stability,F_STABILITY_FIELD_TEACHER,0,1.0,"S8754 ddG (sign-flipped to project convention); TEACHER ONLY, never benchmarked",1,0.0
S8754_1OTR,S8754_1OTR,E,34,I,-1.65,ddG,s8754_ddg,stability,F_STABILITY_FIELD_TEACHER,0,1.0,"S8754 ddG (sign-flipped to project convention); TEACHER ONLY, never benchmarked",1,0.0
S8754_1OTR,S8754_1OTR,E,34,K,2.15,ddG,s8754_ddg,stability,F_STABILITY_FIELD_TEACHER,0,1.0,"S8754 ddG (sign-flipped to project convention); TEACHER ONLY, never benchmarked",1,0.0
S8754_1OTR,S8754_1OTR,E,34,P,2.13,ddG,s8754_ddg,stability,F_STABILITY_FIELD_TEACHER,0,1.0,"S8754 ddG (sign-flipped to project convention); TEACHER ONLY, never benchmarked",1,0.0
S8754_1OTR,S8754_1OTR,E,34,Q,1.46,ddG,s8754_ddg,stability,F_STABILITY_FIELD_TEACHER,0,1.0,"S8754 ddG (sign-flipped to project convention); TEACHER ONLY, never benchmarked",1,0.0
S8754_1OTR,S8754_1OTR,E,34,T,-1.51,ddG,s8754_ddg,stability,F_STABILITY_FIELD_TEACHER,0,1.0,"S8754 ddG (sign-flipped to project convention); TEACHER ONLY, never benchmarked",1,0.0
S8754_1OTR,S8754_1OTR,E,34,W,-1.32,ddG,s8754_ddg,stability,F_STABILITY_FIELD_TEACHER,0,1.0,"S8754 ddG (sign-flipped to project convention); TEACHER ONLY, never benchmarked",1,0.0
S8754_1OTR,S8754_1OTR,Q,41,L,0.26,ddG,s8754_ddg,stability,F_STABILITY_FIELD_TEACHER,0,1.0,"S8754 ddG (sign-flipped to project convention); TEACHER ONLY, never benchmarked",1,0.0
S8754_1OTR,S8754_1OTR,Q,41,N,2.56,ddG,s8754_ddg,stability,F_STABILITY_FIELD_TEACHER,0,1.0,"S8754 ddG (sign-flipped to project convention); TEACHER ONLY, never benchmarked",1,0.0
S8754_1OTR,S8754_1OTR,Q,41,S,1.27,ddG,s8754_ddg,stability,F_STABILITY_FIELD_TEACHER,0,1.0,"S8754 ddG (sign-flipped to project convention); TEACHER ONLY, never benchmarked",1,0.0
S8754_1OTR,S8754_1OTR,Q,41,T,0.43,ddG,s8754_ddg,stability,F_STABILITY_FIELD_TEACHER,0,1.0,"S8754 ddG (sign-flipped to project convention); TEACHER ONLY, never benchmarked",1,0.0
S8754_1OTR,S8754_1OTR,Q,41,V,0.05,ddG,s8754_ddg,stability,F_STABILITY_FIELD_TEACHER,0,1.0,"S8754 ddG (sign-flipped to project convention); TEACHER ONLY, never benchmarked",1,0.0
S8754_1OTR,S8754_1OTR,L,67,A,2.82,ddG,s8754_ddg,stability,F_STABILITY_FIELD_TEACHER,0,1.0,"S8754 ddG (sign-flipped to project convention); TEACHER ONLY, never benchmarked",1,0.0
S8754_1OTR,S8754_1OTR,L,67,N,3.4,ddG,s8754_ddg,stability,F_STABILITY_FIELD_TEACHER,0,1.0,"S8754 ddG (sign-flipped to project convention); TEACHER ONLY, never benchmarked",1,0.0
S8754_1OTR,S8754_1OTR,L,67,S,3.3,ddG,s8754_ddg,stability,F_STABILITY_FIELD_TEACHER,0,1.0,"S8754 ddG (sign-flipped to project convention); TEACHER ONLY, never benchmarked",1,0.0
S8754_1OTR,S8754_1OTR,L,67,T,2.92,ddG,s8754_ddg,stability,F_STABILITY_FIELD_TEACHER,0,1.0,"S8754 ddG (sign-flipped to project convention); TEACHER ONLY, never benchmarked",1,0.0
S8754_1C9O,S8754_1C9O,Q,2,L,-0.4440094999999999,ddG,s8754_ddg,stability,F_STABILITY_FIELD_TEACHER,0,1.0,"S8754 ddG (sign-flipped to project convention); TEACHER ONLY, never benchmarked",2,0.071981
S8754_1C9O,S8754_1C9O,R,3,E,1.14899025,ddG,s8754_ddg,stability,F_STABILITY_FIELD_TEACHER,0,1.0,"S8754 ddG (sign-flipped to project convention); TEACHER ONLY, never benchmarked",2,0.6220195
S8754_1C9O,S8754_1C9O,R,3,L,-0.1110959999999999,ddG,s8754_ddg,stability,F_STABILITY_FIELD_TEACHER,0,1.0,"S8754 ddG (sign-flipped to project convention); TEACHER ONLY, never benchmarked",2,0.4421919999999998
S8754_1C9O,S8754_1C9O,N,11,S,-0.055,ddG,s8754_ddg,stability,F_STABILITY_FIELD_TEACHER,0,1.0,"S8754 ddG (sign-flipped to project convention); TEACHER ONLY, never benchmarked",2,0.11
S8754_1C9O,S8754_1C9O,Y,15,F,0.0738846,ddG,s8754_ddg,stability,F_STABILITY_FIELD_TEACHER,0,1.0,"S8754 ddG (sign-flipped to project convention); TEACHER ONLY, never benchmarked",2,0.0477692
S8754_1C9O,S8754_1C9O,G,23,Q,0.065,ddG,s8754_ddg,stability,F_STABILITY_FIELD_TEACHER,0,1.0,"S8754 ddG (sign-flipped to project convention); TEACHER ONLY, never benchmarked",2,0.13
S8754_1C9O,S8754_1C9O,S,24,D,-0.1338846,ddG,s8754_ddg,stability,F_STABILITY_FIELD_TEACHER,0,1.0,"S8754 ddG (sign-flipped to project convention); TEACHER ONLY, never benchmarked",2,0.0722308
S8754_1C9O,S8754_1C9O,T,31,S,-0.0744423,ddG,s8754_ddg,stability,F_STABILITY_FIELD_TEACHER,0,1.0,"S8754 ddG (sign-flipped to project convention); TEACHER ONLY, never benchmarked",2,0.0511154
S8754_1C9O,S8754_1C9O,F,38,W,-0.24,ddG,s8754_ddg,stability,F_STABILITY_FIELD_TEACHER,0,1.0,"S8754 ddG (sign-flipped to project convention); TEACHER ONLY, never benchmarked",1,0.0
S8754_1C9O,S8754_1C9O,E,46,A,-0.0538846,ddG,s8754_ddg,stability,F_STABILITY_FIELD_TEACHER,0,1.0,"S8754 ddG (sign-flipped to project convention); TEACHER ONLY, never benchmarked",2,0.0877692
S8754_1C9O,S8754_1C9O,E,50,W,-0.07,ddG,s8754_ddg,stability,F_STABILITY_FIELD_TEACHER,0,1.0,"S8754 ddG (sign-flipped to project convention); TEACHER ONLY, never benchmarked",1,0.0
S8754_1C9O,S8754_1C9O,Q,53,E,0.00402885,ddG,s8754_ddg,stability,F_STABILITY_FIELD_TEACHER,0,1.0,"S8754 ddG (sign-flipped to project convention); TEACHER ONLY, never benchmarked",2,0.0519422999999999
S8754_1C9O,S8754_1C9O,V,64,T,0.305125,ddG,s8754_ddg,stability,F_STABILITY_FIELD_TEACHER,0,1.0,"S8754 ddG (sign-flipped to project convention); TEACHER ONLY, never benchmarked",2,0.01025
S8754_1C9O,S8754_1C9O,L,66,A,-0.02,ddG,s8754_ddg,stability,F_STABILITY_FIELD_TEACHER,0,1.0,"S8754 ddG (sign-flipped to project convention); TEACHER ONLY, never benchmarked",1,0.0
S8754_1C9O,S8754_1C9O,L,66,E,0.90399025,ddG,s8754_ddg,stability,F_STABILITY_FIELD_TEACHER,0,1.0,"S8754 ddG (sign-flipped to project convention); TEACHER ONLY, never benchmarked",2,0.1320194999999999
S8754_3FIL,S8754_3FIL,L,37,N,1.266730402,ddG,s8754_ddg,stability,F_STABILITY_FIELD_TEACHER,0,1.0,"S8754 ddG (sign-flipped to project convention); TEACHER ONLY, never benchmarked",1,0.0
S8754_O26594,S8754_O26594,V,92,L,1.1,ddG,s8754_ddg,stability,F_STABILITY_FIELD_TEACHER,0,1.0,"S8754 ddG (sign-flipped to project convention); TEACHER ONLY, never benchmarked",1,0.0
S8754_1G6P,S8754_1G6P,L,40,A,3.874282983,ddG,s8754_ddg,stability,F_STABILITY_FIELD_TEACHER,0,1.0,"S8754 ddG (sign-flipped to project convention); TEACHER ONLY, never benchmarked",1,0.0
S8754_1G6P,S8754_1G6P,V,62,A,2.908699809,ddG,s8754_ddg,stability,F_STABILITY_FIELD_TEACHER,0,1.0,"S8754 ddG (sign-flipped to project convention); TEACHER ONLY, never benchmarked",1,0.0
S8754_1L8W,S8754_1L8W,S,115,A,0.7000000000000001,ddG,s8754_ddg,stability,F_STABILITY_FIELD_TEACHER,0,1.0,"S8754 ddG (sign-flipped to project convention); TEACHER ONLY, never benchmarked",1,0.0
S8754_1L8W,S8754_1L8W,S,205,A,0.6000000000000001,ddG,s8754_ddg,stability,F_STABILITY_FIELD_TEACHER,0,1.0,"S8754 ddG (sign-flipped to project convention); TEACHER ONLY, never benchmarked",1,0.0
S8754_P0ABE7,S8754_P0ABE7,A,62,G,0.57,ddG,s8754_ddg,stability,F_STABILITY_FIELD_TEACHER,0,1.0,"S8754 ddG (sign-flipped to project convention); TEACHER ONLY, never benchmarked",1,0.0
S8754_1RIS,S8754_1RIS,V,6,A,2.93,ddG,s8754_ddg,stability,F_STABILITY_FIELD_TEACHER,0,1.0,"S8754 ddG (sign-flipped to project convention); TEACHER ONLY, never benchmarked",1,0.0
S8754_1RIS,S8754_1RIS,I,8,A,3.56,ddG,s8754_ddg,stability,F_STABILITY_FIELD_TEACHER,0,1.0,"S8754 ddG (sign-flipped to project convention); TEACHER ONLY, never benchmarked",1,0.0
S8754_1RIS,S8754_1RIS,L,21,A,0.16,ddG,s8754_ddg,stability,F_STABILITY_FIELD_TEACHER,0,1.0,"S8754 ddG (sign-flipped to project convention); TEACHER ONLY, never benchmarked",1,0.0
S8754_1RIS,S8754_1RIS,E,22,Q,1.12,ddG,s8754_ddg,stability,F_STABILITY_FIELD_TEACHER,0,1.0,"S8754 ddG (sign-flipped to project convention); TEACHER ONLY, never benchmarked",1,0.0
S8754_1RIS,S8754_1RIS,I,26,A,2.84,ddG,s8754_ddg,stability,F_STABILITY_FIELD_TEACHER,0,1.0,"S8754 ddG (sign-flipped to project convention); TEACHER ONLY, never benchmarked",1,0.0
S8754_1RIS,S8754_1RIS,Y,33,A,-0.41,ddG,s8754_ddg,stability,F_STABILITY_FIELD_TEACHER,0,1.0,"S8754 ddG (sign-flipped to project convention); TEACHER ONLY, never benchmarked",1,0.0
S8754_1RIS,S8754_1RIS,A,35,G,0.77,ddG,s8754_ddg,stability,F_STABILITY_FIELD_TEACHER,0,1.0,"S8754 ddG (sign-flipped to project convention); TEACHER ONLY, never benchmarked",1,0.0
S8754_1RIS,S8754_1RIS,V,37,A,2.55,ddG,s8754_ddg,stability,F_STABILITY_FIELD_TEACHER,0,1.0,"S8754 ddG (sign-flipped to project convention); TEACHER ONLY, never benchmarked",1,0.0
S8754_1RIS,S8754_1RIS,L,48,A,0.21,ddG,s8754_ddg,stability,F_STABILITY_FIELD_TEACHER,0,1.0,"S8754 ddG (sign-flipped to project convention); TEACHER ONLY, never benchmarked",1,0.0
S8754_1RIS,S8754_1RIS,I,52,A,0.36,ddG,s8754_ddg,stability,F_STABILITY_FIELD_TEACHER,0,1.0,"S8754 ddG (sign-flipped to project convention); TEACHER ONLY, never benchmarked",1,0.0
S8754_1RIS,S8754_1RIS,F,60,A,0.81,ddG,s8754_ddg,stability,F_STABILITY_FIELD_TEACHER,0,1.0,"S8754 ddG (sign-flipped to project convention); TEACHER ONLY, never benchmarked",1,0.0
S8754_1RIS,S8754_1RIS,V,65,A,2.89,ddG,s8754_ddg,stability,F_STABILITY_FIELD_TEACHER,0,1.0,"S8754 ddG (sign-flipped to project convention); TEACHER ONLY, never benchmarked",1,0.0
S8754_1RIS,S8754_1RIS,L,75,A,1.35,ddG,s8754_ddg,stability,F_STABILITY_FIELD_TEACHER,0,1.0,"S8754 ddG (sign-flipped to project convention); TEACHER ONLY, never benchmarked",1,0.0
S8754_1RIS,S8754_1RIS,L,79,A,3.91,ddG,s8754_ddg,stability,F_STABILITY_FIELD_TEACHER,0,1.0,"S8754 ddG (sign-flipped to project convention); TEACHER ONLY, never benchmarked",1,0.0
S8754_1RIS,S8754_1RIS,V,85,A,3.02,ddG,s8754_ddg,stability,F_STABILITY_FIELD_TEACHER,0,1.0,"S8754 ddG (sign-flipped to project convention); TEACHER ONLY, never benchmarked",1,0.0
S8754_1RIS,S8754_1RIS,V,88,A,1.68,ddG,s8754_ddg,stability,F_STABILITY_FIELD_TEACHER,0,1.0,"S8754 ddG (sign-flipped to project convention); TEACHER ONLY, never benchmarked",1,0.0
S8754_Q03026,S8754_Q03026,A,33,P,-3.2,ddG,s8754_ddg,stability,F_STABILITY_FIELD_TEACHER,0,1.0,"S8754 ddG (sign-flipped to project convention); TEACHER ONLY, never benchmarked",1,0.0
S8754_Q03026,S8754_Q03026,D,35,A,-2.7,ddG,s8754_ddg,stability,F_STABILITY_FIELD_TEACHER,0,1.0,"S8754 ddG (sign-flipped to project convention); TEACHER ONLY, never benchmarked",1,0.0
S8754_Q03026,S8754_Q03026,W,40,F,-1.1,ddG,s8754_ddg,stability,F_STABILITY_FIELD_TEACHER,0,1.0,"S8754 ddG (sign-flipped to project convention); TEACHER ONLY, never benchmarked",1,0.0
S8754_3GDL,S8754_3GDL,S,154,A,5.8,ddG,s8754_ddg,stability,F_STABILITY_FIELD_TEACHER,0,1.0,"S8754 ddG (sign-flipped to project convention); TEACHER ONLY, never benchmarked",1,0.0
S8754_3GDL,S8754_3GDL,Q,215,A,2.2,ddG,s8754_ddg,stability,F_STABILITY_FIELD_TEACHER,0,1.0,"S8754 ddG (sign-flipped to project convention); TEACHER ONLY, never benchmarked",1,0.0
S8754_3GDL,S8754_3GDL,Y,217,F,2.4,ddG,s8754_ddg,stability,F_STABILITY_FIELD_TEACHER,0,1.0,"S8754 ddG (sign-flipped to project convention); TEACHER ONLY, never benchmarked",1,0.0
S8754_3GDL,S8754_3GDL,R,235,A,5.6,ddG,s8754_ddg,stability,F_STABILITY_FIELD_TEACHER,0,1.0,"S8754 ddG (sign-flipped to project convention); TEACHER ONLY, never benchmarked",1,0.0
S8754_1SCE,S8754_1SCE,P,7,A,0.2,ddG,s8754_ddg,stability,F_STABILITY_FIELD_TEACHER,0,1.0,"S8754 ddG (sign-flipped to project convention); TEACHER ONLY, never benchmarked",1,0.0
S8754_1SCE,S8754_1SCE,P,20,A,0.3,ddG,s8754_ddg,stability,F_STABILITY_FIELD_TEACHER,0,1.0,"S8754 ddG (sign-flipped to project convention); TEACHER ONLY, never benchmarked",1,0.0
S8754_1SCE,S8754_1SCE,S,28,A,0.34,ddG,s8754_ddg,stability,F_STABILITY_FIELD_TEACHER,0,1.0,"S8754 ddG (sign-flipped to project convention); TEACHER ONLY, never benchmarked",1,0.0
S8754_1SCE,S8754_1SCE,S,28,G,-0.89,ddG,s8754_ddg,stability,F_STABILITY_FIELD_TEACHER,0,1.0,"S8754 ddG (sign-flipped to project convention); TEACHER ONLY, never benchmarked",1,0.0
S8754_1SCE,S8754_1SCE,P,29,A,-0.23,ddG,s8754_ddg,stability,F_STABILITY_FIELD_TEACHER,0,1.0,"S8754 ddG (sign-flipped to project convention); TEACHER ONLY, never benchmarked",1,0.0
S8754_1SCE,S8754_1SCE,P,44,A,3.04,ddG,s8754_ddg,stability,F_STABILITY_FIELD_TEACHER,0,1.0,"S8754 ddG (sign-flipped to project convention); TEACHER ONLY, never benchmarked",1,0.0
S8754_1SCE,S8754_1SCE,P,52,A,2.5700000000000003,ddG,s8754_ddg,stability,F_STABILITY_FIELD_TEACHER,0,1.0,"S8754 ddG (sign-flipped to project convention); TEACHER ONLY, never benchmarked",1,0.0
S8754_1SCE,S8754_1SCE,P,58,A,0.35,ddG,s8754_ddg,stability,F_STABILITY_FIELD_TEACHER,0,1.0,"S8754 ddG (sign-flipped to project convention); TEACHER ONLY, never benchmarked",1,0.0
S8754_1SCE,S8754_1SCE,V,89,A,0.24,ddG,s8754_ddg,stability,F_STABILITY_FIELD_TEACHER,0,1.0,"S8754 ddG (sign-flipped to project convention); TEACHER ONLY, never benchmarked",1,0.0
S8754_1SCE,S8754_1SCE,V,89,G,-0.81,ddG,s8754_ddg,stability,F_STABILITY_FIELD_TEACHER,0,1.0,"S8754 ddG (sign-flipped to project convention); TEACHER ONLY, never benchmarked",1,0.0
S8754_1SCE,S8754_1SCE,P,90,A,-1.19,ddG,s8754_ddg,stability,F_STABILITY_FIELD_TEACHER,0,1.0,"S8754 ddG (sign-flipped to project convention); TEACHER ONLY, never benchmarked",1,0.0
S8754_1SCE,S8754_1SCE,P,90,G,-1.33,ddG,s8754_ddg,stability,F_STABILITY_FIELD_TEACHER,0,1.0,"S8754 ddG (sign-flipped to project convention); TEACHER ONLY, never benchmarked",1,0.0
S8754_1SCE,S8754_1SCE,P,90,V,0.625,ddG,s8754_ddg,stability,F_STABILITY_FIELD_TEACHER,0,1.0,"S8754 ddG (sign-flipped to project convention); TEACHER ONLY, never benchmarked",1,0.0
S8754_1SCE,S8754_1SCE,P,92,A,-0.07,ddG,s8754_ddg,stability,F_STABILITY_FIELD_TEACHER,0,1.0,"S8754 ddG (sign-flipped to project convention); TEACHER ONLY, never benchmarked",1,0.0
S8754_1SCE,S8754_1SCE,P,92,G,-0.07,ddG,s8754_ddg,stability,F_STABILITY_FIELD_TEACHER,0,1.0,"S8754 ddG (sign-flipped to project convention); TEACHER ONLY, never benchmarked",1,0.0
S8754_1SCE,S8754_1SCE,P,92,V,0.13,ddG,s8754_ddg,stability,F_STABILITY_FIELD_TEACHER,0,1.0,"S8754 ddG (sign-flipped to project convention); TEACHER ONLY, never benchmarked",1,0.0
S8754_1A43,S8754_1A43,G,12,A,2.4,ddG,s8754_ddg,stability,F_STABILITY_FIELD_TEACHER,0,1.0,"S8754 ddG (sign-flipped to project convention); TEACHER ONLY, never benchmarked",1,0.0
S8754_1A43,S8754_1A43,E,15,D,4.55,ddG,s8754_ddg,stability,F_STABILITY_FIELD_TEACHER,0,1.0,"S8754 ddG (sign-flipped to project convention); TEACHER ONLY, never benchmarked",1,0.0
S8754_1A43,S8754_1A43,R,23,A,4.55,ddG,s8754_ddg,stability,F_STABILITY_FIELD_TEACHER,0,1.0,"S8754 ddG (sign-flipped to project convention); TEACHER ONLY, never benchmarked",1,0.0
S8754_1A43,S8754_1A43,W,40,A,0.7,ddG,s8754_ddg,stability,F_STABILITY_FIELD_TEACHER,0,1.0,"S8754 ddG (sign-flipped to project convention); TEACHER ONLY, never benchmarked",1,0.0
S8754_1A43,S8754_1A43,C,74,S,3.7,ddG,s8754_ddg,stability,F_STABILITY_FIELD_TEACHER,0,1.0,"S8754 ddG (sign-flipped to project convention); TEACHER ONLY, never benchmarked",1,0.0
S8754_P00912,S8754_P00912,S,212,C,-1.0,ddG,s8754_ddg,stability,F_STABILITY_FIELD_TEACHER,0,1.0,"S8754 ddG (sign-flipped to project convention); TEACHER ONLY, never benchmarked",1,0.0
S8754_1ROP,S8754_1ROP,L,41,A,3.06,ddG,s8754_ddg,stability,F_STABILITY_FIELD_TEACHER,0,1.0,"S8754 ddG (sign-flipped to project convention); TEACHER ONLY, never benchmarked",1,0.0
S8754_1ROP,S8754_1ROP,L,41,V,1.26,ddG,s8754_ddg,stability,F_STABILITY_FIELD_TEACHER,0,1.0,"S8754 ddG (sign-flipped to project convention); TEACHER ONLY, never benchmarked",1,0.0
S8754_1PGA,S8754_1PGA,M,1,A,0.34,ddG,s8754_ddg,stability,F_STABILITY_FIELD_TEACHER,0,1.0,"S8754 ddG (sign-flipped to project convention); TEACHER ONLY, never benchmarked",1,0.0
S8754_1PGA,S8754_1PGA,M,1,D,0.03,ddG,s8754_ddg,stability,F_STABILITY_FIELD_TEACHER,0,1.0,"S8754 ddG (sign-flipped to project convention); TEACHER ONLY, never benchmarked",1,0.0
S8754_1PGA,S8754_1PGA,M,1,E,-0.28,ddG,s8754_ddg,stability,F_STABILITY_FIELD_TEACHER,0,1.0,"S8754 ddG (sign-flipped to project convention); TEACHER ONLY, never benchmarked",1,0.0
S8754_1PGA,S8754_1PGA,M,1,F,-0.75,ddG,s8754_ddg,stability,F_STABILITY_FIELD_TEACHER,0,1.0,"S8754 ddG (sign-flipped to project convention); TEACHER ONLY, never benchmarked",1,0.0
S8754_1PGA,S8754_1PGA,M,1,G,0.07,ddG,s8754_ddg,stability,F_STABILITY_FIELD_TEACHER,0,1.0,"S8754 ddG (sign-flipped to project convention); TEACHER ONLY, never benchmarked",1,0.0
S8754_1PGA,S8754_1PGA,M,1,H,-0.26,ddG,s8754_ddg,stability,F_STABILITY_FIELD_TEACHER,0,1.0,"S8754 ddG (sign-flipped to project convention); TEACHER ONLY, never benchmarked",1,0.0
S8754_1PGA,S8754_1PGA,M,1,I,0.1,ddG,s8754_ddg,stability,F_STABILITY_FIELD_TEACHER,0,1.0,"S8754 ddG (sign-flipped to project convention); TEACHER ONLY, never benchmarked",1,0.0
S8754_1PGA,S8754_1PGA,M,1,K,0.1,ddG,s8754_ddg,stability,F_STABILITY_FIELD_TEACHER,0,1.0,"S8754 ddG (sign-flipped to project convention); TEACHER ONLY, never benchmarked",1,0.0
S8754_1PGA,S8754_1PGA,M,1,L,-0.05,ddG,s8754_ddg,stability,F_STABILITY_FIELD_TEACHER,0,1.0,"S8754 ddG (sign-flipped to project convention); TEACHER ONLY, never benchmarked",1,0.0
S8754_1PGA,S8754_1PGA,M,1,N,0.05,ddG,s8754_ddg,stability,F_STABILITY_FIELD_TEACHER,0,1.0,"S8754 ddG (sign-flipped to project convention); TEACHER ONLY, never benchmarked",1,0.0
S8754_1PGA,S8754_1PGA,M,1,P,0.25,ddG,s8754_ddg,stability,F_STABILITY_FIELD_TEACHER,0,1.0,"S8754 ddG (sign-flipped to project convention); TEACHER ONLY, never benchmarked",1,0.0
S8754_1PGA,S8754_1PGA,M,1,Q,0.09,ddG,s8754_ddg,stability,F_STABILITY_FIELD_TEACHER,0,1.0,"S8754 ddG (sign-flipped to project convention); TEACHER ONLY, never benchmarked",1,0.0
S8754_1PGA,S8754_1PGA,M,1,R,-0.15,ddG,s8754_ddg,stability,F_STABILITY_FIELD_TEACHER,0,1.0,"S8754 ddG (sign-flipped to project convention); TEACHER ONLY, never benchmarked",1,0.0
S8754_1PGA,S8754_1PGA,M,1,S,-0.33,ddG,s8754_ddg,stability,F_STABILITY_FIELD_TEACHER,0,1.0,"S8754 ddG (sign-flipped to project convention); TEACHER ONLY, never benchmarked",1,0.0
S8754_1PGA,S8754_1PGA,M,1,T,-0.04,ddG,s8754_ddg,stability,F_STABILITY_FIELD_TEACHER,0,1.0,"S8754 ddG (sign-flipped to project convention); TEACHER ONLY, never benchmarked",1,0.0
S8754_1PGA,S8754_1PGA,M,1,V,0.27,ddG,s8754_ddg,stability,F_STABILITY_FIELD_TEACHER,0,1.0,"S8754 ddG (sign-flipped to project convention); TEACHER ONLY, never benchmarked",1,0.0
S8754_1PGA,S8754_1PGA,M,1,Y,-0.14,ddG,s8754_ddg,stability,F_STABILITY_FIELD_TEACHER,0,1.0,"S8754 ddG (sign-flipped to project convention); TEACHER ONLY, never benchmarked",1,0.0
S8754_1PGA,S8754_1PGA,T,2,A,0.87,ddG,s8754_ddg,stability,F_STABILITY_FIELD_TEACHER,0,1.0,"S8754 ddG (sign-flipped to project convention); TEACHER ONLY, never benchmarked",1,0.0
S8754_1PGA,S8754_1PGA,T,2,D,0.87,ddG,s8754_ddg,stability,F_STABILITY_FIELD_TEACHER,0,1.0,"S8754 ddG (sign-flipped to project convention); TEACHER ONLY, never benchmarked",1,0.0
S8754_1PGA,S8754_1PGA,T,2,E,0.28,ddG,s8754_ddg,stability,F_STABILITY_FIELD_TEACHER,0,1.0,"S8754 ddG (sign-flipped to project convention); TEACHER ONLY, never benchmarked",1,0.0
S8754_1PGA,S8754_1PGA,T,2,F,0.06,ddG,s8754_ddg,stability,F_STABILITY_FIELD_TEACHER,0,1.0,"S8754 ddG (sign-flipped to project convention); TEACHER ONLY, never benchmarked",1,0.0
S8754_1PGA,S8754_1PGA,T,2,G,1.0,ddG,s8754_ddg,stability,F_STABILITY_FIELD_TEACHER,0,1.0,"S8754 ddG (sign-flipped to project convention); TEACHER ONLY, never benchmarked",1,0.0
S8754_1PGA,S8754_1PGA,T,2,H,0.55,ddG,s8754_ddg,stability,F_STABILITY_FIELD_TEACHER,0,1.0,"S8754 ddG (sign-flipped to project convention); TEACHER ONLY, never benchmarked",1,0.0
S8754_1PGA,S8754_1PGA,T,2,I,-0.59,ddG,s8754_ddg,stability,F_STABILITY_FIELD_TEACHER,0,1.0,"S8754 ddG (sign-flipped to project convention); TEACHER ONLY, never benchmarked",1,0.0
S8754_1PGA,S8754_1PGA,T,2,K,0.0,ddG,s8754_ddg,stability,F_STABILITY_FIELD_TEACHER,0,1.0,"S8754 ddG (sign-flipped to project convention); TEACHER ONLY, never benchmarked",1,0.0
S8754_1PGA,S8754_1PGA,T,2,L,-0.07,ddG,s8754_ddg,stability,F_STABILITY_FIELD_TEACHER,0,1.0,"S8754 ddG (sign-flipped to project convention); TEACHER ONLY, never benchmarked",1,0.0
S8754_1PGA,S8754_1PGA,T,2,M,-0.9,ddG,s8754_ddg,stability,F_STABILITY_FIELD_TEACHER,0,1.0,"S8754 ddG (sign-flipped to project convention); TEACHER ONLY, never benchmarked",1,0.0
S8754_1PGA,S8754_1PGA,T,2,N,0.52,ddG,s8754_ddg,stability,F_STABILITY_FIELD_TEACHER,0,1.0,"S8754 ddG (sign-flipped to project convention); TEACHER ONLY, never benchmarked",1,0.0
S8754_1PGA,S8754_1PGA,T,2,Q,0.0,ddG,s8754_ddg,stability,F_STABILITY_FIELD_TEACHER,0,1.0,"S8754 ddG (sign-flipped to project convention); TEACHER ONLY, never benchmarked",1,0.0
S8754_1PGA,S8754_1PGA,T,2,R,0.26,ddG,s8754_ddg,stability,F_STABILITY_FIELD_TEACHER,0,1.0,"S8754 ddG (sign-flipped to project convention); TEACHER ONLY, never benchmarked",1,0.0
S8754_1PGA,S8754_1PGA,T,2,S,0.28,ddG,s8754_ddg,stability,F_STABILITY_FIELD_TEACHER,0,1.0,"S8754 ddG (sign-flipped to project convention); TEACHER ONLY, never benchmarked",1,0.0
S8754_1PGA,S8754_1PGA,T,2,V,-1.14,ddG,s8754_ddg,stability,F_STABILITY_FIELD_TEACHER,0,1.0,"S8754 ddG (sign-flipped to project convention); TEACHER ONLY, never benchmarked",1,0.0
S8754_1PGA,S8754_1PGA,T,2,Y,0.2,ddG,s8754_ddg,stability,F_STABILITY_FIELD_TEACHER,0,1.0,"S8754 ddG (sign-flipped to project convention); TEACHER ONLY, never benchmarked",1,0.0
S8754_1PGA,S8754_1PGA,Y,3,F,-0.05,ddG,s8754_ddg,stability,F_STABILITY_FIELD_TEACHER,0,1.0,"S8754 ddG (sign-flipped to project convention); TEACHER ONLY, never benchmarked",1,0.0
S8754_1PGA,S8754_1PGA,Y,3,G,1.93,ddG,s8754_ddg,stability,F_STABILITY_FIELD_TEACHER,0,1.0,"S8754 ddG (sign-flipped to project convention); TEACHER ONLY, never benchmarked",1,0.0
S8754_1PGA,S8754_1PGA,Y,3,I,3.66,ddG,s8754_ddg,stability,F_STABILITY_FIELD_TEACHER,0,1.0,"S8754 ddG (sign-flipped to project convention); TEACHER ONLY, never benchmarked",1,0.0
S8754_1PGA,S8754_1PGA,Y,3,K,-0.54,ddG,s8754_ddg,stability,F_STABILITY_FIELD_TEACHER,0,1.0,"S8754 ddG (sign-flipped to project convention); TEACHER ONLY, never benchmarked",1,0.0
S8754_1PGA,S8754_1PGA,Y,3,M,2.87,ddG,s8754_ddg,stability,F_STABILITY_FIELD_TEACHER,0,1.0,"S8754 ddG (sign-flipped to project convention); TEACHER ONLY, never benchmarked",1,0.0
S8754_1PGA,S8754_1PGA,Y,3,R,1.73,ddG,s8754_ddg,stability,F_STABILITY_FIELD_TEACHER,0,1.0,"S8754 ddG (sign-flipped to project convention); TEACHER ONLY, never benchmarked",1,0.0
S8754_1PGA,S8754_1PGA,K,4,A,0.7,ddG,s8754_ddg,stability,F_STABILITY_FIELD_TEACHER,0,1.0,"S8754 ddG (sign-flipped to project convention); TEACHER ONLY, never benchmarked",1,0.0
S8754_1PGA,S8754_1PGA,K,4,D,2.51,ddG,s8754_ddg,stability,F_STABILITY_FIELD_TEACHER,0,1.0,"S8754 ddG (sign-flipped to project convention); TEACHER ONLY, never benchmarked",1,0.0
S8754_1PGA,S8754_1PGA,K,4,E,1.84,ddG,s8754_ddg,stability,F_STABILITY_FIELD_TEACHER,0,1.0,"S8754 ddG (sign-flipped to project convention); TEACHER ONLY, never benchmarked",1,0.0
S8754_1PGA,S8754_1PGA,K,4,F,-0.55,ddG,s8754_ddg,stability,F_STABILITY_FIELD_TEACHER,0,1.0,"S8754 ddG (sign-flipped to project convention); TEACHER ONLY, never benchmarked",1,0.0
S8754_1PGA,S8754_1PGA,K,4,G,1.68,ddG,s8754_ddg,stability,F_STABILITY_FIELD_TEACHER,0,1.0,"S8754 ddG (sign-flipped to project convention); TEACHER ONLY, never benchmarked",1,0.0
S8754_1PGA,S8754_1PGA,K,4,H,-0.22,ddG,s8754_ddg,stability,F_STABILITY_FIELD_TEACHER,0,1.0,"S8754 ddG (sign-flipped to project convention); TEACHER ONLY, never benchmarked",1,0.0
S8754_1PGA,S8754_1PGA,K,4,I,-0.65,ddG,s8754_ddg,stability,F_STABILITY_FIELD_TEACHER,0,1.0,"S8754 ddG (sign-flipped to project convention); TEACHER ONLY, never benchmarked",1,0.0
S8754_1PGA,S8754_1PGA,K,4,L,0.89,ddG,s8754_ddg,stability,F_STABILITY_FIELD_TEACHER,0,1.0,"S8754 ddG (sign-flipped to project convention); TEACHER ONLY, never benchmarked",1,0.0
S8754_1PGA,S8754_1PGA,K,4,M,-0.22,ddG,s8754_ddg,stability,F_STABILITY_FIELD_TEACHER,0,1.0,"S8754 ddG (sign-flipped to project convention); TEACHER ONLY, never benchmarked",1,0.0
S8754_1PGA,S8754_1PGA,K,4,N,0.59,ddG,s8754_ddg,stability,F_STABILITY_FIELD_TEACHER,0,1.0,"S8754 ddG (sign-flipped to project convention); TEACHER ONLY, never benchmarked",1,0.0
S8754_1PGA,S8754_1PGA,K,4,Q,0.56,ddG,s8754_ddg,stability,F_STABILITY_FIELD_TEACHER,0,1.0,"S8754 ddG (sign-flipped to project convention); TEACHER ONLY, never benchmarked",1,0.0
S8754_1PGA,S8754_1PGA,K,4,R,-0.31,ddG,s8754_ddg,stability,F_STABILITY_FIELD_TEACHER,0,1.0,"S8754 ddG (sign-flipped to project convention); TEACHER ONLY, never benchmarked",1,0.0
S8754_1PGA,S8754_1PGA,K,4,S,0.2,ddG,s8754_ddg,stability,F_STABILITY_FIELD_TEACHER,0,1.0,"S8754 ddG (sign-flipped to project convention); TEACHER ONLY, never benchmarked",1,0.0
S8754_1PGA,S8754_1PGA,K,4,T,0.35,ddG,s8754_ddg,stability,F_STABILITY_FIELD_TEACHER,0,1.0,"S8754 ddG (sign-flipped to project convention); TEACHER ONLY, never benchmarked",1,0.0
S8754_1PGA,S8754_1PGA,K,4,V,0.75,ddG,s8754_ddg,stability,F_STABILITY_FIELD_TEACHER,0,1.0,"S8754 ddG (sign-flipped to project convention); TEACHER ONLY, never benchmarked",1,0.0
S8754_1PGA,S8754_1PGA,K,4,Y,-0.17,ddG,s8754_ddg,stability,F_STABILITY_FIELD_TEACHER,0,1.0,"S8754 ddG (sign-flipped to project convention); TEACHER ONLY, never benchmarked",1,0.0
S8754_1PGA,S8754_1PGA,L,5,A,2.27,ddG,s8754_ddg,stability,F_STABILITY_FIELD_TEACHER,0,1.0,"S8754 ddG (sign-flipped to project convention); TEACHER ONLY, never benchmarked",1,0.0
S8754_1PGA,S8754_1PGA,L,5,F,0.77,ddG,s8754_ddg,stability,F_STABILITY_FIELD_TEACHER,0,1.0,"S8754 ddG (sign-flipped to project convention); TEACHER ONLY, never benchmarked",1,0.0
S8754_1PGA,S8754_1PGA,L,5,I,1.62,ddG,s8754_ddg,stability,F_STABILITY_FIELD_TEACHER,0,1.0,"S8754 ddG (sign-flipped to project convention); TEACHER ONLY, never benchmarked",1,0.0
S8754_1PGA,S8754_1PGA,L,5,M,0.9,ddG,s8754_ddg,stability,F_STABILITY_FIELD_TEACHER,0,1.0,"S8754 ddG (sign-flipped to project convention); TEACHER ONLY, never benchmarked",1,0.0
S8754_1PGA,S8754_1PGA,L,5,P,2.29,ddG,s8754_ddg,stability,F_STABILITY_FIELD_TEACHER,0,1.0,"S8754 ddG (sign-flipped to project convention); TEACHER ONLY, never benchmarked",1,0.0
S8754_1PGA,S8754_1PGA,L,5,R,-0.36,ddG,s8754_ddg,stability,F_STABILITY_FIELD_TEACHER,0,1.0,"S8754 ddG (sign-flipped to project convention); TEACHER ONLY, never benchmarked",1,0.0
S8754_1PGA,S8754_1PGA,L,5,V,1.49,ddG,s8754_ddg,stability,F_STABILITY_FIELD_TEACHER,0,1.0,"S8754 ddG (sign-flipped to project convention); TEACHER ONLY, never benchmarked",1,0.0
S8754_1PGA,S8754_1PGA,L,5,Y,3.14,ddG,s8754_ddg,stability,F_STABILITY_FIELD_TEACHER,0,1.0,"S8754 ddG (sign-flipped to project convention); TEACHER ONLY, never benchmarked",1,0.0
S8754_1PGA,S8754_1PGA,I,6,A,1.765,ddG,s8754_ddg,stability,F_STABILITY_FIELD_TEACHER,0,1.0,"S8754 ddG (sign-flipped to project convention); TEACHER ONLY, never benchmarked",2,0.6499999999999999
S8754_1PGA,S8754_1PGA,I,6,D,2.32,ddG,s8754_ddg,stability,F_STABILITY_FIELD_TEACHER,0,1.0,"S8754 ddG (sign-flipped to project convention); TEACHER ONLY, never benchmarked",1,0.0
S8754_1PGA,S8754_1PGA,I,6,E,1.39,ddG,s8754_ddg,stability,F_STABILITY_FIELD_TEACHER,0,1.0,"S8754 ddG (sign-flipped to project convention); TEACHER ONLY, never benchmarked",1,0.0
S8754_1PGA,S8754_1PGA,I,6,F,0.43,ddG,s8754_ddg,stability,F_STABILITY_FIELD_TEACHER,0,1.0,"S8754 ddG (sign-flipped to project convention); TEACHER ONLY, never benchmarked",1,0.0
S8754_1PGA,S8754_1PGA,I,6,G,3.44,ddG,s8754_ddg,stability,F_STABILITY_FIELD_TEACHER,0,1.0,"S8754 ddG (sign-flipped to project convention); TEACHER ONLY, never benchmarked",1,0.0
S8754_1PGA,S8754_1PGA,I,6,H,1.52,ddG,s8754_ddg,stability,F_STABILITY_FIELD_TEACHER,0,1.0,"S8754 ddG (sign-flipped to project convention); TEACHER ONLY, never benchmarked",1,0.0
S8754_1PGA,S8754_1PGA,I,6,K,0.8,ddG,s8754_ddg,stability,F_STABILITY_FIELD_TEACHER,0,1.0,"S8754 ddG (sign-flipped to project convention); TEACHER ONLY, never benchmarked",1,0.0
S8754_1PGA,S8754_1PGA,I,6,L,0.935,ddG,s8754_ddg,stability,F_STABILITY_FIELD_TEACHER,0,1.0,"S8754 ddG (sign-flipped to project convention); TEACHER ONLY, never benchmarked",2,0.91
S8754_1PGA,S8754_1PGA,I,6,M,0.76,ddG,s8754_ddg,stability,F_STABILITY_FIELD_TEACHER,0,1.0,"S8754 ddG (sign-flipped to project convention); TEACHER ONLY, never benchmarked",1,0.0
S8754_1PGA,S8754_1PGA,I,6,Q,0.87,ddG,s8754_ddg,stability,F_STABILITY_FIELD_TEACHER,0,1.0,"S8754 ddG (sign-flipped to project convention); TEACHER ONLY, never benchmarked",1,0.0
S8754_1PGA,S8754_1PGA,I,6,R,1.04,ddG,s8754_ddg,stability,F_STABILITY_FIELD_TEACHER,0,1.0,"S8754 ddG (sign-flipped to project convention); TEACHER ONLY, never benchmarked",1,0.0
S8754_1PGA,S8754_1PGA,I,6,S,1.7,ddG,s8754_ddg,stability,F_STABILITY_FIELD_TEACHER,0,1.0,"S8754 ddG (sign-flipped to project convention); TEACHER ONLY, never benchmarked",1,0.0
S8754_1PGA,S8754_1PGA,I,6,V,-0.24,ddG,s8754_ddg,stability,F_STABILITY_FIELD_TEACHER,0,1.0,"S8754 ddG (sign-flipped to project convention); TEACHER ONLY, never benchmarked",1,0.0
S8754_1PGA,S8754_1PGA,I,6,Y,0.54,ddG,s8754_ddg,stability,F_STABILITY_FIELD_TEACHER,0,1.0,"S8754 ddG (sign-flipped to project convention); TEACHER ONLY, never benchmarked",1,0.0
S8754_1PGA,S8754_1PGA,L,7,A,1.78,ddG,s8754_ddg,stability,F_STABILITY_FIELD_TEACHER,0,1.0,"S8754 ddG (sign-flipped to project convention); TEACHER ONLY, never benchmarked",2,0.1400000000000001
S8754_1PGA,S8754_1PGA,L,7,D,3.5,ddG,s8754_ddg,stability,F_STABILITY_FIELD_TEACHER,0,1.0,"S8754 ddG (sign-flipped to project convention); TEACHER ONLY, never benchmarked",1,0.0
S8754_1PGA,S8754_1PGA,L,7,E,3.18,ddG,s8754_ddg,stability,F_STABILITY_FIELD_TEACHER,0,1.0,"S8754 ddG (sign-flipped to project convention); TEACHER ONLY, never benchmarked",1,0.0
S8754_1PGA,S8754_1PGA,L,7,F,0.11,ddG,s8754_ddg,stability,F_STABILITY_FIELD_TEACHER,0,1.0,"S8754 ddG (sign-flipped to project convention); TEACHER ONLY, never benchmarked",1,0.0
S8754_1PGA,S8754_1PGA,L,7,H,1.85,ddG,s8754_ddg,stability,F_STABILITY_FIELD_TEACHER,0,1.0,"S8754 ddG (sign-flipped to project convention); TEACHER ONLY, never benchmarked",1,0.0
S8754_1PGA,S8754_1PGA,L,7,I,-0.69,ddG,s8754_ddg,stability,F_STABILITY_FIELD_TEACHER,0,1.0,"S8754 ddG (sign-flipped to project convention); TEACHER ONLY, never benchmarked",2,0.56
S8754_1PGA,S8754_1PGA,L,7,K,3.1,ddG,s8754_ddg,stability,F_STABILITY_FIELD_TEACHER,0,1.0,"S8754 ddG (sign-flipped to project convention); TEACHER ONLY, never benchmarked",1,0.0
S8754_1PGA,S8754_1PGA,L,7,M,-0.23,ddG,s8754_ddg,stability,F_STABILITY_FIELD_TEACHER,0,1.0,"S8754 ddG (sign-flipped to project convention); TEACHER ONLY, never benchmarked",1,0.0
S8754_1PGA,S8754_1PGA,L,7,P,3.23,ddG,s8754_ddg,stability,F_STABILITY_FIELD_TEACHER,0,1.0,"S8754 ddG (sign-flipped to project convention); TEACHER ONLY, never benchmarked",1,0.0
S8754_1PGA,S8754_1PGA,L,7,Q,1.78,ddG,s8754_ddg,stability,F_STABILITY_FIELD_TEACHER,0,1.0,"S8754 ddG (sign-flipped to project convention); TEACHER ONLY, never benchmarked",1,0.0
S8754_1PGA,S8754_1PGA,L,7,R,2.35,ddG,s8754_ddg,stability,F_STABILITY_FIELD_TEACHER,0,1.0,"S8754 ddG (sign-flipped to project convention); TEACHER ONLY, never benchmarked",1,0.0
S8754_1PGA,S8754_1PGA,L,7,S,2.17,ddG,s8754_ddg,stability,F_STABILITY_FIELD_TEACHER,0,1.0,"S8754 ddG (sign-flipped to project convention); TEACHER ONLY, never benchmarked",1,0.0
S8754_1PGA,S8754_1PGA,L,7,T,1.47,ddG,s8754_ddg,stability,F_STABILITY_FIELD_TEACHER,0,1.0,"S8754 ddG (sign-flipped to project convention); TEACHER ONLY, never benchmarked",1,0.0
S8754_1PGA,S8754_1PGA,L,7,V,0.45,ddG,s8754_ddg,stability,F_STABILITY_FIELD_TEACHER,0,1.0,"S8754 ddG (sign-flipped to project convention); TEACHER ONLY, never benchmarked",1,0.0
S8754_1PGA,S8754_1PGA,L,7,Y,0.45,ddG,s8754_ddg,stability,F_STABILITY_FIELD_TEACHER,0,1.0,"S8754 ddG (sign-flipped to project convention); TEACHER ONLY, never benchmarked",1,0.0
S8754_1PGA,S8754_1PGA,N,8,A,0.63,ddG,s8754_ddg,stability,F_STABILITY_FIELD_TEACHER,0,1.0,"S8754 ddG (sign-flipped to project convention); TEACHER ONLY, never benchmarked",1,0.0
S8754_1PGA,S8754_1PGA,N,8,D,0.22,ddG,s8754_ddg,stability,F_STABILITY_FIELD_TEACHER,0,1.0,"S8754 ddG (sign-flipped to project convention); TEACHER ONLY, never benchmarked",1,0.0
S8754_1PGA,S8754_1PGA,N,8,E,0.42,ddG,s8754_ddg,stability,F_STABILITY_FIELD_TEACHER,0,1.0,"S8754 ddG (sign-flipped to project convention); TEACHER ONLY, never benchmarked",1,0.0
S8754_1PGA,S8754_1PGA,N,8,F,0.03,ddG,s8754_ddg,stability,F_STABILITY_FIELD_TEACHER,0,1.0,"S8754 ddG (sign-flipped to project convention); TEACHER ONLY, never benchmarked",1,0.0
S8754_1PGA,S8754_1PGA,N,8,G,1.17,ddG,s8754_ddg,stability,F_STABILITY_FIELD_TEACHER,0,1.0,"S8754 ddG (sign-flipped to project convention); TEACHER ONLY, never benchmarked",1,0.0
S8754_1PGA,S8754_1PGA,N,8,H,0.04,ddG,s8754_ddg,stability,F_STABILITY_FIELD_TEACHER,0,1.0,"S8754 ddG (sign-flipped to project convention); TEACHER ONLY, never benchmarked",1,0.0
S8754_1PGA,S8754_1PGA,N,8,I,-0.17,ddG,s8754_ddg,stability,F_STABILITY_FIELD_TEACHER,0,1.0,"S8754 ddG (sign-flipped to project convention); TEACHER ONLY, never benchmarked",1,0.0
S8754_1PGA,S8754_1PGA,N,8,K,-0.12,ddG,s8754_ddg,stability,F_STABILITY_FIELD_TEACHER,0,1.0,"S8754 ddG (sign-flipped to project convention); TEACHER ONLY, never benchmarked",1,0.0
S8754_1PGA,S8754_1PGA,N,8,L,-0.65,ddG,s8754_ddg,stability,F_STABILITY_FIELD_TEACHER,0,1.0,"S8754 ddG (sign-flipped to project convention); TEACHER ONLY, never benchmarked",1,0.0
S8754_1PGA,S8754_1PGA,N,8,M,-0.12,ddG,s8754_ddg,stability,F_STABILITY_FIELD_TEACHER,0,1.0,"S8754 ddG (sign-flipped to project convention); TEACHER ONLY, never benchmarked",1,0.0
S8754_1PGA,S8754_1PGA,N,8,P,1.79,ddG,s8754_ddg,stability,F_STABILITY_FIELD_TEACHER,0,1.0,"S8754 ddG (sign-flipped to project convention); TEACHER ONLY, never benchmarked",1,0.0
S8754_1PGA,S8754_1PGA,N,8,Q,0.04,ddG,s8754_ddg,stability,F_STABILITY_FIELD_TEACHER,0,1.0,"S8754 ddG (sign-flipped to project convention); TEACHER ONLY, never benchmarked",1,0.0
S8754_1PGA,S8754_1PGA,N,8,R,-0.31,ddG,s8754_ddg,stability,F_STABILITY_FIELD_TEACHER,0,1.0,"S8754 ddG (sign-flipped to project convention); TEACHER ONLY, never benchmarked",1,0.0
S8754_1PGA,S8754_1PGA,N,8,S,0.36,ddG,s8754_ddg,stability,F_STABILITY_FIELD_TEACHER,0,1.0,"S8754 ddG (sign-flipped to project convention); TEACHER ONLY, never benchmarked",1,0.0
S8754_1PGA,S8754_1PGA,N,8,T,1.0,ddG,s8754_ddg,stability,F_STABILITY_FIELD_TEACHER,0,1.0,"S8754 ddG (sign-flipped to project convention); TEACHER ONLY, never benchmarked",1,0.0
S8754_1PGA,S8754_1PGA,N,8,V,0.32,ddG,s8754_ddg,stability,F_STABILITY_FIELD_TEACHER,0,1.0,"S8754 ddG (sign-flipped to project convention); TEACHER ONLY, never benchmarked",1,0.0
S8754_1PGA,S8754_1PGA,N,8,Y,0.23,ddG,s8754_ddg,stability,F_STABILITY_FIELD_TEACHER,0,1.0,"S8754 ddG (sign-flipped to project convention); TEACHER ONLY, never benchmarked",1,0.0
S8754_1PGA,S8754_1PGA,G,9,A,0.62,ddG,s8754_ddg,stability,F_STABILITY_FIELD_TEACHER,0,1.0,"S8754 ddG (sign-flipped to project convention); TEACHER ONLY, never benchmarked",1,0.0
S8754_1PGA,S8754_1PGA,G,9,D,3.01,ddG,s8754_ddg,stability,F_STABILITY_FIELD_TEACHER,0,1.0,"S8754 ddG (sign-flipped to project convention); TEACHER ONLY, never benchmarked",1,0.0
S8754_1PGA,S8754_1PGA,G,9,E,2.38,ddG,s8754_ddg,stability,F_STABILITY_FIELD_TEACHER,0,1.0,"S8754 ddG (sign-flipped to project convention); TEACHER ONLY, never benchmarked",1,0.0
S8754_1PGA,S8754_1PGA,G,9,F,0.38,ddG,s8754_ddg,stability,F_STABILITY_FIELD_TEACHER,0,1.0,"S8754 ddG (sign-flipped to project convention); TEACHER ONLY, never benchmarked",1,0.0
S8754_1PGA,S8754_1PGA,G,9,H,1.56,ddG,s8754_ddg,stability,F_STABILITY_FIELD_TEACHER,0,1.0,"S8754 ddG (sign-flipped to project convention); TEACHER ONLY, never benchmarked",1,0.0
S8754_1PGA,S8754_1PGA,G,9,I,0.98,ddG,s8754_ddg,stability,F_STABILITY_FIELD_TEACHER,0,1.0,"S8754 ddG (sign-flipped to project convention); TEACHER ONLY, never benchmarked",1,0.0
S8754_1PGA,S8754_1PGA,G,9,K,1.53,ddG,s8754_ddg,stability,F_STABILITY_FIELD_TEACHER,0,1.0,"S8754 ddG (sign-flipped to project convention); TEACHER ONLY, never benchmarked",1,0.0
S8754_1PGA,S8754_1PGA,G,9,L,0.12,ddG,s8754_ddg,stability,F_STABILITY_FIELD_TEACHER,0,1.0,"S8754 ddG (sign-flipped to project convention); TEACHER ONLY, never benchmarked",1,0.0
S8754_1PGA,S8754_1PGA,G,9,M,1.03,ddG,s8754_ddg,stability,F_STABILITY_FIELD_TEACHER,0,1.0,"S8754 ddG (sign-flipped to project convention); TEACHER ONLY, never benchmarked",1,0.0
S8754_1PGA,S8754_1PGA,G,9,N,1.64,ddG,s8754_ddg,stability,F_STABILITY_FIELD_TEACHER,0,1.0,"S8754 ddG (sign-flipped to project convention); TEACHER ONLY, never benchmarked",1,0.0
S8754_1PGA,S8754_1PGA,G,9,P,2.64,ddG,s8754_ddg,stability,F_STABILITY_FIELD_TEACHER,0,1.0,"S8754 ddG (sign-flipped to project convention); TEACHER ONLY, never benchmarked",2,0.48
S8754_1PGA,S8754_1PGA,G,9,Q,1.38,ddG,s8754_ddg,stability,F_STABILITY_FIELD_TEACHER,0,1.0,"S8754 ddG (sign-flipped to project convention); TEACHER ONLY, never benchmarked",1,0.0
S8754_1PGA,S8754_1PGA,G,9,R,1.22,ddG,s8754_ddg,stability,F_STABILITY_FIELD_TEACHER,0,1.0,"S8754 ddG (sign-flipped to project convention); TEACHER ONLY, never benchmarked",1,0.0
S8754_1PGA,S8754_1PGA,G,9,S,0.33,ddG,s8754_ddg,stability,F_STABILITY_FIELD_TEACHER,0,1.0,"S8754 ddG (sign-flipped to project convention); TEACHER ONLY, never benchmarked",1,0.0
S8754_1PGA,S8754_1PGA,G,9,T,0.3,ddG,s8754_ddg,stability,F_STABILITY_FIELD_TEACHER,0,1.0,"S8754 ddG (sign-flipped to project convention); TEACHER ONLY, never benchmarked",1,0.0
S8754_1PGA,S8754_1PGA,G,9,V,0.79,ddG,s8754_ddg,stability,F_STABILITY_FIELD_TEACHER,0,1.0,"S8754 ddG (sign-flipped to project convention); TEACHER ONLY, never benchmarked",1,0.0
S8754_1PGA,S8754_1PGA,G,9,Y,0.88,ddG,s8754_ddg,stability,F_STABILITY_FIELD_TEACHER,0,1.0,"S8754 ddG (sign-flipped to project convention); TEACHER ONLY, never benchmarked",1,0.0
S8754_1PGA,S8754_1PGA,K,10,A,-0.05,ddG,s8754_ddg,stability,F_STABILITY_FIELD_TEACHER,0,1.0,"S8754 ddG (sign-flipped to project convention); TEACHER ONLY, never benchmarked",2,0.3399999999999999
S8754_1PGA,S8754_1PGA,K,10,D,0.7150000000000001,ddG,s8754_ddg,stability,F_STABILITY_FIELD_TEACHER,0,1.0,"S8754 ddG (sign-flipped to project convention); TEACHER ONLY, never benchmarked",2,0.43
S8754_1PGA,S8754_1PGA,K,10,E,-0.395,ddG,s8754_ddg,stability,F_STABILITY_FIELD_TEACHER,0,1.0,"S8754 ddG (sign-flipped to project convention); TEACHER ONLY, never benchmarked",2,0.31
S8754_1PGA,S8754_1PGA,K,10,F,-0.0099999999999999,ddG,s8754_ddg,stability,F_STABILITY_FIELD_TEACHER,0,1.0,"S8754 ddG (sign-flipped to project convention); TEACHER ONLY, never benchmarked",2,0.42
S8754_1PGA,S8754_1PGA,K,10,G,0.53,ddG,s8754_ddg,stability,F_STABILITY_FIELD_TEACHER,0,1.0,"S8754 ddG (sign-flipped to project convention); TEACHER ONLY, never benchmarked",2,0.36
S8754_1PGA,S8754_1PGA,K,10,H,0.04,ddG,s8754_ddg,stability,F_STABILITY_FIELD_TEACHER,0,1.0,"S8754 ddG (sign-flipped to project convention); TEACHER ONLY, never benchmarked",2,0.38
S8754_1PGA,S8754_1PGA,K,10,I,-0.305,ddG,s8754_ddg,stability,F_STABILITY_FIELD_TEACHER,0,1.0,"S8754 ddG (sign-flipped to project convention); TEACHER ONLY, never benchmarked",2,0.51
S8754_1PGA,S8754_1PGA,K,10,L,-0.29,ddG,s8754_ddg,stability,F_STABILITY_FIELD_TEACHER,0,1.0,"S8754 ddG (sign-flipped to project convention); TEACHER ONLY, never benchmarked",1,0.0
S8754_1PGA,S8754_1PGA,K,10,M,0.06,ddG,s8754_ddg,stability,F_STABILITY_FIELD_TEACHER,0,1.0,"S8754 ddG (sign-flipped to project convention); TEACHER ONLY, never benchmarked",1,0.0
S8754_1PGA,S8754_1PGA,K,10,N,0.28,ddG,s8754_ddg,stability,F_STABILITY_FIELD_TEACHER,0,1.0,"S8754 ddG (sign-flipped to project convention); TEACHER ONLY, never benchmarked",1,0.0
S8754_1PGA,S8754_1PGA,K,10,P,0.38,ddG,s8754_ddg,stability,F_STABILITY_FIELD_TEACHER,0,1.0,"S8754 ddG (sign-flipped to project convention); TEACHER ONLY, never benchmarked",2,0.36
S8754_1PGA,S8754_1PGA,K,10,Q,-0.21,ddG,s8754_ddg,stability,F_STABILITY_FIELD_TEACHER,0,1.0,"S8754 ddG (sign-flipped to project convention); TEACHER ONLY, never benchmarked",2,1.02
S8754_1PGA,S8754_1PGA,K,10,R,-0.28,ddG,s8754_ddg,stability,F_STABILITY_FIELD_TEACHER,0,1.0,"S8754 ddG (sign-flipped to project convention); TEACHER ONLY, never benchmarked",2,0.06
S8754_1PGA,S8754_1PGA,K,10,S,0.22,ddG,s8754_ddg,stability,F_STABILITY_FIELD_TEACHER,0,1.0,"S8754 ddG (sign-flipped to project convention); TEACHER ONLY, never benchmarked",2,0.64
S8754_1PGA,S8754_1PGA,K,10,T,0.15,ddG,s8754_ddg,stability,F_STABILITY_FIELD_TEACHER,0,1.0,"S8754 ddG (sign-flipped to project convention); TEACHER ONLY, never benchmarked",2,0.06
S8754_1PGA,S8754_1PGA,K,10,V,-0.06,ddG,s8754_ddg,stability,F_STABILITY_FIELD_TEACHER,0,1.0,"S8754 ddG (sign-flipped to project convention); TEACHER ONLY, never benchmarked",2,0.1
S8754_1PGA,S8754_1PGA,K,10,Y,-0.4,ddG,s8754_ddg,stability,F_STABILITY_FIELD_TEACHER,0,1.0,"S8754 ddG (sign-flipped to project convention); TEACHER ONLY, never benchmarked",2,0.5
S8754_1PGA,S8754_1PGA,T,11,A,0.1433333333333333,ddG,s8754_ddg,stability,F_STABILITY_FIELD_TEACHER,0,1.0,"S8754 ddG (sign-flipped to project convention); TEACHER ONLY, never benchmarked",3,0.8400000000000001
S8754_1PGA,S8754_1PGA,T,11,D,-0.25,ddG,s8754_ddg,stability,F_STABILITY_FIELD_TEACHER,0,1.0,"S8754 ddG (sign-flipped to project convention); TEACHER ONLY, never benchmarked",2,0.42
S8754_1PGA,S8754_1PGA,T,11,E,-0.265,ddG,s8754_ddg,stability,F_STABILITY_FIELD_TEACHER,0,1.0,"S8754 ddG (sign-flipped to project convention); TEACHER ONLY, never benchmarked",2,0.39
S8754_1PGA,S8754_1PGA,T,11,F,-0.515,ddG,s8754_ddg,stability,F_STABILITY_FIELD_TEACHER,0,1.0,"S8754 ddG (sign-flipped to project convention); TEACHER ONLY, never benchmarked",2,0.49
S8754_1PGA,S8754_1PGA,T,11,G,0.215,ddG,s8754_ddg,stability,F_STABILITY_FIELD_TEACHER,0,1.0,"S8754 ddG (sign-flipped to project convention); TEACHER ONLY, never benchmarked",2,0.41
S8754_1PGA,S8754_1PGA,T,11,H,-0.1649999999999999,ddG,s8754_ddg,stability,F_STABILITY_FIELD_TEACHER,0,1.0,"S8754 ddG (sign-flipped to project convention); TEACHER ONLY, never benchmarked",2,0.51
S8754_1PGA,S8754_1PGA,T,11,I,-0.385,ddG,s8754_ddg,stability,F_STABILITY_FIELD_TEACHER,0,1.0,"S8754 ddG (sign-flipped to project convention); TEACHER ONLY, never benchmarked",2,0.3500000000000001
S8754_1PGA,S8754_1PGA,T,11,K,-0.155,ddG,s8754_ddg,stability,F_STABILITY_FIELD_TEACHER,0,1.0,"S8754 ddG (sign-flipped to project convention); TEACHER ONLY, never benchmarked",2,0.3899999999999999
S8754_1PGA,S8754_1PGA,T,11,L,-0.175,ddG,s8754_ddg,stability,F_STABILITY_FIELD_TEACHER,0,1.0,"S8754 ddG (sign-flipped to project convention); TEACHER ONLY, never benchmarked",2,0.41
S8754_1PGA,S8754_1PGA,T,11,M,-0.24,ddG,s8754_ddg,stability,F_STABILITY_FIELD_TEACHER,0,1.0,"S8754 ddG (sign-flipped to project convention); TEACHER ONLY, never benchmarked",2,0.3
S8754_1PGA,S8754_1PGA,T,11,N,0.11,ddG,s8754_ddg,stability,F_STABILITY_FIELD_TEACHER,0,1.0,"S8754 ddG (sign-flipped to project convention); TEACHER ONLY, never benchmarked",2,0.56
S8754_1PGA,S8754_1PGA,T,11,P,1.1800000000000002,ddG,s8754_ddg,stability,F_STABILITY_FIELD_TEACHER,0,1.0,"S8754 ddG (sign-flipped to project convention); TEACHER ONLY, never benchmarked",2,0.3
S8754_1PGA,S8754_1PGA,T,11,Q,-0.425,ddG,s8754_ddg,stability,F_STABILITY_FIELD_TEACHER,0,1.0,"S8754 ddG (sign-flipped to project convention); TEACHER ONLY, never benchmarked",2,0.3299999999999999
S8754_1PGA,S8754_1PGA,T,11,R,-0.19,ddG,s8754_ddg,stability,F_STABILITY_FIELD_TEACHER,0,1.0,"S8754 ddG (sign-flipped to project convention); TEACHER ONLY, never benchmarked",2,0.4
S8754_1PGA,S8754_1PGA,T,11,S,-0.095,ddG,s8754_ddg,stability,F_STABILITY_FIELD_TEACHER,0,1.0,"S8754 ddG (sign-flipped to project convention); TEACHER ONLY, never benchmarked",2,0.41
S8754_1PGA,S8754_1PGA,T,11,V,-0.24,ddG,s8754_ddg,stability,F_STABILITY_FIELD_TEACHER,0,1.0,"S8754 ddG (sign-flipped to project convention); TEACHER ONLY, never benchmarked",1,0.0
S8754_1PGA,S8754_1PGA,T,11,Y,0.32,ddG,s8754_ddg,stability,F_STABILITY_FIELD_TEACHER,0,1.0,"S8754 ddG (sign-flipped to project convention); TEACHER ONLY, never benchmarked",1,0.0
S8754_1PGA,S8754_1PGA,L,12,A,0.465,ddG,s8754_ddg,stability,F_STABILITY_FIELD_TEACHER,0,1.0,"S8754 ddG (sign-flipped to project convention); TEACHER ONLY, never benchmarked",2,0.37
S8754_1PGA,S8754_1PGA,L,12,D,0.875,ddG,s8754_ddg,stability,F_STABILITY_FIELD_TEACHER,0,1.0,"S8754 ddG (sign-flipped to project convention); TEACHER ONLY, never benchmarked",2,0.39
S8754_1PGA,S8754_1PGA,L,12,E,0.47,ddG,s8754_ddg,stability,F_STABILITY_FIELD_TEACHER,0,1.0,"S8754 ddG (sign-flipped to project convention); TEACHER ONLY, never benchmarked",2,0.4399999999999999
S8754_1PGA,S8754_1PGA,L,12,F,-0.975,ddG,s8754_ddg,stability,F_STABILITY_FIELD_TEACHER,0,1.0,"S8754 ddG (sign-flipped to project convention); TEACHER ONLY, never benchmarked",2,0.5700000000000001
S8754_1PGA,S8754_1PGA,L,12,G,0.465,ddG,s8754_ddg,stability,F_STABILITY_FIELD_TEACHER,0,1.0,"S8754 ddG (sign-flipped to project convention); TEACHER ONLY, never benchmarked",2,0.37
S8754_1PGA,S8754_1PGA,L,12,H,-0.11,ddG,s8754_ddg,stability,F_STABILITY_FIELD_TEACHER,0,1.0,"S8754 ddG (sign-flipped to project convention); TEACHER ONLY, never benchmarked",2,0.34
S8754_1PGA,S8754_1PGA,L,12,I,-0.85,ddG,s8754_ddg,stability,F_STABILITY_FIELD_TEACHER,0,1.0,"S8754 ddG (sign-flipped to project convention); TEACHER ONLY, never benchmarked",2,0.28
S8754_1PGA,S8754_1PGA,L,12,K,-0.4700000000000001,ddG,s8754_ddg,stability,F_STABILITY_FIELD_TEACHER,0,1.0,"S8754 ddG (sign-flipped to project convention); TEACHER ONLY, never benchmarked",2,0.26
S8754_1PGA,S8754_1PGA,L,12,M,0.07,ddG,s8754_ddg,stability,F_STABILITY_FIELD_TEACHER,0,1.0,"S8754 ddG (sign-flipped to project convention); TEACHER ONLY, never benchmarked",1,0.0
S8754_1PGA,S8754_1PGA,L,12,N,0.23,ddG,s8754_ddg,stability,F_STABILITY_FIELD_TEACHER,0,1.0,"S8754 ddG (sign-flipped to project convention); TEACHER ONLY, never benchmarked",1,0.0
S8754_1PGA,S8754_1PGA,L,12,P,1.58,ddG,s8754_ddg,stability,F_STABILITY_FIELD_TEACHER,0,1.0,"S8754 ddG (sign-flipped to project convention); TEACHER ONLY, never benchmarked",1,0.0
S8754_1PGA,S8754_1PGA,L,12,Q,-0.055,ddG,s8754_ddg,stability,F_STABILITY_FIELD_TEACHER,0,1.0,"S8754 ddG (sign-flipped to project convention); TEACHER ONLY, never benchmarked",2,0.5700000000000001
S8754_1PGA,S8754_1PGA,L,12,R,0.015,ddG,s8754_ddg,stability,F_STABILITY_FIELD_TEACHER,0,1.0,"S8754 ddG (sign-flipped to project convention); TEACHER ONLY, never benchmarked",2,0.21
S8754_1PGA,S8754_1PGA,L,12,S,0.825,ddG,s8754_ddg,stability,F_STABILITY_FIELD_TEACHER,0,1.0,"S8754 ddG (sign-flipped to project convention); TEACHER ONLY, never benchmarked",2,0.81
S8754_1PGA,S8754_1PGA,L,12,T,-0.165,ddG,s8754_ddg,stability,F_STABILITY_FIELD_TEACHER,0,1.0,"S8754 ddG (sign-flipped to project convention); TEACHER ONLY, never benchmarked",2,0.0499999999999999
S8754_1PGA,S8754_1PGA,L,12,V,-0.235,ddG,s8754_ddg,stability,F_STABILITY_FIELD_TEACHER,0,1.0,"S8754 ddG (sign-flipped to project convention); TEACHER ONLY, never benchmarked",2,0.0099999999999999
S8754_1PGA,S8754_1PGA,L,12,Y,-1.41,ddG,s8754_ddg,stability,F_STABILITY_FIELD_TEACHER,0,1.0,"S8754 ddG (sign-flipped to project convention); TEACHER ONLY, never benchmarked",1,0.0
S8754_1PGA,S8754_1PGA,K,13,A,-0.095,ddG,s8754_ddg,stability,F_STABILITY_FIELD_TEACHER,0,1.0,"S8754 ddG (sign-flipped to project convention); TEACHER ONLY, never benchmarked",2,0.2299999999999999
S8754_1PGA,S8754_1PGA,K,13,D,0.67,ddG,s8754_ddg,stability,F_STABILITY_FIELD_TEACHER,0,1.0,"S8754 ddG (sign-flipped to project convention); TEACHER ONLY, never benchmarked",2,0.44
S8754_1PGA,S8754_1PGA,K,13,E,0.1949999999999999,ddG,s8754_ddg,stability,F_STABILITY_FIELD_TEACHER,0,1.0,"S8754 ddG (sign-flipped to project convention); TEACHER ONLY, never benchmarked",2,0.43
S8754_1PGA,S8754_1PGA,K,13,F,-0.455,ddG,s8754_ddg,stability,F_STABILITY_FIELD_TEACHER,0,1.0,"S8754 ddG (sign-flipped to project convention); TEACHER ONLY, never benchmarked",2,0.37
S8754_1PGA,S8754_1PGA,K,13,G,0.5449999999999999,ddG,s8754_ddg,stability,F_STABILITY_FIELD_TEACHER,0,1.0,"S8754 ddG (sign-flipped to project convention); TEACHER ONLY, never benchmarked",2,0.39
S8754_1PGA,S8754_1PGA,K,13,H,-0.235,ddG,s8754_ddg,stability,F_STABILITY_FIELD_TEACHER,0,1.0,"S8754 ddG (sign-flipped to project convention); TEACHER ONLY, never benchmarked",2,0.43
S8754_1PGA,S8754_1PGA,K,13,I,0.0049999999999999,ddG,s8754_ddg,stability,F_STABILITY_FIELD_TEACHER,0,1.0,"S8754 ddG (sign-flipped to project convention); TEACHER ONLY, never benchmarked",2,0.47
S8754_1PGA,S8754_1PGA,K,13,L,0.5,ddG,s8754_ddg,stability,F_STABILITY_FIELD_TEACHER,0,1.0,"S8754 ddG (sign-flipped to project convention); TEACHER ONLY, never benchmarked",1,0.0
S8754_1PGA,S8754_1PGA,K,13,M,-0.03,ddG,s8754_ddg,stability,F_STABILITY_FIELD_TEACHER,0,1.0,"S8754 ddG (sign-flipped to project convention); TEACHER ONLY, never benchmarked",1,0.0
S8754_1PGA,S8754_1PGA,K,13,N,0.44,ddG,s8754_ddg,stability,F_STABILITY_FIELD_TEACHER,0,1.0,"S8754 ddG (sign-flipped to project convention); TEACHER ONLY, never benchmarked",1,0.0
S8754_1PGA,S8754_1PGA,K,13,P,0.7100000000000001,ddG,s8754_ddg,stability,F_STABILITY_FIELD_TEACHER,0,1.0,"S8754 ddG (sign-flipped to project convention); TEACHER ONLY, never benchmarked",2,1.3
S8754_1PGA,S8754_1PGA,K,13,Q,-0.54,ddG,s8754_ddg,stability,F_STABILITY_FIELD_TEACHER,0,1.0,"S8754 ddG (sign-flipped to project convention); TEACHER ONLY, never benchmarked",2,0.44
S8754_1PGA,S8754_1PGA,K,13,R,0.055,ddG,s8754_ddg,stability,F_STABILITY_FIELD_TEACHER,0,1.0,"S8754 ddG (sign-flipped to project convention); TEACHER ONLY, never benchmarked",2,0.13
S8754_1PGA,S8754_1PGA,K,13,S,0.38,ddG,s8754_ddg,stability,F_STABILITY_FIELD_TEACHER,0,1.0,"S8754 ddG (sign-flipped to project convention); TEACHER ONLY, never benchmarked",2,1.22
S8754_1PGA,S8754_1PGA,K,13,T,-0.445,ddG,s8754_ddg,stability,F_STABILITY_FIELD_TEACHER,0,1.0,"S8754 ddG (sign-flipped to project convention); TEACHER ONLY, never benchmarked",2,1.25
S8754_1PGA,S8754_1PGA,K,13,V,-0.265,ddG,s8754_ddg,stability,F_STABILITY_FIELD_TEACHER,0,1.0,"S8754 ddG (sign-flipped to project convention); TEACHER ONLY, never benchmarked",2,0.13
S8754_1PGA,S8754_1PGA,K,13,Y,-0.4,ddG,s8754_ddg,stability,F_STABILITY_FIELD_TEACHER,0,1.0,"S8754 ddG (sign-flipped to project convention); TEACHER ONLY, never benchmarked",2,0.3400000000000001
S8754_1PGA,S8754_1PGA,G,14,A,-0.325,ddG,s8754_ddg,stability,F_STABILITY_FIELD_TEACHER,0,1.0,"S8754 ddG (sign-flipped to project convention); TEACHER ONLY, never benchmarked",2,0.37
S8754_1PGA,S8754_1PGA,G,14,D,0.145,ddG,s8754_ddg,stability,F_STABILITY_FIELD_TEACHER,0,1.0,"S8754 ddG (sign-flipped to project convention); TEACHER ONLY, never benchmarked",2,0.49
S8754_1PGA,S8754_1PGA,G,14,E,-0.32,ddG,s8754_ddg,stability,F_STABILITY_FIELD_TEACHER,0,1.0,"S8754 ddG (sign-flipped to project convention); TEACHER ONLY, never benchmarked",2,0.42
S8754_1PGA,S8754_1PGA,G,14,F,-0.42,ddG,s8754_ddg,stability,F_STABILITY_FIELD_TEACHER,0,1.0,"S8754 ddG (sign-flipped to project convention); TEACHER ONLY, never benchmarked",2,0.5
S8754_1PGA,S8754_1PGA,G,14,H,0.28,ddG,s8754_ddg,stability,F_STABILITY_FIELD_TEACHER,0,1.0,"S8754 ddG (sign-flipped to project convention); TEACHER ONLY, never benchmarked",1,0.0
S8754_1PGA,S8754_1PGA,G,14,I,-0.27,ddG,s8754_ddg,stability,F_STABILITY_FIELD_TEACHER,0,1.0,"S8754 ddG (sign-flipped to project convention); TEACHER ONLY, never benchmarked",1,0.0
S8754_1PGA,S8754_1PGA,G,14,K,-0.41,ddG,s8754_ddg,stability,F_STABILITY_FIELD_TEACHER,0,1.0,"S8754 ddG (sign-flipped to project convention); TEACHER ONLY, never benchmarked",1,0.0
S8754_1PGA,S8754_1PGA,G,14,L,-0.43,ddG,s8754_ddg,stability,F_STABILITY_FIELD_TEACHER,0,1.0,"S8754 ddG (sign-flipped to project convention); TEACHER ONLY, never benchmarked",2,0.7000000000000001
S8754_1PGA,S8754_1PGA,G,14,M,-0.7150000000000001,ddG,s8754_ddg,stability,F_STABILITY_FIELD_TEACHER,0,1.0,"S8754 ddG (sign-flipped to project convention); TEACHER ONLY, never benchmarked",2,0.19
S8754_1PGA,S8754_1PGA,G,14,N,-0.175,ddG,s8754_ddg,stability,F_STABILITY_FIELD_TEACHER,0,1.0,"S8754 ddG (sign-flipped to project convention); TEACHER ONLY, never benchmarked",2,1.09
S8754_1PGA,S8754_1PGA,G,14,Q,-0.54,ddG,s8754_ddg,stability,F_STABILITY_FIELD_TEACHER,0,1.0,"S8754 ddG (sign-flipped to project convention); TEACHER ONLY, never benchmarked",2,0.7999999999999999
S8754_1PGA,S8754_1PGA,G,14,R,-0.3,ddG,s8754_ddg,stability,F_STABILITY_FIELD_TEACHER,0,1.0,"S8754 ddG (sign-flipped to project convention); TEACHER ONLY, never benchmarked",2,0.5399999999999999
S8754_1PGA,S8754_1PGA,G,14,S,0.375,ddG,s8754_ddg,stability,F_STABILITY_FIELD_TEACHER,0,1.0,"S8754 ddG (sign-flipped to project convention); TEACHER ONLY, never benchmarked",2,1.01
S8754_1PGA,S8754_1PGA,G,14,T,-0.165,ddG,s8754_ddg,stability,F_STABILITY_FIELD_TEACHER,0,1.0,"S8754 ddG (sign-flipped to project convention); TEACHER ONLY, never benchmarked",2,0.71
S8754_1PGA,S8754_1PGA,G,14,V,-0.425,ddG,s8754_ddg,stability,F_STABILITY_FIELD_TEACHER,0,1.0,"S8754 ddG (sign-flipped to project convention); TEACHER ONLY, never benchmarked",2,0.89
S8754_1PGA,S8754_1PGA,G,14,Y,-0.11,ddG,s8754_ddg,stability,F_STABILITY_FIELD_TEACHER,0,1.0,"S8754 ddG (sign-flipped to project convention); TEACHER ONLY, never benchmarked",2,0.8
S8754_1PGA,S8754_1PGA,E,15,A,-0.0466666666666666,ddG,s8754_ddg,stability,F_STABILITY_FIELD_TEACHER,0,1.0,"S8754 ddG (sign-flipped to project convention); TEACHER ONLY, never benchmarked",3,0.8899999999999999
S8754_1PGA,S8754_1PGA,E,15,D,0.355,ddG,s8754_ddg,stability,F_STABILITY_FIELD_TEACHER,0,1.0,"S8754 ddG (sign-flipped to project convention); TEACHER ONLY, never benchmarked",2,0.33
S8754_1PGA,S8754_1PGA,E,15,F,0.01,ddG,s8754_ddg,stability,F_STABILITY_FIELD_TEACHER,0,1.0,"S8754 ddG (sign-flipped to project convention); TEACHER ONLY, never benchmarked",1,0.0
S8754_1PGA,S8754_1PGA,E,15,G,0.63,ddG,s8754_ddg,stability,F_STABILITY_FIELD_TEACHER,0,1.0,"S8754 ddG (sign-flipped to project convention); TEACHER ONLY, never benchmarked",1,0.0
S8754_1PGA,S8754_1PGA,E,15,H,0.72,ddG,s8754_ddg,stability,F_STABILITY_FIELD_TEACHER,0,1.0,"S8754 ddG (sign-flipped to project convention); TEACHER ONLY, never benchmarked",1,0.0
S8754_1PGA,S8754_1PGA,E,15,I,-0.345,ddG,s8754_ddg,stability,F_STABILITY_FIELD_TEACHER,0,1.0,"S8754 ddG (sign-flipped to project convention); TEACHER ONLY, never benchmarked",2,0.45
S8754_1PGA,S8754_1PGA,E,15,K,0.2299999999999999,ddG,s8754_ddg,stability,F_STABILITY_FIELD_TEACHER,0,1.0,"S8754 ddG (sign-flipped to project convention); TEACHER ONLY, never benchmarked",2,0.0199999999999999
S8754_1PGA,S8754_1PGA,E,15,L,0.28,ddG,s8754_ddg,stability,F_STABILITY_FIELD_TEACHER,0,1.0,"S8754 ddG (sign-flipped to project convention); TEACHER ONLY, never benchmarked",2,0.06
S8754_1PGA,S8754_1PGA,E,15,M,-0.5,ddG,s8754_ddg,stability,F_STABILITY_FIELD_TEACHER,0,1.0,"S8754 ddG (sign-flipped to project convention); TEACHER ONLY, never benchmarked",2,0.2
S8754_1PGA,S8754_1PGA,E,15,N,0.0099999999999999,ddG,s8754_ddg,stability,F_STABILITY_FIELD_TEACHER,0,1.0,"S8754 ddG (sign-flipped to project convention); TEACHER ONLY, never benchmarked",2,0.28
S8754_1PGA,S8754_1PGA,E,15,Q,-0.6699999999999999,ddG,s8754_ddg,stability,F_STABILITY_FIELD_TEACHER,0,1.0,"S8754 ddG (sign-flipped to project convention); TEACHER ONLY, never benchmarked",2,0.0999999999999999
S8754_1PGA,S8754_1PGA,E,15,R,-0.035,ddG,s8754_ddg,stability,F_STABILITY_FIELD_TEACHER,0,1.0,"S8754 ddG (sign-flipped to project convention); TEACHER ONLY, never benchmarked",2,0.25
S8754_1PGA,S8754_1PGA,E,15,S,1.17,ddG,s8754_ddg,stability,F_STABILITY_FIELD_TEACHER,0,1.0,"S8754 ddG (sign-flipped to project convention); TEACHER ONLY, never benchmarked",2,1.62
S8754_1PGA,S8754_1PGA,E,15,T,-0.125,ddG,s8754_ddg,stability,F_STABILITY_FIELD_TEACHER,0,1.0,"S8754 ddG (sign-flipped to project convention); TEACHER ONLY, never benchmarked",2,1.49
S8754_1PGA,S8754_1PGA,E,15,V,-0.43,ddG,s8754_ddg,stability,F_STABILITY_FIELD_TEACHER,0,1.0,"S8754 ddG (sign-flipped to project convention); TEACHER ONLY, never benchmarked",2,0.2999999999999999
S8754_1PGA,S8754_1PGA,E,15,Y,-0.17,ddG,s8754_ddg,stability,F_STABILITY_FIELD_TEACHER,0,1.0,"S8754 ddG (sign-flipped to project convention); TEACHER ONLY, never benchmarked",2,0.0
S8754_1PGA,S8754_1PGA,T,16,A,0.0466666666666666,ddG,s8754_ddg,stability,F_STABILITY_FIELD_TEACHER,0,1.0,"S8754 ddG (sign-flipped to project convention); TEACHER ONLY, never benchmarked",3,0.64
S8754_1PGA,S8754_1PGA,T,16,D,1.235,ddG,s8754_ddg,stability,F_STABILITY_FIELD_TEACHER,0,1.0,"S8754 ddG (sign-flipped to project convention); TEACHER ONLY, never benchmarked",2,0.3899999999999999
S8754_1PGA,S8754_1PGA,T,16,E,0.435,ddG,s8754_ddg,stability,F_STABILITY_FIELD_TEACHER,0,1.0,"S8754 ddG (sign-flipped to project convention); TEACHER ONLY, never benchmarked",2,0.41
S8754_1PGA,S8754_1PGA,T,16,F,-1.51,ddG,s8754_ddg,stability,F_STABILITY_FIELD_TEACHER,0,1.0,"S8754 ddG (sign-flipped to project convention); TEACHER ONLY, never benchmarked",1,0.0
S8754_1PGA,S8754_1PGA,T,16,H,0.515,ddG,s8754_ddg,stability,F_STABILITY_FIELD_TEACHER,0,1.0,"S8754 ddG (sign-flipped to project convention); TEACHER ONLY, never benchmarked",2,1.39
S8754_1PGA,S8754_1PGA,T,16,I,-0.4649999999999999,ddG,s8754_ddg,stability,F_STABILITY_FIELD_TEACHER,0,1.0,"S8754 ddG (sign-flipped to project convention); TEACHER ONLY, never benchmarked",2,0.09
S8754_1PGA,S8754_1PGA,T,16,K,-0.49,ddG,s8754_ddg,stability,F_STABILITY_FIELD_TEACHER,0,1.0,"S8754 ddG (sign-flipped to project convention); TEACHER ONLY, never benchmarked",2,1.04
S8754_1PGA,S8754_1PGA,T,16,L,-0.41,ddG,s8754_ddg,stability,F_STABILITY_FIELD_TEACHER,0,1.0,"S8754 ddG (sign-flipped to project convention); TEACHER ONLY, never benchmarked",2,0.18
S8754_1PGA,S8754_1PGA,T,16,M,-0.645,ddG,s8754_ddg,stability,F_STABILITY_FIELD_TEACHER,0,1.0,"S8754 ddG (sign-flipped to project convention); TEACHER ONLY, never benchmarked",2,0.6499999999999999
S8754_1PGA,S8754_1PGA,T,16,N,-0.15,ddG,s8754_ddg,stability,F_STABILITY_FIELD_TEACHER,0,1.0,"S8754 ddG (sign-flipped to project convention); TEACHER ONLY, never benchmarked",2,1.1
S8754_1PGA,S8754_1PGA,T,16,R,-0.275,ddG,s8754_ddg,stability,F_STABILITY_FIELD_TEACHER,0,1.0,"S8754 ddG (sign-flipped to project convention); TEACHER ONLY, never benchmarked",2,0.11
S8754_1PGA,S8754_1PGA,T,16,S,-0.11,ddG,s8754_ddg,stability,F_STABILITY_FIELD_TEACHER,0,1.0,"S8754 ddG (sign-flipped to project convention); TEACHER ONLY, never benchmarked",2,0.8800000000000001
S8754_1PGA,S8754_1PGA,T,16,V,-0.605,ddG,s8754_ddg,stability,F_STABILITY_FIELD_TEACHER,0,1.0,"S8754 ddG (sign-flipped to project convention); TEACHER ONLY, never benchmarked",2,1.41
S8754_1PGA,S8754_1PGA,T,16,Y,-0.64,ddG,s8754_ddg,stability,F_STABILITY_FIELD_TEACHER,0,1.0,"S8754 ddG (sign-flipped to project convention); TEACHER ONLY, never benchmarked",2,0.28
S8754_1PGA,S8754_1PGA,T,17,A,0.0549999999999999,ddG,s8754_ddg,stability,F_STABILITY_FIELD_TEACHER,0,1.0,"S8754 ddG (sign-flipped to project convention); TEACHER ONLY, never benchmarked",2,0.89
S8754_1PGA,S8754_1PGA,T,17,D,0.435,ddG,s8754_ddg,stability,F_STABILITY_FIELD_TEACHER,0,1.0,"S8754 ddG (sign-flipped to project convention); TEACHER ONLY, never benchmarked",2,0.45
S8754_1PGA,S8754_1PGA,T,17,E,0.18,ddG,s8754_ddg,stability,F_STABILITY_FIELD_TEACHER,0,1.0,"S8754 ddG (sign-flipped to project convention); TEACHER ONLY, never benchmarked",2,0.28
S8754_1PGA,S8754_1PGA,T,17,F,-0.3,ddG,s8754_ddg,stability,F_STABILITY_FIELD_TEACHER,0,1.0,"S8754 ddG (sign-flipped to project convention); TEACHER ONLY, never benchmarked",2,0.06
S8754_1PGA,S8754_1PGA,T,17,H,0.73,ddG,s8754_ddg,stability,F_STABILITY_FIELD_TEACHER,0,1.0,"S8754 ddG (sign-flipped to project convention); TEACHER ONLY, never benchmarked",2,0.6400000000000001
S8754_1PGA,S8754_1PGA,T,17,I,0.195,ddG,s8754_ddg,stability,F_STABILITY_FIELD_TEACHER,0,1.0,"S8754 ddG (sign-flipped to project convention); TEACHER ONLY, never benchmarked",2,0.29
S8754_1PGA,S8754_1PGA,T,17,K,0.19,ddG,s8754_ddg,stability,F_STABILITY_FIELD_TEACHER,0,1.0,"S8754 ddG (sign-flipped to project convention); TEACHER ONLY, never benchmarked",2,0.5
S8754_1PGA,S8754_1PGA,T,17,L,0.27,ddG,s8754_ddg,stability,F_STABILITY_FIELD_TEACHER,0,1.0,"S8754 ddG (sign-flipped to project convention); TEACHER ONLY, never benchmarked",2,0.38
S8754_1PGA,S8754_1PGA,T,17,M,0.14,ddG,s8754_ddg,stability,F_STABILITY_FIELD_TEACHER,0,1.0,"S8754 ddG (sign-flipped to project convention); TEACHER ONLY, never benchmarked",2,0.1399999999999999
S8754_1PGA,S8754_1PGA,T,17,N,0.2,ddG,s8754_ddg,stability,F_STABILITY_FIELD_TEACHER,0,1.0,"S8754 ddG (sign-flipped to project convention); TEACHER ONLY, never benchmarked",2,0.52
S8754_1PGA,S8754_1PGA,T,17,Q,1.08,ddG,s8754_ddg,stability,F_STABILITY_FIELD_TEACHER,0,1.0,"S8754 ddG (sign-flipped to project convention); TEACHER ONLY, never benchmarked",2,2.0
S8754_1PGA,S8754_1PGA,T,17,R,-0.105,ddG,s8754_ddg,stability,F_STABILITY_FIELD_TEACHER,0,1.0,"S8754 ddG (sign-flipped to project convention); TEACHER ONLY, never benchmarked",2,0.35
S8754_1PGA,S8754_1PGA,T,17,S,-0.12,ddG,s8754_ddg,stability,F_STABILITY_FIELD_TEACHER,0,1.0,"S8754 ddG (sign-flipped to project convention); TEACHER ONLY, never benchmarked",2,0.18
S8754_1PGA,S8754_1PGA,T,17,V,0.12,ddG,s8754_ddg,stability,F_STABILITY_FIELD_TEACHER,0,1.0,"S8754 ddG (sign-flipped to project convention); TEACHER ONLY, never benchmarked",1,0.0
S8754_1PGA,S8754_1PGA,T,17,Y,-0.195,ddG,s8754_ddg,stability,F_STABILITY_FIELD_TEACHER,0,1.0,"S8754 ddG (sign-flipped to project convention); TEACHER ONLY, never benchmarked",2,0.03
S8754_1PGA,S8754_1PGA,T,18,A,0.4033333333333333,ddG,s8754_ddg,stability,F_STABILITY_FIELD_TEACHER,0,1.0,"S8754 ddG (sign-flipped to project convention); TEACHER ONLY, never benchmarked",3,0.81
S8754_1PGA,S8754_1PGA,T,18,E,1.41,ddG,s8754_ddg,stability,F_STABILITY_FIELD_TEACHER,0,1.0,"S8754 ddG (sign-flipped to project convention); TEACHER ONLY, never benchmarked",2,0.76
S8754_1PGA,S8754_1PGA,T,18,F,0.195,ddG,s8754_ddg,stability,F_STABILITY_FIELD_TEACHER,0,1.0,"S8754 ddG (sign-flipped to project convention); TEACHER ONLY, never benchmarked",2,0.95
S8754_1PGA,S8754_1PGA,T,18,H,1.22,ddG,s8754_ddg,stability,F_STABILITY_FIELD_TEACHER,0,1.0,"S8754 ddG (sign-flipped to project convention); TEACHER ONLY, never benchmarked",2,1.04
S8754_1PGA,S8754_1PGA,T,18,I,0.0099999999999999,ddG,s8754_ddg,stability,F_STABILITY_FIELD_TEACHER,0,1.0,"S8754 ddG (sign-flipped to project convention); TEACHER ONLY, never benchmarked",2,0.8200000000000001
S8754_1PGA,S8754_1PGA,T,18,L,0.2099999999999999,ddG,s8754_ddg,stability,F_STABILITY_FIELD_TEACHER,0,1.0,"S8754 ddG (sign-flipped to project convention); TEACHER ONLY, never benchmarked",2,1.48
S8754_1PGA,S8754_1PGA,T,18,M,-0.665,ddG,s8754_ddg,stability,F_STABILITY_FIELD_TEACHER,0,1.0,"S8754 ddG (sign-flipped to project convention); TEACHER ONLY, never benchmarked",2,0.27
S8754_1PGA,S8754_1PGA,T,18,N,0.245,ddG,s8754_ddg,stability,F_STABILITY_FIELD_TEACHER,0,1.0,"S8754 ddG (sign-flipped to project convention); TEACHER ONLY, never benchmarked",2,1.73
S8754_1PGA,S8754_1PGA,T,18,P,0.87,ddG,s8754_ddg,stability,F_STABILITY_FIELD_TEACHER,0,1.0,"S8754 ddG (sign-flipped to project convention); TEACHER ONLY, never benchmarked",1,0.0
S8754_1PGA,S8754_1PGA,T,18,Q,0.93,ddG,s8754_ddg,stability,F_STABILITY_FIELD_TEACHER,0,1.0,"S8754 ddG (sign-flipped to project convention); TEACHER ONLY, never benchmarked",1,0.0
S8754_1PGA,S8754_1PGA,T,18,R,0.655,ddG,s8754_ddg,stability,F_STABILITY_FIELD_TEACHER,0,1.0,"S8754 ddG (sign-flipped to project convention); TEACHER ONLY, never benchmarked",2,0.13
S8754_1PGA,S8754_1PGA,T,18,S,0.7899999999999999,ddG,s8754_ddg,stability,F_STABILITY_FIELD_TEACHER,0,1.0,"S8754 ddG (sign-flipped to project convention); TEACHER ONLY, never benchmarked",2,0.7
S8754_1PGA,S8754_1PGA,T,18,V,0.17,ddG,s8754_ddg,stability,F_STABILITY_FIELD_TEACHER,0,1.0,"S8754 ddG (sign-flipped to project convention); TEACHER ONLY, never benchmarked",1,0.0
S8754_1PGA,S8754_1PGA,T,18,Y,0.28,ddG,s8754_ddg,stability,F_STABILITY_FIELD_TEACHER,0,1.0,"S8754 ddG (sign-flipped to project convention); TEACHER ONLY, never benchmarked",1,0.0
S8754_1PGA,S8754_1PGA,E,19,A,0.22,ddG,s8754_ddg,stability,F_STABILITY_FIELD_TEACHER,0,1.0,"S8754 ddG (sign-flipped to project convention); TEACHER ONLY, never benchmarked",1,0.0
S8754_1PGA,S8754_1PGA,E,19,D,0.06,ddG,s8754_ddg,stability,F_STABILITY_FIELD_TEACHER,0,1.0,"S8754 ddG (sign-flipped to project convention); TEACHER ONLY, never benchmarked",2,0.22
S8754_1PGA,S8754_1PGA,E,19,F,-0.33,ddG,s8754_ddg,stability,F_STABILITY_FIELD_TEACHER,0,1.0,"S8754 ddG (sign-flipped to project convention); TEACHER ONLY, never benchmarked",1,0.0
S8754_1PGA,S8754_1PGA,E,19,G,1.94,ddG,s8754_ddg,stability,F_STABILITY_FIELD_TEACHER,0,1.0,"S8754 ddG (sign-flipped to project convention); TEACHER ONLY, never benchmarked",1,0.0
S8754_1PGA,S8754_1PGA,E,19,H,0.42,ddG,s8754_ddg,stability,F_STABILITY_FIELD_TEACHER,0,1.0,"S8754 ddG (sign-flipped to project convention); TEACHER ONLY, never benchmarked",1,0.0
S8754_1PGA,S8754_1PGA,E,19,I,-0.645,ddG,s8754_ddg,stability,F_STABILITY_FIELD_TEACHER,0,1.0,"S8754 ddG (sign-flipped to project convention); TEACHER ONLY, never benchmarked",2,0.3899999999999999
S8754_1PGA,S8754_1PGA,E,19,K,0.71,ddG,s8754_ddg,stability,F_STABILITY_FIELD_TEACHER,0,1.0,"S8754 ddG (sign-flipped to project convention); TEACHER ONLY, never benchmarked",2,1.52
S8754_1PGA,S8754_1PGA,E,19,L,0.04,ddG,s8754_ddg,stability,F_STABILITY_FIELD_TEACHER,0,1.0,"S8754 ddG (sign-flipped to project convention); TEACHER ONLY, never benchmarked",2,0.12
S8754_1PGA,S8754_1PGA,E,19,M,-0.315,ddG,s8754_ddg,stability,F_STABILITY_FIELD_TEACHER,0,1.0,"S8754 ddG (sign-flipped to project convention); TEACHER ONLY, never benchmarked",2,1.23
S8754_1PGA,S8754_1PGA,E,19,N,-0.325,ddG,s8754_ddg,stability,F_STABILITY_FIELD_TEACHER,0,1.0,"S8754 ddG (sign-flipped to project convention); TEACHER ONLY, never benchmarked",2,0.1899999999999999
S8754_1PGA,S8754_1PGA,E,19,P,0.365,ddG,s8754_ddg,stability,F_STABILITY_FIELD_TEACHER,0,1.0,"S8754 ddG (sign-flipped to project convention); TEACHER ONLY, never benchmarked",2,1.4700000000000002
S8754_1PGA,S8754_1PGA,E,19,Q,-0.13,ddG,s8754_ddg,stability,F_STABILITY_FIELD_TEACHER,0,1.0,"S8754 ddG (sign-flipped to project convention); TEACHER ONLY, never benchmarked",2,0.12
S8754_1PGA,S8754_1PGA,E,19,R,-0.51,ddG,s8754_ddg,stability,F_STABILITY_FIELD_TEACHER,0,1.0,"S8754 ddG (sign-flipped to project convention); TEACHER ONLY, never benchmarked",2,0.26
S8754_1PGA,S8754_1PGA,E,19,S,0.54,ddG,s8754_ddg,stability,F_STABILITY_FIELD_TEACHER,0,1.0,"S8754 ddG (sign-flipped to project convention); TEACHER ONLY, never benchmarked",2,0.48
S8754_1PGA,S8754_1PGA,E,19,T,-0.395,ddG,s8754_ddg,stability,F_STABILITY_FIELD_TEACHER,0,1.0,"S8754 ddG (sign-flipped to project convention); TEACHER ONLY, never benchmarked",2,0.25
S8754_1PGA,S8754_1PGA,E,19,V,0.1,ddG,s8754_ddg,stability,F_STABILITY_FIELD_TEACHER,0,1.0,"S8754 ddG (sign-flipped to project convention); TEACHER ONLY, never benchmarked",2,1.64
S8754_1PGA,S8754_1PGA,E,19,Y,-0.185,ddG,s8754_ddg,stability,F_STABILITY_FIELD_TEACHER,0,1.0,"S8754 ddG (sign-flipped to project convention); TEACHER ONLY, never benchmarked",2,0.15
S8754_1PGA,S8754_1PGA,A,20,D,1.94,ddG,s8754_ddg,stability,F_STABILITY_FIELD_TEACHER,0,1.0,"S8754 ddG (sign-flipped to project convention); TEACHER ONLY, never benchmarked",1,0.0
S8754_1PGA,S8754_1PGA,A,20,E,0.9,ddG,s8754_ddg,stability,F_STABILITY_FIELD_TEACHER,0,1.0,"S8754 ddG (sign-flipped to project convention); TEACHER ONLY, never benchmarked",1,0.0
S8754_1PGA,S8754_1PGA,A,20,F,2.28,ddG,s8754_ddg,stability,F_STABILITY_FIELD_TEACHER,0,1.0,"S8754 ddG (sign-flipped to project convention); TEACHER ONLY, never benchmarked",1,0.0
S8754_1PGA,S8754_1PGA,A,20,G,1.8233333333333333,ddG,s8754_ddg,stability,F_STABILITY_FIELD_TEACHER,0,1.0,"S8754 ddG (sign-flipped to project convention); TEACHER ONLY, never benchmarked",3,0.9600000000000002
S8754_1PGA,S8754_1PGA,A,20,H,1.41,ddG,s8754_ddg,stability,F_STABILITY_FIELD_TEACHER,0,1.0,"S8754 ddG (sign-flipped to project convention); TEACHER ONLY, never benchmarked",2,1.66
S8754_1PGA,S8754_1PGA,A,20,I,1.975,ddG,s8754_ddg,stability,F_STABILITY_FIELD_TEACHER,0,1.0,"S8754 ddG (sign-flipped to project convention); TEACHER ONLY, never benchmarked",2,0.4900000000000002
S8754_1PGA,S8754_1PGA,A,20,K,1.61,ddG,s8754_ddg,stability,F_STABILITY_FIELD_TEACHER,0,1.0,"S8754 ddG (sign-flipped to project convention); TEACHER ONLY, never benchmarked",2,0.9999999999999998
S8754_1PGA,S8754_1PGA,A,20,L,2.145,ddG,s8754_ddg,stability,F_STABILITY_FIELD_TEACHER,0,1.0,"S8754 ddG (sign-flipped to project convention); TEACHER ONLY, never benchmarked",2,0.47
S8754_1PGA,S8754_1PGA,A,20,M,1.73,ddG,s8754_ddg,stability,F_STABILITY_FIELD_TEACHER,0,1.0,"S8754 ddG (sign-flipped to project convention); TEACHER ONLY, never benchmarked",2,0.26
S8754_1PGA,S8754_1PGA,A,20,N,2.525,ddG,s8754_ddg,stability,F_STABILITY_FIELD_TEACHER,0,1.0,"S8754 ddG (sign-flipped to project convention); TEACHER ONLY, never benchmarked",2,1.5099999999999998
S8754_1PGA,S8754_1PGA,A,20,Q,0.7899999999999999,ddG,s8754_ddg,stability,F_STABILITY_FIELD_TEACHER,0,1.0,"S8754 ddG (sign-flipped to project convention); TEACHER ONLY, never benchmarked",2,1.28
S8754_1PGA,S8754_1PGA,A,20,R,2.315,ddG,s8754_ddg,stability,F_STABILITY_FIELD_TEACHER,0,1.0,"S8754 ddG (sign-flipped to project convention); TEACHER ONLY, never benchmarked",2,1.07
S8754_1PGA,S8754_1PGA,A,20,T,0.605,ddG,s8754_ddg,stability,F_STABILITY_FIELD_TEACHER,0,1.0,"S8754 ddG (sign-flipped to project convention); TEACHER ONLY, never benchmarked",2,1.4500000000000002
S8754_1PGA,S8754_1PGA,A,20,V,1.325,ddG,s8754_ddg,stability,F_STABILITY_FIELD_TEACHER,0,1.0,"S8754 ddG (sign-flipped to project convention); TEACHER ONLY, never benchmarked",2,0.29
S8754_1PGA,S8754_1PGA,V,21,A,-0.11,ddG,s8754_ddg,stability,F_STABILITY_FIELD_TEACHER,0,1.0,"S8754 ddG (sign-flipped to project convention); TEACHER ONLY, never benchmarked",1,0.0
S8754_1PGA,S8754_1PGA,V,21,D,-0.275,ddG,s8754_ddg,stability,F_STABILITY_FIELD_TEACHER,0,1.0,"S8754 ddG (sign-flipped to project convention); TEACHER ONLY, never benchmarked",2,0.29
S8754_1PGA,S8754_1PGA,V,21,E,-0.445,ddG,s8754_ddg,stability,F_STABILITY_FIELD_TEACHER,0,1.0,"S8754 ddG (sign-flipped to project convention); TEACHER ONLY, never benchmarked",2,0.03
S8754_1PGA,S8754_1PGA,V,21,F,-0.8200000000000001,ddG,s8754_ddg,stability,F_STABILITY_FIELD_TEACHER,0,1.0,"S8754 ddG (sign-flipped to project convention); TEACHER ONLY, never benchmarked",2,0.12
S8754_1PGA,S8754_1PGA,V,21,G,-0.47,ddG,s8754_ddg,stability,F_STABILITY_FIELD_TEACHER,0,1.0,"S8754 ddG (sign-flipped to project convention); TEACHER ONLY, never benchmarked",2,1.26
S8754_1PGA,S8754_1PGA,V,21,H,0.0099999999999999,ddG,s8754_ddg,stability,F_STABILITY_FIELD_TEACHER,0,1.0,"S8754 ddG (sign-flipped to project convention); TEACHER ONLY, never benchmarked",2,0.4
S8754_1PGA,S8754_1PGA,V,21,I,-0.16,ddG,s8754_ddg,stability,F_STABILITY_FIELD_TEACHER,0,1.0,"S8754 ddG (sign-flipped to project convention); TEACHER ONLY, never benchmarked",2,0.06
S8754_1PGA,S8754_1PGA,V,21,K,-0.335,ddG,s8754_ddg,stability,F_STABILITY_FIELD_TEACHER,0,1.0,"S8754 ddG (sign-flipped to project convention); TEACHER ONLY, never benchmarked",2,0.41
S8754_1PGA,S8754_1PGA,V,21,L,-0.28,ddG,s8754_ddg,stability,F_STABILITY_FIELD_TEACHER,0,1.0,"S8754 ddG (sign-flipped to project convention); TEACHER ONLY, never benchmarked",2,0.52
S8754_1PGA,S8754_1PGA,V,21,M,-0.3299999999999999,ddG,s8754_ddg,stability,F_STABILITY_FIELD_TEACHER,0,1.0,"S8754 ddG (sign-flipped to project convention); TEACHER ONLY, never benchmarked",2,0.1599999999999999
S8754_1PGA,S8754_1PGA,V,21,N,-0.33,ddG,s8754_ddg,stability,F_STABILITY_FIELD_TEACHER,0,1.0,"S8754 ddG (sign-flipped to project convention); TEACHER ONLY, never benchmarked",2,0.38
S8754_1PGA,S8754_1PGA,V,21,P,-0.4633333333333334,ddG,s8754_ddg,stability,F_STABILITY_FIELD_TEACHER,0,1.0,"S8754 ddG (sign-flipped to project convention); TEACHER ONLY, never benchmarked",3,0.1099999999999999
S8754_1PGA,S8754_1PGA,V,21,Q,-0.31,ddG,s8754_ddg,stability,F_STABILITY_FIELD_TEACHER,0,1.0,"S8754 ddG (sign-flipped to project convention); TEACHER ONLY, never benchmarked",2,1.04
S8754_1PGA,S8754_1PGA,V,21,R,-0.205,ddG,s8754_ddg,stability,F_STABILITY_FIELD_TEACHER,0,1.0,"S8754 ddG (sign-flipped to project convention); TEACHER ONLY, never benchmarked",2,0.13
S8754_1PGA,S8754_1PGA,V,21,S,-0.31,ddG,s8754_ddg,stability,F_STABILITY_FIELD_TEACHER,0,1.0,"S8754 ddG (sign-flipped to project convention); TEACHER ONLY, never benchmarked",2,0.4
S8754_1PGA,S8754_1PGA,V,21,T,-0.0849999999999999,ddG,s8754_ddg,stability,F_STABILITY_FIELD_TEACHER,0,1.0,"S8754 ddG (sign-flipped to project convention); TEACHER ONLY, never benchmarked",2,0.71
S8754_1PGA,S8754_1PGA,V,21,Y,-0.27,ddG,s8754_ddg,stability,F_STABILITY_FIELD_TEACHER,0,1.0,"S8754 ddG (sign-flipped to project convention); TEACHER ONLY, never benchmarked",1,0.0
S8754_1PGA,S8754_1PGA,D,22,A,1.565,ddG,s8754_ddg,stability,F_STABILITY_FIELD_TEACHER,0,1.0,"S8754 ddG (sign-flipped to project convention); TEACHER ONLY, never benchmarked",2,0.3700000000000001
S8754_1PGA,S8754_1PGA,D,22,E,1.14,ddG,s8754_ddg,stability,F_STABILITY_FIELD_TEACHER,0,1.0,"S8754 ddG (sign-flipped to project convention); TEACHER ONLY, never benchmarked",1,0.0
S8754_1PGA,S8754_1PGA,D,22,F,1.48,ddG,s8754_ddg,stability,F_STABILITY_FIELD_TEACHER,0,1.0,"S8754 ddG (sign-flipped to project convention); TEACHER ONLY, never benchmarked",1,0.0
S8754_1PGA,S8754_1PGA,D,22,G,1.455,ddG,s8754_ddg,stability,F_STABILITY_FIELD_TEACHER,0,1.0,"S8754 ddG (sign-flipped to project convention); TEACHER ONLY, never benchmarked",2,0.1300000000000001
S8754_1PGA,S8754_1PGA,D,22,H,1.07,ddG,s8754_ddg,stability,F_STABILITY_FIELD_TEACHER,0,1.0,"S8754 ddG (sign-flipped to project convention); TEACHER ONLY, never benchmarked",2,0.5
S8754_1PGA,S8754_1PGA,D,22,I,1.915,ddG,s8754_ddg,stability,F_STABILITY_FIELD_TEACHER,0,1.0,"S8754 ddG (sign-flipped to project convention); TEACHER ONLY, never benchmarked",2,1.67
S8754_1PGA,S8754_1PGA,D,22,K,1.315,ddG,s8754_ddg,stability,F_STABILITY_FIELD_TEACHER,0,1.0,"S8754 ddG (sign-flipped to project convention); TEACHER ONLY, never benchmarked",2,0.5700000000000001
S8754_1PGA,S8754_1PGA,D,22,L,1.365,ddG,s8754_ddg,stability,F_STABILITY_FIELD_TEACHER,0,1.0,"S8754 ddG (sign-flipped to project convention); TEACHER ONLY, never benchmarked",2,0.75
S8754_1PGA,S8754_1PGA,D,22,M,2.1,ddG,s8754_ddg,stability,F_STABILITY_FIELD_TEACHER,0,1.0,"S8754 ddG (sign-flipped to project convention); TEACHER ONLY, never benchmarked",2,0.2199999999999999
S8754_1PGA,S8754_1PGA,D,22,N,0.745,ddG,s8754_ddg,stability,F_STABILITY_FIELD_TEACHER,0,1.0,"S8754 ddG (sign-flipped to project convention); TEACHER ONLY, never benchmarked",2,0.95
S8754_1PGA,S8754_1PGA,D,22,Q,1.455,ddG,s8754_ddg,stability,F_STABILITY_FIELD_TEACHER,0,1.0,"S8754 ddG (sign-flipped to project convention); TEACHER ONLY, never benchmarked",2,0.2099999999999999
S8754_1PGA,S8754_1PGA,D,22,T,1.0,ddG,s8754_ddg,stability,F_STABILITY_FIELD_TEACHER,0,1.0,"S8754 ddG (sign-flipped to project convention); TEACHER ONLY, never benchmarked",2,0.4199999999999999
S8754_1PGA,S8754_1PGA,D,22,V,1.585,ddG,s8754_ddg,stability,F_STABILITY_FIELD_TEACHER,0,1.0,"S8754 ddG (sign-flipped to project convention); TEACHER ONLY, never benchmarked",2,0.2299999999999999
S8754_1PGA,S8754_1PGA,A,23,D,0.235,ddG,s8754_ddg,stability,F_STABILITY_FIELD_TEACHER,0,1.0,"S8754 ddG (sign-flipped to project convention); TEACHER ONLY, never benchmarked",2,1.11
S8754_1PGA,S8754_1PGA,A,23,E,-0.0249999999999999,ddG,s8754_ddg,stability,F_STABILITY_FIELD_TEACHER,0,1.0,"S8754 ddG (sign-flipped to project convention); TEACHER ONLY, never benchmarked",2,0.71
S8754_1PGA,S8754_1PGA,A,23,F,-0.32,ddG,s8754_ddg,stability,F_STABILITY_FIELD_TEACHER,0,1.0,"S8754 ddG (sign-flipped to project convention); TEACHER ONLY, never benchmarked",2,0.12
S8754_1PGA,S8754_1PGA,A,23,G,0.7999999999999999,ddG,s8754_ddg,stability,F_STABILITY_FIELD_TEACHER,0,1.0,"S8754 ddG (sign-flipped to project convention); TEACHER ONLY, never benchmarked",2,0.72
S8754_1PGA,S8754_1PGA,A,23,H,0.215,ddG,s8754_ddg,stability,F_STABILITY_FIELD_TEACHER,0,1.0,"S8754 ddG (sign-flipped to project convention); TEACHER ONLY, never benchmarked",2,0.51
S8754_1PGA,S8754_1PGA,A,23,I,-0.435,ddG,s8754_ddg,stability,F_STABILITY_FIELD_TEACHER,0,1.0,"S8754 ddG (sign-flipped to project convention); TEACHER ONLY, never benchmarked",2,0.3099999999999999
S8754_1PGA,S8754_1PGA,A,23,K,0.405,ddG,s8754_ddg,stability,F_STABILITY_FIELD_TEACHER,0,1.0,"S8754 ddG (sign-flipped to project convention); TEACHER ONLY, never benchmarked",2,0.8500000000000001
S8754_1PGA,S8754_1PGA,A,23,L,0.155,ddG,s8754_ddg,stability,F_STABILITY_FIELD_TEACHER,0,1.0,"S8754 ddG (sign-flipped to project convention); TEACHER ONLY, never benchmarked",2,0.09
S8754_1PGA,S8754_1PGA,A,23,M,-0.43,ddG,s8754_ddg,stability,F_STABILITY_FIELD_TEACHER,0,1.0,"S8754 ddG (sign-flipped to project convention); TEACHER ONLY, never benchmarked",2,0.26
S8754_1PGA,S8754_1PGA,A,23,N,-0.005,ddG,s8754_ddg,stability,F_STABILITY_FIELD_TEACHER,0,1.0,"S8754 ddG (sign-flipped to project convention); TEACHER ONLY, never benchmarked",2,0.95
S8754_1PGA,S8754_1PGA,A,23,P,0.2166666666666666,ddG,s8754_ddg,stability,F_STABILITY_FIELD_TEACHER,0,1.0,"S8754 ddG (sign-flipped to project convention); TEACHER ONLY, never benchmarked",3,0.7899999999999999
S8754_1PGA,S8754_1PGA,A,23,Q,-0.5449999999999999,ddG,s8754_ddg,stability,F_STABILITY_FIELD_TEACHER,0,1.0,"S8754 ddG (sign-flipped to project convention); TEACHER ONLY, never benchmarked",2,0.0699999999999999
S8754_1PGA,S8754_1PGA,A,23,R,-0.035,ddG,s8754_ddg,stability,F_STABILITY_FIELD_TEACHER,0,1.0,"S8754 ddG (sign-flipped to project convention); TEACHER ONLY, never benchmarked",2,0.45
S8754_1PGA,S8754_1PGA,A,23,S,0.17,ddG,s8754_ddg,stability,F_STABILITY_FIELD_TEACHER,0,1.0,"S8754 ddG (sign-flipped to project convention); TEACHER ONLY, never benchmarked",2,0.06
S8754_1PGA,S8754_1PGA,A,23,T,-0.495,ddG,s8754_ddg,stability,F_STABILITY_FIELD_TEACHER,0,1.0,"S8754 ddG (sign-flipped to project convention); TEACHER ONLY, never benchmarked",2,0.6100000000000001
S8754_1PGA,S8754_1PGA,A,23,V,-0.315,ddG,s8754_ddg,stability,F_STABILITY_FIELD_TEACHER,0,1.0,"S8754 ddG (sign-flipped to project convention); TEACHER ONLY, never benchmarked",2,0.5499999999999999
S8754_1PGA,S8754_1PGA,A,23,Y,-0.075,ddG,s8754_ddg,stability,F_STABILITY_FIELD_TEACHER,0,1.0,"S8754 ddG (sign-flipped to project convention); TEACHER ONLY, never benchmarked",2,0.17
S8754_1PGA,S8754_1PGA,A,24,D,-0.155,ddG,s8754_ddg,stability,F_STABILITY_FIELD_TEACHER,0,1.0,"S8754 ddG (sign-flipped to project convention); TEACHER ONLY, never benchmarked",2,0.5700000000000001
S8754_1PGA,S8754_1PGA,A,24,E,-0.31,ddG,s8754_ddg,stability,F_STABILITY_FIELD_TEACHER,0,1.0,"S8754 ddG (sign-flipped to project convention); TEACHER ONLY, never benchmarked",1,0.0
S8754_1PGA,S8754_1PGA,A,24,F,-0.32,ddG,s8754_ddg,stability,F_STABILITY_FIELD_TEACHER,0,1.0,"S8754 ddG (sign-flipped to project convention); TEACHER ONLY, never benchmarked",1,0.0
S8754_1PGA,S8754_1PGA,A,24,G,-0.04,ddG,s8754_ddg,stability,F_STABILITY_FIELD_TEACHER,0,1.0,"S8754 ddG (sign-flipped to project convention); TEACHER ONLY, never benchmarked",2,0.46
S8754_1PGA,S8754_1PGA,A,24,H,0.1049999999999999,ddG,s8754_ddg,stability,F_STABILITY_FIELD_TEACHER,0,1.0,"S8754 ddG (sign-flipped to project convention); TEACHER ONLY, never benchmarked",2,1.55
S8754_1PGA,S8754_1PGA,A,24,I,-0.42,ddG,s8754_ddg,stability,F_STABILITY_FIELD_TEACHER,0,1.0,"S8754 ddG (sign-flipped to project convention); TEACHER ONLY, never benchmarked",2,0.4
S8754_1PGA,S8754_1PGA,A,24,K,-0.295,ddG,s8754_ddg,stability,F_STABILITY_FIELD_TEACHER,0,1.0,"S8754 ddG (sign-flipped to project convention); TEACHER ONLY, never benchmarked",2,0.29
S8754_1PGA,S8754_1PGA,A,24,L,0.275,ddG,s8754_ddg,stability,F_STABILITY_FIELD_TEACHER,0,1.0,"S8754 ddG (sign-flipped to project convention); TEACHER ONLY, never benchmarked",2,0.23
S8754_1PGA,S8754_1PGA,A,24,M,-0.37,ddG,s8754_ddg,stability,F_STABILITY_FIELD_TEACHER,0,1.0,"S8754 ddG (sign-flipped to project convention); TEACHER ONLY, never benchmarked",2,0.36
S8754_1PGA,S8754_1PGA,A,24,N,-0.02,ddG,s8754_ddg,stability,F_STABILITY_FIELD_TEACHER,0,1.0,"S8754 ddG (sign-flipped to project convention); TEACHER ONLY, never benchmarked",2,1.52
S8754_1PGA,S8754_1PGA,A,24,P,0.2566666666666666,ddG,s8754_ddg,stability,F_STABILITY_FIELD_TEACHER,0,1.0,"S8754 ddG (sign-flipped to project convention); TEACHER ONLY, never benchmarked",3,0.81
S8754_1PGA,S8754_1PGA,A,24,Q,0.005,ddG,s8754_ddg,stability,F_STABILITY_FIELD_TEACHER,0,1.0,"S8754 ddG (sign-flipped to project convention); TEACHER ONLY, never benchmarked",2,0.83
S8754_1PGA,S8754_1PGA,A,24,R,0.0099999999999999,ddG,s8754_ddg,stability,F_STABILITY_FIELD_TEACHER,0,1.0,"S8754 ddG (sign-flipped to project convention); TEACHER ONLY, never benchmarked",2,0.4599999999999999
S8754_1PGA,S8754_1PGA,A,24,S,0.165,ddG,s8754_ddg,stability,F_STABILITY_FIELD_TEACHER,0,1.0,"S8754 ddG (sign-flipped to project convention); TEACHER ONLY, never benchmarked",2,0.0499999999999999
S8754_1PGA,S8754_1PGA,A,24,T,-0.02,ddG,s8754_ddg,stability,F_STABILITY_FIELD_TEACHER,0,1.0,"S8754 ddG (sign-flipped to project convention); TEACHER ONLY, never benchmarked",2,0.06
S8754_1PGA,S8754_1PGA,A,24,V,-0.19,ddG,s8754_ddg,stability,F_STABILITY_FIELD_TEACHER,0,1.0,"S8754 ddG (sign-flipped to project convention); TEACHER ONLY, never benchmarked",2,0.7000000000000001
S8754_1PGA,S8754_1PGA,A,24,Y,-0.19,ddG,s8754_ddg,stability,F_STABILITY_FIELD_TEACHER,0,1.0,"S8754 ddG (sign-flipped to project convention); TEACHER ONLY, never benchmarked",2,0.06
S8754_1PGA,S8754_1PGA,T,25,A,-0.3999999999999999,ddG,s8754_ddg,stability,F_STABILITY_FIELD_TEACHER,0,1.0,"S8754 ddG (sign-flipped to project convention); TEACHER ONLY, never benchmarked",2,0.36
S8754_1PGA,S8754_1PGA,T,25,D,-0.35,ddG,s8754_ddg,stability,F_STABILITY_FIELD_TEACHER,0,1.0,"S8754 ddG (sign-flipped to project convention); TEACHER ONLY, never benchmarked",2,1.0
S8754_1PGA,S8754_1PGA,T,25,E,-0.16,ddG,s8754_ddg,stability,F_STABILITY_FIELD_TEACHER,0,1.0,"S8754 ddG (sign-flipped to project convention); TEACHER ONLY, never benchmarked",2,0.14
S8754_1PGA,S8754_1PGA,T,25,F,-0.385,ddG,s8754_ddg,stability,F_STABILITY_FIELD_TEACHER,0,1.0,"S8754 ddG (sign-flipped to project convention); TEACHER ONLY, never benchmarked",2,0.47
S8754_1PGA,S8754_1PGA,T,25,G,-0.105,ddG,s8754_ddg,stability,F_STABILITY_FIELD_TEACHER,0,1.0,"S8754 ddG (sign-flipped to project convention); TEACHER ONLY, never benchmarked",2,0.5700000000000001
S8754_1PGA,S8754_1PGA,T,25,H,-0.205,ddG,s8754_ddg,stability,F_STABILITY_FIELD_TEACHER,0,1.0,"S8754 ddG (sign-flipped to project convention); TEACHER ONLY, never benchmarked",2,0.0699999999999999
S8754_1PGA,S8754_1PGA,T,25,I,0.065,ddG,s8754_ddg,stability,F_STABILITY_FIELD_TEACHER,0,1.0,"S8754 ddG (sign-flipped to project convention); TEACHER ONLY, never benchmarked",2,1.4700000000000002
S8754_1PGA,S8754_1PGA,T,25,K,0.405,ddG,s8754_ddg,stability,F_STABILITY_FIELD_TEACHER,0,1.0,"S8754 ddG (sign-flipped to project convention); TEACHER ONLY, never benchmarked",2,0.11
S8754_1PGA,S8754_1PGA,T,25,L,0.245,ddG,s8754_ddg,stability,F_STABILITY_FIELD_TEACHER,0,1.0,"S8754 ddG (sign-flipped to project convention); TEACHER ONLY, never benchmarked",2,0.3299999999999999
S8754_1PGA,S8754_1PGA,T,25,M,0.135,ddG,s8754_ddg,stability,F_STABILITY_FIELD_TEACHER,0,1.0,"S8754 ddG (sign-flipped to project convention); TEACHER ONLY, never benchmarked",2,0.15
S8754_1PGA,S8754_1PGA,T,25,N,0.07,ddG,s8754_ddg,stability,F_STABILITY_FIELD_TEACHER,0,1.0,"S8754 ddG (sign-flipped to project convention); TEACHER ONLY, never benchmarked",2,0.54
S8754_1PGA,S8754_1PGA,T,25,R,-0.0249999999999999,ddG,s8754_ddg,stability,F_STABILITY_FIELD_TEACHER,0,1.0,"S8754 ddG (sign-flipped to project convention); TEACHER ONLY, never benchmarked",2,0.8899999999999999
S8754_1PGA,S8754_1PGA,T,25,S,-0.09,ddG,s8754_ddg,stability,F_STABILITY_FIELD_TEACHER,0,1.0,"S8754 ddG (sign-flipped to project convention); TEACHER ONLY, never benchmarked",2,0.12
S8754_1PGA,S8754_1PGA,T,25,V,0.42,ddG,s8754_ddg,stability,F_STABILITY_FIELD_TEACHER,0,1.0,"S8754 ddG (sign-flipped to project convention); TEACHER ONLY, never benchmarked",1,0.0
S8754_1PGA,S8754_1PGA,T,25,Y,0.16,ddG,s8754_ddg,stability,F_STABILITY_FIELD_TEACHER,0,1.0,"S8754 ddG (sign-flipped to project convention); TEACHER ONLY, never benchmarked",1,0.0
S8754_1PGA,S8754_1PGA,A,26,G,2.96,ddG,s8754_ddg,stability,F_STABILITY_FIELD_TEACHER,0,1.0,"S8754 ddG (sign-flipped to project convention); TEACHER ONLY, never benchmarked",1,0.0
S8754_1PGA,S8754_1PGA,A,26,P,3.4,ddG,s8754_ddg,stability,F_STABILITY_FIELD_TEACHER,0,1.0,"S8754 ddG (sign-flipped to project convention); TEACHER ONLY, never benchmarked",1,0.0
S8754_1PGA,S8754_1PGA,A,26,S,2.69,ddG,s8754_ddg,stability,F_STABILITY_FIELD_TEACHER,0,1.0,"S8754 ddG (sign-flipped to project convention); TEACHER ONLY, never benchmarked",1,0.0
S8754_1PGA,S8754_1PGA,A,26,V,2.78,ddG,s8754_ddg,stability,F_STABILITY_FIELD_TEACHER,0,1.0,"S8754 ddG (sign-flipped to project convention); TEACHER ONLY, never benchmarked",1,0.0
S8754_1PGA,S8754_1PGA,A,26,Y,2.33,ddG,s8754_ddg,stability,F_STABILITY_FIELD_TEACHER,0,1.0,"S8754 ddG (sign-flipped to project convention); TEACHER ONLY, never benchmarked",1,0.0
S8754_1PGA,S8754_1PGA,E,27,A,-0.15,ddG,s8754_ddg,stability,F_STABILITY_FIELD_TEACHER,0,1.0,"S8754 ddG (sign-flipped to project convention); TEACHER ONLY, never benchmarked",1,0.0
S8754_1PGA,S8754_1PGA,E,27,D,0.255,ddG,s8754_ddg,stability,F_STABILITY_FIELD_TEACHER,0,1.0,"S8754 ddG (sign-flipped to project convention); TEACHER ONLY, never benchmarked",2,1.33
S8754_1PGA,S8754_1PGA,E,27,F,-1.63,ddG,s8754_ddg,stability,F_STABILITY_FIELD_TEACHER,0,1.0,"S8754 ddG (sign-flipped to project convention); TEACHER ONLY, never benchmarked",1,0.0
S8754_1PGA,S8754_1PGA,E,27,G,0.28,ddG,s8754_ddg,stability,F_STABILITY_FIELD_TEACHER,0,1.0,"S8754 ddG (sign-flipped to project convention); TEACHER ONLY, never benchmarked",1,0.0
S8754_1PGA,S8754_1PGA,E,27,H,-1.92,ddG,s8754_ddg,stability,F_STABILITY_FIELD_TEACHER,0,1.0,"S8754 ddG (sign-flipped to project convention); TEACHER ONLY, never benchmarked",1,0.0
S8754_1PGA,S8754_1PGA,E,27,I,0.13,ddG,s8754_ddg,stability,F_STABILITY_FIELD_TEACHER,0,1.0,"S8754 ddG (sign-flipped to project convention); TEACHER ONLY, never benchmarked",2,0.28
S8754_1PGA,S8754_1PGA,E,27,K,-0.54,ddG,s8754_ddg,stability,F_STABILITY_FIELD_TEACHER,0,1.0,"S8754 ddG (sign-flipped to project convention); TEACHER ONLY, never benchmarked",1,0.0
S8754_1PGA,S8754_1PGA,E,27,L,-1.47,ddG,s8754_ddg,stability,F_STABILITY_FIELD_TEACHER,0,1.0,"S8754 ddG (sign-flipped to project convention); TEACHER ONLY, never benchmarked",1,0.0
S8754_1PGA,S8754_1PGA,E,27,M,-0.39,ddG,s8754_ddg,stability,F_STABILITY_FIELD_TEACHER,0,1.0,"S8754 ddG (sign-flipped to project convention); TEACHER ONLY, never benchmarked",2,0.5800000000000001
S8754_1PGA,S8754_1PGA,E,27,P,-1.82,ddG,s8754_ddg,stability,F_STABILITY_FIELD_TEACHER,0,1.0,"S8754 ddG (sign-flipped to project convention); TEACHER ONLY, never benchmarked",1,0.0
S8754_1PGA,S8754_1PGA,E,27,Q,-0.515,ddG,s8754_ddg,stability,F_STABILITY_FIELD_TEACHER,0,1.0,"S8754 ddG (sign-flipped to project convention); TEACHER ONLY, never benchmarked",2,0.8300000000000001
S8754_1PGA,S8754_1PGA,E,27,R,0.7899999999999999,ddG,s8754_ddg,stability,F_STABILITY_FIELD_TEACHER,0,1.0,"S8754 ddG (sign-flipped to project convention); TEACHER ONLY, never benchmarked",2,1.7
S8754_1PGA,S8754_1PGA,E,27,S,0.73,ddG,s8754_ddg,stability,F_STABILITY_FIELD_TEACHER,0,1.0,"S8754 ddG (sign-flipped to project convention); TEACHER ONLY, never benchmarked",1,0.0
S8754_1PGA,S8754_1PGA,E,27,T,0.405,ddG,s8754_ddg,stability,F_STABILITY_FIELD_TEACHER,0,1.0,"S8754 ddG (sign-flipped to project convention); TEACHER ONLY, never benchmarked",2,1.69
S8754_1PGA,S8754_1PGA,E,27,V,0.47,ddG,s8754_ddg,stability,F_STABILITY_FIELD_TEACHER,0,1.0,"S8754 ddG (sign-flipped to project convention); TEACHER ONLY, never benchmarked",2,1.82
S8754_1PGA,S8754_1PGA,E,27,Y,0.32,ddG,s8754_ddg,stability,F_STABILITY_FIELD_TEACHER,0,1.0,"S8754 ddG (sign-flipped to project convention); TEACHER ONLY, never benchmarked",2,0.0799999999999999
S8754_1PGA,S8754_1PGA,K,28,A,-0.21,ddG,s8754_ddg,stability,F_STABILITY_FIELD_TEACHER,0,1.0,"S8754 ddG (sign-flipped to project convention); TEACHER ONLY, never benchmarked",1,0.0
S8754_1PGA,S8754_1PGA,K,28,D,-0.14,ddG,s8754_ddg,stability,F_STABILITY_FIELD_TEACHER,0,1.0,"S8754 ddG (sign-flipped to project convention); TEACHER ONLY, never benchmarked",2,0.8600000000000001
S8754_1PGA,S8754_1PGA,K,28,E,-0.11,ddG,s8754_ddg,stability,F_STABILITY_FIELD_TEACHER,0,1.0,"S8754 ddG (sign-flipped to project convention); TEACHER ONLY, never benchmarked",2,0.0199999999999999
S8754_1PGA,S8754_1PGA,K,28,F,-0.22,ddG,s8754_ddg,stability,F_STABILITY_FIELD_TEACHER,0,1.0,"S8754 ddG (sign-flipped to project convention); TEACHER ONLY, never benchmarked",2,0.68
S8754_1PGA,S8754_1PGA,K,28,G,0.0466666666666666,ddG,s8754_ddg,stability,F_STABILITY_FIELD_TEACHER,0,1.0,"S8754 ddG (sign-flipped to project convention); TEACHER ONLY, never benchmarked",3,0.63
S8754_1PGA,S8754_1PGA,K,28,H,0.185,ddG,s8754_ddg,stability,F_STABILITY_FIELD_TEACHER,0,1.0,"S8754 ddG (sign-flipped to project convention); TEACHER ONLY, never benchmarked",2,0.35
S8754_1PGA,S8754_1PGA,K,28,I,-0.235,ddG,s8754_ddg,stability,F_STABILITY_FIELD_TEACHER,0,1.0,"S8754 ddG (sign-flipped to project convention); TEACHER ONLY, never benchmarked",2,0.33
S8754_1PGA,S8754_1PGA,K,28,L,0.17,ddG,s8754_ddg,stability,F_STABILITY_FIELD_TEACHER,0,1.0,"S8754 ddG (sign-flipped to project convention); TEACHER ONLY, never benchmarked",1,0.0
S8754_1PGA,S8754_1PGA,K,28,M,-0.275,ddG,s8754_ddg,stability,F_STABILITY_FIELD_TEACHER,0,1.0,"S8754 ddG (sign-flipped to project convention); TEACHER ONLY, never benchmarked",2,0.07
S8754_1PGA,S8754_1PGA,K,28,N,-0.355,ddG,s8754_ddg,stability,F_STABILITY_FIELD_TEACHER,0,1.0,"S8754 ddG (sign-flipped to project convention); TEACHER ONLY, never benchmarked",2,0.4499999999999999
S8754_1PGA,S8754_1PGA,K,28,P,0.495,ddG,s8754_ddg,stability,F_STABILITY_FIELD_TEACHER,0,1.0,"S8754 ddG (sign-flipped to project convention); TEACHER ONLY, never benchmarked",2,1.87
S8754_1PGA,S8754_1PGA,K,28,Q,0.52,ddG,s8754_ddg,stability,F_STABILITY_FIELD_TEACHER,0,1.0,"S8754 ddG (sign-flipped to project convention); TEACHER ONLY, never benchmarked",2,1.42
S8754_1PGA,S8754_1PGA,K,28,R,-0.605,ddG,s8754_ddg,stability,F_STABILITY_FIELD_TEACHER,0,1.0,"S8754 ddG (sign-flipped to project convention); TEACHER ONLY, never benchmarked",2,0.01
S8754_1PGA,S8754_1PGA,K,28,S,-0.45,ddG,s8754_ddg,stability,F_STABILITY_FIELD_TEACHER,0,1.0,"S8754 ddG (sign-flipped to project convention); TEACHER ONLY, never benchmarked",2,0.92
S8754_1PGA,S8754_1PGA,K,28,T,-0.125,ddG,s8754_ddg,stability,F_STABILITY_FIELD_TEACHER,0,1.0,"S8754 ddG (sign-flipped to project convention); TEACHER ONLY, never benchmarked",2,0.47
S8754_1PGA,S8754_1PGA,K,28,V,-0.04,ddG,s8754_ddg,stability,F_STABILITY_FIELD_TEACHER,0,1.0,"S8754 ddG (sign-flipped to project convention); TEACHER ONLY, never benchmarked",2,0.3
S8754_1PGA,S8754_1PGA,K,28,Y,-0.05,ddG,s8754_ddg,stability,F_STABILITY_FIELD_TEACHER,0,1.0,"S8754 ddG (sign-flipped to project convention); TEACHER ONLY, never benchmarked",2,0.36
S8754_1PGA,S8754_1PGA,V,29,A,0.4,ddG,s8754_ddg,stability,F_STABILITY_FIELD_TEACHER,0,1.0,"S8754 ddG (sign-flipped to project convention); TEACHER ONLY, never benchmarked",2,0.6000000000000001
S8754_1PGA,S8754_1PGA,V,29,D,0.19,ddG,s8754_ddg,stability,F_STABILITY_FIELD_TEACHER,0,1.0,"S8754 ddG (sign-flipped to project convention); TEACHER ONLY, never benchmarked",2,0.66
S8754_1PGA,S8754_1PGA,V,29,E,0.235,ddG,s8754_ddg,stability,F_STABILITY_FIELD_TEACHER,0,1.0,"S8754 ddG (sign-flipped to project convention); TEACHER ONLY, never benchmarked",2,0.03
S8754_1PGA,S8754_1PGA,V,29,F,-0.095,ddG,s8754_ddg,stability,F_STABILITY_FIELD_TEACHER,0,1.0,"S8754 ddG (sign-flipped to project convention); TEACHER ONLY, never benchmarked",2,0.0499999999999999
S8754_1PGA,S8754_1PGA,V,29,G,0.295,ddG,s8754_ddg,stability,F_STABILITY_FIELD_TEACHER,0,1.0,"S8754 ddG (sign-flipped to project convention); TEACHER ONLY, never benchmarked",2,1.77
S8754_1PGA,S8754_1PGA,V,29,H,0.555,ddG,s8754_ddg,stability,F_STABILITY_FIELD_TEACHER,0,1.0,"S8754 ddG (sign-flipped to project convention); TEACHER ONLY, never benchmarked",2,0.71
S8754_1PGA,S8754_1PGA,V,29,I,-0.165,ddG,s8754_ddg,stability,F_STABILITY_FIELD_TEACHER,0,1.0,"S8754 ddG (sign-flipped to project convention); TEACHER ONLY, never benchmarked",2,0.01
S8754_1PGA,S8754_1PGA,V,29,K,-0.33,ddG,s8754_ddg,stability,F_STABILITY_FIELD_TEACHER,0,1.0,"S8754 ddG (sign-flipped to project convention); TEACHER ONLY, never benchmarked",2,0.7000000000000001
S8754_1PGA,S8754_1PGA,V,29,L,-0.11,ddG,s8754_ddg,stability,F_STABILITY_FIELD_TEACHER,0,1.0,"S8754 ddG (sign-flipped to project convention); TEACHER ONLY, never benchmarked",2,0.44
S8754_1PGA,S8754_1PGA,V,29,M,-0.0599999999999999,ddG,s8754_ddg,stability,F_STABILITY_FIELD_TEACHER,0,1.0,"S8754 ddG (sign-flipped to project convention); TEACHER ONLY, never benchmarked",2,0.4599999999999999
S8754_1PGA,S8754_1PGA,V,29,N,0.2249999999999999,ddG,s8754_ddg,stability,F_STABILITY_FIELD_TEACHER,0,1.0,"S8754 ddG (sign-flipped to project convention); TEACHER ONLY, never benchmarked",2,0.73
S8754_1PGA,S8754_1PGA,V,29,R,-0.24,ddG,s8754_ddg,stability,F_STABILITY_FIELD_TEACHER,0,1.0,"S8754 ddG (sign-flipped to project convention); TEACHER ONLY, never benchmarked",2,0.28
S8754_1PGA,S8754_1PGA,V,29,S,0.01,ddG,s8754_ddg,stability,F_STABILITY_FIELD_TEACHER,0,1.0,"S8754 ddG (sign-flipped to project convention); TEACHER ONLY, never benchmarked",2,0.9
S8754_1PGA,S8754_1PGA,V,29,T,-0.0199999999999999,ddG,s8754_ddg,stability,F_STABILITY_FIELD_TEACHER,0,1.0,"S8754 ddG (sign-flipped to project convention); TEACHER ONLY, never benchmarked",2,0.38
S8754_1PGA,S8754_1PGA,V,29,Y,0.52,ddG,s8754_ddg,stability,F_STABILITY_FIELD_TEACHER,0,1.0,"S8754 ddG (sign-flipped to project convention); TEACHER ONLY, never benchmarked",1,0.0
S8754_1PGA,S8754_1PGA,F,30,A,3.33,ddG,s8754_ddg,stability,F_STABILITY_FIELD_TEACHER,0,1.0,"S8754 ddG (sign-flipped to project convention); TEACHER ONLY, never benchmarked",1,0.0
S8754_1PGA,S8754_1PGA,F,30,E,0.5,ddG,s8754_ddg,stability,F_STABILITY_FIELD_TEACHER,0,1.0,"S8754 ddG (sign-flipped to project convention); TEACHER ONLY, never benchmarked",1,0.0
S8754_1PGA,S8754_1PGA,F,30,L,1.11,ddG,s8754_ddg,stability,F_STABILITY_FIELD_TEACHER,0,1.0,"S8754 ddG (sign-flipped to project convention); TEACHER ONLY, never benchmarked",2,0.6199999999999999
S8754_1PGA,S8754_1PGA,F,30,M,1.16,ddG,s8754_ddg,stability,F_STABILITY_FIELD_TEACHER,0,1.0,"S8754 ddG (sign-flipped to project convention); TEACHER ONLY, never benchmarked",2,1.36
S8754_1PGA,S8754_1PGA,F,30,N,1.66,ddG,s8754_ddg,stability,F_STABILITY_FIELD_TEACHER,0,1.0,"S8754 ddG (sign-flipped to project convention); TEACHER ONLY, never benchmarked",1,0.0
S8754_1PGA,S8754_1PGA,F,30,R,0.56,ddG,s8754_ddg,stability,F_STABILITY_FIELD_TEACHER,0,1.0,"S8754 ddG (sign-flipped to project convention); TEACHER ONLY, never benchmarked",1,0.0
S8754_1PGA,S8754_1PGA,F,30,S,0.28,ddG,s8754_ddg,stability,F_STABILITY_FIELD_TEACHER,0,1.0,"S8754 ddG (sign-flipped to project convention); TEACHER ONLY, never benchmarked",1,0.0
S8754_1PGA,S8754_1PGA,F,30,V,2.77,ddG,s8754_ddg,stability,F_STABILITY_FIELD_TEACHER,0,1.0,"S8754 ddG (sign-flipped to project convention); TEACHER ONLY, never benchmarked",1,0.0
S8754_1PGA,S8754_1PGA,K,31,A,0.8,ddG,s8754_ddg,stability,F_STABILITY_FIELD_TEACHER,0,1.0,"S8754 ddG (sign-flipped to project convention); TEACHER ONLY, never benchmarked",1,0.0
S8754_1PGA,S8754_1PGA,K,31,D,0.44,ddG,s8754_ddg,stability,F_STABILITY_FIELD_TEACHER,0,1.0,"S8754 ddG (sign-flipped to project convention); TEACHER ONLY, never benchmarked",1,0.0
S8754_1PGA,S8754_1PGA,K,31,E,1.3,ddG,s8754_ddg,stability,F_STABILITY_FIELD_TEACHER,0,1.0,"S8754 ddG (sign-flipped to project convention); TEACHER ONLY, never benchmarked",1,0.0
S8754_1PGA,S8754_1PGA,K,31,F,0.71,ddG,s8754_ddg,stability,F_STABILITY_FIELD_TEACHER,0,1.0,"S8754 ddG (sign-flipped to project convention); TEACHER ONLY, never benchmarked",2,0.14
S8754_1PGA,S8754_1PGA,K,31,G,1.2533333333333334,ddG,s8754_ddg,stability,F_STABILITY_FIELD_TEACHER,0,1.0,"S8754 ddG (sign-flipped to project convention); TEACHER ONLY, never benchmarked",3,1.8
S8754_1PGA,S8754_1PGA,K,31,H,1.16,ddG,s8754_ddg,stability,F_STABILITY_FIELD_TEACHER,0,1.0,"S8754 ddG (sign-flipped to project convention); TEACHER ONLY, never benchmarked",1,0.0
S8754_1PGA,S8754_1PGA,K,31,I,0.26,ddG,s8754_ddg,stability,F_STABILITY_FIELD_TEACHER,0,1.0,"S8754 ddG (sign-flipped to project convention); TEACHER ONLY, never benchmarked",1,0.0
S8754_1PGA,S8754_1PGA,K,31,L,0.29,ddG,s8754_ddg,stability,F_STABILITY_FIELD_TEACHER,0,1.0,"S8754 ddG (sign-flipped to project convention); TEACHER ONLY, never benchmarked",1,0.0
S8754_1PGA,S8754_1PGA,K,31,M,-0.135,ddG,s8754_ddg,stability,F_STABILITY_FIELD_TEACHER,0,1.0,"S8754 ddG (sign-flipped to project convention); TEACHER ONLY, never benchmarked",2,0.07
S8754_1PGA,S8754_1PGA,K,31,N,0.285,ddG,s8754_ddg,stability,F_STABILITY_FIELD_TEACHER,0,1.0,"S8754 ddG (sign-flipped to project convention); TEACHER ONLY, never benchmarked",2,1.35
S8754_1PGA,S8754_1PGA,K,31,P,0.58,ddG,s8754_ddg,stability,F_STABILITY_FIELD_TEACHER,0,1.0,"S8754 ddG (sign-flipped to project convention); TEACHER ONLY, never benchmarked",1,0.0
S8754_1PGA,S8754_1PGA,K,31,Q,-0.09,ddG,s8754_ddg,stability,F_STABILITY_FIELD_TEACHER,0,1.0,"S8754 ddG (sign-flipped to project convention); TEACHER ONLY, never benchmarked",1,0.0
S8754_1PGA,S8754_1PGA,K,31,R,-0.45,ddG,s8754_ddg,stability,F_STABILITY_FIELD_TEACHER,0,1.0,"S8754 ddG (sign-flipped to project convention); TEACHER ONLY, never benchmarked",1,0.0
S8754_1PGA,S8754_1PGA,K,31,S,1.12,ddG,s8754_ddg,stability,F_STABILITY_FIELD_TEACHER,0,1.0,"S8754 ddG (sign-flipped to project convention); TEACHER ONLY, never benchmarked",1,0.0
S8754_1PGA,S8754_1PGA,K,31,T,0.745,ddG,s8754_ddg,stability,F_STABILITY_FIELD_TEACHER,0,1.0,"S8754 ddG (sign-flipped to project convention); TEACHER ONLY, never benchmarked",2,0.05
S8754_1PGA,S8754_1PGA,K,31,V,0.3,ddG,s8754_ddg,stability,F_STABILITY_FIELD_TEACHER,0,1.0,"S8754 ddG (sign-flipped to project convention); TEACHER ONLY, never benchmarked",2,0.36
S8754_1PGA,S8754_1PGA,K,31,Y,0.375,ddG,s8754_ddg,stability,F_STABILITY_FIELD_TEACHER,0,1.0,"S8754 ddG (sign-flipped to project convention); TEACHER ONLY, never benchmarked",2,1.13
S8754_1PGA,S8754_1PGA,Q,32,A,0.27,ddG,s8754_ddg,stability,F_STABILITY_FIELD_TEACHER,0,1.0,"S8754 ddG (sign-flipped to project convention); TEACHER ONLY, never benchmarked",1,0.0
S8754_1PGA,S8754_1PGA,Q,32,D,0.11,ddG,s8754_ddg,stability,F_STABILITY_FIELD_TEACHER,0,1.0,"S8754 ddG (sign-flipped to project convention); TEACHER ONLY, never benchmarked",2,0.54
S8754_1PGA,S8754_1PGA,Q,32,E,0.0049999999999999,ddG,s8754_ddg,stability,F_STABILITY_FIELD_TEACHER,0,1.0,"S8754 ddG (sign-flipped to project convention); TEACHER ONLY, never benchmarked",2,0.11
S8754_1PGA,S8754_1PGA,Q,32,F,0.275,ddG,s8754_ddg,stability,F_STABILITY_FIELD_TEACHER,0,1.0,"S8754 ddG (sign-flipped to project convention); TEACHER ONLY, never benchmarked",2,1.31
S8754_1PGA,S8754_1PGA,Q,32,G,0.7133333333333334,ddG,s8754_ddg,stability,F_STABILITY_FIELD_TEACHER,0,1.0,"S8754 ddG (sign-flipped to project convention); TEACHER ONLY, never benchmarked",3,0.6799999999999999
S8754_1PGA,S8754_1PGA,Q,32,H,0.505,ddG,s8754_ddg,stability,F_STABILITY_FIELD_TEACHER,0,1.0,"S8754 ddG (sign-flipped to project convention); TEACHER ONLY, never benchmarked",2,0.1699999999999999
S8754_1PGA,S8754_1PGA,Q,32,I,0.255,ddG,s8754_ddg,stability,F_STABILITY_FIELD_TEACHER,0,1.0,"S8754 ddG (sign-flipped to project convention); TEACHER ONLY, never benchmarked",2,0.1099999999999999
S8754_1PGA,S8754_1PGA,Q,32,K,-0.14,ddG,s8754_ddg,stability,F_STABILITY_FIELD_TEACHER,0,1.0,"S8754 ddG (sign-flipped to project convention); TEACHER ONLY, never benchmarked",2,0.06
S8754_1PGA,S8754_1PGA,Q,32,L,-0.145,ddG,s8754_ddg,stability,F_STABILITY_FIELD_TEACHER,0,1.0,"S8754 ddG (sign-flipped to project convention); TEACHER ONLY, never benchmarked",2,0.8699999999999999
S8754_1PGA,S8754_1PGA,Q,32,M,-0.245,ddG,s8754_ddg,stability,F_STABILITY_FIELD_TEACHER,0,1.0,"S8754 ddG (sign-flipped to project convention); TEACHER ONLY, never benchmarked",2,0.2099999999999999
S8754_1PGA,S8754_1PGA,Q,32,N,-0.005,ddG,s8754_ddg,stability,F_STABILITY_FIELD_TEACHER,0,1.0,"S8754 ddG (sign-flipped to project convention); TEACHER ONLY, never benchmarked",2,0.99
S8754_1PGA,S8754_1PGA,Q,32,P,-0.1149999999999999,ddG,s8754_ddg,stability,F_STABILITY_FIELD_TEACHER,0,1.0,"S8754 ddG (sign-flipped to project convention); TEACHER ONLY, never benchmarked",2,0.25
S8754_1PGA,S8754_1PGA,Q,32,R,0.04,ddG,s8754_ddg,stability,F_STABILITY_FIELD_TEACHER,0,1.0,"S8754 ddG (sign-flipped to project convention); TEACHER ONLY, never benchmarked",1,0.0
S8754_1PGA,S8754_1PGA,Q,32,S,-0.14,ddG,s8754_ddg,stability,F_STABILITY_FIELD_TEACHER,0,1.0,"S8754 ddG (sign-flipped to project convention); TEACHER ONLY, never benchmarked",2,0.5
S8754_1PGA,S8754_1PGA,Q,32,T,-0.155,ddG,s8754_ddg,stability,F_STABILITY_FIELD_TEACHER,0,1.0,"S8754 ddG (sign-flipped to project convention); TEACHER ONLY, never benchmarked",2,0.09
S8754_1PGA,S8754_1PGA,Q,32,V,0.09,ddG,s8754_ddg,stability,F_STABILITY_FIELD_TEACHER,0,1.0,"S8754 ddG (sign-flipped to project convention); TEACHER ONLY, never benchmarked",2,0.8200000000000001
S8754_1PGA,S8754_1PGA,Q,32,Y,0.38,ddG,s8754_ddg,stability,F_STABILITY_FIELD_TEACHER,0,1.0,"S8754 ddG (sign-flipped to project convention); TEACHER ONLY, never benchmarked",2,0.5
S8754_1PGA,S8754_1PGA,Y,33,A,1.42,ddG,s8754_ddg,stability,F_STABILITY_FIELD_TEACHER,0,1.0,"S8754 ddG (sign-flipped to project convention); TEACHER ONLY, never benchmarked",2,1.0
S8754_1PGA,S8754_1PGA,Y,33,D,1.77,ddG,s8754_ddg,stability,F_STABILITY_FIELD_TEACHER,0,1.0,"S8754 ddG (sign-flipped to project convention); TEACHER ONLY, never benchmarked",1,0.0
S8754_1PGA,S8754_1PGA,Y,33,E,2.08,ddG,s8754_ddg,stability,F_STABILITY_FIELD_TEACHER,0,1.0,"S8754 ddG (sign-flipped to project convention); TEACHER ONLY, never benchmarked",1,0.0
S8754_1PGA,S8754_1PGA,Y,33,F,0.955,ddG,s8754_ddg,stability,F_STABILITY_FIELD_TEACHER,0,1.0,"S8754 ddG (sign-flipped to project convention); TEACHER ONLY, never benchmarked",2,1.57
S8754_1PGA,S8754_1PGA,Y,33,H,2.63,ddG,s8754_ddg,stability,F_STABILITY_FIELD_TEACHER,0,1.0,"S8754 ddG (sign-flipped to project convention); TEACHER ONLY, never benchmarked",2,1.66
S8754_1PGA,S8754_1PGA,Y,33,I,0.985,ddG,s8754_ddg,stability,F_STABILITY_FIELD_TEACHER,0,1.0,"S8754 ddG (sign-flipped to project convention); TEACHER ONLY, never benchmarked",2,0.91
S8754_1PGA,S8754_1PGA,Y,33,K,0.965,ddG,s8754_ddg,stability,F_STABILITY_FIELD_TEACHER,0,1.0,"S8754 ddG (sign-flipped to project convention); TEACHER ONLY, never benchmarked",2,1.65
S8754_1PGA,S8754_1PGA,Y,33,L,1.34,ddG,s8754_ddg,stability,F_STABILITY_FIELD_TEACHER,0,1.0,"S8754 ddG (sign-flipped to project convention); TEACHER ONLY, never benchmarked",2,0.3800000000000001
S8754_1PGA,S8754_1PGA,Y,33,M,0.7749999999999999,ddG,s8754_ddg,stability,F_STABILITY_FIELD_TEACHER,0,1.0,"S8754 ddG (sign-flipped to project convention); TEACHER ONLY, never benchmarked",2,0.1099999999999999
S8754_1PGA,S8754_1PGA,Y,33,N,1.425,ddG,s8754_ddg,stability,F_STABILITY_FIELD_TEACHER,0,1.0,"S8754 ddG (sign-flipped to project convention); TEACHER ONLY, never benchmarked",2,1.65
S8754_1PGA,S8754_1PGA,Y,33,P,1.95,ddG,s8754_ddg,stability,F_STABILITY_FIELD_TEACHER,0,1.0,"S8754 ddG (sign-flipped to project convention); TEACHER ONLY, never benchmarked",1,0.0
S8754_1PGA,S8754_1PGA,Y,33,Q,1.6,ddG,s8754_ddg,stability,F_STABILITY_FIELD_TEACHER,0,1.0,"S8754 ddG (sign-flipped to project convention); TEACHER ONLY, never benchmarked",1,0.0
S8754_1PGA,S8754_1PGA,Y,33,R,1.75,ddG,s8754_ddg,stability,F_STABILITY_FIELD_TEACHER,0,1.0,"S8754 ddG (sign-flipped to project convention); TEACHER ONLY, never benchmarked",2,0.8200000000000001
S8754_1PGA,S8754_1PGA,Y,33,S,2.05,ddG,s8754_ddg,stability,F_STABILITY_FIELD_TEACHER,0,1.0,"S8754 ddG (sign-flipped to project convention); TEACHER ONLY, never benchmarked",2,0.6599999999999999
S8754_1PGA,S8754_1PGA,Y,33,T,2.01,ddG,s8754_ddg,stability,F_STABILITY_FIELD_TEACHER,0,1.0,"S8754 ddG (sign-flipped to project convention); TEACHER ONLY, never benchmarked",2,0.1599999999999999
S8754_1PGA,S8754_1PGA,Y,33,V,1.17,ddG,s8754_ddg,stability,F_STABILITY_FIELD_TEACHER,0,1.0,"S8754 ddG (sign-flipped to project convention); TEACHER ONLY, never benchmarked",2,0.94
S8754_1PGA,S8754_1PGA,A,34,E,2.94,ddG,s8754_ddg,stability,F_STABILITY_FIELD_TEACHER,0,1.0,"S8754 ddG (sign-flipped to project convention); TEACHER ONLY, never benchmarked",1,0.0
S8754_1PGA,S8754_1PGA,A,34,F,2.415,ddG,s8754_ddg,stability,F_STABILITY_FIELD_TEACHER,0,1.0,"S8754 ddG (sign-flipped to project convention); TEACHER ONLY, never benchmarked",2,0.3700000000000001
S8754_1PGA,S8754_1PGA,A,34,G,2.036666666666666,ddG,s8754_ddg,stability,F_STABILITY_FIELD_TEACHER,0,1.0,"S8754 ddG (sign-flipped to project convention); TEACHER ONLY, never benchmarked",3,0.7
S8754_1PGA,S8754_1PGA,A,34,M,0.275,ddG,s8754_ddg,stability,F_STABILITY_FIELD_TEACHER,0,1.0,"S8754 ddG (sign-flipped to project convention); TEACHER ONLY, never benchmarked",2,0.77
S8754_1PGA,S8754_1PGA,A,34,N,1.1,ddG,s8754_ddg,stability,F_STABILITY_FIELD_TEACHER,0,1.0,"S8754 ddG (sign-flipped to project convention); TEACHER ONLY, never benchmarked",2,1.3
S8754_1PGA,S8754_1PGA,A,34,P,1.46,ddG,s8754_ddg,stability,F_STABILITY_FIELD_TEACHER,0,1.0,"S8754 ddG (sign-flipped to project convention); TEACHER ONLY, never benchmarked",1,0.0
S8754_1PGA,S8754_1PGA,A,34,Q,2.64,ddG,s8754_ddg,stability,F_STABILITY_FIELD_TEACHER,0,1.0,"S8754 ddG (sign-flipped to project convention); TEACHER ONLY, never benchmarked",1,0.0
S8754_1PGA,S8754_1PGA,A,34,R,3.1500000000000004,ddG,s8754_ddg,stability,F_STABILITY_FIELD_TEACHER,0,1.0,"S8754 ddG (sign-flipped to project convention); TEACHER ONLY, never benchmarked",2,1.64
S8754_1PGA,S8754_1PGA,A,34,T,0.595,ddG,s8754_ddg,stability,F_STABILITY_FIELD_TEACHER,0,1.0,"S8754 ddG (sign-flipped to project convention); TEACHER ONLY, never benchmarked",2,0.13
S8754_1PGA,S8754_1PGA,A,34,V,0.3,ddG,s8754_ddg,stability,F_STABILITY_FIELD_TEACHER,0,1.0,"S8754 ddG (sign-flipped to project convention); TEACHER ONLY, never benchmarked",2,0.16
S8754_1PGA,S8754_1PGA,N,35,A,-0.02,ddG,s8754_ddg,stability,F_STABILITY_FIELD_TEACHER,0,1.0,"S8754 ddG (sign-flipped to project convention); TEACHER ONLY, never benchmarked",1,0.0
S8754_1PGA,S8754_1PGA,N,35,D,-0.12,ddG,s8754_ddg,stability,F_STABILITY_FIELD_TEACHER,0,1.0,"S8754 ddG (sign-flipped to project convention); TEACHER ONLY, never benchmarked",2,0.94
S8754_1PGA,S8754_1PGA,N,35,E,-0.2,ddG,s8754_ddg,stability,F_STABILITY_FIELD_TEACHER,0,1.0,"S8754 ddG (sign-flipped to project convention); TEACHER ONLY, never benchmarked",2,0.0799999999999999
S8754_1PGA,S8754_1PGA,N,35,F,-0.635,ddG,s8754_ddg,stability,F_STABILITY_FIELD_TEACHER,0,1.0,"S8754 ddG (sign-flipped to project convention); TEACHER ONLY, never benchmarked",2,0.2299999999999999
S8754_1PGA,S8754_1PGA,N,35,H,0.21,ddG,s8754_ddg,stability,F_STABILITY_FIELD_TEACHER,0,1.0,"S8754 ddG (sign-flipped to project convention); TEACHER ONLY, never benchmarked",2,0.64
S8754_1PGA,S8754_1PGA,N,35,I,-0.105,ddG,s8754_ddg,stability,F_STABILITY_FIELD_TEACHER,0,1.0,"S8754 ddG (sign-flipped to project convention); TEACHER ONLY, never benchmarked",2,0.13
S8754_1PGA,S8754_1PGA,N,35,K,-0.615,ddG,s8754_ddg,stability,F_STABILITY_FIELD_TEACHER,0,1.0,"S8754 ddG (sign-flipped to project convention); TEACHER ONLY, never benchmarked",2,0.13
S8754_1PGA,S8754_1PGA,N,35,L,-0.66,ddG,s8754_ddg,stability,F_STABILITY_FIELD_TEACHER,0,1.0,"S8754 ddG (sign-flipped to project convention); TEACHER ONLY, never benchmarked",2,0.76
S8754_1PGA,S8754_1PGA,N,35,M,-0.1499999999999999,ddG,s8754_ddg,stability,F_STABILITY_FIELD_TEACHER,0,1.0,"S8754 ddG (sign-flipped to project convention); TEACHER ONLY, never benchmarked",2,1.4
S8754_1PGA,S8754_1PGA,N,35,Q,-0.38,ddG,s8754_ddg,stability,F_STABILITY_FIELD_TEACHER,0,1.0,"S8754 ddG (sign-flipped to project convention); TEACHER ONLY, never benchmarked",1,0.0
S8754_1PGA,S8754_1PGA,N,35,R,-0.295,ddG,s8754_ddg,stability,F_STABILITY_FIELD_TEACHER,0,1.0,"S8754 ddG (sign-flipped to project convention); TEACHER ONLY, never benchmarked",2,1.09
S8754_1PGA,S8754_1PGA,N,35,S,-0.35,ddG,s8754_ddg,stability,F_STABILITY_FIELD_TEACHER,0,1.0,"S8754 ddG (sign-flipped to project convention); TEACHER ONLY, never benchmarked",2,0.0399999999999999
S8754_1PGA,S8754_1PGA,N,35,T,-0.45,ddG,s8754_ddg,stability,F_STABILITY_FIELD_TEACHER,0,1.0,"S8754 ddG (sign-flipped to project convention); TEACHER ONLY, never benchmarked",2,0.62
S8754_1PGA,S8754_1PGA,N,35,V,-0.24,ddG,s8754_ddg,stability,F_STABILITY_FIELD_TEACHER,0,1.0,"S8754 ddG (sign-flipped to project convention); TEACHER ONLY, never benchmarked",2,0.48
S8754_1PGA,S8754_1PGA,N,35,Y,-0.42,ddG,s8754_ddg,stability,F_STABILITY_FIELD_TEACHER,0,1.0,"S8754 ddG (sign-flipped to project convention); TEACHER ONLY, never benchmarked",2,0.0
S8754_1PGA,S8754_1PGA,D,36,A,0.01,ddG,s8754_ddg,stability,F_STABILITY_FIELD_TEACHER,0,1.0,"S8754 ddG (sign-flipped to project convention); TEACHER ONLY, never benchmarked",1,0.0
S8754_1PGA,S8754_1PGA,D,36,E,-0.76,ddG,s8754_ddg,stability,F_STABILITY_FIELD_TEACHER,0,1.0,"S8754 ddG (sign-flipped to project convention); TEACHER ONLY, never benchmarked",1,0.0
S8754_1PGA,S8754_1PGA,D,36,F,-0.225,ddG,s8754_ddg,stability,F_STABILITY_FIELD_TEACHER,0,1.0,"S8754 ddG (sign-flipped to project convention); TEACHER ONLY, never benchmarked",2,1.65
S8754_1PGA,S8754_1PGA,D,36,G,0.775,ddG,s8754_ddg,stability,F_STABILITY_FIELD_TEACHER,0,1.0,"S8754 ddG (sign-flipped to project convention); TEACHER ONLY, never benchmarked",2,1.43
S8754_1PGA,S8754_1PGA,D,36,H,0.75,ddG,s8754_ddg,stability,F_STABILITY_FIELD_TEACHER,0,1.0,"S8754 ddG (sign-flipped to project convention); TEACHER ONLY, never benchmarked",2,0.3999999999999999
S8754_1PGA,S8754_1PGA,D,36,I,0.1,ddG,s8754_ddg,stability,F_STABILITY_FIELD_TEACHER,0,1.0,"S8754 ddG (sign-flipped to project convention); TEACHER ONLY, never benchmarked",2,0.02
S8754_1PGA,S8754_1PGA,D,36,K,-0.01,ddG,s8754_ddg,stability,F_STABILITY_FIELD_TEACHER,0,1.0,"S8754 ddG (sign-flipped to project convention); TEACHER ONLY, never benchmarked",2,0.54
S8754_1PGA,S8754_1PGA,D,36,L,-0.035,ddG,s8754_ddg,stability,F_STABILITY_FIELD_TEACHER,0,1.0,"S8754 ddG (sign-flipped to project convention); TEACHER ONLY, never benchmarked",2,0.33
S8754_1PGA,S8754_1PGA,D,36,M,-0.235,ddG,s8754_ddg,stability,F_STABILITY_FIELD_TEACHER,0,1.0,"S8754 ddG (sign-flipped to project convention); TEACHER ONLY, never benchmarked",2,0.1099999999999999
S8754_1PGA,S8754_1PGA,D,36,N,-0.32,ddG,s8754_ddg,stability,F_STABILITY_FIELD_TEACHER,0,1.0,"S8754 ddG (sign-flipped to project convention); TEACHER ONLY, never benchmarked",2,0.36
S8754_1PGA,S8754_1PGA,D,36,R,-0.19,ddG,s8754_ddg,stability,F_STABILITY_FIELD_TEACHER,0,1.0,"S8754 ddG (sign-flipped to project convention); TEACHER ONLY, never benchmarked",2,0.4399999999999999
S8754_1PGA,S8754_1PGA,D,36,S,-0.275,ddG,s8754_ddg,stability,F_STABILITY_FIELD_TEACHER,0,1.0,"S8754 ddG (sign-flipped to project convention); TEACHER ONLY, never benchmarked",2,0.2699999999999999
S8754_1PGA,S8754_1PGA,D,36,T,0.0849999999999999,ddG,s8754_ddg,stability,F_STABILITY_FIELD_TEACHER,0,1.0,"S8754 ddG (sign-flipped to project convention); TEACHER ONLY, never benchmarked",2,1.09
S8754_1PGA,S8754_1PGA,D,36,V,0.1,ddG,s8754_ddg,stability,F_STABILITY_FIELD_TEACHER,0,1.0,"S8754 ddG (sign-flipped to project convention); TEACHER ONLY, never benchmarked",2,0.2
S8754_1PGA,S8754_1PGA,D,36,Y,-0.245,ddG,s8754_ddg,stability,F_STABILITY_FIELD_TEACHER,0,1.0,"S8754 ddG (sign-flipped to project convention); TEACHER ONLY, never benchmarked",2,0.1099999999999999
S8754_1PGA,S8754_1PGA,N,37,A,-0.035,ddG,s8754_ddg,stability,F_STABILITY_FIELD_TEACHER,0,1.0,"S8754 ddG (sign-flipped to project convention); TEACHER ONLY, never benchmarked",2,0.27
S8754_1PGA,S8754_1PGA,N,37,D,0.54,ddG,s8754_ddg,stability,F_STABILITY_FIELD_TEACHER,0,1.0,"S8754 ddG (sign-flipped to project convention); TEACHER ONLY, never benchmarked",2,1.7999999999999998
S8754_1PGA,S8754_1PGA,N,37,E,0.8,ddG,s8754_ddg,stability,F_STABILITY_FIELD_TEACHER,0,1.0,"S8754 ddG (sign-flipped to project convention); TEACHER ONLY, never benchmarked",2,0.6400000000000001
S8754_1PGA,S8754_1PGA,N,37,F,-0.285,ddG,s8754_ddg,stability,F_STABILITY_FIELD_TEACHER,0,1.0,"S8754 ddG (sign-flipped to project convention); TEACHER ONLY, never benchmarked",2,0.57
S8754_1PGA,S8754_1PGA,N,37,H,0.42,ddG,s8754_ddg,stability,F_STABILITY_FIELD_TEACHER,0,1.0,"S8754 ddG (sign-flipped to project convention); TEACHER ONLY, never benchmarked",2,1.04
S8754_1PGA,S8754_1PGA,N,37,I,-0.31,ddG,s8754_ddg,stability,F_STABILITY_FIELD_TEACHER,0,1.0,"S8754 ddG (sign-flipped to project convention); TEACHER ONLY, never benchmarked",2,0.78
S8754_1PGA,S8754_1PGA,N,37,K,-0.6100000000000001,ddG,s8754_ddg,stability,F_STABILITY_FIELD_TEACHER,0,1.0,"S8754 ddG (sign-flipped to project convention); TEACHER ONLY, never benchmarked",2,0.0799999999999999
S8754_1PGA,S8754_1PGA,N,37,L,-0.68,ddG,s8754_ddg,stability,F_STABILITY_FIELD_TEACHER,0,1.0,"S8754 ddG (sign-flipped to project convention); TEACHER ONLY, never benchmarked",2,0.6799999999999999
S8754_1PGA,S8754_1PGA,N,37,M,-0.1999999999999999,ddG,s8754_ddg,stability,F_STABILITY_FIELD_TEACHER,0,1.0,"S8754 ddG (sign-flipped to project convention); TEACHER ONLY, never benchmarked",2,1.5
S8754_1PGA,S8754_1PGA,N,37,P,4.49,ddG,s8754_ddg,stability,F_STABILITY_FIELD_TEACHER,0,1.0,"S8754 ddG (sign-flipped to project convention); TEACHER ONLY, never benchmarked",1,0.0
S8754_1PGA,S8754_1PGA,N,37,R,-0.3849999999999999,ddG,s8754_ddg,stability,F_STABILITY_FIELD_TEACHER,0,1.0,"S8754 ddG (sign-flipped to project convention); TEACHER ONLY, never benchmarked",2,1.11
S8754_1PGA,S8754_1PGA,N,37,S,-0.145,ddG,s8754_ddg,stability,F_STABILITY_FIELD_TEACHER,0,1.0,"S8754 ddG (sign-flipped to project convention); TEACHER ONLY, never benchmarked",2,0.55
S8754_1PGA,S8754_1PGA,N,37,T,-0.02,ddG,s8754_ddg,stability,F_STABILITY_FIELD_TEACHER,0,1.0,"S8754 ddG (sign-flipped to project convention); TEACHER ONLY, never benchmarked",2,0.4
S8754_1PGA,S8754_1PGA,N,37,V,0.04,ddG,s8754_ddg,stability,F_STABILITY_FIELD_TEACHER,0,1.0,"S8754 ddG (sign-flipped to project convention); TEACHER ONLY, never benchmarked",2,0.24
S8754_1PGA,S8754_1PGA,N,37,Y,-0.415,ddG,s8754_ddg,stability,F_STABILITY_FIELD_TEACHER,0,1.0,"S8754 ddG (sign-flipped to project convention); TEACHER ONLY, never benchmarked",2,0.13
S8754_1PGA,S8754_1PGA,G,38,A,0.55,ddG,s8754_ddg,stability,F_STABILITY_FIELD_TEACHER,0,1.0,"S8754 ddG (sign-flipped to project convention); TEACHER ONLY, never benchmarked",1,0.0
S8754_1PGA,S8754_1PGA,G,38,D,0.305,ddG,s8754_ddg,stability,F_STABILITY_FIELD_TEACHER,0,1.0,"S8754 ddG (sign-flipped to project convention); TEACHER ONLY, never benchmarked",2,0.03
S8754_1PGA,S8754_1PGA,G,38,E,0.21,ddG,s8754_ddg,stability,F_STABILITY_FIELD_TEACHER,0,1.0,"S8754 ddG (sign-flipped to project convention); TEACHER ONLY, never benchmarked",2,0.52
S8754_1PGA,S8754_1PGA,G,38,F,0.34,ddG,s8754_ddg,stability,F_STABILITY_FIELD_TEACHER,0,1.0,"S8754 ddG (sign-flipped to project convention); TEACHER ONLY, never benchmarked",2,0.42
S8754_1PGA,S8754_1PGA,G,38,H,-0.24,ddG,s8754_ddg,stability,F_STABILITY_FIELD_TEACHER,0,1.0,"S8754 ddG (sign-flipped to project convention); TEACHER ONLY, never benchmarked",1,0.0
S8754_1PGA,S8754_1PGA,G,38,K,0.7,ddG,s8754_ddg,stability,F_STABILITY_FIELD_TEACHER,0,1.0,"S8754 ddG (sign-flipped to project convention); TEACHER ONLY, never benchmarked",2,1.48
S8754_1PGA,S8754_1PGA,G,38,L,-0.0449999999999999,ddG,s8754_ddg,stability,F_STABILITY_FIELD_TEACHER,0,1.0,"S8754 ddG (sign-flipped to project convention); TEACHER ONLY, never benchmarked",2,0.49
S8754_1PGA,S8754_1PGA,G,38,M,0.36,ddG,s8754_ddg,stability,F_STABILITY_FIELD_TEACHER,0,1.0,"S8754 ddG (sign-flipped to project convention); TEACHER ONLY, never benchmarked",2,0.8
S8754_1PGA,S8754_1PGA,G,38,N,0.265,ddG,s8754_ddg,stability,F_STABILITY_FIELD_TEACHER,0,1.0,"S8754 ddG (sign-flipped to project convention); TEACHER ONLY, never benchmarked",2,0.41
S8754_1PGA,S8754_1PGA,G,38,R,0.305,ddG,s8754_ddg,stability,F_STABILITY_FIELD_TEACHER,0,1.0,"S8754 ddG (sign-flipped to project convention); TEACHER ONLY, never benchmarked",2,0.99
S8754_1PGA,S8754_1PGA,G,38,S,0.44,ddG,s8754_ddg,stability,F_STABILITY_FIELD_TEACHER,0,1.0,"S8754 ddG (sign-flipped to project convention); TEACHER ONLY, never benchmarked",2,0.04
S8754_1PGA,S8754_1PGA,G,38,T,0.69,ddG,s8754_ddg,stability,F_STABILITY_FIELD_TEACHER,0,1.0,"S8754 ddG (sign-flipped to project convention); TEACHER ONLY, never benchmarked",2,1.04
S8754_1PGA,S8754_1PGA,G,38,V,1.275,ddG,s8754_ddg,stability,F_STABILITY_FIELD_TEACHER,0,1.0,"S8754 ddG (sign-flipped to project convention); TEACHER ONLY, never benchmarked",2,0.53
S8754_1PGA,S8754_1PGA,G,38,Y,1.07,ddG,s8754_ddg,stability,F_STABILITY_FIELD_TEACHER,0,1.0,"S8754 ddG (sign-flipped to project convention); TEACHER ONLY, never benchmarked",2,0.4800000000000001
S8754_1PGA,S8754_1PGA,V,39,A,1.905,ddG,s8754_ddg,stability,F_STABILITY_FIELD_TEACHER,0,1.0,"S8754 ddG (sign-flipped to project convention); TEACHER ONLY, never benchmarked",2,0.3699999999999999
S8754_1PGA,S8754_1PGA,V,39,F,-0.0399999999999999,ddG,s8754_ddg,stability,F_STABILITY_FIELD_TEACHER,0,1.0,"S8754 ddG (sign-flipped to project convention); TEACHER ONLY, never benchmarked",2,0.62
S8754_1PGA,S8754_1PGA,V,39,H,2.08,ddG,s8754_ddg,stability,F_STABILITY_FIELD_TEACHER,0,1.0,"S8754 ddG (sign-flipped to project convention); TEACHER ONLY, never benchmarked",2,0.4199999999999999
S8754_1PGA,S8754_1PGA,V,39,K,2.25,ddG,s8754_ddg,stability,F_STABILITY_FIELD_TEACHER,0,1.0,"S8754 ddG (sign-flipped to project convention); TEACHER ONLY, never benchmarked",1,0.0
S8754_1PGA,S8754_1PGA,V,39,L,1.025,ddG,s8754_ddg,stability,F_STABILITY_FIELD_TEACHER,0,1.0,"S8754 ddG (sign-flipped to project convention); TEACHER ONLY, never benchmarked",2,1.87
S8754_1PGA,S8754_1PGA,V,39,M,0.1699999999999999,ddG,s8754_ddg,stability,F_STABILITY_FIELD_TEACHER,0,1.0,"S8754 ddG (sign-flipped to project convention); TEACHER ONLY, never benchmarked",2,0.88
S8754_1PGA,S8754_1PGA,V,39,N,0.27,ddG,s8754_ddg,stability,F_STABILITY_FIELD_TEACHER,0,1.0,"S8754 ddG (sign-flipped to project convention); TEACHER ONLY, never benchmarked",1,0.0
S8754_1PGA,S8754_1PGA,V,39,P,2.65,ddG,s8754_ddg,stability,F_STABILITY_FIELD_TEACHER,0,1.0,"S8754 ddG (sign-flipped to project convention); TEACHER ONLY, never benchmarked",1,0.0
S8754_1PGA,S8754_1PGA,V,39,Q,2.08,ddG,s8754_ddg,stability,F_STABILITY_FIELD_TEACHER,0,1.0,"S8754 ddG (sign-flipped to project convention); TEACHER ONLY, never benchmarked",2,0.4599999999999999
S8754_1PGA,S8754_1PGA,V,39,R,1.935,ddG,s8754_ddg,stability,F_STABILITY_FIELD_TEACHER,0,1.0,"S8754 ddG (sign-flipped to project convention); TEACHER ONLY, never benchmarked",2,0.8300000000000001
S8754_1PGA,S8754_1PGA,V,39,S,2.02,ddG,s8754_ddg,stability,F_STABILITY_FIELD_TEACHER,0,1.0,"S8754 ddG (sign-flipped to project convention); TEACHER ONLY, never benchmarked",2,0.04
S8754_1PGA,S8754_1PGA,V,39,T,1.6,ddG,s8754_ddg,stability,F_STABILITY_FIELD_TEACHER,0,1.0,"S8754 ddG (sign-flipped to project convention); TEACHER ONLY, never benchmarked",2,0.2000000000000001
S8754_1PGA,S8754_1PGA,V,39,Y,0.87,ddG,s8754_ddg,stability,F_STABILITY_FIELD_TEACHER,0,1.0,"S8754 ddG (sign-flipped to project convention); TEACHER ONLY, never benchmarked",1,0.0
S8754_1PGA,S8754_1PGA,D,40,A,0.31,ddG,s8754_ddg,stability,F_STABILITY_FIELD_TEACHER,0,1.0,"S8754 ddG (sign-flipped to project convention); TEACHER ONLY, never benchmarked",1,0.0
S8754_1PGA,S8754_1PGA,D,40,E,-0.02,ddG,s8754_ddg,stability,F_STABILITY_FIELD_TEACHER,0,1.0,"S8754 ddG (sign-flipped to project convention); TEACHER ONLY, never benchmarked",1,0.0
S8754_1PGA,S8754_1PGA,D,40,F,-0.305,ddG,s8754_ddg,stability,F_STABILITY_FIELD_TEACHER,0,1.0,"S8754 ddG (sign-flipped to project convention); TEACHER ONLY, never benchmarked",2,0.39
S8754_1PGA,S8754_1PGA,D,40,G,-0.135,ddG,s8754_ddg,stability,F_STABILITY_FIELD_TEACHER,0,1.0,"S8754 ddG (sign-flipped to project convention); TEACHER ONLY, never benchmarked",2,1.37
S8754_1PGA,S8754_1PGA,D,40,H,0.16,ddG,s8754_ddg,stability,F_STABILITY_FIELD_TEACHER,0,1.0,"S8754 ddG (sign-flipped to project convention); TEACHER ONLY, never benchmarked",1,0.0
S8754_1PGA,S8754_1PGA,D,40,I,-0.08,ddG,s8754_ddg,stability,F_STABILITY_FIELD_TEACHER,0,1.0,"S8754 ddG (sign-flipped to project convention); TEACHER ONLY, never benchmarked",1,0.0
S8754_1PGA,S8754_1PGA,D,40,K,-0.3399999999999999,ddG,s8754_ddg,stability,F_STABILITY_FIELD_TEACHER,0,1.0,"S8754 ddG (sign-flipped to project convention); TEACHER ONLY, never benchmarked",2,0.5
S8754_1PGA,S8754_1PGA,D,40,L,-0.11,ddG,s8754_ddg,stability,F_STABILITY_FIELD_TEACHER,0,1.0,"S8754 ddG (sign-flipped to project convention); TEACHER ONLY, never benchmarked",2,0.8800000000000001
S8754_1PGA,S8754_1PGA,D,40,M,-0.14,ddG,s8754_ddg,stability,F_STABILITY_FIELD_TEACHER,0,1.0,"S8754 ddG (sign-flipped to project convention); TEACHER ONLY, never benchmarked",2,0.06
S8754_1PGA,S8754_1PGA,D,40,N,-0.36,ddG,s8754_ddg,stability,F_STABILITY_FIELD_TEACHER,0,1.0,"S8754 ddG (sign-flipped to project convention); TEACHER ONLY, never benchmarked",2,0.2
S8754_1PGA,S8754_1PGA,D,40,Q,0.72,ddG,s8754_ddg,stability,F_STABILITY_FIELD_TEACHER,0,1.0,"S8754 ddG (sign-flipped to project convention); TEACHER ONLY, never benchmarked",2,2.0
S8754_1PGA,S8754_1PGA,D,40,R,-0.395,ddG,s8754_ddg,stability,F_STABILITY_FIELD_TEACHER,0,1.0,"S8754 ddG (sign-flipped to project convention); TEACHER ONLY, never benchmarked",2,0.6499999999999999
S8754_1PGA,S8754_1PGA,D,40,S,-0.335,ddG,s8754_ddg,stability,F_STABILITY_FIELD_TEACHER,0,1.0,"S8754 ddG (sign-flipped to project convention); TEACHER ONLY, never benchmarked",2,0.43
S8754_1PGA,S8754_1PGA,D,40,T,-0.375,ddG,s8754_ddg,stability,F_STABILITY_FIELD_TEACHER,0,1.0,"S8754 ddG (sign-flipped to project convention); TEACHER ONLY, never benchmarked",2,0.37
S8754_1PGA,S8754_1PGA,D,40,V,-0.36,ddG,s8754_ddg,stability,F_STABILITY_FIELD_TEACHER,0,1.0,"S8754 ddG (sign-flipped to project convention); TEACHER ONLY, never benchmarked",2,0.42
S8754_1PGA,S8754_1PGA,D,40,Y,-0.39,ddG,s8754_ddg,stability,F_STABILITY_FIELD_TEACHER,0,1.0,"S8754 ddG (sign-flipped to project convention); TEACHER ONLY, never benchmarked",2,0.3999999999999999
S8754_1PGA,S8754_1PGA,G,41,D,-0.49,ddG,s8754_ddg,stability,F_STABILITY_FIELD_TEACHER,0,1.0,"S8754 ddG (sign-flipped to project convention); TEACHER ONLY, never benchmarked",1,0.0
S8754_1PGA,S8754_1PGA,G,41,F,2.79,ddG,s8754_ddg,stability,F_STABILITY_FIELD_TEACHER,0,1.0,"S8754 ddG (sign-flipped to project convention); TEACHER ONLY, never benchmarked",1,0.0
S8754_1PGA,S8754_1PGA,G,41,I,-0.22,ddG,s8754_ddg,stability,F_STABILITY_FIELD_TEACHER,0,1.0,"S8754 ddG (sign-flipped to project convention); TEACHER ONLY, never benchmarked",1,0.0
S8754_1PGA,S8754_1PGA,G,41,L,2.41,ddG,s8754_ddg,stability,F_STABILITY_FIELD_TEACHER,0,1.0,"S8754 ddG (sign-flipped to project convention); TEACHER ONLY, never benchmarked",1,0.0
S8754_1PGA,S8754_1PGA,G,41,M,0.26,ddG,s8754_ddg,stability,F_STABILITY_FIELD_TEACHER,0,1.0,"S8754 ddG (sign-flipped to project convention); TEACHER ONLY, never benchmarked",1,0.0
S8754_1PGA,S8754_1PGA,G,41,N,-0.19,ddG,s8754_ddg,stability,F_STABILITY_FIELD_TEACHER,0,1.0,"S8754 ddG (sign-flipped to project convention); TEACHER ONLY, never benchmarked",1,0.0
S8754_1PGA,S8754_1PGA,G,41,R,0.0,ddG,s8754_ddg,stability,F_STABILITY_FIELD_TEACHER,0,1.0,"S8754 ddG (sign-flipped to project convention); TEACHER ONLY, never benchmarked",1,0.0
S8754_1PGA,S8754_1PGA,G,41,S,-0.43,ddG,s8754_ddg,stability,F_STABILITY_FIELD_TEACHER,0,1.0,"S8754 ddG (sign-flipped to project convention); TEACHER ONLY, never benchmarked",1,0.0
S8754_1PGA,S8754_1PGA,G,41,Y,2.9,ddG,s8754_ddg,stability,F_STABILITY_FIELD_TEACHER,0,1.0,"S8754 ddG (sign-flipped to project convention); TEACHER ONLY, never benchmarked",1,0.0
S8754_1PGA,S8754_1PGA,E,42,A,-0.51,ddG,s8754_ddg,stability,F_STABILITY_FIELD_TEACHER,0,1.0,"S8754 ddG (sign-flipped to project convention); TEACHER ONLY, never benchmarked",1,0.0
S8754_1PGA,S8754_1PGA,E,42,D,-0.48,ddG,s8754_ddg,stability,F_STABILITY_FIELD_TEACHER,0,1.0,"S8754 ddG (sign-flipped to project convention); TEACHER ONLY, never benchmarked",2,0.4
S8754_1PGA,S8754_1PGA,E,42,F,-0.16,ddG,s8754_ddg,stability,F_STABILITY_FIELD_TEACHER,0,1.0,"S8754 ddG (sign-flipped to project convention); TEACHER ONLY, never benchmarked",1,0.0
S8754_1PGA,S8754_1PGA,E,42,G,0.345,ddG,s8754_ddg,stability,F_STABILITY_FIELD_TEACHER,0,1.0,"S8754 ddG (sign-flipped to project convention); TEACHER ONLY, never benchmarked",2,1.95
S8754_1PGA,S8754_1PGA,E,42,H,0.69,ddG,s8754_ddg,stability,F_STABILITY_FIELD_TEACHER,0,1.0,"S8754 ddG (sign-flipped to project convention); TEACHER ONLY, never benchmarked",2,0.38
S8754_1PGA,S8754_1PGA,E,42,I,-0.46,ddG,s8754_ddg,stability,F_STABILITY_FIELD_TEACHER,0,1.0,"S8754 ddG (sign-flipped to project convention); TEACHER ONLY, never benchmarked",2,0.86
S8754_1PGA,S8754_1PGA,E,42,K,-0.695,ddG,s8754_ddg,stability,F_STABILITY_FIELD_TEACHER,0,1.0,"S8754 ddG (sign-flipped to project convention); TEACHER ONLY, never benchmarked",2,0.99
S8754_1PGA,S8754_1PGA,E,42,L,-0.43,ddG,s8754_ddg,stability,F_STABILITY_FIELD_TEACHER,0,1.0,"S8754 ddG (sign-flipped to project convention); TEACHER ONLY, never benchmarked",2,0.44
S8754_1PGA,S8754_1PGA,E,42,M,-0.33,ddG,s8754_ddg,stability,F_STABILITY_FIELD_TEACHER,0,1.0,"S8754 ddG (sign-flipped to project convention); TEACHER ONLY, never benchmarked",2,0.5599999999999999
S8754_1PGA,S8754_1PGA,E,42,N,-0.105,ddG,s8754_ddg,stability,F_STABILITY_FIELD_TEACHER,0,1.0,"S8754 ddG (sign-flipped to project convention); TEACHER ONLY, never benchmarked",2,0.63
S8754_1PGA,S8754_1PGA,E,42,P,0.665,ddG,s8754_ddg,stability,F_STABILITY_FIELD_TEACHER,0,1.0,"S8754 ddG (sign-flipped to project convention); TEACHER ONLY, never benchmarked",2,1.83
S8754_1PGA,S8754_1PGA,E,42,Q,0.45,ddG,s8754_ddg,stability,F_STABILITY_FIELD_TEACHER,0,1.0,"S8754 ddG (sign-flipped to project convention); TEACHER ONLY, never benchmarked",2,1.62
S8754_1PGA,S8754_1PGA,E,42,R,-0.43,ddG,s8754_ddg,stability,F_STABILITY_FIELD_TEACHER,0,1.0,"S8754 ddG (sign-flipped to project convention); TEACHER ONLY, never benchmarked",2,0.5599999999999999
S8754_1PGA,S8754_1PGA,E,42,S,-0.045,ddG,s8754_ddg,stability,F_STABILITY_FIELD_TEACHER,0,1.0,"S8754 ddG (sign-flipped to project convention); TEACHER ONLY, never benchmarked",2,1.01
S8754_1PGA,S8754_1PGA,E,42,T,0.245,ddG,s8754_ddg,stability,F_STABILITY_FIELD_TEACHER,0,1.0,"S8754 ddG (sign-flipped to project convention); TEACHER ONLY, never benchmarked",2,0.51
S8754_1PGA,S8754_1PGA,E,42,V,0.145,ddG,s8754_ddg,stability,F_STABILITY_FIELD_TEACHER,0,1.0,"S8754 ddG (sign-flipped to project convention); TEACHER ONLY, never benchmarked",2,0.55
S8754_1PGA,S8754_1PGA,E,42,Y,-0.26,ddG,s8754_ddg,stability,F_STABILITY_FIELD_TEACHER,0,1.0,"S8754 ddG (sign-flipped to project convention); TEACHER ONLY, never benchmarked",2,0.04
S8754_1PGA,S8754_1PGA,T,44,A,-0.28,ddG,s8754_ddg,stability,F_STABILITY_FIELD_TEACHER,0,1.0,"S8754 ddG (sign-flipped to project convention); TEACHER ONLY, never benchmarked",1,0.0
S8754_1PGA,S8754_1PGA,T,44,D,0.0199999999999999,ddG,s8754_ddg,stability,F_STABILITY_FIELD_TEACHER,0,1.0,"S8754 ddG (sign-flipped to project convention); TEACHER ONLY, never benchmarked",2,0.8400000000000001
S8754_1PGA,S8754_1PGA,T,44,E,0.09,ddG,s8754_ddg,stability,F_STABILITY_FIELD_TEACHER,0,1.0,"S8754 ddG (sign-flipped to project convention); TEACHER ONLY, never benchmarked",2,0.06
S8754_1PGA,S8754_1PGA,T,44,F,0.0399999999999999,ddG,s8754_ddg,stability,F_STABILITY_FIELD_TEACHER,0,1.0,"S8754 ddG (sign-flipped to project convention); TEACHER ONLY, never benchmarked",2,0.62
S8754_1PGA,S8754_1PGA,T,44,G,0.19,ddG,s8754_ddg,stability,F_STABILITY_FIELD_TEACHER,0,1.0,"S8754 ddG (sign-flipped to project convention); TEACHER ONLY, never benchmarked",2,0.5599999999999999
S8754_1PGA,S8754_1PGA,T,44,H,0.135,ddG,s8754_ddg,stability,F_STABILITY_FIELD_TEACHER,0,1.0,"S8754 ddG (sign-flipped to project convention); TEACHER ONLY, never benchmarked",2,0.09
S8754_1PGA,S8754_1PGA,T,44,I,-0.315,ddG,s8754_ddg,stability,F_STABILITY_FIELD_TEACHER,0,1.0,"S8754 ddG (sign-flipped to project convention); TEACHER ONLY, never benchmarked",2,0.01
S8754_1PGA,S8754_1PGA,T,44,K,-0.18,ddG,s8754_ddg,stability,F_STABILITY_FIELD_TEACHER,0,1.0,"S8754 ddG (sign-flipped to project convention); TEACHER ONLY, never benchmarked",2,0.68
S8754_1PGA,S8754_1PGA,T,44,L,0.0,ddG,s8754_ddg,stability,F_STABILITY_FIELD_TEACHER,0,1.0,"S8754 ddG (sign-flipped to project convention); TEACHER ONLY, never benchmarked",2,0.42
S8754_1PGA,S8754_1PGA,T,44,M,0.1999999999999999,ddG,s8754_ddg,stability,F_STABILITY_FIELD_TEACHER,0,1.0,"S8754 ddG (sign-flipped to project convention); TEACHER ONLY, never benchmarked",2,0.54
S8754_1PGA,S8754_1PGA,T,44,N,0.24,ddG,s8754_ddg,stability,F_STABILITY_FIELD_TEACHER,0,1.0,"S8754 ddG (sign-flipped to project convention); TEACHER ONLY, never benchmarked",2,0.26
S8754_1PGA,S8754_1PGA,T,44,P,0.0,ddG,s8754_ddg,stability,F_STABILITY_FIELD_TEACHER,0,1.0,"S8754 ddG (sign-flipped to project convention); TEACHER ONLY, never benchmarked",1,0.0
S8754_1PGA,S8754_1PGA,T,44,Q,0.14,ddG,s8754_ddg,stability,F_STABILITY_FIELD_TEACHER,0,1.0,"S8754 ddG (sign-flipped to project convention); TEACHER ONLY, never benchmarked",1,0.0
S8754_1PGA,S8754_1PGA,T,44,R,0.025,ddG,s8754_ddg,stability,F_STABILITY_FIELD_TEACHER,0,1.0,"S8754 ddG (sign-flipped to project convention); TEACHER ONLY, never benchmarked",2,0.49
S8754_1PGA,S8754_1PGA,T,44,S,-0.04,ddG,s8754_ddg,stability,F_STABILITY_FIELD_TEACHER,0,1.0,"S8754 ddG (sign-flipped to project convention); TEACHER ONLY, never benchmarked",2,0.14
S8754_1PGA,S8754_1PGA,T,44,V,0.52,ddG,s8754_ddg,stability,F_STABILITY_FIELD_TEACHER,0,1.0,"S8754 ddG (sign-flipped to project convention); TEACHER ONLY, never benchmarked",1,0.0
S8754_1PGA,S8754_1PGA,T,44,Y,0.02,ddG,s8754_ddg,stability,F_STABILITY_FIELD_TEACHER,0,1.0,"S8754 ddG (sign-flipped to project convention); TEACHER ONLY, never benchmarked",2,0.16
S8754_1PGA,S8754_1PGA,Y,45,D,1.52,ddG,s8754_ddg,stability,F_STABILITY_FIELD_TEACHER,0,1.0,"S8754 ddG (sign-flipped to project convention); TEACHER ONLY, never benchmarked",1,0.0
S8754_1PGA,S8754_1PGA,Y,45,E,1.05,ddG,s8754_ddg,stability,F_STABILITY_FIELD_TEACHER,0,1.0,"S8754 ddG (sign-flipped to project convention); TEACHER ONLY, never benchmarked",1,0.0
S8754_1PGA,S8754_1PGA,Y,45,F,0.38,ddG,s8754_ddg,stability,F_STABILITY_FIELD_TEACHER,0,1.0,"S8754 ddG (sign-flipped to project convention); TEACHER ONLY, never benchmarked",1,0.0
S8754_1PGA,S8754_1PGA,Y,45,G,0.05,ddG,s8754_ddg,stability,F_STABILITY_FIELD_TEACHER,0,1.0,"S8754 ddG (sign-flipped to project convention); TEACHER ONLY, never benchmarked",1,0.0
S8754_1PGA,S8754_1PGA,Y,45,I,2.51,ddG,s8754_ddg,stability,F_STABILITY_FIELD_TEACHER,0,1.0,"S8754 ddG (sign-flipped to project convention); TEACHER ONLY, never benchmarked",1,0.0
S8754_1PGA,S8754_1PGA,Y,45,K,2.845,ddG,s8754_ddg,stability,F_STABILITY_FIELD_TEACHER,0,1.0,"S8754 ddG (sign-flipped to project convention); TEACHER ONLY, never benchmarked",2,1.21
S8754_1PGA,S8754_1PGA,Y,45,L,2.84,ddG,s8754_ddg,stability,F_STABILITY_FIELD_TEACHER,0,1.0,"S8754 ddG (sign-flipped to project convention); TEACHER ONLY, never benchmarked",3,1.2799999999999998
S8754_1PGA,S8754_1PGA,Y,45,M,2.275,ddG,s8754_ddg,stability,F_STABILITY_FIELD_TEACHER,0,1.0,"S8754 ddG (sign-flipped to project convention); TEACHER ONLY, never benchmarked",2,0.9699999999999998
S8754_1PGA,S8754_1PGA,Y,45,N,2.49,ddG,s8754_ddg,stability,F_STABILITY_FIELD_TEACHER,0,1.0,"S8754 ddG (sign-flipped to project convention); TEACHER ONLY, never benchmarked",1,0.0
S8754_1PGA,S8754_1PGA,Y,45,R,2.47,ddG,s8754_ddg,stability,F_STABILITY_FIELD_TEACHER,0,1.0,"S8754 ddG (sign-flipped to project convention); TEACHER ONLY, never benchmarked",1,0.0
S8754_1PGA,S8754_1PGA,Y,45,S,2.76,ddG,s8754_ddg,stability,F_STABILITY_FIELD_TEACHER,0,1.0,"S8754 ddG (sign-flipped to project convention); TEACHER ONLY, never benchmarked",2,1.0799999999999996
S8754_1PGA,S8754_1PGA,Y,45,T,2.97,ddG,s8754_ddg,stability,F_STABILITY_FIELD_TEACHER,0,1.0,"S8754 ddG (sign-flipped to project convention); TEACHER ONLY, never benchmarked",1,0.0
S8754_1PGA,S8754_1PGA,Y,45,V,2.78,ddG,s8754_ddg,stability,F_STABILITY_FIELD_TEACHER,0,1.0,"S8754 ddG (sign-flipped to project convention); TEACHER ONLY, never benchmarked",1,0.0
S8754_1PGA,S8754_1PGA,D,46,A,1.8,ddG,s8754_ddg,stability,F_STABILITY_FIELD_TEACHER,0,1.0,"S8754 ddG (sign-flipped to project convention); TEACHER ONLY, never benchmarked",3,0.9399999999999996
S8754_1PGA,S8754_1PGA,D,46,E,0.8500000000000001,ddG,s8754_ddg,stability,F_STABILITY_FIELD_TEACHER,0,1.0,"S8754 ddG (sign-flipped to project convention); TEACHER ONLY, never benchmarked",2,0.92
S8754_1PGA,S8754_1PGA,D,46,F,0.45,ddG,s8754_ddg,stability,F_STABILITY_FIELD_TEACHER,0,1.0,"S8754 ddG (sign-flipped to project convention); TEACHER ONLY, never benchmarked",2,0.7999999999999999
S8754_1PGA,S8754_1PGA,D,46,H,1.95,ddG,s8754_ddg,stability,F_STABILITY_FIELD_TEACHER,0,1.0,"S8754 ddG (sign-flipped to project convention); TEACHER ONLY, never benchmarked",2,1.44
S8754_1PGA,S8754_1PGA,D,46,I,0.88,ddG,s8754_ddg,stability,F_STABILITY_FIELD_TEACHER,0,1.0,"S8754 ddG (sign-flipped to project convention); TEACHER ONLY, never benchmarked",2,0.08
S8754_1PGA,S8754_1PGA,D,46,K,0.7350000000000001,ddG,s8754_ddg,stability,F_STABILITY_FIELD_TEACHER,0,1.0,"S8754 ddG (sign-flipped to project convention); TEACHER ONLY, never benchmarked",2,0.3299999999999999
S8754_1PGA,S8754_1PGA,D,46,L,0.6950000000000001,ddG,s8754_ddg,stability,F_STABILITY_FIELD_TEACHER,0,1.0,"S8754 ddG (sign-flipped to project convention); TEACHER ONLY, never benchmarked",2,0.17
S8754_1PGA,S8754_1PGA,D,46,M,0.8200000000000001,ddG,s8754_ddg,stability,F_STABILITY_FIELD_TEACHER,0,1.0,"S8754 ddG (sign-flipped to project convention); TEACHER ONLY, never benchmarked",2,0.5800000000000001
S8754_1PGA,S8754_1PGA,D,46,N,0.3949999999999999,ddG,s8754_ddg,stability,F_STABILITY_FIELD_TEACHER,0,1.0,"S8754 ddG (sign-flipped to project convention); TEACHER ONLY, never benchmarked",2,0.89
S8754_1PGA,S8754_1PGA,D,46,P,-0.47,ddG,s8754_ddg,stability,F_STABILITY_FIELD_TEACHER,0,1.0,"S8754 ddG (sign-flipped to project convention); TEACHER ONLY, never benchmarked",1,0.0
S8754_1PGA,S8754_1PGA,D,46,Q,0.68,ddG,s8754_ddg,stability,F_STABILITY_FIELD_TEACHER,0,1.0,"S8754 ddG (sign-flipped to project convention); TEACHER ONLY, never benchmarked",1,0.0
S8754_1PGA,S8754_1PGA,D,46,R,1.34,ddG,s8754_ddg,stability,F_STABILITY_FIELD_TEACHER,0,1.0,"S8754 ddG (sign-flipped to project convention); TEACHER ONLY, never benchmarked",2,1.92
S8754_1PGA,S8754_1PGA,D,46,S,1.12,ddG,s8754_ddg,stability,F_STABILITY_FIELD_TEACHER,0,1.0,"S8754 ddG (sign-flipped to project convention); TEACHER ONLY, never benchmarked",2,1.2
S8754_1PGA,S8754_1PGA,D,46,T,0.6849999999999999,ddG,s8754_ddg,stability,F_STABILITY_FIELD_TEACHER,0,1.0,"S8754 ddG (sign-flipped to project convention); TEACHER ONLY, never benchmarked",2,0.97
S8754_1PGA,S8754_1PGA,D,46,V,0.825,ddG,s8754_ddg,stability,F_STABILITY_FIELD_TEACHER,0,1.0,"S8754 ddG (sign-flipped to project convention); TEACHER ONLY, never benchmarked",2,0.0499999999999999
S8754_1PGA,S8754_1PGA,D,46,Y,1.24,ddG,s8754_ddg,stability,F_STABILITY_FIELD_TEACHER,0,1.0,"S8754 ddG (sign-flipped to project convention); TEACHER ONLY, never benchmarked",2,1.46
S8754_1PGA,S8754_1PGA,D,47,A,-0.145,ddG,s8754_ddg,stability,F_STABILITY_FIELD_TEACHER,0,1.0,"S8754 ddG (sign-flipped to project convention); TEACHER ONLY, never benchmarked",4,0.98
S8754_1PGA,S8754_1PGA,D,47,E,-0.17,ddG,s8754_ddg,stability,F_STABILITY_FIELD_TEACHER,0,1.0,"S8754 ddG (sign-flipped to project convention); TEACHER ONLY, never benchmarked",1,0.0
S8754_1PGA,S8754_1PGA,D,47,F,-0.445,ddG,s8754_ddg,stability,F_STABILITY_FIELD_TEACHER,0,1.0,"S8754 ddG (sign-flipped to project convention); TEACHER ONLY, never benchmarked",2,0.49
S8754_1PGA,S8754_1PGA,D,47,G,-0.2199999999999999,ddG,s8754_ddg,stability,F_STABILITY_FIELD_TEACHER,0,1.0,"S8754 ddG (sign-flipped to project convention); TEACHER ONLY, never benchmarked",2,0.72
S8754_1PGA,S8754_1PGA,D,47,H,0.195,ddG,s8754_ddg,stability,F_STABILITY_FIELD_TEACHER,0,1.0,"S8754 ddG (sign-flipped to project convention); TEACHER ONLY, never benchmarked",2,0.89
S8754_1PGA,S8754_1PGA,D,47,I,-0.1699999999999999,ddG,s8754_ddg,stability,F_STABILITY_FIELD_TEACHER,0,1.0,"S8754 ddG (sign-flipped to project convention); TEACHER ONLY, never benchmarked",2,0.68
S8754_1PGA,S8754_1PGA,D,47,K,-0.27,ddG,s8754_ddg,stability,F_STABILITY_FIELD_TEACHER,0,1.0,"S8754 ddG (sign-flipped to project convention); TEACHER ONLY, never benchmarked",2,0.94
S8754_1PGA,S8754_1PGA,D,47,L,0.24,ddG,s8754_ddg,stability,F_STABILITY_FIELD_TEACHER,0,1.0,"S8754 ddG (sign-flipped to project convention); TEACHER ONLY, never benchmarked",2,1.14
S8754_1PGA,S8754_1PGA,D,47,M,0.86,ddG,s8754_ddg,stability,F_STABILITY_FIELD_TEACHER,0,1.0,"S8754 ddG (sign-flipped to project convention); TEACHER ONLY, never benchmarked",2,1.0599999999999998
S8754_1PGA,S8754_1PGA,D,47,N,0.4,ddG,s8754_ddg,stability,F_STABILITY_FIELD_TEACHER,0,1.0,"S8754 ddG (sign-flipped to project convention); TEACHER ONLY, never benchmarked",2,0.7
S8754_1PGA,S8754_1PGA,D,47,P,-0.295,ddG,s8754_ddg,stability,F_STABILITY_FIELD_TEACHER,0,1.0,"S8754 ddG (sign-flipped to project convention); TEACHER ONLY, never benchmarked",2,0.1099999999999999
S8754_1PGA,S8754_1PGA,D,47,Q,-0.53,ddG,s8754_ddg,stability,F_STABILITY_FIELD_TEACHER,0,1.0,"S8754 ddG (sign-flipped to project convention); TEACHER ONLY, never benchmarked",2,0.74
S8754_1PGA,S8754_1PGA,D,47,R,-0.1399999999999999,ddG,s8754_ddg,stability,F_STABILITY_FIELD_TEACHER,0,1.0,"S8754 ddG (sign-flipped to project convention); TEACHER ONLY, never benchmarked",2,0.8799999999999999
S8754_1PGA,S8754_1PGA,D,47,S,-0.08,ddG,s8754_ddg,stability,F_STABILITY_FIELD_TEACHER,0,1.0,"S8754 ddG (sign-flipped to project convention); TEACHER ONLY, never benchmarked",2,0.1999999999999999
S8754_1PGA,S8754_1PGA,D,47,T,0.0249999999999999,ddG,s8754_ddg,stability,F_STABILITY_FIELD_TEACHER,0,1.0,"S8754 ddG (sign-flipped to project convention); TEACHER ONLY, never benchmarked",2,0.97
S8754_1PGA,S8754_1PGA,D,47,V,0.295,ddG,s8754_ddg,stability,F_STABILITY_FIELD_TEACHER,0,1.0,"S8754 ddG (sign-flipped to project convention); TEACHER ONLY, never benchmarked",2,0.45
S8754_1PGA,S8754_1PGA,D,47,Y,0.045,ddG,s8754_ddg,stability,F_STABILITY_FIELD_TEACHER,0,1.0,"S8754 ddG (sign-flipped to project convention); TEACHER ONLY, never benchmarked",2,0.07
S8754_1PGA,S8754_1PGA,A,48,D,-0.03,ddG,s8754_ddg,stability,F_STABILITY_FIELD_TEACHER,0,1.0,"S8754 ddG (sign-flipped to project convention); TEACHER ONLY, never benchmarked",1,0.0
S8754_1PGA,S8754_1PGA,A,48,E,-0.1949999999999999,ddG,s8754_ddg,stability,F_STABILITY_FIELD_TEACHER,0,1.0,"S8754 ddG (sign-flipped to project convention); TEACHER ONLY, never benchmarked",2,0.31
S8754_1PGA,S8754_1PGA,A,48,F,0.0049999999999999,ddG,s8754_ddg,stability,F_STABILITY_FIELD_TEACHER,0,1.0,"S8754 ddG (sign-flipped to project convention); TEACHER ONLY, never benchmarked",2,0.93
S8754_1PGA,S8754_1PGA,A,48,G,0.255,ddG,s8754_ddg,stability,F_STABILITY_FIELD_TEACHER,0,1.0,"S8754 ddG (sign-flipped to project convention); TEACHER ONLY, never benchmarked",2,0.51
S8754_1PGA,S8754_1PGA,A,48,H,0.31,ddG,s8754_ddg,stability,F_STABILITY_FIELD_TEACHER,0,1.0,"S8754 ddG (sign-flipped to project convention); TEACHER ONLY, never benchmarked",2,0.38
S8754_1PGA,S8754_1PGA,A,48,I,0.255,ddG,s8754_ddg,stability,F_STABILITY_FIELD_TEACHER,0,1.0,"S8754 ddG (sign-flipped to project convention); TEACHER ONLY, never benchmarked",2,0.35
S8754_1PGA,S8754_1PGA,A,48,K,-0.06,ddG,s8754_ddg,stability,F_STABILITY_FIELD_TEACHER,0,1.0,"S8754 ddG (sign-flipped to project convention); TEACHER ONLY, never benchmarked",2,0.02
S8754_1PGA,S8754_1PGA,A,48,L,-0.305,ddG,s8754_ddg,stability,F_STABILITY_FIELD_TEACHER,0,1.0,"S8754 ddG (sign-flipped to project convention); TEACHER ONLY, never benchmarked",2,0.39
S8754_1PGA,S8754_1PGA,A,48,M,0.12,ddG,s8754_ddg,stability,F_STABILITY_FIELD_TEACHER,0,1.0,"S8754 ddG (sign-flipped to project convention); TEACHER ONLY, never benchmarked",2,1.26
S8754_1PGA,S8754_1PGA,A,48,N,0.1699999999999999,ddG,s8754_ddg,stability,F_STABILITY_FIELD_TEACHER,0,1.0,"S8754 ddG (sign-flipped to project convention); TEACHER ONLY, never benchmarked",2,0.26
S8754_1PGA,S8754_1PGA,A,48,P,0.2733333333333333,ddG,s8754_ddg,stability,F_STABILITY_FIELD_TEACHER,0,1.0,"S8754 ddG (sign-flipped to project convention); TEACHER ONLY, never benchmarked",3,0.83
S8754_1PGA,S8754_1PGA,A,48,Q,-0.09,ddG,s8754_ddg,stability,F_STABILITY_FIELD_TEACHER,0,1.0,"S8754 ddG (sign-flipped to project convention); TEACHER ONLY, never benchmarked",2,0.16
S8754_1PGA,S8754_1PGA,A,48,R,-0.09,ddG,s8754_ddg,stability,F_STABILITY_FIELD_TEACHER,0,1.0,"S8754 ddG (sign-flipped to project convention); TEACHER ONLY, never benchmarked",2,0.9
S8754_1PGA,S8754_1PGA,A,48,S,-0.015,ddG,s8754_ddg,stability,F_STABILITY_FIELD_TEACHER,0,1.0,"S8754 ddG (sign-flipped to project convention); TEACHER ONLY, never benchmarked",2,0.21
S8754_1PGA,S8754_1PGA,A,48,T,-0.0049999999999999,ddG,s8754_ddg,stability,F_STABILITY_FIELD_TEACHER,0,1.0,"S8754 ddG (sign-flipped to project convention); TEACHER ONLY, never benchmarked",2,0.5700000000000001
S8754_1PGA,S8754_1PGA,A,48,V,-0.06,ddG,s8754_ddg,stability,F_STABILITY_FIELD_TEACHER,0,1.0,"S8754 ddG (sign-flipped to project convention); TEACHER ONLY, never benchmarked",2,0.2
S8754_1PGA,S8754_1PGA,A,48,Y,-0.19,ddG,s8754_ddg,stability,F_STABILITY_FIELD_TEACHER,0,1.0,"S8754 ddG (sign-flipped to project convention); TEACHER ONLY, never benchmarked",2,0.28
S8754_1PGA,S8754_1PGA,T,49,A,0.8233333333333333,ddG,s8754_ddg,stability,F_STABILITY_FIELD_TEACHER,0,1.0,"S8754 ddG (sign-flipped to project convention); TEACHER ONLY, never benchmarked",3,0.17
S8754_1PGA,S8754_1PGA,T,49,D,0.875,ddG,s8754_ddg,stability,F_STABILITY_FIELD_TEACHER,0,1.0,"S8754 ddG (sign-flipped to project convention); TEACHER ONLY, never benchmarked",2,0.6299999999999999
S8754_1PGA,S8754_1PGA,T,49,E,0.7649999999999999,ddG,s8754_ddg,stability,F_STABILITY_FIELD_TEACHER,0,1.0,"S8754 ddG (sign-flipped to project convention); TEACHER ONLY, never benchmarked",2,0.15
S8754_1PGA,S8754_1PGA,T,49,F,0.6950000000000001,ddG,s8754_ddg,stability,F_STABILITY_FIELD_TEACHER,0,1.0,"S8754 ddG (sign-flipped to project convention); TEACHER ONLY, never benchmarked",2,0.6900000000000001
S8754_1PGA,S8754_1PGA,T,49,G,0.945,ddG,s8754_ddg,stability,F_STABILITY_FIELD_TEACHER,0,1.0,"S8754 ddG (sign-flipped to project convention); TEACHER ONLY, never benchmarked",2,0.5099999999999999
S8754_1PGA,S8754_1PGA,T,49,H,0.9,ddG,s8754_ddg,stability,F_STABILITY_FIELD_TEACHER,0,1.0,"S8754 ddG (sign-flipped to project convention); TEACHER ONLY, never benchmarked",2,0.02
S8754_1PGA,S8754_1PGA,T,49,I,0.5449999999999999,ddG,s8754_ddg,stability,F_STABILITY_FIELD_TEACHER,0,1.0,"S8754 ddG (sign-flipped to project convention); TEACHER ONLY, never benchmarked",2,0.15
S8754_1PGA,S8754_1PGA,T,49,K,0.32,ddG,s8754_ddg,stability,F_STABILITY_FIELD_TEACHER,0,1.0,"S8754 ddG (sign-flipped to project convention); TEACHER ONLY, never benchmarked",2,0.02
S8754_1PGA,S8754_1PGA,T,49,L,0.035,ddG,s8754_ddg,stability,F_STABILITY_FIELD_TEACHER,0,1.0,"S8754 ddG (sign-flipped to project convention); TEACHER ONLY, never benchmarked",2,0.01
S8754_1PGA,S8754_1PGA,T,49,M,0.235,ddG,s8754_ddg,stability,F_STABILITY_FIELD_TEACHER,0,1.0,"S8754 ddG (sign-flipped to project convention); TEACHER ONLY, never benchmarked",2,0.89
S8754_1PGA,S8754_1PGA,T,49,N,0.345,ddG,s8754_ddg,stability,F_STABILITY_FIELD_TEACHER,0,1.0,"S8754 ddG (sign-flipped to project convention); TEACHER ONLY, never benchmarked",2,0.21
S8754_1PGA,S8754_1PGA,T,49,P,-0.07,ddG,s8754_ddg,stability,F_STABILITY_FIELD_TEACHER,0,1.0,"S8754 ddG (sign-flipped to project convention); TEACHER ONLY, never benchmarked",1,0.0
S8754_1PGA,S8754_1PGA,T,49,Q,0.7,ddG,s8754_ddg,stability,F_STABILITY_FIELD_TEACHER,0,1.0,"S8754 ddG (sign-flipped to project convention); TEACHER ONLY, never benchmarked",1,0.0
S8754_1PGA,S8754_1PGA,T,49,R,0.605,ddG,s8754_ddg,stability,F_STABILITY_FIELD_TEACHER,0,1.0,"S8754 ddG (sign-flipped to project convention); TEACHER ONLY, never benchmarked",2,0.4299999999999999
S8754_1PGA,S8754_1PGA,T,49,S,0.315,ddG,s8754_ddg,stability,F_STABILITY_FIELD_TEACHER,0,1.0,"S8754 ddG (sign-flipped to project convention); TEACHER ONLY, never benchmarked",2,0.3099999999999999
S8754_1PGA,S8754_1PGA,T,49,V,0.71,ddG,s8754_ddg,stability,F_STABILITY_FIELD_TEACHER,0,1.0,"S8754 ddG (sign-flipped to project convention); TEACHER ONLY, never benchmarked",1,0.0
S8754_1PGA,S8754_1PGA,T,49,Y,0.835,ddG,s8754_ddg,stability,F_STABILITY_FIELD_TEACHER,0,1.0,"S8754 ddG (sign-flipped to project convention); TEACHER ONLY, never benchmarked",2,0.6699999999999999
S8754_1PGA,S8754_1PGA,K,50,A,0.5,ddG,s8754_ddg,stability,F_STABILITY_FIELD_TEACHER,0,1.0,"S8754 ddG (sign-flipped to project convention); TEACHER ONLY, never benchmarked",2,0.1
S8754_1PGA,S8754_1PGA,K,50,D,0.905,ddG,s8754_ddg,stability,F_STABILITY_FIELD_TEACHER,0,1.0,"S8754 ddG (sign-flipped to project convention); TEACHER ONLY, never benchmarked",2,1.4300000000000002
S8754_1PGA,S8754_1PGA,K,50,E,1.385,ddG,s8754_ddg,stability,F_STABILITY_FIELD_TEACHER,0,1.0,"S8754 ddG (sign-flipped to project convention); TEACHER ONLY, never benchmarked",2,0.1099999999999998
S8754_1PGA,S8754_1PGA,K,50,F,0.545,ddG,s8754_ddg,stability,F_STABILITY_FIELD_TEACHER,0,1.0,"S8754 ddG (sign-flipped to project convention); TEACHER ONLY, never benchmarked",2,1.09
S8754_1PGA,S8754_1PGA,K,50,G,0.1899999999999999,ddG,s8754_ddg,stability,F_STABILITY_FIELD_TEACHER,0,1.0,"S8754 ddG (sign-flipped to project convention); TEACHER ONLY, never benchmarked",2,1.06
S8754_1PGA,S8754_1PGA,K,50,H,-0.075,ddG,s8754_ddg,stability,F_STABILITY_FIELD_TEACHER,0,1.0,"S8754 ddG (sign-flipped to project convention); TEACHER ONLY, never benchmarked",2,0.61
S8754_1PGA,S8754_1PGA,K,50,L,-0.18,ddG,s8754_ddg,stability,F_STABILITY_FIELD_TEACHER,0,1.0,"S8754 ddG (sign-flipped to project convention); TEACHER ONLY, never benchmarked",1,0.0
S8754_1PGA,S8754_1PGA,K,50,M,0.0499999999999999,ddG,s8754_ddg,stability,F_STABILITY_FIELD_TEACHER,0,1.0,"S8754 ddG (sign-flipped to project convention); TEACHER ONLY, never benchmarked",2,1.2000000000000002
S8754_1PGA,S8754_1PGA,K,50,N,0.105,ddG,s8754_ddg,stability,F_STABILITY_FIELD_TEACHER,0,1.0,"S8754 ddG (sign-flipped to project convention); TEACHER ONLY, never benchmarked",2,0.11
S8754_1PGA,S8754_1PGA,K,50,P,-0.38,ddG,s8754_ddg,stability,F_STABILITY_FIELD_TEACHER,0,1.0,"S8754 ddG (sign-flipped to project convention); TEACHER ONLY, never benchmarked",1,0.0
S8754_1PGA,S8754_1PGA,K,50,Q,-1.02,ddG,s8754_ddg,stability,F_STABILITY_FIELD_TEACHER,0,1.0,"S8754 ddG (sign-flipped to project convention); TEACHER ONLY, never benchmarked",1,0.0
S8754_1PGA,S8754_1PGA,K,50,R,-0.755,ddG,s8754_ddg,stability,F_STABILITY_FIELD_TEACHER,0,1.0,"S8754 ddG (sign-flipped to project convention); TEACHER ONLY, never benchmarked",2,0.8299999999999998
S8754_1PGA,S8754_1PGA,K,50,S,-0.09,ddG,s8754_ddg,stability,F_STABILITY_FIELD_TEACHER,0,1.0,"S8754 ddG (sign-flipped to project convention); TEACHER ONLY, never benchmarked",2,1.34
S8754_1PGA,S8754_1PGA,K,50,T,0.895,ddG,s8754_ddg,stability,F_STABILITY_FIELD_TEACHER,0,1.0,"S8754 ddG (sign-flipped to project convention); TEACHER ONLY, never benchmarked",2,1.21
S8754_1PGA,S8754_1PGA,K,50,V,1.435,ddG,s8754_ddg,stability,F_STABILITY_FIELD_TEACHER,0,1.0,"S8754 ddG (sign-flipped to project convention); TEACHER ONLY, never benchmarked",2,0.53
S8754_1PGA,S8754_1PGA,K,50,Y,0.6100000000000001,ddG,s8754_ddg,stability,F_STABILITY_FIELD_TEACHER,0,1.0,"S8754 ddG (sign-flipped to project convention); TEACHER ONLY, never benchmarked",2,1.48
S8754_1PGA,S8754_1PGA,T,51,A,1.5750000000000002,ddG,s8754_ddg,stability,F_STABILITY_FIELD_TEACHER,0,1.0,"S8754 ddG (sign-flipped to project convention); TEACHER ONLY, never benchmarked",2,0.5900000000000001
S8754_1PGA,S8754_1PGA,T,51,F,0.76,ddG,s8754_ddg,stability,F_STABILITY_FIELD_TEACHER,0,1.0,"S8754 ddG (sign-flipped to project convention); TEACHER ONLY, never benchmarked",1,0.0
S8754_1PGA,S8754_1PGA,T,51,G,2.81,ddG,s8754_ddg,stability,F_STABILITY_FIELD_TEACHER,0,1.0,"S8754 ddG (sign-flipped to project convention); TEACHER ONLY, never benchmarked",1,0.0
S8754_1PGA,S8754_1PGA,T,51,H,2.4850000000000003,ddG,s8754_ddg,stability,F_STABILITY_FIELD_TEACHER,0,1.0,"S8754 ddG (sign-flipped to project convention); TEACHER ONLY, never benchmarked",2,0.0100000000000002
S8754_1PGA,S8754_1PGA,T,51,I,1.38,ddG,s8754_ddg,stability,F_STABILITY_FIELD_TEACHER,0,1.0,"S8754 ddG (sign-flipped to project convention); TEACHER ONLY, never benchmarked",2,1.56
S8754_1PGA,S8754_1PGA,T,51,K,0.99,ddG,s8754_ddg,stability,F_STABILITY_FIELD_TEACHER,0,1.0,"S8754 ddG (sign-flipped to project convention); TEACHER ONLY, never benchmarked",2,1.38
S8754_1PGA,S8754_1PGA,T,51,L,1.37,ddG,s8754_ddg,stability,F_STABILITY_FIELD_TEACHER,0,1.0,"S8754 ddG (sign-flipped to project convention); TEACHER ONLY, never benchmarked",2,0.0199999999999997
S8754_1PGA,S8754_1PGA,T,51,M,1.16,ddG,s8754_ddg,stability,F_STABILITY_FIELD_TEACHER,0,1.0,"S8754 ddG (sign-flipped to project convention); TEACHER ONLY, never benchmarked",2,0.2199999999999999
S8754_1PGA,S8754_1PGA,T,51,N,1.76,ddG,s8754_ddg,stability,F_STABILITY_FIELD_TEACHER,0,1.0,"S8754 ddG (sign-flipped to project convention); TEACHER ONLY, never benchmarked",2,1.56
S8754_1PGA,S8754_1PGA,T,51,P,2.19,ddG,s8754_ddg,stability,F_STABILITY_FIELD_TEACHER,0,1.0,"S8754 ddG (sign-flipped to project convention); TEACHER ONLY, never benchmarked",1,0.0
S8754_1PGA,S8754_1PGA,T,51,Q,1.35,ddG,s8754_ddg,stability,F_STABILITY_FIELD_TEACHER,0,1.0,"S8754 ddG (sign-flipped to project convention); TEACHER ONLY, never benchmarked",1,0.0
S8754_1PGA,S8754_1PGA,T,51,R,1.59,ddG,s8754_ddg,stability,F_STABILITY_FIELD_TEACHER,0,1.0,"S8754 ddG (sign-flipped to project convention); TEACHER ONLY, never benchmarked",2,1.12
S8754_1PGA,S8754_1PGA,T,51,V,0.81,ddG,s8754_ddg,stability,F_STABILITY_FIELD_TEACHER,0,1.0,"S8754 ddG (sign-flipped to project convention); TEACHER ONLY, never benchmarked",1,0.0
S8754_1PGA,S8754_1PGA,T,51,Y,1.1949999999999998,ddG,s8754_ddg,stability,F_STABILITY_FIELD_TEACHER,0,1.0,"S8754 ddG (sign-flipped to project convention); TEACHER ONLY, never benchmarked",2,1.39
S8754_1PGA,S8754_1PGA,F,52,A,1.073,ddG,s8754_ddg,stability,F_STABILITY_FIELD_TEACHER,0,1.0,"S8754 ddG (sign-flipped to project convention); TEACHER ONLY, never benchmarked",1,0.0
S8754_1PGA,S8754_1PGA,F,52,G,2.273,ddG,s8754_ddg,stability,F_STABILITY_FIELD_TEACHER,0,1.0,"S8754 ddG (sign-flipped to project convention); TEACHER ONLY, never benchmarked",1,0.0
S8754_1PGA,S8754_1PGA,F,52,H,2.95,ddG,s8754_ddg,stability,F_STABILITY_FIELD_TEACHER,0,1.0,"S8754 ddG (sign-flipped to project convention); TEACHER ONLY, never benchmarked",1,0.0
S8754_1PGA,S8754_1PGA,F,52,K,0.24,ddG,s8754_ddg,stability,F_STABILITY_FIELD_TEACHER,0,1.0,"S8754 ddG (sign-flipped to project convention); TEACHER ONLY, never benchmarked",1,0.0
S8754_1PGA,S8754_1PGA,F,52,M,2.81,ddG,s8754_ddg,stability,F_STABILITY_FIELD_TEACHER,0,1.0,"S8754 ddG (sign-flipped to project convention); TEACHER ONLY, never benchmarked",2,0.56
S8754_1PGA,S8754_1PGA,F,52,N,2.71,ddG,s8754_ddg,stability,F_STABILITY_FIELD_TEACHER,0,1.0,"S8754 ddG (sign-flipped to project convention); TEACHER ONLY, never benchmarked",1,0.0
S8754_1PGA,S8754_1PGA,F,52,P,2.16,ddG,s8754_ddg,stability,F_STABILITY_FIELD_TEACHER,0,1.0,"S8754 ddG (sign-flipped to project convention); TEACHER ONLY, never benchmarked",1,0.0
S8754_1PGA,S8754_1PGA,F,52,Q,1.72,ddG,s8754_ddg,stability,F_STABILITY_FIELD_TEACHER,0,1.0,"S8754 ddG (sign-flipped to project convention); TEACHER ONLY, never benchmarked",1,0.0
S8754_1PGA,S8754_1PGA,F,52,V,3.29,ddG,s8754_ddg,stability,F_STABILITY_FIELD_TEACHER,0,1.0,"S8754 ddG (sign-flipped to project convention); TEACHER ONLY, never benchmarked",1,0.0
S8754_1PGA,S8754_1PGA,T,53,A,1.3066666666666666,ddG,s8754_ddg,stability,F_STABILITY_FIELD_TEACHER,0,1.0,"S8754 ddG (sign-flipped to project convention); TEACHER ONLY, never benchmarked",3,1.4
S8754_1PGA,S8754_1PGA,T,53,C,-0.78,ddG,s8754_ddg,stability,F_STABILITY_FIELD_TEACHER,0,1.0,"S8754 ddG (sign-flipped to project convention); TEACHER ONLY, never benchmarked",1,0.0
S8754_1PGA,S8754_1PGA,T,53,D,1.2925,ddG,s8754_ddg,stability,F_STABILITY_FIELD_TEACHER,0,1.0,"S8754 ddG (sign-flipped to project convention); TEACHER ONLY, never benchmarked",4,1.14
S8754_1PGA,S8754_1PGA,T,53,E,0.6775,ddG,s8754_ddg,stability,F_STABILITY_FIELD_TEACHER,0,1.0,"S8754 ddG (sign-flipped to project convention); TEACHER ONLY, never benchmarked",4,1.93
S8754_1PGA,S8754_1PGA,T,53,G,0.615,ddG,s8754_ddg,stability,F_STABILITY_FIELD_TEACHER,0,1.0,"S8754 ddG (sign-flipped to project convention); TEACHER ONLY, never benchmarked",2,1.19
S8754_1PGA,S8754_1PGA,T,53,H,0.5149999999999999,ddG,s8754_ddg,stability,F_STABILITY_FIELD_TEACHER,0,1.0,"S8754 ddG (sign-flipped to project convention); TEACHER ONLY, never benchmarked",2,1.77
S8754_1PGA,S8754_1PGA,T,53,K,0.1633333333333333,ddG,s8754_ddg,stability,F_STABILITY_FIELD_TEACHER,0,1.0,"S8754 ddG (sign-flipped to project convention); TEACHER ONLY, never benchmarked",3,1.14
S8754_1PGA,S8754_1PGA,T,53,L,0.2366666666666666,ddG,s8754_ddg,stability,F_STABILITY_FIELD_TEACHER,0,1.0,"S8754 ddG (sign-flipped to project convention); TEACHER ONLY, never benchmarked",3,1.16
S8754_1PGA,S8754_1PGA,T,53,M,-0.0666666666666666,ddG,s8754_ddg,stability,F_STABILITY_FIELD_TEACHER,0,1.0,"S8754 ddG (sign-flipped to project convention); TEACHER ONLY, never benchmarked",3,1.27
S8754_1PGA,S8754_1PGA,T,53,N,0.0866666666666666,ddG,s8754_ddg,stability,F_STABILITY_FIELD_TEACHER,0,1.0,"S8754 ddG (sign-flipped to project convention); TEACHER ONLY, never benchmarked",3,1.4500000000000002
S8754_1PGA,S8754_1PGA,T,53,P,0.65,ddG,s8754_ddg,stability,F_STABILITY_FIELD_TEACHER,0,1.0,"S8754 ddG (sign-flipped to project convention); TEACHER ONLY, never benchmarked",2,0.0
S8754_1PGA,S8754_1PGA,T,53,Q,-0.38,ddG,s8754_ddg,stability,F_STABILITY_FIELD_TEACHER,0,1.0,"S8754 ddG (sign-flipped to project convention); TEACHER ONLY, never benchmarked",1,0.0
S8754_1PGA,S8754_1PGA,T,53,R,0.205,ddG,s8754_ddg,stability,F_STABILITY_FIELD_TEACHER,0,1.0,"S8754 ddG (sign-flipped to project convention); TEACHER ONLY, never benchmarked",4,0.99
S8754_1PGA,S8754_1PGA,T,53,S,0.0299999999999999,ddG,s8754_ddg,stability,F_STABILITY_FIELD_TEACHER,0,1.0,"S8754 ddG (sign-flipped to project convention); TEACHER ONLY, never benchmarked",3,1.56
S8754_1PGA,S8754_1PGA,T,53,W,-1.04,ddG,s8754_ddg,stability,F_STABILITY_FIELD_TEACHER,0,1.0,"S8754 ddG (sign-flipped to project convention); TEACHER ONLY, never benchmarked",1,0.0
S8754_1PGA,S8754_1PGA,V,54,D,2.45,ddG,s8754_ddg,stability,F_STABILITY_FIELD_TEACHER,0,1.0,"S8754 ddG (sign-flipped to project convention); TEACHER ONLY, never benchmarked",2,1.12
S8754_1PGA,S8754_1PGA,V,54,E,2.67,ddG,s8754_ddg,stability,F_STABILITY_FIELD_TEACHER,0,1.0,"S8754 ddG (sign-flipped to project convention); TEACHER ONLY, never benchmarked",1,0.0
S8754_1PGA,S8754_1PGA,V,54,F,2.12,ddG,s8754_ddg,stability,F_STABILITY_FIELD_TEACHER,0,1.0,"S8754 ddG (sign-flipped to project convention); TEACHER ONLY, never benchmarked",1,0.0
S8754_1PGA,S8754_1PGA,V,54,G,1.64,ddG,s8754_ddg,stability,F_STABILITY_FIELD_TEACHER,0,1.0,"S8754 ddG (sign-flipped to project convention); TEACHER ONLY, never benchmarked",1,0.0
S8754_1PGA,S8754_1PGA,V,54,I,0.04,ddG,s8754_ddg,stability,F_STABILITY_FIELD_TEACHER,0,1.0,"S8754 ddG (sign-flipped to project convention); TEACHER ONLY, never benchmarked",1,0.0
S8754_1PGA,S8754_1PGA,V,54,K,-0.26,ddG,s8754_ddg,stability,F_STABILITY_FIELD_TEACHER,0,1.0,"S8754 ddG (sign-flipped to project convention); TEACHER ONLY, never benchmarked",1,0.0
S8754_1PGA,S8754_1PGA,V,54,L,0.47,ddG,s8754_ddg,stability,F_STABILITY_FIELD_TEACHER,0,1.0,"S8754 ddG (sign-flipped to project convention); TEACHER ONLY, never benchmarked",1,0.0
S8754_1PGA,S8754_1PGA,V,54,M,0.55,ddG,s8754_ddg,stability,F_STABILITY_FIELD_TEACHER,0,1.0,"S8754 ddG (sign-flipped to project convention); TEACHER ONLY, never benchmarked",2,0.94
S8754_1PGA,S8754_1PGA,V,54,N,0.68,ddG,s8754_ddg,stability,F_STABILITY_FIELD_TEACHER,0,1.0,"S8754 ddG (sign-flipped to project convention); TEACHER ONLY, never benchmarked",1,0.0
S8754_1PGA,S8754_1PGA,V,54,P,0.04,ddG,s8754_ddg,stability,F_STABILITY_FIELD_TEACHER,0,1.0,"S8754 ddG (sign-flipped to project convention); TEACHER ONLY, never benchmarked",1,0.0
S8754_1PGA,S8754_1PGA,V,54,R,2.91,ddG,s8754_ddg,stability,F_STABILITY_FIELD_TEACHER,0,1.0,"S8754 ddG (sign-flipped to project convention); TEACHER ONLY, never benchmarked",1,0.0
S8754_1PGA,S8754_1PGA,V,54,S,1.69,ddG,s8754_ddg,stability,F_STABILITY_FIELD_TEACHER,0,1.0,"S8754 ddG (sign-flipped to project convention); TEACHER ONLY, never benchmarked",1,0.0
S8754_1PGA,S8754_1PGA,V,54,T,1.725,ddG,s8754_ddg,stability,F_STABILITY_FIELD_TEACHER,0,1.0,"S8754 ddG (sign-flipped to project convention); TEACHER ONLY, never benchmarked",2,0.3699999999999999
S8754_1PGA,S8754_1PGA,V,54,Y,2.17,ddG,s8754_ddg,stability,F_STABILITY_FIELD_TEACHER,0,1.0,"S8754 ddG (sign-flipped to project convention); TEACHER ONLY, never benchmarked",1,0.0
S8754_1PGA,S8754_1PGA,T,55,A,1.0,ddG,s8754_ddg,stability,F_STABILITY_FIELD_TEACHER,0,1.0,"S8754 ddG (sign-flipped to project convention); TEACHER ONLY, never benchmarked",1,0.0
S8754_1PGA,S8754_1PGA,T,55,D,0.675,ddG,s8754_ddg,stability,F_STABILITY_FIELD_TEACHER,0,1.0,"S8754 ddG (sign-flipped to project convention); TEACHER ONLY, never benchmarked",2,0.05
S8754_1PGA,S8754_1PGA,T,55,E,0.545,ddG,s8754_ddg,stability,F_STABILITY_FIELD_TEACHER,0,1.0,"S8754 ddG (sign-flipped to project convention); TEACHER ONLY, never benchmarked",2,0.43
S8754_1PGA,S8754_1PGA,T,55,F,0.48,ddG,s8754_ddg,stability,F_STABILITY_FIELD_TEACHER,0,1.0,"S8754 ddG (sign-flipped to project convention); TEACHER ONLY, never benchmarked",2,0.24
S8754_1PGA,S8754_1PGA,T,55,G,0.76,ddG,s8754_ddg,stability,F_STABILITY_FIELD_TEACHER,0,1.0,"S8754 ddG (sign-flipped to project convention); TEACHER ONLY, never benchmarked",2,1.14
S8754_1PGA,S8754_1PGA,T,55,H,1.005,ddG,s8754_ddg,stability,F_STABILITY_FIELD_TEACHER,0,1.0,"S8754 ddG (sign-flipped to project convention); TEACHER ONLY, never benchmarked",2,0.05
S8754_1PGA,S8754_1PGA,T,55,I,0.645,ddG,s8754_ddg,stability,F_STABILITY_FIELD_TEACHER,0,1.0,"S8754 ddG (sign-flipped to project convention); TEACHER ONLY, never benchmarked",2,0.03
S8754_1PGA,S8754_1PGA,T,55,K,0.71,ddG,s8754_ddg,stability,F_STABILITY_FIELD_TEACHER,0,1.0,"S8754 ddG (sign-flipped to project convention); TEACHER ONLY, never benchmarked",2,0.94
S8754_1PGA,S8754_1PGA,T,55,L,0.625,ddG,s8754_ddg,stability,F_STABILITY_FIELD_TEACHER,0,1.0,"S8754 ddG (sign-flipped to project convention); TEACHER ONLY, never benchmarked",2,0.03
S8754_1PGA,S8754_1PGA,T,55,M,0.59,ddG,s8754_ddg,stability,F_STABILITY_FIELD_TEACHER,0,1.0,"S8754 ddG (sign-flipped to project convention); TEACHER ONLY, never benchmarked",2,0.5800000000000001
S8754_1PGA,S8754_1PGA,T,55,N,0.215,ddG,s8754_ddg,stability,F_STABILITY_FIELD_TEACHER,0,1.0,"S8754 ddG (sign-flipped to project convention); TEACHER ONLY, never benchmarked",2,0.53
S8754_1PGA,S8754_1PGA,T,55,P,-0.34,ddG,s8754_ddg,stability,F_STABILITY_FIELD_TEACHER,0,1.0,"S8754 ddG (sign-flipped to project convention); TEACHER ONLY, never benchmarked",1,0.0
S8754_1PGA,S8754_1PGA,T,55,Q,0.35,ddG,s8754_ddg,stability,F_STABILITY_FIELD_TEACHER,0,1.0,"S8754 ddG (sign-flipped to project convention); TEACHER ONLY, never benchmarked",1,0.0
S8754_1PGA,S8754_1PGA,T,55,R,0.2299999999999999,ddG,s8754_ddg,stability,F_STABILITY_FIELD_TEACHER,0,1.0,"S8754 ddG (sign-flipped to project convention); TEACHER ONLY, never benchmarked",2,0.38
S8754_1PGA,S8754_1PGA,T,55,S,0.01,ddG,s8754_ddg,stability,F_STABILITY_FIELD_TEACHER,0,1.0,"S8754 ddG (sign-flipped to project convention); TEACHER ONLY, never benchmarked",2,0.24
S8754_1PGA,S8754_1PGA,T,55,V,0.63,ddG,s8754_ddg,stability,F_STABILITY_FIELD_TEACHER,0,1.0,"S8754 ddG (sign-flipped to project convention); TEACHER ONLY, never benchmarked",1,0.0
S8754_1PGA,S8754_1PGA,T,55,Y,0.39,ddG,s8754_ddg,stability,F_STABILITY_FIELD_TEACHER,0,1.0,"S8754 ddG (sign-flipped to project convention); TEACHER ONLY, never benchmarked",2,0.32
S8754_1PGA,S8754_1PGA,E,56,A,0.65,ddG,s8754_ddg,stability,F_STABILITY_FIELD_TEACHER,0,1.0,"S8754 ddG (sign-flipped to project convention); TEACHER ONLY, never benchmarked",1,0.0
S8754_1PGA,S8754_1PGA,E,56,D,0.295,ddG,s8754_ddg,stability,F_STABILITY_FIELD_TEACHER,0,1.0,"S8754 ddG (sign-flipped to project convention); TEACHER ONLY, never benchmarked",2,0.2299999999999999
S8754_1PGA,S8754_1PGA,E,56,F,-0.185,ddG,s8754_ddg,stability,F_STABILITY_FIELD_TEACHER,0,1.0,"S8754 ddG (sign-flipped to project convention); TEACHER ONLY, never benchmarked",2,0.57
S8754_1PGA,S8754_1PGA,E,56,G,-0.125,ddG,s8754_ddg,stability,F_STABILITY_FIELD_TEACHER,0,1.0,"S8754 ddG (sign-flipped to project convention); TEACHER ONLY, never benchmarked",2,1.81
S8754_1PGA,S8754_1PGA,E,56,H,0.955,ddG,s8754_ddg,stability,F_STABILITY_FIELD_TEACHER,0,1.0,"S8754 ddG (sign-flipped to project convention); TEACHER ONLY, never benchmarked",2,1.27
S8754_1PGA,S8754_1PGA,E,56,I,0.73,ddG,s8754_ddg,stability,F_STABILITY_FIELD_TEACHER,0,1.0,"S8754 ddG (sign-flipped to project convention); TEACHER ONLY, never benchmarked",2,0.66
S8754_1PGA,S8754_1PGA,E,56,K,0.7,ddG,s8754_ddg,stability,F_STABILITY_FIELD_TEACHER,0,1.0,"S8754 ddG (sign-flipped to project convention); TEACHER ONLY, never benchmarked",2,1.44
S8754_1PGA,S8754_1PGA,E,56,L,0.81,ddG,s8754_ddg,stability,F_STABILITY_FIELD_TEACHER,0,1.0,"S8754 ddG (sign-flipped to project convention); TEACHER ONLY, never benchmarked",2,0.4600000000000001
S8754_1PGA,S8754_1PGA,E,56,M,0.47,ddG,s8754_ddg,stability,F_STABILITY_FIELD_TEACHER,0,1.0,"S8754 ddG (sign-flipped to project convention); TEACHER ONLY, never benchmarked",2,0.66
S8754_1PGA,S8754_1PGA,E,56,N,0.265,ddG,s8754_ddg,stability,F_STABILITY_FIELD_TEACHER,0,1.0,"S8754 ddG (sign-flipped to project convention); TEACHER ONLY, never benchmarked",2,0.0499999999999999
S8754_1PGA,S8754_1PGA,E,56,P,0.475,ddG,s8754_ddg,stability,F_STABILITY_FIELD_TEACHER,0,1.0,"S8754 ddG (sign-flipped to project convention); TEACHER ONLY, never benchmarked",2,1.21
S8754_1PGA,S8754_1PGA,E,56,Q,0.42,ddG,s8754_ddg,stability,F_STABILITY_FIELD_TEACHER,0,1.0,"S8754 ddG (sign-flipped to project convention); TEACHER ONLY, never benchmarked",2,0.48
S8754_1PGA,S8754_1PGA,E,56,R,0.75,ddG,s8754_ddg,stability,F_STABILITY_FIELD_TEACHER,0,1.0,"S8754 ddG (sign-flipped to project convention); TEACHER ONLY, never benchmarked",2,1.92
S8754_1PGA,S8754_1PGA,E,56,S,1.0,ddG,s8754_ddg,stability,F_STABILITY_FIELD_TEACHER,0,1.0,"S8754 ddG (sign-flipped to project convention); TEACHER ONLY, never benchmarked",2,0.68
S8754_1PGA,S8754_1PGA,E,56,T,0.42,ddG,s8754_ddg,stability,F_STABILITY_FIELD_TEACHER,0,1.0,"S8754 ddG (sign-flipped to project convention); TEACHER ONLY, never benchmarked",2,0.5
S8754_1PGA,S8754_1PGA,E,56,V,0.4549999999999999,ddG,s8754_ddg,stability,F_STABILITY_FIELD_TEACHER,0,1.0,"S8754 ddG (sign-flipped to project convention); TEACHER ONLY, never benchmarked",2,0.51
S8754_1PGA,S8754_1PGA,E,56,Y,-0.015,ddG,s8754_ddg,stability,F_STABILITY_FIELD_TEACHER,0,1.0,"S8754 ddG (sign-flipped to project convention); TEACHER ONLY, never benchmarked",2,0.53
S8754_1AM7,S8754_1AM7,H,31,D,1.6,ddG,s8754_ddg,stability,F_STABILITY_FIELD_TEACHER,0,1.0,"S8754 ddG (sign-flipped to project convention); TEACHER ONLY, never benchmarked",1,0.0
S8754_1AM7,S8754_1AM7,H,48,N,5.0,ddG,s8754_ddg,stability,F_STABILITY_FIELD_TEACHER,0,1.0,"S8754 ddG (sign-flipped to project convention); TEACHER ONLY, never benchmarked",1,0.0
S8754_1CUN,S8754_1CUN,Q,109,A,0.15,ddG,s8754_ddg,stability,F_STABILITY_FIELD_TEACHER,0,1.0,"S8754 ddG (sign-flipped to project convention); TEACHER ONLY, never benchmarked",1,0.0
S8754_1CUN,S8754_1CUN,Q,109,G,1.15,ddG,s8754_ddg,stability,F_STABILITY_FIELD_TEACHER,0,1.0,"S8754 ddG (sign-flipped to project convention); TEACHER ONLY, never benchmarked",1,0.0
S8754_1CUN,S8754_1CUN,F,111,L,2.55,ddG,s8754_ddg,stability,F_STABILITY_FIELD_TEACHER,0,1.0,"S8754 ddG (sign-flipped to project convention); TEACHER ONLY, never benchmarked",1,0.0
S8754_1CUN,S8754_1CUN,A,113,G,1.75,ddG,s8754_ddg,stability,F_STABILITY_FIELD_TEACHER,0,1.0,"S8754 ddG (sign-flipped to project convention); TEACHER ONLY, never benchmarked",1,0.0
S8754_1CUN,S8754_1CUN,A,120,G,1.65,ddG,s8754_ddg,stability,F_STABILITY_FIELD_TEACHER,0,1.0,"S8754 ddG (sign-flipped to project convention); TEACHER ONLY, never benchmarked",1,0.0
S8754_1CUN,S8754_1CUN,I,122,A,1.65,ddG,s8754_ddg,stability,F_STABILITY_FIELD_TEACHER,0,1.0,"S8754 ddG (sign-flipped to project convention); TEACHER ONLY, never benchmarked",1,0.0
S8754_1CUN,S8754_1CUN,I,122,V,2.85,ddG,s8754_ddg,stability,F_STABILITY_FIELD_TEACHER,0,1.0,"S8754 ddG (sign-flipped to project convention); TEACHER ONLY, never benchmarked",1,0.0
S8754_1CUN,S8754_1CUN,K,146,A,0.15,ddG,s8754_ddg,stability,F_STABILITY_FIELD_TEACHER,0,1.0,"S8754 ddG (sign-flipped to project convention); TEACHER ONLY, never benchmarked",1,0.0
S8754_1CUN,S8754_1CUN,K,146,G,1.45,ddG,s8754_ddg,stability,F_STABILITY_FIELD_TEACHER,0,1.0,"S8754 ddG (sign-flipped to project convention); TEACHER ONLY, never benchmarked",1,0.0
S8754_1CUN,S8754_1CUN,A,150,G,1.45,ddG,s8754_ddg,stability,F_STABILITY_FIELD_TEACHER,0,1.0,"S8754 ddG (sign-flipped to project convention); TEACHER ONLY, never benchmarked",1,0.0
S8754_1CUN,S8754_1CUN,F,151,L,1.85,ddG,s8754_ddg,stability,F_STABILITY_FIELD_TEACHER,0,1.0,"S8754 ddG (sign-flipped to project convention); TEACHER ONLY, never benchmarked",1,0.0
S8754_1CUN,S8754_1CUN,V,157,A,-0.15,ddG,s8754_ddg,stability,F_STABILITY_FIELD_TEACHER,0,1.0,"S8754 ddG (sign-flipped to project convention); TEACHER ONLY, never benchmarked",1,0.0
S8754_1CUN,S8754_1CUN,V,157,G,0.85,ddG,s8754_ddg,stability,F_STABILITY_FIELD_TEACHER,0,1.0,"S8754 ddG (sign-flipped to project convention); TEACHER ONLY, never benchmarked",1,0.0
S8754_1CUN,S8754_1CUN,H,158,A,2.35,ddG,s8754_ddg,stability,F_STABILITY_FIELD_TEACHER,0,1.0,"S8754 ddG (sign-flipped to project convention); TEACHER ONLY, never benchmarked",1,0.0
S8754_1CUN,S8754_1CUN,V,165,A,1.55,ddG,s8754_ddg,stability,F_STABILITY_FIELD_TEACHER,0,1.0,"S8754 ddG (sign-flipped to project convention); TEACHER ONLY, never benchmarked",1,0.0
S8754_1CUN,S8754_1CUN,A,167,G,1.95,ddG,s8754_ddg,stability,F_STABILITY_FIELD_TEACHER,0,1.0,"S8754 ddG (sign-flipped to project convention); TEACHER ONLY, never benchmarked",1,0.0
S8754_1CUN,S8754_1CUN,A,185,G,1.35,ddG,s8754_ddg,stability,F_STABILITY_FIELD_TEACHER,0,1.0,"S8754 ddG (sign-flipped to project convention); TEACHER ONLY, never benchmarked",1,0.0
S8754_1CUN,S8754_1CUN,M,187,A,2.65,ddG,s8754_ddg,stability,F_STABILITY_FIELD_TEACHER,0,1.0,"S8754 ddG (sign-flipped to project convention); TEACHER ONLY, never benchmarked",1,0.0
S8754_1CUN,S8754_1CUN,L,190,A,4.55,ddG,s8754_ddg,stability,F_STABILITY_FIELD_TEACHER,0,1.0,"S8754 ddG (sign-flipped to project convention); TEACHER ONLY, never benchmarked",1,0.0
S8754_1CUN,S8754_1CUN,G,192,A,-0.45,ddG,s8754_ddg,stability,F_STABILITY_FIELD_TEACHER,0,1.0,"S8754 ddG (sign-flipped to project convention); TEACHER ONLY, never benchmarked",1,0.0
S8754_1CUN,S8754_1CUN,S,195,A,-0.15,ddG,s8754_ddg,stability,F_STABILITY_FIELD_TEACHER,0,1.0,"S8754 ddG (sign-flipped to project convention); TEACHER ONLY, never benchmarked",1,0.0
S8754_1CUN,S8754_1CUN,S,195,G,0.95,ddG,s8754_ddg,stability,F_STABILITY_FIELD_TEACHER,0,1.0,"S8754 ddG (sign-flipped to project convention); TEACHER ONLY, never benchmarked",1,0.0
S8754_1CUN,S8754_1CUN,L,197,A,4.05,ddG,s8754_ddg,stability,F_STABILITY_FIELD_TEACHER,0,1.0,"S8754 ddG (sign-flipped to project convention); TEACHER ONLY, never benchmarked",1,0.0
S8754_1CUN,S8754_1CUN,A,200,G,2.25,ddG,s8754_ddg,stability,F_STABILITY_FIELD_TEACHER,0,1.0,"S8754 ddG (sign-flipped to project convention); TEACHER ONLY, never benchmarked",1,0.0
S8754_1CUN,S8754_1CUN,A,206,G,1.45,ddG,s8754_ddg,stability,F_STABILITY_FIELD_TEACHER,0,1.0,"S8754 ddG (sign-flipped to project convention); TEACHER ONLY, never benchmarked",1,0.0
S8754_1CUN,S8754_1CUN,L,208,A,3.65,ddG,s8754_ddg,stability,F_STABILITY_FIELD_TEACHER,0,1.0,"S8754 ddG (sign-flipped to project convention); TEACHER ONLY, never benchmarked",1,0.0
S8754_1AZP,S8754_1AZP,V,30,I,-0.7,ddG,s8754_ddg,stability,F_STABILITY_FIELD_TEACHER,0,1.0,"S8754 ddG (sign-flipped to project convention); TEACHER ONLY, never benchmarked",1,0.0
S8754_1G6N,S8754_1G6N,S,129,A,0.26,ddG,s8754_ddg,stability,F_STABILITY_FIELD_TEACHER,0,1.0,"S8754 ddG (sign-flipped to project convention); TEACHER ONLY, never benchmarked",1,0.0
S8754_1G6N,S8754_1G6N,S,129,P,-0.14,ddG,s8754_ddg,stability,F_STABILITY_FIELD_TEACHER,0,1.0,"S8754 ddG (sign-flipped to project convention); TEACHER ONLY, never benchmarked",1,0.0
S8754_1G6N,S8754_1G6N,D,139,A,0.3,ddG,s8754_ddg,stability,F_STABILITY_FIELD_TEACHER,0,1.0,"S8754 ddG (sign-flipped to project convention); TEACHER ONLY, never benchmarked",1,0.0
S8754_1G6N,S8754_1G6N,D,139,G,-0.9,ddG,s8754_ddg,stability,F_STABILITY_FIELD_TEACHER,0,1.0,"S8754 ddG (sign-flipped to project convention); TEACHER ONLY, never benchmarked",1,0.0
S8754_1G6N,S8754_1G6N,D,139,K,1.3,ddG,s8754_ddg,stability,F_STABILITY_FIELD_TEACHER,0,1.0,"S8754 ddG (sign-flipped to project convention); TEACHER ONLY, never benchmarked",1,0.0
S8754_1G6N,S8754_1G6N,D,139,L,0.5,ddG,s8754_ddg,stability,F_STABILITY_FIELD_TEACHER,0,1.0,"S8754 ddG (sign-flipped to project convention); TEACHER ONLY, never benchmarked",1,0.0
S8754_1G6N,S8754_1G6N,D,139,Q,0.1,ddG,s8754_ddg,stability,F_STABILITY_FIELD_TEACHER,0,1.0,"S8754 ddG (sign-flipped to project convention); TEACHER ONLY, never benchmarked",1,0.0
S8754_1G6N,S8754_1G6N,D,139,S,-0.9,ddG,s8754_ddg,stability,F_STABILITY_FIELD_TEACHER,0,1.0,"S8754 ddG (sign-flipped to project convention); TEACHER ONLY, never benchmarked",1,0.0
S8754_1G6N,S8754_1G6N,D,139,T,0.0,ddG,s8754_ddg,stability,F_STABILITY_FIELD_TEACHER,0,1.0,"S8754 ddG (sign-flipped to project convention); TEACHER ONLY, never benchmarked",1,0.0
S8754_1G6N,S8754_1G6N,D,139,V,-1.0,ddG,s8754_ddg,stability,F_STABILITY_FIELD_TEACHER,0,1.0,"S8754 ddG (sign-flipped to project convention); TEACHER ONLY, never benchmarked",1,0.0
S8754_1OTR_2,S8754_1OTR_2,E,29,D,1.0023923445,ddG,s8754_ddg,stability,F_STABILITY_FIELD_TEACHER,0,1.0,"S8754 ddG (sign-flipped to project convention); TEACHER ONLY, never benchmarked",1,0.0
S8754_1OTR_2,S8754_1OTR_2,E,29,L,-0.9584688995,ddG,s8754_ddg,stability,F_STABILITY_FIELD_TEACHER,0,1.0,"S8754 ddG (sign-flipped to project convention); TEACHER ONLY, never benchmarked",1,0.0
S8754_1OTR_2,S8754_1OTR_2,E,29,S,0.5990430619999996,ddG,s8754_ddg,stability,F_STABILITY_FIELD_TEACHER,0,1.0,"S8754 ddG (sign-flipped to project convention); TEACHER ONLY, never benchmarked",1,0.0
S8754_2MMX,S8754_2MMX,F,2,A,1.9,ddG,s8754_ddg,stability,F_STABILITY_FIELD_TEACHER,0,1.0,"S8754 ddG (sign-flipped to project convention); TEACHER ONLY, never benchmarked",1,0.0
S8754_2MMX,S8754_2MMX,F,2,L,1.2,ddG,s8754_ddg,stability,F_STABILITY_FIELD_TEACHER,0,1.0,"S8754 ddG (sign-flipped to project convention); TEACHER ONLY, never benchmarked",1,0.0
S8754_2MMX,S8754_2MMX,F,2,P,2.5,ddG,s8754_ddg,stability,F_STABILITY_FIELD_TEACHER,0,1.0,"S8754 ddG (sign-flipped to project convention); TEACHER ONLY, never benchmarked",1,0.0
S8754_2MMX,S8754_2MMX,F,2,S,1.9,ddG,s8754_ddg,stability,F_STABILITY_FIELD_TEACHER,0,1.0,"S8754 ddG (sign-flipped to project convention); TEACHER ONLY, never benchmarked",1,0.0
S8754_2MMX,S8754_2MMX,F,2,W,1.3,ddG,s8754_ddg,stability,F_STABILITY_FIELD_TEACHER,0,1.0,"S8754 ddG (sign-flipped to project convention); TEACHER ONLY, never benchmarked",1,0.0
S8754_2MMX,S8754_2MMX,P,7,S,2.6,ddG,s8754_ddg,stability,F_STABILITY_FIELD_TEACHER,0,1.0,"S8754 ddG (sign-flipped to project convention); TEACHER ONLY, never benchmarked",1,0.0
S8754_2MMX,S8754_2MMX,H,8,P,0.6,ddG,s8754_ddg,stability,F_STABILITY_FIELD_TEACHER,0,1.0,"S8754 ddG (sign-flipped to project convention); TEACHER ONLY, never benchmarked",1,0.0
S8754_2MMX,S8754_2MMX,H,8,S,0.6,ddG,s8754_ddg,stability,F_STABILITY_FIELD_TEACHER,0,1.0,"S8754 ddG (sign-flipped to project convention); TEACHER ONLY, never benchmarked",1,0.0
S8754_1GSB,S8754_1GSB,F,56,S,0.5,ddG,s8754_ddg,stability,F_STABILITY_FIELD_TEACHER,0,1.0,"S8754 ddG (sign-flipped to project convention); TEACHER ONLY, never benchmarked",1,0.0
S8754_1YU5,S8754_1YU5,H,32,Y,-1.2525,ddG,s8754_ddg,stability,F_STABILITY_FIELD_TEACHER,0,1.0,"S8754 ddG (sign-flipped to project convention); TEACHER ONLY, never benchmarked",4,0.3999999999999999
S8754_1YU5,S8754_1YU5,L,52,G,3.31,ddG,s8754_ddg,stability,F_STABILITY_FIELD_TEACHER,0,1.0,"S8754 ddG (sign-flipped to project convention); TEACHER ONLY, never benchmarked",1,0.0
S8754_1YU5,S8754_1YU5,K,61,M,-0.5,ddG,s8754_ddg,stability,F_STABILITY_FIELD_TEACHER,0,1.0,"S8754 ddG (sign-flipped to project convention); TEACHER ONLY, never benchmarked",1,0.0
S8754_1CDC,S8754_1CDC,L,16,V,2.2,ddG,s8754_ddg,stability,F_STABILITY_FIELD_TEACHER,0,1.0,"S8754 ddG (sign-flipped to project convention); TEACHER ONLY, never benchmarked",1,0.0
S8754_1CDC,S8754_1CDC,I,18,V,1.17,ddG,s8754_ddg,stability,F_STABILITY_FIELD_TEACHER,0,1.0,"S8754 ddG (sign-flipped to project convention); TEACHER ONLY, never benchmarked",1,0.0
S8754_1CDC,S8754_1CDC,V,30,A,4.88,ddG,s8754_ddg,stability,F_STABILITY_FIELD_TEACHER,0,1.0,"S8754 ddG (sign-flipped to project convention); TEACHER ONLY, never benchmarked",1,0.0
S8754_1CDC,S8754_1CDC,A,40,G,1.71,ddG,s8754_ddg,stability,F_STABILITY_FIELD_TEACHER,0,1.0,"S8754 ddG (sign-flipped to project convention); TEACHER ONLY, never benchmarked",1,0.0
S8754_1CDC,S8754_1CDC,L,50,V,-0.37,ddG,s8754_ddg,stability,F_STABILITY_FIELD_TEACHER,0,1.0,"S8754 ddG (sign-flipped to project convention); TEACHER ONLY, never benchmarked",1,0.0
S8754_1CDC,S8754_1CDC,I,57,V,0.43,ddG,s8754_ddg,stability,F_STABILITY_FIELD_TEACHER,0,1.0,"S8754 ddG (sign-flipped to project convention); TEACHER ONLY, never benchmarked",1,0.0
S8754_1CDC,S8754_1CDC,V,78,A,3.01,ddG,s8754_ddg,stability,F_STABILITY_FIELD_TEACHER,0,1.0,"S8754 ddG (sign-flipped to project convention); TEACHER ONLY, never benchmarked",1,0.0
S8754_1CDC,S8754_1CDC,L,89,V,0.14,ddG,s8754_ddg,stability,F_STABILITY_FIELD_TEACHER,0,1.0,"S8754 ddG (sign-flipped to project convention); TEACHER ONLY, never benchmarked",1,0.0
S8754_1CDC,S8754_1CDC,L,95,V,0.75,ddG,s8754_ddg,stability,F_STABILITY_FIELD_TEACHER,0,1.0,"S8754 ddG (sign-flipped to project convention); TEACHER ONLY, never benchmarked",1,0.0
S8754_1HNG,S8754_1HNG,L,16,V,2.2,ddG,s8754_ddg,stability,F_STABILITY_FIELD_TEACHER,0,1.0,"S8754 ddG (sign-flipped to project convention); TEACHER ONLY, never benchmarked",1,0.0
S8754_1HNG,S8754_1HNG,I,18,V,1.17,ddG,s8754_ddg,stability,F_STABILITY_FIELD_TEACHER,0,1.0,"S8754 ddG (sign-flipped to project convention); TEACHER ONLY, never benchmarked",1,0.0
S8754_1HNG,S8754_1HNG,V,30,A,4.88,ddG,s8754_ddg,stability,F_STABILITY_FIELD_TEACHER,0,1.0,"S8754 ddG (sign-flipped to project convention); TEACHER ONLY, never benchmarked",1,0.0
S8754_1HNG,S8754_1HNG,A,40,G,1.71,ddG,s8754_ddg,stability,F_STABILITY_FIELD_TEACHER,0,1.0,"S8754 ddG (sign-flipped to project convention); TEACHER ONLY, never benchmarked",1,0.0
S8754_1HNG,S8754_1HNG,L,50,V,-0.37,ddG,s8754_ddg,stability,F_STABILITY_FIELD_TEACHER,0,1.0,"S8754 ddG (sign-flipped to project convention); TEACHER ONLY, never benchmarked",1,0.0
S8754_1HNG,S8754_1HNG,I,57,V,0.43,ddG,s8754_ddg,stability,F_STABILITY_FIELD_TEACHER,0,1.0,"S8754 ddG (sign-flipped to project convention); TEACHER ONLY, never benchmarked",1,0.0
S8754_1HNG,S8754_1HNG,Y,76,F,1.49,ddG,s8754_ddg,stability,F_STABILITY_FIELD_TEACHER,0,1.0,"S8754 ddG (sign-flipped to project convention); TEACHER ONLY, never benchmarked",1,0.0
S8754_1HNG,S8754_1HNG,V,78,A,3.01,ddG,s8754_ddg,stability,F_STABILITY_FIELD_TEACHER,0,1.0,"S8754 ddG (sign-flipped to project convention); TEACHER ONLY, never benchmarked",1,0.0
S8754_1HNG,S8754_1HNG,L,89,V,0.14,ddG,s8754_ddg,stability,F_STABILITY_FIELD_TEACHER,0,1.0,"S8754 ddG (sign-flipped to project convention); TEACHER ONLY, never benchmarked",1,0.0
S8754_1HNG,S8754_1HNG,L,95,V,0.75,ddG,s8754_ddg,stability,F_STABILITY_FIELD_TEACHER,0,1.0,"S8754 ddG (sign-flipped to project convention); TEACHER ONLY, never benchmarked",1,0.0
S8754_1Z1I,S8754_1Z1I,W,31,F,-0.17,ddG,s8754_ddg,stability,F_STABILITY_FIELD_TEACHER,0,1.0,"S8754 ddG (sign-flipped to project convention); TEACHER ONLY, never benchmarked",1,0.0
S8754_1MJC,S8754_1MJC,F,17,L,1.0,ddG,s8754_ddg,stability,F_STABILITY_FIELD_TEACHER,0,1.0,"S8754 ddG (sign-flipped to project convention); TEACHER ONLY, never benchmarked",1,0.0
S8754_1MJC,S8754_1MJC,F,17,S,1.54,ddG,s8754_ddg,stability,F_STABILITY_FIELD_TEACHER,0,1.0,"S8754 ddG (sign-flipped to project convention); TEACHER ONLY, never benchmarked",1,0.0
S8754_1MJC,S8754_1MJC,F,19,L,0.31,ddG,s8754_ddg,stability,F_STABILITY_FIELD_TEACHER,0,1.0,"S8754 ddG (sign-flipped to project convention); TEACHER ONLY, never benchmarked",1,0.0
S8754_1MJC,S8754_1MJC,F,19,S,1.16,ddG,s8754_ddg,stability,F_STABILITY_FIELD_TEACHER,0,1.0,"S8754 ddG (sign-flipped to project convention); TEACHER ONLY, never benchmarked",1,0.0
S8754_1MJC,S8754_1MJC,F,30,L,0.66,ddG,s8754_ddg,stability,F_STABILITY_FIELD_TEACHER,0,1.0,"S8754 ddG (sign-flipped to project convention); TEACHER ONLY, never benchmarked",1,0.0
S8754_1MJC,S8754_1MJC,F,30,S,1.03,ddG,s8754_ddg,stability,F_STABILITY_FIELD_TEACHER,0,1.0,"S8754 ddG (sign-flipped to project convention); TEACHER ONLY, never benchmarked",1,0.0
S8754_1MJC,S8754_1MJC,Y,41,W,-0.15,ddG,s8754_ddg,stability,F_STABILITY_FIELD_TEACHER,0,1.0,"S8754 ddG (sign-flipped to project convention); TEACHER ONLY, never benchmarked",1,0.0
S8754_1MJC,S8754_1MJC,S,51,W,0.2,ddG,s8754_ddg,stability,F_STABILITY_FIELD_TEACHER,0,1.0,"S8754 ddG (sign-flipped to project convention); TEACHER ONLY, never benchmarked",1,0.0
S8754_1MJC,S8754_1MJC,T,67,W,-0.7,ddG,s8754_ddg,stability,F_STABILITY_FIELD_TEACHER,0,1.0,"S8754 ddG (sign-flipped to project convention); TEACHER ONLY, never benchmarked",1,0.0
S8754_1BOY,S8754_1BOY,R,200,W,-0.6,ddG,s8754_ddg,stability,F_STABILITY_FIELD_TEACHER,0,1.0,"S8754 ddG (sign-flipped to project convention); TEACHER ONLY, never benchmarked",1,0.0
S8754_3MXF,S8754_3MXF,A,48,V,-0.0999999999999999,ddG,s8754_ddg,stability,F_STABILITY_FIELD_TEACHER,0,1.0,"S8754 ddG (sign-flipped to project convention); TEACHER ONLY, never benchmarked",1,0.0
S8754_3OLM,S8754_3OLM,K,14,A,0.14,ddG,s8754_ddg,stability,F_STABILITY_FIELD_TEACHER,0,1.0,"S8754 ddG (sign-flipped to project convention); TEACHER ONLY, never benchmarked",1,0.0
S8754_3OLM,S8754_3OLM,I,33,F,3.32,ddG,s8754_ddg,stability,F_STABILITY_FIELD_TEACHER,0,1.0,"S8754 ddG (sign-flipped to project convention); TEACHER ONLY, never benchmarked",1,0.0
S8754_3OLM,S8754_3OLM,I,33,L,1.96,ddG,s8754_ddg,stability,F_STABILITY_FIELD_TEACHER,0,1.0,"S8754 ddG (sign-flipped to project convention); TEACHER ONLY, never benchmarked",1,0.0
S8754_3OLM,S8754_3OLM,I,33,V,1.58,ddG,s8754_ddg,stability,F_STABILITY_FIELD_TEACHER,0,1.0,"S8754 ddG (sign-flipped to project convention); TEACHER ONLY, never benchmarked",1,0.0
S8754_3OLM,S8754_3OLM,E,37,D,1.0,ddG,s8754_ddg,stability,F_STABILITY_FIELD_TEACHER,0,1.0,"S8754 ddG (sign-flipped to project convention); TEACHER ONLY, never benchmarked",1,0.0
S8754_3OLM,S8754_3OLM,E,37,L,-0.96,ddG,s8754_ddg,stability,F_STABILITY_FIELD_TEACHER,0,1.0,"S8754 ddG (sign-flipped to project convention); TEACHER ONLY, never benchmarked",1,0.0
S8754_3OLM,S8754_3OLM,E,37,S,0.6,ddG,s8754_ddg,stability,F_STABILITY_FIELD_TEACHER,0,1.0,"S8754 ddG (sign-flipped to project convention); TEACHER ONLY, never benchmarked",1,0.0
S8754_3OLM,S8754_3OLM,I,39,F,0.86,ddG,s8754_ddg,stability,F_STABILITY_FIELD_TEACHER,0,1.0,"S8754 ddG (sign-flipped to project convention); TEACHER ONLY, never benchmarked",1,0.0
S8754_3OLM,S8754_3OLM,I,39,L,1.32,ddG,s8754_ddg,stability,F_STABILITY_FIELD_TEACHER,0,1.0,"S8754 ddG (sign-flipped to project convention); TEACHER ONLY, never benchmarked",1,0.0
S8754_3OLM,S8754_3OLM,I,39,V,0.79,ddG,s8754_ddg,stability,F_STABILITY_FIELD_TEACHER,0,1.0,"S8754 ddG (sign-flipped to project convention); TEACHER ONLY, never benchmarked",1,0.0
S8754_4BR1,S8754_4BR1,S,103,D,0.65,ddG,s8754_ddg,stability,F_STABILITY_FIELD_TEACHER,0,1.0,"S8754 ddG (sign-flipped to project convention); TEACHER ONLY, never benchmarked",1,0.0
S8754_4BR1,S8754_4BR1,Q,177,A,-0.05,ddG,s8754_ddg,stability,F_STABILITY_FIELD_TEACHER,0,1.0,"S8754 ddG (sign-flipped to project convention); TEACHER ONLY, never benchmarked",1,0.0
S8754_4BR1,S8754_4BR1,Q,177,D,-0.75,ddG,s8754_ddg,stability,F_STABILITY_FIELD_TEACHER,0,1.0,"S8754 ddG (sign-flipped to project convention); TEACHER ONLY, never benchmarked",1,0.0
S8754_4BR1,S8754_4BR1,K,191,A,-0.5,ddG,s8754_ddg,stability,F_STABILITY_FIELD_TEACHER,0,1.0,"S8754 ddG (sign-flipped to project convention); TEACHER ONLY, never benchmarked",1,0.0
S8754_4V2F,S8754_4V2F,R,127,E,-0.31,ddG,s8754_ddg,stability,F_STABILITY_FIELD_TEACHER,0,1.0,"S8754 ddG (sign-flipped to project convention); TEACHER ONLY, never benchmarked",1,0.0
S8754_1JIW,S8754_1JIW,A,8,P,-3.2,ddG,s8754_ddg,stability,F_STABILITY_FIELD_TEACHER,0,1.0,"S8754 ddG (sign-flipped to project convention); TEACHER ONLY, never benchmarked",1,0.0
S8754_1JIW,S8754_1JIW,D,10,A,0.7,ddG,s8754_ddg,stability,F_STABILITY_FIELD_TEACHER,0,1.0,"S8754 ddG (sign-flipped to project convention); TEACHER ONLY, never benchmarked",1,0.0
S8754_1JIW,S8754_1JIW,D,10,P,-2.9,ddG,s8754_ddg,stability,F_STABILITY_FIELD_TEACHER,0,1.0,"S8754 ddG (sign-flipped to project convention); TEACHER ONLY, never benchmarked",1,0.0
S8754_1JIW,S8754_1JIW,W,15,F,2.3,ddG,s8754_ddg,stability,F_STABILITY_FIELD_TEACHER,0,1.0,"S8754 ddG (sign-flipped to project convention); TEACHER ONLY, never benchmarked",1,0.0
S8754_1EQ7,S8754_1EQ7,S,2,A,0.8,ddG,s8754_ddg,stability,F_STABILITY_FIELD_TEACHER,0,1.0,"S8754 ddG (sign-flipped to project convention); TEACHER ONLY, never benchmarked",1,0.0
S8754_1EQ7,S8754_1EQ7,Y,55,A,1.1,ddG,s8754_ddg,stability,F_STABILITY_FIELD_TEACHER,0,1.0,"S8754 ddG (sign-flipped to project convention); TEACHER ONLY, never benchmarked",1,0.0
S8754_1QGD,S8754_1QGD,D,142,K,6.384,ddG,s8754_ddg,stability,F_STABILITY_FIELD_TEACHER,0,1.0,"S8754 ddG (sign-flipped to project convention); TEACHER ONLY, never benchmarked",1,0.0
S8754_1QGD,S8754_1QGD,H,191,P,0.537,ddG,s8754_ddg,stability,F_STABILITY_FIELD_TEACHER,0,1.0,"S8754 ddG (sign-flipped to project convention); TEACHER ONLY, never benchmarked",1,0.0
S8754_2CI2,S8754_2CI2,K,21,A,0.79,ddG,s8754_ddg,stability,F_STABILITY_FIELD_TEACHER,0,1.0,"S8754 ddG (sign-flipped to project convention); TEACHER ONLY, never benchmarked",1,0.0
S8754_2CI2,S8754_2CI2,K,21,M,0.7,ddG,s8754_ddg,stability,F_STABILITY_FIELD_TEACHER,0,1.0,"S8754 ddG (sign-flipped to project convention); TEACHER ONLY, never benchmarked",1,0.0
S8754_2CI2,S8754_2CI2,T,22,A,0.8766666666666666,ddG,s8754_ddg,stability,F_STABILITY_FIELD_TEACHER,0,1.0,"S8754 ddG (sign-flipped to project convention); TEACHER ONLY, never benchmarked",3,0.08
S8754_2CI2,S8754_2CI2,T,22,G,1.07,ddG,s8754_ddg,stability,F_STABILITY_FIELD_TEACHER,0,1.0,"S8754 ddG (sign-flipped to project convention); TEACHER ONLY, never benchmarked",1,0.0
S8754_2CI2,S8754_2CI2,T,22,V,0.76,ddG,s8754_ddg,stability,F_STABILITY_FIELD_TEACHER,0,1.0,"S8754 ddG (sign-flipped to project convention); TEACHER ONLY, never benchmarked",1,0.0
S8754_2CI2,S8754_2CI2,P,25,A,1.57,ddG,s8754_ddg,stability,F_STABILITY_FIELD_TEACHER,0,1.0,"S8754 ddG (sign-flipped to project convention); TEACHER ONLY, never benchmarked",1,0.0
S8754_2CI2,S8754_2CI2,E,26,A,0.75,ddG,s8754_ddg,stability,F_STABILITY_FIELD_TEACHER,0,1.0,"S8754 ddG (sign-flipped to project convention); TEACHER ONLY, never benchmarked",1,0.0
S8754_2CI2,S8754_2CI2,E,26,Q,0.6,ddG,s8754_ddg,stability,F_STABILITY_FIELD_TEACHER,0,1.0,"S8754 ddG (sign-flipped to project convention); TEACHER ONLY, never benchmarked",1,0.0
S8754_2CI2,S8754_2CI2,L,27,A,2.468125,ddG,s8754_ddg,stability,F_STABILITY_FIELD_TEACHER,0,1.0,"S8754 ddG (sign-flipped to project convention); TEACHER ONLY, never benchmarked",4,0.5875000000000004
S8754_2CI2,S8754_2CI2,K,30,A,0.39,ddG,s8754_ddg,stability,F_STABILITY_FIELD_TEACHER,0,1.0,"S8754 ddG (sign-flipped to project convention); TEACHER ONLY, never benchmarked",1,0.0
S8754_2CI2,S8754_2CI2,S,31,A,0.96125,ddG,s8754_ddg,stability,F_STABILITY_FIELD_TEACHER,0,1.0,"S8754 ddG (sign-flipped to project convention); TEACHER ONLY, never benchmarked",4,0.14
S8754_2CI2,S8754_2CI2,S,31,G,0.3388888888888888,ddG,s8754_ddg,stability,F_STABILITY_FIELD_TEACHER,0,1.0,"S8754 ddG (sign-flipped to project convention); TEACHER ONLY, never benchmarked",3,0.4
S8754_2CI2,S8754_2CI2,E,33,D,0.65,ddG,s8754_ddg,stability,F_STABILITY_FIELD_TEACHER,0,1.0,"S8754 ddG (sign-flipped to project convention); TEACHER ONLY, never benchmarked",1,0.0
S8754_2CI2,S8754_2CI2,E,33,N,0.5555555555555556,ddG,s8754_ddg,stability,F_STABILITY_FIELD_TEACHER,0,1.0,"S8754 ddG (sign-flipped to project convention); TEACHER ONLY, never benchmarked",3,0.2833333333333334
S8754_2CI2,S8754_2CI2,E,33,Q,0.39,ddG,s8754_ddg,stability,F_STABILITY_FIELD_TEACHER,0,1.0,"S8754 ddG (sign-flipped to project convention); TEACHER ONLY, never benchmarked",1,0.0
S8754_2CI2,S8754_2CI2,E,34,D,0.19,ddG,s8754_ddg,stability,F_STABILITY_FIELD_TEACHER,0,1.0,"S8754 ddG (sign-flipped to project convention); TEACHER ONLY, never benchmarked",1,0.0
S8754_2CI2,S8754_2CI2,E,34,N,0.58,ddG,s8754_ddg,stability,F_STABILITY_FIELD_TEACHER,0,1.0,"S8754 ddG (sign-flipped to project convention); TEACHER ONLY, never benchmarked",1,0.0
S8754_2CI2,S8754_2CI2,E,34,Q,0.58,ddG,s8754_ddg,stability,F_STABILITY_FIELD_TEACHER,0,1.0,"S8754 ddG (sign-flipped to project convention); TEACHER ONLY, never benchmarked",1,0.0
S8754_2CI2,S8754_2CI2,A,35,G,1.25,ddG,s8754_ddg,stability,F_STABILITY_FIELD_TEACHER,0,1.0,"S8754 ddG (sign-flipped to project convention); TEACHER ONLY, never benchmarked",1,0.0
S8754_2CI2,S8754_2CI2,K,36,A,0.7200000000000001,ddG,s8754_ddg,stability,F_STABILITY_FIELD_TEACHER,0,1.0,"S8754 ddG (sign-flipped to project convention); TEACHER ONLY, never benchmarked",3,0.48
S8754_2CI2,S8754_2CI2,K,36,G,2.16,ddG,s8754_ddg,stability,F_STABILITY_FIELD_TEACHER,0,1.0,"S8754 ddG (sign-flipped to project convention); TEACHER ONLY, never benchmarked",1,0.0
S8754_2CI2,S8754_2CI2,K,37,A,0.2133333333333333,ddG,s8754_ddg,stability,F_STABILITY_FIELD_TEACHER,0,1.0,"S8754 ddG (sign-flipped to project convention); TEACHER ONLY, never benchmarked",3,0.92
S8754_2CI2,S8754_2CI2,K,37,G,1.1941666666666666,ddG,s8754_ddg,stability,F_STABILITY_FIELD_TEACHER,0,1.0,"S8754 ddG (sign-flipped to project convention); TEACHER ONLY, never benchmarked",3,0.4625000000000001
S8754_2CI2,S8754_2CI2,V,38,A,0.3478124999999999,ddG,s8754_ddg,stability,F_STABILITY_FIELD_TEACHER,0,1.0,"S8754 ddG (sign-flipped to project convention); TEACHER ONLY, never benchmarked",4,0.33875
S8754_2CI2,S8754_2CI2,I,39,L,1.96,ddG,s8754_ddg,stability,F_STABILITY_FIELD_TEACHER,0,1.0,"S8754 ddG (sign-flipped to project convention); TEACHER ONLY, never benchmarked",1,0.0
S8754_2CI2,S8754_2CI2,I,39,V,1.16725,ddG,s8754_ddg,stability,F_STABILITY_FIELD_TEACHER,0,1.0,"S8754 ddG (sign-flipped to project convention); TEACHER ONLY, never benchmarked",5,0.2737499999999999
S8754_2CI2,S8754_2CI2,L,40,A,1.27,ddG,s8754_ddg,stability,F_STABILITY_FIELD_TEACHER,0,1.0,"S8754 ddG (sign-flipped to project convention); TEACHER ONLY, never benchmarked",1,0.0
S8754_2CI2,S8754_2CI2,L,40,G,1.73,ddG,s8754_ddg,stability,F_STABILITY_FIELD_TEACHER,0,1.0,"S8754 ddG (sign-flipped to project convention); TEACHER ONLY, never benchmarked",1,0.0
S8754_2CI2,S8754_2CI2,Q,41,A,0.28,ddG,s8754_ddg,stability,F_STABILITY_FIELD_TEACHER,0,1.0,"S8754 ddG (sign-flipped to project convention); TEACHER ONLY, never benchmarked",1,0.0
S8754_2CI2,S8754_2CI2,Q,41,G,0.76,ddG,s8754_ddg,stability,F_STABILITY_FIELD_TEACHER,0,1.0,"S8754 ddG (sign-flipped to project convention); TEACHER ONLY, never benchmarked",1,0.0
S8754_2CI2,S8754_2CI2,D,42,A,1.0,ddG,s8754_ddg,stability,F_STABILITY_FIELD_TEACHER,0,1.0,"S8754 ddG (sign-flipped to project convention); TEACHER ONLY, never benchmarked",1,0.0
S8754_2CI2,S8754_2CI2,K,43,A,0.8550000000000001,ddG,s8754_ddg,stability,F_STABILITY_FIELD_TEACHER,0,1.0,"S8754 ddG (sign-flipped to project convention); TEACHER ONLY, never benchmarked",3,0.4450000000000002
S8754_2CI2,S8754_2CI2,K,43,G,3.34,ddG,s8754_ddg,stability,F_STABILITY_FIELD_TEACHER,0,1.0,"S8754 ddG (sign-flipped to project convention); TEACHER ONLY, never benchmarked",1,0.0
S8754_2CI2,S8754_2CI2,P,44,A,1.6424999999999998,ddG,s8754_ddg,stability,F_STABILITY_FIELD_TEACHER,0,1.0,"S8754 ddG (sign-flipped to project convention); TEACHER ONLY, never benchmarked",1,0.0
S8754_2CI2,S8754_2CI2,E,45,A,0.6287499999999999,ddG,s8754_ddg,stability,F_STABILITY_FIELD_TEACHER,0,1.0,"S8754 ddG (sign-flipped to project convention); TEACHER ONLY, never benchmarked",2,0.0225
S8754_2CI2,S8754_2CI2,I,48,A,3.693333333333333,ddG,s8754_ddg,stability,F_STABILITY_FIELD_TEACHER,0,1.0,"S8754 ddG (sign-flipped to project convention); TEACHER ONLY, never benchmarked",3,0.3800000000000003
S8754_2CI2,S8754_2CI2,I,48,V,0.95875,ddG,s8754_ddg,stability,F_STABILITY_FIELD_TEACHER,0,1.0,"S8754 ddG (sign-flipped to project convention); TEACHER ONLY, never benchmarked",4,0.2750000000000001
S8754_2CI2,S8754_2CI2,I,49,A,1.7633333333333334,ddG,s8754_ddg,stability,F_STABILITY_FIELD_TEACHER,0,1.0,"S8754 ddG (sign-flipped to project convention); TEACHER ONLY, never benchmarked",3,1.07
S8754_2CI2,S8754_2CI2,I,49,G,3.23,ddG,s8754_ddg,stability,F_STABILITY_FIELD_TEACHER,0,1.0,"S8754 ddG (sign-flipped to project convention); TEACHER ONLY, never benchmarked",1,0.0
S8754_2CI2,S8754_2CI2,I,49,T,1.21,ddG,s8754_ddg,stability,F_STABILITY_FIELD_TEACHER,0,1.0,"S8754 ddG (sign-flipped to project convention); TEACHER ONLY, never benchmarked",1,0.0
S8754_2CI2,S8754_2CI2,I,49,V,-0.02,ddG,s8754_ddg,stability,F_STABILITY_FIELD_TEACHER,0,1.0,"S8754 ddG (sign-flipped to project convention); TEACHER ONLY, never benchmarked",3,0.18
S8754_2CI2,S8754_2CI2,L,51,A,2.1425,ddG,s8754_ddg,stability,F_STABILITY_FIELD_TEACHER,0,1.0,"S8754 ddG (sign-flipped to project convention); TEACHER ONLY, never benchmarked",3,0.4725000000000001
S8754_2CI2,S8754_2CI2,L,51,I,0.63,ddG,s8754_ddg,stability,F_STABILITY_FIELD_TEACHER,0,1.0,"S8754 ddG (sign-flipped to project convention); TEACHER ONLY, never benchmarked",1,0.0
S8754_2CI2,S8754_2CI2,L,51,V,0.6866666666666666,ddG,s8754_ddg,stability,F_STABILITY_FIELD_TEACHER,0,1.0,"S8754 ddG (sign-flipped to project convention); TEACHER ONLY, never benchmarked",3,0.39
S8754_2CI2,S8754_2CI2,P,52,A,0.17,ddG,s8754_ddg,stability,F_STABILITY_FIELD_TEACHER,0,1.0,"S8754 ddG (sign-flipped to project convention); TEACHER ONLY, never benchmarked",1,0.0
S8754_2CI2,S8754_2CI2,V,53,A,0.7166666666666667,ddG,s8754_ddg,stability,F_STABILITY_FIELD_TEACHER,0,1.0,"S8754 ddG (sign-flipped to project convention); TEACHER ONLY, never benchmarked",3,0.25
S8754_2CI2,S8754_2CI2,V,53,G,2.26,ddG,s8754_ddg,stability,F_STABILITY_FIELD_TEACHER,0,1.0,"S8754 ddG (sign-flipped to project convention); TEACHER ONLY, never benchmarked",1,0.0
S8754_2CI2,S8754_2CI2,V,53,T,1.1233333333333333,ddG,s8754_ddg,stability,F_STABILITY_FIELD_TEACHER,0,1.0,"S8754 ddG (sign-flipped to project convention); TEACHER ONLY, never benchmarked",3,0.28
S8754_2CI2,S8754_2CI2,T,55,A,0.59,ddG,s8754_ddg,stability,F_STABILITY_FIELD_TEACHER,0,1.0,"S8754 ddG (sign-flipped to project convention); TEACHER ONLY, never benchmarked",1,0.0
S8754_2CI2,S8754_2CI2,T,55,S,0.5,ddG,s8754_ddg,stability,F_STABILITY_FIELD_TEACHER,0,1.0,"S8754 ddG (sign-flipped to project convention); TEACHER ONLY, never benchmarked",1,0.0
S8754_2CI2,S8754_2CI2,T,55,V,1.16,ddG,s8754_ddg,stability,F_STABILITY_FIELD_TEACHER,0,1.0,"S8754 ddG (sign-flipped to project convention); TEACHER ONLY, never benchmarked",1,0.0
S8754_2CI2,S8754_2CI2,I,56,A,0.65,ddG,s8754_ddg,stability,F_STABILITY_FIELD_TEACHER,0,1.0,"S8754 ddG (sign-flipped to project convention); TEACHER ONLY, never benchmarked",1,0.0
S8754_2CI2,S8754_2CI2,V,57,A,1.07,ddG,s8754_ddg,stability,F_STABILITY_FIELD_TEACHER,0,1.0,"S8754 ddG (sign-flipped to project convention); TEACHER ONLY, never benchmarked",1,0.0
S8754_2CI2,S8754_2CI2,T,58,A,0.69,ddG,s8754_ddg,stability,F_STABILITY_FIELD_TEACHER,0,1.0,"S8754 ddG (sign-flipped to project convention); TEACHER ONLY, never benchmarked",1,0.0
S8754_2CI2,S8754_2CI2,T,58,D,0.0,ddG,s8754_ddg,stability,F_STABILITY_FIELD_TEACHER,0,1.0,"S8754 ddG (sign-flipped to project convention); TEACHER ONLY, never benchmarked",1,0.0
S8754_2CI2,S8754_2CI2,E,60,A,0.89,ddG,s8754_ddg,stability,F_STABILITY_FIELD_TEACHER,0,1.0,"S8754 ddG (sign-flipped to project convention); TEACHER ONLY, never benchmarked",1,0.0
S8754_2CI2,S8754_2CI2,R,62,A,0.8,ddG,s8754_ddg,stability,F_STABILITY_FIELD_TEACHER,0,1.0,"S8754 ddG (sign-flipped to project convention); TEACHER ONLY, never benchmarked",1,0.0
S8754_2CI2,S8754_2CI2,D,64,A,0.91,ddG,s8754_ddg,stability,F_STABILITY_FIELD_TEACHER,0,1.0,"S8754 ddG (sign-flipped to project convention); TEACHER ONLY, never benchmarked",1,0.0
S8754_2CI2,S8754_2CI2,V,66,A,4.925833333333333,ddG,s8754_ddg,stability,F_STABILITY_FIELD_TEACHER,0,1.0,"S8754 ddG (sign-flipped to project convention); TEACHER ONLY, never benchmarked",3,0.0374999999999996
S8754_2CI2,S8754_2CI2,R,67,A,1.305,ddG,s8754_ddg,stability,F_STABILITY_FIELD_TEACHER,0,1.0,"S8754 ddG (sign-flipped to project convention); TEACHER ONLY, never benchmarked",2,0.1899999999999999
S8754_2CI2,S8754_2CI2,L,68,A,3.688333333333334,ddG,s8754_ddg,stability,F_STABILITY_FIELD_TEACHER,0,1.0,"S8754 ddG (sign-flipped to project convention); TEACHER ONLY, never benchmarked",3,0.1150000000000002
S8754_2CI2,S8754_2CI2,F,69,A,3.53,ddG,s8754_ddg,stability,F_STABILITY_FIELD_TEACHER,0,1.0,"S8754 ddG (sign-flipped to project convention); TEACHER ONLY, never benchmarked",1,0.0
S8754_2CI2,S8754_2CI2,F,69,L,2.0425,ddG,s8754_ddg,stability,F_STABILITY_FIELD_TEACHER,0,1.0,"S8754 ddG (sign-flipped to project convention); TEACHER ONLY, never benchmarked",3,0.1424999999999998
S8754_2CI2,S8754_2CI2,F,69,V,1.9,ddG,s8754_ddg,stability,F_STABILITY_FIELD_TEACHER,0,1.0,"S8754 ddG (sign-flipped to project convention); TEACHER ONLY, never benchmarked",1,0.0
S8754_2CI2,S8754_2CI2,V,70,A,1.79875,ddG,s8754_ddg,stability,F_STABILITY_FIELD_TEACHER,0,1.0,"S8754 ddG (sign-flipped to project convention); TEACHER ONLY, never benchmarked",4,0.835
S8754_2CI2,S8754_2CI2,D,71,A,3.28,ddG,s8754_ddg,stability,F_STABILITY_FIELD_TEACHER,0,1.0,"S8754 ddG (sign-flipped to project convention); TEACHER ONLY, never benchmarked",1,0.0
S8754_2CI2,S8754_2CI2,K,72,N,0.61,ddG,s8754_ddg,stability,F_STABILITY_FIELD_TEACHER,0,1.0,"S8754 ddG (sign-flipped to project convention); TEACHER ONLY, never benchmarked",1,0.0
S8754_2CI2,S8754_2CI2,N,75,A,1.02,ddG,s8754_ddg,stability,F_STABILITY_FIELD_TEACHER,0,1.0,"S8754 ddG (sign-flipped to project convention); TEACHER ONLY, never benchmarked",1,0.0
S8754_2CI2,S8754_2CI2,N,75,D,1.36,ddG,s8754_ddg,stability,F_STABILITY_FIELD_TEACHER,0,1.0,"S8754 ddG (sign-flipped to project convention); TEACHER ONLY, never benchmarked",1,0.0
S8754_2CI2,S8754_2CI2,I,76,A,4.208333333333333,ddG,s8754_ddg,stability,F_STABILITY_FIELD_TEACHER,0,1.0,"S8754 ddG (sign-flipped to project convention); TEACHER ONLY, never benchmarked",3,0.1550000000000002
S8754_2CI2,S8754_2CI2,I,76,V,-0.093125,ddG,s8754_ddg,stability,F_STABILITY_FIELD_TEACHER,0,1.0,"S8754 ddG (sign-flipped to project convention); TEACHER ONLY, never benchmarked",4,0.1975
S8754_2CI2,S8754_2CI2,A,77,G,1.42,ddG,s8754_ddg,stability,F_STABILITY_FIELD_TEACHER,0,1.0,"S8754 ddG (sign-flipped to project convention); TEACHER ONLY, never benchmarked",1,0.0
S8754_2CI2,S8754_2CI2,V,79,A,1.46,ddG,s8754_ddg,stability,F_STABILITY_FIELD_TEACHER,0,1.0,"S8754 ddG (sign-flipped to project convention); TEACHER ONLY, never benchmarked",1,0.0
S8754_2CI2,S8754_2CI2,V,79,G,2.38,ddG,s8754_ddg,stability,F_STABILITY_FIELD_TEACHER,0,1.0,"S8754 ddG (sign-flipped to project convention); TEACHER ONLY, never benchmarked",1,0.0
S8754_2CI2,S8754_2CI2,V,79,T,0.89,ddG,s8754_ddg,stability,F_STABILITY_FIELD_TEACHER,0,1.0,"S8754 ddG (sign-flipped to project convention); TEACHER ONLY, never benchmarked",1,0.0
S8754_2CI2,S8754_2CI2,P,80,A,3.34,ddG,s8754_ddg,stability,F_STABILITY_FIELD_TEACHER,0,1.0,"S8754 ddG (sign-flipped to project convention); TEACHER ONLY, never benchmarked",1,0.0
S8754_2CI2,S8754_2CI2,V,82,A,1.36,ddG,s8754_ddg,stability,F_STABILITY_FIELD_TEACHER,0,1.0,"S8754 ddG (sign-flipped to project convention); TEACHER ONLY, never benchmarked",1,0.0
S8754_2CI2,S8754_2CI2,V,82,G,3.24,ddG,s8754_ddg,stability,F_STABILITY_FIELD_TEACHER,0,1.0,"S8754 ddG (sign-flipped to project convention); TEACHER ONLY, never benchmarked",1,0.0
S8754_2CI2,S8754_2CI2,V,82,S,1.3,ddG,s8754_ddg,stability,F_STABILITY_FIELD_TEACHER,0,1.0,"S8754 ddG (sign-flipped to project convention); TEACHER ONLY, never benchmarked",1,0.0
S8754_2CI2,S8754_2CI2,V,82,T,1.33,ddG,s8754_ddg,stability,F_STABILITY_FIELD_TEACHER,0,1.0,"S8754 ddG (sign-flipped to project convention); TEACHER ONLY, never benchmarked",1,0.0
S8754_1LRP,S8754_1LRP,K,4,Q,-0.43,ddG,s8754_ddg,stability,F_STABILITY_FIELD_TEACHER,0,1.0,"S8754 ddG (sign-flipped to project convention); TEACHER ONLY, never benchmarked",1,0.0
S8754_1LRP,S8754_1LRP,Y,22,H,2.25,ddG,s8754_ddg,stability,F_STABILITY_FIELD_TEACHER,0,1.0,"S8754 ddG (sign-flipped to project convention); TEACHER ONLY, never benchmarked",1,0.0
S8754_1LRP,S8754_1LRP,Q,33,Y,-1.32,ddG,s8754_ddg,stability,F_STABILITY_FIELD_TEACHER,0,1.0,"S8754 ddG (sign-flipped to project convention); TEACHER ONLY, never benchmarked",1,0.0
S8754_1LRP,S8754_1LRP,V,36,I,-0.8,ddG,s8754_ddg,stability,F_STABILITY_FIELD_TEACHER,0,1.0,"S8754 ddG (sign-flipped to project convention); TEACHER ONLY, never benchmarked",2,0.3999999999999999
S8754_1LRP,S8754_1LRP,M,40,A,2.05,ddG,s8754_ddg,stability,F_STABILITY_FIELD_TEACHER,0,1.0,"S8754 ddG (sign-flipped to project convention); TEACHER ONLY, never benchmarked",2,0.1
S8754_1LRP,S8754_1LRP,Q,44,Y,0.02,ddG,s8754_ddg,stability,F_STABILITY_FIELD_TEACHER,0,1.0,"S8754 ddG (sign-flipped to project convention); TEACHER ONLY, never benchmarked",1,0.0
S8754_1LRP,S8754_1LRP,G,46,A,-0.66,ddG,s8754_ddg,stability,F_STABILITY_FIELD_TEACHER,0,1.0,"S8754 ddG (sign-flipped to project convention); TEACHER ONLY, never benchmarked",1,0.0
S8754_1LRP,S8754_1LRP,G,48,A,-0.87,ddG,s8754_ddg,stability,F_STABILITY_FIELD_TEACHER,0,1.0,"S8754 ddG (sign-flipped to project convention); TEACHER ONLY, never benchmarked",1,0.0
S8754_1LRP,S8754_1LRP,G,48,N,-0.79,ddG,s8754_ddg,stability,F_STABILITY_FIELD_TEACHER,0,1.0,"S8754 ddG (sign-flipped to project convention); TEACHER ONLY, never benchmarked",1,0.0
S8754_1LRP,S8754_1LRP,G,48,S,-0.68,ddG,s8754_ddg,stability,F_STABILITY_FIELD_TEACHER,0,1.0,"S8754 ddG (sign-flipped to project convention); TEACHER ONLY, never benchmarked",1,0.0
S8754_1LRP,S8754_1LRP,A,49,V,1.22,ddG,s8754_ddg,stability,F_STABILITY_FIELD_TEACHER,0,1.0,"S8754 ddG (sign-flipped to project convention); TEACHER ONLY, never benchmarked",1,0.0
S8754_1LRP,S8754_1LRP,A,66,T,2.99,ddG,s8754_ddg,stability,F_STABILITY_FIELD_TEACHER,0,1.0,"S8754 ddG (sign-flipped to project convention); TEACHER ONLY, never benchmarked",1,0.0
S8754_1LRP,S8754_1LRP,P,78,A,1.6,ddG,s8754_ddg,stability,F_STABILITY_FIELD_TEACHER,0,1.0,"S8754 ddG (sign-flipped to project convention); TEACHER ONLY, never benchmarked",2,0.0
S8754_1LRP,S8754_1LRP,I,84,S,2.25,ddG,s8754_ddg,stability,F_STABILITY_FIELD_TEACHER,0,1.0,"S8754 ddG (sign-flipped to project convention); TEACHER ONLY, never benchmarked",1,0.0
S8754_1LRP,S8754_1LRP,Y,88,C,-2.5,ddG,s8754_ddg,stability,F_STABILITY_FIELD_TEACHER,0,1.0,"S8754 ddG (sign-flipped to project convention); TEACHER ONLY, never benchmarked",1,0.0
S8754_3DVI,S8754_3DVI,I,35,N,-2.2,ddG,s8754_ddg,stability,F_STABILITY_FIELD_TEACHER,0,1.0,"S8754 ddG (sign-flipped to project convention); TEACHER ONLY, never benchmarked",1,0.0
S8754_3DVI,S8754_3DVI,H,93,D,0.6000000000000001,ddG,s8754_ddg,stability,F_STABILITY_FIELD_TEACHER,0,1.0,"S8754 ddG (sign-flipped to project convention); TEACHER ONLY, never benchmarked",1,0.0
S8754_3DVI,S8754_3DVI,P,102,Q,0.1,ddG,s8754_ddg,stability,F_STABILITY_FIELD_TEACHER,0,1.0,"S8754 ddG (sign-flipped to project convention); TEACHER ONLY, never benchmarked",1,0.0
S8754_1ACB,S8754_1ACB,V,14,A,1.5087173333333332,ddG,s8754_ddg,stability,F_STABILITY_FIELD_TEACHER,0,1.0,"S8754 ddG (sign-flipped to project convention); TEACHER ONLY, never benchmarked",2,0.5174866666666667
S8754_1ACB,S8754_1ACB,V,18,A,1.2,ddG,s8754_ddg,stability,F_STABILITY_FIELD_TEACHER,0,1.0,"S8754 ddG (sign-flipped to project convention); TEACHER ONLY, never benchmarked",1,0.0
S8754_1ACB,S8754_1ACB,L,27,A,0.16,ddG,s8754_ddg,stability,F_STABILITY_FIELD_TEACHER,0,1.0,"S8754 ddG (sign-flipped to project convention); TEACHER ONLY, never benchmarked",1,0.0
S8754_1ACB,S8754_1ACB,V,54,A,2.112700583333333,ddG,s8754_ddg,stability,F_STABILITY_FIELD_TEACHER,0,1.0,"S8754 ddG (sign-flipped to project convention); TEACHER ONLY, never benchmarked",2,0.2808261666666671
S8754_1ACB,S8754_1ACB,V,62,A,1.01,ddG,s8754_ddg,stability,F_STABILITY_FIELD_TEACHER,0,1.0,"S8754 ddG (sign-flipped to project convention); TEACHER ONLY, never benchmarked",1,0.0
S8754_1CSE,S8754_1CSE,V,14,A,1.04,ddG,s8754_ddg,stability,F_STABILITY_FIELD_TEACHER,0,1.0,"S8754 ddG (sign-flipped to project convention); TEACHER ONLY, never benchmarked",1,0.0
S8754_1CSE,S8754_1CSE,V,18,A,1.2,ddG,s8754_ddg,stability,F_STABILITY_FIELD_TEACHER,0,1.0,"S8754 ddG (sign-flipped to project convention); TEACHER ONLY, never benchmarked",1,0.0
S8754_1CSE,S8754_1CSE,L,27,A,0.16,ddG,s8754_ddg,stability,F_STABILITY_FIELD_TEACHER,0,1.0,"S8754 ddG (sign-flipped to project convention); TEACHER ONLY, never benchmarked",1,0.0
S8754_1CSE,S8754_1CSE,V,54,A,1.58,ddG,s8754_ddg,stability,F_STABILITY_FIELD_TEACHER,0,1.0,"S8754 ddG (sign-flipped to project convention); TEACHER ONLY, never benchmarked",1,0.0
S8754_1CSE,S8754_1CSE,V,62,A,1.01,ddG,s8754_ddg,stability,F_STABILITY_FIELD_TEACHER,0,1.0,"S8754 ddG (sign-flipped to project convention); TEACHER ONLY, never benchmarked",1,0.0
S8754_1FC1,S8754_1FC1,Q,125,A,0.9,ddG,s8754_ddg,stability,F_STABILITY_FIELD_TEACHER,0,1.0,"S8754 ddG (sign-flipped to project convention); TEACHER ONLY, never benchmarked",1,0.0
S8754_1FC1,S8754_1FC1,Y,127,A,0.65,ddG,s8754_ddg,stability,F_STABILITY_FIELD_TEACHER,0,1.0,"S8754 ddG (sign-flipped to project convention); TEACHER ONLY, never benchmarked",1,0.0
S8754_1FC1,S8754_1FC1,T,128,A,0.2,ddG,s8754_ddg,stability,F_STABILITY_FIELD_TEACHER,0,1.0,"S8754 ddG (sign-flipped to project convention); TEACHER ONLY, never benchmarked",1,0.0
S8754_1FC1,S8754_1FC1,L,129,A,1.7000000000000002,ddG,s8754_ddg,stability,F_STABILITY_FIELD_TEACHER,0,1.0,"S8754 ddG (sign-flipped to project convention); TEACHER ONLY, never benchmarked",1,0.0
S8754_1FC1,S8754_1FC1,T,144,A,2.55,ddG,s8754_ddg,stability,F_STABILITY_FIELD_TEACHER,0,1.0,"S8754 ddG (sign-flipped to project convention); TEACHER ONLY, never benchmarked",1,0.0
S8754_1FC1,S8754_1FC1,L,146,A,2.6,ddG,s8754_ddg,stability,F_STABILITY_FIELD_TEACHER,0,1.0,"S8754 ddG (sign-flipped to project convention); TEACHER ONLY, never benchmarked",1,0.0
S8754_1FC1,S8754_1FC1,K,148,A,1.65,ddG,s8754_ddg,stability,F_STABILITY_FIELD_TEACHER,0,1.0,"S8754 ddG (sign-flipped to project convention); TEACHER ONLY, never benchmarked",1,0.0
S8754_1FC1,S8754_1FC1,K,170,A,0.5,ddG,s8754_ddg,stability,F_STABILITY_FIELD_TEACHER,0,1.0,"S8754 ddG (sign-flipped to project convention); TEACHER ONLY, never benchmarked",1,0.0
S8754_1FC1,S8754_1FC1,T,172,A,0.8,ddG,s8754_ddg,stability,F_STABILITY_FIELD_TEACHER,0,1.0,"S8754 ddG (sign-flipped to project convention); TEACHER ONLY, never benchmarked",1,0.0
S8754_1FC1,S8754_1FC1,P,173,A,3.5,ddG,s8754_ddg,stability,F_STABILITY_FIELD_TEACHER,0,1.0,"S8754 ddG (sign-flipped to project convention); TEACHER ONLY, never benchmarked",1,0.0
S8754_1FC1,S8754_1FC1,V,175,A,1.0,ddG,s8754_ddg,stability,F_STABILITY_FIELD_TEACHER,0,1.0,"S8754 ddG (sign-flipped to project convention); TEACHER ONLY, never benchmarked",1,0.0
S8754_1FC1,S8754_1FC1,L,176,A,0.5,ddG,s8754_ddg,stability,F_STABILITY_FIELD_TEACHER,0,1.0,"S8754 ddG (sign-flipped to project convention); TEACHER ONLY, never benchmarked",1,0.0
S8754_1FC1,S8754_1FC1,D,177,A,0.8,ddG,s8754_ddg,stability,F_STABILITY_FIELD_TEACHER,0,1.0,"S8754 ddG (sign-flipped to project convention); TEACHER ONLY, never benchmarked",1,0.0
S8754_1FC1,S8754_1FC1,F,183,A,2.9,ddG,s8754_ddg,stability,F_STABILITY_FIELD_TEACHER,0,1.0,"S8754 ddG (sign-flipped to project convention); TEACHER ONLY, never benchmarked",1,0.0
S8754_1FC1,S8754_1FC1,Y,185,A,2.3,ddG,s8754_ddg,stability,F_STABILITY_FIELD_TEACHER,0,1.0,"S8754 ddG (sign-flipped to project convention); TEACHER ONLY, never benchmarked",1,0.0
S8754_1FC1,S8754_1FC1,K,187,A,3.15,ddG,s8754_ddg,stability,F_STABILITY_FIELD_TEACHER,0,1.0,"S8754 ddG (sign-flipped to project convention); TEACHER ONLY, never benchmarked",1,0.0
S8754_1PDO,S8754_1PDO,W,11,F,-1.79,ddG,s8754_ddg,stability,F_STABILITY_FIELD_TEACHER,0,1.0,"S8754 ddG (sign-flipped to project convention); TEACHER ONLY, never benchmarked",1,0.0
S8754_1PDO,S8754_1PDO,W,32,F,1.08,ddG,s8754_ddg,stability,F_STABILITY_FIELD_TEACHER,0,1.0,"S8754 ddG (sign-flipped to project convention); TEACHER ONLY, never benchmarked",1,0.0
S8754_1PDO,S8754_1PDO,W,68,F,2.15,ddG,s8754_ddg,stability,F_STABILITY_FIELD_TEACHER,0,1.0,"S8754 ddG (sign-flipped to project convention); TEACHER ONLY, never benchmarked",1,0.0
S8754_1W99,S8754_1W99,L,92,V,10.49,ddG,s8754_ddg,stability,F_STABILITY_FIELD_TEACHER,0,1.0,"S8754 ddG (sign-flipped to project convention); TEACHER ONLY, never benchmarked",1,0.0
S8754_1W99,S8754_1W99,I,106,L,0.32,ddG,s8754_ddg,stability,F_STABILITY_FIELD_TEACHER,0,1.0,"S8754 ddG (sign-flipped to project convention); TEACHER ONLY, never benchmarked",1,0.0
S8754_1RHG,S8754_1RHG,G,26,A,-1.93,ddG,s8754_ddg,stability,F_STABILITY_FIELD_TEACHER,0,1.0,"S8754 ddG (sign-flipped to project convention); TEACHER ONLY, never benchmarked",1,0.0
S8754_1RHG,S8754_1RHG,G,28,A,-2.35,ddG,s8754_ddg,stability,F_STABILITY_FIELD_TEACHER,0,1.0,"S8754 ddG (sign-flipped to project convention); TEACHER ONLY, never benchmarked",1,0.0
S8754_1RHG,S8754_1RHG,E,46,A,0.7844444444444444,ddG,s8754_ddg,stability,F_STABILITY_FIELD_TEACHER,0,1.0,"S8754 ddG (sign-flipped to project convention); TEACHER ONLY, never benchmarked",3,1.113333333333333
S8754_1RHG,S8754_1RHG,G,73,A,-0.89,ddG,s8754_ddg,stability,F_STABILITY_FIELD_TEACHER,0,1.0,"S8754 ddG (sign-flipped to project convention); TEACHER ONLY, never benchmarked",1,0.0
S8754_1RHG,S8754_1RHG,G,81,A,0.76,ddG,s8754_ddg,stability,F_STABILITY_FIELD_TEACHER,0,1.0,"S8754 ddG (sign-flipped to project convention); TEACHER ONLY, never benchmarked",1,0.0
S8754_1RHG,S8754_1RHG,G,87,A,0.97,ddG,s8754_ddg,stability,F_STABILITY_FIELD_TEACHER,0,1.0,"S8754 ddG (sign-flipped to project convention); TEACHER ONLY, never benchmarked",1,0.0
S8754_1RHG,S8754_1RHG,G,149,A,-1.38,ddG,s8754_ddg,stability,F_STABILITY_FIELD_TEACHER,0,1.0,"S8754 ddG (sign-flipped to project convention); TEACHER ONLY, never benchmarked",1,0.0
S8754_1RHG,S8754_1RHG,G,150,A,-1.94,ddG,s8754_ddg,stability,F_STABILITY_FIELD_TEACHER,0,1.0,"S8754 ddG (sign-flipped to project convention); TEACHER ONLY, never benchmarked",1,0.0
S8754_2SPZ,S8754_2SPZ,F,13,W,0.25,ddG,s8754_ddg,stability,F_STABILITY_FIELD_TEACHER,0,1.0,"S8754 ddG (sign-flipped to project convention); TEACHER ONLY, never benchmarked",1,0.0
S8754_2SPZ,S8754_2SPZ,A,29,G,0.46,ddG,s8754_ddg,stability,F_STABILITY_FIELD_TEACHER,0,1.0,"S8754 ddG (sign-flipped to project convention); TEACHER ONLY, never benchmarked",1,0.0
S8754_2RLK,S8754_2RLK,S,13,A,0.974173508,ddG,s8754_ddg,stability,F_STABILITY_FIELD_TEACHER,0,1.0,"S8754 ddG (sign-flipped to project convention); TEACHER ONLY, never benchmarked",1,0.0
S8754_2RLK,S8754_2RLK,P,14,A,0.366422968,ddG,s8754_ddg,stability,F_STABILITY_FIELD_TEACHER,0,1.0,"S8754 ddG (sign-flipped to project convention); TEACHER ONLY, never benchmarked",1,0.0
S8754_2RLK,S8754_2RLK,Y,21,A,0.315006135,ddG,s8754_ddg,stability,F_STABILITY_FIELD_TEACHER,0,1.0,"S8754 ddG (sign-flipped to project convention); TEACHER ONLY, never benchmarked",1,0.0
S8754_2RLK,S8754_2RLK,Y,27,A,0.988291807,ddG,s8754_ddg,stability,F_STABILITY_FIELD_TEACHER,0,1.0,"S8754 ddG (sign-flipped to project convention); TEACHER ONLY, never benchmarked",1,0.0
