accession,hgvs_nt,hgvs_splice,hgvs_pro,score
urn:mavedb:00000068-c-1#1,NA,NA,p.Lys381Trp,0.6897379241948636
urn:mavedb:00000068-c-1#2,NA,NA,p.Lys381Val,0.9217032752733788
urn:mavedb:00000068-c-1#3,NA,NA,p.Lys381Thr,1.1005092602902395
urn:mavedb:00000068-c-1#4,NA,NA,p.Lys381Ser,1.26201344362853
urn:mavedb:00000068-c-1#5,NA,NA,p.Lys381Arg,0.9221698410044592
urn:mavedb:00000068-c-1#6,NA,NA,p.Lys381Gln,0.8466858336163486
urn:mavedb:00000068-c-1#7,NA,NA,p.Lys381Pro,1.1555080200185024
urn:mavedb:00000068-c-1#8,NA,NA,p.Lys381Asn,0.9331790705664108
urn:mavedb:00000068-c-1#9,NA,NA,p.Lys381Met,1.916445588775002
urn:mavedb:00000068-c-1#10,NA,NA,p.Lys381Leu,1.3104565376462889
urn:mavedb:00000068-c-1#11,NA,NA,p.Lys381Ile,1.0652109340327174
urn:mavedb:00000068-c-1#12,NA,NA,p.Lys381His,0.9627798415075676
urn:mavedb:00000068-c-1#13,NA,NA,p.Lys381Gly,1.0279453991129912
urn:mavedb:00000068-c-1#14,NA,NA,p.Lys381Phe,1.0508345410313968
urn:mavedb:00000068-c-1#15,NA,NA,p.Lys381Glu,1.0724902421048086
urn:mavedb:00000068-c-1#16,NA,NA,p.Lys381Asp,0.8138982404186208
urn:mavedb:00000068-c-1#17,NA,NA,p.Lys381Cys,1.4532141271928316
urn:mavedb:00000068-c-1#18,NA,NA,p.Lys381=,0.9696653776179278
urn:mavedb:00000068-c-1#19,NA,NA,p.Lys381Ala,0.7460337431681067
urn:mavedb:00000068-c-1#20,NA,NA,p.His380Ter,1.3034495686173388
urn:mavedb:00000068-c-1#21,NA,NA,p.His380Tyr,0.8965524119684646
urn:mavedb:00000068-c-1#22,NA,NA,p.His380Trp,1.7809013504228417
urn:mavedb:00000068-c-1#23,NA,NA,p.His380Val,1.072585929798315
urn:mavedb:00000068-c-1#24,NA,NA,p.His380Thr,1.1841273720890422
urn:mavedb:00000068-c-1#25,NA,NA,p.His380Ser,1.3687843770530743
urn:mavedb:00000068-c-1#26,NA,NA,p.His380Arg,0.7366771436686292
urn:mavedb:00000068-c-1#27,NA,NA,p.His380Gln,1.033367957395002
urn:mavedb:00000068-c-1#28,NA,NA,p.His380Pro,0.9845495554784536
urn:mavedb:00000068-c-1#29,NA,NA,p.His380Asn,0.8761827415509977
urn:mavedb:00000068-c-1#30,NA,NA,p.His380Met,1.3468500644985526
urn:mavedb:00000068-c-1#31,NA,NA,p.His380Leu,0.8899467693991435
urn:mavedb:00000068-c-1#32,NA,NA,p.His380Lys,1.1384527945070724
urn:mavedb:00000068-c-1#33,NA,NA,p.His380Ile,1.16482527578864
urn:mavedb:00000068-c-1#34,NA,NA,p.His380Gly,1.384271220697673
urn:mavedb:00000068-c-1#35,NA,NA,p.His380Phe,1.1553111613316227
urn:mavedb:00000068-c-1#36,NA,NA,p.His380Glu,0.9219767809711716
urn:mavedb:00000068-c-1#37,NA,NA,p.His380Asp,1.1148918647207282
urn:mavedb:00000068-c-1#38,NA,NA,p.His380Cys,1.3740407967034105
urn:mavedb:00000068-c-1#39,NA,NA,p.His380=,1.0455256869428655
urn:mavedb:00000068-c-1#40,NA,NA,p.His380Ala,1.3917487341777228
urn:mavedb:00000068-c-1#41,NA,NA,p.Arg379Ter,1.0429661847742042
urn:mavedb:00000068-c-1#42,NA,NA,p.Arg379Tyr,1.4949982995220523
urn:mavedb:00000068-c-1#43,NA,NA,p.Arg379Trp,0.4903304671220727
urn:mavedb:00000068-c-1#44,NA,NA,p.Arg379Val,1.519688360258726
urn:mavedb:00000068-c-1#45,NA,NA,p.Arg379Thr,0.9930554168269315
urn:mavedb:00000068-c-1#46,NA,NA,p.Arg379Ser,0.9065027755425517
urn:mavedb:00000068-c-1#47,NA,NA,p.Arg379Gln,0.9113747412871024
urn:mavedb:00000068-c-1#48,NA,NA,p.Arg379Pro,1.1646831722754063
urn:mavedb:00000068-c-1#49,NA,NA,p.Arg379Asn,1.210109885443018
urn:mavedb:00000068-c-1#50,NA,NA,p.Arg379Met,1.245431611299033
urn:mavedb:00000068-c-1#51,NA,NA,p.Arg379Leu,0.8582794397582075
urn:mavedb:00000068-c-1#52,NA,NA,p.Arg379Lys,0.6458011598704614
urn:mavedb:00000068-c-1#53,NA,NA,p.Arg379Ile,1.3203652277914513
urn:mavedb:00000068-c-1#54,NA,NA,p.Arg379His,0.7405965362245645
urn:mavedb:00000068-c-1#55,NA,NA,p.Arg379Gly,1.1246356575468521
urn:mavedb:00000068-c-1#56,NA,NA,p.Arg379Phe,1.2538659200119011
urn:mavedb:00000068-c-1#57,NA,NA,p.Arg379Glu,0.3924389235242901
urn:mavedb:00000068-c-1#58,NA,NA,p.Arg379Asp,1.184634475684291
urn:mavedb:00000068-c-1#59,NA,NA,p.Arg379Cys,0.8377011921385591
urn:mavedb:00000068-c-1#60,NA,NA,p.Arg379=,0.7186349571355488
urn:mavedb:00000068-c-1#61,NA,NA,p.Arg379Ala,0.9828502926064858
urn:mavedb:00000068-c-1#62,NA,NA,p.Ser378Ter,0.8844796639264022
urn:mavedb:00000068-c-1#63,NA,NA,p.Ser378Tyr,0.784300599145266
urn:mavedb:00000068-c-1#64,NA,NA,p.Ser378Trp,0.8125505145042777
urn:mavedb:00000068-c-1#65,NA,NA,p.Ser378Val,0.9714202877938029
urn:mavedb:00000068-c-1#66,NA,NA,p.Ser378Thr,0.9626605267093482
urn:mavedb:00000068-c-1#67,NA,NA,p.Ser378Arg,1.1137330367233274
urn:mavedb:00000068-c-1#68,NA,NA,p.Ser378Gln,1.4171059970008704
urn:mavedb:00000068-c-1#69,NA,NA,p.Ser378Pro,0.9247944541460598
urn:mavedb:00000068-c-1#70,NA,NA,p.Ser378Asn,1.3781215271199585
urn:mavedb:00000068-c-1#71,NA,NA,p.Ser378Met,1.1394183645113902
urn:mavedb:00000068-c-1#72,NA,NA,p.Ser378Leu,1.0157887055565462
urn:mavedb:00000068-c-1#73,NA,NA,p.Ser378Lys,1.353783714207117
urn:mavedb:00000068-c-1#74,NA,NA,p.Ser378Ile,1.2207288266250915
urn:mavedb:00000068-c-1#75,NA,NA,p.Ser378His,0.9159189674882164
urn:mavedb:00000068-c-1#76,NA,NA,p.Ser378Gly,0.8907284718259881
urn:mavedb:00000068-c-1#77,NA,NA,p.Ser378Phe,0.795639952441587
urn:mavedb:00000068-c-1#78,NA,NA,p.Ser378Glu,0.921567813209078
urn:mavedb:00000068-c-1#79,NA,NA,p.Ser378Asp,0.7744591902768847
urn:mavedb:00000068-c-1#80,NA,NA,p.Ser378Cys,0.7368238274203865
urn:mavedb:00000068-c-1#81,NA,NA,p.Ser378=,0.7280094042234386
urn:mavedb:00000068-c-1#82,NA,NA,p.Ser378Ala,1.29484893028196
urn:mavedb:00000068-c-1#83,NA,NA,p.Thr377Ter,0.9915553113937131
urn:mavedb:00000068-c-1#84,NA,NA,p.Thr377Tyr,0.9174153793229344
urn:mavedb:00000068-c-1#85,NA,NA,p.Thr377Trp,1.0736050055522617
urn:mavedb:00000068-c-1#86,NA,NA,p.Thr377Val,0.9638956743512256
urn:mavedb:00000068-c-1#87,NA,NA,p.Thr377Ser,0.7413370802571976
urn:mavedb:00000068-c-1#88,NA,NA,p.Thr377Arg,0.7744950300726067
urn:mavedb:00000068-c-1#89,NA,NA,p.Thr377Gln,1.309861550271283
urn:mavedb:00000068-c-1#90,NA,NA,p.Thr377Pro,1.0130204386192754
urn:mavedb:00000068-c-1#91,NA,NA,p.Thr377Asn,0.3997562064070969
urn:mavedb:00000068-c-1#92,NA,NA,p.Thr377Met,0.9545935249639296
urn:mavedb:00000068-c-1#93,NA,NA,p.Thr377Leu,1.0068943516931903
urn:mavedb:00000068-c-1#94,NA,NA,p.Thr377Lys,1.3990190042142137
urn:mavedb:00000068-c-1#95,NA,NA,p.Thr377Ile,0.8564804952724443
urn:mavedb:00000068-c-1#96,NA,NA,p.Thr377His,1.0454549450302313
urn:mavedb:00000068-c-1#97,NA,NA,p.Thr377Gly,0.6887992135806179
urn:mavedb:00000068-c-1#98,NA,NA,p.Thr377Phe,1.51311327676353
urn:mavedb:00000068-c-1#99,NA,NA,p.Thr377Glu,1.5316672695408302
urn:mavedb:00000068-c-1#100,NA,NA,p.Thr377Asp,0.952130577172242
urn:mavedb:00000068-c-1#101,NA,NA,p.Thr377Cys,1.2640098454102913
urn:mavedb:00000068-c-1#102,NA,NA,p.Thr377=,0.6692669238957261
urn:mavedb:00000068-c-1#103,NA,NA,p.Thr377Ala,0.7292609195209628
urn:mavedb:00000068-c-1#104,NA,NA,p.Ser376Ter,1.1826785054520434
urn:mavedb:00000068-c-1#105,NA,NA,p.Ser376Tyr,0.9058965633217934
urn:mavedb:00000068-c-1#106,NA,NA,p.Ser376Trp,0.8890952038106075
urn:mavedb:00000068-c-1#107,NA,NA,p.Ser376Val,0.9505706993787588
urn:mavedb:00000068-c-1#108,NA,NA,p.Ser376Thr,0.9808204424541213
urn:mavedb:00000068-c-1#109,NA,NA,p.Ser376Arg,0.6576580439053626
urn:mavedb:00000068-c-1#110,NA,NA,p.Ser376Gln,1.2080174297468238
urn:mavedb:00000068-c-1#111,NA,NA,p.Ser376Pro,0.8030260068699501
urn:mavedb:00000068-c-1#112,NA,NA,p.Ser376Asn,0.9940311396420336
urn:mavedb:00000068-c-1#113,NA,NA,p.Ser376Met,1.3297564225964904
urn:mavedb:00000068-c-1#114,NA,NA,p.Ser376Leu,1.0782143489116105
urn:mavedb:00000068-c-1#115,NA,NA,p.Ser376Lys,0.2472731329029609
urn:mavedb:00000068-c-1#116,NA,NA,p.Ser376Ile,0.9800222289700976
urn:mavedb:00000068-c-1#117,NA,NA,p.Ser376His,1.135134441093054
urn:mavedb:00000068-c-1#118,NA,NA,p.Ser376Gly,1.4721494255600371
urn:mavedb:00000068-c-1#119,NA,NA,p.Ser376Phe,0.7027345333974535
urn:mavedb:00000068-c-1#120,NA,NA,p.Ser376Glu,1.2358175899118795
urn:mavedb:00000068-c-1#121,NA,NA,p.Ser376Asp,1.1444351751961557
urn:mavedb:00000068-c-1#122,NA,NA,p.Ser376Cys,0.9994806372168092
urn:mavedb:00000068-c-1#123,NA,NA,p.Ser376=,0.510469147561616
urn:mavedb:00000068-c-1#124,NA,NA,p.Ser376Ala,0.94127453030779
urn:mavedb:00000068-c-1#125,NA,NA,p.Gln375Ter,0.489261111021628
urn:mavedb:00000068-c-1#126,NA,NA,p.Gln375Tyr,1.0843110766805404
urn:mavedb:00000068-c-1#127,NA,NA,p.Gln375Trp,0.9796445087978424
urn:mavedb:00000068-c-1#128,NA,NA,p.Gln375Val,1.2492021093700456
urn:mavedb:00000068-c-1#129,NA,NA,p.Gln375Thr,1.4856551310930612
urn:mavedb:00000068-c-1#130,NA,NA,p.Gln375Ser,1.0016757312145577
urn:mavedb:00000068-c-1#131,NA,NA,p.Gln375Arg,0.7165557773485913
urn:mavedb:00000068-c-1#132,NA,NA,p.Gln375Pro,1.2880332769229959
urn:mavedb:00000068-c-1#133,NA,NA,p.Gln375Asn,1.0116644555876253
urn:mavedb:00000068-c-1#134,NA,NA,p.Gln375Met,1.3354516605257971
urn:mavedb:00000068-c-1#135,NA,NA,p.Gln375Leu,1.1165877944499278
urn:mavedb:00000068-c-1#136,NA,NA,p.Gln375Lys,0.7386201186695742
urn:mavedb:00000068-c-1#137,NA,NA,p.Gln375Ile,1.0642290618237622
urn:mavedb:00000068-c-1#138,NA,NA,p.Gln375His,0.7713664299570591
urn:mavedb:00000068-c-1#139,NA,NA,p.Gln375Gly,1.0709440507934882
urn:mavedb:00000068-c-1#140,NA,NA,p.Gln375Phe,1.2519232854455224
urn:mavedb:00000068-c-1#141,NA,NA,p.Gln375Glu,0.5522370689976492
urn:mavedb:00000068-c-1#142,NA,NA,p.Gln375Asp,1.0955740621872412
urn:mavedb:00000068-c-1#143,NA,NA,p.Gln375Cys,1.202130121619907
urn:mavedb:00000068-c-1#144,NA,NA,p.Gln375=,0.5780152896743996
urn:mavedb:00000068-c-1#145,NA,NA,p.Gln375Ala,0.8164804862021591
urn:mavedb:00000068-c-1#146,NA,NA,p.Gly374Ter,0.5885383253059012
urn:mavedb:00000068-c-1#147,NA,NA,p.Gly374Tyr,1.45218751969321
urn:mavedb:00000068-c-1#148,NA,NA,p.Gly374Trp,1.3808022269267697
urn:mavedb:00000068-c-1#149,NA,NA,p.Gly374Val,0.8194517621944676
urn:mavedb:00000068-c-1#150,NA,NA,p.Gly374Thr,1.3333066014454968
urn:mavedb:00000068-c-1#151,NA,NA,p.Gly374Ser,0.4692191567424817
urn:mavedb:00000068-c-1#152,NA,NA,p.Gly374Arg,0.9854711908223192
urn:mavedb:00000068-c-1#153,NA,NA,p.Gly374Gln,1.534219743515608
urn:mavedb:00000068-c-1#154,NA,NA,p.Gly374Pro,1.452597483763319
urn:mavedb:00000068-c-1#155,NA,NA,p.Gly374Asn,1.493279330151298
urn:mavedb:00000068-c-1#156,NA,NA,p.Gly374Met,1.2004609949334004
urn:mavedb:00000068-c-1#157,NA,NA,p.Gly374Leu,1.3540887563789703
urn:mavedb:00000068-c-1#158,NA,NA,p.Gly374Lys,0.94869419262379
urn:mavedb:00000068-c-1#159,NA,NA,p.Gly374Ile,1.1801664596474395
urn:mavedb:00000068-c-1#160,NA,NA,p.Gly374His,1.4255414169560856
urn:mavedb:00000068-c-1#161,NA,NA,p.Gly374Phe,1.402410095209763
urn:mavedb:00000068-c-1#162,NA,NA,p.Gly374Glu,1.6842038056576212
urn:mavedb:00000068-c-1#163,NA,NA,p.Gly374Asp,0.6134721167141483
urn:mavedb:00000068-c-1#164,NA,NA,p.Gly374Cys,0.6802618470833126
urn:mavedb:00000068-c-1#165,NA,NA,p.Gly374=,0.7812700815798014
urn:mavedb:00000068-c-1#166,NA,NA,p.Gly374Ala,1.3091039211845692
urn:mavedb:00000068-c-1#167,NA,NA,p.Lys373Ter,0.6801928914341286
urn:mavedb:00000068-c-1#168,NA,NA,p.Lys373Tyr,1.0137662080525538
urn:mavedb:00000068-c-1#169,NA,NA,p.Lys373Trp,0.82082678625883
urn:mavedb:00000068-c-1#170,NA,NA,p.Lys373Val,1.020026448440515
urn:mavedb:00000068-c-1#171,NA,NA,p.Lys373Thr,1.2655327250888488
urn:mavedb:00000068-c-1#172,NA,NA,p.Lys373Ser,1.156668000648495
urn:mavedb:00000068-c-1#173,NA,NA,p.Lys373Arg,0.7056729112414268
urn:mavedb:00000068-c-1#174,NA,NA,p.Lys373Gln,1.2902194947945274
urn:mavedb:00000068-c-1#175,NA,NA,p.Lys373Pro,1.2027902176152487
urn:mavedb:00000068-c-1#176,NA,NA,p.Lys373Asn,0.7146496127276987
urn:mavedb:00000068-c-1#177,NA,NA,p.Lys373Met,1.1284404458862152
urn:mavedb:00000068-c-1#178,NA,NA,p.Lys373Leu,1.005513005475258
urn:mavedb:00000068-c-1#179,NA,NA,p.Lys373Ile,1.2243985405365083
urn:mavedb:00000068-c-1#180,NA,NA,p.Lys373His,1.1266539269508984
urn:mavedb:00000068-c-1#181,NA,NA,p.Lys373Gly,1.3428252869289208
urn:mavedb:00000068-c-1#182,NA,NA,p.Lys373Phe,1.285167719893197
urn:mavedb:00000068-c-1#183,NA,NA,p.Lys373Glu,0.486338450855141
urn:mavedb:00000068-c-1#184,NA,NA,p.Lys373Asp,0.8721629503260694
urn:mavedb:00000068-c-1#185,NA,NA,p.Lys373Cys,0.6921306552591634
urn:mavedb:00000068-c-1#186,NA,NA,p.Lys373=,0.29822075396386843
urn:mavedb:00000068-c-1#187,NA,NA,p.Lys373Ala,0.9552589149775214
urn:mavedb:00000068-c-1#188,NA,NA,p.Lys372Ter,0.15238231677596115
urn:mavedb:00000068-c-1#189,NA,NA,p.Lys372Tyr,1.314302943192014
urn:mavedb:00000068-c-1#190,NA,NA,p.Lys372Trp,0.977548525915536
urn:mavedb:00000068-c-1#191,NA,NA,p.Lys372Val,0.8734417387950356
urn:mavedb:00000068-c-1#192,NA,NA,p.Lys372Thr,1.386386455140344
urn:mavedb:00000068-c-1#193,NA,NA,p.Lys372Ser,0.9318024227793249
urn:mavedb:00000068-c-1#194,NA,NA,p.Lys372Arg,0.6446479772093933
urn:mavedb:00000068-c-1#195,NA,NA,p.Lys372Gln,0.7371708893711647
urn:mavedb:00000068-c-1#196,NA,NA,p.Lys372Pro,1.1271091510134
urn:mavedb:00000068-c-1#197,NA,NA,p.Lys372Asn,1.030124989496041
urn:mavedb:00000068-c-1#198,NA,NA,p.Lys372Met,0.7817579921409251
urn:mavedb:00000068-c-1#199,NA,NA,p.Lys372Leu,1.2461507565794196
urn:mavedb:00000068-c-1#200,NA,NA,p.Lys372Ile,0.9039925227618916
urn:mavedb:00000068-c-1#201,NA,NA,p.Lys372His,1.3436621687283978
urn:mavedb:00000068-c-1#202,NA,NA,p.Lys372Gly,1.0397799122344025
urn:mavedb:00000068-c-1#203,NA,NA,p.Lys372Phe,1.245655004337759
urn:mavedb:00000068-c-1#204,NA,NA,p.Lys372Glu,0.6939921887383473
urn:mavedb:00000068-c-1#205,NA,NA,p.Lys372Asp,0.7462423752951952
urn:mavedb:00000068-c-1#206,NA,NA,p.Lys372Cys,0.8710369124102553
urn:mavedb:00000068-c-1#207,NA,NA,p.Lys372=,0.1887839814639385
urn:mavedb:00000068-c-1#208,NA,NA,p.Lys372Ala,0.9798189335526486
urn:mavedb:00000068-c-1#209,NA,NA,p.Ser371Ter,0.8929278815106382
urn:mavedb:00000068-c-1#210,NA,NA,p.Ser371Tyr,0.7539245754379288
urn:mavedb:00000068-c-1#211,NA,NA,p.Ser371Trp,1.2094025425089048
urn:mavedb:00000068-c-1#212,NA,NA,p.Ser371Val,0.9886312051166134
urn:mavedb:00000068-c-1#213,NA,NA,p.Ser371Thr,1.2287880841252448
urn:mavedb:00000068-c-1#214,NA,NA,p.Ser371Arg,1.190027091448686
urn:mavedb:00000068-c-1#215,NA,NA,p.Ser371Gln,1.2420414984428867
urn:mavedb:00000068-c-1#216,NA,NA,p.Ser371Pro,0.9014724570010458
urn:mavedb:00000068-c-1#217,NA,NA,p.His368Tyr,1.2243643214370319
urn:mavedb:00000068-c-1#218,NA,NA,p.His368Trp,0.892989566818225
urn:mavedb:00000068-c-1#219,NA,NA,p.His368Val,0.8940585595369629
urn:mavedb:00000068-c-1#220,NA,NA,p.His368Thr,1.0061846855109604
urn:mavedb:00000068-c-1#221,NA,NA,p.His368Ser,1.192230425806828
urn:mavedb:00000068-c-1#222,NA,NA,p.His368Arg,0.6446424537972263
urn:mavedb:00000068-c-1#223,NA,NA,p.His368Gln,0.6467108003797417
urn:mavedb:00000068-c-1#224,NA,NA,p.His368Pro,0.9731822702814996
urn:mavedb:00000068-c-1#225,NA,NA,p.His368Asn,0.9786638641794796
urn:mavedb:00000068-c-1#226,NA,NA,p.His368Met,1.8218613656131541
urn:mavedb:00000068-c-1#227,NA,NA,p.His368Leu,0.9177593679249036
urn:mavedb:00000068-c-1#228,NA,NA,p.His368Lys,1.1819323205447576
urn:mavedb:00000068-c-1#229,NA,NA,p.His368Ile,1.1170340461945742
urn:mavedb:00000068-c-1#230,NA,NA,p.His368Gly,1.2933563348567656
urn:mavedb:00000068-c-1#231,NA,NA,p.His368Phe,1.681469020184583
urn:mavedb:00000068-c-1#232,NA,NA,p.His368Glu,1.1992358794758848
urn:mavedb:00000068-c-1#233,NA,NA,p.His368Asp,1.034644011750555
urn:mavedb:00000068-c-1#234,NA,NA,p.His368Cys,1.4113583722081906
urn:mavedb:00000068-c-1#235,NA,NA,p.His368=,0.6131175107868597
urn:mavedb:00000068-c-1#236,NA,NA,p.His368Ala,1.3480827504722699
urn:mavedb:00000068-c-1#237,NA,NA,p.Ser367Ter,0.5217447667134532
urn:mavedb:00000068-c-1#238,NA,NA,p.Ser367Tyr,0.960931817757844
urn:mavedb:00000068-c-1#239,NA,NA,p.Ser367Trp,1.2560725525432943
urn:mavedb:00000068-c-1#240,NA,NA,p.Ser367Val,1.3202618775665147
urn:mavedb:00000068-c-1#241,NA,NA,p.Ser367Thr,0.9859201476886734
urn:mavedb:00000068-c-1#242,NA,NA,p.Ser367Arg,0.618386246475275
urn:mavedb:00000068-c-1#243,NA,NA,p.Ser367Gln,1.3613623377404134
urn:mavedb:00000068-c-1#244,NA,NA,p.Ser367Pro,1.2157624188017946
urn:mavedb:00000068-c-1#245,NA,NA,p.Ser367Asn,0.6796790121128752
urn:mavedb:00000068-c-1#246,NA,NA,p.Ser367Met,1.3414052650033292
urn:mavedb:00000068-c-1#247,NA,NA,p.Ser367Leu,0.8610668888336385
urn:mavedb:00000068-c-1#248,NA,NA,p.Ser367Lys,0.8941194897050434
urn:mavedb:00000068-c-1#249,NA,NA,p.Ser367Ile,0.9251488572516582
urn:mavedb:00000068-c-1#250,NA,NA,p.Ser367His,1.183768277476778
urn:mavedb:00000068-c-1#251,NA,NA,p.Ser367Gly,0.8353185087149952
urn:mavedb:00000068-c-1#252,NA,NA,p.Ser367Phe,1.6908904436377272
urn:mavedb:00000068-c-1#253,NA,NA,p.Ser367Glu,1.3148592655533518
urn:mavedb:00000068-c-1#254,NA,NA,p.Ser367Asp,1.5416831085026987
urn:mavedb:00000068-c-1#255,NA,NA,p.Ser367Cys,0.8066102612144347
urn:mavedb:00000068-c-1#256,NA,NA,p.Ser367=,0.7557392838493334
urn:mavedb:00000068-c-1#257,NA,NA,p.Ser367Ala,1.0790016880386453
urn:mavedb:00000068-c-1#258,NA,NA,p.Ser366Ter,0.2499136751149172
urn:mavedb:00000068-c-1#259,NA,NA,p.Ser366Tyr,0.6177759353931381
urn:mavedb:00000068-c-1#260,NA,NA,p.Ser366Trp,0.8007502200446354
urn:mavedb:00000068-c-1#261,NA,NA,p.Ser366Val,0.9653718732808604
urn:mavedb:00000068-c-1#262,NA,NA,p.Ser366Thr,1.0111474538035226
urn:mavedb:00000068-c-1#263,NA,NA,p.Ser366Arg,1.2719551015016857
urn:mavedb:00000068-c-1#264,NA,NA,p.Ser366Gln,1.3236399245325432
urn:mavedb:00000068-c-1#265,NA,NA,p.Ser366Pro,0.7818339238384254
urn:mavedb:00000068-c-1#266,NA,NA,p.Ser366Asn,1.3305738804529332
urn:mavedb:00000068-c-1#267,NA,NA,p.Ser366Met,1.0225545813194932
urn:mavedb:00000068-c-1#268,NA,NA,p.Ser366Leu,0.9125522008354356
urn:mavedb:00000068-c-1#269,NA,NA,p.Ser366Lys,1.1612770752031938
urn:mavedb:00000068-c-1#270,NA,NA,p.Ser366Ile,1.8773188433694707
urn:mavedb:00000068-c-1#271,NA,NA,p.Ser366His,0.7208899477515778
urn:mavedb:00000068-c-1#272,NA,NA,p.Ser366Gly,1.0264257319933134
urn:mavedb:00000068-c-1#273,NA,NA,p.Ser366Phe,0.8708785217673011
urn:mavedb:00000068-c-1#274,NA,NA,p.Ser366Glu,1.2256091327587917
urn:mavedb:00000068-c-1#275,NA,NA,p.Ser366Asp,1.225915232066184
urn:mavedb:00000068-c-1#276,NA,NA,p.Ser366Cys,0.7562373278107853
urn:mavedb:00000068-c-1#277,NA,NA,p.Ser366=,0.5700291663115804
urn:mavedb:00000068-c-1#278,NA,NA,p.Ser366Ala,1.0262968120513658
urn:mavedb:00000068-c-1#279,NA,NA,p.His365Ter,0.6595849553690654
urn:mavedb:00000068-c-1#280,NA,NA,p.His365Tyr,0.5999727017368807
urn:mavedb:00000068-c-1#281,NA,NA,p.His365Trp,1.2956945158412114
urn:mavedb:00000068-c-1#282,NA,NA,p.His365Val,1.045280376703593
urn:mavedb:00000068-c-1#283,NA,NA,p.His365Thr,0.8887290974480777
urn:mavedb:00000068-c-1#284,NA,NA,p.His365Ser,1.2606997221325942
urn:mavedb:00000068-c-1#285,NA,NA,p.His365Arg,0.974460892248158
urn:mavedb:00000068-c-1#286,NA,NA,p.His365Gln,0.7780290580392548
urn:mavedb:00000068-c-1#287,NA,NA,p.His365Pro,0.9722093781303329
urn:mavedb:00000068-c-1#288,NA,NA,p.His365Asn,0.8537716564411385
urn:mavedb:00000068-c-1#289,NA,NA,p.His365Met,0.9385264225628204
urn:mavedb:00000068-c-1#290,NA,NA,p.His365Leu,0.9681747183551728
urn:mavedb:00000068-c-1#291,NA,NA,p.His365Lys,1.0715397917598457
urn:mavedb:00000068-c-1#292,NA,NA,p.His365Ile,1.3421514484793902
urn:mavedb:00000068-c-1#293,NA,NA,p.His365Gly,1.1406417345780515
urn:mavedb:00000068-c-1#294,NA,NA,p.His365Phe,1.0471643174728162
urn:mavedb:00000068-c-1#295,NA,NA,p.His365Glu,0.8614246442469854
urn:mavedb:00000068-c-1#296,NA,NA,p.His365Asp,1.1508081335230953
urn:mavedb:00000068-c-1#297,NA,NA,p.His365Cys,1.0936011784596134
urn:mavedb:00000068-c-1#298,NA,NA,p.His365=,0.4845641720920885
urn:mavedb:00000068-c-1#299,NA,NA,p.His365Ala,1.069958303598067
urn:mavedb:00000068-c-1#300,NA,NA,p.Ala364Ter,0.8273084913609158
urn:mavedb:00000068-c-1#301,NA,NA,p.Ala364Tyr,1.0565331693775342
urn:mavedb:00000068-c-1#302,NA,NA,p.Ala364Trp,1.0473120949303918
urn:mavedb:00000068-c-1#303,NA,NA,p.Ala364Val,1.0062804016983231
urn:mavedb:00000068-c-1#304,NA,NA,p.Ala364Thr,0.7054321793315508
urn:mavedb:00000068-c-1#305,NA,NA,p.Ala364Ser,0.6610266926202567
urn:mavedb:00000068-c-1#306,NA,NA,p.Ala364Arg,1.7097578323972942
urn:mavedb:00000068-c-1#307,NA,NA,p.Ala364Gln,0.7892103843577671
urn:mavedb:00000068-c-1#308,NA,NA,p.Ala364Pro,1.0802997944144193
urn:mavedb:00000068-c-1#309,NA,NA,p.Ala364Asn,1.3096249723643651
urn:mavedb:00000068-c-1#310,NA,NA,p.Ala364Met,0.8422585916217808
urn:mavedb:00000068-c-1#311,NA,NA,p.Ala364Leu,0.9625848112134076
urn:mavedb:00000068-c-1#312,NA,NA,p.Ala364Lys,1.144227347783707
urn:mavedb:00000068-c-1#313,NA,NA,p.Ala364Ile,0.9564068679774882
urn:mavedb:00000068-c-1#314,NA,NA,p.Ala364His,1.2074878625356038
urn:mavedb:00000068-c-1#315,NA,NA,p.Ala364Gly,0.9363357950965708
urn:mavedb:00000068-c-1#316,NA,NA,p.Ala364Phe,1.5355380766392803
urn:mavedb:00000068-c-1#317,NA,NA,p.Ala364Glu,0.8826470355742987
urn:mavedb:00000068-c-1#318,NA,NA,p.Ala364Asp,0.870245765557947
urn:mavedb:00000068-c-1#319,NA,NA,p.Ala364Cys,1.7489809928713478
urn:mavedb:00000068-c-1#320,NA,NA,p.Ala364=,0.544840792022217
urn:mavedb:00000068-c-1#321,NA,NA,p.Arg363Ter,0.4216918017698052
urn:mavedb:00000068-c-1#322,NA,NA,p.Arg363Tyr,0.6965790724280948
urn:mavedb:00000068-c-1#323,NA,NA,p.Arg363Trp,1.0414537123962853
urn:mavedb:00000068-c-1#324,NA,NA,p.Arg363Val,1.148922139720186
urn:mavedb:00000068-c-1#325,NA,NA,p.Arg363Thr,1.088219478099208
urn:mavedb:00000068-c-1#326,NA,NA,p.Arg363Ser,0.6335297435943994
urn:mavedb:00000068-c-1#327,NA,NA,p.Arg363Gln,0.6301931335870327
urn:mavedb:00000068-c-1#328,NA,NA,p.Arg363Pro,1.297917118683739
urn:mavedb:00000068-c-1#329,NA,NA,p.Arg363Asn,1.2083948274900636
urn:mavedb:00000068-c-1#330,NA,NA,p.Arg363Met,0.9097684771401512
urn:mavedb:00000068-c-1#331,NA,NA,p.Arg363Leu,0.9544452304903992
urn:mavedb:00000068-c-1#332,NA,NA,p.Arg363Lys,0.23199746005034064
urn:mavedb:00000068-c-1#333,NA,NA,p.Arg363Ile,1.2828149475749369
urn:mavedb:00000068-c-1#334,NA,NA,p.Arg363His,0.8372618444769958
urn:mavedb:00000068-c-1#335,NA,NA,p.Arg363Gly,0.8032194069547055
urn:mavedb:00000068-c-1#336,NA,NA,p.Arg363Phe,1.0188028687283537
urn:mavedb:00000068-c-1#337,NA,NA,p.Arg363Glu,0.9275286618871124
urn:mavedb:00000068-c-1#338,NA,NA,p.Arg363Asp,0.3495910938033597
urn:mavedb:00000068-c-1#339,NA,NA,p.Arg363Cys,1.3105141052028082
urn:mavedb:00000068-c-1#340,NA,NA,p.Arg363=,0.5408901066497169
urn:mavedb:00000068-c-1#341,NA,NA,p.Arg363Ala,0.7783236512481492
urn:mavedb:00000068-c-1#342,NA,NA,p.Ser362Ter,1.526846505294127
urn:mavedb:00000068-c-1#343,NA,NA,p.Ser362Tyr,1.3611029130145316
urn:mavedb:00000068-c-1#344,NA,NA,p.Ser362Trp,1.5889539187395387
urn:mavedb:00000068-c-1#345,NA,NA,p.Ser362Val,1.226106971859959
urn:mavedb:00000068-c-1#346,NA,NA,p.Ser362Thr,1.222191060591021
urn:mavedb:00000068-c-1#347,NA,NA,p.Ser362Arg,0.9341214721293726
urn:mavedb:00000068-c-1#348,NA,NA,p.Ser362Gln,1.2253827051143655
urn:mavedb:00000068-c-1#349,NA,NA,p.Ser362Pro,1.1326075215497646
urn:mavedb:00000068-c-1#350,NA,NA,p.Ser362Asn,0.7643880818972001
urn:mavedb:00000068-c-1#351,NA,NA,p.Ser362Met,1.202214060926086
urn:mavedb:00000068-c-1#352,NA,NA,p.Ser362Leu,1.07418334221123
urn:mavedb:00000068-c-1#353,NA,NA,p.Ser362Lys,1.3392417306461846
urn:mavedb:00000068-c-1#354,NA,NA,p.Ser362Ile,0.7511827654135386
urn:mavedb:00000068-c-1#355,NA,NA,p.Ser362His,1.6014474628199749
urn:mavedb:00000068-c-1#356,NA,NA,p.Ser362Gly,0.6029642227567618
urn:mavedb:00000068-c-1#357,NA,NA,p.Ser362Phe,1.2338038497190118
urn:mavedb:00000068-c-1#358,NA,NA,p.Ser362Glu,0.8262913264378965
urn:mavedb:00000068-c-1#359,NA,NA,p.Ser362Asp,0.7013651623038082
urn:mavedb:00000068-c-1#360,NA,NA,p.Ser362Cys,1.0494428070871908
urn:mavedb:00000068-c-1#361,NA,NA,p.Ser362=,0.7201665186879544
urn:mavedb:00000068-c-1#362,NA,NA,p.Ser362Ala,0.9476002864778528
urn:mavedb:00000068-c-1#363,NA,NA,p.Gly361Ter,0.15876192882810805
urn:mavedb:00000068-c-1#364,NA,NA,p.Gly361Tyr,0.9573763255209796
urn:mavedb:00000068-c-1#365,NA,NA,p.Gly361Trp,0.7726494621068278
urn:mavedb:00000068-c-1#366,NA,NA,p.Gly361Val,0.7646129080706526
urn:mavedb:00000068-c-1#367,NA,NA,p.Gly361Thr,0.5333631879646843
urn:mavedb:00000068-c-1#368,NA,NA,p.Gly361Ser,0.8026950464613902
urn:mavedb:00000068-c-1#369,NA,NA,p.Gly361Arg,0.6815608622561824
urn:mavedb:00000068-c-1#370,NA,NA,p.Gly361Gln,0.3790025696889109
urn:mavedb:00000068-c-1#371,NA,NA,p.Gly361Pro,0.4214942002899938
urn:mavedb:00000068-c-1#372,NA,NA,p.Gly361Asn,0.7282798103865336
urn:mavedb:00000068-c-1#373,NA,NA,p.Gly361Met,0.9039815291584301
urn:mavedb:00000068-c-1#374,NA,NA,p.Gly361Leu,0.9617248081704404
urn:mavedb:00000068-c-1#375,NA,NA,p.Gly361Lys,0.8153976599661455
urn:mavedb:00000068-c-1#376,NA,NA,p.Gly361Ile,0.9893953742104098
urn:mavedb:00000068-c-1#377,NA,NA,p.Gly361His,0.6946151541177429
urn:mavedb:00000068-c-1#378,NA,NA,p.Gly361Phe,0.9238366505432856
urn:mavedb:00000068-c-1#379,NA,NA,p.Gly361Glu,0.439899387674097
urn:mavedb:00000068-c-1#380,NA,NA,p.Gly361Asp,0.9900439543701042
urn:mavedb:00000068-c-1#381,NA,NA,p.Gly361Cys,0.6739991456226143
urn:mavedb:00000068-c-1#382,NA,NA,p.Gly361=,0.5595826922821916
urn:mavedb:00000068-c-1#383,NA,NA,p.Gly361Ala,0.5310589868360012
urn:mavedb:00000068-c-1#384,NA,NA,p.Gly360Ter,0.1663930703466758
urn:mavedb:00000068-c-1#385,NA,NA,p.Gly360Tyr,0.7708031912759762
urn:mavedb:00000068-c-1#386,NA,NA,p.Gly360Trp,0.7925004295231345
urn:mavedb:00000068-c-1#387,NA,NA,p.Gly360Val,0.7473002825209314
urn:mavedb:00000068-c-1#388,NA,NA,p.Gly360Thr,0.5644549309542437
urn:mavedb:00000068-c-1#389,NA,NA,p.Gly360Ser,0.4812887828407242
urn:mavedb:00000068-c-1#390,NA,NA,p.Gly360Arg,0.5096810346777843
urn:mavedb:00000068-c-1#391,NA,NA,p.Gly360Gln,0.5419217583312289
urn:mavedb:00000068-c-1#392,NA,NA,p.Gly360Pro,0.462644310220145
urn:mavedb:00000068-c-1#393,NA,NA,p.Gly360Asn,0.2020036260843092
urn:mavedb:00000068-c-1#394,NA,NA,p.Gly360Met,1.0493519917246228
urn:mavedb:00000068-c-1#395,NA,NA,p.Gly360Leu,0.7227907325379451
urn:mavedb:00000068-c-1#396,NA,NA,p.Gly360Lys,0.6916973785010229
urn:mavedb:00000068-c-1#397,NA,NA,p.Gly360Ile,0.8015590481324059
urn:mavedb:00000068-c-1#398,NA,NA,p.Gly360His,0.5310540039450932
urn:mavedb:00000068-c-1#399,NA,NA,p.Gly360Phe,0.780682484106473
urn:mavedb:00000068-c-1#400,NA,NA,p.Gly360Glu,0.6692203471536944
urn:mavedb:00000068-c-1#401,NA,NA,p.Gly360Asp,0.9308545141542758
urn:mavedb:00000068-c-1#402,NA,NA,p.Gly360Cys,0.884720449859453
urn:mavedb:00000068-c-1#403,NA,NA,p.Gly360=,0.6097320783067914
urn:mavedb:00000068-c-1#404,NA,NA,p.Gly360Ala,0.8826836329363216
urn:mavedb:00000068-c-1#405,NA,NA,p.Pro359Ter,0.07834962264013083
urn:mavedb:00000068-c-1#406,NA,NA,p.Pro359Tyr,1.0637916179769338
urn:mavedb:00000068-c-1#407,NA,NA,p.Met384=,NA
urn:mavedb:00000068-c-1#408,NA,NA,p.Met340=,NA
urn:mavedb:00000068-c-1#409,NA,NA,p.Met246=,NA
urn:mavedb:00000068-c-1#410,NA,NA,p.Met243=,NA
urn:mavedb:00000068-c-1#411,NA,NA,p.Met237=,NA
urn:mavedb:00000068-c-1#412,NA,NA,p.Met169=,NA
urn:mavedb:00000068-c-1#413,NA,NA,p.Met160=,NA
urn:mavedb:00000068-c-1#414,NA,NA,p.Trp146=,NA
urn:mavedb:00000068-c-1#415,NA,NA,p.Met133=,NA
urn:mavedb:00000068-c-1#416,NA,NA,p.Trp91=,NA
urn:mavedb:00000068-c-1#417,NA,NA,p.Met66=,NA
urn:mavedb:00000068-c-1#418,NA,NA,p.Pro390Ter,1.4542152693586403
urn:mavedb:00000068-c-1#419,NA,NA,p.Pro390Tyr,0.4639353203301952
urn:mavedb:00000068-c-1#420,NA,NA,p.Pro390Trp,1.0853600853541812
urn:mavedb:00000068-c-1#421,NA,NA,p.Pro390Val,1.5603520386574956
urn:mavedb:00000068-c-1#422,NA,NA,p.Pro390Thr,0.95629942413032
urn:mavedb:00000068-c-1#423,NA,NA,p.Pro390Ser,0.44939135867640995
urn:mavedb:00000068-c-1#424,NA,NA,p.Pro390Arg,1.2309775595854755
urn:mavedb:00000068-c-1#425,NA,NA,p.Pro390Gln,1.0111725258883275
urn:mavedb:00000068-c-1#426,NA,NA,p.Pro390Asn,1.276233038440117
urn:mavedb:00000068-c-1#427,NA,NA,p.Pro390Met,1.265603110435611
urn:mavedb:00000068-c-1#428,NA,NA,p.Pro390Leu,0.9541113403245158
urn:mavedb:00000068-c-1#429,NA,NA,p.Pro390Lys,1.4372321110490145
urn:mavedb:00000068-c-1#430,NA,NA,p.Pro390Ile,1.535476617462864
urn:mavedb:00000068-c-1#431,NA,NA,p.Pro390His,0.7543322800047991
urn:mavedb:00000068-c-1#432,NA,NA,p.Pro390Gly,0.5471890239726989
urn:mavedb:00000068-c-1#433,NA,NA,p.Pro390Phe,1.4560286033428864
urn:mavedb:00000068-c-1#434,NA,NA,p.Pro390Glu,1.0008803259694945
urn:mavedb:00000068-c-1#435,NA,NA,p.Pro390Asp,1.0727475301971363
urn:mavedb:00000068-c-1#436,NA,NA,p.Pro390Cys,1.0404209430182452
urn:mavedb:00000068-c-1#437,NA,NA,p.Pro390=,0.5776223422026429
urn:mavedb:00000068-c-1#438,NA,NA,p.Pro390Ala,1.4781148625149627
urn:mavedb:00000068-c-1#439,NA,NA,p.Gly389Ter,1.309080291824337
urn:mavedb:00000068-c-1#440,NA,NA,p.Gly389Tyr,1.114550984618312
urn:mavedb:00000068-c-1#441,NA,NA,p.Gly389Trp,0.7854307174947447
urn:mavedb:00000068-c-1#442,NA,NA,p.Gly389Val,0.5946167522859502
urn:mavedb:00000068-c-1#443,NA,NA,p.Gly389Thr,1.3134541563899185
urn:mavedb:00000068-c-1#444,NA,NA,p.Gly389Ser,0.7017815937740842
urn:mavedb:00000068-c-1#445,NA,NA,p.Gly389Arg,0.8398584725564573
urn:mavedb:00000068-c-1#446,NA,NA,p.Gly389Gln,1.386002611222223
urn:mavedb:00000068-c-1#447,NA,NA,p.Gly389Pro,1.4174693716518063
urn:mavedb:00000068-c-1#448,NA,NA,p.Gly389Asn,0.7252395704642605
urn:mavedb:00000068-c-1#449,NA,NA,p.Gly389Met,1.6022610049129131
urn:mavedb:00000068-c-1#450,NA,NA,p.Gly389Leu,1.3550219043192844
urn:mavedb:00000068-c-1#451,NA,NA,p.Gly389Lys,0.9071509449364296
urn:mavedb:00000068-c-1#452,NA,NA,p.Gly389Ile,1.3023507445309788
urn:mavedb:00000068-c-1#453,NA,NA,p.Gly389His,1.054661476653756
urn:mavedb:00000068-c-1#454,NA,NA,p.Gly389Phe,0.6787155976359852
urn:mavedb:00000068-c-1#455,NA,NA,p.Gly389Glu,0.5240103788650144
urn:mavedb:00000068-c-1#456,NA,NA,p.Gly389Asp,0.9595168476403464
urn:mavedb:00000068-c-1#457,NA,NA,p.Gly389Cys,1.394444755741152
urn:mavedb:00000068-c-1#458,NA,NA,p.Gly389=,0.6787498056563717
urn:mavedb:00000068-c-1#459,NA,NA,p.Gly389Ala,1.1692075870609318
urn:mavedb:00000068-c-1#460,NA,NA,p.Glu388Ter,0.8707869127596497
urn:mavedb:00000068-c-1#461,NA,NA,p.Glu388Tyr,1.6197390439196797
urn:mavedb:00000068-c-1#462,NA,NA,p.Glu388Trp,1.2952161727349578
urn:mavedb:00000068-c-1#463,NA,NA,p.Glu388Val,1.077321871644736
urn:mavedb:00000068-c-1#464,NA,NA,p.Glu388Thr,1.500914316171718
urn:mavedb:00000068-c-1#465,NA,NA,p.Glu388Ser,1.31595950251669
urn:mavedb:00000068-c-1#466,NA,NA,p.Glu388Arg,1.1482567042596994
urn:mavedb:00000068-c-1#467,NA,NA,p.Glu388Gln,0.9539724685823128
urn:mavedb:00000068-c-1#468,NA,NA,p.Glu388Pro,1.3431812557480216
urn:mavedb:00000068-c-1#469,NA,NA,p.Glu388Asn,1.5582621264436067
urn:mavedb:00000068-c-1#470,NA,NA,p.Glu388Met,1.1668694904642607
urn:mavedb:00000068-c-1#471,NA,NA,p.Glu388Leu,1.1957674293806166
urn:mavedb:00000068-c-1#472,NA,NA,p.Glu388Lys,0.7234426711395422
urn:mavedb:00000068-c-1#473,NA,NA,p.Glu388Ile,1.5745882810025102
urn:mavedb:00000068-c-1#474,NA,NA,p.Glu388His,1.4503292903650515
urn:mavedb:00000068-c-1#475,NA,NA,p.Glu388Gly,0.8876118769590658
urn:mavedb:00000068-c-1#476,NA,NA,p.Glu388Phe,1.395991587654539
urn:mavedb:00000068-c-1#477,NA,NA,p.Glu388Asp,1.0177445075589853
urn:mavedb:00000068-c-1#478,NA,NA,p.Glu388Cys,1.1054900518341595
urn:mavedb:00000068-c-1#479,NA,NA,p.Glu388=,0.4382714511887841
urn:mavedb:00000068-c-1#480,NA,NA,p.Glu388Ala,1.2389381023730688
urn:mavedb:00000068-c-1#481,NA,NA,p.Thr387Ter,0.9832824730905416
urn:mavedb:00000068-c-1#482,NA,NA,p.Thr387Tyr,1.0628025437353512
urn:mavedb:00000068-c-1#483,NA,NA,p.Thr387Trp,1.0883489683958265
urn:mavedb:00000068-c-1#484,NA,NA,p.Thr387Val,1.4282626186554017
urn:mavedb:00000068-c-1#485,NA,NA,p.Thr387Ser,0.8245062813987394
urn:mavedb:00000068-c-1#486,NA,NA,p.Thr387Arg,0.8805870605517238
urn:mavedb:00000068-c-1#487,NA,NA,p.Thr387Gln,1.026886097099745
urn:mavedb:00000068-c-1#488,NA,NA,p.Thr387Pro,0.7894651585812027
urn:mavedb:00000068-c-1#489,NA,NA,p.Thr387Asn,0.8832919319900525
urn:mavedb:00000068-c-1#490,NA,NA,p.Thr387Met,0.9973786099464436
urn:mavedb:00000068-c-1#491,NA,NA,p.Thr387Leu,1.2224923482334733
urn:mavedb:00000068-c-1#492,NA,NA,p.Thr387Lys,1.0858323016747526
urn:mavedb:00000068-c-1#493,NA,NA,p.Thr387Ile,0.8855877914383334
urn:mavedb:00000068-c-1#494,NA,NA,p.Thr387His,1.0407086546236348
urn:mavedb:00000068-c-1#495,NA,NA,p.Thr387Gly,1.1734733240964528
urn:mavedb:00000068-c-1#496,NA,NA,p.Thr387Phe,1.0863078205168626
urn:mavedb:00000068-c-1#497,NA,NA,p.Thr387Glu,1.2606464643592434
urn:mavedb:00000068-c-1#498,NA,NA,p.Thr387Asp,1.1049287296861632
urn:mavedb:00000068-c-1#499,NA,NA,p.Thr387Cys,1.1629820528751456
urn:mavedb:00000068-c-1#500,NA,NA,p.Thr387=,0.6565101171472998
urn:mavedb:00000068-c-1#501,NA,NA,p.Thr387Ala,0.7814051195852938
urn:mavedb:00000068-c-1#502,NA,NA,p.Lys386Ter,0.8205900426355741
urn:mavedb:00000068-c-1#503,NA,NA,p.Lys386Tyr,0.9592499773400583
urn:mavedb:00000068-c-1#504,NA,NA,p.Lys386Trp,1.2868888117589623
urn:mavedb:00000068-c-1#505,NA,NA,p.Lys386Val,0.8268667625467382
urn:mavedb:00000068-c-1#506,NA,NA,p.Lys386Thr,0.8513758278760193
urn:mavedb:00000068-c-1#507,NA,NA,p.Lys386Ser,1.4914197838344534
urn:mavedb:00000068-c-1#508,NA,NA,p.Lys386Arg,0.8475810237668641
urn:mavedb:00000068-c-1#509,NA,NA,p.Lys386Gln,0.8776753311543892
urn:mavedb:00000068-c-1#510,NA,NA,p.Lys386Pro,0.521116146623666
urn:mavedb:00000068-c-1#511,NA,NA,p.Lys386Asn,0.7655806139251095
urn:mavedb:00000068-c-1#512,NA,NA,p.Lys386Met,0.5044576182131538
urn:mavedb:00000068-c-1#513,NA,NA,p.Lys386Leu,0.9778937091282092
urn:mavedb:00000068-c-1#514,NA,NA,p.Lys386Ile,1.0023680810134212
urn:mavedb:00000068-c-1#515,NA,NA,p.Lys386His,1.0428595382783523
urn:mavedb:00000068-c-1#516,NA,NA,p.Lys386Gly,0.6943532694827326
urn:mavedb:00000068-c-1#517,NA,NA,p.Lys386Phe,1.4589206486597468
urn:mavedb:00000068-c-1#518,NA,NA,p.Lys386Glu,0.514636456553847
urn:mavedb:00000068-c-1#519,NA,NA,p.Lys386Asp,0.9067212686743178
urn:mavedb:00000068-c-1#520,NA,NA,p.Lys386Cys,1.153227538072895
urn:mavedb:00000068-c-1#521,NA,NA,p.Lys386=,1.0883577270293252
urn:mavedb:00000068-c-1#522,NA,NA,p.Lys386Ala,1.3420464664133391
urn:mavedb:00000068-c-1#523,NA,NA,p.Phe385Ter,1.191733013726089
urn:mavedb:00000068-c-1#524,NA,NA,p.Phe385Tyr,0.7316760330420276
urn:mavedb:00000068-c-1#525,NA,NA,p.Phe385Trp,1.2134367237624737
urn:mavedb:00000068-c-1#526,NA,NA,p.Phe385Val,0.8952692426461641
urn:mavedb:00000068-c-1#527,NA,NA,p.Phe385Thr,0.5222897727011013
urn:mavedb:00000068-c-1#528,NA,NA,p.Phe385Ser,0.6881411636744523
urn:mavedb:00000068-c-1#529,NA,NA,p.Phe385Arg,0.7075453836665289
urn:mavedb:00000068-c-1#530,NA,NA,p.Phe385Gln,1.1099441338478986
urn:mavedb:00000068-c-1#531,NA,NA,p.Phe385Pro,1.4126143494925771
urn:mavedb:00000068-c-1#532,NA,NA,p.Phe385Asn,0.9773615703682266
urn:mavedb:00000068-c-1#533,NA,NA,p.Phe385Met,1.6235071269748504
urn:mavedb:00000068-c-1#534,NA,NA,p.Phe385Leu,0.5885440744981889
urn:mavedb:00000068-c-1#535,NA,NA,p.Phe385Lys,1.1544270598686983
urn:mavedb:00000068-c-1#536,NA,NA,p.Phe385Ile,0.9849717603154275
urn:mavedb:00000068-c-1#537,NA,NA,p.Phe385His,1.696195511164388
urn:mavedb:00000068-c-1#538,NA,NA,p.Phe385Gly,0.4315523067541671
urn:mavedb:00000068-c-1#539,NA,NA,p.Phe385Glu,0.9547024889095241
urn:mavedb:00000068-c-1#540,NA,NA,p.Phe385Asp,1.2482565085419208
urn:mavedb:00000068-c-1#541,NA,NA,p.Phe385Cys,1.0110049380175612
urn:mavedb:00000068-c-1#542,NA,NA,p.Phe385=,0.4801204817075002
urn:mavedb:00000068-c-1#543,NA,NA,p.Phe385Ala,0.5922878171242332
urn:mavedb:00000068-c-1#544,NA,NA,p.Met384Ter,0.9502598920923284
urn:mavedb:00000068-c-1#545,NA,NA,p.Met384Tyr,1.2244457083492886
urn:mavedb:00000068-c-1#546,NA,NA,p.Met384Trp,1.252979629202689
urn:mavedb:00000068-c-1#547,NA,NA,p.Met384Val,0.8366898044609452
urn:mavedb:00000068-c-1#548,NA,NA,p.Met384Thr,0.7082966033806306
urn:mavedb:00000068-c-1#549,NA,NA,p.Met384Ser,0.6207260262253759
urn:mavedb:00000068-c-1#550,NA,NA,p.Met384Arg,0.9985249699121392
urn:mavedb:00000068-c-1#551,NA,NA,p.Met384Gln,1.4295891453329777
urn:mavedb:00000068-c-1#552,NA,NA,p.Met384Pro,1.5127277199114075
urn:mavedb:00000068-c-1#553,NA,NA,p.Met384Asn,1.3779355521058774
urn:mavedb:00000068-c-1#554,NA,NA,p.Met384Leu,1.2815915918762883
urn:mavedb:00000068-c-1#555,NA,NA,p.Met384Lys,0.9178636403582324
urn:mavedb:00000068-c-1#556,NA,NA,p.Met384Ile,0.8722443125351049
urn:mavedb:00000068-c-1#557,NA,NA,p.Met384His,1.0603796866503696
urn:mavedb:00000068-c-1#558,NA,NA,p.Met384Gly,1.6013159311170981
urn:mavedb:00000068-c-1#559,NA,NA,p.Met384Phe,1.3556721401927
urn:mavedb:00000068-c-1#560,NA,NA,p.Met384Glu,1.3968013910706552
urn:mavedb:00000068-c-1#561,NA,NA,p.Met384Asp,0.9766942227144068
urn:mavedb:00000068-c-1#562,NA,NA,p.Met384Cys,1.0481678953751448
urn:mavedb:00000068-c-1#563,NA,NA,p.Met384Ala,1.087271240819148
urn:mavedb:00000068-c-1#564,NA,NA,p.Leu383Ter,0.8859826351292355
urn:mavedb:00000068-c-1#565,NA,NA,p.Leu383Tyr,1.046323403847543
urn:mavedb:00000068-c-1#566,NA,NA,p.Leu383Trp,1.0512543802632155
urn:mavedb:00000068-c-1#567,NA,NA,p.Leu383Val,1.2428952209351378
urn:mavedb:00000068-c-1#568,NA,NA,p.Leu383Thr,1.1421283063897554
urn:mavedb:00000068-c-1#569,NA,NA,p.Leu383Ser,0.9114647314194332
urn:mavedb:00000068-c-1#570,NA,NA,p.Leu383Arg,0.9203276980251642
urn:mavedb:00000068-c-1#571,NA,NA,p.Leu383Gln,0.9099546435556348
urn:mavedb:00000068-c-1#572,NA,NA,p.Leu383Pro,0.8684022236953888
urn:mavedb:00000068-c-1#573,NA,NA,p.Leu383Asn,1.3982467072380549
urn:mavedb:00000068-c-1#574,NA,NA,p.Leu383Met,1.1517354108100148
urn:mavedb:00000068-c-1#575,NA,NA,p.Leu383Lys,0.7830376149676258
urn:mavedb:00000068-c-1#576,NA,NA,p.Leu383Ile,1.0315114212218897
urn:mavedb:00000068-c-1#577,NA,NA,p.Leu383His,1.0937822942480036
urn:mavedb:00000068-c-1#578,NA,NA,p.Leu383Gly,0.8973780675967035
urn:mavedb:00000068-c-1#579,NA,NA,p.Leu383Phe,0.6149916232993221
urn:mavedb:00000068-c-1#580,NA,NA,p.Leu383Glu,1.0114246782990501
urn:mavedb:00000068-c-1#581,NA,NA,p.Leu383Asp,1.01320971715681
urn:mavedb:00000068-c-1#582,NA,NA,p.Leu383Cys,1.095787197054261
urn:mavedb:00000068-c-1#583,NA,NA,p.Leu383=,0.5640395684040855
urn:mavedb:00000068-c-1#584,NA,NA,p.Leu383Ala,0.7102895224037249
urn:mavedb:00000068-c-1#585,NA,NA,p.Lys382Ter,1.2136240047693885
urn:mavedb:00000068-c-1#586,NA,NA,p.Lys382Tyr,1.4377569711547766
urn:mavedb:00000068-c-1#587,NA,NA,p.Lys382Trp,1.3906863118851638
urn:mavedb:00000068-c-1#588,NA,NA,p.Lys382Val,1.4483119228495838
urn:mavedb:00000068-c-1#589,NA,NA,p.Lys382Thr,0.8293558015831004
urn:mavedb:00000068-c-1#590,NA,NA,p.Lys382Ser,1.0332803817540328
urn:mavedb:00000068-c-1#591,NA,NA,p.Lys382Arg,0.9616582380324344
urn:mavedb:00000068-c-1#592,NA,NA,p.Lys382Gln,1.2070475279295456
urn:mavedb:00000068-c-1#593,NA,NA,p.Lys382Pro,1.2163305798917734
urn:mavedb:00000068-c-1#594,NA,NA,p.Lys382Asn,0.8791895628119565
urn:mavedb:00000068-c-1#595,NA,NA,p.Lys382Met,1.0126869524356177
urn:mavedb:00000068-c-1#596,NA,NA,p.Lys382Leu,1.028383356493139
urn:mavedb:00000068-c-1#597,NA,NA,p.Lys382Ile,1.1289365471310215
urn:mavedb:00000068-c-1#598,NA,NA,p.Lys382His,1.0172258551948148
urn:mavedb:00000068-c-1#599,NA,NA,p.Lys382Gly,1.0424222242727252
urn:mavedb:00000068-c-1#600,NA,NA,p.Lys382Phe,0.9897987577236784
urn:mavedb:00000068-c-1#601,NA,NA,p.Lys382Glu,0.5982617791825471
urn:mavedb:00000068-c-1#602,NA,NA,p.Lys382Asp,0.7147227562132019
urn:mavedb:00000068-c-1#603,NA,NA,p.Lys382Cys,1.2374598584959304
urn:mavedb:00000068-c-1#604,NA,NA,p.Lys382=,0.2639066442710004
urn:mavedb:00000068-c-1#605,NA,NA,p.Lys382Ala,1.6093323442029004
urn:mavedb:00000068-c-1#606,NA,NA,p.Lys381Ter,0.8252297363208091
urn:mavedb:00000068-c-1#607,NA,NA,p.Lys381Tyr,1.1365224126061844
urn:mavedb:00000068-c-1#608,NA,NA,p.Pro359Trp,0.5654527630029329
urn:mavedb:00000068-c-1#609,NA,NA,p.Pro359Val,0.7624131087827952
urn:mavedb:00000068-c-1#610,NA,NA,p.Pro359Thr,0.8511444020676512
urn:mavedb:00000068-c-1#611,NA,NA,p.Pro359Ser,0.7491768483812941
urn:mavedb:00000068-c-1#612,NA,NA,p.Pro359Arg,0.9707135825375591
urn:mavedb:00000068-c-1#613,NA,NA,p.Pro359Gln,0.3799626797013105
urn:mavedb:00000068-c-1#614,NA,NA,p.Pro359Asn,1.1269147177453038
urn:mavedb:00000068-c-1#615,NA,NA,p.Pro359Met,0.8019257482613238
urn:mavedb:00000068-c-1#616,NA,NA,p.Pro359Leu,0.7986842084908684
urn:mavedb:00000068-c-1#617,NA,NA,p.Pro359Lys,0.911746441157276
urn:mavedb:00000068-c-1#618,NA,NA,p.Pro359Ile,0.6292274068175435
urn:mavedb:00000068-c-1#619,NA,NA,p.Pro359His,0.5393557279578259
urn:mavedb:00000068-c-1#620,NA,NA,p.Pro359Gly,0.8089869176007087
urn:mavedb:00000068-c-1#621,NA,NA,p.Pro359Phe,0.7474966814047495
urn:mavedb:00000068-c-1#622,NA,NA,p.Pro359Glu,0.8159655008863438
urn:mavedb:00000068-c-1#623,NA,NA,p.Pro359Asp,0.7587640578325638
urn:mavedb:00000068-c-1#624,NA,NA,p.Pro359Cys,1.1376379150699347
urn:mavedb:00000068-c-1#625,NA,NA,p.Pro359=,0.7645664291660419
urn:mavedb:00000068-c-1#626,NA,NA,p.Pro359Ala,0.5641899848129401
urn:mavedb:00000068-c-1#627,NA,NA,p.Glu358Ter,0.6184142692957094
urn:mavedb:00000068-c-1#628,NA,NA,p.Glu358Tyr,0.9369590456913188
urn:mavedb:00000068-c-1#629,NA,NA,p.Glu358Trp,0.935243812498212
urn:mavedb:00000068-c-1#630,NA,NA,p.Glu358Val,1.1051074470139712
urn:mavedb:00000068-c-1#631,NA,NA,p.Glu358Thr,1.0346768038938574
urn:mavedb:00000068-c-1#632,NA,NA,p.Glu358Ser,0.7061382514789024
urn:mavedb:00000068-c-1#633,NA,NA,p.Glu358Arg,0.9205807631856818
urn:mavedb:00000068-c-1#634,NA,NA,p.Gly356Ala,1.0154997043171154
urn:mavedb:00000068-c-1#635,NA,NA,p.Ala355Ter,0.8280446103744183
urn:mavedb:00000068-c-1#636,NA,NA,p.Ala355Tyr,1.05924548487727
urn:mavedb:00000068-c-1#637,NA,NA,p.Ala355Trp,1.049790090129738
urn:mavedb:00000068-c-1#638,NA,NA,p.Ala355Val,0.7753372668829521
urn:mavedb:00000068-c-1#639,NA,NA,p.Ala355Thr,0.7176568194466072
urn:mavedb:00000068-c-1#640,NA,NA,p.Ala355Ser,0.5093524602240976
urn:mavedb:00000068-c-1#641,NA,NA,p.Ala355Arg,0.8486280033118906
urn:mavedb:00000068-c-1#642,NA,NA,p.Ala355Gln,0.5975238464846617
urn:mavedb:00000068-c-1#643,NA,NA,p.Ala355Pro,1.010835090725571
urn:mavedb:00000068-c-1#644,NA,NA,p.Ala355Asn,1.3101655219735748
urn:mavedb:00000068-c-1#645,NA,NA,p.Ala355Met,0.8771416484359024
urn:mavedb:00000068-c-1#646,NA,NA,p.Ala355Leu,0.5401661517775704
urn:mavedb:00000068-c-1#647,NA,NA,p.Ala355Lys,1.063653139347613
urn:mavedb:00000068-c-1#648,NA,NA,p.Ala355Ile,1.013154580075289
urn:mavedb:00000068-c-1#649,NA,NA,p.Ala355His,0.9993456591819798
urn:mavedb:00000068-c-1#650,NA,NA,p.Ala355Gly,0.6594243310469879
urn:mavedb:00000068-c-1#651,NA,NA,p.Ala355Phe,0.6986316027298889
urn:mavedb:00000068-c-1#652,NA,NA,p.Ala355Glu,0.5863756942275701
urn:mavedb:00000068-c-1#653,NA,NA,p.Ala355Asp,0.8699305653476981
urn:mavedb:00000068-c-1#654,NA,NA,p.Ala355Cys,1.1639216764397875
urn:mavedb:00000068-c-1#655,NA,NA,p.Ala355=,0.3678248229068564
urn:mavedb:00000068-c-1#656,NA,NA,p.Gln354Ter,0.5359181276064751
urn:mavedb:00000068-c-1#657,NA,NA,p.Gln354Tyr,0.9872889907181959
urn:mavedb:00000068-c-1#658,NA,NA,p.Gln354Trp,0.8950477891444614
urn:mavedb:00000068-c-1#659,NA,NA,p.Gln354Val,1.145242202227033
urn:mavedb:00000068-c-1#660,NA,NA,p.Gln354Thr,0.9470638109214508
urn:mavedb:00000068-c-1#661,NA,NA,p.Gln354Ser,0.6526765200182427
urn:mavedb:00000068-c-1#662,NA,NA,p.Gln354Arg,0.8065733953835752
urn:mavedb:00000068-c-1#663,NA,NA,p.Gln354Pro,0.574903790860999
urn:mavedb:00000068-c-1#664,NA,NA,p.Gln354Asn,1.0067475659489111
urn:mavedb:00000068-c-1#665,NA,NA,p.Gln354Met,0.8979798352515512
urn:mavedb:00000068-c-1#666,NA,NA,p.Gln354Leu,0.7651521870397066
urn:mavedb:00000068-c-1#667,NA,NA,p.Gln354Lys,0.8637426461337353
urn:mavedb:00000068-c-1#668,NA,NA,p.Gln354Ile,1.249802925401302
urn:mavedb:00000068-c-1#669,NA,NA,p.Gln354His,0.8441567925444229
urn:mavedb:00000068-c-1#670,NA,NA,p.Gln354Gly,0.7961614575380178
urn:mavedb:00000068-c-1#671,NA,NA,p.Gln354Phe,1.0546079965910355
urn:mavedb:00000068-c-1#672,NA,NA,p.Gln354Glu,0.6047003764147368
urn:mavedb:00000068-c-1#673,NA,NA,p.Gln354Asp,0.6336226854961845
urn:mavedb:00000068-c-1#674,NA,NA,p.Gln354Cys,0.8555857146354415
urn:mavedb:00000068-c-1#675,NA,NA,p.Gln354=,0.7758555808778328
urn:mavedb:00000068-c-1#676,NA,NA,p.Gln354Ala,0.5677060767389069
urn:mavedb:00000068-c-1#677,NA,NA,p.Ala353Ter,0.6457898785082159
urn:mavedb:00000068-c-1#678,NA,NA,p.Ala353Tyr,0.9736192533078726
urn:mavedb:00000068-c-1#679,NA,NA,p.Ala353Trp,0.6202949730907976
urn:mavedb:00000068-c-1#680,NA,NA,p.Ala353Val,0.6305843570511432
urn:mavedb:00000068-c-1#681,NA,NA,p.Ala353Thr,0.7491382546118424
urn:mavedb:00000068-c-1#682,NA,NA,p.Ala353Ser,0.5763308726138181
urn:mavedb:00000068-c-1#683,NA,NA,p.Ala353Arg,1.0548427927322936
urn:mavedb:00000068-c-1#684,NA,NA,p.Ala353Gln,0.7793086173665256
urn:mavedb:00000068-c-1#685,NA,NA,p.Ala353Pro,0.6722120308934835
urn:mavedb:00000068-c-1#686,NA,NA,p.Ala353Asn,1.0978775899864648
urn:mavedb:00000068-c-1#687,NA,NA,p.Ala353Met,1.1677812295854226
urn:mavedb:00000068-c-1#688,NA,NA,p.Ala353Leu,0.701138502020566
urn:mavedb:00000068-c-1#689,NA,NA,p.Ala353Lys,0.8241842543195432
urn:mavedb:00000068-c-1#690,NA,NA,p.Ala353Ile,0.9853037538653676
urn:mavedb:00000068-c-1#691,NA,NA,p.Ala353His,1.0292746893689209
urn:mavedb:00000068-c-1#692,NA,NA,p.Ala353Gly,0.719565176323732
urn:mavedb:00000068-c-1#693,NA,NA,p.Ala353Phe,0.910110345849084
urn:mavedb:00000068-c-1#694,NA,NA,p.Ala353Glu,0.8699136616135649
urn:mavedb:00000068-c-1#695,NA,NA,p.Ala353Asp,0.8901539813621221
urn:mavedb:00000068-c-1#696,NA,NA,p.Ala353Cys,0.8349254488472926
urn:mavedb:00000068-c-1#697,NA,NA,p.Ala353=,0.4917930935856273
urn:mavedb:00000068-c-1#698,NA,NA,p.Asp352Ter,-0.7233393450457638
urn:mavedb:00000068-c-1#699,NA,NA,p.Asp352Tyr,0.79939313531416
urn:mavedb:00000068-c-1#700,NA,NA,p.Asp352Trp,0.7603745384713209
urn:mavedb:00000068-c-1#701,NA,NA,p.Asp352Val,0.6254965815961334
urn:mavedb:00000068-c-1#702,NA,NA,p.Asp352Thr,0.8708444011751937
urn:mavedb:00000068-c-1#703,NA,NA,p.Asp352Ser,0.7647806393343023
urn:mavedb:00000068-c-1#704,NA,NA,p.Asp352Arg,0.9157506964249278
urn:mavedb:00000068-c-1#705,NA,NA,p.Asp352Gln,0.9197861026270048
urn:mavedb:00000068-c-1#706,NA,NA,p.Asp352Pro,0.5799999253685785
urn:mavedb:00000068-c-1#707,NA,NA,p.Asp352Asn,0.3955225374286649
urn:mavedb:00000068-c-1#708,NA,NA,p.Asp352Met,0.7199549946052358
urn:mavedb:00000068-c-1#709,NA,NA,p.Asp352Leu,0.6611442742845317
urn:mavedb:00000068-c-1#710,NA,NA,p.Asp352Lys,1.0383890670385485
urn:mavedb:00000068-c-1#711,NA,NA,p.Asp352Ile,0.4673723161278549
urn:mavedb:00000068-c-1#712,NA,NA,p.Asp352His,0.7292334706650068
urn:mavedb:00000068-c-1#713,NA,NA,p.Asp352Gly,0.3341040797688901
urn:mavedb:00000068-c-1#714,NA,NA,p.Asp352Phe,1.0141147122940566
urn:mavedb:00000068-c-1#715,NA,NA,p.Asp352Glu,0.7457509717229702
urn:mavedb:00000068-c-1#716,NA,NA,p.Asp352Cys,1.2719678443625124
urn:mavedb:00000068-c-1#717,NA,NA,p.Asp352=,0.7523645892776113
urn:mavedb:00000068-c-1#718,NA,NA,p.Asp352Ala,0.9031091930996654
urn:mavedb:00000068-c-1#719,NA,NA,p.Lys351Ter,-1.1782973590947343
urn:mavedb:00000068-c-1#720,NA,NA,p.Lys351Tyr,1.0580506090767765
urn:mavedb:00000068-c-1#721,NA,NA,p.Lys351Trp,1.1489477087101074
urn:mavedb:00000068-c-1#722,NA,NA,p.Lys351Val,0.9229749959767084
urn:mavedb:00000068-c-1#723,NA,NA,p.Lys351Thr,1.3194120633247644
urn:mavedb:00000068-c-1#724,NA,NA,p.Lys351Ser,1.2586434922484686
urn:mavedb:00000068-c-1#725,NA,NA,p.Lys351Arg,0.21845274341542084
urn:mavedb:00000068-c-1#726,NA,NA,p.Lys351Gln,0.8783846783514623
urn:mavedb:00000068-c-1#727,NA,NA,p.Lys351Pro,-0.6840750466062945
urn:mavedb:00000068-c-1#728,NA,NA,p.Lys351Asn,0.9362747406229226
urn:mavedb:00000068-c-1#729,NA,NA,p.Lys351Met,1.1314081104156994
urn:mavedb:00000068-c-1#730,NA,NA,p.Lys351Leu,1.3393011687202372
urn:mavedb:00000068-c-1#731,NA,NA,p.Lys351Ile,1.4222628438910483
urn:mavedb:00000068-c-1#732,NA,NA,p.Lys351His,1.6376433943280335
urn:mavedb:00000068-c-1#733,NA,NA,p.Lys351Gly,1.177431613144766
urn:mavedb:00000068-c-1#734,NA,NA,p.Lys351Phe,1.234066857730587
urn:mavedb:00000068-c-1#735,NA,NA,p.Lys351Glu,0.30135174402456105
urn:mavedb:00000068-c-1#736,NA,NA,p.Lys351Asp,0.2682811228676519
urn:mavedb:00000068-c-1#737,NA,NA,p.Lys351Cys,1.2423664981151294
urn:mavedb:00000068-c-1#738,NA,NA,p.Lys351=,0.5503349804783301
urn:mavedb:00000068-c-1#739,NA,NA,p.Lys351Ala,1.1292189359793807
urn:mavedb:00000068-c-1#740,NA,NA,p.Leu350Ter,-1.4796949109659825
urn:mavedb:00000068-c-1#741,NA,NA,p.Leu350Tyr,0.9638987891717596
urn:mavedb:00000068-c-1#742,NA,NA,p.Leu350Trp,1.1051394138681547
urn:mavedb:00000068-c-1#743,NA,NA,p.Leu350Val,0.6766467756307847
urn:mavedb:00000068-c-1#744,NA,NA,p.Leu350Thr,0.4227640602964201
urn:mavedb:00000068-c-1#745,NA,NA,p.Leu350Ser,0.1878024788080785
urn:mavedb:00000068-c-1#746,NA,NA,p.Leu350Arg,1.2916539095241657
urn:mavedb:00000068-c-1#747,NA,NA,p.Leu350Gln,0.6958714439329413
urn:mavedb:00000068-c-1#748,NA,NA,p.Leu350Pro,-0.98860660427102
urn:mavedb:00000068-c-1#749,NA,NA,p.Leu350Asn,0.9667566669347744
urn:mavedb:00000068-c-1#750,NA,NA,p.Leu350Met,0.8881269474063284
urn:mavedb:00000068-c-1#751,NA,NA,p.Leu350Lys,0.8508497096982554
urn:mavedb:00000068-c-1#752,NA,NA,p.Leu350Ile,0.37753360157825055
urn:mavedb:00000068-c-1#753,NA,NA,p.Leu350His,1.2542538142770423
urn:mavedb:00000068-c-1#754,NA,NA,p.Leu350Gly,0.6942595540686328
urn:mavedb:00000068-c-1#755,NA,NA,p.Leu350Phe,0.796089903007694
urn:mavedb:00000068-c-1#756,NA,NA,p.Leu350Glu,1.0758624174875926
urn:mavedb:00000068-c-1#757,NA,NA,p.Leu350Asp,1.1736820152324483
urn:mavedb:00000068-c-1#758,NA,NA,p.Leu350Cys,1.104153645914055
urn:mavedb:00000068-c-1#759,NA,NA,p.Leu350=,0.6144158868585482
urn:mavedb:00000068-c-1#760,NA,NA,p.Leu350Ala,1.1206855894588832
urn:mavedb:00000068-c-1#761,NA,NA,p.Glu349Ter,-0.6721329927380248
urn:mavedb:00000068-c-1#762,NA,NA,p.Glu349Tyr,0.4154144793071791
urn:mavedb:00000068-c-1#763,NA,NA,p.Glu349Trp,0.7190814320969622
urn:mavedb:00000068-c-1#764,NA,NA,p.Glu349Val,0.5785320201253995
urn:mavedb:00000068-c-1#765,NA,NA,p.Glu349Thr,0.7430045792177405
urn:mavedb:00000068-c-1#766,NA,NA,p.Glu349Ser,0.7451186863467236
urn:mavedb:00000068-c-1#767,NA,NA,p.Glu349Arg,0.4209626538680405
urn:mavedb:00000068-c-1#768,NA,NA,p.Glu349Gln,0.862389045153078
urn:mavedb:00000068-c-1#769,NA,NA,p.Glu349Pro,-1.6259050612047972
urn:mavedb:00000068-c-1#770,NA,NA,p.Glu349Asn,-0.4972514938906635
urn:mavedb:00000068-c-1#771,NA,NA,p.Glu349Met,0.8453806658006547
urn:mavedb:00000068-c-1#772,NA,NA,p.Glu349Leu,0.7133547384561894
urn:mavedb:00000068-c-1#773,NA,NA,p.Glu349Lys,0.1858984310286605
urn:mavedb:00000068-c-1#774,NA,NA,p.Glu349Ile,0.6822246262260164
urn:mavedb:00000068-c-1#775,NA,NA,p.Glu349His,0.6643395768395379
urn:mavedb:00000068-c-1#776,NA,NA,p.Glu349Gly,0.10396436531272728
urn:mavedb:00000068-c-1#777,NA,NA,p.Glu349Phe,0.7173290899912556
urn:mavedb:00000068-c-1#778,NA,NA,p.Glu349Asp,0.6799836686291006
urn:mavedb:00000068-c-1#779,NA,NA,p.Glu349Cys,0.8109895334400381
urn:mavedb:00000068-c-1#780,NA,NA,p.Glu349=,0.8413094154910846
urn:mavedb:00000068-c-1#781,NA,NA,p.Glu349Ala,0.3245203116833173
urn:mavedb:00000068-c-1#782,NA,NA,p.Leu348Ter,-0.9116196534353572
urn:mavedb:00000068-c-1#783,NA,NA,p.Leu348Tyr,1.1537303369128735
urn:mavedb:00000068-c-1#784,NA,NA,p.Leu348Trp,-0.24869365799739546
urn:mavedb:00000068-c-1#785,NA,NA,p.Leu348Val,0.6361988479297377
urn:mavedb:00000068-c-1#786,NA,NA,p.Leu348Thr,0.28428598422831075
urn:mavedb:00000068-c-1#787,NA,NA,p.Leu348Ser,0.11027343323509677
urn:mavedb:00000068-c-1#788,NA,NA,p.Leu348Arg,-2.4689971581698016
urn:mavedb:00000068-c-1#789,NA,NA,p.Leu348Gln,-0.010756529975946096
urn:mavedb:00000068-c-1#790,NA,NA,p.Leu348Pro,-2.2050892229713432
urn:mavedb:00000068-c-1#791,NA,NA,p.Leu348Asn,-2.418752961153768
urn:mavedb:00000068-c-1#792,NA,NA,p.Leu348Met,1.0776971427894877
urn:mavedb:00000068-c-1#793,NA,NA,p.Leu348Lys,-1.886489115958651
urn:mavedb:00000068-c-1#794,NA,NA,p.Leu348Ile,0.9199819506076216
urn:mavedb:00000068-c-1#795,NA,NA,p.Leu348His,-0.18507943277305985
urn:mavedb:00000068-c-1#796,NA,NA,p.Leu348Gly,-2.0711125046923797
urn:mavedb:00000068-c-1#797,NA,NA,p.Leu348Phe,0.8569507816921887
urn:mavedb:00000068-c-1#798,NA,NA,p.Leu348Glu,-0.7924188911685962
urn:mavedb:00000068-c-1#799,NA,NA,p.Leu348Asp,-1.9818275380649912
urn:mavedb:00000068-c-1#800,NA,NA,p.Leu348Cys,1.12632117054635
urn:mavedb:00000068-c-1#801,NA,NA,p.Leu348=,0.14821295072382887
urn:mavedb:00000068-c-1#802,NA,NA,p.Leu348Ala,0.3999158663045994
urn:mavedb:00000068-c-1#803,NA,NA,p.Ala347Ter,-2.714485681679353
urn:mavedb:00000068-c-1#804,NA,NA,p.Ala347Tyr,1.7516212223168013
urn:mavedb:00000068-c-1#805,NA,NA,p.Ala347Trp,1.5924895109036443
urn:mavedb:00000068-c-1#806,NA,NA,p.Ala347Val,1.2492510185467964
urn:mavedb:00000068-c-1#807,NA,NA,p.Ala347Thr,0.6086566040007991
urn:mavedb:00000068-c-1#808,NA,NA,p.Ala347Ser,0.8237023847632913
urn:mavedb:00000068-c-1#809,NA,NA,p.Ala347Arg,1.1148701805691168
urn:mavedb:00000068-c-1#810,NA,NA,p.Ala347Gln,1.378318523820948
urn:mavedb:00000068-c-1#811,NA,NA,p.Ala347Pro,-1.9192732239728223
urn:mavedb:00000068-c-1#812,NA,NA,p.Ala347Asn,1.020532827510062
urn:mavedb:00000068-c-1#813,NA,NA,p.Ala347Met,1.0670482237563321
urn:mavedb:00000068-c-1#814,NA,NA,p.Ala347Leu,1.4400419099255153
urn:mavedb:00000068-c-1#815,NA,NA,p.Ala347Lys,1.2388435059794758
urn:mavedb:00000068-c-1#816,NA,NA,p.Ala347Ile,1.5732951555118575
urn:mavedb:00000068-c-1#817,NA,NA,p.Ala347His,1.3104611637604155
urn:mavedb:00000068-c-1#818,NA,NA,p.Ala347Gly,-0.06107155643056941
urn:mavedb:00000068-c-1#819,NA,NA,p.Ala347Phe,1.7018947060649603
urn:mavedb:00000068-c-1#820,NA,NA,p.Ala347Glu,0.7275992221014584
urn:mavedb:00000068-c-1#821,NA,NA,p.Ala347Asp,0.5135673118473688
urn:mavedb:00000068-c-1#822,NA,NA,p.Ala347Cys,1.2956653608524746
urn:mavedb:00000068-c-1#823,NA,NA,p.Ala347=,0.11267173023990824
urn:mavedb:00000068-c-1#824,NA,NA,p.Trp53=,NA
urn:mavedb:00000068-c-1#825,NA,NA,p.Met44=,NA
urn:mavedb:00000068-c-1#826,NA,NA,p.Met40=,NA
urn:mavedb:00000068-c-1#827,NA,NA,p.Trp23=,NA
urn:mavedb:00000068-c-1#828,NA,NA,p.Met1=,NA
urn:mavedb:00000068-c-1#829,NA,NA,p.Ter394Tyr,0.7900946810106804
urn:mavedb:00000068-c-1#830,NA,NA,p.Ter394Trp,0.8817361991894831
urn:mavedb:00000068-c-1#831,NA,NA,p.Ter394Val,1.6769661122281725
urn:mavedb:00000068-c-1#832,NA,NA,p.Ter394Thr,1.4223315678840671
urn:mavedb:00000068-c-1#833,NA,NA,p.Ter394Ser,1.5189194105397612
urn:mavedb:00000068-c-1#834,NA,NA,p.Ter394Arg,1.4632993993069219
urn:mavedb:00000068-c-1#835,NA,NA,p.Ter394Gln,1.1460111221250968
urn:mavedb:00000068-c-1#836,NA,NA,p.Ter394Pro,1.5735445573597258
urn:mavedb:00000068-c-1#837,NA,NA,p.Ter394Asn,1.4045404117542242
urn:mavedb:00000068-c-1#838,NA,NA,p.Ter394Met,1.7022683152418026
urn:mavedb:00000068-c-1#839,NA,NA,p.Ter394Leu,1.493740487392882
urn:mavedb:00000068-c-1#840,NA,NA,p.Ter394Lys,1.1055911734114054
urn:mavedb:00000068-c-1#841,NA,NA,p.Ter394Ile,1.672396186888394
urn:mavedb:00000068-c-1#842,NA,NA,p.Ter394His,1.5658625016769716
urn:mavedb:00000068-c-1#843,NA,NA,p.Ter394Gly,1.1057145769917682
urn:mavedb:00000068-c-1#844,NA,NA,p.Ter394Phe,1.2711976932838869
urn:mavedb:00000068-c-1#845,NA,NA,p.Ter394Glu,0.9048064060841452
urn:mavedb:00000068-c-1#846,NA,NA,p.Ter394Asp,1.4363635188574608
urn:mavedb:00000068-c-1#847,NA,NA,p.Ter394Cys,1.5710254494332223
urn:mavedb:00000068-c-1#848,NA,NA,p.Ter394=,0.304515875785539
urn:mavedb:00000068-c-1#849,NA,NA,p.Ter394Ala,1.085453463905441
urn:mavedb:00000068-c-1#850,NA,NA,p.Asp393Ter,1.1975271513493273
urn:mavedb:00000068-c-1#851,NA,NA,p.Asp393Tyr,0.7741516014535539
urn:mavedb:00000068-c-1#852,NA,NA,p.Asp393Trp,1.5831802101318941
urn:mavedb:00000068-c-1#853,NA,NA,p.Asp393Val,1.1825611846239397
urn:mavedb:00000068-c-1#854,NA,NA,p.Asp393Thr,1.3589762425134169
urn:mavedb:00000068-c-1#855,NA,NA,p.Asp393Ser,1.664631782303868
urn:mavedb:00000068-c-1#856,NA,NA,p.Asp393Arg,1.526374330495888
urn:mavedb:00000068-c-1#857,NA,NA,p.Asp393Gln,1.1047842813127542
urn:mavedb:00000068-c-1#858,NA,NA,p.Asp393Pro,1.95075375651411
urn:mavedb:00000068-c-1#859,NA,NA,p.Asp393Asn,0.664517928362651
urn:mavedb:00000068-c-1#860,NA,NA,p.Asp393Met,1.2696487800342984
urn:mavedb:00000068-c-1#861,NA,NA,p.Asp393Leu,1.6390067143636249
urn:mavedb:00000068-c-1#862,NA,NA,p.Asp393Lys,1.0427965379805195
urn:mavedb:00000068-c-1#863,NA,NA,p.Asp393Ile,1.8605467270682363
urn:mavedb:00000068-c-1#864,NA,NA,p.Asp393His,1.0776433732381658
urn:mavedb:00000068-c-1#865,NA,NA,p.Asp393Gly,0.8892715597432013
urn:mavedb:00000068-c-1#866,NA,NA,p.Asp393Phe,1.5767647129534177
urn:mavedb:00000068-c-1#867,NA,NA,p.Asp393Glu,0.7019354142144029
urn:mavedb:00000068-c-1#868,NA,NA,p.Asp393Cys,0.4580078162088517
urn:mavedb:00000068-c-1#869,NA,NA,p.Asp393=,0.9999682262436408
urn:mavedb:00000068-c-1#870,NA,NA,p.Asp393Ala,1.132786149231462
urn:mavedb:00000068-c-1#871,NA,NA,p.Ser392Ter,1.0684760714700312
urn:mavedb:00000068-c-1#872,NA,NA,p.Ser392Tyr,0.6463431723294224
urn:mavedb:00000068-c-1#873,NA,NA,p.Ser392Trp,1.5083610605056883
urn:mavedb:00000068-c-1#874,NA,NA,p.Ser392Val,1.2898965533393496
urn:mavedb:00000068-c-1#875,NA,NA,p.Ser392Thr,0.8386738806287094
urn:mavedb:00000068-c-1#876,NA,NA,p.Ser392Arg,1.3096337442091466
urn:mavedb:00000068-c-1#877,NA,NA,p.Ser392Gln,1.1729265884331963
urn:mavedb:00000068-c-1#878,NA,NA,p.Ser392Pro,1.0113789161651894
urn:mavedb:00000068-c-1#879,NA,NA,p.Ser392Asn,1.8190354441035617
urn:mavedb:00000068-c-1#880,NA,NA,p.Ser392Met,1.3562585007084764
urn:mavedb:00000068-c-1#881,NA,NA,p.Ser392Leu,0.7727134214144069
urn:mavedb:00000068-c-1#882,NA,NA,p.Ser392Lys,1.202886958432008
urn:mavedb:00000068-c-1#883,NA,NA,p.Ser392Ile,1.3376785129833633
urn:mavedb:00000068-c-1#884,NA,NA,p.Ser392His,1.2231012642049155
urn:mavedb:00000068-c-1#885,NA,NA,p.Ser392Gly,1.739032099023699
urn:mavedb:00000068-c-1#886,NA,NA,p.Ser392Phe,1.2590449441619955
urn:mavedb:00000068-c-1#887,NA,NA,p.Ser392Glu,1.5924297241927474
urn:mavedb:00000068-c-1#888,NA,NA,p.Ser392Asp,1.4939919270739703
urn:mavedb:00000068-c-1#889,NA,NA,p.Ser392Cys,1.5250510995518092
urn:mavedb:00000068-c-1#890,NA,NA,p.Ser392=,0.5160384663491782
urn:mavedb:00000068-c-1#891,NA,NA,p.Ser392Ala,0.5423441366966635
urn:mavedb:00000068-c-1#892,NA,NA,p.Asp391Ter,1.5288203478626623
urn:mavedb:00000068-c-1#893,NA,NA,p.Asp391Tyr,0.8551202853306658
urn:mavedb:00000068-c-1#894,NA,NA,p.Asp391Trp,1.5872891123005788
urn:mavedb:00000068-c-1#895,NA,NA,p.Asp391Val,1.2676987823625794
urn:mavedb:00000068-c-1#896,NA,NA,p.Asp391Thr,1.0214053584208316
urn:mavedb:00000068-c-1#897,NA,NA,p.Asp391Ser,1.434211461246999
urn:mavedb:00000068-c-1#898,NA,NA,p.Asp391Arg,1.247673202883833
urn:mavedb:00000068-c-1#899,NA,NA,p.Asp391Gln,0.8222608096820236
urn:mavedb:00000068-c-1#900,NA,NA,p.Asp391Pro,1.3509498613711626
urn:mavedb:00000068-c-1#901,NA,NA,p.Asp391Asn,0.7825227800464818
urn:mavedb:00000068-c-1#902,NA,NA,p.Asp391Met,1.4032102014935028
urn:mavedb:00000068-c-1#903,NA,NA,p.Asp391Leu,1.3600230536812312
urn:mavedb:00000068-c-1#904,NA,NA,p.Asp391Lys,1.2544538220036692
urn:mavedb:00000068-c-1#905,NA,NA,p.Asp391Ile,1.6360366938357436
urn:mavedb:00000068-c-1#906,NA,NA,p.Asp391His,0.979708650019102
urn:mavedb:00000068-c-1#907,NA,NA,p.Asp391Gly,0.8056335585047152
urn:mavedb:00000068-c-1#908,NA,NA,p.Asp391Phe,1.7483601032530869
urn:mavedb:00000068-c-1#909,NA,NA,p.Asp391Glu,1.057978613793547
urn:mavedb:00000068-c-1#910,NA,NA,p.Asp391Cys,1.2029614279125975
urn:mavedb:00000068-c-1#911,NA,NA,p.Asp391=,0.8150107417806449
urn:mavedb:00000068-c-1#912,NA,NA,p.Asp391Ala,1.0363801284867202
urn:mavedb:00000068-c-1#913,NA,NA,p.Ser371Asn,1.4144126225297864
urn:mavedb:00000068-c-1#914,NA,NA,p.Ser371Met,0.9876770700762862
urn:mavedb:00000068-c-1#915,NA,NA,p.Ser371Leu,1.2329024204170669
urn:mavedb:00000068-c-1#916,NA,NA,p.Ser371Lys,0.5343424803507848
urn:mavedb:00000068-c-1#917,NA,NA,p.Ser371Ile,1.1205485055453963
urn:mavedb:00000068-c-1#918,NA,NA,p.Ser371His,1.9719653740667502
urn:mavedb:00000068-c-1#919,NA,NA,p.Ser371Gly,0.7992922011235188
urn:mavedb:00000068-c-1#920,NA,NA,p.Ser371Phe,1.0328887229200927
urn:mavedb:00000068-c-1#921,NA,NA,p.Ser371Glu,1.875403112401768
urn:mavedb:00000068-c-1#922,NA,NA,p.Ser371Asp,1.4194627785836675
urn:mavedb:00000068-c-1#923,NA,NA,p.Ser371Cys,1.2630283892923022
urn:mavedb:00000068-c-1#924,NA,NA,p.Ser371=,0.7139391445868466
urn:mavedb:00000068-c-1#925,NA,NA,p.Ser371Ala,0.9815551682481076
urn:mavedb:00000068-c-1#926,NA,NA,p.Lys370Ter,0.7341714135601497
urn:mavedb:00000068-c-1#927,NA,NA,p.Lys370Tyr,1.401841118527847
urn:mavedb:00000068-c-1#928,NA,NA,p.Lys370Trp,1.1556613544044692
urn:mavedb:00000068-c-1#929,NA,NA,p.Lys370Val,0.8812182065769578
urn:mavedb:00000068-c-1#930,NA,NA,p.Lys370Thr,1.1162596612483071
urn:mavedb:00000068-c-1#931,NA,NA,p.Lys370Ser,0.99164295761609
urn:mavedb:00000068-c-1#932,NA,NA,p.Lys370Arg,0.9059838499363144
urn:mavedb:00000068-c-1#933,NA,NA,p.Lys370Gln,0.6981188264423668
urn:mavedb:00000068-c-1#934,NA,NA,p.Lys370Pro,1.1747695021647695
urn:mavedb:00000068-c-1#935,NA,NA,p.Lys370Asn,0.7079387821713442
urn:mavedb:00000068-c-1#936,NA,NA,p.Lys370Met,0.9114421738865036
urn:mavedb:00000068-c-1#937,NA,NA,p.Lys370Leu,1.1354584463278121
urn:mavedb:00000068-c-1#938,NA,NA,p.Lys370Ile,1.2991769327988836
urn:mavedb:00000068-c-1#939,NA,NA,p.Lys370His,1.130401235925714
urn:mavedb:00000068-c-1#940,NA,NA,p.Lys370Gly,1.120473717150794
urn:mavedb:00000068-c-1#941,NA,NA,p.Lys370Phe,0.9227042524376649
urn:mavedb:00000068-c-1#942,NA,NA,p.Lys370Glu,0.6919665928440769
urn:mavedb:00000068-c-1#943,NA,NA,p.Lys370Asp,1.0785181249280136
urn:mavedb:00000068-c-1#944,NA,NA,p.Lys370Cys,1.2498437631448718
urn:mavedb:00000068-c-1#945,NA,NA,p.Lys370=,0.6171309724988172
urn:mavedb:00000068-c-1#946,NA,NA,p.Lys370Ala,1.178342952014787
urn:mavedb:00000068-c-1#947,NA,NA,p.Leu369Ter,0.8034725310306011
urn:mavedb:00000068-c-1#948,NA,NA,p.Leu369Tyr,1.1864903226270151
urn:mavedb:00000068-c-1#949,NA,NA,p.Leu369Trp,1.0407151291038041
urn:mavedb:00000068-c-1#950,NA,NA,p.Leu369Val,1.3026538803145764
urn:mavedb:00000068-c-1#951,NA,NA,p.Leu369Thr,1.1146309379776664
urn:mavedb:00000068-c-1#952,NA,NA,p.Leu369Ser,1.3181303576869303
urn:mavedb:00000068-c-1#953,NA,NA,p.Leu369Arg,0.6639901375103529
urn:mavedb:00000068-c-1#954,NA,NA,p.Leu369Gln,0.959228542465996
urn:mavedb:00000068-c-1#955,NA,NA,p.Leu369Pro,0.6780976804677381
urn:mavedb:00000068-c-1#956,NA,NA,p.Leu369Asn,1.2210819013593521
urn:mavedb:00000068-c-1#957,NA,NA,p.Leu369Met,0.9339761725213426
urn:mavedb:00000068-c-1#958,NA,NA,p.Leu369Lys,1.1671074320938892
urn:mavedb:00000068-c-1#959,NA,NA,p.Leu369Ile,1.5164134804693328
urn:mavedb:00000068-c-1#960,NA,NA,p.Leu369His,0.7522816427397793
urn:mavedb:00000068-c-1#961,NA,NA,p.Leu369Gly,1.4593921668739374
urn:mavedb:00000068-c-1#962,NA,NA,p.Leu369Phe,1.4719217651356662
urn:mavedb:00000068-c-1#963,NA,NA,p.Leu369Glu,1.0452672286454776
urn:mavedb:00000068-c-1#964,NA,NA,p.Leu369Asp,1.173465683980306
urn:mavedb:00000068-c-1#965,NA,NA,p.Leu369Cys,0.7757720205534797
urn:mavedb:00000068-c-1#966,NA,NA,p.Leu369=,0.3121241233247624
urn:mavedb:00000068-c-1#967,NA,NA,p.Leu369Ala,1.1448076363676996
urn:mavedb:00000068-c-1#968,NA,NA,p.His368Ter,1.9050012474575329
urn:mavedb:00000068-c-1#969,NA,NA,p.Glu346Ter,-1.1916098546039855
urn:mavedb:00000068-c-1#970,NA,NA,p.Glu346Tyr,1.1205720196152775
urn:mavedb:00000068-c-1#971,NA,NA,p.Glu346Trp,0.7336926942572671
urn:mavedb:00000068-c-1#972,NA,NA,p.Glu346Val,0.9578355374264425
urn:mavedb:00000068-c-1#973,NA,NA,p.Glu346Thr,0.6827754056105629
urn:mavedb:00000068-c-1#974,NA,NA,p.Glu346Ser,0.7168746479976611
urn:mavedb:00000068-c-1#975,NA,NA,p.Glu346Arg,0.841391494752682
urn:mavedb:00000068-c-1#976,NA,NA,p.Glu346Gln,1.0953684469328178
urn:mavedb:00000068-c-1#977,NA,NA,p.Glu346Pro,-2.087030377318772
urn:mavedb:00000068-c-1#978,NA,NA,p.Glu346Asn,0.7624089817909784
urn:mavedb:00000068-c-1#979,NA,NA,p.Glu346Met,0.8434936418101041
urn:mavedb:00000068-c-1#980,NA,NA,p.Glu346Leu,1.073230865062627
urn:mavedb:00000068-c-1#981,NA,NA,p.Glu346Lys,0.6230761373555875
urn:mavedb:00000068-c-1#982,NA,NA,p.Glu346Ile,1.3231212903585468
urn:mavedb:00000068-c-1#983,NA,NA,p.Glu346His,1.1391931435309517
urn:mavedb:00000068-c-1#984,NA,NA,p.Glu346Gly,0.6316607673246343
urn:mavedb:00000068-c-1#985,NA,NA,p.Glu346Phe,0.9122342264655235
urn:mavedb:00000068-c-1#986,NA,NA,p.Glu346Asp,0.8632447507020639
urn:mavedb:00000068-c-1#987,NA,NA,p.Glu346Cys,0.9764198490671996
urn:mavedb:00000068-c-1#988,NA,NA,p.Glu346=,0.6600256959567017
urn:mavedb:00000068-c-1#989,NA,NA,p.Glu346Ala,1.1591439569773323
urn:mavedb:00000068-c-1#990,NA,NA,p.Asn345Ter,-1.3836100858789484
urn:mavedb:00000068-c-1#991,NA,NA,p.Asn345Tyr,0.8165318378445247
urn:mavedb:00000068-c-1#992,NA,NA,p.Asn345Trp,0.7490096323701078
urn:mavedb:00000068-c-1#993,NA,NA,p.Asn345Val,1.0186372224229892
urn:mavedb:00000068-c-1#994,NA,NA,p.Asn345Thr,0.74061698526026
urn:mavedb:00000068-c-1#995,NA,NA,p.Phe341Ter,-1.8512679416138096
urn:mavedb:00000068-c-1#996,NA,NA,p.Phe341Tyr,-1.1246982352282144
urn:mavedb:00000068-c-1#997,NA,NA,p.Phe341Trp,-1.9603882141962667
urn:mavedb:00000068-c-1#998,NA,NA,p.Phe341Val,-0.2957966205992392
urn:mavedb:00000068-c-1#999,NA,NA,p.Phe341Thr,-1.854779649845519
urn:mavedb:00000068-c-1#1000,NA,NA,p.Phe341Ser,-1.5343265177638137
urn:mavedb:00000068-c-1#1001,NA,NA,p.Phe341Arg,-1.9940559837789824
urn:mavedb:00000068-c-1#1002,NA,NA,p.Phe341Gln,-2.3351656170476143
urn:mavedb:00000068-c-1#1003,NA,NA,p.Phe341Pro,-2.1231637646611263
urn:mavedb:00000068-c-1#1004,NA,NA,p.Phe341Asn,-1.9817954901487105
urn:mavedb:00000068-c-1#1005,NA,NA,p.Phe341Met,0.8952099313513493
urn:mavedb:00000068-c-1#1006,NA,NA,p.Phe341Leu,0.8467753153761074
urn:mavedb:00000068-c-1#1007,NA,NA,p.Phe341Lys,-1.9824455507397072
urn:mavedb:00000068-c-1#1008,NA,NA,p.Phe341Ile,1.0659759737530359
urn:mavedb:00000068-c-1#1009,NA,NA,p.Phe341His,-1.8821454322731483
urn:mavedb:00000068-c-1#1010,NA,NA,p.Phe341Gly,-2.007834855190725
urn:mavedb:00000068-c-1#1011,NA,NA,p.Phe341Glu,-2.190478155203505
urn:mavedb:00000068-c-1#1012,NA,NA,p.Phe341Asp,-1.8659813130978808
urn:mavedb:00000068-c-1#1013,NA,NA,p.Phe341Cys,-1.577018108461721
urn:mavedb:00000068-c-1#1014,NA,NA,p.Phe341=,0.6438010506016663
urn:mavedb:00000068-c-1#1015,NA,NA,p.Phe341Ala,-1.8854825841673075
urn:mavedb:00000068-c-1#1016,NA,NA,p.Met340Ter,-1.8324812106222013
urn:mavedb:00000068-c-1#1017,NA,NA,p.Met340Tyr,1.2131795261651834
urn:mavedb:00000068-c-1#1018,NA,NA,p.Met340Trp,1.252455567823275
urn:mavedb:00000068-c-1#1019,NA,NA,p.Met340Val,0.43245526153974295
urn:mavedb:00000068-c-1#1020,NA,NA,p.Met340Thr,0.524596495509248
urn:mavedb:00000068-c-1#1021,NA,NA,p.Met340Ser,0.7838034603774751
urn:mavedb:00000068-c-1#1022,NA,NA,p.Met340Arg,1.067406390660819
urn:mavedb:00000068-c-1#1023,NA,NA,p.Met340Gln,0.9092995214757998
urn:mavedb:00000068-c-1#1024,NA,NA,p.Met340Pro,-2.0857066756377662
urn:mavedb:00000068-c-1#1025,NA,NA,p.Met340Asn,0.9910890260306762
urn:mavedb:00000068-c-1#1026,NA,NA,p.Met340Leu,1.1439832348748649
urn:mavedb:00000068-c-1#1027,NA,NA,p.Met340Lys,1.046974457071227
urn:mavedb:00000068-c-1#1028,NA,NA,p.Met340Ile,0.6819118324072124
urn:mavedb:00000068-c-1#1029,NA,NA,p.Met340His,1.0542370609614464
urn:mavedb:00000068-c-1#1030,NA,NA,p.Met340Gly,-0.23088629977534056
urn:mavedb:00000068-c-1#1031,NA,NA,p.Met340Phe,1.4062133574658593
urn:mavedb:00000068-c-1#1032,NA,NA,p.Met340Glu,0.17652712266579682
urn:mavedb:00000068-c-1#1033,NA,NA,p.Met340Asp,-1.3673549408508778
urn:mavedb:00000068-c-1#1034,NA,NA,p.Met340Cys,0.4528174800822738
urn:mavedb:00000068-c-1#1035,NA,NA,p.Met340Ala,1.4054439547686948
urn:mavedb:00000068-c-1#1036,NA,NA,p.Glu339Ter,-1.1994920857844884
urn:mavedb:00000068-c-1#1037,NA,NA,p.Glu339Tyr,1.275336554965569
urn:mavedb:00000068-c-1#1038,NA,NA,p.Glu339Trp,1.1379617448528834
urn:mavedb:00000068-c-1#1039,NA,NA,p.Glu339Val,1.0386356790240712
urn:mavedb:00000068-c-1#1040,NA,NA,p.Glu339Thr,1.2555701923963345
urn:mavedb:00000068-c-1#1041,NA,NA,p.Glu339Ser,0.37549835260752656
urn:mavedb:00000068-c-1#1042,NA,NA,p.Glu339Arg,0.04292416489384452
urn:mavedb:00000068-c-1#1043,NA,NA,p.Glu339Gln,0.9362372284229392
urn:mavedb:00000068-c-1#1044,NA,NA,p.Glu339Pro,-1.7083215086964696
urn:mavedb:00000068-c-1#1045,NA,NA,p.Glu339Asn,0.9229199637026408
urn:mavedb:00000068-c-1#1046,NA,NA,p.Glu339Met,0.8841338173747006
urn:mavedb:00000068-c-1#1047,NA,NA,p.Glu339Leu,0.7235167045502241
urn:mavedb:00000068-c-1#1048,NA,NA,p.Glu339Lys,0.4283399336934357
urn:mavedb:00000068-c-1#1049,NA,NA,p.Glu339Ile,1.1754755963729937
urn:mavedb:00000068-c-1#1050,NA,NA,p.Glu339His,0.8098508758821601
urn:mavedb:00000068-c-1#1051,NA,NA,p.Glu339Gly,0.8404595415716257
urn:mavedb:00000068-c-1#1052,NA,NA,p.Glu339Phe,1.0139909925726909
urn:mavedb:00000068-c-1#1053,NA,NA,p.Glu339Asp,0.5328582556204421
urn:mavedb:00000068-c-1#1054,NA,NA,p.Glu339Cys,0.9430065146073584
urn:mavedb:00000068-c-1#1055,NA,NA,p.Glu339=,0.41689612124011344
urn:mavedb:00000068-c-1#1056,NA,NA,p.Glu339Ala,1.0380754292189918
urn:mavedb:00000068-c-1#1057,NA,NA,p.Phe338Ter,-2.262917797276032
urn:mavedb:00000068-c-1#1058,NA,NA,p.Phe338Tyr,1.1521946544631687
urn:mavedb:00000068-c-1#1059,NA,NA,p.Phe338Trp,0.9794381157215346
urn:mavedb:00000068-c-1#1060,NA,NA,p.Phe338Val,0.6951794747574674
urn:mavedb:00000068-c-1#1061,NA,NA,p.Phe338Thr,0.7815852709500966
urn:mavedb:00000068-c-1#1062,NA,NA,p.Phe338Ser,-0.5082303385823328
urn:mavedb:00000068-c-1#1063,NA,NA,p.Phe338Arg,0.3501975675588016
urn:mavedb:00000068-c-1#1064,NA,NA,p.Phe338Gln,0.22920765605891394
urn:mavedb:00000068-c-1#1065,NA,NA,p.Phe338Pro,-2.0761401839993563
urn:mavedb:00000068-c-1#1066,NA,NA,p.Phe338Asn,-0.5377520955626321
urn:mavedb:00000068-c-1#1067,NA,NA,p.Phe338Met,0.6024687453083551
urn:mavedb:00000068-c-1#1068,NA,NA,p.Phe338Leu,0.1089864919300033
urn:mavedb:00000068-c-1#1069,NA,NA,p.Phe338Lys,0.1275191301414083
urn:mavedb:00000068-c-1#1070,NA,NA,p.Phe338Ile,0.7870430263337512
urn:mavedb:00000068-c-1#1071,NA,NA,p.Phe338His,0.9917098197022208
urn:mavedb:00000068-c-1#1072,NA,NA,p.Phe338Gly,-1.1845081829995106
urn:mavedb:00000068-c-1#1073,NA,NA,p.Phe338Glu,-1.8967058359361808
urn:mavedb:00000068-c-1#1074,NA,NA,p.Phe338Asp,-2.204837843501005
urn:mavedb:00000068-c-1#1075,NA,NA,p.Phe338Cys,0.5414239605542215
urn:mavedb:00000068-c-1#1076,NA,NA,p.Phe338=,0.6429040145673708
urn:mavedb:00000068-c-1#1077,NA,NA,p.Phe338Ala,0.5680045804266288
urn:mavedb:00000068-c-1#1078,NA,NA,p.Arg337Ter,-2.192001767387528
urn:mavedb:00000068-c-1#1079,NA,NA,p.Arg337Tyr,0.11013642652757218
urn:mavedb:00000068-c-1#1080,NA,NA,p.Arg337Trp,0.4012650507668213
urn:mavedb:00000068-c-1#1081,NA,NA,p.Arg337Val,-1.2473052738939776
urn:mavedb:00000068-c-1#1082,NA,NA,p.Arg337Thr,-0.6059697811379052
urn:mavedb:00000068-c-1#1083,NA,NA,p.Arg337Ser,-1.0098232169197452
urn:mavedb:00000068-c-1#1084,NA,NA,p.Arg337Gln,-1.4829081171699108
urn:mavedb:00000068-c-1#1085,NA,NA,p.Arg337Pro,-1.7474930055938402
urn:mavedb:00000068-c-1#1086,NA,NA,p.Arg337Asn,0.4688398020339751
urn:mavedb:00000068-c-1#1087,NA,NA,p.Arg337Met,-1.2116444195586018
urn:mavedb:00000068-c-1#1088,NA,NA,p.Arg337Leu,-0.7967504637732215
urn:mavedb:00000068-c-1#1089,NA,NA,p.Arg337Lys,1.3769490461106713
urn:mavedb:00000068-c-1#1090,NA,NA,p.Arg337Ile,-1.338744442335875
urn:mavedb:00000068-c-1#1091,NA,NA,p.Arg337His,0.20040232381638787
urn:mavedb:00000068-c-1#1092,NA,NA,p.Arg337Gly,-1.214080798863206
urn:mavedb:00000068-c-1#1093,NA,NA,p.Arg337Phe,-1.7943504795595742
urn:mavedb:00000068-c-1#1094,NA,NA,p.Arg337Glu,-2.114468910718636
urn:mavedb:00000068-c-1#1095,NA,NA,p.Arg337Asp,-1.8759842094855341
urn:mavedb:00000068-c-1#1096,NA,NA,p.Arg337Cys,-1.1093349970160922
urn:mavedb:00000068-c-1#1097,NA,NA,p.Arg337=,0.27220433590834225
urn:mavedb:00000068-c-1#1098,NA,NA,p.Arg337Ala,-0.8874476749603459
urn:mavedb:00000068-c-1#1099,NA,NA,p.Glu336Ter,-0.7208091113986118
urn:mavedb:00000068-c-1#1100,NA,NA,p.Glu336Tyr,1.385103614794544
urn:mavedb:00000068-c-1#1101,NA,NA,p.Glu336Trp,1.1217697110848872
urn:mavedb:00000068-c-1#1102,NA,NA,p.Glu336Val,0.967584853253351
urn:mavedb:00000068-c-1#1103,NA,NA,p.Glu336Thr,1.1347661989892088
urn:mavedb:00000068-c-1#1104,NA,NA,p.Glu336Ser,0.25099357846085874
urn:mavedb:00000068-c-1#1105,NA,NA,p.Glu336Arg,1.0703464193815913
urn:mavedb:00000068-c-1#1106,NA,NA,p.Glu336Gln,0.816818793905878
urn:mavedb:00000068-c-1#1107,NA,NA,p.Glu336Pro,1.0165836724134911
urn:mavedb:00000068-c-1#1108,NA,NA,p.Glu336Asn,1.0040643903916913
urn:mavedb:00000068-c-1#1109,NA,NA,p.Glu336Met,1.078410180410891
urn:mavedb:00000068-c-1#1110,NA,NA,p.Glu336Leu,0.9443173555834726
urn:mavedb:00000068-c-1#1111,NA,NA,p.Glu336Lys,0.5017055174844871
urn:mavedb:00000068-c-1#1112,NA,NA,p.Glu336Ile,0.7351526427435293
urn:mavedb:00000068-c-1#1113,NA,NA,p.Glu336His,1.1513564693167095
urn:mavedb:00000068-c-1#1114,NA,NA,p.Glu336Gly,0.8340131348679695
urn:mavedb:00000068-c-1#1115,NA,NA,p.Glu336Phe,1.232573465744123
urn:mavedb:00000068-c-1#1116,NA,NA,p.Glu336Asp,0.7075196271787185
urn:mavedb:00000068-c-1#1117,NA,NA,p.Glu336Cys,0.9793359844788264
urn:mavedb:00000068-c-1#1118,NA,NA,p.Glu336=,0.6488430017872501
urn:mavedb:00000068-c-1#1119,NA,NA,p.Glu336Ala,1.1872987689245935
urn:mavedb:00000068-c-1#1120,NA,NA,p.Arg335Ter,-1.7806518640856923
urn:mavedb:00000068-c-1#1121,NA,NA,p.Arg335Tyr,1.070703183589171
urn:mavedb:00000068-c-1#1122,NA,NA,p.Arg335Trp,0.9808993840349882
urn:mavedb:00000068-c-1#1123,NA,NA,p.Arg335Val,0.15287964022942305
urn:mavedb:00000068-c-1#1124,NA,NA,p.Arg335Thr,0.4178871361809611
urn:mavedb:00000068-c-1#1125,NA,NA,p.Arg335Ser,0.5788350221420612
urn:mavedb:00000068-c-1#1126,NA,NA,p.Arg335Gln,0.7065791675636959
urn:mavedb:00000068-c-1#1127,NA,NA,p.Arg335Pro,0.32273858777953074
urn:mavedb:00000068-c-1#1128,NA,NA,p.Arg335Asn,0.4632248530705504
urn:mavedb:00000068-c-1#1129,NA,NA,p.Arg335Met,0.5077134267874143
urn:mavedb:00000068-c-1#1130,NA,NA,p.Arg335Leu,0.3910471546748765
urn:mavedb:00000068-c-1#1131,NA,NA,p.Arg335Lys,0.8701469525242262
urn:mavedb:00000068-c-1#1132,NA,NA,p.Arg335Ile,0.9024952775379468
urn:mavedb:00000068-c-1#1133,NA,NA,p.Arg335His,0.2298602258085235
urn:mavedb:00000068-c-1#1134,NA,NA,p.Arg335Gly,0.13512503586000066
urn:mavedb:00000068-c-1#1135,NA,NA,p.Arg335Phe,1.1608141159415375
urn:mavedb:00000068-c-1#1136,NA,NA,p.Arg335Glu,0.5798413097259443
urn:mavedb:00000068-c-1#1137,NA,NA,p.Arg335Asp,0.356826579732206
urn:mavedb:00000068-c-1#1138,NA,NA,p.Arg335Cys,0.4900272949133741
urn:mavedb:00000068-c-1#1139,NA,NA,p.Arg335=,0.536030414223966
urn:mavedb:00000068-c-1#1140,NA,NA,p.Arg335Ala,-0.05275242541070697
urn:mavedb:00000068-c-1#1141,NA,NA,p.Gly334Ter,-2.1190237215379586
urn:mavedb:00000068-c-1#1142,NA,NA,p.Gly334Tyr,0.6468620602036013
urn:mavedb:00000068-c-1#1143,NA,NA,p.Gly334Trp,-0.08852753920337361
urn:mavedb:00000068-c-1#1144,NA,NA,p.Gly334Val,-0.2653026659989365
urn:mavedb:00000068-c-1#1145,NA,NA,p.Gly334Thr,0.8184267384233286
urn:mavedb:00000068-c-1#1146,NA,NA,p.Gly334Ser,0.4339173559251859
urn:mavedb:00000068-c-1#1147,NA,NA,p.Gly334Arg,0.07817957074017244
urn:mavedb:00000068-c-1#1148,NA,NA,p.Gly334Gln,1.3239347199399836
urn:mavedb:00000068-c-1#1149,NA,NA,p.Gly334Pro,0.059290825978113415
urn:mavedb:00000068-c-1#1150,NA,NA,p.Gly334Asn,0.644214890715812
urn:mavedb:00000068-c-1#1151,NA,NA,p.Gly334Met,0.3050338121043027
urn:mavedb:00000068-c-1#1152,NA,NA,p.Gly334Leu,-0.02128484337344862
urn:mavedb:00000068-c-1#1153,NA,NA,p.Gly334Lys,1.0045318956963962
urn:mavedb:00000068-c-1#1154,NA,NA,p.Gly334Ile,-1.690918512307108
urn:mavedb:00000068-c-1#1155,NA,NA,p.Gly334His,0.6063792758868778
urn:mavedb:00000068-c-1#1156,NA,NA,p.Gly334Phe,0.7398194458092597
urn:mavedb:00000068-c-1#1157,NA,NA,p.Gly334Glu,0.41329995208367465
urn:mavedb:00000068-c-1#1158,NA,NA,p.Gly334Asp,0.80346338347566
urn:mavedb:00000068-c-1#1159,NA,NA,p.Gly334Cys,0.4864651432709224
urn:mavedb:00000068-c-1#1160,NA,NA,p.Gly334=,0.2905598271548329
urn:mavedb:00000068-c-1#1161,NA,NA,p.Gly334Ala,-0.2602579011447554
urn:mavedb:00000068-c-1#1162,NA,NA,p.Arg333Ter,-1.9543364728934065
urn:mavedb:00000068-c-1#1163,NA,NA,p.Arg333Tyr,0.4470433359714618
urn:mavedb:00000068-c-1#1164,NA,NA,p.Arg333Trp,0.5202964846558729
urn:mavedb:00000068-c-1#1165,NA,NA,p.Arg333Val,-0.03153174544039216
urn:mavedb:00000068-c-1#1166,NA,NA,p.Arg333Thr,0.6887455812970069
urn:mavedb:00000068-c-1#1167,NA,NA,p.Arg333Ser,0.4919388435731358
urn:mavedb:00000068-c-1#1168,NA,NA,p.Arg333Gln,0.5270623049228916
urn:mavedb:00000068-c-1#1169,NA,NA,p.Arg333Pro,-0.08129545703585568
urn:mavedb:00000068-c-1#1170,NA,NA,p.Arg333Asn,0.8311724167973817
urn:mavedb:00000068-c-1#1171,NA,NA,p.Arg333Met,0.8433795906863316
urn:mavedb:00000068-c-1#1172,NA,NA,p.Arg333Leu,0.5051681878082522
urn:mavedb:00000068-c-1#1173,NA,NA,p.Arg333Lys,1.2817091813512267
urn:mavedb:00000068-c-1#1174,NA,NA,p.Arg333Ile,0.17636975115555514
urn:mavedb:00000068-c-1#1175,NA,NA,p.Arg333His,0.7731298307191221
urn:mavedb:00000068-c-1#1176,NA,NA,p.Arg333Gly,0.20054405784481605
urn:mavedb:00000068-c-1#1177,NA,NA,p.Arg333Phe,0.6554801728922847
urn:mavedb:00000068-c-1#1178,NA,NA,p.Arg333Glu,0.5004086377441544
urn:mavedb:00000068-c-1#1179,NA,NA,p.Arg333Asp,0.02778335260623925
urn:mavedb:00000068-c-1#1180,NA,NA,p.Arg333Cys,0.5776875966654301
urn:mavedb:00000068-c-1#1181,NA,NA,p.Arg333=,0.50109052718062
urn:mavedb:00000068-c-1#1182,NA,NA,p.Arg333Ala,0.4062885157253933
urn:mavedb:00000068-c-1#1183,NA,NA,p.Ile332Ter,-1.628681174097347
urn:mavedb:00000068-c-1#1184,NA,NA,p.Ile332Tyr,-1.6825665238330485
urn:mavedb:00000068-c-1#1185,NA,NA,p.Glu358Gln,1.0928216129136452
urn:mavedb:00000068-c-1#1186,NA,NA,p.Glu358Pro,1.0830508562723506
urn:mavedb:00000068-c-1#1187,NA,NA,p.Glu358Asn,0.676465806546321
urn:mavedb:00000068-c-1#1188,NA,NA,p.Glu358Met,1.0817665804735848
urn:mavedb:00000068-c-1#1189,NA,NA,p.Glu358Leu,0.8141056909390856
urn:mavedb:00000068-c-1#1190,NA,NA,p.Glu358Lys,0.5651793009483151
urn:mavedb:00000068-c-1#1191,NA,NA,p.Glu358Ile,1.044492656638088
urn:mavedb:00000068-c-1#1192,NA,NA,p.Glu358His,0.7466665701323093
urn:mavedb:00000068-c-1#1193,NA,NA,p.Glu358Gly,0.5289712691280419
urn:mavedb:00000068-c-1#1194,NA,NA,p.Glu358Phe,0.7969118602151277
urn:mavedb:00000068-c-1#1195,NA,NA,p.Glu358Asp,0.6089863133965051
urn:mavedb:00000068-c-1#1196,NA,NA,p.Glu358Cys,0.9970371748855764
urn:mavedb:00000068-c-1#1197,NA,NA,p.Glu358=,0.9192277786360707
urn:mavedb:00000068-c-1#1198,NA,NA,p.Glu358Ala,1.1397108707856531
urn:mavedb:00000068-c-1#1199,NA,NA,p.Lys357Ter,0.19979800506847584
urn:mavedb:00000068-c-1#1200,NA,NA,p.Lys357Tyr,0.7929964146469979
urn:mavedb:00000068-c-1#1201,NA,NA,p.Lys357Trp,0.7095867145066354
urn:mavedb:00000068-c-1#1202,NA,NA,p.Lys357Val,0.5985104160046679
urn:mavedb:00000068-c-1#1203,NA,NA,p.Lys357Thr,0.563308891085638
urn:mavedb:00000068-c-1#1204,NA,NA,p.Lys357Ser,0.5094184386877822
urn:mavedb:00000068-c-1#1205,NA,NA,p.Lys357Arg,0.7779407711349362
urn:mavedb:00000068-c-1#1206,NA,NA,p.Lys357Gln,0.6552751070442621
urn:mavedb:00000068-c-1#1207,NA,NA,p.Lys357Pro,0.8146328797824566
urn:mavedb:00000068-c-1#1208,NA,NA,p.Lys357Asn,0.6392151289685284
urn:mavedb:00000068-c-1#1209,NA,NA,p.Lys357Met,0.8810165052903435
urn:mavedb:00000068-c-1#1210,NA,NA,p.Lys357Leu,0.9473181979145088
urn:mavedb:00000068-c-1#1211,NA,NA,p.Lys357Ile,0.8159545078358832
urn:mavedb:00000068-c-1#1212,NA,NA,p.Lys357His,0.4493625666100211
urn:mavedb:00000068-c-1#1213,NA,NA,p.Lys357Gly,0.4564668842093039
urn:mavedb:00000068-c-1#1214,NA,NA,p.Lys357Phe,0.9466610413562231
urn:mavedb:00000068-c-1#1215,NA,NA,p.Lys357Glu,0.3929709030776383
urn:mavedb:00000068-c-1#1216,NA,NA,p.Lys357Asp,0.5893189353519107
urn:mavedb:00000068-c-1#1217,NA,NA,p.Lys357Cys,0.7850175930608144
urn:mavedb:00000068-c-1#1218,NA,NA,p.Lys357=,0.4568469322599765
urn:mavedb:00000068-c-1#1219,NA,NA,p.Lys357Ala,0.38880052737263343
urn:mavedb:00000068-c-1#1220,NA,NA,p.Gly356Ter,0.8304674477229816
urn:mavedb:00000068-c-1#1221,NA,NA,p.Gly356Tyr,1.0587471180392791
urn:mavedb:00000068-c-1#1222,NA,NA,p.Gly356Trp,0.59284237298211
urn:mavedb:00000068-c-1#1223,NA,NA,p.Gly356Val,0.8093307798800347
urn:mavedb:00000068-c-1#1224,NA,NA,p.Gly356Thr,0.4258900564804001
urn:mavedb:00000068-c-1#1225,NA,NA,p.Gly356Ser,0.9799636974672544
urn:mavedb:00000068-c-1#1226,NA,NA,p.Gly356Arg,0.3469204914929732
urn:mavedb:00000068-c-1#1227,NA,NA,p.Gly356Gln,0.8253123310544249
urn:mavedb:00000068-c-1#1228,NA,NA,p.Gly356Pro,0.7846667149684022
urn:mavedb:00000068-c-1#1229,NA,NA,p.Gly356Asn,0.767754584747141
urn:mavedb:00000068-c-1#1230,NA,NA,p.Gly356Met,0.7285520596692728
urn:mavedb:00000068-c-1#1231,NA,NA,p.Gly356Leu,0.9725789426300814
urn:mavedb:00000068-c-1#1232,NA,NA,p.Gly356Lys,0.5486926785989135
urn:mavedb:00000068-c-1#1233,NA,NA,p.Gly356Ile,0.7963987688175529
urn:mavedb:00000068-c-1#1234,NA,NA,p.Gly356His,0.9109958412156672
urn:mavedb:00000068-c-1#1235,NA,NA,p.Gly356Phe,0.9042994907168695
urn:mavedb:00000068-c-1#1236,NA,NA,p.Gly356Glu,0.4026049612963216
urn:mavedb:00000068-c-1#1237,NA,NA,p.Gly356Asp,0.3976030733879853
urn:mavedb:00000068-c-1#1238,NA,NA,p.Gly356Cys,1.036758536208439
urn:mavedb:00000068-c-1#1239,NA,NA,p.Gly356=,0.4570817531483405
urn:mavedb:00000068-c-1#1240,NA,NA,p.Ile332Trp,-1.8337313271675868
urn:mavedb:00000068-c-1#1241,NA,NA,p.Ile332Val,0.6087886400379621
urn:mavedb:00000068-c-1#1242,NA,NA,p.Ile332Thr,-0.4884386479570308
urn:mavedb:00000068-c-1#1243,NA,NA,p.Ile332Ser,-1.6775431148221052
urn:mavedb:00000068-c-1#1244,NA,NA,p.Ile332Arg,-2.2792849828234516
urn:mavedb:00000068-c-1#1245,NA,NA,p.Ile332Gln,-2.097582240237938
urn:mavedb:00000068-c-1#1246,NA,NA,p.Ile332Pro,-2.242330562788239
urn:mavedb:00000068-c-1#1247,NA,NA,p.Ile332Asn,-1.805857132762019
urn:mavedb:00000068-c-1#1248,NA,NA,p.Ile332Met,0.8157925114794599
urn:mavedb:00000068-c-1#1249,NA,NA,p.Ile332Leu,0.059341566924459084
urn:mavedb:00000068-c-1#1250,NA,NA,p.Ile332Lys,-2.504019387503799
urn:mavedb:00000068-c-1#1251,NA,NA,p.Ile332His,-2.0024060116576754
urn:mavedb:00000068-c-1#1252,NA,NA,p.Ile332Gly,-1.9304123412798768
urn:mavedb:00000068-c-1#1253,NA,NA,p.Ile332Phe,0.5891336015508335
urn:mavedb:00000068-c-1#1254,NA,NA,p.Ile332Glu,-1.9552269925341663
urn:mavedb:00000068-c-1#1255,NA,NA,p.Ile332Asp,-2.1192457079866833
urn:mavedb:00000068-c-1#1256,NA,NA,p.Ile332Cys,0.7810753051214452
urn:mavedb:00000068-c-1#1257,NA,NA,p.Ile332=,0.7361775753030046
urn:mavedb:00000068-c-1#1258,NA,NA,p.Ile332Ala,-1.133010590939906
urn:mavedb:00000068-c-1#1259,NA,NA,p.Gln331Ter,-1.090547167048797
urn:mavedb:00000068-c-1#1260,NA,NA,p.Gln331Tyr,0.3087940390463777
urn:mavedb:00000068-c-1#1261,NA,NA,p.Gln331Trp,1.0495944997638542
urn:mavedb:00000068-c-1#1262,NA,NA,p.Gln331Val,0.7556560894682032
urn:mavedb:00000068-c-1#1263,NA,NA,p.Gln331Thr,0.2939643104011929
urn:mavedb:00000068-c-1#1264,NA,NA,p.Gln331Ser,-0.8694419812974443
urn:mavedb:00000068-c-1#1265,NA,NA,p.Gln331Arg,-0.5550974355852883
urn:mavedb:00000068-c-1#1266,NA,NA,p.Phe328Leu,0.5219077196045785
urn:mavedb:00000068-c-1#1267,NA,NA,p.Phe328Lys,0.9574715145371034
urn:mavedb:00000068-c-1#1268,NA,NA,p.Phe328Ile,-0.03185806395700462
urn:mavedb:00000068-c-1#1269,NA,NA,p.Phe328His,-0.07623469455480196
urn:mavedb:00000068-c-1#1270,NA,NA,p.Phe328Gly,0.52820241247275
urn:mavedb:00000068-c-1#1271,NA,NA,p.Phe328Glu,0.6936965782391581
urn:mavedb:00000068-c-1#1272,NA,NA,p.Phe328Asp,0.17531606194156513
urn:mavedb:00000068-c-1#1273,NA,NA,p.Phe328Cys,0.4421679608954467
urn:mavedb:00000068-c-1#1274,NA,NA,p.Phe328=,-0.4348596752671233
urn:mavedb:00000068-c-1#1275,NA,NA,p.Phe328Ala,0.4546823007470661
urn:mavedb:00000068-c-1#1276,NA,NA,p.Tyr327Ter,-1.1667722551272781
urn:mavedb:00000068-c-1#1277,NA,NA,p.Tyr327Trp,0.6087163065930667
urn:mavedb:00000068-c-1#1278,NA,NA,p.Tyr327Val,0.7417721995120187
urn:mavedb:00000068-c-1#1279,NA,NA,p.Tyr327Thr,0.8064891532180789
urn:mavedb:00000068-c-1#1280,NA,NA,p.Tyr327Ser,0.6283540168835822
urn:mavedb:00000068-c-1#1281,NA,NA,p.Tyr327Arg,0.7005433510289499
urn:mavedb:00000068-c-1#1282,NA,NA,p.Tyr327Gln,0.7969339662812583
urn:mavedb:00000068-c-1#1283,NA,NA,p.Tyr327Pro,0.031702828208782965
urn:mavedb:00000068-c-1#1284,NA,NA,p.Tyr327Asn,-0.004354657314269229
urn:mavedb:00000068-c-1#1285,NA,NA,p.Tyr327Met,1.0022278877743425
urn:mavedb:00000068-c-1#1286,NA,NA,p.Tyr327Leu,0.17603368311102505
urn:mavedb:00000068-c-1#1287,NA,NA,p.Tyr327Lys,-0.08116971576757538
urn:mavedb:00000068-c-1#1288,NA,NA,p.Tyr327Ile,-0.9953204339224544
urn:mavedb:00000068-c-1#1289,NA,NA,p.Tyr327His,1.0684601082591008
urn:mavedb:00000068-c-1#1290,NA,NA,p.Tyr327Gly,1.1033389008830463
urn:mavedb:00000068-c-1#1291,NA,NA,p.Tyr327Phe,-0.3043513530458952
urn:mavedb:00000068-c-1#1292,NA,NA,p.Tyr327Glu,0.4696306867626513
urn:mavedb:00000068-c-1#1293,NA,NA,p.Tyr327Asp,0.2283148562310587
urn:mavedb:00000068-c-1#1294,NA,NA,p.Tyr327Cys,0.6593407827897375
urn:mavedb:00000068-c-1#1295,NA,NA,p.Tyr327=,0.5389580603623797
urn:mavedb:00000068-c-1#1296,NA,NA,p.Tyr327Ala,0.7784836739601686
urn:mavedb:00000068-c-1#1297,NA,NA,p.Glu326Ter,-0.02675791308520254
urn:mavedb:00000068-c-1#1298,NA,NA,p.Glu326Tyr,1.0122596392794159
urn:mavedb:00000068-c-1#1299,NA,NA,p.Glu326Trp,0.7277466743727925
urn:mavedb:00000068-c-1#1300,NA,NA,p.Glu326Val,0.6514828126358687
urn:mavedb:00000068-c-1#1301,NA,NA,p.Glu326Thr,0.7393569163503412
urn:mavedb:00000068-c-1#1302,NA,NA,p.Glu326Ser,0.7548835011644779
urn:mavedb:00000068-c-1#1303,NA,NA,p.Glu326Arg,-0.5489684645416524
urn:mavedb:00000068-c-1#1304,NA,NA,p.Glu326Gln,1.1055094242437495
urn:mavedb:00000068-c-1#1305,NA,NA,p.Glu326Pro,0.907696854295042
urn:mavedb:00000068-c-1#1306,NA,NA,p.Glu326Asn,0.2146772256748634
urn:mavedb:00000068-c-1#1307,NA,NA,p.Glu326Met,0.2669030096987968
urn:mavedb:00000068-c-1#1308,NA,NA,p.Glu326Leu,0.8348758830343523
urn:mavedb:00000068-c-1#1309,NA,NA,p.Glu326Lys,0.3412337078769493
urn:mavedb:00000068-c-1#1310,NA,NA,p.Glu326Ile,0.8363408990194284
urn:mavedb:00000068-c-1#1311,NA,NA,p.Glu326His,1.181984225761057
urn:mavedb:00000068-c-1#1312,NA,NA,p.Glu326Gly,0.5617090641656484
urn:mavedb:00000068-c-1#1313,NA,NA,p.Glu326Phe,0.14822001009466687
urn:mavedb:00000068-c-1#1314,NA,NA,p.Glu326Asp,0.0034896036625058405
urn:mavedb:00000068-c-1#1315,NA,NA,p.Glu326Cys,0.7988767555558147
urn:mavedb:00000068-c-1#1316,NA,NA,p.Glu326=,-0.04602891698641988
urn:mavedb:00000068-c-1#1317,NA,NA,p.Glu326Ala,0.4960768295185539
urn:mavedb:00000068-c-1#1318,NA,NA,p.Gly325Ter,-0.1433050039894004
urn:mavedb:00000068-c-1#1319,NA,NA,p.Gly325Tyr,0.7098563851551091
urn:mavedb:00000068-c-1#1320,NA,NA,p.Gly325Trp,-0.16530702808951622
urn:mavedb:00000068-c-1#1321,NA,NA,p.Gly325Val,0.6115851395573292
urn:mavedb:00000068-c-1#1322,NA,NA,p.Gly325Thr,0.5879247572561043
urn:mavedb:00000068-c-1#1323,NA,NA,p.Gly325Ser,0.16791062201104565
urn:mavedb:00000068-c-1#1324,NA,NA,p.Gly325Arg,0.2813120198448504
urn:mavedb:00000068-c-1#1325,NA,NA,p.Gly325Gln,0.9905841255839344
urn:mavedb:00000068-c-1#1326,NA,NA,p.Gly325Pro,0.7184977773641039
urn:mavedb:00000068-c-1#1327,NA,NA,p.Gly325Asn,0.5443982653838325
urn:mavedb:00000068-c-1#1328,NA,NA,p.Gly325Met,0.580807592278386
urn:mavedb:00000068-c-1#1329,NA,NA,p.Gly325Leu,0.4640281800644269
urn:mavedb:00000068-c-1#1330,NA,NA,p.Gly325Lys,0.2865474755775105
urn:mavedb:00000068-c-1#1331,NA,NA,p.Gly325Ile,0.9203458535204764
urn:mavedb:00000068-c-1#1332,NA,NA,p.Gly325His,1.333597377285747
urn:mavedb:00000068-c-1#1333,NA,NA,p.Gly325Phe,0.7895947194873102
urn:mavedb:00000068-c-1#1334,NA,NA,p.Gly325Glu,0.16642189306447888
urn:mavedb:00000068-c-1#1335,NA,NA,p.Gly325Asp,0.17631743874467531
urn:mavedb:00000068-c-1#1336,NA,NA,p.Gly325Cys,0.8440054137697875
urn:mavedb:00000068-c-1#1337,NA,NA,p.Gly325=,0.3980245598346348
urn:mavedb:00000068-c-1#1338,NA,NA,p.Gly325Ala,0.6865656731590135
urn:mavedb:00000068-c-1#1339,NA,NA,p.Asp324Ter,-2.1124817268269074
urn:mavedb:00000068-c-1#1340,NA,NA,p.Asp324Tyr,0.6457577237450115
urn:mavedb:00000068-c-1#1341,NA,NA,p.Asp324Trp,0.7252659375829318
urn:mavedb:00000068-c-1#1342,NA,NA,p.Asp324Val,0.5846249062624372
urn:mavedb:00000068-c-1#1343,NA,NA,p.Asp324Thr,0.9686935551886808
urn:mavedb:00000068-c-1#1344,NA,NA,p.Asp324Ser,1.210588234746429
urn:mavedb:00000068-c-1#1345,NA,NA,p.Asp324Arg,0.17604208160925006
urn:mavedb:00000068-c-1#1346,NA,NA,p.Asp324Gln,0.4084608244629957
urn:mavedb:00000068-c-1#1347,NA,NA,p.Asp324Pro,0.4704362500773441
urn:mavedb:00000068-c-1#1348,NA,NA,p.Asp324Asn,0.3656951137041168
urn:mavedb:00000068-c-1#1349,NA,NA,p.Asp324Met,0.102202017909669
urn:mavedb:00000068-c-1#1350,NA,NA,p.Asp324Leu,0.4854320214764941
urn:mavedb:00000068-c-1#1351,NA,NA,p.Asp324Lys,0.5843608647679599
urn:mavedb:00000068-c-1#1352,NA,NA,p.Asp324Ile,0.8971724019358923
urn:mavedb:00000068-c-1#1353,NA,NA,p.Asp324His,0.8273623748544151
urn:mavedb:00000068-c-1#1354,NA,NA,p.Asp324Gly,-0.09920150113853908
urn:mavedb:00000068-c-1#1355,NA,NA,p.Asp324Phe,0.9711398290414984
urn:mavedb:00000068-c-1#1356,NA,NA,p.Asp324Glu,0.5828690539224439
urn:mavedb:00000068-c-1#1357,NA,NA,p.Asp324Cys,0.9233379460821964
urn:mavedb:00000068-c-1#1358,NA,NA,p.Asp324=,0.6620560456915406
urn:mavedb:00000068-c-1#1359,NA,NA,p.Asp324Ala,0.8894119902599844
urn:mavedb:00000068-c-1#1360,NA,NA,p.Leu323Ter,-2.012575605208048
urn:mavedb:00000068-c-1#1361,NA,NA,p.Leu323Tyr,1.0452465692878017
urn:mavedb:00000068-c-1#1362,NA,NA,p.Leu323Trp,-0.3808704472002759
urn:mavedb:00000068-c-1#1363,NA,NA,p.Leu323Val,0.9156557182069824
urn:mavedb:00000068-c-1#1364,NA,NA,p.Leu323Thr,-0.1714355216088777
urn:mavedb:00000068-c-1#1365,NA,NA,p.Leu323Ser,0.5298356190906375
urn:mavedb:00000068-c-1#1366,NA,NA,p.Leu323Arg,0.5913026032622799
urn:mavedb:00000068-c-1#1367,NA,NA,p.Leu323Gln,0.4442390887449458
urn:mavedb:00000068-c-1#1368,NA,NA,p.Leu323Pro,0.3774266582391107
urn:mavedb:00000068-c-1#1369,NA,NA,p.Leu323Asn,0.4554004287814426
urn:mavedb:00000068-c-1#1370,NA,NA,p.Leu323Met,0.8775844835698852
urn:mavedb:00000068-c-1#1371,NA,NA,p.Leu323Lys,0.4830542331493077
urn:mavedb:00000068-c-1#1372,NA,NA,p.Leu323Ile,0.9820709483565956
urn:mavedb:00000068-c-1#1373,NA,NA,p.Leu323His,0.9568304856451688
urn:mavedb:00000068-c-1#1374,NA,NA,p.Leu323Gly,0.7127804045789397
urn:mavedb:00000068-c-1#1375,NA,NA,p.Leu323Phe,0.8643197570611585
urn:mavedb:00000068-c-1#1376,NA,NA,p.Leu323Glu,0.605646792753886
urn:mavedb:00000068-c-1#1377,NA,NA,p.Leu323Asp,0.1492293650131141
urn:mavedb:00000068-c-1#1378,NA,NA,p.Leu323Cys,0.7447600631967629
urn:mavedb:00000068-c-1#1379,NA,NA,p.Leu323=,0.2859843745082034
urn:mavedb:00000068-c-1#1380,NA,NA,p.Leu323Ala,0.7998443405852614
urn:mavedb:00000068-c-1#1381,NA,NA,p.Pro322Ter,-2.735685005349193
urn:mavedb:00000068-c-1#1382,NA,NA,p.Pro322Tyr,0.7106732440914564
urn:mavedb:00000068-c-1#1383,NA,NA,p.Pro322Trp,1.0946717277596192
urn:mavedb:00000068-c-1#1384,NA,NA,p.Pro322Val,1.1999783601233742
urn:mavedb:00000068-c-1#1385,NA,NA,p.Pro322Thr,0.24236053100611285
urn:mavedb:00000068-c-1#1386,NA,NA,p.Pro322Ser,0.5275883806392601
urn:mavedb:00000068-c-1#1387,NA,NA,p.Pro322Arg,0.5964226165797024
urn:mavedb:00000068-c-1#1388,NA,NA,p.Pro322Gln,0.4706061217003242
urn:mavedb:00000068-c-1#1389,NA,NA,p.Pro322Asn,0.8264478633150271
urn:mavedb:00000068-c-1#1390,NA,NA,p.Pro322Met,0.9033554935292484
urn:mavedb:00000068-c-1#1391,NA,NA,p.Pro322Leu,0.6286537736552024
urn:mavedb:00000068-c-1#1392,NA,NA,p.Pro322Lys,0.2557485277169885
urn:mavedb:00000068-c-1#1393,NA,NA,p.Pro322Ile,0.7889570832304593
urn:mavedb:00000068-c-1#1394,NA,NA,p.Pro322His,-0.26169511518017063
urn:mavedb:00000068-c-1#1395,NA,NA,p.Pro322Gly,0.5673738462367826
urn:mavedb:00000068-c-1#1396,NA,NA,p.Pro322Phe,0.9971101832634048
urn:mavedb:00000068-c-1#1397,NA,NA,p.Pro322Glu,0.8165468116777447
urn:mavedb:00000068-c-1#1398,NA,NA,p.Pro322Asp,1.3413473508606069
urn:mavedb:00000068-c-1#1399,NA,NA,p.Pro322Cys,0.1831614395490912
urn:mavedb:00000068-c-1#1400,NA,NA,p.Pro322=,0.2840258972969929
urn:mavedb:00000068-c-1#1401,NA,NA,p.Pro322Ala,0.5558645402561913
urn:mavedb:00000068-c-1#1402,NA,NA,p.Lys321Ter,-0.9346905231767882
urn:mavedb:00000068-c-1#1403,NA,NA,p.Lys321Tyr,0.7900705727819973
urn:mavedb:00000068-c-1#1404,NA,NA,p.Lys321Trp,0.9662369833116786
urn:mavedb:00000068-c-1#1405,NA,NA,p.Lys321Val,0.7353472726770275
urn:mavedb:00000068-c-1#1406,NA,NA,p.Lys321Thr,0.6362811291633172
urn:mavedb:00000068-c-1#1407,NA,NA,p.Lys321Ser,0.8013776454845486
urn:mavedb:00000068-c-1#1408,NA,NA,p.Lys321Arg,0.31204063199311194
urn:mavedb:00000068-c-1#1409,NA,NA,p.Lys321Gln,0.5121555737332008
urn:mavedb:00000068-c-1#1410,NA,NA,p.Lys321Pro,0.9981271264770744
urn:mavedb:00000068-c-1#1411,NA,NA,p.Lys321Asn,-0.3018926190448296
urn:mavedb:00000068-c-1#1412,NA,NA,p.Lys321Met,0.8411826373733173
urn:mavedb:00000068-c-1#1413,NA,NA,p.Lys321Leu,1.2257832991038222
urn:mavedb:00000068-c-1#1414,NA,NA,p.Lys321Ile,0.7746978818633783
urn:mavedb:00000068-c-1#1415,NA,NA,p.Lys321His,0.6207872553626823
urn:mavedb:00000068-c-1#1416,NA,NA,p.Lys321Gly,0.39830014621224974
urn:mavedb:00000068-c-1#1417,NA,NA,p.Lys321Phe,1.228316690600619
urn:mavedb:00000068-c-1#1418,NA,NA,p.Lys321Glu,0.19489957992566465
urn:mavedb:00000068-c-1#1419,NA,NA,p.Lys321Asp,1.1789209431548775
urn:mavedb:00000068-c-1#1420,NA,NA,p.Lys321Cys,0.5321790207630331
urn:mavedb:00000068-c-1#1421,NA,NA,p.Lys321=,0.7301204439226066
urn:mavedb:00000068-c-1#1422,NA,NA,p.Lys321Ala,0.6562328267443446
urn:mavedb:00000068-c-1#1423,NA,NA,p.Lys320Ter,-0.8091914128940237
urn:mavedb:00000068-c-1#1424,NA,NA,p.Lys320Tyr,1.1714210174259652
urn:mavedb:00000068-c-1#1425,NA,NA,p.Lys320Trp,0.7491874399276407
urn:mavedb:00000068-c-1#1426,NA,NA,p.Lys320Val,1.107482171079698
urn:mavedb:00000068-c-1#1427,NA,NA,p.Lys320Thr,0.6852991793391233
urn:mavedb:00000068-c-1#1428,NA,NA,p.Lys320Ser,0.4369456329536821
urn:mavedb:00000068-c-1#1429,NA,NA,p.Lys320Arg,-0.2912477824475746
urn:mavedb:00000068-c-1#1430,NA,NA,p.Lys320Gln,0.4229930400075497
urn:mavedb:00000068-c-1#1431,NA,NA,p.Lys320Pro,0.853486943244759
urn:mavedb:00000068-c-1#1432,NA,NA,p.Lys320Asn,0.5381274481592473
urn:mavedb:00000068-c-1#1433,NA,NA,p.Lys320Met,0.8205036322926603
urn:mavedb:00000068-c-1#1434,NA,NA,p.Lys320Leu,0.973167306493544
urn:mavedb:00000068-c-1#1435,NA,NA,p.Lys320Ile,0.3438279852804416
urn:mavedb:00000068-c-1#1436,NA,NA,p.Lys320His,0.6982888295526816
urn:mavedb:00000068-c-1#1437,NA,NA,p.Lys320Gly,0.6494898360142687
urn:mavedb:00000068-c-1#1438,NA,NA,p.Lys320Phe,0.7942090135352511
urn:mavedb:00000068-c-1#1439,NA,NA,p.Lys320Glu,-0.08185310099380291
urn:mavedb:00000068-c-1#1440,NA,NA,p.Lys320Asp,0.7286053058060532
urn:mavedb:00000068-c-1#1441,NA,NA,p.Lys320Cys,1.0176213977645503
urn:mavedb:00000068-c-1#1442,NA,NA,p.Lys320=,0.17900599789572222
urn:mavedb:00000068-c-1#1443,NA,NA,p.Lys320Ala,0.7093568352637198
urn:mavedb:00000068-c-1#1444,NA,NA,p.Lys319Ter,-0.4871271842783715
urn:mavedb:00000068-c-1#1445,NA,NA,p.Lys319Tyr,1.0341897855786402
urn:mavedb:00000068-c-1#1446,NA,NA,p.Lys319Trp,0.9905334909523764
urn:mavedb:00000068-c-1#1447,NA,NA,p.Lys319Val,0.7738533351713991
urn:mavedb:00000068-c-1#1448,NA,NA,p.Lys319Thr,0.6526396180548888
urn:mavedb:00000068-c-1#1449,NA,NA,p.Lys319Ser,0.4528486694858554
urn:mavedb:00000068-c-1#1450,NA,NA,p.Lys319Arg,0.08868074018864079
urn:mavedb:00000068-c-1#1451,NA,NA,p.Lys319Gln,0.7425093853507938
urn:mavedb:00000068-c-1#1452,NA,NA,p.Lys319Pro,0.7756291414729279
urn:mavedb:00000068-c-1#1453,NA,NA,p.Lys319Asn,0.5196333225581096
urn:mavedb:00000068-c-1#1454,NA,NA,p.Lys319Met,0.5012709537020238
urn:mavedb:00000068-c-1#1455,NA,NA,p.Lys319Leu,0.3834573259894004
urn:mavedb:00000068-c-1#1456,NA,NA,p.Asn345Ser,0.8744405735017953
urn:mavedb:00000068-c-1#1457,NA,NA,p.Asn345Arg,-0.12172051138026475
urn:mavedb:00000068-c-1#1458,NA,NA,p.Asn345Gln,0.9887526474238036
urn:mavedb:00000068-c-1#1459,NA,NA,p.Asn345Pro,-2.0290318737846618
urn:mavedb:00000068-c-1#1460,NA,NA,p.Asn345Met,0.3410988472144105
urn:mavedb:00000068-c-1#1461,NA,NA,p.Asn345Leu,1.1789538596260465
urn:mavedb:00000068-c-1#1462,NA,NA,p.Asn345Lys,0.4690473731766567
urn:mavedb:00000068-c-1#1463,NA,NA,p.Asn345Ile,0.8459080653668126
urn:mavedb:00000068-c-1#1464,NA,NA,p.Asn345His,0.9053117499672244
urn:mavedb:00000068-c-1#1465,NA,NA,p.Asn345Gly,0.36025402781582344
urn:mavedb:00000068-c-1#1466,NA,NA,p.Asn345Phe,-0.692111625388903
urn:mavedb:00000068-c-1#1467,NA,NA,p.Asn345Glu,0.003997307159427783
urn:mavedb:00000068-c-1#1468,NA,NA,p.Asn345Asp,-0.06784523303532146
urn:mavedb:00000068-c-1#1469,NA,NA,p.Asn345Cys,0.8353721592676024
urn:mavedb:00000068-c-1#1470,NA,NA,p.Asn345=,0.5522718637047902
urn:mavedb:00000068-c-1#1471,NA,NA,p.Asn345Ala,1.2155039688871478
urn:mavedb:00000068-c-1#1472,NA,NA,p.Leu344Ter,-1.8605549712097904
urn:mavedb:00000068-c-1#1473,NA,NA,p.Leu344Tyr,1.1144926709741352
urn:mavedb:00000068-c-1#1474,NA,NA,p.Leu344Trp,1.0057461180041625
urn:mavedb:00000068-c-1#1475,NA,NA,p.Leu344Val,1.196469376123633
urn:mavedb:00000068-c-1#1476,NA,NA,p.Leu344Thr,-0.40743108251320176
urn:mavedb:00000068-c-1#1477,NA,NA,p.Leu344Ser,-2.201431763369164
urn:mavedb:00000068-c-1#1478,NA,NA,p.Leu344Arg,-1.33835690412026
urn:mavedb:00000068-c-1#1479,NA,NA,p.Leu344Gln,0.5016562269305979
urn:mavedb:00000068-c-1#1480,NA,NA,p.Leu344Pro,-1.3980109892626147
urn:mavedb:00000068-c-1#1481,NA,NA,p.Leu344Asn,-1.9914608409640933
urn:mavedb:00000068-c-1#1482,NA,NA,p.Leu344Met,0.9359943303405428
urn:mavedb:00000068-c-1#1483,NA,NA,p.Leu344Lys,-0.8683177963489465
urn:mavedb:00000068-c-1#1484,NA,NA,p.Leu344Ile,1.1834903388998552
urn:mavedb:00000068-c-1#1485,NA,NA,p.Leu344His,-0.40592749829198893
urn:mavedb:00000068-c-1#1486,NA,NA,p.Leu344Gly,-2.3561193983646995
urn:mavedb:00000068-c-1#1487,NA,NA,p.Leu344Phe,1.2734726231125524
urn:mavedb:00000068-c-1#1488,NA,NA,p.Leu344Glu,-1.8936433053206083
urn:mavedb:00000068-c-1#1489,NA,NA,p.Leu344Asp,-2.145290242672672
urn:mavedb:00000068-c-1#1490,NA,NA,p.Leu344Cys,0.8589458122270831
urn:mavedb:00000068-c-1#1491,NA,NA,p.Leu344=,0.24961459589761434
urn:mavedb:00000068-c-1#1492,NA,NA,p.Leu344Ala,0.3090674377070324
urn:mavedb:00000068-c-1#1493,NA,NA,p.Glu343Ter,-0.31778109751802297
urn:mavedb:00000068-c-1#1494,NA,NA,p.Glu343Tyr,1.4172478130988544
urn:mavedb:00000068-c-1#1495,NA,NA,p.Glu343Trp,1.1812853284789788
urn:mavedb:00000068-c-1#1496,NA,NA,p.Glu343Val,1.2758025956585135
urn:mavedb:00000068-c-1#1497,NA,NA,p.Glu343Thr,0.9993306347039546
urn:mavedb:00000068-c-1#1498,NA,NA,p.Glu343Ser,0.7024916192366079
urn:mavedb:00000068-c-1#1499,NA,NA,p.Glu343Arg,0.6814427641705246
urn:mavedb:00000068-c-1#1500,NA,NA,p.Glu343Gln,1.3628563923441817
urn:mavedb:00000068-c-1#1501,NA,NA,p.Glu343Pro,-2.197316168050778
urn:mavedb:00000068-c-1#1502,NA,NA,p.Glu343Asn,1.256242958343342
urn:mavedb:00000068-c-1#1503,NA,NA,p.Glu343Met,1.428363339952441
urn:mavedb:00000068-c-1#1504,NA,NA,p.Glu343Leu,1.2022495150217816
urn:mavedb:00000068-c-1#1505,NA,NA,p.Glu343Lys,0.8036256560296493
urn:mavedb:00000068-c-1#1506,NA,NA,p.Glu343Ile,1.4473569377497182
urn:mavedb:00000068-c-1#1507,NA,NA,p.Glu343His,1.2337380885067672
urn:mavedb:00000068-c-1#1508,NA,NA,p.Glu343Gly,0.9577546150401604
urn:mavedb:00000068-c-1#1509,NA,NA,p.Glu343Phe,1.832313398385348
urn:mavedb:00000068-c-1#1510,NA,NA,p.Glu343Asp,0.5805496565963857
urn:mavedb:00000068-c-1#1511,NA,NA,p.Glu343Cys,1.2604357343629675
urn:mavedb:00000068-c-1#1512,NA,NA,p.Glu343=,0.5843176173910385
urn:mavedb:00000068-c-1#1513,NA,NA,p.Glu343Ala,1.3314291983343238
urn:mavedb:00000068-c-1#1514,NA,NA,p.Arg342Ter,-1.8817154181661797
urn:mavedb:00000068-c-1#1515,NA,NA,p.Arg342Tyr,0.7377392289102292
urn:mavedb:00000068-c-1#1516,NA,NA,p.Arg342Trp,1.1079560259360817
urn:mavedb:00000068-c-1#1517,NA,NA,p.Arg342Val,0.7660627147571321
urn:mavedb:00000068-c-1#1518,NA,NA,p.Arg342Thr,0.7588695949588822
urn:mavedb:00000068-c-1#1519,NA,NA,p.Arg342Ser,0.1914467816390428
urn:mavedb:00000068-c-1#1520,NA,NA,p.Arg342Gln,0.2770565740649483
urn:mavedb:00000068-c-1#1521,NA,NA,p.Arg342Pro,-1.7495993460884385
urn:mavedb:00000068-c-1#1522,NA,NA,p.Arg342Asn,0.6896814495511154
urn:mavedb:00000068-c-1#1523,NA,NA,p.Arg342Met,0.9628117489209922
urn:mavedb:00000068-c-1#1524,NA,NA,p.Arg342Leu,0.6660832326971451
urn:mavedb:00000068-c-1#1525,NA,NA,p.Arg342Lys,1.0003981081549869
urn:mavedb:00000068-c-1#1526,NA,NA,p.Arg342Ile,0.7362045882789807
urn:mavedb:00000068-c-1#1527,NA,NA,p.Arg342His,0.8031172294776152
urn:mavedb:00000068-c-1#1528,NA,NA,p.Arg342Gly,0.7871623890947169
urn:mavedb:00000068-c-1#1529,NA,NA,p.Arg342Phe,0.8361318259059661
urn:mavedb:00000068-c-1#1530,NA,NA,p.Arg342Glu,-0.2753615314073629
urn:mavedb:00000068-c-1#1531,NA,NA,p.Arg342Asp,0.7582192020761176
urn:mavedb:00000068-c-1#1532,NA,NA,p.Arg342Cys,0.8227675705827298
urn:mavedb:00000068-c-1#1533,NA,NA,p.Arg342=,0.33371605451799874
urn:mavedb:00000068-c-1#1534,NA,NA,p.Arg342Ala,0.940157061323396
urn:mavedb:00000068-c-1#1535,NA,NA,p.Lys319Ile,0.8405454069642553
urn:mavedb:00000068-c-1#1536,NA,NA,p.Lys319His,0.6827272443498683
urn:mavedb:00000068-c-1#1537,NA,NA,p.Lys319Gly,0.8188661523798513
urn:mavedb:00000068-c-1#1538,NA,NA,p.Lys319Phe,0.5745843476014589
urn:mavedb:00000068-c-1#1539,NA,NA,p.Lys319Glu,0.5919427157859382
urn:mavedb:00000068-c-1#1540,NA,NA,p.Lys319Asp,0.7372301636437036
urn:mavedb:00000068-c-1#1541,NA,NA,p.Lys319Cys,0.6861767289107259
urn:mavedb:00000068-c-1#1542,NA,NA,p.Lys319=,0.2486738956622294
urn:mavedb:00000068-c-1#1543,NA,NA,p.Lys319Ala,1.007102723586323
urn:mavedb:00000068-c-1#1544,NA,NA,p.Pro318Ter,-0.9590567000557888
urn:mavedb:00000068-c-1#1545,NA,NA,p.Pro318Tyr,0.9881235604726242
urn:mavedb:00000068-c-1#1546,NA,NA,p.Pro318Trp,0.8916622286278635
urn:mavedb:00000068-c-1#1547,NA,NA,p.Pro318Val,0.9142955922860496
urn:mavedb:00000068-c-1#1548,NA,NA,p.Pro318Thr,0.6731667337003017
urn:mavedb:00000068-c-1#1549,NA,NA,p.Pro318Ser,0.7170367565828281
urn:mavedb:00000068-c-1#1550,NA,NA,p.Pro318Arg,0.6789166957094682
urn:mavedb:00000068-c-1#1551,NA,NA,p.Pro318Gln,-0.020132827787778685
urn:mavedb:00000068-c-1#1552,NA,NA,p.Pro318Asn,0.8504617620800722
urn:mavedb:00000068-c-1#1553,NA,NA,p.Pro318Met,0.75291417757289
urn:mavedb:00000068-c-1#1554,NA,NA,p.Pro318Leu,0.5825035243148071
urn:mavedb:00000068-c-1#1555,NA,NA,p.Pro318Lys,0.5141405968315087
urn:mavedb:00000068-c-1#1556,NA,NA,p.Pro318Ile,0.546598802255846
urn:mavedb:00000068-c-1#1557,NA,NA,p.Pro318His,-0.012705675336413856
urn:mavedb:00000068-c-1#1558,NA,NA,p.Pro318Gly,1.0381923703162312
urn:mavedb:00000068-c-1#1559,NA,NA,p.Pro318Phe,1.1556658454839133
urn:mavedb:00000068-c-1#1560,NA,NA,p.Pro318Glu,0.5789056225775739
urn:mavedb:00000068-c-1#1561,NA,NA,p.Ser315Ala,0.4799927634686572
urn:mavedb:00000068-c-1#1562,NA,NA,p.Ser314Ter,-1.6759324857259503
urn:mavedb:00000068-c-1#1563,NA,NA,p.Ser314Tyr,0.5894998262557166
urn:mavedb:00000068-c-1#1564,NA,NA,p.Ser314Trp,0.5724961499786404
urn:mavedb:00000068-c-1#1565,NA,NA,p.Ser314Val,0.5883920549911082
urn:mavedb:00000068-c-1#1566,NA,NA,p.Ser314Thr,0.5382818442434961
urn:mavedb:00000068-c-1#1567,NA,NA,p.Ser314Arg,-0.042651271189323985
urn:mavedb:00000068-c-1#1568,NA,NA,p.Ser314Gln,0.5383066535946126
urn:mavedb:00000068-c-1#1569,NA,NA,p.Ser314Pro,-0.11969380178277758
urn:mavedb:00000068-c-1#1570,NA,NA,p.Ser314Asn,0.8698465401327696
urn:mavedb:00000068-c-1#1571,NA,NA,p.Ser314Met,0.31117788160156457
urn:mavedb:00000068-c-1#1572,NA,NA,p.Ser314Leu,-0.5604433229464134
urn:mavedb:00000068-c-1#1573,NA,NA,p.Ser314Lys,0.8487841385286632
urn:mavedb:00000068-c-1#1574,NA,NA,p.Ser314Ile,0.3777083485086196
urn:mavedb:00000068-c-1#1575,NA,NA,p.Ser314His,0.7270837314073323
urn:mavedb:00000068-c-1#1576,NA,NA,p.Ser314Gly,0.9350602263776286
urn:mavedb:00000068-c-1#1577,NA,NA,p.Ser314Phe,0.33168100529826555
urn:mavedb:00000068-c-1#1578,NA,NA,p.Ser314Glu,0.5630540397099911
urn:mavedb:00000068-c-1#1579,NA,NA,p.Ser314Asp,0.4943420713050887
urn:mavedb:00000068-c-1#1580,NA,NA,p.Ser314Cys,0.2415071043767018
urn:mavedb:00000068-c-1#1581,NA,NA,p.Ser314=,-0.16714632225099987
urn:mavedb:00000068-c-1#1582,NA,NA,p.Ser314Ala,0.2576322847781011
urn:mavedb:00000068-c-1#1583,NA,NA,p.Ser313Ter,-1.9308856377907928
urn:mavedb:00000068-c-1#1584,NA,NA,p.Ser313Tyr,0.9570377469536188
urn:mavedb:00000068-c-1#1585,NA,NA,p.Ser313Trp,0.9195980171202268
urn:mavedb:00000068-c-1#1586,NA,NA,p.Ser313Val,1.0442233268103045
urn:mavedb:00000068-c-1#1587,NA,NA,p.Ser313Thr,-0.02697361898350608
urn:mavedb:00000068-c-1#1588,NA,NA,p.Ser313Arg,0.5083916821573938
urn:mavedb:00000068-c-1#1589,NA,NA,p.Ser313Gln,-0.3793466392692069
urn:mavedb:00000068-c-1#1590,NA,NA,p.Ser313Pro,0.34032202944931833
urn:mavedb:00000068-c-1#1591,NA,NA,p.Ser313Asn,0.5705033015516591
urn:mavedb:00000068-c-1#1592,NA,NA,p.Ser313Met,1.0476023768489542
urn:mavedb:00000068-c-1#1593,NA,NA,p.Ser313Leu,0.20600352423438967
urn:mavedb:00000068-c-1#1594,NA,NA,p.Ser313Lys,0.3298689527214475
urn:mavedb:00000068-c-1#1595,NA,NA,p.Ser313Ile,0.6434883298356533
urn:mavedb:00000068-c-1#1596,NA,NA,p.Ser313His,-0.08554233682976843
urn:mavedb:00000068-c-1#1597,NA,NA,p.Ser313Gly,0.5255350962813218
urn:mavedb:00000068-c-1#1598,NA,NA,p.Ser313Phe,0.7676500446036257
urn:mavedb:00000068-c-1#1599,NA,NA,p.Ser313Glu,0.6785485648695115
urn:mavedb:00000068-c-1#1600,NA,NA,p.Ser313Asp,0.5946427609665765
urn:mavedb:00000068-c-1#1601,NA,NA,p.Ser313Cys,0.7731012067956072
urn:mavedb:00000068-c-1#1602,NA,NA,p.Ser313=,0.1812351603960854
urn:mavedb:00000068-c-1#1603,NA,NA,p.Ser313Ala,-0.6567784803750923
urn:mavedb:00000068-c-1#1604,NA,NA,p.Thr312Ter,-0.9157230172337298
urn:mavedb:00000068-c-1#1605,NA,NA,p.Thr312Tyr,0.8589953391064749
urn:mavedb:00000068-c-1#1606,NA,NA,p.Thr312Trp,0.815696231487725
urn:mavedb:00000068-c-1#1607,NA,NA,p.Thr312Val,1.0513569531432658
urn:mavedb:00000068-c-1#1608,NA,NA,p.Thr312Ser,0.6642995030018071
urn:mavedb:00000068-c-1#1609,NA,NA,p.Thr312Arg,-0.25972701229337025
urn:mavedb:00000068-c-1#1610,NA,NA,p.Thr312Gln,0.2844402088757261
urn:mavedb:00000068-c-1#1611,NA,NA,p.Thr312Pro,-0.2069659676605523
urn:mavedb:00000068-c-1#1612,NA,NA,p.Thr312Asn,0.6649153943550817
urn:mavedb:00000068-c-1#1613,NA,NA,p.Thr312Met,0.8044830701282029
urn:mavedb:00000068-c-1#1614,NA,NA,p.Thr312Leu,-0.024302612160889102
urn:mavedb:00000068-c-1#1615,NA,NA,p.Thr312Lys,0.055207621486760165
urn:mavedb:00000068-c-1#1616,NA,NA,p.Thr312Ile,0.8844961227000966
urn:mavedb:00000068-c-1#1617,NA,NA,p.Thr312His,-0.15949997113080255
urn:mavedb:00000068-c-1#1618,NA,NA,p.Thr312Gly,0.3957680285050035
urn:mavedb:00000068-c-1#1619,NA,NA,p.Thr312Phe,1.1288085058702926
urn:mavedb:00000068-c-1#1620,NA,NA,p.Thr312Glu,0.2331245715314513
urn:mavedb:00000068-c-1#1621,NA,NA,p.Thr312Asp,0.2602805540786105
urn:mavedb:00000068-c-1#1622,NA,NA,p.Thr312Cys,0.5336778697227383
urn:mavedb:00000068-c-1#1623,NA,NA,p.Thr312=,0.3707824921154447
urn:mavedb:00000068-c-1#1624,NA,NA,p.Thr312Ala,0.2445412814559047
urn:mavedb:00000068-c-1#1625,NA,NA,p.Asn311Ter,-1.7287837879110586
urn:mavedb:00000068-c-1#1626,NA,NA,p.Asn311Tyr,1.0206292122888498
urn:mavedb:00000068-c-1#1627,NA,NA,p.Asn311Trp,0.9383159100655714
urn:mavedb:00000068-c-1#1628,NA,NA,p.Asn311Val,-0.0011592043154048414
urn:mavedb:00000068-c-1#1629,NA,NA,p.Asn311Thr,-0.4721698055966431
urn:mavedb:00000068-c-1#1630,NA,NA,p.Asn311Ser,0.473803462825205
urn:mavedb:00000068-c-1#1631,NA,NA,p.Asn311Arg,0.28033662811403404
urn:mavedb:00000068-c-1#1632,NA,NA,p.Asn311Gln,-0.11856405418161158
urn:mavedb:00000068-c-1#1633,NA,NA,p.Asn311Pro,0.23810246878746916
urn:mavedb:00000068-c-1#1634,NA,NA,p.Asn311Met,0.3776055136857189
urn:mavedb:00000068-c-1#1635,NA,NA,p.Asn311Leu,0.732605120799428
urn:mavedb:00000068-c-1#1636,NA,NA,p.Asn311Lys,0.5048209382599412
urn:mavedb:00000068-c-1#1637,NA,NA,p.Asn311Ile,0.7543826184929511
urn:mavedb:00000068-c-1#1638,NA,NA,p.Asn311His,-0.5290507764355981
urn:mavedb:00000068-c-1#1639,NA,NA,p.Asn311Gly,0.4631352965196629
urn:mavedb:00000068-c-1#1640,NA,NA,p.Asn311Phe,0.8757504867119531
urn:mavedb:00000068-c-1#1641,NA,NA,p.Asn311Glu,0.15312300369655488
urn:mavedb:00000068-c-1#1642,NA,NA,p.Asn311Asp,0.3617393990794763
urn:mavedb:00000068-c-1#1643,NA,NA,p.Asn311Cys,1.0911624163075502
urn:mavedb:00000068-c-1#1644,NA,NA,p.Asn311=,0.3597845947257877
urn:mavedb:00000068-c-1#1645,NA,NA,p.Asn311Ala,0.8410731313372062
urn:mavedb:00000068-c-1#1646,NA,NA,p.Asn310Ter,-1.6930490801838392
urn:mavedb:00000068-c-1#1647,NA,NA,p.Asn310Tyr,0.44277457609243503
urn:mavedb:00000068-c-1#1648,NA,NA,p.Asn310Trp,0.4262982824943311
urn:mavedb:00000068-c-1#1649,NA,NA,p.Asn310Val,0.9919080851451216
urn:mavedb:00000068-c-1#1650,NA,NA,p.Asn310Thr,-0.8210532462819242
urn:mavedb:00000068-c-1#1651,NA,NA,p.Asn310Ser,0.4166249309178851
urn:mavedb:00000068-c-1#1652,NA,NA,p.Asn310Arg,0.16471143176481828
urn:mavedb:00000068-c-1#1653,NA,NA,p.Asn310Gln,-0.9263455918777022
urn:mavedb:00000068-c-1#1654,NA,NA,p.Asn310Pro,0.08102232616002347
urn:mavedb:00000068-c-1#1655,NA,NA,p.Asn310Met,0.08140187040018207
urn:mavedb:00000068-c-1#1656,NA,NA,p.Asn310Leu,0.5402260077959746
urn:mavedb:00000068-c-1#1657,NA,NA,p.Asn310Lys,0.4904486598396758
urn:mavedb:00000068-c-1#1658,NA,NA,p.Asn310Ile,0.9343658684722856
urn:mavedb:00000068-c-1#1659,NA,NA,p.Asn310His,-0.04912534362113735
urn:mavedb:00000068-c-1#1660,NA,NA,p.Asn310Gly,-0.09059994711426074
urn:mavedb:00000068-c-1#1661,NA,NA,p.Asn310Phe,0.06960554598636436
urn:mavedb:00000068-c-1#1662,NA,NA,p.Asn310Glu,0.5533023795088866
urn:mavedb:00000068-c-1#1663,NA,NA,p.Asn310Asp,0.923811076761016
urn:mavedb:00000068-c-1#1664,NA,NA,p.Asn310Cys,0.5387729603116304
urn:mavedb:00000068-c-1#1665,NA,NA,p.Asn310=,0.5740644027943915
urn:mavedb:00000068-c-1#1666,NA,NA,p.Asn310Ala,0.2322375338182557
urn:mavedb:00000068-c-1#1667,NA,NA,p.Pro309Ter,-2.011718892926616
urn:mavedb:00000068-c-1#1668,NA,NA,p.Pro309Tyr,0.2441282267466689
urn:mavedb:00000068-c-1#1669,NA,NA,p.Pro309Trp,0.6766897721499575
urn:mavedb:00000068-c-1#1670,NA,NA,p.Pro309Val,1.0210062674259452
urn:mavedb:00000068-c-1#1671,NA,NA,p.Pro309Thr,0.5465094441916066
urn:mavedb:00000068-c-1#1672,NA,NA,p.Pro309Ser,0.7735090447505965
urn:mavedb:00000068-c-1#1673,NA,NA,p.Pro309Arg,0.493150616874324
urn:mavedb:00000068-c-1#1674,NA,NA,p.Pro309Gln,-0.04940415808629566
urn:mavedb:00000068-c-1#1675,NA,NA,p.Pro309Asn,1.02210244329208
urn:mavedb:00000068-c-1#1676,NA,NA,p.Pro309Met,0.17328062627786067
urn:mavedb:00000068-c-1#1677,NA,NA,p.Pro309Leu,0.6657643966760691
urn:mavedb:00000068-c-1#1678,NA,NA,p.Pro309Lys,0.6636838589718994
urn:mavedb:00000068-c-1#1679,NA,NA,p.Pro309Ile,1.0492876852501176
urn:mavedb:00000068-c-1#1680,NA,NA,p.Pro309His,0.5838469819929226
urn:mavedb:00000068-c-1#1681,NA,NA,p.Pro309Gly,1.0253479063984434
urn:mavedb:00000068-c-1#1682,NA,NA,p.Pro309Phe,0.8001172964568084
urn:mavedb:00000068-c-1#1683,NA,NA,p.Pro309Glu,0.9263134615075932
urn:mavedb:00000068-c-1#1684,NA,NA,p.Pro309Asp,0.3049292790201305
urn:mavedb:00000068-c-1#1685,NA,NA,p.Pro309Cys,0.15939366671530894
urn:mavedb:00000068-c-1#1686,NA,NA,p.Pro309=,-0.17776575875786976
urn:mavedb:00000068-c-1#1687,NA,NA,p.Pro309Ala,-0.3703775612065548
urn:mavedb:00000068-c-1#1688,NA,NA,p.Leu308Ter,-1.7078246461525908
urn:mavedb:00000068-c-1#1689,NA,NA,p.Leu308Tyr,0.08786817934951993
urn:mavedb:00000068-c-1#1690,NA,NA,p.Leu308Trp,0.633491125495821
urn:mavedb:00000068-c-1#1691,NA,NA,p.Leu308Val,0.5296590019817857
urn:mavedb:00000068-c-1#1692,NA,NA,p.Leu308Thr,-0.011147870225328656
urn:mavedb:00000068-c-1#1693,NA,NA,p.Leu308Ser,0.6527315347371472
urn:mavedb:00000068-c-1#1694,NA,NA,p.Leu308Arg,0.8482138827006256
urn:mavedb:00000068-c-1#1695,NA,NA,p.Leu308Gln,0.8188765037933562
urn:mavedb:00000068-c-1#1696,NA,NA,p.Leu308Pro,0.6460826993451572
urn:mavedb:00000068-c-1#1697,NA,NA,p.Leu308Asn,0.7983909403028953
urn:mavedb:00000068-c-1#1698,NA,NA,p.Leu308Met,0.4449276491317323
urn:mavedb:00000068-c-1#1699,NA,NA,p.Leu308Lys,0.5458253407027545
urn:mavedb:00000068-c-1#1700,NA,NA,p.Leu308Ile,0.8439620139753756
urn:mavedb:00000068-c-1#1701,NA,NA,p.Leu308His,0.451990600046744
urn:mavedb:00000068-c-1#1702,NA,NA,p.Leu308Gly,0.0180701191375949
urn:mavedb:00000068-c-1#1703,NA,NA,p.Leu308Phe,0.2026260724320436
urn:mavedb:00000068-c-1#1704,NA,NA,p.Leu308Glu,0.3718047036961976
urn:mavedb:00000068-c-1#1705,NA,NA,p.Leu308Asp,0.5171542076303399
urn:mavedb:00000068-c-1#1706,NA,NA,p.Leu308Cys,-0.4331734509839081
urn:mavedb:00000068-c-1#1707,NA,NA,p.Leu308=,0.5062347080402859
urn:mavedb:00000068-c-1#1708,NA,NA,p.Leu308Ala,0.4084990499161952
urn:mavedb:00000068-c-1#1709,NA,NA,p.Ala307Ter,-1.5626361917329448
urn:mavedb:00000068-c-1#1710,NA,NA,p.Ala307Tyr,1.0472993497365648
urn:mavedb:00000068-c-1#1711,NA,NA,p.Ala307Trp,0.8514743360102791
urn:mavedb:00000068-c-1#1712,NA,NA,p.Ala307Val,0.6312797852423638
urn:mavedb:00000068-c-1#1713,NA,NA,p.Ala307Thr,0.4501508996244665
urn:mavedb:00000068-c-1#1714,NA,NA,p.Ala307Ser,0.3216362714799973
urn:mavedb:00000068-c-1#1715,NA,NA,p.Ala307Arg,0.5237190958281221
urn:mavedb:00000068-c-1#1716,NA,NA,p.Ala307Gln,0.4083749383061465
urn:mavedb:00000068-c-1#1717,NA,NA,p.Ala307Pro,0.8201895075478179
urn:mavedb:00000068-c-1#1718,NA,NA,p.Ala307Asn,0.2418680867089125
urn:mavedb:00000068-c-1#1719,NA,NA,p.Ala307Met,0.6514381511475787
urn:mavedb:00000068-c-1#1720,NA,NA,p.Ala307Leu,-0.027270853740397838
urn:mavedb:00000068-c-1#1721,NA,NA,p.Ala307Lys,0.6302375552692536
urn:mavedb:00000068-c-1#1722,NA,NA,p.Ala307Ile,1.2214832450429791
urn:mavedb:00000068-c-1#1723,NA,NA,p.Ala307His,-0.6221960159272637
urn:mavedb:00000068-c-1#1724,NA,NA,p.Ala307Gly,0.10124382242088713
urn:mavedb:00000068-c-1#1725,NA,NA,p.Ala307Phe,0.7750226877613193
urn:mavedb:00000068-c-1#1726,NA,NA,p.Ala307Glu,0.3712547941143844
urn:mavedb:00000068-c-1#1727,NA,NA,p.Ala307Asp,0.3273402716069011
urn:mavedb:00000068-c-1#1728,NA,NA,p.Ala307Cys,0.5696208993639362
urn:mavedb:00000068-c-1#1729,NA,NA,p.Ala307=,-0.1232965901133095
urn:mavedb:00000068-c-1#1730,NA,NA,p.Arg306Ter,-0.498330934723384
urn:mavedb:00000068-c-1#1731,NA,NA,p.Arg306Tyr,1.2892630863599517
urn:mavedb:00000068-c-1#1732,NA,NA,p.Arg306Trp,0.3320805906807427
urn:mavedb:00000068-c-1#1733,NA,NA,p.Arg306Val,1.0081933103707
urn:mavedb:00000068-c-1#1734,NA,NA,p.Arg306Thr,0.7485190991203153
urn:mavedb:00000068-c-1#1735,NA,NA,p.Arg306Ser,0.4046868667931549
urn:mavedb:00000068-c-1#1736,NA,NA,p.Arg306Gln,0.4415136062233699
urn:mavedb:00000068-c-1#1737,NA,NA,p.Arg306Pro,0.6814599291418155
urn:mavedb:00000068-c-1#1738,NA,NA,p.Arg306Asn,1.20822425337886
urn:mavedb:00000068-c-1#1739,NA,NA,p.Arg306Met,0.7245854616119071
urn:mavedb:00000068-c-1#1740,NA,NA,p.Arg306Leu,0.7430258326133617
urn:mavedb:00000068-c-1#1741,NA,NA,p.Arg306Lys,1.1192596573975009
urn:mavedb:00000068-c-1#1742,NA,NA,p.Arg306Ile,1.0773960798587168
urn:mavedb:00000068-c-1#1743,NA,NA,p.Arg306His,0.6198693033886649
urn:mavedb:00000068-c-1#1744,NA,NA,p.Arg306Gly,0.020976578157232858
urn:mavedb:00000068-c-1#1745,NA,NA,p.Arg306Phe,1.3730686653816837
urn:mavedb:00000068-c-1#1746,NA,NA,p.Arg306Glu,-0.3785378267086637
urn:mavedb:00000068-c-1#1747,NA,NA,p.Arg306Asp,0.7094358895806079
urn:mavedb:00000068-c-1#1748,NA,NA,p.Arg306Cys,1.3550911504712757
urn:mavedb:00000068-c-1#1749,NA,NA,p.Arg306=,0.4315731700279384
urn:mavedb:00000068-c-1#1750,NA,NA,p.Arg306Ala,-0.07725720597691542
urn:mavedb:00000068-c-1#1751,NA,NA,p.Gln331Pro,-0.3065243373680417
urn:mavedb:00000068-c-1#1752,NA,NA,p.Gln331Asn,0.6875827721284955
urn:mavedb:00000068-c-1#1753,NA,NA,p.Gln331Met,0.4332372041024921
urn:mavedb:00000068-c-1#1754,NA,NA,p.Gln331Leu,0.3232781784760321
urn:mavedb:00000068-c-1#1755,NA,NA,p.Gln331Lys,0.5404993413147435
urn:mavedb:00000068-c-1#1756,NA,NA,p.Gln331Ile,0.5350068663397923
urn:mavedb:00000068-c-1#1757,NA,NA,p.Gln331His,0.5532796973018336
urn:mavedb:00000068-c-1#1758,NA,NA,p.Gln331Gly,0.9241336839036156
urn:mavedb:00000068-c-1#1759,NA,NA,p.Gln331Phe,0.5574347899319557
urn:mavedb:00000068-c-1#1760,NA,NA,p.Gln331Glu,0.5104110108847849
urn:mavedb:00000068-c-1#1761,NA,NA,p.Gln331Asp,-0.4059593845503519
urn:mavedb:00000068-c-1#1762,NA,NA,p.Gln331Cys,0.5142012251980044
urn:mavedb:00000068-c-1#1763,NA,NA,p.Gln331=,0.21242082254228747
urn:mavedb:00000068-c-1#1764,NA,NA,p.Gln331Ala,0.6461247947652804
urn:mavedb:00000068-c-1#1765,NA,NA,p.Leu330Ter,-2.5316059203984222
urn:mavedb:00000068-c-1#1766,NA,NA,p.Leu330Tyr,0.4802994309135683
urn:mavedb:00000068-c-1#1767,NA,NA,p.Leu330Trp,-1.4133086875453693
urn:mavedb:00000068-c-1#1768,NA,NA,p.Leu330Val,0.7023080761095334
urn:mavedb:00000068-c-1#1769,NA,NA,p.Leu330Thr,-2.3479326294560443
urn:mavedb:00000068-c-1#1770,NA,NA,p.Leu330Ser,-2.0002602126868143
urn:mavedb:00000068-c-1#1771,NA,NA,p.Leu330Arg,-0.5411740649267485
urn:mavedb:00000068-c-1#1772,NA,NA,p.Leu330Gln,0.08393066344333756
urn:mavedb:00000068-c-1#1773,NA,NA,p.Leu330Pro,-1.2480111244701333
urn:mavedb:00000068-c-1#1774,NA,NA,p.Leu330Asn,-1.7300968743546152
urn:mavedb:00000068-c-1#1775,NA,NA,p.Leu330Met,0.6369525667579827
urn:mavedb:00000068-c-1#1776,NA,NA,p.Leu330Lys,-3.943922004719567
urn:mavedb:00000068-c-1#1777,NA,NA,p.Leu330Ile,0.5660357647676262
urn:mavedb:00000068-c-1#1778,NA,NA,p.Leu330His,-0.1611419098318065
urn:mavedb:00000068-c-1#1779,NA,NA,p.Leu330Gly,-2.3313237581849093
urn:mavedb:00000068-c-1#1780,NA,NA,p.Leu330Phe,-0.7179022117809117
urn:mavedb:00000068-c-1#1781,NA,NA,p.Leu330Glu,-1.4152482837867844
urn:mavedb:00000068-c-1#1782,NA,NA,p.Leu330Asp,-1.6060527008118812
urn:mavedb:00000068-c-1#1783,NA,NA,p.Leu330Cys,0.7177239685819821
urn:mavedb:00000068-c-1#1784,NA,NA,p.Leu330=,-0.08737413914453916
urn:mavedb:00000068-c-1#1785,NA,NA,p.Leu330Ala,-1.045169502043806
urn:mavedb:00000068-c-1#1786,NA,NA,p.Thr329Ter,-2.448397024602468
urn:mavedb:00000068-c-1#1787,NA,NA,p.Thr329Tyr,0.5119666681425347
urn:mavedb:00000068-c-1#1788,NA,NA,p.Thr329Trp,1.0711646607435734
urn:mavedb:00000068-c-1#1789,NA,NA,p.Thr329Val,1.0934322983652591
urn:mavedb:00000068-c-1#1790,NA,NA,p.Thr329Ser,0.14311624828295774
urn:mavedb:00000068-c-1#1791,NA,NA,p.Thr329Arg,0.6547716091127671
urn:mavedb:00000068-c-1#1792,NA,NA,p.Thr329Gln,1.0496261686564547
urn:mavedb:00000068-c-1#1793,NA,NA,p.Thr329Pro,-0.9943331644190404
urn:mavedb:00000068-c-1#1794,NA,NA,p.Thr329Asn,0.7241774588776909
urn:mavedb:00000068-c-1#1795,NA,NA,p.Thr329Met,0.6020253670726562
urn:mavedb:00000068-c-1#1796,NA,NA,p.Thr329Leu,0.6590294936047941
urn:mavedb:00000068-c-1#1797,NA,NA,p.Thr329Lys,0.3862063196301299
urn:mavedb:00000068-c-1#1798,NA,NA,p.Thr329Ile,0.7409232734923872
urn:mavedb:00000068-c-1#1799,NA,NA,p.Thr329His,-1.0980519226399963
urn:mavedb:00000068-c-1#1800,NA,NA,p.Thr329Gly,0.3652273568782196
urn:mavedb:00000068-c-1#1801,NA,NA,p.Thr329Phe,0.38091598085586825
urn:mavedb:00000068-c-1#1802,NA,NA,p.Thr329Glu,1.1388948173408484
urn:mavedb:00000068-c-1#1803,NA,NA,p.Thr329Asp,0.7513890425740062
urn:mavedb:00000068-c-1#1804,NA,NA,p.Thr329Cys,0.676751235191053
urn:mavedb:00000068-c-1#1805,NA,NA,p.Thr329=,0.3976815633344983
urn:mavedb:00000068-c-1#1806,NA,NA,p.Thr329Ala,0.3796542495028197
urn:mavedb:00000068-c-1#1807,NA,NA,p.Phe328Ter,-2.094420290135924
urn:mavedb:00000068-c-1#1808,NA,NA,p.Phe328Tyr,0.6335818137057847
urn:mavedb:00000068-c-1#1809,NA,NA,p.Phe328Trp,0.8924789743212324
urn:mavedb:00000068-c-1#1810,NA,NA,p.Phe328Val,0.7597245330667909
urn:mavedb:00000068-c-1#1811,NA,NA,p.Phe328Thr,0.5624570900523815
urn:mavedb:00000068-c-1#1812,NA,NA,p.Phe328Ser,-0.609930744530309
urn:mavedb:00000068-c-1#1813,NA,NA,p.Phe328Arg,1.0460815896797613
urn:mavedb:00000068-c-1#1814,NA,NA,p.Phe328Gln,0.7947627054510223
urn:mavedb:00000068-c-1#1815,NA,NA,p.Phe328Pro,-0.10473095943092292
urn:mavedb:00000068-c-1#1816,NA,NA,p.Phe328Asn,0.7875769978789304
urn:mavedb:00000068-c-1#1817,NA,NA,p.Phe328Met,0.9815184279232458
urn:mavedb:00000068-c-1#1818,NA,NA,p.Lys305Ter,-1.1096669527850116
urn:mavedb:00000068-c-1#1819,NA,NA,p.Lys305Tyr,0.6821587285881077
urn:mavedb:00000068-c-1#1820,NA,NA,p.Lys305Trp,0.8546343321277916
urn:mavedb:00000068-c-1#1821,NA,NA,p.Lys305Val,1.1233757116610776
urn:mavedb:00000068-c-1#1822,NA,NA,p.Lys305Thr,-0.3138360919328779
urn:mavedb:00000068-c-1#1823,NA,NA,p.Lys305Ser,-0.626394545509932
urn:mavedb:00000068-c-1#1824,NA,NA,p.Lys305Arg,0.4839907517017301
urn:mavedb:00000068-c-1#1825,NA,NA,p.Lys305Gln,-0.3697626692546384
urn:mavedb:00000068-c-1#1826,NA,NA,p.Lys305Pro,0.6481559347355309
urn:mavedb:00000068-c-1#1827,NA,NA,p.Lys305Asn,0.2009173719768474
urn:mavedb:00000068-c-1#1828,NA,NA,p.Lys305Met,0.5049903804171434
urn:mavedb:00000068-c-1#1829,NA,NA,p.Lys305Leu,0.798948594959484
urn:mavedb:00000068-c-1#1830,NA,NA,p.Lys305Ile,0.5567395785623349
urn:mavedb:00000068-c-1#1831,NA,NA,p.Lys305His,1.3932242951164613
urn:mavedb:00000068-c-1#1832,NA,NA,p.Lys305Gly,0.42651917092648217
urn:mavedb:00000068-c-1#1833,NA,NA,p.Lys305Phe,0.5841746974540319
urn:mavedb:00000068-c-1#1834,NA,NA,p.Lys305Glu,0.3614576031491258
urn:mavedb:00000068-c-1#1835,NA,NA,p.Lys305Asp,1.0491384305080358
urn:mavedb:00000068-c-1#1836,NA,NA,p.Lys305Cys,0.5115906326102266
urn:mavedb:00000068-c-1#1837,NA,NA,p.Lys305=,0.42259997528965226
urn:mavedb:00000068-c-1#1838,NA,NA,p.Lys305Ala,0.5108182737723249
urn:mavedb:00000068-c-1#1839,NA,NA,p.Thr304Ter,-2.113959233093901
urn:mavedb:00000068-c-1#1840,NA,NA,p.Thr304Tyr,0.6423787673223947
urn:mavedb:00000068-c-1#1841,NA,NA,p.Thr304Trp,-0.054401504265927436
urn:mavedb:00000068-c-1#1842,NA,NA,p.Thr304Val,0.7750707838566048
urn:mavedb:00000068-c-1#1843,NA,NA,p.Thr304Ser,0.445190840856998
urn:mavedb:00000068-c-1#1844,NA,NA,p.Glu298Gln,0.4832848919698906
urn:mavedb:00000068-c-1#1845,NA,NA,p.Glu298Pro,0.721025032355127
urn:mavedb:00000068-c-1#1846,NA,NA,p.Glu298Asn,0.4929308928351586
urn:mavedb:00000068-c-1#1847,NA,NA,p.Glu298Met,0.7524426071453618
urn:mavedb:00000068-c-1#1848,NA,NA,p.Glu298Leu,0.12643868563490568
urn:mavedb:00000068-c-1#1849,NA,NA,p.Glu298Lys,0.3599616167622454
urn:mavedb:00000068-c-1#1850,NA,NA,p.Glu298Ile,0.6728525204658984
urn:mavedb:00000068-c-1#1851,NA,NA,p.Glu298His,-0.1918688733627883
urn:mavedb:00000068-c-1#1852,NA,NA,p.Glu298Gly,0.5048983101667458
urn:mavedb:00000068-c-1#1853,NA,NA,p.Glu298Phe,0.5661289531624558
urn:mavedb:00000068-c-1#1854,NA,NA,p.Glu298Asp,0.12823739569009476
urn:mavedb:00000068-c-1#1855,NA,NA,p.Glu298Cys,0.3451242408847506
urn:mavedb:00000068-c-1#1856,NA,NA,p.Glu298=,0.1401651422490751
urn:mavedb:00000068-c-1#1857,NA,NA,p.Glu298Ala,0.6942912984779382
urn:mavedb:00000068-c-1#1858,NA,NA,p.His297Ter,-1.4743181341654181
urn:mavedb:00000068-c-1#1859,NA,NA,p.His297Tyr,0.23201112800359824
urn:mavedb:00000068-c-1#1860,NA,NA,p.His297Trp,0.5932375744090866
urn:mavedb:00000068-c-1#1861,NA,NA,p.His297Val,0.6058309841848909
urn:mavedb:00000068-c-1#1862,NA,NA,p.His297Thr,-0.5905642357254443
urn:mavedb:00000068-c-1#1863,NA,NA,p.His297Ser,0.38029468979054415
urn:mavedb:00000068-c-1#1864,NA,NA,p.His297Arg,0.2420143753046745
urn:mavedb:00000068-c-1#1865,NA,NA,p.His297Gln,0.23813935147760085
urn:mavedb:00000068-c-1#1866,NA,NA,p.His297Pro,-0.6973914634001466
urn:mavedb:00000068-c-1#1867,NA,NA,p.His297Asn,0.5199379577799207
urn:mavedb:00000068-c-1#1868,NA,NA,p.His297Met,0.5935657452258983
urn:mavedb:00000068-c-1#1869,NA,NA,p.His297Leu,0.3980735310921717
urn:mavedb:00000068-c-1#1870,NA,NA,p.His297Lys,0.6774462971908368
urn:mavedb:00000068-c-1#1871,NA,NA,p.His297Ile,0.7288613758590231
urn:mavedb:00000068-c-1#1872,NA,NA,p.His297Gly,0.5789272291893415
urn:mavedb:00000068-c-1#1873,NA,NA,p.His297Phe,0.5604653751406943
urn:mavedb:00000068-c-1#1874,NA,NA,p.His297Glu,0.2968360355969295
urn:mavedb:00000068-c-1#1875,NA,NA,p.His297Asp,0.08605113083657133
urn:mavedb:00000068-c-1#1876,NA,NA,p.His297Cys,0.2846061551941452
urn:mavedb:00000068-c-1#1877,NA,NA,p.His297=,0.4594546197823361
urn:mavedb:00000068-c-1#1878,NA,NA,p.His297Ala,0.5435505069751115
urn:mavedb:00000068-c-1#1879,NA,NA,p.His296Ter,-1.7335710611576756
urn:mavedb:00000068-c-1#1880,NA,NA,p.His296Tyr,0.3367068444086668
urn:mavedb:00000068-c-1#1881,NA,NA,p.His296Trp,0.712986073305611
urn:mavedb:00000068-c-1#1882,NA,NA,p.His296Val,0.6604223318871159
urn:mavedb:00000068-c-1#1883,NA,NA,p.His296Thr,-0.22871491182816764
urn:mavedb:00000068-c-1#1884,NA,NA,p.His296Ser,-0.5729441048105053
urn:mavedb:00000068-c-1#1885,NA,NA,p.His296Arg,0.3852806478102617
urn:mavedb:00000068-c-1#1886,NA,NA,p.His296Gln,0.4740335775005763
urn:mavedb:00000068-c-1#1887,NA,NA,p.His296Pro,-0.09222943052329496
urn:mavedb:00000068-c-1#1888,NA,NA,p.His296Asn,0.4831988793320241
urn:mavedb:00000068-c-1#1889,NA,NA,p.His296Met,0.23414187913358625
urn:mavedb:00000068-c-1#1890,NA,NA,p.His296Leu,0.3557091178579514
urn:mavedb:00000068-c-1#1891,NA,NA,p.His296Lys,0.6338315540905857
urn:mavedb:00000068-c-1#1892,NA,NA,p.His296Ile,0.20382482351960626
urn:mavedb:00000068-c-1#1893,NA,NA,p.His296Gly,0.37050005152650295
urn:mavedb:00000068-c-1#1894,NA,NA,p.His296Phe,0.3559696000830121
urn:mavedb:00000068-c-1#1895,NA,NA,p.His296Glu,0.20412001843898872
urn:mavedb:00000068-c-1#1896,NA,NA,p.His296Asp,0.49714690127784106
urn:mavedb:00000068-c-1#1897,NA,NA,p.His296Cys,0.3361940110232734
urn:mavedb:00000068-c-1#1898,NA,NA,p.His296=,0.62836853138787
urn:mavedb:00000068-c-1#1899,NA,NA,p.His296Ala,0.9614399577842819
urn:mavedb:00000068-c-1#1900,NA,NA,p.Pro295Ter,-1.9117169636777345
urn:mavedb:00000068-c-1#1901,NA,NA,p.Pro295Tyr,0.2644539027032847
urn:mavedb:00000068-c-1#1902,NA,NA,p.Pro295Trp,1.1190664507296124
urn:mavedb:00000068-c-1#1903,NA,NA,p.Pro295Val,0.37709443307366336
urn:mavedb:00000068-c-1#1904,NA,NA,p.Pro295Thr,0.4590744809960657
urn:mavedb:00000068-c-1#1905,NA,NA,p.Pro295Ser,0.3649797551733589
urn:mavedb:00000068-c-1#1906,NA,NA,p.Pro295Arg,0.4105948380438362
urn:mavedb:00000068-c-1#1907,NA,NA,p.Pro295Gln,0.3798538578694821
urn:mavedb:00000068-c-1#1908,NA,NA,p.Pro295Asn,0.29987495322946195
urn:mavedb:00000068-c-1#1909,NA,NA,p.Pro295Met,0.5090623512994209
urn:mavedb:00000068-c-1#1910,NA,NA,p.Pro295Leu,-0.2132724259801168
urn:mavedb:00000068-c-1#1911,NA,NA,p.Pro295Lys,0.3018224163862348
urn:mavedb:00000068-c-1#1912,NA,NA,p.Pro295Ile,0.7014342298746733
urn:mavedb:00000068-c-1#1913,NA,NA,p.Pro295His,0.4079810869823275
urn:mavedb:00000068-c-1#1914,NA,NA,p.Pro295Gly,0.4628640894772618
urn:mavedb:00000068-c-1#1915,NA,NA,p.Pro295Phe,0.5780717533048975
urn:mavedb:00000068-c-1#1916,NA,NA,p.Pro295Glu,0.6651025632171481
urn:mavedb:00000068-c-1#1917,NA,NA,p.Pro295Asp,0.11716921497777273
urn:mavedb:00000068-c-1#1918,NA,NA,p.Pro295Cys,0.7035849946963716
urn:mavedb:00000068-c-1#1919,NA,NA,p.Pro295=,0.1503093882033804
urn:mavedb:00000068-c-1#1920,NA,NA,p.Pro295Ala,-0.736207797407928
urn:mavedb:00000068-c-1#1921,NA,NA,p.Glu294Ter,-0.28399512613752403
urn:mavedb:00000068-c-1#1922,NA,NA,p.Glu294Tyr,0.4906413862721849
urn:mavedb:00000068-c-1#1923,NA,NA,p.Glu294Trp,0.6563691589692207
urn:mavedb:00000068-c-1#1924,NA,NA,p.Glu294Val,0.5853039851896139
urn:mavedb:00000068-c-1#1925,NA,NA,p.Glu294Thr,0.7345395183935151
urn:mavedb:00000068-c-1#1926,NA,NA,p.Glu294Ser,0.13974560441030145
urn:mavedb:00000068-c-1#1927,NA,NA,p.Glu294Arg,0.6586738325830156
urn:mavedb:00000068-c-1#1928,NA,NA,p.Glu294Gln,0.521528032842357
urn:mavedb:00000068-c-1#1929,NA,NA,p.Glu294Pro,0.4810158095602659
urn:mavedb:00000068-c-1#1930,NA,NA,p.Glu294Asn,0.14304133485920276
urn:mavedb:00000068-c-1#1931,NA,NA,p.Glu294Met,1.1665942012282138
urn:mavedb:00000068-c-1#1932,NA,NA,p.Glu294Leu,0.7177292474720111
urn:mavedb:00000068-c-1#1933,NA,NA,p.Glu294Lys,0.2567531738502985
urn:mavedb:00000068-c-1#1934,NA,NA,p.Glu294Ile,0.44793247065870395
urn:mavedb:00000068-c-1#1935,NA,NA,p.Glu294His,0.4143704684930608
urn:mavedb:00000068-c-1#1936,NA,NA,p.Glu294Gly,-0.39260130896485024
urn:mavedb:00000068-c-1#1937,NA,NA,p.Glu294Phe,0.7954026742653242
urn:mavedb:00000068-c-1#1938,NA,NA,p.Glu294Asp,0.11991391401542373
urn:mavedb:00000068-c-1#1939,NA,NA,p.Glu294Cys,0.9851643620202354
urn:mavedb:00000068-c-1#1940,NA,NA,p.Glu294=,0.464232589889974
urn:mavedb:00000068-c-1#1941,NA,NA,p.Glu294Ala,0.3269594205547108
urn:mavedb:00000068-c-1#1942,NA,NA,p.Gly293Ter,-1.1859480229847954
urn:mavedb:00000068-c-1#1943,NA,NA,p.Gly293Tyr,0.47498421561494203
urn:mavedb:00000068-c-1#1944,NA,NA,p.Gly293Trp,0.5177076065641775
urn:mavedb:00000068-c-1#1945,NA,NA,p.Gly293Val,0.5821918791452275
urn:mavedb:00000068-c-1#1946,NA,NA,p.Gly293Thr,0.4706434601648911
urn:mavedb:00000068-c-1#1947,NA,NA,p.Gly293Ser,0.4645010528274662
urn:mavedb:00000068-c-1#1948,NA,NA,p.Gly293Arg,-0.14088541951573386
urn:mavedb:00000068-c-1#1949,NA,NA,p.Gly293Gln,0.7203610742471848
urn:mavedb:00000068-c-1#1950,NA,NA,p.Gly293Pro,0.4080797925589004
urn:mavedb:00000068-c-1#1951,NA,NA,p.Gly293Asn,0.338602927437798
urn:mavedb:00000068-c-1#1952,NA,NA,p.Gly293Met,0.8099325311824402
urn:mavedb:00000068-c-1#1953,NA,NA,p.Gly293Leu,0.7264896255342285
urn:mavedb:00000068-c-1#1954,NA,NA,p.Gly293Lys,-0.08728906708525366
urn:mavedb:00000068-c-1#1955,NA,NA,p.Gly293Ile,0.5551762662111115
urn:mavedb:00000068-c-1#1956,NA,NA,p.Gly293His,0.90984162998054
urn:mavedb:00000068-c-1#1957,NA,NA,p.Gly293Phe,0.9637767871244254
urn:mavedb:00000068-c-1#1958,NA,NA,p.Gly293Glu,0.21401073184442368
urn:mavedb:00000068-c-1#1959,NA,NA,p.Gly293Asp,0.5272327490039808
urn:mavedb:00000068-c-1#1960,NA,NA,p.Gly293Cys,0.7190996373210639
urn:mavedb:00000068-c-1#1961,NA,NA,p.Gly293=,0.3876734543996816
urn:mavedb:00000068-c-1#1962,NA,NA,p.Gly293Ala,0.4026759304313296
urn:mavedb:00000068-c-1#1963,NA,NA,p.Lys292Ter,-1.2422730527814017
urn:mavedb:00000068-c-1#1964,NA,NA,p.Lys292Tyr,0.9510151913292492
urn:mavedb:00000068-c-1#1965,NA,NA,p.Lys292Trp,1.0399907055127788
urn:mavedb:00000068-c-1#1966,NA,NA,p.Lys292Val,0.3975267385680804
urn:mavedb:00000068-c-1#1967,NA,NA,p.Lys292Thr,0.5733888123187153
urn:mavedb:00000068-c-1#1968,NA,NA,p.Lys292Ser,0.6459746357844384
urn:mavedb:00000068-c-1#1969,NA,NA,p.Lys292Arg,0.2230098588725167
urn:mavedb:00000068-c-1#1970,NA,NA,p.Lys292Gln,0.5927021103351341
urn:mavedb:00000068-c-1#1971,NA,NA,p.Lys292Pro,0.8094220314078105
urn:mavedb:00000068-c-1#1972,NA,NA,p.Lys292Asn,0.28476841088397004
urn:mavedb:00000068-c-1#1973,NA,NA,p.Lys292Met,0.4526280967703025
urn:mavedb:00000068-c-1#1974,NA,NA,p.Lys292Leu,1.0082982011182406
urn:mavedb:00000068-c-1#1975,NA,NA,p.Lys292Ile,0.6376787994886604
urn:mavedb:00000068-c-1#1976,NA,NA,p.Lys292His,1.0574415586316883
urn:mavedb:00000068-c-1#1977,NA,NA,p.Lys292Gly,0.5029498394134658
urn:mavedb:00000068-c-1#1978,NA,NA,p.Lys292Phe,0.8953357890859582
urn:mavedb:00000068-c-1#1979,NA,NA,p.Lys292Glu,-0.021127244375507684
urn:mavedb:00000068-c-1#1980,NA,NA,p.Lys292Asp,0.8757793751013554
urn:mavedb:00000068-c-1#1981,NA,NA,p.Lys292Cys,0.8475245086837091
urn:mavedb:00000068-c-1#1982,NA,NA,p.Lys292=,-0.25493517886871475
urn:mavedb:00000068-c-1#1983,NA,NA,p.Lys292Ala,0.655652787737531
urn:mavedb:00000068-c-1#1984,NA,NA,p.Lys291Ter,-0.8593298091403863
urn:mavedb:00000068-c-1#1985,NA,NA,p.Lys291Tyr,1.1580996243469384
urn:mavedb:00000068-c-1#1986,NA,NA,p.Lys291Trp,0.9060285120500002
urn:mavedb:00000068-c-1#1987,NA,NA,p.Lys291Val,0.7270083176466482
urn:mavedb:00000068-c-1#1988,NA,NA,p.Lys291Thr,0.7722303953310722
urn:mavedb:00000068-c-1#1989,NA,NA,p.Lys291Ser,0.6063380559645123
urn:mavedb:00000068-c-1#1990,NA,NA,p.Lys291Arg,0.1697775326680588
urn:mavedb:00000068-c-1#1991,NA,NA,p.Lys291Gln,0.20639422969519775
urn:mavedb:00000068-c-1#1992,NA,NA,p.Lys291Pro,0.9623516754772647
urn:mavedb:00000068-c-1#1993,NA,NA,p.Lys291Asn,0.549563851455001
urn:mavedb:00000068-c-1#1994,NA,NA,p.Lys291Met,0.676598565855996
urn:mavedb:00000068-c-1#1995,NA,NA,p.Lys291Leu,0.7961538793032401
urn:mavedb:00000068-c-1#1996,NA,NA,p.Lys291Ile,0.5940403815297322
urn:mavedb:00000068-c-1#1997,NA,NA,p.Lys291His,1.1411878165719032
urn:mavedb:00000068-c-1#1998,NA,NA,p.Lys291Gly,0.9501672726497647
urn:mavedb:00000068-c-1#1999,NA,NA,p.Lys291Phe,0.7521503544881892
urn:mavedb:00000068-c-1#2000,NA,NA,p.Lys291Glu,0.6663508188679351
urn:mavedb:00000068-c-1#2001,NA,NA,p.Lys291Asp,0.7062276713464076
urn:mavedb:00000068-c-1#2002,NA,NA,p.Lys291Cys,0.5303967597871093
urn:mavedb:00000068-c-1#2003,NA,NA,p.Lys291=,0.5822798302815283
urn:mavedb:00000068-c-1#2004,NA,NA,p.Lys291Ala,0.6672247718856189
urn:mavedb:00000068-c-1#2005,NA,NA,p.Arg290Ter,-1.8487350690021829
urn:mavedb:00000068-c-1#2006,NA,NA,p.Arg290Tyr,0.9524657508993633
urn:mavedb:00000068-c-1#2007,NA,NA,p.Arg290Trp,0.7725247432213841
urn:mavedb:00000068-c-1#2008,NA,NA,p.Arg290Val,0.8959046835498321
urn:mavedb:00000068-c-1#2009,NA,NA,p.Arg290Thr,0.28163768690532365
urn:mavedb:00000068-c-1#2010,NA,NA,p.Arg290Ser,0.5470433626910459
urn:mavedb:00000068-c-1#2011,NA,NA,p.Arg290Gln,0.18524729283527092
urn:mavedb:00000068-c-1#2012,NA,NA,p.Arg290Pro,-0.010779925086090485
urn:mavedb:00000068-c-1#2013,NA,NA,p.Arg290Asn,0.3481367373404127
urn:mavedb:00000068-c-1#2014,NA,NA,p.Arg290Met,0.4478573863363036
urn:mavedb:00000068-c-1#2015,NA,NA,p.Arg290Leu,0.2935410558000173
urn:mavedb:00000068-c-1#2016,NA,NA,p.Arg290Lys,0.5887767437669735
urn:mavedb:00000068-c-1#2017,NA,NA,p.Arg290Ile,0.4520211165557537
urn:mavedb:00000068-c-1#2018,NA,NA,p.Arg290His,0.37365922647283545
urn:mavedb:00000068-c-1#2019,NA,NA,p.Arg290Gly,1.015944997211199
urn:mavedb:00000068-c-1#2020,NA,NA,p.Arg290Phe,0.8857546803999171
urn:mavedb:00000068-c-1#2021,NA,NA,p.Arg290Glu,0.5311719887777709
urn:mavedb:00000068-c-1#2022,NA,NA,p.Arg290Asp,1.1654132555841121
urn:mavedb:00000068-c-1#2023,NA,NA,p.Arg290Cys,0.5372982775647719
urn:mavedb:00000068-c-1#2024,NA,NA,p.Arg290=,0.6448367722546906
urn:mavedb:00000068-c-1#2025,NA,NA,p.Arg290Ala,0.14483702521292455
urn:mavedb:00000068-c-1#2026,NA,NA,p.Leu289Ter,-1.5537368176481126
urn:mavedb:00000068-c-1#2027,NA,NA,p.Leu289Tyr,0.9905773499091436
urn:mavedb:00000068-c-1#2028,NA,NA,p.Leu289Trp,0.7710375103818093
urn:mavedb:00000068-c-1#2029,NA,NA,p.Leu289Val,0.40787272952373815
urn:mavedb:00000068-c-1#2030,NA,NA,p.Leu289Thr,1.0151506734677795
urn:mavedb:00000068-c-1#2031,NA,NA,p.Leu289Ser,-0.15170761295812
urn:mavedb:00000068-c-1#2032,NA,NA,p.Leu289Arg,0.7535701077174981
urn:mavedb:00000068-c-1#2033,NA,NA,p.Leu289Gln,1.1515525084275071
urn:mavedb:00000068-c-1#2034,NA,NA,p.Pro318Asp,1.0925541996225712
urn:mavedb:00000068-c-1#2035,NA,NA,p.Pro318Cys,1.0704540985328763
urn:mavedb:00000068-c-1#2036,NA,NA,p.Pro318=,0.3349730271647377
urn:mavedb:00000068-c-1#2037,NA,NA,p.Pro318Ala,-0.3248937036287235
urn:mavedb:00000068-c-1#2038,NA,NA,p.Gln317Ter,-0.7054174026177027
urn:mavedb:00000068-c-1#2039,NA,NA,p.Gln317Tyr,0.8205760385433174
urn:mavedb:00000068-c-1#2040,NA,NA,p.Gln317Trp,1.2987734786113079
urn:mavedb:00000068-c-1#2041,NA,NA,p.Gln317Val,0.4316786410664509
urn:mavedb:00000068-c-1#2042,NA,NA,p.Gln317Thr,0.5459528495138151
urn:mavedb:00000068-c-1#2043,NA,NA,p.Gln317Ser,-0.6914079414476543
urn:mavedb:00000068-c-1#2044,NA,NA,p.Gln317Arg,0.4016269832640073
urn:mavedb:00000068-c-1#2045,NA,NA,p.Gln317Pro,0.21433536100907813
urn:mavedb:00000068-c-1#2046,NA,NA,p.Gln317Asn,1.00329580754711
urn:mavedb:00000068-c-1#2047,NA,NA,p.Gln317Met,1.1401148117625381
urn:mavedb:00000068-c-1#2048,NA,NA,p.Gln317Leu,0.4881323640223886
urn:mavedb:00000068-c-1#2049,NA,NA,p.Gln317Lys,0.5526969291414026
urn:mavedb:00000068-c-1#2050,NA,NA,p.Gln317Ile,0.5934210231678844
urn:mavedb:00000068-c-1#2051,NA,NA,p.Gln317His,0.4532067664882758
urn:mavedb:00000068-c-1#2052,NA,NA,p.Gln317Gly,0.9180752934153259
urn:mavedb:00000068-c-1#2053,NA,NA,p.Gln317Phe,0.9828560092007621
urn:mavedb:00000068-c-1#2054,NA,NA,p.Gln317Glu,1.0313334541739263
urn:mavedb:00000068-c-1#2055,NA,NA,p.Gln317Asp,1.010035582643934
urn:mavedb:00000068-c-1#2056,NA,NA,p.Gln317Cys,0.8391097502750878
urn:mavedb:00000068-c-1#2057,NA,NA,p.Gln317=,0.5449577413837461
urn:mavedb:00000068-c-1#2058,NA,NA,p.Gln317Ala,0.5984514276321568
urn:mavedb:00000068-c-1#2059,NA,NA,p.Pro316Ter,-2.380272765951473
urn:mavedb:00000068-c-1#2060,NA,NA,p.Pro316Tyr,0.18655940497943788
urn:mavedb:00000068-c-1#2061,NA,NA,p.Pro316Trp,0.30823155680997577
urn:mavedb:00000068-c-1#2062,NA,NA,p.Pro316Val,0.8418987197245777
urn:mavedb:00000068-c-1#2063,NA,NA,p.Pro316Thr,0.545706793016165
urn:mavedb:00000068-c-1#2064,NA,NA,p.Pro316Ser,-0.0340103694218631
urn:mavedb:00000068-c-1#2065,NA,NA,p.Pro316Arg,0.4308068609584306
urn:mavedb:00000068-c-1#2066,NA,NA,p.Pro316Gln,0.8135088005790941
urn:mavedb:00000068-c-1#2067,NA,NA,p.Pro316Asn,0.9153500479260744
urn:mavedb:00000068-c-1#2068,NA,NA,p.Pro316Met,0.6342856669774762
urn:mavedb:00000068-c-1#2069,NA,NA,p.Pro316Leu,0.4753631161303406
urn:mavedb:00000068-c-1#2070,NA,NA,p.Pro316Lys,0.8036970466283059
urn:mavedb:00000068-c-1#2071,NA,NA,p.Pro316Ile,0.9037508520954096
urn:mavedb:00000068-c-1#2072,NA,NA,p.Pro316His,0.5397518262378197
urn:mavedb:00000068-c-1#2073,NA,NA,p.Pro316Gly,0.693376398726165
urn:mavedb:00000068-c-1#2074,NA,NA,p.Pro316Phe,0.4594331546205962
urn:mavedb:00000068-c-1#2075,NA,NA,p.Pro316Glu,0.3918499525913819
urn:mavedb:00000068-c-1#2076,NA,NA,p.Pro316Asp,1.4048258275593009
urn:mavedb:00000068-c-1#2077,NA,NA,p.Pro316Cys,0.7148697868109732
urn:mavedb:00000068-c-1#2078,NA,NA,p.Pro316=,0.37920891139217977
urn:mavedb:00000068-c-1#2079,NA,NA,p.Pro316Ala,0.4084912043060029
urn:mavedb:00000068-c-1#2080,NA,NA,p.Ser315Ter,-1.974555766308273
urn:mavedb:00000068-c-1#2081,NA,NA,p.Ser315Tyr,0.5426448170464707
urn:mavedb:00000068-c-1#2082,NA,NA,p.Ser315Trp,0.4131046584692221
urn:mavedb:00000068-c-1#2083,NA,NA,p.Ser315Val,0.4610511939109458
urn:mavedb:00000068-c-1#2084,NA,NA,p.Ser315Thr,0.4446657098137105
urn:mavedb:00000068-c-1#2085,NA,NA,p.Ser315Arg,0.9441896413012444
urn:mavedb:00000068-c-1#2086,NA,NA,p.Ser315Gln,0.8199937832691675
urn:mavedb:00000068-c-1#2087,NA,NA,p.Ser315Pro,0.13748459542610925
urn:mavedb:00000068-c-1#2088,NA,NA,p.Ser315Asn,1.1596190333278849
urn:mavedb:00000068-c-1#2089,NA,NA,p.Ser315Met,0.279137073379418
urn:mavedb:00000068-c-1#2090,NA,NA,p.Ser315Leu,-0.8537908446602449
urn:mavedb:00000068-c-1#2091,NA,NA,p.Ser315Lys,0.99715605693192
urn:mavedb:00000068-c-1#2092,NA,NA,p.Ser315Ile,0.30494042413047223
urn:mavedb:00000068-c-1#2093,NA,NA,p.Ser315His,-0.21478768454937744
urn:mavedb:00000068-c-1#2094,NA,NA,p.Ser315Gly,0.4962197227595094
urn:mavedb:00000068-c-1#2095,NA,NA,p.Ser315Phe,0.2797290157416468
urn:mavedb:00000068-c-1#2096,NA,NA,p.Ser315Glu,0.5057543673888467
urn:mavedb:00000068-c-1#2097,NA,NA,p.Ser315Asp,1.1002282267670032
urn:mavedb:00000068-c-1#2098,NA,NA,p.Ser315Cys,0.9476130678649328
urn:mavedb:00000068-c-1#2099,NA,NA,p.Ser315=,0.03892304716420788
urn:mavedb:00000068-c-1#2100,NA,NA,p.Leu289Pro,0.6447465991627886
urn:mavedb:00000068-c-1#2101,NA,NA,p.Leu289Asn,0.7527213057130565
urn:mavedb:00000068-c-1#2102,NA,NA,p.Leu289Met,0.8745226511734814
urn:mavedb:00000068-c-1#2103,NA,NA,p.Leu289Lys,0.3131526029669796
urn:mavedb:00000068-c-1#2104,NA,NA,p.Leu289Ile,0.6357734067356876
urn:mavedb:00000068-c-1#2105,NA,NA,p.Leu289His,0.6431283405273591
urn:mavedb:00000068-c-1#2106,NA,NA,p.Leu289Gly,0.9173638304275724
urn:mavedb:00000068-c-1#2107,NA,NA,p.Leu289Phe,0.4003629284661655
urn:mavedb:00000068-c-1#2108,NA,NA,p.Leu289Glu,0.7475529694944275
urn:mavedb:00000068-c-1#2109,NA,NA,p.Leu289Asp,0.5678119634701166
urn:mavedb:00000068-c-1#2110,NA,NA,p.Leu289Cys,0.7180162062231141
urn:mavedb:00000068-c-1#2111,NA,NA,p.Leu289=,0.6577730802768056
urn:mavedb:00000068-c-1#2112,NA,NA,p.Leu289Ala,0.8265132359471238
urn:mavedb:00000068-c-1#2113,NA,NA,p.Asn288Ter,-1.5219225022313827
urn:mavedb:00000068-c-1#2114,NA,NA,p.Asn288Tyr,0.5066915720287344
urn:mavedb:00000068-c-1#2115,NA,NA,p.Asn288Trp,0.6871928898352311
urn:mavedb:00000068-c-1#2116,NA,NA,p.Asn288Val,0.604139672241467
urn:mavedb:00000068-c-1#2117,NA,NA,p.Asn288Thr,0.78103415468113
urn:mavedb:00000068-c-1#2118,NA,NA,p.Asn288Ser,0.451541147308336
urn:mavedb:00000068-c-1#2119,NA,NA,p.Asn288Arg,0.5237895414450883
urn:mavedb:00000068-c-1#2120,NA,NA,p.Asn288Gln,0.44761153410028254
urn:mavedb:00000068-c-1#2121,NA,NA,p.Asn288Pro,1.1238738671035438
urn:mavedb:00000068-c-1#2122,NA,NA,p.Asn288Met,0.7922275863899112
urn:mavedb:00000068-c-1#2123,NA,NA,p.Asn288Leu,0.9077950924920988
urn:mavedb:00000068-c-1#2124,NA,NA,p.Asn288Lys,0.6833416402560287
urn:mavedb:00000068-c-1#2125,NA,NA,p.Asn288Ile,0.3617607748910607
urn:mavedb:00000068-c-1#2126,NA,NA,p.Glu287Leu,1.258926527564448
urn:mavedb:00000068-c-1#2127,NA,NA,p.Glu287Lys,0.3267755796869733
urn:mavedb:00000068-c-1#2128,NA,NA,p.Glu287Ile,0.9621674927648762
urn:mavedb:00000068-c-1#2129,NA,NA,p.Glu287His,0.8612177652452156
urn:mavedb:00000068-c-1#2130,NA,NA,p.Glu287Gly,0.8171461743248597
urn:mavedb:00000068-c-1#2131,NA,NA,p.Glu287Phe,0.9498421143853116
urn:mavedb:00000068-c-1#2132,NA,NA,p.Glu287Asp,0.5583945077483952
urn:mavedb:00000068-c-1#2133,NA,NA,p.Glu287Cys,0.8473226531622243
urn:mavedb:00000068-c-1#2134,NA,NA,p.Glu287=,0.19549128592624448
urn:mavedb:00000068-c-1#2135,NA,NA,p.Glu287Ala,0.961097184606764
urn:mavedb:00000068-c-1#2136,NA,NA,p.Glu286Ter,-0.6924449469075871
urn:mavedb:00000068-c-1#2137,NA,NA,p.Glu286Tyr,-1.4719790897159724
urn:mavedb:00000068-c-1#2138,NA,NA,p.Glu286Trp,-1.7514137283453648
urn:mavedb:00000068-c-1#2139,NA,NA,p.Glu286Val,-1.4131542327006397
urn:mavedb:00000068-c-1#2140,NA,NA,p.Glu286Thr,-1.6144135732721925
urn:mavedb:00000068-c-1#2141,NA,NA,p.Glu286Ser,-1.6858803332600247
urn:mavedb:00000068-c-1#2142,NA,NA,p.Glu286Arg,-1.9173180356431707
urn:mavedb:00000068-c-1#2143,NA,NA,p.Glu286Gln,-1.69539630348307
urn:mavedb:00000068-c-1#2144,NA,NA,p.Glu286Pro,-1.4517635846920869
urn:mavedb:00000068-c-1#2145,NA,NA,p.Glu286Asn,-1.7521886685371812
urn:mavedb:00000068-c-1#2146,NA,NA,p.Glu286Met,-1.6811363366328025
urn:mavedb:00000068-c-1#2147,NA,NA,p.Glu286Leu,-1.5767705466963933
urn:mavedb:00000068-c-1#2148,NA,NA,p.Glu286Lys,-1.4026263742522391
urn:mavedb:00000068-c-1#2149,NA,NA,p.Glu286Ile,-1.6785800917359641
urn:mavedb:00000068-c-1#2150,NA,NA,p.Glu286His,-1.5035708593530093
urn:mavedb:00000068-c-1#2151,NA,NA,p.Glu286Gly,-1.561467622908875
urn:mavedb:00000068-c-1#2152,NA,NA,p.Glu286Phe,-1.6725210530862142
urn:mavedb:00000068-c-1#2153,NA,NA,p.Glu286Asp,-0.7277801371706107
urn:mavedb:00000068-c-1#2154,NA,NA,p.Glu286Cys,-1.6370432871728233
urn:mavedb:00000068-c-1#2155,NA,NA,p.Glu286=,-0.21546952985742002
urn:mavedb:00000068-c-1#2156,NA,NA,p.Glu286Ala,-1.927176390442064
urn:mavedb:00000068-c-1#2157,NA,NA,p.Glu285Ter,-0.4777020821896794
urn:mavedb:00000068-c-1#2158,NA,NA,p.Glu285Tyr,-1.3614185165669788
urn:mavedb:00000068-c-1#2159,NA,NA,p.Glu285Trp,-1.6884151976156525
urn:mavedb:00000068-c-1#2160,NA,NA,p.Glu285Val,-1.2353344346629815
urn:mavedb:00000068-c-1#2161,NA,NA,p.Glu285Thr,-1.2419904212579134
urn:mavedb:00000068-c-1#2162,NA,NA,p.Glu285Ser,1.3300930747986095
urn:mavedb:00000068-c-1#2163,NA,NA,p.Glu285Arg,-1.6161541143981841
urn:mavedb:00000068-c-1#2164,NA,NA,p.Glu285Gln,0.8255292057237916
urn:mavedb:00000068-c-1#2165,NA,NA,p.Glu285Pro,-1.400297369544422
urn:mavedb:00000068-c-1#2166,NA,NA,p.Glu285Asn,-0.4659103149774602
urn:mavedb:00000068-c-1#2167,NA,NA,p.Glu285Met,1.1352296249392624
urn:mavedb:00000068-c-1#2168,NA,NA,p.Glu285Leu,-0.3302850295707065
urn:mavedb:00000068-c-1#2169,NA,NA,p.Glu285Lys,-1.49488273178482
urn:mavedb:00000068-c-1#2170,NA,NA,p.Glu285Ile,-1.3841841992319712
urn:mavedb:00000068-c-1#2171,NA,NA,p.Glu285His,1.2846981649207498
urn:mavedb:00000068-c-1#2172,NA,NA,p.Glu285Gly,0.2572420452508493
urn:mavedb:00000068-c-1#2173,NA,NA,p.Glu285Phe,0.3319156670420189
urn:mavedb:00000068-c-1#2174,NA,NA,p.Glu285Asp,0.581204040133353
urn:mavedb:00000068-c-1#2175,NA,NA,p.Glu285Cys,1.1127603365203769
urn:mavedb:00000068-c-1#2176,NA,NA,p.Glu285=,0.24590132729795325
urn:mavedb:00000068-c-1#2177,NA,NA,p.Glu285Ala,0.7231265583500222
urn:mavedb:00000068-c-1#2178,NA,NA,p.Thr284Ter,-1.9415616734800865
urn:mavedb:00000068-c-1#2179,NA,NA,p.Thr284Tyr,1.1474909553368446
urn:mavedb:00000068-c-1#2180,NA,NA,p.Thr284Trp,1.3748489962903585
urn:mavedb:00000068-c-1#2181,NA,NA,p.Thr284Val,1.377642620950937
urn:mavedb:00000068-c-1#2182,NA,NA,p.Thr284Ser,0.8761952828125511
urn:mavedb:00000068-c-1#2183,NA,NA,p.Thr284Arg,0.5144633620120274
urn:mavedb:00000068-c-1#2184,NA,NA,p.Thr284Gln,-0.4305197106175435
urn:mavedb:00000068-c-1#2185,NA,NA,p.Thr284Pro,-1.8688792428169303
urn:mavedb:00000068-c-1#2186,NA,NA,p.Thr284Asn,1.241950722397015
urn:mavedb:00000068-c-1#2187,NA,NA,p.Thr284Met,1.0995983720014235
urn:mavedb:00000068-c-1#2188,NA,NA,p.Thr284Leu,0.7295765903876875
urn:mavedb:00000068-c-1#2189,NA,NA,p.Thr284Lys,0.2563962478830899
urn:mavedb:00000068-c-1#2190,NA,NA,p.Thr284Ile,0.5626117805153462
urn:mavedb:00000068-c-1#2191,NA,NA,p.Thr284His,0.8527446738791941
urn:mavedb:00000068-c-1#2192,NA,NA,p.Thr284Gly,1.2818163410054702
urn:mavedb:00000068-c-1#2193,NA,NA,p.Thr284Phe,0.9557417446182009
urn:mavedb:00000068-c-1#2194,NA,NA,p.Thr284Glu,-2.053962435166632
urn:mavedb:00000068-c-1#2195,NA,NA,p.Thr284Asp,-1.576482318982755
urn:mavedb:00000068-c-1#2196,NA,NA,p.Thr284Cys,1.163086666291441
urn:mavedb:00000068-c-1#2197,NA,NA,p.Thr284=,0.059228615272075326
urn:mavedb:00000068-c-1#2198,NA,NA,p.Thr284Ala,0.6214795598511315
urn:mavedb:00000068-c-1#2199,NA,NA,p.Arg283Ter,-2.0054890158774463
urn:mavedb:00000068-c-1#2200,NA,NA,p.Arg283Tyr,0.7567731851169585
urn:mavedb:00000068-c-1#2201,NA,NA,p.Arg283Trp,0.4156816452906245
urn:mavedb:00000068-c-1#2202,NA,NA,p.Arg283Val,0.364354887447052
urn:mavedb:00000068-c-1#2203,NA,NA,p.Arg283Thr,0.2488129797384452
urn:mavedb:00000068-c-1#2204,NA,NA,p.Arg283Ser,0.19402353357343605
urn:mavedb:00000068-c-1#2205,NA,NA,p.Arg283Gln,0.4485015834209395
urn:mavedb:00000068-c-1#2206,NA,NA,p.Arg283Pro,-1.419456098578346
urn:mavedb:00000068-c-1#2207,NA,NA,p.Arg283Asn,0.340805459683861
urn:mavedb:00000068-c-1#2208,NA,NA,p.Arg283Met,-0.00904922849884099
urn:mavedb:00000068-c-1#2209,NA,NA,p.Arg283Leu,0.3265296830750943
urn:mavedb:00000068-c-1#2210,NA,NA,p.Arg283Lys,0.8116115631690548
urn:mavedb:00000068-c-1#2211,NA,NA,p.Arg283Ile,0.8751815728946278
urn:mavedb:00000068-c-1#2212,NA,NA,p.Arg283His,0.10815935860943043
urn:mavedb:00000068-c-1#2213,NA,NA,p.Arg283Gly,0.5170893874352195
urn:mavedb:00000068-c-1#2214,NA,NA,p.Arg283Phe,0.6441760781138841
urn:mavedb:00000068-c-1#2215,NA,NA,p.Arg283Glu,-0.5523269827428388
urn:mavedb:00000068-c-1#2216,NA,NA,p.Arg283Asp,-0.2612188732468673
urn:mavedb:00000068-c-1#2217,NA,NA,p.Arg283Cys,0.4327137127708793
urn:mavedb:00000068-c-1#2218,NA,NA,p.Arg283=,0.33221160652279536
urn:mavedb:00000068-c-1#2219,NA,NA,p.Arg283Ala,-0.9026579246689502
urn:mavedb:00000068-c-1#2220,NA,NA,p.Arg282Ter,-2.61701671455141
urn:mavedb:00000068-c-1#2221,NA,NA,p.Arg282Tyr,-1.4940711296604745
urn:mavedb:00000068-c-1#2222,NA,NA,p.Arg282Trp,-0.7571415765144042
urn:mavedb:00000068-c-1#2223,NA,NA,p.Arg282Val,0.10196871387361492
urn:mavedb:00000068-c-1#2224,NA,NA,p.Arg282Thr,-1.808697370249175
urn:mavedb:00000068-c-1#2225,NA,NA,p.Arg282Ser,-0.8186760066660281
urn:mavedb:00000068-c-1#2226,NA,NA,p.Arg282Gln,0.2061058037443084
urn:mavedb:00000068-c-1#2227,NA,NA,p.Arg282Pro,-1.8192358750160191
urn:mavedb:00000068-c-1#2228,NA,NA,p.Arg282Asn,-1.6936101318825882
urn:mavedb:00000068-c-1#2229,NA,NA,p.Arg282Met,0.6840643537765669
urn:mavedb:00000068-c-1#2230,NA,NA,p.Arg282Leu,0.5666055807169879
urn:mavedb:00000068-c-1#2231,NA,NA,p.Arg282Lys,0.7486483520200361
urn:mavedb:00000068-c-1#2232,NA,NA,p.Arg282Ile,0.965706099540288
urn:mavedb:00000068-c-1#2233,NA,NA,p.Arg282His,-1.7667441541058635
urn:mavedb:00000068-c-1#2234,NA,NA,p.Arg282Gly,-1.1700823577405843
urn:mavedb:00000068-c-1#2235,NA,NA,p.Arg282Phe,-1.5941265819645856
urn:mavedb:00000068-c-1#2236,NA,NA,p.Arg282Glu,-1.4821608491123706
urn:mavedb:00000068-c-1#2237,NA,NA,p.Arg282Asp,-1.873820847154496
urn:mavedb:00000068-c-1#2238,NA,NA,p.Arg282Cys,0.8349952891099325
urn:mavedb:00000068-c-1#2239,NA,NA,p.Arg282=,0.2600593108461979
urn:mavedb:00000068-c-1#2240,NA,NA,p.Arg282Ala,0.6805946868759725
urn:mavedb:00000068-c-1#2241,NA,NA,p.Asp281Ter,-1.143656133053356
urn:mavedb:00000068-c-1#2242,NA,NA,p.Asp281Tyr,-1.1627464670138663
urn:mavedb:00000068-c-1#2243,NA,NA,p.Asp281Trp,-2.045104439753615
urn:mavedb:00000068-c-1#2244,NA,NA,p.Asp281Val,-1.5301841230975182
urn:mavedb:00000068-c-1#2245,NA,NA,p.Asp281Thr,-2.139328861696306
urn:mavedb:00000068-c-1#2246,NA,NA,p.Asp281Ser,-1.799055095361054
urn:mavedb:00000068-c-1#2247,NA,NA,p.Asp281Arg,-1.9233214206464344
urn:mavedb:00000068-c-1#2248,NA,NA,p.Asp281Gln,-2.3952756219753386
urn:mavedb:00000068-c-1#2249,NA,NA,p.Asp281Pro,-1.9349894425733647
urn:mavedb:00000068-c-1#2250,NA,NA,p.Asp281Asn,-1.6051165572700752
urn:mavedb:00000068-c-1#2251,NA,NA,p.Asp281Met,-1.924202276661796
urn:mavedb:00000068-c-1#2252,NA,NA,p.Asp281Leu,-1.7844499818892061
urn:mavedb:00000068-c-1#2253,NA,NA,p.Asp281Lys,-1.84802877357454
urn:mavedb:00000068-c-1#2254,NA,NA,p.Asp281Ile,-2.0680486890800727
urn:mavedb:00000068-c-1#2255,NA,NA,p.Asp281His,-1.8331244174960943
urn:mavedb:00000068-c-1#2256,NA,NA,p.Asp281Gly,-1.0103842744479925
urn:mavedb:00000068-c-1#2257,NA,NA,p.Asp281Phe,-2.1438967355515275
urn:mavedb:00000068-c-1#2258,NA,NA,p.Asp281Glu,-0.5580871825638001
urn:mavedb:00000068-c-1#2259,NA,NA,p.Asp281Cys,-1.9872462549739125
urn:mavedb:00000068-c-1#2260,NA,NA,p.Asp281=,0.4913302455295882
urn:mavedb:00000068-c-1#2261,NA,NA,p.Asp281Ala,-1.7536360224097831
urn:mavedb:00000068-c-1#2262,NA,NA,p.Arg280Ter,-1.4089823192354964
urn:mavedb:00000068-c-1#2263,NA,NA,p.Arg280Tyr,-2.029161118355097
urn:mavedb:00000068-c-1#2264,NA,NA,p.Arg280Trp,-1.9334465440737203
urn:mavedb:00000068-c-1#2265,NA,NA,p.Arg280Val,-1.882458045958286
urn:mavedb:00000068-c-1#2266,NA,NA,p.Arg280Thr,-1.70601817013387
urn:mavedb:00000068-c-1#2267,NA,NA,p.Arg280Ser,-1.1808299880110953
urn:mavedb:00000068-c-1#2268,NA,NA,p.Arg280Gln,-2.265491291566237
urn:mavedb:00000068-c-1#2269,NA,NA,p.Arg280Pro,-2.4275202653090138
urn:mavedb:00000068-c-1#2270,NA,NA,p.Arg280Asn,-1.6154229999740328
urn:mavedb:00000068-c-1#2271,NA,NA,p.Arg280Met,-1.7810061584608268
urn:mavedb:00000068-c-1#2272,NA,NA,p.Arg280Leu,-1.8821678284216776
urn:mavedb:00000068-c-1#2273,NA,NA,p.Arg280Lys,-1.5688106213355797
urn:mavedb:00000068-c-1#2274,NA,NA,p.Arg280Ile,-1.0014842222512403
urn:mavedb:00000068-c-1#2275,NA,NA,p.Arg280His,-1.9340540521256864
urn:mavedb:00000068-c-1#2276,NA,NA,p.Arg280Gly,-1.2143134089446157
urn:mavedb:00000068-c-1#2277,NA,NA,p.Arg280Phe,-1.797128295852277
urn:mavedb:00000068-c-1#2278,NA,NA,p.Arg280Glu,-1.7159202691848778
urn:mavedb:00000068-c-1#2279,NA,NA,p.Arg280Asp,-1.9715798887687976
urn:mavedb:00000068-c-1#2280,NA,NA,p.Arg280Cys,-1.5526526755988157
urn:mavedb:00000068-c-1#2281,NA,NA,p.Arg280=,0.09601041414392107
urn:mavedb:00000068-c-1#2282,NA,NA,p.Arg280Ala,-1.9908735707943317
urn:mavedb:00000068-c-1#2283,NA,NA,p.Gly279Ter,-2.162461781922869
urn:mavedb:00000068-c-1#2284,NA,NA,p.Gly279Tyr,0.4505888035932325
urn:mavedb:00000068-c-1#2285,NA,NA,p.Gly279Trp,0.014454087938902137
urn:mavedb:00000068-c-1#2286,NA,NA,p.Gly279Val,0.5193419246812296
urn:mavedb:00000068-c-1#2287,NA,NA,p.Gly279Thr,0.558855363020339
urn:mavedb:00000068-c-1#2288,NA,NA,p.Gly279Ser,0.5939446687072669
urn:mavedb:00000068-c-1#2289,NA,NA,p.Gly279Arg,0.2878920951892131
urn:mavedb:00000068-c-1#2290,NA,NA,p.Gly279Gln,0.9261808471084952
urn:mavedb:00000068-c-1#2291,NA,NA,p.Gly279Pro,-0.309523240981364
urn:mavedb:00000068-c-1#2292,NA,NA,p.Gly279Asn,0.7760176079687734
urn:mavedb:00000068-c-1#2293,NA,NA,p.Gly279Met,0.5070505344615838
urn:mavedb:00000068-c-1#2294,NA,NA,p.Gly279Leu,0.7112229770020849
urn:mavedb:00000068-c-1#2295,NA,NA,p.Gly279Lys,0.09527446165857252
urn:mavedb:00000068-c-1#2296,NA,NA,p.Gly279Ile,0.9961409520393584
urn:mavedb:00000068-c-1#2297,NA,NA,p.Gly279His,1.018043698055334
urn:mavedb:00000068-c-1#2298,NA,NA,p.Gly279Phe,0.8977106367306399
urn:mavedb:00000068-c-1#2299,NA,NA,p.Gly279Glu,-1.0877053615151675
urn:mavedb:00000068-c-1#2300,NA,NA,p.Gly279Asp,-1.5540037139102123
urn:mavedb:00000068-c-1#2301,NA,NA,p.Gly279Cys,0.7354400173288397
urn:mavedb:00000068-c-1#2302,NA,NA,p.Gly279=,-0.33923936653203657
urn:mavedb:00000068-c-1#2303,NA,NA,p.Gly279Ala,0.7430711153179067
urn:mavedb:00000068-c-1#2304,NA,NA,p.Pro278Ter,-2.613900955634968
urn:mavedb:00000068-c-1#2305,NA,NA,p.Pro278Tyr,-2.4439752263523538
urn:mavedb:00000068-c-1#2306,NA,NA,p.Pro278Trp,-1.8721790722660523
urn:mavedb:00000068-c-1#2307,NA,NA,p.Pro278Val,-2.0480884831506105
urn:mavedb:00000068-c-1#2308,NA,NA,p.Pro278Thr,-0.8301139568285675
urn:mavedb:00000068-c-1#2309,NA,NA,p.Pro278Ser,-1.4729136384437451
urn:mavedb:00000068-c-1#2310,NA,NA,p.Pro278Arg,-1.5114950987499114
urn:mavedb:00000068-c-1#2311,NA,NA,p.Pro278Gln,-1.57489100706787
urn:mavedb:00000068-c-1#2312,NA,NA,p.Pro278Asn,-1.799827148636667
urn:mavedb:00000068-c-1#2313,NA,NA,p.Pro278Met,-1.5656764720271974
urn:mavedb:00000068-c-1#2314,NA,NA,p.Pro278Leu,-1.4366645255664192
urn:mavedb:00000068-c-1#2315,NA,NA,p.Pro278Lys,-2.1605794743551763
urn:mavedb:00000068-c-1#2316,NA,NA,p.Thr304Arg,0.4936315479221554
urn:mavedb:00000068-c-1#2317,NA,NA,p.Thr304Gln,0.5352346690375651
urn:mavedb:00000068-c-1#2318,NA,NA,p.Thr304Pro,-0.15264578227223793
urn:mavedb:00000068-c-1#2319,NA,NA,p.Thr304Asn,0.32705303880546305
urn:mavedb:00000068-c-1#2320,NA,NA,p.Thr304Met,-0.20388188780449407
urn:mavedb:00000068-c-1#2321,NA,NA,p.Thr304Leu,-0.5854767961943941
urn:mavedb:00000068-c-1#2322,NA,NA,p.Thr304Lys,0.4919993568791413
urn:mavedb:00000068-c-1#2323,NA,NA,p.Thr304Ile,0.1972284839196273
urn:mavedb:00000068-c-1#2324,NA,NA,p.Thr304His,-0.2979973299245968
urn:mavedb:00000068-c-1#2325,NA,NA,p.Thr304Gly,0.7702343437777367
urn:mavedb:00000068-c-1#2326,NA,NA,p.Thr304Phe,0.9375760486966924
urn:mavedb:00000068-c-1#2327,NA,NA,p.Thr304Glu,0.06683231072796927
urn:mavedb:00000068-c-1#2328,NA,NA,p.Thr304Asp,0.5553835949925793
urn:mavedb:00000068-c-1#2329,NA,NA,p.Thr304Cys,0.2043381828757077
urn:mavedb:00000068-c-1#2330,NA,NA,p.Thr304=,0.3728189274623953
urn:mavedb:00000068-c-1#2331,NA,NA,p.Thr304Ala,0.2068883924721723
urn:mavedb:00000068-c-1#2332,NA,NA,p.Ser303Ter,-1.6275470163068946
urn:mavedb:00000068-c-1#2333,NA,NA,p.Ser303Tyr,0.558543024965332
urn:mavedb:00000068-c-1#2334,NA,NA,p.Ser303Trp,0.8999568929854728
urn:mavedb:00000068-c-1#2335,NA,NA,p.Ser303Val,0.555929205710723
urn:mavedb:00000068-c-1#2336,NA,NA,p.Ser303Thr,-0.29817331696602484
urn:mavedb:00000068-c-1#2337,NA,NA,p.Ser303Arg,0.5300812608334088
urn:mavedb:00000068-c-1#2338,NA,NA,p.Ser303Gln,0.7422246667446664
urn:mavedb:00000068-c-1#2339,NA,NA,p.Ser303Pro,0.18338911668818186
urn:mavedb:00000068-c-1#2340,NA,NA,p.Ser303Asn,0.5459472535475929
urn:mavedb:00000068-c-1#2341,NA,NA,p.Ser303Met,-0.1585983983503735
urn:mavedb:00000068-c-1#2342,NA,NA,p.Ser303Leu,0.4976052437526474
urn:mavedb:00000068-c-1#2343,NA,NA,p.Ser303Lys,0.8246682645356488
urn:mavedb:00000068-c-1#2344,NA,NA,p.Ser303Ile,0.6013579329460109
urn:mavedb:00000068-c-1#2345,NA,NA,p.Ser303His,0.2746313493813762
urn:mavedb:00000068-c-1#2346,NA,NA,p.Ser303Gly,0.3449578621270391
urn:mavedb:00000068-c-1#2347,NA,NA,p.Ser303Phe,0.5940230440625819
urn:mavedb:00000068-c-1#2348,NA,NA,p.Ser303Glu,-0.7024756309465315
urn:mavedb:00000068-c-1#2349,NA,NA,p.Ser303Asp,0.119040693407491
urn:mavedb:00000068-c-1#2350,NA,NA,p.Ser303Cys,0.848742186496317
urn:mavedb:00000068-c-1#2351,NA,NA,p.Ser303=,0.7827135951219752
urn:mavedb:00000068-c-1#2352,NA,NA,p.Ser303Ala,-1.142276404703727
urn:mavedb:00000068-c-1#2353,NA,NA,p.Gly302Ter,-1.593386268909606
urn:mavedb:00000068-c-1#2354,NA,NA,p.Gly302Tyr,0.7660829311018424
urn:mavedb:00000068-c-1#2355,NA,NA,p.Gly302Trp,0.5833708809318955
urn:mavedb:00000068-c-1#2356,NA,NA,p.Gly302Val,0.575205169225126
urn:mavedb:00000068-c-1#2357,NA,NA,p.Gly302Thr,0.4367240713793583
urn:mavedb:00000068-c-1#2358,NA,NA,p.Gly302Ser,0.1461666003309824
urn:mavedb:00000068-c-1#2359,NA,NA,p.Gly302Arg,0.003836367654985736
urn:mavedb:00000068-c-1#2360,NA,NA,p.Gly302Gln,0.24499897322233005
urn:mavedb:00000068-c-1#2361,NA,NA,p.Gly302Pro,1.125045067426742
urn:mavedb:00000068-c-1#2362,NA,NA,p.Gly302Asn,1.3153099280563856
urn:mavedb:00000068-c-1#2363,NA,NA,p.Gly302Met,0.5409361386347307
urn:mavedb:00000068-c-1#2364,NA,NA,p.Gly302Leu,0.5841140275769232
urn:mavedb:00000068-c-1#2365,NA,NA,p.Gly302Lys,0.06846500850200776
urn:mavedb:00000068-c-1#2366,NA,NA,p.Gly302Ile,0.8673312207286149
urn:mavedb:00000068-c-1#2367,NA,NA,p.Gly302His,0.3142120930402725
urn:mavedb:00000068-c-1#2368,NA,NA,p.Gly302Phe,0.8819720506787944
urn:mavedb:00000068-c-1#2369,NA,NA,p.Gly302Glu,0.18726984220856266
urn:mavedb:00000068-c-1#2370,NA,NA,p.Gly302Asp,0.09753744335736936
urn:mavedb:00000068-c-1#2371,NA,NA,p.Gly302Cys,0.6400532268592144
urn:mavedb:00000068-c-1#2372,NA,NA,p.Gly302=,-0.10136481844736113
urn:mavedb:00000068-c-1#2373,NA,NA,p.Gly302Ala,0.3998717463467838
urn:mavedb:00000068-c-1#2374,NA,NA,p.Pro301Ter,-1.7280892485664952
urn:mavedb:00000068-c-1#2375,NA,NA,p.Pro301Tyr,-0.049208778634853005
urn:mavedb:00000068-c-1#2376,NA,NA,p.Pro301Trp,-0.07586322077475352
urn:mavedb:00000068-c-1#2377,NA,NA,p.Pro301Val,-0.08087943715204222
urn:mavedb:00000068-c-1#2378,NA,NA,p.Pro301Thr,0.2483982958281272
urn:mavedb:00000068-c-1#2379,NA,NA,p.Pro301Ser,-0.0938180686051039
urn:mavedb:00000068-c-1#2380,NA,NA,p.Pro301Arg,-0.4467154650578392
urn:mavedb:00000068-c-1#2381,NA,NA,p.Pro301Gln,-0.8984862891844038
urn:mavedb:00000068-c-1#2382,NA,NA,p.Pro301Asn,0.060711530882219214
urn:mavedb:00000068-c-1#2383,NA,NA,p.Pro301Met,-0.012133114790882787
urn:mavedb:00000068-c-1#2384,NA,NA,p.Pro301Leu,-0.02468143452708193
urn:mavedb:00000068-c-1#2385,NA,NA,p.Pro301Lys,-0.5001647202859921
urn:mavedb:00000068-c-1#2386,NA,NA,p.Pro301Ile,0.3660113922105373
urn:mavedb:00000068-c-1#2387,NA,NA,p.Pro301His,0.01678284561987061
urn:mavedb:00000068-c-1#2388,NA,NA,p.Pro301Gly,-0.12679540699478598
urn:mavedb:00000068-c-1#2389,NA,NA,p.Pro301Phe,0.21184030408045054
urn:mavedb:00000068-c-1#2390,NA,NA,p.Pro301Glu,-0.5825642246130844
urn:mavedb:00000068-c-1#2391,NA,NA,p.Pro301Asp,0.0906255998141644
urn:mavedb:00000068-c-1#2392,NA,NA,p.Pro301Cys,-0.10645253218556328
urn:mavedb:00000068-c-1#2393,NA,NA,p.Pro301=,-0.3976037983368397
urn:mavedb:00000068-c-1#2394,NA,NA,p.Pro301Ala,-0.049895413104810465
urn:mavedb:00000068-c-1#2395,NA,NA,p.Pro300Ter,-1.7289789219289935
urn:mavedb:00000068-c-1#2396,NA,NA,p.Pro300Tyr,0.2471012526455379
urn:mavedb:00000068-c-1#2397,NA,NA,p.Pro300Trp,0.23594389002443614
urn:mavedb:00000068-c-1#2398,NA,NA,p.Pro300Val,0.1281298929402214
urn:mavedb:00000068-c-1#2399,NA,NA,p.Pro300Thr,0.3527353426596081
urn:mavedb:00000068-c-1#2400,NA,NA,p.Pro300Ser,0.3403327419823827
urn:mavedb:00000068-c-1#2401,NA,NA,p.Pro300Arg,-0.21690481288065105
urn:mavedb:00000068-c-1#2402,NA,NA,p.Pro300Gln,-0.19652452379628885
urn:mavedb:00000068-c-1#2403,NA,NA,p.Pro300Asn,0.13662616761895474
urn:mavedb:00000068-c-1#2404,NA,NA,p.Pro300Met,0.2685402316700958
urn:mavedb:00000068-c-1#2405,NA,NA,p.Pro300Leu,0.19742800917490946
urn:mavedb:00000068-c-1#2406,NA,NA,p.Pro300Lys,0.04622633020552908
urn:mavedb:00000068-c-1#2407,NA,NA,p.Pro300Ile,0.2823469952556276
urn:mavedb:00000068-c-1#2408,NA,NA,p.Pro300His,0.3524961535685934
urn:mavedb:00000068-c-1#2409,NA,NA,p.Pro300Gly,0.7493275627950713
urn:mavedb:00000068-c-1#2410,NA,NA,p.Pro300Phe,0.292272531328594
urn:mavedb:00000068-c-1#2411,NA,NA,p.Pro300Glu,0.2413126208508909
urn:mavedb:00000068-c-1#2412,NA,NA,p.Pro300Asp,-0.0615091312468632
urn:mavedb:00000068-c-1#2413,NA,NA,p.Pro300Cys,0.0947812916542893
urn:mavedb:00000068-c-1#2414,NA,NA,p.Pro300=,0.2019613422182384
urn:mavedb:00000068-c-1#2415,NA,NA,p.Pro300Ala,-0.92711167983713
urn:mavedb:00000068-c-1#2416,NA,NA,p.Leu299Ter,-2.1352011725504467
urn:mavedb:00000068-c-1#2417,NA,NA,p.Leu299Tyr,0.05817436690052321
urn:mavedb:00000068-c-1#2418,NA,NA,p.Leu299Trp,0.3951306722282287
urn:mavedb:00000068-c-1#2419,NA,NA,p.Leu299Val,0.13702411524430372
urn:mavedb:00000068-c-1#2420,NA,NA,p.Leu299Thr,-0.025807645380075902
urn:mavedb:00000068-c-1#2421,NA,NA,p.Leu299Ser,-0.2887482110053929
urn:mavedb:00000068-c-1#2422,NA,NA,p.Leu299Arg,0.3402180128514957
urn:mavedb:00000068-c-1#2423,NA,NA,p.Leu299Gln,0.17246418655177667
urn:mavedb:00000068-c-1#2424,NA,NA,p.Leu299Pro,-0.01876681782917511
urn:mavedb:00000068-c-1#2425,NA,NA,p.Leu299Asn,-0.2013744525494717
urn:mavedb:00000068-c-1#2426,NA,NA,p.Leu299Met,0.4425174117791461
urn:mavedb:00000068-c-1#2427,NA,NA,p.Leu299Lys,-0.4918143244091064
urn:mavedb:00000068-c-1#2428,NA,NA,p.Leu299Ile,0.6224635504173062
urn:mavedb:00000068-c-1#2429,NA,NA,p.Leu299His,0.16335665618434447
urn:mavedb:00000068-c-1#2430,NA,NA,p.Leu299Gly,-0.059221486408411926
urn:mavedb:00000068-c-1#2431,NA,NA,p.Leu299Phe,0.4802882976691481
urn:mavedb:00000068-c-1#2432,NA,NA,p.Leu299Glu,0.1098463243524918
urn:mavedb:00000068-c-1#2433,NA,NA,p.Leu299Asp,0.010170361985316505
urn:mavedb:00000068-c-1#2434,NA,NA,p.Leu299Cys,-0.6836397618939738
urn:mavedb:00000068-c-1#2435,NA,NA,p.Leu299=,0.2494589029132509
urn:mavedb:00000068-c-1#2436,NA,NA,p.Leu299Ala,-0.36621199056189785
urn:mavedb:00000068-c-1#2437,NA,NA,p.Glu298Ter,-0.5234172308383783
urn:mavedb:00000068-c-1#2438,NA,NA,p.Glu298Tyr,0.4028710229087434
urn:mavedb:00000068-c-1#2439,NA,NA,p.Glu298Trp,0.5640082165068593
urn:mavedb:00000068-c-1#2440,NA,NA,p.Glu298Val,0.5700297249463049
urn:mavedb:00000068-c-1#2441,NA,NA,p.Glu298Thr,0.3034481524091021
urn:mavedb:00000068-c-1#2442,NA,NA,p.Glu298Ser,-0.5253578589272504
urn:mavedb:00000068-c-1#2443,NA,NA,p.Glu298Arg,-0.2653135595803813
urn:mavedb:00000068-c-1#2444,NA,NA,p.Pro278Ile,-1.6637465237515665
urn:mavedb:00000068-c-1#2445,NA,NA,p.Pro278His,-0.8165421735793199
urn:mavedb:00000068-c-1#2446,NA,NA,p.Pro278Gly,-1.948083951210224
urn:mavedb:00000068-c-1#2447,NA,NA,p.Pro278Phe,-1.7717909671718626
urn:mavedb:00000068-c-1#2448,NA,NA,p.Pro278Glu,-1.7803784689028643
urn:mavedb:00000068-c-1#2449,NA,NA,p.Pro278Asp,-1.9254753920507304
urn:mavedb:00000068-c-1#2450,NA,NA,p.Pro278Cys,-1.658385024396363
urn:mavedb:00000068-c-1#2451,NA,NA,p.Pro278=,0.20793951974608854
urn:mavedb:00000068-c-1#2452,NA,NA,p.Pro278Ala,-1.7477991761657623
urn:mavedb:00000068-c-1#2453,NA,NA,p.Cys277Ter,-0.6080144816726388
urn:mavedb:00000068-c-1#2454,NA,NA,p.Cys277Tyr,-0.7786819626107954
urn:mavedb:00000068-c-1#2455,NA,NA,p.Cys277Trp,-0.0502320628573528
urn:mavedb:00000068-c-1#2456,NA,NA,p.Cys277Val,0.04799869877423993
urn:mavedb:00000068-c-1#2457,NA,NA,p.Cys277Thr,-1.8736744665121643
urn:mavedb:00000068-c-1#2458,NA,NA,p.Cys277Ser,-0.27159295542002065
urn:mavedb:00000068-c-1#2459,NA,NA,p.Cys277Arg,0.2259872072963485
urn:mavedb:00000068-c-1#2460,NA,NA,p.Cys277Gln,0.9281520595894844
urn:mavedb:00000068-c-1#2461,NA,NA,p.Cys277Pro,-1.7447738766522152
urn:mavedb:00000068-c-1#2462,NA,NA,p.Cys277Asn,1.3496918552024153
urn:mavedb:00000068-c-1#2463,NA,NA,p.Cys277Met,0.7558820834080319
urn:mavedb:00000068-c-1#2464,NA,NA,p.Cys277Leu,0.06342751494880583
urn:mavedb:00000068-c-1#2465,NA,NA,p.Cys277Lys,-0.7746965295027295
urn:mavedb:00000068-c-1#2466,NA,NA,p.Cys277Ile,1.298893578805883
urn:mavedb:00000068-c-1#2467,NA,NA,p.Cys277His,-1.189429585770464
urn:mavedb:00000068-c-1#2468,NA,NA,p.Cys277Gly,-1.199551738466324
urn:mavedb:00000068-c-1#2469,NA,NA,p.Cys277Phe,-0.7323980174669996
urn:mavedb:00000068-c-1#2470,NA,NA,p.Asp259Ter,-1.5091063335642052
urn:mavedb:00000068-c-1#2471,NA,NA,p.Asp259Tyr,-0.7338246827701991
urn:mavedb:00000068-c-1#2472,NA,NA,p.Asp259Trp,-1.5132705790702925
urn:mavedb:00000068-c-1#2473,NA,NA,p.Asp259Val,-1.3977502247350142
urn:mavedb:00000068-c-1#2474,NA,NA,p.Asp259Thr,-0.07239111672984003
urn:mavedb:00000068-c-1#2475,NA,NA,p.Asp259Ser,0.5331127184840038
urn:mavedb:00000068-c-1#2476,NA,NA,p.Asp259Arg,-1.471568274036623
urn:mavedb:00000068-c-1#2477,NA,NA,p.Asp259Gln,-1.5587377003510647
urn:mavedb:00000068-c-1#2478,NA,NA,p.Asp259Pro,-1.8303208513091351
urn:mavedb:00000068-c-1#2479,NA,NA,p.Asp259Asn,0.15835195040312988
urn:mavedb:00000068-c-1#2480,NA,NA,p.Asp259Met,-2.059507452570372
urn:mavedb:00000068-c-1#2481,NA,NA,p.Asp259Leu,-2.2390634856093907
urn:mavedb:00000068-c-1#2482,NA,NA,p.Asp259Lys,-1.5027761350634403
urn:mavedb:00000068-c-1#2483,NA,NA,p.Asp259Ile,-1.6444935573751476
urn:mavedb:00000068-c-1#2484,NA,NA,p.Asp259His,0.272836759038533
urn:mavedb:00000068-c-1#2485,NA,NA,p.Asp259Gly,0.30001469830908456
urn:mavedb:00000068-c-1#2486,NA,NA,p.Asp259Phe,-1.7309417610393267
urn:mavedb:00000068-c-1#2487,NA,NA,p.Asp259Glu,0.4456069880386886
urn:mavedb:00000068-c-1#2488,NA,NA,p.Asp259Cys,-0.2039975535087327
urn:mavedb:00000068-c-1#2489,NA,NA,p.Asp259=,0.4024710974482657
urn:mavedb:00000068-c-1#2490,NA,NA,p.Asp259Ala,0.06304663343773309
urn:mavedb:00000068-c-1#2491,NA,NA,p.Glu258Ter,0.015677062572461254
urn:mavedb:00000068-c-1#2492,NA,NA,p.Glu258Tyr,-1.5965077375324506
urn:mavedb:00000068-c-1#2493,NA,NA,p.Glu258Trp,-1.8279027734089552
urn:mavedb:00000068-c-1#2494,NA,NA,p.Glu258Val,-0.6890352240970103
urn:mavedb:00000068-c-1#2495,NA,NA,p.Glu258Thr,-0.992897470768972
urn:mavedb:00000068-c-1#2496,NA,NA,p.Glu258Ser,-1.9227942066153092
urn:mavedb:00000068-c-1#2497,NA,NA,p.Glu258Arg,-2.1592701473902163
urn:mavedb:00000068-c-1#2498,NA,NA,p.Glu258Gln,-1.385773706602061
urn:mavedb:00000068-c-1#2499,NA,NA,p.Glu258Pro,-1.644760461306532
urn:mavedb:00000068-c-1#2500,NA,NA,p.Glu258Asn,-1.0983552807239323
urn:mavedb:00000068-c-1#2501,NA,NA,p.Glu258Met,-1.7217221101055802
urn:mavedb:00000068-c-1#2502,NA,NA,p.Glu258Leu,-1.300577724188782
urn:mavedb:00000068-c-1#2503,NA,NA,p.Glu258Lys,-1.2868151726356554
urn:mavedb:00000068-c-1#2504,NA,NA,p.Glu258Ile,-1.2184095261949834
urn:mavedb:00000068-c-1#2505,NA,NA,p.Glu258His,-1.443924711440067
urn:mavedb:00000068-c-1#2506,NA,NA,p.Glu258Gly,-1.053651161439446
urn:mavedb:00000068-c-1#2507,NA,NA,p.Glu258Phe,-1.20860185429362
urn:mavedb:00000068-c-1#2508,NA,NA,p.Glu258Asp,-0.6788800009895006
urn:mavedb:00000068-c-1#2509,NA,NA,p.Glu258Cys,-2.2059383993591024
urn:mavedb:00000068-c-1#2510,NA,NA,p.Glu258=,0.3255996180415959
urn:mavedb:00000068-c-1#2511,NA,NA,p.Glu258Ala,-1.1893649223347933
urn:mavedb:00000068-c-1#2512,NA,NA,p.Leu257Ter,-1.7723368215742303
urn:mavedb:00000068-c-1#2513,NA,NA,p.Leu257Tyr,-1.779759477258651
urn:mavedb:00000068-c-1#2514,NA,NA,p.Leu257Trp,-1.665422410592154
urn:mavedb:00000068-c-1#2515,NA,NA,p.Leu257Val,-0.8584457756619349
urn:mavedb:00000068-c-1#2516,NA,NA,p.Leu257Thr,-1.7000137487621176
urn:mavedb:00000068-c-1#2517,NA,NA,p.Leu257Ser,-1.5795717204612412
urn:mavedb:00000068-c-1#2518,NA,NA,p.Leu257Arg,-1.1994717928330016
urn:mavedb:00000068-c-1#2519,NA,NA,p.Leu257Gln,-0.7525367918740591
urn:mavedb:00000068-c-1#2520,NA,NA,p.Leu257Pro,-1.2515085411923923
urn:mavedb:00000068-c-1#2521,NA,NA,p.Leu257Asn,-2.2489601331132114
urn:mavedb:00000068-c-1#2522,NA,NA,p.Leu257Met,0.4903588226534902
urn:mavedb:00000068-c-1#2523,NA,NA,p.Leu257Lys,-2.376601718110752
urn:mavedb:00000068-c-1#2524,NA,NA,p.Leu257Ile,1.0219872152626492
urn:mavedb:00000068-c-1#2525,NA,NA,p.Leu257His,-1.5930779513161135
urn:mavedb:00000068-c-1#2526,NA,NA,p.Leu257Gly,-2.1731890900157365
urn:mavedb:00000068-c-1#2527,NA,NA,p.Leu257Phe,-1.4321308234973065
urn:mavedb:00000068-c-1#2528,NA,NA,p.Leu257Glu,-1.4138350460010438
urn:mavedb:00000068-c-1#2529,NA,NA,p.Leu257Asp,-2.618939926079513
urn:mavedb:00000068-c-1#2530,NA,NA,p.Leu257Cys,-1.9495354108936715
urn:mavedb:00000068-c-1#2531,NA,NA,p.Leu257=,0.2660616447254158
urn:mavedb:00000068-c-1#2532,NA,NA,p.Leu257Ala,-2.5332069759993456
urn:mavedb:00000068-c-1#2533,NA,NA,p.Thr256Ter,-2.654078006971712
urn:mavedb:00000068-c-1#2534,NA,NA,p.Thr256Tyr,0.7852853106647174
urn:mavedb:00000068-c-1#2535,NA,NA,p.Thr256Trp,-1.5171007703251718
urn:mavedb:00000068-c-1#2536,NA,NA,p.Thr256Val,0.19969744564389352
urn:mavedb:00000068-c-1#2537,NA,NA,p.Thr256Ser,0.6543168830839605
urn:mavedb:00000068-c-1#2538,NA,NA,p.Thr256Arg,0.5849381054369049
urn:mavedb:00000068-c-1#2539,NA,NA,p.Thr256Gln,0.9169246881351936
urn:mavedb:00000068-c-1#2540,NA,NA,p.Thr256Pro,-0.3102770414180126
urn:mavedb:00000068-c-1#2541,NA,NA,p.Thr256Asn,0.538936734706944
urn:mavedb:00000068-c-1#2542,NA,NA,p.Thr256Met,1.0515209125830391
urn:mavedb:00000068-c-1#2543,NA,NA,p.Thr256Leu,0.23043117644956465
urn:mavedb:00000068-c-1#2544,NA,NA,p.Thr256Lys,0.029321838826505818
urn:mavedb:00000068-c-1#2545,NA,NA,p.Thr256Ile,0.3032559050530985
urn:mavedb:00000068-c-1#2546,NA,NA,p.Thr256His,-0.6095363819047496
urn:mavedb:00000068-c-1#2547,NA,NA,p.Thr256Gly,-2.3790301385500072
urn:mavedb:00000068-c-1#2548,NA,NA,p.Thr256Phe,-0.2844198136587144
urn:mavedb:00000068-c-1#2549,NA,NA,p.Thr256Glu,0.228889037124772
urn:mavedb:00000068-c-1#2550,NA,NA,p.Thr256Asp,0.9481404653934578
urn:mavedb:00000068-c-1#2551,NA,NA,p.Thr256Cys,1.3563932040868931
urn:mavedb:00000068-c-1#2552,NA,NA,p.Thr256=,0.15920744015685168
urn:mavedb:00000068-c-1#2553,NA,NA,p.Thr256Ala,0.3186769897239813
urn:mavedb:00000068-c-1#2554,NA,NA,p.Ile255Ter,-2.173949067511315
urn:mavedb:00000068-c-1#2555,NA,NA,p.Ile255Tyr,-2.249782025883917
urn:mavedb:00000068-c-1#2556,NA,NA,p.Ile255Trp,-2.116878368086692
urn:mavedb:00000068-c-1#2557,NA,NA,p.Ile255Val,0.4436644153291748
urn:mavedb:00000068-c-1#2558,NA,NA,p.Ile255Thr,-0.8088221365011037
urn:mavedb:00000068-c-1#2559,NA,NA,p.Ile255Ser,-1.328251779294283
urn:mavedb:00000068-c-1#2560,NA,NA,p.Ile255Arg,-2.289411970881584
urn:mavedb:00000068-c-1#2561,NA,NA,p.Ile255Gln,-1.1658248505425963
urn:mavedb:00000068-c-1#2562,NA,NA,p.Ile255Pro,-1.5272572732714336
urn:mavedb:00000068-c-1#2563,NA,NA,p.Ile255Asn,-1.2957323232584121
urn:mavedb:00000068-c-1#2564,NA,NA,p.Ile255Met,0.5997306333536297
urn:mavedb:00000068-c-1#2565,NA,NA,p.Ile255Leu,0.4489621397823417
urn:mavedb:00000068-c-1#2566,NA,NA,p.Ile255Lys,-1.3190081525312822
urn:mavedb:00000068-c-1#2567,NA,NA,p.Ile255His,-1.4873382275389384
urn:mavedb:00000068-c-1#2568,NA,NA,p.Ile255Gly,-1.496035376097771
urn:mavedb:00000068-c-1#2569,NA,NA,p.Ile255Phe,-0.3882361110713443
urn:mavedb:00000068-c-1#2570,NA,NA,p.Ile255Glu,-2.140953102597431
urn:mavedb:00000068-c-1#2571,NA,NA,p.Ile255Asp,-1.626543325983519
urn:mavedb:00000068-c-1#2572,NA,NA,p.Ile255Cys,-1.7009873653781091
urn:mavedb:00000068-c-1#2573,NA,NA,p.Ile255=,0.6032814132583375
urn:mavedb:00000068-c-1#2574,NA,NA,p.Ile255Ala,-1.1407331328214616
urn:mavedb:00000068-c-1#2575,NA,NA,p.Ile254Ter,-1.5846102796669408
urn:mavedb:00000068-c-1#2576,NA,NA,p.Ile254Tyr,-0.594367966799706
urn:mavedb:00000068-c-1#2577,NA,NA,p.Ile254Trp,-1.5221554767670489
urn:mavedb:00000068-c-1#2578,NA,NA,p.Ile254Val,0.3693481707828789
urn:mavedb:00000068-c-1#2579,NA,NA,p.Ile254Thr,-0.8619054413103856
urn:mavedb:00000068-c-1#2580,NA,NA,p.Ile254Ser,-1.2005588252555686
urn:mavedb:00000068-c-1#2581,NA,NA,p.Ile254Arg,-1.1062890077046512
urn:mavedb:00000068-c-1#2582,NA,NA,p.Ile254Gln,-1.6277757434932243
urn:mavedb:00000068-c-1#2583,NA,NA,p.Ile254Pro,-2.0585533559663896
urn:mavedb:00000068-c-1#2584,NA,NA,p.Ile254Asn,-1.5895218585845623
urn:mavedb:00000068-c-1#2585,NA,NA,p.Ile254Met,0.9664056755443384
urn:mavedb:00000068-c-1#2586,NA,NA,p.Ile254Leu,0.21111183916448
urn:mavedb:00000068-c-1#2587,NA,NA,p.Ile254Lys,-1.8542883697524988
urn:mavedb:00000068-c-1#2588,NA,NA,p.Ile254His,-1.6421946277335526
urn:mavedb:00000068-c-1#2589,NA,NA,p.Ile254Gly,-1.7238278238985687
urn:mavedb:00000068-c-1#2590,NA,NA,p.Ile254Phe,0.0980453779358892
urn:mavedb:00000068-c-1#2591,NA,NA,p.Ile254Glu,-1.7152445428474017
urn:mavedb:00000068-c-1#2592,NA,NA,p.Ile254Asp,-1.3709522728998165
urn:mavedb:00000068-c-1#2593,NA,NA,p.Ile254Cys,-0.4517323888026874
urn:mavedb:00000068-c-1#2594,NA,NA,p.Ile254=,0.5405854171581864
urn:mavedb:00000068-c-1#2595,NA,NA,p.Ile254Ala,-1.88034989138392
urn:mavedb:00000068-c-1#2596,NA,NA,p.Thr253Ter,-1.6386054087156552
urn:mavedb:00000068-c-1#2597,NA,NA,p.Thr253Tyr,-1.6476278682708596
urn:mavedb:00000068-c-1#2598,NA,NA,p.Thr253Trp,-1.3157340857652151
urn:mavedb:00000068-c-1#2599,NA,NA,p.Thr253Val,0.6149460796434439
urn:mavedb:00000068-c-1#2600,NA,NA,p.Thr253Ser,0.3289102264129795
urn:mavedb:00000068-c-1#2601,NA,NA,p.Thr253Arg,-1.6496339907387088
urn:mavedb:00000068-c-1#2602,NA,NA,p.Thr253Gln,0.8999682907808174
urn:mavedb:00000068-c-1#2603,NA,NA,p.Thr253Pro,-1.216974123488861
urn:mavedb:00000068-c-1#2604,NA,NA,p.Thr253Asn,0.3312822068237389
urn:mavedb:00000068-c-1#2605,NA,NA,p.Thr253Met,0.5613408834866365
urn:mavedb:00000068-c-1#2606,NA,NA,p.Thr253Leu,-1.7900333440277414
urn:mavedb:00000068-c-1#2607,NA,NA,p.Thr253Lys,-1.5149395378927308
urn:mavedb:00000068-c-1#2608,NA,NA,p.Thr253Ile,0.2508368681439887
urn:mavedb:00000068-c-1#2609,NA,NA,p.Thr253His,-0.3810101788329484
urn:mavedb:00000068-c-1#2610,NA,NA,p.Thr253Gly,-2.1820229872038555
urn:mavedb:00000068-c-1#2611,NA,NA,p.Thr253Phe,-2.2192141506836403
urn:mavedb:00000068-c-1#2612,NA,NA,p.Thr253Glu,-0.9555806642132718
urn:mavedb:00000068-c-1#2613,NA,NA,p.Thr253Asp,-2.5172680577258566
urn:mavedb:00000068-c-1#2614,NA,NA,p.Thr253Cys,0.46081733370923794
urn:mavedb:00000068-c-1#2615,NA,NA,p.Thr253=,0.27081418619671244
urn:mavedb:00000068-c-1#2616,NA,NA,p.Thr253Ala,-0.4848775485592869
urn:mavedb:00000068-c-1#2617,NA,NA,p.Leu252Ter,-1.9355832759795857
urn:mavedb:00000068-c-1#2618,NA,NA,p.Leu252Tyr,0.08394233689247473
urn:mavedb:00000068-c-1#2619,NA,NA,p.Leu252Trp,0.7207069380785416
urn:mavedb:00000068-c-1#2620,NA,NA,p.Leu252Val,0.651812256880943
urn:mavedb:00000068-c-1#2621,NA,NA,p.Leu252Thr,0.30453724824869755
urn:mavedb:00000068-c-1#2622,NA,NA,p.Leu252Ser,-0.8455075482868087
urn:mavedb:00000068-c-1#2623,NA,NA,p.Leu252Arg,0.7145884314124602
urn:mavedb:00000068-c-1#2624,NA,NA,p.Leu252Gln,0.3692858415011808
urn:mavedb:00000068-c-1#2625,NA,NA,p.Leu252Pro,-0.8718036977161484
urn:mavedb:00000068-c-1#2626,NA,NA,p.Leu252Asn,0.4437470110826932
urn:mavedb:00000068-c-1#2627,NA,NA,p.Leu252Met,1.0444576148307472
urn:mavedb:00000068-c-1#2628,NA,NA,p.Leu252Lys,0.5812951255948053
urn:mavedb:00000068-c-1#2629,NA,NA,p.Leu252Ile,0.5871051997444058
urn:mavedb:00000068-c-1#2630,NA,NA,p.Leu252His,0.20542864883560408
urn:mavedb:00000068-c-1#2631,NA,NA,p.Leu252Gly,-1.9135663495712336
urn:mavedb:00000068-c-1#2632,NA,NA,p.Leu252Phe,0.3635930572735855
urn:mavedb:00000068-c-1#2633,NA,NA,p.Leu252Glu,1.3672053611601969
urn:mavedb:00000068-c-1#2634,NA,NA,p.Leu252Asp,1.1214692713215262
urn:mavedb:00000068-c-1#2635,NA,NA,p.Leu252Cys,-0.13450927483083286
urn:mavedb:00000068-c-1#2636,NA,NA,p.Leu252=,0.547586842610913
urn:mavedb:00000068-c-1#2637,NA,NA,p.Leu252Ala,0.4789577821300037
urn:mavedb:00000068-c-1#2638,NA,NA,p.Ile251Ter,-2.4815766085160704
urn:mavedb:00000068-c-1#2639,NA,NA,p.Ile251Tyr,-2.35299136835822
urn:mavedb:00000068-c-1#2640,NA,NA,p.Ile251Trp,-1.6704749286090093
urn:mavedb:00000068-c-1#2641,NA,NA,p.Ile251Val,0.4897716075396853
urn:mavedb:00000068-c-1#2642,NA,NA,p.Ile251Thr,-0.15424721414134934
urn:mavedb:00000068-c-1#2643,NA,NA,p.Ile251Ser,-1.3534650399199557
urn:mavedb:00000068-c-1#2644,NA,NA,p.Ile251Arg,-1.9881753504416064
urn:mavedb:00000068-c-1#2645,NA,NA,p.Ile251Gln,-2.817168883908707
urn:mavedb:00000068-c-1#2646,NA,NA,p.Ile251Pro,-1.5580349477382982
urn:mavedb:00000068-c-1#2647,NA,NA,p.Ile251Asn,-1.168578302626768
urn:mavedb:00000068-c-1#2648,NA,NA,p.Ile251Met,0.777895784042698
urn:mavedb:00000068-c-1#2649,NA,NA,p.Ile251Leu,-1.3809674671605856
urn:mavedb:00000068-c-1#2650,NA,NA,p.Ile251Lys,-2.729396587364997
urn:mavedb:00000068-c-1#2651,NA,NA,p.Ile251His,-1.7255163728406218
urn:mavedb:00000068-c-1#2652,NA,NA,p.Ile251Gly,-1.6295655979740649
urn:mavedb:00000068-c-1#2653,NA,NA,p.Ile251Phe,-0.7505170047941743
urn:mavedb:00000068-c-1#2654,NA,NA,p.Ile251Glu,-2.0977460545151576
urn:mavedb:00000068-c-1#2655,NA,NA,p.Ile251Asp,-1.6853331801092946
urn:mavedb:00000068-c-1#2656,NA,NA,p.Ile251Cys,-1.1930755330413598
urn:mavedb:00000068-c-1#2657,NA,NA,p.Ile251=,0.6311030461761874
urn:mavedb:00000068-c-1#2658,NA,NA,p.Ile251Ala,-1.5373108161829052
urn:mavedb:00000068-c-1#2659,NA,NA,p.Pro250Ter,-2.132516303705527
urn:mavedb:00000068-c-1#2660,NA,NA,p.Asn288His,0.3222898230288847
urn:mavedb:00000068-c-1#2661,NA,NA,p.Asn288Gly,0.8046571838310257
urn:mavedb:00000068-c-1#2662,NA,NA,p.Asn288Phe,0.8730283406159492
urn:mavedb:00000068-c-1#2663,NA,NA,p.Asn288Glu,-0.6242185493158483
urn:mavedb:00000068-c-1#2664,NA,NA,p.Asn288Asp,0.18327871783297212
urn:mavedb:00000068-c-1#2665,NA,NA,p.Asn288Cys,0.9830216028997348
urn:mavedb:00000068-c-1#2666,NA,NA,p.Asn288=,-0.2890790960074085
urn:mavedb:00000068-c-1#2667,NA,NA,p.Asn288Ala,0.719674102668095
urn:mavedb:00000068-c-1#2668,NA,NA,p.Glu287Ter,-0.5914246541823956
urn:mavedb:00000068-c-1#2669,NA,NA,p.Glu287Tyr,1.0683801837566669
urn:mavedb:00000068-c-1#2670,NA,NA,p.Glu287Trp,1.1512391433383111
urn:mavedb:00000068-c-1#2671,NA,NA,p.Glu287Val,0.5855586366112246
urn:mavedb:00000068-c-1#2672,NA,NA,p.Glu287Thr,1.0136951806330172
urn:mavedb:00000068-c-1#2673,NA,NA,p.Glu287Ser,0.900748098062236
urn:mavedb:00000068-c-1#2674,NA,NA,p.Glu287Arg,-0.029253600598239136
urn:mavedb:00000068-c-1#2675,NA,NA,p.Glu287Gln,0.9909391935455052
urn:mavedb:00000068-c-1#2676,NA,NA,p.Glu287Pro,-1.741265296343655
urn:mavedb:00000068-c-1#2677,NA,NA,p.Glu287Asn,0.5986732661245419
urn:mavedb:00000068-c-1#2678,NA,NA,p.Glu287Met,1.3272995958129716
urn:mavedb:00000068-c-1#2679,NA,NA,p.Pro250Tyr,-1.6297261093041793
urn:mavedb:00000068-c-1#2680,NA,NA,p.Pro250Trp,-1.9376994958477989
urn:mavedb:00000068-c-1#2681,NA,NA,p.Pro250Val,0.7642747604631172
urn:mavedb:00000068-c-1#2682,NA,NA,p.Pro250Thr,0.6965271839141179
urn:mavedb:00000068-c-1#2683,NA,NA,p.Pro250Ser,0.5911597117410495
urn:mavedb:00000068-c-1#2684,NA,NA,p.Pro250Arg,0.537855030180906
urn:mavedb:00000068-c-1#2685,NA,NA,p.Pro250Gln,-0.10595582315803326
urn:mavedb:00000068-c-1#2686,NA,NA,p.Pro250Asn,0.7713136121821914
urn:mavedb:00000068-c-1#2687,NA,NA,p.Pro250Met,-0.6862858302196642
urn:mavedb:00000068-c-1#2688,NA,NA,p.Pro250Leu,-0.6377402146472839
urn:mavedb:00000068-c-1#2689,NA,NA,p.Pro250Lys,1.2887572534776723
urn:mavedb:00000068-c-1#2690,NA,NA,p.Pro250Ile,-1.7380641243001185
urn:mavedb:00000068-c-1#2691,NA,NA,p.Pro250His,0.2965272245567004
urn:mavedb:00000068-c-1#2692,NA,NA,p.Pro250Gly,0.3966969193659729
urn:mavedb:00000068-c-1#2693,NA,NA,p.Pro250Phe,-2.4029650719517037
urn:mavedb:00000068-c-1#2694,NA,NA,p.Pro250Glu,-0.41477560004630304
urn:mavedb:00000068-c-1#2695,NA,NA,p.Pro250Asp,-2.0268420565719327
urn:mavedb:00000068-c-1#2696,NA,NA,p.Pro250Cys,0.1955635736902264
urn:mavedb:00000068-c-1#2697,NA,NA,p.Pro250=,0.03474814652656346
urn:mavedb:00000068-c-1#2698,NA,NA,p.Pro250Ala,-0.7299562850997079
urn:mavedb:00000068-c-1#2699,NA,NA,p.Arg249Ter,-1.5301290228802154
urn:mavedb:00000068-c-1#2700,NA,NA,p.Arg249Tyr,-1.8575263182129196
urn:mavedb:00000068-c-1#2701,NA,NA,p.Arg249Trp,-1.1064773216860746
urn:mavedb:00000068-c-1#2702,NA,NA,p.Arg249Val,-1.6545255552161748
urn:mavedb:00000068-c-1#2703,NA,NA,p.Arg249Thr,-1.2450171835152453
urn:mavedb:00000068-c-1#2704,NA,NA,p.Arg249Ser,-0.31554938496148
urn:mavedb:00000068-c-1#2705,NA,NA,p.Asn247His,0.6560502000218079
urn:mavedb:00000068-c-1#2706,NA,NA,p.Asn247Gly,1.2540102728730318
urn:mavedb:00000068-c-1#2707,NA,NA,p.Asn247Phe,-0.08219227938565787
urn:mavedb:00000068-c-1#2708,NA,NA,p.Asn247Glu,0.8617061274092536
urn:mavedb:00000068-c-1#2709,NA,NA,p.Asn247Asp,0.6718861687440381
urn:mavedb:00000068-c-1#2710,NA,NA,p.Asn247Cys,0.5724020884332554
urn:mavedb:00000068-c-1#2711,NA,NA,p.Asn247=,0.4765180961441533
urn:mavedb:00000068-c-1#2712,NA,NA,p.Asn247Ala,1.049254767945806
urn:mavedb:00000068-c-1#2713,NA,NA,p.Met246Ter,-1.8591074138870864
urn:mavedb:00000068-c-1#2714,NA,NA,p.Met246Tyr,-1.88469757365602
urn:mavedb:00000068-c-1#2715,NA,NA,p.Met246Trp,-1.2344292262584358
urn:mavedb:00000068-c-1#2716,NA,NA,p.Met246Val,-0.5698985347335623
urn:mavedb:00000068-c-1#2717,NA,NA,p.Met246Thr,-1.0715122239572987
urn:mavedb:00000068-c-1#2718,NA,NA,p.Met246Ser,-1.7727675168906727
urn:mavedb:00000068-c-1#2719,NA,NA,p.Met246Arg,-1.3695588590221863
urn:mavedb:00000068-c-1#2720,NA,NA,p.Met246Gln,-1.5092333919553116
urn:mavedb:00000068-c-1#2721,NA,NA,p.Met246Pro,0.5460179242078197
urn:mavedb:00000068-c-1#2722,NA,NA,p.Met246Asn,-1.3437010479864209
urn:mavedb:00000068-c-1#2723,NA,NA,p.Met246Leu,-0.4449742669377828
urn:mavedb:00000068-c-1#2724,NA,NA,p.Met246Lys,-1.110200343831636
urn:mavedb:00000068-c-1#2725,NA,NA,p.Met246Ile,-0.1516565703459354
urn:mavedb:00000068-c-1#2726,NA,NA,p.Met246His,-2.0766142125970823
urn:mavedb:00000068-c-1#2727,NA,NA,p.Met246Gly,-1.7225014840937256
urn:mavedb:00000068-c-1#2728,NA,NA,p.Met246Phe,-1.503280340990369
urn:mavedb:00000068-c-1#2729,NA,NA,p.Met246Glu,-1.7257187642293468
urn:mavedb:00000068-c-1#2730,NA,NA,p.Met246Asp,-0.7897965142059564
urn:mavedb:00000068-c-1#2731,NA,NA,p.Met246Cys,-1.3164692034509056
urn:mavedb:00000068-c-1#2732,NA,NA,p.Met246Ala,-1.8108572392598337
urn:mavedb:00000068-c-1#2733,NA,NA,p.Gly245Ter,-0.8629067504781518
urn:mavedb:00000068-c-1#2734,NA,NA,p.Gly245Tyr,-1.7768157895367414
urn:mavedb:00000068-c-1#2735,NA,NA,p.Gly245Trp,-1.5439422320111595
urn:mavedb:00000068-c-1#2736,NA,NA,p.Gly245Val,-0.3260754558593799
urn:mavedb:00000068-c-1#2737,NA,NA,p.Gly245Thr,-1.6229078328753326
urn:mavedb:00000068-c-1#2738,NA,NA,p.Gly245Ser,-0.7106395793803126
urn:mavedb:00000068-c-1#2739,NA,NA,p.Gly245Arg,-1.4187081663467886
urn:mavedb:00000068-c-1#2740,NA,NA,p.Gly245Gln,-0.8879520217608322
urn:mavedb:00000068-c-1#2741,NA,NA,p.Gly245Pro,-1.6803409191038556
urn:mavedb:00000068-c-1#2742,NA,NA,p.Gly245Asn,-1.9627980481680776
urn:mavedb:00000068-c-1#2743,NA,NA,p.Gly245Met,-1.1492050241025311
urn:mavedb:00000068-c-1#2744,NA,NA,p.Gly245Leu,-1.8483993535757808
urn:mavedb:00000068-c-1#2745,NA,NA,p.Gly245Lys,-1.5914992558138037
urn:mavedb:00000068-c-1#2746,NA,NA,p.Gly245Ile,-1.3116536928464488
urn:mavedb:00000068-c-1#2747,NA,NA,p.Gly245His,-1.9432580154243568
urn:mavedb:00000068-c-1#2748,NA,NA,p.Gly245Phe,-1.816523517447049
urn:mavedb:00000068-c-1#2749,NA,NA,p.Gly245Glu,-1.6428227960600001
urn:mavedb:00000068-c-1#2750,NA,NA,p.Gly245Asp,0.3129815665587454
urn:mavedb:00000068-c-1#2751,NA,NA,p.Gly245Cys,0.04424446781061707
urn:mavedb:00000068-c-1#2752,NA,NA,p.Gly245=,0.5056398096955538
urn:mavedb:00000068-c-1#2753,NA,NA,p.Gly245Ala,-1.1136670243274465
urn:mavedb:00000068-c-1#2754,NA,NA,p.Gly244Ter,-1.773815955771346
urn:mavedb:00000068-c-1#2755,NA,NA,p.Gly244Tyr,-2.0552607547811443
urn:mavedb:00000068-c-1#2756,NA,NA,p.Gly244Trp,-1.6343094396054831
urn:mavedb:00000068-c-1#2757,NA,NA,p.Gly244Val,-0.36635589572120186
urn:mavedb:00000068-c-1#2758,NA,NA,p.Gly244Thr,-2.1890647483801966
urn:mavedb:00000068-c-1#2759,NA,NA,p.Gly244Ser,-0.9894306904629522
urn:mavedb:00000068-c-1#2760,NA,NA,p.Gly244Arg,-1.2114838900530418
urn:mavedb:00000068-c-1#2761,NA,NA,p.Gly244Gln,-1.2113816262479111
urn:mavedb:00000068-c-1#2762,NA,NA,p.Gly244Pro,-1.899374563789916
urn:mavedb:00000068-c-1#2763,NA,NA,p.Gly244Asn,-1.838922037927626
urn:mavedb:00000068-c-1#2764,NA,NA,p.Gly244Met,-1.727301680134792
urn:mavedb:00000068-c-1#2765,NA,NA,p.Gly244Leu,-1.4945570418241436
urn:mavedb:00000068-c-1#2766,NA,NA,p.Gly244Lys,-1.800782189816736
urn:mavedb:00000068-c-1#2767,NA,NA,p.Gly244Ile,-1.2400637730497286
urn:mavedb:00000068-c-1#2768,NA,NA,p.Gly244His,-1.5559571350625683
urn:mavedb:00000068-c-1#2769,NA,NA,p.Gly244Phe,-1.3115441976909212
urn:mavedb:00000068-c-1#2770,NA,NA,p.Gly244Glu,-2.129376059141545
urn:mavedb:00000068-c-1#2771,NA,NA,p.Gly244Asp,-1.0823479555026825
urn:mavedb:00000068-c-1#2772,NA,NA,p.Gly244Cys,-0.19772259990040594
urn:mavedb:00000068-c-1#2773,NA,NA,p.Gly244=,0.4604100717325778
urn:mavedb:00000068-c-1#2774,NA,NA,p.Gly244Ala,-1.3912687281391816
urn:mavedb:00000068-c-1#2775,NA,NA,p.Met243Ter,-1.2363370524007096
urn:mavedb:00000068-c-1#2776,NA,NA,p.Met243Tyr,-0.8956335813329304
urn:mavedb:00000068-c-1#2777,NA,NA,p.Met243Trp,-1.7269223131892346
urn:mavedb:00000068-c-1#2778,NA,NA,p.Met243Val,0.05884037303535415
urn:mavedb:00000068-c-1#2779,NA,NA,p.Met243Thr,0.2344719271381637
urn:mavedb:00000068-c-1#2780,NA,NA,p.Met243Ser,0.3422119470898658
urn:mavedb:00000068-c-1#2781,NA,NA,p.Met243Arg,-1.055750912683641
urn:mavedb:00000068-c-1#2782,NA,NA,p.Met243Gln,0.8521579710274408
urn:mavedb:00000068-c-1#2783,NA,NA,p.Met243Pro,0.08832636208913883
urn:mavedb:00000068-c-1#2784,NA,NA,p.Met243Asn,0.5844123167745496
urn:mavedb:00000068-c-1#2785,NA,NA,p.Met243Leu,0.21564196807341807
urn:mavedb:00000068-c-1#2786,NA,NA,p.Met243Lys,-0.011874599368716172
urn:mavedb:00000068-c-1#2787,NA,NA,p.Met243Ile,0.008587905348230807
urn:mavedb:00000068-c-1#2788,NA,NA,p.Met243His,-0.4244429511208966
urn:mavedb:00000068-c-1#2789,NA,NA,p.Met243Gly,-1.2673657522037711
urn:mavedb:00000068-c-1#2790,NA,NA,p.Met243Phe,-0.9005320436892176
urn:mavedb:00000068-c-1#2791,NA,NA,p.Met243Glu,-2.34354845955518
urn:mavedb:00000068-c-1#2792,NA,NA,p.Met243Asp,-1.1079221974629057
urn:mavedb:00000068-c-1#2793,NA,NA,p.Met243Cys,0.402125395101446
urn:mavedb:00000068-c-1#2794,NA,NA,p.Met243Ala,0.8549427469058447
urn:mavedb:00000068-c-1#2795,NA,NA,p.Cys242Ter,-0.2808713255272537
urn:mavedb:00000068-c-1#2796,NA,NA,p.Cys242Tyr,-0.9253613626505148
urn:mavedb:00000068-c-1#2797,NA,NA,p.Cys242Trp,-0.8039348900425799
urn:mavedb:00000068-c-1#2798,NA,NA,p.Cys242Val,-1.3873886644618822
urn:mavedb:00000068-c-1#2799,NA,NA,p.Cys242Thr,-1.8826075683419183
urn:mavedb:00000068-c-1#2800,NA,NA,p.Cys242Ser,-1.034280073059172
urn:mavedb:00000068-c-1#2801,NA,NA,p.Cys242Arg,-0.5588217691789674
urn:mavedb:00000068-c-1#2802,NA,NA,p.Cys242Gln,-1.264403456977652
urn:mavedb:00000068-c-1#2803,NA,NA,p.Cys242Pro,-2.179218405533505
urn:mavedb:00000068-c-1#2804,NA,NA,p.Cys242Asn,-2.370256229020037
urn:mavedb:00000068-c-1#2805,NA,NA,p.Cys242Met,-2.317148315769591
urn:mavedb:00000068-c-1#2806,NA,NA,p.Cys242Leu,-1.371270619076401
urn:mavedb:00000068-c-1#2807,NA,NA,p.Cys242Lys,-2.074653959285882
urn:mavedb:00000068-c-1#2808,NA,NA,p.Cys242Ile,-1.6021678686913017
urn:mavedb:00000068-c-1#2809,NA,NA,p.Cys242His,-1.318327590577604
urn:mavedb:00000068-c-1#2810,NA,NA,p.Cys242Gly,-1.0142281804199913
urn:mavedb:00000068-c-1#2811,NA,NA,p.Cys242Phe,-0.08347136766430455
urn:mavedb:00000068-c-1#2812,NA,NA,p.Cys242Glu,-1.9936939251900767
urn:mavedb:00000068-c-1#2813,NA,NA,p.Cys242Asp,-1.3408569047084642
urn:mavedb:00000068-c-1#2814,NA,NA,p.Cys242=,0.6194657705247926
urn:mavedb:00000068-c-1#2815,NA,NA,p.Cys242Ala,-1.6602188003841576
urn:mavedb:00000068-c-1#2816,NA,NA,p.Ser241Ter,-1.4363382452937097
urn:mavedb:00000068-c-1#2817,NA,NA,p.Ser241Tyr,-0.1641745448037185
urn:mavedb:00000068-c-1#2818,NA,NA,p.Ser241Trp,-2.1587240250576936
urn:mavedb:00000068-c-1#2819,NA,NA,p.Ser241Val,-1.6119825250846418
urn:mavedb:00000068-c-1#2820,NA,NA,p.Ser241Thr,-0.8508336917212368
urn:mavedb:00000068-c-1#2821,NA,NA,p.Ser241Arg,-1.9487156149686649
urn:mavedb:00000068-c-1#2822,NA,NA,p.Ser241Gln,-0.8954077947471788
urn:mavedb:00000068-c-1#2823,NA,NA,p.Ser241Pro,-0.8747230213695187
urn:mavedb:00000068-c-1#2824,NA,NA,p.Ser241Asn,-1.9177288042786744
urn:mavedb:00000068-c-1#2825,NA,NA,p.Ser241Met,-1.886833576079028
urn:mavedb:00000068-c-1#2826,NA,NA,p.Ser241Leu,-1.533235150422051
urn:mavedb:00000068-c-1#2827,NA,NA,p.Ser241Lys,-1.7976740029923808
urn:mavedb:00000068-c-1#2828,NA,NA,p.Ser241Ile,-1.6135644212784692
urn:mavedb:00000068-c-1#2829,NA,NA,p.Ser241His,-2.2040537189651563
urn:mavedb:00000068-c-1#2830,NA,NA,p.Ser241Gly,-1.9631539738663848
urn:mavedb:00000068-c-1#2831,NA,NA,p.Ser241Phe,-1.4628221977255411
urn:mavedb:00000068-c-1#2832,NA,NA,p.Ser241Glu,-2.087149749342257
urn:mavedb:00000068-c-1#2833,NA,NA,p.Ser241Asp,-1.9130932853131064
urn:mavedb:00000068-c-1#2834,NA,NA,p.Ser241Cys,-1.5735661392225206
urn:mavedb:00000068-c-1#2835,NA,NA,p.Ser241=,0.0837757144595501
urn:mavedb:00000068-c-1#2836,NA,NA,p.Ser241Ala,-1.0724019304546863
urn:mavedb:00000068-c-1#2837,NA,NA,p.Ser240Ter,-1.4118600292090262
urn:mavedb:00000068-c-1#2838,NA,NA,p.Ser240Tyr,-1.6958247917412586
urn:mavedb:00000068-c-1#2839,NA,NA,p.Ser240Trp,-2.4373938761868
urn:mavedb:00000068-c-1#2840,NA,NA,p.Ser240Val,-0.6166968810685869
urn:mavedb:00000068-c-1#2841,NA,NA,p.Ser240Thr,0.3840526910199286
urn:mavedb:00000068-c-1#2842,NA,NA,p.Ser240Arg,-0.3154226377762359
urn:mavedb:00000068-c-1#2843,NA,NA,p.Ser240Gln,-0.5889748304556308
urn:mavedb:00000068-c-1#2844,NA,NA,p.Ser240Pro,-1.9951326852999964
urn:mavedb:00000068-c-1#2845,NA,NA,p.Ser240Asn,0.2425334723434338
urn:mavedb:00000068-c-1#2846,NA,NA,p.Ser240Met,0.73756621279238
urn:mavedb:00000068-c-1#2847,NA,NA,p.Ser240Leu,0.1590088925712132
urn:mavedb:00000068-c-1#2848,NA,NA,p.Ser240Lys,-1.7033791265179874
urn:mavedb:00000068-c-1#2849,NA,NA,p.Ser240Ile,0.3426241342213969
urn:mavedb:00000068-c-1#2850,NA,NA,p.Ser240His,-1.809702634229788
urn:mavedb:00000068-c-1#2851,NA,NA,p.Ser240Gly,-0.488413820683824
urn:mavedb:00000068-c-1#2852,NA,NA,p.Ser240Phe,-2.2387095459971635
urn:mavedb:00000068-c-1#2853,NA,NA,p.Ser240Glu,-1.6759547584660026
urn:mavedb:00000068-c-1#2854,NA,NA,p.Ser240Asp,-1.7277136065393577
urn:mavedb:00000068-c-1#2855,NA,NA,p.Ser240Cys,-0.5038326397071623
urn:mavedb:00000068-c-1#2856,NA,NA,p.Ser240=,0.38508866421751103
urn:mavedb:00000068-c-1#2857,NA,NA,p.Ser240Ala,-1.9857944441825897
urn:mavedb:00000068-c-1#2858,NA,NA,p.Asn239Ter,-1.8973220905094268
urn:mavedb:00000068-c-1#2859,NA,NA,p.Asn239Tyr,-1.1890544422774405
urn:mavedb:00000068-c-1#2860,NA,NA,p.Asn239Trp,0.4711600931393404
urn:mavedb:00000068-c-1#2861,NA,NA,p.Asn239Val,-0.7043171880947066
urn:mavedb:00000068-c-1#2862,NA,NA,p.Asn239Thr,-1.331321678448219
urn:mavedb:00000068-c-1#2863,NA,NA,p.Asn239Ser,-0.6722177719993837
urn:mavedb:00000068-c-1#2864,NA,NA,p.Asn239Arg,0.2659126281090346
urn:mavedb:00000068-c-1#2865,NA,NA,p.Asn239Gln,-0.06909264496535954
urn:mavedb:00000068-c-1#2866,NA,NA,p.Asn239Pro,-1.754201137994417
urn:mavedb:00000068-c-1#2867,NA,NA,p.Asn239Met,0.5513642514832626
urn:mavedb:00000068-c-1#2868,NA,NA,p.Asn239Leu,0.4932975167225158
urn:mavedb:00000068-c-1#2869,NA,NA,p.Asn239Lys,0.051481372357175835
urn:mavedb:00000068-c-1#2870,NA,NA,p.Asn239Ile,-0.600469821766179
urn:mavedb:00000068-c-1#2871,NA,NA,p.Asn239His,0.26407158588127355
urn:mavedb:00000068-c-1#2872,NA,NA,p.Asn239Gly,-0.9421207671608772
urn:mavedb:00000068-c-1#2873,NA,NA,p.Asn239Phe,-0.5772066309392975
urn:mavedb:00000068-c-1#2874,NA,NA,p.Asn239Glu,-0.960888816332478
urn:mavedb:00000068-c-1#2875,NA,NA,p.Asn239Asp,-0.9051926431948686
urn:mavedb:00000068-c-1#2876,NA,NA,p.Asn239Cys,-1.4504434902226788
urn:mavedb:00000068-c-1#2877,NA,NA,p.Asn239=,0.3557223008164179
urn:mavedb:00000068-c-1#2878,NA,NA,p.Asn239Ala,-0.24114676582516856
urn:mavedb:00000068-c-1#2879,NA,NA,p.Cys238Ter,-0.8913243881080565
urn:mavedb:00000068-c-1#2880,NA,NA,p.Cys238Tyr,-1.5083807449651048
urn:mavedb:00000068-c-1#2881,NA,NA,p.Cys238Trp,-1.2119706392513798
urn:mavedb:00000068-c-1#2882,NA,NA,p.Cys238Val,-1.4995810151698232
urn:mavedb:00000068-c-1#2883,NA,NA,p.Cys238Thr,-1.5622912793649677
urn:mavedb:00000068-c-1#2884,NA,NA,p.Cys238Ser,-0.7213138709634013
urn:mavedb:00000068-c-1#2885,NA,NA,p.Cys238Arg,-0.8209235543694483
urn:mavedb:00000068-c-1#2886,NA,NA,p.Cys238Gln,-2.365184336056517
urn:mavedb:00000068-c-1#2887,NA,NA,p.Cys238Pro,-1.799140911635318
urn:mavedb:00000068-c-1#2888,NA,NA,p.Cys238Asn,-2.2349835371975417
urn:mavedb:00000068-c-1#2889,NA,NA,p.Cys238Met,-2.341601426316725
urn:mavedb:00000068-c-1#2890,NA,NA,p.Cys238Leu,-1.710705961443466
urn:mavedb:00000068-c-1#2891,NA,NA,p.Cys238Lys,-1.7023506627880298
urn:mavedb:00000068-c-1#2892,NA,NA,p.Cys238Ile,-1.2138782428031378
urn:mavedb:00000068-c-1#2893,NA,NA,p.Cys238His,-2.197527421663964
urn:mavedb:00000068-c-1#2894,NA,NA,p.Cys238Gly,-0.9227563641213502
urn:mavedb:00000068-c-1#2895,NA,NA,p.Ser269Ala,-0.5233341500067944
urn:mavedb:00000068-c-1#2896,NA,NA,p.Asn268Ter,-1.2356940681428006
urn:mavedb:00000068-c-1#2897,NA,NA,p.Asn268Tyr,0.4323713430849165
urn:mavedb:00000068-c-1#2898,NA,NA,p.Asn268Trp,-0.619461842518678
urn:mavedb:00000068-c-1#2899,NA,NA,p.Asn268Val,0.3624241903195101
urn:mavedb:00000068-c-1#2900,NA,NA,p.Asn268Thr,-0.44726418382947697
urn:mavedb:00000068-c-1#2901,NA,NA,p.Asn268Ser,0.5227773891761882
urn:mavedb:00000068-c-1#2902,NA,NA,p.Asn268Arg,-0.14743325114815606
urn:mavedb:00000068-c-1#2903,NA,NA,p.Asn268Gln,-0.28753452404344537
urn:mavedb:00000068-c-1#2904,NA,NA,p.Asn268Pro,-1.4278429651197135
urn:mavedb:00000068-c-1#2905,NA,NA,p.Asn268Met,0.26419148559994177
urn:mavedb:00000068-c-1#2906,NA,NA,p.Asn268Leu,-1.1883896003679422
urn:mavedb:00000068-c-1#2907,NA,NA,p.Asn268Lys,0.3926133772144746
urn:mavedb:00000068-c-1#2908,NA,NA,p.Asn268Ile,-0.5737740744630642
urn:mavedb:00000068-c-1#2909,NA,NA,p.Asn268His,0.4342832457210322
urn:mavedb:00000068-c-1#2910,NA,NA,p.Asn268Gly,0.21217921511082424
urn:mavedb:00000068-c-1#2911,NA,NA,p.Asn268Phe,0.44928201631648057
urn:mavedb:00000068-c-1#2912,NA,NA,p.Asn268Glu,-0.8712210303041472
urn:mavedb:00000068-c-1#2913,NA,NA,p.Asn268Asp,0.08210980865789089
urn:mavedb:00000068-c-1#2914,NA,NA,p.Asn268Cys,0.8817791700506988
urn:mavedb:00000068-c-1#2915,NA,NA,p.Asn268=,0.3622421921049999
urn:mavedb:00000068-c-1#2916,NA,NA,p.Asn268Ala,0.2992897445728264
urn:mavedb:00000068-c-1#2917,NA,NA,p.Arg267Ter,-1.3926350756388997
urn:mavedb:00000068-c-1#2918,NA,NA,p.Arg267Tyr,0.3903112802006253
urn:mavedb:00000068-c-1#2919,NA,NA,p.Arg267Trp,0.07084546319319772
urn:mavedb:00000068-c-1#2920,NA,NA,p.Arg267Val,0.6745405164275127
urn:mavedb:00000068-c-1#2921,NA,NA,p.Arg267Thr,-0.6411374283083272
urn:mavedb:00000068-c-1#2922,NA,NA,p.Arg267Ser,0.17503344641115196
urn:mavedb:00000068-c-1#2923,NA,NA,p.Arg267Gln,-0.011732103430221779
urn:mavedb:00000068-c-1#2924,NA,NA,p.Arg267Pro,-1.3690104767613078
urn:mavedb:00000068-c-1#2925,NA,NA,p.Arg267Asn,-1.2892007136186794
urn:mavedb:00000068-c-1#2926,NA,NA,p.Arg267Met,0.615903702803005
urn:mavedb:00000068-c-1#2927,NA,NA,p.Arg267Leu,0.4576895591144578
urn:mavedb:00000068-c-1#2928,NA,NA,p.Arg267Lys,-0.010563668530703731
urn:mavedb:00000068-c-1#2929,NA,NA,p.Arg267Ile,-0.05339013574494714
urn:mavedb:00000068-c-1#2930,NA,NA,p.Arg267His,-1.8083495878023943
urn:mavedb:00000068-c-1#2931,NA,NA,p.Arg267Gly,-1.4039822654046552
urn:mavedb:00000068-c-1#2932,NA,NA,p.Arg267Phe,-0.796992506760183
urn:mavedb:00000068-c-1#2933,NA,NA,p.Arg267Glu,-1.3195781355815377
urn:mavedb:00000068-c-1#2934,NA,NA,p.Arg267Asp,-1.970046767052835
urn:mavedb:00000068-c-1#2935,NA,NA,p.Arg267Cys,0.8400590125736421
urn:mavedb:00000068-c-1#2936,NA,NA,p.Arg267=,0.36365826611570334
urn:mavedb:00000068-c-1#2937,NA,NA,p.Arg267Ala,0.9210239025223986
urn:mavedb:00000068-c-1#2938,NA,NA,p.Gly266Ter,-0.007553045698205445
urn:mavedb:00000068-c-1#2939,NA,NA,p.Gly266Tyr,-1.9992952658873384
urn:mavedb:00000068-c-1#2940,NA,NA,p.Gly266Trp,-1.6318155169157655
urn:mavedb:00000068-c-1#2941,NA,NA,p.Gly266Val,-0.3021979675858925
urn:mavedb:00000068-c-1#2942,NA,NA,p.Gly266Thr,-1.8001895335168134
urn:mavedb:00000068-c-1#2943,NA,NA,p.Gly266Ser,-1.6872962219683632
urn:mavedb:00000068-c-1#2944,NA,NA,p.Gly266Arg,-1.2200482669774009
urn:mavedb:00000068-c-1#2945,NA,NA,p.Gly266Gln,-1.8803387189445315
urn:mavedb:00000068-c-1#2946,NA,NA,p.Gly266Pro,-1.6294739711329902
urn:mavedb:00000068-c-1#2947,NA,NA,p.Gly266Asn,-1.3367446534808731
urn:mavedb:00000068-c-1#2948,NA,NA,p.Gly266Met,-2.018718632696534
urn:mavedb:00000068-c-1#2949,NA,NA,p.Gly266Leu,-1.4910683045198665
urn:mavedb:00000068-c-1#2950,NA,NA,p.Gly266Lys,-1.6244156029330734
urn:mavedb:00000068-c-1#2951,NA,NA,p.Gly266Ile,-1.6983033062086104
urn:mavedb:00000068-c-1#2952,NA,NA,p.Gly266His,-1.8773739874932285
urn:mavedb:00000068-c-1#2953,NA,NA,p.Gly266Phe,-1.6724980312130229
urn:mavedb:00000068-c-1#2954,NA,NA,p.Gly266Glu,-1.0230149192062483
urn:mavedb:00000068-c-1#2955,NA,NA,p.Gly266Asp,-1.645486475880637
urn:mavedb:00000068-c-1#2956,NA,NA,p.Gly266Cys,-1.3047199953321775
urn:mavedb:00000068-c-1#2957,NA,NA,p.Gly266=,-0.3237541099855791
urn:mavedb:00000068-c-1#2958,NA,NA,p.Gly266Ala,0.25681056293923865
urn:mavedb:00000068-c-1#2959,NA,NA,p.Leu265Ter,-2.3984892604286383
urn:mavedb:00000068-c-1#2960,NA,NA,p.Leu265Tyr,0.5041936254629095
urn:mavedb:00000068-c-1#2961,NA,NA,p.Leu265Trp,-1.5597705155692998
urn:mavedb:00000068-c-1#2962,NA,NA,p.Leu265Val,0.3913909250323873
urn:mavedb:00000068-c-1#2963,NA,NA,p.Leu265Thr,-1.894266006082022
urn:mavedb:00000068-c-1#2964,NA,NA,p.Leu265Ser,-2.266158935179313
urn:mavedb:00000068-c-1#2965,NA,NA,p.Leu265Arg,-1.3988306826260817
urn:mavedb:00000068-c-1#2966,NA,NA,p.Leu265Gln,-0.8225014007016891
urn:mavedb:00000068-c-1#2967,NA,NA,p.Leu265Pro,-0.7993575904540218
urn:mavedb:00000068-c-1#2968,NA,NA,p.Leu265Asn,-2.1295459444888305
urn:mavedb:00000068-c-1#2969,NA,NA,p.Leu265Met,0.4780849611464659
urn:mavedb:00000068-c-1#2970,NA,NA,p.Leu265Lys,-0.9771000143107612
urn:mavedb:00000068-c-1#2971,NA,NA,p.Leu265Ile,0.22477577971438084
urn:mavedb:00000068-c-1#2972,NA,NA,p.Leu265His,-0.33957612248524793
urn:mavedb:00000068-c-1#2973,NA,NA,p.Leu265Gly,-2.4454881797557784
urn:mavedb:00000068-c-1#2974,NA,NA,p.Leu265Phe,0.7812584594518805
urn:mavedb:00000068-c-1#2975,NA,NA,p.Leu265Glu,-1.7643513335963097
urn:mavedb:00000068-c-1#2976,NA,NA,p.Leu265Asp,-0.7183920576072492
urn:mavedb:00000068-c-1#2977,NA,NA,p.Leu265Cys,-0.3364892176176165
urn:mavedb:00000068-c-1#2978,NA,NA,p.Leu265=,0.0470844507963787
urn:mavedb:00000068-c-1#2979,NA,NA,p.Leu265Ala,-2.3571362694869915
urn:mavedb:00000068-c-1#2980,NA,NA,p.Leu264Ter,-1.5302999857704394
urn:mavedb:00000068-c-1#2981,NA,NA,p.Leu264Tyr,-0.6465159386526789
urn:mavedb:00000068-c-1#2982,NA,NA,p.Leu264Trp,-0.6940022034392112
urn:mavedb:00000068-c-1#2983,NA,NA,p.Leu264Val,0.07611843285869528
urn:mavedb:00000068-c-1#2984,NA,NA,p.Leu264Thr,-0.26027961093663543
urn:mavedb:00000068-c-1#2985,NA,NA,p.Leu264Ser,-0.698717636169954
urn:mavedb:00000068-c-1#2986,NA,NA,p.Leu264Arg,-0.24858164176788425
urn:mavedb:00000068-c-1#2987,NA,NA,p.Leu264Gln,0.5195513631067151
urn:mavedb:00000068-c-1#2988,NA,NA,p.Leu264Pro,0.06184036127259032
urn:mavedb:00000068-c-1#2989,NA,NA,p.Leu264Asn,0.4430069060282858
urn:mavedb:00000068-c-1#2990,NA,NA,p.Leu264Met,0.7239681094281706
urn:mavedb:00000068-c-1#2991,NA,NA,p.Leu264Lys,0.0967611769162148
urn:mavedb:00000068-c-1#2992,NA,NA,p.Leu264Ile,0.6844269421104353
urn:mavedb:00000068-c-1#2993,NA,NA,p.Leu264His,0.4991512354946692
urn:mavedb:00000068-c-1#2994,NA,NA,p.Leu264Gly,-0.710477452307394
urn:mavedb:00000068-c-1#2995,NA,NA,p.Leu264Phe,-0.14949520563799534
urn:mavedb:00000068-c-1#2996,NA,NA,p.Leu264Glu,0.1232672341204882
urn:mavedb:00000068-c-1#2997,NA,NA,p.Leu264Asp,0.8439986134866304
urn:mavedb:00000068-c-1#2998,NA,NA,p.Leu264Cys,-0.21706070363887167
urn:mavedb:00000068-c-1#2999,NA,NA,p.Leu264=,-0.10462702958720953
urn:mavedb:00000068-c-1#3000,NA,NA,p.Leu264Ala,0.2711670013841321
urn:mavedb:00000068-c-1#3001,NA,NA,p.Asn263Ter,-1.8839246344777876
urn:mavedb:00000068-c-1#3002,NA,NA,p.Asn263Tyr,-0.15191413727488148
urn:mavedb:00000068-c-1#3003,NA,NA,p.Asn263Trp,0.15653362169813925
urn:mavedb:00000068-c-1#3004,NA,NA,p.Asn263Val,-0.05489608459084737
urn:mavedb:00000068-c-1#3005,NA,NA,p.Asn263Thr,-0.11140861456492576
urn:mavedb:00000068-c-1#3006,NA,NA,p.Asn263Ser,0.4749790636909261
urn:mavedb:00000068-c-1#3007,NA,NA,p.Asn263Arg,0.97934434310807
urn:mavedb:00000068-c-1#3008,NA,NA,p.Asn263Gln,0.4795088181437612
urn:mavedb:00000068-c-1#3009,NA,NA,p.Asn263Pro,-1.6965011505248466
urn:mavedb:00000068-c-1#3010,NA,NA,p.Asn263Met,-0.004935662652911202
urn:mavedb:00000068-c-1#3011,NA,NA,p.Asn263Leu,0.7510572830958879
urn:mavedb:00000068-c-1#3012,NA,NA,p.Asn263Lys,0.3806293123432764
urn:mavedb:00000068-c-1#3013,NA,NA,p.Asn263Ile,-0.2441324928988881
urn:mavedb:00000068-c-1#3014,NA,NA,p.Asn263His,0.6285647575802029
urn:mavedb:00000068-c-1#3015,NA,NA,p.Asn263Gly,0.39489083447921375
urn:mavedb:00000068-c-1#3016,NA,NA,p.Asn263Phe,0.4569441595786831
urn:mavedb:00000068-c-1#3017,NA,NA,p.Asn263Glu,-0.05725996984400687
urn:mavedb:00000068-c-1#3018,NA,NA,p.Asn263Asp,0.3074297872027713
urn:mavedb:00000068-c-1#3019,NA,NA,p.Asn263Cys,0.37585286681764174
urn:mavedb:00000068-c-1#3020,NA,NA,p.Asn263=,0.056634253296256
urn:mavedb:00000068-c-1#3021,NA,NA,p.Asn263Ala,0.8767380946320132
urn:mavedb:00000068-c-1#3022,NA,NA,p.Gly262Ter,-2.041669478701131
urn:mavedb:00000068-c-1#3023,NA,NA,p.Gly262Tyr,0.574107580996959
urn:mavedb:00000068-c-1#3024,NA,NA,p.Gly262Trp,-0.6436545395530366
urn:mavedb:00000068-c-1#3025,NA,NA,p.Gly262Val,-0.6398386529323423
urn:mavedb:00000068-c-1#3026,NA,NA,p.Gly262Thr,-0.7736613444058847
urn:mavedb:00000068-c-1#3027,NA,NA,p.Gly262Ser,0.17130171565224642
urn:mavedb:00000068-c-1#3028,NA,NA,p.Gly262Arg,0.04239490242536332
urn:mavedb:00000068-c-1#3029,NA,NA,p.Gly262Gln,0.3691976258110987
urn:mavedb:00000068-c-1#3030,NA,NA,p.Gly262Pro,-1.9225507759691176
urn:mavedb:00000068-c-1#3031,NA,NA,p.Gly262Asn,0.15304680688255856
urn:mavedb:00000068-c-1#3032,NA,NA,p.Gly262Met,0.5859559784839026
urn:mavedb:00000068-c-1#3033,NA,NA,p.Gly262Leu,0.2452446802108585
urn:mavedb:00000068-c-1#3034,NA,NA,p.Gly262Lys,0.5320694778578855
urn:mavedb:00000068-c-1#3035,NA,NA,p.Gly262Ile,-1.423482922942104
urn:mavedb:00000068-c-1#3036,NA,NA,p.Gly262His,0.36271855119699853
urn:mavedb:00000068-c-1#3037,NA,NA,p.Gly262Phe,0.06429063358554342
urn:mavedb:00000068-c-1#3038,NA,NA,p.Gly262Glu,-0.28115251989006995
urn:mavedb:00000068-c-1#3039,NA,NA,p.Gly262Asp,0.1208901432432482
urn:mavedb:00000068-c-1#3040,NA,NA,p.Gly262Cys,0.4811482433989373
urn:mavedb:00000068-c-1#3041,NA,NA,p.Gly262=,0.4666129251525212
urn:mavedb:00000068-c-1#3042,NA,NA,p.Gly262Ala,0.5446503595865815
urn:mavedb:00000068-c-1#3043,NA,NA,p.Ser261Ter,-1.5531855832428527
urn:mavedb:00000068-c-1#3044,NA,NA,p.Ser261Tyr,0.1922599361388609
urn:mavedb:00000068-c-1#3045,NA,NA,p.Ser261Trp,0.6178764618891869
urn:mavedb:00000068-c-1#3046,NA,NA,p.Ser261Val,-0.4861624580214241
urn:mavedb:00000068-c-1#3047,NA,NA,p.Ser261Thr,0.5749132564858703
urn:mavedb:00000068-c-1#3048,NA,NA,p.Ser261Arg,0.4555792786520281
urn:mavedb:00000068-c-1#3049,NA,NA,p.Ser261Gln,-0.4296266440033592
urn:mavedb:00000068-c-1#3050,NA,NA,p.Ser261Pro,-0.7362359725940315
urn:mavedb:00000068-c-1#3051,NA,NA,p.Ser261Asn,0.4099605960355256
urn:mavedb:00000068-c-1#3052,NA,NA,p.Ser261Met,-0.2276466150289506
urn:mavedb:00000068-c-1#3053,NA,NA,p.Ser261Leu,0.5305022649791585
urn:mavedb:00000068-c-1#3054,NA,NA,p.Ser261Lys,0.321585684022668
urn:mavedb:00000068-c-1#3055,NA,NA,p.Ser261Ile,0.4406476629670945
urn:mavedb:00000068-c-1#3056,NA,NA,p.Ser261His,0.440173855189492
urn:mavedb:00000068-c-1#3057,NA,NA,p.Ser261Gly,0.27086304584443005
urn:mavedb:00000068-c-1#3058,NA,NA,p.Ser261Phe,0.43220772448510936
urn:mavedb:00000068-c-1#3059,NA,NA,p.Ser261Glu,0.22468157427110025
urn:mavedb:00000068-c-1#3060,NA,NA,p.Ser261Asp,0.2695979221090605
urn:mavedb:00000068-c-1#3061,NA,NA,p.Ser261Cys,0.9021680787079231
urn:mavedb:00000068-c-1#3062,NA,NA,p.Ser261=,0.4186267890139544
urn:mavedb:00000068-c-1#3063,NA,NA,p.Ser261Ala,0.8948829798396825
urn:mavedb:00000068-c-1#3064,NA,NA,p.Ser260Ter,-2.0793833303210856
urn:mavedb:00000068-c-1#3065,NA,NA,p.Ser260Tyr,0.5025242291828681
urn:mavedb:00000068-c-1#3066,NA,NA,p.Ser260Trp,0.34631788028765625
urn:mavedb:00000068-c-1#3067,NA,NA,p.Ser260Val,0.7851500590190301
urn:mavedb:00000068-c-1#3068,NA,NA,p.Ser260Thr,0.566065201209036
urn:mavedb:00000068-c-1#3069,NA,NA,p.Ser260Arg,0.4880439134476817
urn:mavedb:00000068-c-1#3070,NA,NA,p.Ser260Gln,0.6064639767148046
urn:mavedb:00000068-c-1#3071,NA,NA,p.Ser260Pro,0.1094739250590568
urn:mavedb:00000068-c-1#3072,NA,NA,p.Ser260Asn,1.0748930908399998
urn:mavedb:00000068-c-1#3073,NA,NA,p.Ser260Met,0.32070198993189564
urn:mavedb:00000068-c-1#3074,NA,NA,p.Ser260Leu,-0.2292516001231724
urn:mavedb:00000068-c-1#3075,NA,NA,p.Ser260Lys,0.10855773738029224
urn:mavedb:00000068-c-1#3076,NA,NA,p.Ser260Ile,0.8318394630145909
urn:mavedb:00000068-c-1#3077,NA,NA,p.Ser260His,0.6066578575209407
urn:mavedb:00000068-c-1#3078,NA,NA,p.Ser260Gly,0.16810109122114608
urn:mavedb:00000068-c-1#3079,NA,NA,p.Ser260Phe,0.17144789508538594
urn:mavedb:00000068-c-1#3080,NA,NA,p.Ser260Glu,0.2360848145265557
urn:mavedb:00000068-c-1#3081,NA,NA,p.Ser260Asp,0.4341476527028629
urn:mavedb:00000068-c-1#3082,NA,NA,p.Ser260Cys,0.12843519458446725
urn:mavedb:00000068-c-1#3083,NA,NA,p.Ser260=,0.3959774108960623
urn:mavedb:00000068-c-1#3084,NA,NA,p.Ser260Ala,0.3140250720440502
urn:mavedb:00000068-c-1#3085,NA,NA,p.Cys238Phe,-0.32087871554899194
urn:mavedb:00000068-c-1#3086,NA,NA,p.Cys238Glu,-1.7266778608113582
urn:mavedb:00000068-c-1#3087,NA,NA,p.Cys238Asp,-1.8320625059605933
urn:mavedb:00000068-c-1#3088,NA,NA,p.Cys238=,0.4679964439312994
urn:mavedb:00000068-c-1#3089,NA,NA,p.Cys238Ala,-2.703135493835092
urn:mavedb:00000068-c-1#3090,NA,NA,p.Met237Ter,-1.6891325553699046
urn:mavedb:00000068-c-1#3091,NA,NA,p.Met237Tyr,-0.5447488563358001
urn:mavedb:00000068-c-1#3092,NA,NA,p.Met237Trp,1.0271490055253036
urn:mavedb:00000068-c-1#3093,NA,NA,p.Met237Val,-0.5016267251039811
urn:mavedb:00000068-c-1#3094,NA,NA,p.Met237Thr,0.19099135784770352
urn:mavedb:00000068-c-1#3095,NA,NA,p.Met237Ser,0.7328863467994395
urn:mavedb:00000068-c-1#3096,NA,NA,p.Met237Arg,0.6286265079344278
urn:mavedb:00000068-c-1#3097,NA,NA,p.Met237Gln,0.32858726855321385
urn:mavedb:00000068-c-1#3098,NA,NA,p.Met237Pro,-2.0417644163089697
urn:mavedb:00000068-c-1#3099,NA,NA,p.Met237Asn,1.1765786797663935
urn:mavedb:00000068-c-1#3100,NA,NA,p.Met237Leu,0.2662258591870247
urn:mavedb:00000068-c-1#3101,NA,NA,p.Met237Lys,-1.1511814068193638
urn:mavedb:00000068-c-1#3102,NA,NA,p.Met237Ile,-0.6699115424939838
urn:mavedb:00000068-c-1#3103,NA,NA,p.Met237His,-0.8446069411198198
urn:mavedb:00000068-c-1#3104,NA,NA,p.Met237Gly,0.6871553998434246
urn:mavedb:00000068-c-1#3105,NA,NA,p.Met237Phe,-1.3989423638388068
urn:mavedb:00000068-c-1#3106,NA,NA,p.Met237Glu,-1.4379872650611951
urn:mavedb:00000068-c-1#3107,NA,NA,p.Met237Asp,-1.4050187908632
urn:mavedb:00000068-c-1#3108,NA,NA,p.Met237Cys,-0.3101968876328501
urn:mavedb:00000068-c-1#3109,NA,NA,p.Met237Ala,0.7492413695380146
urn:mavedb:00000068-c-1#3110,NA,NA,p.Tyr236Ter,-0.1891365994191278
urn:mavedb:00000068-c-1#3111,NA,NA,p.Ile232=,0.5592055444335813
urn:mavedb:00000068-c-1#3112,NA,NA,p.Ile232Ala,-1.8629635792433783
urn:mavedb:00000068-c-1#3113,NA,NA,p.Thr231Ter,-1.567509904912509
urn:mavedb:00000068-c-1#3114,NA,NA,p.Thr231Tyr,-2.2525582930655488
urn:mavedb:00000068-c-1#3115,NA,NA,p.Thr231Trp,-2.696147579155329
urn:mavedb:00000068-c-1#3116,NA,NA,p.Thr231Val,-0.2947937062626985
urn:mavedb:00000068-c-1#3117,NA,NA,p.Thr231Ser,0.3183680050674979
urn:mavedb:00000068-c-1#3118,NA,NA,p.Thr231Arg,0.2190168886120044
urn:mavedb:00000068-c-1#3119,NA,NA,p.Thr231Gln,-0.2293490622543739
urn:mavedb:00000068-c-1#3120,NA,NA,p.Thr231Pro,-1.0435942591653906
urn:mavedb:00000068-c-1#3121,NA,NA,p.Thr231Asn,0.4701899439368825
urn:mavedb:00000068-c-1#3122,NA,NA,p.Thr231Met,-0.01714255580992797
urn:mavedb:00000068-c-1#3123,NA,NA,p.Thr231Leu,0.7933949442705336
urn:mavedb:00000068-c-1#3124,NA,NA,p.Thr231Lys,0.6169560524217464
urn:mavedb:00000068-c-1#3125,NA,NA,p.Thr231Ile,0.09160303674685533
urn:mavedb:00000068-c-1#3126,NA,NA,p.Thr231His,-1.085972784773096
urn:mavedb:00000068-c-1#3127,NA,NA,p.Thr231Gly,-2.0070198885247774
urn:mavedb:00000068-c-1#3128,NA,NA,p.Thr231Phe,-1.442742025567182
urn:mavedb:00000068-c-1#3129,NA,NA,p.Thr231Glu,0.2792101045164945
urn:mavedb:00000068-c-1#3130,NA,NA,p.Thr231Asp,-1.1348710478496005
urn:mavedb:00000068-c-1#3131,NA,NA,p.Thr231Cys,0.1219274760840318
urn:mavedb:00000068-c-1#3132,NA,NA,p.Thr231=,0.4218126305493261
urn:mavedb:00000068-c-1#3133,NA,NA,p.Thr231Ala,0.3498291000395528
urn:mavedb:00000068-c-1#3134,NA,NA,p.Thr230Ter,-1.3386584014042686
urn:mavedb:00000068-c-1#3135,NA,NA,p.Thr230Tyr,-0.8881160122559807
urn:mavedb:00000068-c-1#3136,NA,NA,p.Thr230Trp,0.5332371118677169
urn:mavedb:00000068-c-1#3137,NA,NA,p.Thr230Val,0.6112173096029878
urn:mavedb:00000068-c-1#3138,NA,NA,p.Thr230Ser,-0.17873802127929628
urn:mavedb:00000068-c-1#3139,NA,NA,p.Thr230Arg,0.5461231539349509
urn:mavedb:00000068-c-1#3140,NA,NA,p.Thr230Gln,0.7653360311878392
urn:mavedb:00000068-c-1#3141,NA,NA,p.Thr230Pro,-1.2621406388537468
urn:mavedb:00000068-c-1#3142,NA,NA,p.Thr230Asn,0.4994998968261882
urn:mavedb:00000068-c-1#3143,NA,NA,p.Thr230Met,0.7286182137116842
urn:mavedb:00000068-c-1#3144,NA,NA,p.Thr230Leu,0.4711302040016258
urn:mavedb:00000068-c-1#3145,NA,NA,p.Thr230Lys,0.5061986175862825
urn:mavedb:00000068-c-1#3146,NA,NA,p.Thr230Ile,0.1097002005721008
urn:mavedb:00000068-c-1#3147,NA,NA,p.Thr230His,0.2529216001003589
urn:mavedb:00000068-c-1#3148,NA,NA,p.Thr230Gly,-1.1405100964737027
urn:mavedb:00000068-c-1#3149,NA,NA,p.Thr230Phe,0.6338684198007299
urn:mavedb:00000068-c-1#3150,NA,NA,p.Thr230Glu,-1.655065870939739
urn:mavedb:00000068-c-1#3151,NA,NA,p.Thr230Asp,-2.260077117311842
urn:mavedb:00000068-c-1#3152,NA,NA,p.Thr230Cys,-0.005508607993687937
urn:mavedb:00000068-c-1#3153,NA,NA,p.Thr230=,0.25886727852389474
urn:mavedb:00000068-c-1#3154,NA,NA,p.Thr230Ala,0.29711781608050075
urn:mavedb:00000068-c-1#3155,NA,NA,p.Cys229Ter,-0.9410174831456608
urn:mavedb:00000068-c-1#3156,NA,NA,p.Cys229Tyr,0.2509745644139458
urn:mavedb:00000068-c-1#3157,NA,NA,p.Cys229Trp,0.10945709698960092
urn:mavedb:00000068-c-1#3158,NA,NA,p.Cys229Val,-0.7771659435715301
urn:mavedb:00000068-c-1#3159,NA,NA,p.Cys229Thr,0.02120284025453414
urn:mavedb:00000068-c-1#3160,NA,NA,p.Cys229Ser,0.3714038617983654
urn:mavedb:00000068-c-1#3161,NA,NA,p.Cys229Arg,0.4892568144137266
urn:mavedb:00000068-c-1#3162,NA,NA,p.Cys229Gln,0.26509951577424945
urn:mavedb:00000068-c-1#3163,NA,NA,p.Cys229Pro,0.3995433725856547
urn:mavedb:00000068-c-1#3164,NA,NA,p.Cys229Asn,0.3539222529094894
urn:mavedb:00000068-c-1#3165,NA,NA,p.Cys229Met,0.6410002830886539
urn:mavedb:00000068-c-1#3166,NA,NA,p.Cys229Leu,-1.2634612274173032
urn:mavedb:00000068-c-1#3167,NA,NA,p.Cys229Lys,0.4188877089513136
urn:mavedb:00000068-c-1#3168,NA,NA,p.Cys229Ile,0.8614006045727506
urn:mavedb:00000068-c-1#3169,NA,NA,p.Cys229His,0.25974899324084944
urn:mavedb:00000068-c-1#3170,NA,NA,p.Cys229Gly,0.053609558774528186
urn:mavedb:00000068-c-1#3171,NA,NA,p.Cys229Phe,0.3552195394521311
urn:mavedb:00000068-c-1#3172,NA,NA,p.Cys229Glu,-0.13627612373419115
urn:mavedb:00000068-c-1#3173,NA,NA,p.Cys229Asp,-1.8020979713707703
urn:mavedb:00000068-c-1#3174,NA,NA,p.Cys229=,0.6466401302176668
urn:mavedb:00000068-c-1#3175,NA,NA,p.Cys229Ala,-0.4015346464949773
urn:mavedb:00000068-c-1#3176,NA,NA,p.Asp228Ter,-2.234475660080978
urn:mavedb:00000068-c-1#3177,NA,NA,p.Asp228Tyr,0.32977772701235997
urn:mavedb:00000068-c-1#3178,NA,NA,p.Asp228Trp,0.052113010699883215
urn:mavedb:00000068-c-1#3179,NA,NA,p.Asp228Val,0.4390198364039009
urn:mavedb:00000068-c-1#3180,NA,NA,p.Asp228Thr,-0.8283116842935502
urn:mavedb:00000068-c-1#3181,NA,NA,p.Asp228Ser,-0.1357858140707557
urn:mavedb:00000068-c-1#3182,NA,NA,p.Asp228Arg,-1.1668467403958054
urn:mavedb:00000068-c-1#3183,NA,NA,p.Asp228Gln,0.343937026280377
urn:mavedb:00000068-c-1#3184,NA,NA,p.Asp228Pro,0.4762119572514072
urn:mavedb:00000068-c-1#3185,NA,NA,p.Asp228Asn,0.17443784751979835
urn:mavedb:00000068-c-1#3186,NA,NA,p.Asp228Met,-0.10239847106135838
urn:mavedb:00000068-c-1#3187,NA,NA,p.Asp228Leu,-0.28805510095472303
urn:mavedb:00000068-c-1#3188,NA,NA,p.Asp228Lys,0.17292291553657627
urn:mavedb:00000068-c-1#3189,NA,NA,p.Asp228Ile,0.6082342839193818
urn:mavedb:00000068-c-1#3190,NA,NA,p.Asp228His,0.6190477258053103
urn:mavedb:00000068-c-1#3191,NA,NA,p.Asp228Gly,0.2811150021761435
urn:mavedb:00000068-c-1#3192,NA,NA,p.Asp228Phe,0.4016700185438201
urn:mavedb:00000068-c-1#3193,NA,NA,p.Asp228Glu,0.2291690436260207
urn:mavedb:00000068-c-1#3194,NA,NA,p.Asp228Cys,-0.15203049531679302
urn:mavedb:00000068-c-1#3195,NA,NA,p.Asp228=,0.25377713568844745
urn:mavedb:00000068-c-1#3196,NA,NA,p.Asp228Ala,-0.015232765816220082
urn:mavedb:00000068-c-1#3197,NA,NA,p.Ser227Ter,-2.0331880806293015
urn:mavedb:00000068-c-1#3198,NA,NA,p.Ser227Tyr,0.5243635068711369
urn:mavedb:00000068-c-1#3199,NA,NA,p.Ser227Trp,0.7028052635882136
urn:mavedb:00000068-c-1#3200,NA,NA,p.Ser227Val,0.18546941189995586
urn:mavedb:00000068-c-1#3201,NA,NA,p.Ser227Thr,0.4883081990826568
urn:mavedb:00000068-c-1#3202,NA,NA,p.Ser227Arg,0.19319917691911395
urn:mavedb:00000068-c-1#3203,NA,NA,p.Ser227Gln,-0.031071307561947245
urn:mavedb:00000068-c-1#3204,NA,NA,p.Ser227Pro,0.026836128378805245
urn:mavedb:00000068-c-1#3205,NA,NA,p.Ser227Asn,0.4541212598170794
urn:mavedb:00000068-c-1#3206,NA,NA,p.Ser227Met,0.4419265782055015
urn:mavedb:00000068-c-1#3207,NA,NA,p.Ser227Leu,-0.9317820019452692
urn:mavedb:00000068-c-1#3208,NA,NA,p.Ser227Lys,-0.4183255273281338
urn:mavedb:00000068-c-1#3209,NA,NA,p.Ser227Ile,0.858328606847375
urn:mavedb:00000068-c-1#3210,NA,NA,p.Ser227His,0.3049641121860378
urn:mavedb:00000068-c-1#3211,NA,NA,p.Ser227Gly,0.8050707167333281
urn:mavedb:00000068-c-1#3212,NA,NA,p.Ser227Phe,0.3752318643878378
urn:mavedb:00000068-c-1#3213,NA,NA,p.Ser227Glu,1.0005709466387784
urn:mavedb:00000068-c-1#3214,NA,NA,p.Ser227Asp,0.9544972929413528
urn:mavedb:00000068-c-1#3215,NA,NA,p.Ser227Cys,0.6854812463850066
urn:mavedb:00000068-c-1#3216,NA,NA,p.Ser227=,0.2950903268673284
urn:mavedb:00000068-c-1#3217,NA,NA,p.Ser227Ala,-0.0901400621895427
urn:mavedb:00000068-c-1#3218,NA,NA,p.Gly226Ter,-1.417916855501521
urn:mavedb:00000068-c-1#3219,NA,NA,p.Gly226Tyr,-0.4121383995538488
urn:mavedb:00000068-c-1#3220,NA,NA,p.Gly226Trp,-0.21745190341734105
urn:mavedb:00000068-c-1#3221,NA,NA,p.Gly226Val,0.5504753527450371
urn:mavedb:00000068-c-1#3222,NA,NA,p.Gly226Thr,0.4181123812838569
urn:mavedb:00000068-c-1#3223,NA,NA,p.Gly226Ser,0.21197787564916204
urn:mavedb:00000068-c-1#3224,NA,NA,p.Gly226Arg,0.4319825697334044
urn:mavedb:00000068-c-1#3225,NA,NA,p.Gly226Gln,-0.02016820832379856
urn:mavedb:00000068-c-1#3226,NA,NA,p.Gly226Pro,0.4369492697937837
urn:mavedb:00000068-c-1#3227,NA,NA,p.Gly226Asn,0.8133713815753316
urn:mavedb:00000068-c-1#3228,NA,NA,p.Gly226Met,0.15707078535998192
urn:mavedb:00000068-c-1#3229,NA,NA,p.Gly226Leu,0.2102121234499273
urn:mavedb:00000068-c-1#3230,NA,NA,p.Gly226Lys,0.8117250235263429
urn:mavedb:00000068-c-1#3231,NA,NA,p.Gly226Ile,0.05488116810408954
urn:mavedb:00000068-c-1#3232,NA,NA,p.Gly226His,0.0690255090159025
urn:mavedb:00000068-c-1#3233,NA,NA,p.Gly226Phe,-0.33267357332303776
urn:mavedb:00000068-c-1#3234,NA,NA,p.Gly226Glu,0.5319318199963752
urn:mavedb:00000068-c-1#3235,NA,NA,p.Gly226Asp,0.3951125453963431
urn:mavedb:00000068-c-1#3236,NA,NA,p.Gly226Cys,0.13255272236749388
urn:mavedb:00000068-c-1#3237,NA,NA,p.Gly226=,0.4741311819752978
urn:mavedb:00000068-c-1#3238,NA,NA,p.Gly226Ala,-0.4996945936613493
urn:mavedb:00000068-c-1#3239,NA,NA,p.Val225Ter,-2.1652494236404367
urn:mavedb:00000068-c-1#3240,NA,NA,p.Val225Tyr,0.17725008541185866
urn:mavedb:00000068-c-1#3241,NA,NA,p.Val225Trp,-0.6951877339958785
urn:mavedb:00000068-c-1#3242,NA,NA,p.Val225Thr,0.4534623492822765
urn:mavedb:00000068-c-1#3243,NA,NA,p.Val225Ser,0.4691749480979141
urn:mavedb:00000068-c-1#3244,NA,NA,p.Val225Arg,0.22279028938892714
urn:mavedb:00000068-c-1#3245,NA,NA,p.Val225Gln,-0.09318016763941443
urn:mavedb:00000068-c-1#3246,NA,NA,p.Val225Pro,0.24038168856111705
urn:mavedb:00000068-c-1#3247,NA,NA,p.Val225Asn,-0.4551026776112325
urn:mavedb:00000068-c-1#3248,NA,NA,p.Val225Met,-0.7743191356910881
urn:mavedb:00000068-c-1#3249,NA,NA,p.Val225Leu,-0.6631982960511766
urn:mavedb:00000068-c-1#3250,NA,NA,p.Val225Lys,0.4752717714124201
urn:mavedb:00000068-c-1#3251,NA,NA,p.Val225Ile,0.3887451107467971
urn:mavedb:00000068-c-1#3252,NA,NA,p.Val225His,0.26489425511881115
urn:mavedb:00000068-c-1#3253,NA,NA,p.Val225Gly,-0.7285335076681371
urn:mavedb:00000068-c-1#3254,NA,NA,p.Val225Phe,0.4990096950421571
urn:mavedb:00000068-c-1#3255,NA,NA,p.Val225Glu,-0.040001113898777085
urn:mavedb:00000068-c-1#3256,NA,NA,p.Val225Asp,0.4290324712545367
urn:mavedb:00000068-c-1#3257,NA,NA,p.Val225Cys,0.0257995446114378
urn:mavedb:00000068-c-1#3258,NA,NA,p.Val225=,0.232326715397854
urn:mavedb:00000068-c-1#3259,NA,NA,p.Val225Ala,0.2385004321494533
urn:mavedb:00000068-c-1#3260,NA,NA,p.Glu224Ter,-0.4459831369564578
urn:mavedb:00000068-c-1#3261,NA,NA,p.Glu224Tyr,0.5498056549311765
urn:mavedb:00000068-c-1#3262,NA,NA,p.Glu224Trp,0.3900791652499191
urn:mavedb:00000068-c-1#3263,NA,NA,p.Glu224Val,0.5342415881194142
urn:mavedb:00000068-c-1#3264,NA,NA,p.Glu224Thr,0.22215144999555486
urn:mavedb:00000068-c-1#3265,NA,NA,p.Glu224Ser,0.6701188136566238
urn:mavedb:00000068-c-1#3266,NA,NA,p.Glu224Arg,-0.17906249420906115
urn:mavedb:00000068-c-1#3267,NA,NA,p.Glu224Gln,0.5240248361473311
urn:mavedb:00000068-c-1#3268,NA,NA,p.Glu224Pro,-0.05132981847977182
urn:mavedb:00000068-c-1#3269,NA,NA,p.Glu224Asn,-0.018112199153018677
urn:mavedb:00000068-c-1#3270,NA,NA,p.Glu224Met,-0.4971913955645589
urn:mavedb:00000068-c-1#3271,NA,NA,p.Glu224Leu,0.4678178820230754
urn:mavedb:00000068-c-1#3272,NA,NA,p.Glu224Lys,-0.057381226352936826
urn:mavedb:00000068-c-1#3273,NA,NA,p.Glu224Ile,0.17053877752512675
urn:mavedb:00000068-c-1#3274,NA,NA,p.Glu224His,0.2592611316330307
urn:mavedb:00000068-c-1#3275,NA,NA,p.Glu224Gly,0.04500450625804413
urn:mavedb:00000068-c-1#3276,NA,NA,p.Glu224Phe,0.15679526290992102
urn:mavedb:00000068-c-1#3277,NA,NA,p.Glu224Asp,0.5582185789920997
urn:mavedb:00000068-c-1#3278,NA,NA,p.Glu224Cys,0.025499573325497002
urn:mavedb:00000068-c-1#3279,NA,NA,p.Glu224=,0.4787100762659848
urn:mavedb:00000068-c-1#3280,NA,NA,p.Glu224Ala,-0.2323450481348257
urn:mavedb:00000068-c-1#3281,NA,NA,p.Pro223Ter,-1.8518506894062037
urn:mavedb:00000068-c-1#3282,NA,NA,p.Pro223Tyr,-0.8876929504910523
urn:mavedb:00000068-c-1#3283,NA,NA,p.Pro223Trp,-1.7836882690689981
urn:mavedb:00000068-c-1#3284,NA,NA,p.Pro223Val,0.3649689666135811
urn:mavedb:00000068-c-1#3285,NA,NA,p.Pro223Thr,0.6535606941816736
urn:mavedb:00000068-c-1#3286,NA,NA,p.Pro223Ser,0.5744407264633296
urn:mavedb:00000068-c-1#3287,NA,NA,p.Pro223Arg,0.43543519590604496
urn:mavedb:00000068-c-1#3288,NA,NA,p.Pro223Gln,0.2922096948999696
urn:mavedb:00000068-c-1#3289,NA,NA,p.Pro223Asn,0.5451389276351275
urn:mavedb:00000068-c-1#3290,NA,NA,p.Pro223Met,0.24897248419863555
urn:mavedb:00000068-c-1#3291,NA,NA,p.Pro223Leu,-0.3202543807277156
urn:mavedb:00000068-c-1#3292,NA,NA,p.Pro223Lys,0.4827636824151134
urn:mavedb:00000068-c-1#3293,NA,NA,p.Pro223Ile,0.1965835957313726
urn:mavedb:00000068-c-1#3294,NA,NA,p.Pro223His,0.4602221523332298
urn:mavedb:00000068-c-1#3295,NA,NA,p.Pro223Gly,0.585062406168562
urn:mavedb:00000068-c-1#3296,NA,NA,p.Pro223Phe,-2.1628553081342674
urn:mavedb:00000068-c-1#3297,NA,NA,p.Pro223Glu,-0.4812577785727714
urn:mavedb:00000068-c-1#3298,NA,NA,p.Pro223Asp,1.1308393897642366
urn:mavedb:00000068-c-1#3299,NA,NA,p.Pro223Cys,0.41867405016198256
urn:mavedb:00000068-c-1#3300,NA,NA,p.Pro223=,0.3304045187335166
urn:mavedb:00000068-c-1#3301,NA,NA,p.Cys275Ser,-0.1595314445853481
urn:mavedb:00000068-c-1#3302,NA,NA,p.Cys275Arg,-1.4018554549103923
urn:mavedb:00000068-c-1#3303,NA,NA,p.Cys275Gln,-1.778500374255388
urn:mavedb:00000068-c-1#3304,NA,NA,p.Cys275Pro,-1.8531683209656171
urn:mavedb:00000068-c-1#3305,NA,NA,p.Cys275Asn,-1.7924981403426328
urn:mavedb:00000068-c-1#3306,NA,NA,p.Cys275Met,-1.8662002858090363
urn:mavedb:00000068-c-1#3307,NA,NA,p.Cys275Leu,-1.7076148207127348
urn:mavedb:00000068-c-1#3308,NA,NA,p.Cys275Lys,-1.8859156248140323
urn:mavedb:00000068-c-1#3309,NA,NA,p.Cys275Ile,-1.776914281999755
urn:mavedb:00000068-c-1#3310,NA,NA,p.Cys275His,-2.09219581707822
urn:mavedb:00000068-c-1#3311,NA,NA,p.Cys275Gly,-1.566749567673597
urn:mavedb:00000068-c-1#3312,NA,NA,p.Cys275Phe,-0.9963834343745096
urn:mavedb:00000068-c-1#3313,NA,NA,p.Cys275Glu,-1.8485901068872308
urn:mavedb:00000068-c-1#3314,NA,NA,p.Cys275Asp,-1.6589416078695738
urn:mavedb:00000068-c-1#3315,NA,NA,p.Cys275=,0.1628510901343076
urn:mavedb:00000068-c-1#3316,NA,NA,p.Cys275Ala,-1.8653960713216933
urn:mavedb:00000068-c-1#3317,NA,NA,p.Val274Ter,-2.095051012533349
urn:mavedb:00000068-c-1#3318,NA,NA,p.Val274Tyr,-1.9199116936241265
urn:mavedb:00000068-c-1#3319,NA,NA,p.Val274Trp,-1.7715585355388737
urn:mavedb:00000068-c-1#3320,NA,NA,p.Val274Thr,-1.8917558106994667
urn:mavedb:00000068-c-1#3321,NA,NA,p.Val274Ser,-1.6476204649100537
urn:mavedb:00000068-c-1#3322,NA,NA,p.Val274Arg,-2.087185892422211
urn:mavedb:00000068-c-1#3323,NA,NA,p.Val274Gln,-1.7485587830017433
urn:mavedb:00000068-c-1#3324,NA,NA,p.Val274Pro,-2.2409625623329426
urn:mavedb:00000068-c-1#3325,NA,NA,p.Val274Asn,-2.0970474055321437
urn:mavedb:00000068-c-1#3326,NA,NA,p.Val274Met,-1.4494753806686058
urn:mavedb:00000068-c-1#3327,NA,NA,p.Val274Leu,-1.5252985443257183
urn:mavedb:00000068-c-1#3328,NA,NA,p.Val274Lys,-1.7049011058182857
urn:mavedb:00000068-c-1#3329,NA,NA,p.Val274Ile,0.5949708201630979
urn:mavedb:00000068-c-1#3330,NA,NA,p.Val274His,-1.5761631289884226
urn:mavedb:00000068-c-1#3331,NA,NA,p.Val274Gly,-1.1422350962257901
urn:mavedb:00000068-c-1#3332,NA,NA,p.Val274Phe,-1.0044960306731507
urn:mavedb:00000068-c-1#3333,NA,NA,p.Val274Glu,-2.318998471996644
urn:mavedb:00000068-c-1#3334,NA,NA,p.Val274Asp,-1.555066320541608
urn:mavedb:00000068-c-1#3335,NA,NA,p.Val274Cys,-0.6433219449571771
urn:mavedb:00000068-c-1#3336,NA,NA,p.Val274=,0.17551595068591908
urn:mavedb:00000068-c-1#3337,NA,NA,p.Val274Ala,-0.9960612770479234
urn:mavedb:00000068-c-1#3338,NA,NA,p.Arg273Ter,-1.3580622787734302
urn:mavedb:00000068-c-1#3339,NA,NA,p.Arg273Tyr,-2.0507834664207025
urn:mavedb:00000068-c-1#3340,NA,NA,p.Arg273Trp,-1.61039648460024
urn:mavedb:00000068-c-1#3341,NA,NA,p.Arg273Val,-1.8514444460526818
urn:mavedb:00000068-c-1#3342,NA,NA,p.Arg273Thr,-1.6894699197256733
urn:mavedb:00000068-c-1#3343,NA,NA,p.Arg273Ser,-1.1647428424793294
urn:mavedb:00000068-c-1#3344,NA,NA,p.Arg273Gln,-1.5795291100591105
urn:mavedb:00000068-c-1#3345,NA,NA,p.Arg273Pro,-1.335750051822478
urn:mavedb:00000068-c-1#3346,NA,NA,p.Arg273Asn,-2.110335691551214
urn:mavedb:00000068-c-1#3347,NA,NA,p.Arg273Met,-2.0368751923791217
urn:mavedb:00000068-c-1#3348,NA,NA,p.Arg273Leu,-0.8912211368593783
urn:mavedb:00000068-c-1#3349,NA,NA,p.Arg273Lys,0.3933718028983056
urn:mavedb:00000068-c-1#3350,NA,NA,p.Arg273Ile,-1.812746798226392
urn:mavedb:00000068-c-1#3351,NA,NA,p.Arg273His,-1.4383870935120846
urn:mavedb:00000068-c-1#3352,NA,NA,p.Arg273Gly,-1.5832722132396362
urn:mavedb:00000068-c-1#3353,NA,NA,p.Arg273Phe,-1.9950254801722869
urn:mavedb:00000068-c-1#3354,NA,NA,p.Arg273Glu,-1.5912214495013448
urn:mavedb:00000068-c-1#3355,NA,NA,p.Arg273Asp,-1.991381537377736
urn:mavedb:00000068-c-1#3356,NA,NA,p.Arg273Cys,-0.9303982219537827
urn:mavedb:00000068-c-1#3357,NA,NA,p.Arg273=,0.3824216633189023
urn:mavedb:00000068-c-1#3358,NA,NA,p.Arg273Ala,-1.893123981940657
urn:mavedb:00000068-c-1#3359,NA,NA,p.Val272Ter,-1.8724018266707447
urn:mavedb:00000068-c-1#3360,NA,NA,p.Val272Tyr,-1.8588904354560525
urn:mavedb:00000068-c-1#3361,NA,NA,p.Val272Trp,-1.5044293282012295
urn:mavedb:00000068-c-1#3362,NA,NA,p.Val272Thr,1.0264844259627244
urn:mavedb:00000068-c-1#3363,NA,NA,p.Val272Ser,-1.2501963064255517
urn:mavedb:00000068-c-1#3364,NA,NA,p.Val272Arg,-1.4865276084032468
urn:mavedb:00000068-c-1#3365,NA,NA,p.Val272Gln,-1.7974366630385563
urn:mavedb:00000068-c-1#3366,NA,NA,p.Val272Pro,-1.6597828793110052
urn:mavedb:00000068-c-1#3367,NA,NA,p.Val272Asn,-1.6379670501276284
urn:mavedb:00000068-c-1#3368,NA,NA,p.Val272Met,-1.2004719201008365
urn:mavedb:00000068-c-1#3369,NA,NA,p.Val272Leu,-0.8190950439009037
urn:mavedb:00000068-c-1#3370,NA,NA,p.Val272Lys,-1.55697906359099
urn:mavedb:00000068-c-1#3371,NA,NA,p.Val272Ile,0.7069071059429993
urn:mavedb:00000068-c-1#3372,NA,NA,p.Val272His,-1.709465766068312
urn:mavedb:00000068-c-1#3373,NA,NA,p.Val272Gly,-1.2803244406891592
urn:mavedb:00000068-c-1#3374,NA,NA,p.Val272Phe,-1.5890134504831666
urn:mavedb:00000068-c-1#3375,NA,NA,p.Val272Glu,-1.153250319676977
urn:mavedb:00000068-c-1#3376,NA,NA,p.Val272Asp,-1.910877152369311
urn:mavedb:00000068-c-1#3377,NA,NA,p.Val272Cys,0.85243464720826
urn:mavedb:00000068-c-1#3378,NA,NA,p.Val272=,0.30823094644721005
urn:mavedb:00000068-c-1#3379,NA,NA,p.Val272Ala,0.04603826934834198
urn:mavedb:00000068-c-1#3380,NA,NA,p.Glu271Ter,-0.625699842974727
urn:mavedb:00000068-c-1#3381,NA,NA,p.Glu271Tyr,-0.5282234370385527
urn:mavedb:00000068-c-1#3382,NA,NA,p.Glu271Trp,-1.9822803587325672
urn:mavedb:00000068-c-1#3383,NA,NA,p.Glu271Val,-0.7597607084202218
urn:mavedb:00000068-c-1#3384,NA,NA,p.Glu271Thr,0.4804702841036136
urn:mavedb:00000068-c-1#3385,NA,NA,p.Glu271Ser,0.3507123422608725
urn:mavedb:00000068-c-1#3386,NA,NA,p.Glu271Arg,-1.6267195039911422
urn:mavedb:00000068-c-1#3387,NA,NA,p.Glu271Gln,-0.2041963654850391
urn:mavedb:00000068-c-1#3388,NA,NA,p.Glu271Pro,-1.751652002745093
urn:mavedb:00000068-c-1#3389,NA,NA,p.Glu271Asn,0.34165073134991786
urn:mavedb:00000068-c-1#3390,NA,NA,p.Glu271Met,-1.47455592802547
urn:mavedb:00000068-c-1#3391,NA,NA,p.Glu271Leu,0.05214025484443675
urn:mavedb:00000068-c-1#3392,NA,NA,p.Glu271Lys,-1.3136546525251542
urn:mavedb:00000068-c-1#3393,NA,NA,p.Glu271Ile,-1.4771590790948592
urn:mavedb:00000068-c-1#3394,NA,NA,p.Glu271His,0.15627111641918665
urn:mavedb:00000068-c-1#3395,NA,NA,p.Glu271Gly,0.2787854675421598
urn:mavedb:00000068-c-1#3396,NA,NA,p.Glu271Phe,-1.4606378112393308
urn:mavedb:00000068-c-1#3397,NA,NA,p.Glu271Asp,0.21120658778232296
urn:mavedb:00000068-c-1#3398,NA,NA,p.Glu271Cys,-0.033141389834501066
urn:mavedb:00000068-c-1#3399,NA,NA,p.Glu271=,0.4367284345934864
urn:mavedb:00000068-c-1#3400,NA,NA,p.Glu271Ala,0.2920672965482985
urn:mavedb:00000068-c-1#3401,NA,NA,p.Phe270Ter,-1.3216505478920904
urn:mavedb:00000068-c-1#3402,NA,NA,p.Phe270Tyr,-0.1087190636924175
urn:mavedb:00000068-c-1#3403,NA,NA,p.Phe270Trp,-0.39477854951823615
urn:mavedb:00000068-c-1#3404,NA,NA,p.Phe270Val,-0.7954278902363884
urn:mavedb:00000068-c-1#3405,NA,NA,p.Phe270Thr,-2.0382302238810257
urn:mavedb:00000068-c-1#3406,NA,NA,p.Phe270Ser,-1.0532186229689149
urn:mavedb:00000068-c-1#3407,NA,NA,p.Phe270Arg,-1.6334707069688643
urn:mavedb:00000068-c-1#3408,NA,NA,p.Phe270Gln,-1.273382075041014
urn:mavedb:00000068-c-1#3409,NA,NA,p.Phe270Pro,-1.8269902987593392
urn:mavedb:00000068-c-1#3410,NA,NA,p.Phe270Asn,-2.8446283922774787
urn:mavedb:00000068-c-1#3411,NA,NA,p.Phe270Met,-1.59427401014444
urn:mavedb:00000068-c-1#3412,NA,NA,p.Phe270Leu,-1.2039945061423407
urn:mavedb:00000068-c-1#3413,NA,NA,p.Phe270Lys,-1.981401177788956
urn:mavedb:00000068-c-1#3414,NA,NA,p.Phe270Ile,-1.2421276571603173
urn:mavedb:00000068-c-1#3415,NA,NA,p.Phe270His,-2.04149397394109
urn:mavedb:00000068-c-1#3416,NA,NA,p.Phe270Gly,-0.936133089143026
urn:mavedb:00000068-c-1#3417,NA,NA,p.Phe270Glu,-1.318925183967927
urn:mavedb:00000068-c-1#3418,NA,NA,p.Phe270Asp,-2.6650057378192797
urn:mavedb:00000068-c-1#3419,NA,NA,p.Phe270Cys,-1.2274463506114175
urn:mavedb:00000068-c-1#3420,NA,NA,p.Phe270=,0.3587094256331521
urn:mavedb:00000068-c-1#3421,NA,NA,p.Phe270Ala,-1.6247283073224144
urn:mavedb:00000068-c-1#3422,NA,NA,p.Ser269Ter,-1.2268671599021954
urn:mavedb:00000068-c-1#3423,NA,NA,p.Ser269Tyr,0.054636488901194685
urn:mavedb:00000068-c-1#3424,NA,NA,p.Ser269Trp,0.06655419171312134
urn:mavedb:00000068-c-1#3425,NA,NA,p.Ser269Val,0.1564741821299368
urn:mavedb:00000068-c-1#3426,NA,NA,p.Ser269Thr,0.17947127465708415
urn:mavedb:00000068-c-1#3427,NA,NA,p.Ser269Arg,0.4252832831667251
urn:mavedb:00000068-c-1#3428,NA,NA,p.Ser269Gln,-1.1947923800666418
urn:mavedb:00000068-c-1#3429,NA,NA,p.Ser269Pro,-1.4685672981538749
urn:mavedb:00000068-c-1#3430,NA,NA,p.Ser269Asn,0.15145256070689242
urn:mavedb:00000068-c-1#3431,NA,NA,p.Ser269Met,0.4537049505935308
urn:mavedb:00000068-c-1#3432,NA,NA,p.Ser269Leu,-0.21479216689915648
urn:mavedb:00000068-c-1#3433,NA,NA,p.Ser269Lys,0.635783053832663
urn:mavedb:00000068-c-1#3434,NA,NA,p.Ser269Ile,0.5565016541882937
urn:mavedb:00000068-c-1#3435,NA,NA,p.Ser269His,0.2557546539050859
urn:mavedb:00000068-c-1#3436,NA,NA,p.Ser269Gly,0.03763400885931422
urn:mavedb:00000068-c-1#3437,NA,NA,p.Ser269Phe,0.8362817235837531
urn:mavedb:00000068-c-1#3438,NA,NA,p.Ser269Glu,0.3893084340315083
urn:mavedb:00000068-c-1#3439,NA,NA,p.Ser269Asp,-0.99000092332461
urn:mavedb:00000068-c-1#3440,NA,NA,p.Ser269Cys,0.6201669290966104
urn:mavedb:00000068-c-1#3441,NA,NA,p.Ser269=,-0.27656224804397866
urn:mavedb:00000068-c-1#3442,NA,NA,p.Arg249Gln,-1.7021479759784532
urn:mavedb:00000068-c-1#3443,NA,NA,p.Arg249Pro,-1.4727252782831814
urn:mavedb:00000068-c-1#3444,NA,NA,p.Arg249Asn,-1.128249099524823
urn:mavedb:00000068-c-1#3445,NA,NA,p.Arg249Met,-0.12999045477604246
urn:mavedb:00000068-c-1#3446,NA,NA,p.Arg249Leu,-1.6826740256105397
urn:mavedb:00000068-c-1#3447,NA,NA,p.Arg249Lys,0.10551080731884414
urn:mavedb:00000068-c-1#3448,NA,NA,p.Arg249Ile,-1.7984940937520597
urn:mavedb:00000068-c-1#3449,NA,NA,p.Arg249His,-1.8825519861837208
urn:mavedb:00000068-c-1#3450,NA,NA,p.Arg249Gly,-0.8166696486097472
urn:mavedb:00000068-c-1#3451,NA,NA,p.Arg249Phe,-1.5371001930545949
urn:mavedb:00000068-c-1#3452,NA,NA,p.Arg249Glu,-1.5390840350577826
urn:mavedb:00000068-c-1#3453,NA,NA,p.Arg249Asp,-1.5375419168714604
urn:mavedb:00000068-c-1#3454,NA,NA,p.Arg249Cys,-1.344630604044517
urn:mavedb:00000068-c-1#3455,NA,NA,p.Arg249=,0.5445557638535181
urn:mavedb:00000068-c-1#3456,NA,NA,p.Arg249Ala,-1.8867527243406863
urn:mavedb:00000068-c-1#3457,NA,NA,p.Arg248Ter,-1.2618504754078204
urn:mavedb:00000068-c-1#3458,NA,NA,p.Arg248Tyr,-1.3454659085741032
urn:mavedb:00000068-c-1#3459,NA,NA,p.Arg248Trp,-0.6892312463118315
urn:mavedb:00000068-c-1#3460,NA,NA,p.Arg248Val,-2.0254399425321368
urn:mavedb:00000068-c-1#3461,NA,NA,p.Arg248Thr,-1.433104411759403
urn:mavedb:00000068-c-1#3462,NA,NA,p.Arg248Ser,-1.7402222630593775
urn:mavedb:00000068-c-1#3463,NA,NA,p.Arg248Gln,-0.9853848254821236
urn:mavedb:00000068-c-1#3464,NA,NA,p.Arg248Pro,-1.7433651561843282
urn:mavedb:00000068-c-1#3465,NA,NA,p.Arg248Asn,-1.546387263811009
urn:mavedb:00000068-c-1#3466,NA,NA,p.Arg248Met,-1.7254895704400148
urn:mavedb:00000068-c-1#3467,NA,NA,p.Arg248Leu,-0.3941045879286342
urn:mavedb:00000068-c-1#3468,NA,NA,p.Arg248Lys,-0.5608978863451376
urn:mavedb:00000068-c-1#3469,NA,NA,p.Arg248Ile,-1.978586059491932
urn:mavedb:00000068-c-1#3470,NA,NA,p.Arg248His,-1.1555599716052622
urn:mavedb:00000068-c-1#3471,NA,NA,p.Arg248Gly,-1.4488781235898989
urn:mavedb:00000068-c-1#3472,NA,NA,p.Arg248Phe,-2.033779997885163
urn:mavedb:00000068-c-1#3473,NA,NA,p.Arg248Glu,-1.302548071270509
urn:mavedb:00000068-c-1#3474,NA,NA,p.Arg248Asp,-1.7157839659892986
urn:mavedb:00000068-c-1#3475,NA,NA,p.Arg248Cys,-0.9134680866378394
urn:mavedb:00000068-c-1#3476,NA,NA,p.Arg248=,0.4371259313707369
urn:mavedb:00000068-c-1#3477,NA,NA,p.Arg248Ala,-1.9264937900059742
urn:mavedb:00000068-c-1#3478,NA,NA,p.Asn247Ter,-1.2969049700789521
urn:mavedb:00000068-c-1#3479,NA,NA,p.Asn247Tyr,0.6376330548649545
urn:mavedb:00000068-c-1#3480,NA,NA,p.Asn247Trp,-0.01757710821405535
urn:mavedb:00000068-c-1#3481,NA,NA,p.Asn247Val,-1.7690467464248418
urn:mavedb:00000068-c-1#3482,NA,NA,p.Asn247Thr,-0.5813614129398127
urn:mavedb:00000068-c-1#3483,NA,NA,p.Asn247Ser,0.4268337208719878
urn:mavedb:00000068-c-1#3484,NA,NA,p.Asn247Arg,0.19707564324712126
urn:mavedb:00000068-c-1#3485,NA,NA,p.Asn247Gln,0.25683275110616033
urn:mavedb:00000068-c-1#3486,NA,NA,p.Asn247Pro,-1.0133840234410905
urn:mavedb:00000068-c-1#3487,NA,NA,p.Asn247Met,0.7792852674553686
urn:mavedb:00000068-c-1#3488,NA,NA,p.Asn247Leu,-1.2900932800807776
urn:mavedb:00000068-c-1#3489,NA,NA,p.Asn247Lys,0.27365784882704697
urn:mavedb:00000068-c-1#3490,NA,NA,p.Asn247Ile,-0.9928614058652488
urn:mavedb:00000068-c-1#3491,NA,NA,p.Pro223Ala,-0.4616499705661026
urn:mavedb:00000068-c-1#3492,NA,NA,p.Pro222Ter,-2.053586064561521
urn:mavedb:00000068-c-1#3493,NA,NA,p.Pro222Tyr,1.1281191299213298
urn:mavedb:00000068-c-1#3494,NA,NA,p.Pro222Trp,0.7056431355653968
urn:mavedb:00000068-c-1#3495,NA,NA,p.Pro222Val,0.8139261392289159
urn:mavedb:00000068-c-1#3496,NA,NA,p.Pro222Thr,0.4449624779369348
urn:mavedb:00000068-c-1#3497,NA,NA,p.Pro222Ser,0.7377571149298505
urn:mavedb:00000068-c-1#3498,NA,NA,p.Pro222Arg,0.3479060106146598
urn:mavedb:00000068-c-1#3499,NA,NA,p.Pro222Gln,0.6625713940232372
urn:mavedb:00000068-c-1#3500,NA,NA,p.Pro222Asn,0.8239668005585276
urn:mavedb:00000068-c-1#3501,NA,NA,p.Pro222Met,0.9798107006954858
urn:mavedb:00000068-c-1#3502,NA,NA,p.Pro222Leu,0.5397457581880283
urn:mavedb:00000068-c-1#3503,NA,NA,p.Pro222Lys,0.4076364803944734
urn:mavedb:00000068-c-1#3504,NA,NA,p.Pro222Ile,0.8271147375318523
urn:mavedb:00000068-c-1#3505,NA,NA,p.Pro222His,0.5873179912032553
urn:mavedb:00000068-c-1#3506,NA,NA,p.Pro222Gly,0.41845610575057857
urn:mavedb:00000068-c-1#3507,NA,NA,p.Pro222Phe,0.3988412845859464
urn:mavedb:00000068-c-1#3508,NA,NA,p.Pro222Glu,0.23024664563115674
urn:mavedb:00000068-c-1#3509,NA,NA,p.Pro222Asp,0.35433295320328817
urn:mavedb:00000068-c-1#3510,NA,NA,p.Pro222Cys,1.0059683034995266
urn:mavedb:00000068-c-1#3511,NA,NA,p.Pro222=,0.4689452369998046
urn:mavedb:00000068-c-1#3512,NA,NA,p.Pro222Ala,-0.3441400857813887
urn:mavedb:00000068-c-1#3513,NA,NA,p.Glu221Ter,-0.4652005284023924
urn:mavedb:00000068-c-1#3514,NA,NA,p.Glu221Tyr,0.4723045483232043
urn:mavedb:00000068-c-1#3515,NA,NA,p.Glu221Trp,0.21958443660129595
urn:mavedb:00000068-c-1#3516,NA,NA,p.Glu221Val,0.7430137950415023
urn:mavedb:00000068-c-1#3517,NA,NA,p.Pro219His,0.42689552740030784
urn:mavedb:00000068-c-1#3518,NA,NA,p.Pro219Gly,0.4050954789600047
urn:mavedb:00000068-c-1#3519,NA,NA,p.Pro219Phe,-0.9437792816790608
urn:mavedb:00000068-c-1#3520,NA,NA,p.Pro219Glu,-0.011684262657795938
urn:mavedb:00000068-c-1#3521,NA,NA,p.Pro219Asp,0.10581034774704663
urn:mavedb:00000068-c-1#3522,NA,NA,p.Pro219Cys,-0.7037329860025445
urn:mavedb:00000068-c-1#3523,NA,NA,p.Pro219=,0.263132220619236
urn:mavedb:00000068-c-1#3524,NA,NA,p.Pro219Ala,-0.8763214673638621
urn:mavedb:00000068-c-1#3525,NA,NA,p.Val218Ter,-1.6359140031875588
urn:mavedb:00000068-c-1#3526,NA,NA,p.Val218Tyr,-1.9465947184568675
urn:mavedb:00000068-c-1#3527,NA,NA,p.Val218Trp,-1.6401759518130306
urn:mavedb:00000068-c-1#3528,NA,NA,p.Val218Thr,0.3703894984033772
urn:mavedb:00000068-c-1#3529,NA,NA,p.Val218Ser,-1.7565233470465538
urn:mavedb:00000068-c-1#3530,NA,NA,p.Val218Arg,-1.3162259096896638
urn:mavedb:00000068-c-1#3531,NA,NA,p.Val218Gln,-1.8252022940174
urn:mavedb:00000068-c-1#3532,NA,NA,p.Val218Pro,-2.084217678814038
urn:mavedb:00000068-c-1#3533,NA,NA,p.Val218Asn,-1.0804206502947242
urn:mavedb:00000068-c-1#3534,NA,NA,p.Val218Met,-0.12616642883440138
urn:mavedb:00000068-c-1#3535,NA,NA,p.Val218Leu,0.4835057216899677
urn:mavedb:00000068-c-1#3536,NA,NA,p.Val218Lys,-0.7179469127107987
urn:mavedb:00000068-c-1#3537,NA,NA,p.Val218Ile,0.8652511848647406
urn:mavedb:00000068-c-1#3538,NA,NA,p.Val218His,-2.3208339786515917
urn:mavedb:00000068-c-1#3539,NA,NA,p.Val218Gly,-1.5798639392729903
urn:mavedb:00000068-c-1#3540,NA,NA,p.Val218Phe,-0.35977510591960604
urn:mavedb:00000068-c-1#3541,NA,NA,p.Val218Glu,-0.5787373125536993
urn:mavedb:00000068-c-1#3542,NA,NA,p.Val218Asp,-1.216559282747909
urn:mavedb:00000068-c-1#3543,NA,NA,p.Val218Cys,-0.3912496924516663
urn:mavedb:00000068-c-1#3544,NA,NA,p.Val218=,0.22251757094187355
urn:mavedb:00000068-c-1#3545,NA,NA,p.Val218Ala,0.27114541024183003
urn:mavedb:00000068-c-1#3546,NA,NA,p.Val217Ter,-1.335412299824084
urn:mavedb:00000068-c-1#3547,NA,NA,p.Val217Tyr,0.10502607198927144
urn:mavedb:00000068-c-1#3548,NA,NA,p.Val217Trp,-0.8269239910445612
urn:mavedb:00000068-c-1#3549,NA,NA,p.Val217Thr,0.472346395827448
urn:mavedb:00000068-c-1#3550,NA,NA,p.Val217Ser,0.3382870295941891
urn:mavedb:00000068-c-1#3551,NA,NA,p.Val217Arg,0.3171927527114529
urn:mavedb:00000068-c-1#3552,NA,NA,p.Val217Gln,0.25442278632790155
urn:mavedb:00000068-c-1#3553,NA,NA,p.Val217Pro,-1.822244995271584
urn:mavedb:00000068-c-1#3554,NA,NA,p.Val217Asn,-0.8117178381945076
urn:mavedb:00000068-c-1#3555,NA,NA,p.Val217Met,0.3350783361987994
urn:mavedb:00000068-c-1#3556,NA,NA,p.Val217Leu,0.21292433723582727
urn:mavedb:00000068-c-1#3557,NA,NA,p.Val217Lys,-1.231571719729294
urn:mavedb:00000068-c-1#3558,NA,NA,p.Val217Ile,-0.13856190209311256
urn:mavedb:00000068-c-1#3559,NA,NA,p.Val217His,-0.8608559431493295
urn:mavedb:00000068-c-1#3560,NA,NA,p.Val217Gly,-1.5160944479996181
urn:mavedb:00000068-c-1#3561,NA,NA,p.Val217Phe,0.4226572708080895
urn:mavedb:00000068-c-1#3562,NA,NA,p.Val217Glu,-0.5371593745575468
urn:mavedb:00000068-c-1#3563,NA,NA,p.Val217Asp,-2.078208560724351
urn:mavedb:00000068-c-1#3564,NA,NA,p.Val217Cys,-0.5663903113497865
urn:mavedb:00000068-c-1#3565,NA,NA,p.Val217=,0.40212551485109815
urn:mavedb:00000068-c-1#3566,NA,NA,p.Val217Ala,0.5905043437813865
urn:mavedb:00000068-c-1#3567,NA,NA,p.Val216Ter,-2.0881586981702007
urn:mavedb:00000068-c-1#3568,NA,NA,p.Val216Tyr,-1.8791323258253958
urn:mavedb:00000068-c-1#3569,NA,NA,p.Val216Trp,-1.7378601920503058
urn:mavedb:00000068-c-1#3570,NA,NA,p.Val216Thr,0.03700818887455228
urn:mavedb:00000068-c-1#3571,NA,NA,p.Val216Ser,-1.1864628759978524
urn:mavedb:00000068-c-1#3572,NA,NA,p.Val216Arg,-2.235965752227888
urn:mavedb:00000068-c-1#3573,NA,NA,p.Val216Gln,-2.6665185040423647
urn:mavedb:00000068-c-1#3574,NA,NA,p.Val216Pro,-2.31964539424979
urn:mavedb:00000068-c-1#3575,NA,NA,p.Val216Asn,-0.5267352413936351
urn:mavedb:00000068-c-1#3576,NA,NA,p.Val216Met,-1.1337202734888272
urn:mavedb:00000068-c-1#3577,NA,NA,p.Val216Leu,-0.33667469200311706
urn:mavedb:00000068-c-1#3578,NA,NA,p.Val216Lys,-2.6536977480501687
urn:mavedb:00000068-c-1#3579,NA,NA,p.Val216Ile,-1.3794851539992772
urn:mavedb:00000068-c-1#3580,NA,NA,p.Val216His,-1.6663982873002583
urn:mavedb:00000068-c-1#3581,NA,NA,p.Val216Gly,-1.6504480798623848
urn:mavedb:00000068-c-1#3582,NA,NA,p.Val216Phe,-1.0957946200226194
urn:mavedb:00000068-c-1#3583,NA,NA,p.Val216Glu,-0.7678365505263038
urn:mavedb:00000068-c-1#3584,NA,NA,p.Val216Asp,-2.3846113285600707
urn:mavedb:00000068-c-1#3585,NA,NA,p.Val216Cys,-0.5124319068535826
urn:mavedb:00000068-c-1#3586,NA,NA,p.Val216=,0.3798400019459548
urn:mavedb:00000068-c-1#3587,NA,NA,p.Val216Ala,0.21602071570346515
urn:mavedb:00000068-c-1#3588,NA,NA,p.Ser215Ter,-1.8722631770360467
urn:mavedb:00000068-c-1#3589,NA,NA,p.Ser215Tyr,0.4591115301005326
urn:mavedb:00000068-c-1#3590,NA,NA,p.Ser215Trp,-1.05676233997867
urn:mavedb:00000068-c-1#3591,NA,NA,p.Ser215Val,-1.6435607686263496
urn:mavedb:00000068-c-1#3592,NA,NA,p.Ser215Thr,-0.8540481933912994
urn:mavedb:00000068-c-1#3593,NA,NA,p.Ser215Arg,-0.8606586881520211
urn:mavedb:00000068-c-1#3594,NA,NA,p.Ser215Gln,-1.5555796191266265
urn:mavedb:00000068-c-1#3595,NA,NA,p.Ser215Pro,-1.7957972594793934
urn:mavedb:00000068-c-1#3596,NA,NA,p.Ser215Asn,-0.9502720363103659
urn:mavedb:00000068-c-1#3597,NA,NA,p.Ser215Met,-1.4389914414556517
urn:mavedb:00000068-c-1#3598,NA,NA,p.Ser215Leu,-1.7275866057637277
urn:mavedb:00000068-c-1#3599,NA,NA,p.Ser215Lys,-1.8222097261664216
urn:mavedb:00000068-c-1#3600,NA,NA,p.Ser215Ile,-0.557239249684043
urn:mavedb:00000068-c-1#3601,NA,NA,p.Ser215His,-1.1259021567831768
urn:mavedb:00000068-c-1#3602,NA,NA,p.Ser215Gly,-1.189212995546032
urn:mavedb:00000068-c-1#3603,NA,NA,p.Ser215Phe,-2.2536342771158577
urn:mavedb:00000068-c-1#3604,NA,NA,p.Ser215Glu,-1.9703632335420491
urn:mavedb:00000068-c-1#3605,NA,NA,p.Ser215Asp,-1.720744141505701
urn:mavedb:00000068-c-1#3606,NA,NA,p.Ser215Cys,-0.0344821831669354
urn:mavedb:00000068-c-1#3607,NA,NA,p.Ser215=,0.3759961168222558
urn:mavedb:00000068-c-1#3608,NA,NA,p.Ser215Ala,0.12770681385164293
urn:mavedb:00000068-c-1#3609,NA,NA,p.His214Ter,-1.2343239440251823
urn:mavedb:00000068-c-1#3610,NA,NA,p.His214Tyr,0.0332772430904941
urn:mavedb:00000068-c-1#3611,NA,NA,p.His214Trp,-1.6521655088826963
urn:mavedb:00000068-c-1#3612,NA,NA,p.His214Val,-1.1774954914434324
urn:mavedb:00000068-c-1#3613,NA,NA,p.His214Thr,-0.808306079425413
urn:mavedb:00000068-c-1#3614,NA,NA,p.His214Ser,-0.44088288228010897
urn:mavedb:00000068-c-1#3615,NA,NA,p.His214Arg,-0.8837460594498548
urn:mavedb:00000068-c-1#3616,NA,NA,p.His214Gln,0.5364393409459608
urn:mavedb:00000068-c-1#3617,NA,NA,p.His214Pro,-1.0786453277374848
urn:mavedb:00000068-c-1#3618,NA,NA,p.His214Asn,0.4515910857389537
urn:mavedb:00000068-c-1#3619,NA,NA,p.His214Met,-0.2236867669676394
urn:mavedb:00000068-c-1#3620,NA,NA,p.His214Leu,-0.6214227837944215
urn:mavedb:00000068-c-1#3621,NA,NA,p.His214Lys,-1.5408854024853964
urn:mavedb:00000068-c-1#3622,NA,NA,p.His214Ile,-1.8046394153724068
urn:mavedb:00000068-c-1#3623,NA,NA,p.His214Gly,-1.5794242536783147
urn:mavedb:00000068-c-1#3624,NA,NA,p.His214Phe,-1.6377367584269038
urn:mavedb:00000068-c-1#3625,NA,NA,p.His214Glu,-0.2661883163510181
urn:mavedb:00000068-c-1#3626,NA,NA,p.His214Asp,-1.4250965225822636
urn:mavedb:00000068-c-1#3627,NA,NA,p.His214Cys,-1.0717954785810744
urn:mavedb:00000068-c-1#3628,NA,NA,p.His214=,0.4514666283828692
urn:mavedb:00000068-c-1#3629,NA,NA,p.His214Ala,-0.4439197387135997
urn:mavedb:00000068-c-1#3630,NA,NA,p.Arg213Ter,-1.1255258407558333
urn:mavedb:00000068-c-1#3631,NA,NA,p.Arg213Tyr,-1.5981687699475968
urn:mavedb:00000068-c-1#3632,NA,NA,p.Arg213Trp,-1.5118438823873983
urn:mavedb:00000068-c-1#3633,NA,NA,p.Arg213Val,-1.5183465985967084
urn:mavedb:00000068-c-1#3634,NA,NA,p.Arg213Thr,-1.7499980188180944
urn:mavedb:00000068-c-1#3635,NA,NA,p.Arg213Ser,-1.4843918562074858
urn:mavedb:00000068-c-1#3636,NA,NA,p.Arg213Gln,-0.6357156811634949
urn:mavedb:00000068-c-1#3637,NA,NA,p.Arg213Pro,-0.5156480163573114
urn:mavedb:00000068-c-1#3638,NA,NA,p.Arg213Asn,-2.0025906069114865
urn:mavedb:00000068-c-1#3639,NA,NA,p.Arg213Met,-0.9287534934159958
urn:mavedb:00000068-c-1#3640,NA,NA,p.Arg213Leu,-0.3381511219287245
urn:mavedb:00000068-c-1#3641,NA,NA,p.Arg213Lys,-3.2318052563635247
urn:mavedb:00000068-c-1#3642,NA,NA,p.Arg213Ile,-2.6152711593185383
urn:mavedb:00000068-c-1#3643,NA,NA,p.Arg213His,0.2950047982646188
urn:mavedb:00000068-c-1#3644,NA,NA,p.Arg213Gly,-0.9589984479398684
urn:mavedb:00000068-c-1#3645,NA,NA,p.Arg213Phe,-1.382204374909169
urn:mavedb:00000068-c-1#3646,NA,NA,p.Arg213Glu,-1.5778294535895423
urn:mavedb:00000068-c-1#3647,NA,NA,p.Arg213Asp,-1.6999517051024262
urn:mavedb:00000068-c-1#3648,NA,NA,p.Arg213Cys,-1.362663365378598
urn:mavedb:00000068-c-1#3649,NA,NA,p.Arg213=,0.3541303294111617
urn:mavedb:00000068-c-1#3650,NA,NA,p.Arg213Ala,-0.6468151633187952
urn:mavedb:00000068-c-1#3651,NA,NA,p.Phe212Ter,-1.4903604577796798
urn:mavedb:00000068-c-1#3652,NA,NA,p.Phe212Tyr,0.030195690294790183
urn:mavedb:00000068-c-1#3653,NA,NA,p.Phe212Trp,-0.3893779928418338
urn:mavedb:00000068-c-1#3654,NA,NA,p.Phe212Val,-0.6951026516489645
urn:mavedb:00000068-c-1#3655,NA,NA,p.Phe212Thr,0.3031332599879405
urn:mavedb:00000068-c-1#3656,NA,NA,p.Phe212Ser,0.02430484675995288
urn:mavedb:00000068-c-1#3657,NA,NA,p.Phe212Arg,-0.06296682801941687
urn:mavedb:00000068-c-1#3658,NA,NA,p.Phe212Gln,0.4539069178200175
urn:mavedb:00000068-c-1#3659,NA,NA,p.Phe212Pro,0.1732286754754224
urn:mavedb:00000068-c-1#3660,NA,NA,p.Phe212Asn,0.5932909709519744
urn:mavedb:00000068-c-1#3661,NA,NA,p.Phe212Met,0.3168109431060529
urn:mavedb:00000068-c-1#3662,NA,NA,p.Phe212Leu,0.0006730857912436834
urn:mavedb:00000068-c-1#3663,NA,NA,p.Phe212Lys,0.4477924333677149
urn:mavedb:00000068-c-1#3664,NA,NA,p.Phe212Ile,-0.12298238014083543
urn:mavedb:00000068-c-1#3665,NA,NA,p.Phe212His,-0.03060281910556305
urn:mavedb:00000068-c-1#3666,NA,NA,p.Phe212Gly,0.31494436096079964
urn:mavedb:00000068-c-1#3667,NA,NA,p.Phe212Glu,0.3289996732554472
urn:mavedb:00000068-c-1#3668,NA,NA,p.Phe212Asp,0.2186816003680507
urn:mavedb:00000068-c-1#3669,NA,NA,p.Phe212Cys,0.3256282515891302
urn:mavedb:00000068-c-1#3670,NA,NA,p.Phe212=,-1.223967674990683
urn:mavedb:00000068-c-1#3671,NA,NA,p.Phe212Ala,0.09929150666653958
urn:mavedb:00000068-c-1#3672,NA,NA,p.Thr211Ter,-1.2664333029180883
urn:mavedb:00000068-c-1#3673,NA,NA,p.Thr211Tyr,0.3932014666006696
urn:mavedb:00000068-c-1#3674,NA,NA,p.Thr211Trp,-0.12528747343280214
urn:mavedb:00000068-c-1#3675,NA,NA,p.Thr211Val,-1.549966058850106
urn:mavedb:00000068-c-1#3676,NA,NA,p.Thr211Ser,0.4668219734922802
urn:mavedb:00000068-c-1#3677,NA,NA,p.Thr211Arg,-1.2460222511666454
urn:mavedb:00000068-c-1#3678,NA,NA,p.Thr211Gln,-0.2482125343866671
urn:mavedb:00000068-c-1#3679,NA,NA,p.Thr211Pro,-1.270046487829128
urn:mavedb:00000068-c-1#3680,NA,NA,p.Thr211Asn,0.493757667511329
urn:mavedb:00000068-c-1#3681,NA,NA,p.Thr211Met,-0.4100414053182481
urn:mavedb:00000068-c-1#3682,NA,NA,p.Thr211Leu,-1.2890307891080472
urn:mavedb:00000068-c-1#3683,NA,NA,p.Thr211Lys,-1.420513751295551
urn:mavedb:00000068-c-1#3684,NA,NA,p.Thr211Ile,-1.0562461752607215
urn:mavedb:00000068-c-1#3685,NA,NA,p.Thr211His,-0.9714091801236058
urn:mavedb:00000068-c-1#3686,NA,NA,p.Thr211Gly,0.4431708119133852
urn:mavedb:00000068-c-1#3687,NA,NA,p.Thr211Phe,0.4644607558429194
urn:mavedb:00000068-c-1#3688,NA,NA,p.Thr211Glu,-0.2145832339872452
urn:mavedb:00000068-c-1#3689,NA,NA,p.Thr211Asp,0.6004534332462662
urn:mavedb:00000068-c-1#3690,NA,NA,p.Thr211Cys,0.7923439484786372
urn:mavedb:00000068-c-1#3691,NA,NA,p.Thr211=,0.03444090246845847
urn:mavedb:00000068-c-1#3692,NA,NA,p.Thr211Ala,-0.1903222548175791
urn:mavedb:00000068-c-1#3693,NA,NA,p.Asn210Ter,-1.7521233658191968
urn:mavedb:00000068-c-1#3694,NA,NA,p.Asn210Tyr,0.8985472784941363
urn:mavedb:00000068-c-1#3695,NA,NA,p.Asn210Trp,0.5534213497511716
urn:mavedb:00000068-c-1#3696,NA,NA,p.Asn210Val,0.6052516445197188
urn:mavedb:00000068-c-1#3697,NA,NA,p.Asn210Thr,-0.6961254329520273
urn:mavedb:00000068-c-1#3698,NA,NA,p.Asn210Ser,0.4973805335712958
urn:mavedb:00000068-c-1#3699,NA,NA,p.Asn210Arg,-0.10023710364143028
urn:mavedb:00000068-c-1#3700,NA,NA,p.Asn210Gln,-0.028400320630397033
urn:mavedb:00000068-c-1#3701,NA,NA,p.Asn210Pro,0.2753965377400242
urn:mavedb:00000068-c-1#3702,NA,NA,p.Asn210Met,0.18326208986733045
urn:mavedb:00000068-c-1#3703,NA,NA,p.Asn210Leu,0.6202859991352198
urn:mavedb:00000068-c-1#3704,NA,NA,p.Asn210Lys,-0.27844820793358793
urn:mavedb:00000068-c-1#3705,NA,NA,p.Asn210Ile,0.491818490933125
urn:mavedb:00000068-c-1#3706,NA,NA,p.Asn210His,0.4051643042047892
urn:mavedb:00000068-c-1#3707,NA,NA,p.Cys277Glu,-2.3171806934924186
urn:mavedb:00000068-c-1#3708,NA,NA,p.Cys277Asp,-1.803091908925482
urn:mavedb:00000068-c-1#3709,NA,NA,p.Cys277=,-0.004003474492698571
urn:mavedb:00000068-c-1#3710,NA,NA,p.Cys277Ala,1.5009000584697674
urn:mavedb:00000068-c-1#3711,NA,NA,p.Ala276Ter,-1.76823096641291
urn:mavedb:00000068-c-1#3712,NA,NA,p.Ala276Tyr,-1.8543529132640728
urn:mavedb:00000068-c-1#3713,NA,NA,p.Ala276Trp,-2.0481876064575006
urn:mavedb:00000068-c-1#3714,NA,NA,p.Ala276Val,0.3770015517650358
urn:mavedb:00000068-c-1#3715,NA,NA,p.Ala276Thr,0.6118222973480911
urn:mavedb:00000068-c-1#3716,NA,NA,p.Ala276Ser,0.19015748990893885
urn:mavedb:00000068-c-1#3717,NA,NA,p.Ala276Arg,-1.8109859736458112
urn:mavedb:00000068-c-1#3718,NA,NA,p.Ala276Gln,-1.7630940977115184
urn:mavedb:00000068-c-1#3719,NA,NA,p.Ala276Pro,-1.6372494902959551
urn:mavedb:00000068-c-1#3720,NA,NA,p.Ala276Asn,-1.7844924902659915
urn:mavedb:00000068-c-1#3721,NA,NA,p.Ala276Met,-1.8455862536250427
urn:mavedb:00000068-c-1#3722,NA,NA,p.Ala276Leu,-1.7491623951614688
urn:mavedb:00000068-c-1#3723,NA,NA,p.Ala276Lys,-1.6338118308318517
urn:mavedb:00000068-c-1#3724,NA,NA,p.Ala276Ile,-2.144675293521746
urn:mavedb:00000068-c-1#3725,NA,NA,p.Ala276His,-1.964326741043097
urn:mavedb:00000068-c-1#3726,NA,NA,p.Ala276Gly,-1.0249800693142144
urn:mavedb:00000068-c-1#3727,NA,NA,p.Ala276Phe,-2.0807910375961907
urn:mavedb:00000068-c-1#3728,NA,NA,p.Ala276Glu,-1.9824342731252909
urn:mavedb:00000068-c-1#3729,NA,NA,p.Ala276Asp,-0.4479556251656703
urn:mavedb:00000068-c-1#3730,NA,NA,p.Ala276Cys,-0.5266843372715327
urn:mavedb:00000068-c-1#3731,NA,NA,p.Ala276=,-0.12933399456720931
urn:mavedb:00000068-c-1#3732,NA,NA,p.Cys275Ter,-1.251804717089064
urn:mavedb:00000068-c-1#3733,NA,NA,p.Cys275Tyr,-1.4399010615648338
urn:mavedb:00000068-c-1#3734,NA,NA,p.Cys275Trp,-1.5857366574676313
urn:mavedb:00000068-c-1#3735,NA,NA,p.Cys275Val,-1.8575627729693431
urn:mavedb:00000068-c-1#3736,NA,NA,p.Cys275Thr,-2.1190886315544657
urn:mavedb:00000068-c-1#3737,NA,NA,p.Tyr236Trp,0.3899921504345492
urn:mavedb:00000068-c-1#3738,NA,NA,p.Tyr236Val,-1.7611660726907972
urn:mavedb:00000068-c-1#3739,NA,NA,p.Tyr236Thr,-1.9976933590350288
urn:mavedb:00000068-c-1#3740,NA,NA,p.Tyr236Ser,-1.2918472518276676
urn:mavedb:00000068-c-1#3741,NA,NA,p.Tyr236Arg,-1.3360344763316188
urn:mavedb:00000068-c-1#3742,NA,NA,p.Tyr236Gln,-1.6626768454218723
urn:mavedb:00000068-c-1#3743,NA,NA,p.Tyr236Pro,-1.8170035310141903
urn:mavedb:00000068-c-1#3744,NA,NA,p.Tyr236Asn,-1.2653662148125775
urn:mavedb:00000068-c-1#3745,NA,NA,p.Tyr236Met,-1.9437990074811704
urn:mavedb:00000068-c-1#3746,NA,NA,p.Tyr236Leu,-1.7169237142916367
urn:mavedb:00000068-c-1#3747,NA,NA,p.Tyr236Lys,-2.2153269798799298
urn:mavedb:00000068-c-1#3748,NA,NA,p.Tyr236Ile,-2.111981984497886
urn:mavedb:00000068-c-1#3749,NA,NA,p.Tyr236His,-0.6215547360984067
urn:mavedb:00000068-c-1#3750,NA,NA,p.Tyr236Gly,-2.2278176432522927
urn:mavedb:00000068-c-1#3751,NA,NA,p.Tyr236Phe,0.91529938283993
urn:mavedb:00000068-c-1#3752,NA,NA,p.Tyr236Glu,-1.7421263643410494
urn:mavedb:00000068-c-1#3753,NA,NA,p.Tyr236Asp,-1.2804255678372154
urn:mavedb:00000068-c-1#3754,NA,NA,p.Tyr236Cys,-1.0053764928182898
urn:mavedb:00000068-c-1#3755,NA,NA,p.Tyr236=,0.09346515647631996
urn:mavedb:00000068-c-1#3756,NA,NA,p.Tyr236Ala,-1.4293619944270348
urn:mavedb:00000068-c-1#3757,NA,NA,p.Asn235Ter,-1.2342919641122931
urn:mavedb:00000068-c-1#3758,NA,NA,p.Asn235Tyr,0.3809017551151505
urn:mavedb:00000068-c-1#3759,NA,NA,p.Asn235Trp,0.5343596818682386
urn:mavedb:00000068-c-1#3760,NA,NA,p.Asn235Val,0.4678570272782067
urn:mavedb:00000068-c-1#3761,NA,NA,p.Asn235Thr,-0.5032680355858906
urn:mavedb:00000068-c-1#3762,NA,NA,p.Asn235Ser,0.2976658520358771
urn:mavedb:00000068-c-1#3763,NA,NA,p.Asn235Arg,0.03864064737878492
urn:mavedb:00000068-c-1#3764,NA,NA,p.Asn235Gln,-0.8218090339097581
urn:mavedb:00000068-c-1#3765,NA,NA,p.Asn235Pro,-2.0936744597275565
urn:mavedb:00000068-c-1#3766,NA,NA,p.Asn235Met,0.6698318006227906
urn:mavedb:00000068-c-1#3767,NA,NA,p.Asn235Leu,0.6271763844586704
urn:mavedb:00000068-c-1#3768,NA,NA,p.Asn235Lys,0.3492871508689528
urn:mavedb:00000068-c-1#3769,NA,NA,p.Asn235Ile,0.3741560923509686
urn:mavedb:00000068-c-1#3770,NA,NA,p.Asn235His,-0.3082661653299036
urn:mavedb:00000068-c-1#3771,NA,NA,p.Asn235Gly,1.1153984340170382
urn:mavedb:00000068-c-1#3772,NA,NA,p.Asn235Phe,0.4449471739568298
urn:mavedb:00000068-c-1#3773,NA,NA,p.Asn235Glu,1.320972031223353
urn:mavedb:00000068-c-1#3774,NA,NA,p.Asn235Asp,-1.0007197788611926
urn:mavedb:00000068-c-1#3775,NA,NA,p.Asn235Cys,0.9138409697678206
urn:mavedb:00000068-c-1#3776,NA,NA,p.Asn235=,-0.18454200060500356
urn:mavedb:00000068-c-1#3777,NA,NA,p.Asn235Ala,0.18570390569621786
urn:mavedb:00000068-c-1#3778,NA,NA,p.Tyr234Ter,-0.3004989771154094
urn:mavedb:00000068-c-1#3779,NA,NA,p.Tyr234Trp,-1.7008267680770637
urn:mavedb:00000068-c-1#3780,NA,NA,p.Tyr234Val,-0.2966038851198008
urn:mavedb:00000068-c-1#3781,NA,NA,p.Tyr234Thr,-1.5178833710212176
urn:mavedb:00000068-c-1#3782,NA,NA,p.Tyr234Ser,-1.5907553043083913
urn:mavedb:00000068-c-1#3783,NA,NA,p.Tyr234Arg,-1.9430969910045828
urn:mavedb:00000068-c-1#3784,NA,NA,p.Tyr234Gln,-1.858123307679408
urn:mavedb:00000068-c-1#3785,NA,NA,p.Tyr234Pro,-2.105872182812872
urn:mavedb:00000068-c-1#3786,NA,NA,p.Tyr234Asn,-0.8843998226310429
urn:mavedb:00000068-c-1#3787,NA,NA,p.Tyr234Met,0.0504087044287157
urn:mavedb:00000068-c-1#3788,NA,NA,p.Tyr234Leu,-1.1455858288650855
urn:mavedb:00000068-c-1#3789,NA,NA,p.Tyr234Lys,-1.1268930385908231
urn:mavedb:00000068-c-1#3790,NA,NA,p.Tyr234Ile,0.06239674964668565
urn:mavedb:00000068-c-1#3791,NA,NA,p.Tyr234His,-0.9693724196564892
urn:mavedb:00000068-c-1#3792,NA,NA,p.Tyr234Gly,-1.361857525355403
urn:mavedb:00000068-c-1#3793,NA,NA,p.Tyr234Phe,0.3979490784570008
urn:mavedb:00000068-c-1#3794,NA,NA,p.Tyr234Glu,-1.88748860988734
urn:mavedb:00000068-c-1#3795,NA,NA,p.Tyr234Asp,-1.19191604903018
urn:mavedb:00000068-c-1#3796,NA,NA,p.Tyr234Cys,-1.0911439780808974
urn:mavedb:00000068-c-1#3797,NA,NA,p.Tyr234=,0.5327910689418961
urn:mavedb:00000068-c-1#3798,NA,NA,p.Tyr234Ala,-1.5837216781057242
urn:mavedb:00000068-c-1#3799,NA,NA,p.His233Ter,-1.7059651041005726
urn:mavedb:00000068-c-1#3800,NA,NA,p.His233Tyr,0.8115354767451026
urn:mavedb:00000068-c-1#3801,NA,NA,p.His233Trp,0.685438810527063
urn:mavedb:00000068-c-1#3802,NA,NA,p.His233Val,-0.0074023815992015655
urn:mavedb:00000068-c-1#3803,NA,NA,p.His233Thr,-0.8931087889561354
urn:mavedb:00000068-c-1#3804,NA,NA,p.His233Ser,0.07607848513573454
urn:mavedb:00000068-c-1#3805,NA,NA,p.His233Arg,0.7597268121156455
urn:mavedb:00000068-c-1#3806,NA,NA,p.His233Gln,0.4736743956945737
urn:mavedb:00000068-c-1#3807,NA,NA,p.His233Pro,-1.0761952934311605
urn:mavedb:00000068-c-1#3808,NA,NA,p.His233Asn,0.5023099888463739
urn:mavedb:00000068-c-1#3809,NA,NA,p.His233Met,0.5801880230795663
urn:mavedb:00000068-c-1#3810,NA,NA,p.His233Leu,0.4657996866104429
urn:mavedb:00000068-c-1#3811,NA,NA,p.His233Lys,-0.7159728780787993
urn:mavedb:00000068-c-1#3812,NA,NA,p.His233Ile,-0.015736383482814413
urn:mavedb:00000068-c-1#3813,NA,NA,p.His233Gly,0.4198355781409918
urn:mavedb:00000068-c-1#3814,NA,NA,p.His233Phe,0.9211720631303226
urn:mavedb:00000068-c-1#3815,NA,NA,p.His233Glu,-0.03180402912034501
urn:mavedb:00000068-c-1#3816,NA,NA,p.His233Asp,-0.4352852268286795
urn:mavedb:00000068-c-1#3817,NA,NA,p.His233Cys,0.7118647622216702
urn:mavedb:00000068-c-1#3818,NA,NA,p.His233=,0.0555318911572871
urn:mavedb:00000068-c-1#3819,NA,NA,p.His233Ala,0.2250230246143024
urn:mavedb:00000068-c-1#3820,NA,NA,p.Ile232Ter,-2.305023436844712
urn:mavedb:00000068-c-1#3821,NA,NA,p.Ile232Tyr,-0.4338344906352857
urn:mavedb:00000068-c-1#3822,NA,NA,p.Ile232Trp,-1.5060952284297267
urn:mavedb:00000068-c-1#3823,NA,NA,p.Ile232Val,0.4173645838889399
urn:mavedb:00000068-c-1#3824,NA,NA,p.Ile232Thr,-0.9528867291546668
urn:mavedb:00000068-c-1#3825,NA,NA,p.Ile232Ser,-1.391751982368839
urn:mavedb:00000068-c-1#3826,NA,NA,p.Ile232Arg,-1.7299191555986069
urn:mavedb:00000068-c-1#3827,NA,NA,p.Ile232Gln,-1.7156094777518949
urn:mavedb:00000068-c-1#3828,NA,NA,p.Ile232Pro,-1.271232648084167
urn:mavedb:00000068-c-1#3829,NA,NA,p.Ile232Asn,-0.7999142235922199
urn:mavedb:00000068-c-1#3830,NA,NA,p.Ile232Met,0.33120445718045904
urn:mavedb:00000068-c-1#3831,NA,NA,p.Ile232Leu,0.0501615318857814
urn:mavedb:00000068-c-1#3832,NA,NA,p.Ile232Lys,-2.3298480937193844
urn:mavedb:00000068-c-1#3833,NA,NA,p.Ile232His,-1.8765945024258872
urn:mavedb:00000068-c-1#3834,NA,NA,p.Ile232Gly,-2.198173461123505
urn:mavedb:00000068-c-1#3835,NA,NA,p.Ile232Phe,-0.1802769646207104
urn:mavedb:00000068-c-1#3836,NA,NA,p.Ile232Glu,-2.3850232870026957
urn:mavedb:00000068-c-1#3837,NA,NA,p.Ile232Asp,-2.8373907319259604
urn:mavedb:00000068-c-1#3838,NA,NA,p.Ile232Cys,-1.1670112856848929
urn:mavedb:00000068-c-1#3839,NA,NA,p.Asn210Gly,0.5146840904186158
urn:mavedb:00000068-c-1#3840,NA,NA,p.Asn210Phe,0.7785926298172046
urn:mavedb:00000068-c-1#3841,NA,NA,p.Asn210Glu,-0.19241676790720733
urn:mavedb:00000068-c-1#3842,NA,NA,p.Asn210Asp,0.1448722230113293
urn:mavedb:00000068-c-1#3843,NA,NA,p.Asn210Cys,0.5153425961106318
urn:mavedb:00000068-c-1#3844,NA,NA,p.Asn210=,0.5316646602115277
urn:mavedb:00000068-c-1#3845,NA,NA,p.Asn210Ala,0.808294111702386
urn:mavedb:00000068-c-1#3846,NA,NA,p.Arg209Ter,-1.1988977930755909
urn:mavedb:00000068-c-1#3847,NA,NA,p.Arg209Tyr,0.25425798242912273
urn:mavedb:00000068-c-1#3848,NA,NA,p.Arg209Trp,0.6027534468245702
urn:mavedb:00000068-c-1#3849,NA,NA,p.Arg209Val,0.8530449225031312
urn:mavedb:00000068-c-1#3850,NA,NA,p.Arg209Thr,0.19912620327287167
urn:mavedb:00000068-c-1#3851,NA,NA,p.Arg209Ser,0.44375711705120974
urn:mavedb:00000068-c-1#3852,NA,NA,p.Arg209Gln,-1.034708117208716
urn:mavedb:00000068-c-1#3853,NA,NA,p.Arg209Pro,-0.023085524555274014
urn:mavedb:00000068-c-1#3854,NA,NA,p.Arg209Asn,0.5850759293858544
urn:mavedb:00000068-c-1#3855,NA,NA,p.Arg209Met,0.7605463342383588
urn:mavedb:00000068-c-1#3856,NA,NA,p.Arg209Leu,0.3066524765859789
urn:mavedb:00000068-c-1#3857,NA,NA,p.Arg209Lys,0.2668390191867994
urn:mavedb:00000068-c-1#3858,NA,NA,p.Arg209Ile,0.6506608755433304
urn:mavedb:00000068-c-1#3859,NA,NA,p.Arg209His,0.6258581944446409
urn:mavedb:00000068-c-1#3860,NA,NA,p.Arg209Gly,0.23078070737442954
urn:mavedb:00000068-c-1#3861,NA,NA,p.Arg209Phe,0.703606706218738
urn:mavedb:00000068-c-1#3862,NA,NA,p.Arg209Glu,0.14032261035756305
urn:mavedb:00000068-c-1#3863,NA,NA,p.Arg209Asp,0.7508926099749486
urn:mavedb:00000068-c-1#3864,NA,NA,p.Arg209Cys,0.288715245237998
urn:mavedb:00000068-c-1#3865,NA,NA,p.Asp208Ala,-1.1480237883882882
urn:mavedb:00000068-c-1#3866,NA,NA,p.Asp207Ter,-1.4864052367441145
urn:mavedb:00000068-c-1#3867,NA,NA,p.Asp207Tyr,0.3846411110964447
urn:mavedb:00000068-c-1#3868,NA,NA,p.Asp207Trp,-0.0649907016286853
urn:mavedb:00000068-c-1#3869,NA,NA,p.Asp207Val,0.5468846283841587
urn:mavedb:00000068-c-1#3870,NA,NA,p.Asp207Thr,0.3189805758390715
urn:mavedb:00000068-c-1#3871,NA,NA,p.Asp207Ser,0.4354792281352092
urn:mavedb:00000068-c-1#3872,NA,NA,p.Asp207Arg,0.7132526864502317
urn:mavedb:00000068-c-1#3873,NA,NA,p.Asp207Gln,1.06388423317936
urn:mavedb:00000068-c-1#3874,NA,NA,p.Asp207Pro,-1.815580373247209
urn:mavedb:00000068-c-1#3875,NA,NA,p.Asp207Asn,0.3731548113307244
urn:mavedb:00000068-c-1#3876,NA,NA,p.Asp207Met,0.19439485145083935
urn:mavedb:00000068-c-1#3877,NA,NA,p.Asp207Leu,0.3679073236615131
urn:mavedb:00000068-c-1#3878,NA,NA,p.Asp207Lys,1.2542770762607651
urn:mavedb:00000068-c-1#3879,NA,NA,p.Asp207Ile,0.46996194034232797
urn:mavedb:00000068-c-1#3880,NA,NA,p.Asp207His,0.5707767734522806
urn:mavedb:00000068-c-1#3881,NA,NA,p.Asp207Gly,-0.37852216657009613
urn:mavedb:00000068-c-1#3882,NA,NA,p.Asp207Phe,0.33609422844482906
urn:mavedb:00000068-c-1#3883,NA,NA,p.Asp207Glu,0.3343260518574756
urn:mavedb:00000068-c-1#3884,NA,NA,p.Asp207Cys,0.6302562752704012
urn:mavedb:00000068-c-1#3885,NA,NA,p.Asp207=,0.4869450547773614
urn:mavedb:00000068-c-1#3886,NA,NA,p.Asp207Ala,0.4816815120633676
urn:mavedb:00000068-c-1#3887,NA,NA,p.Leu206Ter,-1.031937637539392
urn:mavedb:00000068-c-1#3888,NA,NA,p.Leu206Tyr,-0.6385725755683319
urn:mavedb:00000068-c-1#3889,NA,NA,p.Leu206Trp,-0.5548909606323622
urn:mavedb:00000068-c-1#3890,NA,NA,p.Leu206Val,0.468444793905461
urn:mavedb:00000068-c-1#3891,NA,NA,p.Leu206Thr,0.25103131859843386
urn:mavedb:00000068-c-1#3892,NA,NA,p.Leu206Ser,0.5263694858273279
urn:mavedb:00000068-c-1#3893,NA,NA,p.Leu206Arg,1.165335636298488
urn:mavedb:00000068-c-1#3894,NA,NA,p.Leu206Gln,0.6739142472362485
urn:mavedb:00000068-c-1#3895,NA,NA,p.Leu206Pro,0.1273723703351306
urn:mavedb:00000068-c-1#3896,NA,NA,p.Leu206Asn,0.32944863550528103
urn:mavedb:00000068-c-1#3897,NA,NA,p.Leu206Met,0.3542541504496631
urn:mavedb:00000068-c-1#3898,NA,NA,p.Leu206Lys,0.5036707754054256
urn:mavedb:00000068-c-1#3899,NA,NA,p.Leu206Ile,-0.00673377689360899
urn:mavedb:00000068-c-1#3900,NA,NA,p.Leu206His,0.9844341800250579
urn:mavedb:00000068-c-1#3901,NA,NA,p.Leu206Gly,0.4082233629150904
urn:mavedb:00000068-c-1#3902,NA,NA,p.Leu206Phe,-0.08277276699890458
urn:mavedb:00000068-c-1#3903,NA,NA,p.Leu206Glu,1.1094808696068794
urn:mavedb:00000068-c-1#3904,NA,NA,p.Leu206Asp,0.8018863026436782
urn:mavedb:00000068-c-1#3905,NA,NA,p.Leu206Cys,0.5991426859941231
urn:mavedb:00000068-c-1#3906,NA,NA,p.Leu206=,0.1680315205611041
urn:mavedb:00000068-c-1#3907,NA,NA,p.Leu206Ala,0.622900314329162
urn:mavedb:00000068-c-1#3908,NA,NA,p.Tyr205Ter,-1.1006815336320577
urn:mavedb:00000068-c-1#3909,NA,NA,p.Tyr205Trp,-1.980099807302742
urn:mavedb:00000068-c-1#3910,NA,NA,p.Tyr205Val,-1.5890927252495128
urn:mavedb:00000068-c-1#3911,NA,NA,p.Tyr205Thr,-1.910076490429252
urn:mavedb:00000068-c-1#3912,NA,NA,p.Tyr205Ser,-1.543895552321508
urn:mavedb:00000068-c-1#3913,NA,NA,p.Tyr205Arg,-2.0305924151779844
urn:mavedb:00000068-c-1#3914,NA,NA,p.Tyr205Gln,-2.0691549112184164
urn:mavedb:00000068-c-1#3915,NA,NA,p.Tyr205Pro,-1.7886520640081487
urn:mavedb:00000068-c-1#3916,NA,NA,p.Tyr205Asn,-1.6480862797868747
urn:mavedb:00000068-c-1#3917,NA,NA,p.Tyr205Met,-1.9979630453316175
urn:mavedb:00000068-c-1#3918,NA,NA,p.Tyr205Leu,-1.6674933243911103
urn:mavedb:00000068-c-1#3919,NA,NA,p.Tyr205Lys,-1.8921070616268905
urn:mavedb:00000068-c-1#3920,NA,NA,p.Tyr205Ile,-1.5927521904265962
urn:mavedb:00000068-c-1#3921,NA,NA,p.Tyr205His,-1.0224645233368392
urn:mavedb:00000068-c-1#3922,NA,NA,p.Tyr205Gly,-1.7594755627023242
urn:mavedb:00000068-c-1#3923,NA,NA,p.Tyr205Phe,-1.488014217121127
urn:mavedb:00000068-c-1#3924,NA,NA,p.Tyr205Glu,-1.5358392559220724
urn:mavedb:00000068-c-1#3925,NA,NA,p.Tyr205Asp,-1.1364105711749977
urn:mavedb:00000068-c-1#3926,NA,NA,p.Tyr205Cys,-1.6389612580834774
urn:mavedb:00000068-c-1#3927,NA,NA,p.Tyr205=,0.561529713315858
urn:mavedb:00000068-c-1#3928,NA,NA,p.Tyr205Ala,-1.5138706075631758
urn:mavedb:00000068-c-1#3929,NA,NA,p.Glu204Ter,-0.3400228071972192
urn:mavedb:00000068-c-1#3930,NA,NA,p.Glu204Tyr,0.35326795333508937
urn:mavedb:00000068-c-1#3931,NA,NA,p.Glu204Trp,0.6546705850105091
urn:mavedb:00000068-c-1#3932,NA,NA,p.Glu204Val,0.1909682658243521
urn:mavedb:00000068-c-1#3933,NA,NA,p.Glu204Thr,0.2883827505083146
urn:mavedb:00000068-c-1#3934,NA,NA,p.Glu204Ser,-0.3081109215780455
urn:mavedb:00000068-c-1#3935,NA,NA,p.Glu204Arg,0.5045116618706784
urn:mavedb:00000068-c-1#3936,NA,NA,p.Glu204Gln,0.5000880475153856
urn:mavedb:00000068-c-1#3937,NA,NA,p.Glu204Pro,-1.7151680451213942
urn:mavedb:00000068-c-1#3938,NA,NA,p.Glu204Asn,1.3730491853581983
urn:mavedb:00000068-c-1#3939,NA,NA,p.Glu204Met,0.7983993831500747
urn:mavedb:00000068-c-1#3940,NA,NA,p.Glu204Leu,1.1271056974528315
urn:mavedb:00000068-c-1#3941,NA,NA,p.Glu204Lys,0.2750480012747737
urn:mavedb:00000068-c-1#3942,NA,NA,p.Glu204Ile,0.7528387941052034
urn:mavedb:00000068-c-1#3943,NA,NA,p.Glu204His,1.0343099852476023
urn:mavedb:00000068-c-1#3944,NA,NA,p.Glu204Gly,-0.4433038818250704
urn:mavedb:00000068-c-1#3945,NA,NA,p.Glu204Phe,1.061139917117227
urn:mavedb:00000068-c-1#3946,NA,NA,p.Glu204Asp,0.40838555376968333
urn:mavedb:00000068-c-1#3947,NA,NA,p.Glu204Cys,0.3906298562972054
urn:mavedb:00000068-c-1#3948,NA,NA,p.Glu204=,0.33797027422900383
urn:mavedb:00000068-c-1#3949,NA,NA,p.Glu204Ala,0.540290522530942
urn:mavedb:00000068-c-1#3950,NA,NA,p.Val203Ter,-1.5922280812355307
urn:mavedb:00000068-c-1#3951,NA,NA,p.Val203Tyr,-1.7353457878973269
urn:mavedb:00000068-c-1#3952,NA,NA,p.Val203Trp,-1.7756257018666644
urn:mavedb:00000068-c-1#3953,NA,NA,p.Val203Thr,0.8842105693371376
urn:mavedb:00000068-c-1#3954,NA,NA,p.Val203Ser,0.728705865126448
urn:mavedb:00000068-c-1#3955,NA,NA,p.Val203Arg,0.0971309494982848
urn:mavedb:00000068-c-1#3956,NA,NA,p.Val203Gln,0.9568569778605376
urn:mavedb:00000068-c-1#3957,NA,NA,p.Val203Pro,0.7991295917287815
urn:mavedb:00000068-c-1#3958,NA,NA,p.Val203Asn,-1.1352183782110188
urn:mavedb:00000068-c-1#3959,NA,NA,p.Val203Met,0.11662128558025248
urn:mavedb:00000068-c-1#3960,NA,NA,p.Val203Leu,-0.2919946394681985
urn:mavedb:00000068-c-1#3961,NA,NA,p.Val203Lys,0.6522634570475264
urn:mavedb:00000068-c-1#3962,NA,NA,p.Val203Ile,0.7183908282004444
urn:mavedb:00000068-c-1#3963,NA,NA,p.Val203His,-0.2730254146245029
urn:mavedb:00000068-c-1#3964,NA,NA,p.Val203Gly,0.7821797720664855
urn:mavedb:00000068-c-1#3965,NA,NA,p.Val203Phe,-1.6189766039111362
urn:mavedb:00000068-c-1#3966,NA,NA,p.Val203Glu,-0.5790177559340899
urn:mavedb:00000068-c-1#3967,NA,NA,p.Val203Asp,-1.9719841009812864
urn:mavedb:00000068-c-1#3968,NA,NA,p.Val203Cys,-0.2723823276973607
urn:mavedb:00000068-c-1#3969,NA,NA,p.Val203=,0.3651684820076124
urn:mavedb:00000068-c-1#3970,NA,NA,p.Val203Ala,0.6925165674557064
urn:mavedb:00000068-c-1#3971,NA,NA,p.Arg202Ter,-1.5753292974050437
urn:mavedb:00000068-c-1#3972,NA,NA,p.Arg202Tyr,0.6087628723229129
urn:mavedb:00000068-c-1#3973,NA,NA,p.Arg202Trp,1.0127480708293062
urn:mavedb:00000068-c-1#3974,NA,NA,p.Arg202Val,-0.2708535721889561
urn:mavedb:00000068-c-1#3975,NA,NA,p.Arg202Thr,0.4149047911772367
urn:mavedb:00000068-c-1#3976,NA,NA,p.Arg202Ser,0.4708102529085914
urn:mavedb:00000068-c-1#3977,NA,NA,p.Arg202Gln,0.9456555713073524
urn:mavedb:00000068-c-1#3978,NA,NA,p.Arg202Pro,0.9603119752494356
urn:mavedb:00000068-c-1#3979,NA,NA,p.Arg202Asn,0.9750915226261688
urn:mavedb:00000068-c-1#3980,NA,NA,p.Arg202Met,0.8097967478590358
urn:mavedb:00000068-c-1#3981,NA,NA,p.Arg202Leu,0.4797488222404832
urn:mavedb:00000068-c-1#3982,NA,NA,p.Arg202Lys,0.6473708692092823
urn:mavedb:00000068-c-1#3983,NA,NA,p.Arg202Ile,0.4729449189677793
urn:mavedb:00000068-c-1#3984,NA,NA,p.Arg202His,0.5259264932236549
urn:mavedb:00000068-c-1#3985,NA,NA,p.Arg202Gly,1.1116879901378285
urn:mavedb:00000068-c-1#3986,NA,NA,p.Arg202Phe,0.7549320473817525
urn:mavedb:00000068-c-1#3987,NA,NA,p.Arg202Glu,0.36619223983914795
urn:mavedb:00000068-c-1#3988,NA,NA,p.Arg202Asp,0.7588675546338121
urn:mavedb:00000068-c-1#3989,NA,NA,p.Arg202Cys,0.7022030770538898
urn:mavedb:00000068-c-1#3990,NA,NA,p.Arg202=,0.4160002693750172
urn:mavedb:00000068-c-1#3991,NA,NA,p.Arg202Ala,-0.38164100845321536
urn:mavedb:00000068-c-1#3992,NA,NA,p.Leu201Ter,-0.8587593970874021
urn:mavedb:00000068-c-1#3993,NA,NA,p.Leu201Tyr,0.6823646460550045
urn:mavedb:00000068-c-1#3994,NA,NA,p.Leu201Trp,0.6478887956090391
urn:mavedb:00000068-c-1#3995,NA,NA,p.Leu201Val,0.4888355810806432
urn:mavedb:00000068-c-1#3996,NA,NA,p.Leu201Thr,0.6655310481979182
urn:mavedb:00000068-c-1#3997,NA,NA,p.Leu201Ser,0.5080337337123804
urn:mavedb:00000068-c-1#3998,NA,NA,p.Leu201Arg,1.027749003099754
urn:mavedb:00000068-c-1#3999,NA,NA,p.Leu201Gln,0.6758028234271403
urn:mavedb:00000068-c-1#4000,NA,NA,p.Leu201Pro,0.2989799658522844
urn:mavedb:00000068-c-1#4001,NA,NA,p.Leu201Asn,0.7503453041299879
urn:mavedb:00000068-c-1#4002,NA,NA,p.Leu201Met,0.3602173736294409
urn:mavedb:00000068-c-1#4003,NA,NA,p.Leu201Lys,0.5189458874763371
urn:mavedb:00000068-c-1#4004,NA,NA,p.Leu201Ile,0.6762300908945386
urn:mavedb:00000068-c-1#4005,NA,NA,p.Leu201His,0.6748774202126037
urn:mavedb:00000068-c-1#4006,NA,NA,p.Leu201Gly,0.33738352559699497
urn:mavedb:00000068-c-1#4007,NA,NA,p.Leu201Phe,0.005533211314537034
urn:mavedb:00000068-c-1#4008,NA,NA,p.Leu201Glu,0.11582099757689543
urn:mavedb:00000068-c-1#4009,NA,NA,p.Leu201Asp,0.2147696329408344
urn:mavedb:00000068-c-1#4010,NA,NA,p.Leu201Cys,-0.4798923076938459
urn:mavedb:00000068-c-1#4011,NA,NA,p.Leu201=,0.4416199466194023
urn:mavedb:00000068-c-1#4012,NA,NA,p.Leu201Ala,0.15159853684385896
urn:mavedb:00000068-c-1#4013,NA,NA,p.Asn200Ter,-1.5316536298307646
urn:mavedb:00000068-c-1#4014,NA,NA,p.Asn200Tyr,0.5553433409009015
urn:mavedb:00000068-c-1#4015,NA,NA,p.Asn200Trp,-0.9564225521182882
urn:mavedb:00000068-c-1#4016,NA,NA,p.Asn200Val,1.24535342475315
urn:mavedb:00000068-c-1#4017,NA,NA,p.Asn200Thr,0.3743724133132062
urn:mavedb:00000068-c-1#4018,NA,NA,p.Asn200Ser,0.3670304062458336
urn:mavedb:00000068-c-1#4019,NA,NA,p.Asn200Arg,0.5215016014092337
urn:mavedb:00000068-c-1#4020,NA,NA,p.Asn200Gln,0.9876015070547348
urn:mavedb:00000068-c-1#4021,NA,NA,p.Asn200Pro,1.1541279361271597
urn:mavedb:00000068-c-1#4022,NA,NA,p.Asn200Met,0.7713830505688767
urn:mavedb:00000068-c-1#4023,NA,NA,p.Asn200Leu,1.0927530623526474
urn:mavedb:00000068-c-1#4024,NA,NA,p.Asn200Lys,-0.33617814285591835
urn:mavedb:00000068-c-1#4025,NA,NA,p.Asn200Ile,-0.2228082225724679
urn:mavedb:00000068-c-1#4026,NA,NA,p.Asn200His,0.29931643167958755
urn:mavedb:00000068-c-1#4027,NA,NA,p.Asn200Gly,0.6487710469377158
urn:mavedb:00000068-c-1#4028,NA,NA,p.Asn200Phe,0.2349721356644651
urn:mavedb:00000068-c-1#4029,NA,NA,p.Asn200Glu,0.44312250201701786
urn:mavedb:00000068-c-1#4030,NA,NA,p.Asn200Asp,0.5618954617550054
urn:mavedb:00000068-c-1#4031,NA,NA,p.Asn200Cys,0.9609991183208956
urn:mavedb:00000068-c-1#4032,NA,NA,p.Asn200=,0.7885176092308964
urn:mavedb:00000068-c-1#4033,NA,NA,p.Asn200Ala,0.6106810069535353
urn:mavedb:00000068-c-1#4034,NA,NA,p.Gly199Ter,-0.5336951841426482
urn:mavedb:00000068-c-1#4035,NA,NA,p.Gly199Tyr,0.19940033884962235
urn:mavedb:00000068-c-1#4036,NA,NA,p.Gly199Trp,-1.8439082607602888
urn:mavedb:00000068-c-1#4037,NA,NA,p.Gly199Val,-0.5530560509436369
urn:mavedb:00000068-c-1#4038,NA,NA,p.Gly199Thr,0.4369263929760687
urn:mavedb:00000068-c-1#4039,NA,NA,p.Gly199Ser,0.6851544657257195
urn:mavedb:00000068-c-1#4040,NA,NA,p.Gly199Arg,0.02019969269435434
urn:mavedb:00000068-c-1#4041,NA,NA,p.Gly199Gln,0.30903111965846497
urn:mavedb:00000068-c-1#4042,NA,NA,p.Gly199Pro,0.7967036054676989
urn:mavedb:00000068-c-1#4043,NA,NA,p.Gly199Asn,0.5624523560394793
urn:mavedb:00000068-c-1#4044,NA,NA,p.Gly199Met,0.09639671481600436
urn:mavedb:00000068-c-1#4045,NA,NA,p.Gly199Leu,-1.9114604375776971
urn:mavedb:00000068-c-1#4046,NA,NA,p.Gly199Lys,-0.023813499001218992
urn:mavedb:00000068-c-1#4047,NA,NA,p.Gly199Ile,-1.446434630762186
urn:mavedb:00000068-c-1#4048,NA,NA,p.Gly199His,0.6405144739099747
urn:mavedb:00000068-c-1#4049,NA,NA,p.Gly199Phe,-1.2059996979370708
urn:mavedb:00000068-c-1#4050,NA,NA,p.Gly199Glu,-0.031089993104414876
urn:mavedb:00000068-c-1#4051,NA,NA,p.Gly199Asp,0.3366315382189344
urn:mavedb:00000068-c-1#4052,NA,NA,p.Gly199Cys,0.6603781607001843
urn:mavedb:00000068-c-1#4053,NA,NA,p.Gly199=,0.4749890251936608
urn:mavedb:00000068-c-1#4054,NA,NA,p.Gly199Ala,0.5046362497923091
urn:mavedb:00000068-c-1#4055,NA,NA,p.Glu221Thr,0.2763583225017145
urn:mavedb:00000068-c-1#4056,NA,NA,p.Glu221Ser,-0.6274088609119923
urn:mavedb:00000068-c-1#4057,NA,NA,p.Glu221Arg,-0.04392555281999232
urn:mavedb:00000068-c-1#4058,NA,NA,p.Glu221Gln,0.14473471908905247
urn:mavedb:00000068-c-1#4059,NA,NA,p.Glu221Pro,-0.039527336049296286
urn:mavedb:00000068-c-1#4060,NA,NA,p.Glu221Asn,0.2604021852808921
urn:mavedb:00000068-c-1#4061,NA,NA,p.Glu221Met,0.6577997949010047
urn:mavedb:00000068-c-1#4062,NA,NA,p.Glu221Leu,0.07787289219264583
urn:mavedb:00000068-c-1#4063,NA,NA,p.Glu221Lys,0.19261646134837898
urn:mavedb:00000068-c-1#4064,NA,NA,p.Glu221Ile,0.6571613325652198
urn:mavedb:00000068-c-1#4065,NA,NA,p.Glu221His,0.7521693298262527
urn:mavedb:00000068-c-1#4066,NA,NA,p.Glu221Gly,0.19705456866824095
urn:mavedb:00000068-c-1#4067,NA,NA,p.Glu221Phe,0.17115609832652565
urn:mavedb:00000068-c-1#4068,NA,NA,p.Glu221Asp,0.3496768652517031
urn:mavedb:00000068-c-1#4069,NA,NA,p.Glu221Cys,-0.3540596042555462
urn:mavedb:00000068-c-1#4070,NA,NA,p.Glu221=,0.4092426488949892
urn:mavedb:00000068-c-1#4071,NA,NA,p.Glu221Ala,0.3317894103893138
urn:mavedb:00000068-c-1#4072,NA,NA,p.Tyr220Ter,-1.1768332034703723
urn:mavedb:00000068-c-1#4073,NA,NA,p.Tyr220Trp,0.05367554779212743
urn:mavedb:00000068-c-1#4074,NA,NA,p.Tyr220Val,-1.4089369614555791
urn:mavedb:00000068-c-1#4075,NA,NA,p.Tyr220Thr,-1.9393538724955648
urn:mavedb:00000068-c-1#4076,NA,NA,p.Tyr220Ser,-1.4105793284103023
urn:mavedb:00000068-c-1#4077,NA,NA,p.Tyr220Arg,-1.9247514416267029
urn:mavedb:00000068-c-1#4078,NA,NA,p.Tyr220Gln,-2.23980773825022
urn:mavedb:00000068-c-1#4079,NA,NA,p.Tyr220Pro,-1.7214211530907126
urn:mavedb:00000068-c-1#4080,NA,NA,p.Tyr220Asn,-1.2928372309932317
urn:mavedb:00000068-c-1#4081,NA,NA,p.Tyr220Met,-1.6268577531197912
urn:mavedb:00000068-c-1#4082,NA,NA,p.Tyr220Leu,-0.6710336297731796
urn:mavedb:00000068-c-1#4083,NA,NA,p.Tyr220Lys,-1.8829368895690315
urn:mavedb:00000068-c-1#4084,NA,NA,p.Tyr220Ile,-1.5106358099693138
urn:mavedb:00000068-c-1#4085,NA,NA,p.Tyr220His,-0.7321172119494425
urn:mavedb:00000068-c-1#4086,NA,NA,p.Tyr220Gly,-1.965183896562384
urn:mavedb:00000068-c-1#4087,NA,NA,p.Tyr220Phe,0.2450459949259053
urn:mavedb:00000068-c-1#4088,NA,NA,p.Tyr220Glu,-1.6805355033564429
urn:mavedb:00000068-c-1#4089,NA,NA,p.Tyr220Asp,-1.3961896537625065
urn:mavedb:00000068-c-1#4090,NA,NA,p.Tyr220Cys,-1.1463242807029397
urn:mavedb:00000068-c-1#4091,NA,NA,p.Tyr220=,0.10226871781734986
urn:mavedb:00000068-c-1#4092,NA,NA,p.Tyr220Ala,-1.8716220995336703
urn:mavedb:00000068-c-1#4093,NA,NA,p.Pro219Ter,-1.3448197757947231
urn:mavedb:00000068-c-1#4094,NA,NA,p.Pro219Tyr,0.32293703707659965
urn:mavedb:00000068-c-1#4095,NA,NA,p.Pro219Trp,0.1831815918801889
urn:mavedb:00000068-c-1#4096,NA,NA,p.Pro219Val,-0.1320420703055765
urn:mavedb:00000068-c-1#4097,NA,NA,p.Pro219Thr,0.424237600314714
urn:mavedb:00000068-c-1#4098,NA,NA,p.Pro219Ser,0.24927354656452705
urn:mavedb:00000068-c-1#4099,NA,NA,p.Pro219Arg,-0.14310498415438333
urn:mavedb:00000068-c-1#4100,NA,NA,p.Pro219Gln,0.19360161872727935
urn:mavedb:00000068-c-1#4101,NA,NA,p.Pro219Asn,0.5422706551992509
urn:mavedb:00000068-c-1#4102,NA,NA,p.Pro219Met,0.5730839749393255
urn:mavedb:00000068-c-1#4103,NA,NA,p.Pro219Leu,0.32487135713768384
urn:mavedb:00000068-c-1#4104,NA,NA,p.Pro219Lys,-0.6427883338622077
urn:mavedb:00000068-c-1#4105,NA,NA,p.Pro219Ile,-1.0113676106388862
urn:mavedb:00000068-c-1#4106,NA,NA,p.Glu198Ter,-0.3160110725204523
urn:mavedb:00000068-c-1#4107,NA,NA,p.Glu198Tyr,0.7824543773247264
urn:mavedb:00000068-c-1#4108,NA,NA,p.Glu198Trp,0.4431722714138258
urn:mavedb:00000068-c-1#4109,NA,NA,p.Glu198Val,0.22452175662913512
urn:mavedb:00000068-c-1#4110,NA,NA,p.Glu198Thr,0.7110558420567497
urn:mavedb:00000068-c-1#4111,NA,NA,p.Glu198Ser,1.1051111526106163
urn:mavedb:00000068-c-1#4112,NA,NA,p.Glu198Arg,0.6364006077662657
urn:mavedb:00000068-c-1#4113,NA,NA,p.Glu198Gln,0.22320985200898769
urn:mavedb:00000068-c-1#4114,NA,NA,p.Glu198Pro,0.6514110393799428
urn:mavedb:00000068-c-1#4115,NA,NA,p.Glu198Asn,0.916477912714656
urn:mavedb:00000068-c-1#4116,NA,NA,p.Glu198Met,0.9263707000940862
urn:mavedb:00000068-c-1#4117,NA,NA,p.Glu198Leu,0.7670996442603883
urn:mavedb:00000068-c-1#4118,NA,NA,p.Glu198Lys,0.31367295091558656
urn:mavedb:00000068-c-1#4119,NA,NA,p.Glu198Ile,0.5990466570475393
urn:mavedb:00000068-c-1#4120,NA,NA,p.Glu198His,0.6051437868509154
urn:mavedb:00000068-c-1#4121,NA,NA,p.Glu198Gly,0.06169502024155549
urn:mavedb:00000068-c-1#4122,NA,NA,p.Glu198Phe,0.8955929561317543
urn:mavedb:00000068-c-1#4123,NA,NA,p.Glu198Asp,1.0382155828510833
urn:mavedb:00000068-c-1#4124,NA,NA,p.Glu198Cys,0.9220958940816488
urn:mavedb:00000068-c-1#4125,NA,NA,p.Glu198=,0.1629115065083178
urn:mavedb:00000068-c-1#4126,NA,NA,p.Glu198Ala,0.40408505075229706
urn:mavedb:00000068-c-1#4127,NA,NA,p.Val197Ter,-1.4718814654299863
urn:mavedb:00000068-c-1#4128,NA,NA,p.Val197Tyr,1.4768016133886104
urn:mavedb:00000068-c-1#4129,NA,NA,p.Val197Trp,-1.6046584477107873
urn:mavedb:00000068-c-1#4130,NA,NA,p.Val197Thr,0.25129807316491576
urn:mavedb:00000068-c-1#4131,NA,NA,p.Val197Ser,-1.399031880362379
urn:mavedb:00000068-c-1#4132,NA,NA,p.Glu180Phe,0.4971520127351484
urn:mavedb:00000068-c-1#4133,NA,NA,p.Glu180Asp,-0.09894636774974384
urn:mavedb:00000068-c-1#4134,NA,NA,p.Glu180Cys,-0.712234643749984
urn:mavedb:00000068-c-1#4135,NA,NA,p.Glu180=,-0.2288258147238373
urn:mavedb:00000068-c-1#4136,NA,NA,p.Glu180Ala,-0.3849316838153953
urn:mavedb:00000068-c-1#4137,NA,NA,p.His179Ter,-2.2332521928647333
urn:mavedb:00000068-c-1#4138,NA,NA,p.His179Tyr,-0.375754242717548
urn:mavedb:00000068-c-1#4139,NA,NA,p.His179Trp,-1.5156593877379403
urn:mavedb:00000068-c-1#4140,NA,NA,p.His179Val,-1.3918024880685502
urn:mavedb:00000068-c-1#4141,NA,NA,p.His179Thr,-2.151414044228299
urn:mavedb:00000068-c-1#4142,NA,NA,p.His179Ser,-1.4625889891346688
urn:mavedb:00000068-c-1#4143,NA,NA,p.His179Arg,-0.3938178084782778
urn:mavedb:00000068-c-1#4144,NA,NA,p.His179Gln,-0.8647015802953434
urn:mavedb:00000068-c-1#4145,NA,NA,p.His179Pro,-1.4011943085523673
urn:mavedb:00000068-c-1#4146,NA,NA,p.His179Asn,0.07392902143307238
urn:mavedb:00000068-c-1#4147,NA,NA,p.His179Met,-1.2872144655914552
urn:mavedb:00000068-c-1#4148,NA,NA,p.His179Leu,-1.8651498494425964
urn:mavedb:00000068-c-1#4149,NA,NA,p.His179Lys,-2.2404104415475405
urn:mavedb:00000068-c-1#4150,NA,NA,p.His179Ile,-1.946939058386614
urn:mavedb:00000068-c-1#4151,NA,NA,p.His179Gly,-1.459522322346866
urn:mavedb:00000068-c-1#4152,NA,NA,p.His179Phe,-1.5361365200420716
urn:mavedb:00000068-c-1#4153,NA,NA,p.His179Glu,-1.8781454285135384
urn:mavedb:00000068-c-1#4154,NA,NA,p.His179Asp,-0.6896095668980354
urn:mavedb:00000068-c-1#4155,NA,NA,p.His179Cys,-2.2590998838391503
urn:mavedb:00000068-c-1#4156,NA,NA,p.His179=,0.6299074489272709
urn:mavedb:00000068-c-1#4157,NA,NA,p.His179Ala,-1.750797998072424
urn:mavedb:00000068-c-1#4158,NA,NA,p.His178Ter,-2.297539054335509
urn:mavedb:00000068-c-1#4159,NA,NA,p.His178Tyr,0.4703074232986562
urn:mavedb:00000068-c-1#4160,NA,NA,p.His178Trp,1.2865249531411402
urn:mavedb:00000068-c-1#4161,NA,NA,p.His178Val,0.0014724672689449714
urn:mavedb:00000068-c-1#4162,NA,NA,p.His178Thr,-1.3468528132728956
urn:mavedb:00000068-c-1#4163,NA,NA,p.His178Ser,-1.314244184128632
urn:mavedb:00000068-c-1#4164,NA,NA,p.His178Arg,-0.16225592014605894
urn:mavedb:00000068-c-1#4165,NA,NA,p.His178Gln,0.03222904206446793
urn:mavedb:00000068-c-1#4166,NA,NA,p.His178Pro,-1.536139015044626
urn:mavedb:00000068-c-1#4167,NA,NA,p.His178Asn,0.2094798717558135
urn:mavedb:00000068-c-1#4168,NA,NA,p.His178Met,-1.1276150238898004
urn:mavedb:00000068-c-1#4169,NA,NA,p.His178Leu,0.12680653582485107
urn:mavedb:00000068-c-1#4170,NA,NA,p.His178Lys,-1.4443037364826958
urn:mavedb:00000068-c-1#4171,NA,NA,p.His178Ile,1.4964961162539037
urn:mavedb:00000068-c-1#4172,NA,NA,p.His178Gly,-0.9904415268361134
urn:mavedb:00000068-c-1#4173,NA,NA,p.His178Phe,0.5830611028681087
urn:mavedb:00000068-c-1#4174,NA,NA,p.His178Glu,-1.794230202304824
urn:mavedb:00000068-c-1#4175,NA,NA,p.His178Asp,-1.3140630142475451
urn:mavedb:00000068-c-1#4176,NA,NA,p.His178Cys,0.7241861561633028
urn:mavedb:00000068-c-1#4177,NA,NA,p.His178=,0.6877679462335751
urn:mavedb:00000068-c-1#4178,NA,NA,p.His178Ala,-0.9660081409824336
urn:mavedb:00000068-c-1#4179,NA,NA,p.Pro177Ter,-2.4915919292122912
urn:mavedb:00000068-c-1#4180,NA,NA,p.Pro177Tyr,0.7432804985871102
urn:mavedb:00000068-c-1#4181,NA,NA,p.Pro177Trp,0.1864712569867659
urn:mavedb:00000068-c-1#4182,NA,NA,p.Pro177Val,1.0245649248557192
urn:mavedb:00000068-c-1#4183,NA,NA,p.Pro177Thr,0.10021332921690328
urn:mavedb:00000068-c-1#4184,NA,NA,p.Pro177Ser,0.5986797316647293
urn:mavedb:00000068-c-1#4185,NA,NA,p.Pro177Arg,-1.5143348854980896
urn:mavedb:00000068-c-1#4186,NA,NA,p.Pro177Gln,-1.3891058565453105
urn:mavedb:00000068-c-1#4187,NA,NA,p.Pro177Asn,-1.6007970107754292
urn:mavedb:00000068-c-1#4188,NA,NA,p.Pro177Met,-0.6454399231469511
urn:mavedb:00000068-c-1#4189,NA,NA,p.Pro177Leu,0.055165883544931515
urn:mavedb:00000068-c-1#4190,NA,NA,p.Pro177Lys,-1.8557017222758845
urn:mavedb:00000068-c-1#4191,NA,NA,p.Pro177Ile,0.07572515506385685
urn:mavedb:00000068-c-1#4192,NA,NA,p.Pro177His,0.09645353501687612
urn:mavedb:00000068-c-1#4193,NA,NA,p.Pro177Gly,-0.8427117973723499
urn:mavedb:00000068-c-1#4194,NA,NA,p.Pro177Phe,-0.35692618327700243
urn:mavedb:00000068-c-1#4195,NA,NA,p.Pro177Glu,-1.8908790294396287
urn:mavedb:00000068-c-1#4196,NA,NA,p.Pro177Asp,-1.6090464823771107
urn:mavedb:00000068-c-1#4197,NA,NA,p.Pro177Cys,-0.2567529254109967
urn:mavedb:00000068-c-1#4198,NA,NA,p.Pro177=,0.4105331588094629
urn:mavedb:00000068-c-1#4199,NA,NA,p.Pro177Ala,-0.14690320209222366
urn:mavedb:00000068-c-1#4200,NA,NA,p.Cys176Ter,0.3030915519052133
urn:mavedb:00000068-c-1#4201,NA,NA,p.Cys176Tyr,-0.8773600675530533
urn:mavedb:00000068-c-1#4202,NA,NA,p.Cys176Trp,-1.3288770007799078
urn:mavedb:00000068-c-1#4203,NA,NA,p.Cys176Val,-1.0830134563309095
urn:mavedb:00000068-c-1#4204,NA,NA,p.Cys176Thr,-1.5212197703527357
urn:mavedb:00000068-c-1#4205,NA,NA,p.Cys176Ser,-1.3680991057851897
urn:mavedb:00000068-c-1#4206,NA,NA,p.Cys176Arg,-0.782074162515221
urn:mavedb:00000068-c-1#4207,NA,NA,p.Cys176Gln,-2.3483149291069645
urn:mavedb:00000068-c-1#4208,NA,NA,p.Cys176Pro,-1.8204279742882803
urn:mavedb:00000068-c-1#4209,NA,NA,p.Cys176Asn,-0.95312607609582
urn:mavedb:00000068-c-1#4210,NA,NA,p.Cys176Met,-1.2466470846414366
urn:mavedb:00000068-c-1#4211,NA,NA,p.Cys176Leu,-1.5010023691207666
urn:mavedb:00000068-c-1#4212,NA,NA,p.Cys176Lys,-1.8688020134563836
urn:mavedb:00000068-c-1#4213,NA,NA,p.Cys176Ile,-1.2781725578887506
urn:mavedb:00000068-c-1#4214,NA,NA,p.Cys176His,-1.6807575029662492
urn:mavedb:00000068-c-1#4215,NA,NA,p.Cys176Gly,-0.9171318607159936
urn:mavedb:00000068-c-1#4216,NA,NA,p.Cys176Phe,-0.3455658045625799
urn:mavedb:00000068-c-1#4217,NA,NA,p.Cys176Glu,-2.403702722871357
urn:mavedb:00000068-c-1#4218,NA,NA,p.Cys176Asp,-1.9345427277284983
urn:mavedb:00000068-c-1#4219,NA,NA,p.Cys176=,0.88015064723591
urn:mavedb:00000068-c-1#4220,NA,NA,p.Cys176Ala,-1.6035047315485584
urn:mavedb:00000068-c-1#4221,NA,NA,p.Arg175Ter,-3.7577182383988736
urn:mavedb:00000068-c-1#4222,NA,NA,p.Arg175Tyr,-1.6871985621036736
urn:mavedb:00000068-c-1#4223,NA,NA,p.Arg175Trp,-1.730403197171221
urn:mavedb:00000068-c-1#4224,NA,NA,p.Arg175Val,0.06777619983374678
urn:mavedb:00000068-c-1#4225,NA,NA,p.Arg175Thr,1.3696836977070508
urn:mavedb:00000068-c-1#4226,NA,NA,p.Arg175Ser,0.17401893865760654
urn:mavedb:00000068-c-1#4227,NA,NA,p.Arg175Gln,-0.8094583796009315
urn:mavedb:00000068-c-1#4228,NA,NA,p.Arg175Pro,0.1316028189667122
urn:mavedb:00000068-c-1#4229,NA,NA,p.Arg175Asn,-0.4539346663727071
urn:mavedb:00000068-c-1#4230,NA,NA,p.Arg175Met,1.3199544284514941
urn:mavedb:00000068-c-1#4231,NA,NA,p.Arg175Leu,0.2073973703092912
urn:mavedb:00000068-c-1#4232,NA,NA,p.Arg175Lys,-0.3880312281667053
urn:mavedb:00000068-c-1#4233,NA,NA,p.Arg175Ile,0.7091071321891841
urn:mavedb:00000068-c-1#4234,NA,NA,p.Arg175His,-0.7447654142127693
urn:mavedb:00000068-c-1#4235,NA,NA,p.Arg175Gly,-1.029278833267562
urn:mavedb:00000068-c-1#4236,NA,NA,p.Arg175Phe,-1.1639620676424216
urn:mavedb:00000068-c-1#4237,NA,NA,p.Arg175Glu,-1.6423952806291462
urn:mavedb:00000068-c-1#4238,NA,NA,p.Arg175Asp,-1.4068535793745698
urn:mavedb:00000068-c-1#4239,NA,NA,p.Arg175Cys,0.8148901167934326
urn:mavedb:00000068-c-1#4240,NA,NA,p.Arg175=,0.2831281628512315
urn:mavedb:00000068-c-1#4241,NA,NA,p.Arg175Ala,-0.7900895320475756
urn:mavedb:00000068-c-1#4242,NA,NA,p.Arg174Ter,-1.6184730951555482
urn:mavedb:00000068-c-1#4243,NA,NA,p.Arg174Tyr,0.394875550625064
urn:mavedb:00000068-c-1#4244,NA,NA,p.Arg174Trp,-0.9382831775369272
urn:mavedb:00000068-c-1#4245,NA,NA,p.Arg174Val,-0.3698856258601457
urn:mavedb:00000068-c-1#4246,NA,NA,p.Arg174Thr,0.9585550055674316
urn:mavedb:00000068-c-1#4247,NA,NA,p.Arg174Ser,0.7450304239988293
urn:mavedb:00000068-c-1#4248,NA,NA,p.Arg174Gln,-0.3193130004304832
urn:mavedb:00000068-c-1#4249,NA,NA,p.Arg174Pro,-2.1833654009048
urn:mavedb:00000068-c-1#4250,NA,NA,p.Arg174Asn,-0.96008313785031
urn:mavedb:00000068-c-1#4251,NA,NA,p.Arg174Met,0.7909483080621396
urn:mavedb:00000068-c-1#4252,NA,NA,p.Arg174Leu,1.2215922536236847
urn:mavedb:00000068-c-1#4253,NA,NA,p.Arg174Lys,0.4009328403803396
urn:mavedb:00000068-c-1#4254,NA,NA,p.Arg174Ile,-1.0132487474152894
urn:mavedb:00000068-c-1#4255,NA,NA,p.Arg174His,-0.5822627251200816
urn:mavedb:00000068-c-1#4256,NA,NA,p.Arg174Gly,0.14523793864874307
urn:mavedb:00000068-c-1#4257,NA,NA,p.Arg174Phe,-0.4876061550360789
urn:mavedb:00000068-c-1#4258,NA,NA,p.Arg174Glu,-1.6938287984169875
urn:mavedb:00000068-c-1#4259,NA,NA,p.Arg174Asp,-1.8361453130917813
urn:mavedb:00000068-c-1#4260,NA,NA,p.Arg174Cys,0.05891261412372045
urn:mavedb:00000068-c-1#4261,NA,NA,p.Arg174=,0.44493992382155945
urn:mavedb:00000068-c-1#4262,NA,NA,p.Arg174Ala,0.2210104693011196
urn:mavedb:00000068-c-1#4263,NA,NA,p.Val173Ter,-1.487610754573336
urn:mavedb:00000068-c-1#4264,NA,NA,p.Val173Tyr,-1.6885744063127262
urn:mavedb:00000068-c-1#4265,NA,NA,p.Val173Trp,-1.4085731265497332
urn:mavedb:00000068-c-1#4266,NA,NA,p.Val173Thr,-2.5553241307194563
urn:mavedb:00000068-c-1#4267,NA,NA,p.Val173Ser,-2.249842529532694
urn:mavedb:00000068-c-1#4268,NA,NA,p.Val173Arg,-2.4713852057178083
urn:mavedb:00000068-c-1#4269,NA,NA,p.Val173Gln,-2.2729442896187897
urn:mavedb:00000068-c-1#4270,NA,NA,p.Val173Pro,-0.3654955515467305
urn:mavedb:00000068-c-1#4271,NA,NA,p.Val173Asn,-1.2221689501868216
urn:mavedb:00000068-c-1#4272,NA,NA,p.Val173Met,-1.2014883955989266
urn:mavedb:00000068-c-1#4273,NA,NA,p.Val173Leu,0.05025554410811962
urn:mavedb:00000068-c-1#4274,NA,NA,p.Val173Lys,-1.6247697234469516
urn:mavedb:00000068-c-1#4275,NA,NA,p.Val173Ile,-1.4757858387374843
urn:mavedb:00000068-c-1#4276,NA,NA,p.Val173His,-1.9059576003248733
urn:mavedb:00000068-c-1#4277,NA,NA,p.Val173Gly,-1.7603406936143249
urn:mavedb:00000068-c-1#4278,NA,NA,p.Val173Phe,-2.0479208182946715
urn:mavedb:00000068-c-1#4279,NA,NA,p.Val173Glu,-0.30865289947616725
urn:mavedb:00000068-c-1#4280,NA,NA,p.Val173Asp,-1.8845721710218049
urn:mavedb:00000068-c-1#4281,NA,NA,p.Val173Cys,-1.3029543287987353
urn:mavedb:00000068-c-1#4282,NA,NA,p.Val173=,0.20950104925659785
urn:mavedb:00000068-c-1#4283,NA,NA,p.Val173Ala,-0.9021253512960103
urn:mavedb:00000068-c-1#4284,NA,NA,p.Val172Ter,-1.4252152015176829
urn:mavedb:00000068-c-1#4285,NA,NA,p.Val172Tyr,-2.1255456047321046
urn:mavedb:00000068-c-1#4286,NA,NA,p.Val172Trp,-1.1927062378570588
urn:mavedb:00000068-c-1#4287,NA,NA,p.Val172Thr,1.1866886860745491
urn:mavedb:00000068-c-1#4288,NA,NA,p.Val172Ser,0.154951090111286
urn:mavedb:00000068-c-1#4289,NA,NA,p.Val172Arg,-1.6477162441794788
urn:mavedb:00000068-c-1#4290,NA,NA,p.Val172Gln,0.6449043799845456
urn:mavedb:00000068-c-1#4291,NA,NA,p.Val172Pro,1.284322768351009
urn:mavedb:00000068-c-1#4292,NA,NA,p.Val172Asn,0.7249179010666313
urn:mavedb:00000068-c-1#4293,NA,NA,p.Val172Met,0.6056658375586012
urn:mavedb:00000068-c-1#4294,NA,NA,p.Val172Leu,-0.06360672500069643
urn:mavedb:00000068-c-1#4295,NA,NA,p.Val172Lys,-1.9848807646108648
urn:mavedb:00000068-c-1#4296,NA,NA,p.Val172Ile,0.4303215866782397
urn:mavedb:00000068-c-1#4297,NA,NA,p.Val172His,0.055107511491151284
urn:mavedb:00000068-c-1#4298,NA,NA,p.Val172Gly,-1.2559918286162388
urn:mavedb:00000068-c-1#4299,NA,NA,p.Val172Phe,-0.008718996910012782
urn:mavedb:00000068-c-1#4300,NA,NA,p.Val172Glu,-1.2704601150971346
urn:mavedb:00000068-c-1#4301,NA,NA,p.Val172Asp,-0.8015085651027795
urn:mavedb:00000068-c-1#4302,NA,NA,p.Val172Cys,0.2805643872526011
urn:mavedb:00000068-c-1#4303,NA,NA,p.Val172=,0.517036636007091
urn:mavedb:00000068-c-1#4304,NA,NA,p.Val172Ala,0.9879793754010984
urn:mavedb:00000068-c-1#4305,NA,NA,p.Glu171Ter,-0.007360630504311039
urn:mavedb:00000068-c-1#4306,NA,NA,p.Glu171Tyr,-0.6445233530793946
urn:mavedb:00000068-c-1#4307,NA,NA,p.Glu171Trp,-1.0284728496156268
urn:mavedb:00000068-c-1#4308,NA,NA,p.Glu171Val,0.2625250060677075
urn:mavedb:00000068-c-1#4309,NA,NA,p.Glu171Thr,0.4064084188807524
urn:mavedb:00000068-c-1#4310,NA,NA,p.Glu171Ser,0.5809550257082375
urn:mavedb:00000068-c-1#4311,NA,NA,p.Glu171Arg,-0.6317335867856592
urn:mavedb:00000068-c-1#4312,NA,NA,p.Glu171Gln,0.4210169809236107
urn:mavedb:00000068-c-1#4313,NA,NA,p.Glu171Pro,-1.7440929804896472
urn:mavedb:00000068-c-1#4314,NA,NA,p.Glu171Asn,0.3629155174696524
urn:mavedb:00000068-c-1#4315,NA,NA,p.Glu171Met,-0.44754821917429416
urn:mavedb:00000068-c-1#4316,NA,NA,p.Glu171Leu,-1.3243787297574643
urn:mavedb:00000068-c-1#4317,NA,NA,p.Glu171Lys,0.6952552488101287
urn:mavedb:00000068-c-1#4318,NA,NA,p.Glu171Ile,-0.483756380411724
urn:mavedb:00000068-c-1#4319,NA,NA,p.Glu171His,1.3831387273937716
urn:mavedb:00000068-c-1#4320,NA,NA,p.Glu171Gly,-0.30976053623765937
urn:mavedb:00000068-c-1#4321,NA,NA,p.Glu171Phe,-1.8105308182248132
urn:mavedb:00000068-c-1#4322,NA,NA,p.Arg209=,-0.2479775493377452
urn:mavedb:00000068-c-1#4323,NA,NA,p.Arg209Ala,0.4927232916170658
urn:mavedb:00000068-c-1#4324,NA,NA,p.Asp208Ter,-1.6668004290432787
urn:mavedb:00000068-c-1#4325,NA,NA,p.Asp208Tyr,0.43803150798516793
urn:mavedb:00000068-c-1#4326,NA,NA,p.Asp208Trp,0.6991730855629025
urn:mavedb:00000068-c-1#4327,NA,NA,p.Asp208Val,-1.0029502192687585
urn:mavedb:00000068-c-1#4328,NA,NA,p.Asp208Thr,-1.3812387605039669
urn:mavedb:00000068-c-1#4329,NA,NA,p.Asp208Ser,0.4026704966637339
urn:mavedb:00000068-c-1#4330,NA,NA,p.Asp208Arg,-1.7364631060146525
urn:mavedb:00000068-c-1#4331,NA,NA,p.Asp208Gln,-1.3600473116636913
urn:mavedb:00000068-c-1#4332,NA,NA,p.Asp208Pro,-2.099782994150392
urn:mavedb:00000068-c-1#4333,NA,NA,p.Asp208Asn,0.2904293989070683
urn:mavedb:00000068-c-1#4334,NA,NA,p.Asp208Met,-1.4838176912676715
urn:mavedb:00000068-c-1#4335,NA,NA,p.Asp208Leu,-1.9234124008630469
urn:mavedb:00000068-c-1#4336,NA,NA,p.Asp208Lys,-2.0370481271125866
urn:mavedb:00000068-c-1#4337,NA,NA,p.Asp208Ile,-1.810592578159128
urn:mavedb:00000068-c-1#4338,NA,NA,p.Asp208His,0.3937054540703111
urn:mavedb:00000068-c-1#4339,NA,NA,p.Asp208Gly,0.2768609593530033
urn:mavedb:00000068-c-1#4340,NA,NA,p.Asp208Phe,-0.7448983563866431
urn:mavedb:00000068-c-1#4341,NA,NA,p.Asp208Glu,0.7143807462003703
urn:mavedb:00000068-c-1#4342,NA,NA,p.Asp208Cys,0.11669924732898652
urn:mavedb:00000068-c-1#4343,NA,NA,p.Asp208=,0.5442803199685862
urn:mavedb:00000068-c-1#4344,NA,NA,p.Glu171Asp,0.42295859416170384
urn:mavedb:00000068-c-1#4345,NA,NA,p.Glu171Cys,-0.11382639339211767
urn:mavedb:00000068-c-1#4346,NA,NA,p.Glu171=,0.2499424401857402
urn:mavedb:00000068-c-1#4347,NA,NA,p.Glu171Ala,1.0755564251536631
urn:mavedb:00000068-c-1#4348,NA,NA,p.Thr170Ter,-2.3395694796652977
urn:mavedb:00000068-c-1#4349,NA,NA,p.Thr170Tyr,1.5583024603829618
urn:mavedb:00000068-c-1#4350,NA,NA,p.Thr170Trp,-0.261291499374547
urn:mavedb:00000068-c-1#4351,NA,NA,p.Thr170Val,1.375674123960896
urn:mavedb:00000068-c-1#4352,NA,NA,p.Thr170Ser,0.8185542415406675
urn:mavedb:00000068-c-1#4353,NA,NA,p.Thr170Arg,-0.4224215404766462
urn:mavedb:00000068-c-1#4354,NA,NA,p.Thr170Gln,0.9053545963741076
urn:mavedb:00000068-c-1#4355,NA,NA,p.Thr170Pro,-0.6349773250790467
urn:mavedb:00000068-c-1#4356,NA,NA,p.Thr170Asn,1.148141642532242
urn:mavedb:00000068-c-1#4357,NA,NA,p.Thr170Met,1.0684660672157866
urn:mavedb:00000068-c-1#4358,NA,NA,p.Thr170Leu,1.7571376587747436
urn:mavedb:00000068-c-1#4359,NA,NA,p.Thr170Lys,0.5172022246463805
urn:mavedb:00000068-c-1#4360,NA,NA,p.Thr170Ile,-0.4456524067975508
urn:mavedb:00000068-c-1#4361,NA,NA,p.Thr170His,1.5971143110192367
urn:mavedb:00000068-c-1#4362,NA,NA,p.Thr170Gly,0.8426712119442517
urn:mavedb:00000068-c-1#4363,NA,NA,p.Thr170Phe,-1.1432834139537176
urn:mavedb:00000068-c-1#4364,NA,NA,p.Thr170Glu,-0.11642383336329575
urn:mavedb:00000068-c-1#4365,NA,NA,p.Thr170Asp,-0.04135193643472163
urn:mavedb:00000068-c-1#4366,NA,NA,p.Thr170Cys,0.3622166842527488
urn:mavedb:00000068-c-1#4367,NA,NA,p.Thr170=,0.2558348918545507
urn:mavedb:00000068-c-1#4368,NA,NA,p.Thr170Ala,0.4134776374026489
urn:mavedb:00000068-c-1#4369,NA,NA,p.Met169Ter,-2.234365400728495
urn:mavedb:00000068-c-1#4370,NA,NA,p.Ile162Ala,-1.4885219773254061
urn:mavedb:00000068-c-1#4371,NA,NA,p.Ala161Ter,-1.8916170306488849
urn:mavedb:00000068-c-1#4372,NA,NA,p.Ala161Tyr,-2.0863828142211145
urn:mavedb:00000068-c-1#4373,NA,NA,p.Ala161Trp,-2.1359293863042192
urn:mavedb:00000068-c-1#4374,NA,NA,p.Ala161Val,0.9334592175267249
urn:mavedb:00000068-c-1#4375,NA,NA,p.Ala161Thr,-0.4785270523226585
urn:mavedb:00000068-c-1#4376,NA,NA,p.Ala161Ser,0.4884162664839487
urn:mavedb:00000068-c-1#4377,NA,NA,p.Ala161Arg,-1.8274400855848232
urn:mavedb:00000068-c-1#4378,NA,NA,p.Ala161Gln,-1.3995451558792908
urn:mavedb:00000068-c-1#4379,NA,NA,p.Ala161Pro,0.8257018106365294
urn:mavedb:00000068-c-1#4380,NA,NA,p.Ala161Asn,-2.5812143233373392
urn:mavedb:00000068-c-1#4381,NA,NA,p.Ala161Met,-1.3581915884655769
urn:mavedb:00000068-c-1#4382,NA,NA,p.Ala161Leu,-0.8345855790624179
urn:mavedb:00000068-c-1#4383,NA,NA,p.Ala161Lys,-1.8351271452130256
urn:mavedb:00000068-c-1#4384,NA,NA,p.Ala161Ile,-2.4907980850099274
urn:mavedb:00000068-c-1#4385,NA,NA,p.Ala161His,-1.6026443052509645
urn:mavedb:00000068-c-1#4386,NA,NA,p.Ala161Gly,-0.2688817225827749
urn:mavedb:00000068-c-1#4387,NA,NA,p.Ala161Phe,-1.5000287060917272
urn:mavedb:00000068-c-1#4388,NA,NA,p.Ala161Glu,-1.0851575935829818
urn:mavedb:00000068-c-1#4389,NA,NA,p.Ala161Asp,0.07702882662208425
urn:mavedb:00000068-c-1#4390,NA,NA,p.Ala161Cys,1.0166085133219946
urn:mavedb:00000068-c-1#4391,NA,NA,p.Ala161=,0.4871847173969293
urn:mavedb:00000068-c-1#4392,NA,NA,p.Met160Ter,-1.6643029852892168
urn:mavedb:00000068-c-1#4393,NA,NA,p.Met160Tyr,-0.03746438249051015
urn:mavedb:00000068-c-1#4394,NA,NA,p.Met160Trp,-2.193591982627019
urn:mavedb:00000068-c-1#4395,NA,NA,p.Met160Val,0.2181845971317791
urn:mavedb:00000068-c-1#4396,NA,NA,p.Met160Thr,0.4563278366429552
urn:mavedb:00000068-c-1#4397,NA,NA,p.Met160Ser,-0.6209417102240576
urn:mavedb:00000068-c-1#4398,NA,NA,p.Met160Arg,0.2523828860967929
urn:mavedb:00000068-c-1#4399,NA,NA,p.Met160Gln,0.18151521861456787
urn:mavedb:00000068-c-1#4400,NA,NA,p.Met160Pro,-1.9699068230649277
urn:mavedb:00000068-c-1#4401,NA,NA,p.Met160Asn,-1.9709635669024037
urn:mavedb:00000068-c-1#4402,NA,NA,p.Met160Leu,0.7456367235336067
urn:mavedb:00000068-c-1#4403,NA,NA,p.Met160Lys,-0.6168994581179305
urn:mavedb:00000068-c-1#4404,NA,NA,p.Met160Ile,0.3855718422503781
urn:mavedb:00000068-c-1#4405,NA,NA,p.Met160His,-1.3591500979958442
urn:mavedb:00000068-c-1#4406,NA,NA,p.Met160Gly,-1.8486414824337236
urn:mavedb:00000068-c-1#4407,NA,NA,p.Met160Phe,1.2725463545395113
urn:mavedb:00000068-c-1#4408,NA,NA,p.Met160Glu,0.3516404557597518
urn:mavedb:00000068-c-1#4409,NA,NA,p.Met160Asp,-1.8321277397511309
urn:mavedb:00000068-c-1#4410,NA,NA,p.Met160Cys,-0.391450140591003
urn:mavedb:00000068-c-1#4411,NA,NA,p.Met160Ala,0.8759882441790405
urn:mavedb:00000068-c-1#4412,NA,NA,p.Ala159Ter,-1.6232939215371471
urn:mavedb:00000068-c-1#4413,NA,NA,p.Ala159Tyr,-1.9821180928622908
urn:mavedb:00000068-c-1#4414,NA,NA,p.Ala159Trp,-2.1077874316417824
urn:mavedb:00000068-c-1#4415,NA,NA,p.Ala159Val,-1.0519584124026116
urn:mavedb:00000068-c-1#4416,NA,NA,p.Ala159Thr,0.5578734659139464
urn:mavedb:00000068-c-1#4417,NA,NA,p.Ala159Ser,0.5002432321803568
urn:mavedb:00000068-c-1#4418,NA,NA,p.Ala159Arg,-1.6226782532096202
urn:mavedb:00000068-c-1#4419,NA,NA,p.Ala159Gln,-2.6956980163902533
urn:mavedb:00000068-c-1#4420,NA,NA,p.Ala159Pro,-1.2246825557359964
urn:mavedb:00000068-c-1#4421,NA,NA,p.Ala159Asn,-1.1893052792042516
urn:mavedb:00000068-c-1#4422,NA,NA,p.Ala159Met,-1.706212955862508
urn:mavedb:00000068-c-1#4423,NA,NA,p.Ala159Leu,-2.074217701635833
urn:mavedb:00000068-c-1#4424,NA,NA,p.Ala159Lys,-2.0342699589251505
urn:mavedb:00000068-c-1#4425,NA,NA,p.Ala159Ile,-1.171646085975579
urn:mavedb:00000068-c-1#4426,NA,NA,p.Ala159His,-1.6405530243535211
urn:mavedb:00000068-c-1#4427,NA,NA,p.Ala159Gly,-0.8959356607791655
urn:mavedb:00000068-c-1#4428,NA,NA,p.Ala159Phe,-0.9717535538444844
urn:mavedb:00000068-c-1#4429,NA,NA,p.Ala159Glu,-2.3265404787136026
urn:mavedb:00000068-c-1#4430,NA,NA,p.Ala159Asp,0.11551135803456103
urn:mavedb:00000068-c-1#4431,NA,NA,p.Ala159Cys,1.433406200802167
urn:mavedb:00000068-c-1#4432,NA,NA,p.Ala159=,0.528764673974285
urn:mavedb:00000068-c-1#4433,NA,NA,p.Arg158Ter,-3.494633544489283
urn:mavedb:00000068-c-1#4434,NA,NA,p.Arg158Tyr,-1.4268511360645724
urn:mavedb:00000068-c-1#4435,NA,NA,p.Arg158Trp,-2.438405184214983
urn:mavedb:00000068-c-1#4436,NA,NA,p.Arg158Val,0.7915444657523361
urn:mavedb:00000068-c-1#4437,NA,NA,p.Arg158Thr,-0.740053666050511
urn:mavedb:00000068-c-1#4438,NA,NA,p.Arg158Ser,0.2533732980280484
urn:mavedb:00000068-c-1#4439,NA,NA,p.Arg158Gln,-1.6509483825762794
urn:mavedb:00000068-c-1#4440,NA,NA,p.Arg158Pro,-1.2577940221856092
urn:mavedb:00000068-c-1#4441,NA,NA,p.Arg158Asn,-1.056011077610988
urn:mavedb:00000068-c-1#4442,NA,NA,p.Arg158Met,-1.0257318052087911
urn:mavedb:00000068-c-1#4443,NA,NA,p.Arg158Leu,-0.8283464732728202
urn:mavedb:00000068-c-1#4444,NA,NA,p.Arg158Lys,1.3571558605180936
urn:mavedb:00000068-c-1#4445,NA,NA,p.Arg158Ile,0.12732449284569156
urn:mavedb:00000068-c-1#4446,NA,NA,p.Arg158His,-0.3599730674941448
urn:mavedb:00000068-c-1#4447,NA,NA,p.Arg158Gly,-1.6493962034878586
urn:mavedb:00000068-c-1#4448,NA,NA,p.Arg158Phe,-0.42724090973453616
urn:mavedb:00000068-c-1#4449,NA,NA,p.Arg158Glu,-2.282680957406665
urn:mavedb:00000068-c-1#4450,NA,NA,p.Arg158Asp,-2.295044026497409
urn:mavedb:00000068-c-1#4451,NA,NA,p.Arg158Cys,0.10530140123780947
urn:mavedb:00000068-c-1#4452,NA,NA,p.Arg158=,0.5851383099067511
urn:mavedb:00000068-c-1#4453,NA,NA,p.Arg158Ala,0.0906782238059388
urn:mavedb:00000068-c-1#4454,NA,NA,p.Val157Ter,0.7391805004261577
urn:mavedb:00000068-c-1#4455,NA,NA,p.Val157Tyr,-1.9871641804824811
urn:mavedb:00000068-c-1#4456,NA,NA,p.Val157Trp,-1.2558691895925271
urn:mavedb:00000068-c-1#4457,NA,NA,p.Val157Thr,-2.08238251612718
urn:mavedb:00000068-c-1#4458,NA,NA,p.Val157Ser,-1.3493896235305785
urn:mavedb:00000068-c-1#4459,NA,NA,p.Val157Arg,-2.088914261041895
urn:mavedb:00000068-c-1#4460,NA,NA,p.Val157Gln,-0.6160756368590963
urn:mavedb:00000068-c-1#4461,NA,NA,p.Val157Pro,-1.813891301017027
urn:mavedb:00000068-c-1#4462,NA,NA,p.Val157Asn,-1.6917687884330808
urn:mavedb:00000068-c-1#4463,NA,NA,p.Val157Met,-1.4014985934634363
urn:mavedb:00000068-c-1#4464,NA,NA,p.Val157Leu,-0.7756437307468159
urn:mavedb:00000068-c-1#4465,NA,NA,p.Val157Lys,-1.2706981817618463
urn:mavedb:00000068-c-1#4466,NA,NA,p.Val157Ile,0.4387656869454484
urn:mavedb:00000068-c-1#4467,NA,NA,p.Val157His,-1.8992174110906108
urn:mavedb:00000068-c-1#4468,NA,NA,p.Val157Gly,-0.5346628964998573
urn:mavedb:00000068-c-1#4469,NA,NA,p.Val157Phe,0.013701171177904559
urn:mavedb:00000068-c-1#4470,NA,NA,p.Val157Glu,-0.9199188711612276
urn:mavedb:00000068-c-1#4471,NA,NA,p.Val157Asp,-0.35181463308708216
urn:mavedb:00000068-c-1#4472,NA,NA,p.Val157Cys,0.873554948813634
urn:mavedb:00000068-c-1#4473,NA,NA,p.Val157=,0.5801780813681561
urn:mavedb:00000068-c-1#4474,NA,NA,p.Val157Ala,-0.8200333273761209
urn:mavedb:00000068-c-1#4475,NA,NA,p.Arg156Ter,-2.3722338349662087
urn:mavedb:00000068-c-1#4476,NA,NA,p.Arg156Tyr,-0.8004886220886401
urn:mavedb:00000068-c-1#4477,NA,NA,p.Arg156Trp,-0.10824110639787876
urn:mavedb:00000068-c-1#4478,NA,NA,p.Arg156Val,0.8462508971171604
urn:mavedb:00000068-c-1#4479,NA,NA,p.Arg156Thr,-0.5595361145815635
urn:mavedb:00000068-c-1#4480,NA,NA,p.Arg156Ser,0.8876811363459474
urn:mavedb:00000068-c-1#4481,NA,NA,p.Arg156Gln,-0.5749513711710161
urn:mavedb:00000068-c-1#4482,NA,NA,p.Arg156Pro,-0.9430813981716598
urn:mavedb:00000068-c-1#4483,NA,NA,p.Arg156Asn,0.6586010559048021
urn:mavedb:00000068-c-1#4484,NA,NA,p.Arg156Met,1.129117056689659
urn:mavedb:00000068-c-1#4485,NA,NA,p.Arg156Leu,1.1046512706871994
urn:mavedb:00000068-c-1#4486,NA,NA,p.Arg156Lys,0.08587520138251559
urn:mavedb:00000068-c-1#4487,NA,NA,p.Arg156Ile,0.04186100914110686
urn:mavedb:00000068-c-1#4488,NA,NA,p.Arg156His,0.17874340524140622
urn:mavedb:00000068-c-1#4489,NA,NA,p.Arg156Gly,-0.2287988245112907
urn:mavedb:00000068-c-1#4490,NA,NA,p.Arg156Phe,0.8689258144444555
urn:mavedb:00000068-c-1#4491,NA,NA,p.Arg156Glu,-1.5625096369543583
urn:mavedb:00000068-c-1#4492,NA,NA,p.Arg156Asp,-1.2198824151928191
urn:mavedb:00000068-c-1#4493,NA,NA,p.Arg156Cys,0.7615962488604051
urn:mavedb:00000068-c-1#4494,NA,NA,p.Arg156=,0.4336595888481639
urn:mavedb:00000068-c-1#4495,NA,NA,p.Arg156Ala,-0.7493002720517278
urn:mavedb:00000068-c-1#4496,NA,NA,p.Thr155Ter,-1.5508686263057097
urn:mavedb:00000068-c-1#4497,NA,NA,p.Thr155Tyr,-1.4062638763846065
urn:mavedb:00000068-c-1#4498,NA,NA,p.Thr155Trp,-1.5996306577177948
urn:mavedb:00000068-c-1#4499,NA,NA,p.Thr155Val,0.3187231738941534
urn:mavedb:00000068-c-1#4500,NA,NA,p.Thr155Ser,0.8332240686279843
urn:mavedb:00000068-c-1#4501,NA,NA,p.Thr155Arg,-1.1790128841535854
urn:mavedb:00000068-c-1#4502,NA,NA,p.Thr155Gln,-1.7322327596048923
urn:mavedb:00000068-c-1#4503,NA,NA,p.Thr155Pro,-1.1688807619694357
urn:mavedb:00000068-c-1#4504,NA,NA,p.Thr155Asn,-0.025623059021670558
urn:mavedb:00000068-c-1#4505,NA,NA,p.Thr155Met,-2.2547649471501554
urn:mavedb:00000068-c-1#4506,NA,NA,p.Thr155Leu,-0.09646248032275656
urn:mavedb:00000068-c-1#4507,NA,NA,p.Thr155Lys,-1.6155297757480231
urn:mavedb:00000068-c-1#4508,NA,NA,p.Thr155Ile,-0.7126539682191835
urn:mavedb:00000068-c-1#4509,NA,NA,p.Thr155His,-1.6377447524430362
urn:mavedb:00000068-c-1#4510,NA,NA,p.Thr155Gly,-1.4577193741027812
urn:mavedb:00000068-c-1#4511,NA,NA,p.Thr155Phe,-1.8589294717096916
urn:mavedb:00000068-c-1#4512,NA,NA,p.Thr155Glu,-1.0073488498778906
urn:mavedb:00000068-c-1#4513,NA,NA,p.Thr155Asp,-1.1978828541366884
urn:mavedb:00000068-c-1#4514,NA,NA,p.Thr155Cys,1.1584230267065927
urn:mavedb:00000068-c-1#4515,NA,NA,p.Thr155=,0.5242753365425442
urn:mavedb:00000068-c-1#4516,NA,NA,p.Thr155Ala,0.09390965574523906
urn:mavedb:00000068-c-1#4517,NA,NA,p.Gly154Ter,-1.2846911788590216
urn:mavedb:00000068-c-1#4518,NA,NA,p.Gly154Tyr,1.2741018928203132
urn:mavedb:00000068-c-1#4519,NA,NA,p.Gly154Trp,0.3173763496200539
urn:mavedb:00000068-c-1#4520,NA,NA,p.Gly154Val,-0.8098874481014269
urn:mavedb:00000068-c-1#4521,NA,NA,p.Gly154Thr,-0.2892883663773765
urn:mavedb:00000068-c-1#4522,NA,NA,p.Gly154Ser,0.1292383490862343
urn:mavedb:00000068-c-1#4523,NA,NA,p.Gly154Arg,-0.4947408821648162
urn:mavedb:00000068-c-1#4524,NA,NA,p.Gly154Gln,-0.7715612006434154
urn:mavedb:00000068-c-1#4525,NA,NA,p.Gly154Pro,-1.7501834171380668
urn:mavedb:00000068-c-1#4526,NA,NA,p.Gly154Asn,-0.8784867885801084
urn:mavedb:00000068-c-1#4527,NA,NA,p.Gly154Met,0.03652795774677086
urn:mavedb:00000068-c-1#4528,NA,NA,p.Gly154Leu,0.4052254094223513
urn:mavedb:00000068-c-1#4529,NA,NA,p.Gly154Lys,0.16085552911462378
urn:mavedb:00000068-c-1#4530,NA,NA,p.Gly154Ile,-1.4001676889650116
urn:mavedb:00000068-c-1#4531,NA,NA,p.Gly154His,0.8911087416930543
urn:mavedb:00000068-c-1#4532,NA,NA,p.Gly154Phe,0.7176560662164914
urn:mavedb:00000068-c-1#4533,NA,NA,p.Gly154Glu,0.9904768925617596
urn:mavedb:00000068-c-1#4534,NA,NA,p.Gly154Asp,0.5084777580493971
urn:mavedb:00000068-c-1#4535,NA,NA,p.Gly154Cys,0.888099972143143
urn:mavedb:00000068-c-1#4536,NA,NA,p.Gly154=,0.4471033188381524
urn:mavedb:00000068-c-1#4537,NA,NA,p.Gly154Ala,-0.10672688685101868
urn:mavedb:00000068-c-1#4538,NA,NA,p.Pro153Ter,-0.7458527029099489
urn:mavedb:00000068-c-1#4539,NA,NA,p.Pro153Tyr,0.8000169126237786
urn:mavedb:00000068-c-1#4540,NA,NA,p.Pro153Trp,1.195768856031109
urn:mavedb:00000068-c-1#4541,NA,NA,p.Pro153Val,0.08189860078088385
urn:mavedb:00000068-c-1#4542,NA,NA,p.Pro153Thr,0.6209859138174607
urn:mavedb:00000068-c-1#4543,NA,NA,p.Pro153Ser,0.6113738436122245
urn:mavedb:00000068-c-1#4544,NA,NA,p.Pro153Arg,0.6263266256318342
urn:mavedb:00000068-c-1#4545,NA,NA,p.Pro153Gln,1.1585322877214377
urn:mavedb:00000068-c-1#4546,NA,NA,p.Pro153Asn,-0.4888621564188736
urn:mavedb:00000068-c-1#4547,NA,NA,p.Pro153Met,-0.7837133327347431
urn:mavedb:00000068-c-1#4548,NA,NA,p.Pro153Leu,0.5174529163145541
urn:mavedb:00000068-c-1#4549,NA,NA,p.Pro153Lys,-1.188533750579272
urn:mavedb:00000068-c-1#4550,NA,NA,p.Pro153Ile,0.4451537342205582
urn:mavedb:00000068-c-1#4551,NA,NA,p.Pro153His,0.4113503194593491
urn:mavedb:00000068-c-1#4552,NA,NA,p.Pro153Gly,-0.9020321883210048
urn:mavedb:00000068-c-1#4553,NA,NA,p.Pro153Phe,0.7313785941150701
urn:mavedb:00000068-c-1#4554,NA,NA,p.Pro153Glu,0.7207552672540332
urn:mavedb:00000068-c-1#4555,NA,NA,p.Pro153Asp,-0.12322103321465512
urn:mavedb:00000068-c-1#4556,NA,NA,p.Pro153Cys,1.6520804756115322
urn:mavedb:00000068-c-1#4557,NA,NA,p.Pro153=,0.13039527668266396
urn:mavedb:00000068-c-1#4558,NA,NA,p.Pro153Ala,-0.9266975358049326
urn:mavedb:00000068-c-1#4559,NA,NA,p.Pro152Ter,-1.3817265960410414
urn:mavedb:00000068-c-1#4560,NA,NA,p.Val197Arg,-1.6359695323610592
urn:mavedb:00000068-c-1#4561,NA,NA,p.Val197Gln,-1.9276834492022656
urn:mavedb:00000068-c-1#4562,NA,NA,p.Val197Pro,-1.535493173791624
urn:mavedb:00000068-c-1#4563,NA,NA,p.Val197Asn,-2.5717845918954514
urn:mavedb:00000068-c-1#4564,NA,NA,p.Val197Met,-1.161474952658438
urn:mavedb:00000068-c-1#4565,NA,NA,p.Val197Leu,0.00515276691795541
urn:mavedb:00000068-c-1#4566,NA,NA,p.Val197Lys,-0.9572462356323268
urn:mavedb:00000068-c-1#4567,NA,NA,p.Val197Ile,1.037613169170316
urn:mavedb:00000068-c-1#4568,NA,NA,p.Val197His,-1.640640875031674
urn:mavedb:00000068-c-1#4569,NA,NA,p.Val197Gly,-1.0321204254357264
urn:mavedb:00000068-c-1#4570,NA,NA,p.Val197Phe,-0.3763886378772507
urn:mavedb:00000068-c-1#4571,NA,NA,p.Val197Glu,-1.003155748452479
urn:mavedb:00000068-c-1#4572,NA,NA,p.Val197Asp,-1.4899673332853351
urn:mavedb:00000068-c-1#4573,NA,NA,p.Val197Cys,0.9234990159703352
urn:mavedb:00000068-c-1#4574,NA,NA,p.Val197=,0.3729239030087714
urn:mavedb:00000068-c-1#4575,NA,NA,p.Val197Ala,0.8093129982819697
urn:mavedb:00000068-c-1#4576,NA,NA,p.Arg196Ter,-0.9261012849225464
urn:mavedb:00000068-c-1#4577,NA,NA,p.Arg196Tyr,-1.9186038201260576
urn:mavedb:00000068-c-1#4578,NA,NA,p.Arg196Trp,-0.25714456753109555
urn:mavedb:00000068-c-1#4579,NA,NA,p.Arg196Val,0.7112674333227935
urn:mavedb:00000068-c-1#4580,NA,NA,p.Arg196Thr,1.345636007741585
urn:mavedb:00000068-c-1#4581,NA,NA,p.Arg196Ser,0.2159814593257363
urn:mavedb:00000068-c-1#4582,NA,NA,p.Arg196Gln,0.23836990414733925
urn:mavedb:00000068-c-1#4583,NA,NA,p.Arg196Pro,-1.5615486595348775
urn:mavedb:00000068-c-1#4584,NA,NA,p.Arg196Asn,0.3153101038729674
urn:mavedb:00000068-c-1#4585,NA,NA,p.Arg196Met,0.6594985823468162
urn:mavedb:00000068-c-1#4586,NA,NA,p.Arg196Leu,0.473108956407252
urn:mavedb:00000068-c-1#4587,NA,NA,p.Arg196Lys,0.7038174994749542
urn:mavedb:00000068-c-1#4588,NA,NA,p.Arg196Ile,0.7144628191766981
urn:mavedb:00000068-c-1#4589,NA,NA,p.Arg196His,0.8185217643523359
urn:mavedb:00000068-c-1#4590,NA,NA,p.Arg196Gly,-0.09052896635108858
urn:mavedb:00000068-c-1#4591,NA,NA,p.Arg196Phe,-1.5710193389248044
urn:mavedb:00000068-c-1#4592,NA,NA,p.Arg196Glu,-1.6817895760110075
urn:mavedb:00000068-c-1#4593,NA,NA,p.Arg196Asp,-1.4920047869814854
urn:mavedb:00000068-c-1#4594,NA,NA,p.Arg196Cys,0.8648290933223076
urn:mavedb:00000068-c-1#4595,NA,NA,p.Arg196=,0.4735198046763902
urn:mavedb:00000068-c-1#4596,NA,NA,p.Arg196Ala,0.7368062972062949
urn:mavedb:00000068-c-1#4597,NA,NA,p.Ile195Ter,-1.8404292488553675
urn:mavedb:00000068-c-1#4598,NA,NA,p.Ile195Tyr,-1.817513427587165
urn:mavedb:00000068-c-1#4599,NA,NA,p.Ile195Trp,-2.0835043212133617
urn:mavedb:00000068-c-1#4600,NA,NA,p.Ile195Val,0.07071155018421296
urn:mavedb:00000068-c-1#4601,NA,NA,p.Ile195Thr,-1.0923082495642555
urn:mavedb:00000068-c-1#4602,NA,NA,p.Ile195Ser,-1.3283654357429846
urn:mavedb:00000068-c-1#4603,NA,NA,p.Ile195Arg,-1.6092008753672118
urn:mavedb:00000068-c-1#4604,NA,NA,p.Ile195Gln,-2.2004425752590153
urn:mavedb:00000068-c-1#4605,NA,NA,p.Ile195Pro,-1.7323608031016189
urn:mavedb:00000068-c-1#4606,NA,NA,p.Ile195Asn,-1.0145762818317112
urn:mavedb:00000068-c-1#4607,NA,NA,p.Ile195Met,0.682091167173806
urn:mavedb:00000068-c-1#4608,NA,NA,p.Ile195Leu,0.6408943171395716
urn:mavedb:00000068-c-1#4609,NA,NA,p.Ile195Lys,-1.4204088342850465
urn:mavedb:00000068-c-1#4610,NA,NA,p.Ile195His,-1.6139447539834173
urn:mavedb:00000068-c-1#4611,NA,NA,p.Ile195Gly,-1.686886875277311
urn:mavedb:00000068-c-1#4612,NA,NA,p.Ile195Phe,-1.2310683566155758
urn:mavedb:00000068-c-1#4613,NA,NA,p.Ile195Glu,-1.875984282866133
urn:mavedb:00000068-c-1#4614,NA,NA,p.Ile195Asp,-2.2564857422247497
urn:mavedb:00000068-c-1#4615,NA,NA,p.Ile195Cys,-1.6238479531299752
urn:mavedb:00000068-c-1#4616,NA,NA,p.Ile195=,0.5696389327886483
urn:mavedb:00000068-c-1#4617,NA,NA,p.Ile195Ala,-1.7900441064400106
urn:mavedb:00000068-c-1#4618,NA,NA,p.Leu194Ter,-1.6560271662065802
urn:mavedb:00000068-c-1#4619,NA,NA,p.Leu194Tyr,-2.0284855152416683
urn:mavedb:00000068-c-1#4620,NA,NA,p.Leu194Trp,-1.6624556596704387
urn:mavedb:00000068-c-1#4621,NA,NA,p.Leu194Val,0.2380354332762307
urn:mavedb:00000068-c-1#4622,NA,NA,p.Leu194Thr,-1.8624539432998293
urn:mavedb:00000068-c-1#4623,NA,NA,p.Leu194Ser,-1.717878414769369
urn:mavedb:00000068-c-1#4624,NA,NA,p.Leu194Arg,-1.2401947533262538
urn:mavedb:00000068-c-1#4625,NA,NA,p.Leu194Gln,-1.9773606193772773
urn:mavedb:00000068-c-1#4626,NA,NA,p.Leu194Pro,-1.441905227081364
urn:mavedb:00000068-c-1#4627,NA,NA,p.Leu194Asn,-1.8502404973720636
urn:mavedb:00000068-c-1#4628,NA,NA,p.Leu194Met,-2.491844797839547
urn:mavedb:00000068-c-1#4629,NA,NA,p.Leu194Lys,-2.0352863948904187
urn:mavedb:00000068-c-1#4630,NA,NA,p.Leu194Ile,0.1925099607607577
urn:mavedb:00000068-c-1#4631,NA,NA,p.Leu194His,-1.426696230460916
urn:mavedb:00000068-c-1#4632,NA,NA,p.Leu194Gly,-2.199391415353151
urn:mavedb:00000068-c-1#4633,NA,NA,p.Leu194Phe,-1.3053155287069766
urn:mavedb:00000068-c-1#4634,NA,NA,p.Leu194Glu,-1.4655629087655115
urn:mavedb:00000068-c-1#4635,NA,NA,p.Leu194Asp,-2.1969894932749026
urn:mavedb:00000068-c-1#4636,NA,NA,p.Leu194Cys,-1.488207116875594
urn:mavedb:00000068-c-1#4637,NA,NA,p.Leu194=,-0.8711236939705473
urn:mavedb:00000068-c-1#4638,NA,NA,p.Leu194Ala,-1.5978715584013787
urn:mavedb:00000068-c-1#4639,NA,NA,p.His193Ter,-1.6214551223073348
urn:mavedb:00000068-c-1#4640,NA,NA,p.His193Tyr,-0.9530675633371718
urn:mavedb:00000068-c-1#4641,NA,NA,p.His193Trp,-1.6998852507471691
urn:mavedb:00000068-c-1#4642,NA,NA,p.His193Val,-1.5189723504528392
urn:mavedb:00000068-c-1#4643,NA,NA,p.His193Thr,-2.068905403197312
urn:mavedb:00000068-c-1#4644,NA,NA,p.His193Ser,-1.6682717384870378
urn:mavedb:00000068-c-1#4645,NA,NA,p.His193Arg,-1.1782917819333212
urn:mavedb:00000068-c-1#4646,NA,NA,p.His193Gln,0.05190071165796198
urn:mavedb:00000068-c-1#4647,NA,NA,p.His193Pro,-1.2644026591500792
urn:mavedb:00000068-c-1#4648,NA,NA,p.His193Asn,-0.6583971824887618
urn:mavedb:00000068-c-1#4649,NA,NA,p.His193Met,0.6467699571466949
urn:mavedb:00000068-c-1#4650,NA,NA,p.His193Leu,-1.050249113390644
urn:mavedb:00000068-c-1#4651,NA,NA,p.His193Lys,-1.3886753767444502
urn:mavedb:00000068-c-1#4652,NA,NA,p.His193Ile,-1.5781356903139323
urn:mavedb:00000068-c-1#4653,NA,NA,p.His193Gly,-1.7663647192903544
urn:mavedb:00000068-c-1#4654,NA,NA,p.His193Phe,-0.2830979600075291
urn:mavedb:00000068-c-1#4655,NA,NA,p.His193Glu,-2.01909682427108
urn:mavedb:00000068-c-1#4656,NA,NA,p.His193Asp,-1.4880788037693238
urn:mavedb:00000068-c-1#4657,NA,NA,p.His193Cys,-1.571914064665854
urn:mavedb:00000068-c-1#4658,NA,NA,p.His193=,-0.5048257067450995
urn:mavedb:00000068-c-1#4659,NA,NA,p.His193Ala,-1.2076958926495855
urn:mavedb:00000068-c-1#4660,NA,NA,p.Gln192Ter,-1.1270887320001022
urn:mavedb:00000068-c-1#4661,NA,NA,p.Gln192Tyr,0.4740472097995483
urn:mavedb:00000068-c-1#4662,NA,NA,p.Gln192Trp,0.4461037479982989
urn:mavedb:00000068-c-1#4663,NA,NA,p.Gln192Val,0.7202045438263553
urn:mavedb:00000068-c-1#4664,NA,NA,p.Gln192Thr,0.2290585696414641
urn:mavedb:00000068-c-1#4665,NA,NA,p.Gln192Ser,-1.0320665619304172
urn:mavedb:00000068-c-1#4666,NA,NA,p.Gln192Arg,0.07969702621405919
urn:mavedb:00000068-c-1#4667,NA,NA,p.Gln192Pro,0.06902894794210955
urn:mavedb:00000068-c-1#4668,NA,NA,p.Gln192Asn,0.6098461288594323
urn:mavedb:00000068-c-1#4669,NA,NA,p.Gln192Met,0.8564285945120323
urn:mavedb:00000068-c-1#4670,NA,NA,p.Gln192Leu,0.37566888068568
urn:mavedb:00000068-c-1#4671,NA,NA,p.Gln192Lys,0.5045471540057352
urn:mavedb:00000068-c-1#4672,NA,NA,p.Gln192Ile,0.7251236665963332
urn:mavedb:00000068-c-1#4673,NA,NA,p.Gln192His,0.024704400696233832
urn:mavedb:00000068-c-1#4674,NA,NA,p.Gln192Gly,0.37396995817999984
urn:mavedb:00000068-c-1#4675,NA,NA,p.Gln192Phe,0.6614637130962735
urn:mavedb:00000068-c-1#4676,NA,NA,p.Gln192Glu,1.0166029217864334
urn:mavedb:00000068-c-1#4677,NA,NA,p.Gln192Asp,0.4791313401978349
urn:mavedb:00000068-c-1#4678,NA,NA,p.Gln192Cys,0.3441302609439948
urn:mavedb:00000068-c-1#4679,NA,NA,p.Gln192=,0.4567588837620212
urn:mavedb:00000068-c-1#4680,NA,NA,p.Gln192Ala,0.05563469368671788
urn:mavedb:00000068-c-1#4681,NA,NA,p.Pro191Ter,-1.6494520003570197
urn:mavedb:00000068-c-1#4682,NA,NA,p.Pro191Tyr,0.2531906607441252
urn:mavedb:00000068-c-1#4683,NA,NA,p.Pro191Trp,-1.2794004277941065
urn:mavedb:00000068-c-1#4684,NA,NA,p.Pro191Val,0.7957278469544964
urn:mavedb:00000068-c-1#4685,NA,NA,p.Pro191Thr,0.3220304287212878
urn:mavedb:00000068-c-1#4686,NA,NA,p.Pro191Ser,-0.602071448132871
urn:mavedb:00000068-c-1#4687,NA,NA,p.Pro191Arg,0.5205413026867154
urn:mavedb:00000068-c-1#4688,NA,NA,p.Pro191Gln,-0.15402539924721706
urn:mavedb:00000068-c-1#4689,NA,NA,p.Pro191Asn,0.09338013594309187
urn:mavedb:00000068-c-1#4690,NA,NA,p.Pro191Met,1.0104925056350036
urn:mavedb:00000068-c-1#4691,NA,NA,p.Pro191Leu,-0.8973032269366797
urn:mavedb:00000068-c-1#4692,NA,NA,p.Pro191Lys,0.8045695396894046
urn:mavedb:00000068-c-1#4693,NA,NA,p.Pro191Ile,0.5961111852837441
urn:mavedb:00000068-c-1#4694,NA,NA,p.Pro191His,0.5908079400566407
urn:mavedb:00000068-c-1#4695,NA,NA,p.Pro191Gly,0.19785596405091846
urn:mavedb:00000068-c-1#4696,NA,NA,p.Pro191Phe,0.4252368890267663
urn:mavedb:00000068-c-1#4697,NA,NA,p.Pro191Glu,0.30738026242602984
urn:mavedb:00000068-c-1#4698,NA,NA,p.Pro191Asp,0.5577217853055149
urn:mavedb:00000068-c-1#4699,NA,NA,p.Pro191Cys,0.7785048685157957
urn:mavedb:00000068-c-1#4700,NA,NA,p.Pro191=,-0.01427297659727651
urn:mavedb:00000068-c-1#4701,NA,NA,p.Pro191Ala,-0.19710860129650293
urn:mavedb:00000068-c-1#4702,NA,NA,p.Pro190Ter,-1.5874259258388244
urn:mavedb:00000068-c-1#4703,NA,NA,p.Pro190Tyr,0.6723549022129741
urn:mavedb:00000068-c-1#4704,NA,NA,p.Pro190Trp,-0.7860178355778129
urn:mavedb:00000068-c-1#4705,NA,NA,p.Pro190Val,-1.98136008364126
urn:mavedb:00000068-c-1#4706,NA,NA,p.Pro190Thr,-0.3407787270196955
urn:mavedb:00000068-c-1#4707,NA,NA,p.Pro190Ser,-0.18280436804740866
urn:mavedb:00000068-c-1#4708,NA,NA,p.Pro190Arg,-1.320688786091853
urn:mavedb:00000068-c-1#4709,NA,NA,p.Pro190Gln,-1.0326087525762524
urn:mavedb:00000068-c-1#4710,NA,NA,p.Pro190Asn,0.5706295224263934
urn:mavedb:00000068-c-1#4711,NA,NA,p.Pro190Met,-1.3392570719919434
urn:mavedb:00000068-c-1#4712,NA,NA,p.Pro190Leu,-1.4349097445100274
urn:mavedb:00000068-c-1#4713,NA,NA,p.Pro190Lys,0.3731896291679814
urn:mavedb:00000068-c-1#4714,NA,NA,p.Pro190Ile,-2.0345094750718244
urn:mavedb:00000068-c-1#4715,NA,NA,p.Pro190His,0.599842108681758
urn:mavedb:00000068-c-1#4716,NA,NA,p.Pro190Gly,-0.8392940933736712
urn:mavedb:00000068-c-1#4717,NA,NA,p.Pro190Phe,0.16060184584547685
urn:mavedb:00000068-c-1#4718,NA,NA,p.Pro190Glu,-1.8390723023098676
urn:mavedb:00000068-c-1#4719,NA,NA,p.Pro190Asp,-0.863698565020239
urn:mavedb:00000068-c-1#4720,NA,NA,p.Pro190Cys,-1.5173536742069331
urn:mavedb:00000068-c-1#4721,NA,NA,p.Pro190=,-0.4214583824258095
urn:mavedb:00000068-c-1#4722,NA,NA,p.Pro190Ala,0.13907660181082654
urn:mavedb:00000068-c-1#4723,NA,NA,p.Ala189Ter,-2.4352126395059903
urn:mavedb:00000068-c-1#4724,NA,NA,p.Ala189Tyr,-0.31247077127910605
urn:mavedb:00000068-c-1#4725,NA,NA,p.Ala189Trp,-0.05773912003412325
urn:mavedb:00000068-c-1#4726,NA,NA,p.Ala189Gly,-0.6320352513629368
urn:mavedb:00000068-c-1#4727,NA,NA,p.Ala189Phe,0.54691928822556
urn:mavedb:00000068-c-1#4728,NA,NA,p.Ala189Glu,0.8503732810086791
urn:mavedb:00000068-c-1#4729,NA,NA,p.Ala189Asp,-0.011847711488593931
urn:mavedb:00000068-c-1#4730,NA,NA,p.Ala189Cys,-0.05033342744952048
urn:mavedb:00000068-c-1#4731,NA,NA,p.Ala189=,0.4167184469266577
urn:mavedb:00000068-c-1#4732,NA,NA,p.Leu188Ter,-1.8297541273747533
urn:mavedb:00000068-c-1#4733,NA,NA,p.Leu188Tyr,0.1517561385783731
urn:mavedb:00000068-c-1#4734,NA,NA,p.Leu188Trp,-0.6035223739817692
urn:mavedb:00000068-c-1#4735,NA,NA,p.Leu188Val,0.057508405401863125
urn:mavedb:00000068-c-1#4736,NA,NA,p.Leu188Thr,0.4720302711081354
urn:mavedb:00000068-c-1#4737,NA,NA,p.Leu188Ser,-0.8736147630156669
urn:mavedb:00000068-c-1#4738,NA,NA,p.Leu188Arg,0.4013904323495409
urn:mavedb:00000068-c-1#4739,NA,NA,p.Leu188Gln,0.4706293133969575
urn:mavedb:00000068-c-1#4740,NA,NA,p.Leu188Pro,0.05016513031822864
urn:mavedb:00000068-c-1#4741,NA,NA,p.Leu188Asn,0.930024367815297
urn:mavedb:00000068-c-1#4742,NA,NA,p.Leu188Met,0.685805747966913
urn:mavedb:00000068-c-1#4743,NA,NA,p.Leu188Lys,0.6928587718926582
urn:mavedb:00000068-c-1#4744,NA,NA,p.Leu188Ile,0.395852420373912
urn:mavedb:00000068-c-1#4745,NA,NA,p.Leu188His,0.8058661337036971
urn:mavedb:00000068-c-1#4746,NA,NA,p.Leu188Gly,-0.3577919085094444
urn:mavedb:00000068-c-1#4747,NA,NA,p.Leu188Phe,0.4673277312089203
urn:mavedb:00000068-c-1#4748,NA,NA,p.Leu188Glu,0.7418096147404748
urn:mavedb:00000068-c-1#4749,NA,NA,p.Leu188Asp,0.6515796718818898
urn:mavedb:00000068-c-1#4750,NA,NA,p.Leu188Cys,0.15962578627846566
urn:mavedb:00000068-c-1#4751,NA,NA,p.Leu188=,0.29031083672025165
urn:mavedb:00000068-c-1#4752,NA,NA,p.Leu188Ala,0.3644054341803021
urn:mavedb:00000068-c-1#4753,NA,NA,p.Gly187Ter,-1.165480947797362
urn:mavedb:00000068-c-1#4754,NA,NA,p.Gly187Tyr,0.44819021506698586
urn:mavedb:00000068-c-1#4755,NA,NA,p.Gly187Trp,-0.45027587000877534
urn:mavedb:00000068-c-1#4756,NA,NA,p.Gly187Val,-0.2821857150158857
urn:mavedb:00000068-c-1#4757,NA,NA,p.Gly187Thr,0.6996796379989669
urn:mavedb:00000068-c-1#4758,NA,NA,p.Gly187Ser,0.10570031830477968
urn:mavedb:00000068-c-1#4759,NA,NA,p.Gly187Arg,-0.1650990428107204
urn:mavedb:00000068-c-1#4760,NA,NA,p.Gly187Gln,0.004972232173428082
urn:mavedb:00000068-c-1#4761,NA,NA,p.Gly187Pro,0.4998466722725781
urn:mavedb:00000068-c-1#4762,NA,NA,p.Gly187Asn,1.018611138292128
urn:mavedb:00000068-c-1#4763,NA,NA,p.Gly187Met,0.4687165839215751
urn:mavedb:00000068-c-1#4764,NA,NA,p.Gly187Leu,0.2104666788256649
urn:mavedb:00000068-c-1#4765,NA,NA,p.Gly187Lys,0.5918914350024026
urn:mavedb:00000068-c-1#4766,NA,NA,p.Gly187Ile,0.2292385337786685
urn:mavedb:00000068-c-1#4767,NA,NA,p.Gly187His,0.5284369822975553
urn:mavedb:00000068-c-1#4768,NA,NA,p.Gly187Phe,0.42352471061868097
urn:mavedb:00000068-c-1#4769,NA,NA,p.Gly187Glu,0.3922778449358612
urn:mavedb:00000068-c-1#4770,NA,NA,p.Gly187Asp,0.5418776278010343
urn:mavedb:00000068-c-1#4771,NA,NA,p.Gly187Cys,0.5643278681202842
urn:mavedb:00000068-c-1#4772,NA,NA,p.Gly187=,0.10294628930271817
urn:mavedb:00000068-c-1#4773,NA,NA,p.Gly187Ala,0.4220815694868126
urn:mavedb:00000068-c-1#4774,NA,NA,p.Asp186Ter,-1.5231037383778432
urn:mavedb:00000068-c-1#4775,NA,NA,p.Asp186Tyr,0.3763126122195827
urn:mavedb:00000068-c-1#4776,NA,NA,p.Asp186Trp,0.13572417827173136
urn:mavedb:00000068-c-1#4777,NA,NA,p.Asp186Val,0.20410350760485604
urn:mavedb:00000068-c-1#4778,NA,NA,p.Asp186Thr,0.4822995044310496
urn:mavedb:00000068-c-1#4779,NA,NA,p.Asp186Ser,0.23987467659003925
urn:mavedb:00000068-c-1#4780,NA,NA,p.Asp186Arg,-0.5324978081969277
urn:mavedb:00000068-c-1#4781,NA,NA,p.Asp186Gln,-0.3692109788365063
urn:mavedb:00000068-c-1#4782,NA,NA,p.Asp186Pro,0.24901659770133336
urn:mavedb:00000068-c-1#4783,NA,NA,p.Asp186Asn,0.3078830377540173
urn:mavedb:00000068-c-1#4784,NA,NA,p.Asp186Met,-0.4492299302304429
urn:mavedb:00000068-c-1#4785,NA,NA,p.Asp186Leu,-0.1207948310930954
urn:mavedb:00000068-c-1#4786,NA,NA,p.Asp186Lys,0.4371890179015205
urn:mavedb:00000068-c-1#4787,NA,NA,p.Asp186Ile,-0.27982508741019485
urn:mavedb:00000068-c-1#4788,NA,NA,p.Asp186His,0.3505504937028258
urn:mavedb:00000068-c-1#4789,NA,NA,p.Asp186Gly,0.2542060370488774
urn:mavedb:00000068-c-1#4790,NA,NA,p.Asp186Phe,0.4157042206964048
urn:mavedb:00000068-c-1#4791,NA,NA,p.Asp186Glu,0.577624426534974
urn:mavedb:00000068-c-1#4792,NA,NA,p.Asp186Cys,0.3362873455882578
urn:mavedb:00000068-c-1#4793,NA,NA,p.Asp186=,0.7206929049109715
urn:mavedb:00000068-c-1#4794,NA,NA,p.Asp186Ala,-0.2077917951695111
urn:mavedb:00000068-c-1#4795,NA,NA,p.Ser185Ter,-1.657117088317117
urn:mavedb:00000068-c-1#4796,NA,NA,p.Ser185Tyr,-0.020830730838618458
urn:mavedb:00000068-c-1#4797,NA,NA,p.Ser185Trp,0.2946096080503823
urn:mavedb:00000068-c-1#4798,NA,NA,p.Ser185Val,0.39026250362677534
urn:mavedb:00000068-c-1#4799,NA,NA,p.Ser185Thr,-0.29386287301861563
urn:mavedb:00000068-c-1#4800,NA,NA,p.Ser185Arg,0.016206633622330626
urn:mavedb:00000068-c-1#4801,NA,NA,p.Ser185Gln,0.34371036115803494
urn:mavedb:00000068-c-1#4802,NA,NA,p.Ser185Pro,0.12027713137715608
urn:mavedb:00000068-c-1#4803,NA,NA,p.Ser185Asn,0.21086653383990253
urn:mavedb:00000068-c-1#4804,NA,NA,p.Ser185Met,0.6242956219804765
urn:mavedb:00000068-c-1#4805,NA,NA,p.Ser185Leu,0.2324308760152761
urn:mavedb:00000068-c-1#4806,NA,NA,p.Ser185Lys,0.07604054576114704
urn:mavedb:00000068-c-1#4807,NA,NA,p.Ser185Ile,0.5026294326500561
urn:mavedb:00000068-c-1#4808,NA,NA,p.Ser185His,-0.0036787795391846493
urn:mavedb:00000068-c-1#4809,NA,NA,p.Ser185Gly,0.061147143966198976
urn:mavedb:00000068-c-1#4810,NA,NA,p.Ser185Phe,0.4794554196022591
urn:mavedb:00000068-c-1#4811,NA,NA,p.Ser185Glu,0.8698087157521691
urn:mavedb:00000068-c-1#4812,NA,NA,p.Ser185Asp,0.20184266332143716
urn:mavedb:00000068-c-1#4813,NA,NA,p.Ser185Cys,0.3262348580951012
urn:mavedb:00000068-c-1#4814,NA,NA,p.Ser185=,0.5520929175861755
urn:mavedb:00000068-c-1#4815,NA,NA,p.Ser185Ala,-1.100095591309169
urn:mavedb:00000068-c-1#4816,NA,NA,p.Asp184Ter,-1.8825446175882776
urn:mavedb:00000068-c-1#4817,NA,NA,p.Asp184Tyr,0.4149377312315017
urn:mavedb:00000068-c-1#4818,NA,NA,p.Asp184Trp,0.3729044247562495
urn:mavedb:00000068-c-1#4819,NA,NA,p.Asp184Val,-0.6667340689729927
urn:mavedb:00000068-c-1#4820,NA,NA,p.Asp184Thr,-0.2113934866201692
urn:mavedb:00000068-c-1#4821,NA,NA,p.Asp184Ser,-1.1965512382572794
urn:mavedb:00000068-c-1#4822,NA,NA,p.Asp184Arg,-0.3684752377407288
urn:mavedb:00000068-c-1#4823,NA,NA,p.Asp184Gln,-0.6755772613935541
urn:mavedb:00000068-c-1#4824,NA,NA,p.Asp184Pro,-0.3038202177827701
urn:mavedb:00000068-c-1#4825,NA,NA,p.Asp184Asn,-0.21308486756845604
urn:mavedb:00000068-c-1#4826,NA,NA,p.Asp184Met,-1.0517059422129376
urn:mavedb:00000068-c-1#4827,NA,NA,p.Asp184Leu,0.3899297860240253
urn:mavedb:00000068-c-1#4828,NA,NA,p.Asp184Lys,-0.09535321772114767
urn:mavedb:00000068-c-1#4829,NA,NA,p.Asp184Ile,-1.142559464105875
urn:mavedb:00000068-c-1#4830,NA,NA,p.Asp184His,0.3267491149757473
urn:mavedb:00000068-c-1#4831,NA,NA,p.Asp184Gly,-0.0013210673996444135
urn:mavedb:00000068-c-1#4832,NA,NA,p.Asp184Phe,0.5178878548643437
urn:mavedb:00000068-c-1#4833,NA,NA,p.Asp184Glu,0.2548684621476767
urn:mavedb:00000068-c-1#4834,NA,NA,p.Asp184Cys,-1.2010398456739475
urn:mavedb:00000068-c-1#4835,NA,NA,p.Asp184=,0.32414891653461875
urn:mavedb:00000068-c-1#4836,NA,NA,p.Asp184Ala,-0.0981555246272196
urn:mavedb:00000068-c-1#4837,NA,NA,p.Ser183Ter,-0.490430001601373
urn:mavedb:00000068-c-1#4838,NA,NA,p.Ser183Tyr,-0.27841856692031103
urn:mavedb:00000068-c-1#4839,NA,NA,p.Ser183Trp,-0.04885936790692378
urn:mavedb:00000068-c-1#4840,NA,NA,p.Ser183Val,0.3037231648878019
urn:mavedb:00000068-c-1#4841,NA,NA,p.Ser183Thr,0.2938382680457933
urn:mavedb:00000068-c-1#4842,NA,NA,p.Ser183Arg,0.0587092464237153
urn:mavedb:00000068-c-1#4843,NA,NA,p.Ser183Gln,-0.5709333950880333
urn:mavedb:00000068-c-1#4844,NA,NA,p.Ser183Pro,-0.3235234960018661
urn:mavedb:00000068-c-1#4845,NA,NA,p.Ser183Asn,0.1346433389881506
urn:mavedb:00000068-c-1#4846,NA,NA,p.Ser183Met,0.5452721127811154
urn:mavedb:00000068-c-1#4847,NA,NA,p.Ser183Leu,-0.23301940282325564
urn:mavedb:00000068-c-1#4848,NA,NA,p.Ser183Lys,0.38031328595930025
urn:mavedb:00000068-c-1#4849,NA,NA,p.Ser183Ile,0.4990095634506232
urn:mavedb:00000068-c-1#4850,NA,NA,p.Ser183His,0.1663732345954763
urn:mavedb:00000068-c-1#4851,NA,NA,p.Ser183Gly,0.5861938487868599
urn:mavedb:00000068-c-1#4852,NA,NA,p.Ser183Phe,0.24618258393855405
urn:mavedb:00000068-c-1#4853,NA,NA,p.Ser183Glu,0.6943095613871344
urn:mavedb:00000068-c-1#4854,NA,NA,p.Ser183Asp,0.5602765296806108
urn:mavedb:00000068-c-1#4855,NA,NA,p.Ser183Cys,0.35344156449778996
urn:mavedb:00000068-c-1#4856,NA,NA,p.Ser183=,-0.19071430126835906
urn:mavedb:00000068-c-1#4857,NA,NA,p.Ser183Ala,0.08032719347764472
urn:mavedb:00000068-c-1#4858,NA,NA,p.Cys182Ter,-0.5584953929783256
urn:mavedb:00000068-c-1#4859,NA,NA,p.Cys182Tyr,0.5235956015652292
urn:mavedb:00000068-c-1#4860,NA,NA,p.Cys182Trp,0.1640175051983378
urn:mavedb:00000068-c-1#4861,NA,NA,p.Cys182Val,0.18581705381312802
urn:mavedb:00000068-c-1#4862,NA,NA,p.Cys182Thr,0.30281836043583554
urn:mavedb:00000068-c-1#4863,NA,NA,p.Cys182Ser,-0.3832541686516564
urn:mavedb:00000068-c-1#4864,NA,NA,p.Cys182Arg,-0.024270513856505044
urn:mavedb:00000068-c-1#4865,NA,NA,p.Cys182Gln,0.08780281049146542
urn:mavedb:00000068-c-1#4866,NA,NA,p.Cys182Pro,0.5192945810987629
urn:mavedb:00000068-c-1#4867,NA,NA,p.Cys182Asn,-0.0012307732000794288
urn:mavedb:00000068-c-1#4868,NA,NA,p.Cys182Met,0.3677972904926111
urn:mavedb:00000068-c-1#4869,NA,NA,p.Cys182Leu,-1.5576505315202878
urn:mavedb:00000068-c-1#4870,NA,NA,p.Cys182Lys,-0.006243412529733311
urn:mavedb:00000068-c-1#4871,NA,NA,p.Cys182Ile,0.4528316920787641
urn:mavedb:00000068-c-1#4872,NA,NA,p.Cys182His,-0.36588903045800586
urn:mavedb:00000068-c-1#4873,NA,NA,p.Cys182Gly,0.221346340675547
urn:mavedb:00000068-c-1#4874,NA,NA,p.Cys182Phe,0.5184999301507351
urn:mavedb:00000068-c-1#4875,NA,NA,p.Cys182Glu,0.378785713094504
urn:mavedb:00000068-c-1#4876,NA,NA,p.Cys182Asp,0.3753174270279726
urn:mavedb:00000068-c-1#4877,NA,NA,p.Cys182=,-0.24016091152809654
urn:mavedb:00000068-c-1#4878,NA,NA,p.Cys182Ala,-0.8673535276118295
urn:mavedb:00000068-c-1#4879,NA,NA,p.Arg181Ter,-3.9051899864248263
urn:mavedb:00000068-c-1#4880,NA,NA,p.Arg181Tyr,-1.7857196512466582
urn:mavedb:00000068-c-1#4881,NA,NA,p.Arg181Trp,-0.3993818545202784
urn:mavedb:00000068-c-1#4882,NA,NA,p.Arg181Val,-0.3224750103421399
urn:mavedb:00000068-c-1#4883,NA,NA,p.Arg181Thr,0.2604261540771857
urn:mavedb:00000068-c-1#4884,NA,NA,p.Arg181Ser,0.01753888129212724
urn:mavedb:00000068-c-1#4885,NA,NA,p.Arg181Gln,1.2527965248426531
urn:mavedb:00000068-c-1#4886,NA,NA,p.Arg181Pro,-1.5838243974492188
urn:mavedb:00000068-c-1#4887,NA,NA,p.Arg181Asn,-1.1232853714246267
urn:mavedb:00000068-c-1#4888,NA,NA,p.Arg181Met,1.2449733419618203
urn:mavedb:00000068-c-1#4889,NA,NA,p.Arg181Leu,0.09747082837308366
urn:mavedb:00000068-c-1#4890,NA,NA,p.Arg181Lys,-0.2986686810077811
urn:mavedb:00000068-c-1#4891,NA,NA,p.Arg181Ile,1.0207964330947288
urn:mavedb:00000068-c-1#4892,NA,NA,p.Arg181His,0.3318245460787309
urn:mavedb:00000068-c-1#4893,NA,NA,p.Arg181Gly,0.05152347317607467
urn:mavedb:00000068-c-1#4894,NA,NA,p.Arg181Phe,0.21097641891049015
urn:mavedb:00000068-c-1#4895,NA,NA,p.Arg181Glu,-1.0742837811766222
urn:mavedb:00000068-c-1#4896,NA,NA,p.Arg181Asp,-2.0214508758365164
urn:mavedb:00000068-c-1#4897,NA,NA,p.Arg181Cys,0.4098415363805823
urn:mavedb:00000068-c-1#4898,NA,NA,p.Arg181=,0.19331575069584991
urn:mavedb:00000068-c-1#4899,NA,NA,p.Arg181Ala,-1.1246083052500766
urn:mavedb:00000068-c-1#4900,NA,NA,p.Glu180Ter,-0.5987498592837841
urn:mavedb:00000068-c-1#4901,NA,NA,p.Glu180Tyr,0.2042074483126663
urn:mavedb:00000068-c-1#4902,NA,NA,p.Glu180Trp,-0.5188273336349359
urn:mavedb:00000068-c-1#4903,NA,NA,p.Glu180Val,-0.3627448161501313
urn:mavedb:00000068-c-1#4904,NA,NA,p.Glu180Thr,0.6479531403696636
urn:mavedb:00000068-c-1#4905,NA,NA,p.Glu180Ser,0.19685615891269415
urn:mavedb:00000068-c-1#4906,NA,NA,p.Glu180Arg,-0.8454246338681153
urn:mavedb:00000068-c-1#4907,NA,NA,p.Glu180Gln,-0.5516770143761726
urn:mavedb:00000068-c-1#4908,NA,NA,p.Glu180Pro,-2.2291112856537496
urn:mavedb:00000068-c-1#4909,NA,NA,p.Glu180Asn,1.0117240458799268
urn:mavedb:00000068-c-1#4910,NA,NA,p.Glu180Met,-1.432042612101002
urn:mavedb:00000068-c-1#4911,NA,NA,p.Glu180Leu,-1.3479300742516414
urn:mavedb:00000068-c-1#4912,NA,NA,p.Glu180Lys,-0.8377893271912377
urn:mavedb:00000068-c-1#4913,NA,NA,p.Glu180Ile,-0.4891754528105973
urn:mavedb:00000068-c-1#4914,NA,NA,p.Glu180His,-1.4382555271901678
urn:mavedb:00000068-c-1#4915,NA,NA,p.Glu180Gly,0.2340185423586623
urn:mavedb:00000068-c-1#4916,NA,NA,p.Pro152Tyr,-1.178437136484361
urn:mavedb:00000068-c-1#4917,NA,NA,p.Pro152Trp,-1.8232557090976047
urn:mavedb:00000068-c-1#4918,NA,NA,p.Pro152Val,-1.889021177361712
urn:mavedb:00000068-c-1#4919,NA,NA,p.Pro152Thr,-0.07229542195752653
urn:mavedb:00000068-c-1#4920,NA,NA,p.Pro152Ser,-0.6374042275300059
urn:mavedb:00000068-c-1#4921,NA,NA,p.Pro152Arg,-1.457973790324517
urn:mavedb:00000068-c-1#4922,NA,NA,p.Pro152Gln,0.02515711515840618
urn:mavedb:00000068-c-1#4923,NA,NA,p.Pro152Asn,-1.6726076083554744
urn:mavedb:00000068-c-1#4924,NA,NA,p.Pro152Met,-1.3289030309844745
urn:mavedb:00000068-c-1#4925,NA,NA,p.Pro152Leu,-0.8116018086813441
urn:mavedb:00000068-c-1#4926,NA,NA,p.Pro152Lys,-1.0483721281556146
urn:mavedb:00000068-c-1#4927,NA,NA,p.Pro152Ile,-2.347273405051085
urn:mavedb:00000068-c-1#4928,NA,NA,p.Pro152His,-1.867730656139452
urn:mavedb:00000068-c-1#4929,NA,NA,p.Pro152Gly,-1.0607817214274575
urn:mavedb:00000068-c-1#4930,NA,NA,p.Pro152Phe,-1.6147484012270146
urn:mavedb:00000068-c-1#4931,NA,NA,p.Pro152Glu,-0.5148826906766886
urn:mavedb:00000068-c-1#4932,NA,NA,p.Pro152Asp,-1.454124111342138
urn:mavedb:00000068-c-1#4933,NA,NA,p.Pro152Cys,-1.6259938001736145
urn:mavedb:00000068-c-1#4934,NA,NA,p.Pro152=,-0.20156170580766705
urn:mavedb:00000068-c-1#4935,NA,NA,p.Pro152Ala,-0.16868392061562454
urn:mavedb:00000068-c-1#4936,NA,NA,p.Pro151Ter,-1.5826523446966696
urn:mavedb:00000068-c-1#4937,NA,NA,p.Pro151Tyr,-1.975437605547103
urn:mavedb:00000068-c-1#4938,NA,NA,p.Pro151Trp,-2.037816350587283
urn:mavedb:00000068-c-1#4939,NA,NA,p.Pro151Val,-0.5199805688472543
urn:mavedb:00000068-c-1#4940,NA,NA,p.Pro151Thr,-0.9445178851985232
urn:mavedb:00000068-c-1#4941,NA,NA,p.Pro151Ser,-0.9168274030343851
urn:mavedb:00000068-c-1#4942,NA,NA,p.Ser149Lys,0.043222829642725294
urn:mavedb:00000068-c-1#4943,NA,NA,p.Ser149Ile,-0.7539509990771324
urn:mavedb:00000068-c-1#4944,NA,NA,p.Ser149His,0.3556880436556694
urn:mavedb:00000068-c-1#4945,NA,NA,p.Ser149Gly,0.398780736158374
urn:mavedb:00000068-c-1#4946,NA,NA,p.Ser149Phe,-0.9682552334502084
urn:mavedb:00000068-c-1#4947,NA,NA,p.Ser149Glu,-0.1028636694413074
urn:mavedb:00000068-c-1#4948,NA,NA,p.Ser149Asp,-0.3771145900274966
urn:mavedb:00000068-c-1#4949,NA,NA,p.Ser149Cys,0.5060882752179263
urn:mavedb:00000068-c-1#4950,NA,NA,p.Ser149=,0.3016047301516103
urn:mavedb:00000068-c-1#4951,NA,NA,p.Ser149Ala,0.19660515110998267
urn:mavedb:00000068-c-1#4952,NA,NA,p.Asp148Ter,-1.6138352568682182
urn:mavedb:00000068-c-1#4953,NA,NA,p.Asp148Tyr,0.2514127475430589
urn:mavedb:00000068-c-1#4954,NA,NA,p.Asp148Trp,0.3825531848089873
urn:mavedb:00000068-c-1#4955,NA,NA,p.Asp148Val,-0.5599276913761077
urn:mavedb:00000068-c-1#4956,NA,NA,p.Asp148Thr,-0.2471984410709309
urn:mavedb:00000068-c-1#4957,NA,NA,p.Asp148Ser,-0.22677817303745726
urn:mavedb:00000068-c-1#4958,NA,NA,p.Asp148Arg,-0.008466858792949467
urn:mavedb:00000068-c-1#4959,NA,NA,p.Asp148Gln,-0.10025975420512287
urn:mavedb:00000068-c-1#4960,NA,NA,p.Asp148Pro,-1.813658985145524
urn:mavedb:00000068-c-1#4961,NA,NA,p.Asp148Asn,0.10389326303493236
urn:mavedb:00000068-c-1#4962,NA,NA,p.Asp148Met,-0.17024374519044602
urn:mavedb:00000068-c-1#4963,NA,NA,p.Asp148Leu,-0.3108579620438348
urn:mavedb:00000068-c-1#4964,NA,NA,p.Asp148Lys,0.43732353361625936
urn:mavedb:00000068-c-1#4965,NA,NA,p.Asp148Ile,-0.7012536552150607
urn:mavedb:00000068-c-1#4966,NA,NA,p.Asp148His,0.5939692537516179
urn:mavedb:00000068-c-1#4967,NA,NA,p.Asp148Gly,0.02109616877488368
urn:mavedb:00000068-c-1#4968,NA,NA,p.Asp148Phe,-0.5918966173729426
urn:mavedb:00000068-c-1#4969,NA,NA,p.Asp148Glu,0.726306938170905
urn:mavedb:00000068-c-1#4970,NA,NA,p.Asp148Cys,-0.689709539066586
urn:mavedb:00000068-c-1#4971,NA,NA,p.Asp148=,0.6880582387550147
urn:mavedb:00000068-c-1#4972,NA,NA,p.Asp148Ala,-0.2245681489288313
urn:mavedb:00000068-c-1#4973,NA,NA,p.Val147Ter,-1.5182502969333591
urn:mavedb:00000068-c-1#4974,NA,NA,p.Val147Tyr,-1.5269038855380606
urn:mavedb:00000068-c-1#4975,NA,NA,p.Val147Trp,-1.2748791327577829
urn:mavedb:00000068-c-1#4976,NA,NA,p.Val147Thr,-0.14189208504514647
urn:mavedb:00000068-c-1#4977,NA,NA,p.Val147Ser,-0.5029670101134718
urn:mavedb:00000068-c-1#4978,NA,NA,p.Val147Arg,-1.8660733326558223
urn:mavedb:00000068-c-1#4979,NA,NA,p.Val147Gln,-2.031567623896985
urn:mavedb:00000068-c-1#4980,NA,NA,p.Val147Pro,-1.9626777705336849
urn:mavedb:00000068-c-1#4981,NA,NA,p.Val147Asn,-1.6530199217830028
urn:mavedb:00000068-c-1#4982,NA,NA,p.Val147Met,-0.06519041676576019
urn:mavedb:00000068-c-1#4983,NA,NA,p.Val147Leu,-0.8580765528793296
urn:mavedb:00000068-c-1#4984,NA,NA,p.Val147Lys,-2.3100076067018978
urn:mavedb:00000068-c-1#4985,NA,NA,p.Val147Ile,0.18500768299451967
urn:mavedb:00000068-c-1#4986,NA,NA,p.Val147His,-1.7362018619120847
urn:mavedb:00000068-c-1#4987,NA,NA,p.Val147Gly,-1.5704654547158052
urn:mavedb:00000068-c-1#4988,NA,NA,p.Val147Phe,0.290025890569042
urn:mavedb:00000068-c-1#4989,NA,NA,p.Val147Glu,-2.4781108682065685
urn:mavedb:00000068-c-1#4990,NA,NA,p.Val147Asp,-0.8185004325652421
urn:mavedb:00000068-c-1#4991,NA,NA,p.Val147Cys,-0.24790097353848495
urn:mavedb:00000068-c-1#4992,NA,NA,p.Val147=,0.3587383635188179
urn:mavedb:00000068-c-1#4993,NA,NA,p.Val147Ala,0.17925158271519492
urn:mavedb:00000068-c-1#4994,NA,NA,p.Trp146Ter,-0.7455730884163596
urn:mavedb:00000068-c-1#4995,NA,NA,p.Trp146Tyr,-0.07337607143390529
urn:mavedb:00000068-c-1#4996,NA,NA,p.Trp146Val,-1.4326721139196947
urn:mavedb:00000068-c-1#4997,NA,NA,p.Trp146Thr,0.02613666233669449
urn:mavedb:00000068-c-1#4998,NA,NA,p.Trp146Ser,0.5176132397848645
urn:mavedb:00000068-c-1#4999,NA,NA,p.Trp146Arg,0.3973307419996441
urn:mavedb:00000068-c-1#5000,NA,NA,p.Trp146Gln,0.11978704186478555
urn:mavedb:00000068-c-1#5001,NA,NA,p.Trp146Pro,-1.96331681186301
urn:mavedb:00000068-c-1#5002,NA,NA,p.Trp146Asn,-0.020950927217213325
urn:mavedb:00000068-c-1#5003,NA,NA,p.Trp146Met,-0.07105679470650551
urn:mavedb:00000068-c-1#5004,NA,NA,p.Trp146Leu,0.16526713858010084
urn:mavedb:00000068-c-1#5005,NA,NA,p.Trp146Lys,0.3599604961376584
urn:mavedb:00000068-c-1#5006,NA,NA,p.Trp146Ile,1.02328753538145
urn:mavedb:00000068-c-1#5007,NA,NA,p.Trp146His,0.6237063131646912
urn:mavedb:00000068-c-1#5008,NA,NA,p.Trp146Gly,-1.4068062541187762
urn:mavedb:00000068-c-1#5009,NA,NA,p.Trp146Phe,0.7041190475115325
urn:mavedb:00000068-c-1#5010,NA,NA,p.Trp146Glu,-0.35112706446127584
urn:mavedb:00000068-c-1#5011,NA,NA,p.Trp146Asp,-1.9669974276620712
urn:mavedb:00000068-c-1#5012,NA,NA,p.Trp146Cys,0.15737803852141805
urn:mavedb:00000068-c-1#5013,NA,NA,p.Trp146Ala,-0.06774557339920666
urn:mavedb:00000068-c-1#5014,NA,NA,p.Leu145Ter,-1.0230085993056113
urn:mavedb:00000068-c-1#5015,NA,NA,p.Leu145Tyr,0.16348876781512145
urn:mavedb:00000068-c-1#5016,NA,NA,p.Leu145Trp,-1.559306359031616
urn:mavedb:00000068-c-1#5017,NA,NA,p.Leu145Val,-0.2292276987927167
urn:mavedb:00000068-c-1#5018,NA,NA,p.Leu145Thr,-1.038783700684899
urn:mavedb:00000068-c-1#5019,NA,NA,p.Leu145Ser,-1.9370737700128315
urn:mavedb:00000068-c-1#5020,NA,NA,p.Leu145Arg,-1.4036639862565363
urn:mavedb:00000068-c-1#5021,NA,NA,p.Leu145Gln,-1.0919627176928672
urn:mavedb:00000068-c-1#5022,NA,NA,p.Leu145Pro,-1.247851934153575
urn:mavedb:00000068-c-1#5023,NA,NA,p.Leu145Asn,-1.3596628237680626
urn:mavedb:00000068-c-1#5024,NA,NA,p.Leu145Met,0.6563776022406823
urn:mavedb:00000068-c-1#5025,NA,NA,p.Leu145Lys,-1.574057726501738
urn:mavedb:00000068-c-1#5026,NA,NA,p.Leu145Ile,-0.00848384795105009
urn:mavedb:00000068-c-1#5027,NA,NA,p.Leu145His,-2.255929771287669
urn:mavedb:00000068-c-1#5028,NA,NA,p.Leu145Gly,-1.5299826847051998
urn:mavedb:00000068-c-1#5029,NA,NA,p.Leu145Phe,0.3450580499620585
urn:mavedb:00000068-c-1#5030,NA,NA,p.Leu145Glu,-1.641170337107499
urn:mavedb:00000068-c-1#5031,NA,NA,p.Leu145Asp,-2.2290403290285323
urn:mavedb:00000068-c-1#5032,NA,NA,p.Leu145Cys,-0.18343676593786204
urn:mavedb:00000068-c-1#5033,NA,NA,p.Leu145=,0.2157026717933535
urn:mavedb:00000068-c-1#5034,NA,NA,p.Leu145Ala,-1.5028168280736485
urn:mavedb:00000068-c-1#5035,NA,NA,p.Gln144Ter,-0.09556864357900313
urn:mavedb:00000068-c-1#5036,NA,NA,p.Gln144Tyr,0.2261735142686405
urn:mavedb:00000068-c-1#5037,NA,NA,p.Gln144Trp,-1.3827027827198701
urn:mavedb:00000068-c-1#5038,NA,NA,p.Gln144Val,-0.16283206562373784
urn:mavedb:00000068-c-1#5039,NA,NA,p.Gln144Thr,0.2753673102096831
urn:mavedb:00000068-c-1#5040,NA,NA,p.Gln144Ser,-0.0994564099731458
urn:mavedb:00000068-c-1#5041,NA,NA,p.Gln144Arg,0.5226685039175983
urn:mavedb:00000068-c-1#5042,NA,NA,p.Gln144Pro,-1.345959548990785
urn:mavedb:00000068-c-1#5043,NA,NA,p.Gln144Asn,0.7016657548602395
urn:mavedb:00000068-c-1#5044,NA,NA,p.Gln144Met,-0.016760068150926725
urn:mavedb:00000068-c-1#5045,NA,NA,p.Gln144Leu,0.4935856497536353
urn:mavedb:00000068-c-1#5046,NA,NA,p.Gln144Lys,0.5898696591190358
urn:mavedb:00000068-c-1#5047,NA,NA,p.Gln144Ile,-0.6133139940501939
urn:mavedb:00000068-c-1#5048,NA,NA,p.Gln144His,0.01939044066444209
urn:mavedb:00000068-c-1#5049,NA,NA,p.Gln144Gly,0.3332330508052942
urn:mavedb:00000068-c-1#5050,NA,NA,p.Gln144Phe,0.9639424137093052
urn:mavedb:00000068-c-1#5051,NA,NA,p.Gln144Glu,0.1515186902204407
urn:mavedb:00000068-c-1#5052,NA,NA,p.Gln144Asp,0.4280461913190885
urn:mavedb:00000068-c-1#5053,NA,NA,p.Gln144Cys,-0.16096720777130702
urn:mavedb:00000068-c-1#5054,NA,NA,p.Gln144=,0.3445597468007185
urn:mavedb:00000068-c-1#5055,NA,NA,p.Gln144Ala,-0.7868067744876779
urn:mavedb:00000068-c-1#5056,NA,NA,p.Val143Ter,-1.7020481638335223
urn:mavedb:00000068-c-1#5057,NA,NA,p.Val143Tyr,-2.217276077475763
urn:mavedb:00000068-c-1#5058,NA,NA,p.Val143Trp,-1.316138291229722
urn:mavedb:00000068-c-1#5059,NA,NA,p.Val143Thr,-1.5786561160407877
urn:mavedb:00000068-c-1#5060,NA,NA,p.Val143Ser,-1.9051959315656477
urn:mavedb:00000068-c-1#5061,NA,NA,p.Val143Arg,-1.4125992086060144
urn:mavedb:00000068-c-1#5062,NA,NA,p.Val143Gln,-1.4093264168637474
urn:mavedb:00000068-c-1#5063,NA,NA,p.Val143Pro,-1.7378392941757612
urn:mavedb:00000068-c-1#5064,NA,NA,p.Val143Asn,-1.84586986828458
urn:mavedb:00000068-c-1#5065,NA,NA,p.Val143Met,-0.9702864795284608
urn:mavedb:00000068-c-1#5066,NA,NA,p.Val143Leu,0.2749741479413956
urn:mavedb:00000068-c-1#5067,NA,NA,p.Val143Lys,-1.6037331913786173
urn:mavedb:00000068-c-1#5068,NA,NA,p.Val143Ile,0.9595648245745872
urn:mavedb:00000068-c-1#5069,NA,NA,p.Val143His,-2.09522885036539
urn:mavedb:00000068-c-1#5070,NA,NA,p.Val143Gly,-1.1679483494217358
urn:mavedb:00000068-c-1#5071,NA,NA,p.Val143Phe,-1.825043755626472
urn:mavedb:00000068-c-1#5072,NA,NA,p.Val143Glu,-0.2915618716216471
urn:mavedb:00000068-c-1#5073,NA,NA,p.Val143Asp,-2.160244055501328
urn:mavedb:00000068-c-1#5074,NA,NA,p.Val143Cys,-1.9158062312927169
urn:mavedb:00000068-c-1#5075,NA,NA,p.Val143=,0.25141339722409145
urn:mavedb:00000068-c-1#5076,NA,NA,p.Val143Ala,-0.9530331741988296
urn:mavedb:00000068-c-1#5077,NA,NA,p.Pro142Ter,-1.86734738431334
urn:mavedb:00000068-c-1#5078,NA,NA,p.Pro142Tyr,-0.004624444143261206
urn:mavedb:00000068-c-1#5079,NA,NA,p.Pro142Trp,-1.6255177272139534
urn:mavedb:00000068-c-1#5080,NA,NA,p.Pro142Val,-0.2990669138893133
urn:mavedb:00000068-c-1#5081,NA,NA,p.Pro142Thr,0.6054074672728348
urn:mavedb:00000068-c-1#5082,NA,NA,p.Pro142Ser,0.08866580769793624
urn:mavedb:00000068-c-1#5083,NA,NA,p.Pro142Arg,-0.7806557356561354
urn:mavedb:00000068-c-1#5084,NA,NA,p.Pro142Gln,0.16885626448198446
urn:mavedb:00000068-c-1#5085,NA,NA,p.Pro142Asn,-0.07572881143055042
urn:mavedb:00000068-c-1#5086,NA,NA,p.Pro142Met,0.35070985734761845
urn:mavedb:00000068-c-1#5087,NA,NA,p.Pro142Leu,-0.5429157264526987
urn:mavedb:00000068-c-1#5088,NA,NA,p.Pro142Lys,0.2558760709001881
urn:mavedb:00000068-c-1#5089,NA,NA,p.Pro142Ile,0.6150120042882209
urn:mavedb:00000068-c-1#5090,NA,NA,p.Pro142His,0.2223533731065203
urn:mavedb:00000068-c-1#5091,NA,NA,p.Pro142Gly,0.5100343038318448
urn:mavedb:00000068-c-1#5092,NA,NA,p.Pro142Phe,-0.673878260442649
urn:mavedb:00000068-c-1#5093,NA,NA,p.Pro142Glu,1.488171696179212
urn:mavedb:00000068-c-1#5094,NA,NA,p.Pro142Asp,-0.11354876076243098
urn:mavedb:00000068-c-1#5095,NA,NA,p.Pro142Cys,0.22479181914885327
urn:mavedb:00000068-c-1#5096,NA,NA,p.Pro142=,-0.18726569903855966
urn:mavedb:00000068-c-1#5097,NA,NA,p.Pro142Ala,0.10600586195072484
urn:mavedb:00000068-c-1#5098,NA,NA,p.Cys141Ter,0.024596754474940388
urn:mavedb:00000068-c-1#5099,NA,NA,p.Cys141Tyr,-0.7189085333807632
urn:mavedb:00000068-c-1#5100,NA,NA,p.Cys141Trp,-1.209194812869984
urn:mavedb:00000068-c-1#5101,NA,NA,p.Cys141Val,-0.3313613377664409
urn:mavedb:00000068-c-1#5102,NA,NA,p.Cys141Thr,0.07154413723536418
urn:mavedb:00000068-c-1#5103,NA,NA,p.Cys141Ser,0.053309414151799836
urn:mavedb:00000068-c-1#5104,NA,NA,p.Cys141Arg,-0.8550988904524598
urn:mavedb:00000068-c-1#5105,NA,NA,p.Cys141Gln,-1.317070688147176
urn:mavedb:00000068-c-1#5106,NA,NA,p.Cys141Pro,-1.6386044824956636
urn:mavedb:00000068-c-1#5107,NA,NA,p.Cys141Asn,-1.6601619644203078
urn:mavedb:00000068-c-1#5108,NA,NA,p.Cys141Met,0.16100843088176695
urn:mavedb:00000068-c-1#5109,NA,NA,p.Cys141Leu,-1.662460056716612
urn:mavedb:00000068-c-1#5110,NA,NA,p.Cys141Lys,-2.5155196986500257
urn:mavedb:00000068-c-1#5111,NA,NA,p.Cys141Ile,0.5828478518577433
urn:mavedb:00000068-c-1#5112,NA,NA,p.Cys141His,-1.446065242462742
urn:mavedb:00000068-c-1#5113,NA,NA,p.Cys141Gly,-1.5657539813586403
urn:mavedb:00000068-c-1#5114,NA,NA,p.Cys141Phe,0.16979669321739355
urn:mavedb:00000068-c-1#5115,NA,NA,p.Cys141Glu,-1.7332245519987328
urn:mavedb:00000068-c-1#5116,NA,NA,p.Cys141Asp,-1.9671726287201177
urn:mavedb:00000068-c-1#5117,NA,NA,p.Cys141=,0.6980852569453152
urn:mavedb:00000068-c-1#5118,NA,NA,p.Cys141Ala,-1.1338556989869844
urn:mavedb:00000068-c-1#5119,NA,NA,p.Thr140Ter,-1.4654586466427164
urn:mavedb:00000068-c-1#5120,NA,NA,p.Thr140Tyr,-0.5309252143563407
urn:mavedb:00000068-c-1#5121,NA,NA,p.Thr140Trp,-0.8777100030497357
urn:mavedb:00000068-c-1#5122,NA,NA,p.Thr140Val,0.6709243689855451
urn:mavedb:00000068-c-1#5123,NA,NA,p.Thr140Ser,0.29715227974462033
urn:mavedb:00000068-c-1#5124,NA,NA,p.Thr140Arg,-0.2389883745408169
urn:mavedb:00000068-c-1#5125,NA,NA,p.Thr140Gln,0.22892314687942125
urn:mavedb:00000068-c-1#5126,NA,NA,p.Thr140Pro,-0.3317094100907773
urn:mavedb:00000068-c-1#5127,NA,NA,p.Thr140Asn,0.6197138436585247
urn:mavedb:00000068-c-1#5128,NA,NA,p.Thr140Met,0.023851649809263638
urn:mavedb:00000068-c-1#5129,NA,NA,p.Thr140Leu,0.5808168116939665
urn:mavedb:00000068-c-1#5130,NA,NA,p.Thr140Lys,-0.21680100572813615
urn:mavedb:00000068-c-1#5131,NA,NA,p.Thr140Ile,0.670403377994889
urn:mavedb:00000068-c-1#5132,NA,NA,p.Ala189Val,0.7623459379650799
urn:mavedb:00000068-c-1#5133,NA,NA,p.Ala189Thr,0.6959208810860618
urn:mavedb:00000068-c-1#5134,NA,NA,p.Ala189Ser,0.5499366257584962
urn:mavedb:00000068-c-1#5135,NA,NA,p.Ala189Arg,-1.3202297108779095
urn:mavedb:00000068-c-1#5136,NA,NA,p.Ala189Gln,0.8015884552903252
urn:mavedb:00000068-c-1#5137,NA,NA,p.Ala189Pro,-0.6927517793654524
urn:mavedb:00000068-c-1#5138,NA,NA,p.Ala189Asn,-0.7042584010039631
urn:mavedb:00000068-c-1#5139,NA,NA,p.Ala189Met,0.7459079135574581
urn:mavedb:00000068-c-1#5140,NA,NA,p.Ala189Leu,0.2954674751786611
urn:mavedb:00000068-c-1#5141,NA,NA,p.Ala189Lys,-1.671183047427596
urn:mavedb:00000068-c-1#5142,NA,NA,p.Ala189Ile,0.6101486671925257
urn:mavedb:00000068-c-1#5143,NA,NA,p.Ala189His,-0.22685876946603614
urn:mavedb:00000068-c-1#5144,NA,NA,p.Met169Tyr,-0.027666306318364118
urn:mavedb:00000068-c-1#5145,NA,NA,p.Met169Trp,1.106422347461126
urn:mavedb:00000068-c-1#5146,NA,NA,p.Met169Val,0.6799644074199597
urn:mavedb:00000068-c-1#5147,NA,NA,p.Met169Thr,0.7756796323743438
urn:mavedb:00000068-c-1#5148,NA,NA,p.Met169Ser,0.682990629435639
urn:mavedb:00000068-c-1#5149,NA,NA,p.Met169Arg,0.7349144125141054
urn:mavedb:00000068-c-1#5150,NA,NA,p.Met169Gln,0.9521683817291036
urn:mavedb:00000068-c-1#5151,NA,NA,p.Met169Pro,-1.9451547344320232
urn:mavedb:00000068-c-1#5152,NA,NA,p.Met169Asn,-0.5594052672289233
urn:mavedb:00000068-c-1#5153,NA,NA,p.Met169Leu,0.7909751665223277
urn:mavedb:00000068-c-1#5154,NA,NA,p.Met169Lys,0.35202415129271913
urn:mavedb:00000068-c-1#5155,NA,NA,p.Met169Ile,0.3679094032550986
urn:mavedb:00000068-c-1#5156,NA,NA,p.Met169His,-0.15039150648742136
urn:mavedb:00000068-c-1#5157,NA,NA,p.Met169Gly,0.1292728323398395
urn:mavedb:00000068-c-1#5158,NA,NA,p.Met169Phe,-0.5877716566814849
urn:mavedb:00000068-c-1#5159,NA,NA,p.Met169Glu,-0.9887104275090884
urn:mavedb:00000068-c-1#5160,NA,NA,p.Met169Asp,-0.16026962217028873
urn:mavedb:00000068-c-1#5161,NA,NA,p.Met169Cys,1.1792705633777083
urn:mavedb:00000068-c-1#5162,NA,NA,p.Met169Ala,0.7863016533759812
urn:mavedb:00000068-c-1#5163,NA,NA,p.His168Ter,-2.9811268291773376
urn:mavedb:00000068-c-1#5164,NA,NA,p.His168Tyr,0.7757502609629522
urn:mavedb:00000068-c-1#5165,NA,NA,p.His168Trp,0.6904360015451477
urn:mavedb:00000068-c-1#5166,NA,NA,p.His168Val,-1.2186209638326595
urn:mavedb:00000068-c-1#5167,NA,NA,p.His168Thr,-1.412500576542297
urn:mavedb:00000068-c-1#5168,NA,NA,p.His168Ser,-0.048543175818651856
urn:mavedb:00000068-c-1#5169,NA,NA,p.His168Arg,-1.2237701765294076
urn:mavedb:00000068-c-1#5170,NA,NA,p.His168Gln,-0.11456130336304444
urn:mavedb:00000068-c-1#5171,NA,NA,p.His168Pro,-1.280540701051731
urn:mavedb:00000068-c-1#5172,NA,NA,p.His168Asn,0.6236801313695901
urn:mavedb:00000068-c-1#5173,NA,NA,p.His168Met,-0.3163213490025679
urn:mavedb:00000068-c-1#5174,NA,NA,p.His168Leu,-0.6716171321527816
urn:mavedb:00000068-c-1#5175,NA,NA,p.His168Lys,-1.7971783244728872
urn:mavedb:00000068-c-1#5176,NA,NA,p.His168Ile,-1.854887033946172
urn:mavedb:00000068-c-1#5177,NA,NA,p.His168Gly,-3.0881372380290486
urn:mavedb:00000068-c-1#5178,NA,NA,p.His168Phe,0.6454345227056375
urn:mavedb:00000068-c-1#5179,NA,NA,p.His168Glu,-0.11143159695384887
urn:mavedb:00000068-c-1#5180,NA,NA,p.His168Asp,0.13379567383312935
urn:mavedb:00000068-c-1#5181,NA,NA,p.His168Cys,1.3814830097030295
urn:mavedb:00000068-c-1#5182,NA,NA,p.His168=,0.48583805075909003
urn:mavedb:00000068-c-1#5183,NA,NA,p.His168Ala,0.5120911098848175
urn:mavedb:00000068-c-1#5184,NA,NA,p.Gln167Ter,-0.4236225342558548
urn:mavedb:00000068-c-1#5185,NA,NA,p.Gln167Tyr,-0.2790437472448526
urn:mavedb:00000068-c-1#5186,NA,NA,p.Gln167Trp,0.5312519055573803
urn:mavedb:00000068-c-1#5187,NA,NA,p.Gln167Val,-0.7075895606678997
urn:mavedb:00000068-c-1#5188,NA,NA,p.Gln167Thr,-0.08067680253488198
urn:mavedb:00000068-c-1#5189,NA,NA,p.Gln167Ser,0.3574738576681085
urn:mavedb:00000068-c-1#5190,NA,NA,p.Gln167Arg,0.2447523344947075
urn:mavedb:00000068-c-1#5191,NA,NA,p.Gln167Pro,0.3367938414516641
urn:mavedb:00000068-c-1#5192,NA,NA,p.Gln167Asn,0.3838380216063276
urn:mavedb:00000068-c-1#5193,NA,NA,p.Gln167Met,0.942719543489667
urn:mavedb:00000068-c-1#5194,NA,NA,p.Gln167Leu,0.3053458311570106
urn:mavedb:00000068-c-1#5195,NA,NA,p.Gln167Lys,0.4836522168564759
urn:mavedb:00000068-c-1#5196,NA,NA,p.Gln167Ile,-0.9035822721911112
urn:mavedb:00000068-c-1#5197,NA,NA,p.Gln167His,0.15957417721262296
urn:mavedb:00000068-c-1#5198,NA,NA,p.Gln167Gly,0.4378381919041076
urn:mavedb:00000068-c-1#5199,NA,NA,p.Gln167Phe,-0.5768135719774528
urn:mavedb:00000068-c-1#5200,NA,NA,p.Gln167Glu,0.19040968099294545
urn:mavedb:00000068-c-1#5201,NA,NA,p.Gln167Asp,0.4901358701449624
urn:mavedb:00000068-c-1#5202,NA,NA,p.Gln167Cys,0.9228265803327304
urn:mavedb:00000068-c-1#5203,NA,NA,p.Gln167=,0.10974034209272708
urn:mavedb:00000068-c-1#5204,NA,NA,p.Gln167Ala,0.6622175330500032
urn:mavedb:00000068-c-1#5205,NA,NA,p.Ser166Ter,0.13441490637677253
urn:mavedb:00000068-c-1#5206,NA,NA,p.Ser166Tyr,1.055199303518107
urn:mavedb:00000068-c-1#5207,NA,NA,p.Ser166Trp,-0.7247134851645306
urn:mavedb:00000068-c-1#5208,NA,NA,p.Ser166Val,0.8768620333171413
urn:mavedb:00000068-c-1#5209,NA,NA,p.Ser166Thr,0.7942294471087215
urn:mavedb:00000068-c-1#5210,NA,NA,p.Ser166Arg,-0.08002545160363947
urn:mavedb:00000068-c-1#5211,NA,NA,p.Ser166Gln,0.4468454471458059
urn:mavedb:00000068-c-1#5212,NA,NA,p.Ser166Pro,0.5815869158614086
urn:mavedb:00000068-c-1#5213,NA,NA,p.Ser166Asn,1.6120134430490598
urn:mavedb:00000068-c-1#5214,NA,NA,p.Ser166Met,1.6123229556497236
urn:mavedb:00000068-c-1#5215,NA,NA,p.Ser166Leu,-0.20094759802243314
urn:mavedb:00000068-c-1#5216,NA,NA,p.Ser166Lys,0.12251786088750455
urn:mavedb:00000068-c-1#5217,NA,NA,p.Ser166Ile,1.7088341759403731
urn:mavedb:00000068-c-1#5218,NA,NA,p.Ser166His,-0.5901795687339246
urn:mavedb:00000068-c-1#5219,NA,NA,p.Ser166Gly,0.18421343519203576
urn:mavedb:00000068-c-1#5220,NA,NA,p.Ser166Phe,1.5540505673632508
urn:mavedb:00000068-c-1#5221,NA,NA,p.Ser166Glu,0.3366688319123693
urn:mavedb:00000068-c-1#5222,NA,NA,p.Ser166Asp,0.9884092003714474
urn:mavedb:00000068-c-1#5223,NA,NA,p.Ser166Cys,1.0428697947830494
urn:mavedb:00000068-c-1#5224,NA,NA,p.Ser166=,0.03570257389420712
urn:mavedb:00000068-c-1#5225,NA,NA,p.Ser166Ala,-0.13175053638840334
urn:mavedb:00000068-c-1#5226,NA,NA,p.Gln165Ter,-0.1724615584580758
urn:mavedb:00000068-c-1#5227,NA,NA,p.Gln165Tyr,1.180944961731572
urn:mavedb:00000068-c-1#5228,NA,NA,p.Gln165Trp,1.371144480515885
urn:mavedb:00000068-c-1#5229,NA,NA,p.Gln165Val,0.6200273297623905
urn:mavedb:00000068-c-1#5230,NA,NA,p.Gln165Thr,-0.5005966839538543
urn:mavedb:00000068-c-1#5231,NA,NA,p.Gln165Ser,-0.5427995671039529
urn:mavedb:00000068-c-1#5232,NA,NA,p.Gln165Arg,0.06609561228562866
urn:mavedb:00000068-c-1#5233,NA,NA,p.Gln165Pro,0.26966191205748746
urn:mavedb:00000068-c-1#5234,NA,NA,p.Gln165Asn,1.405134404028953
urn:mavedb:00000068-c-1#5235,NA,NA,p.Gln165Met,0.77699132424575
urn:mavedb:00000068-c-1#5236,NA,NA,p.Gln165Leu,0.047098787796850165
urn:mavedb:00000068-c-1#5237,NA,NA,p.Gln165Lys,0.70205877567422
urn:mavedb:00000068-c-1#5238,NA,NA,p.Gln165Ile,-0.4997011768316517
urn:mavedb:00000068-c-1#5239,NA,NA,p.Gln165His,0.548639941357685
urn:mavedb:00000068-c-1#5240,NA,NA,p.Gln165Gly,0.9878973260777416
urn:mavedb:00000068-c-1#5241,NA,NA,p.Gln165Phe,1.4736037305738756
urn:mavedb:00000068-c-1#5242,NA,NA,p.Gln165Glu,0.7608029171579124
urn:mavedb:00000068-c-1#5243,NA,NA,p.Gln165Asp,0.9139907053560264
urn:mavedb:00000068-c-1#5244,NA,NA,p.Gln165Cys,1.5535286098204737
urn:mavedb:00000068-c-1#5245,NA,NA,p.Gln165=,0.009616033041656669
urn:mavedb:00000068-c-1#5246,NA,NA,p.Gln165Ala,0.3284109567403772
urn:mavedb:00000068-c-1#5247,NA,NA,p.Lys164Ter,0.17685991072897428
urn:mavedb:00000068-c-1#5248,NA,NA,p.Lys164Tyr,-1.8299305401494053
urn:mavedb:00000068-c-1#5249,NA,NA,p.Lys164Trp,-1.7096722480997784
urn:mavedb:00000068-c-1#5250,NA,NA,p.Lys164Val,0.5832572327543367
urn:mavedb:00000068-c-1#5251,NA,NA,p.Lys164Thr,0.3996392515943625
urn:mavedb:00000068-c-1#5252,NA,NA,p.Lys164Ser,-0.3405124804796033
urn:mavedb:00000068-c-1#5253,NA,NA,p.Lys164Arg,0.09512392257296913
urn:mavedb:00000068-c-1#5254,NA,NA,p.Lys164Gln,0.4944772440683617
urn:mavedb:00000068-c-1#5255,NA,NA,p.Lys164Pro,0.24167783195517295
urn:mavedb:00000068-c-1#5256,NA,NA,p.Lys164Asn,-0.0032703308198673057
urn:mavedb:00000068-c-1#5257,NA,NA,p.Lys164Met,0.4111528507254236
urn:mavedb:00000068-c-1#5258,NA,NA,p.Lys164Leu,0.30103085385049216
urn:mavedb:00000068-c-1#5259,NA,NA,p.Lys164Ile,0.8042941393006338
urn:mavedb:00000068-c-1#5260,NA,NA,p.Lys164His,-1.5352381419376444
urn:mavedb:00000068-c-1#5261,NA,NA,p.Lys164Gly,-1.3361040820577432
urn:mavedb:00000068-c-1#5262,NA,NA,p.Lys164Phe,-1.9585369629291427
urn:mavedb:00000068-c-1#5263,NA,NA,p.Lys164Glu,-0.4884417157060065
urn:mavedb:00000068-c-1#5264,NA,NA,p.Lys164Asp,-1.1793654899852295
urn:mavedb:00000068-c-1#5265,NA,NA,p.Lys164Cys,0.7403285588677303
urn:mavedb:00000068-c-1#5266,NA,NA,p.Lys164=,0.4856264992934269
urn:mavedb:00000068-c-1#5267,NA,NA,p.Lys164Ala,0.6481880486184916
urn:mavedb:00000068-c-1#5268,NA,NA,p.Tyr163Ter,-0.12989585104657425
urn:mavedb:00000068-c-1#5269,NA,NA,p.Tyr163Trp,-1.4340010345956156
urn:mavedb:00000068-c-1#5270,NA,NA,p.Tyr163Val,-1.6202506647868071
urn:mavedb:00000068-c-1#5271,NA,NA,p.Tyr163Thr,-1.4654978138829966
urn:mavedb:00000068-c-1#5272,NA,NA,p.Tyr163Ser,-1.0917112905346635
urn:mavedb:00000068-c-1#5273,NA,NA,p.Tyr163Arg,-1.9715839627299447
urn:mavedb:00000068-c-1#5274,NA,NA,p.Tyr163Gln,-0.9099768555246484
urn:mavedb:00000068-c-1#5275,NA,NA,p.Tyr163Pro,-1.3186837489398815
urn:mavedb:00000068-c-1#5276,NA,NA,p.Tyr163Asn,-1.000990582632461
urn:mavedb:00000068-c-1#5277,NA,NA,p.Tyr163Met,-1.5046633282996729
urn:mavedb:00000068-c-1#5278,NA,NA,p.Tyr163Leu,-1.7728225111284803
urn:mavedb:00000068-c-1#5279,NA,NA,p.Tyr163Lys,-2.9384499040747136
urn:mavedb:00000068-c-1#5280,NA,NA,p.Tyr163Ile,-1.6938942129324943
urn:mavedb:00000068-c-1#5281,NA,NA,p.Tyr163His,-0.7151991708302726
urn:mavedb:00000068-c-1#5282,NA,NA,p.Tyr163Gly,-2.3715852621578257
urn:mavedb:00000068-c-1#5283,NA,NA,p.Tyr163Phe,0.6371845191869161
urn:mavedb:00000068-c-1#5284,NA,NA,p.Tyr163Glu,-2.328590396710465
urn:mavedb:00000068-c-1#5285,NA,NA,p.Tyr163Asp,-1.152352117508514
urn:mavedb:00000068-c-1#5286,NA,NA,p.Tyr163Cys,-1.0024551183072885
urn:mavedb:00000068-c-1#5287,NA,NA,p.Tyr163=,0.4841668508981822
urn:mavedb:00000068-c-1#5288,NA,NA,p.Tyr163Ala,-0.8297294587661045
urn:mavedb:00000068-c-1#5289,NA,NA,p.Ile162Ter,-2.011020614812556
urn:mavedb:00000068-c-1#5290,NA,NA,p.Ile162Tyr,-1.257530998390049
urn:mavedb:00000068-c-1#5291,NA,NA,p.Ile162Trp,-1.5470108385553905
urn:mavedb:00000068-c-1#5292,NA,NA,p.Ile162Val,0.8348629000469642
urn:mavedb:00000068-c-1#5293,NA,NA,p.Ile162Thr,0.2633227513004203
urn:mavedb:00000068-c-1#5294,NA,NA,p.Ile162Ser,-0.7561886754433969
urn:mavedb:00000068-c-1#5295,NA,NA,p.Ile162Arg,-0.36097978600719377
urn:mavedb:00000068-c-1#5296,NA,NA,p.Ile162Gln,-1.3809367611571266
urn:mavedb:00000068-c-1#5297,NA,NA,p.Ile162Pro,-1.9668994217464264
urn:mavedb:00000068-c-1#5298,NA,NA,p.Ile162Asn,-0.8859139399336371
urn:mavedb:00000068-c-1#5299,NA,NA,p.Ile162Met,0.5279386571505792
urn:mavedb:00000068-c-1#5300,NA,NA,p.Ile162Leu,0.3752854291674191
urn:mavedb:00000068-c-1#5301,NA,NA,p.Ile162Lys,-0.4264341990512772
urn:mavedb:00000068-c-1#5302,NA,NA,p.Ile162His,-1.8732456298611484
urn:mavedb:00000068-c-1#5303,NA,NA,p.Ile162Gly,-2.0352313750543503
urn:mavedb:00000068-c-1#5304,NA,NA,p.Ile162Phe,-0.2935922711541663
urn:mavedb:00000068-c-1#5305,NA,NA,p.Ile162Glu,-1.9075955941736735
urn:mavedb:00000068-c-1#5306,NA,NA,p.Ile162Asp,-1.9723915459431618
urn:mavedb:00000068-c-1#5307,NA,NA,p.Ile162Cys,1.4029400011839386
urn:mavedb:00000068-c-1#5308,NA,NA,p.Ile162=,0.4918535140869088
urn:mavedb:00000068-c-1#5309,NA,NA,p.Thr140His,-0.23011130555261006
urn:mavedb:00000068-c-1#5310,NA,NA,p.Thr140Gly,0.4495915084597044
urn:mavedb:00000068-c-1#5311,NA,NA,p.Thr140Phe,-0.40541202108730057
urn:mavedb:00000068-c-1#5312,NA,NA,p.Thr140Glu,-0.5711328923510619
urn:mavedb:00000068-c-1#5313,NA,NA,p.Thr140Asp,-1.1624072875802087
urn:mavedb:00000068-c-1#5314,NA,NA,p.Thr140Cys,0.2823459046014816
urn:mavedb:00000068-c-1#5315,NA,NA,p.Thr140=,0.3387826224541348
urn:mavedb:00000068-c-1#5316,NA,NA,p.Thr140Ala,-0.10924747533861444
urn:mavedb:00000068-c-1#5317,NA,NA,p.Lys139Ter,-1.398408155064674
urn:mavedb:00000068-c-1#5318,NA,NA,p.Lys139Tyr,-1.3983713638139568
urn:mavedb:00000068-c-1#5319,NA,NA,p.Lys139Trp,-1.9008812079503787
urn:mavedb:00000068-c-1#5320,NA,NA,p.Lys139Val,0.21483621252615465
urn:mavedb:00000068-c-1#5321,NA,NA,p.Lys139Thr,0.5615926222125875
urn:mavedb:00000068-c-1#5322,NA,NA,p.Lys139Ser,0.5575248798963305
urn:mavedb:00000068-c-1#5323,NA,NA,p.Lys139Arg,-0.4578686121633563
urn:mavedb:00000068-c-1#5324,NA,NA,p.Lys139Gln,-0.4621523681882668
urn:mavedb:00000068-c-1#5325,NA,NA,p.Lys139Pro,-1.9117339180976
urn:mavedb:00000068-c-1#5326,NA,NA,p.Lys139Asn,0.07874749957648679
urn:mavedb:00000068-c-1#5327,NA,NA,p.Lys139Met,0.4619865110008777
urn:mavedb:00000068-c-1#5328,NA,NA,p.Lys139Leu,-1.9115706342207095
urn:mavedb:00000068-c-1#5329,NA,NA,p.Lys139Ile,-0.02168794783888679
urn:mavedb:00000068-c-1#5330,NA,NA,p.Lys139His,0.09857029983506528
urn:mavedb:00000068-c-1#5331,NA,NA,p.Lys139Gly,-0.12849038416098635
urn:mavedb:00000068-c-1#5332,NA,NA,p.Lys139Phe,-1.5052630218628156
urn:mavedb:00000068-c-1#5333,NA,NA,p.Lys139Glu,-0.016019955424687208
urn:mavedb:00000068-c-1#5334,NA,NA,p.Lys139Asp,-1.5567586023687745
urn:mavedb:00000068-c-1#5335,NA,NA,p.Ala138Pro,-1.4719831691126264
urn:mavedb:00000068-c-1#5336,NA,NA,p.Ala138Asn,0.401828677828032
urn:mavedb:00000068-c-1#5337,NA,NA,p.Ala138Met,0.7021991318293088
urn:mavedb:00000068-c-1#5338,NA,NA,p.Ala138Leu,-1.3985143645372136
urn:mavedb:00000068-c-1#5339,NA,NA,p.Ala138Lys,-0.16159734123677366
urn:mavedb:00000068-c-1#5340,NA,NA,p.Ala138Ile,-1.7137820630858676
urn:mavedb:00000068-c-1#5341,NA,NA,p.Ala138His,0.29810916125176623
urn:mavedb:00000068-c-1#5342,NA,NA,p.Ala138Gly,-1.166746756437429
urn:mavedb:00000068-c-1#5343,NA,NA,p.Ala138Phe,0.8806798151948939
urn:mavedb:00000068-c-1#5344,NA,NA,p.Ala138Glu,0.6355485615943153
urn:mavedb:00000068-c-1#5345,NA,NA,p.Ala138Asp,0.6350517367792023
urn:mavedb:00000068-c-1#5346,NA,NA,p.Ala138Cys,-0.045176587636305
urn:mavedb:00000068-c-1#5347,NA,NA,p.Ala138=,0.1661511992819526
urn:mavedb:00000068-c-1#5348,NA,NA,p.Leu137Ter,-1.8068825953508807
urn:mavedb:00000068-c-1#5349,NA,NA,p.Leu137Tyr,0.9740730000327944
urn:mavedb:00000068-c-1#5350,NA,NA,p.Leu137Trp,-0.8364726228897311
urn:mavedb:00000068-c-1#5351,NA,NA,p.Leu137Val,0.7271582297757352
urn:mavedb:00000068-c-1#5352,NA,NA,p.Leu137Thr,-0.2211004759656156
urn:mavedb:00000068-c-1#5353,NA,NA,p.Leu137Ser,0.9039501531570084
urn:mavedb:00000068-c-1#5354,NA,NA,p.Leu137Arg,0.5030913850097628
urn:mavedb:00000068-c-1#5355,NA,NA,p.Leu137Gln,0.7422172408770251
urn:mavedb:00000068-c-1#5356,NA,NA,p.Leu137Pro,0.6605812941080175
urn:mavedb:00000068-c-1#5357,NA,NA,p.Leu137Asn,1.0577990137574154
urn:mavedb:00000068-c-1#5358,NA,NA,p.Leu137Met,0.4598894565577577
urn:mavedb:00000068-c-1#5359,NA,NA,p.Leu137Lys,-0.05977899666901095
urn:mavedb:00000068-c-1#5360,NA,NA,p.Leu137Ile,1.13227078615875
urn:mavedb:00000068-c-1#5361,NA,NA,p.Leu137His,0.7474922511357079
urn:mavedb:00000068-c-1#5362,NA,NA,p.Leu137Gly,-1.3931061003705965
urn:mavedb:00000068-c-1#5363,NA,NA,p.Leu137Phe,0.7465787011143242
urn:mavedb:00000068-c-1#5364,NA,NA,p.Leu137Glu,-2.408497762231507
urn:mavedb:00000068-c-1#5365,NA,NA,p.Leu137Asp,-1.7523972660985885
urn:mavedb:00000068-c-1#5366,NA,NA,p.Leu137Cys,0.495778471278364
urn:mavedb:00000068-c-1#5367,NA,NA,p.Leu137=,0.33778229734575776
urn:mavedb:00000068-c-1#5368,NA,NA,p.Leu137Ala,0.2228886799282106
urn:mavedb:00000068-c-1#5369,NA,NA,p.Gln136Ter,0.08058526184328346
urn:mavedb:00000068-c-1#5370,NA,NA,p.Gln136Tyr,-0.10713090290731277
urn:mavedb:00000068-c-1#5371,NA,NA,p.Gln136Trp,-2.1046632692018457
urn:mavedb:00000068-c-1#5372,NA,NA,p.Gln136Val,0.5042612799735127
urn:mavedb:00000068-c-1#5373,NA,NA,p.Gln136Thr,0.8319563407306115
urn:mavedb:00000068-c-1#5374,NA,NA,p.Gln136Ser,1.2986847172384743
urn:mavedb:00000068-c-1#5375,NA,NA,p.Gln136Arg,0.06444714381394916
urn:mavedb:00000068-c-1#5376,NA,NA,p.Gln136Pro,-1.3794822785972942
urn:mavedb:00000068-c-1#5377,NA,NA,p.Gln136Asn,-0.6514387268195073
urn:mavedb:00000068-c-1#5378,NA,NA,p.Gln136Met,1.545121081608279
urn:mavedb:00000068-c-1#5379,NA,NA,p.Gln136Leu,0.8229371202352249
urn:mavedb:00000068-c-1#5380,NA,NA,p.Gln136Lys,0.5107022508222518
urn:mavedb:00000068-c-1#5381,NA,NA,p.Gln136Ile,0.7478772603394331
urn:mavedb:00000068-c-1#5382,NA,NA,p.Gln136His,0.21455051551720736
urn:mavedb:00000068-c-1#5383,NA,NA,p.Gln136Gly,0.7995750663538896
urn:mavedb:00000068-c-1#5384,NA,NA,p.Gln136Phe,-0.8941075015823567
urn:mavedb:00000068-c-1#5385,NA,NA,p.Gln136Glu,-1.3159331514719133
urn:mavedb:00000068-c-1#5386,NA,NA,p.Gln136Asp,-1.4590921575679587
urn:mavedb:00000068-c-1#5387,NA,NA,p.Gln136Cys,1.1577024811627803
urn:mavedb:00000068-c-1#5388,NA,NA,p.Gln136=,0.07870875354960694
urn:mavedb:00000068-c-1#5389,NA,NA,p.Gln136Ala,0.8862101410898339
urn:mavedb:00000068-c-1#5390,NA,NA,p.Cys135Ter,-0.13587098498964906
urn:mavedb:00000068-c-1#5391,NA,NA,p.Cys135Tyr,-0.8121334072671345
urn:mavedb:00000068-c-1#5392,NA,NA,p.Cys135Trp,-1.0223395376356044
urn:mavedb:00000068-c-1#5393,NA,NA,p.Cys135Val,0.576497510492438
urn:mavedb:00000068-c-1#5394,NA,NA,p.Cys135Thr,0.6326706537347643
urn:mavedb:00000068-c-1#5395,NA,NA,p.Cys135Ser,-0.9758268731556944
urn:mavedb:00000068-c-1#5396,NA,NA,p.Cys135Arg,-0.5059858913649394
urn:mavedb:00000068-c-1#5397,NA,NA,p.Cys135Gln,-1.347752539516407
urn:mavedb:00000068-c-1#5398,NA,NA,p.Cys135Pro,-2.071609970548845
urn:mavedb:00000068-c-1#5399,NA,NA,p.Cys135Asn,-1.6255283655640034
urn:mavedb:00000068-c-1#5400,NA,NA,p.Cys135Met,-1.527232168474895
urn:mavedb:00000068-c-1#5401,NA,NA,p.Cys135Leu,-0.8842179242171883
urn:mavedb:00000068-c-1#5402,NA,NA,p.Cys135Lys,-1.1399015575038898
urn:mavedb:00000068-c-1#5403,NA,NA,p.Cys135Ile,0.9850117659928944
urn:mavedb:00000068-c-1#5404,NA,NA,p.Cys135His,-2.0025510241765065
urn:mavedb:00000068-c-1#5405,NA,NA,p.Cys135Gly,-1.5154282275527993
urn:mavedb:00000068-c-1#5406,NA,NA,p.Cys135Phe,-0.4887307457354198
urn:mavedb:00000068-c-1#5407,NA,NA,p.Cys135Glu,-1.0687442561987408
urn:mavedb:00000068-c-1#5408,NA,NA,p.Cys135Asp,-1.8651245891962749
urn:mavedb:00000068-c-1#5409,NA,NA,p.Cys135=,0.6531714305036218
urn:mavedb:00000068-c-1#5410,NA,NA,p.Cys135Ala,-0.4323175851376338
urn:mavedb:00000068-c-1#5411,NA,NA,p.Phe134Ter,-2.1426175593619883
urn:mavedb:00000068-c-1#5412,NA,NA,p.Phe134Tyr,0.6948128197349364
urn:mavedb:00000068-c-1#5413,NA,NA,p.Phe134Trp,-0.5831659273806514
urn:mavedb:00000068-c-1#5414,NA,NA,p.Phe134Val,-1.3385556930169715
urn:mavedb:00000068-c-1#5415,NA,NA,p.Phe134Thr,-2.6851797309673886
urn:mavedb:00000068-c-1#5416,NA,NA,p.Phe134Ser,-1.1287096425275869
urn:mavedb:00000068-c-1#5417,NA,NA,p.Phe134Arg,-1.7607630421859943
urn:mavedb:00000068-c-1#5418,NA,NA,p.Phe134Gln,-1.6262600539906258
urn:mavedb:00000068-c-1#5419,NA,NA,p.Phe134Pro,-1.7757855132883569
urn:mavedb:00000068-c-1#5420,NA,NA,p.Phe134Asn,-1.9197249471302509
urn:mavedb:00000068-c-1#5421,NA,NA,p.Phe134Met,-1.9970218696508888
urn:mavedb:00000068-c-1#5422,NA,NA,p.Phe134Leu,-0.7972719502200025
urn:mavedb:00000068-c-1#5423,NA,NA,p.Phe134Lys,-1.9837949244786488
urn:mavedb:00000068-c-1#5424,NA,NA,p.Phe134Ile,-1.0751657868793412
urn:mavedb:00000068-c-1#5425,NA,NA,p.Phe134His,-1.9194754395458185
urn:mavedb:00000068-c-1#5426,NA,NA,p.Phe134Gly,-1.5337421676004912
urn:mavedb:00000068-c-1#5427,NA,NA,p.Phe134Glu,-1.7521082352279214
urn:mavedb:00000068-c-1#5428,NA,NA,p.Phe134Asp,-2.4173582281752437
urn:mavedb:00000068-c-1#5429,NA,NA,p.Phe134Cys,-1.0063695584290342
urn:mavedb:00000068-c-1#5430,NA,NA,p.Phe134=,0.3668448560855556
urn:mavedb:00000068-c-1#5431,NA,NA,p.Phe134Ala,-1.9206314480264437
urn:mavedb:00000068-c-1#5432,NA,NA,p.Met133Ter,-1.8703035107724648
urn:mavedb:00000068-c-1#5433,NA,NA,p.Met133Tyr,0.2969041087732515
urn:mavedb:00000068-c-1#5434,NA,NA,p.Met133Trp,-1.743908317383617
urn:mavedb:00000068-c-1#5435,NA,NA,p.Met133Val,0.48787839198595
urn:mavedb:00000068-c-1#5436,NA,NA,p.Met133Thr,-0.6050996928053675
urn:mavedb:00000068-c-1#5437,NA,NA,p.Met133Ser,-1.9285525806749413
urn:mavedb:00000068-c-1#5438,NA,NA,p.Met133Arg,-1.0974527257432003
urn:mavedb:00000068-c-1#5439,NA,NA,p.Met133Gln,-2.0475147155339664
urn:mavedb:00000068-c-1#5440,NA,NA,p.Met133Pro,-1.79463467678144
urn:mavedb:00000068-c-1#5441,NA,NA,p.Met133Asn,-1.6749461612403562
urn:mavedb:00000068-c-1#5442,NA,NA,p.Met133Leu,0.5738442051103118
urn:mavedb:00000068-c-1#5443,NA,NA,p.Met133Lys,-0.6937059775529086
urn:mavedb:00000068-c-1#5444,NA,NA,p.Met133Ile,0.4863376819356518
urn:mavedb:00000068-c-1#5445,NA,NA,p.Met133His,-1.92910209534488
urn:mavedb:00000068-c-1#5446,NA,NA,p.Met133Gly,-2.0781216708291583
urn:mavedb:00000068-c-1#5447,NA,NA,p.Met133Phe,-0.6335919450959464
urn:mavedb:00000068-c-1#5448,NA,NA,p.Met133Glu,-1.9573524400000064
urn:mavedb:00000068-c-1#5449,NA,NA,p.Met133Asp,-1.7215647236756926
urn:mavedb:00000068-c-1#5450,NA,NA,p.Met133Cys,-0.8115827679406198
urn:mavedb:00000068-c-1#5451,NA,NA,p.Met133Ala,0.2652616681568317
urn:mavedb:00000068-c-1#5452,NA,NA,p.Lys132Ter,-0.9648705572867624
urn:mavedb:00000068-c-1#5453,NA,NA,p.Lys132Tyr,-2.099114686016781
urn:mavedb:00000068-c-1#5454,NA,NA,p.Lys132Trp,-1.4438777564559966
urn:mavedb:00000068-c-1#5455,NA,NA,p.Lys132Val,-1.3549173578631941
urn:mavedb:00000068-c-1#5456,NA,NA,p.Lys132Thr,-1.70141794359138
urn:mavedb:00000068-c-1#5457,NA,NA,p.Lys132Ser,-1.9266298749272643
urn:mavedb:00000068-c-1#5458,NA,NA,p.Lys132Arg,-1.1991300232206172
urn:mavedb:00000068-c-1#5459,NA,NA,p.Lys132Gln,-1.417577769810369
urn:mavedb:00000068-c-1#5460,NA,NA,p.Lys132Pro,-1.227035817816564
urn:mavedb:00000068-c-1#5461,NA,NA,p.Lys132Asn,-0.5825166209190286
urn:mavedb:00000068-c-1#5462,NA,NA,p.Lys132Met,-0.7163725821653649
urn:mavedb:00000068-c-1#5463,NA,NA,p.Lys132Leu,-1.4153688766210697
urn:mavedb:00000068-c-1#5464,NA,NA,p.Lys132Ile,-1.9500907346366287
urn:mavedb:00000068-c-1#5465,NA,NA,p.Lys132His,-2.122810018313112
urn:mavedb:00000068-c-1#5466,NA,NA,p.Lys132Gly,-1.660439976291758
urn:mavedb:00000068-c-1#5467,NA,NA,p.Lys132Phe,-2.1443638562879204
urn:mavedb:00000068-c-1#5468,NA,NA,p.Lys132Glu,-0.5070290105086936
urn:mavedb:00000068-c-1#5469,NA,NA,p.Lys132Asp,-1.5559650994015848
urn:mavedb:00000068-c-1#5470,NA,NA,p.Lys132Cys,-1.6301408474872954
urn:mavedb:00000068-c-1#5471,NA,NA,p.Lys132=,0.17006006536438906
urn:mavedb:00000068-c-1#5472,NA,NA,p.Lys132Ala,-2.0183595664336758
urn:mavedb:00000068-c-1#5473,NA,NA,p.Asn131Ter,-1.2213883157409493
urn:mavedb:00000068-c-1#5474,NA,NA,p.Asn131Tyr,-0.8596182493316727
urn:mavedb:00000068-c-1#5475,NA,NA,p.Asn131Trp,-1.8401418551796536
urn:mavedb:00000068-c-1#5476,NA,NA,p.Asn131Val,-1.7382112451567793
urn:mavedb:00000068-c-1#5477,NA,NA,p.Asn131Thr,-1.3070985101757624
urn:mavedb:00000068-c-1#5478,NA,NA,p.Asn131Ser,0.2578038229522987
urn:mavedb:00000068-c-1#5479,NA,NA,p.Asn131Arg,0.2669983834452133
urn:mavedb:00000068-c-1#5480,NA,NA,p.Asn131Gln,-0.36108624189653865
urn:mavedb:00000068-c-1#5481,NA,NA,p.Asn131Pro,-1.4438672796813925
urn:mavedb:00000068-c-1#5482,NA,NA,p.Asn131Met,-1.0835999241419716
urn:mavedb:00000068-c-1#5483,NA,NA,p.Asn131Leu,-1.5045881716223872
urn:mavedb:00000068-c-1#5484,NA,NA,p.Asn131Lys,0.4843556069489514
urn:mavedb:00000068-c-1#5485,NA,NA,p.Asn131Ile,-1.1383729257540758
urn:mavedb:00000068-c-1#5486,NA,NA,p.Asn131His,-0.0595410897833215
urn:mavedb:00000068-c-1#5487,NA,NA,p.Asn131Gly,1.0025544392328372
urn:mavedb:00000068-c-1#5488,NA,NA,p.Asn131Phe,-1.530688916014881
urn:mavedb:00000068-c-1#5489,NA,NA,p.Asn131Glu,-0.5617068709647056
urn:mavedb:00000068-c-1#5490,NA,NA,p.Asn131Asp,0.377723498670748
urn:mavedb:00000068-c-1#5491,NA,NA,p.Asn131Cys,-0.3733465869988541
urn:mavedb:00000068-c-1#5492,NA,NA,p.Asn131=,0.39337777191139545
urn:mavedb:00000068-c-1#5493,NA,NA,p.Asn131Ala,-0.7764301816575641
urn:mavedb:00000068-c-1#5494,NA,NA,p.Leu130Ter,-2.056044696435733
urn:mavedb:00000068-c-1#5495,NA,NA,p.Leu130Tyr,-2.388336065562192
urn:mavedb:00000068-c-1#5496,NA,NA,p.Leu130Trp,-2.1730733307839025
urn:mavedb:00000068-c-1#5497,NA,NA,p.Leu130Val,-1.7548420727931169
urn:mavedb:00000068-c-1#5498,NA,NA,p.Leu130Thr,-1.9043617507158497
urn:mavedb:00000068-c-1#5499,NA,NA,p.Leu130Ser,-1.8126021380559936
urn:mavedb:00000068-c-1#5500,NA,NA,p.Leu130Arg,-1.3615472098780736
urn:mavedb:00000068-c-1#5501,NA,NA,p.Leu130Gln,-1.794515297825908
urn:mavedb:00000068-c-1#5502,NA,NA,p.Leu130Pro,-1.261409830690064
urn:mavedb:00000068-c-1#5503,NA,NA,p.Leu130Asn,-1.9663811197822068
urn:mavedb:00000068-c-1#5504,NA,NA,p.Leu130Met,0.6838559236483188
urn:mavedb:00000068-c-1#5505,NA,NA,p.Leu130Lys,-0.9452389456873088
urn:mavedb:00000068-c-1#5506,NA,NA,p.Leu130Ile,0.3451977161630951
urn:mavedb:00000068-c-1#5507,NA,NA,p.Leu130His,-0.5322832349976969
urn:mavedb:00000068-c-1#5508,NA,NA,p.Leu130Gly,-1.6914735983664644
urn:mavedb:00000068-c-1#5509,NA,NA,p.Leu130Phe,-0.7472679789063097
urn:mavedb:00000068-c-1#5510,NA,NA,p.Leu130Glu,-1.7573632613745154
urn:mavedb:00000068-c-1#5511,NA,NA,p.Leu130Asp,-1.609000234558171
urn:mavedb:00000068-c-1#5512,NA,NA,p.Leu130Cys,-1.282972248737514
urn:mavedb:00000068-c-1#5513,NA,NA,p.Leu130=,0.4376107707500873
urn:mavedb:00000068-c-1#5514,NA,NA,p.Leu130Ala,-0.8942474968554199
urn:mavedb:00000068-c-1#5515,NA,NA,p.Ala129Ter,-1.5405093373782577
urn:mavedb:00000068-c-1#5516,NA,NA,p.Ala129Tyr,0.15097502395337653
urn:mavedb:00000068-c-1#5517,NA,NA,p.Ala129Trp,0.2345485506938404
urn:mavedb:00000068-c-1#5518,NA,NA,p.Ala129Val,0.4842075254417075
urn:mavedb:00000068-c-1#5519,NA,NA,p.Ala129Thr,0.5732274498275
urn:mavedb:00000068-c-1#5520,NA,NA,p.Ala129Ser,-0.04585065004943184
urn:mavedb:00000068-c-1#5521,NA,NA,p.Ala129Arg,0.34541636092349154
urn:mavedb:00000068-c-1#5522,NA,NA,p.Ala129Gln,0.19946541086866335
urn:mavedb:00000068-c-1#5523,NA,NA,p.Ala129Pro,-1.0997830611335455
urn:mavedb:00000068-c-1#5524,NA,NA,p.Ala129Asn,0.6079208930592679
urn:mavedb:00000068-c-1#5525,NA,NA,p.Pro151Arg,-1.6926490599984545
urn:mavedb:00000068-c-1#5526,NA,NA,p.Pro151Gln,-2.2156568885221217
urn:mavedb:00000068-c-1#5527,NA,NA,p.Pro151Asn,-1.3679379634834476
urn:mavedb:00000068-c-1#5528,NA,NA,p.Pro151Met,-1.9550994350628552
urn:mavedb:00000068-c-1#5529,NA,NA,p.Pro151Leu,0.2362343699423733
urn:mavedb:00000068-c-1#5530,NA,NA,p.Pro151Lys,-2.727448599550315
urn:mavedb:00000068-c-1#5531,NA,NA,p.Pro151Ile,-0.3475728034775801
urn:mavedb:00000068-c-1#5532,NA,NA,p.Pro151His,-0.03917037365603628
urn:mavedb:00000068-c-1#5533,NA,NA,p.Pro151Gly,-2.010668286233306
urn:mavedb:00000068-c-1#5534,NA,NA,p.Pro151Phe,-2.00056204817864
urn:mavedb:00000068-c-1#5535,NA,NA,p.Pro151Glu,-1.910193111209342
urn:mavedb:00000068-c-1#5536,NA,NA,p.Pro151Asp,-1.4760280323157646
urn:mavedb:00000068-c-1#5537,NA,NA,p.Pro151Cys,-0.1809698097343326
urn:mavedb:00000068-c-1#5538,NA,NA,p.Pro151=,0.33976017108088796
urn:mavedb:00000068-c-1#5539,NA,NA,p.Pro151Ala,-1.2573233461125284
urn:mavedb:00000068-c-1#5540,NA,NA,p.Thr150Ter,-1.6623171655501756
urn:mavedb:00000068-c-1#5541,NA,NA,p.Thr150Tyr,-0.1732906714240525
urn:mavedb:00000068-c-1#5542,NA,NA,p.Thr150Trp,-0.054859086451350805
urn:mavedb:00000068-c-1#5543,NA,NA,p.Thr150Val,0.20677693310788034
urn:mavedb:00000068-c-1#5544,NA,NA,p.Thr150Ser,-0.526281602886687
urn:mavedb:00000068-c-1#5545,NA,NA,p.Thr150Arg,0.24555223531960305
urn:mavedb:00000068-c-1#5546,NA,NA,p.Thr150Gln,-0.3397151935702754
urn:mavedb:00000068-c-1#5547,NA,NA,p.Thr150Pro,-1.1936673112082559
urn:mavedb:00000068-c-1#5548,NA,NA,p.Thr150Asn,-0.3861043633662136
urn:mavedb:00000068-c-1#5549,NA,NA,p.Thr150Met,0.9102675327437916
urn:mavedb:00000068-c-1#5550,NA,NA,p.Thr150Leu,-0.356248266056138
urn:mavedb:00000068-c-1#5551,NA,NA,p.Thr150Lys,0.32376570718482833
urn:mavedb:00000068-c-1#5552,NA,NA,p.Thr150Ile,0.3644615563826346
urn:mavedb:00000068-c-1#5553,NA,NA,p.Thr150His,-1.4841163050838686
urn:mavedb:00000068-c-1#5554,NA,NA,p.Thr150Gly,0.014672165129628241
urn:mavedb:00000068-c-1#5555,NA,NA,p.Thr150Phe,0.24208232183779824
urn:mavedb:00000068-c-1#5556,NA,NA,p.Thr150Glu,0.029530567368158258
urn:mavedb:00000068-c-1#5557,NA,NA,p.Thr150Asp,-0.10817946410047234
urn:mavedb:00000068-c-1#5558,NA,NA,p.Thr150Cys,0.13703244388573155
urn:mavedb:00000068-c-1#5559,NA,NA,p.Thr150=,-0.13290267033655842
urn:mavedb:00000068-c-1#5560,NA,NA,p.Thr150Ala,0.17524610620982248
urn:mavedb:00000068-c-1#5561,NA,NA,p.Ser149Ter,-1.6982715838304197
urn:mavedb:00000068-c-1#5562,NA,NA,p.Ser149Tyr,0.4165948042899461
urn:mavedb:00000068-c-1#5563,NA,NA,p.Ser149Trp,0.3311032255079393
urn:mavedb:00000068-c-1#5564,NA,NA,p.Ser149Val,-0.2354425872694096
urn:mavedb:00000068-c-1#5565,NA,NA,p.Ser149Thr,0.4747690449919672
urn:mavedb:00000068-c-1#5566,NA,NA,p.Ser149Arg,-0.9276413811215424
urn:mavedb:00000068-c-1#5567,NA,NA,p.Ser149Gln,0.6310370823072206
urn:mavedb:00000068-c-1#5568,NA,NA,p.Ser149Pro,-0.09036843528721802
urn:mavedb:00000068-c-1#5569,NA,NA,p.Ser149Asn,-0.027437220047069832
urn:mavedb:00000068-c-1#5570,NA,NA,p.Ser149Met,0.2458736053560935
urn:mavedb:00000068-c-1#5571,NA,NA,p.Ser149Leu,-0.3376934847225789
urn:mavedb:00000068-c-1#5572,NA,NA,p.Ala129Met,0.0719756829955467
urn:mavedb:00000068-c-1#5573,NA,NA,p.Ala129Leu,0.0739372224561467
urn:mavedb:00000068-c-1#5574,NA,NA,p.Ala129Lys,0.8559166424176792
urn:mavedb:00000068-c-1#5575,NA,NA,p.Ala129Ile,0.4191672098248528
urn:mavedb:00000068-c-1#5576,NA,NA,p.Ala129His,0.8121912554606814
urn:mavedb:00000068-c-1#5577,NA,NA,p.Ala129Gly,0.3554389054411081
urn:mavedb:00000068-c-1#5578,NA,NA,p.Ala129Phe,-0.1432502066792989
urn:mavedb:00000068-c-1#5579,NA,NA,p.Ala129Glu,-0.12191154901133207
urn:mavedb:00000068-c-1#5580,NA,NA,p.Ala129Asp,0.4770531632822991
urn:mavedb:00000068-c-1#5581,NA,NA,p.Ala129Cys,-0.687581848679006
urn:mavedb:00000068-c-1#5582,NA,NA,p.Ala129=,0.3821349047449477
urn:mavedb:00000068-c-1#5583,NA,NA,p.Pro128Ter,-1.8484967748815155
urn:mavedb:00000068-c-1#5584,NA,NA,p.Pro128Tyr,0.6454041074770872
urn:mavedb:00000068-c-1#5585,NA,NA,p.Pro128Trp,-0.019512531121754988
urn:mavedb:00000068-c-1#5586,NA,NA,p.Pro128Val,-0.25953482827575797
urn:mavedb:00000068-c-1#5587,NA,NA,p.Pro128Thr,0.4631156796871368
urn:mavedb:00000068-c-1#5588,NA,NA,p.Pro128Ser,0.146086453591125
urn:mavedb:00000068-c-1#5589,NA,NA,p.Pro128Arg,0.2077922449110405
urn:mavedb:00000068-c-1#5590,NA,NA,p.Pro128Gln,0.518304337392859
urn:mavedb:00000068-c-1#5591,NA,NA,p.Pro128Asn,1.1927030943612769
urn:mavedb:00000068-c-1#5592,NA,NA,p.Pro128Met,0.6572656945749916
urn:mavedb:00000068-c-1#5593,NA,NA,p.Pro128Leu,-0.5723079073303418
urn:mavedb:00000068-c-1#5594,NA,NA,p.Pro128Lys,0.7384927649434889
urn:mavedb:00000068-c-1#5595,NA,NA,p.Pro128Ile,0.7982517303668173
urn:mavedb:00000068-c-1#5596,NA,NA,p.Pro128His,0.4652385126071248
urn:mavedb:00000068-c-1#5597,NA,NA,p.Pro128Gly,0.2127971933520824
urn:mavedb:00000068-c-1#5598,NA,NA,p.Val122Met,0.5767856309875588
urn:mavedb:00000068-c-1#5599,NA,NA,p.Val122Leu,0.23986476319328184
urn:mavedb:00000068-c-1#5600,NA,NA,p.Val122Lys,0.23315547653919344
urn:mavedb:00000068-c-1#5601,NA,NA,p.Val122Ile,0.4712080667538388
urn:mavedb:00000068-c-1#5602,NA,NA,p.Val122His,0.481377194293233
urn:mavedb:00000068-c-1#5603,NA,NA,p.Val122Gly,-0.6148337357020428
urn:mavedb:00000068-c-1#5604,NA,NA,p.Val122Phe,-0.028280221172454562
urn:mavedb:00000068-c-1#5605,NA,NA,p.Val122Glu,0.5983742317416764
urn:mavedb:00000068-c-1#5606,NA,NA,p.Val122Asp,0.2549673245469441
urn:mavedb:00000068-c-1#5607,NA,NA,p.Val122Cys,-0.4858064974796506
urn:mavedb:00000068-c-1#5608,NA,NA,p.Val122=,0.3935432345956909
urn:mavedb:00000068-c-1#5609,NA,NA,p.Val122Ala,0.2024010672983355
urn:mavedb:00000068-c-1#5610,NA,NA,p.Ser121Ter,-2.9372283964909913
urn:mavedb:00000068-c-1#5611,NA,NA,p.Ser121Tyr,0.3277337187290356
urn:mavedb:00000068-c-1#5612,NA,NA,p.Ser121Trp,-0.8072126189586618
urn:mavedb:00000068-c-1#5613,NA,NA,p.Ser121Val,-0.9395218911215194
urn:mavedb:00000068-c-1#5614,NA,NA,p.Ser121Thr,-0.040372088747739385
urn:mavedb:00000068-c-1#5615,NA,NA,p.Ser121Arg,-0.02528081642176569
urn:mavedb:00000068-c-1#5616,NA,NA,p.Ser121Gln,1.3768108367721277
urn:mavedb:00000068-c-1#5617,NA,NA,p.Ser121Pro,0.09132364478541864
urn:mavedb:00000068-c-1#5618,NA,NA,p.Ser121Asn,0.6762035359327215
urn:mavedb:00000068-c-1#5619,NA,NA,p.Ser121Met,-1.7452763177454975
urn:mavedb:00000068-c-1#5620,NA,NA,p.Ser121Leu,-1.2173256420255756
urn:mavedb:00000068-c-1#5621,NA,NA,p.Ser121Lys,1.5447235280745524
urn:mavedb:00000068-c-1#5622,NA,NA,p.Ser121Ile,-1.4457299850610614
urn:mavedb:00000068-c-1#5623,NA,NA,p.Ser121His,-0.19435999109966812
urn:mavedb:00000068-c-1#5624,NA,NA,p.Ser121Gly,0.1217635777895576
urn:mavedb:00000068-c-1#5625,NA,NA,p.Ser121Phe,-0.4463578192393249
urn:mavedb:00000068-c-1#5626,NA,NA,p.Ser121Glu,-1.1804643317041654
urn:mavedb:00000068-c-1#5627,NA,NA,p.Ser121Asp,-2.0904292005299867
urn:mavedb:00000068-c-1#5628,NA,NA,p.Ser121Cys,-0.03670092866902134
urn:mavedb:00000068-c-1#5629,NA,NA,p.Ser121=,0.5241510028375486
urn:mavedb:00000068-c-1#5630,NA,NA,p.Ser121Ala,-0.4118859586108821
urn:mavedb:00000068-c-1#5631,NA,NA,p.Lys120Ter,-0.08639723873595932
urn:mavedb:00000068-c-1#5632,NA,NA,p.Lys120Tyr,-0.2157280710343266
urn:mavedb:00000068-c-1#5633,NA,NA,p.Lys120Trp,-0.2222213066082515
urn:mavedb:00000068-c-1#5634,NA,NA,p.Lys120Val,0.6871278188084466
urn:mavedb:00000068-c-1#5635,NA,NA,p.Lys120Thr,0.07957245425268902
urn:mavedb:00000068-c-1#5636,NA,NA,p.Lys120Ser,-0.30520711494160946
urn:mavedb:00000068-c-1#5637,NA,NA,p.Lys120Arg,0.3885089097033511
urn:mavedb:00000068-c-1#5638,NA,NA,p.Lys120Gln,-0.5654396165505461
urn:mavedb:00000068-c-1#5639,NA,NA,p.Lys120Pro,-1.434566561117318
urn:mavedb:00000068-c-1#5640,NA,NA,p.Lys120Asn,0.3333966163964149
urn:mavedb:00000068-c-1#5641,NA,NA,p.Lys120Met,-0.07512129497704326
urn:mavedb:00000068-c-1#5642,NA,NA,p.Lys120Leu,-0.06489174905189866
urn:mavedb:00000068-c-1#5643,NA,NA,p.Lys120Ile,-1.153696675378313
urn:mavedb:00000068-c-1#5644,NA,NA,p.Lys120His,0.4598412612649799
urn:mavedb:00000068-c-1#5645,NA,NA,p.Lys120Gly,-0.1847419499696778
urn:mavedb:00000068-c-1#5646,NA,NA,p.Lys120Phe,-0.6399388137845893
urn:mavedb:00000068-c-1#5647,NA,NA,p.Lys120Glu,-0.4741526240911677
urn:mavedb:00000068-c-1#5648,NA,NA,p.Lys120Asp,-3.6249076640528153
urn:mavedb:00000068-c-1#5649,NA,NA,p.Lys120Cys,0.5037130188385089
urn:mavedb:00000068-c-1#5650,NA,NA,p.Lys120=,0.3858103534266065
urn:mavedb:00000068-c-1#5651,NA,NA,p.Lys120Ala,-0.7189330186007906
urn:mavedb:00000068-c-1#5652,NA,NA,p.Ala119Ter,-2.3239698396636452
urn:mavedb:00000068-c-1#5653,NA,NA,p.Ala119Tyr,0.7633782409058261
urn:mavedb:00000068-c-1#5654,NA,NA,p.Ala119Trp,1.3354837134021096
urn:mavedb:00000068-c-1#5655,NA,NA,p.Ala119Val,0.8041534737682587
urn:mavedb:00000068-c-1#5656,NA,NA,p.Ala119Thr,0.4464505494594771
urn:mavedb:00000068-c-1#5657,NA,NA,p.Ala119Ser,-0.028738871301490238
urn:mavedb:00000068-c-1#5658,NA,NA,p.Ala119Arg,0.9890404304165796
urn:mavedb:00000068-c-1#5659,NA,NA,p.Ala119Gln,-0.019726689453788027
urn:mavedb:00000068-c-1#5660,NA,NA,p.Ala119Pro,-0.004556817325060611
urn:mavedb:00000068-c-1#5661,NA,NA,p.Ala119Asn,0.5241042912669234
urn:mavedb:00000068-c-1#5662,NA,NA,p.Ala119Met,-0.3083667781515067
urn:mavedb:00000068-c-1#5663,NA,NA,p.Ala119Leu,1.2268306186574491
urn:mavedb:00000068-c-1#5664,NA,NA,p.Ala119Lys,0.4842438088614143
urn:mavedb:00000068-c-1#5665,NA,NA,p.Ala119Ile,0.8296384354443527
urn:mavedb:00000068-c-1#5666,NA,NA,p.Ala119His,0.3247205926454045
urn:mavedb:00000068-c-1#5667,NA,NA,p.Ala119Gly,0.4937762595324472
urn:mavedb:00000068-c-1#5668,NA,NA,p.Ala119Phe,0.4216950861170689
urn:mavedb:00000068-c-1#5669,NA,NA,p.Ala119Glu,2.5330668969057264
urn:mavedb:00000068-c-1#5670,NA,NA,p.Ala119Asp,0.4647275515628269
urn:mavedb:00000068-c-1#5671,NA,NA,p.Ala119Cys,0.8151733181694589
urn:mavedb:00000068-c-1#5672,NA,NA,p.Ala119=,0.5207812362381137
urn:mavedb:00000068-c-1#5673,NA,NA,p.Thr118Ter,-0.7348410447936482
urn:mavedb:00000068-c-1#5674,NA,NA,p.Thr118Tyr,0.22398775474388544
urn:mavedb:00000068-c-1#5675,NA,NA,p.Thr118Trp,1.176175616543974
urn:mavedb:00000068-c-1#5676,NA,NA,p.Thr118Val,0.2568887762997329
urn:mavedb:00000068-c-1#5677,NA,NA,p.Thr118Ser,0.18414606883312493
urn:mavedb:00000068-c-1#5678,NA,NA,p.Thr118Arg,0.4644272257083013
urn:mavedb:00000068-c-1#5679,NA,NA,p.Thr118Gln,0.16754928759576831
urn:mavedb:00000068-c-1#5680,NA,NA,p.Thr118Pro,0.850525148578687
urn:mavedb:00000068-c-1#5681,NA,NA,p.Thr118Asn,0.14656792972129226
urn:mavedb:00000068-c-1#5682,NA,NA,p.Thr118Met,0.3862352913434883
urn:mavedb:00000068-c-1#5683,NA,NA,p.Thr118Leu,-0.15079285649436794
urn:mavedb:00000068-c-1#5684,NA,NA,p.Thr118Lys,0.44770382372799894
urn:mavedb:00000068-c-1#5685,NA,NA,p.Thr118Ile,0.3730004825075186
urn:mavedb:00000068-c-1#5686,NA,NA,p.Thr118His,-1.2276514900790612
urn:mavedb:00000068-c-1#5687,NA,NA,p.Thr118Gly,-0.5545388841889888
urn:mavedb:00000068-c-1#5688,NA,NA,p.Thr118Phe,0.27848506017268754
urn:mavedb:00000068-c-1#5689,NA,NA,p.Thr118Glu,-0.4627171978128865
urn:mavedb:00000068-c-1#5690,NA,NA,p.Thr118Asp,-1.2259670637714308
urn:mavedb:00000068-c-1#5691,NA,NA,p.Thr118Cys,0.3002530038745099
urn:mavedb:00000068-c-1#5692,NA,NA,p.Thr118=,0.2091931371423269
urn:mavedb:00000068-c-1#5693,NA,NA,p.Thr118Ala,0.3682665774316253
urn:mavedb:00000068-c-1#5694,NA,NA,p.Gly117Ter,-1.6345898455800465
urn:mavedb:00000068-c-1#5695,NA,NA,p.Gly117Tyr,0.07494974009391069
urn:mavedb:00000068-c-1#5696,NA,NA,p.Gly117Trp,0.009631786518362143
urn:mavedb:00000068-c-1#5697,NA,NA,p.Gly117Val,0.5016264759695839
urn:mavedb:00000068-c-1#5698,NA,NA,p.Gly117Thr,0.17341832583242034
urn:mavedb:00000068-c-1#5699,NA,NA,p.Gly117Ser,0.2399998337460545
urn:mavedb:00000068-c-1#5700,NA,NA,p.Gly117Arg,-0.050983870145216936
urn:mavedb:00000068-c-1#5701,NA,NA,p.Gly117Gln,0.6304708468356429
urn:mavedb:00000068-c-1#5702,NA,NA,p.Gly117Pro,0.8013584788960626
urn:mavedb:00000068-c-1#5703,NA,NA,p.Gly117Asn,1.448809561537326
urn:mavedb:00000068-c-1#5704,NA,NA,p.Gly117Met,0.6413301442194272
urn:mavedb:00000068-c-1#5705,NA,NA,p.Gly117Leu,-0.10246527383434227
urn:mavedb:00000068-c-1#5706,NA,NA,p.Gly117Lys,-0.4538990549770696
urn:mavedb:00000068-c-1#5707,NA,NA,p.Gly117Ile,0.4525891558142148
urn:mavedb:00000068-c-1#5708,NA,NA,p.Gly117His,0.4240717936418687
urn:mavedb:00000068-c-1#5709,NA,NA,p.Gly117Phe,0.971412589997878
urn:mavedb:00000068-c-1#5710,NA,NA,p.Gly117Glu,0.14378227410510394
urn:mavedb:00000068-c-1#5711,NA,NA,p.Gly117Asp,0.35329051653369525
urn:mavedb:00000068-c-1#5712,NA,NA,p.Gly117Cys,0.9387314318670144
urn:mavedb:00000068-c-1#5713,NA,NA,p.Gly117=,0.4030015544553857
urn:mavedb:00000068-c-1#5714,NA,NA,p.Gly117Ala,-0.15946232090104248
urn:mavedb:00000068-c-1#5715,NA,NA,p.Ser116Ter,-1.8013583801913151
urn:mavedb:00000068-c-1#5716,NA,NA,p.Ser116Tyr,0.5780147760312505
urn:mavedb:00000068-c-1#5717,NA,NA,p.Ser116Trp,0.3283481122062431
urn:mavedb:00000068-c-1#5718,NA,NA,p.Ser116Val,-1.070826224836811
urn:mavedb:00000068-c-1#5719,NA,NA,p.Ser116Thr,0.7190859739758441
urn:mavedb:00000068-c-1#5720,NA,NA,p.Ser116Arg,-0.5648655294914741
urn:mavedb:00000068-c-1#5721,NA,NA,p.Ser116Gln,0.09868090227462566
urn:mavedb:00000068-c-1#5722,NA,NA,p.Ser116Pro,0.6876457692454923
urn:mavedb:00000068-c-1#5723,NA,NA,p.Ser116Asn,0.3451435465254955
urn:mavedb:00000068-c-1#5724,NA,NA,p.Ser116Met,-1.7808531694506524
urn:mavedb:00000068-c-1#5725,NA,NA,p.Ser116Leu,-1.0318029034686382
urn:mavedb:00000068-c-1#5726,NA,NA,p.Ser116Lys,0.3390217771952423
urn:mavedb:00000068-c-1#5727,NA,NA,p.Ser116Ile,-0.05489602661233537
urn:mavedb:00000068-c-1#5728,NA,NA,p.Ser116His,0.9466754785486002
urn:mavedb:00000068-c-1#5729,NA,NA,p.Ser116Gly,0.5912443828719396
urn:mavedb:00000068-c-1#5730,NA,NA,p.Ser116Phe,-0.5218124368211475
urn:mavedb:00000068-c-1#5731,NA,NA,p.Ser116Glu,0.7426454533324216
urn:mavedb:00000068-c-1#5732,NA,NA,p.Ser116Asp,0.5650206692630642
urn:mavedb:00000068-c-1#5733,NA,NA,p.Ser116Cys,0.6760459495141468
urn:mavedb:00000068-c-1#5734,NA,NA,p.Ser116=,0.5922489548978542
urn:mavedb:00000068-c-1#5735,NA,NA,p.Ser116Ala,-0.00194319757240323
urn:mavedb:00000068-c-1#5736,NA,NA,p.His115Ter,-1.087608069489255
urn:mavedb:00000068-c-1#5737,NA,NA,p.His115Tyr,0.8162265986574666
urn:mavedb:00000068-c-1#5738,NA,NA,p.His115Trp,0.6944033397467367
urn:mavedb:00000068-c-1#5739,NA,NA,p.His115Val,0.8333552560913217
urn:mavedb:00000068-c-1#5740,NA,NA,p.His115Thr,-0.2602129227248825
urn:mavedb:00000068-c-1#5741,NA,NA,p.His115Ser,-0.4000476204105835
urn:mavedb:00000068-c-1#5742,NA,NA,p.His115Arg,0.6094759202153299
urn:mavedb:00000068-c-1#5743,NA,NA,p.His115Gln,0.4754443816895784
urn:mavedb:00000068-c-1#5744,NA,NA,p.His115Pro,0.2685818171143253
urn:mavedb:00000068-c-1#5745,NA,NA,p.His115Asn,0.5286522208653504
urn:mavedb:00000068-c-1#5746,NA,NA,p.His115Met,0.8699986685672995
urn:mavedb:00000068-c-1#5747,NA,NA,p.His115Leu,0.2356102876280057
urn:mavedb:00000068-c-1#5748,NA,NA,p.His115Lys,0.9969316955010256
urn:mavedb:00000068-c-1#5749,NA,NA,p.His115Ile,-1.2682878188355453
urn:mavedb:00000068-c-1#5750,NA,NA,p.His115Gly,0.20441542688920386
urn:mavedb:00000068-c-1#5751,NA,NA,p.His115Phe,0.16401691765721646
urn:mavedb:00000068-c-1#5752,NA,NA,p.His115Glu,1.1960187412912984
urn:mavedb:00000068-c-1#5753,NA,NA,p.His115Asp,0.6211239058507195
urn:mavedb:00000068-c-1#5754,NA,NA,p.His115Cys,0.5253466522652285
urn:mavedb:00000068-c-1#5755,NA,NA,p.His115=,0.4819831100632973
urn:mavedb:00000068-c-1#5756,NA,NA,p.His115Ala,-0.8600698540883476
urn:mavedb:00000068-c-1#5757,NA,NA,p.Leu114Ter,-0.009714598421107858
urn:mavedb:00000068-c-1#5758,NA,NA,p.Leu114Tyr,1.142414706584606
urn:mavedb:00000068-c-1#5759,NA,NA,p.Leu114Trp,0.3953718810081056
urn:mavedb:00000068-c-1#5760,NA,NA,p.Leu114Val,0.6560871884599755
urn:mavedb:00000068-c-1#5761,NA,NA,p.Leu114Thr,0.20390581584492792
urn:mavedb:00000068-c-1#5762,NA,NA,p.Leu114Ser,0.4430950240265227
urn:mavedb:00000068-c-1#5763,NA,NA,p.Leu114Arg,0.8484900147010029
urn:mavedb:00000068-c-1#5764,NA,NA,p.Leu114Gln,0.7433088073383993
urn:mavedb:00000068-c-1#5765,NA,NA,p.Leu114Pro,0.30070155909981816
urn:mavedb:00000068-c-1#5766,NA,NA,p.Leu114Asn,-0.3183897438969079
urn:mavedb:00000068-c-1#5767,NA,NA,p.Leu114Met,0.5125137213295646
urn:mavedb:00000068-c-1#5768,NA,NA,p.Leu114Lys,0.6783132802011722
urn:mavedb:00000068-c-1#5769,NA,NA,p.Leu114Ile,0.4675245250778185
urn:mavedb:00000068-c-1#5770,NA,NA,p.Leu114His,1.6727852054502936
urn:mavedb:00000068-c-1#5771,NA,NA,p.Leu114Gly,1.3611167034567648
urn:mavedb:00000068-c-1#5772,NA,NA,p.Leu114Phe,0.2012544387812769
urn:mavedb:00000068-c-1#5773,NA,NA,p.Leu114Glu,1.0528181822965976
urn:mavedb:00000068-c-1#5774,NA,NA,p.Leu114Asp,0.7972247962465527
urn:mavedb:00000068-c-1#5775,NA,NA,p.Leu114Cys,-0.3630348212356224
urn:mavedb:00000068-c-1#5776,NA,NA,p.Leu114=,0.13417731526140486
urn:mavedb:00000068-c-1#5777,NA,NA,p.Leu114Ala,1.9015249149502804
urn:mavedb:00000068-c-1#5778,NA,NA,p.Phe113Ter,-2.1383669386468207
urn:mavedb:00000068-c-1#5779,NA,NA,p.Phe113Tyr,0.7297215795372488
urn:mavedb:00000068-c-1#5780,NA,NA,p.Phe113Trp,0.2446213824611927
urn:mavedb:00000068-c-1#5781,NA,NA,p.Phe113Val,-0.8442818557275823
urn:mavedb:00000068-c-1#5782,NA,NA,p.Phe113Thr,-1.3214178716828913
urn:mavedb:00000068-c-1#5783,NA,NA,p.Phe113Ser,-0.7322082430881951
urn:mavedb:00000068-c-1#5784,NA,NA,p.Phe113Arg,-1.8709688408935896
urn:mavedb:00000068-c-1#5785,NA,NA,p.Phe113Gln,-1.253414826269054
urn:mavedb:00000068-c-1#5786,NA,NA,p.Phe113Pro,-1.0122658575869654
urn:mavedb:00000068-c-1#5787,NA,NA,p.Phe113Asn,-1.1433986073669808
urn:mavedb:00000068-c-1#5788,NA,NA,p.Lys139Cys,0.1550707790177059
urn:mavedb:00000068-c-1#5789,NA,NA,p.Lys139=,0.2386413740299547
urn:mavedb:00000068-c-1#5790,NA,NA,p.Lys139Ala,0.24518745455980254
urn:mavedb:00000068-c-1#5791,NA,NA,p.Ala138Ter,-1.613379823733871
urn:mavedb:00000068-c-1#5792,NA,NA,p.Ala138Tyr,0.815892092603312
urn:mavedb:00000068-c-1#5793,NA,NA,p.Ala138Trp,0.32286423896637023
urn:mavedb:00000068-c-1#5794,NA,NA,p.Ala138Val,-0.4460043256894312
urn:mavedb:00000068-c-1#5795,NA,NA,p.Ala138Thr,0.5704045282579617
urn:mavedb:00000068-c-1#5796,NA,NA,p.Ala138Ser,0.1879292716237246
urn:mavedb:00000068-c-1#5797,NA,NA,p.Ala138Arg,0.28149660498298545
urn:mavedb:00000068-c-1#5798,NA,NA,p.Ala138Gln,0.4418164113217761
urn:mavedb:00000068-c-1#5799,NA,NA,p.Phe113Met,-0.4245390424960529
urn:mavedb:00000068-c-1#5800,NA,NA,p.Phe113Leu,0.2698960466030242
urn:mavedb:00000068-c-1#5801,NA,NA,p.Phe113Lys,-1.362298937820232
urn:mavedb:00000068-c-1#5802,NA,NA,p.Phe113Ile,0.07120003128768816
urn:mavedb:00000068-c-1#5803,NA,NA,p.Phe113His,0.4227978176807359
urn:mavedb:00000068-c-1#5804,NA,NA,p.Phe113Gly,-2.3419366768511014
urn:mavedb:00000068-c-1#5805,NA,NA,p.Phe113Glu,-1.6590743003864319
urn:mavedb:00000068-c-1#5806,NA,NA,p.Phe113Asp,-2.5255052225909136
urn:mavedb:00000068-c-1#5807,NA,NA,p.Phe113Cys,-1.2033039079294825
urn:mavedb:00000068-c-1#5808,NA,NA,p.Phe113=,0.2578061556376716
urn:mavedb:00000068-c-1#5809,NA,NA,p.Phe113Ala,-1.5495322030769598
urn:mavedb:00000068-c-1#5810,NA,NA,p.Gly112Ter,-0.8546693787623181
urn:mavedb:00000068-c-1#5811,NA,NA,p.Gly112Tyr,0.06916817702995011
urn:mavedb:00000068-c-1#5812,NA,NA,p.Gly112Trp,-1.834856551994488
urn:mavedb:00000068-c-1#5813,NA,NA,p.Gly112Val,0.4668028343830265
urn:mavedb:00000068-c-1#5814,NA,NA,p.Gly112Thr,0.3902666738172084
urn:mavedb:00000068-c-1#5815,NA,NA,p.Gly112Ser,0.5823978842524203
urn:mavedb:00000068-c-1#5816,NA,NA,p.Gly112Arg,0.5568024863494669
urn:mavedb:00000068-c-1#5817,NA,NA,p.Gly112Gln,1.098652617897371
urn:mavedb:00000068-c-1#5818,NA,NA,p.Gly112Pro,-1.9982821674960043
urn:mavedb:00000068-c-1#5819,NA,NA,p.Gly112Asn,1.152055352583658
urn:mavedb:00000068-c-1#5820,NA,NA,p.Gly112Met,-0.2793992202606564
urn:mavedb:00000068-c-1#5821,NA,NA,p.Gly112Leu,-0.2684642580822783
urn:mavedb:00000068-c-1#5822,NA,NA,p.Gly112Lys,0.8407263033754933
urn:mavedb:00000068-c-1#5823,NA,NA,p.Gly112Ile,-0.8101566969280257
urn:mavedb:00000068-c-1#5824,NA,NA,p.Gly112His,-0.09977751221010378
urn:mavedb:00000068-c-1#5825,NA,NA,p.Arg110Phe,-0.9202680055335806
urn:mavedb:00000068-c-1#5826,NA,NA,p.Arg110Glu,0.2377169013504129
urn:mavedb:00000068-c-1#5827,NA,NA,p.Arg110Asp,-1.4730608288722673
urn:mavedb:00000068-c-1#5828,NA,NA,p.Arg110Cys,0.3237677647947724
urn:mavedb:00000068-c-1#5829,NA,NA,p.Arg110=,0.362371098378424
urn:mavedb:00000068-c-1#5830,NA,NA,p.Arg110Ala,0.1878657895486848
urn:mavedb:00000068-c-1#5831,NA,NA,p.Phe109Ter,-1.9410470970300135
urn:mavedb:00000068-c-1#5832,NA,NA,p.Phe109Tyr,-0.6689052026450969
urn:mavedb:00000068-c-1#5833,NA,NA,p.Phe109Trp,-0.8322187587417206
urn:mavedb:00000068-c-1#5834,NA,NA,p.Phe109Val,-0.9712399260179068
urn:mavedb:00000068-c-1#5835,NA,NA,p.Phe109Thr,-2.8947538004479463
urn:mavedb:00000068-c-1#5836,NA,NA,p.Phe109Ser,-0.7261990834011822
urn:mavedb:00000068-c-1#5837,NA,NA,p.Phe109Arg,-2.589738371158953
urn:mavedb:00000068-c-1#5838,NA,NA,p.Phe109Gln,-1.1796887437872063
urn:mavedb:00000068-c-1#5839,NA,NA,p.Phe109Pro,-1.3993075174743674
urn:mavedb:00000068-c-1#5840,NA,NA,p.Phe109Asn,-2.0889025123658183
urn:mavedb:00000068-c-1#5841,NA,NA,p.Phe109Met,0.7949203643001561
urn:mavedb:00000068-c-1#5842,NA,NA,p.Phe109Leu,0.3216141549414856
urn:mavedb:00000068-c-1#5843,NA,NA,p.Phe109Lys,-2.4093261501343655
urn:mavedb:00000068-c-1#5844,NA,NA,p.Phe109Ile,-0.5765662133583807
urn:mavedb:00000068-c-1#5845,NA,NA,p.Phe109His,-1.9626907788825607
urn:mavedb:00000068-c-1#5846,NA,NA,p.Phe109Gly,-0.7330535236895407
urn:mavedb:00000068-c-1#5847,NA,NA,p.Phe109Glu,-2.060143049471748
urn:mavedb:00000068-c-1#5848,NA,NA,p.Phe109Asp,-2.998811418448156
urn:mavedb:00000068-c-1#5849,NA,NA,p.Phe109Cys,-1.0986309023626235
urn:mavedb:00000068-c-1#5850,NA,NA,p.Phe109=,0.02185563299771939
urn:mavedb:00000068-c-1#5851,NA,NA,p.Phe109Ala,-1.8434788058246587
urn:mavedb:00000068-c-1#5852,NA,NA,p.Gly108Ter,-1.003895125403472
urn:mavedb:00000068-c-1#5853,NA,NA,p.Gly108Tyr,0.10695297431338027
urn:mavedb:00000068-c-1#5854,NA,NA,p.Gly108Trp,-1.195616636715069
urn:mavedb:00000068-c-1#5855,NA,NA,p.Gly108Val,0.5583255864899735
urn:mavedb:00000068-c-1#5856,NA,NA,p.Gly108Thr,0.26083722994066866
urn:mavedb:00000068-c-1#5857,NA,NA,p.Gly108Ser,0.4267623090132041
urn:mavedb:00000068-c-1#5858,NA,NA,p.Gly108Arg,-0.7049567898062375
urn:mavedb:00000068-c-1#5859,NA,NA,p.Gly108Gln,1.154206258007746
urn:mavedb:00000068-c-1#5860,NA,NA,p.Gly108Pro,-1.832902604519875
urn:mavedb:00000068-c-1#5861,NA,NA,p.Gly108Asn,0.4678868620653086
urn:mavedb:00000068-c-1#5862,NA,NA,p.Gly108Met,0.58648639085515
urn:mavedb:00000068-c-1#5863,NA,NA,p.Gly108Leu,-0.5771088644043085
urn:mavedb:00000068-c-1#5864,NA,NA,p.Gly108Lys,0.6147011169525934
urn:mavedb:00000068-c-1#5865,NA,NA,p.Gly108Ile,0.9368647674575348
urn:mavedb:00000068-c-1#5866,NA,NA,p.Gly108His,0.8961603572799198
urn:mavedb:00000068-c-1#5867,NA,NA,p.Gly108Phe,0.9762314378762842
urn:mavedb:00000068-c-1#5868,NA,NA,p.Gly108Glu,-0.38425497357587546
urn:mavedb:00000068-c-1#5869,NA,NA,p.Gly108Asp,0.26745188204585
urn:mavedb:00000068-c-1#5870,NA,NA,p.Gly108Cys,0.577200394570157
urn:mavedb:00000068-c-1#5871,NA,NA,p.Gly108=,0.5650431550301935
urn:mavedb:00000068-c-1#5872,NA,NA,p.Gly108Ala,1.0280237849085982
urn:mavedb:00000068-c-1#5873,NA,NA,p.Tyr107Ter,0.2194424276303243
urn:mavedb:00000068-c-1#5874,NA,NA,p.Tyr107Trp,0.8880494356810712
urn:mavedb:00000068-c-1#5875,NA,NA,p.Tyr107Val,0.5771355305169846
urn:mavedb:00000068-c-1#5876,NA,NA,p.Tyr107Thr,-0.1424716034483167
urn:mavedb:00000068-c-1#5877,NA,NA,p.Tyr107Ser,0.08635965139795769
urn:mavedb:00000068-c-1#5878,NA,NA,p.Tyr107Arg,-1.7435915663242
urn:mavedb:00000068-c-1#5879,NA,NA,p.Tyr107Gln,-2.343724942342797
urn:mavedb:00000068-c-1#5880,NA,NA,p.Tyr107Pro,-1.438948134689366
urn:mavedb:00000068-c-1#5881,NA,NA,p.Tyr107Asn,-0.028184290013788933
urn:mavedb:00000068-c-1#5882,NA,NA,p.Tyr107Met,-0.3146179808407757
urn:mavedb:00000068-c-1#5883,NA,NA,p.Tyr107Leu,-0.3704588767387306
urn:mavedb:00000068-c-1#5884,NA,NA,p.Tyr107Lys,-0.4689126820033067
urn:mavedb:00000068-c-1#5885,NA,NA,p.Tyr107Ile,0.920397441366562
urn:mavedb:00000068-c-1#5886,NA,NA,p.Tyr107His,0.5453693063685265
urn:mavedb:00000068-c-1#5887,NA,NA,p.Tyr107Gly,-1.7405713277202015
urn:mavedb:00000068-c-1#5888,NA,NA,p.Tyr107Phe,0.513539799714923
urn:mavedb:00000068-c-1#5889,NA,NA,p.Tyr107Glu,-1.0122764070009065
urn:mavedb:00000068-c-1#5890,NA,NA,p.Tyr107Asp,-0.4535811077058749
urn:mavedb:00000068-c-1#5891,NA,NA,p.Tyr107Cys,-0.2728638714430485
urn:mavedb:00000068-c-1#5892,NA,NA,p.Tyr107=,0.7582902286378305
urn:mavedb:00000068-c-1#5893,NA,NA,p.Tyr107Ala,-0.8104796469308652
urn:mavedb:00000068-c-1#5894,NA,NA,p.Ser106Ter,-1.1989826224555344
urn:mavedb:00000068-c-1#5895,NA,NA,p.Ser106Tyr,-0.06090137494367134
urn:mavedb:00000068-c-1#5896,NA,NA,p.Ser106Trp,0.4680142603911888
urn:mavedb:00000068-c-1#5897,NA,NA,p.Ser106Val,0.6752664462716932
urn:mavedb:00000068-c-1#5898,NA,NA,p.Ser106Thr,0.13135295474234068
urn:mavedb:00000068-c-1#5899,NA,NA,p.Ser106Arg,0.7577317564068402
urn:mavedb:00000068-c-1#5900,NA,NA,p.Ser106Gln,-0.9611047892867846
urn:mavedb:00000068-c-1#5901,NA,NA,p.Ser106Pro,-0.199685997867702
urn:mavedb:00000068-c-1#5902,NA,NA,p.Ser106Asn,0.6878122056644499
urn:mavedb:00000068-c-1#5903,NA,NA,p.Ser106Met,1.0129233308637031
urn:mavedb:00000068-c-1#5904,NA,NA,p.Ser106Leu,0.6940040528016472
urn:mavedb:00000068-c-1#5905,NA,NA,p.Ser106Lys,-0.4089407051336483
urn:mavedb:00000068-c-1#5906,NA,NA,p.Ser106Ile,0.3811484044618347
urn:mavedb:00000068-c-1#5907,NA,NA,p.Ser106His,-0.4529793312939969
urn:mavedb:00000068-c-1#5908,NA,NA,p.Ser106Gly,0.3247565021679868
urn:mavedb:00000068-c-1#5909,NA,NA,p.Ser106Phe,0.4234739929674001
urn:mavedb:00000068-c-1#5910,NA,NA,p.Ser106Glu,-0.13831212734801188
urn:mavedb:00000068-c-1#5911,NA,NA,p.Ser106Asp,-0.21176989416824055
urn:mavedb:00000068-c-1#5912,NA,NA,p.Ser106Cys,0.750504869298387
urn:mavedb:00000068-c-1#5913,NA,NA,p.Ser106=,0.385289424795238
urn:mavedb:00000068-c-1#5914,NA,NA,p.Ser106Ala,-0.4693417781781731
urn:mavedb:00000068-c-1#5915,NA,NA,p.Gly105Ter,-2.4427113031948675
urn:mavedb:00000068-c-1#5916,NA,NA,p.Gly105Tyr,-2.8540356044364716
urn:mavedb:00000068-c-1#5917,NA,NA,p.Gly105Trp,-1.8959717326349976
urn:mavedb:00000068-c-1#5918,NA,NA,p.Gly105Val,0.16238656826461498
urn:mavedb:00000068-c-1#5919,NA,NA,p.Gly105Thr,-0.05370382192261575
urn:mavedb:00000068-c-1#5920,NA,NA,p.Gly105Ser,0.014440427969515043
urn:mavedb:00000068-c-1#5921,NA,NA,p.Gly105Arg,-1.0874220755288162
urn:mavedb:00000068-c-1#5922,NA,NA,p.Gly105Gln,-1.3136058482095812
urn:mavedb:00000068-c-1#5923,NA,NA,p.Gly105Pro,-1.5749196774261085
urn:mavedb:00000068-c-1#5924,NA,NA,p.Gly105Asn,0.2214234498059016
urn:mavedb:00000068-c-1#5925,NA,NA,p.Gly105Met,-1.0148392413189196
urn:mavedb:00000068-c-1#5926,NA,NA,p.Gly105Leu,-1.9295997378917296
urn:mavedb:00000068-c-1#5927,NA,NA,p.Gly105Lys,-2.53549226622458
urn:mavedb:00000068-c-1#5928,NA,NA,p.Gly105Ile,-1.407632358113932
urn:mavedb:00000068-c-1#5929,NA,NA,p.Gly105His,-1.8038546782256133
urn:mavedb:00000068-c-1#5930,NA,NA,p.Gly105Phe,-1.6613987744409249
urn:mavedb:00000068-c-1#5931,NA,NA,p.Gly105Glu,-1.4136011568283262
urn:mavedb:00000068-c-1#5932,NA,NA,p.Gly105Asp,-0.29406540752881466
urn:mavedb:00000068-c-1#5933,NA,NA,p.Gly105Cys,-0.08474979133538542
urn:mavedb:00000068-c-1#5934,NA,NA,p.Gly105=,0.2655399576589504
urn:mavedb:00000068-c-1#5935,NA,NA,p.Gly105Ala,-0.8012460556473383
urn:mavedb:00000068-c-1#5936,NA,NA,p.Gln104Ter,-0.4824166908278498
urn:mavedb:00000068-c-1#5937,NA,NA,p.Gln104Tyr,1.830376173093548
urn:mavedb:00000068-c-1#5938,NA,NA,p.Gln104Trp,1.1732787049773985
urn:mavedb:00000068-c-1#5939,NA,NA,p.Gln104Val,0.3827819807243052
urn:mavedb:00000068-c-1#5940,NA,NA,p.Gln104Thr,0.7433764989949188
urn:mavedb:00000068-c-1#5941,NA,NA,p.Gln104Ser,0.11614048574806758
urn:mavedb:00000068-c-1#5942,NA,NA,p.Gln104Arg,-0.09733270810496787
urn:mavedb:00000068-c-1#5943,NA,NA,p.Gln104Pro,-0.05089977483696016
urn:mavedb:00000068-c-1#5944,NA,NA,p.Gln104Asn,1.8129055860027576
urn:mavedb:00000068-c-1#5945,NA,NA,p.Gln104Met,0.7310213759384718
urn:mavedb:00000068-c-1#5946,NA,NA,p.Gln104Leu,0.6780273416741839
urn:mavedb:00000068-c-1#5947,NA,NA,p.Gln104Lys,0.5420434707960602
urn:mavedb:00000068-c-1#5948,NA,NA,p.Gln104Ile,0.7963495566666593
urn:mavedb:00000068-c-1#5949,NA,NA,p.Gln104His,0.6914021711269641
urn:mavedb:00000068-c-1#5950,NA,NA,p.Gln104Gly,0.16695704641982906
urn:mavedb:00000068-c-1#5951,NA,NA,p.Gln104Phe,0.9089126888679956
urn:mavedb:00000068-c-1#5952,NA,NA,p.Gln104Glu,0.7397922425724043
urn:mavedb:00000068-c-1#5953,NA,NA,p.Gln104Asp,0.2536464931648424
urn:mavedb:00000068-c-1#5954,NA,NA,p.Gln104Cys,1.0906459321155928
urn:mavedb:00000068-c-1#5955,NA,NA,p.Gln104=,0.2367426799015493
urn:mavedb:00000068-c-1#5956,NA,NA,p.Gln104Ala,0.3874627866511775
urn:mavedb:00000068-c-1#5957,NA,NA,p.Tyr103Ter,0.2498808348662293
urn:mavedb:00000068-c-1#5958,NA,NA,p.Tyr103Trp,-0.6275318409451807
urn:mavedb:00000068-c-1#5959,NA,NA,p.Tyr103Val,0.5540340296620911
urn:mavedb:00000068-c-1#5960,NA,NA,p.Tyr103Thr,-0.7087356117319015
urn:mavedb:00000068-c-1#5961,NA,NA,p.Tyr103Ser,0.3959432789339162
urn:mavedb:00000068-c-1#5962,NA,NA,p.Tyr103Arg,0.9296104404503718
urn:mavedb:00000068-c-1#5963,NA,NA,p.Tyr103Gln,0.7508117045806084
urn:mavedb:00000068-c-1#5964,NA,NA,p.Tyr103Pro,-1.0259076235556066
urn:mavedb:00000068-c-1#5965,NA,NA,p.Tyr103Asn,0.3067794936003139
urn:mavedb:00000068-c-1#5966,NA,NA,p.Tyr103Met,-0.3856337471809864
urn:mavedb:00000068-c-1#5967,NA,NA,p.Tyr103Leu,-0.8631928995940265
urn:mavedb:00000068-c-1#5968,NA,NA,p.Tyr103Lys,0.4888290559608932
urn:mavedb:00000068-c-1#5969,NA,NA,p.Tyr103Ile,0.06546466349626494
urn:mavedb:00000068-c-1#5970,NA,NA,p.Tyr103His,0.4985593874232594
urn:mavedb:00000068-c-1#5971,NA,NA,p.Tyr103Gly,-0.11113407978452504
urn:mavedb:00000068-c-1#5972,NA,NA,p.Tyr103Phe,0.9171489678771416
urn:mavedb:00000068-c-1#5973,NA,NA,p.Tyr103Glu,0.5033336010254229
urn:mavedb:00000068-c-1#5974,NA,NA,p.Tyr103Asp,0.5641618230017406
urn:mavedb:00000068-c-1#5975,NA,NA,p.Tyr103Cys,0.14020251217808855
urn:mavedb:00000068-c-1#5976,NA,NA,p.Tyr103=,0.7875152260460816
urn:mavedb:00000068-c-1#5977,NA,NA,p.Tyr103Ala,0.8199861905988871
urn:mavedb:00000068-c-1#5978,NA,NA,p.Thr102Ter,-2.034931395458646
urn:mavedb:00000068-c-1#5979,NA,NA,p.Thr102Tyr,0.4796307615588745
urn:mavedb:00000068-c-1#5980,NA,NA,p.Thr102Trp,0.7396931752844256
urn:mavedb:00000068-c-1#5981,NA,NA,p.Thr102Val,0.11244065944535864
urn:mavedb:00000068-c-1#5982,NA,NA,p.Thr102Ser,0.18467931750340646
urn:mavedb:00000068-c-1#5983,NA,NA,p.Thr102Arg,0.02028223970726858
urn:mavedb:00000068-c-1#5984,NA,NA,p.Thr102Gln,0.968780791439958
urn:mavedb:00000068-c-1#5985,NA,NA,p.Thr102Pro,0.40871891225241336
urn:mavedb:00000068-c-1#5986,NA,NA,p.Thr102Asn,0.3234479474958969
urn:mavedb:00000068-c-1#5987,NA,NA,p.Thr102Met,0.3032757909503463
urn:mavedb:00000068-c-1#5988,NA,NA,p.Thr102Leu,0.33279168738568793
urn:mavedb:00000068-c-1#5989,NA,NA,p.Thr102Lys,-0.1770866411546674
urn:mavedb:00000068-c-1#5990,NA,NA,p.Thr102Ile,0.8526733317658783
urn:mavedb:00000068-c-1#5991,NA,NA,p.Thr102His,0.39192201654006775
urn:mavedb:00000068-c-1#5992,NA,NA,p.Thr102Gly,0.8059863549203145
urn:mavedb:00000068-c-1#5993,NA,NA,p.Thr102Phe,1.1639970508706854
urn:mavedb:00000068-c-1#5994,NA,NA,p.Thr102Glu,0.9015309122604296
urn:mavedb:00000068-c-1#5995,NA,NA,p.Thr102Asp,-0.10043251515139626
urn:mavedb:00000068-c-1#5996,NA,NA,p.Thr102Cys,1.3342696926427182
urn:mavedb:00000068-c-1#5997,NA,NA,p.Thr102=,0.4244427203498977
urn:mavedb:00000068-c-1#5998,NA,NA,p.Thr102Ala,-0.09929256947764167
urn:mavedb:00000068-c-1#5999,NA,NA,p.Lys101Ter,-1.0195468419743414
urn:mavedb:00000068-c-1#6000,NA,NA,p.Lys101Tyr,0.8738180321116658
urn:mavedb:00000068-c-1#6001,NA,NA,p.Lys101Trp,0.8726807522279962
urn:mavedb:00000068-c-1#6002,NA,NA,p.Lys101Val,0.2918150319137934
urn:mavedb:00000068-c-1#6003,NA,NA,p.Lys101Thr,0.8272346985010252
urn:mavedb:00000068-c-1#6004,NA,NA,p.Lys101Ser,0.5997498056135327
urn:mavedb:00000068-c-1#6005,NA,NA,p.Lys101Arg,-0.35345601719164993
urn:mavedb:00000068-c-1#6006,NA,NA,p.Lys101Gln,0.3225342145868038
urn:mavedb:00000068-c-1#6007,NA,NA,p.Lys101Pro,0.6197574138762652
urn:mavedb:00000068-c-1#6008,NA,NA,p.Lys101Asn,0.5506525829500891
urn:mavedb:00000068-c-1#6009,NA,NA,p.Lys101Met,0.8741741802150143
urn:mavedb:00000068-c-1#6010,NA,NA,p.Lys101Leu,0.4789005692161108
urn:mavedb:00000068-c-1#6011,NA,NA,p.Lys101Ile,0.5835133544287867
urn:mavedb:00000068-c-1#6012,NA,NA,p.Lys101His,0.2079860266730446
urn:mavedb:00000068-c-1#6013,NA,NA,p.Lys101Gly,-0.3495398223662485
urn:mavedb:00000068-c-1#6014,NA,NA,p.Lys101Phe,-0.009554691619365877
urn:mavedb:00000068-c-1#6015,NA,NA,p.Pro128Phe,0.044463534363996735
urn:mavedb:00000068-c-1#6016,NA,NA,p.Pro128Glu,0.626148185727802
urn:mavedb:00000068-c-1#6017,NA,NA,p.Pro128Asp,0.5875979804758958
urn:mavedb:00000068-c-1#6018,NA,NA,p.Pro128Cys,-0.019959331220609403
urn:mavedb:00000068-c-1#6019,NA,NA,p.Pro128=,-0.6095195750995611
urn:mavedb:00000068-c-1#6020,NA,NA,p.Pro128Ala,-0.04547053113057028
urn:mavedb:00000068-c-1#6021,NA,NA,p.Ser127Ter,-2.0633263234471677
urn:mavedb:00000068-c-1#6022,NA,NA,p.Ser127Tyr,-0.20023629311133914
urn:mavedb:00000068-c-1#6023,NA,NA,p.Ser127Trp,-1.272322061341565
urn:mavedb:00000068-c-1#6024,NA,NA,p.Ser127Val,-1.3452929551867785
urn:mavedb:00000068-c-1#6025,NA,NA,p.Ser127Thr,-1.2221603301274373
urn:mavedb:00000068-c-1#6026,NA,NA,p.Ser127Arg,-1.9117725562528216
urn:mavedb:00000068-c-1#6027,NA,NA,p.Ser127Gln,-1.418132612983226
urn:mavedb:00000068-c-1#6028,NA,NA,p.Ser127Pro,-1.1611414242684046
urn:mavedb:00000068-c-1#6029,NA,NA,p.Ser127Asn,-1.3904939493699695
urn:mavedb:00000068-c-1#6030,NA,NA,p.Ser127Met,-2.1504645177742456
urn:mavedb:00000068-c-1#6031,NA,NA,p.Ser127Leu,-1.7547892904352351
urn:mavedb:00000068-c-1#6032,NA,NA,p.Ser127Lys,-1.5502975047512924
urn:mavedb:00000068-c-1#6033,NA,NA,p.Ser127Ile,-2.447104497173245
urn:mavedb:00000068-c-1#6034,NA,NA,p.Ser127His,-1.693710870292113
urn:mavedb:00000068-c-1#6035,NA,NA,p.Ser127Gly,-2.3098794301937917
urn:mavedb:00000068-c-1#6036,NA,NA,p.Ser127Phe,-1.274568598875202
urn:mavedb:00000068-c-1#6037,NA,NA,p.Ser127Glu,-1.9450044372904272
urn:mavedb:00000068-c-1#6038,NA,NA,p.Ser127Asp,-1.7820142057736306
urn:mavedb:00000068-c-1#6039,NA,NA,p.Ser127Cys,-0.7972754658116535
urn:mavedb:00000068-c-1#6040,NA,NA,p.Ser127=,0.3741160574014524
urn:mavedb:00000068-c-1#6041,NA,NA,p.Ser127Ala,0.4576072471268848
urn:mavedb:00000068-c-1#6042,NA,NA,p.Tyr126Ter,-0.10879939586145172
urn:mavedb:00000068-c-1#6043,NA,NA,p.Tyr126Trp,0.4001324503603456
urn:mavedb:00000068-c-1#6044,NA,NA,p.Tyr126Val,-1.7738102281866877
urn:mavedb:00000068-c-1#6045,NA,NA,p.Tyr126Thr,-1.6402967277636684
urn:mavedb:00000068-c-1#6046,NA,NA,p.Tyr126Ser,-1.2253856522135285
urn:mavedb:00000068-c-1#6047,NA,NA,p.Tyr126Arg,-1.855230555588667
urn:mavedb:00000068-c-1#6048,NA,NA,p.Tyr126Gln,-1.5629766975673165
urn:mavedb:00000068-c-1#6049,NA,NA,p.Tyr126Pro,-2.3805333884861817
urn:mavedb:00000068-c-1#6050,NA,NA,p.Tyr126Asn,-0.5668415363015681
urn:mavedb:00000068-c-1#6051,NA,NA,p.Tyr126Met,-1.291122337411598
urn:mavedb:00000068-c-1#6052,NA,NA,p.Tyr126Leu,-1.516075485907501
urn:mavedb:00000068-c-1#6053,NA,NA,p.Tyr126Lys,-1.96764149152752
urn:mavedb:00000068-c-1#6054,NA,NA,p.Tyr126Ile,-1.4062930239882518
urn:mavedb:00000068-c-1#6055,NA,NA,p.Tyr126His,-0.762308559287138
urn:mavedb:00000068-c-1#6056,NA,NA,p.Tyr126Gly,-1.2211173887555695
urn:mavedb:00000068-c-1#6057,NA,NA,p.Tyr126Phe,-0.1903856908147772
urn:mavedb:00000068-c-1#6058,NA,NA,p.Tyr126Glu,-2.2166476927410916
urn:mavedb:00000068-c-1#6059,NA,NA,p.Tyr126Asp,-1.0361757468717945
urn:mavedb:00000068-c-1#6060,NA,NA,p.Tyr126Cys,-1.212197001285098
urn:mavedb:00000068-c-1#6061,NA,NA,p.Tyr126=,-0.16810159294144605
urn:mavedb:00000068-c-1#6062,NA,NA,p.Tyr126Ala,-1.3575641015461286
urn:mavedb:00000068-c-1#6063,NA,NA,p.Thr125Ter,-1.1951591208025134
urn:mavedb:00000068-c-1#6064,NA,NA,p.Thr125Tyr,-1.6082178249945835
urn:mavedb:00000068-c-1#6065,NA,NA,p.Thr125Trp,-1.7819525656716932
urn:mavedb:00000068-c-1#6066,NA,NA,p.Thr125Val,-0.09634414624231356
urn:mavedb:00000068-c-1#6067,NA,NA,p.Thr125Ser,0.2574863866728153
urn:mavedb:00000068-c-1#6068,NA,NA,p.Thr125Arg,-1.7752387463843526
urn:mavedb:00000068-c-1#6069,NA,NA,p.Thr125Gln,-0.6716410401788033
urn:mavedb:00000068-c-1#6070,NA,NA,p.Thr125Pro,-1.1901615522629148
urn:mavedb:00000068-c-1#6071,NA,NA,p.Thr125Asn,-0.405246279206931
urn:mavedb:00000068-c-1#6072,NA,NA,p.Thr125Met,0.2671641968579232
urn:mavedb:00000068-c-1#6073,NA,NA,p.Thr125Leu,0.21750258939898087
urn:mavedb:00000068-c-1#6074,NA,NA,p.Thr125Lys,-0.3316245767782397
urn:mavedb:00000068-c-1#6075,NA,NA,p.Thr125Ile,0.3767492277094425
urn:mavedb:00000068-c-1#6076,NA,NA,p.Thr125His,-0.5193564172261932
urn:mavedb:00000068-c-1#6077,NA,NA,p.Thr125Gly,-1.6190315464953358
urn:mavedb:00000068-c-1#6078,NA,NA,p.Thr125Phe,-1.7989429941997013
urn:mavedb:00000068-c-1#6079,NA,NA,p.Thr125Glu,-0.1253600081988185
urn:mavedb:00000068-c-1#6080,NA,NA,p.Thr125Asp,-0.9470884243937058
urn:mavedb:00000068-c-1#6081,NA,NA,p.Thr125Cys,-0.1445381151262605
urn:mavedb:00000068-c-1#6082,NA,NA,p.Thr125=,0.3097654825706702
urn:mavedb:00000068-c-1#6083,NA,NA,p.Thr125Ala,0.1416960832764846
urn:mavedb:00000068-c-1#6084,NA,NA,p.Cys124Ter,0.03407151795566234
urn:mavedb:00000068-c-1#6085,NA,NA,p.Cys124Tyr,0.40987671175407053
urn:mavedb:00000068-c-1#6086,NA,NA,p.Cys124Trp,0.15057738224296133
urn:mavedb:00000068-c-1#6087,NA,NA,p.Cys124Val,0.5127216810695301
urn:mavedb:00000068-c-1#6088,NA,NA,p.Cys124Thr,0.40242448146578375
urn:mavedb:00000068-c-1#6089,NA,NA,p.Cys124Ser,0.017753384291078426
urn:mavedb:00000068-c-1#6090,NA,NA,p.Cys124Arg,-0.9081721185122146
urn:mavedb:00000068-c-1#6091,NA,NA,p.Cys124Gln,0.3002865525114602
urn:mavedb:00000068-c-1#6092,NA,NA,p.Cys124Pro,-1.5728327003194666
urn:mavedb:00000068-c-1#6093,NA,NA,p.Cys124Asn,0.21686239411260685
urn:mavedb:00000068-c-1#6094,NA,NA,p.Cys124Met,0.018481823768248404
urn:mavedb:00000068-c-1#6095,NA,NA,p.Cys124Leu,-1.33874838619689
urn:mavedb:00000068-c-1#6096,NA,NA,p.Cys124Lys,-1.945177150477351
urn:mavedb:00000068-c-1#6097,NA,NA,p.Cys124Ile,-1.4073680861640123
urn:mavedb:00000068-c-1#6098,NA,NA,p.Cys124His,0.4192564121031652
urn:mavedb:00000068-c-1#6099,NA,NA,p.Cys124Gly,-1.0028825075855134
urn:mavedb:00000068-c-1#6100,NA,NA,p.Cys124Phe,0.01237097049647189
urn:mavedb:00000068-c-1#6101,NA,NA,p.Cys124Glu,-1.3139476176366092
urn:mavedb:00000068-c-1#6102,NA,NA,p.Cys124Asp,-1.2752830815394196
urn:mavedb:00000068-c-1#6103,NA,NA,p.Cys124=,0.7435858870369788
urn:mavedb:00000068-c-1#6104,NA,NA,p.Cys124Ala,-0.6771957008504049
urn:mavedb:00000068-c-1#6105,NA,NA,p.Thr123Ter,-1.8305469146970528
urn:mavedb:00000068-c-1#6106,NA,NA,p.Thr123Tyr,0.4350400063820433
urn:mavedb:00000068-c-1#6107,NA,NA,p.Thr123Trp,0.14209261529791778
urn:mavedb:00000068-c-1#6108,NA,NA,p.Thr123Val,-0.028352134297886643
urn:mavedb:00000068-c-1#6109,NA,NA,p.Thr123Ser,0.4231659119033329
urn:mavedb:00000068-c-1#6110,NA,NA,p.Thr123Arg,-0.6303514005511585
urn:mavedb:00000068-c-1#6111,NA,NA,p.Thr123Gln,0.13522868797645393
urn:mavedb:00000068-c-1#6112,NA,NA,p.Thr123Pro,-0.6243595823546267
urn:mavedb:00000068-c-1#6113,NA,NA,p.Thr123Asn,0.3758283281528652
urn:mavedb:00000068-c-1#6114,NA,NA,p.Thr123Met,0.7443658206534778
urn:mavedb:00000068-c-1#6115,NA,NA,p.Thr123Leu,-0.008018946857027805
urn:mavedb:00000068-c-1#6116,NA,NA,p.Thr123Lys,0.16120304120710127
urn:mavedb:00000068-c-1#6117,NA,NA,p.Thr123Ile,0.0830282712766692
urn:mavedb:00000068-c-1#6118,NA,NA,p.Thr123His,-0.5904110438647645
urn:mavedb:00000068-c-1#6119,NA,NA,p.Thr123Gly,-0.10832704535348807
urn:mavedb:00000068-c-1#6120,NA,NA,p.Thr123Phe,0.6810485653896603
urn:mavedb:00000068-c-1#6121,NA,NA,p.Thr123Glu,-0.0008153274939768786
urn:mavedb:00000068-c-1#6122,NA,NA,p.Thr123Asp,-0.648020249485974
urn:mavedb:00000068-c-1#6123,NA,NA,p.Thr123Cys,-0.10049246796799656
urn:mavedb:00000068-c-1#6124,NA,NA,p.Thr123=,0.32537479744524217
urn:mavedb:00000068-c-1#6125,NA,NA,p.Thr123Ala,-0.2752154978997283
urn:mavedb:00000068-c-1#6126,NA,NA,p.Val122Ter,-1.429599326840785
urn:mavedb:00000068-c-1#6127,NA,NA,p.Val122Tyr,0.3809587055049645
urn:mavedb:00000068-c-1#6128,NA,NA,p.Val122Trp,0.3623741021133496
urn:mavedb:00000068-c-1#6129,NA,NA,p.Val122Thr,-0.4811912854691601
urn:mavedb:00000068-c-1#6130,NA,NA,p.Val122Ser,0.42477185668696216
urn:mavedb:00000068-c-1#6131,NA,NA,p.Val122Arg,0.029902531577583363
urn:mavedb:00000068-c-1#6132,NA,NA,p.Val122Gln,0.40287715368890775
urn:mavedb:00000068-c-1#6133,NA,NA,p.Val122Pro,-0.8645054516886017
urn:mavedb:00000068-c-1#6134,NA,NA,p.Val122Asn,-0.4573702944373509
urn:mavedb:00000068-c-1#6135,NA,NA,p.Lys101Glu,-0.3830850256291886
urn:mavedb:00000068-c-1#6136,NA,NA,p.Lys101Asp,0.3262653164627255
urn:mavedb:00000068-c-1#6137,NA,NA,p.Lys101Cys,1.132830543014959
urn:mavedb:00000068-c-1#6138,NA,NA,p.Lys101=,-0.2960314199111516
urn:mavedb:00000068-c-1#6139,NA,NA,p.Lys101Ala,0.1514950747861575
urn:mavedb:00000068-c-1#6140,NA,NA,p.Gln100Ter,-0.3522263041633532
urn:mavedb:00000068-c-1#6141,NA,NA,p.Gln100Tyr,1.0405580569794617
urn:mavedb:00000068-c-1#6142,NA,NA,p.Gln100Trp,0.5924479678639202
urn:mavedb:00000068-c-1#6143,NA,NA,p.Gln100Val,0.8269942863644261
urn:mavedb:00000068-c-1#6144,NA,NA,p.Gln100Thr,0.4056303243869385
urn:mavedb:00000068-c-1#6145,NA,NA,p.Gln100Ser,0.9548508085827576
urn:mavedb:00000068-c-1#6146,NA,NA,p.Gln100Arg,-0.038916293564186986
urn:mavedb:00000068-c-1#6147,NA,NA,p.Gln100Pro,0.11697555650806732
urn:mavedb:00000068-c-1#6148,NA,NA,p.Gln100Asn,1.304410144207074
urn:mavedb:00000068-c-1#6149,NA,NA,p.Gln100Met,0.17804840702603764
urn:mavedb:00000068-c-1#6150,NA,NA,p.Gln100Leu,0.4852087308437677
urn:mavedb:00000068-c-1#6151,NA,NA,p.Gln100Lys,0.6001514842437251
urn:mavedb:00000068-c-1#6152,NA,NA,p.Gln100Ile,0.2521145283263348
urn:mavedb:00000068-c-1#6153,NA,NA,p.Gln100His,0.6943957593347121
urn:mavedb:00000068-c-1#6154,NA,NA,p.Gln100Gly,0.42894697798818027
urn:mavedb:00000068-c-1#6155,NA,NA,p.Gln100Phe,0.8289509921957159
urn:mavedb:00000068-c-1#6156,NA,NA,p.Gln100Glu,0.3687691894740508
urn:mavedb:00000068-c-1#6157,NA,NA,p.Gln100Asp,0.7425748005165653
urn:mavedb:00000068-c-1#6158,NA,NA,p.Gln100Cys,0.5780314559611728
urn:mavedb:00000068-c-1#6159,NA,NA,p.Gln100=,0.5244572634437075
urn:mavedb:00000068-c-1#6160,NA,NA,p.Gln100Ala,-0.25733733532489306
urn:mavedb:00000068-c-1#6161,NA,NA,p.Val97Cys,-0.8782087871944382
urn:mavedb:00000068-c-1#6162,NA,NA,p.Val97=,0.4482822823688963
urn:mavedb:00000068-c-1#6163,NA,NA,p.Val97Ala,0.4160500121128907
urn:mavedb:00000068-c-1#6164,NA,NA,p.Ser96Ter,-1.3974581227974958
urn:mavedb:00000068-c-1#6165,NA,NA,p.Ser96Tyr,0.5808409990694436
urn:mavedb:00000068-c-1#6166,NA,NA,p.Ser96Trp,0.8663920234551659
urn:mavedb:00000068-c-1#6167,NA,NA,p.Ser96Val,0.3301450266761909
urn:mavedb:00000068-c-1#6168,NA,NA,p.Ser96Thr,0.4200792559433322
urn:mavedb:00000068-c-1#6169,NA,NA,p.Ser96Arg,0.2901132046416161
urn:mavedb:00000068-c-1#6170,NA,NA,p.Ser96Gln,0.962919259490792
urn:mavedb:00000068-c-1#6171,NA,NA,p.Ser96Pro,0.5018511966915092
urn:mavedb:00000068-c-1#6172,NA,NA,p.Ser96Asn,1.0041917371428426
urn:mavedb:00000068-c-1#6173,NA,NA,p.Ser96Met,0.9026390269714796
urn:mavedb:00000068-c-1#6174,NA,NA,p.Ser96Leu,-1.2376367971772255
urn:mavedb:00000068-c-1#6175,NA,NA,p.Ser96Lys,0.5551374959125966
urn:mavedb:00000068-c-1#6176,NA,NA,p.Ser96Ile,0.8002722174515391
urn:mavedb:00000068-c-1#6177,NA,NA,p.Ser96His,0.32140204845806675
urn:mavedb:00000068-c-1#6178,NA,NA,p.Ser96Gly,1.290953429039636
urn:mavedb:00000068-c-1#6179,NA,NA,p.Ser96Phe,0.14692664178202788
urn:mavedb:00000068-c-1#6180,NA,NA,p.Ser96Glu,0.7165843873156845
urn:mavedb:00000068-c-1#6181,NA,NA,p.Ser96Asp,1.2293633419631569
urn:mavedb:00000068-c-1#6182,NA,NA,p.Ser96Cys,0.4664132035425453
urn:mavedb:00000068-c-1#6183,NA,NA,p.Ser96=,0.204107783568382
urn:mavedb:00000068-c-1#6184,NA,NA,p.Ser96Ala,0.6637185903004519
urn:mavedb:00000068-c-1#6185,NA,NA,p.Ser95Ter,-2.2765352060511086
urn:mavedb:00000068-c-1#6186,NA,NA,p.Ser95Tyr,0.5641221484464506
urn:mavedb:00000068-c-1#6187,NA,NA,p.Ser95Trp,-0.1925307540340904
urn:mavedb:00000068-c-1#6188,NA,NA,p.Ser95Val,0.7158024106975351
urn:mavedb:00000068-c-1#6189,NA,NA,p.Ser95Thr,-0.2023860246545081
urn:mavedb:00000068-c-1#6190,NA,NA,p.Ser95Arg,0.4362613991010645
urn:mavedb:00000068-c-1#6191,NA,NA,p.Ser95Gln,0.7476417782729864
urn:mavedb:00000068-c-1#6192,NA,NA,p.Ser95Pro,0.2710310746122071
urn:mavedb:00000068-c-1#6193,NA,NA,p.Ser95Asn,0.7383456016569807
urn:mavedb:00000068-c-1#6194,NA,NA,p.Ser95Met,0.8368706799311045
urn:mavedb:00000068-c-1#6195,NA,NA,p.Ser95Leu,-0.8399938164698122
urn:mavedb:00000068-c-1#6196,NA,NA,p.Ser95Lys,-0.09616605009638517
urn:mavedb:00000068-c-1#6197,NA,NA,p.Ser95Ile,-0.9579276299278922
urn:mavedb:00000068-c-1#6198,NA,NA,p.Ser95His,-0.3276588515424167
urn:mavedb:00000068-c-1#6199,NA,NA,p.Ser95Gly,0.6109152406210118
urn:mavedb:00000068-c-1#6200,NA,NA,p.Ser95Phe,0.08202292304214366
urn:mavedb:00000068-c-1#6201,NA,NA,p.Ser95Glu,1.0733428312260889
urn:mavedb:00000068-c-1#6202,NA,NA,p.Ser95Asp,1.2920353927022297
urn:mavedb:00000068-c-1#6203,NA,NA,p.Ser95Cys,0.7577271279401335
urn:mavedb:00000068-c-1#6204,NA,NA,p.Ser95=,0.5279565331044643
urn:mavedb:00000068-c-1#6205,NA,NA,p.Ser95Ala,0.11740513252822897
urn:mavedb:00000068-c-1#6206,NA,NA,p.Ser94Ter,0.07130919138725865
urn:mavedb:00000068-c-1#6207,NA,NA,p.Ser94Tyr,0.1839263415013476
urn:mavedb:00000068-c-1#6208,NA,NA,p.Ser94Trp,1.0040998941633492
urn:mavedb:00000068-c-1#6209,NA,NA,p.Ser94Val,-1.1755604182775978
urn:mavedb:00000068-c-1#6210,NA,NA,p.Ser94Thr,0.34155021625148835
urn:mavedb:00000068-c-1#6211,NA,NA,p.Ser94Arg,0.05757840057533565
urn:mavedb:00000068-c-1#6212,NA,NA,p.Ser94Gln,0.010786064994574598
urn:mavedb:00000068-c-1#6213,NA,NA,p.Ser94Pro,0.8458851850705569
urn:mavedb:00000068-c-1#6214,NA,NA,p.Ser94Asn,1.007211559153099
urn:mavedb:00000068-c-1#6215,NA,NA,p.Ser94Met,0.3560220279924651
urn:mavedb:00000068-c-1#6216,NA,NA,p.Ser94Leu,0.7437833403282975
urn:mavedb:00000068-c-1#6217,NA,NA,p.Ser94Lys,0.6531224559581787
urn:mavedb:00000068-c-1#6218,NA,NA,p.Ser94Ile,-0.17219190193192804
urn:mavedb:00000068-c-1#6219,NA,NA,p.Ser94His,-0.5186894751616113
urn:mavedb:00000068-c-1#6220,NA,NA,p.Ser94Gly,0.13028895642088606
urn:mavedb:00000068-c-1#6221,NA,NA,p.Ser94Phe,0.6851294985468356
urn:mavedb:00000068-c-1#6222,NA,NA,p.Ser94Glu,0.32199559280120044
urn:mavedb:00000068-c-1#6223,NA,NA,p.Ser94Asp,0.03551881165979534
urn:mavedb:00000068-c-1#6224,NA,NA,p.Ser94Cys,0.2885383672796063
urn:mavedb:00000068-c-1#6225,NA,NA,p.Ser94=,-0.03433805377325972
urn:mavedb:00000068-c-1#6226,NA,NA,p.Ser94Ala,0.2179891527329688
urn:mavedb:00000068-c-1#6227,NA,NA,p.Leu93Ter,-1.2229048040756971
urn:mavedb:00000068-c-1#6228,NA,NA,p.Leu93Tyr,0.7667868559493954
urn:mavedb:00000068-c-1#6229,NA,NA,p.Leu93Trp,1.2385206269641753
urn:mavedb:00000068-c-1#6230,NA,NA,p.Leu93Val,0.11657090573669802
urn:mavedb:00000068-c-1#6231,NA,NA,p.Leu93Thr,0.4369978960735317
urn:mavedb:00000068-c-1#6232,NA,NA,p.Leu93Ser,0.4925922820904164
urn:mavedb:00000068-c-1#6233,NA,NA,p.Leu93Arg,0.2494939006598945
urn:mavedb:00000068-c-1#6234,NA,NA,p.Leu93Gln,0.5934799895404417
urn:mavedb:00000068-c-1#6235,NA,NA,p.Leu93Pro,-0.0878557694045434
urn:mavedb:00000068-c-1#6236,NA,NA,p.Leu93Asn,1.3173393404639002
urn:mavedb:00000068-c-1#6237,NA,NA,p.Leu93Met,0.4810935499776941
urn:mavedb:00000068-c-1#6238,NA,NA,p.Leu93Lys,-0.33003832798469057
urn:mavedb:00000068-c-1#6239,NA,NA,p.Leu93Ile,1.2108949779102818
urn:mavedb:00000068-c-1#6240,NA,NA,p.Leu93His,0.2965765079468369
urn:mavedb:00000068-c-1#6241,NA,NA,p.Leu93Gly,-0.035174712049754864
urn:mavedb:00000068-c-1#6242,NA,NA,p.Leu93Phe,0.5946304019906937
urn:mavedb:00000068-c-1#6243,NA,NA,p.Leu93Glu,0.8206649907201484
urn:mavedb:00000068-c-1#6244,NA,NA,p.Leu93Asp,0.6925415195333983
urn:mavedb:00000068-c-1#6245,NA,NA,p.Leu93Cys,-0.8954954679353873
urn:mavedb:00000068-c-1#6246,NA,NA,p.Leu93=,0.38833803975097003
urn:mavedb:00000068-c-1#6247,NA,NA,p.Leu93Ala,0.2574361326416818
urn:mavedb:00000068-c-1#6248,NA,NA,p.Pro92Ter,-0.8259478162302115
urn:mavedb:00000068-c-1#6249,NA,NA,p.Pro92Tyr,1.1554773700343324
urn:mavedb:00000068-c-1#6250,NA,NA,p.Pro92Trp,0.5590317317546768
urn:mavedb:00000068-c-1#6251,NA,NA,p.Pro92Val,0.6324029266394647
urn:mavedb:00000068-c-1#6252,NA,NA,p.Pro92Thr,0.294296620433792
urn:mavedb:00000068-c-1#6253,NA,NA,p.Pro92Ser,0.3687818129120149
urn:mavedb:00000068-c-1#6254,NA,NA,p.Pro92Arg,0.6898437539074462
urn:mavedb:00000068-c-1#6255,NA,NA,p.Pro92Gln,0.3487959394915692
urn:mavedb:00000068-c-1#6256,NA,NA,p.Pro92Asn,-0.5288805241480081
urn:mavedb:00000068-c-1#6257,NA,NA,p.Pro92Met,-0.17764274688075102
urn:mavedb:00000068-c-1#6258,NA,NA,p.Pro92Leu,0.4479754281687464
urn:mavedb:00000068-c-1#6259,NA,NA,p.Pro92Lys,-0.028047655686634518
urn:mavedb:00000068-c-1#6260,NA,NA,p.Pro92Ile,0.4139756547105572
urn:mavedb:00000068-c-1#6261,NA,NA,p.Pro92His,0.5037873247438169
urn:mavedb:00000068-c-1#6262,NA,NA,p.Pro92Gly,0.3839648640219951
urn:mavedb:00000068-c-1#6263,NA,NA,p.Pro92Phe,0.6040610032762402
urn:mavedb:00000068-c-1#6264,NA,NA,p.Pro92Glu,0.6182927084955168
urn:mavedb:00000068-c-1#6265,NA,NA,p.Pro92Asp,0.9370267846326508
urn:mavedb:00000068-c-1#6266,NA,NA,p.Pro92Cys,0.9382442148016176
urn:mavedb:00000068-c-1#6267,NA,NA,p.Pro92=,0.3385001451245186
urn:mavedb:00000068-c-1#6268,NA,NA,p.Pro92Ala,-0.9280638026344264
urn:mavedb:00000068-c-1#6269,NA,NA,p.Trp91Ter,-1.2430930240682272
urn:mavedb:00000068-c-1#6270,NA,NA,p.Trp91Tyr,-0.12153422427307907
urn:mavedb:00000068-c-1#6271,NA,NA,p.Trp91Val,0.8132558780882583
urn:mavedb:00000068-c-1#6272,NA,NA,p.Trp91Thr,0.4476689106206972
urn:mavedb:00000068-c-1#6273,NA,NA,p.Trp91Ser,-0.01194633044479813
urn:mavedb:00000068-c-1#6274,NA,NA,p.Trp91Arg,-0.2308521949950339
urn:mavedb:00000068-c-1#6275,NA,NA,p.Trp91Gln,0.27162600993073355
urn:mavedb:00000068-c-1#6276,NA,NA,p.Trp91Pro,-0.6161428129444418
urn:mavedb:00000068-c-1#6277,NA,NA,p.Trp91Asn,0.4052846852808588
urn:mavedb:00000068-c-1#6278,NA,NA,p.Trp91Met,0.5337381834504331
urn:mavedb:00000068-c-1#6279,NA,NA,p.Trp91Leu,-0.617698879430329
urn:mavedb:00000068-c-1#6280,NA,NA,p.Trp91Lys,0.03639611869406003
urn:mavedb:00000068-c-1#6281,NA,NA,p.Trp91Ile,-0.4267777308079497
urn:mavedb:00000068-c-1#6282,NA,NA,p.Trp91His,0.0780432249836095
urn:mavedb:00000068-c-1#6283,NA,NA,p.Trp91Gly,-0.9469657306682464
urn:mavedb:00000068-c-1#6284,NA,NA,p.Trp91Phe,-0.18120682208843444
urn:mavedb:00000068-c-1#6285,NA,NA,p.Trp91Glu,-0.2163264294428552
urn:mavedb:00000068-c-1#6286,NA,NA,p.Trp91Asp,1.2444135857541394
urn:mavedb:00000068-c-1#6287,NA,NA,p.Trp91Cys,-0.07832429358175964
urn:mavedb:00000068-c-1#6288,NA,NA,p.Trp91Ala,0.019137762732471867
urn:mavedb:00000068-c-1#6289,NA,NA,p.Ser90Ter,-1.427515462511887
urn:mavedb:00000068-c-1#6290,NA,NA,p.Ser90Tyr,0.3731045866898959
urn:mavedb:00000068-c-1#6291,NA,NA,p.Ser90Trp,0.8556123580441461
urn:mavedb:00000068-c-1#6292,NA,NA,p.Ser90Val,0.23084986548424144
urn:mavedb:00000068-c-1#6293,NA,NA,p.Ser90Thr,0.19592099121836845
urn:mavedb:00000068-c-1#6294,NA,NA,p.Ser90Arg,0.030582662471892792
urn:mavedb:00000068-c-1#6295,NA,NA,p.Ser90Gln,0.18314929061255672
urn:mavedb:00000068-c-1#6296,NA,NA,p.Ser90Pro,-0.4030926219450179
urn:mavedb:00000068-c-1#6297,NA,NA,p.Ser90Asn,1.1476583026743072
urn:mavedb:00000068-c-1#6298,NA,NA,p.Ser90Met,0.6985133577713987
urn:mavedb:00000068-c-1#6299,NA,NA,p.Ser90Leu,-0.8598692214106921
urn:mavedb:00000068-c-1#6300,NA,NA,p.Ser90Lys,-0.08924513341914571
urn:mavedb:00000068-c-1#6301,NA,NA,p.Ser90Ile,-0.007595379748253728
urn:mavedb:00000068-c-1#6302,NA,NA,p.Ser90His,-0.4174539484778866
urn:mavedb:00000068-c-1#6303,NA,NA,p.Ser90Gly,0.6656594813458964
urn:mavedb:00000068-c-1#6304,NA,NA,p.Ser90Phe,0.16207766094695195
urn:mavedb:00000068-c-1#6305,NA,NA,p.Ser90Glu,0.8134072764460636
urn:mavedb:00000068-c-1#6306,NA,NA,p.Ser90Asp,1.230759063167396
urn:mavedb:00000068-c-1#6307,NA,NA,p.Ser90Cys,0.21771368345306835
urn:mavedb:00000068-c-1#6308,NA,NA,p.Ser90=,-0.027785802360809325
urn:mavedb:00000068-c-1#6309,NA,NA,p.Ser90Ala,0.19642577411272855
urn:mavedb:00000068-c-1#6310,NA,NA,p.Pro89Ter,-1.8352897099315355
urn:mavedb:00000068-c-1#6311,NA,NA,p.Pro89Tyr,1.3980190596722673
urn:mavedb:00000068-c-1#6312,NA,NA,p.Pro89Trp,0.2241000551320461
urn:mavedb:00000068-c-1#6313,NA,NA,p.Pro89Val,0.8275679305243022
urn:mavedb:00000068-c-1#6314,NA,NA,p.Pro89Thr,0.5204136211536506
urn:mavedb:00000068-c-1#6315,NA,NA,p.Pro89Ser,0.7174465102371933
urn:mavedb:00000068-c-1#6316,NA,NA,p.Pro89Arg,0.19922128145406548
urn:mavedb:00000068-c-1#6317,NA,NA,p.Pro89Gln,-0.1161497074615888
urn:mavedb:00000068-c-1#6318,NA,NA,p.Pro89Asn,0.9275321320117164
urn:mavedb:00000068-c-1#6319,NA,NA,p.Pro89Met,-0.3731581820631195
urn:mavedb:00000068-c-1#6320,NA,NA,p.Pro89Leu,-0.05403093437535236
urn:mavedb:00000068-c-1#6321,NA,NA,p.Pro89Lys,0.6016271980509695
urn:mavedb:00000068-c-1#6322,NA,NA,p.Pro89Ile,1.16023501264241
urn:mavedb:00000068-c-1#6323,NA,NA,p.Pro89His,0.39832516395593703
urn:mavedb:00000068-c-1#6324,NA,NA,p.Pro89Gly,0.6658722661873836
urn:mavedb:00000068-c-1#6325,NA,NA,p.Pro89Phe,-0.45034691933493065
urn:mavedb:00000068-c-1#6326,NA,NA,p.Pro89Glu,1.219024259435052
urn:mavedb:00000068-c-1#6327,NA,NA,p.Pro89Asp,0.469102477445744
urn:mavedb:00000068-c-1#6328,NA,NA,p.Pro89Cys,0.4380125673798178
urn:mavedb:00000068-c-1#6329,NA,NA,p.Pro89=,-0.30342361356337194
urn:mavedb:00000068-c-1#6330,NA,NA,p.Pro89Ala,-0.1571799356656221
urn:mavedb:00000068-c-1#6331,NA,NA,p.Ala88Ter,-1.8164603819031568
urn:mavedb:00000068-c-1#6332,NA,NA,p.Ala88Tyr,0.6447127570622043
urn:mavedb:00000068-c-1#6333,NA,NA,p.Ala88Trp,0.29769588537206426
urn:mavedb:00000068-c-1#6334,NA,NA,p.Ala88Val,0.6109524394940109
urn:mavedb:00000068-c-1#6335,NA,NA,p.Ala88Thr,0.2280973795919227
urn:mavedb:00000068-c-1#6336,NA,NA,p.Ala88Ser,-0.5367824795147392
urn:mavedb:00000068-c-1#6337,NA,NA,p.Ala88Arg,0.04439096264776395
urn:mavedb:00000068-c-1#6338,NA,NA,p.Ala88Gln,0.3053566979421886
urn:mavedb:00000068-c-1#6339,NA,NA,p.Ala88Pro,-0.5921856230712652
urn:mavedb:00000068-c-1#6340,NA,NA,p.Ala88Asn,0.6606673667812979
urn:mavedb:00000068-c-1#6341,NA,NA,p.Ala88Met,-0.060056846327768615
urn:mavedb:00000068-c-1#6342,NA,NA,p.Ala88Leu,0.6443821895437729
urn:mavedb:00000068-c-1#6343,NA,NA,p.Ala88Lys,-0.6457069682851749
urn:mavedb:00000068-c-1#6344,NA,NA,p.Ala88Ile,0.4344147131950804
urn:mavedb:00000068-c-1#6345,NA,NA,p.Ala88His,-0.04234695253389916
urn:mavedb:00000068-c-1#6346,NA,NA,p.Ala88Gly,-0.12781491486860844
urn:mavedb:00000068-c-1#6347,NA,NA,p.Ala88Phe,1.015350530831699
urn:mavedb:00000068-c-1#6348,NA,NA,p.Ala88Glu,1.0984678837240258
urn:mavedb:00000068-c-1#6349,NA,NA,p.Ala88Asp,0.7168234562732341
urn:mavedb:00000068-c-1#6350,NA,NA,p.Ala88Cys,0.3541611182753737
urn:mavedb:00000068-c-1#6351,NA,NA,p.Gly112Phe,-0.11894926444787475
urn:mavedb:00000068-c-1#6352,NA,NA,p.Gly112Glu,0.9029305667598668
urn:mavedb:00000068-c-1#6353,NA,NA,p.Gly112Asp,0.4541568246336929
urn:mavedb:00000068-c-1#6354,NA,NA,p.Gly112Cys,0.6415984574370361
urn:mavedb:00000068-c-1#6355,NA,NA,p.Gly112=,0.17066607605097125
urn:mavedb:00000068-c-1#6356,NA,NA,p.Gly112Ala,0.03927919251408125
urn:mavedb:00000068-c-1#6357,NA,NA,p.Leu111Ter,-2.0022671709492443
urn:mavedb:00000068-c-1#6358,NA,NA,p.Leu111Tyr,-1.253471561802339
urn:mavedb:00000068-c-1#6359,NA,NA,p.Leu111Trp,-1.695765645805527
urn:mavedb:00000068-c-1#6360,NA,NA,p.Leu111Val,0.8610378787283458
urn:mavedb:00000068-c-1#6361,NA,NA,p.Leu111Thr,-0.8041874219531154
urn:mavedb:00000068-c-1#6362,NA,NA,p.Leu111Ser,-1.7501750644031848
urn:mavedb:00000068-c-1#6363,NA,NA,p.Leu111Arg,-1.1452638503812869
urn:mavedb:00000068-c-1#6364,NA,NA,p.Leu111Gln,-1.0911563886697642
urn:mavedb:00000068-c-1#6365,NA,NA,p.Leu111Pro,-0.6639170786840884
urn:mavedb:00000068-c-1#6366,NA,NA,p.Leu111Asn,-1.338032940256483
urn:mavedb:00000068-c-1#6367,NA,NA,p.Leu111Met,0.1144739388649307
urn:mavedb:00000068-c-1#6368,NA,NA,p.Leu111Lys,-0.7717073783770454
urn:mavedb:00000068-c-1#6369,NA,NA,p.Leu111Ile,0.6302668643660302
urn:mavedb:00000068-c-1#6370,NA,NA,p.Leu111His,-1.3389290395085558
urn:mavedb:00000068-c-1#6371,NA,NA,p.Leu111Gly,-3.0107903832515777
urn:mavedb:00000068-c-1#6372,NA,NA,p.Leu111Phe,-2.6006311693539246
urn:mavedb:00000068-c-1#6373,NA,NA,p.Leu111Glu,-1.3074134005700797
urn:mavedb:00000068-c-1#6374,NA,NA,p.Leu111Asp,-1.7903306638658312
urn:mavedb:00000068-c-1#6375,NA,NA,p.Leu111Cys,-0.28952215349573057
urn:mavedb:00000068-c-1#6376,NA,NA,p.Leu111=,0.21227914899589048
urn:mavedb:00000068-c-1#6377,NA,NA,p.Leu111Ala,-1.4906534140457208
urn:mavedb:00000068-c-1#6378,NA,NA,p.Arg110Ter,-2.4754523487523583
urn:mavedb:00000068-c-1#6379,NA,NA,p.Arg110Tyr,-0.055540251945137405
urn:mavedb:00000068-c-1#6380,NA,NA,p.Arg110Trp,-2.1516632251049583
urn:mavedb:00000068-c-1#6381,NA,NA,p.Arg110Val,-1.110526145364077
urn:mavedb:00000068-c-1#6382,NA,NA,p.Arg110Thr,0.09947190635521773
urn:mavedb:00000068-c-1#6383,NA,NA,p.Arg110Ser,0.4651536554880405
urn:mavedb:00000068-c-1#6384,NA,NA,p.Arg110Gln,1.2334718068110349
urn:mavedb:00000068-c-1#6385,NA,NA,p.Arg110Pro,-1.5208041576814328
urn:mavedb:00000068-c-1#6386,NA,NA,p.Arg110Asn,0.7056121478188321
urn:mavedb:00000068-c-1#6387,NA,NA,p.Arg110Met,0.6259678987976164
urn:mavedb:00000068-c-1#6388,NA,NA,p.Arg110Leu,0.021620520254249005
urn:mavedb:00000068-c-1#6389,NA,NA,p.Arg110Lys,0.16481556357039207
urn:mavedb:00000068-c-1#6390,NA,NA,p.Arg110Ile,-1.3616780946829063
urn:mavedb:00000068-c-1#6391,NA,NA,p.Arg110His,0.5132179059395482
urn:mavedb:00000068-c-1#6392,NA,NA,p.Arg110Gly,-0.29153128635550457
urn:mavedb:00000068-c-1#6393,NA,NA,p.Ala88=,0.4850823603069097
urn:mavedb:00000068-c-1#6394,NA,NA,p.Pro87Ter,-1.5001582782788787
urn:mavedb:00000068-c-1#6395,NA,NA,p.Pro87Tyr,0.2104016011253823
urn:mavedb:00000068-c-1#6396,NA,NA,p.Pro87Trp,0.008927739311271695
urn:mavedb:00000068-c-1#6397,NA,NA,p.Pro87Val,0.5966553466127813
urn:mavedb:00000068-c-1#6398,NA,NA,p.Pro87Thr,-0.5054939956090347
urn:mavedb:00000068-c-1#6399,NA,NA,p.Pro87Ser,0.16856526123753054
urn:mavedb:00000068-c-1#6400,NA,NA,p.Pro87Arg,0.003412617924756452
urn:mavedb:00000068-c-1#6401,NA,NA,p.Pro87Gln,-0.12140173097838193
urn:mavedb:00000068-c-1#6402,NA,NA,p.Pro87Asn,0.2386707194856952
urn:mavedb:00000068-c-1#6403,NA,NA,p.Pro87Met,0.5723364514929485
urn:mavedb:00000068-c-1#6404,NA,NA,p.Pro87Leu,0.42503394046310333
urn:mavedb:00000068-c-1#6405,NA,NA,p.Pro87Lys,0.7488857464699519
urn:mavedb:00000068-c-1#6406,NA,NA,p.Pro87Ile,0.08328381196382167
urn:mavedb:00000068-c-1#6407,NA,NA,p.Pro87His,-0.2161248758341416
urn:mavedb:00000068-c-1#6408,NA,NA,p.Pro87Gly,0.5226235963220003
urn:mavedb:00000068-c-1#6409,NA,NA,p.Pro87Phe,0.5560547602867796
urn:mavedb:00000068-c-1#6410,NA,NA,p.Pro87Glu,0.3620367908043372
urn:mavedb:00000068-c-1#6411,NA,NA,p.Pro87Asp,0.6829046732518652
urn:mavedb:00000068-c-1#6412,NA,NA,p.Pro87Cys,0.29570708009232693
urn:mavedb:00000068-c-1#6413,NA,NA,p.Pro87=,-0.08519684847467741
urn:mavedb:00000068-c-1#6414,NA,NA,p.Pro87Ala,-0.0878978128884308
urn:mavedb:00000068-c-1#6415,NA,NA,p.Ala86Ter,-1.5596202595984716
urn:mavedb:00000068-c-1#6416,NA,NA,p.Ala86Tyr,0.8128453808707309
urn:mavedb:00000068-c-1#6417,NA,NA,p.Ala86Trp,0.7592373597983231
urn:mavedb:00000068-c-1#6418,NA,NA,p.Ala86Val,0.4833410149629052
urn:mavedb:00000068-c-1#6419,NA,NA,p.Ala86Lys,0.6291725155385968
urn:mavedb:00000068-c-1#6420,NA,NA,p.Ala86Ile,0.259249810066275
urn:mavedb:00000068-c-1#6421,NA,NA,p.Ala86His,-1.130676206299868
urn:mavedb:00000068-c-1#6422,NA,NA,p.Ala86Gly,0.01914046472156844
urn:mavedb:00000068-c-1#6423,NA,NA,p.Ala86Phe,0.4606006649838585
urn:mavedb:00000068-c-1#6424,NA,NA,p.Ala86Glu,0.6133019174699997
urn:mavedb:00000068-c-1#6425,NA,NA,p.Ala86Asp,0.6065351132288362
urn:mavedb:00000068-c-1#6426,NA,NA,p.Ala86Cys,-0.5680003788503787
urn:mavedb:00000068-c-1#6427,NA,NA,p.Ala86=,0.04501980385970277
urn:mavedb:00000068-c-1#6428,NA,NA,p.Pro85Ter,-2.169477187200612
urn:mavedb:00000068-c-1#6429,NA,NA,p.Pro85Tyr,-0.0800646341015408
urn:mavedb:00000068-c-1#6430,NA,NA,p.Pro85Trp,0.260547135919292
urn:mavedb:00000068-c-1#6431,NA,NA,p.Pro85Val,0.2474068618135145
urn:mavedb:00000068-c-1#6432,NA,NA,p.Pro85Thr,0.3281215213942128
urn:mavedb:00000068-c-1#6433,NA,NA,p.Pro85Ser,0.38762201367494176
urn:mavedb:00000068-c-1#6434,NA,NA,p.Pro85Arg,0.3958819906469192
urn:mavedb:00000068-c-1#6435,NA,NA,p.Pro85Gln,0.9972364994958912
urn:mavedb:00000068-c-1#6436,NA,NA,p.Pro85Asn,0.14406696740796712
urn:mavedb:00000068-c-1#6437,NA,NA,p.Pro85Met,0.5884805305014074
urn:mavedb:00000068-c-1#6438,NA,NA,p.Pro85Leu,-0.4409803084962509
urn:mavedb:00000068-c-1#6439,NA,NA,p.Pro85Lys,0.5113587102357128
urn:mavedb:00000068-c-1#6440,NA,NA,p.Pro85Ile,0.513388184507185
urn:mavedb:00000068-c-1#6441,NA,NA,p.Pro85His,0.4690108000775645
urn:mavedb:00000068-c-1#6442,NA,NA,p.Pro85Gly,0.359302921487796
urn:mavedb:00000068-c-1#6443,NA,NA,p.Pro85Phe,0.2614772908491291
urn:mavedb:00000068-c-1#6444,NA,NA,p.Pro85Glu,1.3299280881447886
urn:mavedb:00000068-c-1#6445,NA,NA,p.Pro85Asp,0.9991039395368724
urn:mavedb:00000068-c-1#6446,NA,NA,p.Pro85Cys,0.3966237856247948
urn:mavedb:00000068-c-1#6447,NA,NA,p.Pro85=,-0.39270394757517
urn:mavedb:00000068-c-1#6448,NA,NA,p.Pro85Ala,0.301128086799047
urn:mavedb:00000068-c-1#6449,NA,NA,p.Ala84Ter,-1.1663891008998908
urn:mavedb:00000068-c-1#6450,NA,NA,p.Ala84Tyr,0.6230170289063944
urn:mavedb:00000068-c-1#6451,NA,NA,p.Ala84Trp,0.22462371942881812
urn:mavedb:00000068-c-1#6452,NA,NA,p.Ala84Val,0.7872529872889017
urn:mavedb:00000068-c-1#6453,NA,NA,p.Ala84Thr,0.5833073102648064
urn:mavedb:00000068-c-1#6454,NA,NA,p.Ala84Ser,0.5349113457774013
urn:mavedb:00000068-c-1#6455,NA,NA,p.Ala84Arg,0.6984100507687697
urn:mavedb:00000068-c-1#6456,NA,NA,p.Ala84Gln,-0.09490005225771994
urn:mavedb:00000068-c-1#6457,NA,NA,p.Ala84Pro,-0.4255753561087015
urn:mavedb:00000068-c-1#6458,NA,NA,p.Ala84Asn,0.8880001416202848
urn:mavedb:00000068-c-1#6459,NA,NA,p.Ala84Met,0.7879982584893329
urn:mavedb:00000068-c-1#6460,NA,NA,p.Ala84Leu,0.4464269181422787
urn:mavedb:00000068-c-1#6461,NA,NA,p.Ala84Lys,0.2540948092520232
urn:mavedb:00000068-c-1#6462,NA,NA,p.Ala84Ile,0.7550500428269686
urn:mavedb:00000068-c-1#6463,NA,NA,p.Ala84His,0.5231432184873831
urn:mavedb:00000068-c-1#6464,NA,NA,p.Ala84Gly,-0.3701938377669462
urn:mavedb:00000068-c-1#6465,NA,NA,p.Ala84Phe,1.0451987783954726
urn:mavedb:00000068-c-1#6466,NA,NA,p.Ala84Glu,1.1255330277937394
urn:mavedb:00000068-c-1#6467,NA,NA,p.Ala84Asp,0.706128835005805
urn:mavedb:00000068-c-1#6468,NA,NA,p.Ala84Cys,0.4833815511176212
urn:mavedb:00000068-c-1#6469,NA,NA,p.Ala84=,0.3699921908293714
urn:mavedb:00000068-c-1#6470,NA,NA,p.Ala83Ter,-1.9515387932791064
urn:mavedb:00000068-c-1#6471,NA,NA,p.Ala83Tyr,1.342235885388908
urn:mavedb:00000068-c-1#6472,NA,NA,p.Ala83Trp,0.5000236093964713
urn:mavedb:00000068-c-1#6473,NA,NA,p.Ala83Val,0.529894527939091
urn:mavedb:00000068-c-1#6474,NA,NA,p.Ala83Thr,0.609712209082263
urn:mavedb:00000068-c-1#6475,NA,NA,p.Ala83Ser,0.5372128766222429
urn:mavedb:00000068-c-1#6476,NA,NA,p.Ala83Arg,-0.4865288820805074
urn:mavedb:00000068-c-1#6477,NA,NA,p.Ala83Gln,0.4802234019344418
urn:mavedb:00000068-c-1#6478,NA,NA,p.Ala83Pro,0.4322452454261804
urn:mavedb:00000068-c-1#6479,NA,NA,p.Ala83Asn,0.6981137248172699
urn:mavedb:00000068-c-1#6480,NA,NA,p.Ala83Met,0.5384866871201703
urn:mavedb:00000068-c-1#6481,NA,NA,p.Ala83Leu,0.5654485606519073
urn:mavedb:00000068-c-1#6482,NA,NA,p.Ala83Lys,0.5375659044654119
urn:mavedb:00000068-c-1#6483,NA,NA,p.Ala83Ile,0.9590158086761096
urn:mavedb:00000068-c-1#6484,NA,NA,p.Ala83His,1.0520052426321185
urn:mavedb:00000068-c-1#6485,NA,NA,p.Ala83Gly,-0.6340926252426392
urn:mavedb:00000068-c-1#6486,NA,NA,p.Ala83Phe,0.5666465628719523
urn:mavedb:00000068-c-1#6487,NA,NA,p.Ala83Glu,0.515616482539758
urn:mavedb:00000068-c-1#6488,NA,NA,p.Ala83Asp,0.5214446440043504
urn:mavedb:00000068-c-1#6489,NA,NA,p.Ala83Cys,-0.21071441314435285
urn:mavedb:00000068-c-1#6490,NA,NA,p.Ala83=,0.5043789174079701
urn:mavedb:00000068-c-1#6491,NA,NA,p.Pro82Ter,-0.9921270706636328
urn:mavedb:00000068-c-1#6492,NA,NA,p.Pro82Tyr,0.696557966939358
urn:mavedb:00000068-c-1#6493,NA,NA,p.Pro82Trp,0.7788305894554449
urn:mavedb:00000068-c-1#6494,NA,NA,p.Pro82Val,0.11573514239791352
urn:mavedb:00000068-c-1#6495,NA,NA,p.Pro82Thr,-0.1165266665718718
urn:mavedb:00000068-c-1#6496,NA,NA,p.Pro82Ser,0.6308528304940689
urn:mavedb:00000068-c-1#6497,NA,NA,p.Pro82Arg,-0.18366945797337014
urn:mavedb:00000068-c-1#6498,NA,NA,p.Pro82Gln,0.4906474135239914
urn:mavedb:00000068-c-1#6499,NA,NA,p.Pro82Asn,1.2804986457698075
urn:mavedb:00000068-c-1#6500,NA,NA,p.Pro82Met,0.3697054107491697
urn:mavedb:00000068-c-1#6501,NA,NA,p.Pro82Leu,0.5082660088168316
urn:mavedb:00000068-c-1#6502,NA,NA,p.Pro82Lys,0.5247720192280521
urn:mavedb:00000068-c-1#6503,NA,NA,p.Pro82Ile,0.3196910876670052
urn:mavedb:00000068-c-1#6504,NA,NA,p.Pro82His,0.3831351945457169
urn:mavedb:00000068-c-1#6505,NA,NA,p.Pro82Gly,0.1729688567538296
urn:mavedb:00000068-c-1#6506,NA,NA,p.Pro82Phe,0.9909403197673761
urn:mavedb:00000068-c-1#6507,NA,NA,p.Pro82Glu,0.51574193244247
urn:mavedb:00000068-c-1#6508,NA,NA,p.Pro82Asp,0.6934515701115275
urn:mavedb:00000068-c-1#6509,NA,NA,p.Pro82Cys,0.4275438190990555
urn:mavedb:00000068-c-1#6510,NA,NA,p.Pro82=,0.4890053842884375
urn:mavedb:00000068-c-1#6511,NA,NA,p.Pro82Ala,-0.05376139493211039
urn:mavedb:00000068-c-1#6512,NA,NA,p.Thr81Ter,-1.7255923772644874
urn:mavedb:00000068-c-1#6513,NA,NA,p.Thr81Tyr,-0.21228139868387336
urn:mavedb:00000068-c-1#6514,NA,NA,p.Thr81Trp,0.4067696255397193
urn:mavedb:00000068-c-1#6515,NA,NA,p.Thr81Val,0.9010884902248684
urn:mavedb:00000068-c-1#6516,NA,NA,p.Thr81Ser,-0.41746360643685865
urn:mavedb:00000068-c-1#6517,NA,NA,p.Thr81Arg,0.7082963175036071
urn:mavedb:00000068-c-1#6518,NA,NA,p.Thr81Gln,0.7926313011619983
urn:mavedb:00000068-c-1#6519,NA,NA,p.Thr81Pro,0.34311792926272683
urn:mavedb:00000068-c-1#6520,NA,NA,p.Thr81Asn,0.055261673291985385
urn:mavedb:00000068-c-1#6521,NA,NA,p.Thr81Met,0.4813354564151229
urn:mavedb:00000068-c-1#6522,NA,NA,p.Thr81Leu,-0.3158267031256516
urn:mavedb:00000068-c-1#6523,NA,NA,p.Thr81Lys,0.6401641351493194
urn:mavedb:00000068-c-1#6524,NA,NA,p.Thr81Ile,0.4503309453481328
urn:mavedb:00000068-c-1#6525,NA,NA,p.Thr81His,-0.9273622982104806
urn:mavedb:00000068-c-1#6526,NA,NA,p.Thr81Gly,0.1513885680881123
urn:mavedb:00000068-c-1#6527,NA,NA,p.Thr81Phe,0.4256902111226383
urn:mavedb:00000068-c-1#6528,NA,NA,p.Thr81Glu,0.4329596385769288
urn:mavedb:00000068-c-1#6529,NA,NA,p.Thr81Asp,0.9192104719144109
urn:mavedb:00000068-c-1#6530,NA,NA,p.Thr81Cys,0.4920175482519984
urn:mavedb:00000068-c-1#6531,NA,NA,p.Thr81=,0.050023857667272006
urn:mavedb:00000068-c-1#6532,NA,NA,p.Thr81Ala,-0.08090880426256038
urn:mavedb:00000068-c-1#6533,NA,NA,p.Pro80Ter,-1.971390665864153
urn:mavedb:00000068-c-1#6534,NA,NA,p.Pro80Tyr,0.3365000915672309
urn:mavedb:00000068-c-1#6535,NA,NA,p.Pro80Trp,0.275638747004598
urn:mavedb:00000068-c-1#6536,NA,NA,p.Pro80Val,-0.04989224147095298
urn:mavedb:00000068-c-1#6537,NA,NA,p.Pro80Thr,0.3394538079037101
urn:mavedb:00000068-c-1#6538,NA,NA,p.Pro80Ser,-0.23215136403759026
urn:mavedb:00000068-c-1#6539,NA,NA,p.Pro80Arg,0.2470078937089188
urn:mavedb:00000068-c-1#6540,NA,NA,p.Pro80Gln,0.3825326149204781
urn:mavedb:00000068-c-1#6541,NA,NA,p.Pro80Asn,0.11180802115697608
urn:mavedb:00000068-c-1#6542,NA,NA,p.Pro80Met,0.543414073465649
urn:mavedb:00000068-c-1#6543,NA,NA,p.Pro80Leu,-0.5919045644862747
urn:mavedb:00000068-c-1#6544,NA,NA,p.Pro80Lys,0.7272037999496599
urn:mavedb:00000068-c-1#6545,NA,NA,p.Pro80Ile,0.05629469854216716
urn:mavedb:00000068-c-1#6546,NA,NA,p.Pro80His,0.535443699313216
urn:mavedb:00000068-c-1#6547,NA,NA,p.Pro80Gly,0.4412173188761312
urn:mavedb:00000068-c-1#6548,NA,NA,p.Pro80Phe,0.3409478880186098
urn:mavedb:00000068-c-1#6549,NA,NA,p.Pro80Glu,0.5419688105191379
urn:mavedb:00000068-c-1#6550,NA,NA,p.Pro80Asp,0.3028301591384972
urn:mavedb:00000068-c-1#6551,NA,NA,p.Pro80Cys,0.8049794128232539
urn:mavedb:00000068-c-1#6552,NA,NA,p.Pro80=,0.3631435766438616
urn:mavedb:00000068-c-1#6553,NA,NA,p.Pro80Ala,0.41351626511828027
urn:mavedb:00000068-c-1#6554,NA,NA,p.Ala79Ter,-2.0002435560444307
urn:mavedb:00000068-c-1#6555,NA,NA,p.Ala79Tyr,0.05324580584946489
urn:mavedb:00000068-c-1#6556,NA,NA,p.Ala79Trp,0.2421138838053952
urn:mavedb:00000068-c-1#6557,NA,NA,p.Ala79Val,0.14275920361038935
urn:mavedb:00000068-c-1#6558,NA,NA,p.Ala79Thr,0.0441282384012167
urn:mavedb:00000068-c-1#6559,NA,NA,p.Ala79Ser,0.17261010901312293
urn:mavedb:00000068-c-1#6560,NA,NA,p.Ala79Arg,0.4255987523535625
urn:mavedb:00000068-c-1#6561,NA,NA,p.Ala79Gln,0.7625998928943848
urn:mavedb:00000068-c-1#6562,NA,NA,p.Ala79Pro,0.4540695332335322
urn:mavedb:00000068-c-1#6563,NA,NA,p.Ala79Asn,0.6028692190061827
urn:mavedb:00000068-c-1#6564,NA,NA,p.Ala79Met,-0.12571633956691172
urn:mavedb:00000068-c-1#6565,NA,NA,p.Ala79Leu,-0.3075448622090585
urn:mavedb:00000068-c-1#6566,NA,NA,p.Ala79Lys,0.4680715273359558
urn:mavedb:00000068-c-1#6567,NA,NA,p.Ala79Ile,0.30524172848618336
urn:mavedb:00000068-c-1#6568,NA,NA,p.Ala79His,0.2723136334187635
urn:mavedb:00000068-c-1#6569,NA,NA,p.Ala79Gly,0.5701756681035447
urn:mavedb:00000068-c-1#6570,NA,NA,p.Ala79Phe,0.11846005689337892
urn:mavedb:00000068-c-1#6571,NA,NA,p.Ala79Glu,0.9085037023098496
urn:mavedb:00000068-c-1#6572,NA,NA,p.Ala79Asp,0.672600619413553
urn:mavedb:00000068-c-1#6573,NA,NA,p.Ala79Cys,0.6064636524239252
urn:mavedb:00000068-c-1#6574,NA,NA,p.Ala79=,0.3800197857362278
urn:mavedb:00000068-c-1#6575,NA,NA,p.Ala78Ter,-2.6214444663879504
urn:mavedb:00000068-c-1#6576,NA,NA,p.Ala78Tyr,1.1975148358396197
urn:mavedb:00000068-c-1#6577,NA,NA,p.Ala78Trp,0.10317921675325628
urn:mavedb:00000068-c-1#6578,NA,NA,p.Ala78Val,0.5486578151564673
urn:mavedb:00000068-c-1#6579,NA,NA,p.Ala78Thr,0.2932918679440361
urn:mavedb:00000068-c-1#6580,NA,NA,p.Ala78Ser,0.25263529233844473
urn:mavedb:00000068-c-1#6581,NA,NA,p.Ala78Arg,0.413965098564488
urn:mavedb:00000068-c-1#6582,NA,NA,p.Ala78Gln,0.0022104609581301803
urn:mavedb:00000068-c-1#6583,NA,NA,p.Ala78Pro,0.3358285398419489
urn:mavedb:00000068-c-1#6584,NA,NA,p.Ala78Asn,0.3966645194802548
urn:mavedb:00000068-c-1#6585,NA,NA,p.Ala78Met,0.5355689647857159
urn:mavedb:00000068-c-1#6586,NA,NA,p.Ala78Leu,-0.25117042584043114
urn:mavedb:00000068-c-1#6587,NA,NA,p.Ala78Lys,0.6434650516175129
urn:mavedb:00000068-c-1#6588,NA,NA,p.Ala78Ile,0.09478872223417492
urn:mavedb:00000068-c-1#6589,NA,NA,p.Ala78His,0.01489582379356629
urn:mavedb:00000068-c-1#6590,NA,NA,p.Ala78Gly,0.4617959432373962
urn:mavedb:00000068-c-1#6591,NA,NA,p.Ala78Phe,0.5001444187454845
urn:mavedb:00000068-c-1#6592,NA,NA,p.Ala78Glu,0.5124603019235683
urn:mavedb:00000068-c-1#6593,NA,NA,p.Ala78Asp,0.4688593165295718
urn:mavedb:00000068-c-1#6594,NA,NA,p.Ala78Cys,0.632689471824363
urn:mavedb:00000068-c-1#6595,NA,NA,p.Ala78=,0.12150316571851145
urn:mavedb:00000068-c-1#6596,NA,NA,p.Pro77Ter,-1.5017616844575306
urn:mavedb:00000068-c-1#6597,NA,NA,p.Pro77Tyr,0.5188475695782718
urn:mavedb:00000068-c-1#6598,NA,NA,p.Pro77Trp,0.8234750423592753
urn:mavedb:00000068-c-1#6599,NA,NA,p.Pro77Val,0.8940649337976375
urn:mavedb:00000068-c-1#6600,NA,NA,p.Pro77Thr,-0.1878965830295989
urn:mavedb:00000068-c-1#6601,NA,NA,p.Pro77Ser,0.3765622136819696
urn:mavedb:00000068-c-1#6602,NA,NA,p.Pro77Arg,0.1683583957628482
urn:mavedb:00000068-c-1#6603,NA,NA,p.Pro77Gln,0.27486644913720965
urn:mavedb:00000068-c-1#6604,NA,NA,p.Pro77Asn,0.8230283611132495
urn:mavedb:00000068-c-1#6605,NA,NA,p.Pro77Met,0.7339645150114938
urn:mavedb:00000068-c-1#6606,NA,NA,p.Pro77Leu,0.4922606342285642
urn:mavedb:00000068-c-1#6607,NA,NA,p.Pro77Lys,0.9964088477957442
urn:mavedb:00000068-c-1#6608,NA,NA,p.Pro77Ile,0.6472050706933944
urn:mavedb:00000068-c-1#6609,NA,NA,p.Ser99Ter,-1.9521691296717048
urn:mavedb:00000068-c-1#6610,NA,NA,p.Ser99Tyr,0.7544613690596709
urn:mavedb:00000068-c-1#6611,NA,NA,p.Ser99Trp,1.2257914377661812
urn:mavedb:00000068-c-1#6612,NA,NA,p.Ser99Val,0.435732820245286
urn:mavedb:00000068-c-1#6613,NA,NA,p.Ser99Thr,0.3999335209016856
urn:mavedb:00000068-c-1#6614,NA,NA,p.Ser99Arg,0.6817921042604704
urn:mavedb:00000068-c-1#6615,NA,NA,p.Ser99Gln,0.7704980534922479
urn:mavedb:00000068-c-1#6616,NA,NA,p.Ser99Pro,-0.04420397333928901
urn:mavedb:00000068-c-1#6617,NA,NA,p.Ser99Asn,-0.06874834336008971
urn:mavedb:00000068-c-1#6618,NA,NA,p.Ser99Met,0.5559892389478264
urn:mavedb:00000068-c-1#6619,NA,NA,p.Ser99Leu,-0.2600268890095188
urn:mavedb:00000068-c-1#6620,NA,NA,p.Ser99Lys,0.2535436413224785
urn:mavedb:00000068-c-1#6621,NA,NA,p.Ser99Ile,0.48060008994352704
urn:mavedb:00000068-c-1#6622,NA,NA,p.Ser99His,1.2297014093719825
urn:mavedb:00000068-c-1#6623,NA,NA,p.Ser99Gly,1.0322656436225222
urn:mavedb:00000068-c-1#6624,NA,NA,p.Ser99Phe,0.2893429760912337
urn:mavedb:00000068-c-1#6625,NA,NA,p.Ser99Glu,0.9583801028414144
urn:mavedb:00000068-c-1#6626,NA,NA,p.Ser99Asp,0.10929593158602588
urn:mavedb:00000068-c-1#6627,NA,NA,p.Ser99Cys,0.5799309227925158
urn:mavedb:00000068-c-1#6628,NA,NA,p.Ser99=,0.5000284934431223
urn:mavedb:00000068-c-1#6629,NA,NA,p.Ser99Ala,0.2352445524441173
urn:mavedb:00000068-c-1#6630,NA,NA,p.Pro98Ter,-2.4765900433898635
urn:mavedb:00000068-c-1#6631,NA,NA,p.Pro98Tyr,1.7641761682525412
urn:mavedb:00000068-c-1#6632,NA,NA,p.Pro98Trp,0.8827830547497179
urn:mavedb:00000068-c-1#6633,NA,NA,p.Pro98Val,1.2024236984555032
urn:mavedb:00000068-c-1#6634,NA,NA,p.Pro98Thr,0.5598346148253095
urn:mavedb:00000068-c-1#6635,NA,NA,p.Pro98Ser,0.3797146420291616
urn:mavedb:00000068-c-1#6636,NA,NA,p.Pro98Arg,-0.15083712317490924
urn:mavedb:00000068-c-1#6637,NA,NA,p.Pro98Gln,0.94371797934525
urn:mavedb:00000068-c-1#6638,NA,NA,p.Pro98Asn,1.2552992313622329
urn:mavedb:00000068-c-1#6639,NA,NA,p.Pro98Met,0.3918266573069957
urn:mavedb:00000068-c-1#6640,NA,NA,p.Pro98Leu,0.002679521832797088
urn:mavedb:00000068-c-1#6641,NA,NA,p.Pro98Lys,-0.0995613761510642
urn:mavedb:00000068-c-1#6642,NA,NA,p.Pro98Ile,0.1955827945829662
urn:mavedb:00000068-c-1#6643,NA,NA,p.Pro98His,0.5107038788343419
urn:mavedb:00000068-c-1#6644,NA,NA,p.Pro98Gly,-0.03835602188353171
urn:mavedb:00000068-c-1#6645,NA,NA,p.Pro98Phe,0.5386462166191651
urn:mavedb:00000068-c-1#6646,NA,NA,p.Pro98Glu,0.38352464823646615
urn:mavedb:00000068-c-1#6647,NA,NA,p.Pro98Asp,0.4362881046566901
urn:mavedb:00000068-c-1#6648,NA,NA,p.Pro98Cys,0.1797741275741899
urn:mavedb:00000068-c-1#6649,NA,NA,p.Pro98=,0.1480147769106777
urn:mavedb:00000068-c-1#6650,NA,NA,p.Pro98Ala,0.733169540475212
urn:mavedb:00000068-c-1#6651,NA,NA,p.Val97Ter,-1.7481081052561105
urn:mavedb:00000068-c-1#6652,NA,NA,p.Val97Tyr,0.4386041471387411
urn:mavedb:00000068-c-1#6653,NA,NA,p.Val97Trp,0.8800376719883471
urn:mavedb:00000068-c-1#6654,NA,NA,p.Val97Thr,-0.2629040750351653
urn:mavedb:00000068-c-1#6655,NA,NA,p.Val97Ser,-0.8641899098714045
urn:mavedb:00000068-c-1#6656,NA,NA,p.Val97Arg,0.5774304201237797
urn:mavedb:00000068-c-1#6657,NA,NA,p.Val97Gln,1.0805622209266443
urn:mavedb:00000068-c-1#6658,NA,NA,p.Val97Pro,-0.6791664812173561
urn:mavedb:00000068-c-1#6659,NA,NA,p.Val97Asn,0.8889132282954069
urn:mavedb:00000068-c-1#6660,NA,NA,p.Val97Met,0.1570667811698213
urn:mavedb:00000068-c-1#6661,NA,NA,p.Val97Leu,0.39505653594473417
urn:mavedb:00000068-c-1#6662,NA,NA,p.Val97Lys,-0.03302809708893377
urn:mavedb:00000068-c-1#6663,NA,NA,p.Val97Ile,0.5932281579029889
urn:mavedb:00000068-c-1#6664,NA,NA,p.Val97His,1.549828548268743
urn:mavedb:00000068-c-1#6665,NA,NA,p.Val97Gly,0.7640827792711699
urn:mavedb:00000068-c-1#6666,NA,NA,p.Val97Phe,0.3484413084887853
urn:mavedb:00000068-c-1#6667,NA,NA,p.Val97Glu,0.4105223192378595
urn:mavedb:00000068-c-1#6668,NA,NA,p.Val97Asp,0.20078587453028432
urn:mavedb:00000068-c-1#6669,NA,NA,p.Pro77His,0.06714115080424778
urn:mavedb:00000068-c-1#6670,NA,NA,p.Pro77Gly,1.3020717664086008
urn:mavedb:00000068-c-1#6671,NA,NA,p.Pro77Phe,0.6416371488244796
urn:mavedb:00000068-c-1#6672,NA,NA,p.Pro77Glu,0.4075142687880837
urn:mavedb:00000068-c-1#6673,NA,NA,p.Pro77Asp,0.7172093126505522
urn:mavedb:00000068-c-1#6674,NA,NA,p.Pro77Cys,0.3759958266732671
urn:mavedb:00000068-c-1#6675,NA,NA,p.Pro77=,0.107218177031883
urn:mavedb:00000068-c-1#6676,NA,NA,p.Pro77Ala,-0.0957434590979994
urn:mavedb:00000068-c-1#6677,NA,NA,p.Ala76Ter,-1.5389769101535558
urn:mavedb:00000068-c-1#6678,NA,NA,p.Ala76Tyr,-0.10300585607302877
urn:mavedb:00000068-c-1#6679,NA,NA,p.Ala76Trp,0.5980662989113154
urn:mavedb:00000068-c-1#6680,NA,NA,p.Ala76Val,0.3625396720535928
urn:mavedb:00000068-c-1#6681,NA,NA,p.Ala76Thr,0.4346898693330532
urn:mavedb:00000068-c-1#6682,NA,NA,p.Ala76Ser,0.19824435400569704
urn:mavedb:00000068-c-1#6683,NA,NA,p.Ala76Arg,0.7065361057529309
urn:mavedb:00000068-c-1#6684,NA,NA,p.Ala76Gln,0.6345092428963282
urn:mavedb:00000068-c-1#6685,NA,NA,p.Ala76Pro,0.049510620490163804
urn:mavedb:00000068-c-1#6686,NA,NA,p.Ala76Asn,0.3041437902379272
urn:mavedb:00000068-c-1#6687,NA,NA,p.Ala76Met,0.4998139195575359
urn:mavedb:00000068-c-1#6688,NA,NA,p.Ala76Leu,0.45747419338127293
urn:mavedb:00000068-c-1#6689,NA,NA,p.Ala76Lys,0.9472226640159108
urn:mavedb:00000068-c-1#6690,NA,NA,p.Ala76Ile,0.716602329380967
urn:mavedb:00000068-c-1#6691,NA,NA,p.Ala76His,-0.7435054696028609
urn:mavedb:00000068-c-1#6692,NA,NA,p.Ala76Gly,0.2835638170816122
urn:mavedb:00000068-c-1#6693,NA,NA,p.Ala76Phe,0.483912626737528
urn:mavedb:00000068-c-1#6694,NA,NA,p.Ala76Glu,0.514452264820039
urn:mavedb:00000068-c-1#6695,NA,NA,p.Arg72His,0.3077851913266413
urn:mavedb:00000068-c-1#6696,NA,NA,p.Arg72Gly,0.1783646773451
urn:mavedb:00000068-c-1#6697,NA,NA,p.Arg72Phe,0.3569348421045003
urn:mavedb:00000068-c-1#6698,NA,NA,p.Arg72Glu,0.9101978257553556
urn:mavedb:00000068-c-1#6699,NA,NA,p.Arg72Asp,0.6035373200415987
urn:mavedb:00000068-c-1#6700,NA,NA,p.Arg72Cys,0.6658769309986704
urn:mavedb:00000068-c-1#6701,NA,NA,p.Arg72=,0.4678999659665357
urn:mavedb:00000068-c-1#6702,NA,NA,p.Arg72Ala,-0.8844235999549388
urn:mavedb:00000068-c-1#6703,NA,NA,p.Pro71Ter,-1.7287096603208614
urn:mavedb:00000068-c-1#6704,NA,NA,p.Pro71Tyr,0.8350647864898457
urn:mavedb:00000068-c-1#6705,NA,NA,p.Pro71Trp,-0.03798862730658946
urn:mavedb:00000068-c-1#6706,NA,NA,p.Pro71Val,0.6219630088366531
urn:mavedb:00000068-c-1#6707,NA,NA,p.Pro71Thr,0.5906502115196839
urn:mavedb:00000068-c-1#6708,NA,NA,p.Pro71Ser,-0.04566501139621703
urn:mavedb:00000068-c-1#6709,NA,NA,p.Pro71Arg,0.8529998687437602
urn:mavedb:00000068-c-1#6710,NA,NA,p.Pro71Gln,0.20478056051991728
urn:mavedb:00000068-c-1#6711,NA,NA,p.Pro71Asn,0.560208778843649
urn:mavedb:00000068-c-1#6712,NA,NA,p.Pro71Met,1.2088208933161304
urn:mavedb:00000068-c-1#6713,NA,NA,p.Pro71Leu,0.4898257643629366
urn:mavedb:00000068-c-1#6714,NA,NA,p.Pro71Lys,0.8162545860927022
urn:mavedb:00000068-c-1#6715,NA,NA,p.Pro71Ile,0.9434878056084784
urn:mavedb:00000068-c-1#6716,NA,NA,p.Pro71His,0.7611403288634755
urn:mavedb:00000068-c-1#6717,NA,NA,p.Pro71Gly,0.5982357360930397
urn:mavedb:00000068-c-1#6718,NA,NA,p.Pro71Phe,0.3005228433422701
urn:mavedb:00000068-c-1#6719,NA,NA,p.Pro71Glu,1.3421156431863854
urn:mavedb:00000068-c-1#6720,NA,NA,p.Pro71Asp,0.2166612588827488
urn:mavedb:00000068-c-1#6721,NA,NA,p.Pro71Cys,-0.17722857847378834
urn:mavedb:00000068-c-1#6722,NA,NA,p.Pro71=,0.3347475432635041
urn:mavedb:00000068-c-1#6723,NA,NA,p.Pro71Ala,0.2770924097223692
urn:mavedb:00000068-c-1#6724,NA,NA,p.Ala70Ter,-1.6141052035636123
urn:mavedb:00000068-c-1#6725,NA,NA,p.Ala70Tyr,0.7429146628113821
urn:mavedb:00000068-c-1#6726,NA,NA,p.Ala70Trp,0.2479975147711187
urn:mavedb:00000068-c-1#6727,NA,NA,p.Ala70Val,0.22957398204446397
urn:mavedb:00000068-c-1#6728,NA,NA,p.Ala70Thr,0.6558696256321465
urn:mavedb:00000068-c-1#6729,NA,NA,p.Ala70Ser,0.12423660124788698
urn:mavedb:00000068-c-1#6730,NA,NA,p.Ala70Arg,-0.004968616468240735
urn:mavedb:00000068-c-1#6731,NA,NA,p.Ala70Gln,0.8209078461730049
urn:mavedb:00000068-c-1#6732,NA,NA,p.Ala70Pro,0.2380238035487976
urn:mavedb:00000068-c-1#6733,NA,NA,p.Ala70Asn,0.22632260117103006
urn:mavedb:00000068-c-1#6734,NA,NA,p.Ala70Met,0.2540893484786748
urn:mavedb:00000068-c-1#6735,NA,NA,p.Ala70Leu,-0.927761425102408
urn:mavedb:00000068-c-1#6736,NA,NA,p.Ala70Lys,0.7782885942947908
urn:mavedb:00000068-c-1#6737,NA,NA,p.Ala70Ile,0.5443251378208329
urn:mavedb:00000068-c-1#6738,NA,NA,p.Ala70His,0.2867503396957837
urn:mavedb:00000068-c-1#6739,NA,NA,p.Ala70Gly,0.2855745330948624
urn:mavedb:00000068-c-1#6740,NA,NA,p.Ala70Phe,-0.33208737636215824
urn:mavedb:00000068-c-1#6741,NA,NA,p.Ala70Glu,0.6117997749983575
urn:mavedb:00000068-c-1#6742,NA,NA,p.Ala70Asp,0.7086069175170449
urn:mavedb:00000068-c-1#6743,NA,NA,p.Ala70Cys,-0.3707536039492712
urn:mavedb:00000068-c-1#6744,NA,NA,p.Ala70=,0.4356717788421035
urn:mavedb:00000068-c-1#6745,NA,NA,p.Ala69Ter,-1.7938289413248707
urn:mavedb:00000068-c-1#6746,NA,NA,p.Ala69Tyr,0.2162458588574915
urn:mavedb:00000068-c-1#6747,NA,NA,p.Ala69Trp,-0.022978982170461192
urn:mavedb:00000068-c-1#6748,NA,NA,p.Ala69Val,0.2133627833271949
urn:mavedb:00000068-c-1#6749,NA,NA,p.Ala69Thr,0.6747560074330056
urn:mavedb:00000068-c-1#6750,NA,NA,p.Ala69Ser,0.3334916141962249
urn:mavedb:00000068-c-1#6751,NA,NA,p.Ala69Arg,0.11088945267798267
urn:mavedb:00000068-c-1#6752,NA,NA,p.Ala69Gln,0.2298158787012365
urn:mavedb:00000068-c-1#6753,NA,NA,p.Ala69Pro,-0.1349540097416201
urn:mavedb:00000068-c-1#6754,NA,NA,p.Ala69Asn,0.6852708200946781
urn:mavedb:00000068-c-1#6755,NA,NA,p.Ala69Met,1.3771734166523784
urn:mavedb:00000068-c-1#6756,NA,NA,p.Ala69Leu,-0.018075700784223814
urn:mavedb:00000068-c-1#6757,NA,NA,p.Ala69Lys,0.5486162324686868
urn:mavedb:00000068-c-1#6758,NA,NA,p.Ala69Ile,1.3434909253432212
urn:mavedb:00000068-c-1#6759,NA,NA,p.Ala69His,0.4753976238896008
urn:mavedb:00000068-c-1#6760,NA,NA,p.Ala69Gly,-0.615473003710195
urn:mavedb:00000068-c-1#6761,NA,NA,p.Ala69Phe,0.6494435922234829
urn:mavedb:00000068-c-1#6762,NA,NA,p.Ala69Glu,0.2280427905327502
urn:mavedb:00000068-c-1#6763,NA,NA,p.Ala69Asp,0.4911821546221089
urn:mavedb:00000068-c-1#6764,NA,NA,p.Ala69Cys,0.772821780512252
urn:mavedb:00000068-c-1#6765,NA,NA,p.Ala69=,0.3870282184648084
urn:mavedb:00000068-c-1#6766,NA,NA,p.Glu68Ter,-0.7186235630010762
urn:mavedb:00000068-c-1#6767,NA,NA,p.Glu68Tyr,0.09303830503511318
urn:mavedb:00000068-c-1#6768,NA,NA,p.Glu68Trp,-0.0825202461407669
urn:mavedb:00000068-c-1#6769,NA,NA,p.Glu68Val,0.6342831145984413
urn:mavedb:00000068-c-1#6770,NA,NA,p.Glu68Thr,0.21714340825839948
urn:mavedb:00000068-c-1#6771,NA,NA,p.Glu68Ser,0.6506162976112456
urn:mavedb:00000068-c-1#6772,NA,NA,p.Glu68Arg,-0.5534640662720548
urn:mavedb:00000068-c-1#6773,NA,NA,p.Glu68Gln,0.6304029396617861
urn:mavedb:00000068-c-1#6774,NA,NA,p.Glu68Pro,0.3629281467084904
urn:mavedb:00000068-c-1#6775,NA,NA,p.Glu68Asn,0.6018875667534754
urn:mavedb:00000068-c-1#6776,NA,NA,p.Glu68Met,0.7802000641047315
urn:mavedb:00000068-c-1#6777,NA,NA,p.Glu68Leu,0.0035703477577055977
urn:mavedb:00000068-c-1#6778,NA,NA,p.Glu68Lys,0.4800819542549102
urn:mavedb:00000068-c-1#6779,NA,NA,p.Glu68Ile,0.07951688888779765
urn:mavedb:00000068-c-1#6780,NA,NA,p.Glu68His,0.5769512889318634
urn:mavedb:00000068-c-1#6781,NA,NA,p.Glu68Gly,-0.2124764124221935
urn:mavedb:00000068-c-1#6782,NA,NA,p.Glu68Phe,-0.13918464558738955
urn:mavedb:00000068-c-1#6783,NA,NA,p.Glu68Asp,0.5967507149217984
urn:mavedb:00000068-c-1#6784,NA,NA,p.Glu68Cys,0.2194713806641522
urn:mavedb:00000068-c-1#6785,NA,NA,p.Glu68=,0.6306531946945855
urn:mavedb:00000068-c-1#6786,NA,NA,p.Glu68Ala,0.337532267969883
urn:mavedb:00000068-c-1#6787,NA,NA,p.Pro67Ter,-1.5122320640636508
urn:mavedb:00000068-c-1#6788,NA,NA,p.Pro67Tyr,0.2611339804593491
urn:mavedb:00000068-c-1#6789,NA,NA,p.Pro67Trp,0.4056292214747589
urn:mavedb:00000068-c-1#6790,NA,NA,p.Pro67Val,0.5028730331161785
urn:mavedb:00000068-c-1#6791,NA,NA,p.Pro67Thr,0.7843129323224857
urn:mavedb:00000068-c-1#6792,NA,NA,p.Pro67Ser,0.6184453552249374
urn:mavedb:00000068-c-1#6793,NA,NA,p.Pro67Arg,0.2749593901098705
urn:mavedb:00000068-c-1#6794,NA,NA,p.Pro67Gln,0.35025177363010995
urn:mavedb:00000068-c-1#6795,NA,NA,p.Pro67Asn,0.7072858335744603
urn:mavedb:00000068-c-1#6796,NA,NA,p.Pro67Met,0.12095571871926315
urn:mavedb:00000068-c-1#6797,NA,NA,p.Pro67Leu,0.4941785958788356
urn:mavedb:00000068-c-1#6798,NA,NA,p.Pro67Lys,0.4562720620131437
urn:mavedb:00000068-c-1#6799,NA,NA,p.Pro67Ile,1.2913649922284884
urn:mavedb:00000068-c-1#6800,NA,NA,p.Pro67His,0.3242841600611243
urn:mavedb:00000068-c-1#6801,NA,NA,p.Pro67Gly,0.37700102843296784
urn:mavedb:00000068-c-1#6802,NA,NA,p.Pro67Phe,0.7534064148777176
urn:mavedb:00000068-c-1#6803,NA,NA,p.Pro67Glu,0.44681012298726575
urn:mavedb:00000068-c-1#6804,NA,NA,p.Pro67Asp,0.29243178355166616
urn:mavedb:00000068-c-1#6805,NA,NA,p.Pro67Cys,0.5629488868408101
urn:mavedb:00000068-c-1#6806,NA,NA,p.Pro67=,-0.1577363062738176
urn:mavedb:00000068-c-1#6807,NA,NA,p.Pro67Ala,-0.4877959269875012
urn:mavedb:00000068-c-1#6808,NA,NA,p.Met66Ter,-1.7097668295460988
urn:mavedb:00000068-c-1#6809,NA,NA,p.Met66Tyr,0.3654082106414177
urn:mavedb:00000068-c-1#6810,NA,NA,p.Met66Trp,0.3579457655434232
urn:mavedb:00000068-c-1#6811,NA,NA,p.Met66Val,-0.15389040253787786
urn:mavedb:00000068-c-1#6812,NA,NA,p.Met66Thr,0.3086302689820538
urn:mavedb:00000068-c-1#6813,NA,NA,p.Met66Ser,0.02172191171710039
urn:mavedb:00000068-c-1#6814,NA,NA,p.Met66Arg,0.17001774651916146
urn:mavedb:00000068-c-1#6815,NA,NA,p.Met66Gln,0.6388013448126799
urn:mavedb:00000068-c-1#6816,NA,NA,p.Met66Pro,0.06611464511636485
urn:mavedb:00000068-c-1#6817,NA,NA,p.Met66Asn,-0.16260538736249153
urn:mavedb:00000068-c-1#6818,NA,NA,p.Met66Leu,0.7199858521677587
urn:mavedb:00000068-c-1#6819,NA,NA,p.Met66Lys,0.49407052790883293
urn:mavedb:00000068-c-1#6820,NA,NA,p.Met66Ile,0.4528872526986989
urn:mavedb:00000068-c-1#6821,NA,NA,p.Met66His,0.2605847110691362
urn:mavedb:00000068-c-1#6822,NA,NA,p.Met66Gly,0.7425319347911379
urn:mavedb:00000068-c-1#6823,NA,NA,p.Met66Phe,0.7383897303189381
urn:mavedb:00000068-c-1#6824,NA,NA,p.Met66Glu,0.3400132334246872
urn:mavedb:00000068-c-1#6825,NA,NA,p.Met66Asp,-0.17574494603451926
urn:mavedb:00000068-c-1#6826,NA,NA,p.Met66Cys,0.11414109838220213
urn:mavedb:00000068-c-1#6827,NA,NA,p.Met66Ala,0.09235016195010573
urn:mavedb:00000068-c-1#6828,NA,NA,p.Arg65Ter,-1.0449707069118448
urn:mavedb:00000068-c-1#6829,NA,NA,p.Arg65Tyr,0.4053311780402822
urn:mavedb:00000068-c-1#6830,NA,NA,p.Arg65Trp,0.3939323599129723
urn:mavedb:00000068-c-1#6831,NA,NA,p.Arg65Val,0.3019139293475953
urn:mavedb:00000068-c-1#6832,NA,NA,p.Arg65Thr,0.2783818603539541
urn:mavedb:00000068-c-1#6833,NA,NA,p.Arg65Ser,0.7025140849091295
urn:mavedb:00000068-c-1#6834,NA,NA,p.Arg65Gln,-0.03357182095077983
urn:mavedb:00000068-c-1#6835,NA,NA,p.Arg65Pro,-0.18581200055819647
urn:mavedb:00000068-c-1#6836,NA,NA,p.Arg65Asn,0.6586063251104437
urn:mavedb:00000068-c-1#6837,NA,NA,p.Arg65Met,0.3033313347330283
urn:mavedb:00000068-c-1#6838,NA,NA,p.Arg65Leu,0.24642707760960855
urn:mavedb:00000068-c-1#6839,NA,NA,p.Arg65Lys,0.3571701913127269
urn:mavedb:00000068-c-1#6840,NA,NA,p.Arg65Ile,0.4482466738226212
urn:mavedb:00000068-c-1#6841,NA,NA,p.Arg65His,-0.0694400822697185
urn:mavedb:00000068-c-1#6842,NA,NA,p.Arg65Gly,0.4439390073579393
urn:mavedb:00000068-c-1#6843,NA,NA,p.Arg65Phe,0.9085051788671648
urn:mavedb:00000068-c-1#6844,NA,NA,p.Arg65Glu,-0.2481868430746597
urn:mavedb:00000068-c-1#6845,NA,NA,p.Arg65Asp,0.07563613562246224
urn:mavedb:00000068-c-1#6846,NA,NA,p.Arg65Cys,-0.15181519472872845
urn:mavedb:00000068-c-1#6847,NA,NA,p.Arg65=,-0.24717348203659376
urn:mavedb:00000068-c-1#6848,NA,NA,p.Arg65Ala,0.3366777144812633
urn:mavedb:00000068-c-1#6849,NA,NA,p.Pro64Ter,-1.4025115358327227
urn:mavedb:00000068-c-1#6850,NA,NA,p.Pro64Tyr,0.1321655805964756
urn:mavedb:00000068-c-1#6851,NA,NA,p.Pro64Trp,0.28020104127819423
urn:mavedb:00000068-c-1#6852,NA,NA,p.Pro64Val,0.2929207685092775
urn:mavedb:00000068-c-1#6853,NA,NA,p.Pro64Thr,0.5099185523164345
urn:mavedb:00000068-c-1#6854,NA,NA,p.Pro64Ser,0.2184963566342656
urn:mavedb:00000068-c-1#6855,NA,NA,p.Pro64Arg,0.5949201387974563
urn:mavedb:00000068-c-1#6856,NA,NA,p.Pro64Gln,0.20164213333448985
urn:mavedb:00000068-c-1#6857,NA,NA,p.Pro64Asn,0.3895553008787846
urn:mavedb:00000068-c-1#6858,NA,NA,p.Pro64Met,0.8726440010546656
urn:mavedb:00000068-c-1#6859,NA,NA,p.Pro64Leu,0.5775724937763066
urn:mavedb:00000068-c-1#6860,NA,NA,p.Pro64Lys,0.1452105503140675
urn:mavedb:00000068-c-1#6861,NA,NA,p.Pro64Ile,-0.3113737890525819
urn:mavedb:00000068-c-1#6862,NA,NA,p.Pro64His,0.5673963329581114
urn:mavedb:00000068-c-1#6863,NA,NA,p.Pro64Gly,0.8182117412114223
urn:mavedb:00000068-c-1#6864,NA,NA,p.Pro64Phe,0.3325609745018401
urn:mavedb:00000068-c-1#6865,NA,NA,p.Pro64Glu,-0.5291128290668029
urn:mavedb:00000068-c-1#6866,NA,NA,p.Pro64Asp,1.0383964438968514
urn:mavedb:00000068-c-1#6867,NA,NA,p.Pro64Cys,0.6595244070088614
urn:mavedb:00000068-c-1#6868,NA,NA,p.Pro64=,0.05753209118934775
urn:mavedb:00000068-c-1#6869,NA,NA,p.Pro64Ala,0.24269782521634345
urn:mavedb:00000068-c-1#6870,NA,NA,p.Ala63Ter,-1.5894049722410786
urn:mavedb:00000068-c-1#6871,NA,NA,p.Ala63Tyr,-0.0018091747469603907
urn:mavedb:00000068-c-1#6872,NA,NA,p.Ala63Trp,0.4399573106100425
urn:mavedb:00000068-c-1#6873,NA,NA,p.Ala63Val,0.4251042106435678
urn:mavedb:00000068-c-1#6874,NA,NA,p.Ala63Thr,0.4501660201953422
urn:mavedb:00000068-c-1#6875,NA,NA,p.Ala63Ser,0.2633491888205748
urn:mavedb:00000068-c-1#6876,NA,NA,p.Ala63Arg,0.2804332109566531
urn:mavedb:00000068-c-1#6877,NA,NA,p.Ala63Gln,0.04764964752376781
urn:mavedb:00000068-c-1#6878,NA,NA,p.Ala63Pro,0.3894781864971929
urn:mavedb:00000068-c-1#6879,NA,NA,p.Ala63Asn,-0.4506567538266533
urn:mavedb:00000068-c-1#6880,NA,NA,p.Ala63Met,0.7269820256612068
urn:mavedb:00000068-c-1#6881,NA,NA,p.Ala63Leu,-0.4926704161033719
urn:mavedb:00000068-c-1#6882,NA,NA,p.Ala63Lys,-0.25736322365036585
urn:mavedb:00000068-c-1#6883,NA,NA,p.Ala63Ile,0.4359137801964983
urn:mavedb:00000068-c-1#6884,NA,NA,p.Ala63His,1.324266098288692
urn:mavedb:00000068-c-1#6885,NA,NA,p.Ala86Thr,0.31675288376805977
urn:mavedb:00000068-c-1#6886,NA,NA,p.Ala86Ser,-0.1703874663353188
urn:mavedb:00000068-c-1#6887,NA,NA,p.Ala86Arg,-0.3535602490120253
urn:mavedb:00000068-c-1#6888,NA,NA,p.Ala86Gln,-0.3033329769798496
urn:mavedb:00000068-c-1#6889,NA,NA,p.Ala86Pro,-0.15432769407080468
urn:mavedb:00000068-c-1#6890,NA,NA,p.Ala86Asn,0.2637418314816967
urn:mavedb:00000068-c-1#6891,NA,NA,p.Ala86Met,-0.11586398489821315
urn:mavedb:00000068-c-1#6892,NA,NA,p.Ala86Leu,-0.2459313728121673
urn:mavedb:00000068-c-1#6893,NA,NA,p.Ala63Gly,0.4566710669883304
urn:mavedb:00000068-c-1#6894,NA,NA,p.Ala63Phe,0.14227682095315627
urn:mavedb:00000068-c-1#6895,NA,NA,p.Ala63Glu,1.4721211928672622
urn:mavedb:00000068-c-1#6896,NA,NA,p.Ala63Asp,0.7126954970572655
urn:mavedb:00000068-c-1#6897,NA,NA,p.Ala63Cys,0.14964453462341745
urn:mavedb:00000068-c-1#6898,NA,NA,p.Ala63=,0.23337377699826115
urn:mavedb:00000068-c-1#6899,NA,NA,p.Glu62Ter,-1.0213497149678092
urn:mavedb:00000068-c-1#6900,NA,NA,p.Glu62Tyr,-0.06838550260972423
urn:mavedb:00000068-c-1#6901,NA,NA,p.Glu62Trp,0.05009799116893498
urn:mavedb:00000068-c-1#6902,NA,NA,p.Glu62Val,0.5994274242697316
urn:mavedb:00000068-c-1#6903,NA,NA,p.Glu62Thr,0.8202485532818262
urn:mavedb:00000068-c-1#6904,NA,NA,p.Glu62Ser,0.5714760234278294
urn:mavedb:00000068-c-1#6905,NA,NA,p.Glu62Arg,0.5696450674033431
urn:mavedb:00000068-c-1#6906,NA,NA,p.Glu62Gln,0.0228228742963556
urn:mavedb:00000068-c-1#6907,NA,NA,p.Glu62Pro,0.3285469717061085
urn:mavedb:00000068-c-1#6908,NA,NA,p.Glu62Asn,0.4930111888446854
urn:mavedb:00000068-c-1#6909,NA,NA,p.Glu62Met,0.5345466580857436
urn:mavedb:00000068-c-1#6910,NA,NA,p.Glu62Leu,0.6683761916401221
urn:mavedb:00000068-c-1#6911,NA,NA,p.Glu62Lys,0.3735082825868705
urn:mavedb:00000068-c-1#6912,NA,NA,p.Glu62Ile,0.6719079719719139
urn:mavedb:00000068-c-1#6913,NA,NA,p.Glu62His,0.2783839851508045
urn:mavedb:00000068-c-1#6914,NA,NA,p.Glu62Gly,0.09982100236267064
urn:mavedb:00000068-c-1#6915,NA,NA,p.Glu62Phe,0.4771564922808594
urn:mavedb:00000068-c-1#6916,NA,NA,p.Glu62Asp,0.5072856686950181
urn:mavedb:00000068-c-1#6917,NA,NA,p.Glu62Cys,0.2382580642534
urn:mavedb:00000068-c-1#6918,NA,NA,p.Glu62=,0.05384984249036876
urn:mavedb:00000068-c-1#6919,NA,NA,p.Ser46Tyr,0.5675043517283528
urn:mavedb:00000068-c-1#6920,NA,NA,p.Ser46Trp,0.012982204283652012
urn:mavedb:00000068-c-1#6921,NA,NA,p.Ser46Val,-0.3332043311531488
urn:mavedb:00000068-c-1#6922,NA,NA,p.Ser46Thr,0.8872081002562382
urn:mavedb:00000068-c-1#6923,NA,NA,p.Ser46Arg,1.4986925311291486
urn:mavedb:00000068-c-1#6924,NA,NA,p.Ser46Gln,1.3708653738588998
urn:mavedb:00000068-c-1#6925,NA,NA,p.Ser46Pro,0.1950759974594064
urn:mavedb:00000068-c-1#6926,NA,NA,p.Ser46Asn,1.3728651074145817
urn:mavedb:00000068-c-1#6927,NA,NA,p.Ser46Met,0.9508296252340838
urn:mavedb:00000068-c-1#6928,NA,NA,p.Ser46Leu,0.41152743583999934
urn:mavedb:00000068-c-1#6929,NA,NA,p.Ser46Lys,1.1801996341553322
urn:mavedb:00000068-c-1#6930,NA,NA,p.Ser46Ile,1.2059103612985802
urn:mavedb:00000068-c-1#6931,NA,NA,p.Ser46His,1.6569382445512004
urn:mavedb:00000068-c-1#6932,NA,NA,p.Ser46Gly,0.7728033307637711
urn:mavedb:00000068-c-1#6933,NA,NA,p.Ser46Phe,0.5659221564247789
urn:mavedb:00000068-c-1#6934,NA,NA,p.Ser46Glu,1.2095465885214685
urn:mavedb:00000068-c-1#6935,NA,NA,p.Ser46Asp,1.2239144431596078
urn:mavedb:00000068-c-1#6936,NA,NA,p.Ser46Cys,0.9309437174154042
urn:mavedb:00000068-c-1#6937,NA,NA,p.Ser46=,0.5832444023608552
urn:mavedb:00000068-c-1#6938,NA,NA,p.Ser46Ala,0.5972096561095895
urn:mavedb:00000068-c-1#6939,NA,NA,p.Leu45Ter,-2.234205310840546
urn:mavedb:00000068-c-1#6940,NA,NA,p.Leu45Tyr,1.0577227287432929
urn:mavedb:00000068-c-1#6941,NA,NA,p.Leu45Trp,0.9673694664846488
urn:mavedb:00000068-c-1#6942,NA,NA,p.Leu45Val,0.7062318192338081
urn:mavedb:00000068-c-1#6943,NA,NA,p.Leu45Thr,1.0975248469232437
urn:mavedb:00000068-c-1#6944,NA,NA,p.Leu45Ser,0.799984649586342
urn:mavedb:00000068-c-1#6945,NA,NA,p.Leu45Arg,1.0049834671685756
urn:mavedb:00000068-c-1#6946,NA,NA,p.Leu45Gln,0.8795713349911328
urn:mavedb:00000068-c-1#6947,NA,NA,p.Leu45Pro,1.1251461814975512
urn:mavedb:00000068-c-1#6948,NA,NA,p.Leu45Asn,1.056331941040412
urn:mavedb:00000068-c-1#6949,NA,NA,p.Leu45Met,0.8689607229890052
urn:mavedb:00000068-c-1#6950,NA,NA,p.Leu45Lys,0.6749339181038492
urn:mavedb:00000068-c-1#6951,NA,NA,p.Leu45Ile,1.5650959227563053
urn:mavedb:00000068-c-1#6952,NA,NA,p.Leu45His,1.1907039093888852
urn:mavedb:00000068-c-1#6953,NA,NA,p.Leu45Gly,0.8654182363364216
urn:mavedb:00000068-c-1#6954,NA,NA,p.Leu45Phe,0.9290042706306808
urn:mavedb:00000068-c-1#6955,NA,NA,p.Leu45Glu,1.0587505854959545
urn:mavedb:00000068-c-1#6956,NA,NA,p.Leu45Asp,0.18533975035283926
urn:mavedb:00000068-c-1#6957,NA,NA,p.Leu45Cys,0.8149945163899391
urn:mavedb:00000068-c-1#6958,NA,NA,p.Leu45=,0.5264429457204588
urn:mavedb:00000068-c-1#6959,NA,NA,p.Leu45Ala,0.03522845688127998
urn:mavedb:00000068-c-1#6960,NA,NA,p.Met44Ter,-1.7762513970061693
urn:mavedb:00000068-c-1#6961,NA,NA,p.Met44Tyr,0.756978459978297
urn:mavedb:00000068-c-1#6962,NA,NA,p.Met44Trp,0.15891663531431746
urn:mavedb:00000068-c-1#6963,NA,NA,p.Met44Val,0.3859788668904972
urn:mavedb:00000068-c-1#6964,NA,NA,p.Met44Thr,0.6523072673159228
urn:mavedb:00000068-c-1#6965,NA,NA,p.Met44Ser,1.3745381997584496
urn:mavedb:00000068-c-1#6966,NA,NA,p.Met44Arg,1.5027030507381456
urn:mavedb:00000068-c-1#6967,NA,NA,p.Met44Gln,0.9110513208473852
urn:mavedb:00000068-c-1#6968,NA,NA,p.Met44Pro,1.2790640769483956
urn:mavedb:00000068-c-1#6969,NA,NA,p.Met44Asn,0.7690193528625552
urn:mavedb:00000068-c-1#6970,NA,NA,p.Met44Leu,1.1168240109908267
urn:mavedb:00000068-c-1#6971,NA,NA,p.Met44Lys,0.7660581511144992
urn:mavedb:00000068-c-1#6972,NA,NA,p.Met44Ile,0.4606390686599119
urn:mavedb:00000068-c-1#6973,NA,NA,p.Met44His,0.5531596319447778
urn:mavedb:00000068-c-1#6974,NA,NA,p.Met44Gly,1.0706487520446228
urn:mavedb:00000068-c-1#6975,NA,NA,p.Met44Phe,0.22231875667229087
urn:mavedb:00000068-c-1#6976,NA,NA,p.Met44Glu,1.3352343052496067
urn:mavedb:00000068-c-1#6977,NA,NA,p.Met44Asp,0.2789792056737618
urn:mavedb:00000068-c-1#6978,NA,NA,p.Met44Cys,0.3227142675226459
urn:mavedb:00000068-c-1#6979,NA,NA,p.Met44Ala,-0.29274600985225085
urn:mavedb:00000068-c-1#6980,NA,NA,p.Leu43Ter,-0.5849172598459448
urn:mavedb:00000068-c-1#6981,NA,NA,p.Leu43Tyr,1.1856068361053866
urn:mavedb:00000068-c-1#6982,NA,NA,p.Leu43Trp,0.5544943782527109
urn:mavedb:00000068-c-1#6983,NA,NA,p.Leu43Val,0.6783185296021921
urn:mavedb:00000068-c-1#6984,NA,NA,p.Leu43Thr,1.037748144037588
urn:mavedb:00000068-c-1#6985,NA,NA,p.Leu43Ser,0.7929814185656076
urn:mavedb:00000068-c-1#6986,NA,NA,p.Leu43Arg,1.197181998950729
urn:mavedb:00000068-c-1#6987,NA,NA,p.Leu43Gln,1.6329813786646683
urn:mavedb:00000068-c-1#6988,NA,NA,p.Leu43Pro,1.3029611905127323
urn:mavedb:00000068-c-1#6989,NA,NA,p.Leu43Asn,1.0216899802252313
urn:mavedb:00000068-c-1#6990,NA,NA,p.Leu43Met,0.3254521478237627
urn:mavedb:00000068-c-1#6991,NA,NA,p.Leu43Lys,0.637068462716249
urn:mavedb:00000068-c-1#6992,NA,NA,p.Leu43Ile,1.082611326034426
urn:mavedb:00000068-c-1#6993,NA,NA,p.Leu43His,0.5657042332961167
urn:mavedb:00000068-c-1#6994,NA,NA,p.Leu43Gly,0.6756186794263308
urn:mavedb:00000068-c-1#6995,NA,NA,p.Leu43Phe,0.039260421977779285
urn:mavedb:00000068-c-1#6996,NA,NA,p.Leu43Glu,0.9806118023262548
urn:mavedb:00000068-c-1#6997,NA,NA,p.Leu43Asp,1.0577000474065
urn:mavedb:00000068-c-1#6998,NA,NA,p.Leu43Cys,0.7921642622366604
urn:mavedb:00000068-c-1#6999,NA,NA,p.Leu43=,0.0353333599902738
urn:mavedb:00000068-c-1#7000,NA,NA,p.Leu43Ala,1.2474735254290072
urn:mavedb:00000068-c-1#7001,NA,NA,p.Asp42Ter,-1.3435659162693943
urn:mavedb:00000068-c-1#7002,NA,NA,p.Asp42Tyr,0.8627699566956456
urn:mavedb:00000068-c-1#7003,NA,NA,p.Asp42Trp,0.7045789545853274
urn:mavedb:00000068-c-1#7004,NA,NA,p.Asp42Val,0.4654298620047956
urn:mavedb:00000068-c-1#7005,NA,NA,p.Asp42Thr,1.3942719119408364
urn:mavedb:00000068-c-1#7006,NA,NA,p.Asp42Ser,0.7790103854585979
urn:mavedb:00000068-c-1#7007,NA,NA,p.Asp42Arg,0.13511986674749435
urn:mavedb:00000068-c-1#7008,NA,NA,p.Asp42Gln,0.9899660137408554
urn:mavedb:00000068-c-1#7009,NA,NA,p.Asp42Pro,0.4891713454168831
urn:mavedb:00000068-c-1#7010,NA,NA,p.Asp42Asn,0.3648926851235778
urn:mavedb:00000068-c-1#7011,NA,NA,p.Asp42Met,1.0845413986293162
urn:mavedb:00000068-c-1#7012,NA,NA,p.Asp42Leu,0.963654151407522
urn:mavedb:00000068-c-1#7013,NA,NA,p.Asp42Lys,1.1946334624005222
urn:mavedb:00000068-c-1#7014,NA,NA,p.Asp42Ile,0.6774318189910338
urn:mavedb:00000068-c-1#7015,NA,NA,p.Asp42His,0.9268367103687162
urn:mavedb:00000068-c-1#7016,NA,NA,p.Asp42Gly,0.34809913091825884
urn:mavedb:00000068-c-1#7017,NA,NA,p.Asp42Phe,0.431715113870873
urn:mavedb:00000068-c-1#7018,NA,NA,p.Asp42Glu,0.5626333356361743
urn:mavedb:00000068-c-1#7019,NA,NA,p.Asp42Cys,0.5509210891285238
urn:mavedb:00000068-c-1#7020,NA,NA,p.Asp42=,0.3528831958657121
urn:mavedb:00000068-c-1#7021,NA,NA,p.Asp42Ala,0.3918525466793075
urn:mavedb:00000068-c-1#7022,NA,NA,p.Asp41Ter,-2.147771736417009
urn:mavedb:00000068-c-1#7023,NA,NA,p.Asp41Tyr,0.3826281453715229
urn:mavedb:00000068-c-1#7024,NA,NA,p.Asp41Trp,0.8656370782489079
urn:mavedb:00000068-c-1#7025,NA,NA,p.Asp41Val,0.17052478047411204
urn:mavedb:00000068-c-1#7026,NA,NA,p.Asp41Thr,1.3838300024798869
urn:mavedb:00000068-c-1#7027,NA,NA,p.Asp41Ser,1.4207736060102734
urn:mavedb:00000068-c-1#7028,NA,NA,p.Asp41Arg,1.2848744053138472
urn:mavedb:00000068-c-1#7029,NA,NA,p.Asp41Gln,1.3760250585578842
urn:mavedb:00000068-c-1#7030,NA,NA,p.Asp41Pro,0.542346024616149
urn:mavedb:00000068-c-1#7031,NA,NA,p.Asp41Asn,0.3711905532022306
urn:mavedb:00000068-c-1#7032,NA,NA,p.Asp41Met,0.08630374558408256
urn:mavedb:00000068-c-1#7033,NA,NA,p.Asp41Leu,0.9479525879101318
urn:mavedb:00000068-c-1#7034,NA,NA,p.Asp41Lys,0.9454296848535492
urn:mavedb:00000068-c-1#7035,NA,NA,p.Asp41Ile,0.7270405457514846
urn:mavedb:00000068-c-1#7036,NA,NA,p.Asp41His,0.6438970677200245
urn:mavedb:00000068-c-1#7037,NA,NA,p.Asp41Gly,0.09621312662807824
urn:mavedb:00000068-c-1#7038,NA,NA,p.Asp41Phe,0.9183706579554596
urn:mavedb:00000068-c-1#7039,NA,NA,p.Asp41Glu,0.802113080975052
urn:mavedb:00000068-c-1#7040,NA,NA,p.Asp41Cys,1.0129680180605125
urn:mavedb:00000068-c-1#7041,NA,NA,p.Asp41=,0.2841923966768292
urn:mavedb:00000068-c-1#7042,NA,NA,p.Asp41Ala,1.2971831690218345
urn:mavedb:00000068-c-1#7043,NA,NA,p.Met40Ter,-1.8659471929758502
urn:mavedb:00000068-c-1#7044,NA,NA,p.Met40Tyr,0.7277259613850074
urn:mavedb:00000068-c-1#7045,NA,NA,p.Met40Trp,-0.5944856400388774
urn:mavedb:00000068-c-1#7046,NA,NA,p.Met40Val,-0.07627704918244002
urn:mavedb:00000068-c-1#7047,NA,NA,p.Met40Thr,0.7779879582729833
urn:mavedb:00000068-c-1#7048,NA,NA,p.Met40Ser,1.3383374001964985
urn:mavedb:00000068-c-1#7049,NA,NA,p.Met40Arg,0.8887385968307701
urn:mavedb:00000068-c-1#7050,NA,NA,p.Met40Gln,-0.0063506608227832505
urn:mavedb:00000068-c-1#7051,NA,NA,p.Met40Pro,0.4654257133223517
urn:mavedb:00000068-c-1#7052,NA,NA,p.Met40Asn,0.11320041775602435
urn:mavedb:00000068-c-1#7053,NA,NA,p.Met40Leu,0.6070176905492454
urn:mavedb:00000068-c-1#7054,NA,NA,p.Met40Lys,0.7630450472376343
urn:mavedb:00000068-c-1#7055,NA,NA,p.Met40Ile,0.3409945927046885
urn:mavedb:00000068-c-1#7056,NA,NA,p.Met40His,1.3839360830172127
urn:mavedb:00000068-c-1#7057,NA,NA,p.Met40Gly,1.182411609978979
urn:mavedb:00000068-c-1#7058,NA,NA,p.Met40Phe,0.6895323737241781
urn:mavedb:00000068-c-1#7059,NA,NA,p.Met40Glu,0.4738139445985659
urn:mavedb:00000068-c-1#7060,NA,NA,p.Met40Asp,0.7315140429769852
urn:mavedb:00000068-c-1#7061,NA,NA,p.Met40Cys,0.9769719557671304
urn:mavedb:00000068-c-1#7062,NA,NA,p.Met40Ala,1.1776850949189137
urn:mavedb:00000068-c-1#7063,NA,NA,p.Ala39Ter,-1.4487758536073496
urn:mavedb:00000068-c-1#7064,NA,NA,p.Ala39Tyr,1.1213821926313998
urn:mavedb:00000068-c-1#7065,NA,NA,p.Ala39Trp,0.9103507453051254
urn:mavedb:00000068-c-1#7066,NA,NA,p.Ala39Val,0.4880072710420143
urn:mavedb:00000068-c-1#7067,NA,NA,p.Ala39Thr,0.32483004773539736
urn:mavedb:00000068-c-1#7068,NA,NA,p.Ala39Ser,-0.06904306892314127
urn:mavedb:00000068-c-1#7069,NA,NA,p.Ala39Arg,0.5228827164059034
urn:mavedb:00000068-c-1#7070,NA,NA,p.Ala39Gln,-0.2480404794271756
urn:mavedb:00000068-c-1#7071,NA,NA,p.Ala39Pro,0.4827189613069904
urn:mavedb:00000068-c-1#7072,NA,NA,p.Ala39Asn,1.1364388901459228
urn:mavedb:00000068-c-1#7073,NA,NA,p.Ala39Met,1.0575024489553797
urn:mavedb:00000068-c-1#7074,NA,NA,p.Ala39Leu,1.217872316972981
urn:mavedb:00000068-c-1#7075,NA,NA,p.Ala39Lys,0.7270141947920374
urn:mavedb:00000068-c-1#7076,NA,NA,p.Ala39Ile,0.6411534519636575
urn:mavedb:00000068-c-1#7077,NA,NA,p.Ala39His,0.5321461384518824
urn:mavedb:00000068-c-1#7078,NA,NA,p.Ala39Gly,0.6468762545698082
urn:mavedb:00000068-c-1#7079,NA,NA,p.Ala39Phe,0.9137618641099889
urn:mavedb:00000068-c-1#7080,NA,NA,p.Ala39Glu,0.4660867244583944
urn:mavedb:00000068-c-1#7081,NA,NA,p.Ala39Asp,0.7316821957332987
urn:mavedb:00000068-c-1#7082,NA,NA,p.Ala39Cys,0.7774966692710548
urn:mavedb:00000068-c-1#7083,NA,NA,p.Ala39=,-0.2934014643581308
urn:mavedb:00000068-c-1#7084,NA,NA,p.Gln38Ter,-0.916641435044248
urn:mavedb:00000068-c-1#7085,NA,NA,p.Gln38Tyr,0.9514496511487616
urn:mavedb:00000068-c-1#7086,NA,NA,p.Gln38Trp,1.0471572065341983
urn:mavedb:00000068-c-1#7087,NA,NA,p.Gln38Val,1.0979426895610849
urn:mavedb:00000068-c-1#7088,NA,NA,p.Gln38Thr,0.3511116078376876
urn:mavedb:00000068-c-1#7089,NA,NA,p.Gln38Ser,0.4882382143226561
urn:mavedb:00000068-c-1#7090,NA,NA,p.Gln38Arg,0.061365768271917885
urn:mavedb:00000068-c-1#7091,NA,NA,p.Gln38Pro,-0.6873096721730431
urn:mavedb:00000068-c-1#7092,NA,NA,p.Gln38Asn,1.2798223361035794
urn:mavedb:00000068-c-1#7093,NA,NA,p.Gln38Met,1.308223175609199
urn:mavedb:00000068-c-1#7094,NA,NA,p.Gln38Leu,0.2420328309168427
urn:mavedb:00000068-c-1#7095,NA,NA,p.Gln38Lys,0.2488811351752537
urn:mavedb:00000068-c-1#7096,NA,NA,p.Gln38Ile,0.6923637251412434
urn:mavedb:00000068-c-1#7097,NA,NA,p.Gln38His,0.8236642583435714
urn:mavedb:00000068-c-1#7098,NA,NA,p.Gln38Gly,0.9454737779238584
urn:mavedb:00000068-c-1#7099,NA,NA,p.Gln38Phe,0.4577294147629667
urn:mavedb:00000068-c-1#7100,NA,NA,p.Gln38Glu,0.5126019902392983
urn:mavedb:00000068-c-1#7101,NA,NA,p.Gln38Asp,0.94914007726741
urn:mavedb:00000068-c-1#7102,NA,NA,p.Gln38Cys,0.6776817520512276
urn:mavedb:00000068-c-1#7103,NA,NA,p.Gln38=,-0.02454727387135441
urn:mavedb:00000068-c-1#7104,NA,NA,p.Gln38Ala,0.4474731144792569
urn:mavedb:00000068-c-1#7105,NA,NA,p.Ser37Ter,-1.6597655201702215
urn:mavedb:00000068-c-1#7106,NA,NA,p.Ser37Tyr,0.7684769915793499
urn:mavedb:00000068-c-1#7107,NA,NA,p.Ser37Trp,0.7521958006267947
urn:mavedb:00000068-c-1#7108,NA,NA,p.Ser37Val,-0.8576812290699062
urn:mavedb:00000068-c-1#7109,NA,NA,p.Ala76Asp,0.6460827349417522
urn:mavedb:00000068-c-1#7110,NA,NA,p.Ala76Cys,-0.28511110045724536
urn:mavedb:00000068-c-1#7111,NA,NA,p.Ala76=,-0.12126543801417737
urn:mavedb:00000068-c-1#7112,NA,NA,p.Pro75Ter,-1.78333692672427
urn:mavedb:00000068-c-1#7113,NA,NA,p.Pro75Tyr,1.0799426328040096
urn:mavedb:00000068-c-1#7114,NA,NA,p.Pro75Trp,0.9950587564302132
urn:mavedb:00000068-c-1#7115,NA,NA,p.Pro75Val,0.3075923930025299
urn:mavedb:00000068-c-1#7116,NA,NA,p.Pro75Thr,0.7297809328406464
urn:mavedb:00000068-c-1#7117,NA,NA,p.Pro75Ser,0.6129810896992566
urn:mavedb:00000068-c-1#7118,NA,NA,p.Pro75Arg,0.2924403971026929
urn:mavedb:00000068-c-1#7119,NA,NA,p.Pro75Gln,0.2616884690946609
urn:mavedb:00000068-c-1#7120,NA,NA,p.Pro75Asn,0.5834961618092633
urn:mavedb:00000068-c-1#7121,NA,NA,p.Pro75Met,0.9816673664874768
urn:mavedb:00000068-c-1#7122,NA,NA,p.Pro75Leu,-0.4028797235288248
urn:mavedb:00000068-c-1#7123,NA,NA,p.Pro75Lys,0.5665678695140488
urn:mavedb:00000068-c-1#7124,NA,NA,p.Pro75Ile,0.3702178731387921
urn:mavedb:00000068-c-1#7125,NA,NA,p.Pro75His,0.44006443998945255
urn:mavedb:00000068-c-1#7126,NA,NA,p.Pro75Gly,0.21021810464737534
urn:mavedb:00000068-c-1#7127,NA,NA,p.Pro75Phe,0.8448260883175506
urn:mavedb:00000068-c-1#7128,NA,NA,p.Pro75Glu,0.30480608418370225
urn:mavedb:00000068-c-1#7129,NA,NA,p.Pro75Asp,0.307698634919548
urn:mavedb:00000068-c-1#7130,NA,NA,p.Pro75Cys,0.6693670046622282
urn:mavedb:00000068-c-1#7131,NA,NA,p.Pro75=,0.04459704938534025
urn:mavedb:00000068-c-1#7132,NA,NA,p.Pro75Ala,-0.03908844928895715
urn:mavedb:00000068-c-1#7133,NA,NA,p.Ala74Ter,-2.1497030120131355
urn:mavedb:00000068-c-1#7134,NA,NA,p.Ala74Tyr,0.8705235075139335
urn:mavedb:00000068-c-1#7135,NA,NA,p.Ala74Trp,0.3608324982285016
urn:mavedb:00000068-c-1#7136,NA,NA,p.Ala74Val,0.7004637167525053
urn:mavedb:00000068-c-1#7137,NA,NA,p.Ala74Thr,0.6132823537217842
urn:mavedb:00000068-c-1#7138,NA,NA,p.Ala74Ser,0.3533193769594721
urn:mavedb:00000068-c-1#7139,NA,NA,p.Ala74Arg,0.1446811464977968
urn:mavedb:00000068-c-1#7140,NA,NA,p.Ala74Gln,0.8399883394407835
urn:mavedb:00000068-c-1#7141,NA,NA,p.Ala74Pro,-0.2674341743599604
urn:mavedb:00000068-c-1#7142,NA,NA,p.Ala74Asn,0.17206868346488194
urn:mavedb:00000068-c-1#7143,NA,NA,p.Ala74Met,0.5992220084258131
urn:mavedb:00000068-c-1#7144,NA,NA,p.Ala74Leu,-0.0007033511556212487
urn:mavedb:00000068-c-1#7145,NA,NA,p.Ala74Lys,0.8123010392555944
urn:mavedb:00000068-c-1#7146,NA,NA,p.Ala74Ile,1.173799215073198
urn:mavedb:00000068-c-1#7147,NA,NA,p.Ala74His,0.08051840976067226
urn:mavedb:00000068-c-1#7148,NA,NA,p.Ala74Gly,0.0992823465217816
urn:mavedb:00000068-c-1#7149,NA,NA,p.Ala74Phe,0.8217431830250987
urn:mavedb:00000068-c-1#7150,NA,NA,p.Ala74Glu,0.9641006260565032
urn:mavedb:00000068-c-1#7151,NA,NA,p.Ala74Asp,0.5989671894068059
urn:mavedb:00000068-c-1#7152,NA,NA,p.Ala74Cys,-0.3411155045605607
urn:mavedb:00000068-c-1#7153,NA,NA,p.Ala74=,0.5133693097996564
urn:mavedb:00000068-c-1#7154,NA,NA,p.Val73Ter,-1.6481333371039733
urn:mavedb:00000068-c-1#7155,NA,NA,p.Val73Tyr,0.7693753510132345
urn:mavedb:00000068-c-1#7156,NA,NA,p.Val73Trp,-0.6928868501598103
urn:mavedb:00000068-c-1#7157,NA,NA,p.Val73Thr,0.38305847782247404
urn:mavedb:00000068-c-1#7158,NA,NA,p.Val73Ser,0.4950308177101842
urn:mavedb:00000068-c-1#7159,NA,NA,p.Val73Arg,-0.6880017626341693
urn:mavedb:00000068-c-1#7160,NA,NA,p.Val73Gln,0.985495716202279
urn:mavedb:00000068-c-1#7161,NA,NA,p.Val73Pro,-0.2673503697134946
urn:mavedb:00000068-c-1#7162,NA,NA,p.Val73Asn,0.6354359774726579
urn:mavedb:00000068-c-1#7163,NA,NA,p.Val73Met,0.6620703291554453
urn:mavedb:00000068-c-1#7164,NA,NA,p.Val73Leu,0.3809686696227925
urn:mavedb:00000068-c-1#7165,NA,NA,p.Val73Lys,0.3952697374161948
urn:mavedb:00000068-c-1#7166,NA,NA,p.Val73Ile,0.3416104254021074
urn:mavedb:00000068-c-1#7167,NA,NA,p.Val73His,0.3151591114242809
urn:mavedb:00000068-c-1#7168,NA,NA,p.Val73Gly,0.2451791211153074
urn:mavedb:00000068-c-1#7169,NA,NA,p.Val73Phe,0.6910650483625301
urn:mavedb:00000068-c-1#7170,NA,NA,p.Val73Glu,0.6151627155201052
urn:mavedb:00000068-c-1#7171,NA,NA,p.Val73Asp,-0.19371919460601852
urn:mavedb:00000068-c-1#7172,NA,NA,p.Val73Cys,-0.03258473478754412
urn:mavedb:00000068-c-1#7173,NA,NA,p.Val73=,0.5417056174386828
urn:mavedb:00000068-c-1#7174,NA,NA,p.Val73Ala,0.3016574475771073
urn:mavedb:00000068-c-1#7175,NA,NA,p.Arg72Ter,-2.010170696014081
urn:mavedb:00000068-c-1#7176,NA,NA,p.Arg72Tyr,0.7300917200463323
urn:mavedb:00000068-c-1#7177,NA,NA,p.Arg72Trp,-0.43376042047707625
urn:mavedb:00000068-c-1#7178,NA,NA,p.Arg72Val,0.993860882049436
urn:mavedb:00000068-c-1#7179,NA,NA,p.Arg72Thr,0.4675783188028184
urn:mavedb:00000068-c-1#7180,NA,NA,p.Arg72Ser,0.4895228906566172
urn:mavedb:00000068-c-1#7181,NA,NA,p.Arg72Gln,0.7385396120291342
urn:mavedb:00000068-c-1#7182,NA,NA,p.Arg72Pro,-0.4738265466569237
urn:mavedb:00000068-c-1#7183,NA,NA,p.Arg72Asn,1.208738088409638
urn:mavedb:00000068-c-1#7184,NA,NA,p.Arg72Met,1.042324814295588
urn:mavedb:00000068-c-1#7185,NA,NA,p.Arg72Leu,0.3776716380037874
urn:mavedb:00000068-c-1#7186,NA,NA,p.Arg72Lys,1.2440129102241235
urn:mavedb:00000068-c-1#7187,NA,NA,p.Arg72Ile,-0.3428621137502802
urn:mavedb:00000068-c-1#7188,NA,NA,p.Ser37Thr,0.7496074191234415
urn:mavedb:00000068-c-1#7189,NA,NA,p.Ser37Arg,0.01868450603539721
urn:mavedb:00000068-c-1#7190,NA,NA,p.Ser37Gln,1.0317592832948472
urn:mavedb:00000068-c-1#7191,NA,NA,p.Ser37Pro,-0.03492155928794631
urn:mavedb:00000068-c-1#7192,NA,NA,p.Ser37Asn,1.0960269362375752
urn:mavedb:00000068-c-1#7193,NA,NA,p.Ser37Met,0.5978080153017049
urn:mavedb:00000068-c-1#7194,NA,NA,p.Ser37Leu,0.8909968198826529
urn:mavedb:00000068-c-1#7195,NA,NA,p.Ser37Lys,1.1278686471247619
urn:mavedb:00000068-c-1#7196,NA,NA,p.Ser37Ile,0.8657495450844592
urn:mavedb:00000068-c-1#7197,NA,NA,p.Ser37His,1.4733876604767848
urn:mavedb:00000068-c-1#7198,NA,NA,p.Ser37Gly,0.9122429917952922
urn:mavedb:00000068-c-1#7199,NA,NA,p.Ser37Phe,0.4272468933413512
urn:mavedb:00000068-c-1#7200,NA,NA,p.Ser37Glu,1.1656697913623757
urn:mavedb:00000068-c-1#7201,NA,NA,p.Ser37Asp,0.6386567229110317
urn:mavedb:00000068-c-1#7202,NA,NA,p.Ser37Cys,0.9057971979188608
urn:mavedb:00000068-c-1#7203,NA,NA,p.Ser37=,0.4650811059750876
urn:mavedb:00000068-c-1#7204,NA,NA,p.Ser37Ala,0.0846213728393982
urn:mavedb:00000068-c-1#7205,NA,NA,p.Pro36Ter,-2.2210071912384506
urn:mavedb:00000068-c-1#7206,NA,NA,p.Pro36Tyr,1.4308251059851134
urn:mavedb:00000068-c-1#7207,NA,NA,p.Pro36Trp,0.208722455187214
urn:mavedb:00000068-c-1#7208,NA,NA,p.Pro36Val,0.5591448203363808
urn:mavedb:00000068-c-1#7209,NA,NA,p.Pro36Thr,0.506803385838136
urn:mavedb:00000068-c-1#7210,NA,NA,p.Pro36Ser,0.5632577413643798
urn:mavedb:00000068-c-1#7211,NA,NA,p.Pro36Arg,-0.560003757839562
urn:mavedb:00000068-c-1#7212,NA,NA,p.Pro36Gln,0.6505581391500207
urn:mavedb:00000068-c-1#7213,NA,NA,p.Pro36Asn,1.0414858463508772
urn:mavedb:00000068-c-1#7214,NA,NA,p.Leu35Trp,0.16139391561238076
urn:mavedb:00000068-c-1#7215,NA,NA,p.Leu35Val,1.0453281551524631
urn:mavedb:00000068-c-1#7216,NA,NA,p.Leu35Thr,0.5129113292727174
urn:mavedb:00000068-c-1#7217,NA,NA,p.Leu35Ser,0.4116876087067523
urn:mavedb:00000068-c-1#7218,NA,NA,p.Leu35Arg,0.7387268710331092
urn:mavedb:00000068-c-1#7219,NA,NA,p.Leu35Gln,0.6467621095060548
urn:mavedb:00000068-c-1#7220,NA,NA,p.Leu35Pro,0.6315943688613036
urn:mavedb:00000068-c-1#7221,NA,NA,p.Leu35Asn,1.18920256996164
urn:mavedb:00000068-c-1#7222,NA,NA,p.Leu35Met,0.8443880872345294
urn:mavedb:00000068-c-1#7223,NA,NA,p.Leu35Lys,1.2407268706764485
urn:mavedb:00000068-c-1#7224,NA,NA,p.Leu35Ile,0.7924698053712718
urn:mavedb:00000068-c-1#7225,NA,NA,p.Leu35His,0.6301941370950312
urn:mavedb:00000068-c-1#7226,NA,NA,p.Leu35Gly,0.28292449393142016
urn:mavedb:00000068-c-1#7227,NA,NA,p.Leu35Phe,0.542012719205048
urn:mavedb:00000068-c-1#7228,NA,NA,p.Leu35Glu,0.4802506120357934
urn:mavedb:00000068-c-1#7229,NA,NA,p.Leu35Asp,1.1351274278965648
urn:mavedb:00000068-c-1#7230,NA,NA,p.Leu35Cys,-1.0763209724760754
urn:mavedb:00000068-c-1#7231,NA,NA,p.Leu35=,-0.10822368472981926
urn:mavedb:00000068-c-1#7232,NA,NA,p.Leu35Ala,0.8153767523491843
urn:mavedb:00000068-c-1#7233,NA,NA,p.Pro34Ter,-1.3724077617714645
urn:mavedb:00000068-c-1#7234,NA,NA,p.Pro34Tyr,1.0953582774479207
urn:mavedb:00000068-c-1#7235,NA,NA,p.Pro34Trp,1.64915297869577
urn:mavedb:00000068-c-1#7236,NA,NA,p.Pro34Val,0.7182427471351431
urn:mavedb:00000068-c-1#7237,NA,NA,p.Pro34Thr,0.6748876496553531
urn:mavedb:00000068-c-1#7238,NA,NA,p.Pro34Ser,0.7720892527747326
urn:mavedb:00000068-c-1#7239,NA,NA,p.Pro34Arg,1.0068248104034938
urn:mavedb:00000068-c-1#7240,NA,NA,p.Pro34Gln,1.2331357314550162
urn:mavedb:00000068-c-1#7241,NA,NA,p.Pro34Asn,0.708886120056386
urn:mavedb:00000068-c-1#7242,NA,NA,p.Pro34Met,1.1455195361628172
urn:mavedb:00000068-c-1#7243,NA,NA,p.Pro34Leu,0.28430997401906033
urn:mavedb:00000068-c-1#7244,NA,NA,p.Pro34Lys,1.0341702228120746
urn:mavedb:00000068-c-1#7245,NA,NA,p.Pro34Ile,1.4535019320570743
urn:mavedb:00000068-c-1#7246,NA,NA,p.Pro34His,0.7107153950919521
urn:mavedb:00000068-c-1#7247,NA,NA,p.Pro34Gly,0.9975859940356288
urn:mavedb:00000068-c-1#7248,NA,NA,p.Pro34Phe,1.3529712344473113
urn:mavedb:00000068-c-1#7249,NA,NA,p.Pro34Glu,0.7537043171560048
urn:mavedb:00000068-c-1#7250,NA,NA,p.Pro34Asp,0.3820777549632912
urn:mavedb:00000068-c-1#7251,NA,NA,p.Pro34Cys,2.099894376307363
urn:mavedb:00000068-c-1#7252,NA,NA,p.Pro34=,-0.4537199226074225
urn:mavedb:00000068-c-1#7253,NA,NA,p.Pro34Ala,0.5724148417555487
urn:mavedb:00000068-c-1#7254,NA,NA,p.Ser33Ter,-1.6505146226901124
urn:mavedb:00000068-c-1#7255,NA,NA,p.Ser33Tyr,0.564607346805573
urn:mavedb:00000068-c-1#7256,NA,NA,p.Ser33Trp,1.2245202112096016
urn:mavedb:00000068-c-1#7257,NA,NA,p.Ser33Val,-1.0143113892494526
urn:mavedb:00000068-c-1#7258,NA,NA,p.Ser33Thr,0.8618858612725805
urn:mavedb:00000068-c-1#7259,NA,NA,p.Ser33Arg,1.3424355143028284
urn:mavedb:00000068-c-1#7260,NA,NA,p.Ser33Gln,1.4604590386732883
urn:mavedb:00000068-c-1#7261,NA,NA,p.Ser33Pro,-0.5175009349936344
urn:mavedb:00000068-c-1#7262,NA,NA,p.Ser33Asn,0.5326617488259845
urn:mavedb:00000068-c-1#7263,NA,NA,p.Ser33Met,0.8842019945149393
urn:mavedb:00000068-c-1#7264,NA,NA,p.Ser33Leu,0.5152411933666861
urn:mavedb:00000068-c-1#7265,NA,NA,p.Ser33Lys,0.5090649486610271
urn:mavedb:00000068-c-1#7266,NA,NA,p.Ser33Ile,0.9566322332884456
urn:mavedb:00000068-c-1#7267,NA,NA,p.Ser33His,1.105275572532903
urn:mavedb:00000068-c-1#7268,NA,NA,p.Ser33Gly,0.2629375221239614
urn:mavedb:00000068-c-1#7269,NA,NA,p.Ser33Phe,0.7282203178699559
urn:mavedb:00000068-c-1#7270,NA,NA,p.Ser33Glu,1.2913054454030992
urn:mavedb:00000068-c-1#7271,NA,NA,p.Ser33Asp,0.91809898995655
urn:mavedb:00000068-c-1#7272,NA,NA,p.Ser33Cys,0.5240853840569275
urn:mavedb:00000068-c-1#7273,NA,NA,p.Ser33=,0.5120495977518397
urn:mavedb:00000068-c-1#7274,NA,NA,p.Ser33Ala,-0.5944679278037345
urn:mavedb:00000068-c-1#7275,NA,NA,p.Leu32Ter,-1.3573204158927352
urn:mavedb:00000068-c-1#7276,NA,NA,p.Leu32Tyr,0.4685000882484965
urn:mavedb:00000068-c-1#7277,NA,NA,p.Leu32Trp,1.5332351933240955
urn:mavedb:00000068-c-1#7278,NA,NA,p.Leu32Val,0.0719539612630551
urn:mavedb:00000068-c-1#7279,NA,NA,p.Leu32Thr,0.6069771098212706
urn:mavedb:00000068-c-1#7280,NA,NA,p.Leu32Ser,-1.3995059565356052
urn:mavedb:00000068-c-1#7281,NA,NA,p.Leu32Arg,0.022888570999845877
urn:mavedb:00000068-c-1#7282,NA,NA,p.Leu32Gln,0.24522899644953944
urn:mavedb:00000068-c-1#7283,NA,NA,p.Leu32Pro,0.6581326520358761
urn:mavedb:00000068-c-1#7284,NA,NA,p.Leu32Asn,-0.4986367097528574
urn:mavedb:00000068-c-1#7285,NA,NA,p.Leu32Met,0.5132746564785844
urn:mavedb:00000068-c-1#7286,NA,NA,p.Leu32Lys,1.1027856583225666
urn:mavedb:00000068-c-1#7287,NA,NA,p.Leu32Ile,0.8708214111943778
urn:mavedb:00000068-c-1#7288,NA,NA,p.Leu32His,0.5158901803668987
urn:mavedb:00000068-c-1#7289,NA,NA,p.Leu32Gly,0.2556945135797677
urn:mavedb:00000068-c-1#7290,NA,NA,p.Leu32Phe,-0.4869153875455466
urn:mavedb:00000068-c-1#7291,NA,NA,p.Leu32Glu,-0.5298513886740671
urn:mavedb:00000068-c-1#7292,NA,NA,p.Leu32Asp,0.7679690794226833
urn:mavedb:00000068-c-1#7293,NA,NA,p.Leu32Cys,-1.234251799000562
urn:mavedb:00000068-c-1#7294,NA,NA,p.Leu32=,-0.33195654330845525
urn:mavedb:00000068-c-1#7295,NA,NA,p.Leu32Ala,-0.34536176621503123
urn:mavedb:00000068-c-1#7296,NA,NA,p.Val31Ter,-1.5662452752120286
urn:mavedb:00000068-c-1#7297,NA,NA,p.Val31Tyr,0.4848672030172165
urn:mavedb:00000068-c-1#7298,NA,NA,p.Val31Trp,0.6309365917891326
urn:mavedb:00000068-c-1#7299,NA,NA,p.Val31Thr,-0.3716622899488344
urn:mavedb:00000068-c-1#7300,NA,NA,p.Val31Ser,-0.20335931101353533
urn:mavedb:00000068-c-1#7301,NA,NA,p.Val31Arg,-1.2765186672679922
urn:mavedb:00000068-c-1#7302,NA,NA,p.Val31Gln,0.3012339899112902
urn:mavedb:00000068-c-1#7303,NA,NA,p.Val31Pro,-0.05535906873655462
urn:mavedb:00000068-c-1#7304,NA,NA,p.Val31Asn,0.2823198843758695
urn:mavedb:00000068-c-1#7305,NA,NA,p.Val31Met,0.6618172049637041
urn:mavedb:00000068-c-1#7306,NA,NA,p.Val31Leu,-0.4501814925851319
urn:mavedb:00000068-c-1#7307,NA,NA,p.Val31Lys,0.5456507852431945
urn:mavedb:00000068-c-1#7308,NA,NA,p.Val31Ile,0.3078599048930224
urn:mavedb:00000068-c-1#7309,NA,NA,p.Val31His,-0.1686106723366376
urn:mavedb:00000068-c-1#7310,NA,NA,p.Val31Gly,-0.14006365658033595
urn:mavedb:00000068-c-1#7311,NA,NA,p.Val31Phe,-0.2526173163937638
urn:mavedb:00000068-c-1#7312,NA,NA,p.Val31Glu,0.3961341828073109
urn:mavedb:00000068-c-1#7313,NA,NA,p.Val31Asp,0.31560856088143185
urn:mavedb:00000068-c-1#7314,NA,NA,p.Val31Cys,0.026642379941732453
urn:mavedb:00000068-c-1#7315,NA,NA,p.Val31=,-0.5011218678728661
urn:mavedb:00000068-c-1#7316,NA,NA,p.Val31Ala,0.4234059684977645
urn:mavedb:00000068-c-1#7317,NA,NA,p.Asn30Ter,-1.7649085396758808
urn:mavedb:00000068-c-1#7318,NA,NA,p.Asn30Tyr,0.9701405024409642
urn:mavedb:00000068-c-1#7319,NA,NA,p.Asn30Trp,0.6232143005593559
urn:mavedb:00000068-c-1#7320,NA,NA,p.Asn30Val,0.6613545930741739
urn:mavedb:00000068-c-1#7321,NA,NA,p.Asn30Thr,-0.6137617436598832
urn:mavedb:00000068-c-1#7322,NA,NA,p.Asn30Ser,0.23663740579257644
urn:mavedb:00000068-c-1#7323,NA,NA,p.Asn30Arg,0.10421083996839536
urn:mavedb:00000068-c-1#7324,NA,NA,p.Asn30Gln,-1.1976016967510303
urn:mavedb:00000068-c-1#7325,NA,NA,p.Asn30Pro,0.8512205342227533
urn:mavedb:00000068-c-1#7326,NA,NA,p.Asn30Met,0.6371955864052367
urn:mavedb:00000068-c-1#7327,NA,NA,p.Asn30Leu,0.4790302825281637
urn:mavedb:00000068-c-1#7328,NA,NA,p.Asn30Lys,0.3660752693045725
urn:mavedb:00000068-c-1#7329,NA,NA,p.Asn30Ile,0.9190722013150304
urn:mavedb:00000068-c-1#7330,NA,NA,p.Asn30His,-0.9812278140967492
urn:mavedb:00000068-c-1#7331,NA,NA,p.Asn30Gly,0.4822972819100137
urn:mavedb:00000068-c-1#7332,NA,NA,p.Asn30Phe,0.8516221539175992
urn:mavedb:00000068-c-1#7333,NA,NA,p.Asn30Glu,0.24628297889683085
urn:mavedb:00000068-c-1#7334,NA,NA,p.Asn30Asp,0.026992382879529358
urn:mavedb:00000068-c-1#7335,NA,NA,p.Asn30Cys,0.8215238350957742
urn:mavedb:00000068-c-1#7336,NA,NA,p.Asn30=,0.2015792802081218
urn:mavedb:00000068-c-1#7337,NA,NA,p.Asn30Ala,0.5946471945533867
urn:mavedb:00000068-c-1#7338,NA,NA,p.Asn29Ter,-1.656031246186932
urn:mavedb:00000068-c-1#7339,NA,NA,p.Asn29Tyr,0.7939906261907629
urn:mavedb:00000068-c-1#7340,NA,NA,p.Asn29Trp,0.9146982168469122
urn:mavedb:00000068-c-1#7341,NA,NA,p.Asn29Val,0.7083154000834455
urn:mavedb:00000068-c-1#7342,NA,NA,p.Asn29Thr,-0.3718825759544436
urn:mavedb:00000068-c-1#7343,NA,NA,p.Asn29Ser,0.4444178446831237
urn:mavedb:00000068-c-1#7344,NA,NA,p.Asn29Arg,0.8234760710785363
urn:mavedb:00000068-c-1#7345,NA,NA,p.Asn29Gln,0.2207544931175553
urn:mavedb:00000068-c-1#7346,NA,NA,p.Asn29Pro,0.9852483629978144
urn:mavedb:00000068-c-1#7347,NA,NA,p.Asn29Met,0.7558425421356924
urn:mavedb:00000068-c-1#7348,NA,NA,p.Asn29Leu,0.8736294803768222
urn:mavedb:00000068-c-1#7349,NA,NA,p.Asn29Lys,-0.9153046310375904
urn:mavedb:00000068-c-1#7350,NA,NA,p.Asn29Ile,0.4632405806032388
urn:mavedb:00000068-c-1#7351,NA,NA,p.Asn29His,0.2255070938274061
urn:mavedb:00000068-c-1#7352,NA,NA,p.Asn29Gly,0.2908389389723994
urn:mavedb:00000068-c-1#7353,NA,NA,p.Asn29Phe,0.7858283983283997
urn:mavedb:00000068-c-1#7354,NA,NA,p.Asn29Glu,-0.06399323111587711
urn:mavedb:00000068-c-1#7355,NA,NA,p.Asn29Asp,0.1583032171112864
urn:mavedb:00000068-c-1#7356,NA,NA,p.Asn29Cys,0.6864241726649438
urn:mavedb:00000068-c-1#7357,NA,NA,p.Asn29=,-0.20129278127010056
urn:mavedb:00000068-c-1#7358,NA,NA,p.Asn29Ala,0.9396694627510136
urn:mavedb:00000068-c-1#7359,NA,NA,p.Glu28Ter,-1.5175837823577791
urn:mavedb:00000068-c-1#7360,NA,NA,p.Glu28Tyr,0.30148196441171904
urn:mavedb:00000068-c-1#7361,NA,NA,p.Glu28Trp,0.5111189610339345
urn:mavedb:00000068-c-1#7362,NA,NA,p.Glu28Val,0.6288971771615384
urn:mavedb:00000068-c-1#7363,NA,NA,p.Glu28Thr,0.5080512429419646
urn:mavedb:00000068-c-1#7364,NA,NA,p.Glu28Ser,0.3140723677261936
urn:mavedb:00000068-c-1#7365,NA,NA,p.Glu28Arg,-0.19826290883499387
urn:mavedb:00000068-c-1#7366,NA,NA,p.Glu28Gln,0.3991626622281047
urn:mavedb:00000068-c-1#7367,NA,NA,p.Glu28Pro,0.16955719708589356
urn:mavedb:00000068-c-1#7368,NA,NA,p.Glu28Asn,0.2461584282435633
urn:mavedb:00000068-c-1#7369,NA,NA,p.Glu28Met,0.3138655873819228
urn:mavedb:00000068-c-1#7370,NA,NA,p.Glu28Leu,-0.03515298295040658
urn:mavedb:00000068-c-1#7371,NA,NA,p.Glu28Lys,-0.021413787146853557
urn:mavedb:00000068-c-1#7372,NA,NA,p.Glu28Ile,0.6802662352877212
urn:mavedb:00000068-c-1#7373,NA,NA,p.Glu28His,0.6135285548161824
urn:mavedb:00000068-c-1#7374,NA,NA,p.Glu28Gly,0.2860640859085801
urn:mavedb:00000068-c-1#7375,NA,NA,p.Glu28Phe,0.3705101075363979
urn:mavedb:00000068-c-1#7376,NA,NA,p.Glu28Asp,0.4601070183805032
urn:mavedb:00000068-c-1#7377,NA,NA,p.Glu28Cys,0.7029878804828973
urn:mavedb:00000068-c-1#7378,NA,NA,p.Glu28=,-0.06570820524094839
urn:mavedb:00000068-c-1#7379,NA,NA,p.Glu28Ala,0.7469100363584276
urn:mavedb:00000068-c-1#7380,NA,NA,p.Pro27Ter,-1.392637554399434
urn:mavedb:00000068-c-1#7381,NA,NA,p.Pro27Tyr,0.6365167842048233
urn:mavedb:00000068-c-1#7382,NA,NA,p.Pro27Trp,0.6671021640420505
urn:mavedb:00000068-c-1#7383,NA,NA,p.Pro27Val,0.7048408315649971
urn:mavedb:00000068-c-1#7384,NA,NA,p.Pro27Thr,0.3251046426075127
urn:mavedb:00000068-c-1#7385,NA,NA,p.Pro27Ser,-1.3486555816328964
urn:mavedb:00000068-c-1#7386,NA,NA,p.Pro27Arg,0.2656202934592557
urn:mavedb:00000068-c-1#7387,NA,NA,p.Pro27Gln,0.7239797023426247
urn:mavedb:00000068-c-1#7388,NA,NA,p.Pro27Asn,0.5223873244274811
urn:mavedb:00000068-c-1#7389,NA,NA,p.Pro27Met,0.5317190923551562
urn:mavedb:00000068-c-1#7390,NA,NA,p.Pro27Leu,-0.7837256917727922
urn:mavedb:00000068-c-1#7391,NA,NA,p.Pro27Lys,0.4081574877883421
urn:mavedb:00000068-c-1#7392,NA,NA,p.Pro27Ile,0.8760249575523765
urn:mavedb:00000068-c-1#7393,NA,NA,p.Pro27His,0.4195768781641897
urn:mavedb:00000068-c-1#7394,NA,NA,p.Pro27Gly,0.7378041000416434
urn:mavedb:00000068-c-1#7395,NA,NA,p.Pro27Phe,-0.13783752668876126
urn:mavedb:00000068-c-1#7396,NA,NA,p.Pro27Glu,0.8550224525233562
urn:mavedb:00000068-c-1#7397,NA,NA,p.Pro27Asp,0.5217760272377862
urn:mavedb:00000068-c-1#7398,NA,NA,p.Pro27Cys,0.7850896275384778
urn:mavedb:00000068-c-1#7399,NA,NA,p.Pro27=,-0.05232754097784995
urn:mavedb:00000068-c-1#7400,NA,NA,p.Pro27Ala,0.269987889282131
urn:mavedb:00000068-c-1#7401,NA,NA,p.Leu26Ter,-1.5983435665551171
urn:mavedb:00000068-c-1#7402,NA,NA,p.Leu26Tyr,-1.736973553540539
urn:mavedb:00000068-c-1#7403,NA,NA,p.Leu26Trp,-1.2422331332772996
urn:mavedb:00000068-c-1#7404,NA,NA,p.Glu62Ala,0.3915473868164236
urn:mavedb:00000068-c-1#7405,NA,NA,p.Asp61Ter,-1.6577963644938254
urn:mavedb:00000068-c-1#7406,NA,NA,p.Asp61Tyr,0.4989278326628437
urn:mavedb:00000068-c-1#7407,NA,NA,p.Asp61Trp,0.5171805008541552
urn:mavedb:00000068-c-1#7408,NA,NA,p.Asp61Val,0.12319610546144052
urn:mavedb:00000068-c-1#7409,NA,NA,p.Asp61Thr,0.7847457558860298
urn:mavedb:00000068-c-1#7410,NA,NA,p.Asp61Ser,-0.3898008684089098
urn:mavedb:00000068-c-1#7411,NA,NA,p.Asp61Arg,0.04910710962114903
urn:mavedb:00000068-c-1#7412,NA,NA,p.Asp61Gln,0.7801629309662866
urn:mavedb:00000068-c-1#7413,NA,NA,p.Asp61Pro,1.1896989505772102
urn:mavedb:00000068-c-1#7414,NA,NA,p.Asp61Asn,0.5829150779610626
urn:mavedb:00000068-c-1#7415,NA,NA,p.Asp61Met,-0.09876461235302073
urn:mavedb:00000068-c-1#7416,NA,NA,p.Asp61Leu,1.0488887966867948
urn:mavedb:00000068-c-1#7417,NA,NA,p.Asp61Lys,0.320118160203599
urn:mavedb:00000068-c-1#7418,NA,NA,p.Asp61Ile,0.8771224305597719
urn:mavedb:00000068-c-1#7419,NA,NA,p.Asp61His,0.2011390713714049
urn:mavedb:00000068-c-1#7420,NA,NA,p.Asp61Gly,0.5310161066779943
urn:mavedb:00000068-c-1#7421,NA,NA,p.Asp61Phe,0.5340359474547394
urn:mavedb:00000068-c-1#7422,NA,NA,p.Asp61Glu,0.5037963982078231
urn:mavedb:00000068-c-1#7423,NA,NA,p.Asp61Cys,1.3863611525859094
urn:mavedb:00000068-c-1#7424,NA,NA,p.Asp61=,0.2076715213646939
urn:mavedb:00000068-c-1#7425,NA,NA,p.Asp61Ala,0.9542662734690688
urn:mavedb:00000068-c-1#7426,NA,NA,p.Pro60Ter,-1.8143472650317285
urn:mavedb:00000068-c-1#7427,NA,NA,p.Pro60Tyr,1.0287271704473522
urn:mavedb:00000068-c-1#7428,NA,NA,p.Pro60Trp,-0.3027670987975507
urn:mavedb:00000068-c-1#7429,NA,NA,p.Pro60Val,0.5107116784685991
urn:mavedb:00000068-c-1#7430,NA,NA,p.Pro60Thr,0.5315876336542263
urn:mavedb:00000068-c-1#7431,NA,NA,p.Pro60Ser,-0.2231984349915828
urn:mavedb:00000068-c-1#7432,NA,NA,p.Pro60Arg,0.30922253672827105
urn:mavedb:00000068-c-1#7433,NA,NA,p.Pro60Gln,0.5121636806629039
urn:mavedb:00000068-c-1#7434,NA,NA,p.Pro60Asn,0.8115632751913674
urn:mavedb:00000068-c-1#7435,NA,NA,p.Pro60Met,1.1064067700222022
urn:mavedb:00000068-c-1#7436,NA,NA,p.Pro60Leu,0.2712722002919351
urn:mavedb:00000068-c-1#7437,NA,NA,p.Pro60Lys,1.20387449998317
urn:mavedb:00000068-c-1#7438,NA,NA,p.Pro60Ile,0.9348448236341136
urn:mavedb:00000068-c-1#7439,NA,NA,p.Pro60His,0.6670986070600442
urn:mavedb:00000068-c-1#7440,NA,NA,p.Pro60Gly,0.7430269443303608
urn:mavedb:00000068-c-1#7441,NA,NA,p.Pro60Phe,1.0476971985193348
urn:mavedb:00000068-c-1#7442,NA,NA,p.Pro60Glu,1.5129391584291647
urn:mavedb:00000068-c-1#7443,NA,NA,p.Pro60Asp,0.17292233385783018
urn:mavedb:00000068-c-1#7444,NA,NA,p.Pro60Cys,1.1075693325190563
urn:mavedb:00000068-c-1#7445,NA,NA,p.Pro60=,0.21578823812556705
urn:mavedb:00000068-c-1#7446,NA,NA,p.Pro60Ala,0.0097265014697501
urn:mavedb:00000068-c-1#7447,NA,NA,p.Gly59Ter,-1.851023897684443
urn:mavedb:00000068-c-1#7448,NA,NA,p.Gly59Tyr,0.8759273643692382
urn:mavedb:00000068-c-1#7449,NA,NA,p.Gly59Trp,0.7964416486179745
urn:mavedb:00000068-c-1#7450,NA,NA,p.Gly59Val,0.3945974600538078
urn:mavedb:00000068-c-1#7451,NA,NA,p.Gly59Thr,0.4673856094346584
urn:mavedb:00000068-c-1#7452,NA,NA,p.Gly59Ser,0.5732628962559716
urn:mavedb:00000068-c-1#7453,NA,NA,p.Gly59Arg,-0.2407431919140121
urn:mavedb:00000068-c-1#7454,NA,NA,p.Gly59Gln,0.9929594530308291
urn:mavedb:00000068-c-1#7455,NA,NA,p.Gly59Pro,1.1486988689129247
urn:mavedb:00000068-c-1#7456,NA,NA,p.Gly59Asn,0.3565822577844664
urn:mavedb:00000068-c-1#7457,NA,NA,p.Gly59Met,0.7663553414603596
urn:mavedb:00000068-c-1#7458,NA,NA,p.Gly59Leu,1.0135189387164376
urn:mavedb:00000068-c-1#7459,NA,NA,p.Gly59Lys,1.0452610643966982
urn:mavedb:00000068-c-1#7460,NA,NA,p.Gly59Ile,0.78098519478063
urn:mavedb:00000068-c-1#7461,NA,NA,p.Gly59His,1.2757386955922658
urn:mavedb:00000068-c-1#7462,NA,NA,p.Gly59Phe,0.5903305118180849
urn:mavedb:00000068-c-1#7463,NA,NA,p.Gly59Glu,0.7606774950330276
urn:mavedb:00000068-c-1#7464,NA,NA,p.Gly59Asp,0.7219509035817052
urn:mavedb:00000068-c-1#7465,NA,NA,p.Gly59Cys,0.6123828605886334
urn:mavedb:00000068-c-1#7466,NA,NA,p.Gly59=,0.5817468970278252
urn:mavedb:00000068-c-1#7467,NA,NA,p.Gly59Ala,0.6069476006590506
urn:mavedb:00000068-c-1#7468,NA,NA,p.Pro58Ter,-1.8802404882600618
urn:mavedb:00000068-c-1#7469,NA,NA,p.Pro58Tyr,0.6294922642542623
urn:mavedb:00000068-c-1#7470,NA,NA,p.Pro58Trp,0.9749642318117212
urn:mavedb:00000068-c-1#7471,NA,NA,p.Pro58Val,0.6428730946865145
urn:mavedb:00000068-c-1#7472,NA,NA,p.Pro58Thr,0.6601749910475073
urn:mavedb:00000068-c-1#7473,NA,NA,p.Pro58Ser,0.8197582208941853
urn:mavedb:00000068-c-1#7474,NA,NA,p.Pro58Arg,-0.01919403168635375
urn:mavedb:00000068-c-1#7475,NA,NA,p.Pro58Gln,0.4521881028328944
urn:mavedb:00000068-c-1#7476,NA,NA,p.Pro58Asn,1.3935493994197117
urn:mavedb:00000068-c-1#7477,NA,NA,p.Pro58Met,0.4183934402836872
urn:mavedb:00000068-c-1#7478,NA,NA,p.Pro58Leu,0.4333862965442457
urn:mavedb:00000068-c-1#7479,NA,NA,p.Pro58Lys,1.2389978365939185
urn:mavedb:00000068-c-1#7480,NA,NA,p.Pro58Ile,0.6058195892786419
urn:mavedb:00000068-c-1#7481,NA,NA,p.Pro58His,0.8901693035034112
urn:mavedb:00000068-c-1#7482,NA,NA,p.Pro58Gly,0.7330990745408397
urn:mavedb:00000068-c-1#7483,NA,NA,p.Pro58Phe,1.1354338202734204
urn:mavedb:00000068-c-1#7484,NA,NA,p.Pro58Glu,0.9451294608080484
urn:mavedb:00000068-c-1#7485,NA,NA,p.Pro58Asp,1.3001642920434038
urn:mavedb:00000068-c-1#7486,NA,NA,p.Pro58Cys,0.8639848578128659
urn:mavedb:00000068-c-1#7487,NA,NA,p.Pro58=,-0.2682400206201688
urn:mavedb:00000068-c-1#7488,NA,NA,p.Pro58Ala,1.018949087028153
urn:mavedb:00000068-c-1#7489,NA,NA,p.Asp57Ter,-1.8144799167322896
urn:mavedb:00000068-c-1#7490,NA,NA,p.Asp57Tyr,0.67281344779687
urn:mavedb:00000068-c-1#7491,NA,NA,p.Asp57Trp,0.2615941476968886
urn:mavedb:00000068-c-1#7492,NA,NA,p.Asp57Val,1.1902721558801197
urn:mavedb:00000068-c-1#7493,NA,NA,p.Asp57Thr,0.2437541483105672
urn:mavedb:00000068-c-1#7494,NA,NA,p.Asp57Ser,0.5969603166556786
urn:mavedb:00000068-c-1#7495,NA,NA,p.Asp57Arg,-0.5513509878249236
urn:mavedb:00000068-c-1#7496,NA,NA,p.Asp57Gln,1.0963217593557248
urn:mavedb:00000068-c-1#7497,NA,NA,p.Asp57Pro,1.2305154097070947
urn:mavedb:00000068-c-1#7498,NA,NA,p.Asp57Asn,0.35305814099367605
urn:mavedb:00000068-c-1#7499,NA,NA,p.Glu56Ala,0.92355532664107
urn:mavedb:00000068-c-1#7500,NA,NA,p.Thr55Ter,-1.672664274044558
urn:mavedb:00000068-c-1#7501,NA,NA,p.Thr55Tyr,0.7780813254452876
urn:mavedb:00000068-c-1#7502,NA,NA,p.Thr55Trp,1.1758802898074885
urn:mavedb:00000068-c-1#7503,NA,NA,p.Thr55Val,0.43121843425934736
urn:mavedb:00000068-c-1#7504,NA,NA,p.Thr55Ser,0.5357286496205702
urn:mavedb:00000068-c-1#7505,NA,NA,p.Thr55Arg,0.277404251993984
urn:mavedb:00000068-c-1#7506,NA,NA,p.Thr55Gln,0.08243792502570305
urn:mavedb:00000068-c-1#7507,NA,NA,p.Thr55Pro,0.1771090209029209
urn:mavedb:00000068-c-1#7508,NA,NA,p.Thr55Asn,0.6491523793630113
urn:mavedb:00000068-c-1#7509,NA,NA,p.Thr55Met,0.6816945157624105
urn:mavedb:00000068-c-1#7510,NA,NA,p.Thr55Leu,-0.4128441246723648
urn:mavedb:00000068-c-1#7511,NA,NA,p.Thr55Lys,1.1630900620070483
urn:mavedb:00000068-c-1#7512,NA,NA,p.Thr55Ile,0.4669899695613898
urn:mavedb:00000068-c-1#7513,NA,NA,p.Thr55His,-0.11142539737198924
urn:mavedb:00000068-c-1#7514,NA,NA,p.Thr55Gly,1.18385292749465
urn:mavedb:00000068-c-1#7515,NA,NA,p.Thr55Phe,0.5291151239612613
urn:mavedb:00000068-c-1#7516,NA,NA,p.Thr55Glu,0.7261999609304034
urn:mavedb:00000068-c-1#7517,NA,NA,p.Thr55Asp,1.0988919685956309
urn:mavedb:00000068-c-1#7518,NA,NA,p.Thr55Cys,0.7840786216502434
urn:mavedb:00000068-c-1#7519,NA,NA,p.Thr55=,0.3113716002275009
urn:mavedb:00000068-c-1#7520,NA,NA,p.Thr55Ala,0.2982747038012469
urn:mavedb:00000068-c-1#7521,NA,NA,p.Phe54Ter,-1.7530849062946208
urn:mavedb:00000068-c-1#7522,NA,NA,p.Phe54Tyr,0.8892169346142901
urn:mavedb:00000068-c-1#7523,NA,NA,p.Phe54Trp,0.9750543872900002
urn:mavedb:00000068-c-1#7524,NA,NA,p.Phe54Val,-0.22060085230645876
urn:mavedb:00000068-c-1#7525,NA,NA,p.Phe54Thr,0.7847163178069126
urn:mavedb:00000068-c-1#7526,NA,NA,p.Phe54Ser,-0.06327262660126612
urn:mavedb:00000068-c-1#7527,NA,NA,p.Phe54Arg,0.7925053273135603
urn:mavedb:00000068-c-1#7528,NA,NA,p.Phe54Gln,1.41897351754988
urn:mavedb:00000068-c-1#7529,NA,NA,p.Phe54Pro,1.17217895912209
urn:mavedb:00000068-c-1#7530,NA,NA,p.Phe54Asn,1.3210541660376385
urn:mavedb:00000068-c-1#7531,NA,NA,p.Phe54Met,0.5833734435988741
urn:mavedb:00000068-c-1#7532,NA,NA,p.Phe54Leu,0.6474220714785561
urn:mavedb:00000068-c-1#7533,NA,NA,p.Phe54Lys,0.05799111668991045
urn:mavedb:00000068-c-1#7534,NA,NA,p.Phe54Ile,0.16093312159829104
urn:mavedb:00000068-c-1#7535,NA,NA,p.Phe54His,1.0928839020549974
urn:mavedb:00000068-c-1#7536,NA,NA,p.Phe54Gly,0.9575814584532564
urn:mavedb:00000068-c-1#7537,NA,NA,p.Phe54Glu,0.8249225699175798
urn:mavedb:00000068-c-1#7538,NA,NA,p.Phe54Asp,0.5391192512585198
urn:mavedb:00000068-c-1#7539,NA,NA,p.Phe54Cys,0.801967285955925
urn:mavedb:00000068-c-1#7540,NA,NA,p.Phe54=,0.39041847942448304
urn:mavedb:00000068-c-1#7541,NA,NA,p.Phe54Ala,0.94921059947268
urn:mavedb:00000068-c-1#7542,NA,NA,p.Trp53Ter,-0.9796258577573824
urn:mavedb:00000068-c-1#7543,NA,NA,p.Trp53Tyr,1.0017432935130592
urn:mavedb:00000068-c-1#7544,NA,NA,p.Trp53Val,1.0428019576735292
urn:mavedb:00000068-c-1#7545,NA,NA,p.Trp53Thr,1.033207403250702
urn:mavedb:00000068-c-1#7546,NA,NA,p.Trp53Ser,0.749227617259635
urn:mavedb:00000068-c-1#7547,NA,NA,p.Trp53Arg,0.5499440712135326
urn:mavedb:00000068-c-1#7548,NA,NA,p.Trp53Gln,0.6521866681258224
urn:mavedb:00000068-c-1#7549,NA,NA,p.Trp53Pro,0.04860098714626032
urn:mavedb:00000068-c-1#7550,NA,NA,p.Trp53Asn,0.0751850847919122
urn:mavedb:00000068-c-1#7551,NA,NA,p.Trp53Met,-0.6429063829631851
urn:mavedb:00000068-c-1#7552,NA,NA,p.Trp53Leu,0.5469394538827592
urn:mavedb:00000068-c-1#7553,NA,NA,p.Trp53Lys,-0.5025946948494784
urn:mavedb:00000068-c-1#7554,NA,NA,p.Trp53Ile,0.622640937570477
urn:mavedb:00000068-c-1#7555,NA,NA,p.Trp53His,1.1069097259160203
urn:mavedb:00000068-c-1#7556,NA,NA,p.Trp53Gly,-0.08062106767713666
urn:mavedb:00000068-c-1#7557,NA,NA,p.Trp53Phe,0.4159739189397227
urn:mavedb:00000068-c-1#7558,NA,NA,p.Trp53Glu,0.9391087427671232
urn:mavedb:00000068-c-1#7559,NA,NA,p.Trp53Asp,0.6521455295593468
urn:mavedb:00000068-c-1#7560,NA,NA,p.Trp53Cys,0.44077641937101897
urn:mavedb:00000068-c-1#7561,NA,NA,p.Trp53Ala,1.0139038348406435
urn:mavedb:00000068-c-1#7562,NA,NA,p.Gln52Ter,-0.5405925258879033
urn:mavedb:00000068-c-1#7563,NA,NA,p.Gln52Tyr,1.1911440643330524
urn:mavedb:00000068-c-1#7564,NA,NA,p.Gln52Trp,1.019628295570271
urn:mavedb:00000068-c-1#7565,NA,NA,p.Gln52Val,0.9140967902822084
urn:mavedb:00000068-c-1#7566,NA,NA,p.Gln52Thr,-0.8015392785242768
urn:mavedb:00000068-c-1#7567,NA,NA,p.Gln52Ser,0.13999785750739396
urn:mavedb:00000068-c-1#7568,NA,NA,p.Gln52Arg,-0.4084549976834796
urn:mavedb:00000068-c-1#7569,NA,NA,p.Gln52Pro,0.8533535268659636
urn:mavedb:00000068-c-1#7570,NA,NA,p.Gln52Asn,-0.4977421093030924
urn:mavedb:00000068-c-1#7571,NA,NA,p.Gln52Met,0.948281751635364
urn:mavedb:00000068-c-1#7572,NA,NA,p.Gln52Leu,0.6158590688261453
urn:mavedb:00000068-c-1#7573,NA,NA,p.Gln52Lys,0.6189283164552836
urn:mavedb:00000068-c-1#7574,NA,NA,p.Gln52Ile,1.2492323858019283
urn:mavedb:00000068-c-1#7575,NA,NA,p.Gln52His,0.591849484512435
urn:mavedb:00000068-c-1#7576,NA,NA,p.Gln52Gly,0.2334071311646597
urn:mavedb:00000068-c-1#7577,NA,NA,p.Gln52Phe,0.9105081975211884
urn:mavedb:00000068-c-1#7578,NA,NA,p.Gln52Glu,1.1851810330076202
urn:mavedb:00000068-c-1#7579,NA,NA,p.Gln52Asp,0.7651514906509916
urn:mavedb:00000068-c-1#7580,NA,NA,p.Gln52Cys,0.5699690769448045
urn:mavedb:00000068-c-1#7581,NA,NA,p.Gln52=,0.008905015787308242
urn:mavedb:00000068-c-1#7582,NA,NA,p.Gln52Ala,0.5786358004344051
urn:mavedb:00000068-c-1#7583,NA,NA,p.Glu51Ter,-0.6721078958906186
urn:mavedb:00000068-c-1#7584,NA,NA,p.Glu51Tyr,1.0329955169239595
urn:mavedb:00000068-c-1#7585,NA,NA,p.Glu51Trp,1.3167453682507209
urn:mavedb:00000068-c-1#7586,NA,NA,p.Glu51Val,0.32078393846881503
urn:mavedb:00000068-c-1#7587,NA,NA,p.Glu51Thr,0.3215047303697933
urn:mavedb:00000068-c-1#7588,NA,NA,p.Glu51Ser,0.6345504384486176
urn:mavedb:00000068-c-1#7589,NA,NA,p.Glu51Arg,0.4935666132602534
urn:mavedb:00000068-c-1#7590,NA,NA,p.Glu51Gln,0.9941990057557332
urn:mavedb:00000068-c-1#7591,NA,NA,p.Glu51Pro,1.2372197791700317
urn:mavedb:00000068-c-1#7592,NA,NA,p.Glu51Asn,-0.6930451164969278
urn:mavedb:00000068-c-1#7593,NA,NA,p.Glu51Met,0.5635650663089066
urn:mavedb:00000068-c-1#7594,NA,NA,p.Glu51Leu,0.34759862847276196
urn:mavedb:00000068-c-1#7595,NA,NA,p.Glu51Lys,0.43640002251174653
urn:mavedb:00000068-c-1#7596,NA,NA,p.Glu51Ile,0.9792656397091088
urn:mavedb:00000068-c-1#7597,NA,NA,p.Glu51His,1.4844957177672284
urn:mavedb:00000068-c-1#7598,NA,NA,p.Glu51Gly,0.5661502502983088
urn:mavedb:00000068-c-1#7599,NA,NA,p.Glu51Phe,0.13032120288331622
urn:mavedb:00000068-c-1#7600,NA,NA,p.Glu51Asp,0.10655279573033384
urn:mavedb:00000068-c-1#7601,NA,NA,p.Glu51Cys,0.9406864400136978
urn:mavedb:00000068-c-1#7602,NA,NA,p.Glu51=,0.3646888673250991
urn:mavedb:00000068-c-1#7603,NA,NA,p.Glu51Ala,1.10780141519863
urn:mavedb:00000068-c-1#7604,NA,NA,p.Ile50Ter,-2.351223427566122
urn:mavedb:00000068-c-1#7605,NA,NA,p.Ile50Tyr,-0.2785271280406447
urn:mavedb:00000068-c-1#7606,NA,NA,p.Ile50Trp,0.6671756702636534
urn:mavedb:00000068-c-1#7607,NA,NA,p.Ile50Val,0.07634194963418617
urn:mavedb:00000068-c-1#7608,NA,NA,p.Ile50Thr,0.7609187799653663
urn:mavedb:00000068-c-1#7609,NA,NA,p.Ile50Ser,1.144616717674109
urn:mavedb:00000068-c-1#7610,NA,NA,p.Ile50Arg,1.0754775705374615
urn:mavedb:00000068-c-1#7611,NA,NA,p.Ile50Gln,0.6016634790936017
urn:mavedb:00000068-c-1#7612,NA,NA,p.Ile50Pro,1.8819195825798003
urn:mavedb:00000068-c-1#7613,NA,NA,p.Ile50Asn,1.1738846155500606
urn:mavedb:00000068-c-1#7614,NA,NA,p.Ile50Met,0.15588527390250465
urn:mavedb:00000068-c-1#7615,NA,NA,p.Ile50Leu,0.1112912216300318
urn:mavedb:00000068-c-1#7616,NA,NA,p.Ile50Lys,1.1415222218268035
urn:mavedb:00000068-c-1#7617,NA,NA,p.Ile50His,0.6690360311840096
urn:mavedb:00000068-c-1#7618,NA,NA,p.Ile50Gly,1.7591064418873692
urn:mavedb:00000068-c-1#7619,NA,NA,p.Ile50Phe,0.30384921710440954
urn:mavedb:00000068-c-1#7620,NA,NA,p.Ile50Glu,1.0235624481394532
urn:mavedb:00000068-c-1#7621,NA,NA,p.Ile50Asp,0.61526124159516
urn:mavedb:00000068-c-1#7622,NA,NA,p.Ile50Cys,1.3869841950366313
urn:mavedb:00000068-c-1#7623,NA,NA,p.Ile50=,0.4634722472876122
urn:mavedb:00000068-c-1#7624,NA,NA,p.Ile50Ala,0.42207882137694813
urn:mavedb:00000068-c-1#7625,NA,NA,p.Asp49Ter,-1.920015797971431
urn:mavedb:00000068-c-1#7626,NA,NA,p.Asp49Tyr,0.6508517514967399
urn:mavedb:00000068-c-1#7627,NA,NA,p.Asp49Trp,1.4972904138828895
urn:mavedb:00000068-c-1#7628,NA,NA,p.Asp49Val,0.3943041647634123
urn:mavedb:00000068-c-1#7629,NA,NA,p.Asp49Thr,0.7260455929638794
urn:mavedb:00000068-c-1#7630,NA,NA,p.Asp49Ser,0.7484544870661801
urn:mavedb:00000068-c-1#7631,NA,NA,p.Asp49Arg,-0.5428331272871213
urn:mavedb:00000068-c-1#7632,NA,NA,p.Asp49Gln,0.9886108841466802
urn:mavedb:00000068-c-1#7633,NA,NA,p.Asp49Pro,0.355367529276978
urn:mavedb:00000068-c-1#7634,NA,NA,p.Asp49Asn,0.4341023254759176
urn:mavedb:00000068-c-1#7635,NA,NA,p.Asp49Met,0.852442313533772
urn:mavedb:00000068-c-1#7636,NA,NA,p.Asp49Leu,0.7139244708718346
urn:mavedb:00000068-c-1#7637,NA,NA,p.Asp49Lys,1.2567656270808154
urn:mavedb:00000068-c-1#7638,NA,NA,p.Asp49Ile,-0.28641113481580394
urn:mavedb:00000068-c-1#7639,NA,NA,p.Asp49His,0.5923241132020417
urn:mavedb:00000068-c-1#7640,NA,NA,p.Asp49Gly,0.8258677088426579
urn:mavedb:00000068-c-1#7641,NA,NA,p.Asp49Phe,0.9723123576149684
urn:mavedb:00000068-c-1#7642,NA,NA,p.Asp49Glu,0.5382673399594092
urn:mavedb:00000068-c-1#7643,NA,NA,p.Asp49Cys,1.5894070789359616
urn:mavedb:00000068-c-1#7644,NA,NA,p.Asp49=,0.707578291823675
urn:mavedb:00000068-c-1#7645,NA,NA,p.Asp49Ala,0.7316120946122122
urn:mavedb:00000068-c-1#7646,NA,NA,p.Asp48Ter,-1.2881759357172495
urn:mavedb:00000068-c-1#7647,NA,NA,p.Asp48Tyr,0.541991786313095
urn:mavedb:00000068-c-1#7648,NA,NA,p.Asp48Trp,0.8189382825482461
urn:mavedb:00000068-c-1#7649,NA,NA,p.Asp48Val,0.9014992919727024
urn:mavedb:00000068-c-1#7650,NA,NA,p.Asp48Thr,0.4812307628806644
urn:mavedb:00000068-c-1#7651,NA,NA,p.Asp48Ser,0.6357739212413402
urn:mavedb:00000068-c-1#7652,NA,NA,p.Asp48Arg,0.4113666739218759
urn:mavedb:00000068-c-1#7653,NA,NA,p.Asp48Gln,0.1685777519458421
urn:mavedb:00000068-c-1#7654,NA,NA,p.Asp48Pro,1.4229705150719232
urn:mavedb:00000068-c-1#7655,NA,NA,p.Asp48Asn,0.6502320828496518
urn:mavedb:00000068-c-1#7656,NA,NA,p.Asp48Met,0.6413818891039369
urn:mavedb:00000068-c-1#7657,NA,NA,p.Asp48Leu,0.5813305571634259
urn:mavedb:00000068-c-1#7658,NA,NA,p.Asp48Lys,1.3022550583068415
urn:mavedb:00000068-c-1#7659,NA,NA,p.Asp48Ile,0.8196723326802088
urn:mavedb:00000068-c-1#7660,NA,NA,p.Asp48His,1.2280257875642522
urn:mavedb:00000068-c-1#7661,NA,NA,p.Asp48Gly,0.2582442675823237
urn:mavedb:00000068-c-1#7662,NA,NA,p.Asp48Phe,0.6066404796956776
urn:mavedb:00000068-c-1#7663,NA,NA,p.Asp48Glu,0.7852859227150175
urn:mavedb:00000068-c-1#7664,NA,NA,p.Asp48Cys,1.1956884943376762
urn:mavedb:00000068-c-1#7665,NA,NA,p.Asp48=,0.4876220500202088
urn:mavedb:00000068-c-1#7666,NA,NA,p.Asp48Ala,0.5827981963659966
urn:mavedb:00000068-c-1#7667,NA,NA,p.Pro47Ter,-2.078658659095737
urn:mavedb:00000068-c-1#7668,NA,NA,p.Pro47Tyr,0.8377219374658208
urn:mavedb:00000068-c-1#7669,NA,NA,p.Pro47Trp,0.07418912542265363
urn:mavedb:00000068-c-1#7670,NA,NA,p.Pro47Val,1.4908293175120726
urn:mavedb:00000068-c-1#7671,NA,NA,p.Pro47Thr,0.6784594728363029
urn:mavedb:00000068-c-1#7672,NA,NA,p.Pro47Ser,0.8121086850545695
urn:mavedb:00000068-c-1#7673,NA,NA,p.Pro47Arg,0.041947970274788665
urn:mavedb:00000068-c-1#7674,NA,NA,p.Pro47Gln,0.6652899770430941
urn:mavedb:00000068-c-1#7675,NA,NA,p.Pro47Asn,0.7959765656925102
urn:mavedb:00000068-c-1#7676,NA,NA,p.Pro47Met,1.0259207057339284
urn:mavedb:00000068-c-1#7677,NA,NA,p.Pro47Leu,0.3565572738327216
urn:mavedb:00000068-c-1#7678,NA,NA,p.Pro47Lys,1.6609493230171577
urn:mavedb:00000068-c-1#7679,NA,NA,p.Pro47Ile,0.6184378264953566
urn:mavedb:00000068-c-1#7680,NA,NA,p.Pro47His,1.1550960723152448
urn:mavedb:00000068-c-1#7681,NA,NA,p.Pro47Gly,0.4352690494002908
urn:mavedb:00000068-c-1#7682,NA,NA,p.Pro47Phe,0.5187449013140639
urn:mavedb:00000068-c-1#7683,NA,NA,p.Pro47Glu,0.6421809495507336
urn:mavedb:00000068-c-1#7684,NA,NA,p.Pro47Asp,1.5814557249809684
urn:mavedb:00000068-c-1#7685,NA,NA,p.Pro47Cys,0.7817294311492126
urn:mavedb:00000068-c-1#7686,NA,NA,p.Pro47=,0.3418078474921675
urn:mavedb:00000068-c-1#7687,NA,NA,p.Pro47Ala,1.2155555051388125
urn:mavedb:00000068-c-1#7688,NA,NA,p.Ser46Ter,-1.9445689296371642
urn:mavedb:00000068-c-1#7689,NA,NA,p.Leu26Val,0.2605220357118262
urn:mavedb:00000068-c-1#7690,NA,NA,p.Leu26Thr,-1.6171062491291843
urn:mavedb:00000068-c-1#7691,NA,NA,p.Leu26Ser,-1.846430748991772
urn:mavedb:00000068-c-1#7692,NA,NA,p.Leu26Arg,-1.521691742779847
urn:mavedb:00000068-c-1#7693,NA,NA,p.Leu26Gln,-1.4139177192922672
urn:mavedb:00000068-c-1#7694,NA,NA,p.Leu26Pro,-1.1038346436623774
urn:mavedb:00000068-c-1#7695,NA,NA,p.Leu26Asn,-1.3284232527084172
urn:mavedb:00000068-c-1#7696,NA,NA,p.Leu26Met,-0.5737625611396491
urn:mavedb:00000068-c-1#7697,NA,NA,p.Leu26Lys,-1.3800262597100907
urn:mavedb:00000068-c-1#7698,NA,NA,p.Leu26Ile,0.098758558163416
urn:mavedb:00000068-c-1#7699,NA,NA,p.Leu26His,-1.070242757893784
urn:mavedb:00000068-c-1#7700,NA,NA,p.Leu26Gly,-1.463726015087349
urn:mavedb:00000068-c-1#7701,NA,NA,p.Leu26Phe,-1.1957683174101628
urn:mavedb:00000068-c-1#7702,NA,NA,p.Leu26Glu,-1.6626638082337868
urn:mavedb:00000068-c-1#7703,NA,NA,p.Leu26Asp,-1.5053344344540869
urn:mavedb:00000068-c-1#7704,NA,NA,p.Leu26Cys,-1.079016711056098
urn:mavedb:00000068-c-1#7705,NA,NA,p.Leu26=,-0.7314168129176188
urn:mavedb:00000068-c-1#7706,NA,NA,p.Leu26Ala,-1.7717075001084337
urn:mavedb:00000068-c-1#7707,NA,NA,p.Leu25Ter,-1.6728298657833418
urn:mavedb:00000068-c-1#7708,NA,NA,p.Leu25Tyr,-1.4691346626145725
urn:mavedb:00000068-c-1#7709,NA,NA,p.Leu25Trp,-1.3010410168006747
urn:mavedb:00000068-c-1#7710,NA,NA,p.Leu25Val,-0.4733700544158524
urn:mavedb:00000068-c-1#7711,NA,NA,p.Leu25Thr,-1.0768758551978888
urn:mavedb:00000068-c-1#7712,NA,NA,p.Leu25Ser,0.3670977617221426
urn:mavedb:00000068-c-1#7713,NA,NA,p.Leu25Arg,0.8363547018313497
urn:mavedb:00000068-c-1#7714,NA,NA,p.Leu25Gln,1.1226950196379468
urn:mavedb:00000068-c-1#7715,NA,NA,p.Ser20Asn,-0.7157499777233058
urn:mavedb:00000068-c-1#7716,NA,NA,p.Ser20Met,0.4965383594855065
urn:mavedb:00000068-c-1#7717,NA,NA,p.Ser20Leu,0.3329797905286927
urn:mavedb:00000068-c-1#7718,NA,NA,p.Ser20Lys,0.09732366147355664
urn:mavedb:00000068-c-1#7719,NA,NA,p.Ser20Ile,0.6832525582757981
urn:mavedb:00000068-c-1#7720,NA,NA,p.Ser20His,0.3425399619760214
urn:mavedb:00000068-c-1#7721,NA,NA,p.Ser20Gly,0.3031396256111631
urn:mavedb:00000068-c-1#7722,NA,NA,p.Ser20Phe,-1.0369955165167173
urn:mavedb:00000068-c-1#7723,NA,NA,p.Ser20Glu,0.4479676055756203
urn:mavedb:00000068-c-1#7724,NA,NA,p.Ser20Asp,-0.6012873719793106
urn:mavedb:00000068-c-1#7725,NA,NA,p.Ser20Cys,-0.025304496166857596
urn:mavedb:00000068-c-1#7726,NA,NA,p.Ser20=,0.2349641836897004
urn:mavedb:00000068-c-1#7727,NA,NA,p.Ser20Ala,0.7348233190182493
urn:mavedb:00000068-c-1#7728,NA,NA,p.Phe19Ter,-1.7893655231512609
urn:mavedb:00000068-c-1#7729,NA,NA,p.Phe19Tyr,-1.2022528384681117
urn:mavedb:00000068-c-1#7730,NA,NA,p.Phe19Trp,-1.37748133365571
urn:mavedb:00000068-c-1#7731,NA,NA,p.Phe19Val,-1.4760088379661724
urn:mavedb:00000068-c-1#7732,NA,NA,p.Phe19Thr,-1.531992678690704
urn:mavedb:00000068-c-1#7733,NA,NA,p.Phe19Ser,-1.0347864777413558
urn:mavedb:00000068-c-1#7734,NA,NA,p.Phe19Arg,-1.4334191779769028
urn:mavedb:00000068-c-1#7735,NA,NA,p.Phe19Gln,-1.9002822985804804
urn:mavedb:00000068-c-1#7736,NA,NA,p.Phe19Pro,-1.611074030925474
urn:mavedb:00000068-c-1#7737,NA,NA,p.Phe19Asn,-1.8949186315596356
urn:mavedb:00000068-c-1#7738,NA,NA,p.Phe19Met,-1.2461760880044142
urn:mavedb:00000068-c-1#7739,NA,NA,p.Phe19Leu,-1.3035938260682145
urn:mavedb:00000068-c-1#7740,NA,NA,p.Phe19Lys,-1.8354522339952093
urn:mavedb:00000068-c-1#7741,NA,NA,p.Phe19Ile,-1.5417035518867384
urn:mavedb:00000068-c-1#7742,NA,NA,p.Phe19His,-1.8063062063253923
urn:mavedb:00000068-c-1#7743,NA,NA,p.Phe19Gly,-1.6888257148455337
urn:mavedb:00000068-c-1#7744,NA,NA,p.Phe19Glu,-1.4392158909933783
urn:mavedb:00000068-c-1#7745,NA,NA,p.Phe19Asp,-2.5512109777010323
urn:mavedb:00000068-c-1#7746,NA,NA,p.Phe19Cys,-1.169641395704883
urn:mavedb:00000068-c-1#7747,NA,NA,p.Phe19=,0.2914615078750563
urn:mavedb:00000068-c-1#7748,NA,NA,p.Phe19Ala,-1.4212535858378108
urn:mavedb:00000068-c-1#7749,NA,NA,p.Thr18Ter,-2.2587581641363856
urn:mavedb:00000068-c-1#7750,NA,NA,p.Thr18Tyr,-0.03741221595028092
urn:mavedb:00000068-c-1#7751,NA,NA,p.Thr18Trp,-0.7248429161193246
urn:mavedb:00000068-c-1#7752,NA,NA,p.Thr18Val,-0.6669144591652889
urn:mavedb:00000068-c-1#7753,NA,NA,p.Thr18Ser,0.2584291231923981
urn:mavedb:00000068-c-1#7754,NA,NA,p.Thr18Arg,0.5769646708164088
urn:mavedb:00000068-c-1#7755,NA,NA,p.Thr18Gln,0.043855648517186686
urn:mavedb:00000068-c-1#7756,NA,NA,p.Thr18Pro,-1.0333354585940997
urn:mavedb:00000068-c-1#7757,NA,NA,p.Thr18Asn,-1.1323694464116911
urn:mavedb:00000068-c-1#7758,NA,NA,p.Thr18Met,-0.11839164622995856
urn:mavedb:00000068-c-1#7759,NA,NA,p.Thr18Leu,0.24376107038405204
urn:mavedb:00000068-c-1#7760,NA,NA,p.Thr18Lys,0.598498092817889
urn:mavedb:00000068-c-1#7761,NA,NA,p.Thr18Ile,-0.3322072206545376
urn:mavedb:00000068-c-1#7762,NA,NA,p.Thr18His,-0.9580358818838544
urn:mavedb:00000068-c-1#7763,NA,NA,p.Thr18Gly,-0.7785617138117984
urn:mavedb:00000068-c-1#7764,NA,NA,p.Thr18Phe,-0.3903151646534156
urn:mavedb:00000068-c-1#7765,NA,NA,p.Thr18Glu,-1.2896227364764852
urn:mavedb:00000068-c-1#7766,NA,NA,p.Thr18Asp,-1.377638197361641
urn:mavedb:00000068-c-1#7767,NA,NA,p.Thr18Cys,0.33230971651902186
urn:mavedb:00000068-c-1#7768,NA,NA,p.Thr18=,-0.8712415306371919
urn:mavedb:00000068-c-1#7769,NA,NA,p.Thr18Ala,-0.3120030513655549
urn:mavedb:00000068-c-1#7770,NA,NA,p.Glu17Ter,-1.083847877233289
urn:mavedb:00000068-c-1#7771,NA,NA,p.Glu17Tyr,0.5872727890538156
urn:mavedb:00000068-c-1#7772,NA,NA,p.Glu17Trp,0.5747668510051511
urn:mavedb:00000068-c-1#7773,NA,NA,p.Glu17Val,0.455443055447253
urn:mavedb:00000068-c-1#7774,NA,NA,p.Glu17Thr,0.3896206566752445
urn:mavedb:00000068-c-1#7775,NA,NA,p.Glu17Ser,0.3261243429980876
urn:mavedb:00000068-c-1#7776,NA,NA,p.Glu17Arg,-0.2377893692003129
urn:mavedb:00000068-c-1#7777,NA,NA,p.Glu17Gln,0.5937205782422655
urn:mavedb:00000068-c-1#7778,NA,NA,p.Glu17Pro,0.8154153515960467
urn:mavedb:00000068-c-1#7779,NA,NA,p.Glu17Asn,0.3780092059523079
urn:mavedb:00000068-c-1#7780,NA,NA,p.Glu17Met,0.8365521120868531
urn:mavedb:00000068-c-1#7781,NA,NA,p.Glu17Leu,0.7278148331575878
urn:mavedb:00000068-c-1#7782,NA,NA,p.Glu17Lys,0.06271157864789202
urn:mavedb:00000068-c-1#7783,NA,NA,p.Glu17Ile,0.5037966568619645
urn:mavedb:00000068-c-1#7784,NA,NA,p.Glu17His,0.12349246645607047
urn:mavedb:00000068-c-1#7785,NA,NA,p.Glu17Gly,-0.934792415032028
urn:mavedb:00000068-c-1#7786,NA,NA,p.Glu17Phe,0.4823155501767616
urn:mavedb:00000068-c-1#7787,NA,NA,p.Glu17Asp,0.18995146956972933
urn:mavedb:00000068-c-1#7788,NA,NA,p.Glu17Cys,0.8017590523121031
urn:mavedb:00000068-c-1#7789,NA,NA,p.Glu17=,-0.08310880657480163
urn:mavedb:00000068-c-1#7790,NA,NA,p.Glu17Ala,0.40015609907349936
urn:mavedb:00000068-c-1#7791,NA,NA,p.Gln16Ter,-1.658370384301436
urn:mavedb:00000068-c-1#7792,NA,NA,p.Gln16Tyr,0.17752158447563082
urn:mavedb:00000068-c-1#7793,NA,NA,p.Gln16Trp,0.014715815837240609
urn:mavedb:00000068-c-1#7794,NA,NA,p.Gln16Val,0.14480717064208046
urn:mavedb:00000068-c-1#7795,NA,NA,p.Gln16Thr,0.7259777347056972
urn:mavedb:00000068-c-1#7796,NA,NA,p.Gln16Ser,-0.44139508252773535
urn:mavedb:00000068-c-1#7797,NA,NA,p.Gln16Arg,0.2923042639504496
urn:mavedb:00000068-c-1#7798,NA,NA,p.Gln16Pro,-0.6875989842651251
urn:mavedb:00000068-c-1#7799,NA,NA,p.Gln16Asn,0.30771627510798194
urn:mavedb:00000068-c-1#7800,NA,NA,p.Gln16Met,0.6600462987650849
urn:mavedb:00000068-c-1#7801,NA,NA,p.Gln16Leu,0.5480309602988181
urn:mavedb:00000068-c-1#7802,NA,NA,p.Gln16Lys,0.8259726517787394
urn:mavedb:00000068-c-1#7803,NA,NA,p.Gln16Ile,0.4423654639703923
urn:mavedb:00000068-c-1#7804,NA,NA,p.Gln16His,0.9179004077610644
urn:mavedb:00000068-c-1#7805,NA,NA,p.Gln16Gly,0.8403163046995868
urn:mavedb:00000068-c-1#7806,NA,NA,p.Gln16Phe,0.6465864259394497
urn:mavedb:00000068-c-1#7807,NA,NA,p.Gln16Glu,-0.18555744815421396
urn:mavedb:00000068-c-1#7808,NA,NA,p.Gln16Asp,-0.0619500840157859
urn:mavedb:00000068-c-1#7809,NA,NA,p.Gln16Cys,0.33569926475226003
urn:mavedb:00000068-c-1#7810,NA,NA,p.Gln16=,0.36510946792778987
urn:mavedb:00000068-c-1#7811,NA,NA,p.Gln16Ala,0.3143099575938909
urn:mavedb:00000068-c-1#7812,NA,NA,p.Ser15Ter,-1.8606024468232043
urn:mavedb:00000068-c-1#7813,NA,NA,p.Ser15Tyr,0.678227388534153
urn:mavedb:00000068-c-1#7814,NA,NA,p.Ser15Trp,0.2428300035477633
urn:mavedb:00000068-c-1#7815,NA,NA,p.Ser15Val,0.1972425554221714
urn:mavedb:00000068-c-1#7816,NA,NA,p.Ser15Thr,0.8474340196471037
urn:mavedb:00000068-c-1#7817,NA,NA,p.Ser15Arg,0.6684921026631232
urn:mavedb:00000068-c-1#7818,NA,NA,p.Ser15Gln,0.5887586091782655
urn:mavedb:00000068-c-1#7819,NA,NA,p.Ser15Pro,0.4842280588964376
urn:mavedb:00000068-c-1#7820,NA,NA,p.Ser15Asn,0.4576315810072346
urn:mavedb:00000068-c-1#7821,NA,NA,p.Ser15Met,0.8832526149897945
urn:mavedb:00000068-c-1#7822,NA,NA,p.Ser15Leu,0.651094755759174
urn:mavedb:00000068-c-1#7823,NA,NA,p.Ser15Lys,0.8999259358499342
urn:mavedb:00000068-c-1#7824,NA,NA,p.Ser15Ile,0.6725821136711733
urn:mavedb:00000068-c-1#7825,NA,NA,p.Ser15His,0.5235931356139358
urn:mavedb:00000068-c-1#7826,NA,NA,p.Ser15Gly,0.22597198988127815
urn:mavedb:00000068-c-1#7827,NA,NA,p.Ser15Phe,0.4288113051005029
urn:mavedb:00000068-c-1#7828,NA,NA,p.Ser15Glu,-0.8892793989555473
urn:mavedb:00000068-c-1#7829,NA,NA,p.Ser15Asp,-0.6663564070456609
urn:mavedb:00000068-c-1#7830,NA,NA,p.Ser15Cys,0.6398869544733514
urn:mavedb:00000068-c-1#7831,NA,NA,p.Ser15=,-0.8358388160626266
urn:mavedb:00000068-c-1#7832,NA,NA,p.Ser15Ala,0.5210729712818354
urn:mavedb:00000068-c-1#7833,NA,NA,p.Leu14Ter,-1.932941037869948
urn:mavedb:00000068-c-1#7834,NA,NA,p.Leu14Tyr,0.36008314001073743
urn:mavedb:00000068-c-1#7835,NA,NA,p.Leu14Trp,-0.0965965260411451
urn:mavedb:00000068-c-1#7836,NA,NA,p.Leu14Val,0.5074167108242961
urn:mavedb:00000068-c-1#7837,NA,NA,p.Leu14Thr,0.3527622999807679
urn:mavedb:00000068-c-1#7838,NA,NA,p.Leu14Ser,0.07792252714339913
urn:mavedb:00000068-c-1#7839,NA,NA,p.Leu14Arg,0.633169723884012
urn:mavedb:00000068-c-1#7840,NA,NA,p.Leu14Gln,0.4656704292847438
urn:mavedb:00000068-c-1#7841,NA,NA,p.Leu14Pro,0.3273222414962309
urn:mavedb:00000068-c-1#7842,NA,NA,p.Leu14Asn,0.4465307745260261
urn:mavedb:00000068-c-1#7843,NA,NA,p.Leu14Met,0.6098927474487652
urn:mavedb:00000068-c-1#7844,NA,NA,p.Leu14Lys,0.4980524161796106
urn:mavedb:00000068-c-1#7845,NA,NA,p.Leu14Ile,0.4196520971658185
urn:mavedb:00000068-c-1#7846,NA,NA,p.Leu14His,0.638538391799648
urn:mavedb:00000068-c-1#7847,NA,NA,p.Leu14Gly,0.5779263907416592
urn:mavedb:00000068-c-1#7848,NA,NA,p.Leu14Phe,0.28486965253101565
urn:mavedb:00000068-c-1#7849,NA,NA,p.Leu14Glu,0.24581273974847945
urn:mavedb:00000068-c-1#7850,NA,NA,p.Leu14Asp,0.4464573534669269
urn:mavedb:00000068-c-1#7851,NA,NA,p.Leu14Cys,0.4547482599670656
urn:mavedb:00000068-c-1#7852,NA,NA,p.Leu14=,-0.01805469409555833
urn:mavedb:00000068-c-1#7853,NA,NA,p.Leu14Ala,0.5589853814553671
urn:mavedb:00000068-c-1#7854,NA,NA,p.Pro13Ter,-2.2103769567712663
urn:mavedb:00000068-c-1#7855,NA,NA,p.Pro13Tyr,0.2411419909942661
urn:mavedb:00000068-c-1#7856,NA,NA,p.Pro13Trp,0.08270409633386773
urn:mavedb:00000068-c-1#7857,NA,NA,p.Pro13Val,0.5587588260165357
urn:mavedb:00000068-c-1#7858,NA,NA,p.Pro13Thr,0.4407599802590847
urn:mavedb:00000068-c-1#7859,NA,NA,p.Pro13Ser,0.1246690832475584
urn:mavedb:00000068-c-1#7860,NA,NA,p.Pro13Arg,0.6347692667757674
urn:mavedb:00000068-c-1#7861,NA,NA,p.Pro13Gln,0.2561643235893038
urn:mavedb:00000068-c-1#7862,NA,NA,p.Pro13Asn,0.4821884473786372
urn:mavedb:00000068-c-1#7863,NA,NA,p.Pro13Met,0.354403118680173
urn:mavedb:00000068-c-1#7864,NA,NA,p.Pro13Leu,-0.4813541851850133
urn:mavedb:00000068-c-1#7865,NA,NA,p.Pro13Lys,0.7109012349717566
urn:mavedb:00000068-c-1#7866,NA,NA,p.Pro13Ile,0.4735108853550663
urn:mavedb:00000068-c-1#7867,NA,NA,p.Pro13His,0.5154522969806525
urn:mavedb:00000068-c-1#7868,NA,NA,p.Pro13Gly,0.1964067671953818
urn:mavedb:00000068-c-1#7869,NA,NA,p.Pro13Phe,0.19083971974004
urn:mavedb:00000068-c-1#7870,NA,NA,p.Pro13Glu,0.2704541032872455
urn:mavedb:00000068-c-1#7871,NA,NA,p.Pro13Asp,0.2339675378974317
urn:mavedb:00000068-c-1#7872,NA,NA,p.Pro13Cys,0.4530098976497263
urn:mavedb:00000068-c-1#7873,NA,NA,p.Pro13=,-0.9933740976741772
urn:mavedb:00000068-c-1#7874,NA,NA,p.Pro13Ala,0.2536031263950946
urn:mavedb:00000068-c-1#7875,NA,NA,p.Pro12Ter,-1.9892155698195384
urn:mavedb:00000068-c-1#7876,NA,NA,p.Pro12Tyr,0.6969358827453206
urn:mavedb:00000068-c-1#7877,NA,NA,p.Pro12Trp,-0.259089975021478
urn:mavedb:00000068-c-1#7878,NA,NA,p.Pro12Val,0.5156699733702951
urn:mavedb:00000068-c-1#7879,NA,NA,p.Pro12Thr,0.5813548651320362
urn:mavedb:00000068-c-1#7880,NA,NA,p.Pro12Ser,0.3268729878087039
urn:mavedb:00000068-c-1#7881,NA,NA,p.Pro12Arg,0.4838957516506743
urn:mavedb:00000068-c-1#7882,NA,NA,p.Pro12Gln,0.5904637168806082
urn:mavedb:00000068-c-1#7883,NA,NA,p.Pro12Asn,0.7186371874620568
urn:mavedb:00000068-c-1#7884,NA,NA,p.Pro12Met,0.4611243261407393
urn:mavedb:00000068-c-1#7885,NA,NA,p.Pro12Leu,0.3389214212441959
urn:mavedb:00000068-c-1#7886,NA,NA,p.Pro12Lys,0.4990121548990799
urn:mavedb:00000068-c-1#7887,NA,NA,p.Pro12Ile,0.5780859411330653
urn:mavedb:00000068-c-1#7888,NA,NA,p.Pro12His,0.789091919431583
urn:mavedb:00000068-c-1#7889,NA,NA,p.Pro12Gly,0.6117759388397529
urn:mavedb:00000068-c-1#7890,NA,NA,p.Pro12Phe,0.6515375637600518
urn:mavedb:00000068-c-1#7891,NA,NA,p.Pro12Glu,0.40747264105727693
urn:mavedb:00000068-c-1#7892,NA,NA,p.Pro12Asp,0.5276834159363125
urn:mavedb:00000068-c-1#7893,NA,NA,p.Pro12Cys,0.395393418056916
urn:mavedb:00000068-c-1#7894,NA,NA,p.Pro12=,0.3093146305840416
urn:mavedb:00000068-c-1#7895,NA,NA,p.Pro12Ala,-0.5485178742392376
urn:mavedb:00000068-c-1#7896,NA,NA,p.Glu11Ter,-1.5138351549364168
urn:mavedb:00000068-c-1#7897,NA,NA,p.Glu11Tyr,0.39135152741115703
urn:mavedb:00000068-c-1#7898,NA,NA,p.Glu11Trp,0.2600236958492139
urn:mavedb:00000068-c-1#7899,NA,NA,p.Glu11Val,0.7589948121656762
urn:mavedb:00000068-c-1#7900,NA,NA,p.Glu11Thr,0.4056039212445792
urn:mavedb:00000068-c-1#7901,NA,NA,p.Glu11Ser,-0.667139082760413
urn:mavedb:00000068-c-1#7902,NA,NA,p.Glu11Arg,-0.463560160419814
urn:mavedb:00000068-c-1#7903,NA,NA,p.Glu11Gln,0.1486975709759644
urn:mavedb:00000068-c-1#7904,NA,NA,p.Glu11Pro,0.275969980547984
urn:mavedb:00000068-c-1#7905,NA,NA,p.Asp57Met,0.6213317353822676
urn:mavedb:00000068-c-1#7906,NA,NA,p.Asp57Leu,1.089471856693948
urn:mavedb:00000068-c-1#7907,NA,NA,p.Asp57Lys,0.0004880087750202873
urn:mavedb:00000068-c-1#7908,NA,NA,p.Asp57Ile,1.0710733207559506
urn:mavedb:00000068-c-1#7909,NA,NA,p.Asp57His,0.5820193363698046
urn:mavedb:00000068-c-1#7910,NA,NA,p.Asp57Gly,0.4555349781404491
urn:mavedb:00000068-c-1#7911,NA,NA,p.Asp57Phe,1.0520718512401914
urn:mavedb:00000068-c-1#7912,NA,NA,p.Asp57Glu,0.7157087149486645
urn:mavedb:00000068-c-1#7913,NA,NA,p.Asp57Cys,0.5123916298156342
urn:mavedb:00000068-c-1#7914,NA,NA,p.Asp57=,0.6614049587080422
urn:mavedb:00000068-c-1#7915,NA,NA,p.Asp57Ala,0.9247031606424876
urn:mavedb:00000068-c-1#7916,NA,NA,p.Glu56Ter,-0.9570846966849336
urn:mavedb:00000068-c-1#7917,NA,NA,p.Glu56Tyr,0.8394116232519315
urn:mavedb:00000068-c-1#7918,NA,NA,p.Glu56Trp,0.9565259664127376
urn:mavedb:00000068-c-1#7919,NA,NA,p.Glu56Val,1.0027951958078138
urn:mavedb:00000068-c-1#7920,NA,NA,p.Glu56Thr,0.5771878505005991
urn:mavedb:00000068-c-1#7921,NA,NA,p.Glu56Ser,0.7217020644998203
urn:mavedb:00000068-c-1#7922,NA,NA,p.Glu56Arg,0.960564850461572
urn:mavedb:00000068-c-1#7923,NA,NA,p.Glu56Gln,1.0013811253743476
urn:mavedb:00000068-c-1#7924,NA,NA,p.Glu56Pro,1.0080051669806525
urn:mavedb:00000068-c-1#7925,NA,NA,p.Glu56Asn,0.7480331579129306
urn:mavedb:00000068-c-1#7926,NA,NA,p.Glu56Met,0.6463642770637671
urn:mavedb:00000068-c-1#7927,NA,NA,p.Glu56Leu,0.3836411405302536
urn:mavedb:00000068-c-1#7928,NA,NA,p.Glu56Lys,0.603961846953441
urn:mavedb:00000068-c-1#7929,NA,NA,p.Glu56Ile,1.0804108342522272
urn:mavedb:00000068-c-1#7930,NA,NA,p.Glu56His,0.9473100125837302
urn:mavedb:00000068-c-1#7931,NA,NA,p.Glu56Gly,0.3807370129204711
urn:mavedb:00000068-c-1#7932,NA,NA,p.Glu56Phe,1.3256676962687095
urn:mavedb:00000068-c-1#7933,NA,NA,p.Glu56Asp,0.8006180275886557
urn:mavedb:00000068-c-1#7934,NA,NA,p.Glu56Cys,0.6530428909861997
urn:mavedb:00000068-c-1#7935,NA,NA,p.Glu56=,-0.02080454905806176
urn:mavedb:00000068-c-1#7936,NA,NA,p.Pro36Met,0.8663634712302902
urn:mavedb:00000068-c-1#7937,NA,NA,p.Pro36Leu,0.6988454179956909
urn:mavedb:00000068-c-1#7938,NA,NA,p.Pro36Lys,1.0600392102676641
urn:mavedb:00000068-c-1#7939,NA,NA,p.Pro36Ile,0.8577196412650642
urn:mavedb:00000068-c-1#7940,NA,NA,p.Pro36His,0.7942273091524791
urn:mavedb:00000068-c-1#7941,NA,NA,p.Pro36Gly,0.5459470406305403
urn:mavedb:00000068-c-1#7942,NA,NA,p.Pro36Phe,0.836736019918652
urn:mavedb:00000068-c-1#7943,NA,NA,p.Pro36Glu,0.5244080821167822
urn:mavedb:00000068-c-1#7944,NA,NA,p.Pro36Asp,1.2237940019312288
urn:mavedb:00000068-c-1#7945,NA,NA,p.Pro36Cys,0.8414444514045709
urn:mavedb:00000068-c-1#7946,NA,NA,p.Pro36=,0.4471845416947488
urn:mavedb:00000068-c-1#7947,NA,NA,p.Pro36Ala,-0.7173533821221909
urn:mavedb:00000068-c-1#7948,NA,NA,p.Leu35Ter,-0.8480849416089679
urn:mavedb:00000068-c-1#7949,NA,NA,p.Leu35Tyr,0.23051105525368784
urn:mavedb:00000068-c-1#7950,NA,NA,p.Glu11Asn,0.5517413446888956
urn:mavedb:00000068-c-1#7951,NA,NA,p.Glu11Met,0.4829149155182252
urn:mavedb:00000068-c-1#7952,NA,NA,p.Glu11Leu,0.34579888797748765
urn:mavedb:00000068-c-1#7953,NA,NA,p.Glu11Lys,0.5959084142311672
urn:mavedb:00000068-c-1#7954,NA,NA,p.Glu11Ile,0.6030405233276251
urn:mavedb:00000068-c-1#7955,NA,NA,p.Glu11His,0.4514898631745898
urn:mavedb:00000068-c-1#7956,NA,NA,p.Glu11Gly,0.21081945810777294
urn:mavedb:00000068-c-1#7957,NA,NA,p.Glu11Phe,0.3966746758188675
urn:mavedb:00000068-c-1#7958,NA,NA,p.Glu11Asp,0.3572234253529026
urn:mavedb:00000068-c-1#7959,NA,NA,p.Glu11Cys,0.21609466291530047
urn:mavedb:00000068-c-1#7960,NA,NA,p.Glu11=,0.5711560136221462
urn:mavedb:00000068-c-1#7961,NA,NA,p.Glu11Ala,0.3001287365052136
urn:mavedb:00000068-c-1#7962,NA,NA,p.Val10Ter,-1.911617224501285
urn:mavedb:00000068-c-1#7963,NA,NA,p.Val10Tyr,0.6201547470508738
urn:mavedb:00000068-c-1#7964,NA,NA,p.Val10Trp,0.3592232591353204
urn:mavedb:00000068-c-1#7965,NA,NA,p.Val10Thr,0.6266032306169058
urn:mavedb:00000068-c-1#7966,NA,NA,p.Val10Ser,0.5924089830534871
urn:mavedb:00000068-c-1#7967,NA,NA,p.Val10Arg,-1.1509264274721258
urn:mavedb:00000068-c-1#7968,NA,NA,p.Val10Gln,0.2654967653957735
urn:mavedb:00000068-c-1#7969,NA,NA,p.Val10Pro,0.5390995360851274
urn:mavedb:00000068-c-1#7970,NA,NA,p.Val10Asn,1.0620277888410237
urn:mavedb:00000068-c-1#7971,NA,NA,p.Val10Met,0.42067775945873975
urn:mavedb:00000068-c-1#7972,NA,NA,p.Val10Leu,0.1587221411240241
urn:mavedb:00000068-c-1#7973,NA,NA,p.Val10Lys,0.8459027093125452
urn:mavedb:00000068-c-1#7974,NA,NA,p.Val10Ile,0.4948352940594098
urn:mavedb:00000068-c-1#7975,NA,NA,p.Val10His,0.6183405976321054
urn:mavedb:00000068-c-1#7976,NA,NA,p.Glu3Val,-0.296231130502789
urn:mavedb:00000068-c-1#7977,NA,NA,p.Glu3Thr,0.3580353539927044
urn:mavedb:00000068-c-1#7978,NA,NA,p.Glu3Ser,0.025783405917701584
urn:mavedb:00000068-c-1#7979,NA,NA,p.Glu3Arg,-0.7802025215537458
urn:mavedb:00000068-c-1#7980,NA,NA,p.Glu3Gln,0.1885140797362816
urn:mavedb:00000068-c-1#7981,NA,NA,p.Glu3Pro,0.3455586555754304
urn:mavedb:00000068-c-1#7982,NA,NA,p.Glu3Asn,0.24523285021650096
urn:mavedb:00000068-c-1#7983,NA,NA,p.Glu3Met,-0.10472206449938293
urn:mavedb:00000068-c-1#7984,NA,NA,p.Glu3Leu,0.20161738458192915
urn:mavedb:00000068-c-1#7985,NA,NA,p.Glu3Lys,0.30195206403227404
urn:mavedb:00000068-c-1#7986,NA,NA,p.Glu3Ile,-0.07906602921260811
urn:mavedb:00000068-c-1#7987,NA,NA,p.Glu3His,0.16684911699160634
urn:mavedb:00000068-c-1#7988,NA,NA,p.Glu3Gly,-1.2310088600400764
urn:mavedb:00000068-c-1#7989,NA,NA,p.Glu3Phe,-0.16386069255632954
urn:mavedb:00000068-c-1#7990,NA,NA,p.Glu3Asp,0.223664731003634
urn:mavedb:00000068-c-1#7991,NA,NA,p.Glu3Cys,0.33577033159267544
urn:mavedb:00000068-c-1#7992,NA,NA,p.Glu3=,0.4894187435580433
urn:mavedb:00000068-c-1#7993,NA,NA,p.Glu3Ala,-0.17811554189738518
urn:mavedb:00000068-c-1#7994,NA,NA,p.Glu2Ter,-1.891859669818278
urn:mavedb:00000068-c-1#7995,NA,NA,p.Glu2Tyr,0.011813153123460629
urn:mavedb:00000068-c-1#7996,NA,NA,p.Glu2Trp,-0.3552603080457536
urn:mavedb:00000068-c-1#7997,NA,NA,p.Glu2Val,0.2815637618875359
urn:mavedb:00000068-c-1#7998,NA,NA,p.Glu2Thr,0.08349432956924968
urn:mavedb:00000068-c-1#7999,NA,NA,p.Glu2Ser,-0.1700668128392959
urn:mavedb:00000068-c-1#8000,NA,NA,p.Glu2Arg,0.3140417615206912
urn:mavedb:00000068-c-1#8001,NA,NA,p.Glu2Gln,0.12174709519568355
urn:mavedb:00000068-c-1#8002,NA,NA,p.Glu2Pro,0.6993321959433018
urn:mavedb:00000068-c-1#8003,NA,NA,p.Glu2Asn,0.23736335020360236
urn:mavedb:00000068-c-1#8004,NA,NA,p.Glu2Met,0.12002623302527644
urn:mavedb:00000068-c-1#8005,NA,NA,p.Glu2Leu,0.3408828188001821
urn:mavedb:00000068-c-1#8006,NA,NA,p.Glu2Lys,0.3438211325276143
urn:mavedb:00000068-c-1#8007,NA,NA,p.Glu2Ile,0.2654371978126301
urn:mavedb:00000068-c-1#8008,NA,NA,p.Glu2His,0.018801714913685968
urn:mavedb:00000068-c-1#8009,NA,NA,p.Glu2Gly,-1.136267783628327
urn:mavedb:00000068-c-1#8010,NA,NA,p.Glu2Phe,0.2852773770452308
urn:mavedb:00000068-c-1#8011,NA,NA,p.Glu2Asp,0.18000731554853747
urn:mavedb:00000068-c-1#8012,NA,NA,p.Glu2Cys,-0.06874982809009843
urn:mavedb:00000068-c-1#8013,NA,NA,p.Glu2=,0.2370529797392788
urn:mavedb:00000068-c-1#8014,NA,NA,p.Glu2Ala,-0.3765974048852793
urn:mavedb:00000068-c-1#8015,NA,NA,p.Met1Ter,-2.1900002833644208
urn:mavedb:00000068-c-1#8016,NA,NA,p.Met1Tyr,-1.3333154689193347
urn:mavedb:00000068-c-1#8017,NA,NA,p.Met1Trp,-2.219255869906178
urn:mavedb:00000068-c-1#8018,NA,NA,p.Met1Val,-0.6697265099990077
urn:mavedb:00000068-c-1#8019,NA,NA,p.Met1Thr,-0.3805373501511826
urn:mavedb:00000068-c-1#8020,NA,NA,p.Met1Ser,-2.7339257615783388
urn:mavedb:00000068-c-1#8021,NA,NA,p.Met1Arg,-1.4705982825305672
urn:mavedb:00000068-c-1#8022,NA,NA,p.Met1Gln,-2.474316879495546
urn:mavedb:00000068-c-1#8023,NA,NA,p.Met1Pro,-1.8732788337892217
urn:mavedb:00000068-c-1#8024,NA,NA,p.Met1Asn,-2.1400691638464098
urn:mavedb:00000068-c-1#8025,NA,NA,p.Met1Leu,-2.0322273564582947
urn:mavedb:00000068-c-1#8026,NA,NA,p.Met1Lys,-0.18980673893905106
urn:mavedb:00000068-c-1#8027,NA,NA,p.Met1Ile,-1.3700646601074802
urn:mavedb:00000068-c-1#8028,NA,NA,p.Met1His,-2.003615947420121
urn:mavedb:00000068-c-1#8029,NA,NA,p.Met1Gly,-1.0538265174665462
urn:mavedb:00000068-c-1#8030,NA,NA,p.Met1Phe,0.5368945533597886
urn:mavedb:00000068-c-1#8031,NA,NA,p.Met1Glu,1.2272432457585178
urn:mavedb:00000068-c-1#8032,NA,NA,p.Met1Asp,0.5368945533597886
urn:mavedb:00000068-c-1#8033,NA,NA,p.Met1Cys,-1.9690766423509136
urn:mavedb:00000068-c-1#8034,NA,NA,p.Met1Ala,-0.7887528797564266
urn:mavedb:00000068-c-1#8035,NA,NA,p.Leu25Pro,-1.2959153987735144
urn:mavedb:00000068-c-1#8036,NA,NA,p.Leu25Asn,-0.3722065421670871
urn:mavedb:00000068-c-1#8037,NA,NA,p.Leu25Met,0.43649202155430505
urn:mavedb:00000068-c-1#8038,NA,NA,p.Leu25Lys,0.4721358593495385
urn:mavedb:00000068-c-1#8039,NA,NA,p.Leu25Ile,-0.7268842374766837
urn:mavedb:00000068-c-1#8040,NA,NA,p.Leu25His,-0.1844196004205353
urn:mavedb:00000068-c-1#8041,NA,NA,p.Leu25Gly,-0.010320556866633988
urn:mavedb:00000068-c-1#8042,NA,NA,p.Leu25Phe,-0.651760304335196
urn:mavedb:00000068-c-1#8043,NA,NA,p.Leu25Glu,0.0003634659176469436
urn:mavedb:00000068-c-1#8044,NA,NA,p.Leu25Asp,-0.4754213488911554
urn:mavedb:00000068-c-1#8045,NA,NA,p.Leu25Cys,0.5839127021599256
urn:mavedb:00000068-c-1#8046,NA,NA,p.Leu25=,-0.32845165192869946
urn:mavedb:00000068-c-1#8047,NA,NA,p.Leu25Ala,0.4310207979226766
urn:mavedb:00000068-c-1#8048,NA,NA,p.Lys24Ter,-1.6890338590254284
urn:mavedb:00000068-c-1#8049,NA,NA,p.Lys24Tyr,-1.0199716526466216
urn:mavedb:00000068-c-1#8050,NA,NA,p.Lys24Trp,-1.5170896273662426
urn:mavedb:00000068-c-1#8051,NA,NA,p.Lys24Val,-0.5560213660183647
urn:mavedb:00000068-c-1#8052,NA,NA,p.Lys24Thr,-0.8521883898681284
urn:mavedb:00000068-c-1#8053,NA,NA,p.Lys24Ser,0.3572834199900041
urn:mavedb:00000068-c-1#8054,NA,NA,p.Lys24Arg,0.12898861952564974
urn:mavedb:00000068-c-1#8055,NA,NA,p.Lys24Gln,-0.5616273528532771
urn:mavedb:00000068-c-1#8056,NA,NA,p.Lys24Pro,-1.3137575690161352
urn:mavedb:00000068-c-1#8057,NA,NA,p.Lys24Asn,-0.9398327059210134
urn:mavedb:00000068-c-1#8058,NA,NA,p.Lys24Met,-0.2298755814736815
urn:mavedb:00000068-c-1#8059,NA,NA,p.Lys24Leu,0.08980949973127125
urn:mavedb:00000068-c-1#8060,NA,NA,p.Lys24Ile,-0.5388243659975314
urn:mavedb:00000068-c-1#8061,NA,NA,p.Lys24His,-0.6103450399491257
urn:mavedb:00000068-c-1#8062,NA,NA,p.Lys24Gly,-0.9479983056388228
urn:mavedb:00000068-c-1#8063,NA,NA,p.Lys24Phe,-1.0000598849032305
urn:mavedb:00000068-c-1#8064,NA,NA,p.Lys24Glu,-1.4437266208761277
urn:mavedb:00000068-c-1#8065,NA,NA,p.Lys24Asp,-0.39712788250530173
urn:mavedb:00000068-c-1#8066,NA,NA,p.Lys24Cys,-0.23073206168707555
urn:mavedb:00000068-c-1#8067,NA,NA,p.Lys24=,0.06859267867042461
urn:mavedb:00000068-c-1#8068,NA,NA,p.Lys24Ala,0.4545032283034174
urn:mavedb:00000068-c-1#8069,NA,NA,p.Trp23Ter,-1.4604399098348098
urn:mavedb:00000068-c-1#8070,NA,NA,p.Trp23Tyr,-1.7090149114191653
urn:mavedb:00000068-c-1#8071,NA,NA,p.Trp23Val,-1.9042356229855704
urn:mavedb:00000068-c-1#8072,NA,NA,p.Trp23Thr,-2.1102749299657093
urn:mavedb:00000068-c-1#8073,NA,NA,p.Trp23Ser,-1.6746081114254878
urn:mavedb:00000068-c-1#8074,NA,NA,p.Trp23Arg,-1.025660977115194
urn:mavedb:00000068-c-1#8075,NA,NA,p.Trp23Gln,-1.1501485851397542
urn:mavedb:00000068-c-1#8076,NA,NA,p.Trp23Pro,-1.8122577042647756
urn:mavedb:00000068-c-1#8077,NA,NA,p.Trp23Asn,-1.7673867861262686
urn:mavedb:00000068-c-1#8078,NA,NA,p.Trp23Met,-1.5367480978022805
urn:mavedb:00000068-c-1#8079,NA,NA,p.Trp23Leu,-1.104147328337521
urn:mavedb:00000068-c-1#8080,NA,NA,p.Trp23Lys,-1.1500183763591518
urn:mavedb:00000068-c-1#8081,NA,NA,p.Trp23Ile,-1.703212008161093
urn:mavedb:00000068-c-1#8082,NA,NA,p.Trp23His,-1.964717286759603
urn:mavedb:00000068-c-1#8083,NA,NA,p.Trp23Gly,-1.7249060180591396
urn:mavedb:00000068-c-1#8084,NA,NA,p.Trp23Phe,-1.7381505551254401
urn:mavedb:00000068-c-1#8085,NA,NA,p.Trp23Glu,-1.604338611292717
urn:mavedb:00000068-c-1#8086,NA,NA,p.Trp23Asp,-1.587122289844245
urn:mavedb:00000068-c-1#8087,NA,NA,p.Trp23Cys,-0.7261297442842166
urn:mavedb:00000068-c-1#8088,NA,NA,p.Trp23Ala,-1.5802572641030257
urn:mavedb:00000068-c-1#8089,NA,NA,p.Leu22Ter,-2.185571862090455
urn:mavedb:00000068-c-1#8090,NA,NA,p.Leu22Tyr,0.05807680463082435
urn:mavedb:00000068-c-1#8091,NA,NA,p.Leu22Trp,0.451023809138759
urn:mavedb:00000068-c-1#8092,NA,NA,p.Leu22Val,-0.4529774647698441
urn:mavedb:00000068-c-1#8093,NA,NA,p.Leu22Thr,-1.9930515975801413
urn:mavedb:00000068-c-1#8094,NA,NA,p.Leu22Ser,-1.6158756071141502
urn:mavedb:00000068-c-1#8095,NA,NA,p.Leu22Arg,-1.3784168509198114
urn:mavedb:00000068-c-1#8096,NA,NA,p.Leu22Gln,-0.8556094266119592
urn:mavedb:00000068-c-1#8097,NA,NA,p.Leu22Pro,-1.6079145435111415
urn:mavedb:00000068-c-1#8098,NA,NA,p.Leu22Asn,-1.5599932701064032
urn:mavedb:00000068-c-1#8099,NA,NA,p.Leu22Met,0.1542530740824063
urn:mavedb:00000068-c-1#8100,NA,NA,p.Leu22Lys,-1.4175645232928518
urn:mavedb:00000068-c-1#8101,NA,NA,p.Leu22Ile,0.10557359357769462
urn:mavedb:00000068-c-1#8102,NA,NA,p.Leu22His,-0.3677593515988998
urn:mavedb:00000068-c-1#8103,NA,NA,p.Leu22Gly,-1.6300140107757493
urn:mavedb:00000068-c-1#8104,NA,NA,p.Leu22Phe,1.011484777852793
urn:mavedb:00000068-c-1#8105,NA,NA,p.Leu22Glu,-1.6615018951470073
urn:mavedb:00000068-c-1#8106,NA,NA,p.Leu22Asp,-1.4193480981513025
urn:mavedb:00000068-c-1#8107,NA,NA,p.Leu22Cys,-0.4953443950190658
urn:mavedb:00000068-c-1#8108,NA,NA,p.Leu22=,-0.4572571529033364
urn:mavedb:00000068-c-1#8109,NA,NA,p.Leu22Ala,-0.9293441959524914
urn:mavedb:00000068-c-1#8110,NA,NA,p.Asp21Ter,-1.9490196690532156
urn:mavedb:00000068-c-1#8111,NA,NA,p.Asp21Tyr,0.565420524824922
urn:mavedb:00000068-c-1#8112,NA,NA,p.Asp21Trp,-0.2560769093459296
urn:mavedb:00000068-c-1#8113,NA,NA,p.Asp21Val,0.2883800380591348
urn:mavedb:00000068-c-1#8114,NA,NA,p.Asp21Thr,-0.5660495651766669
urn:mavedb:00000068-c-1#8115,NA,NA,p.Asp21Ser,-0.384044053727806
urn:mavedb:00000068-c-1#8116,NA,NA,p.Asp21Arg,-0.939611575723428
urn:mavedb:00000068-c-1#8117,NA,NA,p.Asp21Gln,0.4029375497134082
urn:mavedb:00000068-c-1#8118,NA,NA,p.Asp21Pro,-1.6996260895132385
urn:mavedb:00000068-c-1#8119,NA,NA,p.Asp21Asn,0.4689944664093715
urn:mavedb:00000068-c-1#8120,NA,NA,p.Asp21Met,0.2950337748081771
urn:mavedb:00000068-c-1#8121,NA,NA,p.Asp21Leu,-0.26169852130118665
urn:mavedb:00000068-c-1#8122,NA,NA,p.Asp21Lys,0.1831653560011892
urn:mavedb:00000068-c-1#8123,NA,NA,p.Asp21Ile,-0.3472454697913711
urn:mavedb:00000068-c-1#8124,NA,NA,p.Asp21His,0.20389697227703554
urn:mavedb:00000068-c-1#8125,NA,NA,p.Asp21Gly,-0.15583468379225074
urn:mavedb:00000068-c-1#8126,NA,NA,p.Asp21Phe,-0.03731361074630773
urn:mavedb:00000068-c-1#8127,NA,NA,p.Asp21Glu,0.6064221403248715
urn:mavedb:00000068-c-1#8128,NA,NA,p.Asp21Cys,0.011465133595806391
urn:mavedb:00000068-c-1#8129,NA,NA,p.Asp21=,0.8404256529619238
urn:mavedb:00000068-c-1#8130,NA,NA,p.Asp21Ala,0.20969141415811035
urn:mavedb:00000068-c-1#8131,NA,NA,p.Ser20Ter,-1.0411214882194617
urn:mavedb:00000068-c-1#8132,NA,NA,p.Ser20Tyr,0.6654893536956266
urn:mavedb:00000068-c-1#8133,NA,NA,p.Ser20Trp,0.8306286698176218
urn:mavedb:00000068-c-1#8134,NA,NA,p.Ser20Val,0.1827803591818513
urn:mavedb:00000068-c-1#8135,NA,NA,p.Ser20Thr,0.06130084190344199
urn:mavedb:00000068-c-1#8136,NA,NA,p.Ser20Arg,-0.2868393278869458
urn:mavedb:00000068-c-1#8137,NA,NA,p.Ser20Gln,-0.43864262569410617
urn:mavedb:00000068-c-1#8138,NA,NA,p.Ser20Pro,0.3292488501085915
urn:mavedb:00000068-c-1#8139,NA,NA,p.Val10Gly,0.4770516454042397
urn:mavedb:00000068-c-1#8140,NA,NA,p.Val10Phe,0.6318388200658794
urn:mavedb:00000068-c-1#8141,NA,NA,p.Val10Glu,0.8430354187112103
urn:mavedb:00000068-c-1#8142,NA,NA,p.Val10Asp,0.9513927905625362
urn:mavedb:00000068-c-1#8143,NA,NA,p.Val10Cys,0.8793396250096915
urn:mavedb:00000068-c-1#8144,NA,NA,p.Val10=,0.4283292717717469
urn:mavedb:00000068-c-1#8145,NA,NA,p.Val10Ala,0.5057438461234421
urn:mavedb:00000068-c-1#8146,NA,NA,p.Ser9Ter,-2.117711018252776
urn:mavedb:00000068-c-1#8147,NA,NA,p.Ser9Tyr,-0.7323687036375548
urn:mavedb:00000068-c-1#8148,NA,NA,p.Ser9Trp,-0.09955468426198433
urn:mavedb:00000068-c-1#8149,NA,NA,p.Ser9Val,0.4904690151400356
urn:mavedb:00000068-c-1#8150,NA,NA,p.Ser9Thr,-0.1138037009356229
urn:mavedb:00000068-c-1#8151,NA,NA,p.Ser9Arg,0.3830019999446073
urn:mavedb:00000068-c-1#8152,NA,NA,p.Ser9Gln,0.14109064130542914
urn:mavedb:00000068-c-1#8153,NA,NA,p.Ser9Pro,0.3807764603762187
urn:mavedb:00000068-c-1#8154,NA,NA,p.Ser9Asn,0.4767202682209577
urn:mavedb:00000068-c-1#8155,NA,NA,p.Ser9Met,0.481882586301055
urn:mavedb:00000068-c-1#8156,NA,NA,p.Ser9Leu,0.1272392434258171
urn:mavedb:00000068-c-1#8157,NA,NA,p.Ser9Lys,0.6408661376055272
urn:mavedb:00000068-c-1#8158,NA,NA,p.Ser9Ile,0.30643922641096666
urn:mavedb:00000068-c-1#8159,NA,NA,p.Ser9His,0.16839334628658698
urn:mavedb:00000068-c-1#8160,NA,NA,p.Ser9Gly,0.1492925110337676
urn:mavedb:00000068-c-1#8161,NA,NA,p.Ser9Phe,-0.03255866563824985
urn:mavedb:00000068-c-1#8162,NA,NA,p.Ser9Glu,-0.026962121212976455
urn:mavedb:00000068-c-1#8163,NA,NA,p.Ser9Asp,0.07972003846230309
urn:mavedb:00000068-c-1#8164,NA,NA,p.Ser9Cys,0.05948868792979081
urn:mavedb:00000068-c-1#8165,NA,NA,p.Ser9=,0.3746966198748268
urn:mavedb:00000068-c-1#8166,NA,NA,p.Ser9Ala,0.11016213784735827
urn:mavedb:00000068-c-1#8167,NA,NA,p.Pro8Ter,-2.429366741433463
urn:mavedb:00000068-c-1#8168,NA,NA,p.Pro8Tyr,0.3764504521052053
urn:mavedb:00000068-c-1#8169,NA,NA,p.Pro8Trp,0.2551498872296959
urn:mavedb:00000068-c-1#8170,NA,NA,p.Pro8Val,0.3961682416654189
urn:mavedb:00000068-c-1#8171,NA,NA,p.Pro8Thr,0.3117462291474605
urn:mavedb:00000068-c-1#8172,NA,NA,p.Pro8Ser,-1.320230794162153
urn:mavedb:00000068-c-1#8173,NA,NA,p.Pro8Arg,0.5165714212595433
urn:mavedb:00000068-c-1#8174,NA,NA,p.Pro8Gln,0.6223016869649785
urn:mavedb:00000068-c-1#8175,NA,NA,p.Pro8Asn,0.2721734734930041
urn:mavedb:00000068-c-1#8176,NA,NA,p.Pro8Met,0.3206520497471684
urn:mavedb:00000068-c-1#8177,NA,NA,p.Pro8Leu,-0.007909445079937618
urn:mavedb:00000068-c-1#8178,NA,NA,p.Pro8Lys,0.5764669834561339
urn:mavedb:00000068-c-1#8179,NA,NA,p.Pro8Ile,0.07202089955213968
urn:mavedb:00000068-c-1#8180,NA,NA,p.Pro8His,0.3864335347415536
urn:mavedb:00000068-c-1#8181,NA,NA,p.Pro8Gly,0.32294642130348417
urn:mavedb:00000068-c-1#8182,NA,NA,p.Pro8Phe,-0.11391428452372285
urn:mavedb:00000068-c-1#8183,NA,NA,p.Pro8Glu,0.4772757241413736
urn:mavedb:00000068-c-1#8184,NA,NA,p.Pro8Asp,0.404817339494414
urn:mavedb:00000068-c-1#8185,NA,NA,p.Pro8Cys,0.04635656993455664
urn:mavedb:00000068-c-1#8186,NA,NA,p.Pro8=,0.16952625636264435
urn:mavedb:00000068-c-1#8187,NA,NA,p.Pro8Ala,0.057061749113170086
urn:mavedb:00000068-c-1#8188,NA,NA,p.Asp7Ter,-2.339286554604405
urn:mavedb:00000068-c-1#8189,NA,NA,p.Asp7Tyr,0.24380083697380905
urn:mavedb:00000068-c-1#8190,NA,NA,p.Asp7Trp,0.21529558342361124
urn:mavedb:00000068-c-1#8191,NA,NA,p.Asp7Val,0.24740875326958275
urn:mavedb:00000068-c-1#8192,NA,NA,p.Asp7Thr,0.3326382359455564
urn:mavedb:00000068-c-1#8193,NA,NA,p.Asp7Ser,0.21116602024520031
urn:mavedb:00000068-c-1#8194,NA,NA,p.Asp7Arg,-0.2564560498183253
urn:mavedb:00000068-c-1#8195,NA,NA,p.Asp7Gln,0.3060273406915607
urn:mavedb:00000068-c-1#8196,NA,NA,p.Asp7Pro,0.09318423167525908
urn:mavedb:00000068-c-1#8197,NA,NA,p.Asp7Asn,0.16365216958012072
urn:mavedb:00000068-c-1#8198,NA,NA,p.Asp7Met,0.4953356115023538
urn:mavedb:00000068-c-1#8199,NA,NA,p.Asp7Leu,0.3165050212945877
urn:mavedb:00000068-c-1#8200,NA,NA,p.Asp7Lys,0.4902075915620064
urn:mavedb:00000068-c-1#8201,NA,NA,p.Asp7Ile,0.1925644053381441
urn:mavedb:00000068-c-1#8202,NA,NA,p.Asp7His,0.5120182651054678
urn:mavedb:00000068-c-1#8203,NA,NA,p.Asp7Gly,0.042125319496645976
urn:mavedb:00000068-c-1#8204,NA,NA,p.Asp7Phe,0.6304534985002249
urn:mavedb:00000068-c-1#8205,NA,NA,p.Asp7Glu,0.4373529943117314
urn:mavedb:00000068-c-1#8206,NA,NA,p.Asp7Cys,0.3251130320251201
urn:mavedb:00000068-c-1#8207,NA,NA,p.Asp7=,-0.4385264663995381
urn:mavedb:00000068-c-1#8208,NA,NA,p.Asp7Ala,0.5772939829134807
urn:mavedb:00000068-c-1#8209,NA,NA,p.Ser6Ter,-0.9281197873152828
urn:mavedb:00000068-c-1#8210,NA,NA,p.Ser6Tyr,0.2315940446026221
urn:mavedb:00000068-c-1#8211,NA,NA,p.Ser6Trp,-0.21573027571091968
urn:mavedb:00000068-c-1#8212,NA,NA,p.Ser6Val,-0.6916587923351463
urn:mavedb:00000068-c-1#8213,NA,NA,p.Ser6Thr,0.3162122294002192
urn:mavedb:00000068-c-1#8214,NA,NA,p.Ser6Arg,0.4144486228480633
urn:mavedb:00000068-c-1#8215,NA,NA,p.Ser6Gln,0.3426584504873552
urn:mavedb:00000068-c-1#8216,NA,NA,p.Ser6Pro,0.390290671626151
urn:mavedb:00000068-c-1#8217,NA,NA,p.Ser6Asn,0.4157741600851619
urn:mavedb:00000068-c-1#8218,NA,NA,p.Ser6Met,0.2080775194405806
urn:mavedb:00000068-c-1#8219,NA,NA,p.Ser6Leu,0.08363307191624
urn:mavedb:00000068-c-1#8220,NA,NA,p.Ser6Lys,0.5700824917054218
urn:mavedb:00000068-c-1#8221,NA,NA,p.Ser6Ile,0.5042117718581878
urn:mavedb:00000068-c-1#8222,NA,NA,p.Ser6His,0.3517028264734643
urn:mavedb:00000068-c-1#8223,NA,NA,p.Ser6Gly,0.6184978007442059
urn:mavedb:00000068-c-1#8224,NA,NA,p.Ser6Phe,0.02289484026945146
urn:mavedb:00000068-c-1#8225,NA,NA,p.Ser6Glu,0.4511591103980466
urn:mavedb:00000068-c-1#8226,NA,NA,p.Ser6Asp,0.3646070859128853
urn:mavedb:00000068-c-1#8227,NA,NA,p.Ser6Cys,0.2183918037704998
urn:mavedb:00000068-c-1#8228,NA,NA,p.Ser6=,-0.17844098123252408
urn:mavedb:00000068-c-1#8229,NA,NA,p.Ser6Ala,-0.7336482115807554
urn:mavedb:00000068-c-1#8230,NA,NA,p.Gln5Ter,-1.3811528866563634
urn:mavedb:00000068-c-1#8231,NA,NA,p.Gln5Tyr,0.5003148348437252
urn:mavedb:00000068-c-1#8232,NA,NA,p.Gln5Trp,0.0004555301446930171
urn:mavedb:00000068-c-1#8233,NA,NA,p.Gln5Val,0.1922582848644509
urn:mavedb:00000068-c-1#8234,NA,NA,p.Gln5Thr,0.5336922850974224
urn:mavedb:00000068-c-1#8235,NA,NA,p.Gln5Ser,0.5030359499917639
urn:mavedb:00000068-c-1#8236,NA,NA,p.Gln5Arg,-0.06183060844889196
urn:mavedb:00000068-c-1#8237,NA,NA,p.Gln5Pro,0.07322904130446499
urn:mavedb:00000068-c-1#8238,NA,NA,p.Gln5Asn,0.2916646135413555
urn:mavedb:00000068-c-1#8239,NA,NA,p.Gln5Met,0.4014571063121729
urn:mavedb:00000068-c-1#8240,NA,NA,p.Gln5Leu,0.5722544110708001
urn:mavedb:00000068-c-1#8241,NA,NA,p.Gln5Lys,0.6199420279951008
urn:mavedb:00000068-c-1#8242,NA,NA,p.Gln5Ile,0.4438779513034484
urn:mavedb:00000068-c-1#8243,NA,NA,p.Gln5His,0.4730199893886187
urn:mavedb:00000068-c-1#8244,NA,NA,p.Gln5Gly,0.6721437977372072
urn:mavedb:00000068-c-1#8245,NA,NA,p.Gln5Phe,0.18343248188955613
urn:mavedb:00000068-c-1#8246,NA,NA,p.Gln5Glu,0.15436329328755574
urn:mavedb:00000068-c-1#8247,NA,NA,p.Gln5Asp,0.5960589731573821
urn:mavedb:00000068-c-1#8248,NA,NA,p.Gln5Cys,0.24969428735758245
urn:mavedb:00000068-c-1#8249,NA,NA,p.Gln5=,0.3629389557450313
urn:mavedb:00000068-c-1#8250,NA,NA,p.Gln5Ala,-0.3457536683420412
urn:mavedb:00000068-c-1#8251,NA,NA,p.Pro4Ter,-1.849256823954224
urn:mavedb:00000068-c-1#8252,NA,NA,p.Pro4Tyr,0.595865415557962
urn:mavedb:00000068-c-1#8253,NA,NA,p.Pro4Trp,0.25088668831239713
urn:mavedb:00000068-c-1#8254,NA,NA,p.Pro4Val,0.2044336335371768
urn:mavedb:00000068-c-1#8255,NA,NA,p.Pro4Thr,0.33817474277862275
urn:mavedb:00000068-c-1#8256,NA,NA,p.Pro4Ser,0.2542467793848281
urn:mavedb:00000068-c-1#8257,NA,NA,p.Pro4Arg,0.416459366052494
urn:mavedb:00000068-c-1#8258,NA,NA,p.Pro4Gln,0.5373955830315713
urn:mavedb:00000068-c-1#8259,NA,NA,p.Pro4Asn,0.69306763757598
urn:mavedb:00000068-c-1#8260,NA,NA,p.Pro4Met,0.8834842806128478
urn:mavedb:00000068-c-1#8261,NA,NA,p.Pro4Leu,0.35635906228057845
urn:mavedb:00000068-c-1#8262,NA,NA,p.Pro4Lys,0.5696007543528232
urn:mavedb:00000068-c-1#8263,NA,NA,p.Pro4Ile,0.6559220169944795
urn:mavedb:00000068-c-1#8264,NA,NA,p.Pro4His,0.3463230872150415
urn:mavedb:00000068-c-1#8265,NA,NA,p.Pro4Gly,0.4806294866598324
urn:mavedb:00000068-c-1#8266,NA,NA,p.Pro4Phe,0.14395538307324404
urn:mavedb:00000068-c-1#8267,NA,NA,p.Pro4Glu,0.7520628299025952
urn:mavedb:00000068-c-1#8268,NA,NA,p.Pro4Asp,0.4312862112493021
urn:mavedb:00000068-c-1#8269,NA,NA,p.Pro4Cys,0.1915261839273828
urn:mavedb:00000068-c-1#8270,NA,NA,p.Pro4=,0.2804420144828616
urn:mavedb:00000068-c-1#8271,NA,NA,p.Pro4Ala,-1.1759464665590575
urn:mavedb:00000068-c-1#8272,NA,NA,p.Glu3Ter,-2.0212590181512065
urn:mavedb:00000068-c-1#8273,NA,NA,p.Glu3Tyr,0.30089768620709245
urn:mavedb:00000068-c-1#8274,NA,NA,p.Glu3Trp,0.08210397398793433
