accession,hgvs_nt,hgvs_splice,hgvs_pro,score,sigma,raw_score,raw_sigma
urn:mavedb:00001054-a-1#1,NA,NA,p.Gly1Ter,NA,NA,NA,NA
urn:mavedb:00001054-a-1#2,NA,NA,p.Gly1Ala,-0.100810443051258,0.0903589668672008,0.1762235,0.01214521
urn:mavedb:00001054-a-1#3,NA,NA,p.Gly1Cys,-0.391450298316329,0.189646019046195,0.1371584,0.02549045
urn:mavedb:00001054-a-1#4,NA,NA,p.Gly1Asp,-0.0273958888891253,0.0775807410182099,0.1860912,0.01042768
urn:mavedb:00001054-a-1#5,NA,NA,p.Gly1Glu,-0.0141566133607332,0.0864602438803262,0.1878707,0.01162118
urn:mavedb:00001054-a-1#6,NA,NA,p.Gly1Phe,0.191984746926133,0.198590397706349,0.2155783,0.02669267
urn:mavedb:00001054-a-1#7,NA,NA,p.Lys2Ter,NA,NA,NA,NA
urn:mavedb:00001054-a-1#8,NA,NA,p.Lys2Ala,-0.28437547201421,0.0393767450529488,0.1515504,0.005292655
urn:mavedb:00001054-a-1#9,NA,NA,p.Lys2Cys,-0.114720052226803,0.0434036721397983,0.1743539,0.005833917
urn:mavedb:00001054-a-1#10,NA,NA,p.Lys2Asp,-0.412941894393242,0.106907280089756,0.1342697,0.01436948
urn:mavedb:00001054-a-1#11,NA,NA,p.Lys2Glu,-0.354068595651307,0.127351489142849,0.1421829,0.0171174
urn:mavedb:00001054-a-1#12,NA,NA,p.Lys2Phe,-0.365739543401455,0.15574640580267,0.1406142,0.02093398
urn:mavedb:00001054-a-1#13,NA,NA,p.Lys2Gly,-0.637750670374567,0.0821888570489913,0.104053,0.01104706
urn:mavedb:00001054-a-1#14,NA,NA,p.Lys2His,0.0053864768095282,0.119613562249868,0.1904975,0.01607734
urn:mavedb:00001054-a-1#15,NA,NA,p.Lys2Ile,0.0493867012559819,0.110506324504962,0.1964116,0.01485323
urn:mavedb:00001054-a-1#16,NA,NA,p.Lys3Ter,-1.39121931964364,0.271921773953108,0.002778768,0.03654919
urn:mavedb:00001054-a-1#17,NA,NA,p.Lys3Ala,-0.182163354610859,0.0326711245366979,0.1652888,0.004391348
urn:mavedb:00001054-a-1#18,NA,NA,p.Lys3Cys,-0.20300172877634,0.0584343901605794,0.1624879,0.007854206
urn:mavedb:00001054-a-1#19,NA,NA,p.Lys3Asp,-0.183260737662524,0.0918746946578158,0.1651413,0.01234894
urn:mavedb:00001054-a-1#20,NA,NA,p.Lys3Glu,-0.195301447701945,0.0636762653633813,0.1635229,0.00855877
urn:mavedb:00001054-a-1#21,NA,NA,p.Lys3Phe,-0.349037745349369,0.0771210305181259,0.1428591,0.01036589
urn:mavedb:00001054-a-1#22,NA,NA,p.Lys3Gly,-0.26494249214337,0.0462818363285096,0.1541624,0.006220773
urn:mavedb:00001054-a-1#23,NA,NA,p.Lys3His,-0.329996847423089,0.0912548778304652,0.1454184,0.01226563
urn:mavedb:00001054-a-1#24,NA,NA,p.Lys3Ile,-0.642972725723473,0.107012703261567,0.1033511,0.01438365
urn:mavedb:00001054-a-1#25,NA,NA,p.Ile4Ter,-1.45227448372815,0.0953849068449755,-0.005427698,0.01282075
urn:mavedb:00001054-a-1#26,NA,NA,p.Ile4Ala,-0.650362019600853,0.078043873865438,0.1023579,0.01048993
urn:mavedb:00001054-a-1#27,NA,NA,p.Ile4Cys,-0.346659214084167,0.0504911447586032,0.1431788,0.006786549
urn:mavedb:00001054-a-1#28,NA,NA,p.Ile4Asp,-0.463966114358861,0.0871740264564397,0.1274115,0.01171712
urn:mavedb:00001054-a-1#29,NA,NA,p.Ile4Glu,-0.569794015918884,0.107321830487307,0.1131871,0.0144252
urn:mavedb:00001054-a-1#30,NA,NA,p.Ile4Phe,-0.371576133259294,0.0869555914300202,0.1398297,0.01168776
urn:mavedb:00001054-a-1#31,NA,NA,p.Ile4Gly,-0.562248484454487,0.0442950224534988,0.1142013,0.005953724
urn:mavedb:00001054-a-1#32,NA,NA,p.Ile4His,-0.470505029369765,0.118734911820027,0.1265326,0.01595924
urn:mavedb:00001054-a-1#33,NA,NA,p.Thr5Ter,-1.31445799269013,0.0602698842126219,0.01309631,0.008100916
urn:mavedb:00001054-a-1#34,NA,NA,p.Thr5Ala,-0.0629139003375907,0.0346060377732787,0.1813172,0.004651421
urn:mavedb:00001054-a-1#35,NA,NA,p.Thr5Cys,-0.0830023340853917,0.0422116239901714,0.1786171,0.005673693
urn:mavedb:00001054-a-1#36,NA,NA,p.Thr5Asp,-0.0928140545500412,0.0406952042902425,0.1772983,0.00546987
urn:mavedb:00001054-a-1#37,NA,NA,p.Thr5Glu,-0.0008615386941207,0.0341014424464104,0.1896577,0.004583598
urn:mavedb:00001054-a-1#38,NA,NA,p.Thr5Phe,-0.126790521806608,0.0348464353405017,0.1727315,0.004683733
urn:mavedb:00001054-a-1#39,NA,NA,p.Thr5Gly,-0.0723342828461889,0.034445618970838,0.180051,0.004629859
urn:mavedb:00001054-a-1#40,NA,NA,p.Thr5His,-0.281473916826757,0.0339637004137424,0.1519404,0.004565084
urn:mavedb:00001054-a-1#41,NA,NA,p.Thr5Ile,-0.0192172232030554,0.0332310130895999,0.1871905,0.004466603
urn:mavedb:00001054-a-1#42,NA,NA,p.Thr5Lys,-0.0798932061037592,0.0417333435368877,0.179035,0.005609407
urn:mavedb:00001054-a-1#43,NA,NA,p.Thr5Leu,-0.184208579023759,0.0305545144263018,0.1650139,0.004106853
urn:mavedb:00001054-a-1#44,NA,NA,p.Thr5Met,-0.0595852957456253,0.0378152173296827,0.1817646,0.005082769
urn:mavedb:00001054-a-1#45,NA,NA,p.Thr5Asn,-0.0655483636500965,0.0346418980194416,0.1809631,0.004656241
urn:mavedb:00001054-a-1#46,NA,NA,p.Thr5Pro,-0.338866678434581,0.0308858571489387,0.1442262,0.004151389
urn:mavedb:00001054-a-1#47,NA,NA,p.Thr5Gln,-0.0342822465340142,0.0456213010100284,0.1851656,0.00613199
urn:mavedb:00001054-a-1#48,NA,NA,p.Thr5Arg,-0.177901788427851,0.0326061073808437,0.1658616,0.004382609
urn:mavedb:00001054-a-1#49,NA,NA,p.Thr5Ser,-0.0207371917281752,0.0321708145836449,0.1869862,0.004324101
urn:mavedb:00001054-a-1#50,NA,NA,p.Asp6Ter,-1.46768748536482,0.0808824876249787,-0.00749937,0.01087147
urn:mavedb:00001054-a-1#51,NA,NA,p.Asp6Ala,-0.216955233273952,0.0325588715503689,0.1606124,0.00437626
urn:mavedb:00001054-a-1#52,NA,NA,p.Asp6Cys,-0.225651714962706,0.0356350259612558,0.1594435,0.004789728
urn:mavedb:00001054-a-1#53,NA,NA,p.Leu7Ter,-1.21295028360768,0.185370093884952,0.02674003,0.02491572
urn:mavedb:00001054-a-1#54,NA,NA,p.Leu7Ala,-0.385030421466961,0.0324277584553215,0.1380213,0.004358637
urn:mavedb:00001054-a-1#55,NA,NA,p.Leu7Cys,-0.112569925434049,0.0807374098656061,0.1746429,0.01085197
urn:mavedb:00001054-a-1#56,NA,NA,p.Leu7Asp,-0.665496977851715,0.0538383937026194,0.1003236,0.007236455
urn:mavedb:00001054-a-1#57,NA,NA,p.Leu7Glu,-0.308099777608443,0.103175359326734,0.1483616,0.01386787
urn:mavedb:00001054-a-1#58,NA,NA,p.Leu7Phe,-0.311924622536314,0.0610373232400479,0.1478475,0.008204068
urn:mavedb:00001054-a-1#59,NA,NA,p.Leu7Gly,-0.715389070502271,0.0708053864589538,0.09361757,0.009517
urn:mavedb:00001054-a-1#60,NA,NA,p.Leu7His,-0.731628033302533,0.157373211077769,0.09143488,0.02115264
urn:mavedb:00001054-a-1#61,NA,NA,p.Leu7Ile,-0.466761279189441,0.107496518989362,0.1270358,0.01444868
urn:mavedb:00001054-a-1#62,NA,NA,p.Leu7Lys,-0.406814405028148,0.110366826659412,0.1350933,0.01483448
urn:mavedb:00001054-a-1#63,NA,NA,p.Arg8Ter,-1.26522894259934,0.638650524476932,0.01971322,0.08584145
urn:mavedb:00001054-a-1#64,NA,NA,p.Arg8Ala,-0.120285830267146,0.102093972028026,0.1736058,0.01372252
urn:mavedb:00001054-a-1#65,NA,NA,p.Arg8Cys,-0.569950253505901,0.138818956035621,0.1131661,0.01865875
urn:mavedb:00001054-a-1#66,NA,NA,p.Arg8Asp,0.0326038084563488,0.151007868586155,0.1941558,0.02029707
urn:mavedb:00001054-a-1#67,NA,NA,p.Arg8Glu,-0.191232574542924,0.11111431191501,0.1640698,0.01493495
urn:mavedb:00001054-a-1#68,NA,NA,p.Arg8Phe,-0.26756802759376,0.0649196264005156,0.1538095,0.008725891
urn:mavedb:00001054-a-1#69,NA,NA,p.Arg8Gly,-0.189711862029295,0.0796484338840996,0.1642742,0.0107056
urn:mavedb:00001054-a-1#70,NA,NA,p.Arg8His,-0.322001946898891,0.225095881147181,0.146493,0.03025529
urn:mavedb:00001054-a-1#71,NA,NA,p.Arg8Ile,NA,NA,NA,NA
urn:mavedb:00001054-a-1#72,NA,NA,p.Arg8Lys,-0.389259996144056,0.139265200343681,0.1374528,0.01871873
urn:mavedb:00001054-a-1#73,NA,NA,p.Arg8Leu,-0.131116071001442,0.0783809750591393,0.1721501,0.01053524
urn:mavedb:00001054-a-1#74,NA,NA,p.Arg8Met,-0.0979431113352467,0.091549720476821,0.1766089,0.01230526
urn:mavedb:00001054-a-1#75,NA,NA,p.Arg8Asn,NA,NA,NA,NA
urn:mavedb:00001054-a-1#76,NA,NA,p.Arg8Pro,-0.125748193904654,0.145193747181307,0.1728716,0.01951559
urn:mavedb:00001054-a-1#77,NA,NA,p.Arg8Gln,-0.502222003522667,0.169824602774491,0.1222695,0.02282624
urn:mavedb:00001054-a-1#78,NA,NA,p.Val9Ter,-1.19186386367309,0.306570881221208,0.02957427,0.0412064
urn:mavedb:00001054-a-1#79,NA,NA,p.Val9Ala,-0.394873389449014,0.104153704216863,0.1366983,0.01399937
urn:mavedb:00001054-a-1#80,NA,NA,p.Val9Cys,-0.0669217664388242,0.093982711700926,0.1807785,0.01263228
urn:mavedb:00001054-a-1#81,NA,NA,p.Val9Asp,-0.127476479212463,0.116741989799352,0.1726393,0.01569137
urn:mavedb:00001054-a-1#82,NA,NA,p.Val9Glu,-0.153379183162814,0.110673275526517,0.1691577,0.01487567
urn:mavedb:00001054-a-1#83,NA,NA,p.Val9Phe,-0.584792824272488,0.150756995660717,0.1111711,0.02026335
urn:mavedb:00001054-a-1#84,NA,NA,p.Val9Gly,-0.405137454927502,0.0882019953801587,0.1353187,0.01185529
urn:mavedb:00001054-a-1#85,NA,NA,p.Val9His,-0.345401129514427,0.12873597736037,0.1433479,0.01730349
urn:mavedb:00001054-a-1#86,NA,NA,p.Val9Ile,-0.0110415334710239,0.0543238610849058,0.1882894,0.007301707
urn:mavedb:00001054-a-1#87,NA,NA,p.Val9Lys,-0.533343042879376,0.268900808609864,0.1180865,0.03614314
urn:mavedb:00001054-a-1#88,NA,NA,p.Val9Leu,-0.209527251994072,0.0824897260022749,0.1616108,0.0110875
urn:mavedb:00001054-a-1#89,NA,NA,p.Val9Met,0.157966616313028,0.0992796122938983,0.2110059,0.01334424
urn:mavedb:00001054-a-1#90,NA,NA,p.Val9Asn,-0.453115041946295,0.159971814144111,0.12887,0.02150192
urn:mavedb:00001054-a-1#91,NA,NA,p.Val9Pro,-0.586854416432599,0.1526537199671,0.110894,0.02051829
urn:mavedb:00001054-a-1#92,NA,NA,p.Val9Gln,-0.426202745588412,0.148033179328208,0.1324873,0.01989724
urn:mavedb:00001054-a-1#93,NA,NA,p.Val9Arg,-0.241061204973611,0.070406266383092,0.1573723,0.009463354
urn:mavedb:00001054-a-1#94,NA,NA,p.Val9Ser,-0.417364162094324,0.09711906966201,0.1336753,0.01305384
urn:mavedb:00001054-a-1#95,NA,NA,p.Val9Thr,0.0864142653904326,0.0923063567910877,0.2013885,0.01240696
urn:mavedb:00001054-a-1#96,NA,NA,p.Ile10Ter,-1.29219540132072,0.408884776252672,0.01608864,0.05495848
urn:mavedb:00001054-a-1#97,NA,NA,p.Ile10Ala,0.0552351949299742,0.103693696121375,0.1971977,0.01393754
urn:mavedb:00001054-a-1#98,NA,NA,p.Ile10Cys,-0.0755810487020979,0.140407669099028,0.1796146,0.01887229
urn:mavedb:00001054-a-1#99,NA,NA,p.Ile10Asp,-0.735742066564087,0.331105985493206,0.09088191,0.04450418
urn:mavedb:00001054-a-1#100,NA,NA,p.Ile10Glu,-0.099959320196272,0.111946686259554,0.1763379,0.01504683
urn:mavedb:00001054-a-1#101,NA,NA,p.Ile10Phe,-0.417416241289996,0.174998968459931,0.1336683,0.02352173
urn:mavedb:00001054-a-1#102,NA,NA,p.Ile10Gly,-0.10645285190809,0.0642313105510858,0.1754651,0.008633374
urn:mavedb:00001054-a-1#103,NA,NA,p.Ile10His,NA,NA,NA,NA
urn:mavedb:00001054-a-1#104,NA,NA,p.Asp11Ter,-1.24618983024548,0.646976574286754,0.02227228,0.08696056
urn:mavedb:00001054-a-1#105,NA,NA,p.Asp11Ala,-0.681384108485786,0.250353398262004,0.0981882,0.03365017
urn:mavedb:00001054-a-1#106,NA,NA,p.Asp11Cys,-0.85436128817087,0.219218148724761,0.07493822,0.02946526
urn:mavedb:00001054-a-1#107,NA,NA,p.Leu12Ter,-1.10161292393749,0.155068037079614,0.04170496,0.0208428
urn:mavedb:00001054-a-1#108,NA,NA,p.Leu12Ala,-0.580717999205391,0.0346252624363668,0.1117188,0.004654005
urn:mavedb:00001054-a-1#109,NA,NA,p.Leu12Cys,-0.497048307426885,0.0827922317302796,0.1229649,0.01112816
urn:mavedb:00001054-a-1#110,NA,NA,p.Leu12Asp,-0.65033151607196,0.0828437157351442,0.102362,0.01113508
urn:mavedb:00001054-a-1#111,NA,NA,p.Leu12Glu,-0.5998154402584,0.0502166427580999,0.1091519,0.006749653
urn:mavedb:00001054-a-1#112,NA,NA,p.Leu12Phe,-0.706040036491744,0.0552136341429659,0.09487418,0.007421302
urn:mavedb:00001054-a-1#113,NA,NA,p.Leu12Gly,-0.85096029349692,0.0510802348605071,0.07539535,0.006865729
urn:mavedb:00001054-a-1#114,NA,NA,p.Leu12His,-0.902324293014875,0.170120040611654,0.06849148,0.02286595
urn:mavedb:00001054-a-1#115,NA,NA,p.Leu12Ile,-0.128924280852151,0.0672440176218738,0.1724447,0.009038314
urn:mavedb:00001054-a-1#116,NA,NA,p.Leu12Lys,-1.33154413520628,0.271677299328852,0.01079975,0.03651633
urn:mavedb:00001054-a-1#117,NA,NA,p.Lys13Ter,-1.31837777055183,0.186128218176237,0.01256945,0.02501762
urn:mavedb:00001054-a-1#118,NA,NA,p.Lys13Ala,-0.352323942596287,0.0494665386629476,0.1424174,0.006648831
urn:mavedb:00001054-a-1#119,NA,NA,p.Lys13Cys,-0.223037339339959,0.0603574814197426,0.1597949,0.00811269
urn:mavedb:00001054-a-1#120,NA,NA,p.Lys13Asp,-0.742782355431612,0.0595965671715457,0.08993562,0.008010415
urn:mavedb:00001054-a-1#121,NA,NA,p.Lys13Glu,-0.218945402537141,0.0617628161953026,0.1603449,0.008301582
urn:mavedb:00001054-a-1#122,NA,NA,p.Lys13Phe,-0.288264299953907,0.0372066942479079,0.1510277,0.005000977
urn:mavedb:00001054-a-1#123,NA,NA,p.Lys13Gly,-0.859005859638622,0.0375783388281101,0.07431394,0.00505093
urn:mavedb:00001054-a-1#124,NA,NA,p.Lys13His,-0.101622134515236,0.083207898110595,0.1761144,0.01118403
urn:mavedb:00001054-a-1#125,NA,NA,p.Lys13Ile,0.131403994554659,0.0640341387162707,0.2074356,0.008606872
urn:mavedb:00001054-a-1#126,NA,NA,p.Ser14Ter,-0.891448594582642,0.0757298464040186,0.06995329,0.0101789
urn:mavedb:00001054-a-1#127,NA,NA,p.Ser14Ala,-0.146924338853495,0.061542826232898,0.1700253,0.008272013
urn:mavedb:00001054-a-1#128,NA,NA,p.Ser14Cys,-0.308539474817618,0.0670947363274218,0.1483025,0.009018249
urn:mavedb:00001054-a-1#129,NA,NA,p.Ser14Asp,0.156277018407719,0.0728789717138396,0.2107788,0.009795712
urn:mavedb:00001054-a-1#130,NA,NA,p.Ser14Glu,-0.0298517949593261,0.0502367974068251,0.1857611,0.006752362
urn:mavedb:00001054-a-1#131,NA,NA,p.Ser14Phe,-0.124813000348083,0.0359741731233585,0.1729973,0.004835313
urn:mavedb:00001054-a-1#132,NA,NA,p.Ser14Gly,-0.0773353736077427,0.0510982468223246,0.1793788,0.00686815
urn:mavedb:00001054-a-1#133,NA,NA,p.Ser14His,-0.0313167083347351,0.0547818380917623,0.1855642,0.007363264
urn:mavedb:00001054-a-1#134,NA,NA,p.Ser14Ile,-0.165085842361423,0.0884855294011686,0.1675842,0.0118934
urn:mavedb:00001054-a-1#135,NA,NA,p.Ser14Lys,-0.246411970334678,0.0853548257527575,0.1566531,0.0114726
urn:mavedb:00001054-a-1#136,NA,NA,p.Ser14Leu,-0.0236543706743299,0.0404847597004161,0.1865941,0.005441584
urn:mavedb:00001054-a-1#137,NA,NA,p.Ser14Met,-0.0509788366665333,0.0440256911731373,0.1829214,0.005917523
urn:mavedb:00001054-a-1#138,NA,NA,p.Ser14Asn,-0.407163335639152,0.110126146376555,0.1350464,0.01480213
urn:mavedb:00001054-a-1#139,NA,NA,p.Ser14Pro,-0.767685436420461,0.0583464135193188,0.08658838,0.007842381
urn:mavedb:00001054-a-1#140,NA,NA,p.Ser14Gln,-0.324747264499328,0.0965256644267504,0.146124,0.01297408
urn:mavedb:00001054-a-1#141,NA,NA,p.Ser14Arg,-0.176395955684414,0.0453580406759052,0.166064,0.006096605
urn:mavedb:00001054-a-1#142,NA,NA,p.Glu15Ter,-1.40434900566456,0.0682316251689468,0.001013998,0.009171059
urn:mavedb:00001054-a-1#143,NA,NA,p.Glu15Ala,-0.455172170175349,0.0682364685341443,0.1285935,0.00917171
urn:mavedb:00001054-a-1#144,NA,NA,p.Glu15Cys,-0.679758865586557,0.105475548601875,0.09840665,0.01417704
urn:mavedb:00001054-a-1#145,NA,NA,p.Glu15Asp,-0.916223783946689,0.159730613069298,0.06662324,0.0214695
urn:mavedb:00001054-a-1#146,NA,NA,p.Leu16Ter,-1.0549758554153,0.167386924422775,0.04797348,0.02249859
urn:mavedb:00001054-a-1#147,NA,NA,p.Leu16Ala,-0.767213375711117,0.0918658411945515,0.08665183,0.01234775
urn:mavedb:00001054-a-1#148,NA,NA,p.Leu16Cys,-0.496479156217038,0.103841526638233,0.1230414,0.01395741
urn:mavedb:00001054-a-1#149,NA,NA,p.Leu16Asp,-0.414099540514184,0.118891818996702,0.1341141,0.01598033
urn:mavedb:00001054-a-1#150,NA,NA,p.Leu16Glu,-0.593548081053501,0.0870924109169362,0.1099943,0.01170615
urn:mavedb:00001054-a-1#151,NA,NA,p.Leu16Phe,-0.945482917659265,0.197010017314249,0.0626905,0.02648025
urn:mavedb:00001054-a-1#152,NA,NA,p.Leu16Gly,-0.829344823333158,0.0427373113912869,0.0783007,0.005744351
urn:mavedb:00001054-a-1#153,NA,NA,p.Leu16His,-0.464692991132743,0.380338085936893,0.1273138,0.0511215
urn:mavedb:00001054-a-1#154,NA,NA,p.Leu16Ile,-0.999621101531829,0.309044345420235,0.05541375,0.04153886
urn:mavedb:00001054-a-1#155,NA,NA,p.Leu16Lys,-0.863543371159842,0.0776021678872865,0.07370405,0.01043056
urn:mavedb:00001054-a-1#156,NA,NA,p.Lys17Ter,-1.3589153683162,0.522200029375642,0.007120764,0.07018926
urn:mavedb:00001054-a-1#157,NA,NA,p.Lys17Ala,-0.0796037945735234,0.0722802692803915,0.1790739,0.00971524
urn:mavedb:00001054-a-1#158,NA,NA,p.Lys17Cys,-0.527602427539276,0.22915299928775,0.1188581,0.03080061
urn:mavedb:00001054-a-1#159,NA,NA,p.Lys17Asp,-0.0463296524700219,0.0971586498507209,0.1835463,0.01305916
urn:mavedb:00001054-a-1#160,NA,NA,p.Lys17Glu,-0.0127921384341206,0.0828556195512978,0.1880541,0.01113668
urn:mavedb:00001054-a-1#161,NA,NA,p.Lys17Phe,-0.267472053076021,0.173047635396944,0.1538224,0.02325945
urn:mavedb:00001054-a-1#162,NA,NA,p.Lys17Gly,0.0226306424851155,0.0506953696044893,0.1928153,0.006813999
urn:mavedb:00001054-a-1#163,NA,NA,p.Lys17His,-0.464411019487603,0.147054685640377,0.1273517,0.01976572
urn:mavedb:00001054-a-1#164,NA,NA,p.Lys17Ile,-0.0665319164597921,0.0374453285623632,0.1808309,0.005033052
urn:mavedb:00001054-a-1#165,NA,NA,p.Arg18Ter,NA,NA,NA,NA
urn:mavedb:00001054-a-1#166,NA,NA,p.Arg18Ala,NA,NA,NA,NA
urn:mavedb:00001054-a-1#167,NA,NA,p.Arg18Cys,NA,NA,NA,NA
urn:mavedb:00001054-a-1#168,NA,NA,p.Arg18Asp,NA,NA,NA,NA
urn:mavedb:00001054-a-1#169,NA,NA,p.Arg18Glu,NA,NA,NA,NA
urn:mavedb:00001054-a-1#170,NA,NA,p.Arg18Phe,NA,NA,NA,NA
urn:mavedb:00001054-a-1#171,NA,NA,p.Arg18Gly,NA,NA,NA,NA
urn:mavedb:00001054-a-1#172,NA,NA,p.Arg18His,NA,NA,NA,NA
urn:mavedb:00001054-a-1#173,NA,NA,p.Arg18Ile,NA,NA,NA,NA
urn:mavedb:00001054-a-1#174,NA,NA,p.Arg18Lys,NA,NA,NA,NA
urn:mavedb:00001054-a-1#175,NA,NA,p.Arg18Leu,NA,NA,NA,NA
urn:mavedb:00001054-a-1#176,NA,NA,p.Arg18Met,NA,NA,NA,NA
urn:mavedb:00001054-a-1#177,NA,NA,p.Arg18Asn,NA,NA,NA,NA
urn:mavedb:00001054-a-1#178,NA,NA,p.Arg18Pro,NA,NA,NA,NA
urn:mavedb:00001054-a-1#179,NA,NA,p.Arg18Gln,NA,NA,NA,NA
urn:mavedb:00001054-a-1#180,NA,NA,p.Arg19Ter,-1.41123205501575,0.172484212898621,8.884267e-05,0.02318372
urn:mavedb:00001054-a-1#181,NA,NA,p.Arg19Ala,-1.08645512523938,0.0913507779493531,0.04374233,0.01227852
urn:mavedb:00001054-a-1#182,NA,NA,p.Arg19Cys,-0.921247268762382,0.052284670418819,0.06594803,0.007027618
urn:mavedb:00001054-a-1#183,NA,NA,p.Arg19Asp,-0.621027296655702,0.0521754529056092,0.1063008,0.007012938
urn:mavedb:00001054-a-1#184,NA,NA,p.Arg19Glu,-0.694293350711318,0.0357571219155669,0.09645306,0.004806139
urn:mavedb:00001054-a-1#185,NA,NA,p.Arg19Phe,-0.784319085125067,0.161082588988949,0.08435264,0.02165122
urn:mavedb:00001054-a-1#186,NA,NA,p.Arg19Gly,-0.912238460697297,0.0471918458740309,0.06715891,0.006343088
urn:mavedb:00001054-a-1#187,NA,NA,p.Arg19His,-0.648040775450891,0.0660846454475886,0.1026699,0.008882482
urn:mavedb:00001054-a-1#188,NA,NA,p.Arg19Ile,-1.06956256853343,0.164192907352197,0.04601287,0.02206928
urn:mavedb:00001054-a-1#189,NA,NA,p.Arg19Lys,-0.282548236234624,0.0977072669777025,0.151796,0.0131329
urn:mavedb:00001054-a-1#190,NA,NA,p.Arg19Leu,-0.710351152309491,0.0451057318526434,0.09429472,0.006062692
urn:mavedb:00001054-a-1#191,NA,NA,p.Arg19Met,-0.601114444196167,0.0637780281117249,0.1089773,0.008572448
urn:mavedb:00001054-a-1#192,NA,NA,p.Arg19Asn,-1.12465290890059,0.167534531743081,0.03860814,0.02251843
urn:mavedb:00001054-a-1#193,NA,NA,p.Arg19Pro,-0.658354688159523,0.0942073962308262,0.1012836,0.01266248
urn:mavedb:00001054-a-1#194,NA,NA,p.Arg19Gln,-0.575396249396198,0.131927167274612,0.1124341,0.01773242
urn:mavedb:00001054-a-1#195,NA,NA,p.Asn20Ter,-1.46524250104594,0.148633578055458,-0.007170738,0.01997794
urn:mavedb:00001054-a-1#196,NA,NA,p.Asn20Ala,-0.296113378730223,0.0625146463437972,0.1499727,0.008402636
urn:mavedb:00001054-a-1#197,NA,NA,p.Asn20Cys,-0.400625908605267,0.0991194315677806,0.1359251,0.01332271
urn:mavedb:00001054-a-1#198,NA,NA,p.Asn20Asp,-0.222383373440018,0.0864556311515667,0.1598828,0.01162056
urn:mavedb:00001054-a-1#199,NA,NA,p.Asn20Glu,-0.153374719231756,0.0340593773360774,0.1691583,0.004577944
urn:mavedb:00001054-a-1#200,NA,NA,p.Asn20Phe,-0.240065748347761,0.083431169062327,0.1575061,0.01121404
urn:mavedb:00001054-a-1#201,NA,NA,p.Asn20Gly,-0.0017788765264618,0.0469666107926336,0.1895344,0.006312814
urn:mavedb:00001054-a-1#202,NA,NA,p.Asn20His,-0.491776404847835,0.196735857548461,0.1236735,0.0264434
urn:mavedb:00001054-a-1#203,NA,NA,p.Asn20Ile,-0.867889677634094,0.114258779350849,0.07311986,0.0153576
urn:mavedb:00001054-a-1#204,NA,NA,p.Asn20Lys,-0.0917694946825579,0.0470169416153083,0.1774387,0.006319579
urn:mavedb:00001054-a-1#205,NA,NA,p.Asn20Leu,-0.2468397637277,0.0504935478414892,0.1565956,0.006786872
urn:mavedb:00001054-a-1#206,NA,NA,p.Asn20Met,-0.191837437201232,0.0565959871134643,0.1639885,0.007607105
urn:mavedb:00001054-a-1#207,NA,NA,p.Leu21Ter,-1.31270299819483,0.117942712855001,0.0133322,0.01585276
urn:mavedb:00001054-a-1#208,NA,NA,p.Leu21Ala,-0.498433614031766,0.068954610882924,0.1227787,0.009268236
urn:mavedb:00001054-a-1#209,NA,NA,p.Leu21Cys,-0.44597870416218,0.0792377522267985,0.1298292,0.0106504
urn:mavedb:00001054-a-1#210,NA,NA,p.Leu21Asp,-0.755285528728603,0.0749058047307819,0.08825506,0.01006814
urn:mavedb:00001054-a-1#211,NA,NA,p.Leu21Glu,-0.365155512421416,0.054016474792278,0.1406927,0.007260391
urn:mavedb:00001054-a-1#212,NA,NA,p.Leu21Phe,-0.408529298542784,0.0771655954298512,0.1348628,0.01037188
urn:mavedb:00001054-a-1#213,NA,NA,p.Leu21Gly,-0.474612589931285,0.0447733401062079,0.1259805,0.006018015
urn:mavedb:00001054-a-1#214,NA,NA,p.Leu21His,-0.274749748676962,0.0806235796236367,0.1528442,0.01083667
urn:mavedb:00001054-a-1#215,NA,NA,p.Leu21Ile,-0.231137142244011,0.0740665484925238,0.1587062,0.009955335
urn:mavedb:00001054-a-1#216,NA,NA,p.Leu21Lys,-0.178779694869183,0.046188592248601,0.1657436,0.00620824
urn:mavedb:00001054-a-1#217,NA,NA,p.Asp22Ter,-1.37864360002708,0.0686365334754133,0.004469079,0.009225483
urn:mavedb:00001054-a-1#218,NA,NA,p.Asp22Ala,-0.200271290946096,0.0457516105974854,0.1628549,0.006149505
urn:mavedb:00001054-a-1#219,NA,NA,p.Asp22Cys,-0.594137319953107,0.118067702924614,0.1099151,0.01586956
urn:mavedb:00001054-a-1#220,NA,NA,p.Ile23Ter,-1.54230730091251,0.352537839292798,-0.01752907,0.04738485
urn:mavedb:00001054-a-1#221,NA,NA,p.Ile23Ala,0.0748259003648504,0.074665422043329,0.1998309,0.01003583
urn:mavedb:00001054-a-1#222,NA,NA,p.Ile23Cys,-0.0799757888283251,0.149081979930196,0.1790239,0.02003821
urn:mavedb:00001054-a-1#223,NA,NA,p.Ile23Asp,-0.457453238945793,0.11170154204564,0.1282869,0.01501388
urn:mavedb:00001054-a-1#224,NA,NA,p.Ile23Glu,-0.138677226224542,0.0826931324608005,0.1711338,0.01111484
urn:mavedb:00001054-a-1#225,NA,NA,p.Ile23Phe,0.197490261897198,0.0785115450425747,0.2163183,0.01055279
urn:mavedb:00001054-a-1#226,NA,NA,p.Ile23Gly,-0.158074494646921,0.0636896050773585,0.1685266,0.008560563
urn:mavedb:00001054-a-1#227,NA,NA,p.Ile23His,0.157255363297847,0.093386256112777,0.2109103,0.01255211
urn:mavedb:00001054-a-1#228,NA,NA,p.Thr24Ter,-1.4141900385325,0.588766987694237,-0.0003087419,0.07913657
urn:mavedb:00001054-a-1#229,NA,NA,p.Thr24Ala,-0.044937649968554,0.0916617651463673,0.1837334,0.01232032
urn:mavedb:00001054-a-1#230,NA,NA,p.Thr24Cys,0.078349429946332,0.0965248460393898,0.2003045,0.01297397
urn:mavedb:00001054-a-1#231,NA,NA,p.Thr24Asp,0.0613916998469422,0.092050573541486,0.1980252,0.01237258
urn:mavedb:00001054-a-1#232,NA,NA,p.Thr24Glu,-0.106929748542746,0.121783479136977,0.175401,0.016369
urn:mavedb:00001054-a-1#233,NA,NA,p.Thr24Phe,-0.230251051929074,0.042226779036112,0.1588253,0.00567573
urn:mavedb:00001054-a-1#234,NA,NA,p.Thr24Gly,-0.246501248955831,0.08456790910615,0.1566411,0.01136683
urn:mavedb:00001054-a-1#235,NA,NA,p.Thr24His,-0.709211957103587,0.621879089100347,0.09444784,0.08358719
urn:mavedb:00001054-a-1#236,NA,NA,p.Thr24Ile,-0.682332768234381,0.144236085171745,0.09806069,0.01938687
urn:mavedb:00001054-a-1#237,NA,NA,p.Thr24Lys,0.0345314826847313,0.114495590893456,0.1944149,0.01538943
urn:mavedb:00001054-a-1#238,NA,NA,p.Thr24Leu,-0.345329706617506,0.0689701230433493,0.1433575,0.009270321
urn:mavedb:00001054-a-1#239,NA,NA,p.Thr24Met,-0.10422014239077,0.0902454342206354,0.1757652,0.01212995
urn:mavedb:00001054-a-1#240,NA,NA,p.Thr24Asn,-0.442157579176857,0.159517906754402,0.1303428,0.02144091
urn:mavedb:00001054-a-1#241,NA,NA,p.Thr24Pro,-0.729159033034563,0.0508927571959722,0.09176674,0.00684053
urn:mavedb:00001054-a-1#242,NA,NA,p.Thr24Gln,0.127404312327031,0.103906104840867,0.206898,0.01396609
urn:mavedb:00001054-a-1#243,NA,NA,p.Thr24Arg,0.0573548181938342,0.0837859027837059,0.1974826,0.01126172
urn:mavedb:00001054-a-1#244,NA,NA,p.Thr24Ser,0.0708463058269819,0.0953492697953655,0.199296,0.01281596
urn:mavedb:00001054-a-1#245,NA,NA,p.Gly25Ter,NA,NA,NA,NA
urn:mavedb:00001054-a-1#246,NA,NA,p.Gly25Ala,NA,NA,NA,NA
urn:mavedb:00001054-a-1#247,NA,NA,p.Gly25Cys,-0.464132023796502,0.189230724660135,0.1273892,0.02543463
urn:mavedb:00001054-a-1#248,NA,NA,p.Gly25Asp,-0.711554553723775,0.20049709145876,0.09413297,0.02694895
urn:mavedb:00001054-a-1#249,NA,NA,p.Gly25Glu,NA,NA,NA,NA
urn:mavedb:00001054-a-1#250,NA,NA,p.Gly25Phe,NA,NA,NA,NA
urn:mavedb:00001054-a-1#251,NA,NA,p.Val26Ter,-1.40215798182344,0.319935370015766,0.001308495,0.04300273
urn:mavedb:00001054-a-1#252,NA,NA,p.Val26Ala,0.063657888847194,0.0391356853359522,0.1983298,0.005260254
urn:mavedb:00001054-a-1#253,NA,NA,p.Val26Cys,0.0360447553132645,0.0761664932603048,0.1946183,0.01023759
urn:mavedb:00001054-a-1#254,NA,NA,p.Val26Asp,0.0547099390421942,0.0721095908764034,0.1971271,0.009692299
urn:mavedb:00001054-a-1#255,NA,NA,p.Val26Glu,-0.123543755950699,0.0752374748083631,0.1731679,0.01011272
urn:mavedb:00001054-a-1#256,NA,NA,p.Val26Phe,0.0023152922418856,0.07507067258451,0.1900847,0.0100903
urn:mavedb:00001054-a-1#257,NA,NA,p.Val26Gly,0.0127601469282076,0.0447046550870013,0.1914886,0.006008783
urn:mavedb:00001054-a-1#258,NA,NA,p.Val26His,0.126446799115171,0.0894412570406051,0.2067693,0.01202186
urn:mavedb:00001054-a-1#259,NA,NA,p.Val26Ile,-0.0566205015348559,0.0542403186151624,0.1821631,0.007290478
urn:mavedb:00001054-a-1#260,NA,NA,p.Val26Lys,-0.233381011588975,0.0882856940874891,0.1584046,0.01186654
urn:mavedb:00001054-a-1#261,NA,NA,p.Val26Leu,-0.122488036255572,0.0384166278813057,0.1733098,0.005163605
urn:mavedb:00001054-a-1#262,NA,NA,p.Val26Met,-0.0916645923027039,0.0583864773005609,0.1774528,0.007847766
urn:mavedb:00001054-a-1#263,NA,NA,p.Val26Asn,0.0480140424557636,0.0580286113875566,0.1962271,0.007799665
urn:mavedb:00001054-a-1#264,NA,NA,p.Val26Pro,0.0140107916128509,0.0485547137854628,0.1916567,0.006526272
urn:mavedb:00001054-a-1#265,NA,NA,p.Val26Gln,-0.134147824178076,0.0783455612060821,0.1717426,0.01053048
urn:mavedb:00001054-a-1#266,NA,NA,p.Val26Arg,-0.0538498883250929,0.033904553327229,0.1825355,0.004557134
urn:mavedb:00001054-a-1#267,NA,NA,p.Val26Ser,0.0364829645454209,0.0506878032413466,0.1946772,0.006812982
urn:mavedb:00001054-a-1#268,NA,NA,p.Val26Thr,-0.0084182299861623,0.0598235357461704,0.188642,0.008040922
urn:mavedb:00001054-a-1#269,NA,NA,p.Lys27Ter,-1.30274813434093,0.248631585654229,0.01467024,0.03341874
urn:mavedb:00001054-a-1#270,NA,NA,p.Lys27Ala,-0.223816295309514,0.0682584980339137,0.1596902,0.009174671
urn:mavedb:00001054-a-1#271,NA,NA,p.Lys27Cys,-0.616594613115485,0.0521475905359245,0.1068966,0.007009193
urn:mavedb:00001054-a-1#272,NA,NA,p.Lys27Asp,-0.207755815352706,0.037043701245224,0.1618489,0.004979069
urn:mavedb:00001054-a-1#273,NA,NA,p.Lys27Glu,-0.096123315440757,0.038091274266171,0.1768535,0.005119874
urn:mavedb:00001054-a-1#274,NA,NA,p.Lys27Phe,-0.5496371352282,0.0366305941853816,0.1158964,0.004923543
urn:mavedb:00001054-a-1#275,NA,NA,p.Lys27Gly,-0.200097941623358,0.0656804141706658,0.1628782,0.008828149
urn:mavedb:00001054-a-1#276,NA,NA,p.Lys27His,-0.371790401950059,0.115778747875969,0.1398009,0.0155619
urn:mavedb:00001054-a-1#277,NA,NA,p.Lys27Ile,-0.513068612004174,0.0794410098876222,0.1208116,0.01067772
urn:mavedb:00001054-a-1#278,NA,NA,p.Thr28Ter,-1.37776155700963,0.213917825784645,0.004587635,0.02875284
urn:mavedb:00001054-a-1#279,NA,NA,p.Thr28Ala,-0.0618633885620309,0.068158974690984,0.1814584,0.009161294
urn:mavedb:00001054-a-1#280,NA,NA,p.Thr28Cys,0.0660520438710978,0.0737246411330505,0.1986516,0.009909379
urn:mavedb:00001054-a-1#281,NA,NA,p.Thr28Asp,-0.23549096300221,0.088413362515737,0.158121,0.0118837
urn:mavedb:00001054-a-1#282,NA,NA,p.Thr28Glu,0.004355308735218,0.0682070512284746,0.1903589,0.009167756
urn:mavedb:00001054-a-1#283,NA,NA,p.Thr28Phe,-0.358127796959703,0.0882528841942156,0.1416373,0.01186213
urn:mavedb:00001054-a-1#284,NA,NA,p.Thr28Gly,-0.0938407586932938,0.0601266664245232,0.1771603,0.008081666
urn:mavedb:00001054-a-1#285,NA,NA,p.Thr28His,0.0108510724125653,0.0713935614549909,0.191232,0.009596057
urn:mavedb:00001054-a-1#286,NA,NA,p.Thr28Ile,-0.106987779646495,0.0731800043445953,0.1753932,0.009836174
urn:mavedb:00001054-a-1#287,NA,NA,p.Thr28Lys,0.0740320646251035,0.0901662738432135,0.1997242,0.01211931
urn:mavedb:00001054-a-1#288,NA,NA,p.Thr28Leu,-0.0822434658055963,0.0522734733917494,0.1787191,0.007026113
urn:mavedb:00001054-a-1#289,NA,NA,p.Thr28Met,0.11140483942801,0.0730059407928885,0.2047475,0.009812778
urn:mavedb:00001054-a-1#290,NA,NA,p.Thr28Asn,0.103156982810547,0.0930622491168447,0.2036389,0.01250856
urn:mavedb:00001054-a-1#291,NA,NA,p.Thr28Pro,0.0372276970435338,0.0711931755898144,0.1947773,0.009569123
urn:mavedb:00001054-a-1#292,NA,NA,p.Thr28Gln,-0.136889421835965,0.0741886518867199,0.1713741,0.009971747
urn:mavedb:00001054-a-1#293,NA,NA,p.Thr28Arg,-0.162998954591986,0.0636977219919983,0.1678647,0.008561654
urn:mavedb:00001054-a-1#294,NA,NA,p.Thr28Ser,0.0502378241109683,0.058996265162802,0.196526,0.007929728
urn:mavedb:00001054-a-1#295,NA,NA,p.Val29Ter,-1.43048035960357,0.189286672596057,-0.002498335,0.02544215
urn:mavedb:00001054-a-1#296,NA,NA,p.Val29Ala,-0.0249422147844534,0.0582791197586251,0.186421,0.007833336
urn:mavedb:00001054-a-1#297,NA,NA,p.Val29Cys,-0.0735700477606401,0.0370851116456685,0.1798849,0.004984635
urn:mavedb:00001054-a-1#298,NA,NA,p.Val29Asp,-0.0008585627400824,0.0646446854467917,0.1896581,0.008688936
urn:mavedb:00001054-a-1#299,NA,NA,p.Val29Glu,0.0223389989893511,0.0681535658945192,0.1927761,0.009160567
urn:mavedb:00001054-a-1#300,NA,NA,p.Val29Phe,-0.446730876545389,0.0436949138817676,0.1297281,0.005873063
urn:mavedb:00001054-a-1#301,NA,NA,p.Val29Gly,-0.280445724706485,0.0384923807913535,0.1520786,0.005173787
urn:mavedb:00001054-a-1#302,NA,NA,p.Val29His,-0.329203011683343,0.081452159626782,0.1455251,0.01094804
urn:mavedb:00001054-a-1#303,NA,NA,p.Val29Ile,0.0507787037574498,0.0656415854103496,0.1965987,0.00882293
urn:mavedb:00001054-a-1#304,NA,NA,p.Val29Lys,0.0033665480059552,0.0629506236104248,0.190226,0.008461236
urn:mavedb:00001054-a-1#305,NA,NA,p.Val29Leu,-0.125422326937448,0.0377260131073812,0.1729154,0.005070779
urn:mavedb:00001054-a-1#306,NA,NA,p.Val29Met,0.0129535839407044,0.0612819466620055,0.1915146,0.008236948
urn:mavedb:00001054-a-1#307,NA,NA,p.Val29Asn,-0.0794795484924198,0.0447535574517376,0.1790906,0.006015356
urn:mavedb:00001054-a-1#308,NA,NA,p.Val29Pro,-0.585276416803731,0.0557453032116987,0.1111061,0.007492764
urn:mavedb:00001054-a-1#309,NA,NA,p.Val29Gln,0.0192417748238721,0.0474327493534405,0.1923598,0.006375468
urn:mavedb:00001054-a-1#310,NA,NA,p.Val29Arg,-0.20662197686407,0.0433007115699543,0.1620013,0.005820078
urn:mavedb:00001054-a-1#311,NA,NA,p.Val29Ser,-0.151849542787069,0.0477315128192419,0.1693633,0.006415625
urn:mavedb:00001054-a-1#312,NA,NA,p.Val29Thr,0.089227285945243,0.0636933547794469,0.2017666,0.008561067
urn:mavedb:00001054-a-1#313,NA,NA,p.Leu30Ter,-1.21494275923524,0.118559702526015,0.02647222,0.01593569
urn:mavedb:00001054-a-1#314,NA,NA,p.Leu30Ala,-0.43213456597548,0.0532936155563474,0.13169,0.007163231
urn:mavedb:00001054-a-1#315,NA,NA,p.Leu30Cys,-0.50996320396509,0.0415651351747515,0.121229,0.005586798
urn:mavedb:00001054-a-1#316,NA,NA,p.Leu30Asp,-0.273955912937215,0.0712632965068445,0.1529509,0.009578548
urn:mavedb:00001054-a-1#317,NA,NA,p.Leu30Glu,-0.47756771229143,0.0860681619357653,0.1255833,0.01156848
urn:mavedb:00001054-a-1#318,NA,NA,p.Leu30Phe,-0.886274675290307,0.06164369619503,0.07064872,0.008285571
urn:mavedb:00001054-a-1#319,NA,NA,p.Leu30Gly,-0.471691691042582,0.0544156469473355,0.1263731,0.007314044
urn:mavedb:00001054-a-1#320,NA,NA,p.Leu30His,-0.519938601901852,0.0592398023615356,0.1198882,0.007962462
urn:mavedb:00001054-a-1#321,NA,NA,p.Leu30Ile,-0.513093163624991,0.0626784726136119,0.1208083,0.008424656
urn:mavedb:00001054-a-1#322,NA,NA,p.Leu30Lys,-0.370829168795652,0.0553104419278355,0.1399301,0.007434314
urn:mavedb:00001054-a-1#323,NA,NA,p.Ile31Ter,-1.14287906501,0.140978680280149,0.03615835,0.01894904
urn:mavedb:00001054-a-1#324,NA,NA,p.Ile31Ala,0.0004635048414828,0.0629474616592589,0.1898358,0.008460811
urn:mavedb:00001054-a-1#325,NA,NA,p.Ile31Cys,-0.13774203266797,0.0563672329664165,0.1712595,0.007576358
urn:mavedb:00001054-a-1#326,NA,NA,p.Ile31Asp,-0.153580804048917,0.113309301214893,0.1691306,0.01522998
urn:mavedb:00001054-a-1#327,NA,NA,p.Ile31Glu,-0.0563415058437546,0.0713166181633278,0.1822006,0.009585715
urn:mavedb:00001054-a-1#328,NA,NA,p.Ile31Phe,-0.243059558110405,0.0585124196754666,0.1571037,0.007864694
urn:mavedb:00001054-a-1#329,NA,NA,p.Ile31Gly,-0.405528048895044,0.0487276911139456,0.1352662,0.006549522
urn:mavedb:00001054-a-1#330,NA,NA,p.Ile31His,-0.290313244309355,0.103327058583843,0.1507523,0.01388826
urn:mavedb:00001054-a-1#331,NA,NA,p.Ser32Ter,-1.3589153683162,0.522200029375642,0.007120764,0.07018926
urn:mavedb:00001054-a-1#332,NA,NA,p.Ser32Ala,0.0147741238237038,0.0371377413928379,0.1917593,0.004991709
urn:mavedb:00001054-a-1#333,NA,NA,p.Ser32Cys,-0.342448239119812,0.081825493060901,0.1437448,0.01099822
urn:mavedb:00001054-a-1#334,NA,NA,p.Ser32Asp,-0.108646130034401,0.0647125074393271,0.1751703,0.008698052
urn:mavedb:00001054-a-1#335,NA,NA,p.Ser32Glu,0.0866203502075927,0.0745120116126488,0.2014162,0.01001521
urn:mavedb:00001054-a-1#336,NA,NA,p.Ser32Phe,-0.252776048045826,0.0524806593119038,0.1557977,0.007053961
urn:mavedb:00001054-a-1#337,NA,NA,p.Ser32Gly,0.0281927005829105,0.0389293475626988,0.1935629,0.00523252
urn:mavedb:00001054-a-1#338,NA,NA,p.Ser32His,-0.352547139149168,0.466277686658198,0.1423874,0.0626727
urn:mavedb:00001054-a-1#339,NA,NA,p.Ser32Ile,-0.513944286479977,0.290519031531111,0.1206939,0.03904886
urn:mavedb:00001054-a-1#340,NA,NA,p.Ser32Lys,-0.111440550876471,0.0825249166587791,0.1747947,0.01109223
urn:mavedb:00001054-a-1#341,NA,NA,p.Ser32Leu,-0.054796985697818,0.0751186598433794,0.1824082,0.01009675
urn:mavedb:00001054-a-1#342,NA,NA,p.Ser32Met,0.381503171942931,0.115235710662809,0.2410516,0.01548891
urn:mavedb:00001054-a-1#343,NA,NA,p.Ser32Asn,-0.210688618057562,0.121242599490496,0.1614547,0.0162963
urn:mavedb:00001054-a-1#344,NA,NA,p.Ser32Pro,-0.520864123607799,0.142370087590809,0.1197638,0.01913606
urn:mavedb:00001054-a-1#345,NA,NA,p.Ser32Gln,-0.486148875761195,0.216818264989334,0.1244299,0.02914269
urn:mavedb:00001054-a-1#346,NA,NA,p.Ser32Arg,-0.0368661186278669,0.0623132932935581,0.1848183,0.008375572
urn:mavedb:00001054-a-1#347,NA,NA,p.Arg33Ter,-1.18609646474665,0.376862618013131,0.03034947,0.05065436
urn:mavedb:00001054-a-1#348,NA,NA,p.Arg33Ala,-0.43669372756233,0.0767272373999929,0.1310772,0.01031296
urn:mavedb:00001054-a-1#349,NA,NA,p.Arg33Cys,-1.21856137054825,0.526652354212513,0.02598584,0.0707877
urn:mavedb:00001054-a-1#350,NA,NA,p.Arg33Asp,-0.783034291367833,0.395978361183477,0.08452533,0.05322372
urn:mavedb:00001054-a-1#351,NA,NA,p.Arg33Glu,-0.793654132151614,0.130428402422016,0.08309791,0.01753097
urn:mavedb:00001054-a-1#352,NA,NA,p.Arg33Phe,-1.20713221906373,0.378944818654958,0.02752204,0.05093423
urn:mavedb:00001054-a-1#353,NA,NA,p.Arg33Gly,-0.573715579353004,0.0783859597821536,0.11266,0.01053591
urn:mavedb:00001054-a-1#354,NA,NA,p.Arg33His,-0.814349883719804,0.265053495229003,0.08031618,0.03562602
urn:mavedb:00001054-a-1#355,NA,NA,p.Arg33Ile,-0.541909326578949,0.222424441605748,0.1169351,0.02989622
urn:mavedb:00001054-a-1#356,NA,NA,p.Arg33Lys,-0.19958830949428,0.0654529099243142,0.1629467,0.00879757
urn:mavedb:00001054-a-1#357,NA,NA,p.Arg33Leu,-0.753243280269742,0.0678946876527176,0.08852956,0.009125771
urn:mavedb:00001054-a-1#358,NA,NA,p.Arg33Met,-0.506345187842889,0.0508181277085739,0.1217153,0.006830499
urn:mavedb:00001054-a-1#359,NA,NA,p.Arg33Asn,-0.402947896743739,0.0373914414746126,0.135613,0.005025809
urn:mavedb:00001054-a-1#360,NA,NA,p.Arg33Pro,-0.699244147849623,0.129629507560404,0.09578762,0.01742359
urn:mavedb:00001054-a-1#361,NA,NA,p.Arg33Gln,-0.77365691139509,0.204583969139714,0.08578575,0.02749827
urn:mavedb:00001054-a-1#362,NA,NA,p.Leu34Ter,-1.08137777565559,0.215268164929575,0.04442478,0.02893434
urn:mavedb:00001054-a-1#363,NA,NA,p.Leu34Ala,-0.701902418794435,0.0397977904701887,0.09543032,0.005349248
urn:mavedb:00001054-a-1#364,NA,NA,p.Leu34Cys,-0.826505911978214,0.121602317934889,0.07868228,0.01634465
urn:mavedb:00001054-a-1#365,NA,NA,p.Leu34Asp,-0.497291591669525,0.0495133355402016,0.1229322,0.006655121
urn:mavedb:00001054-a-1#366,NA,NA,p.Leu34Glu,-0.456119267548074,0.148750681846869,0.1284662,0.01999368
urn:mavedb:00001054-a-1#367,NA,NA,p.Leu34Phe,-0.567942228518481,0.120340290226049,0.113436,0.01617502
urn:mavedb:00001054-a-1#368,NA,NA,p.Leu34Gly,-0.611085378201872,0.0481610843448018,0.1076371,0.006473364
urn:mavedb:00001054-a-1#369,NA,NA,p.Leu34His,-0.54853008032591,1.15156922279642,0.1160452,0.1547832
urn:mavedb:00001054-a-1#370,NA,NA,p.Leu34Ile,-0.765305342779388,0.64427559840149,0.08690829,0.08659752
urn:mavedb:00001054-a-1#371,NA,NA,p.Leu34Lys,-0.59533142151102,0.113236687936356,0.1097546,0.01522022
urn:mavedb:00001054-a-1#372,NA,NA,p.Lys35Ter,-1.15895122558641,0.26269200130067,0.03399808,0.03530861
urn:mavedb:00001054-a-1#373,NA,NA,p.Lys35Ala,0.0064764199760974,0.0708057361335533,0.190644,0.009517047
urn:mavedb:00001054-a-1#374,NA,NA,p.Lys35Cys,-0.23110217478406,0.0523235363785606,0.1587109,0.007032842
urn:mavedb:00001054-a-1#375,NA,NA,p.Lys35Asp,-0.931455237507246,0.303231116801598,0.06457597,0.0407575
urn:mavedb:00001054-a-1#376,NA,NA,p.Lys35Glu,-0.350936404025877,0.0985573482487753,0.1426039,0.01324716
urn:mavedb:00001054-a-1#377,NA,NA,p.Lys35Phe,-0.29052825698863,0.0601540303219064,0.1507234,0.008085344
urn:mavedb:00001054-a-1#378,NA,NA,p.Lys35Gly,-0.349759414203684,0.0886062043374262,0.1427621,0.01190962
urn:mavedb:00001054-a-1#379,NA,NA,p.Lys35His,-0.0389120870292762,0.136479409768322,0.1845433,0.01834429
urn:mavedb:00001054-a-1#380,NA,NA,p.Lys35Ile,-0.369470645777116,0.0796444907449987,0.1401127,0.01070507
urn:mavedb:00001054-a-1#381,NA,NA,p.Gln36Ter,-1.45659629066078,0.207408447117572,-0.006008595,0.02787791
urn:mavedb:00001054-a-1#382,NA,NA,p.Gln36Ala,-0.166818591600289,0.0827254959609682,0.1673513,0.01111919
urn:mavedb:00001054-a-1#383,NA,NA,p.Gln36Cys,-0.208823438863987,0.0870369837729708,0.1617054,0.0116987
urn:mavedb:00001054-a-1#384,NA,NA,p.Gln36Asp,-0.156472687385745,0.0964476944309439,0.1687419,0.0129636
urn:mavedb:00001054-a-1#385,NA,NA,p.Gln36Glu,-0.23736730202343,0.102846739602043,0.1578688,0.0138237
urn:mavedb:00001054-a-1#386,NA,NA,p.Gln36Phe,-0.0684283431707712,0.10376690459072,0.180576,0.01394738
urn:mavedb:00001054-a-1#387,NA,NA,p.Gln36Gly,-0.257523438725605,0.0687850335819302,0.1551596,0.009245443
urn:mavedb:00001054-a-1#388,NA,NA,p.Gln36His,-0.194965908884114,0.197579614917202,0.163568,0.02655681
urn:mavedb:00001054-a-1#389,NA,NA,p.Gln36Ile,-0.297389319024193,0.171263327754362,0.1498012,0.02301962
urn:mavedb:00001054-a-1#390,NA,NA,p.Gln36Lys,0.0568198904554293,0.102607398498503,0.1974107,0.01379153
urn:mavedb:00001054-a-1#391,NA,NA,p.Gln36Leu,0.0004010098066761,0.071917894797019,0.1898274,0.009666533
urn:mavedb:00001054-a-1#392,NA,NA,p.Gln36Met,-0.008649610412649,0.104325714360283,0.1886109,0.01402249
urn:mavedb:00001054-a-1#393,NA,NA,p.Gln36Asn,-0.0369033180533469,0.238498238956878,0.1848133,0.03205671
urn:mavedb:00001054-a-1#394,NA,NA,p.Gln36Pro,-0.666220878671559,0.296630971536354,0.1002263,0.03987037
urn:mavedb:00001054-a-1#395,NA,NA,p.Ala37Ter,NA,NA,NA,NA
urn:mavedb:00001054-a-1#396,NA,NA,p.Ile38Ter,-1.47396148838711,0.0982400371494294,-0.008342663,0.01320451
urn:mavedb:00001054-a-1#397,NA,NA,p.Ile38Ala,-0.829285453050092,0.0999686944514929,0.07830868,0.01343686
urn:mavedb:00001054-a-1#398,NA,NA,p.Ile38Cys,-0.179952964748827,0.0834940360913885,0.1655859,0.01122249
urn:mavedb:00001054-a-1#399,NA,NA,p.Ile38Asp,-0.285918504183128,0.303902640830366,0.151343,0.04084776
urn:mavedb:00001054-a-1#400,NA,NA,p.Ile38Glu,-0.596523291103405,0.0887413870496212,0.1095944,0.01192779
urn:mavedb:00001054-a-1#401,NA,NA,p.Ile38Phe,-0.897893618243634,0.208149534071988,0.06908701,0.02797752
urn:mavedb:00001054-a-1#402,NA,NA,p.Ile38Gly,-0.916230703039828,0.0720065931071339,0.06662231,0.009678455
urn:mavedb:00001054-a-1#403,NA,NA,p.Ile38His,-0.796639014052143,0.18661954818798,0.08269671,0.02508366
urn:mavedb:00001054-a-1#404,NA,NA,p.Glu39Ter,-1.46468012757141,0.107262534603092,-0.007095149,0.01441723
urn:mavedb:00001054-a-1#405,NA,NA,p.Glu39Ala,-0.0849858074519944,0.0815304272179923,0.1783505,0.01095856
urn:mavedb:00001054-a-1#406,NA,NA,p.Glu39Cys,-0.192069561616228,0.0962238282884043,0.1639573,0.01293351
urn:mavedb:00001054-a-1#407,NA,NA,p.Glu39Asp,-0.164149160827833,0.0861970207456286,0.1677101,0.0115858
urn:mavedb:00001054-a-1#408,NA,NA,p.Glu40Ter,-1.43071479038295,0.257221453789557,-0.002529845,0.03457331
urn:mavedb:00001054-a-1#409,NA,NA,p.Glu40Ala,-0.0264004322632761,0.0601435549636912,0.186225,0.008083936
urn:mavedb:00001054-a-1#410,NA,NA,p.Glu40Cys,-0.113139820632405,0.063546550966732,0.1745663,0.008541335
urn:mavedb:00001054-a-1#411,NA,NA,p.Glu40Asp,-0.444077813520143,0.148496535371989,0.1300847,0.01995952
urn:mavedb:00001054-a-1#412,NA,NA,p.Glu41Ter,-1.28728641633665,0.054778252067146,0.01674846,0.007362782
urn:mavedb:00001054-a-1#413,NA,NA,p.Glu41Ala,-0.256394808156536,0.0379463601842705,0.1553113,0.005100396
urn:mavedb:00001054-a-1#414,NA,NA,p.Glu41Cys,-0.403810923414879,0.0369708350105934,0.135497,0.004969275
urn:mavedb:00001054-a-1#415,NA,NA,p.Glu41Asp,-0.225238057351366,0.0870143665222788,0.1594991,0.01169566
urn:mavedb:00001054-a-1#416,NA,NA,p.Gly42Ter,-1.1447850147739,0.059674135413557,0.03590217,0.008020841
urn:mavedb:00001054-a-1#417,NA,NA,p.Gly42Ala,-0.31664002171018,0.0471287333287613,0.1472137,0.006334605
urn:mavedb:00001054-a-1#418,NA,NA,p.Gly42Cys,-0.258179636591075,0.0359326436847525,0.1550714,0.004829731
urn:mavedb:00001054-a-1#419,NA,NA,p.Gly42Asp,-0.171012454828924,0.0622642049316945,0.1667876,0.008368974
urn:mavedb:00001054-a-1#420,NA,NA,p.Gly42Glu,-0.346810243751616,0.0504854383667345,0.1431585,0.006785782
urn:mavedb:00001054-a-1#421,NA,NA,p.Gly42Phe,-0.583782487876447,0.0601305426046582,0.1113069,0.008082187
urn:mavedb:00001054-a-1#422,NA,NA,p.Gly43Ter,-1.26673537053358,0.140716275532811,0.01951074,0.01891377
urn:mavedb:00001054-a-1#423,NA,NA,p.Gly43Ala,-0.158460624683405,0.0490610574853287,0.1684747,0.00659433
urn:mavedb:00001054-a-1#424,NA,NA,p.Gly43Cys,-0.164216863782207,0.0636976773526877,0.167701,0.008561648
urn:mavedb:00001054-a-1#425,NA,NA,p.Gly43Asp,-0.229482511798653,0.0556253871437208,0.1589286,0.007476646
urn:mavedb:00001054-a-1#426,NA,NA,p.Gly43Glu,-0.302904505845882,0.0644682039324286,0.1490599,0.008665215
urn:mavedb:00001054-a-1#427,NA,NA,p.Gly43Phe,-0.474474208068499,0.0724603144997156,0.1259991,0.00973944
urn:mavedb:00001054-a-1#428,NA,NA,p.Asp44Ter,-1.53310081510042,0.246058873388021,-0.01629162,0.03307294
urn:mavedb:00001054-a-1#429,NA,NA,p.Asp44Ala,-0.386460367382419,0.0446158823780355,0.1378291,0.005996851
urn:mavedb:00001054-a-1#430,NA,NA,p.Asp44Cys,-0.198323529027954,0.0445302641803503,0.1631167,0.005985343
urn:mavedb:00001054-a-1#431,NA,NA,p.Pro45Ter,-1.2240034976983,0.124333722950196,0.02525436,0.01671178
urn:mavedb:00001054-a-1#432,NA,NA,p.Pro45Ala,-0.230450440849647,0.0528583153192635,0.1587985,0.007104722
urn:mavedb:00001054-a-1#433,NA,NA,p.Pro45Cys,-0.134447651547446,0.0397469239757871,0.1717023,0.005342411
urn:mavedb:00001054-a-1#434,NA,NA,p.Pro45Asp,-0.553044602602183,0.0642351272121401,0.1154384,0.008633887
urn:mavedb:00001054-a-1#435,NA,NA,p.Pro45Glu,-0.3365982574688,0.0580462662348895,0.1445311,0.007802038
urn:mavedb:00001054-a-1#436,NA,NA,p.Pro45Phe,-0.256671571882109,0.0450617026126451,0.1552741,0.006056774
urn:mavedb:00001054-a-1#437,NA,NA,p.Pro45Gly,-0.287436240742719,0.0392098461105895,0.151139,0.005270222
urn:mavedb:00001054-a-1#438,NA,NA,p.Pro45His,-0.39673782465408,0.049208434169196,0.1364477,0.006614139
urn:mavedb:00001054-a-1#439,NA,NA,p.Pro45Ile,-0.164651353071815,0.0569532280761206,0.1676426,0.007655122
urn:mavedb:00001054-a-1#440,NA,NA,p.Pro45Lys,-0.354445797825676,0.074479722511332,0.1421322,0.01001087
urn:mavedb:00001054-a-1#441,NA,NA,p.Pro45Leu,-0.212526269676283,0.0382666993168504,0.1612077,0.005143453
urn:mavedb:00001054-a-1#442,NA,NA,p.Pro45Met,-0.263935131701367,0.0680808558974756,0.1542978,0.009150794
urn:mavedb:00001054-a-1#443,NA,NA,p.Pro45Asn,-0.422179999716987,0.0450632054694345,0.133028,0.006056976
urn:mavedb:00001054-a-1#444,NA,NA,p.Asp46Ter,-1.40020910392253,0.0660071218448879,0.001570445,0.008872062
urn:mavedb:00001054-a-1#445,NA,NA,p.Asp46Ala,-0.120462155543922,0.0404913142391857,0.1735821,0.005442465
urn:mavedb:00001054-a-1#446,NA,NA,p.Asp46Cys,-0.165576874777761,0.0503379277649355,0.1675182,0.006765955
urn:mavedb:00001054-a-1#447,NA,NA,p.Asn47Ter,-1.47736772818005,0.185795580913594,-0.008800498,0.02497291
urn:mavedb:00001054-a-1#448,NA,NA,p.Asn47Ala,-0.235553458037017,0.0651802306956595,0.1581126,0.008760919
urn:mavedb:00001054-a-1#449,NA,NA,p.Asn47Cys,-0.126070340929312,0.0735066227401963,0.1728283,0.009880075
urn:mavedb:00001054-a-1#450,NA,NA,p.Asn47Asp,-0.186097565849642,0.0816518461427596,0.16476,0.01097488
urn:mavedb:00001054-a-1#451,NA,NA,p.Asn47Glu,-0.164870829682148,0.0689083794369373,0.1676131,0.009262022
urn:mavedb:00001054-a-1#452,NA,NA,p.Asn47Phe,-0.100628165866406,0.064905713815386,0.176248,0.008724021
urn:mavedb:00001054-a-1#453,NA,NA,p.Asn47Gly,-0.364772358338971,0.0522325986630318,0.1407442,0.007020619
urn:mavedb:00001054-a-1#454,NA,NA,p.Asn47His,-0.165771055778768,0.0836889610809046,0.1674921,0.01124869
urn:mavedb:00001054-a-1#455,NA,NA,p.Asn47Ile,-0.250139352767791,0.0548619061351658,0.1561521,0.007374026
urn:mavedb:00001054-a-1#456,NA,NA,p.Asn47Lys,-0.10292634637257,0.037702361712661,0.1759391,0.0050676
urn:mavedb:00001054-a-1#457,NA,NA,p.Asn47Leu,-0.206332565333835,0.0346388551064373,0.1620402,0.004655832
urn:mavedb:00001054-a-1#458,NA,NA,p.Asn47Met,-0.135499651300026,0.0546643474263258,0.1715609,0.007347472
urn:mavedb:00001054-a-1#459,NA,NA,p.Ile48Ter,NA,NA,NA,NA
urn:mavedb:00001054-a-1#460,NA,NA,p.Ile48Ala,-0.551912252090567,0.153517341829047,0.1155906,0.02063437
urn:mavedb:00001054-a-1#461,NA,NA,p.Ile48Cys,0.19645462989183,0.112748333878652,0.2161791,0.01515458
urn:mavedb:00001054-a-1#462,NA,NA,p.Ile48Asp,NA,NA,NA,NA
urn:mavedb:00001054-a-1#463,NA,NA,p.Ile48Glu,-0.271709811626722,0.0606040020123996,0.1532528,0.008145825
urn:mavedb:00001054-a-1#464,NA,NA,p.Ile48Phe,-0.395568274716983,0.153092152395809,0.1366049,0.02057722
urn:mavedb:00001054-a-1#465,NA,NA,p.Ile48Gly,-0.517183612450791,0.0852588512350187,0.1202585,0.0114597
urn:mavedb:00001054-a-1#466,NA,NA,p.Ile48His,-0.22629972895457,0.117787368054196,0.1593564,0.01583188
urn:mavedb:00001054-a-1#467,NA,NA,p.Glu49Ter,-1.20231281029622,0.282270356526287,0.02816982,0.03794015
urn:mavedb:00001054-a-1#468,NA,NA,p.Glu49Ala,-0.197072884343311,0.0460528738646791,0.1632848,0.006189998
urn:mavedb:00001054-a-1#469,NA,NA,p.Glu49Cys,-0.252422653503764,0.0869913028784811,0.1558452,0.01169256
urn:mavedb:00001054-a-1#470,NA,NA,p.Glu49Asp,-0.106780206852316,0.0863451488578906,0.1754211,0.01160571
urn:mavedb:00001054-a-1#471,NA,NA,p.Leu50Ter,-0.558666923769256,0.233552649738141,0.1146827,0.03139197
urn:mavedb:00001054-a-1#472,NA,NA,p.Leu50Ala,0.218786932984595,0.150906983744253,0.2191808,0.02028351
urn:mavedb:00001054-a-1#473,NA,NA,p.Leu50Cys,-0.091561177899869,0.0968937899413021,0.1774667,0.01302356
urn:mavedb:00001054-a-1#474,NA,NA,p.Leu50Asp,NA,NA,NA,NA
urn:mavedb:00001054-a-1#475,NA,NA,p.Leu50Glu,-0.63157333377933,0.151174298815753,0.1048833,0.02031944
urn:mavedb:00001054-a-1#476,NA,NA,p.Leu50Phe,-0.164276382862975,0.0900607762725518,0.167693,0.01210513
urn:mavedb:00001054-a-1#477,NA,NA,p.Leu50Gly,-0.16514759340772,0.0861959791617151,0.1675759,0.01158566
urn:mavedb:00001054-a-1#478,NA,NA,p.Leu50His,0.0530024854126544,0.294219630377878,0.1968976,0.03954626
urn:mavedb:00001054-a-1#479,NA,NA,p.Leu50Ile,0.295221336507208,0.0886767344481366,0.2294544,0.0119191
urn:mavedb:00001054-a-1#480,NA,NA,p.Leu50Lys,-0.723969043590421,0.317099732210264,0.09246433,0.04262159
urn:mavedb:00001054-a-1#481,NA,NA,p.=,0.0,0.0280775014020835,0.1897735,0.003773916
urn:mavedb:00001054-a-1#482,NA,NA,p.Leu50Met,-0.188437409712345,0.0605252880280836,0.1644455,0.008135245
urn:mavedb:00001054-a-1#483,NA,NA,p.Leu50Asn,-0.0811118592824895,0.660683595391134,0.1788712,0.08880293
urn:mavedb:00001054-a-1#484,NA,NA,p.Leu50Pro,0.0216969369055633,0.0624942684985191,0.1926898,0.008399897
urn:mavedb:00001054-a-1#485,NA,NA,p.Leu50Gln,-0.139939030736829,0.0750182213945829,0.1709642,0.01008325
urn:mavedb:00001054-a-1#486,NA,NA,p.Leu50Arg,-0.164797918808207,0.0674374174349451,0.1676229,0.009064309
urn:mavedb:00001054-a-1#487,NA,NA,p.Leu50Ser,-0.159681509827664,0.0629061777368611,0.1683106,0.008455262
urn:mavedb:00001054-a-1#488,NA,NA,p.Leu50Thr,-0.135181224217915,0.0646554584004107,0.1716037,0.008690384
urn:mavedb:00001054-a-1#489,NA,NA,p.Leu50Val,-0.0749717221127328,0.0633350424733368,0.1796965,0.008512906
urn:mavedb:00001054-a-1#490,NA,NA,p.Leu50Trp,-0.181041419938377,0.0524114237412001,0.1654396,0.007044655
urn:mavedb:00001054-a-1#491,NA,NA,p.Leu50Tyr,-0.76301460215832,0.310110406555646,0.08721619,0.04168215
urn:mavedb:00001054-a-1#492,NA,NA,p.Glu49Phe,-0.0410421261322706,0.0777259675752845,0.184257,0.0104472
urn:mavedb:00001054-a-1#493,NA,NA,p.Glu49Gly,-0.197587724391957,0.0488291711466555,0.1632156,0.006563162
urn:mavedb:00001054-a-1#494,NA,NA,p.Glu49His,-0.107292814935432,0.147719290576006,0.1753522,0.01985505
urn:mavedb:00001054-a-1#495,NA,NA,p.Glu49Ile,0.0165559763042039,0.0802695898907674,0.1919988,0.01078909
urn:mavedb:00001054-a-1#496,NA,NA,p.Glu49Lys,-0.224812495923873,0.0823204686163401,0.1595563,0.01106475
urn:mavedb:00001054-a-1#497,NA,NA,p.Glu49Leu,-0.134247518638363,0.0352892275418773,0.1717292,0.004743249
urn:mavedb:00001054-a-1#498,NA,NA,p.Glu49Met,-0.308142928942,0.0921925265491184,0.1483558,0.01239166
urn:mavedb:00001054-a-1#499,NA,NA,p.Glu49Asn,-0.0020630801371302,0.0693196860445864,0.1894962,0.009317306
urn:mavedb:00001054-a-1#500,NA,NA,p.Glu49Pro,-0.155219066747063,0.08893110411957,0.1689104,0.01195329
urn:mavedb:00001054-a-1#501,NA,NA,p.Glu49Gln,-0.349789173744068,0.102214795761986,0.1427581,0.01373876
urn:mavedb:00001054-a-1#502,NA,NA,p.Glu49Arg,-0.131671830418116,0.050281258160159,0.1720754,0.006758338
urn:mavedb:00001054-a-1#503,NA,NA,p.Glu49Ser,-0.0844315360123398,0.0398382634451111,0.178425,0.005354688
urn:mavedb:00001054-a-1#504,NA,NA,p.Glu49Thr,-0.0987808423970603,0.0488911825889309,0.1764963,0.006571497
urn:mavedb:00001054-a-1#505,NA,NA,p.Glu49Val,-0.0422302757821073,0.0367576302233964,0.1840973,0.004940618
urn:mavedb:00001054-a-1#506,NA,NA,p.Glu49Trp,-0.269772465547715,0.0372053997079012,0.1535132,0.005000803
urn:mavedb:00001054-a-1#507,NA,NA,p.Glu49Tyr,-0.0192536786400259,0.110004057862129,0.1871856,0.01478572
urn:mavedb:00001054-a-1#508,NA,NA,p.Ile48Lys,-0.709211957103587,0.621879089100347,0.09444784,0.08358719
urn:mavedb:00001054-a-1#509,NA,NA,p.Ile48Leu,-0.267634242571115,0.0944129602560296,0.1538006,0.01269011
urn:mavedb:00001054-a-1#510,NA,NA,p.Ile48Met,-0.315904961062692,0.139291909531176,0.1473125,0.01872232
urn:mavedb:00001054-a-1#511,NA,NA,p.Ile48Asn,-0.432162093550335,0.176290904506858,0.1316863,0.02369538
urn:mavedb:00001054-a-1#512,NA,NA,p.Ile48Pro,-0.274472984951389,0.0996867972052042,0.1528814,0.01339897
urn:mavedb:00001054-a-1#513,NA,NA,p.Ile48Gln,-0.0042786779187292,0.106641229798722,0.1891984,0.01433372
urn:mavedb:00001054-a-1#514,NA,NA,p.Ile48Arg,-0.442716314547569,0.0611327323265195,0.1302677,0.008216892
urn:mavedb:00001054-a-1#515,NA,NA,p.Ile48Ser,-0.258505503558281,0.0826518410985175,0.1550276,0.01110929
urn:mavedb:00001054-a-1#516,NA,NA,p.Ile48Thr,-0.0633275579489303,0.11854459955927,0.1812616,0.01593366
urn:mavedb:00001054-a-1#517,NA,NA,p.Ile48Val,-0.0363788061540767,0.0840244998987357,0.1848838,0.01129379
urn:mavedb:00001054-a-1#518,NA,NA,p.Ile48Trp,-0.451281854258633,0.183667029787619,0.1291164,0.02468681
urn:mavedb:00001054-a-1#519,NA,NA,p.Ile48Tyr,0.0074852683951194,0.162993151481611,0.1907796,0.02190802
urn:mavedb:00001054-a-1#520,NA,NA,p.Asn47Pro,-0.575324826499276,0.0361258500608114,0.1124437,0.0048557
urn:mavedb:00001054-a-1#521,NA,NA,p.Asn47Gln,-0.17593393881995,0.0763918473798637,0.1661261,0.01026788
urn:mavedb:00001054-a-1#522,NA,NA,p.Asn47Arg,-0.0938667982911299,0.0450360573287191,0.1771568,0.006053327
urn:mavedb:00001054-a-1#523,NA,NA,p.Asn47Ser,-0.16239037199113,0.0396470063189474,0.1679465,0.005328981
urn:mavedb:00001054-a-1#524,NA,NA,p.Asn47Thr,-0.280518635580426,0.0593479485312915,0.1520688,0.007976998
urn:mavedb:00001054-a-1#525,NA,NA,p.Asn47Val,-0.180083906726518,0.0504997155062338,0.1655683,0.006787701
urn:mavedb:00001054-a-1#526,NA,NA,p.Asn47Trp,-0.338637529973623,0.0714465036773343,0.144257,0.009603173
urn:mavedb:00001054-a-1#527,NA,NA,p.Asn47Tyr,-0.190748982011682,0.0645157596779625,0.1641348,0.008671607
urn:mavedb:00001054-a-1#528,NA,NA,p.Asp46Glu,-0.0383555836240928,0.0337897187007717,0.1846181,0.004541699
urn:mavedb:00001054-a-1#529,NA,NA,p.Asp46Phe,-0.144469920760313,0.0476885623625825,0.1703552,0.006409852
urn:mavedb:00001054-a-1#530,NA,NA,p.Asp46Gly,-0.0897361740858119,0.0406942519849502,0.177712,0.005469742
urn:mavedb:00001054-a-1#531,NA,NA,p.Asp46His,-0.123868878929396,0.0575622868296223,0.1731242,0.007736986
urn:mavedb:00001054-a-1#532,NA,NA,p.Asp46Ile,-0.280238895900815,0.0720607033914374,0.1521064,0.009685728
urn:mavedb:00001054-a-1#533,NA,NA,p.Asp46Lys,-0.171472239727859,0.0578834443495628,0.1667258,0.007780153
urn:mavedb:00001054-a-1#534,NA,NA,p.Asp46Leu,-0.134057801568414,0.0369304661940624,0.1717547,0.004963849
urn:mavedb:00001054-a-1#535,NA,NA,p.Asp46Met,-0.0157733003921014,0.0402226599883679,0.1876534,0.005406355
urn:mavedb:00001054-a-1#536,NA,NA,p.Asp46Asn,0.0351497371362117,0.0366665213905104,0.194498,0.004928372
urn:mavedb:00001054-a-1#537,NA,NA,p.Asp46Pro,-0.519054743552443,0.0390289453044795,0.120007,0.005245907
urn:mavedb:00001054-a-1#538,NA,NA,p.Asp46Gln,-0.104437387035575,0.054998963698405,0.175736,0.007392448
urn:mavedb:00001054-a-1#539,NA,NA,p.Asp46Arg,-0.229822514547542,0.0320847723125093,0.1588829,0.004312536
urn:mavedb:00001054-a-1#540,NA,NA,p.Asp46Ser,-0.113327305736826,0.0346630421728845,0.1745411,0.004659083
urn:mavedb:00001054-a-1#541,NA,NA,p.Asp46Thr,-0.0758421886689688,0.0399663261872691,0.1795795,0.005371901
urn:mavedb:00001054-a-1#542,NA,NA,p.Asp46Val,-0.317339370909207,0.044576488186452,0.1471197,0.005991556
urn:mavedb:00001054-a-1#543,NA,NA,p.Asp46Trp,-0.0676389713620818,0.0455277370150607,0.1806821,0.006119414
urn:mavedb:00001054-a-1#544,NA,NA,p.Asp46Tyr,-0.0805836274406712,0.0495190419320703,0.1789422,0.006655888
urn:mavedb:00001054-a-1#545,NA,NA,p.Pro45Gln,-0.479845061119326,0.0821353642751508,0.1252772,0.01103987
urn:mavedb:00001054-a-1#546,NA,NA,p.Pro45Arg,-0.477802812660465,0.0527361077666761,0.1255517,0.007088296
urn:mavedb:00001054-a-1#547,NA,NA,p.Pro45Ser,-0.169720146787743,0.0490549790992052,0.1669613,0.006593513
urn:mavedb:00001054-a-1#548,NA,NA,p.Pro45Thr,-0.0534979817600505,0.0645863195482133,0.1825828,0.008681091
urn:mavedb:00001054-a-1#549,NA,NA,p.Pro45Val,-0.0898180128218683,0.0337021735728466,0.177701,0.004529932
urn:mavedb:00001054-a-1#550,NA,NA,p.Pro45Trp,-0.24537708231782,0.0588872857259153,0.1567922,0.00791508
urn:mavedb:00001054-a-1#551,NA,NA,p.Pro45Tyr,-0.213620676773909,0.0505025575423405,0.1610606,0.006788083
urn:mavedb:00001054-a-1#552,NA,NA,p.Asp44Glu,-0.396967717103547,0.0473019487335671,0.1364168,0.006357887
urn:mavedb:00001054-a-1#553,NA,NA,p.Asp44Phe,-0.526455197257468,0.072612735425678,0.1190123,0.009759927
urn:mavedb:00001054-a-1#554,NA,NA,p.Asp44Gly,-0.533657006030429,0.054410491106964,0.1180443,0.007313351
urn:mavedb:00001054-a-1#555,NA,NA,p.Asp44His,-0.252940469506448,0.0768926260456777,0.1557756,0.01033519
urn:mavedb:00001054-a-1#556,NA,NA,p.Asp44Ile,-0.338628602111508,0.0487458816330054,0.1442582,0.006551967
urn:mavedb:00001054-a-1#557,NA,NA,p.Asp44Lys,-0.530515886542883,0.0616303044018571,0.1184665,0.008283771
urn:mavedb:00001054-a-1#558,NA,NA,p.Asp44Leu,-0.459639077187007,0.0473508436584183,0.1279931,0.006364459
urn:mavedb:00001054-a-1#559,NA,NA,p.Asp44Met,-0.690456601967293,0.0807590599312355,0.09696876,0.01085488
urn:mavedb:00001054-a-1#560,NA,NA,p.Asp44Asn,-0.0890889040824569,0.0499140998306697,0.177799,0.006708988
urn:mavedb:00001054-a-1#561,NA,NA,p.Asp44Pro,-0.474065014388217,0.0760545229896095,0.1260541,0.01022254
urn:mavedb:00001054-a-1#562,NA,NA,p.Asp44Gln,-0.333636439212069,0.0792916169948938,0.1449292,0.01065764
urn:mavedb:00001054-a-1#563,NA,NA,p.Asp44Arg,-0.331228148406483,0.0518570555830393,0.1452529,0.006970142
urn:mavedb:00001054-a-1#564,NA,NA,p.Asp44Ser,-0.190552569045147,0.0459325262833657,0.1641612,0.006173822
urn:mavedb:00001054-a-1#565,NA,NA,p.Asp44Thr,-0.212364080181189,0.0655178601212026,0.1612295,0.0088063
urn:mavedb:00001054-a-1#566,NA,NA,p.Asp44Val,-0.396815199459079,0.0393774741616883,0.1364373,0.005292753
urn:mavedb:00001054-a-1#567,NA,NA,p.Asp44Trp,-0.659931199811372,0.0451658982034151,0.1010717,0.006070779
urn:mavedb:00001054-a-1#568,NA,NA,p.Asp44Tyr,-0.459723891877102,0.0642305442429209,0.1279817,0.008633271
urn:mavedb:00001054-a-1#569,NA,NA,p.Gly43His,-0.160325059888471,0.0485557702491464,0.1682241,0.006526414
urn:mavedb:00001054-a-1#570,NA,NA,p.Gly43Ile,-0.415202131485417,0.0982058136779877,0.1339659,0.01319991
urn:mavedb:00001054-a-1#571,NA,NA,p.Gly43Lys,-0.180175417313199,0.059639740824758,0.165556,0.008016218
urn:mavedb:00001054-a-1#572,NA,NA,p.Gly43Leu,-0.098019742151736,0.0430021861804759,0.1765986,0.005779953
urn:mavedb:00001054-a-1#573,NA,NA,p.Gly43Met,-0.134852381296671,0.0602193599529347,0.1716479,0.008094125
urn:mavedb:00001054-a-1#574,NA,NA,p.Gly43Asn,-0.207789294835638,0.0829196025631237,0.1618444,0.01114528
urn:mavedb:00001054-a-1#575,NA,NA,p.Gly43Pro,-0.310043819584036,0.0622445785148112,0.1481003,0.008366336
urn:mavedb:00001054-a-1#576,NA,NA,p.Gly43Gln,-0.140838512844939,0.0659071818683929,0.1708433,0.008858629
urn:mavedb:00001054-a-1#577,NA,NA,p.Gly43Arg,-0.226772161658168,0.0416247360942558,0.1592929,0.005594809
urn:mavedb:00001054-a-1#578,NA,NA,p.Gly43Ser,-0.229641725339709,0.0494812473157825,0.1589072,0.006650808
urn:mavedb:00001054-a-1#579,NA,NA,p.Gly43Thr,-0.295504796129367,0.0459033544939041,0.1500545,0.006169901
urn:mavedb:00001054-a-1#580,NA,NA,p.Gly43Val,-0.389582887157224,0.0461278307070217,0.1374094,0.006200073
urn:mavedb:00001054-a-1#581,NA,NA,p.Gly43Trp,-0.537170119772776,0.0592976623479274,0.1175721,0.007970239
urn:mavedb:00001054-a-1#582,NA,NA,p.Gly43Tyr,-0.259463016770141,0.0819572534259518,0.1548989,0.01101593
urn:mavedb:00001054-a-1#583,NA,NA,p.Gly42His,-0.249162495854682,0.0651050878561895,0.1562834,0.008750819
urn:mavedb:00001054-a-1#584,NA,NA,p.Gly42Ile,-0.792372835140375,0.0795766389929229,0.08327013,0.01069595
urn:mavedb:00001054-a-1#585,NA,NA,p.Gly42Lys,-0.161824196735322,0.0520297873953139,0.1680226,0.006993359
urn:mavedb:00001054-a-1#586,NA,NA,p.Gly42Leu,-0.396333838893365,0.0363894972689595,0.136502,0.004891137
urn:mavedb:00001054-a-1#587,NA,NA,p.Gly42Met,-0.238402190040288,0.0378248594207671,0.1577297,0.005084065
urn:mavedb:00001054-a-1#588,NA,NA,p.Gly42Asn,-0.108351510584598,0.0404554837525632,0.1752099,0.005437649
urn:mavedb:00001054-a-1#589,NA,NA,p.Gly42Pro,-0.590064726851538,0.0494862394786819,0.1104625,0.006651479
urn:mavedb:00001054-a-1#590,NA,NA,p.Gly42Gln,-0.180749776442613,0.0418706540562201,0.1654788,0.005627863
urn:mavedb:00001054-a-1#591,NA,NA,p.Gly42Arg,-0.237522051633428,0.0331517187942464,0.157848,0.004455945
urn:mavedb:00001054-a-1#592,NA,NA,p.Gly42Ser,-0.307544018191769,0.0407429237132484,0.1484363,0.005476284
urn:mavedb:00001054-a-1#593,NA,NA,p.Gly42Thr,-0.381597658483651,0.0424713801384143,0.1384827,0.005708607
urn:mavedb:00001054-a-1#594,NA,NA,p.Gly42Val,-0.515370512452887,0.0402527617634664,0.1205022,0.005410401
urn:mavedb:00001054-a-1#595,NA,NA,p.Gly42Trp,-0.657813064524531,0.0474922907538641,0.1013564,0.006383471
urn:mavedb:00001054-a-1#596,NA,NA,p.Gly42Tyr,-0.590988016591956,0.0703424619285084,0.1103384,0.009454778
urn:mavedb:00001054-a-1#597,NA,NA,p.Glu41Phe,-0.924343153748544,0.0700650881323581,0.06553191,0.009417496
urn:mavedb:00001054-a-1#598,NA,NA,p.Glu41Gly,-0.22553044483564,0.0437235425596172,0.1594598,0.005876911
urn:mavedb:00001054-a-1#599,NA,NA,p.Glu41His,-0.567262967009213,0.146635224918663,0.1135273,0.01970934
urn:mavedb:00001054-a-1#600,NA,NA,p.Glu41Ile,-0.784157937213887,0.0998236166921202,0.0843743,0.01341736
urn:mavedb:00001054-a-1#601,NA,NA,p.Glu41Lys,-0.653334997685229,0.126244880633665,0.1019583,0.01696866
urn:mavedb:00001054-a-1#602,NA,NA,p.Glu41Leu,-0.79388395020223,0.0414100507699247,0.08306702,0.005565953
urn:mavedb:00001054-a-1#603,NA,NA,p.Glu41Met,-0.545412768470672,0.0670044830813219,0.1164642,0.009006118
urn:mavedb:00001054-a-1#604,NA,NA,p.Glu41Asn,-0.27486581088446,0.0563102360066958,0.1528286,0.007568697
urn:mavedb:00001054-a-1#605,NA,NA,p.Glu41Pro,-0.768354282090594,0.0501475857446385,0.08649848,0.006740371
urn:mavedb:00001054-a-1#606,NA,NA,p.Glu41Gln,-0.336294710156882,0.077651866319728,0.1445719,0.01043724
urn:mavedb:00001054-a-1#607,NA,NA,p.Glu41Arg,-0.531780667009209,0.0542074938421187,0.1182965,0.007286066
urn:mavedb:00001054-a-1#608,NA,NA,p.Glu41Ser,-0.172738508171204,0.0479461014250668,0.1665556,0.006444468
urn:mavedb:00001054-a-1#609,NA,NA,p.Glu41Thr,-0.322763047144216,0.073025500250806,0.1463907,0.009815407
urn:mavedb:00001054-a-1#610,NA,NA,p.Glu41Val,-0.459000735045768,0.0522666584570015,0.1280789,0.007025197
urn:mavedb:00001054-a-1#611,NA,NA,p.Glu41Trp,-1.0159457718084,0.0888473310133887,0.05321954,0.01194203
urn:mavedb:00001054-a-1#612,NA,NA,p.Glu41Tyr,-0.697142082714589,0.226213054293201,0.09607016,0.03040545
urn:mavedb:00001054-a-1#613,NA,NA,p.Glu40Phe,-0.105278838039936,0.0539228438383444,0.1756229,0.007247806
urn:mavedb:00001054-a-1#614,NA,NA,p.Glu40Gly,-0.0207215679694735,0.0506465118790637,0.1869883,0.006807432
urn:mavedb:00001054-a-1#615,NA,NA,p.Glu40His,0.147207798475654,0.0837301780443366,0.2095598,0.01125423
urn:mavedb:00001054-a-1#616,NA,NA,p.Glu40Ile,-0.346789412073347,0.125885906177782,0.1431613,0.01692041
urn:mavedb:00001054-a-1#617,NA,NA,p.Glu40Lys,-0.133978938786396,0.0839533745972176,0.1717653,0.01128423
urn:mavedb:00001054-a-1#618,NA,NA,p.Glu40Leu,-0.0363706222804711,0.0355464838887279,0.1848849,0.004777827
urn:mavedb:00001054-a-1#619,NA,NA,p.Glu40Met,0.007812623339345,0.0714481255722852,0.1908236,0.009603391
urn:mavedb:00001054-a-1#620,NA,NA,p.Glu40Asn,-0.0678629119034725,0.0766869876216233,0.180652,0.01030755
urn:mavedb:00001054-a-1#621,NA,NA,p.Glu40Pro,-0.866789095431838,0.123253972426209,0.07326779,0.01656665
urn:mavedb:00001054-a-1#622,NA,NA,p.Glu40Gln,-0.0142853233728946,0.0774840969108124,0.1878534,0.01041469
urn:mavedb:00001054-a-1#623,NA,NA,p.Glu40Arg,0.0277016681665722,0.0336664993238112,0.1934969,0.004525137
urn:mavedb:00001054-a-1#624,NA,NA,p.Glu40Ser,0.0236893381342812,0.0528978806282043,0.1929576,0.00711004
urn:mavedb:00001054-a-1#625,NA,NA,p.Glu40Thr,-0.0434571128344432,0.0674292930804203,0.1839324,0.009063217
urn:mavedb:00001054-a-1#626,NA,NA,p.Glu40Val,-0.0735030887947758,0.0602129095725564,0.1798939,0.008093258
urn:mavedb:00001054-a-1#627,NA,NA,p.Glu40Trp,-0.520093351511849,0.0763747356441428,0.1198674,0.01026558
urn:mavedb:00001054-a-1#628,NA,NA,p.Glu40Tyr,-0.342007053933617,0.0755137177419788,0.1438041,0.01014985
urn:mavedb:00001054-a-1#629,NA,NA,p.Glu39Phe,-0.378231110477696,0.166787790475992,0.1389352,0.02241806
urn:mavedb:00001054-a-1#630,NA,NA,p.Glu39Gly,-0.203814164228827,0.0441345292522072,0.1623787,0.005932152
urn:mavedb:00001054-a-1#631,NA,NA,p.Glu39His,0.062811973911775,0.15954558312696,0.1982161,0.02144463
urn:mavedb:00001054-a-1#632,NA,NA,p.Glu39Ile,0.0480832333871569,0.388781388335828,0.1962364,0.05225637
urn:mavedb:00001054-a-1#633,NA,NA,p.Glu39Lys,-0.158938265306571,0.108439375627582,0.1684105,0.01457541
urn:mavedb:00001054-a-1#634,NA,NA,p.Glu39Leu,-0.0494454763482408,0.0706335176733503,0.1831275,0.009493899
urn:mavedb:00001054-a-1#635,NA,NA,p.Glu39Met,-0.163501146835968,0.0939300373144461,0.1677972,0.0126252
urn:mavedb:00001054-a-1#636,NA,NA,p.Glu39Asn,NA,NA,NA,NA
urn:mavedb:00001054-a-1#637,NA,NA,p.Glu39Pro,-1.15171772290294,0.696550537450603,0.03497034,0.09362383
urn:mavedb:00001054-a-1#638,NA,NA,p.Glu39Gln,-0.666924691801644,0.251416260246824,0.1001317,0.03379303
urn:mavedb:00001054-a-1#639,NA,NA,p.Glu39Arg,0.0340932734525749,0.0602776142532366,0.194356,0.008101955
urn:mavedb:00001054-a-1#640,NA,NA,p.Glu39Ser,-0.0305801597102279,0.0562510963600675,0.1856632,0.007560748
urn:mavedb:00001054-a-1#641,NA,NA,p.Glu39Thr,-0.121786455091016,0.0790016102738504,0.1734041,0.01061866
urn:mavedb:00001054-a-1#642,NA,NA,p.Glu39Val,-0.0637174079279626,0.0625224507832629,0.1812092,0.008403685
urn:mavedb:00001054-a-1#643,NA,NA,p.Glu39Trp,-0.124319735966215,0.0590867862447655,0.1730636,0.007941895
urn:mavedb:00001054-a-1#644,NA,NA,p.Glu39Tyr,-0.318764108905098,0.111399036317635,0.1469282,0.01497322
urn:mavedb:00001054-a-1#645,NA,NA,p.Ile38Lys,-0.714215131032968,0.147651066829676,0.09377536,0.01984588
urn:mavedb:00001054-a-1#646,NA,NA,p.Ile38Leu,0.0022081578965027,0.0680216716115367,0.1900703,0.009142839
urn:mavedb:00001054-a-1#647,NA,NA,p.Ile38Met,-0.216517768030305,0.0498843402902856,0.1606712,0.006704988
urn:mavedb:00001054-a-1#648,NA,NA,p.Ile38Asn,-0.951497915961707,0.247769154173897,0.06188202,0.03330282
urn:mavedb:00001054-a-1#649,NA,NA,p.Ile38Pro,-0.456789601195227,0.0504160093590183,0.1283761,0.00677645
urn:mavedb:00001054-a-1#650,NA,NA,p.Ile38Gln,-0.405923850782153,0.0895526321204927,0.135213,0.01203683
urn:mavedb:00001054-a-1#651,NA,NA,p.Ile38Arg,-0.484599147695691,0.0701987531079934,0.1246382,0.009435462
urn:mavedb:00001054-a-1#652,NA,NA,p.Ile38Ser,-0.677596983775352,0.0820350746240563,0.09869723,0.01102639
urn:mavedb:00001054-a-1#653,NA,NA,p.Ile38Thr,-0.820387648070639,0.125294063318392,0.07950464,0.01684086
urn:mavedb:00001054-a-1#654,NA,NA,p.Ile38Val,-0.0114492391742865,0.0442228258085269,0.1882346,0.00594402
urn:mavedb:00001054-a-1#655,NA,NA,p.Ile38Trp,-0.560846810102394,0.0685410425502057,0.1143897,0.009212648
urn:mavedb:00001054-a-1#656,NA,NA,p.Ile38Tyr,-0.418508416422094,0.158521110949236,0.1335215,0.02130693
urn:mavedb:00001054-a-1#657,NA,NA,p.Ala37Cys,NA,NA,NA,NA
urn:mavedb:00001054-a-1#658,NA,NA,p.Ala37Asp,NA,NA,NA,NA
urn:mavedb:00001054-a-1#659,NA,NA,p.Ala37Glu,NA,NA,NA,NA
urn:mavedb:00001054-a-1#660,NA,NA,p.Ala37Phe,NA,NA,NA,NA
urn:mavedb:00001054-a-1#661,NA,NA,p.Ala37Gly,NA,NA,NA,NA
urn:mavedb:00001054-a-1#662,NA,NA,p.Ala37His,NA,NA,NA,NA
urn:mavedb:00001054-a-1#663,NA,NA,p.Ala37Ile,NA,NA,NA,NA
urn:mavedb:00001054-a-1#664,NA,NA,p.Ala37Lys,NA,NA,NA,NA
urn:mavedb:00001054-a-1#665,NA,NA,p.Ala37Leu,NA,NA,NA,NA
urn:mavedb:00001054-a-1#666,NA,NA,p.Ala37Met,NA,NA,NA,NA
urn:mavedb:00001054-a-1#667,NA,NA,p.Ala37Asn,NA,NA,NA,NA
urn:mavedb:00001054-a-1#668,NA,NA,p.Ala37Pro,NA,NA,NA,NA
urn:mavedb:00001054-a-1#669,NA,NA,p.Ala37Gln,NA,NA,NA,NA
urn:mavedb:00001054-a-1#670,NA,NA,p.Ala37Arg,NA,NA,NA,NA
urn:mavedb:00001054-a-1#671,NA,NA,p.Ala37Ser,NA,NA,NA,NA
urn:mavedb:00001054-a-1#672,NA,NA,p.Ala37Thr,NA,NA,NA,NA
urn:mavedb:00001054-a-1#673,NA,NA,p.Ala37Val,NA,NA,NA,NA
urn:mavedb:00001054-a-1#674,NA,NA,p.Ala37Trp,NA,NA,NA,NA
urn:mavedb:00001054-a-1#675,NA,NA,p.Ala37Tyr,NA,NA,NA,NA
urn:mavedb:00001054-a-1#676,NA,NA,p.Gln36Arg,-0.106234119286267,0.0445209196846697,0.1754945,0.005984087
urn:mavedb:00001054-a-1#677,NA,NA,p.Gln36Ser,-0.526120402428146,0.103784909112652,0.1190573,0.0139498
urn:mavedb:00001054-a-1#678,NA,NA,p.Gln36Thr,0.146451906149897,0.0899674057145966,0.2094582,0.01209258
urn:mavedb:00001054-a-1#679,NA,NA,p.Gln36Val,-0.209370270418545,0.0781115768198119,0.1616319,0.01049903
urn:mavedb:00001054-a-1#680,NA,NA,p.Gln36Trp,-0.0427830592447426,0.0798638929564807,0.184023,0.01073456
urn:mavedb:00001054-a-1#681,NA,NA,p.Gln36Tyr,-0.497177761427556,0.266569669412723,0.1229475,0.03582981
urn:mavedb:00001054-a-1#682,NA,NA,p.Lys35Leu,-0.1147818032731,0.0353223350305546,0.1743456,0.004747699
urn:mavedb:00001054-a-1#683,NA,NA,p.Lys35Met,-0.40675414195887,0.12157218640025,0.1351014,0.0163406
urn:mavedb:00001054-a-1#684,NA,NA,p.Lys35Asn,-0.294646233389285,0.112398659279139,0.1501699,0.01510758
urn:mavedb:00001054-a-1#685,NA,NA,p.Lys35Pro,-0.7778759958342,0.0578729541115774,0.08521866,0.007778743
urn:mavedb:00001054-a-1#686,NA,NA,p.Lys35Gln,-0.15878946760465,0.0843306511704375,0.1684305,0.01133494
urn:mavedb:00001054-a-1#687,NA,NA,p.Lys35Arg,0.0504803643650989,0.0588904030377706,0.1965586,0.007915499
urn:mavedb:00001054-a-1#688,NA,NA,p.Lys35Ser,-0.141092212926714,0.0430574942862798,0.1708092,0.005787387
urn:mavedb:00001054-a-1#689,NA,NA,p.Lys35Thr,-0.0303033959846555,0.0838105288033738,0.1857004,0.01126503
urn:mavedb:00001054-a-1#690,NA,NA,p.Lys35Val,-0.184317201346161,0.0513043093198295,0.1649993,0.006895847
urn:mavedb:00001054-a-1#691,NA,NA,p.Lys35Trp,-0.502942184399963,0.0997234758387276,0.1221727,0.0134039
urn:mavedb:00001054-a-1#692,NA,NA,p.Lys35Tyr,-0.517264707198337,0.179984361063933,0.1202476,0.02419182
urn:mavedb:00001054-a-1#693,NA,NA,p.Leu34Met,-0.456105131766391,0.102464850300063,0.1284681,0.01377237
urn:mavedb:00001054-a-1#694,NA,NA,p.Leu34Asn,-0.385225346456477,0.235054390544775,0.1379951,0.03159382
urn:mavedb:00001054-a-1#695,NA,NA,p.Leu34Pro,-0.467393669422604,0.121804236416395,0.1269508,0.01637179
urn:mavedb:00001054-a-1#696,NA,NA,p.Leu34Gln,-0.926801142986571,0.444954380782158,0.06520153,0.05980662
urn:mavedb:00001054-a-1#697,NA,NA,p.Leu34Arg,-0.80812396467489,0.0571925245403494,0.08115301,0.007687286
urn:mavedb:00001054-a-1#698,NA,NA,p.Leu34Ser,-0.563495409196582,0.0873586844045233,0.1140337,0.01174194
urn:mavedb:00001054-a-1#699,NA,NA,p.Leu34Thr,-0.642063571764737,0.158109759702276,0.1034733,0.02125164
urn:mavedb:00001054-a-1#700,NA,NA,p.Leu34Val,-0.412430030298635,0.0773056884662095,0.1343385,0.01039071
urn:mavedb:00001054-a-1#701,NA,NA,p.Leu34Trp,-1.15135145735966,0.134623976824222,0.03501957,0.0180949
urn:mavedb:00001054-a-1#702,NA,NA,p.Leu34Tyr,-0.651370124031366,0.170251577780152,0.1022224,0.02288363
urn:mavedb:00001054-a-1#703,NA,NA,p.Arg33Ser,-0.510545746968109,0.0625261335263855,0.1211507,0.00840418
urn:mavedb:00001054-a-1#704,NA,NA,p.Arg33Thr,-0.569535851906052,0.131548774718628,0.1132218,0.01768156
urn:mavedb:00001054-a-1#705,NA,NA,p.Arg33Val,-0.730473139939075,0.188073152938043,0.09159011,0.02527904
urn:mavedb:00001054-a-1#706,NA,NA,p.Arg33Trp,-1.0979842687796,0.0847540550312528,0.04219269,0.01139185
urn:mavedb:00001054-a-1#707,NA,NA,p.Arg33Tyr,-1.01040514057968,0.352253263687875,0.05396426,0.0473466
urn:mavedb:00001054-a-1#708,NA,NA,p.Ser32Thr,-0.0191807677660848,0.100966457441722,0.1871954,0.01357097
urn:mavedb:00001054-a-1#709,NA,NA,p.Ser32Val,-0.379884252946035,0.0715933744490151,0.138713,0.009622914
urn:mavedb:00001054-a-1#710,NA,NA,p.Ser32Trp,-0.0278363300868106,0.0862621197402189,0.186032,0.01159455
urn:mavedb:00001054-a-1#711,NA,NA,p.Ser32Tyr,-0.377844980441212,0.250643925775004,0.1389871,0.03368922
urn:mavedb:00001054-a-1#712,NA,NA,p.Ile31Lys,-0.400539605938153,0.0782791230321746,0.1359367,0.01052155
urn:mavedb:00001054-a-1#713,NA,NA,p.Ile31Leu,-0.0746183275706713,0.0451092062789833,0.179744,0.006063159
urn:mavedb:00001054-a-1#714,NA,NA,p.Ile31Met,0.0300705275811494,0.0569092732349732,0.1938153,0.007649214
urn:mavedb:00001054-a-1#715,NA,NA,p.Ile31Asn,-0.517535519015833,0.07304982867507,0.1202112,0.009818677
urn:mavedb:00001054-a-1#716,NA,NA,p.Ile31Pro,-0.7392990756285,0.0668756986703095,0.09040381,0.008988808
urn:mavedb:00001054-a-1#717,NA,NA,p.Ile31Gln,-0.067711882236023,0.0500435835908811,0.1806723,0.006726392
urn:mavedb:00001054-a-1#718,NA,NA,p.Ile31Arg,-0.147936907215065,0.0543787004779486,0.1698892,0.007309078
urn:mavedb:00001054-a-1#719,NA,NA,p.Ile31Ser,-0.167584899765181,0.0504619804090267,0.1672483,0.006782629
urn:mavedb:00001054-a-1#720,NA,NA,p.Ile31Thr,-0.222927973029048,0.0717871760158817,0.1598096,0.009648963
urn:mavedb:00001054-a-1#721,NA,NA,p.Ile31Val,-0.0788903095928139,0.0482916171288117,0.1791698,0.006490909
urn:mavedb:00001054-a-1#722,NA,NA,p.Ile31Trp,-0.449266389386117,0.0411494985539765,0.1293873,0.005530932
urn:mavedb:00001054-a-1#723,NA,NA,p.Ile31Tyr,-0.0761397840728102,0.0888023197085577,0.1795395,0.01193598
urn:mavedb:00001054-a-1#724,NA,NA,p.Leu30Met,-0.0746227915017289,0.0397971357603002,0.1797434,0.00534916
urn:mavedb:00001054-a-1#725,NA,NA,p.Leu30Asn,-0.489356954214605,0.043053089874303,0.1239987,0.005786795
urn:mavedb:00001054-a-1#726,NA,NA,p.Leu30Pro,-0.489144173500858,0.0479584144349008,0.1240273,0.006446123
urn:mavedb:00001054-a-1#727,NA,NA,p.Leu30Gln,-0.415418632141711,0.048998175576497,0.1339368,0.006585878
urn:mavedb:00001054-a-1#728,NA,NA,p.Leu30Arg,-0.536813005288166,0.0428206157847072,0.1176201,0.005755548
urn:mavedb:00001054-a-1#729,NA,NA,p.Leu30Ser,-0.584780176467825,0.0390179045149969,0.1111728,0.005244423
urn:mavedb:00001054-a-1#730,NA,NA,p.Leu30Thr,-0.53772439121243,0.0434548362296037,0.1174976,0.005840794
urn:mavedb:00001054-a-1#731,NA,NA,p.Leu30Val,-0.607246397492318,0.0535523747599874,0.1081531,0.007198011
urn:mavedb:00001054-a-1#732,NA,NA,p.Leu30Trp,-0.612801759693527,0.0402958461380576,0.1074064,0.005416192
urn:mavedb:00001054-a-1#733,NA,NA,p.Leu30Tyr,-0.787520988473847,0.0432432458974725,0.08392227,0.005812354
urn:mavedb:00001054-a-1#734,NA,NA,p.Val29Trp,-0.789169964606532,0.0416326595718831,0.08370063,0.005595874
urn:mavedb:00001054-a-1#735,NA,NA,p.Val29Tyr,-0.525066170710038,0.0436967589732715,0.119199,0.005873311
urn:mavedb:00001054-a-1#736,NA,NA,p.Thr28Val,-0.0593896267675996,0.0375680643467924,0.1817909,0.005049549
urn:mavedb:00001054-a-1#737,NA,NA,p.Thr28Trp,-0.128997935714602,0.0379176868671104,0.1724348,0.005096542
urn:mavedb:00001054-a-1#738,NA,NA,p.Thr28Tyr,-0.0965079575002218,0.0880127991021666,0.1768018,0.01182986
urn:mavedb:00001054-a-1#739,NA,NA,p.Lys27Leu,-0.730501857895546,0.0558366798804482,0.09158625,0.007505046
urn:mavedb:00001054-a-1#740,NA,NA,p.Lys27Met,-0.324736848660194,0.0764803820125065,0.1461254,0.01027978
urn:mavedb:00001054-a-1#741,NA,NA,p.Lys27Asn,-0.333914690914661,0.0858002516734571,0.1448918,0.01153247
urn:mavedb:00001054-a-1#742,NA,NA,p.Lys27Pro,-0.194409405478931,0.0769027442894083,0.1636428,0.01033655
urn:mavedb:00001054-a-1#743,NA,NA,p.Lys27Gln,-0.0993559455149837,0.0837222917661348,0.176419,0.01125317
urn:mavedb:00001054-a-1#744,NA,NA,p.Lys27Arg,-0.384072164266592,0.0438042876325644,0.1381501,0.005887764
urn:mavedb:00001054-a-1#745,NA,NA,p.Lys27Ser,-0.249701887524144,0.0545018975352539,0.1562109,0.007325637
urn:mavedb:00001054-a-1#746,NA,NA,p.Lys27Thr,-0.0946688179044823,0.052557684442303,0.177049,0.007064314
urn:mavedb:00001054-a-1#747,NA,NA,p.Lys27Val,-0.399441478897979,0.0522450158312571,0.1360843,0.007022288
urn:mavedb:00001054-a-1#748,NA,NA,p.Lys27Trp,-0.292648624241,0.0542034837440519,0.1504384,0.007285527
urn:mavedb:00001054-a-1#749,NA,NA,p.Lys27Tyr,-0.0051632802566474,0.0848861129917074,0.1890795,0.0114096
urn:mavedb:00001054-a-1#750,NA,NA,p.Val26Trp,-0.358173924247298,0.0548508058266026,0.1416311,0.007372534
urn:mavedb:00001054-a-1#751,NA,NA,p.Val26Tyr,-0.257670748450506,0.0811024850272684,0.1551398,0.01090104
urn:mavedb:00001054-a-1#752,NA,NA,p.Gly25His,NA,NA,NA,NA
urn:mavedb:00001054-a-1#753,NA,NA,p.Gly25Ile,NA,NA,NA,NA
urn:mavedb:00001054-a-1#754,NA,NA,p.Gly25Lys,NA,NA,NA,NA
urn:mavedb:00001054-a-1#755,NA,NA,p.Gly25Leu,NA,NA,NA,NA
urn:mavedb:00001054-a-1#756,NA,NA,p.Gly25Met,NA,NA,NA,NA
urn:mavedb:00001054-a-1#757,NA,NA,p.Gly25Asn,NA,NA,NA,NA
urn:mavedb:00001054-a-1#758,NA,NA,p.Gly25Pro,NA,NA,NA,NA
urn:mavedb:00001054-a-1#759,NA,NA,p.Gly25Gln,NA,NA,NA,NA
urn:mavedb:00001054-a-1#760,NA,NA,p.Gly25Arg,NA,NA,NA,NA
urn:mavedb:00001054-a-1#761,NA,NA,p.Gly25Ser,-0.733443662861369,0.146256981160381,0.09119084,0.0196585
urn:mavedb:00001054-a-1#762,NA,NA,p.Gly25Thr,NA,NA,NA,NA
urn:mavedb:00001054-a-1#763,NA,NA,p.Gly25Val,-0.600502885641273,0.262321271826335,0.1090595,0.03525878
urn:mavedb:00001054-a-1#764,NA,NA,p.Gly25Trp,NA,NA,NA,NA
urn:mavedb:00001054-a-1#765,NA,NA,p.Gly25Tyr,NA,NA,NA,NA
urn:mavedb:00001054-a-1#766,NA,NA,p.Thr24Val,-0.487773002677659,0.0992101981659523,0.1242116,0.01333491
urn:mavedb:00001054-a-1#767,NA,NA,p.Thr24Trp,-0.314960095655496,0.0953424994999281,0.1474395,0.01281505
urn:mavedb:00001054-a-1#768,NA,NA,p.Thr24Tyr,0.194494964157535,0.110972582103931,0.2159157,0.0149159
urn:mavedb:00001054-a-1#769,NA,NA,p.Ile23Lys,-0.335555929566846,0.106885406827574,0.1446712,0.01436654
urn:mavedb:00001054-a-1#770,NA,NA,p.Ile23Leu,-0.0869707687956161,0.0648138907535308,0.1780837,0.008711679
urn:mavedb:00001054-a-1#771,NA,NA,p.Ile23Met,0.0802428807032725,0.0753230334869675,0.200559,0.01012422
urn:mavedb:00001054-a-1#772,NA,NA,p.Ile23Asn,-0.680466696254594,0.205331677591865,0.09831151,0.02759877
urn:mavedb:00001054-a-1#773,NA,NA,p.Ile23Pro,-0.0662767284009981,0.0812841670213136,0.1808652,0.01092546
urn:mavedb:00001054-a-1#774,NA,NA,p.Ile23Gln,-0.022131426195172,0.0818519046529919,0.1867988,0.01100177
urn:mavedb:00001054-a-1#775,NA,NA,p.Ile23Arg,-0.202125310312028,0.06589107451716,0.1626057,0.008856464
urn:mavedb:00001054-a-1#776,NA,NA,p.Ile23Ser,-0.0097708010966213,0.0422171369450275,0.1884602,0.005674434
urn:mavedb:00001054-a-1#777,NA,NA,p.Ile23Thr,-0.33740548500172,0.0793634862849215,0.1444226,0.0106673
urn:mavedb:00001054-a-1#778,NA,NA,p.Ile23Val,-0.0666085472762812,0.0626910088199987,0.1808206,0.008426341
urn:mavedb:00001054-a-1#779,NA,NA,p.Ile23Trp,-0.195190593414014,0.0920208140011019,0.1635378,0.01236858
urn:mavedb:00001054-a-1#780,NA,NA,p.Ile23Tyr,-0.171885897339198,0.106882654070088,0.1666702,0.01436617
urn:mavedb:00001054-a-1#781,NA,NA,p.Asp22Glu,-0.318281260362365,0.086434353080192,0.1469931,0.0116177
urn:mavedb:00001054-a-1#782,NA,NA,p.Asp22Phe,-1.00009472461704,0.389720748228054,0.05535009,0.05238263
urn:mavedb:00001054-a-1#783,NA,NA,p.Asp22Gly,-0.276718342273372,0.0691660970566639,0.1525796,0.009296662
urn:mavedb:00001054-a-1#784,NA,NA,p.Asp22His,-0.614080675941535,0.240909208121099,0.1072345,0.03238077
urn:mavedb:00001054-a-1#785,NA,NA,p.Asp22Ile,-0.356817633194291,0.0924022569099756,0.1418134,0.01241985
urn:mavedb:00001054-a-1#786,NA,NA,p.Asp22Lys,-0.322477355556528,0.0993627158104209,0.1464291,0.01335541
urn:mavedb:00001054-a-1#787,NA,NA,p.Asp22Leu,-0.350268302344253,0.0655088727400066,0.1426937,0.008805092
urn:mavedb:00001054-a-1#788,NA,NA,p.Asp22Met,-0.376539280606858,0.0666279876960371,0.1391626,0.008955513
urn:mavedb:00001054-a-1#789,NA,NA,p.Asp22Asn,-0.210128394709831,0.0878684653313035,0.16153,0.01181046
urn:mavedb:00001054-a-1#790,NA,NA,p.Asp22Pro,-0.163631344825149,0.0599301716192519,0.1677797,0.008055255
urn:mavedb:00001054-a-1#791,NA,NA,p.Asp22Gln,-0.486284281669943,0.1204139450885,0.1244117,0.01618492
urn:mavedb:00001054-a-1#792,NA,NA,p.Asp22Arg,-0.353979317030154,0.0660187355055229,0.1421949,0.008873623
urn:mavedb:00001054-a-1#793,NA,NA,p.Asp22Ser,-0.147858044433047,0.0621507541238651,0.1698998,0.008353725
urn:mavedb:00001054-a-1#794,NA,NA,p.Asp22Thr,-0.374840754839433,0.048862911025566,0.1393909,0.006567697
urn:mavedb:00001054-a-1#795,NA,NA,p.Asp22Val,-0.416842626149092,0.0724077145120866,0.1337454,0.00973237
urn:mavedb:00001054-a-1#796,NA,NA,p.Asp22Trp,-0.698560422409297,0.061697925517495,0.09587952,0.00829286
urn:mavedb:00001054-a-1#797,NA,NA,p.Asp22Tyr,-0.707456813810581,0.137227267018175,0.09468375,0.01844481
urn:mavedb:00001054-a-1#798,NA,NA,p.Leu21Met,0.0166898942359325,0.0472670110331562,0.1920168,0.006353191
urn:mavedb:00001054-a-1#799,NA,NA,p.Leu21Asn,-0.595524114535008,0.117373412847452,0.1097287,0.01577624
urn:mavedb:00001054-a-1#800,NA,NA,p.Leu21Pro,-0.809742809272936,0.0672910972147615,0.08093542,0.009044642
urn:mavedb:00001054-a-1#801,NA,NA,p.Leu21Gln,-0.498599523469408,0.110661520508066,0.1227564,0.01487409
urn:mavedb:00001054-a-1#802,NA,NA,p.Leu21Arg,-0.295772631992824,0.0500832381784429,0.1500185,0.006731722
urn:mavedb:00001054-a-1#803,NA,NA,p.Leu21Ser,-0.362826084397848,0.0655226737268597,0.1410058,0.008806947
urn:mavedb:00001054-a-1#804,NA,NA,p.Leu21Thr,-0.631300289996305,0.0432845670192959,0.10492,0.005817908
urn:mavedb:00001054-a-1#805,NA,NA,p.Leu21Val,-0.356399511651894,0.0586588217343863,0.1418696,0.007884372
urn:mavedb:00001054-a-1#806,NA,NA,p.Leu21Trp,-0.590963464971139,0.0838255573712678,0.1103417,0.01126705
urn:mavedb:00001054-a-1#807,NA,NA,p.Leu21Tyr,-0.305339580237814,0.0379068469545254,0.1487326,0.005095085
urn:mavedb:00001054-a-1#808,NA,NA,p.Asn20Pro,-1.05819539129175,0.146596909510419,0.04754074,0.01970419
urn:mavedb:00001054-a-1#809,NA,NA,p.Asn20Gln,-0.0403115294158401,0.0462795448439,0.1843552,0.006220465
urn:mavedb:00001054-a-1#810,NA,NA,p.Asn20Arg,-0.140597460567828,0.043858487195489,0.1708757,0.005895049
urn:mavedb:00001054-a-1#811,NA,NA,p.Asn20Ser,-0.104775157818935,0.0477364603428308,0.1756906,0.00641629
urn:mavedb:00001054-a-1#812,NA,NA,p.Asn20Thr,-0.232705470022255,0.0726251451540182,0.1584954,0.009761595
urn:mavedb:00001054-a-1#813,NA,NA,p.Asn20Val,-0.688060214977861,0.051875008025776,0.09729086,0.006972555
urn:mavedb:00001054-a-1#814,NA,NA,p.Asn20Trp,-0.367927613608199,0.036608467967106,0.1403201,0.004920569
urn:mavedb:00001054-a-1#815,NA,NA,p.Asn20Tyr,-0.454896894426795,0.112620888646957,0.1286305,0.01513745
urn:mavedb:00001054-a-1#816,NA,NA,p.Arg19Ser,-0.845448826617778,0.0573306534470423,0.07613615,0.007705852
urn:mavedb:00001054-a-1#817,NA,NA,p.Arg19Thr,-0.751354070247306,0.0781588200901717,0.08878349,0.01050538
urn:mavedb:00001054-a-1#818,NA,NA,p.Arg19Val,-1.06430487613492,0.0803982255040779,0.04671956,0.01080638
urn:mavedb:00001054-a-1#819,NA,NA,p.Arg19Trp,-1.26439969300653,0.0713562057919238,0.01982468,0.009591036
urn:mavedb:00001054-a-1#820,NA,NA,p.Arg19Tyr,-0.722188827884642,0.156718129195063,0.09270361,0.02106459
urn:mavedb:00001054-a-1#821,NA,NA,p.Arg18Ser,-0.0480899292837435,0.424660829402259,0.1833097,0.05707895
urn:mavedb:00001054-a-1#822,NA,NA,p.Arg18Thr,NA,NA,NA,NA
urn:mavedb:00001054-a-1#823,NA,NA,p.Arg18Val,-0.322001946898891,0.268972454703338,0.146493,0.03615277
urn:mavedb:00001054-a-1#824,NA,NA,p.Arg18Trp,0.494593145345193,0.74764893307063,0.2562521,0.100492
urn:mavedb:00001054-a-1#825,NA,NA,p.Arg18Tyr,NA,NA,NA,NA
urn:mavedb:00001054-a-1#826,NA,NA,p.Lys17Leu,-0.439685305359445,0.106237839228815,0.1306751,0.0142795
urn:mavedb:00001054-a-1#827,NA,NA,p.Lys17Met,-0.0350976579405396,0.0792637918246346,0.185056,0.0106539
urn:mavedb:00001054-a-1#828,NA,NA,p.Lys17Asn,-0.155553117587875,0.0597240793622066,0.1688655,0.008027554
urn:mavedb:00001054-a-1#829,NA,NA,p.Lys17Pro,-0.94272837460131,0.136407614877145,0.06306074,0.01833464
urn:mavedb:00001054-a-1#830,NA,NA,p.Lys17Gln,0.0517444008429151,0.0528119722750004,0.1967285,0.007098493
urn:mavedb:00001054-a-1#831,NA,NA,p.Lys17Arg,-0.0234795333745732,0.0406733533477154,0.1866176,0.005466933
urn:mavedb:00001054-a-1#832,NA,NA,p.Lys17Ser,-0.0343261418560808,0.0695455535162169,0.1851597,0.009347665
urn:mavedb:00001054-a-1#833,NA,NA,p.Lys17Thr,-0.47364614885731,0.128253277615339,0.1261104,0.01723861
urn:mavedb:00001054-a-1#834,NA,NA,p.Lys17Val,-0.109974893512553,0.0419501938677818,0.1749917,0.005638554
urn:mavedb:00001054-a-1#835,NA,NA,p.Lys17Trp,-0.162657463866078,0.076946416414922,0.1679106,0.01034242
urn:mavedb:00001054-a-1#836,NA,NA,p.Lys17Tyr,-0.0857037563637616,0.373206286482686,0.178254,0.05016291
urn:mavedb:00001054-a-1#837,NA,NA,p.Leu16Met,-0.678444461086641,0.103667582124688,0.09858332,0.01393403
urn:mavedb:00001054-a-1#838,NA,NA,p.Leu16Asn,-0.96388666382592,0.449066107679332,0.06021684,0.06035928
urn:mavedb:00001054-a-1#839,NA,NA,p.Leu16Pro,-0.800271686747983,0.0837355347616058,0.08220844,0.01125495
urn:mavedb:00001054-a-1#840,NA,NA,p.Leu16Gln,-0.673226646472239,0.0565274955312702,0.09928465,0.007597899
urn:mavedb:00001054-a-1#841,NA,NA,p.Leu16Arg,-0.969356020955419,0.068959796482836,0.0594817,0.009268933
urn:mavedb:00001054-a-1#842,NA,NA,p.Leu16Ser,-0.777752121747351,0.0381167558726249,0.08523531,0.005123299
urn:mavedb:00001054-a-1#843,NA,NA,p.Leu16Thr,-0.831485799067244,0.0665634690124843,0.07801293,0.008946841
urn:mavedb:00001054-a-1#844,NA,NA,p.Leu16Val,-0.613585923582649,0.0675643939538792,0.107301,0.009081376
urn:mavedb:00001054-a-1#845,NA,NA,p.Leu16Trp,-1.00756332766955,0.0574660742355604,0.05434623,0.007724054
urn:mavedb:00001054-a-1#846,NA,NA,p.Leu16Tyr,NA,NA,NA,NA
urn:mavedb:00001054-a-1#847,NA,NA,p.Glu15Phe,-0.645181627608485,0.0494234691681267,0.1030542,0.006643042
urn:mavedb:00001054-a-1#848,NA,NA,p.Glu15Gly,-0.973853952287928,0.0861262674383653,0.05887713,0.01157629
urn:mavedb:00001054-a-1#849,NA,NA,p.Glu15His,-0.511517395961651,0.130645051876012,0.1210201,0.01756009
urn:mavedb:00001054-a-1#850,NA,NA,p.Glu15Ile,-1.10487747111878,0.514641106118072,0.04126617,0.06917326
urn:mavedb:00001054-a-1#851,NA,NA,p.Glu15Lys,-0.890164172819662,0.185065653786822,0.07012593,0.0248748
urn:mavedb:00001054-a-1#852,NA,NA,p.Glu15Leu,-0.122683705233598,0.060567464736693,0.1732835,0.008140914
urn:mavedb:00001054-a-1#853,NA,NA,p.Glu15Met,-0.0070180436110887,0.0828321839132453,0.1888302,0.01113353
urn:mavedb:00001054-a-1#854,NA,NA,p.Glu15Asn,-0.754931910989988,0.0999036698557536,0.08830259,0.01342812
urn:mavedb:00001054-a-1#855,NA,NA,p.Glu15Pro,-1.15604572725985,0.205415153102643,0.03438861,0.02760999
urn:mavedb:00001054-a-1#856,NA,NA,p.Glu15Gln,-0.110811136597347,0.0792364130474812,0.1748793,0.01065022
urn:mavedb:00001054-a-1#857,NA,NA,p.Glu15Arg,-0.960554264892556,0.0774236106449816,0.06066475,0.01040656
urn:mavedb:00001054-a-1#858,NA,NA,p.Glu15Ser,-0.35334990275103,0.0783525546980724,0.1422795,0.01053142
urn:mavedb:00001054-a-1#859,NA,NA,p.Glu15Thr,-1.08233774402953,0.174141149708359,0.04429575,0.02340643
urn:mavedb:00001054-a-1#860,NA,NA,p.Glu15Val,-0.916785644069142,0.093648809657816,0.06654772,0.0125874
urn:mavedb:00001054-a-1#861,NA,NA,p.Glu15Trp,-0.870866301262166,0.101741172676772,0.07271977,0.0136751
urn:mavedb:00001054-a-1#862,NA,NA,p.Glu15Tyr,-0.650953490465988,0.168298979936698,0.1022784,0.02262118
urn:mavedb:00001054-a-1#863,NA,NA,p.Ser14Thr,-0.0483577651472006,0.0676965039935294,0.1832737,0.009099133
urn:mavedb:00001054-a-1#864,NA,NA,p.Ser14Val,-0.022830775394199,0.0508551783363521,0.1867048,0.006835479
urn:mavedb:00001054-a-1#865,NA,NA,p.Ser14Trp,-0.107927437134124,0.0487376828796295,0.1752669,0.006550865
urn:mavedb:00001054-a-1#866,NA,NA,p.Ser14Tyr,-0.173456457082971,0.0895572448492522,0.1664591,0.01203745
urn:mavedb:00001054-a-1#867,NA,NA,p.Lys13Leu,-0.155352984678792,0.0419192365058972,0.1688924,0.005634393
urn:mavedb:00001054-a-1#868,NA,NA,p.Lys13Met,-0.241146019663706,0.0680654999746374,0.1573609,0.00914873
urn:mavedb:00001054-a-1#869,NA,NA,p.Lys13Asn,-0.629310120733116,0.0747203283953378,0.1051875,0.01004321
urn:mavedb:00001054-a-1#870,NA,NA,p.Lys13Pro,-1.16238949408469,0.0747035142550207,0.03353594,0.01004095
urn:mavedb:00001054-a-1#871,NA,NA,p.Lys13Gln,-0.0690540375073475,0.0748326706602879,0.1804919,0.01005831
urn:mavedb:00001054-a-1#872,NA,NA,p.Lys13Arg,-0.183505509882184,0.0469780607757964,0.1651084,0.006314353
urn:mavedb:00001054-a-1#873,NA,NA,p.Lys13Ser,-0.612836727153478,0.0610627825268466,0.1074017,0.00820749
urn:mavedb:00001054-a-1#874,NA,NA,p.Lys13Thr,-0.142800410544764,0.0434621793961935,0.1705796,0.005841781
urn:mavedb:00001054-a-1#875,NA,NA,p.Lys13Val,-0.0564895595571656,0.0527941760698506,0.1821807,0.007096101
urn:mavedb:00001054-a-1#876,NA,NA,p.Lys13Trp,-0.237286207275883,0.0526437490330939,0.1578797,0.007075882
urn:mavedb:00001054-a-1#877,NA,NA,p.Lys13Tyr,-0.212852880631999,0.0752522801797042,0.1611638,0.01011471
urn:mavedb:00001054-a-1#878,NA,NA,p.Leu12Met,-0.417790467510327,0.0670479320102827,0.133618,0.009011958
urn:mavedb:00001054-a-1#879,NA,NA,p.Leu12Asn,-0.266703512945601,0.19344951150384,0.1539257,0.02600168
urn:mavedb:00001054-a-1#880,NA,NA,p.Leu12Pro,-0.715570157305508,0.0670627076220834,0.09359323,0.009013944
urn:mavedb:00001054-a-1#881,NA,NA,p.Leu12Gln,-0.959432107023521,0.172731142684958,0.06081558,0.02321691
urn:mavedb:00001054-a-1#882,NA,NA,p.Leu12Arg,-0.948665402907945,0.0558788640289427,0.06226274,0.007510716
urn:mavedb:00001054-a-1#883,NA,NA,p.Leu12Ser,-0.775815668454555,0.0581962022392298,0.08549559,0.007822191
urn:mavedb:00001054-a-1#884,NA,NA,p.Leu12Thr,-0.936326427875024,0.108520395976278,0.06392123,0.0145863
urn:mavedb:00001054-a-1#885,NA,NA,p.Leu12Val,-0.294687896745823,0.0501304740089177,0.1501643,0.006738071
urn:mavedb:00001054-a-1#886,NA,NA,p.Leu12Trp,-0.748081636787815,0.0979352250570449,0.08922334,0.01316354
urn:mavedb:00001054-a-1#887,NA,NA,p.Leu12Tyr,-1.00282300488061,0.127169211957996,0.05498338,0.0170929
urn:mavedb:00001054-a-1#888,NA,NA,p.Asp11Glu,-0.499913407177367,0.125978904741482,0.1225798,0.01693291
urn:mavedb:00001054-a-1#889,NA,NA,p.Asp11Phe,0.0845803337142602,0.810646160121296,0.201142,0.1089595
urn:mavedb:00001054-a-1#890,NA,NA,p.Asp11Gly,-0.725053927635124,0.0963273914889411,0.09231851,0.01294743
urn:mavedb:00001054-a-1#891,NA,NA,p.Asp11His,-0.15402422120064,0.149651131140042,0.169071,0.02011471
urn:mavedb:00001054-a-1#892,NA,NA,p.Asp11Ile,-1.09278006915492,0.432852142892992,0.04289219,0.05817995
urn:mavedb:00001054-a-1#893,NA,NA,p.Asp11Lys,-1.06300914574659,0.324521166391259,0.04689372,0.04361911
urn:mavedb:00001054-a-1#894,NA,NA,p.Asp11Leu,-0.67454603569517,0.0609971478605293,0.09910731,0.008198668
urn:mavedb:00001054-a-1#895,NA,NA,p.Asp11Met,-0.0810449003166253,0.134475253521153,0.1788802,0.01807491
urn:mavedb:00001054-a-1#896,NA,NA,p.Asp11Asn,-0.482701976996203,0.0632645867614774,0.1248932,0.008503436
urn:mavedb:00001054-a-1#897,NA,NA,p.Asp11Pro,-0.655959789147109,0.0968295837329234,0.1016055,0.01301493
urn:mavedb:00001054-a-1#898,NA,NA,p.Asp11Gln,-0.0837827780319656,0.0700309316198822,0.1785122,0.009412905
urn:mavedb:00001054-a-1#899,NA,NA,p.Asp11Arg,-0.956502354671554,0.191567518169948,0.06120937,0.02574872
urn:mavedb:00001054-a-1#900,NA,NA,p.Asp11Ser,-0.754571597354788,0.188779123634805,0.08835102,0.02537393
urn:mavedb:00001054-a-1#901,NA,NA,p.Asp11Thr,-0.508708839337899,0.116003060411614,0.1213976,0.01559205
urn:mavedb:00001054-a-1#902,NA,NA,p.Asp11Val,-0.717008212695721,0.0899762591778609,0.09339994,0.01209377
urn:mavedb:00001054-a-1#903,NA,NA,p.Asp11Trp,-0.88205655803626,0.181881531763421,0.07121568,0.02444682
urn:mavedb:00001054-a-1#904,NA,NA,p.Asp11Tyr,-0.676595872836829,0.0885510747888646,0.09883179,0.01190221
urn:mavedb:00001054-a-1#905,NA,NA,p.Ile10Lys,-0.219816613081886,0.222213669660977,0.1602278,0.02986789
urn:mavedb:00001054-a-1#906,NA,NA,p.Ile10Leu,-0.319488009724942,0.090277946518505,0.1468309,0.01213432
urn:mavedb:00001054-a-1#907,NA,NA,p.Ile10Met,0.0248469842552241,0.0593655438595437,0.1931132,0.007979363
urn:mavedb:00001054-a-1#908,NA,NA,p.Ile10Asn,-0.589500039572749,0.226710113016467,0.1105384,0.03047226
urn:mavedb:00001054-a-1#909,NA,NA,p.Ile10Pro,0.193161736748326,0.127777794558852,0.2157365,0.0171747
urn:mavedb:00001054-a-1#910,NA,NA,p.Ile10Gln,-0.359899977589578,0.128296131353493,0.1413991,0.01724437
urn:mavedb:00001054-a-1#911,NA,NA,p.Ile10Arg,-0.0184278513943662,0.0572030817373007,0.1872966,0.007688705
urn:mavedb:00001054-a-1#912,NA,NA,p.Ile10Ser,-0.410501612081743,0.117729113753894,0.1345977,0.01582405
urn:mavedb:00001054-a-1#913,NA,NA,p.Ile10Thr,-0.12881417055273,0.121053552010206,0.1724595,0.01627089
urn:mavedb:00001054-a-1#914,NA,NA,p.Ile10Val,0.0096978902226799,0.0690571845787431,0.191077,0.009282023
urn:mavedb:00001054-a-1#915,NA,NA,p.Ile10Trp,-0.365119056984446,0.112572157399578,0.1406976,0.0151309
urn:mavedb:00001054-a-1#916,NA,NA,p.Ile10Tyr,-0.305521113434157,0.146251773240813,0.1487082,0.0196578
urn:mavedb:00001054-a-1#917,NA,NA,p.Val9Trp,-0.396001276029573,0.0904344817009256,0.1365467,0.01215536
urn:mavedb:00001054-a-1#918,NA,NA,p.Val9Tyr,-0.290442698310026,0.237189563168486,0.1507349,0.03188081
urn:mavedb:00001054-a-1#919,NA,NA,p.Arg8Ser,-0.0112081868971751,0.0714528052600107,0.188267,0.00960402
urn:mavedb:00001054-a-1#920,NA,NA,p.Arg8Thr,-0.302179117049019,0.115714020875633,0.1491574,0.0155532
urn:mavedb:00001054-a-1#921,NA,NA,p.Arg8Val,-0.364735158913491,0.0853363748377194,0.1407492,0.01147012
urn:mavedb:00001054-a-1#922,NA,NA,p.Arg8Trp,-0.626709880892052,0.104609843572101,0.105537,0.01406068
urn:mavedb:00001054-a-1#923,NA,NA,p.Arg8Tyr,-0.579475538394353,0.267080938316523,0.1118858,0.03589853
urn:mavedb:00001054-a-1#924,NA,NA,p.Leu7Met,-0.768407774864435,0.0448806232492927,0.08649129,0.006032435
urn:mavedb:00001054-a-1#925,NA,NA,p.Leu7Asn,-0.171960296190158,0.176011760018054,0.1666602,0.02365786
urn:mavedb:00001054-a-1#926,NA,NA,p.Leu7Pro,-0.717595145230947,0.0706712155711319,0.09332105,0.009498966
urn:mavedb:00001054-a-1#927,NA,NA,p.Leu7Gln,-0.181231137008326,0.309405923835902,0.1654141,0.04158746
urn:mavedb:00001054-a-1#928,NA,NA,p.Leu7Arg,-0.663466633209007,0.0496683678658328,0.1005965,0.006675959
urn:mavedb:00001054-a-1#929,NA,NA,p.Leu7Ser,-0.745305294866528,0.0772438630210615,0.08959651,0.0103824
urn:mavedb:00001054-a-1#930,NA,NA,p.Leu7Thr,-0.535612951822176,0.0627004723538408,0.1177814,0.008427613
urn:mavedb:00001054-a-1#931,NA,NA,p.Leu7Val,-0.748366733184695,0.0612560037826756,0.08918502,0.008233461
urn:mavedb:00001054-a-1#932,NA,NA,p.Leu7Trp,-0.218667894823059,0.0549846195999398,0.1603822,0.00739052
urn:mavedb:00001054-a-1#933,NA,NA,p.Leu7Tyr,-0.634007664182752,0.23322105405941,0.1045561,0.0313474
urn:mavedb:00001054-a-1#934,NA,NA,p.Asp6Glu,-0.0033405084081192,0.037610017858849,0.1893245,0.005055188
urn:mavedb:00001054-a-1#935,NA,NA,p.Asp6Phe,-0.466465171762618,0.0325015769952444,0.1270756,0.004368559
urn:mavedb:00001054-a-1#936,NA,NA,p.Asp6Gly,-0.28184367911603,0.030231400216581,0.1518907,0.004063423
urn:mavedb:00001054-a-1#937,NA,NA,p.Asp6His,-0.145222837132032,0.0336654651797828,0.170254,0.004524998
urn:mavedb:00001054-a-1#938,NA,NA,p.Asp6Ile,-0.693235919842619,0.0354402497694417,0.09659519,0.004763548
urn:mavedb:00001054-a-1#939,NA,NA,p.Asp6Lys,-0.157367705562798,0.0339508145327561,0.1686216,0.004563352
urn:mavedb:00001054-a-1#940,NA,NA,p.Asp6Leu,-0.356646515837083,0.0303537788865257,0.1418364,0.004079872
urn:mavedb:00001054-a-1#941,NA,NA,p.Asp6Met,-0.228599397437754,0.035623032866481,0.1590473,0.004788116
urn:mavedb:00001054-a-1#942,NA,NA,p.Asp6Asn,-0.097545077482609,0.0343341322926739,0.1766624,0.004614874
urn:mavedb:00001054-a-1#943,NA,NA,p.Asp6Pro,-0.598273896066502,0.0326640492059716,0.1093591,0.004390397
urn:mavedb:00001054-a-1#944,NA,NA,p.Asp6Gln,-0.076207487027184,0.0370663036161457,0.1795304,0.004982107
urn:mavedb:00001054-a-1#945,NA,NA,p.Asp6Arg,-0.334861044298876,0.0328711384076197,0.1447646,0.004418232
urn:mavedb:00001054-a-1#946,NA,NA,p.Asp6Ser,-0.149461339671243,0.0317388548549692,0.1696843,0.004266041
urn:mavedb:00001054-a-1#947,NA,NA,p.Asp6Thr,-0.156640828788915,0.0334949802128072,0.1687193,0.004502083
urn:mavedb:00001054-a-1#948,NA,NA,p.Asp6Val,-0.547159653491221,0.0327432988620145,0.1162294,0.004401049
urn:mavedb:00001054-a-1#949,NA,NA,p.Asp6Trp,-0.483631218644697,0.0392241530096292,0.1247683,0.005272145
urn:mavedb:00001054-a-1#950,NA,NA,p.Asp6Tyr,-0.433321227648298,0.0337620646478697,0.1315305,0.004537982
urn:mavedb:00001054-a-1#951,NA,NA,p.Thr5Val,-0.049242367485119,0.0311486562101859,0.1831548,0.004186712
urn:mavedb:00001054-a-1#952,NA,NA,p.Thr5Trp,-0.174933274274533,0.0468281917304219,0.1662606,0.006294209
urn:mavedb:00001054-a-1#953,NA,NA,p.Thr5Tyr,-0.0834033438920679,0.0328130105853644,0.1785632,0.004410419
urn:mavedb:00001054-a-1#954,NA,NA,p.Ile4Lys,-0.576358226539115,0.071834069611642,0.1123048,0.009655266
urn:mavedb:00001054-a-1#955,NA,NA,p.Ile4Leu,-0.114641933433295,0.0605510300305159,0.1743644,0.008138705
urn:mavedb:00001054-a-1#956,NA,NA,p.Ile4Met,-0.140577372878068,0.0579535206272823,0.1708784,0.007789572
urn:mavedb:00001054-a-1#957,NA,NA,p.Ile4Asn,-0.659449095257149,0.109942455613534,0.1011365,0.01477744
urn:mavedb:00001054-a-1#958,NA,NA,p.Ile4Pro,-0.735868395813017,0.0886172153673684,0.09086493,0.0119111
urn:mavedb:00001054-a-1#959,NA,NA,p.Ile4Gln,-0.606015096508925,0.0925705471108478,0.1083186,0.01244247
urn:mavedb:00001054-a-1#960,NA,NA,p.Ile4Arg,-0.742680354606946,0.0484625038495825,0.08994933,0.006513878
urn:mavedb:00001054-a-1#961,NA,NA,p.Ile4Ser,-0.521018129229286,0.0647707394199738,0.1197431,0.008705879
urn:mavedb:00001054-a-1#962,NA,NA,p.Ile4Thr,-0.54235869563875,0.103719438123807,0.1168747,0.013941
urn:mavedb:00001054-a-1#963,NA,NA,p.Ile4Val,-0.132050520569504,0.0365296423845135,0.1720245,0.004909974
urn:mavedb:00001054-a-1#964,NA,NA,p.Ile4Trp,-0.940116230944092,0.0847733987325025,0.06341184,0.01139445
urn:mavedb:00001054-a-1#965,NA,NA,p.Ile4Tyr,-0.531465215881137,0.0846171611454858,0.1183389,0.01137345
urn:mavedb:00001054-a-1#966,NA,NA,p.Lys3Leu,-0.323813558919776,0.0412763337150937,0.1462495,0.00554798
urn:mavedb:00001054-a-1#967,NA,NA,p.Lys3Met,-0.285758546653563,0.0645706660299712,0.1513645,0.008678987
urn:mavedb:00001054-a-1#968,NA,NA,p.Lys3Asn,-0.491455001811686,0.0944691313885047,0.1237167,0.01269766
urn:mavedb:00001054-a-1#969,NA,NA,p.Lys3Pro,-0.312356879860393,0.057199540351995,0.1477894,0.007688229
urn:mavedb:00001054-a-1#970,NA,NA,p.Lys3Gln,-0.335557417543865,0.0515570347766567,0.144671,0.006929816
urn:mavedb:00001054-a-1#971,NA,NA,p.Lys3Arg,-0.192321773720984,0.0426559264882214,0.1639234,0.005733412
urn:mavedb:00001054-a-1#972,NA,NA,p.Lys3Ser,-0.198083964727862,0.0556191748396656,0.1631489,0.007475811
urn:mavedb:00001054-a-1#973,NA,NA,p.Lys3Thr,-0.355247817439028,0.0642357596023733,0.1420244,0.008633972
urn:mavedb:00001054-a-1#974,NA,NA,p.Lys3Val,-0.375193405392985,0.0402249440330924,0.1393435,0.005406662
urn:mavedb:00001054-a-1#975,NA,NA,p.Lys3Trp,-0.981572089086553,0.124836584783837,0.05783973,0.01677937
urn:mavedb:00001054-a-1#976,NA,NA,p.Lys3Tyr,-0.666702239237273,0.0759602596454427,0.1001616,0.01020987
urn:mavedb:00001054-a-1#977,NA,NA,p.Lys2Leu,-0.209802527742625,0.0777534951501398,0.1615738,0.0104509
urn:mavedb:00001054-a-1#978,NA,NA,p.Lys2Met,-0.0354778360689469,0.0745869312555659,0.1850049,0.01002528
urn:mavedb:00001054-a-1#979,NA,NA,p.Lys2Asn,-0.33292221024285,0.167951537302713,0.1450252,0.02257448
urn:mavedb:00001054-a-1#980,NA,NA,p.Lys2Pro,-0.507784061620462,0.0998469779313218,0.1215219,0.0134205
urn:mavedb:00001054-a-1#981,NA,NA,p.Lys2Gln,-0.192896132850398,0.0912583745764604,0.1638462,0.0122661
urn:mavedb:00001054-a-1#982,NA,NA,p.Lys2Arg,-0.454104546664068,0.0728446738435469,0.128737,0.009791102
urn:mavedb:00001054-a-1#983,NA,NA,p.Lys2Ser,-0.243717987941405,0.0361239008109162,0.1570152,0.004855438
urn:mavedb:00001054-a-1#984,NA,NA,p.Lys2Thr,-0.212125259869607,0.0531581501285188,0.1612616,0.007145023
urn:mavedb:00001054-a-1#985,NA,NA,p.Lys2Val,-0.252203920881941,0.0721191288090965,0.1558746,0.009693581
urn:mavedb:00001054-a-1#986,NA,NA,p.Lys2Trp,-0.284368776117624,0.0949086797999784,0.1515513,0.01275674
urn:mavedb:00001054-a-1#987,NA,NA,p.Lys2Tyr,-0.453736272351814,0.303426934577326,0.1287865,0.04078382
urn:mavedb:00001054-a-1#988,NA,NA,p.Gly1His,NA,NA,NA,NA
urn:mavedb:00001054-a-1#989,NA,NA,p.Gly1Ile,0.502791898721022,0.228170785657372,0.2573541,0.03066859
urn:mavedb:00001054-a-1#990,NA,NA,p.Gly1Lys,0.450084776746681,0.155672602142517,0.2502697,0.02092406
urn:mavedb:00001054-a-1#991,NA,NA,p.Gly1Leu,-0.54853008032591,0.815072891753436,0.1160452,0.1095545
urn:mavedb:00001054-a-1#992,NA,NA,p.Gly1Met,NA,NA,NA,NA
urn:mavedb:00001054-a-1#993,NA,NA,p.Gly1Asn,NA,NA,NA,NA
urn:mavedb:00001054-a-1#994,NA,NA,p.Gly1Pro,NA,NA,NA,NA
urn:mavedb:00001054-a-1#995,NA,NA,p.Gly1Gln,NA,NA,NA,NA
urn:mavedb:00001054-a-1#996,NA,NA,p.Gly1Arg,-0.757499192140077,0.199219514390069,0.08795752,0.02677723
urn:mavedb:00001054-a-1#997,NA,NA,p.Gly1Ser,-0.0032080784534099,0.0643364361274928,0.1893423,0.008647504
urn:mavedb:00001054-a-1#998,NA,NA,p.Gly1Thr,-0.405702886194801,0.334665449719702,0.1352427,0.04498261
urn:mavedb:00001054-a-1#999,NA,NA,p.Gly1Val,0.0534615263230797,0.0720557261083081,0.1969593,0.009685059
urn:mavedb:00001054-a-1#1000,NA,NA,p.Gly1Trp,-0.719770716430729,0.347547238769229,0.09302863,0.04671406
urn:mavedb:00001054-a-1#1001,NA,NA,p.Gly1Tyr,0.211570244441442,0.235780895324403,0.2182108,0.03169147
