accession,hgvs_nt,hgvs_splice,hgvs_pro,score,sigma,raw_score,raw_sigma
urn:mavedb:00000725-a-1#1,NA,NA,p.Tyr1Ter,-1.20302342864183,0.392782855082493,0.001320818,0.03301626
urn:mavedb:00000725-a-1#2,NA,NA,p.Tyr1Ala,0.533803828351152,0.258419246569994,0.1473138,0.02172202
urn:mavedb:00000725-a-1#3,NA,NA,p.Tyr1Cys,0.18950291089586,0.219748356370877,0.1183728,0.01847145
urn:mavedb:00000725-a-1#4,NA,NA,p.Tyr1Asp,-0.863326966405434,0.282447741233229,0.02987478,0.02374179
urn:mavedb:00000725-a-1#5,NA,NA,p.Tyr1Glu,0.529908865482734,0.407575505294699,0.1469864,0.03425969
urn:mavedb:00000725-a-1#6,NA,NA,p.Tyr1Phe,0.0689601153422944,0.473888378311153,0.1082403,0.03983377
urn:mavedb:00000725-a-1#7,NA,NA,p.Tyr1Gly,0.257153205188024,0.16980681888318,0.1240593,0.0142735
urn:mavedb:00000725-a-1#8,NA,NA,p.Tyr1His,NA,NA,NA,NA
urn:mavedb:00000725-a-1#9,NA,NA,p.Tyr1Ile,0.891561045441345,0.816025057388245,0.1773859,0.06859285
urn:mavedb:00000725-a-1#10,NA,NA,p.Tyr1Lys,0.593478609182757,0.376919625430677,0.1523299,0.03168284
urn:mavedb:00000725-a-1#11,NA,NA,p.Tyr1Leu,-0.315954296120251,0.311980101569782,0.07588544,0.0262242
urn:mavedb:00000725-a-1#12,NA,NA,p.Tyr1Met,0.639831522512671,0.432006582558628,0.1562262,0.0363133
urn:mavedb:00000725-a-1#13,NA,NA,p.Tyr1Asn,-0.0281153504793231,0.247783523436232,0.1000804,0.02082801
urn:mavedb:00000725-a-1#14,NA,NA,p.Tyr1Pro,NA,NA,NA,NA
urn:mavedb:00000725-a-1#15,NA,NA,p.Tyr1Gln,NA,NA,NA,NA
urn:mavedb:00000725-a-1#16,NA,NA,p.Tyr1Arg,0.0480767377637373,0.446812200118196,0.1064849,0.03755782
urn:mavedb:00000725-a-1#17,NA,NA,p.Tyr1Ser,0.107656345403689,0.354588425674091,0.111493,0.02980574
urn:mavedb:00000725-a-1#18,NA,NA,p.Tyr1Thr,NA,NA,NA,NA
urn:mavedb:00000725-a-1#19,NA,NA,p.Tyr1Val,0.348036465227689,0.264183291955995,0.1316987,0.02220653
urn:mavedb:00000725-a-1#20,NA,NA,p.Tyr1Trp,0.440719688254501,0.167607247457579,0.1394894,0.01408861
urn:mavedb:00000725-a-1#21,NA,NA,p.Glu2Ter,-1.04141754092364,0.336806504478541,0.01490497,0.02831104
urn:mavedb:00000725-a-1#22,NA,NA,p.Glu2Ala,-0.1425199510372,0.119643170959461,0.09046386,0.01005688
urn:mavedb:00000725-a-1#23,NA,NA,p.Glu2Cys,0.484297113382821,0.236071867370828,0.1431524,0.01984356
urn:mavedb:00000725-a-1#24,NA,NA,p.Glu2Asp,0.0332868237807921,0.147048767362029,0.1052417,0.01236052
urn:mavedb:00000725-a-1#25,NA,NA,p.Thr3Ter,-1.11287045629502,0.213841670163885,0.008898832,0.01797495
urn:mavedb:00000725-a-1#26,NA,NA,p.Thr3Ala,-0.396277852612987,0.135037791608875,0.06913366,0.01135091
urn:mavedb:00000725-a-1#27,NA,NA,p.Thr3Cys,0.123794149713426,0.187703661707652,0.1128495,0.01577786
urn:mavedb:00000725-a-1#28,NA,NA,p.Thr3Asp,-0.0224644422248998,0.426297737623785,0.1005554,0.03583343
urn:mavedb:00000725-a-1#29,NA,NA,p.Thr3Glu,0.0742981417291569,0.149525887607789,0.108689,0.01256874
urn:mavedb:00000725-a-1#30,NA,NA,p.Thr3Phe,0.0592310358255211,0.157711495888923,0.1074225,0.0132568
urn:mavedb:00000725-a-1#31,NA,NA,p.Thr3Gly,0.129924492920804,0.100136711531151,0.1133648,0.00841722
urn:mavedb:00000725-a-1#32,NA,NA,p.Thr3His,-0.460950891537252,0.294754586645935,0.06369742,0.02477627
urn:mavedb:00000725-a-1#33,NA,NA,p.Thr3Ile,0.111471600724097,0.173652410658427,0.1118137,0.01459675
urn:mavedb:00000725-a-1#34,NA,NA,p.Thr3Lys,0.204630689709175,0.157797032794921,0.1196444,0.01326399
urn:mavedb:00000725-a-1#35,NA,NA,p.Thr3Leu,0.141434500786392,0.105055440525535,0.1143323,0.008830675
urn:mavedb:00000725-a-1#36,NA,NA,p.Thr3Met,0.189632584369488,0.17771309384681,0.1183837,0.01493808
urn:mavedb:00000725-a-1#37,NA,NA,p.Thr3Asn,-0.106004019830096,0.205055400076928,0.09353329,0.0172364
urn:mavedb:00000725-a-1#38,NA,NA,p.Thr3Pro,-0.225170254132884,0.156264268543342,0.0835165,0.01313515
urn:mavedb:00000725-a-1#39,NA,NA,p.Thr3Gln,-0.289696131509555,0.258584253091023,0.07809263,0.02173589
urn:mavedb:00000725-a-1#40,NA,NA,p.Thr3Arg,0.0240455068712427,0.101134281236115,0.1044649,0.008501073
urn:mavedb:00000725-a-1#41,NA,NA,p.Thr3Ser,0.184873924786816,0.107595969910234,0.1179837,0.009044225
urn:mavedb:00000725-a-1#42,NA,NA,p.Asp4Ter,-1.29845731156386,0.249790726048203,-0.006701095,0.02099673
urn:mavedb:00000725-a-1#43,NA,NA,p.Asp4Ala,-0.0662424448546304,0.0930386592076898,0.09687554,0.007820577
urn:mavedb:00000725-a-1#44,NA,NA,p.Asp4Cys,0.0710693912023139,0.104329328556464,0.1084176,0.00876964
urn:mavedb:00000725-a-1#45,NA,NA,p.His5Ter,-1.31327158988387,0.238693769834391,-0.007946343,0.02006395
urn:mavedb:00000725-a-1#46,NA,NA,p.His5Ala,0.283392454126879,0.0980268765286302,0.1262649,0.008239873
urn:mavedb:00000725-a-1#47,NA,NA,p.His5Cys,-0.0831973110147123,0.266566666607977,0.09545036,0.02240687
urn:mavedb:00000725-a-1#48,NA,NA,p.His5Asp,-0.801376118695436,0.177602455011513,0.0350822,0.01492878
urn:mavedb:00000725-a-1#49,NA,NA,p.His5Glu,-0.173607322358881,0.11249347528288,0.08785074,0.009455896
urn:mavedb:00000725-a-1#50,NA,NA,p.His5Phe,-0.0586327533494896,0.189523135199086,0.09751519,0.0159308
urn:mavedb:00000725-a-1#51,NA,NA,p.His5Gly,0.157755513490062,0.0805108930238574,0.1157042,0.006767527
urn:mavedb:00000725-a-1#52,NA,NA,p.Gln6Ter,-1.16146782710705,0.205819045973458,0.004813869,0.01730059
urn:mavedb:00000725-a-1#53,NA,NA,p.Gln6Ala,-0.268996795090358,0.260104763794176,0.07983256,0.0218637
urn:mavedb:00000725-a-1#54,NA,NA,p.Gln6Cys,-0.212138426932757,0.118754871975164,0.08461192,0.009982212
urn:mavedb:00000725-a-1#55,NA,NA,p.Gln6Asp,0.0802869148139499,0.566917674856114,0.1091924,0.04765356
urn:mavedb:00000725-a-1#56,NA,NA,p.Gln6Glu,-0.306124095087345,0.365071157902271,0.07671174,0.03068689
urn:mavedb:00000725-a-1#57,NA,NA,p.Gln6Phe,-0.606114277972626,0.14641408114019,0.05149538,0.01230717
urn:mavedb:00000725-a-1#58,NA,NA,p.Gln6Gly,-0.384002771252995,0.131958344026438,0.07016547,0.01109206
urn:mavedb:00000725-a-1#59,NA,NA,p.Gln6His,-0.35875213384244,0.30950345718998,0.07228797,0.02601602
urn:mavedb:00000725-a-1#60,NA,NA,p.Gln6Ile,NA,NA,NA,NA
urn:mavedb:00000725-a-1#61,NA,NA,p.Gln6Lys,NA,NA,NA,NA
urn:mavedb:00000725-a-1#62,NA,NA,p.Gln6Leu,-0.238901247392195,0.096318208425578,0.08236231,0.008096247
urn:mavedb:00000725-a-1#63,NA,NA,p.Gln6Met,NA,NA,NA,NA
urn:mavedb:00000725-a-1#64,NA,NA,p.Gln6Asn,NA,NA,NA,NA
urn:mavedb:00000725-a-1#65,NA,NA,p.Gln6Pro,-0.160786660677735,0.203959956640997,0.08892841,0.01714432
urn:mavedb:00000725-a-1#66,NA,NA,p.Asp7Ter,-0.601425689652309,0.200224527835089,0.05188949,0.01683033
urn:mavedb:00000725-a-1#67,NA,NA,p.Asp7Ala,-0.0947026791872076,0.103452141042292,0.09448325,0.008695906
urn:mavedb:00000725-a-1#68,NA,NA,p.Asp7Cys,-1.06298461891774,0.325104127799323,0.0130921,0.02732737
urn:mavedb:00000725-a-1#69,NA,NA,p.Tyr8Ter,-1.25404369477367,0.265882728259457,-0.002967807,0.02234938
urn:mavedb:00000725-a-1#70,NA,NA,p.Tyr8Ala,-0.0521493176010778,0.0898374732164794,0.09806017,0.007551494
urn:mavedb:00000725-a-1#71,NA,NA,p.Tyr8Cys,-0.221771738425429,0.181267336689108,0.08380217,0.01523684
urn:mavedb:00000725-a-1#72,NA,NA,p.Tyr8Asp,-0.269013926264855,0.132197942536426,0.07983112,0.0111122
urn:mavedb:00000725-a-1#73,NA,NA,p.Tyr8Glu,-0.108618784304285,0.110004101488694,0.0933135,0.009246646
urn:mavedb:00000725-a-1#74,NA,NA,p.Tyr8Phe,0.470847951737294,0.289135204511247,0.1420219,0.02430392
urn:mavedb:00000725-a-1#75,NA,NA,p.Tyr8Gly,-0.290534845261001,0.080258077336879,0.07802213,0.006746276
urn:mavedb:00000725-a-1#76,NA,NA,p.Tyr8His,0.481457383276862,0.153664731779818,0.1429137,0.01291664
urn:mavedb:00000725-a-1#77,NA,NA,p.Tyr8Ile,-0.099089449523494,0.174981385313377,0.09411451,0.01470846
urn:mavedb:00000725-a-1#78,NA,NA,p.Tyr8Lys,0.0106593974651859,0.145956892920785,0.1033397,0.01226874
urn:mavedb:00000725-a-1#79,NA,NA,p.Tyr8Leu,0.0307659238668716,0.101627088022497,0.1050298,0.008542497
urn:mavedb:00000725-a-1#80,NA,NA,p.Tyr8Met,0.0105487586298887,0.123046564292989,0.1033304,0.01034296
urn:mavedb:00000725-a-1#81,NA,NA,p.Tyr8Asn,-0.129672164996433,0.285131863170835,0.09154381,0.02396741
urn:mavedb:00000725-a-1#82,NA,NA,p.Tyr8Pro,0.0327764575405505,0.114165525500443,0.1051988,0.009596444
urn:mavedb:00000725-a-1#83,NA,NA,p.Tyr8Gln,0.427018317651091,0.118790478645491,0.1383377,0.009985205
urn:mavedb:00000725-a-1#84,NA,NA,p.Tyr8Arg,0.15457315989415,0.0976811242200022,0.1154367,0.00821081
urn:mavedb:00000725-a-1#85,NA,NA,p.Tyr8Ser,0.10499506503208,0.105858999679314,0.1112693,0.00889822
urn:mavedb:00000725-a-1#86,NA,NA,p.Tyr8Thr,0.2207994253062,0.108443998737813,0.1210035,0.009115508
urn:mavedb:00000725-a-1#87,NA,NA,p.Tyr8Val,-0.124270729470631,0.0876463127216911,0.09199784,0.007367311
urn:mavedb:00000725-a-1#88,NA,NA,p.Tyr8Trp,-0.107099344299537,0.138297592389495,0.09344122,0.01162492
urn:mavedb:00000725-a-1#89,NA,NA,p.Cys9Ter,-1.24957327909857,0.200222505404767,-0.002592036,0.01683016
urn:mavedb:00000725-a-1#90,NA,NA,p.Cys9Ala,-0.929254269029201,0.107645876352607,0.02433311,0.00904842
urn:mavedb:00000725-a-1#91,NA,NA,p.Glu10Ter,-1.01905314951647,0.259588687162436,0.01678486,0.02182032
urn:mavedb:00000725-a-1#92,NA,NA,p.Glu10Ala,-0.154995490932112,0.103104187853607,0.0894152,0.008666658
urn:mavedb:00000725-a-1#93,NA,NA,p.Glu10Cys,-0.259743581531851,0.166212960199856,0.08061036,0.01397141
urn:mavedb:00000725-a-1#94,NA,NA,p.Glu10Asp,-0.103799332845444,0.25286458220563,0.09371861,0.02125511
urn:mavedb:00000725-a-1#95,NA,NA,p.Val11Ter,-1.04679672971589,0.193922515983267,0.01445281,0.0163006
urn:mavedb:00000725-a-1#96,NA,NA,p.Val11Ala,-0.0978944311357954,0.114588070678087,0.09421496,0.009631962
urn:mavedb:00000725-a-1#97,NA,NA,p.Val11Cys,0.0630379634916589,0.121471566937614,0.1077425,0.01021057
urn:mavedb:00000725-a-1#98,NA,NA,p.Val11Asp,0.285587385859386,0.140011304671705,0.1264494,0.01176897
urn:mavedb:00000725-a-1#99,NA,NA,p.Val11Glu,0.250267424771897,0.113757208714952,0.1234805,0.009562122
urn:mavedb:00000725-a-1#100,NA,NA,p.Val11Phe,0.26163348318511,0.139899357205022,0.1244359,0.01175956
urn:mavedb:00000725-a-1#101,NA,NA,p.Val11Gly,0.128984657653226,0.0841376935281421,0.1132858,0.007072386
urn:mavedb:00000725-a-1#102,NA,NA,p.Val11His,0.15524888955489,0.204020986450145,0.1154935,0.01714945
urn:mavedb:00000725-a-1#103,NA,NA,p.Val11Ile,-0.0635183501765296,0.10257130125689,0.09710452,0.008621865
urn:mavedb:00000725-a-1#104,NA,NA,p.Val11Lys,0.127401213677092,0.128396130429339,0.1131527,0.01079263
urn:mavedb:00000725-a-1#105,NA,NA,p.Val11Leu,0.134187062241982,0.0939589839709787,0.1137231,0.007897937
urn:mavedb:00000725-a-1#106,NA,NA,p.Val11Met,0.22299911569829,0.146177694725421,0.1211884,0.0122873
urn:mavedb:00000725-a-1#107,NA,NA,p.Val11Asn,0.222809958979879,0.160805219450107,0.1211725,0.01351685
urn:mavedb:00000725-a-1#108,NA,NA,p.Val11Pro,-0.256961312240353,0.147417087613728,0.08084423,0.01239148
urn:mavedb:00000725-a-1#109,NA,NA,p.Val11Gln,-0.267764778124404,0.175588471309637,0.07993612,0.01475949
urn:mavedb:00000725-a-1#110,NA,NA,p.Val11Arg,0.201792149268111,0.101777521148554,0.1194058,0.008555142
urn:mavedb:00000725-a-1#111,NA,NA,p.Val11Ser,-0.0853657132200464,0.103774790058646,0.09526809,0.008723027
urn:mavedb:00000725-a-1#112,NA,NA,p.Val11Thr,0.19520140574611,0.133849554311081,0.1188518,0.01125103
urn:mavedb:00000725-a-1#113,NA,NA,p.Cys12Ter,-1.3516589472484,0.24534542419905,-0.01117308,0.02062307
urn:mavedb:00000725-a-1#114,NA,NA,p.Cys12Ala,-0.952013629181738,0.13082090541969,0.02242002,0.01099645
urn:mavedb:00000725-a-1#115,NA,NA,p.Gln13Ter,-0.577846650386658,0.286049213771884,0.05387148,0.02404452
urn:mavedb:00000725-a-1#116,NA,NA,p.Gln13Ala,0.206033304621168,0.117976831133397,0.1197623,0.009916812
urn:mavedb:00000725-a-1#117,NA,NA,p.Gln13Cys,-0.0452976805674568,0.143323688640713,0.0986361,0.0120474
urn:mavedb:00000725-a-1#118,NA,NA,p.Gln13Asp,0.120365535484111,0.327622410450473,0.1125613,0.02753905
urn:mavedb:00000725-a-1#119,NA,NA,p.Gln13Glu,-0.0359541714433695,0.128117510910774,0.09942149,0.01076921
urn:mavedb:00000725-a-1#120,NA,NA,p.Gln13Phe,-0.0629888303314678,0.227672595274432,0.09714903,0.01913754
urn:mavedb:00000725-a-1#121,NA,NA,p.Gln13Gly,0.0369307673562235,0.0898997045871718,0.105548,0.007556725
urn:mavedb:00000725-a-1#122,NA,NA,p.Gln13His,-0.135365068421673,0.18034962918859,0.09106528,0.0151597
urn:mavedb:00000725-a-1#123,NA,NA,p.Gln13Ile,-0.207776996458748,0.239753047457493,0.08497853,0.02015299
urn:mavedb:00000725-a-1#124,NA,NA,p.Gln13Lys,-0.473777025676918,0.179883518482467,0.06261929,0.01512052
urn:mavedb:00000725-a-1#125,NA,NA,p.Gln13Leu,-0.0909357242615643,0.107178385635206,0.09479989,0.009009124
urn:mavedb:00000725-a-1#126,NA,NA,p.Gln13Met,0.156473054732532,0.146398972396015,0.1155964,0.0123059
urn:mavedb:00000725-a-1#127,NA,NA,p.Gln13Asn,0.255203344424024,0.156316018966304,0.1238954,0.0131395
urn:mavedb:00000725-a-1#128,NA,NA,p.Gln13Pro,-0.702109766001957,0.167952131310833,0.04342626,0.0141176
urn:mavedb:00000725-a-1#129,NA,NA,p.Gln14Ter,NA,NA,NA,NA
urn:mavedb:00000725-a-1#130,NA,NA,p.Gln14Ala,-0.306615188756277,0.16617893578384,0.07667046,0.01396855
urn:mavedb:00000725-a-1#131,NA,NA,p.Gln14Cys,-0.337112605256196,0.116753808034055,0.07410693,0.009814008
urn:mavedb:00000725-a-1#132,NA,NA,p.Gln14Asp,0.0535706102519326,0.213413152868465,0.1069467,0.01793893
urn:mavedb:00000725-a-1#133,NA,NA,p.Gln14Glu,0.223423826066043,0.279208997521262,0.1212241,0.02346955
urn:mavedb:00000725-a-1#134,NA,NA,p.Gln14Phe,0.059779471342424,0.13761769890162,0.1074686,0.01156777
urn:mavedb:00000725-a-1#135,NA,NA,p.Gln14Gly,-0.013496748241354,0.109003890727661,0.1013092,0.009162571
urn:mavedb:00000725-a-1#136,NA,NA,p.Gln14His,-0.229712632637524,0.262817675622258,0.08313468,0.02209174
urn:mavedb:00000725-a-1#137,NA,NA,p.Gln14Ile,-0.0836330852659955,0.146312840657569,0.09541373,0.01229866
urn:mavedb:00000725-a-1#138,NA,NA,p.Gln14Lys,0.0024852099670505,0.156438554450558,0.1026526,0.0131498
urn:mavedb:00000725-a-1#139,NA,NA,p.Gln14Leu,-0.347181809966641,0.11006538112747,0.07326054,0.009251797
urn:mavedb:00000725-a-1#140,NA,NA,p.Gln14Met,0.0290611340713792,0.121832749199938,0.1048865,0.01024093
urn:mavedb:00000725-a-1#141,NA,NA,p.Gln14Asn,-0.36176757745349,0.164171614205379,0.0720345,0.01379982
urn:mavedb:00000725-a-1#142,NA,NA,p.Gln14Pro,-0.825973749044759,0.185503495449603,0.03301459,0.01559292
urn:mavedb:00000725-a-1#143,NA,NA,p.Gly15Ter,-1.23461684772018,0.237193126534995,-0.001334839,0.01993781
urn:mavedb:00000725-a-1#144,NA,NA,p.Gly15Ala,-0.0284234736873011,0.11560447277835,0.1000545,0.009717398
urn:mavedb:00000725-a-1#145,NA,NA,p.Gly15Cys,-0.524279371196433,0.167595826674581,0.0583742,0.01408765
urn:mavedb:00000725-a-1#146,NA,NA,p.Gly15Asp,0.176226250660205,0.142801187818536,0.1172568,0.01200348
urn:mavedb:00000725-a-1#147,NA,NA,p.Gly15Glu,-0.161981916998413,0.123871834831113,0.08882794,0.01041233
urn:mavedb:00000725-a-1#148,NA,NA,p.Gly15Phe,-0.178435696304439,0.213662506630597,0.08744488,0.01795989
urn:mavedb:00000725-a-1#149,NA,NA,p.Gly16Ter,-1.31671558648029,0.289815216965611,-0.008235836,0.02436108
urn:mavedb:00000725-a-1#150,NA,NA,p.Gly16Ala,-0.114379260695599,0.104814925973578,0.09282929,0.008810458
urn:mavedb:00000725-a-1#151,NA,NA,p.Gly16Cys,-0.320111104232204,0.196959611495418,0.07553603,0.01655589
urn:mavedb:00000725-a-1#152,NA,NA,p.Gly16Asp,0.28972504036652,0.168896844204483,0.1267972,0.01419701
urn:mavedb:00000725-a-1#153,NA,NA,p.Gly16Glu,0.120246568994544,0.116134872975434,0.1125513,0.009761982
urn:mavedb:00000725-a-1#154,NA,NA,p.Gly16Phe,-0.469492804454638,0.261142984348626,0.06297941,0.02195097
urn:mavedb:00000725-a-1#155,NA,NA,p.Glu17Ter,-1.19352629808976,0.20475560452322,0.002119121,0.0172112
urn:mavedb:00000725-a-1#156,NA,NA,p.Glu17Ala,-0.14920420222,0.121759584808855,0.089902,0.01023478
urn:mavedb:00000725-a-1#157,NA,NA,p.Glu17Cys,-0.308410274117351,0.136612907930739,0.07651957,0.01148331
urn:mavedb:00000725-a-1#158,NA,NA,p.Glu17Asp,-0.108693495259733,0.121473946267405,0.09330722,0.01021077
urn:mavedb:00000725-a-1#159,NA,NA,p.Ile18Ter,-1.15168175074512,0.1897555957197,0.00563646,0.01595034
urn:mavedb:00000725-a-1#160,NA,NA,p.Ile18Ala,-0.123193606874093,0.11581507915483,0.09208838,0.009735101
urn:mavedb:00000725-a-1#161,NA,NA,p.Ile18Cys,-0.215980092813848,0.114906770006987,0.084289,0.009658751
urn:mavedb:00000725-a-1#162,NA,NA,p.Ile18Asp,-0.0579146716184644,0.140404488919723,0.09757555,0.01180202
urn:mavedb:00000725-a-1#163,NA,NA,p.Ile18Glu,0.0460816697337021,0.154982761517729,0.1063172,0.01302743
urn:mavedb:00000725-a-1#164,NA,NA,p.Ile18Phe,0.15797322216597,0.161002703822788,0.1157225,0.01353345
urn:mavedb:00000725-a-1#165,NA,NA,p.Ile18Gly,-0.0417531929773034,0.0871696615845927,0.09893404,0.007327245
urn:mavedb:00000725-a-1#166,NA,NA,p.Ile18His,-0.407614288370298,0.298643125323916,0.06818075,0.02510313
urn:mavedb:00000725-a-1#167,NA,NA,p.Ile19Ter,-1.19083619213773,0.283295377471392,0.002345244,0.02381304
urn:mavedb:00000725-a-1#168,NA,NA,p.Ile19Ala,0.0852692313970079,0.097232442104601,0.1096112,0.008173095
urn:mavedb:00000725-a-1#169,NA,NA,p.Ile19Cys,-0.249806667557805,0.192394272458292,0.08144563,0.01617214
urn:mavedb:00000725-a-1#170,NA,NA,p.Ile19Asp,-0.154258493529246,0.15543566694351,0.08947715,0.0130655
urn:mavedb:00000725-a-1#171,NA,NA,p.Ile19Glu,-0.0704705138938345,0.127536002709771,0.09652014,0.01072033
urn:mavedb:00000725-a-1#172,NA,NA,p.Ile19Phe,-0.404208991572937,0.295725234234311,0.06846699,0.02485786
urn:mavedb:00000725-a-1#173,NA,NA,p.Ile19Gly,-0.13722510948605,0.0787269072362605,0.09090893,0.00661757
urn:mavedb:00000725-a-1#174,NA,NA,p.Ile19His,0.379886173814514,0.253830471134423,0.1343759,0.0213363
urn:mavedb:00000725-a-1#175,NA,NA,p.Leu20Ter,-1.15789589394775,0.273803755067794,0.005114116,0.0230152
urn:mavedb:00000725-a-1#176,NA,NA,p.Leu20Ala,0.0795957195095669,0.100696163344987,0.1091343,0.008464246
urn:mavedb:00000725-a-1#177,NA,NA,p.Leu20Cys,-0.0447893367575379,0.118149641856142,0.09867883,0.009931338
urn:mavedb:00000725-a-1#178,NA,NA,p.Leu20Asp,0.178183249413579,0.118336490624655,0.1174213,0.009947044
urn:mavedb:00000725-a-1#179,NA,NA,p.Leu20Glu,0.0100015127778813,0.116353438210066,0.1032844,0.009780354
urn:mavedb:00000725-a-1#180,NA,NA,p.Leu20Phe,-0.0960888767236401,0.167293175925123,0.09436673,0.01406221
urn:mavedb:00000725-a-1#181,NA,NA,p.Leu20Gly,0.200080221483245,0.0847684895457722,0.1192619,0.007125409
urn:mavedb:00000725-a-1#182,NA,NA,p.Leu20His,0.143205911816042,0.172129282692503,0.1144812,0.01446872
urn:mavedb:00000725-a-1#183,NA,NA,p.Leu20Ile,0.0230759299812733,0.147423749737144,0.1043834,0.01239204
urn:mavedb:00000725-a-1#184,NA,NA,p.Leu20Lys,-0.270497557356243,0.165913283612637,0.07970641,0.01394622
urn:mavedb:00000725-a-1#185,NA,NA,p.Cys21Ter,-0.991120055699159,0.20809523181834,0.01913284,0.01749192
urn:mavedb:00000725-a-1#186,NA,NA,p.Cys21Ala,-0.881595460543313,0.137103763666692,0.02833918,0.01152457
urn:mavedb:00000725-a-1#187,NA,NA,p.Asp22Ter,-1.35412512257712,0.450200722640527,-0.01138038,0.03784265
urn:mavedb:00000725-a-1#188,NA,NA,p.Asp22Ala,0.0555977992341509,0.097973103675346,0.1071171,0.008235353
urn:mavedb:00000725-a-1#189,NA,NA,p.Asp22Cys,-0.138385032759326,0.154856300139319,0.09081143,0.0130168
urn:mavedb:00000725-a-1#190,NA,NA,p.Thr23Ter,-1.44060388627356,0.351772250933066,-0.01864955,0.02956902
urn:mavedb:00000725-a-1#191,NA,NA,p.Thr23Ala,-0.458773923744669,0.126189183081385,0.06388041,0.01060712
urn:mavedb:00000725-a-1#192,NA,NA,p.Thr23Cys,-0.25651982759757,0.129629574993168,0.08088134,0.01089631
urn:mavedb:00000725-a-1#193,NA,NA,p.Thr23Asp,-0.0521871489447601,0.144665868576006,0.09805699,0.01216022
urn:mavedb:00000725-a-1#194,NA,NA,p.Thr23Glu,-0.341375412510354,0.193443437929781,0.07374861,0.01626033
urn:mavedb:00000725-a-1#195,NA,NA,p.Thr23Phe,-0.0988267715145304,0.148089129313291,0.09413659,0.01244797
urn:mavedb:00000725-a-1#196,NA,NA,p.Thr23Gly,-0.189025855272697,0.0980481001503689,0.0865547,0.008241657
urn:mavedb:00000725-a-1#197,NA,NA,p.Thr23His,0.31166484037243,0.19645376598178,0.1286414,0.01651337
urn:mavedb:00000725-a-1#198,NA,NA,p.Thr23Ile,-0.236085548517128,0.139326771490737,0.08259899,0.01171143
urn:mavedb:00000725-a-1#199,NA,NA,p.Thr23Lys,-0.219395263829842,0.203258768151491,0.08400193,0.01708538
urn:mavedb:00000725-a-1#200,NA,NA,p.Thr23Leu,-0.107368684431917,0.123608324056723,0.09341858,0.01039018
urn:mavedb:00000725-a-1#201,NA,NA,p.Thr23Met,-0.296921680219884,0.176577320770916,0.07748527,0.01484261
urn:mavedb:00000725-a-1#202,NA,NA,p.Thr23Asn,-0.20130914532047,0.236764371306596,0.0855222,0.01990177
urn:mavedb:00000725-a-1#203,NA,NA,p.Thr23Pro,-0.922305198440625,0.233797109123821,0.02491723,0.01965235
urn:mavedb:00000725-a-1#204,NA,NA,p.Thr23Gln,-0.107007264236613,0.183114291439633,0.09344896,0.01539209
urn:mavedb:00000725-a-1#205,NA,NA,p.Thr23Arg,-0.363444648056913,0.107029653729949,0.07189353,0.008996622
urn:mavedb:00000725-a-1#206,NA,NA,p.Thr23Ser,0.0325444728858953,0.122967094677958,0.1051793,0.01033628
urn:mavedb:00000725-a-1#207,NA,NA,p.Cys24Ter,-1.23116984127158,0.274340888768188,-0.001045093,0.02306035
urn:mavedb:00000725-a-1#208,NA,NA,p.Cys24Ala,-1.09581330274721,0.154547106232935,0.01033261,0.01299081
urn:mavedb:00000725-a-1#209,NA,NA,p.Pro25Ter,-0.981920614993937,0.222083430628094,0.01990612,0.01866773
urn:mavedb:00000725-a-1#210,NA,NA,p.Pro25Ala,-0.243494781487348,0.109976846265935,0.08197619,0.009244355
urn:mavedb:00000725-a-1#211,NA,NA,p.Pro25Cys,0.0341505204950472,0.152040958163721,0.1053143,0.01278015
urn:mavedb:00000725-a-1#212,NA,NA,p.Pro25Asp,-0.275895542853847,0.182736929734727,0.07925267,0.01536037
urn:mavedb:00000725-a-1#213,NA,NA,p.Pro25Glu,0.198325465762134,0.121603976640502,0.1191144,0.0102217
urn:mavedb:00000725-a-1#214,NA,NA,p.Pro25Phe,0.079161491822648,0.13524788642945,0.1090978,0.01136857
urn:mavedb:00000725-a-1#215,NA,NA,p.Pro25Gly,-0.0443296502418517,0.0956785256111772,0.09871747,0.008042477
urn:mavedb:00000725-a-1#216,NA,NA,p.Pro25His,-0.48465734391323,0.460076725771915,0.06170472,0.0386728
urn:mavedb:00000725-a-1#217,NA,NA,p.Pro25Ile,-0.0574794921996289,0.269531906360429,0.09761213,0.02265612
urn:mavedb:00000725-a-1#218,NA,NA,p.Pro25Lys,-0.274065005478883,0.224173909782762,0.07940654,0.01884345
urn:mavedb:00000725-a-1#219,NA,NA,p.Pro25Leu,-0.0439041071086712,0.119462698794789,0.09875324,0.01004171
urn:mavedb:00000725-a-1#220,NA,NA,p.Pro25Met,-0.194193164747031,0.147715098670093,0.08612035,0.01241653
urn:mavedb:00000725-a-1#221,NA,NA,p.Pro25Asn,0.184866786797442,0.186806297476849,0.1179831,0.01570243
urn:mavedb:00000725-a-1#222,NA,NA,p.Arg26Ter,-1.06256942586915,0.303545853325454,0.013127,0.02551524
urn:mavedb:00000725-a-1#223,NA,NA,p.Arg26Ala,-0.136746150399054,0.113196293613294,0.09094919,0.009514973
urn:mavedb:00000725-a-1#224,NA,NA,p.Arg26Cys,-0.462236205490532,0.161665942002123,0.06358938,0.0135892
urn:mavedb:00000725-a-1#225,NA,NA,p.Arg26Asp,-0.249309982463864,0.170412715214543,0.08148738,0.01432443
urn:mavedb:00000725-a-1#226,NA,NA,p.Arg26Glu,-0.356122141657587,0.167492087895678,0.07250904,0.01407893
urn:mavedb:00000725-a-1#227,NA,NA,p.Arg26Phe,-0.288396898476996,0.135431094823383,0.07820184,0.01138397
urn:mavedb:00000725-a-1#228,NA,NA,p.Arg26Gly,-0.111700135350554,0.0940232734619405,0.09305449,0.007903341
urn:mavedb:00000725-a-1#229,NA,NA,p.Arg26His,-0.27295909299187,0.225350488364578,0.0794995,0.01894235
urn:mavedb:00000725-a-1#230,NA,NA,p.Arg26Ile,-0.0138155784333932,0.14759779771138,0.1012824,0.01240667
urn:mavedb:00000725-a-1#231,NA,NA,p.Arg26Lys,-0.0650021002344067,0.167899429155955,0.0969798,0.01411317
urn:mavedb:00000725-a-1#232,NA,NA,p.Arg26Leu,-0.231027688213195,0.101308602833277,0.08302414,0.008515726
urn:mavedb:00000725-a-1#233,NA,NA,p.Arg26Met,0.182594526846716,0.140121943507002,0.1177921,0.01177827
urn:mavedb:00000725-a-1#234,NA,NA,p.Arg26Asn,-0.366437607001435,0.183932780887853,0.07164195,0.01546089
urn:mavedb:00000725-a-1#235,NA,NA,p.Arg26Pro,-0.347560718235912,0.167778440236066,0.07322869,0.014103
urn:mavedb:00000725-a-1#236,NA,NA,p.Arg26Gln,0.0131398487726538,0.162677751995889,0.1035482,0.01367425
urn:mavedb:00000725-a-1#237,NA,NA,p.Ala27Ter,-1.79877344121659,0.455049439855801,-0.04875631,0.03825022
urn:mavedb:00000725-a-1#238,NA,NA,p.Tyr28Ter,-1.22076347125372,0.201784654379268,-0.0001703618,0.01696147
urn:mavedb:00000725-a-1#239,NA,NA,p.Tyr28Ala,-0.172259669965068,0.109413218728314,0.08796402,0.009196978
urn:mavedb:00000725-a-1#240,NA,NA,p.Tyr28Cys,-0.582435306855739,0.163227258211198,0.05348577,0.01372044
urn:mavedb:00000725-a-1#241,NA,NA,p.Tyr28Asp,-0.525732427900002,0.191779929506169,0.05825206,0.0161205
urn:mavedb:00000725-a-1#242,NA,NA,p.Tyr28Glu,-0.648626477153366,0.12324654696195,0.04792192,0.01035977
urn:mavedb:00000725-a-1#243,NA,NA,p.Tyr28Phe,0.0116634746371297,0.160437494030856,0.1034241,0.01348594
urn:mavedb:00000725-a-1#244,NA,NA,p.Tyr28Gly,-0.213612064839021,0.0866375006834625,0.08448805,0.007282513
urn:mavedb:00000725-a-1#245,NA,NA,p.Tyr28His,0.0232329657475015,0.222514565186284,0.1043966,0.01870397
urn:mavedb:00000725-a-1#246,NA,NA,p.Tyr28Ile,-0.29530813772189,0.144895235967891,0.0776209,0.0121795
urn:mavedb:00000725-a-1#247,NA,NA,p.Tyr28Lys,-0.266816615202556,0.16074692587022,0.08001582,0.01351195
urn:mavedb:00000725-a-1#248,NA,NA,p.Tyr28Leu,-0.0726932837849008,0.0980956629528977,0.0963333,0.008245655
urn:mavedb:00000725-a-1#249,NA,NA,p.Tyr28Met,0.0480565134605111,0.121081832717793,0.1064832,0.01017781
urn:mavedb:00000725-a-1#250,NA,NA,p.Tyr28Asn,-0.403084044447594,0.180227331637315,0.06856155,0.01514942
urn:mavedb:00000725-a-1#251,NA,NA,p.Tyr28Pro,-0.704092104617608,0.138484012878646,0.04325963,0.01164059
urn:mavedb:00000725-a-1#252,NA,NA,p.Tyr28Gln,-0.395075339336446,0.134585718948521,0.06923474,0.01131291
urn:mavedb:00000725-a-1#253,NA,NA,p.Tyr28Arg,-0.254115514843425,0.0940552516543361,0.08108344,0.007906029
urn:mavedb:00000725-a-1#254,NA,NA,p.Tyr28Ser,-0.271218970148976,0.097696268654124,0.07964577,0.008212083
urn:mavedb:00000725-a-1#255,NA,NA,p.Tyr28Thr,-0.284006797079001,0.139659996628014,0.07857086,0.01173944
urn:mavedb:00000725-a-1#256,NA,NA,p.Tyr28Val,-0.0500701402629187,0.0956153068186215,0.09823494,0.008037163
urn:mavedb:00000725-a-1#257,NA,NA,p.Tyr28Trp,0.0862138253241682,0.124144506025201,0.1096906,0.01043525
urn:mavedb:00000725-a-1#258,NA,NA,p.His29Ter,-1.13501496193953,0.185907029782214,0.007037425,0.01562684
urn:mavedb:00000725-a-1#259,NA,NA,p.His29Ala,-0.96730689038204,0.133712029049142,0.02113451,0.01123947
urn:mavedb:00000725-a-1#260,NA,NA,p.His29Cys,0.0275324146804458,0.157819041595491,0.104758,0.01326584
urn:mavedb:00000725-a-1#261,NA,NA,p.His29Asp,-0.306244489174787,0.187222680190333,0.07670162,0.01573743
urn:mavedb:00000725-a-1#262,NA,NA,p.His29Glu,-0.951061064499776,0.153564443029113,0.02250009,0.01290821
urn:mavedb:00000725-a-1#263,NA,NA,p.His29Phe,-1.04559778543404,0.286507472689696,0.01455359,0.02408304
urn:mavedb:00000725-a-1#264,NA,NA,p.His29Gly,-0.698111064354637,0.0928883450481222,0.04376238,0.007807942
urn:mavedb:00000725-a-1#265,NA,NA,p.Met30Ter,-1.04751231315064,0.209507126116518,0.01439266,0.0176106
urn:mavedb:00000725-a-1#266,NA,NA,p.Met30Ala,-0.0643642019173497,0.101857775942416,0.09703342,0.008561888
urn:mavedb:00000725-a-1#267,NA,NA,p.Met30Cys,0.150000088035202,0.117905213306678,0.1150523,0.009910792
urn:mavedb:00000725-a-1#268,NA,NA,p.Met30Asp,-0.272238869864032,0.11859493342659,0.07956004,0.009968768
urn:mavedb:00000725-a-1#269,NA,NA,p.Met30Glu,0.0751035448635243,0.122367146671073,0.1087567,0.01028585
urn:mavedb:00000725-a-1#270,NA,NA,p.Met30Phe,-0.190397776830382,0.143491312424513,0.08643938,0.01206149
urn:mavedb:00000725-a-1#271,NA,NA,p.Met30Gly,-0.126212857412809,0.0858591981154185,0.09183459,0.007217091
urn:mavedb:00000725-a-1#272,NA,NA,p.Met30His,-0.432666013810296,0.205034580941254,0.06607497,0.01723465
urn:mavedb:00000725-a-1#273,NA,NA,p.Met30Ile,-0.0204098909500811,0.193898246819395,0.1007281,0.01629856
urn:mavedb:00000725-a-1#274,NA,NA,p.Met30Lys,0.115204769166703,0.178617952966456,0.1121275,0.01501414
urn:mavedb:00000725-a-1#275,NA,NA,p.Met30Leu,-0.149089756457037,0.0746978096508567,0.08991162,0.006278895
urn:mavedb:00000725-a-1#276,NA,NA,p.Val31Ter,-1.13961998819757,0.264569814080598,0.006650339,0.02223902
urn:mavedb:00000725-a-1#277,NA,NA,p.Val31Ala,0.120633210085636,0.108968866993133,0.1125838,0.009159627
urn:mavedb:00000725-a-1#278,NA,NA,p.Val31Cys,0.138210508919132,0.184536178922935,0.1140613,0.01551161
urn:mavedb:00000725-a-1#279,NA,NA,p.Val31Asp,-0.0052951984506185,0.140230440945487,0.1019986,0.01178739
urn:mavedb:00000725-a-1#280,NA,NA,p.Val31Glu,-0.0888153845180151,0.130786999970163,0.09497812,0.0109936
urn:mavedb:00000725-a-1#281,NA,NA,p.Val31Phe,-0.0307564065477062,0.164299622148153,0.0998584,0.01381058
urn:mavedb:00000725-a-1#282,NA,NA,p.Val31Gly,-0.0168563619067206,0.0911730148216542,0.1010268,0.007663756
urn:mavedb:00000725-a-1#283,NA,NA,p.Val31His,0.104464474488612,0.180863921322987,0.1112247,0.01520293
urn:mavedb:00000725-a-1#284,NA,NA,p.Val31Ile,-0.234468199091467,0.151137883541419,0.08273494,0.01270424
urn:mavedb:00000725-a-1#285,NA,NA,p.Val31Lys,0.0269815998337515,0.165067550838307,0.1047117,0.01387513
urn:mavedb:00000725-a-1#286,NA,NA,p.Val31Leu,0.257674278412326,0.0982355794412772,0.1241031,0.008257416
urn:mavedb:00000725-a-1#287,NA,NA,p.Val31Met,-0.417011689314159,0.157550653195028,0.06739083,0.01324328
urn:mavedb:00000725-a-1#288,NA,NA,p.Val31Asn,0.112529212816346,0.209042918874229,0.1119026,0.01757158
urn:mavedb:00000725-a-1#289,NA,NA,p.Val31Pro,0.0001689324151849,0.13555541480498,0.1024579,0.01139442
urn:mavedb:00000725-a-1#290,NA,NA,p.Val31Gln,-0.0997423376182366,0.14253624944627,0.09405963,0.01198121
urn:mavedb:00000725-a-1#291,NA,NA,p.Val31Arg,-0.0316455620907285,0.10480304122127,0.09978366,0.008809459
urn:mavedb:00000725-a-1#292,NA,NA,p.Val31Ser,0.0438177374372457,0.109923299448981,0.1061269,0.009239854
urn:mavedb:00000725-a-1#293,NA,NA,p.Val31Thr,-0.43131395965637,0.164996765777015,0.06618862,0.01386918
urn:mavedb:00000725-a-1#294,NA,NA,p.Cys32Ter,-0.890524728350728,0.204941549146413,0.02758861,0.01722683
urn:mavedb:00000725-a-1#295,NA,NA,p.Cys32Ala,-0.736582209817771,0.143329042132744,0.0405286,0.01204785
urn:mavedb:00000725-a-1#296,NA,NA,p.Leu33Ter,-1.31043293047632,0.253032800821878,-0.007707733,0.02126925
urn:mavedb:00000725-a-1#297,NA,NA,p.Leu33Ala,0.123445577898996,0.115717621806577,0.1128202,0.009726909
urn:mavedb:00000725-a-1#298,NA,NA,p.Leu33Cys,0.0261535930663665,0.144928903484438,0.1046421,0.01218233
urn:mavedb:00000725-a-1#299,NA,NA,p.Leu33Asp,-1.04153591258076,0.239700702202084,0.01489502,0.02014859
urn:mavedb:00000725-a-1#300,NA,NA,p.Leu33Glu,-0.495736812053076,0.120644630868635,0.06077341,0.01014106
urn:mavedb:00000725-a-1#301,NA,NA,p.Leu33Phe,0.0217839539045778,0.180427552239256,0.1042748,0.01516625
urn:mavedb:00000725-a-1#302,NA,NA,p.Leu33Gly,-0.194692942969701,0.0951133396125433,0.08607834,0.007994969
urn:mavedb:00000725-a-1#303,NA,NA,p.Leu33His,-0.336867534287689,0.179543988121244,0.07412753,0.01509198
urn:mavedb:00000725-a-1#304,NA,NA,p.Leu33Ile,-0.298018432287201,0.219919311216384,0.07739308,0.01848582
urn:mavedb:00000725-a-1#305,NA,NA,p.Leu33Lys,-0.103330961776019,0.141043695868165,0.09375798,0.01185575
urn:mavedb:00000725-a-1#306,NA,NA,p.Asp34Ter,-1.2106641989527,0.264015073339748,0.0006785556,0.02219239
urn:mavedb:00000725-a-1#307,NA,NA,p.Asp34Ala,-0.0700430672968211,0.122977920628509,0.09655607,0.01033719
urn:mavedb:00000725-a-1#308,NA,NA,p.Asp34Cys,0.0183279773826621,0.156192174850665,0.1039843,0.01312909
urn:mavedb:00000725-a-1#309,NA,NA,p.Pro35Ter,-1.10946000824866,0.240853130586518,0.009185505,0.02024546
urn:mavedb:00000725-a-1#310,NA,NA,p.Pro35Ala,-0.0163650303048098,0.0966091171825157,0.1010681,0.0081207
urn:mavedb:00000725-a-1#311,NA,NA,p.Pro35Cys,-0.100331578641061,0.150219819141432,0.0940101,0.01262707
urn:mavedb:00000725-a-1#312,NA,NA,p.Pro35Asp,-0.197722662559499,0.138829610530838,0.08582367,0.01166964
urn:mavedb:00000725-a-1#313,NA,NA,p.Pro35Glu,-0.34543288360352,0.147653117129028,0.07340755,0.01241132
urn:mavedb:00000725-a-1#314,NA,NA,p.Pro35Phe,-0.002859954409186,0.182638425481366,0.1022033,0.01535209
urn:mavedb:00000725-a-1#315,NA,NA,p.Pro35Gly,0.0381489842093876,0.089107887425913,0.1056504,0.007490167
urn:mavedb:00000725-a-1#316,NA,NA,p.Pro35His,-0.0009017659909163,0.328850025656313,0.1023679,0.02764224
urn:mavedb:00000725-a-1#317,NA,NA,p.Pro35Ile,-0.0154025914042142,0.178493395051879,0.101149,0.01500367
urn:mavedb:00000725-a-1#318,NA,NA,p.Pro35Lys,-0.374216825754208,0.182804978566759,0.07098805,0.01536609
urn:mavedb:00000725-a-1#319,NA,NA,p.Pro35Leu,-0.191313699833556,0.103689074702913,0.08636239,0.008715822
urn:mavedb:00000725-a-1#320,NA,NA,p.Pro35Met,-0.0536944543675715,0.156230838959774,0.09793029,0.01313234
urn:mavedb:00000725-a-1#321,NA,NA,p.Pro35Asn,-0.0234911230298613,0.258610544685217,0.1004691,0.0217381
urn:mavedb:00000725-a-1#322,NA,NA,p.Asp36Ter,-1.27098625979873,0.24058057835892,-0.004391953,0.02022255
urn:mavedb:00000725-a-1#323,NA,NA,p.Asp36Ala,-0.0791478106763479,0.117335780204366,0.09579075,0.009862927
urn:mavedb:00000725-a-1#324,NA,NA,p.Asp36Cys,-0.193819847902771,0.170422946332646,0.08615173,0.01432529
urn:mavedb:00000725-a-1#325,NA,NA,p.Met37Ter,-1.04800019472435,0.188372372345507,0.01435165,0.01583407
urn:mavedb:00000725-a-1#326,NA,NA,p.Met37Ala,-0.0670893672938564,0.106666817833419,0.09680435,0.008966123
urn:mavedb:00000725-a-1#327,NA,NA,p.Met37Cys,0.339530361223663,0.179355783134749,0.1309837,0.01507616
urn:mavedb:00000725-a-1#328,NA,NA,p.Met37Asp,-0.450630548567332,0.231753383799553,0.06456492,0.01948056
urn:mavedb:00000725-a-1#329,NA,NA,p.Met37Glu,-0.391639587117757,0.143099793707348,0.06952354,0.01202858
urn:mavedb:00000725-a-1#330,NA,NA,p.Met37Phe,0.239549733726824,0.150509145644059,0.1225796,0.01265139
urn:mavedb:00000725-a-1#331,NA,NA,p.Met37Gly,-0.199335491258556,0.103225605052859,0.0856881,0.008676864
urn:mavedb:00000725-a-1#332,NA,NA,p.Met37His,-0.217427201192939,0.222015738695531,0.08416736,0.01866204
urn:mavedb:00000725-a-1#333,NA,NA,p.Met37Ile,-0.0225548567569705,0.190563854049817,0.1005478,0.01601828
urn:mavedb:00000725-a-1#334,NA,NA,p.Met37Lys,-0.241863750915388,0.244065106838332,0.08211329,0.02051545
urn:mavedb:00000725-a-1#335,NA,NA,p.Met37Leu,-0.0590886329375097,0.105651046255551,0.09747687,0.00888074
urn:mavedb:00000725-a-1#336,NA,NA,p.Glu38Ter,-1.37549804726025,0.299971505146419,-0.01317693,0.02521479
urn:mavedb:00000725-a-1#337,NA,NA,p.Glu38Ala,-0.260898151313097,0.113950576847094,0.08051331,0.009578376
urn:mavedb:00000725-a-1#338,NA,NA,p.Glu38Cys,-0.0284294220117794,0.11104100151511,0.100054,0.009333805
urn:mavedb:00000725-a-1#339,NA,NA,p.Glu38Asp,-0.0739716976817856,0.146830701786653,0.09622584,0.01234219
urn:mavedb:00000725-a-1#340,NA,NA,p.Lys39Ter,-1.04592244498407,0.210148831361242,0.0145263,0.01766454
urn:mavedb:00000725-a-1#341,NA,NA,p.Lys39Ala,-0.0595178640318666,0.136488706915632,0.09744079,0.01147287
urn:mavedb:00000725-a-1#342,NA,NA,p.Lys39Cys,-0.347004311964208,0.12515536428705,0.07327546,0.01052022
urn:mavedb:00000725-a-1#343,NA,NA,p.Lys39Asp,0.0126865864474041,0.208413110278462,0.1035101,0.01751864
urn:mavedb:00000725-a-1#344,NA,NA,p.Lys39Glu,-0.0774884660798699,0.134128173829647,0.09593023,0.01127445
urn:mavedb:00000725-a-1#345,NA,NA,p.Lys39Phe,-0.471835254634209,0.147120980021196,0.06278251,0.01236659
urn:mavedb:00000725-a-1#346,NA,NA,p.Lys39Gly,0.0077673221038167,0.0958367272490032,0.1030966,0.008055775
urn:mavedb:00000725-a-1#347,NA,NA,p.Lys39His,-0.236798752622081,0.278740864384816,0.08253904,0.0234302
urn:mavedb:00000725-a-1#348,NA,NA,p.Lys39Ile,-0.124584919969577,0.184719863182827,0.09197143,0.01552705
urn:mavedb:00000725-a-1#349,NA,NA,p.Ala40Ter,-1.2926899708061,0.230054899228007,-0.006216308,0.01933779
urn:mavedb:00000725-a-1#350,NA,NA,p.Pro41Ter,-1.02810590454005,0.207706687263414,0.01602391,0.01745926
urn:mavedb:00000725-a-1#351,NA,NA,p.Pro41Ala,0.116722781573575,0.123769166750617,0.1122551,0.0104037
urn:mavedb:00000725-a-1#352,NA,NA,p.Pro41Cys,-0.211651853990429,0.140281596536,0.08465282,0.01179169
urn:mavedb:00000725-a-1#353,NA,NA,p.Pro41Asp,0.0222074746074356,0.165524976990691,0.1043104,0.01391358
urn:mavedb:00000725-a-1#354,NA,NA,p.Pro41Glu,0.0695180681783628,0.137873714787168,0.1082872,0.01158929
urn:mavedb:00000725-a-1#355,NA,NA,p.Pro41Phe,0.0339589844468446,0.170905593380819,0.1052982,0.01436586
urn:mavedb:00000725-a-1#356,NA,NA,p.Pro41Gly,0.150781697871656,0.100697662322756,0.115118,0.008464372
urn:mavedb:00000725-a-1#357,NA,NA,p.Pro41His,-0.378211006674924,0.198433130435192,0.07065231,0.01667975
urn:mavedb:00000725-a-1#358,NA,NA,p.Pro41Ile,0.055145726573797,0.16971331122238,0.1070791,0.01426564
urn:mavedb:00000725-a-1#359,NA,NA,p.Pro41Lys,-0.0147482757115968,0.182374200908038,0.101204,0.01532988
urn:mavedb:00000725-a-1#360,NA,NA,p.Pro41Leu,-0.0918288056987423,0.101724117091387,0.09472482,0.008550653
urn:mavedb:00000725-a-1#361,NA,NA,p.Pro41Met,-0.0602530769373895,0.157701740636778,0.09737899,0.01325598
urn:mavedb:00000725-a-1#362,NA,NA,p.Pro41Asn,0.434653586951489,0.230001602240682,0.1389795,0.01933331
urn:mavedb:00000725-a-1#363,NA,NA,p.Glu42Ter,-1.51217662469323,0.502769872983286,-0.02466576,0.04226147
urn:mavedb:00000725-a-1#364,NA,NA,p.Glu42Ala,-0.178319466044133,0.130815908827128,0.08745465,0.01099603
urn:mavedb:00000725-a-1#365,NA,NA,p.Glu42Cys,-0.0259323153957722,0.212105830114616,0.1002639,0.01782904
urn:mavedb:00000725-a-1#366,NA,NA,p.Glu42Asp,-0.182486029408231,0.159481122421229,0.08710442,0.01340555
urn:mavedb:00000725-a-1#367,NA,NA,p.Gly43Ter,-1.20754028169647,0.254043540117237,0.0009411436,0.02135421
urn:mavedb:00000725-a-1#368,NA,NA,p.Gly43Ala,0.061389087946263,0.11921524849649,0.1076039,0.01002091
urn:mavedb:00000725-a-1#369,NA,NA,p.Gly43Cys,-0.21650140397113,0.153972973954286,0.08424518,0.01294255
urn:mavedb:00000725-a-1#370,NA,NA,p.Gly43Asp,-0.164394081540869,0.188859183220814,0.08862518,0.01587499
urn:mavedb:00000725-a-1#371,NA,NA,p.Gly43Glu,0.179319379388942,0.148869430518359,0.1175168,0.01251356
urn:mavedb:00000725-a-1#372,NA,NA,p.Gly43Phe,-0.35046932993933,0.180328810052916,0.0729842,0.01515795
urn:mavedb:00000725-a-1#373,NA,NA,p.Lys44Ter,-1.21104504994475,0.224450268938026,0.0006465423,0.01886668
urn:mavedb:00000725-a-1#374,NA,NA,p.Lys44Ala,-0.0173310382000921,0.149380986423497,0.1009869,0.01255656
urn:mavedb:00000725-a-1#375,NA,NA,p.Lys44Cys,-0.152253432314087,0.140225563319414,0.08964569,0.01178698
urn:mavedb:00000725-a-1#376,NA,NA,p.Lys44Asp,0.0972277429282631,0.181280066103492,0.1106164,0.01523791
urn:mavedb:00000725-a-1#377,NA,NA,p.Lys44Glu,0.0785619007152314,0.140569614407242,0.1090474,0.0118159
urn:mavedb:00000725-a-1#378,NA,NA,p.Lys44Phe,-0.0283509041286654,0.156858387192239,0.1000606,0.01318509
urn:mavedb:00000725-a-1#379,NA,NA,p.Lys44Gly,0.16422372152781,0.0951561675487873,0.1162479,0.007998569
urn:mavedb:00000725-a-1#380,NA,NA,p.Lys44His,-0.299594738273961,0.214086741132393,0.07726058,0.01799555
urn:mavedb:00000725-a-1#381,NA,NA,p.Lys44Ile,-0.427398296618768,0.300966421898666,0.06651776,0.02529842
urn:mavedb:00000725-a-1#382,NA,NA,p.Trp45Ter,-1.22247913101737,0.215640324519645,-0.0003145755,0.01812614
urn:mavedb:00000725-a-1#383,NA,NA,p.Trp45Ala,0.0045421405716606,0.127773459822946,0.1028255,0.01074029
urn:mavedb:00000725-a-1#384,NA,NA,p.Trp45Cys,-0.10103229126461,0.132869984235988,0.0939512,0.01116869
urn:mavedb:00000725-a-1#385,NA,NA,p.Trp45Asp,-0.313109926321198,0.194686280846286,0.07612453,0.0163648
urn:mavedb:00000725-a-1#386,NA,NA,p.Trp45Glu,0.0825294331422843,0.159632566762447,0.1093809,0.01341828
urn:mavedb:00000725-a-1#387,NA,NA,p.Trp45Phe,-0.159203930500538,0.148646368350422,0.08906145,0.01249481
urn:mavedb:00000725-a-1#388,NA,NA,p.Trp45Gly,0.0248818412928973,0.0847375225685379,0.1045352,0.007122806
urn:mavedb:00000725-a-1#389,NA,NA,p.Trp45His,-0.118741999800993,0.208351961502825,0.09246257,0.0175135
urn:mavedb:00000725-a-1#390,NA,NA,p.Trp45Ile,0.0572883130508952,0.191177602169492,0.1072592,0.01606987
urn:mavedb:00000725-a-1#391,NA,NA,p.Trp45Lys,-0.483315758810385,0.268162958964984,0.06181749,0.02254105
urn:mavedb:00000725-a-1#392,NA,NA,p.Trp45Leu,-0.217536412430361,0.0969664330339296,0.08415818,0.008150735
urn:mavedb:00000725-a-1#393,NA,NA,p.Trp45Met,0.179433587218926,0.147692495037075,0.1175264,0.01241463
urn:mavedb:00000725-a-1#394,NA,NA,p.Trp45Asn,-0.0511673681961935,0.179680204751798,0.09814271,0.01510343
urn:mavedb:00000725-a-1#395,NA,NA,p.Trp45Pro,-0.1609170479503,0.219244176388093,0.08891745,0.01842907
urn:mavedb:00000725-a-1#396,NA,NA,p.Trp45Gln,0.109327824582103,0.135170558211231,0.1116335,0.01136207
urn:mavedb:00000725-a-1#397,NA,NA,p.Trp45Arg,-0.16247705552799,0.0900691961448576,0.08878632,0.007570972
urn:mavedb:00000725-a-1#398,NA,NA,p.Trp45Ser,0.0975929700512332,0.10418296408435,0.1106471,0.008757337
urn:mavedb:00000725-a-1#399,NA,NA,p.Trp45Thr,0.0851336095989016,0.158897353856925,0.1095998,0.01335648
urn:mavedb:00000725-a-1#400,NA,NA,p.Trp45Val,0.115097699326093,0.107234359368547,0.1121185,0.009013829
urn:mavedb:00000725-a-1#401,NA,NA,p.Ser46Ter,-0.960748505745201,0.204052274636901,0.02168579,0.01715208
urn:mavedb:00000725-a-1#402,NA,NA,p.Ser46Ala,-0.179884470214384,0.110041480759716,0.0873231,0.009249788
urn:mavedb:00000725-a-1#403,NA,NA,p.Ser46Cys,0.0314368948680284,0.161886862773249,0.1050862,0.01360777
urn:mavedb:00000725-a-1#404,NA,NA,p.Ser46Asp,-0.168380886539232,0.140997179970745,0.08829006,0.01185184
urn:mavedb:00000725-a-1#405,NA,NA,p.Ser46Glu,-0.0393178299693814,0.134229533278758,0.09913875,0.01128297
urn:mavedb:00000725-a-1#406,NA,NA,p.Ser46Phe,0.124768485262979,0.153691142340502,0.1129314,0.01291886
urn:mavedb:00000725-a-1#407,NA,NA,p.Ser46Gly,-0.23015851904042,0.0856348035227976,0.0830972,0.007198229
urn:mavedb:00000725-a-1#408,NA,NA,p.Ser46His,0.0679500898458723,0.302584009257306,0.1081554,0.02543439
urn:mavedb:00000725-a-1#409,NA,NA,p.Ser46Ile,-0.489015086426062,0.225111127787569,0.06133842,0.01892223
urn:mavedb:00000725-a-1#410,NA,NA,p.Ser46Lys,-0.650030757596213,0.177097680196281,0.04780388,0.01488635
urn:mavedb:00000725-a-1#411,NA,NA,p.Ser46Leu,-0.168229561164503,0.100154925300703,0.08830278,0.008418751
urn:mavedb:00000725-a-1#412,NA,NA,p.Ser46Met,-0.1966952679556,0.150612765456471,0.08591003,0.0126601
urn:mavedb:00000725-a-1#413,NA,NA,p.Ser46Asn,0.0391756650143491,0.173774589243212,0.1057367,0.01460702
urn:mavedb:00000725-a-1#414,NA,NA,p.Ser46Pro,-0.257770165402917,0.137436393971521,0.08077624,0.01155253
urn:mavedb:00000725-a-1#415,NA,NA,p.Ser46Gln,0.0540500452048867,0.144421987272394,0.106987,0.01213972
urn:mavedb:00000725-a-1#416,NA,NA,p.Ser46Arg,-0.137185136745555,0.0922357662662524,0.09091229,0.007753088
urn:mavedb:00000725-a-1#417,NA,NA,p.Cys47Ter,-0.954923787449521,0.204903004003793,0.0221754,0.01722359
urn:mavedb:00000725-a-1#418,NA,NA,p.Cys47Ala,-0.756034539493329,0.115251404030613,0.03889349,0.00968772
urn:mavedb:00000725-a-1#419,NA,NA,p.Pro48Ter,-1.23691745738537,0.232368440550613,-0.001528222,0.01953226
urn:mavedb:00000725-a-1#420,NA,NA,p.Pro48Ala,-0.0023507778338399,0.108878321597924,0.1022461,0.009152016
urn:mavedb:00000725-a-1#421,NA,NA,p.Pro48Cys,-0.0008863003472727,0.192474812771728,0.1023692,0.01617891
urn:mavedb:00000725-a-1#422,NA,NA,p.Pro48Asp,-0.159504082953715,0.187931482535172,0.08903622,0.01579701
urn:mavedb:00000725-a-1#423,NA,NA,p.Pro48Glu,-0.150900188495265,0.117898134800549,0.08975944,0.009910197
urn:mavedb:00000725-a-1#424,NA,NA,p.Pro48Phe,-0.165241836745522,0.217978016039633,0.08855392,0.01832264
urn:mavedb:00000725-a-1#425,NA,NA,p.Pro48Gly,-0.0682070574633365,0.0984553938240498,0.0967104,0.008275893
urn:mavedb:00000725-a-1#426,NA,NA,p.Pro48His,-0.0566749218306886,0.189306259288606,0.09767976,0.01591257
urn:mavedb:00000725-a-1#427,NA,NA,p.Pro48Ile,-0.307944758243676,0.267933591573099,0.0765587,0.02252177
urn:mavedb:00000725-a-1#428,NA,NA,p.Pro48Lys,-0.290420042598569,0.182809261360384,0.07803178,0.01536645
urn:mavedb:00000725-a-1#429,NA,NA,p.Pro48Leu,-0.125713674022587,0.103162469536846,0.09187655,0.008671557
urn:mavedb:00000725-a-1#430,NA,NA,p.Pro48Met,0.0699606235195513,0.115585271586934,0.1083244,0.009715784
urn:mavedb:00000725-a-1#431,NA,NA,p.Pro48Asn,-0.67805152971633,0.296269862823548,0.04544853,0.02490364
urn:mavedb:00000725-a-1#432,NA,NA,p.His49Ter,-0.968280750065634,0.290181395820498,0.02105265,0.02439186
urn:mavedb:00000725-a-1#433,NA,NA,p.His49Ala,-0.281151958228867,0.110391111375904,0.07881083,0.009279177
urn:mavedb:00000725-a-1#434,NA,NA,p.His49Cys,0.347702169392007,0.188176077637721,0.1316706,0.01581757
urn:mavedb:00000725-a-1#435,NA,NA,p.His49Asp,-0.240819819969439,0.149372182903269,0.08220104,0.01255582
urn:mavedb:00000725-a-1#436,NA,NA,p.His49Glu,-0.247200825570334,0.120310691932421,0.08166467,0.01011299
urn:mavedb:00000725-a-1#437,NA,NA,p.His49Phe,-0.0676363752128846,0.187714011792244,0.09675837,0.01577873
urn:mavedb:00000725-a-1#438,NA,NA,p.His49Gly,-0.0862461842093304,0.0999573576514797,0.09519408,0.008402144
urn:mavedb:00000725-a-1#439,NA,NA,p.Cys50Ter,-0.918930832930552,0.204820798159503,0.02520087,0.01721668
urn:mavedb:00000725-a-1#440,NA,NA,p.Cys50Ala,-0.271345074627917,0.132371633611193,0.07963517,0.0111268
urn:mavedb:00000725-a-1#441,NA,NA,p.Glu51Ter,-1.23792739960525,0.377956418387251,-0.001613115,0.03176999
urn:mavedb:00000725-a-1#442,NA,NA,p.Glu51Ala,-0.0190382073253759,0.112576680445683,0.1008434,0.00946289
urn:mavedb:00000725-a-1#443,NA,NA,p.Glu51Cys,-0.22682448317031,0.127959761345608,0.08337745,0.01075595
urn:mavedb:00000725-a-1#444,NA,NA,p.Glu51Asp,-0.111446855694267,0.283639666492198,0.09307578,0.02384198
urn:mavedb:00000725-a-1#445,NA,NA,p.Lys52Ter,-1.14656799998439,0.358409629318977,0.006066308,0.03012694
urn:mavedb:00000725-a-1#446,NA,NA,p.Lys52Ala,-0.23338536610343,0.114564634279642,0.08282596,0.009629992
urn:mavedb:00000725-a-1#447,NA,NA,p.Lys52Cys,-0.104589508269147,0.15760513984725,0.09365219,0.01324786
urn:mavedb:00000725-a-1#448,NA,NA,p.Lys52Asp,-0.389924804137141,0.225369879902377,0.06966768,0.01894398
urn:mavedb:00000725-a-1#449,NA,NA,p.Lys52Glu,0.136348683357411,0.158968971683644,0.1139048,0.0133625
urn:mavedb:00000725-a-1#450,NA,NA,p.Lys52Phe,-0.398816835433322,0.18307657906244,0.06892024,0.01538892
urn:mavedb:00000725-a-1#451,NA,NA,p.Lys52Gly,-0.203833257329609,0.120902431251526,0.08531003,0.01016273
urn:mavedb:00000725-a-1#452,NA,NA,p.Lys52His,0.286296426137204,0.234770730874436,0.126509,0.01973419
urn:mavedb:00000725-a-1#453,NA,NA,p.Lys52Ile,-0.586398437522678,0.207369774164961,0.05315264,0.01743094
urn:mavedb:00000725-a-1#454,NA,NA,p.Glu53Ter,-0.620151015110124,0.566230762345355,0.05031549,0.04759582
urn:mavedb:00000725-a-1#455,NA,NA,p.Glu53Ala,-0.206504292953363,0.157785612011923,0.08508551,0.01326303
urn:mavedb:00000725-a-1#456,NA,NA,p.Glu53Cys,-0.263307103760336,0.247963162835478,0.08031082,0.02084311
urn:mavedb:00000725-a-1#457,NA,NA,p.Glu53Asp,-0.55123206217322,0.446947465016833,0.05610863,0.03756919
urn:mavedb:00000725-a-1#458,NA,NA,p.=,0.0,0.0593299564615959,0.1024437,0.004987115
urn:mavedb:00000725-a-1#459,NA,NA,p.Glu53Phe,-0.0368631943901494,0.784981346768235,0.09934508,0.0659834
urn:mavedb:00000725-a-1#460,NA,NA,p.Glu53Gly,-0.251997078563709,0.126750704912141,0.08126151,0.01065432
urn:mavedb:00000725-a-1#461,NA,NA,p.Glu53His,-0.377873855643492,0.32453106621908,0.07068065,0.0272792
urn:mavedb:00000725-a-1#462,NA,NA,p.Glu53Ile,-0.335459208984197,0.38906253502076,0.07424591,0.03270354
urn:mavedb:00000725-a-1#463,NA,NA,p.Glu53Lys,-0.32060671862774,0.61347889850926,0.07549437,0.05156737
urn:mavedb:00000725-a-1#464,NA,NA,p.Glu53Leu,-0.132934107173865,0.319534354690784,0.09126962,0.02685919
urn:mavedb:00000725-a-1#465,NA,NA,p.Glu53Met,-0.554862205635861,1.47879034492716,0.05580349,0.1243031
urn:mavedb:00000725-a-1#466,NA,NA,p.Glu53Asn,-0.570014848445496,0.378522817844079,0.0545298,0.0318176
urn:mavedb:00000725-a-1#467,NA,NA,p.Glu53Pro,0.172240873259717,1.33277563429244,0.1169218,0.1120295
urn:mavedb:00000725-a-1#468,NA,NA,p.Glu53Gln,-0.27460130641385,0.524345516564632,0.07936146,0.04407506
urn:mavedb:00000725-a-1#469,NA,NA,p.Glu53Arg,-0.0398394980261318,0.152886215072093,0.0990949,0.0128512
urn:mavedb:00000725-a-1#470,NA,NA,p.Glu53Ser,-0.0228356176723484,0.164330315502461,0.1005242,0.01381316
urn:mavedb:00000725-a-1#471,NA,NA,p.Glu53Thr,-0.7169247819142,0.405278262381164,0.04218095,0.03406659
urn:mavedb:00000725-a-1#472,NA,NA,p.Glu53Val,-0.356000082039291,0.187407911014589,0.0725193,0.015753
urn:mavedb:00000725-a-1#473,NA,NA,p.Glu53Trp,0.11311571760991,0.221612323329409,0.1119519,0.01862813
urn:mavedb:00000725-a-1#474,NA,NA,p.Glu53Tyr,-0.323132972033691,0.389020420883454,0.07528202,0.0327
urn:mavedb:00000725-a-1#475,NA,NA,p.Lys52Leu,-0.0884399262769423,0.113970551320692,0.09500968,0.009580055
urn:mavedb:00000725-a-1#476,NA,NA,p.Lys52Met,-0.375830130319224,0.233969491567203,0.07085244,0.01966684
urn:mavedb:00000725-a-1#477,NA,NA,p.Lys52Asn,-0.0072379212252443,0.207847662553551,0.1018353,0.01747111
urn:mavedb:00000725-a-1#478,NA,NA,p.Lys52Pro,-0.0715723815202023,0.160401566151007,0.09642752,0.01348292
urn:mavedb:00000725-a-1#479,NA,NA,p.Lys52Gln,-0.134376813792842,0.17951472236481,0.09114835,0.01508952
urn:mavedb:00000725-a-1#480,NA,NA,p.Lys52Arg,-0.106465371876636,0.110109922181164,0.09349451,0.009255541
urn:mavedb:00000725-a-1#481,NA,NA,p.Lys52Ser,0.160936677421079,0.135958592238122,0.1159716,0.01142831
urn:mavedb:00000725-a-1#482,NA,NA,p.Lys52Thr,0.0599531624171916,0.159226891033025,0.1074832,0.01338418
urn:mavedb:00000725-a-1#483,NA,NA,p.Lys52Val,-0.176483337244158,0.0994312164547215,0.08760899,0.008357918
urn:mavedb:00000725-a-1#484,NA,NA,p.Lys52Trp,-0.346136808322286,0.144858713255594,0.07334838,0.01217643
urn:mavedb:00000725-a-1#485,NA,NA,p.Lys52Tyr,NA,NA,NA,NA
urn:mavedb:00000725-a-1#486,NA,NA,p.Glu51Phe,-0.391870144174537,0.199301942708499,0.06950416,0.01675278
urn:mavedb:00000725-a-1#487,NA,NA,p.Glu51Gly,0.131956440562605,0.0907419040567621,0.1135356,0.007627518
urn:mavedb:00000725-a-1#488,NA,NA,p.Glu51His,-0.384300306443401,0.17367905915209,0.07014046,0.01459899
urn:mavedb:00000725-a-1#489,NA,NA,p.Glu51Ile,-0.330679611299361,0.216699483176259,0.07464767,0.01821517
urn:mavedb:00000725-a-1#490,NA,NA,p.Glu51Lys,-0.244561435032805,0.196434136511001,0.08188653,0.01651172
urn:mavedb:00000725-a-1#491,NA,NA,p.Glu51Leu,-0.274820085788163,0.11200121574235,0.07934307,0.009414518
urn:mavedb:00000725-a-1#492,NA,NA,p.Glu51Met,-0.0297554225044911,0.15187369127939,0.09994254,0.01276609
urn:mavedb:00000725-a-1#493,NA,NA,p.Glu51Asn,-0.357391633067754,0.482805273603653,0.07240233,0.0405833
urn:mavedb:00000725-a-1#494,NA,NA,p.Glu51Pro,-0.0071439376984867,0.12211505667968,0.1018432,0.01026466
urn:mavedb:00000725-a-1#495,NA,NA,p.Glu51Gln,-0.37124218764908,0.197528866147995,0.07123809,0.01660374
urn:mavedb:00000725-a-1#496,NA,NA,p.Glu51Arg,-0.258561649458005,0.0909419818989155,0.08070971,0.007644336
urn:mavedb:00000725-a-1#497,NA,NA,p.Glu51Ser,-0.127161139301146,0.106444588430909,0.09175488,0.008947443
urn:mavedb:00000725-a-1#498,NA,NA,p.Glu51Thr,-0.173987063393578,0.147256482852813,0.08781882,0.01237798
urn:mavedb:00000725-a-1#499,NA,NA,p.Glu51Val,-0.202477039348547,0.0930980353826326,0.08542403,0.007825568
urn:mavedb:00000725-a-1#500,NA,NA,p.Glu51Trp,-0.338111447902599,0.110559829651408,0.07402297,0.009293359
urn:mavedb:00000725-a-1#501,NA,NA,p.Glu51Tyr,-0.220954676575084,0.225281725733608,0.08387085,0.01893657
urn:mavedb:00000725-a-1#502,NA,NA,p.Cys50Asp,-0.170224629194538,0.157208624537524,0.08813508,0.01321453
urn:mavedb:00000725-a-1#503,NA,NA,p.Cys50Glu,-0.366415955100334,0.153516737466797,0.07164377,0.0129042
urn:mavedb:00000725-a-1#504,NA,NA,p.Cys50Phe,-0.566847722560248,0.194430978759675,0.05479602,0.01634334
urn:mavedb:00000725-a-1#505,NA,NA,p.Cys50Gly,-0.377897648941405,0.0976905225726779,0.07067865,0.0082116
urn:mavedb:00000725-a-1#506,NA,NA,p.Cys50His,0.177337397672759,0.198837259600251,0.1173502,0.01671372
urn:mavedb:00000725-a-1#507,NA,NA,p.Cys50Ile,-0.525710419099432,0.275622395793802,0.05825391,0.02316807
urn:mavedb:00000725-a-1#508,NA,NA,p.Cys50Lys,-0.34376580618522,0.164791905481981,0.07354768,0.01385196
urn:mavedb:00000725-a-1#509,NA,NA,p.Cys50Leu,-0.517038951674908,0.136016409952051,0.05898281,0.01143317
urn:mavedb:00000725-a-1#510,NA,NA,p.Cys50Met,-0.818815535367524,0.21586969191153,0.03361629,0.01814542
urn:mavedb:00000725-a-1#511,NA,NA,p.Cys50Asn,-0.312857122530868,0.288834695158602,0.07614578,0.02427866
urn:mavedb:00000725-a-1#512,NA,NA,p.Cys50Pro,-0.794852353307061,0.182374319874527,0.03563057,0.01532989
urn:mavedb:00000725-a-1#513,NA,NA,p.Cys50Gln,-0.767364313127224,0.23565108289723,0.03794114,0.01980819
urn:mavedb:00000725-a-1#514,NA,NA,p.Cys50Arg,-0.554717542384548,0.0984648516599704,0.05581565,0.008276688
urn:mavedb:00000725-a-1#515,NA,NA,p.Cys50Ser,-0.222014786963614,0.113068012047594,0.08378174,0.00950419
urn:mavedb:00000725-a-1#516,NA,NA,p.Cys50Thr,-0.624174104887805,0.197780956139387,0.04997732,0.01662493
urn:mavedb:00000725-a-1#517,NA,NA,p.Cys50Val,-0.627121618633312,0.150798591113175,0.04972956,0.01267572
urn:mavedb:00000725-a-1#518,NA,NA,p.Cys50Trp,-0.619129449864214,0.120472010492273,0.05040136,0.01012655
urn:mavedb:00000725-a-1#519,NA,NA,p.Cys50Tyr,-0.679014206549905,0.149636407476597,0.04536761,0.01257803
urn:mavedb:00000725-a-1#520,NA,NA,p.His49Ile,-0.10947700856002,0.170614482380849,0.09324136,0.01434139
urn:mavedb:00000725-a-1#521,NA,NA,p.His49Lys,-0.19953238079879,0.177923545566854,0.08567155,0.01495577
urn:mavedb:00000725-a-1#522,NA,NA,p.His49Leu,-0.213302870932637,0.132592316449339,0.08451404,0.01114535
urn:mavedb:00000725-a-1#523,NA,NA,p.His49Met,-0.354017981356619,0.162911640114377,0.07268591,0.01369391
urn:mavedb:00000725-a-1#524,NA,NA,p.His49Asn,-0.381025277952117,0.231746245810179,0.07041575,0.01947996
urn:mavedb:00000725-a-1#525,NA,NA,p.His49Pro,-0.0408134766762152,0.125049008245377,0.09901303,0.01051128
urn:mavedb:00000725-a-1#526,NA,NA,p.His49Gln,-0.141416060980509,0.201121416199933,0.09055665,0.01690572
urn:mavedb:00000725-a-1#527,NA,NA,p.His49Arg,-0.0440368737110279,0.116746122798828,0.09874208,0.009813362
urn:mavedb:00000725-a-1#528,NA,NA,p.His49Ser,-0.201562424976758,0.11028214996811,0.08550091,0.009270018
urn:mavedb:00000725-a-1#529,NA,NA,p.His49Thr,-0.159817797586703,0.143655605146605,0.08900985,0.0120753
urn:mavedb:00000725-a-1#530,NA,NA,p.His49Val,-0.184698330248215,0.0985261075054483,0.08691846,0.008281837
urn:mavedb:00000725-a-1#531,NA,NA,p.His49Trp,-0.174756776581075,0.14644156239928,0.08775412,0.01230948
urn:mavedb:00000725-a-1#532,NA,NA,p.His49Tyr,-0.168956446415756,0.183015311320313,0.08824168,0.01538377
urn:mavedb:00000725-a-1#533,NA,NA,p.Pro48Gln,-0.133224266441918,0.152845290599682,0.09124523,0.01284776
urn:mavedb:00000725-a-1#534,NA,NA,p.Pro48Arg,0.0629356523106313,0.10080525561592,0.1077339,0.008473416
urn:mavedb:00000725-a-1#535,NA,NA,p.Pro48Ser,0.058052077913914,0.103144458010325,0.1073234,0.008670043
urn:mavedb:00000725-a-1#536,NA,NA,p.Pro48Thr,-0.132326069445689,0.120636422180855,0.09132073,0.01014037
urn:mavedb:00000725-a-1#537,NA,NA,p.Pro48Val,-0.0403951904988984,0.112024675934093,0.09904819,0.00941649
urn:mavedb:00000725-a-1#538,NA,NA,p.Pro48Trp,-0.622396388634208,0.136750552159168,0.05012675,0.01149488
urn:mavedb:00000725-a-1#539,NA,NA,p.Pro48Tyr,-0.101165533732924,0.161880081683343,0.09394,0.0136072
urn:mavedb:00000725-a-1#540,NA,NA,p.Cys47Asp,-0.467967891991371,0.166417463595421,0.06310759,0.0139886
urn:mavedb:00000725-a-1#541,NA,NA,p.Cys47Glu,-0.331233876174253,0.138353625606081,0.07460108,0.01162963
urn:mavedb:00000725-a-1#542,NA,NA,p.Cys47Phe,-0.565254047466011,0.236545472965793,0.05492998,0.01988337
urn:mavedb:00000725-a-1#543,NA,NA,p.Cys47Gly,-0.866839570976383,0.106989038570411,0.02957952,0.008993208
urn:mavedb:00000725-a-1#544,NA,NA,p.Cys47His,-0.477236095327563,0.329213706214919,0.06232853,0.02767281
urn:mavedb:00000725-a-1#545,NA,NA,p.Cys47Ile,-0.846083963407621,0.275821783630316,0.03132418,0.02318483
urn:mavedb:00000725-a-1#546,NA,NA,p.Cys47Lys,-0.809702345367238,0.198108827784633,0.03438232,0.01665249
urn:mavedb:00000725-a-1#547,NA,NA,p.Cys47Leu,-0.75042657814164,0.137786631316805,0.03936488,0.01158197
urn:mavedb:00000725-a-1#548,NA,NA,p.Cys47Met,-0.882370884122309,0.169380086085104,0.028274,0.01423763
urn:mavedb:00000725-a-1#549,NA,NA,p.Cys47Asn,-0.499714337665252,0.268068975438226,0.06043907,0.02253315
urn:mavedb:00000725-a-1#550,NA,NA,p.Cys47Pro,-0.657234654405441,0.168414078189821,0.04719834,0.01415643
urn:mavedb:00000725-a-1#551,NA,NA,p.Cys47Gln,-0.832928173125365,0.21211832159602,0.03243002,0.01783009
urn:mavedb:00000725-a-1#552,NA,NA,p.Cys47Arg,-0.847921995671428,0.106854475574062,0.03116968,0.008981897
urn:mavedb:00000725-a-1#553,NA,NA,p.Cys47Ser,-0.989706614836616,0.142738016612576,0.01925165,0.01199817
urn:mavedb:00000725-a-1#554,NA,NA,p.Cys47Thr,-0.429895403234775,0.151524048766553,0.06630786,0.0127367
urn:mavedb:00000725-a-1#555,NA,NA,p.Cys47Val,-1.11316410128122,0.157257757697715,0.008874149,0.01321866
urn:mavedb:00000725-a-1#556,NA,NA,p.Cys47Trp,-1.08578692597301,0.156922391163626,0.0111754,0.01319047
urn:mavedb:00000725-a-1#557,NA,NA,p.Cys47Tyr,-0.810527496938873,0.221046161805561,0.03431296,0.01858054
urn:mavedb:00000725-a-1#558,NA,NA,p.Ser46Thr,-0.0698329724762461,0.147961835169454,0.09657373,0.01243727
urn:mavedb:00000725-a-1#559,NA,NA,p.Ser46Val,-0.0763698241784733,0.0886055395270682,0.09602426,0.007447941
urn:mavedb:00000725-a-1#560,NA,NA,p.Ser46Trp,0.0143997038971661,0.119343256439263,0.1036541,0.01003167
urn:mavedb:00000725-a-1#561,NA,NA,p.Ser46Tyr,-0.002544693211834,0.160424169784025,0.1022298,0.01348482
urn:mavedb:00000725-a-1#562,NA,NA,p.Trp45Tyr,-0.207100790932051,0.1848672626634,0.08503537,0.01553944
urn:mavedb:00000725-a-1#563,NA,NA,p.Lys44Leu,-0.145188012498715,0.102311050164314,0.09023959,0.008599989
urn:mavedb:00000725-a-1#564,NA,NA,p.Lys44Met,-0.0655976464811782,0.121767436597166,0.09692974,0.01023544
urn:mavedb:00000725-a-1#565,NA,NA,p.Lys44Asn,-0.37332374431703,0.290483332771018,0.07106312,0.02441724
urn:mavedb:00000725-a-1#566,NA,NA,p.Lys44Pro,0.0624716830013208,0.144032609952042,0.1076949,0.01210699
urn:mavedb:00000725-a-1#567,NA,NA,p.Lys44Gln,0.308796558308974,0.128370552634082,0.1284003,0.01079048
urn:mavedb:00000725-a-1#568,NA,NA,p.Lys44Arg,0.0497006303463244,0.0973574164018909,0.1066214,0.0081836
urn:mavedb:00000725-a-1#569,NA,NA,p.Lys44Ser,0.102320698346618,0.107126623315595,0.1110445,0.009004773
urn:mavedb:00000725-a-1#570,NA,NA,p.Lys44Thr,0.217637296013514,0.150096331925262,0.1207377,0.01261669
urn:mavedb:00000725-a-1#571,NA,NA,p.Lys44Val,-0.109299391591096,0.105560572240236,0.09325629,0.008873135
urn:mavedb:00000725-a-1#572,NA,NA,p.Lys44Trp,0.0981806645096932,0.115124609546033,0.1106965,0.009677062
urn:mavedb:00000725-a-1#573,NA,NA,p.Lys44Tyr,-0.310425923350081,0.176266461333678,0.07635014,0.01481648
urn:mavedb:00000725-a-1#574,NA,NA,p.Gly43His,-0.504714499221745,0.25650329125552,0.06001877,0.02156097
urn:mavedb:00000725-a-1#575,NA,NA,p.Gly43Ile,-0.381797846335363,0.218619483351377,0.07035081,0.01837656
urn:mavedb:00000725-a-1#576,NA,NA,p.Gly43Lys,-0.0119299595737592,0.204629737977258,0.1014409,0.01720062
urn:mavedb:00000725-a-1#577,NA,NA,p.Gly43Leu,-0.232478484553462,0.0985481163060182,0.08290219,0.008283687
urn:mavedb:00000725-a-1#578,NA,NA,p.Gly43Met,-0.150975375316671,0.136048411937745,0.08975312,0.01143586
urn:mavedb:00000725-a-1#579,NA,NA,p.Gly43Asn,-0.076352336104507,0.213304417497001,0.09602573,0.01792979
urn:mavedb:00000725-a-1#580,NA,NA,p.Gly43Pro,-0.209495943266499,0.146593125706988,0.08483404,0.01232222
urn:mavedb:00000725-a-1#581,NA,NA,p.Gly43Gln,-0.0782078564422805,0.151790652669672,0.09586976,0.01275911
urn:mavedb:00000725-a-1#582,NA,NA,p.Gly43Arg,-0.0895511922559858,0.0860575628401222,0.09491627,0.007233765
urn:mavedb:00000725-a-1#583,NA,NA,p.Gly43Ser,-0.0989332465226928,0.124221001477992,0.09412764,0.01044168
urn:mavedb:00000725-a-1#584,NA,NA,p.Gly43Thr,-0.272075885773326,0.150863427849989,0.07957374,0.01268117
urn:mavedb:00000725-a-1#585,NA,NA,p.Gly43Val,-0.375101817470096,0.119354796188751,0.07091366,0.01003264
urn:mavedb:00000725-a-1#586,NA,NA,p.Gly43Trp,-0.163954976227878,0.112662003212,0.08866209,0.009470062
urn:mavedb:00000725-a-1#587,NA,NA,p.Gly43Tyr,-0.198938856982341,0.202199252595409,0.08572144,0.01699632
urn:mavedb:00000725-a-1#588,NA,NA,p.Glu42Phe,-0.314516110227878,0.223687336840434,0.07600633,0.01880255
urn:mavedb:00000725-a-1#589,NA,NA,p.Glu42Gly,-0.113889951524011,0.111371204903551,0.09287042,0.009361561
urn:mavedb:00000725-a-1#590,NA,NA,p.Glu42His,-0.393901259050911,0.205754804069092,0.06933343,0.01729519
urn:mavedb:00000725-a-1#591,NA,NA,p.Glu42Ile,-0.260585269445537,0.233688730651825,0.08053961,0.01964324
urn:mavedb:00000725-a-1#592,NA,NA,p.Glu42Lys,0.0264141296785177,0.180825733079836,0.104664,0.01519972
urn:mavedb:00000725-a-1#593,NA,NA,p.Glu42Leu,-0.087498306512021,0.112098958610178,0.09508883,0.009422734
urn:mavedb:00000725-a-1#594,NA,NA,p.Glu42Met,-0.0694188501260639,0.147363195793954,0.09660854,0.01238695
urn:mavedb:00000725-a-1#595,NA,NA,p.Glu42Asn,0.113325098631548,0.168496046101133,0.1119695,0.01416332
urn:mavedb:00000725-a-1#596,NA,NA,p.Glu42Pro,0.0524142559733431,0.177035341755748,0.1068495,0.01488111
urn:mavedb:00000725-a-1#597,NA,NA,p.Glu42Gln,-0.0117312855361827,0.172616450467279,0.1014576,0.01450967
urn:mavedb:00000725-a-1#598,NA,NA,p.Glu42Arg,-0.0056092699830748,0.127864469187465,0.1019722,0.01074794
urn:mavedb:00000725-a-1#599,NA,NA,p.Glu42Ser,-0.128992271508558,0.125999550497016,0.09160096,0.01059118
urn:mavedb:00000725-a-1#600,NA,NA,p.Glu42Thr,0.0661846271407009,0.169509640592242,0.108007,0.01424852
urn:mavedb:00000725-a-1#601,NA,NA,p.Glu42Val,0.0656112086609888,0.111621046428291,0.1079588,0.009382562
urn:mavedb:00000725-a-1#602,NA,NA,p.Glu42Trp,-0.489609561974427,0.139975733691324,0.06128845,0.01176598
urn:mavedb:00000725-a-1#603,NA,NA,p.Glu42Tyr,-0.169684640298395,0.27231084459022,0.08818047,0.02288971
urn:mavedb:00000725-a-1#604,NA,NA,p.Pro41Gln,-0.108769514846566,0.184325727202892,0.09330083,0.01549392
urn:mavedb:00000725-a-1#605,NA,NA,p.Pro41Arg,0.122840038467101,0.0942382815985346,0.1127693,0.007921414
urn:mavedb:00000725-a-1#606,NA,NA,p.Pro41Ser,-0.045692530346329,0.104416043230709,0.09860291,0.008776929
urn:mavedb:00000725-a-1#607,NA,NA,p.Pro41Thr,-0.104531690555217,0.157746709969834,0.09365705,0.01325976
urn:mavedb:00000725-a-1#608,NA,NA,p.Pro41Val,-0.217914844833673,0.119624017354641,0.08412637,0.01005527
urn:mavedb:00000725-a-1#609,NA,NA,p.Pro41Trp,-0.367830704594262,0.124196256448162,0.07152485,0.0104396
urn:mavedb:00000725-a-1#610,NA,NA,p.Pro41Tyr,0.0224287522780299,0.186027542836145,0.104329,0.01563697
urn:mavedb:00000725-a-1#611,NA,NA,p.Ala40Cys,-0.034707759532178,0.158427317256646,0.09952626,0.01331697
urn:mavedb:00000725-a-1#612,NA,NA,p.Ala40Asp,0.0163578923154358,0.170087222899089,0.1038187,0.01429707
urn:mavedb:00000725-a-1#613,NA,NA,p.Ala40Glu,-0.10166388435772,0.160133534650013,0.09389811,0.01346039
urn:mavedb:00000725-a-1#614,NA,NA,p.Ala40Phe,0.0149326737704254,0.17586494943139,0.1036989,0.01478273
urn:mavedb:00000725-a-1#615,NA,NA,p.Ala40Gly,-0.156774872716563,0.102316558312781,0.08926563,0.008600452
urn:mavedb:00000725-a-1#616,NA,NA,p.Ala40His,0.329932144845413,0.204829125813772,0.1301769,0.01721738
urn:mavedb:00000725-a-1#617,NA,NA,p.Ala40Ile,0.463564823246014,0.197257860484762,0.1414097,0.01658096
urn:mavedb:00000725-a-1#618,NA,NA,p.Ala40Lys,-0.0426302139383899,0.19675867709454,0.09886032,0.016539
urn:mavedb:00000725-a-1#619,NA,NA,p.Ala40Leu,0.0948365164879703,0.0996318058527801,0.1104154,0.008374779
urn:mavedb:00000725-a-1#620,NA,NA,p.Ala40Met,0.0432764399097169,0.134875759250085,0.1060814,0.01133729
urn:mavedb:00000725-a-1#621,NA,NA,p.Ala40Asn,-0.35097469958701,0.268632281766325,0.07294172,0.0225805
urn:mavedb:00000725-a-1#622,NA,NA,p.Ala40Pro,-0.209013058285347,0.120912781336118,0.08487463,0.0101636
urn:mavedb:00000725-a-1#623,NA,NA,p.Ala40Gln,-0.207884423198827,0.158152980531705,0.0849695,0.01329391
urn:mavedb:00000725-a-1#624,NA,NA,p.Ala40Arg,-0.177668719346202,0.118962230566479,0.08750935,0.009999642
urn:mavedb:00000725-a-1#625,NA,NA,p.Ala40Ser,-0.125899975545248,0.0944799501254407,0.09186089,0.007941728
urn:mavedb:00000725-a-1#626,NA,NA,p.Ala40Thr,-0.150598727410702,0.143232441343215,0.08978478,0.01203973
urn:mavedb:00000725-a-1#627,NA,NA,p.Ala40Val,-0.0925474822622153,0.093783127706101,0.09466441,0.007883155
urn:mavedb:00000725-a-1#628,NA,NA,p.Ala40Trp,-0.134540630648975,0.132040549870729,0.09113458,0.01109897
urn:mavedb:00000725-a-1#629,NA,NA,p.Ala40Tyr,-0.462161494535084,0.172134993084002,0.06359566,0.0144692
urn:mavedb:00000725-a-1#630,NA,NA,p.Lys39Leu,-0.13177656323038,0.100308618108575,0.09136692,0.00843167
urn:mavedb:00000725-a-1#631,NA,NA,p.Lys39Met,0.114563539787938,0.157866271291849,0.1120736,0.01326981
urn:mavedb:00000725-a-1#632,NA,NA,p.Lys39Asn,-0.263573945596434,0.228391985636843,0.08028839,0.01919801
urn:mavedb:00000725-a-1#633,NA,NA,p.Lys39Pro,-0.0942390667773657,0.146900654082518,0.09452222,0.01234807
urn:mavedb:00000725-a-1#634,NA,NA,p.Lys39Gln,-0.323489633569412,0.185318264625348,0.07525204,0.01557735
urn:mavedb:00000725-a-1#635,NA,NA,p.Lys39Arg,-0.0820479757590074,0.0930400035290219,0.09554697,0.00782069
urn:mavedb:00000725-a-1#636,NA,NA,p.Lys39Ser,-0.20267952031379,0.102066419371818,0.08540701,0.008579426
urn:mavedb:00000725-a-1#637,NA,NA,p.Lys39Thr,-0.216618823896332,0.153197193475821,0.08423531,0.01287734
urn:mavedb:00000725-a-1#638,NA,NA,p.Lys39Val,0.100454114125315,0.106690135265375,0.1108876,0.008968083
urn:mavedb:00000725-a-1#639,NA,NA,p.Lys39Trp,-0.172008769638572,0.105786323050838,0.08798511,0.008892111
urn:mavedb:00000725-a-1#640,NA,NA,p.Lys39Tyr,-0.0766359522156342,0.165944571799393,0.09600189,0.01394885
urn:mavedb:00000725-a-1#641,NA,NA,p.Glu38Phe,0.142207782968576,0.180131444646724,0.1143973,0.01514136
urn:mavedb:00000725-a-1#642,NA,NA,p.Glu38Gly,-0.055522493446255,0.0823315323868899,0.09777663,0.006920565
urn:mavedb:00000725-a-1#643,NA,NA,p.Glu38His,-0.0792522632541875,0.255599264901302,0.09578197,0.02148498
urn:mavedb:00000725-a-1#644,NA,NA,p.Glu38Ile,-0.10620602492938,0.182317810791983,0.09351631,0.01532514
urn:mavedb:00000725-a-1#645,NA,NA,p.Glu38Lys,-0.243542724982644,0.177716781807987,0.08197216,0.01493839
urn:mavedb:00000725-a-1#646,NA,NA,p.Glu38Leu,-0.197435596420175,0.114426811601479,0.0858478,0.009618407
urn:mavedb:00000725-a-1#647,NA,NA,p.Glu38Met,-0.783831297713593,0.208603337695279,0.03655697,0.01753463
urn:mavedb:00000725-a-1#648,NA,NA,p.Glu38Asn,-0.183441449285942,0.264185314386318,0.08702411,0.0222067
urn:mavedb:00000725-a-1#649,NA,NA,p.Glu38Pro,-0.143389358142954,0.12745677102772,0.09039078,0.01071367
urn:mavedb:00000725-a-1#650,NA,NA,p.Glu38Gln,-0.190182328517776,0.202038885767473,0.08645749,0.01698284
urn:mavedb:00000725-a-1#651,NA,NA,p.Glu38Arg,-0.0294180335400796,0.102371889627079,0.0999709,0.008605103
urn:mavedb:00000725-a-1#652,NA,NA,p.Glu38Ser,-0.265824434679569,0.113534408273291,0.08009922,0.009543394
urn:mavedb:00000725-a-1#653,NA,NA,p.Glu38Thr,-0.656796976690325,0.21808056515364,0.04723513,0.01833126
urn:mavedb:00000725-a-1#654,NA,NA,p.Glu38Val,-0.0625887460270545,0.10785564996366,0.09718266,0.009066053
urn:mavedb:00000725-a-1#655,NA,NA,p.Glu38Trp,-0.280624817713596,0.137541084482339,0.07885514,0.01156133
urn:mavedb:00000725-a-1#656,NA,NA,p.Glu38Tyr,-0.0928287190435513,0.246939456192755,0.09464077,0.02075706
urn:mavedb:00000725-a-1#657,NA,NA,p.Met37Asn,0.140681442907434,0.231117626879308,0.114269,0.01942712
urn:mavedb:00000725-a-1#658,NA,NA,p.Met37Pro,0.0256420371612293,0.114127717950059,0.1045991,0.009593266
urn:mavedb:00000725-a-1#659,NA,NA,p.Met37Gln,-0.102935993030657,0.147342138725301,0.09379118,0.01238518
urn:mavedb:00000725-a-1#660,NA,NA,p.Met37Arg,0.0542142189604888,0.0948562649252384,0.1070008,0.00797336
urn:mavedb:00000725-a-1#661,NA,NA,p.Met37Ser,0.0785238314385699,0.115857681054744,0.1090442,0.009738682
urn:mavedb:00000725-a-1#662,NA,NA,p.Met37Thr,-0.329464725507905,0.118118698672205,0.07474979,0.009928737
urn:mavedb:00000725-a-1#663,NA,NA,p.Met37Val,0.0759386896202833,0.0940711931639381,0.1088269,0.007907369
urn:mavedb:00000725-a-1#664,NA,NA,p.Met37Trp,0.0794220284347993,0.116364061917585,0.1091197,0.009781247
urn:mavedb:00000725-a-1#665,NA,NA,p.Met37Tyr,-0.300298781959217,0.224231965429671,0.0772014,0.01884833
urn:mavedb:00000725-a-1#666,NA,NA,p.Asp36Glu,0.129668714968235,0.167895622228289,0.1133433,0.01411285
urn:mavedb:00000725-a-1#667,NA,NA,p.Asp36Phe,-0.324809447804666,0.190452263482603,0.0751411,0.0160089
urn:mavedb:00000725-a-1#668,NA,NA,p.Asp36Gly,-0.0788503944524307,0.104616811078502,0.09581575,0.008793805
urn:mavedb:00000725-a-1#669,NA,NA,p.Asp36His,0.161226955655622,0.230277842429456,0.115996,0.01935653
urn:mavedb:00000725-a-1#670,NA,NA,p.Asp36Ile,-0.244530265812538,0.169673814347844,0.08188915,0.01426232
urn:mavedb:00000725-a-1#671,NA,NA,p.Asp36Lys,0.0604325973701458,0.175778222860496,0.1075235,0.01477544
urn:mavedb:00000725-a-1#672,NA,NA,p.Asp36Leu,-0.499706961742899,0.115004524771464,0.06043969,0.009666968
urn:mavedb:00000725-a-1#673,NA,NA,p.Asp36Met,-0.185067245332362,0.200330764910272,0.08688745,0.01683926
urn:mavedb:00000725-a-1#674,NA,NA,p.Asp36Asn,0.0256979514113256,0.199031174978245,0.1046038,0.01673002
urn:mavedb:00000725-a-1#675,NA,NA,p.Asp36Pro,-0.135646424169499,0.132810500991205,0.09104163,0.01116369
urn:mavedb:00000725-a-1#676,NA,NA,p.Asp36Gln,-0.0496011743610464,0.18708063420179,0.09827436,0.01572549
urn:mavedb:00000725-a-1#677,NA,NA,p.Asp36Arg,-0.0552720689857169,0.123400965465408,0.09779768,0.01037275
urn:mavedb:00000725-a-1#678,NA,NA,p.Asp36Ser,0.202120496779315,0.1130297405279,0.1194334,0.009500973
urn:mavedb:00000725-a-1#679,NA,NA,p.Asp36Thr,0.0782954157786016,0.218197985078842,0.109025,0.01834113
urn:mavedb:00000725-a-1#680,NA,NA,p.Asp36Val,-0.051933155489535,0.107485997287279,0.09807834,0.009034981
urn:mavedb:00000725-a-1#681,NA,NA,p.Asp36Trp,-0.370250482992051,0.142994389397592,0.07132145,0.01201972
urn:mavedb:00000725-a-1#682,NA,NA,p.Asp36Tyr,-0.656693237911422,0.23267406546231,0.04724385,0.01955795
urn:mavedb:00000725-a-1#683,NA,NA,p.Pro35Gln,-0.283821209355277,0.222093304846728,0.07858646,0.01866856
urn:mavedb:00000725-a-1#684,NA,NA,p.Pro35Arg,0.0292824117419735,0.10378295115983,0.1049051,0.008723713
urn:mavedb:00000725-a-1#685,NA,NA,p.Pro35Ser,0.124979055949512,0.112887813505847,0.1129491,0.009489043
urn:mavedb:00000725-a-1#686,NA,NA,p.Pro35Thr,0.0540833558219654,0.142077514662501,0.1069898,0.01194265
urn:mavedb:00000725-a-1#687,NA,NA,p.Pro35Val,-0.040151666094755,0.0975201744562672,0.09906866,0.008197281
urn:mavedb:00000725-a-1#688,NA,NA,p.Pro35Trp,-0.235693791866984,0.12955212780846,0.08263192,0.0108898
urn:mavedb:00000725-a-1#689,NA,NA,p.Pro35Tyr,0.272372588198305,0.263044187818393,0.1253386,0.02211078
urn:mavedb:00000725-a-1#690,NA,NA,p.Asp34Glu,0.0783203987414107,0.142672822976293,0.1090271,0.01199269
urn:mavedb:00000725-a-1#691,NA,NA,p.Asp34Phe,-0.282117014392233,0.141755829274712,0.07872971,0.01191561
urn:mavedb:00000725-a-1#692,NA,NA,p.Asp34Gly,0.0366892653824028,0.0941296057103154,0.1055277,0.007912279
urn:mavedb:00000725-a-1#693,NA,NA,p.Asp34His,-0.069215893294863,0.180298592564566,0.0966256,0.01515541
urn:mavedb:00000725-a-1#694,NA,NA,p.Asp34Ile,-0.462970704597117,0.202430761384106,0.06352764,0.01701578
urn:mavedb:00000725-a-1#695,NA,NA,p.Asp34Lys,-0.314071889355835,0.123015276106233,0.07604367,0.01034033
urn:mavedb:00000725-a-1#696,NA,NA,p.Asp34Leu,-0.0248949276067497,0.0968097303738722,0.1003511,0.008137563
urn:mavedb:00000725-a-1#697,NA,NA,p.Asp34Met,-0.225943893214537,0.149720397818231,0.08345147,0.01258509
urn:mavedb:00000725-a-1#698,NA,NA,p.Asp34Asn,-0.0913559139027142,0.168312242874752,0.09476457,0.01414787
urn:mavedb:00000725-a-1#699,NA,NA,p.Asp34Pro,-0.148892510017335,0.17849327608539,0.0899282,0.01500366
urn:mavedb:00000725-a-1#700,NA,NA,p.Asp34Gln,-0.25734093430856,0.198871284016267,0.08081232,0.01671658
urn:mavedb:00000725-a-1#701,NA,NA,p.Asp34Arg,-0.14537883474798,0.0922153635132917,0.09022355,0.007751373
urn:mavedb:00000725-a-1#702,NA,NA,p.Asp34Ser,-0.145780227683778,0.10908099290955,0.09018981,0.009169052
urn:mavedb:00000725-a-1#703,NA,NA,p.Asp34Thr,-0.046635339776146,0.136479665462424,0.09852366,0.01147211
urn:mavedb:00000725-a-1#704,NA,NA,p.Asp34Val,-0.0943990767058331,0.0987948171154329,0.09450877,0.008304424
urn:mavedb:00000725-a-1#705,NA,NA,p.Asp34Trp,0.0091294884093566,0.144114220963885,0.1032111,0.01211385
urn:mavedb:00000725-a-1#706,NA,NA,p.Asp34Tyr,-0.118166320957979,0.149996519040515,0.09251096,0.0126083
urn:mavedb:00000725-a-1#707,NA,NA,p.Leu33Met,-0.0840896786529529,0.162980283778857,0.09537535,0.01369968
urn:mavedb:00000725-a-1#708,NA,NA,p.Leu33Asn,-0.547278210892467,0.266853256881343,0.05644098,0.02243096
urn:mavedb:00000725-a-1#709,NA,NA,p.Leu33Pro,-0.403731103184348,0.173422567400584,0.06850716,0.01457743
urn:mavedb:00000725-a-1#710,NA,NA,p.Leu33Gln,-0.114349519073207,0.188267324935219,0.09283179,0.01582524
urn:mavedb:00000725-a-1#711,NA,NA,p.Leu33Arg,-0.269087923421366,0.0938875802839406,0.0798249,0.007891935
urn:mavedb:00000725-a-1#712,NA,NA,p.Leu33Ser,0.141010980083534,0.102210975553291,0.1142967,0.008591577
urn:mavedb:00000725-a-1#713,NA,NA,p.Leu33Thr,0.162145376955077,0.120466775966732,0.1160732,0.01012611
urn:mavedb:00000725-a-1#714,NA,NA,p.Leu33Val,-0.0643120945949194,0.0923320220529609,0.0970378,0.007761179
urn:mavedb:00000725-a-1#715,NA,NA,p.Leu33Trp,0.0236445898014026,0.110354457800469,0.1044312,0.009276096
urn:mavedb:00000725-a-1#716,NA,NA,p.Leu33Tyr,-0.0252565857350328,0.163617944162935,0.1003207,0.01375328
urn:mavedb:00000725-a-1#717,NA,NA,p.Cys32Asp,-0.485858191658917,0.207170862194405,0.06160378,0.01741422
urn:mavedb:00000725-a-1#718,NA,NA,p.Cys32Glu,-0.503782753675458,0.170771875046546,0.06009709,0.01435462
urn:mavedb:00000725-a-1#719,NA,NA,p.Cys32Phe,-1.01955625880084,0.246568875577755,0.01674257,0.02072591
urn:mavedb:00000725-a-1#720,NA,NA,p.Cys32Gly,-0.966607248456898,0.129113141461958,0.02119332,0.0108529
urn:mavedb:00000725-a-1#721,NA,NA,p.Cys32His,-0.0717621330710614,0.215156368840088,0.09641157,0.01808546
urn:mavedb:00000725-a-1#722,NA,NA,p.Cys32Ile,-0.916243855797196,0.237114251752412,0.02542673,0.01993118
urn:mavedb:00000725-a-1#723,NA,NA,p.Cys32Lys,-0.817143104457194,0.223276783484939,0.03375687,0.01876804
urn:mavedb:00000725-a-1#724,NA,NA,p.Cys32Leu,-0.775633792783502,0.122651119681669,0.03724603,0.01030972
urn:mavedb:00000725-a-1#725,NA,NA,p.Cys32Met,-0.68699340797164,0.153339120497874,0.0446969,0.01288927
urn:mavedb:00000725-a-1#726,NA,NA,p.Cys32Asn,-1.03660891541535,0.385819508515169,0.01530917,0.03243094
urn:mavedb:00000725-a-1#727,NA,NA,p.Cys32Pro,-0.793750485680694,0.19185095250044,0.03572319,0.01612647
urn:mavedb:00000725-a-1#728,NA,NA,p.Cys32Gln,-1.0759830165343,0.224594813222849,0.01199949,0.01887883
urn:mavedb:00000725-a-1#729,NA,NA,p.Cys32Arg,-0.763213334373259,0.106289896304525,0.03829006,0.00893444
urn:mavedb:00000725-a-1#730,NA,NA,p.Cys32Ser,-0.952132000838857,0.137840047270621,0.02241007,0.01158646
urn:mavedb:00000725-a-1#731,NA,NA,p.Cys32Thr,-0.939624934824209,0.165806094805538,0.02346138,0.01393721
urn:mavedb:00000725-a-1#732,NA,NA,p.Cys32Val,-0.629817994119344,0.12020933248331,0.04950291,0.01010447
urn:mavedb:00000725-a-1#733,NA,NA,p.Cys32Trp,-0.935987772338683,0.129704404915105,0.02376711,0.0109026
urn:mavedb:00000725-a-1#734,NA,NA,p.Cys32Tyr,-1.00530466818319,0.209881751592164,0.01794052,0.01764209
urn:mavedb:00000725-a-1#735,NA,NA,p.Val31Trp,-0.236034749826083,0.140694410254797,0.08260326,0.01182639
urn:mavedb:00000725-a-1#736,NA,NA,p.Val31Tyr,0.112384073699074,0.161958361633478,0.1118904,0.01361378
urn:mavedb:00000725-a-1#737,NA,NA,p.Met30Asn,-0.248067972312786,0.168521861829369,0.08159178,0.01416549
urn:mavedb:00000725-a-1#738,NA,NA,p.Met30Pro,-0.230924306333762,0.153671631836213,0.08303283,0.01291722
urn:mavedb:00000725-a-1#739,NA,NA,p.Met30Gln,-0.287121101842881,0.168663075052484,0.07830908,0.01417736
urn:mavedb:00000725-a-1#740,NA,NA,p.Met30Arg,-0.266130535457225,0.0989529354767161,0.08007349,0.008317715
urn:mavedb:00000725-a-1#741,NA,NA,p.Met30Ser,-0.227635834629156,0.102941822388646,0.08330925,0.00865301
urn:mavedb:00000725-a-1#742,NA,NA,p.Met30Thr,0.0765573153660307,0.158544023382911,0.1088789,0.01332678
urn:mavedb:00000725-a-1#743,NA,NA,p.Met30Val,-0.137434847407156,0.0988488279016962,0.0908913,0.008308964
urn:mavedb:00000725-a-1#744,NA,NA,p.Met30Trp,-0.119354320322793,0.116186218912331,0.0924111,0.009766298
urn:mavedb:00000725-a-1#745,NA,NA,p.Met30Tyr,-0.419288232058509,0.150993934089043,0.06719947,0.01269214
urn:mavedb:00000725-a-1#746,NA,NA,p.His29Ile,-1.17260099672028,0.24154444485739,0.003878045,0.02030357
urn:mavedb:00000725-a-1#747,NA,NA,p.His29Lys,-0.942873076888851,0.192318609770927,0.02318835,0.01616578
urn:mavedb:00000725-a-1#748,NA,NA,p.His29Leu,-1.03966504556583,0.141362645026694,0.01505228,0.01188256
urn:mavedb:00000725-a-1#749,NA,NA,p.His29Met,-0.685816948356314,0.155559392092659,0.04479579,0.0130759
urn:mavedb:00000725-a-1#750,NA,NA,p.His29Asn,-0.491287941209235,0.255871222296452,0.06114737,0.02150784
urn:mavedb:00000725-a-1#751,NA,NA,p.His29Pro,-1.09560784761973,0.206491563538979,0.01034988,0.01735712
urn:mavedb:00000725-a-1#752,NA,NA,p.His29Gln,-0.745814604240603,0.13761781786811,0.03975255,0.01156778
urn:mavedb:00000725-a-1#753,NA,NA,p.His29Arg,-0.653318039635922,0.0922597380139002,0.04752756,0.007755103
urn:mavedb:00000725-a-1#754,NA,NA,p.His29Ser,-0.476979960475525,0.110475577583497,0.06235006,0.009286277
urn:mavedb:00000725-a-1#755,NA,NA,p.His29Thr,-0.78953324259204,0.155237349805402,0.03607768,0.01304883
urn:mavedb:00000725-a-1#756,NA,NA,p.His29Val,-1.15216419555026,0.113380965295048,0.005595907,0.009530496
urn:mavedb:00000725-a-1#757,NA,NA,p.His29Trp,-0.99941059242409,0.123579772099227,0.01843596,0.01038778
urn:mavedb:00000725-a-1#758,NA,NA,p.His29Tyr,-0.841477818864573,0.157872457549307,0.03171136,0.01327033
urn:mavedb:00000725-a-1#759,NA,NA,p.Ala27Cys,-0.0200779744441898,0.197306160879526,0.100756,0.01658502
urn:mavedb:00000725-a-1#760,NA,NA,p.Ala27Asp,-0.54534417267158,0.200354915107654,0.05660355,0.01684129
urn:mavedb:00000725-a-1#761,NA,NA,p.Ala27Glu,-0.671779854319347,0.144442806408068,0.04597571,0.01214147
urn:mavedb:00000725-a-1#762,NA,NA,p.Ala27Phe,-0.171670072042775,0.169582804983325,0.08801358,0.01425467
urn:mavedb:00000725-a-1#763,NA,NA,p.Ala27Gly,-0.161765397987401,0.0993648212568943,0.08884614,0.008352337
urn:mavedb:00000725-a-1#764,NA,NA,p.Ala27His,-0.275832609580866,0.184884036938429,0.07925796,0.01554085
urn:mavedb:00000725-a-1#765,NA,NA,p.Ala27Ile,-0.421026570404059,0.134984494621549,0.06705335,0.01134643
urn:mavedb:00000725-a-1#766,NA,NA,p.Ala27Lys,-0.237556093294663,0.182393354512858,0.08247538,0.01533149
urn:mavedb:00000725-a-1#767,NA,NA,p.Ala27Leu,-0.149548134341338,0.0941797381890188,0.08987309,0.007916493
urn:mavedb:00000725-a-1#768,NA,NA,p.Ala27Met,-0.0661346612150828,0.135187689385729,0.0968846,0.01136351
urn:mavedb:00000725-a-1#769,NA,NA,p.Ala27Asn,-0.165009376224909,0.159755697079149,0.08857346,0.01342863
urn:mavedb:00000725-a-1#770,NA,NA,p.Ala27Pro,-0.262290297174008,0.167140779851988,0.08039629,0.0140494
urn:mavedb:00000725-a-1#771,NA,NA,p.Ala27Gln,-0.423676786892139,0.155623990896494,0.06683058,0.01308133
urn:mavedb:00000725-a-1#772,NA,NA,p.Ala27Arg,-0.151707019227507,0.094438668753561,0.08969162,0.007938258
urn:mavedb:00000725-a-1#773,NA,NA,p.Ala27Ser,-0.087618343699994,0.132798485375759,0.09507874,0.01116268
urn:mavedb:00000725-a-1#774,NA,NA,p.Ala27Thr,-0.0940093424860123,0.123599044670537,0.09454153,0.0103894
urn:mavedb:00000725-a-1#775,NA,NA,p.Ala27Val,-0.0770086742274471,0.102808698886821,0.09597056,0.00864182
urn:mavedb:00000725-a-1#776,NA,NA,p.Ala27Trp,-0.257208405639183,0.134161246513747,0.08082346,0.01127723
urn:mavedb:00000725-a-1#777,NA,NA,p.Ala27Tyr,0.0858890468076509,0.153586451829683,0.1096633,0.01291006
urn:mavedb:00000725-a-1#778,NA,NA,p.Arg26Ser,-0.133934020518674,0.108407702061846,0.09118557,0.009112457
urn:mavedb:00000725-a-1#779,NA,NA,p.Arg26Thr,-0.191230066391391,0.124370661321867,0.08636942,0.01045426
urn:mavedb:00000725-a-1#780,NA,NA,p.Arg26Val,-0.226422138502595,0.100790932050576,0.08341127,0.008472212
urn:mavedb:00000725-a-1#781,NA,NA,p.Arg26Trp,-0.791150116151742,0.147245181036304,0.03594177,0.01237703
urn:mavedb:00000725-a-1#782,NA,NA,p.Arg26Tyr,-0.413076515772268,0.20995979360932,0.06772161,0.01764865
urn:mavedb:00000725-a-1#783,NA,NA,p.Pro25Gln,-0.0580927644533459,0.154867364022849,0.09756058,0.01301773
urn:mavedb:00000725-a-1#784,NA,NA,p.Pro25Arg,-0.0539630807010134,0.0943528701212854,0.09790771,0.007931046
urn:mavedb:00000725-a-1#785,NA,NA,p.Pro25Ser,0.0676836049092427,0.110230423338446,0.108133,0.00926567
urn:mavedb:00000725-a-1#786,NA,NA,p.Pro25Thr,-0.191966112062341,0.221353571214602,0.08630755,0.01860638
urn:mavedb:00000725-a-1#787,NA,NA,p.Pro25Val,-0.241015519844776,0.107432188744047,0.08218459,0.009030458
urn:mavedb:00000725-a-1#788,NA,NA,p.Pro25Trp,-0.269850022753531,0.126191681377666,0.07976084,0.01060733
urn:mavedb:00000725-a-1#789,NA,NA,p.Pro25Tyr,-0.135027917390241,0.246055654141764,0.09109362,0.02068277
urn:mavedb:00000725-a-1#790,NA,NA,p.Cys24Asp,-0.64712868904972,0.201780252619154,0.04804782,0.0169611
urn:mavedb:00000725-a-1#791,NA,NA,p.Cys24Glu,-0.822053089414595,0.164558850128919,0.03334415,0.01383237
urn:mavedb:00000725-a-1#792,NA,NA,p.Cys24Phe,-0.881950694481159,0.274198723813156,0.02830932,0.0230484
urn:mavedb:00000725-a-1#793,NA,NA,p.Cys24Gly,-0.695440028730883,0.104411962680117,0.0439869,0.008776586
urn:mavedb:00000725-a-1#794,NA,NA,p.Cys24His,-0.402487427502416,0.670392824017488,0.0686117,0.0563514
urn:mavedb:00000725-a-1#795,NA,NA,p.Cys24Ile,-1.17852183993953,0.364378178100544,0.003380355,0.03062864
urn:mavedb:00000725-a-1#796,NA,NA,p.Cys24Lys,-0.655087666168229,0.213733767557848,0.04737881,0.01796588
urn:mavedb:00000725-a-1#797,NA,NA,p.Cys24Leu,-1.19260849541605,0.157134032548565,0.002196269,0.01320826
urn:mavedb:00000725-a-1#798,NA,NA,p.Cys24Met,-0.751202834486063,0.150281205850049,0.03929963,0.01263223
urn:mavedb:00000725-a-1#799,NA,NA,p.Cys24Asn,-0.401236256931642,0.217495368991461,0.06871687,0.01828207
urn:mavedb:00000725-a-1#800,NA,NA,p.Cys24Pro,-0.652178102732893,0.171675068635337,0.04762338,0.01443054
urn:mavedb:00000725-a-1#801,NA,NA,p.Cys24Gln,-1.15045433778232,0.284992434445063,0.005739633,0.02395569
urn:mavedb:00000725-a-1#802,NA,NA,p.Cys24Arg,-0.77461817586207,0.1099259286084,0.0373314,0.009240075
urn:mavedb:00000725-a-1#803,NA,NA,p.Cys24Ser,-0.681307761502263,0.146461429803038,0.04517482,0.01231115
urn:mavedb:00000725-a-1#804,NA,NA,p.Cys24Thr,-0.768476887737653,0.21465040435996,0.03784762,0.01804293
urn:mavedb:00000725-a-1#805,NA,NA,p.Cys24Val,-0.989821536465537,0.131369103003614,0.01924199,0.01104253
urn:mavedb:00000725-a-1#806,NA,NA,p.Cys24Trp,-0.901007341612418,0.161462985170922,0.02670747,0.01357214
urn:mavedb:00000725-a-1#807,NA,NA,p.Cys24Tyr,-1.31349968433432,0.245822836721681,-0.007965516,0.0206632
urn:mavedb:00000725-a-1#808,NA,NA,p.Thr23Val,-0.230767389534023,0.11549546378396,0.08304602,0.009708235
urn:mavedb:00000725-a-1#809,NA,NA,p.Thr23Trp,-0.326530773942208,0.16451756875704,0.07499641,0.0138289
urn:mavedb:00000725-a-1#810,NA,NA,p.Thr23Tyr,-0.29632411154279,0.182685893110703,0.0775355,0.01535608
urn:mavedb:00000725-a-1#811,NA,NA,p.Asp22Glu,0.007694752545181,0.202830726722029,0.1030905,0.0170494
urn:mavedb:00000725-a-1#812,NA,NA,p.Asp22Phe,-0.129329779439459,0.185586415092831,0.09157259,0.01559989
urn:mavedb:00000725-a-1#813,NA,NA,p.Asp22Gly,-0.0206478239292148,0.0895598768097242,0.1007081,0.00752816
urn:mavedb:00000725-a-1#814,NA,NA,p.Asp22His,-0.527845986553646,0.283349745157124,0.0580744,0.02381761
urn:mavedb:00000725-a-1#815,NA,NA,p.Asp22Ile,0.0295643623222469,0.203571531052562,0.1049288,0.01711167
urn:mavedb:00000725-a-1#816,NA,NA,p.Asp22Lys,0.0247474091596869,0.172071821878042,0.1045239,0.01446389
urn:mavedb:00000725-a-1#817,NA,NA,p.Asp22Leu,-0.339796608227313,0.12959055398459,0.07388132,0.01089303
urn:mavedb:00000725-a-1#818,NA,NA,p.Asp22Met,-0.515068509708213,0.170180849526378,0.05914844,0.01430494
urn:mavedb:00000725-a-1#819,NA,NA,p.Asp22Asn,-0.101330659220443,0.144125403813904,0.09392612,0.01211479
urn:mavedb:00000725-a-1#820,NA,NA,p.Asp22Pro,-0.72092336459503,0.258036055507099,0.04184484,0.02168981
urn:mavedb:00000725-a-1#821,NA,NA,p.Asp22Gln,0.0826079510253983,0.211740602991646,0.1093875,0.01779834
urn:mavedb:00000725-a-1#822,NA,NA,p.Asp22Arg,-0.263591909536359,0.111727140743686,0.08028688,0.00939148
urn:mavedb:00000725-a-1#823,NA,NA,p.Asp22Ser,-0.272051735575944,0.122649454150815,0.07957577,0.01030958
urn:mavedb:00000725-a-1#824,NA,NA,p.Asp22Thr,0.0887620875306892,0.124990119833041,0.1099048,0.01050633
urn:mavedb:00000725-a-1#825,NA,NA,p.Asp22Val,-0.0649060942773263,0.105714669534171,0.09698787,0.008886088
urn:mavedb:00000725-a-1#826,NA,NA,p.Asp22Trp,-0.218907739155598,0.13914463379521,0.08404291,0.01169612
urn:mavedb:00000725-a-1#827,NA,NA,p.Asp22Tyr,-0.419531161630204,0.232778755973129,0.06717905,0.01956675
urn:mavedb:00000725-a-1#828,NA,NA,p.Cys21Asp,-0.656511457115364,0.209386850995566,0.04725913,0.01760049
urn:mavedb:00000725-a-1#829,NA,NA,p.Cys21Glu,-0.89316887754784,0.187753389700291,0.02736635,0.01578204
urn:mavedb:00000725-a-1#830,NA,NA,p.Cys21Phe,-1.11150922982475,0.259806871704301,0.009013253,0.02183866
urn:mavedb:00000725-a-1#831,NA,NA,p.Cys21Gly,-0.662928747495577,0.104870911603568,0.04671971,0.008815164
urn:mavedb:00000725-a-1#832,NA,NA,p.Cys21His,-0.843665017775259,0.449033304478408,0.03152751,0.03774452
urn:mavedb:00000725-a-1#833,NA,NA,p.Cys21Ile,-0.802367109553528,0.356895066940302,0.0349989,0.02999963
urn:mavedb:00000725-a-1#834,NA,NA,p.Cys21Lys,-0.734476978818397,0.166221049921147,0.04070556,0.01397209
urn:mavedb:00000725-a-1#835,NA,NA,p.Cys21Leu,-1.05679205623632,0.148415573360662,0.01361263,0.01247541
urn:mavedb:00000725-a-1#836,NA,NA,p.Cys21Met,-0.9114672322746,0.172101325567455,0.02582824,0.01446637
urn:mavedb:00000725-a-1#837,NA,NA,p.Cys21Asn,-0.982679026364925,0.269450533281565,0.01984237,0.02264928
urn:mavedb:00000725-a-1#838,NA,NA,p.Cys21Pro,-1.10916390065613,0.241466164907255,0.009210395,0.02029699
urn:mavedb:00000725-a-1#839,NA,NA,p.Cys21Gln,-0.467964204030195,0.270577740770211,0.0631079,0.02274403
urn:mavedb:00000725-a-1#840,NA,NA,p.Cys21Arg,-0.743089319897607,0.126138860256299,0.03998163,0.01060289
urn:mavedb:00000725-a-1#841,NA,NA,p.Cys21Ser,-0.889111049555206,0.164764424222891,0.02770744,0.01384965
urn:mavedb:00000725-a-1#842,NA,NA,p.Cys21Thr,-0.466517452550573,0.187361752016637,0.06322951,0.01574912
urn:mavedb:00000725-a-1#843,NA,NA,p.Cys21Val,-0.876836563027661,0.128618954664298,0.0287392,0.01081136
urn:mavedb:00000725-a-1#844,NA,NA,p.Cys21Trp,-0.738424762808182,0.138605358698004,0.04037372,0.01165079
urn:mavedb:00000725-a-1#845,NA,NA,p.Cys21Tyr,-0.764789283460551,0.225699417078477,0.03815759,0.01897168
urn:mavedb:00000725-a-1#846,NA,NA,p.Leu20Met,-0.0111245564393919,0.139502484995827,0.1015086,0.0117262
urn:mavedb:00000725-a-1#847,NA,NA,p.Leu20Asn,-0.0832197956812405,0.144666582374943,0.09544847,0.01216028
urn:mavedb:00000725-a-1#848,NA,NA,p.Leu20Pro,0.149424290225699,0.125093025846517,0.1150039,0.01051498
urn:mavedb:00000725-a-1#849,NA,NA,p.Leu20Gln,-0.0218446268142568,0.179456666717902,0.1006075,0.01508464
urn:mavedb:00000725-a-1#850,NA,NA,p.Leu20Arg,0.112775473449749,0.0885931432188554,0.1119233,0.007446899
urn:mavedb:00000725-a-1#851,NA,NA,p.Leu20Ser,-0.0125949822504376,0.0959107363021627,0.101385,0.008061996
urn:mavedb:00000725-a-1#852,NA,NA,p.Leu20Thr,0.0364727463713913,0.129143121017329,0.1055095,0.01085542
urn:mavedb:00000725-a-1#853,NA,NA,p.Leu20Val,-0.0279678320322603,0.0995918569055836,0.1000928,0.008371421
urn:mavedb:00000725-a-1#854,NA,NA,p.Leu20Trp,-0.145574415656828,0.116828031226895,0.09020711,0.009820247
urn:mavedb:00000725-a-1#855,NA,NA,p.Leu20Tyr,-0.178944991846275,0.194964186565914,0.08740207,0.01638816
urn:mavedb:00000725-a-1#856,NA,NA,p.Ile19Lys,0.126517292659611,0.1359645405626,0.1130784,0.01142881
urn:mavedb:00000725-a-1#857,NA,NA,p.Ile19Leu,-0.144644097708415,0.107065058157244,0.09028531,0.008999598
urn:mavedb:00000725-a-1#858,NA,NA,p.Ile19Met,0.276593519248136,0.166064371054387,0.1256934,0.01395892
urn:mavedb:00000725-a-1#859,NA,NA,p.Ile19Asn,-0.0974819743164673,0.218595214187506,0.09424963,0.01837452
urn:mavedb:00000725-a-1#860,NA,NA,p.Ile19Pro,-0.849325324382358,0.190698999981965,0.03105172,0.01602964
urn:mavedb:00000725-a-1#861,NA,NA,p.Ile19Gln,-0.124179006307175,0.178734302193252,0.09200555,0.01502392
urn:mavedb:00000725-a-1#862,NA,NA,p.Ile19Arg,0.0224465972514649,0.093871555497796,0.1043305,0.007890588
urn:mavedb:00000725-a-1#863,NA,NA,p.Ile19Ser,-0.142540413273405,0.125656570107595,0.09046214,0.01056235
urn:mavedb:00000725-a-1#864,NA,NA,p.Ile19Thr,-0.101270938042681,0.121314769104365,0.09393114,0.01019739
urn:mavedb:00000725-a-1#865,NA,NA,p.Ile19Val,-0.179940027565011,0.0963056455642797,0.08731843,0.008095191
urn:mavedb:00000725-a-1#866,NA,NA,p.Ile19Trp,-0.199467900961444,0.112002762306715,0.08567697,0.009414648
urn:mavedb:00000725-a-1#867,NA,NA,p.Ile19Tyr,-0.628825575663377,0.40501296710943,0.04958633,0.03404429
urn:mavedb:00000725-a-1#868,NA,NA,p.Ile18Lys,-0.305012829108302,0.180234826526158,0.07680515,0.01515005
urn:mavedb:00000725-a-1#869,NA,NA,p.Ile18Leu,-0.197243227606545,0.0968309064090151,0.08586397,0.008139343
urn:mavedb:00000725-a-1#870,NA,NA,p.Ile18Met,0.0224287522780299,0.114493789735105,0.104329,0.009624037
urn:mavedb:00000725-a-1#871,NA,NA,p.Ile18Asn,-0.278842937632865,0.252482223908162,0.07900492,0.02122297
urn:mavedb:00000725-a-1#872,NA,NA,p.Ile18Pro,-0.369102337401242,0.137078780703883,0.07141796,0.01152247
urn:mavedb:00000725-a-1#873,NA,NA,p.Ile18Gln,-0.140012851236069,0.139277162464588,0.0906746,0.01170726
urn:mavedb:00000725-a-1#874,NA,NA,p.Ile18Arg,-0.0598389545872075,0.0856095588337115,0.0974138,0.007196107
urn:mavedb:00000725-a-1#875,NA,NA,p.Ile18Ser,-0.0806737938380213,0.100899512765604,0.09566248,0.008481339
urn:mavedb:00000725-a-1#876,NA,NA,p.Ile18Thr,0.220932667774514,0.149134249924135,0.1210147,0.01253582
urn:mavedb:00000725-a-1#877,NA,NA,p.Ile18Val,-0.161083601035694,0.101232571349795,0.08890345,0.008509335
urn:mavedb:00000725-a-1#878,NA,NA,p.Ile18Trp,-0.218044280374322,0.105184828479588,0.08411549,0.008841551
urn:mavedb:00000725-a-1#879,NA,NA,p.Ile18Tyr,-0.231448591653283,0.172820121097417,0.08298876,0.01452679
urn:mavedb:00000725-a-1#880,NA,NA,p.Glu17Phe,-0.222216554129919,0.113381048571591,0.08376478,0.009530503
urn:mavedb:00000725-a-1#881,NA,NA,p.Glu17Gly,-0.171067982639077,0.10388227628197,0.08806419,0.008732062
urn:mavedb:00000725-a-1#882,NA,NA,p.Glu17His,-0.110479896067068,0.162574370116455,0.09315706,0.01366556
urn:mavedb:00000725-a-1#883,NA,NA,p.Glu17Ile,-0.198795978228371,0.141989360493732,0.08573345,0.01193524
urn:mavedb:00000725-a-1#884,NA,NA,p.Glu17Lys,-0.15346938880395,0.146079904270997,0.08954348,0.01227908
urn:mavedb:00000725-a-1#885,NA,NA,p.Glu17Leu,-0.321798168020751,0.0845129852161295,0.07539422,0.007103932
urn:mavedb:00000725-a-1#886,NA,NA,p.Glu17Met,-0.14907512357882,0.153288678706298,0.08991285,0.01288503
urn:mavedb:00000725-a-1#887,NA,NA,p.Glu17Asn,0.114947801549239,0.13198249422382,0.1121059,0.01109409
urn:mavedb:00000725-a-1#888,NA,NA,p.Glu17Pro,-0.800481609660384,0.168505325487319,0.03515739,0.0141641
urn:mavedb:00000725-a-1#889,NA,NA,p.Glu17Gln,-0.135210530951726,0.170574628606844,0.09107827,0.01433804
urn:mavedb:00000725-a-1#890,NA,NA,p.Glu17Arg,-0.114852628357585,0.0861872720036969,0.0927895,0.007244668
urn:mavedb:00000725-a-1#891,NA,NA,p.Glu17Ser,-0.0334932306401905,0.089815059929845,0.09962835,0.00754961
urn:mavedb:00000725-a-1#892,NA,NA,p.Glu17Thr,-0.0327621815618026,0.10898907939971,0.0996898,0.009161326
urn:mavedb:00000725-a-1#893,NA,NA,p.Glu17Val,-0.0760607492385788,0.109229879471242,0.09605024,0.009181567
urn:mavedb:00000725-a-1#894,NA,NA,p.Glu17Trp,-0.412492628241474,0.117993807651458,0.06777069,0.009918239
urn:mavedb:00000725-a-1#895,NA,NA,p.Glu17Tyr,-0.0553894889109193,0.128171878596506,0.09778781,0.01077378
urn:mavedb:00000725-a-1#896,NA,NA,p.Gly16His,-0.120345906013333,0.195179040046071,0.09232775,0.01640622
urn:mavedb:00000725-a-1#897,NA,NA,p.Gly16Ile,-0.0799053892819092,0.216665220827263,0.09572707,0.01821229
urn:mavedb:00000725-a-1#898,NA,NA,p.Gly16Lys,0.0255837435813415,0.164287249633238,0.1045942,0.01380954
urn:mavedb:00000725-a-1#899,NA,NA,p.Gly16Leu,-0.0164257032144888,0.0999095331226738,0.101063,0.008398124
urn:mavedb:00000725-a-1#900,NA,NA,p.Gly16Met,-0.0953862606362585,0.155742481520102,0.09442579,0.01309129
urn:mavedb:00000725-a-1#901,NA,NA,p.Gly16Asn,0.143762674987215,0.217450042758936,0.114528,0.01827826
urn:mavedb:00000725-a-1#902,NA,NA,p.Gly16Pro,-0.34741843431439,0.118525730619609,0.07324065,0.009962951
urn:mavedb:00000725-a-1#903,NA,NA,p.Gly16Gln,0.0361051399186299,0.143243862126214,0.1054786,0.01204069
urn:mavedb:00000725-a-1#904,NA,NA,p.Gly16Arg,0.0092329892552797,0.0824540916644416,0.1032198,0.006930867
urn:mavedb:00000725-a-1#905,NA,NA,p.Gly16Ser,0.0688328211984579,0.0979966233503333,0.1082296,0.00823733
urn:mavedb:00000725-a-1#906,NA,NA,p.Gly16Thr,0.241535284437694,0.122956387693897,0.1227465,0.01033538
urn:mavedb:00000725-a-1#907,NA,NA,p.Gly16Val,-0.340995195609699,0.101989388569823,0.07378057,0.008572951
urn:mavedb:00000725-a-1#908,NA,NA,p.Gly16Trp,-0.268132622510144,0.0964567924892743,0.0799052,0.008107896
urn:mavedb:00000725-a-1#909,NA,NA,p.Gly16Tyr,-0.262459705455151,0.315349589453782,0.08038205,0.02650743
urn:mavedb:00000725-a-1#910,NA,NA,p.Gly15His,-0.691440851217605,0.362892524578834,0.04432306,0.03050376
urn:mavedb:00000725-a-1#911,NA,NA,p.Gly15Ile,-0.664004799393709,0.329629375129465,0.04662926,0.02770775
urn:mavedb:00000725-a-1#912,NA,NA,p.Gly15Lys,-0.0328358218188443,0.247987907865308,0.09968361,0.02084519
urn:mavedb:00000725-a-1#913,NA,NA,p.Gly15Leu,-0.0522054697841533,0.124198754744443,0.09805545,0.01043981
urn:mavedb:00000725-a-1#914,NA,NA,p.Gly15Met,-0.0276942091062566,0.181790789243202,0.1001158,0.01528084
urn:mavedb:00000725-a-1#915,NA,NA,p.Gly15Asn,-0.328410444477364,0.303010623088893,0.07483841,0.02547025
urn:mavedb:00000725-a-1#916,NA,NA,p.Gly15Pro,-0.136281824190275,0.232488239805607,0.09098822,0.01954233
urn:mavedb:00000725-a-1#917,NA,NA,p.Gly15Gln,-0.046408232747563,0.168679135528576,0.09854275,0.01417871
urn:mavedb:00000725-a-1#918,NA,NA,p.Gly15Arg,0.0754759099758683,0.0945370302471348,0.108788,0.007946526
urn:mavedb:00000725-a-1#919,NA,NA,p.Gly15Ser,-0.0130577618948526,0.106843102377659,0.1013461,0.008980941
urn:mavedb:00000725-a-1#920,NA,NA,p.Gly15Thr,-0.0034785801549333,0.145431417936368,0.1021513,0.01222457
urn:mavedb:00000725-a-1#921,NA,NA,p.Gly15Val,-0.188283266444821,0.115211633533151,0.08661712,0.009684377
urn:mavedb:00000725-a-1#922,NA,NA,p.Gly15Trp,-0.215540630601388,0.139450615606376,0.08432594,0.01172184
urn:mavedb:00000725-a-1#923,NA,NA,p.Gly15Tyr,-0.570794554818117,0.230187070997916,0.05446426,0.0193489
urn:mavedb:00000725-a-1#924,NA,NA,p.Gln14Arg,0.162206049864756,0.0825191068509899,0.1160783,0.006936332
urn:mavedb:00000725-a-1#925,NA,NA,p.Gln14Ser,-0.238944670160887,0.0954570694908486,0.08235866,0.008023862
urn:mavedb:00000725-a-1#926,NA,NA,p.Gln14Thr,-0.258355361565097,0.111116461959442,0.08072705,0.009340148
urn:mavedb:00000725-a-1#927,NA,NA,p.Gln14Val,-0.0860935502032161,0.126571303445874,0.09520691,0.01063924
urn:mavedb:00000725-a-1#928,NA,NA,p.Gln14Trp,-0.342355220518426,0.132518914125277,0.07366625,0.01113918
urn:mavedb:00000725-a-1#929,NA,NA,p.Gln14Tyr,-0.337927763642708,0.226734544504198,0.07403841,0.01905869
urn:mavedb:00000725-a-1#930,NA,NA,p.Gln13Arg,0.0704876450683322,0.0903490767082125,0.1083687,0.007594498
urn:mavedb:00000725-a-1#931,NA,NA,p.Gln13Ser,0.0075591307470749,0.110251373337259,0.1030791,0.009267431
urn:mavedb:00000725-a-1#932,NA,NA,p.Gln13Thr,-0.0148006209670062,0.138774172146699,0.1011996,0.01166498
urn:mavedb:00000725-a-1#933,NA,NA,p.Gln13Val,-0.0176058507909914,0.105434336898156,0.1009638,0.008862524
urn:mavedb:00000725-a-1#934,NA,NA,p.Gln13Trp,-0.255238796437915,0.120102976441637,0.08098902,0.01009553
urn:mavedb:00000725-a-1#935,NA,NA,p.Gln13Tyr,-0.116552540527005,0.180343086031664,0.09264661,0.01515915
urn:mavedb:00000725-a-1#936,NA,NA,p.Cys12Asp,-0.943696919829101,0.283102413825315,0.0231191,0.02379682
urn:mavedb:00000725-a-1#937,NA,NA,p.Cys12Glu,-0.682642446548713,0.122638271300795,0.04506263,0.01030864
urn:mavedb:00000725-a-1#938,NA,NA,p.Cys12Phe,-0.528907167640582,0.373258312747769,0.0579852,0.03137508
urn:mavedb:00000725-a-1#939,NA,NA,p.Cys12Gly,-0.798840110037341,0.100836638975868,0.03529537,0.008476054
urn:mavedb:00000725-a-1#940,NA,NA,p.Cys12His,-0.947884540261853,0.446159430989943,0.0227671,0.03750295
urn:mavedb:00000725-a-1#941,NA,NA,p.Cys12Ile,-0.342452892006361,0.23312185532904,0.07365804,0.01959559
urn:mavedb:00000725-a-1#942,NA,NA,p.Cys12Lys,-0.774693005784008,0.164878156186917,0.03732511,0.01385921
urn:mavedb:00000725-a-1#943,NA,NA,p.Cys12Leu,-0.961801002278399,0.107369838406865,0.02159732,0.009025217
urn:mavedb:00000725-a-1#944,NA,NA,p.Cys12Met,-0.64257274836527,0.142011488260791,0.04843078,0.0119371
urn:mavedb:00000725-a-1#945,NA,NA,p.Cys12Asn,-0.604641591798279,0.284968760113639,0.05161917,0.0239537
urn:mavedb:00000725-a-1#946,NA,NA,p.Cys12Pro,-0.712710275054807,0.152096753447328,0.04253521,0.01278484
urn:mavedb:00000725-a-1#947,NA,NA,p.Cys12Gln,-0.489940526748402,0.271118800364761,0.06126063,0.02278951
urn:mavedb:00000725-a-1#948,NA,NA,p.Cys12Arg,-0.869818848774605,0.101657329304145,0.02932909,0.008545039
urn:mavedb:00000725-a-1#949,NA,NA,p.Cys12Ser,-0.977305785897151,0.114733507211582,0.02029403,0.009644187
urn:mavedb:00000725-a-1#950,NA,NA,p.Cys12Thr,-0.459583490706171,0.133864782021746,0.06381236,0.01125231
urn:mavedb:00000725-a-1#951,NA,NA,p.Cys12Val,-0.886516866283712,0.103043062871268,0.0279255,0.00866152
urn:mavedb:00000725-a-1#952,NA,NA,p.Cys12Trp,-0.948490079693748,0.133870730346224,0.0227162,0.01125281
urn:mavedb:00000725-a-1#953,NA,NA,p.Cys12Tyr,-1.07332137926322,0.152070818752602,0.01222322,0.01278266
urn:mavedb:00000725-a-1#954,NA,NA,p.Val11Trp,-0.0190405866551673,0.123996630678669,0.1008432,0.01042282
urn:mavedb:00000725-a-1#955,NA,NA,p.Val11Tyr,0.0082396190673969,0.145464133720999,0.1031363,0.01222732
urn:mavedb:00000725-a-1#956,NA,NA,p.Glu10Phe,-0.0145365153601679,0.143253379445379,0.1012218,0.01204149
urn:mavedb:00000725-a-1#957,NA,NA,p.Glu10Gly,0.0906239130924097,0.0984277698051724,0.1100613,0.008273571
urn:mavedb:00000725-a-1#958,NA,NA,p.Glu10His,-0.382799544177516,0.171107003647655,0.07026661,0.01438279
urn:mavedb:00000725-a-1#959,NA,NA,p.Glu10Ile,0.203673009468162,0.199893919960583,0.1195639,0.01680254
urn:mavedb:00000725-a-1#960,NA,NA,p.Glu10Lys,-0.0630382014246379,0.149863752438159,0.09714488,0.01259714
urn:mavedb:00000725-a-1#961,NA,NA,p.Glu10Leu,-0.0004925212668065,0.11501106792839,0.1024023,0.009667518
urn:mavedb:00000725-a-1#962,NA,NA,p.Glu10Met,-0.534513106561949,0.202537236392268,0.05751398,0.01702473
urn:mavedb:00000725-a-1#963,NA,NA,p.Glu10Asn,-0.181573437466764,0.245228361173316,0.08718113,0.02061323
urn:mavedb:00000725-a-1#964,NA,NA,p.Glu10Pro,-0.156816510987912,0.142722313035953,0.08926213,0.01199685
urn:mavedb:00000725-a-1#965,NA,NA,p.Glu10Gln,-0.358261397072977,0.245052528701736,0.07232922,0.02059845
urn:mavedb:00000725-a-1#966,NA,NA,p.Glu10Arg,-0.0224335109376125,0.109527890527607,0.100558,0.009206617
urn:mavedb:00000725-a-1#967,NA,NA,p.Glu10Ser,0.0348916817250484,0.111453113331618,0.1053766,0.009368446
urn:mavedb:00000725-a-1#968,NA,NA,p.Glu10Thr,-0.0933668044758619,0.15160732530925,0.09459554,0.0127437
urn:mavedb:00000725-a-1#969,NA,NA,p.Glu10Val,-0.19732971624446,0.100582550347451,0.0858567,0.008454696
urn:mavedb:00000725-a-1#970,NA,NA,p.Glu10Trp,0.0147006891157702,0.136794807693287,0.1036794,0.0114986
urn:mavedb:00000725-a-1#971,NA,NA,p.Glu10Tyr,0.132547704015752,0.212026003600116,0.1135853,0.01782233
urn:mavedb:00000725-a-1#972,NA,NA,p.Cys9Asp,-0.776672846103379,0.163504450131889,0.03715869,0.01374374
urn:mavedb:00000725-a-1#973,NA,NA,p.Cys9Glu,-0.942623723126719,0.153463440479471,0.02320931,0.01289972
urn:mavedb:00000725-a-1#974,NA,NA,p.Cys9Phe,-1.09060066704035,0.213642877159819,0.01077077,0.01795824
urn:mavedb:00000725-a-1#975,NA,NA,p.Cys9Gly,-0.825328474805348,0.093840243517742,0.03306883,0.007887956
urn:mavedb:00000725-a-1#976,NA,NA,p.Cys9His,-0.739230165942549,0.223159958392184,0.04030602,0.01875822
urn:mavedb:00000725-a-1#977,NA,NA,p.Cys9Ile,-0.867645449976709,0.1700813935411,0.02951178,0.01429658
urn:mavedb:00000725-a-1#978,NA,NA,p.Cys9Lys,-0.465399524448113,0.149084759864475,0.06332348,0.01253166
urn:mavedb:00000725-a-1#979,NA,NA,p.Cys9Leu,-0.716966301219059,0.0956758131752151,0.04217746,0.008042249
urn:mavedb:00000725-a-1#980,NA,NA,p.Cys9Met,-0.561505532346251,0.142892673049013,0.05524507,0.01201117
urn:mavedb:00000725-a-1#981,NA,NA,p.Cys9Asn,-0.325379178323202,0.151724864200942,0.07509321,0.01275358
urn:mavedb:00000725-a-1#982,NA,NA,p.Cys9Pro,-0.71175628277497,0.161609789819048,0.0426154,0.01358448
urn:mavedb:00000725-a-1#983,NA,NA,p.Cys9Gln,-0.845481517104455,0.14155608453873,0.03137482,0.01189882
urn:mavedb:00000725-a-1#984,NA,NA,p.Cys9Arg,-0.678317419820512,0.111522470795035,0.04542618,0.009374276
urn:mavedb:00000725-a-1#985,NA,NA,p.Cys9Ser,-0.675708365737822,0.0990269326332266,0.04564549,0.008323935
urn:mavedb:00000725-a-1#986,NA,NA,p.Cys9Thr,-0.790995102815837,0.138086664803493,0.0359548,0.01160719
urn:mavedb:00000725-a-1#987,NA,NA,p.Cys9Val,-1.01525823746577,0.108856574523631,0.01710385,0.009150188
urn:mavedb:00000725-a-1#988,NA,NA,p.Cys9Trp,-0.674428405276573,0.15507043982054,0.04575308,0.0130348
urn:mavedb:00000725-a-1#989,NA,NA,p.Cys9Tyr,-1.01800683924073,0.118833639687906,0.01687281,0.009988833
urn:mavedb:00000725-a-1#990,NA,NA,p.Asp7Glu,0.0152277106645511,0.110153939782304,0.1037237,0.009259241
urn:mavedb:00000725-a-1#991,NA,NA,p.Asp7Phe,-0.544086102044411,0.259325295354535,0.0567093,0.02179818
urn:mavedb:00000725-a-1#992,NA,NA,p.Asp7Gly,1.54656436436341e-05,0.0922327326207685,0.102445,0.007752833
urn:mavedb:00000725-a-1#993,NA,NA,p.Asp7His,-0.50959319599239,0.480346712130266,0.05960868,0.04037664
urn:mavedb:00000725-a-1#994,NA,NA,p.Asp7Ile,-0.457790784674889,0.217118840051982,0.06396305,0.01825042
urn:mavedb:00000725-a-1#995,NA,NA,p.Asp7Lys,-0.0754917325189808,0.195700827069311,0.09609807,0.01645008
urn:mavedb:00000725-a-1#996,NA,NA,p.Asp7Leu,-0.201790364770768,0.132053517218091,0.08548175,0.01110006
urn:mavedb:00000725-a-1#997,NA,NA,p.Asp7Met,-0.0372073644444661,0.191428740428967,0.09931615,0.01609098
urn:mavedb:00000725-a-1#998,NA,NA,p.Asp7Asn,-0.18333211908203,0.109097564941546,0.0870333,0.009170445
urn:mavedb:00000725-a-1#999,NA,NA,p.Asp7Pro,-0.290066117292108,0.239177725513948,0.07806153,0.02010463
urn:mavedb:00000725-a-1#1000,NA,NA,p.Asp7Gln,0.119384061945185,0.193219186096948,0.1124788,0.01624148
urn:mavedb:00000725-a-1#1001,NA,NA,p.Asp7Arg,-0.0048276601466209,0.113527163214077,0.1020379,0.009542785
urn:mavedb:00000725-a-1#1002,NA,NA,p.Asp7Ser,0.0373293050962722,0.117119927405696,0.1055815,0.009844783
urn:mavedb:00000725-a-1#1003,NA,NA,p.Asp7Thr,0.0669424436792415,0.152095801715411,0.1080707,0.01278476
urn:mavedb:00000725-a-1#1004,NA,NA,p.Asp7Val,-0.189562870006602,0.108920411941932,0.08650956,0.009155554
urn:mavedb:00000725-a-1#1005,NA,NA,p.Asp7Trp,-0.345612641969255,0.142330556385809,0.07339244,0.01196392
urn:mavedb:00000725-a-1#1006,NA,NA,p.Asp7Tyr,-0.0027505052387845,0.21312358843286,0.1022125,0.01791459
urn:mavedb:00000725-a-1#1007,NA,NA,p.Gln6Arg,-0.155958405698666,0.111739251532324,0.08933426,0.009392498
urn:mavedb:00000725-a-1#1008,NA,NA,p.Gln6Ser,0.0260798338428351,0.119851600249182,0.1046359,0.0100744
urn:mavedb:00000725-a-1#1009,NA,NA,p.Gln6Thr,NA,NA,NA,NA
urn:mavedb:00000725-a-1#1010,NA,NA,p.Gln6Val,-0.34683073985593,0.0950386881403401,0.07329005,0.007988694
urn:mavedb:00000725-a-1#1011,NA,NA,p.Gln6Trp,-0.347327305983382,0.0966047986989444,0.07324831,0.008120337
urn:mavedb:00000725-a-1#1012,NA,NA,p.Gln6Tyr,-0.242739701178068,0.200259622949511,0.08203966,0.01683328
urn:mavedb:00000725-a-1#1013,NA,NA,p.His5Ile,0.0924250657444511,0.153871852438154,0.1102127,0.01293405
urn:mavedb:00000725-a-1#1014,NA,NA,p.His5Lys,-0.0443219174200298,0.153327818681365,0.09871812,0.01288832
urn:mavedb:00000725-a-1#1015,NA,NA,p.His5Leu,0.221074237897099,0.0957858809713624,0.1210266,0.008051501
urn:mavedb:00000725-a-1#1016,NA,NA,p.His5Met,0.410060834228239,0.115982524488895,0.1369123,0.009749176
urn:mavedb:00000725-a-1#1017,NA,NA,p.His5Asn,0.12031913855318,0.151961250615711,0.1125574,0.01277345
urn:mavedb:00000725-a-1#1018,NA,NA,p.His5Pro,0.189594515092826,0.127174225614998,0.1183805,0.01068992
urn:mavedb:00000725-a-1#1019,NA,NA,p.His5Gln,-0.111059619770727,0.153150201712442,0.09310833,0.01287339
urn:mavedb:00000725-a-1#1020,NA,NA,p.His5Arg,0.193133768157439,0.0859167778963689,0.118678,0.007221931
urn:mavedb:00000725-a-1#1021,NA,NA,p.His5Ser,0.224323212727168,0.0987893446569128,0.1212997,0.008303964
urn:mavedb:00000725-a-1#1022,NA,NA,p.His5Thr,0.348882316968509,0.130425579774859,0.1317698,0.01096322
urn:mavedb:00000725-a-1#1023,NA,NA,p.His5Val,0.207770215368843,0.0884904275517634,0.1199083,0.007438265
urn:mavedb:00000725-a-1#1024,NA,NA,p.His5Trp,-0.230211102228809,0.117994723693428,0.08309278,0.009918316
urn:mavedb:00000725-a-1#1025,NA,NA,p.His5Tyr,NA,NA,NA,NA
urn:mavedb:00000725-a-1#1026,NA,NA,p.Asp4Glu,0.100245922768573,0.113152728084814,0.1108701,0.009511311
urn:mavedb:00000725-a-1#1027,NA,NA,p.Asp4Phe,-0.0312222793208498,0.157460595562426,0.09981924,0.01323571
urn:mavedb:00000725-a-1#1028,NA,NA,p.Asp4Gly,0.0080135827372199,0.0768772162564758,0.1031173,0.00646209
urn:mavedb:00000725-a-1#1029,NA,NA,p.Asp4His,0.304424539817394,0.288256280086328,0.1280328,0.02423004
urn:mavedb:00000725-a-1#1030,NA,NA,p.Asp4Ile,-0.0894976573356807,0.131712559258993,0.09492077,0.0110714
urn:mavedb:00000725-a-1#1031,NA,NA,p.Asp4Lys,0.229500634353116,0.170284826238259,0.1217349,0.01431368
urn:mavedb:00000725-a-1#1032,NA,NA,p.Asp4Leu,-0.003243026505591,0.0908502825287574,0.1021711,0.007636628
urn:mavedb:00000725-a-1#1033,NA,NA,p.Asp4Met,0.299405343622571,0.127097492229228,0.1276109,0.01068347
urn:mavedb:00000725-a-1#1034,NA,NA,p.Asp4Asn,-0.113719472544461,0.173859650283252,0.09288475,0.01461417
urn:mavedb:00000725-a-1#1035,NA,NA,p.Asp4Pro,-0.237744893113606,0.138780477370646,0.08245951,0.01166551
urn:mavedb:00000725-a-1#1036,NA,NA,p.Asp4Gln,0.11414834673935,0.137423545590647,0.1120387,0.01155145
urn:mavedb:00000725-a-1#1037,NA,NA,p.Asp4Arg,-0.0527947108069778,0.080241041335573,0.09800592,0.006744844
urn:mavedb:00000725-a-1#1038,NA,NA,p.Asp4Ser,-0.127066323008961,0.106520881640668,0.09176285,0.008953856
urn:mavedb:00000725-a-1#1039,NA,NA,p.Asp4Thr,-0.167586785221374,0.114272167061691,0.08835681,0.009605408
urn:mavedb:00000725-a-1#1040,NA,NA,p.Asp4Val,0.199749494642249,0.0798896143253927,0.1192341,0.006715304
urn:mavedb:00000725-a-1#1041,NA,NA,p.Asp4Trp,-0.17265463871043,0.101470528122227,0.08793082,0.008529337
urn:mavedb:00000725-a-1#1042,NA,NA,p.Asp4Tyr,0.003734358107502,0.232028553289921,0.1027576,0.01950369
urn:mavedb:00000725-a-1#1043,NA,NA,p.Thr3Val,0.102747788044163,0.12024763969295,0.1110804,0.01010769
urn:mavedb:00000725-a-1#1044,NA,NA,p.Thr3Trp,-0.181509314528887,0.134722173512054,0.08718652,0.01132438
urn:mavedb:00000725-a-1#1045,NA,NA,p.Thr3Tyr,0.0344776783413559,0.301276091671009,0.1053418,0.02532445
urn:mavedb:00000725-a-1#1046,NA,NA,p.Glu2Phe,0.298438146062392,0.208568599480326,0.1275296,0.01753171
urn:mavedb:00000725-a-1#1047,NA,NA,p.Glu2Gly,0.101840073728768,0.104846773302835,0.1110041,0.008813135
urn:mavedb:00000725-a-1#1048,NA,NA,p.Glu2His,0.346832524353273,0.286605620043588,0.1315975,0.02409129
urn:mavedb:00000725-a-1#1049,NA,NA,p.Glu2Ile,0.175797971297764,0.204827936148877,0.1172208,0.01721728
urn:mavedb:00000725-a-1#1050,NA,NA,p.Glu2Lys,0.0765656430203004,0.287450163153023,0.1088796,0.02416228
urn:mavedb:00000725-a-1#1051,NA,NA,p.Glu2Leu,0.385839256952437,0.128628353016974,0.1348763,0.01081215
urn:mavedb:00000725-a-1#1052,NA,NA,p.Glu2Met,0.621254905166814,0.281839703505053,0.1546647,0.02369068
urn:mavedb:00000725-a-1#1053,NA,NA,p.Glu2Asn,0.496689852600995,0.230664721453527,0.1441941,0.01938905
urn:mavedb:00000725-a-1#1054,NA,NA,p.Glu2Pro,0.262850510373378,0.204151730622179,0.1245382,0.01716044
urn:mavedb:00000725-a-1#1055,NA,NA,p.Glu2Gln,0.653757739781362,0.229667663304468,0.1573968,0.01930524
urn:mavedb:00000725-a-1#1056,NA,NA,p.Glu2Arg,0.40602905989682,0.149862443806773,0.1365734,0.01259703
urn:mavedb:00000725-a-1#1057,NA,NA,p.Glu2Ser,0.424652074173608,0.157408488239996,0.1381388,0.01323133
urn:mavedb:00000725-a-1#1058,NA,NA,p.Glu2Thr,0.348689591255411,0.228549973134987,0.1317536,0.01921129
urn:mavedb:00000725-a-1#1059,NA,NA,p.Glu2Val,0.161932426938753,0.0989191252003812,0.1160553,0.008314873
urn:mavedb:00000725-a-1#1060,NA,NA,p.Glu2Trp,0.29669766632003,0.201829742678814,0.1273833,0.01696526
urn:mavedb:00000725-a-1#1061,NA,NA,p.Glu2Tyr,0.42648058911825,0.176076947715798,0.1382925,0.01480055
