accession,hgvs_nt,hgvs_splice,hgvs_pro,score,sigma,raw_score,raw_sigma
urn:mavedb:00001072-a-1#1,NA,NA,p.Lys1Ter,-1.43096828133892,0.520339173005591,-0.0109,0.04884275
urn:mavedb:00001072-a-1#2,NA,NA,p.Lys1Ala,-0.799217915875566,0.250366422157956,0.0484006,0.02350118
urn:mavedb:00001072-a-1#3,NA,NA,p.Lys1Cys,-1.13506931179537,0.298331450175216,0.01687519,0.02800352
urn:mavedb:00001072-a-1#4,NA,NA,p.Lys1Asp,-0.270965430501025,0.125851176460687,0.09798615,0.01181329
urn:mavedb:00001072-a-1#5,NA,NA,p.Lys1Glu,-0.0175162468996072,0.10228000980961,0.1217767,0.009600732
urn:mavedb:00001072-a-1#6,NA,NA,p.Lys1Phe,-0.715618372947125,0.356388508268176,0.05624785,0.03345317
urn:mavedb:00001072-a-1#7,NA,NA,p.Lys1Gly,-0.291041891763188,0.0926747528474821,0.09610163,0.008699114
urn:mavedb:00001072-a-1#8,NA,NA,p.Lys1His,-0.074354028470453,0.15478984445462,0.1164415,0.01452968
urn:mavedb:00001072-a-1#9,NA,NA,p.Lys1Ile,-0.427486445203295,0.0621116718800637,0.08329397,0.005830245
urn:mavedb:00001072-a-1#10,NA,NA,p.Arg2Ter,-1.52700092918566,0.347126054975149,-0.01991431,0.03258373
urn:mavedb:00001072-a-1#11,NA,NA,p.Arg2Ala,-0.394519423943246,0.0900978766371277,0.08638849,0.00845723
urn:mavedb:00001072-a-1#12,NA,NA,p.Arg2Cys,-0.240896867636534,0.194328494508302,0.1008086,0.01824106
urn:mavedb:00001072-a-1#13,NA,NA,p.Arg2Asp,-0.164698743351507,0.109363617555622,0.1079611,0.01026565
urn:mavedb:00001072-a-1#14,NA,NA,p.Arg2Glu,-0.335720572715862,0.0802975993515942,0.09190777,0.007537306
urn:mavedb:00001072-a-1#15,NA,NA,p.Arg2Phe,-0.503961556727945,0.280433387019142,0.07611547,0.02632348
urn:mavedb:00001072-a-1#16,NA,NA,p.Arg2Gly,-0.469585948820855,0.325544700733398,0.07934221,0.03055795
urn:mavedb:00001072-a-1#17,NA,NA,p.Arg2His,NA,NA,NA,NA
urn:mavedb:00001072-a-1#18,NA,NA,p.Arg2Ile,-1.45126121878221,0.569372093365154,-0.01280484,0.05344533
urn:mavedb:00001072-a-1#19,NA,NA,p.Arg2Lys,0.0794505936795346,0.0938911423102909,0.1308787,0.008813293
urn:mavedb:00001072-a-1#20,NA,NA,p.Arg2Leu,-0.586536566470439,0.100560600866288,0.06836439,0.009439336
urn:mavedb:00001072-a-1#21,NA,NA,p.Arg2Met,-0.620659796388811,0.206205068142057,0.06516134,0.01935588
urn:mavedb:00001072-a-1#22,NA,NA,p.Arg2Asn,0.20575357894147,0.11115977327103,0.1427344,0.01043425
urn:mavedb:00001072-a-1#23,NA,NA,p.Arg2Pro,-0.261393284167388,0.193020262468847,0.09888466,0.01811826
urn:mavedb:00001072-a-1#24,NA,NA,p.Arg2Gln,-0.587730488006772,0.096077541086263,0.06825232,0.009018524
urn:mavedb:00001072-a-1#25,NA,NA,p.Pro3Ter,-1.58485610619435,0.517310104473195,-0.02534501,0.04855842
urn:mavedb:00001072-a-1#26,NA,NA,p.Pro3Ala,-0.210463427350615,0.0876152293550224,0.1036653,0.008224191
urn:mavedb:00001072-a-1#27,NA,NA,p.Pro3Cys,-0.468841918481803,0.154011403777722,0.07941205,0.01445661
urn:mavedb:00001072-a-1#28,NA,NA,p.Pro3Asp,-0.369802467615398,0.147796555855436,0.0887086,0.01387324
urn:mavedb:00001072-a-1#29,NA,NA,p.Pro3Glu,-0.343038149452513,0.104946320938296,0.09122089,0.009851011
urn:mavedb:00001072-a-1#30,NA,NA,p.Pro3Phe,-0.145774122871966,0.705009122468203,0.1097375,0.06617719
urn:mavedb:00001072-a-1#31,NA,NA,p.Pro3Gly,0.123970965771408,0.0793048664314264,0.1350577,0.007444121
urn:mavedb:00001072-a-1#32,NA,NA,p.Pro3His,-0.235742774308453,0.189086937132632,0.1012924,0.01774905
urn:mavedb:00001072-a-1#33,NA,NA,p.Pro3Ile,-0.274462714001939,0.120581068092625,0.09765787,0.0113186
urn:mavedb:00001072-a-1#34,NA,NA,p.Pro3Lys,0.183622298495512,0.0867196550358304,0.140657,0.008140126
urn:mavedb:00001072-a-1#35,NA,NA,p.Pro3Leu,-0.263140647515201,0.0762908191301024,0.09872064,0.007161201
urn:mavedb:00001072-a-1#36,NA,NA,p.Pro3Met,-0.140156608585283,0.084634697509693,0.1102648,0.007944417
urn:mavedb:00001072-a-1#37,NA,NA,p.Pro3Asn,-0.255801337933594,0.186620365763781,0.09940956,0.01751752
urn:mavedb:00001072-a-1#38,NA,NA,p.Met4Ter,-1.44515013454122,0.237012654268576,-0.01223121,0.0222477
urn:mavedb:00001072-a-1#39,NA,NA,p.Met4Ala,-0.0974888549922796,0.0582446423743176,0.1142699,0.005467258
urn:mavedb:00001072-a-1#40,NA,NA,p.Met4Cys,-0.974158582012832,0.206991072701267,0.03197942,0.01942966
urn:mavedb:00001072-a-1#41,NA,NA,p.Met4Asp,-0.107131206937806,0.0888820198420874,0.1133648,0.008343101
urn:mavedb:00001072-a-1#42,NA,NA,p.Met4Glu,-0.158227895299676,0.0603950647692046,0.1085685,0.005669112
urn:mavedb:00001072-a-1#43,NA,NA,p.Met4Phe,-0.0196501139802491,0.0943687535382456,0.1215764,0.008858125
urn:mavedb:00001072-a-1#44,NA,NA,p.Met4Gly,0.05519077283062,0.0536279788645952,0.1286015,0.005033905
urn:mavedb:00001072-a-1#45,NA,NA,p.Met4His,-0.301146705865333,0.125973050846121,0.09515312,0.01182473
urn:mavedb:00001072-a-1#46,NA,NA,p.Met4Ile,-0.212300065816429,0.112858770385462,0.1034929,0.01059373
urn:mavedb:00001072-a-1#47,NA,NA,p.Met4Lys,0.152043622507301,0.093449560730198,0.1376928,0.008771843
urn:mavedb:00001072-a-1#48,NA,NA,p.Met4Leu,-0.0888617678135288,0.0512089427674051,0.1150797,0.004806837
urn:mavedb:00001072-a-1#49,NA,NA,p.Asn5Ter,-1.42319229072069,0.292180948519365,-0.01017009,0.02742619
urn:mavedb:00001072-a-1#50,NA,NA,p.Asn5Ala,-0.0845397015398573,0.0622592634653618,0.1154854,0.005844099
urn:mavedb:00001072-a-1#51,NA,NA,p.Asn5Cys,-0.184884721106875,0.11429431002159,0.1060663,0.01072848
urn:mavedb:00001072-a-1#52,NA,NA,p.Asn5Asp,-0.174292089862331,0.366889733723644,0.1070606,0.03443889
urn:mavedb:00001072-a-1#53,NA,NA,p.Asn5Glu,-0.0061267446733755,0.0657131878099194,0.1228458,0.006168309
urn:mavedb:00001072-a-1#54,NA,NA,p.Asn5Phe,-0.752059346859828,0.143820830164848,0.05282724,0.01350005
urn:mavedb:00001072-a-1#55,NA,NA,p.Asn5Gly,-0.0854494980884684,0.0749316640519782,0.1154,0.007033621
urn:mavedb:00001072-a-1#56,NA,NA,p.Asn5His,-0.0268911996253428,0.115829458530429,0.1208967,0.01087258
urn:mavedb:00001072-a-1#57,NA,NA,p.Asn5Ile,-0.174318723250756,0.188985943323723,0.1070581,0.01773957
urn:mavedb:00001072-a-1#58,NA,NA,p.Asn5Lys,0.259629727719413,0.0886305686952857,0.1477916,0.008319498
urn:mavedb:00001072-a-1#59,NA,NA,p.Asn5Leu,-0.532082366630112,0.0629321506972514,0.07347585,0.005907261
urn:mavedb:00001072-a-1#60,NA,NA,p.Asn5Met,-0.881228723917656,0.128096264571393,0.04070248,0.01202403
urn:mavedb:00001072-a-1#61,NA,NA,p.Ala6Ter,NA,NA,NA,NA
urn:mavedb:00001072-a-1#62,NA,NA,p.Phe7Ter,-1.60137147035693,0.425259893930933,-0.02689526,0.03991793
urn:mavedb:00001072-a-1#63,NA,NA,p.Phe7Ala,-0.300739428089532,0.0834401474253929,0.09519135,0.007832288
urn:mavedb:00001072-a-1#64,NA,NA,p.Phe7Cys,-0.419801860374142,0.12885915134945,0.0840153,0.01209564
urn:mavedb:00001072-a-1#65,NA,NA,p.Phe7Asp,-1.52657202509845,0.256905345150603,-0.01987405,0.02411497
urn:mavedb:00001072-a-1#66,NA,NA,p.Phe7Glu,-0.691587492705115,0.137920149692427,0.05850356,0.01294617
urn:mavedb:00001072-a-1#67,NA,NA,p.Met8Ter,-1.40508743528353,0.223324371020572,-0.008470639,0.02096282
urn:mavedb:00001072-a-1#68,NA,NA,p.Met8Ala,0.0681708210136155,0.0850412828173949,0.1298199,0.007982582
urn:mavedb:00001072-a-1#69,NA,NA,p.Met8Cys,0.1836478665484,0.167048447411948,0.1406594,0.01568036
urn:mavedb:00001072-a-1#70,NA,NA,p.Met8Asp,0.0011686730841059,0.123360208908037,0.1235306,0.01157947
urn:mavedb:00001072-a-1#71,NA,NA,p.Met8Glu,0.331941507965407,0.0664449348302292,0.1545793,0.006236996
urn:mavedb:00001072-a-1#72,NA,NA,p.Met8Phe,0.245625892085345,0.0965172902892322,0.1464771,0.009059802
urn:mavedb:00001072-a-1#73,NA,NA,p.Met8Gly,0.0232807774903976,0.0806111169467824,0.1256062,0.007566735
urn:mavedb:00001072-a-1#74,NA,NA,p.Met8His,0.0525711127450989,0.12973496369443,0.1283556,0.01217785
urn:mavedb:00001072-a-1#75,NA,NA,p.Met8Ile,0.0213386708064186,0.114736850403666,0.1254239,0.01077002
urn:mavedb:00001072-a-1#76,NA,NA,p.Met8Lys,0.218827376651723,0.0570559942488926,0.1439616,0.005355683
urn:mavedb:00001072-a-1#77,NA,NA,p.Met8Leu,0.0367519453559574,0.0436553515958833,0.1268707,0.004097803
urn:mavedb:00001072-a-1#78,NA,NA,p.Val9Ter,-1.12449244751678,0.138215673770395,0.01786801,0.01297391
urn:mavedb:00001072-a-1#79,NA,NA,p.Val9Ala,0.406869752290312,0.10687691134512,0.1616126,0.01003223
urn:mavedb:00001072-a-1#80,NA,NA,p.Val9Cys,0.171023640434768,0.0818754678154677,0.1394744,0.007685416
urn:mavedb:00001072-a-1#81,NA,NA,p.Val9Asp,-0.128883227932586,0.1866684123965,0.111323,0.01752203
urn:mavedb:00001072-a-1#82,NA,NA,p.Val9Glu,0.379173158998985,0.0898306798310889,0.1590128,0.008432149
urn:mavedb:00001072-a-1#83,NA,NA,p.Val9Phe,-0.26764051829,0.0997320894191514,0.09829825,0.009361566
urn:mavedb:00001072-a-1#84,NA,NA,p.Val9Gly,0.096356403316432,0.0681612223404271,0.1324656,0.006398099
urn:mavedb:00001072-a-1#85,NA,NA,p.Val9His,0.0022084405682328,0.110408392116773,0.1236282,0.01036372
urn:mavedb:00001072-a-1#86,NA,NA,p.Val9Ile,0.13814099374925,0.0581535774926135,0.1363878,0.00545871
urn:mavedb:00001072-a-1#87,NA,NA,p.Val9Lys,0.183241973708797,0.0671563978619142,0.1406213,0.006303779
urn:mavedb:00001072-a-1#88,NA,NA,p.Val9Leu,0.15269028117827,0.0582410095801364,0.1377535,0.005466917
urn:mavedb:00001072-a-1#89,NA,NA,p.Val9Met,-0.214966600665579,0.0797000633022376,0.1032426,0.007481217
urn:mavedb:00001072-a-1#90,NA,NA,p.Val9Asn,0.153234667637684,0.114578328475758,0.1378046,0.01075514
urn:mavedb:00001072-a-1#91,NA,NA,p.Val9Pro,-1.11352961217312,0.233886001000989,0.01889706,0.02195421
urn:mavedb:00001072-a-1#92,NA,NA,p.Val9Gln,0.228000980960962,0.0951705889835357,0.1448227,0.008933391
urn:mavedb:00001072-a-1#93,NA,NA,p.Val9Arg,0.194204276384686,0.0634038919263972,0.1416503,0.005951542
urn:mavedb:00001072-a-1#94,NA,NA,p.Val9Ser,0.0987171868664583,0.0589564676200852,0.1326872,0.005534075
urn:mavedb:00001072-a-1#95,NA,NA,p.Val9Thr,-0.0267303339592535,0.0926172353818386,0.1209118,0.008693715
urn:mavedb:00001072-a-1#96,NA,NA,p.Trp10Ter,-1.21279424301198,0.129832335362513,0.009579373,0.01218699
urn:mavedb:00001072-a-1#97,NA,NA,p.Trp10Ala,-0.341297604252138,0.14801857178135,0.09138427,0.01389408
urn:mavedb:00001072-a-1#98,NA,NA,p.Trp10Cys,-0.729712016366963,0.123173988256167,0.05492492,0.01156199
urn:mavedb:00001072-a-1#99,NA,NA,p.Trp10Asp,NA,NA,NA,NA
urn:mavedb:00001072-a-1#100,NA,NA,p.Trp10Glu,-1.36331078160046,0.256802753338389,-0.004549184,0.02410534
urn:mavedb:00001072-a-1#101,NA,NA,p.Trp10Phe,-1.25544301232572,0.201120967358758,0.005576055,0.01887865
urn:mavedb:00001072-a-1#102,NA,NA,p.Trp10Gly,-0.976081299590038,0.117517163088169,0.03179894,0.011031
urn:mavedb:00001072-a-1#103,NA,NA,p.Trp10His,-0.660107040653417,0.251224123798808,0.06145854,0.02358169
urn:mavedb:00001072-a-1#104,NA,NA,p.Trp10Ile,-0.196327490109958,0.155859334800229,0.1049922,0.01463007
urn:mavedb:00001072-a-1#105,NA,NA,p.Trp10Lys,-0.217049331640444,0.0695273979797403,0.1030471,0.006526338
urn:mavedb:00001072-a-1#106,NA,NA,p.Trp10Leu,-0.531642383053324,0.0599260294923229,0.07351715,0.005625085
urn:mavedb:00001072-a-1#107,NA,NA,p.Trp10Met,-1.01581192310749,0.192489831904967,0.02806954,0.01806847
urn:mavedb:00001072-a-1#108,NA,NA,p.Trp10Asn,-1.15766230866307,0.384037800661659,0.01475445,0.03604853
urn:mavedb:00001072-a-1#109,NA,NA,p.Trp10Pro,-1.2224061157078,0.199721862197996,0.008677134,0.01874732
urn:mavedb:00001072-a-1#110,NA,NA,p.Trp10Gln,-1.07560366705537,0.137086098500498,0.02245706,0.01286788
urn:mavedb:00001072-a-1#111,NA,NA,p.Trp10Arg,-0.681126750000053,0.0592745448513718,0.05948548,0.005563932
urn:mavedb:00001072-a-1#112,NA,NA,p.Trp10Ser,-0.862604101925338,0.113166013154337,0.04245072,0.01062257
urn:mavedb:00001072-a-1#113,NA,NA,p.Trp10Thr,-0.936163922752946,0.143082765704804,0.03554587,0.01343077
urn:mavedb:00001072-a-1#114,NA,NA,p.Trp10Val,-0.78066041002208,0.0903804462349657,0.05014254,0.008483754
urn:mavedb:00001072-a-1#115,NA,NA,p.Ala11Ter,-1.00214238976494,0.181110130765676,0.02935266,0.01700029
urn:mavedb:00001072-a-1#116,NA,NA,p.Gln12Ter,-1.62831284728607,0.265729945537917,-0.02942417,0.02494331
urn:mavedb:00001072-a-1#117,NA,NA,p.Gln12Ala,-0.229901539558998,0.0550370236059179,0.1018407,0.005166168
urn:mavedb:00001072-a-1#118,NA,NA,p.Gln12Cys,-0.622012665987267,0.175570812107411,0.06503435,0.01648033
urn:mavedb:00001072-a-1#119,NA,NA,p.Gln12Asp,-0.342171925127366,0.127970874578686,0.0913022,0.01201226
urn:mavedb:00001072-a-1#120,NA,NA,p.Gln12Glu,-0.135619344533135,0.0656104468507297,0.1106907,0.006158665
urn:mavedb:00001072-a-1#121,NA,NA,p.Gln12Phe,-0.534713106205217,0.129304994271691,0.07322891,0.01213749
urn:mavedb:00001072-a-1#122,NA,NA,p.Gln12Gly,-0.236623806797565,0.0636303503015006,0.1012097,0.005972799
urn:mavedb:00001072-a-1#123,NA,NA,p.Gln12His,-0.515556668712821,0.182855683043076,0.07502707,0.01716414
urn:mavedb:00001072-a-1#124,NA,NA,p.Gln12Ile,-0.203475891563331,0.148478050998464,0.1043212,0.01393721
urn:mavedb:00001072-a-1#125,NA,NA,p.Gln12Lys,0.0746001209795035,0.0698684331918497,0.1304234,0.00655835
urn:mavedb:00001072-a-1#126,NA,NA,p.Gln12Leu,-0.629089583426106,0.0717800073593379,0.06437006,0.006737784
urn:mavedb:00001072-a-1#127,NA,NA,p.Gln12Met,-0.231223620960434,0.0764434923659121,0.1017166,0.007175532
urn:mavedb:00001072-a-1#128,NA,NA,p.Gln12Asn,-0.288582884276649,0.136208155484443,0.09633245,0.01278547
urn:mavedb:00001072-a-1#129,NA,NA,p.Gln12Pro,-0.46229074413048,0.107778398276543,0.08002699,0.01011685
urn:mavedb:00001072-a-1#130,NA,NA,p.Ala13Ter,-1.20047910269771,0.24529851447482,0.01073536,0.02302547
urn:mavedb:00001072-a-1#131,NA,NA,p.Ala14Ter,-1.23798653074974,0.536270094092565,0.007214645,0.05033814
urn:mavedb:00001072-a-1#132,NA,NA,p.Arg15Ter,-1.51240039911731,0.200155347228008,-0.0185438,0.01878801
urn:mavedb:00001072-a-1#133,NA,NA,p.Arg15Ala,-0.28099513844781,0.0619309590129197,0.09704469,0.005813282
urn:mavedb:00001072-a-1#134,NA,NA,p.Arg15Cys,-0.444986925136954,0.197953085605889,0.08165125,0.01858129
urn:mavedb:00001072-a-1#135,NA,NA,p.Arg15Asp,-1.17335779059637,0.230518901502698,0.01328116,0.02163815
urn:mavedb:00001072-a-1#136,NA,NA,p.Arg15Glu,-0.585072582375472,0.103887856815495,0.06850181,0.009751656
urn:mavedb:00001072-a-1#137,NA,NA,p.Arg15Phe,-0.699478326494234,0.0814987225561576,0.05776287,0.007650052
urn:mavedb:00001072-a-1#138,NA,NA,p.Arg15Gly,-0.293958567396429,0.0749448848659925,0.09582785,0.007034862
urn:mavedb:00001072-a-1#139,NA,NA,p.Arg15His,-0.401674217409841,0.208067061593652,0.08571689,0.01953066
urn:mavedb:00001072-a-1#140,NA,NA,p.Arg15Ile,-0.497593513555436,0.13918747284726,0.07671322,0.01306513
urn:mavedb:00001072-a-1#141,NA,NA,p.Arg15Lys,0.0412508573287733,0.0846740616577857,0.127293,0.007948112
urn:mavedb:00001072-a-1#142,NA,NA,p.Arg15Leu,-0.645587795686542,0.0659214715607613,0.06282142,0.00618786
urn:mavedb:00001072-a-1#143,NA,NA,p.Arg15Met,-0.171373070490909,0.0923818814550012,0.1073346,0.008671623
urn:mavedb:00001072-a-1#144,NA,NA,p.Arg15Asn,-0.538217527454229,0.312852186611843,0.07289996,0.02936654
urn:mavedb:00001072-a-1#145,NA,NA,p.Arg15Pro,-0.859287392797948,0.162211184872576,0.04276205,0.0152263
urn:mavedb:00001072-a-1#146,NA,NA,p.Arg15Gln,-0.391357934203599,0.0752339956240277,0.08668525,0.007062
urn:mavedb:00001072-a-1#147,NA,NA,p.Arg16Ter,-1.21552967311031,0.17749566035569,0.009322606,0.01666101
urn:mavedb:00001072-a-1#148,NA,NA,p.Arg16Ala,-0.0170858513426531,0.0488623814467981,0.1218171,0.004586572
urn:mavedb:00001072-a-1#149,NA,NA,p.Arg16Cys,-0.0843990772489712,0.0720226801413146,0.1154986,0.006760563
urn:mavedb:00001072-a-1#150,NA,NA,p.Arg16Asp,-0.217644854205636,0.112960616462801,0.1029912,0.01060329
urn:mavedb:00001072-a-1#151,NA,NA,p.Arg16Glu,-0.076149118850324,0.0832033766022913,0.116273,0.007810063
urn:mavedb:00001072-a-1#152,NA,NA,p.Arg16Phe,-1.08112114633513,0.176743959600772,0.02193915,0.01659045
urn:mavedb:00001072-a-1#153,NA,NA,p.Arg16Gly,-0.194895679148209,0.0561818757874161,0.1051266,0.005273632
urn:mavedb:00001072-a-1#154,NA,NA,p.Arg16His,-0.204047976746708,0.224029942746738,0.1042675,0.02102905
urn:mavedb:00001072-a-1#155,NA,NA,p.Arg16Ile,-0.246935189460337,0.0762259082358321,0.1002418,0.007155108
urn:mavedb:00001072-a-1#156,NA,NA,p.Arg16Lys,0.237975717594038,0.0932520262149246,0.145759,0.008753301
urn:mavedb:00001072-a-1#157,NA,NA,p.Arg16Leu,-0.172145438755245,0.0529534510159785,0.1072621,0.004970589
urn:mavedb:00001072-a-1#158,NA,NA,p.Arg16Met,-0.045439756660318,0.108740928934236,0.1191556,0.0102072
urn:mavedb:00001072-a-1#159,NA,NA,p.Arg16Asn,-0.232527591657741,0.188004236626364,0.1015942,0.01764742
urn:mavedb:00001072-a-1#160,NA,NA,p.Arg16Pro,0.0605046664892528,0.069298638479877,0.1291003,0.006504865
urn:mavedb:00001072-a-1#161,NA,NA,p.Arg16Gln,0.0386525039539928,0.0689993963808847,0.1270491,0.006476776
urn:mavedb:00001072-a-1#162,NA,NA,p.Lys17Ter,-1.45658480699423,0.293063472478228,-0.01330455,0.02750903
urn:mavedb:00001072-a-1#163,NA,NA,p.Lys17Ala,-0.338122371684063,0.0978572480209794,0.09168232,0.00918558
urn:mavedb:00001072-a-1#164,NA,NA,p.Lys17Cys,0.128468812408687,0.24467539971922,0.1354799,0.02296698
urn:mavedb:00001072-a-1#165,NA,NA,p.Lys17Asp,-0.119773543755568,0.114175418575659,0.1121781,0.01071732
urn:mavedb:00001072-a-1#166,NA,NA,p.Lys17Glu,-0.0587937376168061,0.23397495651833,0.1179021,0.02196256
urn:mavedb:00001072-a-1#167,NA,NA,p.Lys17Phe,-0.31766569216874,0.111386370139753,0.09360253,0.01045552
urn:mavedb:00001072-a-1#168,NA,NA,p.Lys17Gly,-0.440746143964757,0.101055353343034,0.08204932,0.009485777
urn:mavedb:00001072-a-1#169,NA,NA,p.Lys17His,-0.218970131613683,0.0904733541471488,0.1028668,0.008492475
urn:mavedb:00001072-a-1#170,NA,NA,p.Lys17Ile,-0.894103623483149,0.161824787673301,0.03949395,0.01519003
urn:mavedb:00001072-a-1#171,NA,NA,p.Leu18Ter,-0.983421248372966,0.235128075703596,0.03110996,0.0220708
urn:mavedb:00001072-a-1#172,NA,NA,p.Leu18Ala,-0.27283488130138,0.0710126887854472,0.09781067,0.006665758
urn:mavedb:00001072-a-1#173,NA,NA,p.Leu18Cys,-0.487018353813699,0.0904461348241781,0.07770588,0.00848992
urn:mavedb:00001072-a-1#174,NA,NA,p.Leu18Asp,-0.880133558985605,0.197576702560662,0.04080528,0.01854596
urn:mavedb:00001072-a-1#175,NA,NA,p.Leu18Glu,-0.88157708863826,0.101783968276865,0.04066978,0.00955417
urn:mavedb:00001072-a-1#176,NA,NA,p.Leu18Phe,-0.0897641070133808,0.102130607153899,0.114995,0.009586708
urn:mavedb:00001072-a-1#177,NA,NA,p.Leu18Gly,-0.998034242867099,0.0930116439043525,0.02973828,0.008730737
urn:mavedb:00001072-a-1#178,NA,NA,p.Leu18His,-0.425744408533167,0.158674270889685,0.08345749,0.0148943
urn:mavedb:00001072-a-1#179,NA,NA,p.Leu18Ile,-0.188397132372415,0.226074534709378,0.1057366,0.02122097
urn:mavedb:00001072-a-1#180,NA,NA,p.Leu18Lys,-0.741529250811306,0.141304188025756,0.05381567,0.01326382
urn:mavedb:00001072-a-1#181,NA,NA,p.Ala19Ter,-1.57580597427385,0.338397973987489,-0.0244955,0.03176445
urn:mavedb:00001072-a-1#182,NA,NA,p.Asp20Ter,-1.07405264504703,0.273459380993178,0.02260265,0.02566885
urn:mavedb:00001072-a-1#183,NA,NA,p.Asp20Ala,0.339916609795504,0.0956903661920455,0.1553279,0.008982181
urn:mavedb:00001072-a-1#184,NA,NA,p.Asp20Cys,-0.289466580104603,0.0955364465136575,0.0962495,0.008967733
urn:mavedb:00001072-a-1#185,NA,NA,p.Gln21Ter,-1.57139356754664,0.760155683874037,-0.02408132,0.07135364
urn:mavedb:00001072-a-1#186,NA,NA,p.Gln21Ala,0.0507408662925065,0.0593040226856811,0.1281838,0.005566699
urn:mavedb:00001072-a-1#187,NA,NA,p.Gln21Cys,0.0635174353879323,0.0933406195181828,0.1293831,0.008761617
urn:mavedb:00001072-a-1#188,NA,NA,p.Gln21Asp,-0.18594686063728,0.115743912086807,0.1059666,0.01086455
urn:mavedb:00001072-a-1#189,NA,NA,p.Gln21Glu,-0.223448802211296,0.09771854133406,0.1024464,0.00917256
urn:mavedb:00001072-a-1#190,NA,NA,p.Gln21Phe,0.0281877129738906,0.0904577150214654,0.1260668,0.008491007
urn:mavedb:00001072-a-1#191,NA,NA,p.Gln21Gly,-0.287324723007434,0.0562698298893521,0.09645055,0.005281888
urn:mavedb:00001072-a-1#192,NA,NA,p.Gln21His,-0.295278518126791,0.13273420283179,0.09570395,0.01245938
urn:mavedb:00001072-a-1#193,NA,NA,p.Gln21Ile,0.0726292502360251,0.1088751612119,0.1302384,0.0102198
urn:mavedb:00001072-a-1#194,NA,NA,p.Gln21Lys,0.232731070745311,0.113740229008788,0.1452667,0.01067647
urn:mavedb:00001072-a-1#195,NA,NA,p.Gln21Leu,0.056171946860211,0.0775786926074449,0.1286936,0.00728209
urn:mavedb:00001072-a-1#196,NA,NA,p.Gln21Met,-0.085142681453808,0.161793573342066,0.1154288,0.0151871
urn:mavedb:00001072-a-1#197,NA,NA,p.Gln21Asn,-0.231864952953717,0.114962168869745,0.1016564,0.01079117
urn:mavedb:00001072-a-1#198,NA,NA,p.Gln21Pro,-0.535395347083122,0.0868334648312498,0.07316487,0.008150809
urn:mavedb:00001072-a-1#199,NA,NA,p.Tyr22Ter,-1.52231345282279,0.700168450855113,-0.01947431,0.06572281
urn:mavedb:00001072-a-1#200,NA,NA,p.Tyr22Ala,0.0381358162185403,0.0930393852417364,0.1270006,0.008733341
urn:mavedb:00001072-a-1#201,NA,NA,p.Tyr22Cys,0.264137162376525,0.121516432694125,0.1482147,0.0114064
urn:mavedb:00001072-a-1#202,NA,NA,p.Tyr22Asp,-0.353604147308632,0.122049633130401,0.09022909,0.01145645
urn:mavedb:00001072-a-1#203,NA,NA,p.Tyr22Glu,-0.308282749426477,0.0868055850002461,0.09448328,0.008148192
urn:mavedb:00001072-a-1#204,NA,NA,p.Tyr22Phe,0.160834771358752,0.0693393875641678,0.138518,0.00650869
urn:mavedb:00001072-a-1#205,NA,NA,p.Tyr22Gly,-0.126054762081811,0.0675080757760383,0.1115885,0.00633679
urn:mavedb:00001072-a-1#206,NA,NA,p.Tyr22His,-0.263638585345202,0.894275888239484,0.0986739,0.08394312
urn:mavedb:00001072-a-1#207,NA,NA,p.Tyr22Ile,0.187079312313127,0.145431084829047,0.1409815,0.0136512
urn:mavedb:00001072-a-1#208,NA,NA,p.Tyr22Lys,0.177071550278404,0.0810371233213242,0.1400421,0.007606723
urn:mavedb:00001072-a-1#209,NA,NA,p.Tyr22Leu,0.344668006290593,0.0644518731475147,0.1557739,0.006049913
urn:mavedb:00001072-a-1#210,NA,NA,p.Tyr22Met,0.455767588103782,0.0680611873335014,0.1662025,0.006388709
urn:mavedb:00001072-a-1#211,NA,NA,p.Tyr22Asn,-0.275700101228183,0.132408742825231,0.09754172,0.01242883
urn:mavedb:00001072-a-1#212,NA,NA,p.Tyr22Pro,-0.384756689082037,0.0929160513466161,0.08730489,0.008721764
urn:mavedb:00001072-a-1#213,NA,NA,p.Tyr22Gln,0.0104605296379542,0.080923377446037,0.1244028,0.007596046
urn:mavedb:00001072-a-1#214,NA,NA,p.Tyr22Arg,0.157681378169187,0.0608273566234147,0.138222,0.00570969
urn:mavedb:00001072-a-1#215,NA,NA,p.Tyr22Ser,0.124450366763065,0.0750076011690566,0.1351027,0.007040749
urn:mavedb:00001072-a-1#216,NA,NA,p.Tyr22Thr,0.014318109617487,0.0959729251365281,0.1247649,0.009008704
urn:mavedb:00001072-a-1#217,NA,NA,p.Tyr22Val,0.220137739362252,0.0618295497231513,0.1440846,0.005803763
urn:mavedb:00001072-a-1#218,NA,NA,p.Tyr22Trp,0.322926638651183,0.0758750506300714,0.1537331,0.007122174
urn:mavedb:00001072-a-1#219,NA,NA,p.Pro23Ter,-1.51819550483801,0.255526374831491,-0.01908777,0.02398553
urn:mavedb:00001072-a-1#220,NA,NA,p.Pro23Ala,0.326855596111696,0.0542723044507375,0.1541019,0.005094386
urn:mavedb:00001072-a-1#221,NA,NA,p.Pro23Cys,-0.0454589326999842,0.0984167302849538,0.1191538,0.009238097
urn:mavedb:00001072-a-1#222,NA,NA,p.Pro23Asp,0.37550201273843,0.0802458027377845,0.1586682,0.007532444
urn:mavedb:00001072-a-1#223,NA,NA,p.Pro23Glu,0.384079029146941,0.107940435811723,0.1594733,0.01013206
urn:mavedb:00001072-a-1#224,NA,NA,p.Pro23Phe,-0.0603118407570529,0.0885534597091165,0.1177596,0.00831226
urn:mavedb:00001072-a-1#225,NA,NA,p.Pro23Gly,0.299939893769002,0.0564763345298472,0.1515754,0.005301272
urn:mavedb:00001072-a-1#226,NA,NA,p.Pro23His,0.396267533025934,0.10012434596388,0.1606174,0.009398386
urn:mavedb:00001072-a-1#227,NA,NA,p.Pro23Ile,-0.0944324073365823,0.092789702551926,0.1145568,0.008709904
urn:mavedb:00001072-a-1#228,NA,NA,p.Pro23Lys,0.447895823820775,0.211848576615842,0.1654636,0.01988562
urn:mavedb:00001072-a-1#229,NA,NA,p.Pro23Leu,0.0333865503945257,0.0562067620255608,0.1265548,0.005275968
urn:mavedb:00001072-a-1#230,NA,NA,p.Pro23Met,0.159368869659819,0.0774775496515607,0.1383804,0.007272596
urn:mavedb:00001072-a-1#231,NA,NA,p.Pro23Asn,0.213935355865748,0.141411254247226,0.1435024,0.01327387
urn:mavedb:00001072-a-1#232,NA,NA,p.His24Ter,-1.38669268074003,0.302623047852529,-0.006743976,0.02840636
urn:mavedb:00001072-a-1#233,NA,NA,p.His24Ala,-0.0724364245038253,0.0680317201525475,0.1166215,0.006385943
urn:mavedb:00001072-a-1#234,NA,NA,p.His24Cys,-0.287256434999511,0.0786380729188084,0.09645696,0.007381531
urn:mavedb:00001072-a-1#235,NA,NA,p.His24Asp,-0.0745085021233202,0.128493954327361,0.116427,0.01206136
urn:mavedb:00001072-a-1#236,NA,NA,p.His24Glu,-0.103150048035979,0.0847707195510591,0.1137385,0.007957185
urn:mavedb:00001072-a-1#237,NA,NA,p.His24Phe,-0.364362331695629,0.128755387668145,0.08921925,0.0120859
urn:mavedb:00001072-a-1#238,NA,NA,p.His24Gly,-0.0228162911962588,0.0454258646849153,0.1212792,0.004263996
urn:mavedb:00001072-a-1#239,NA,NA,p.Leu25Ter,-1.15734260146842,0.209470960764331,0.01478446,0.01966244
urn:mavedb:00001072-a-1#240,NA,NA,p.Leu25Ala,-0.331742503287093,0.0579467958648788,0.09228118,0.0054393
urn:mavedb:00001072-a-1#241,NA,NA,p.Leu25Cys,-0.782757629560249,0.125295817045241,0.04994568,0.01176116
urn:mavedb:00001072-a-1#242,NA,NA,p.Leu25Asp,-0.668662643817634,0.118156897078147,0.06065545,0.01109105
urn:mavedb:00001072-a-1#243,NA,NA,p.Leu25Glu,-0.991494254538915,0.15951567289682,0.03035217,0.01497328
urn:mavedb:00001072-a-1#244,NA,NA,p.Leu25Phe,-0.252852489167136,0.183744385948054,0.09968636,0.01724756
urn:mavedb:00001072-a-1#245,NA,NA,p.Leu25Gly,-0.46126525214255,0.0609463332961886,0.08012325,0.005720858
urn:mavedb:00001072-a-1#246,NA,NA,p.Leu25His,-0.501402407700927,0.16282375280636,0.07635569,0.0152838
urn:mavedb:00001072-a-1#247,NA,NA,p.Leu25Ile,-0.0240190550175492,0.122302330719781,0.1211663,0.01148017
urn:mavedb:00001072-a-1#248,NA,NA,p.Leu25Lys,-0.334009963444076,0.0970182962855798,0.09206834,0.00910683
urn:mavedb:00001072-a-1#249,NA,NA,p.His26Ter,-1.33985195458176,0.368019628594202,-0.002347171,0.03454495
urn:mavedb:00001072-a-1#250,NA,NA,p.His26Ala,0.152412228603109,0.0539197636148284,0.1377274,0.005061294
urn:mavedb:00001072-a-1#251,NA,NA,p.His26Cys,-0.0462227782800243,0.164377012019329,0.1190821,0.0154296
urn:mavedb:00001072-a-1#252,NA,NA,p.His26Asp,0.370742093559045,0.163872042974783,0.1582214,0.0153822
urn:mavedb:00001072-a-1#253,NA,NA,p.His26Glu,0.131709563112288,0.0944469811267287,0.1357841,0.008865468
urn:mavedb:00001072-a-1#254,NA,NA,p.His26Phe,-0.0685575378135523,0.0996529562954619,0.1169856,0.009354138
urn:mavedb:00001072-a-1#255,NA,NA,p.His26Gly,0.198616896179004,0.0547538467668238,0.1420645,0.005139587
urn:mavedb:00001072-a-1#256,NA,NA,p.Asn27Ter,-1.38637288831853,0.429138887154759,-0.006713958,0.04028204
urn:mavedb:00001072-a-1#257,NA,NA,p.Asn27Ala,0.232637321218053,0.0949192763303537,0.1452579,0.008909801
urn:mavedb:00001072-a-1#258,NA,NA,p.Asn27Cys,-0.0289835186200411,0.0882423284655312,0.1207003,0.008283055
urn:mavedb:00001072-a-1#259,NA,NA,p.Asn27Asp,0.0643792918373778,0.0937313206730278,0.129464,0.008798291
urn:mavedb:00001072-a-1#260,NA,NA,p.Asn27Glu,0.0952591077133062,0.309391870254063,0.1323626,0.02904173
urn:mavedb:00001072-a-1#261,NA,NA,p.Asn27Phe,0.170954393624862,0.0846535432953427,0.1394679,0.007946186
urn:mavedb:00001072-a-1#262,NA,NA,p.Asn27Gly,0.190564024854704,0.0680102110280552,0.1413086,0.006383924
urn:mavedb:00001072-a-1#263,NA,NA,p.Asn27His,0.0627599818211145,0.0506422481818451,0.129312,0.004753643
urn:mavedb:00001072-a-1#264,NA,NA,p.Asn27Ile,0.0832591682243647,0.0823478482459357,0.1312362,0.007729757
urn:mavedb:00001072-a-1#265,NA,NA,p.Asn27Lys,0.179815854621756,0.0743461556408345,0.1402997,0.006978661
urn:mavedb:00001072-a-1#266,NA,NA,p.Asn27Leu,0.325992674326713,0.0665375337951066,0.1540209,0.006245688
urn:mavedb:00001072-a-1#267,NA,NA,p.Asn27Met,0.153172878176538,0.104337492332247,0.1377988,0.009793862
urn:mavedb:00001072-a-1#268,NA,NA,p.Ala28Ter,-1.52153256187416,0.2773814137727,-0.01940101,0.026037
urn:mavedb:00001072-a-1#269,NA,NA,p.Glu29Ter,-1.22393174011694,0.270538870152004,0.008533928,0.02539471
urn:mavedb:00001072-a-1#270,NA,NA,p.Glu29Ala,0.0703728695686264,0.0841204387392649,0.1300266,0.007896145
urn:mavedb:00001072-a-1#271,NA,NA,p.Glu29Cys,1.00773177919344,1.7976013757317,0.2180138,0.1687357
urn:mavedb:00001072-a-1#272,NA,NA,p.Glu29Asp,-0.175499115025769,0.208387940657402,0.1069473,0.01956078
urn:mavedb:00001072-a-1#273,NA,NA,p.Leu30Ter,-1.57652283855671,0.280890415964522,-0.02456279,0.02636638
urn:mavedb:00001072-a-1#274,NA,NA,p.Leu30Ala,-0.204789450280471,0.0913770889365544,0.1041979,0.008577306
urn:mavedb:00001072-a-1#275,NA,NA,p.Leu30Cys,-0.378691414269147,0.118867369347782,0.08787422,0.01115774
urn:mavedb:00001072-a-1#276,NA,NA,p.Leu30Asp,NA,NA,NA,NA
urn:mavedb:00001072-a-1#277,NA,NA,p.Leu30Glu,-0.618816978976882,0.195533815134881,0.06533432,0.0183542
urn:mavedb:00001072-a-1#278,NA,NA,p.Leu30Phe,-0.174726746761433,0.126056253551562,0.1070198,0.01183254
urn:mavedb:00001072-a-1#279,NA,NA,p.Leu30Gly,-0.493728689294251,0.106790938767283,0.077076,0.01002416
urn:mavedb:00001072-a-1#280,NA,NA,p.Leu30His,-0.411856161804866,0.188331188102674,0.08476114,0.01767811
urn:mavedb:00001072-a-1#281,NA,NA,p.Leu30Ile,-0.422912853209334,0.802510441886266,0.08372328,0.07532936
urn:mavedb:00001072-a-1#282,NA,NA,p.Leu30Lys,-0.310064416578581,0.119975744440493,0.09431604,0.01126178
urn:mavedb:00001072-a-1#283,NA,NA,p.Ser31Ter,-0.575564675774717,0.218685047823978,0.06939429,0.02052734
urn:mavedb:00001072-a-1#284,NA,NA,p.Ser31Ala,-0.44139120463242,0.0916235756197536,0.08198877,0.008600443
urn:mavedb:00001072-a-1#285,NA,NA,p.Ser31Cys,-0.0759094183544956,0.109479419528495,0.1162955,0.01027652
urn:mavedb:00001072-a-1#286,NA,NA,p.Ser31Asp,0.118824329792087,0.0759814030767316,0.1345746,0.007132157
urn:mavedb:00001072-a-1#287,NA,NA,p.Ser31Glu,0.186708575546246,0.213466927830122,0.1409467,0.02003753
urn:mavedb:00001072-a-1#288,NA,NA,p.Ser31Phe,-0.31184533799581,0.0835408962071285,0.09414887,0.007841745
urn:mavedb:00001072-a-1#289,NA,NA,p.Ser31Gly,-0.0958333235677576,0.0618820707651261,0.1144253,0.005808693
urn:mavedb:00001072-a-1#290,NA,NA,p.Ser31His,-0.28778452182521,0.120838666225476,0.09640739,0.01134278
urn:mavedb:00001072-a-1#291,NA,NA,p.Ser31Ile,-0.325538521787284,0.12580866957276,0.09286353,0.0118093
urn:mavedb:00001072-a-1#292,NA,NA,p.Ser31Lys,-0.239294602988863,0.192020658134465,0.100959,0.01802443
urn:mavedb:00001072-a-1#293,NA,NA,p.Ser31Leu,-0.478194712228369,0.079097775856386,0.07853413,0.007424682
urn:mavedb:00001072-a-1#294,NA,NA,p.Ser31Met,-0.284060534922019,0.0948099942109667,0.09675695,0.008899543
urn:mavedb:00001072-a-1#295,NA,NA,p.Ser31Asn,0.0290634187853173,0.0721326014620239,0.126149,0.006770881
urn:mavedb:00001072-a-1#296,NA,NA,p.Ser31Pro,-0.046276045056875,0.102266980755992,0.1190771,0.009599509
urn:mavedb:00001072-a-1#297,NA,NA,p.Ser31Gln,0.113544526870639,0.283198465405466,0.134079,0.02658303
urn:mavedb:00001072-a-1#298,NA,NA,p.Ser31Arg,0.0246763670438877,0.0676052663370803,0.1257372,0.006345913
urn:mavedb:00001072-a-1#299,NA,NA,p.Lys32Ter,NA,NA,NA,NA
urn:mavedb:00001072-a-1#300,NA,NA,p.Lys32Ala,NA,NA,NA,NA
urn:mavedb:00001072-a-1#301,NA,NA,p.Lys32Cys,NA,NA,NA,NA
urn:mavedb:00001072-a-1#302,NA,NA,p.Lys32Asp,NA,NA,NA,NA
urn:mavedb:00001072-a-1#303,NA,NA,p.Lys32Glu,NA,NA,NA,NA
urn:mavedb:00001072-a-1#304,NA,NA,p.Lys32Phe,NA,NA,NA,NA
urn:mavedb:00001072-a-1#305,NA,NA,p.Lys32Gly,NA,NA,NA,NA
urn:mavedb:00001072-a-1#306,NA,NA,p.Lys32His,NA,NA,NA,NA
urn:mavedb:00001072-a-1#307,NA,NA,p.Lys32Ile,NA,NA,NA,NA
urn:mavedb:00001072-a-1#308,NA,NA,p.Thr33Ter,-1.38549719316046,0.282217184842321,-0.006631759,0.02649092
urn:mavedb:00001072-a-1#309,NA,NA,p.Thr33Ala,0.0965172689825215,0.0789351417333052,0.1324807,0.007409416
urn:mavedb:00001072-a-1#310,NA,NA,p.Thr33Cys,0.0086942033175827,0.163370163403295,0.124237,0.01533509
urn:mavedb:00001072-a-1#311,NA,NA,p.Thr33Asp,-0.566927254841257,0.159681758707041,0.07020506,0.01498887
urn:mavedb:00001072-a-1#312,NA,NA,p.Thr33Glu,0.230344719142396,0.082963452386,0.1450427,0.007787542
urn:mavedb:00001072-a-1#313,NA,NA,p.Thr33Phe,0.0650152971529759,0.183164097681042,0.1295237,0.01719309
urn:mavedb:00001072-a-1#314,NA,NA,p.Thr33Gly,-0.133024187164965,0.0808022594488337,0.1109343,0.007584677
urn:mavedb:00001072-a-1#315,NA,NA,p.Thr33His,0.180732043183589,0.1240959296299,0.1403857,0.01164853
urn:mavedb:00001072-a-1#316,NA,NA,p.Thr33Ile,0.0798362451439343,0.0888782592076418,0.1309149,0.008342748
urn:mavedb:00001072-a-1#317,NA,NA,p.Thr33Lys,0.381194100512703,0.0969970215349056,0.1592025,0.009104833
urn:mavedb:00001072-a-1#318,NA,NA,p.Thr33Leu,0.0613963523337346,0.0596375792423206,0.129184,0.005598009
urn:mavedb:00001072-a-1#319,NA,NA,p.Thr33Met,0.112440839254291,0.0919397672071398,0.1339754,0.008630123
urn:mavedb:00001072-a-1#320,NA,NA,p.Thr33Asn,-0.340997605764914,0.12407462291916,0.09141243,0.01164653
urn:mavedb:00001072-a-1#321,NA,NA,p.Thr33Pro,-0.402124428207784,0.0812577649643954,0.08567463,0.007627434
urn:mavedb:00001072-a-1#322,NA,NA,p.Thr33Gln,0.0658611735693662,0.0891201223346104,0.1296031,0.008365451
urn:mavedb:00001072-a-1#323,NA,NA,p.Thr33Arg,0.19755795265521,0.0688938429358772,0.1419651,0.006466868
urn:mavedb:00001072-a-1#324,NA,NA,p.Thr33Ser,-0.189970632960587,0.0616738722411272,0.1055889,0.00578915
urn:mavedb:00001072-a-1#325,NA,NA,p.Leu34Ter,-1.53533227921933,0.289487460681129,-0.02069635,0.02717336
urn:mavedb:00001072-a-1#326,NA,NA,p.Leu34Ala,-0.511743193624521,0.131205765936834,0.07538503,0.01231591
urn:mavedb:00001072-a-1#327,NA,NA,p.Leu34Cys,-0.493406744894965,0.135073466603968,0.07710622,0.01267896
urn:mavedb:00001072-a-1#328,NA,NA,p.Leu34Asp,NA,NA,NA,NA
urn:mavedb:00001072-a-1#329,NA,NA,p.Leu34Glu,-0.750772847665328,0.121682198903685,0.052948,0.01142196
urn:mavedb:00001072-a-1#330,NA,NA,p.Leu34Phe,0.0717439564047653,0.110164110678135,0.1301553,0.01034079
urn:mavedb:00001072-a-1#331,NA,NA,p.Leu34Gly,-0.714155347654142,0.0914617618050364,0.05638518,0.008585254
urn:mavedb:00001072-a-1#332,NA,NA,p.Leu34His,-0.940874943031182,0.267168041979334,0.03510366,0.0250783
urn:mavedb:00001072-a-1#333,NA,NA,p.Leu34Ile,-0.0850180371959772,0.12273400467938,0.1154405,0.01152069
urn:mavedb:00001072-a-1#334,NA,NA,p.Leu34Lys,-1.00695174051324,0.237022455355516,0.02890122,0.02224862
urn:mavedb:00001072-a-1#335,NA,NA,p.Gly35Ter,-1.24219716292624,0.435786367838628,0.006819405,0.04090602
urn:mavedb:00001072-a-1#336,NA,NA,p.Gly35Ala,-0.109793480444807,0.105607052691709,0.1131149,0.009913032
urn:mavedb:00001072-a-1#337,NA,NA,p.Gly35Cys,-0.241410359365375,0.0896697822049335,0.1007604,0.008417046
urn:mavedb:00001072-a-1#338,NA,NA,p.Gly35Asp,0.0367540760270315,0.0808829799224734,0.1268709,0.007592254
urn:mavedb:00001072-a-1#339,NA,NA,p.Gly35Glu,0.145556794422415,0.0684145058643525,0.1370839,0.006421874
urn:mavedb:00001072-a-1#340,NA,NA,p.Gly35Phe,-0.343216699688517,0.0729400086121725,0.09120413,0.00684667
urn:mavedb:00001072-a-1#341,NA,NA,p.Lys36Ter,-1.19754271835703,0.174374440299342,0.01101099,0.01636803
urn:mavedb:00001072-a-1#342,NA,NA,p.Lys36Ala,-0.514283592746088,0.102603392411871,0.07514657,0.009631087
urn:mavedb:00001072-a-1#343,NA,NA,p.Lys36Cys,-0.677526555086263,0.152036271692096,0.05982342,0.01427121
urn:mavedb:00001072-a-1#344,NA,NA,p.Lys36Asp,-0.220075949901105,0.0674372522695376,0.102763,0.006330142
urn:mavedb:00001072-a-1#345,NA,NA,p.Lys36Glu,-0.42507388634617,0.102414508421158,0.08352043,0.009613357
urn:mavedb:00001072-a-1#346,NA,NA,p.Lys36Phe,-0.540461976363614,0.159511518088226,0.07268928,0.01497289
urn:mavedb:00001072-a-1#347,NA,NA,p.Lys36Gly,-0.306785313795648,0.0612496556302877,0.09462384,0.00574933
urn:mavedb:00001072-a-1#348,NA,NA,p.Lys36His,-0.306696784412522,0.124300687120115,0.09463215,0.01166775
urn:mavedb:00001072-a-1#349,NA,NA,p.Lys36Ile,-1.0309436294746,0.280025150441358,0.02664917,0.02628516
urn:mavedb:00001072-a-1#350,NA,NA,p.Leu37Ter,-1.27860373715445,0.323247730782039,0.003402024,0.03034234
urn:mavedb:00001072-a-1#351,NA,NA,p.Leu37Ala,0.0859395524354954,0.110356616809674,0.1314878,0.01035886
urn:mavedb:00001072-a-1#352,NA,NA,p.Leu37Cys,0.0576889846649211,0.0959038381269526,0.128836,0.009002219
urn:mavedb:00001072-a-1#353,NA,NA,p.Leu37Asp,-0.234313094017779,0.128100312846434,0.1014266,0.01202441
urn:mavedb:00001072-a-1#354,NA,NA,p.Leu37Glu,-0.0619173014113352,0.100713732196379,0.1176089,0.00945371
urn:mavedb:00001072-a-1#355,NA,NA,p.Leu37Phe,-0.04488578218107,0.0773727312880738,0.1192076,0.007262757
urn:mavedb:00001072-a-1#356,NA,NA,p.Leu37Gly,-0.654858665130311,0.21029116259428,0.06195119,0.01973943
urn:mavedb:00001072-a-1#357,NA,NA,p.Leu37His,-0.139646312863053,0.223433248312455,0.1103127,0.02097304
urn:mavedb:00001072-a-1#358,NA,NA,p.Leu37Ile,0.0937015871581899,0.077740527728873,0.1322164,0.007297281
urn:mavedb:00001072-a-1#359,NA,NA,p.Leu37Lys,0.118225611220284,0.11140298937413,0.1345184,0.01045708
urn:mavedb:00001072-a-1#360,NA,NA,p.Trp38Ter,-1.46487524814328,0.326952328578457,-0.01408275,0.03069008
urn:mavedb:00001072-a-1#361,NA,NA,p.Trp38Ala,-0.388379362575657,0.0872103911976012,0.08696484,0.00818619
urn:mavedb:00001072-a-1#362,NA,NA,p.Trp38Cys,-0.407531112591691,0.120685470975253,0.08516712,0.0113284
urn:mavedb:00001072-a-1#363,NA,NA,p.Trp38Asp,-0.701388366578549,0.159779663042892,0.05758358,0.01499806
urn:mavedb:00001072-a-1#364,NA,NA,p.Trp38Glu,-0.883085390691567,0.133264846462777,0.0405282,0.01250919
urn:mavedb:00001072-a-1#365,NA,NA,p.Trp38Phe,-0.17252895954857,0.114091363601789,0.1072261,0.01070943
urn:mavedb:00001072-a-1#366,NA,NA,p.Trp38Gly,-0.630668730292624,0.0731640273688961,0.06422183,0.006867698
urn:mavedb:00001072-a-1#367,NA,NA,p.Trp38His,-0.584354013555755,0.12158940817841,0.06856926,0.01141325
urn:mavedb:00001072-a-1#368,NA,NA,p.Trp38Ile,-0.8662020596345,0.284269873355042,0.04211299,0.0266836
urn:mavedb:00001072-a-1#369,NA,NA,p.Trp38Lys,0.0647521592753332,0.119981923386608,0.129499,0.01126236
urn:mavedb:00001072-a-1#370,NA,NA,p.Trp38Leu,-0.201692519874367,0.0703089813964717,0.1044886,0.006599703
urn:mavedb:00001072-a-1#371,NA,NA,p.Trp38Met,-0.424557944345593,0.110474869054282,0.08356886,0.01036996
urn:mavedb:00001072-a-1#372,NA,NA,p.Trp38Asn,-1.36215058858723,1.09370009568844,-0.00444028,0.1026625
urn:mavedb:00001072-a-1#373,NA,NA,p.Trp38Pro,-0.430361572750592,0.242553144795932,0.08302409,0.02276777
urn:mavedb:00001072-a-1#374,NA,NA,p.Trp38Gln,-0.767510547354484,0.139388395129542,0.05137688,0.01308399
urn:mavedb:00001072-a-1#375,NA,NA,p.Trp38Arg,-0.230972201773698,0.0607172541956642,0.1017402,0.005699355
urn:mavedb:00001072-a-1#376,NA,NA,p.Trp38Ser,-0.413384705233376,0.07978100749634,0.08461766,0.007488815
urn:mavedb:00001072-a-1#377,NA,NA,p.Trp38Thr,-0.182970313146858,0.0912569510480451,0.106246,0.008566029
urn:mavedb:00001072-a-1#378,NA,NA,p.Trp38Val,-0.207124665777609,0.106935824400317,0.1039787,0.01003776
urn:mavedb:00001072-a-1#379,NA,NA,p.Arg39Ter,-1.61660651427113,0.359185014052841,-0.02832533,0.03371567
urn:mavedb:00001072-a-1#380,NA,NA,p.Arg39Ala,-0.0534159238259523,0.0576003274415307,0.1184069,0.005406778
urn:mavedb:00001072-a-1#381,NA,NA,p.Arg39Cys,-0.399296814625438,0.0919778849126542,0.08594005,0.008633701
urn:mavedb:00001072-a-1#382,NA,NA,p.Arg39Asp,-0.212486499535407,0.166010917132449,0.1034754,0.01558297
urn:mavedb:00001072-a-1#383,NA,NA,p.Arg39Glu,-0.14512639886546,0.0729824941933886,0.1097983,0.006850658
urn:mavedb:00001072-a-1#384,NA,NA,p.Arg39Phe,-0.480411249346683,0.0556335582398697,0.07832607,0.005222163
urn:mavedb:00001072-a-1#385,NA,NA,p.Arg39Gly,-0.162380573222962,0.0624891202608282,0.1081787,0.005865675
urn:mavedb:00001072-a-1#386,NA,NA,p.Arg39His,-0.202125046102395,0.136370299553177,0.104448,0.01280069
urn:mavedb:00001072-a-1#387,NA,NA,p.Arg39Ile,-0.589012299724909,0.121317747616472,0.068132,0.01138775
urn:mavedb:00001072-a-1#388,NA,NA,p.Arg39Lys,0.11880195774581,0.089761464981249,0.1345725,0.008425652
urn:mavedb:00001072-a-1#389,NA,NA,p.Arg39Leu,-0.479115907867226,0.0723456259560055,0.07844766,0.006790877
urn:mavedb:00001072-a-1#390,NA,NA,p.Arg39Met,-0.118220284542599,0.100582695925326,0.1123239,0.00944141
urn:mavedb:00001072-a-1#391,NA,NA,p.Arg39Asn,0.0802400073124632,0.138064076523478,0.1309528,0.01295968
urn:mavedb:00001072-a-1#392,NA,NA,p.Arg39Pro,-0.706892103029878,0.0907787645389004,0.05706696,0.008521143
urn:mavedb:00001072-a-1#393,NA,NA,p.Arg39Gln,-0.188271422779047,0.128375275948537,0.1057484,0.01205022
urn:mavedb:00001072-a-1#394,NA,NA,p.Leu40Ter,-1.37406003847566,0.344473262954427,-0.005558186,0.03233472
urn:mavedb:00001072-a-1#395,NA,NA,p.Leu40Ala,0.276450310513349,0.0615259290951019,0.1493705,0.005775263
urn:mavedb:00001072-a-1#396,NA,NA,p.Leu40Cys,-0.0190481994018354,0.0735469728810316,0.1216329,0.006903644
urn:mavedb:00001072-a-1#397,NA,NA,p.Leu40Asp,0.297826268063563,0.117256901616476,0.151377,0.01100657
urn:mavedb:00001072-a-1#398,NA,NA,p.Leu40Glu,0.423904467527188,0.0831114061853807,0.1632116,0.00780143
urn:mavedb:00001072-a-1#399,NA,NA,p.Leu40Phe,-0.098353907448336,0.103561203633135,0.1141887,0.009720994
urn:mavedb:00001072-a-1#400,NA,NA,p.Leu40Gly,0.264935098693749,0.0501944770022822,0.1482896,0.004711612
urn:mavedb:00001072-a-1#401,NA,NA,p.Leu40His,0.45790997786872,0.157485249896822,0.1664036,0.01478269
urn:mavedb:00001072-a-1#402,NA,NA,p.Leu40Ile,-0.274410192959965,0.0903497006513675,0.0976628,0.008480868
urn:mavedb:00001072-a-1#403,NA,NA,p.Leu40Lys,0.306894404154638,0.0643390541141447,0.1522282,0.006039323
urn:mavedb:00001072-a-1#404,NA,NA,p.Leu41Ter,-1.47161999396168,0.355109786023096,-0.01471586,0.03333314
urn:mavedb:00001072-a-1#405,NA,NA,p.Leu41Ala,-0.483657752862184,0.0972608412272921,0.07802133,0.009129597
urn:mavedb:00001072-a-1#406,NA,NA,p.Leu41Cys,-0.2742083118757,0.183246554651607,0.09768175,0.01720083
urn:mavedb:00001072-a-1#407,NA,NA,p.Leu41Asp,-0.717393754619561,0.149240192041645,0.0560812,0.01400875
urn:mavedb:00001072-a-1#408,NA,NA,p.Leu41Glu,-0.57934395359228,0.108276549173651,0.06903954,0.01016361
urn:mavedb:00001072-a-1#409,NA,NA,p.Leu41Phe,0.0196788780397484,0.0924828219971334,0.1252681,0.008681098
urn:mavedb:00001072-a-1#410,NA,NA,p.Leu41Gly,-0.0951365941265495,0.0551945121583549,0.1144907,0.005180951
urn:mavedb:00001072-a-1#411,NA,NA,p.Leu41His,-0.250743764005167,0.133950283347293,0.0998843,0.01257353
urn:mavedb:00001072-a-1#412,NA,NA,p.Leu41Ile,0.0883823668218719,0.0912315427954873,0.1317171,0.008563644
urn:mavedb:00001072-a-1#413,NA,NA,p.Leu41Lys,0.0706626408346946,0.0917273606077696,0.1300538,0.008610185
urn:mavedb:00001072-a-1#414,NA,NA,p.Ser42Ter,-1.46045751473838,0.189369996784817,-0.01366807,0.01777562
urn:mavedb:00001072-a-1#415,NA,NA,p.Ser42Ala,-0.338348542418572,0.110023486387249,0.09166109,0.01032759
urn:mavedb:00001072-a-1#416,NA,NA,p.Ser42Cys,-0.264845717042194,0.0780808811262386,0.09856059,0.007329229
urn:mavedb:00001072-a-1#417,NA,NA,p.Ser42Asp,-0.300525082579484,0.168961150835106,0.09521147,0.0158599
urn:mavedb:00001072-a-1#418,NA,NA,p.Ser42Glu,-0.698087317883553,0.182283597859698,0.05789344,0.01711044
urn:mavedb:00001072-a-1#419,NA,NA,p.Ser42Phe,-0.0350868259116023,0.0523161566443806,0.1201274,0.004910768
urn:mavedb:00001072-a-1#420,NA,NA,p.Ser42Gly,0.0427284777186139,0.0740487352656105,0.1274317,0.006950743
urn:mavedb:00001072-a-1#421,NA,NA,p.Ser42His,-0.0017013408526135,0.0967550412210279,0.1232612,0.009082119
urn:mavedb:00001072-a-1#422,NA,NA,p.Ser42Ile,-0.375421366838278,0.0791852612106857,0.08818117,0.007432894
urn:mavedb:00001072-a-1#423,NA,NA,p.Ser42Lys,0.119897122677861,0.0854978430151382,0.1346753,0.008025438
urn:mavedb:00001072-a-1#424,NA,NA,p.Ser42Leu,-0.519092517360175,0.0661079265864497,0.07469517,0.006205362
urn:mavedb:00001072-a-1#425,NA,NA,p.Ser42Met,-0.356200583079446,0.072486005219718,0.08998537,0.006804054
urn:mavedb:00001072-a-1#426,NA,NA,p.Ser42Asn,-0.239171024066569,0.0862286631935308,0.1009706,0.008094038
urn:mavedb:00001072-a-1#427,NA,NA,p.Ser42Pro,0.287649117678455,0.0580582938821828,0.1504217,0.005449766
urn:mavedb:00001072-a-1#428,NA,NA,p.Ser42Gln,-0.161087255881025,0.0960342458500387,0.1083001,0.00901446
urn:mavedb:00001072-a-1#429,NA,NA,p.Ser42Arg,-0.0374785041922018,0.0710197199999915,0.1199029,0.006666418
urn:mavedb:00001072-a-1#430,NA,NA,p.Glu43Ter,-1.09429625745495,0.232925814081477,0.02070244,0.02186408
urn:mavedb:00001072-a-1#431,NA,NA,p.Glu43Ala,0.138585238668186,0.0970652456226961,0.1364295,0.009111237
urn:mavedb:00001072-a-1#432,NA,NA,p.Glu43Cys,0.337632530404143,0.0488095301508068,0.1551135,0.004581611
urn:mavedb:00001072-a-1#433,NA,NA,p.Glu43Asp,0.193864434348378,0.12287185909787,0.1416184,0.01153363
urn:mavedb:00001072-a-1#434,NA,NA,p.Ser44Ter,-1.49275742288515,0.303915193325375,-0.01669997,0.02852765
urn:mavedb:00001072-a-1#435,NA,NA,p.Ser44Ala,-0.0409728047536124,0.0640169499145281,0.1195749,0.006009088
urn:mavedb:00001072-a-1#436,NA,NA,p.Ser44Cys,-0.267484127033166,0.0789319350733388,0.09831293,0.007409115
urn:mavedb:00001072-a-1#437,NA,NA,p.Ser44Asp,-0.0135958121233906,0.0930989481516109,0.1221447,0.008738932
urn:mavedb:00001072-a-1#438,NA,NA,p.Ser44Glu,0.121316149613166,0.0852031818589551,0.1348085,0.007997779
urn:mavedb:00001072-a-1#439,NA,NA,p.Ser44Phe,-0.0928162933269299,0.109931867531066,0.1147085,0.01031899
urn:mavedb:00001072-a-1#440,NA,NA,p.Ser44Gly,-0.0130077469069581,0.0575786585167078,0.1221999,0.005404744
urn:mavedb:00001072-a-1#441,NA,NA,p.Ser44His,-0.121334260317295,0.106125391697244,0.1120316,0.009961687
urn:mavedb:00001072-a-1#442,NA,NA,p.Ser44Ile,-0.215358644143201,0.130998451641331,0.1032058,0.01229645
urn:mavedb:00001072-a-1#443,NA,NA,p.Ser44Lys,-0.352318819983223,0.161983948802531,0.09034974,0.01520497
urn:mavedb:00001072-a-1#444,NA,NA,p.Ser44Leu,-0.225677484154732,0.0591734445089091,0.1022372,0.005554442
urn:mavedb:00001072-a-1#445,NA,NA,p.Ser44Met,-0.219768067930907,0.153306684319987,0.1027919,0.01439046
urn:mavedb:00001072-a-1#446,NA,NA,p.Ser44Asn,-0.087079461460102,0.100362768057064,0.115247,0.009420766
urn:mavedb:00001072-a-1#447,NA,NA,p.Ser44Pro,-0.0355086987842604,0.0830428198835077,0.1200878,0.007794992
urn:mavedb:00001072-a-1#448,NA,NA,p.Ser44Gln,-0.227228612696626,0.0856140711222266,0.1020916,0.008036348
urn:mavedb:00001072-a-1#449,NA,NA,p.Ser44Arg,0.287179304706631,0.052505520036085,0.1503776,0.004928543
urn:mavedb:00001072-a-1#450,NA,NA,p.Glu45Ter,-1.09596190956708,0.229175193789861,0.02054609,0.02151202
urn:mavedb:00001072-a-1#451,NA,NA,p.Glu45Ala,0.275993281567969,0.0557816398795148,0.1493276,0.005236063
urn:mavedb:00001072-a-1#452,NA,NA,p.Glu45Cys,0.216453809075253,0.110730549583166,0.1437388,0.01039396
urn:mavedb:00001072-a-1#453,NA,NA,p.Glu45Asp,0.357253880324893,0.117730336729126,0.1569553,0.01105101
urn:mavedb:00001072-a-1#454,NA,NA,p.Lys46Ter,-1.6553851539527,0.318137316210976,-0.03196537,0.02986264
urn:mavedb:00001072-a-1#455,NA,NA,p.Lys46Ala,-0.336081082261588,0.104788075997628,0.09187393,0.009836157
urn:mavedb:00001072-a-1#456,NA,NA,p.Lys46Cys,-0.334935207357974,0.120234088308219,0.09198149,0.01128603
urn:mavedb:00001072-a-1#457,NA,NA,p.Lys46Asp,-0.256684820694441,0.125691482663688,0.09932663,0.0117983
urn:mavedb:00001072-a-1#458,NA,NA,p.Lys46Glu,-0.40109914928696,0.286114608370938,0.08577087,0.02685676
urn:mavedb:00001072-a-1#459,NA,NA,p.Lys46Phe,-0.309203412397565,0.142593563626206,0.09439686,0.01338485
urn:mavedb:00001072-a-1#460,NA,NA,p.Lys46Gly,-0.209531258755726,0.0813252113572439,0.1037528,0.007633765
urn:mavedb:00001072-a-1#461,NA,NA,p.Lys46His,-0.131788397942027,0.0647192830206609,0.1110503,0.006075014
urn:mavedb:00001072-a-1#462,NA,NA,p.Lys46Ile,-0.0936802804474494,1.25618081045188,0.1146274,0.1179141
urn:mavedb:00001072-a-1#463,NA,NA,p.Arg47Ter,-1.63075470287046,0.229250406478774,-0.02965338,0.02151908
urn:mavedb:00001072-a-1#464,NA,NA,p.Arg47Ala,-0.0181533175507424,0.068072660997235,0.1217169,0.006389786
urn:mavedb:00001072-a-1#465,NA,NA,p.Arg47Cys,-0.436629900516837,0.0954774908450391,0.0824357,0.008962199
urn:mavedb:00001072-a-1#466,NA,NA,p.Arg47Asp,-0.0645625295497445,0.194148133201885,0.1173606,0.01822413
urn:mavedb:00001072-a-1#467,NA,NA,p.Arg47Glu,-0.0575899084599787,0.0805670440156161,0.1180151,0.007562598
urn:mavedb:00001072-a-1#468,NA,NA,p.Arg47Phe,-0.307355161774397,0.110163471476813,0.09457035,0.01034073
urn:mavedb:00001072-a-1#469,NA,NA,p.Arg47Gly,-0.0828852354508724,0.0621816005047134,0.1156407,0.005836809
urn:mavedb:00001072-a-1#470,NA,NA,p.Arg47His,-0.357816697089098,0.14868227582091,0.08983367,0.01395638
urn:mavedb:00001072-a-1#471,NA,NA,p.Arg47Ile,-0.143237558958332,0.137360315867725,0.1099756,0.01289362
urn:mavedb:00001072-a-1#472,NA,NA,p.Arg47Lys,0.0844747160720994,0.109107510892523,0.1313503,0.01024161
urn:mavedb:00001072-a-1#473,NA,NA,p.Arg47Leu,-0.231315239816617,0.073237215920289,0.101708,0.006874568
urn:mavedb:00001072-a-1#474,NA,NA,p.Arg47Met,-0.083343329731789,0.0747268000282101,0.1155977,0.007014391
urn:mavedb:00001072-a-1#475,NA,NA,p.Arg47Asn,-0.304243210137222,0.177276946969941,0.09486246,0.01664048
urn:mavedb:00001072-a-1#476,NA,NA,p.Arg47Pro,-0.111501213310643,0.0766615452436284,0.1129546,0.007196
urn:mavedb:00001072-a-1#477,NA,NA,p.Arg47Gln,-0.183056605325357,0.100463623372354,0.1062379,0.009430233
urn:mavedb:00001072-a-1#478,NA,NA,p.Pro48Ter,-1.41971244676252,0.219312423921726,-0.009843447,0.02058623
urn:mavedb:00001072-a-1#479,NA,NA,p.Pro48Ala,-0.180198310079544,0.0897029461002008,0.1065062,0.008420159
urn:mavedb:00001072-a-1#480,NA,NA,p.Pro48Cys,-0.4379095815639,0.239151528426242,0.08231558,0.02244847
urn:mavedb:00001072-a-1#481,NA,NA,p.Pro48Asp,-0.158375976939321,0.0848124593973994,0.1085546,0.007961103
urn:mavedb:00001072-a-1#482,NA,NA,p.Pro48Glu,-0.165882331133131,0.0741708227181525,0.10785,0.006962203
urn:mavedb:00001072-a-1#483,NA,NA,p.Pro48Phe,-0.433069549152131,0.115762022790936,0.0827699,0.01086625
urn:mavedb:00001072-a-1#484,NA,NA,p.Pro48Gly,-0.108651440749127,0.0600037776798143,0.1132221,0.005632383
urn:mavedb:00001072-a-1#485,NA,NA,p.Pro48His,0.0601850658281482,0.211076208351506,0.1290703,0.01981312
urn:mavedb:00001072-a-1#486,NA,NA,p.Pro48Ile,-0.346189518504559,0.117640209342694,0.09092508,0.01104255
urn:mavedb:00001072-a-1#487,NA,NA,p.Pro48Lys,-0.213460216216239,0.116885419114719,0.103384,0.0109717
urn:mavedb:00001072-a-1#488,NA,NA,p.Pro48Leu,-0.427964887392968,0.0649293671885603,0.08324906,0.006094734
urn:mavedb:00001072-a-1#489,NA,NA,p.Pro48Met,-0.293693085780604,0.0863306903779107,0.09585277,0.008103615
urn:mavedb:00001072-a-1#490,NA,NA,p.Pro48Asn,-0.0197960649488203,0.103423604895174,0.1215627,0.009708078
urn:mavedb:00001072-a-1#491,NA,NA,p.Phe49Ter,-1.00903021014596,0.140614276731985,0.02870612,0.01319906
urn:mavedb:00001072-a-1#492,NA,NA,p.Phe49Ala,0.1043421585019,0.0645718192756272,0.1332152,0.006061172
urn:mavedb:00001072-a-1#493,NA,NA,p.Phe49Cys,-0.0543885751712473,0.0881748394592612,0.1183156,0.00827672
urn:mavedb:00001072-a-1#494,NA,NA,p.Phe49Asp,0.399763964258419,0.131898020968786,0.1609456,0.01238089
urn:mavedb:00001072-a-1#495,NA,NA,p.Phe49Glu,0.250230272276326,0.10795300677106,0.1469093,0.01013324
urn:mavedb:00001072-a-1#496,NA,NA,p.Val50Ter,-1.52588584247906,0.262626729652145,-0.01980964,0.02465202
urn:mavedb:00001072-a-1#497,NA,NA,p.Val50Ala,-0.0577518394616049,0.0649185327261489,0.1179999,0.006093717
urn:mavedb:00001072-a-1#498,NA,NA,p.Val50Cys,0.0042389701017843,0.124940740710754,0.1238188,0.01172783
urn:mavedb:00001072-a-1#499,NA,NA,p.Val50Asp,-0.249844833879034,0.150088518729771,0.09996868,0.01408838
urn:mavedb:00001072-a-1#500,NA,NA,p.Val50Glu,-0.0330552310425139,0.0814987012494468,0.1203181,0.00765005
urn:mavedb:00001072-a-1#501,NA,NA,p.Val50Phe,-0.225390908895275,0.168705044172007,0.1022641,0.01583586
urn:mavedb:00001072-a-1#502,NA,NA,p.Val50Gly,0.0316745561865421,0.0531354955525437,0.1263941,0.004987677
urn:mavedb:00001072-a-1#503,NA,NA,p.Val50His,-0.240343958492823,0.174152211306321,0.1008605,0.01634717
urn:mavedb:00001072-a-1#504,NA,NA,p.Val50Ile,-0.0358485408205684,0.0708985487360113,0.1200559,0.006655044
urn:mavedb:00001072-a-1#505,NA,NA,p.Val50Lys,-0.0954870895182276,0.146934486338883,0.1144578,0.01379232
urn:mavedb:00001072-a-1#506,NA,NA,p.Val50Leu,-0.197202130585847,0.0642250099449072,0.1049101,0.006028618
urn:mavedb:00001072-a-1#507,NA,NA,p.Val50Met,-0.142735785920398,0.0892054130977038,0.1100227,0.008373457
urn:mavedb:00001072-a-1#508,NA,NA,p.Val50Asn,-0.0262605209874296,0.0993774818323004,0.1209559,0.00932828
urn:mavedb:00001072-a-1#509,NA,NA,p.Val50Pro,-0.0176717858880115,0.103678486422405,0.1217621,0.009732003
urn:mavedb:00001072-a-1#510,NA,NA,p.Val50Gln,0.0438779747630534,0.0851215132366875,0.1275396,0.007990113
urn:mavedb:00001072-a-1#511,NA,NA,p.Val50Arg,0.0317970697732988,0.0538901472868993,0.1264056,0.005058514
urn:mavedb:00001072-a-1#512,NA,NA,p.Val50Ser,-0.0652773696950818,0.0658897671751797,0.1172935,0.006184884
urn:mavedb:00001072-a-1#513,NA,NA,p.Val50Thr,-0.0052052294338573,0.10595648274785,0.1229323,0.009945832
urn:mavedb:00001072-a-1#514,NA,NA,p.Glu51Ter,-1.35314121640438,0.185478539135207,-0.003594596,0.01741034
urn:mavedb:00001072-a-1#515,NA,NA,p.Glu51Ala,-0.0991529091010976,0.0688284100271938,0.1141137,0.006460726
urn:mavedb:00001072-a-1#516,NA,NA,p.Glu51Cys,-0.430356778740675,0.146095641137037,0.08302454,0.01371358
urn:mavedb:00001072-a-1#517,NA,NA,p.Glu51Asp,-0.0667869501510326,0.113064806278321,0.1171518,0.01061307
urn:mavedb:00001072-a-1#518,NA,NA,p.Glu52Ter,NA,NA,NA,NA
urn:mavedb:00001072-a-1#519,NA,NA,p.Glu52Ala,NA,NA,NA,NA
urn:mavedb:00001072-a-1#520,NA,NA,p.Glu52Cys,NA,NA,NA,NA
urn:mavedb:00001072-a-1#521,NA,NA,p.Glu52Asp,NA,NA,NA,NA
urn:mavedb:00001072-a-1#522,NA,NA,p.Ala53Ter,-1.31879546665638,0.213046013759448,-0.0003706587,0.01999802
urn:mavedb:00001072-a-1#523,NA,NA,p.Glu54Ter,-1.1755590934165,0.234193243769865,0.01307453,0.02198305
urn:mavedb:00001072-a-1#524,NA,NA,p.Glu54Ala,-0.191745481965254,0.131836977242515,0.1054223,0.01237516
urn:mavedb:00001072-a-1#525,NA,NA,p.Glu54Cys,-0.0909146693933574,0.1039488685817,0.114887,0.009757383
urn:mavedb:00001072-a-1#526,NA,NA,p.Glu54Asp,0.16937023968132,0.162548576637149,0.1393192,0.01525797
urn:mavedb:00001072-a-1#527,NA,NA,p.Arg55Ter,-1.33673331263741,0.18489004778456,-0.002054433,0.0173551
urn:mavedb:00001072-a-1#528,NA,NA,p.Arg55Ala,0.0643888798572109,0.0778701790637277,0.1294649,0.007309451
urn:mavedb:00001072-a-1#529,NA,NA,p.Arg55Cys,0.0440505591200499,0.103389428931147,0.1275558,0.00970487
urn:mavedb:00001072-a-1#530,NA,NA,p.Arg55Asp,0.110623376828142,0.0956637541103308,0.1338048,0.008979683
urn:mavedb:00001072-a-1#531,NA,NA,p.Arg55Glu,0.114855954916705,0.0749928249651582,0.1342021,0.007039362
urn:mavedb:00001072-a-1#532,NA,NA,p.Arg55Phe,0.0949064816505541,0.0810589307397669,0.1323295,0.00760877
urn:mavedb:00001072-a-1#533,NA,NA,p.Arg55Gly,0.0047609845149218,0.0593033195642266,0.1238678,0.005566633
urn:mavedb:00001072-a-1#534,NA,NA,p.Arg55His,-0.0405764999338427,0.102712237743688,0.1196121,0.009641304
urn:mavedb:00001072-a-1#535,NA,NA,p.Arg55Ile,-0.0714595118163821,0.129655383129815,0.1167132,0.01217038
urn:mavedb:00001072-a-1#536,NA,NA,p.Arg55Lys,0.0933798558260111,0.0770964791299703,0.1321862,0.007236826
urn:mavedb:00001072-a-1#537,NA,NA,p.Arg55Leu,-0.0195957818678614,0.0566823171559291,0.1215815,0.005320607
urn:mavedb:00001072-a-1#538,NA,NA,p.Arg55Met,0.0681654943359306,0.0927187192450947,0.1298194,0.008703241
urn:mavedb:00001072-a-1#539,NA,NA,p.Arg55Asn,-0.128410218954152,0.176306000161505,0.1113674,0.01654934
urn:mavedb:00001072-a-1#540,NA,NA,p.Arg55Pro,0.0998560305555277,0.0581672564009088,0.1327941,0.005459994
urn:mavedb:00001072-a-1#541,NA,NA,p.Arg55Gln,0.150986809654582,0.0669592255607234,0.1375936,0.006285271
urn:mavedb:00001072-a-1#542,NA,NA,p.Leu56Ter,-1.36223406827991,0.248726764232936,-0.004448116,0.02334727
urn:mavedb:00001072-a-1#543,NA,NA,p.Leu56Ala,0.0255531381908515,0.0635545623313973,0.1258195,0.005965685
urn:mavedb:00001072-a-1#544,NA,NA,p.Leu56Cys,0.0903724136050165,0.0883263088659141,0.1319039,0.008290938
urn:mavedb:00001072-a-1#545,NA,NA,p.Leu56Asp,0.426740390726723,0.136590610942232,0.1634778,0.01282137
urn:mavedb:00001072-a-1#546,NA,NA,p.Leu56Glu,0.114794165455558,0.0998638607717248,0.1341963,0.009373935
urn:mavedb:00001072-a-1#547,NA,NA,p.Leu56Phe,-0.230995639155513,0.0933284533863501,0.101738,0.008760475
urn:mavedb:00001072-a-1#548,NA,NA,p.Leu56Gly,0.134095914715203,0.062156810146767,0.1360081,0.005834482
urn:mavedb:00001072-a-1#549,NA,NA,p.Leu56His,-0.168325145519508,0.138205872683454,0.1076207,0.01297299
urn:mavedb:00001072-a-1#550,NA,NA,p.Leu56Ile,-0.0056782384122921,0.0972146589317625,0.1228879,0.009125262
urn:mavedb:00001072-a-1#551,NA,NA,p.Leu56Lys,0.0683402093640011,0.0970566164048463,0.1298358,0.009110427
urn:mavedb:00001072-a-1#552,NA,NA,p.Arg57Ter,-0.613042008097828,0.153479694811198,0.0658764,0.0144067
urn:mavedb:00001072-a-1#553,NA,NA,p.Arg57Ala,0.0592230678382234,0.0595007581993017,0.12898,0.005585166
urn:mavedb:00001072-a-1#554,NA,NA,p.Arg57Cys,-0.0820883644691849,0.0881333339867391,0.1157155,0.008272824
urn:mavedb:00001072-a-1#555,NA,NA,p.Arg57Asp,0.129674772236589,0.0774646271314967,0.1355931,0.007271383
urn:mavedb:00001072-a-1#556,NA,NA,p.Arg57Glu,0.178180564572437,0.0599923253227913,0.1401462,0.005631308
urn:mavedb:00001072-a-1#557,NA,NA,p.Arg57Phe,-0.291595227041114,0.0961977322415491,0.09604969,0.009029806
urn:mavedb:00001072-a-1#558,NA,NA,p.Arg57Gly,0.0347981199810711,0.0529775808658919,0.1266873,0.004972854
urn:mavedb:00001072-a-1#559,NA,NA,p.Arg57His,-0.0113010793766594,0.0728705700418698,0.1223601,0.006840152
urn:mavedb:00001072-a-1#560,NA,NA,p.Arg57Ile,-0.22549957312005,0.0985473617285026,0.1022539,0.009250359
urn:mavedb:00001072-a-1#561,NA,NA,p.Arg57Lys,0.06756251442198,0.137375230565244,0.1297628,0.01289502
urn:mavedb:00001072-a-1#562,NA,NA,p.Arg57Leu,-0.0119360193567205,0.0572446438657873,0.1223005,0.005373391
urn:mavedb:00001072-a-1#563,NA,NA,p.Arg57Met,-0.0279160524119516,0.111413429662393,0.1208005,0.01045806
urn:mavedb:00001072-a-1#564,NA,NA,p.Arg57Asn,0.0499525179951152,0.186511701539005,0.1281098,0.01750732
urn:mavedb:00001072-a-1#565,NA,NA,p.Arg57Pro,-0.0808376605487287,0.100118465311716,0.1158329,0.009397834
urn:mavedb:00001072-a-1#566,NA,NA,p.Arg57Gln,-0.0080539366598365,0.100567813187874,0.1226649,0.009440013
urn:mavedb:00001072-a-1#567,NA,NA,p.Val58Ter,-1.1219460825162,0.250315818719948,0.01810703,0.02349643
urn:mavedb:00001072-a-1#568,NA,NA,p.Val58Ala,-0.048004019297914,0.072784608117388,0.1189149,0.006832083
urn:mavedb:00001072-a-1#569,NA,NA,p.Val58Cys,-0.0682166304417073,0.0684873002415968,0.1170176,0.006428707
urn:mavedb:00001072-a-1#570,NA,NA,p.Val58Asp,0.0263585318568352,0.141898645255411,0.1258951,0.01331962
urn:mavedb:00001072-a-1#571,NA,NA,p.Val58Glu,0.0556403444272405,0.0692757657258973,0.1286437,0.006502718
urn:mavedb:00001072-a-1#572,NA,NA,p.Val58Phe,-0.459267428409985,0.101795559127507,0.08031078,0.009555258
urn:mavedb:00001072-a-1#573,NA,NA,p.Val58Gly,-0.00118145711055,0.0602930588915354,0.12331,0.005659537
urn:mavedb:00001072-a-1#574,NA,NA,p.Val58His,0.168410372362469,0.113839837881499,0.1392291,0.01068582
urn:mavedb:00001072-a-1#575,NA,NA,p.Val58Ile,-0.0887786716416416,0.0833811278366423,0.1150875,0.007826748
urn:mavedb:00001072-a-1#576,NA,NA,p.Val58Lys,0.123703566551618,0.0781791263694622,0.1350326,0.007338451
urn:mavedb:00001072-a-1#577,NA,NA,p.Val58Leu,-0.026001644451935,0.052116054670463,0.1209802,0.004891985
urn:mavedb:00001072-a-1#578,NA,NA,p.Val58Met,-0.0635994662242825,0.0566920862828035,0.117451,0.005321524
urn:mavedb:00001072-a-1#579,NA,NA,p.Val58Asn,0.149961956867973,0.0998742584465661,0.1374974,0.009374911
urn:mavedb:00001072-a-1#580,NA,NA,p.Val58Pro,-0.0365761649923498,0.10508458018429,0.1199876,0.009863989
urn:mavedb:00001072-a-1#581,NA,NA,p.Val58Gln,0.0897353429538813,0.0711863278246253,0.1318441,0.006682057
urn:mavedb:00001072-a-1#582,NA,NA,p.Val58Arg,-0.107676658732758,0.0496137519476997,0.1133136,0.004657101
urn:mavedb:00001072-a-1#583,NA,NA,p.Val58Ser,0.0025440212623927,0.0526131189253236,0.1236597,0.004938643
urn:mavedb:00001072-a-1#584,NA,NA,p.Val58Thr,0.0568963750253817,0.101153460092637,0.1287616,0.009494986
urn:mavedb:00001072-a-1#585,NA,NA,p.Gln59Ter,-1.47669887460085,0.280742547391984,-0.0151926,0.0263525
urn:mavedb:00001072-a-1#586,NA,NA,p.Gln59Ala,-0.0511978952378862,0.0601891247565442,0.1186151,0.005649781
urn:mavedb:00001072-a-1#587,NA,NA,p.Gln59Cys,-0.137958821372421,0.113200530025736,0.1104711,0.01062581
urn:mavedb:00001072-a-1#588,NA,NA,p.Gln59Asp,-0.142246796908908,0.151369371645924,0.1100686,0.01420861
urn:mavedb:00001072-a-1#589,NA,NA,p.Gln59Glu,0.16497253458452,0.0816196594463195,0.1389064,0.007661404
urn:mavedb:00001072-a-1#590,NA,NA,p.Gln59Phe,-0.146898051863517,0.086331446766142,0.109632,0.008103686
urn:mavedb:00001072-a-1#591,NA,NA,p.Gln59Gly,-0.0182460017424628,0.0528382562843611,0.1217082,0.004959776
urn:mavedb:00001072-a-1#592,NA,NA,p.Gln59His,-0.224864633139989,0.119574539077253,0.1023135,0.01122412
urn:mavedb:00001072-a-1#593,NA,NA,p.Gln59Ile,-0.24341105950389,0.138360452869875,0.1005726,0.0129875
urn:mavedb:00001072-a-1#594,NA,NA,p.Gln59Lys,-0.065291219057063,0.0611596773908313,0.1172922,0.005740884
urn:mavedb:00001072-a-1#595,NA,NA,p.Gln59Leu,-0.0934011625367515,0.047926739858059,0.1146536,0.004498746
urn:mavedb:00001072-a-1#596,NA,NA,p.Gln59Met,-0.220201659494473,0.0857583814740707,0.1027512,0.008049894
urn:mavedb:00001072-a-1#597,NA,NA,p.Gln59Asn,-0.134907700394409,0.097831275140587,0.1107575,0.009183142
urn:mavedb:00001072-a-1#598,NA,NA,p.Gln59Pro,-0.007264523026908,0.0754757948308641,0.122739,0.007084697
urn:mavedb:00001072-a-1#599,NA,NA,p.His60Ter,-1.45514671055281,0.182886151639434,-0.01316956,0.017167
urn:mavedb:00001072-a-1#600,NA,NA,p.His60Ala,0.0346266009596118,0.0641872544534754,0.1266712,0.006025074
urn:mavedb:00001072-a-1#601,NA,NA,p.His60Cys,-0.101365611011479,0.0939232195633104,0.113906,0.008816304
urn:mavedb:00001072-a-1#602,NA,NA,p.His60Asp,-0.0069577063922476,0.182423582949262,0.1227678,0.01712358
urn:mavedb:00001072-a-1#603,NA,NA,p.His60Glu,0.0945890116605235,0.0731496772992125,0.1322997,0.006866351
urn:mavedb:00001072-a-1#604,NA,NA,p.His60Phe,-0.0440399057646797,0.0826853785041283,0.119287,0.00776144
urn:mavedb:00001072-a-1#605,NA,NA,p.His60Gly,0.0121458904575127,0.0588758643333546,0.124561,0.005526509
urn:mavedb:00001072-a-1#606,NA,NA,p.Lys61Ter,-1.57273812752791,0.388127730321814,-0.02420753,0.03643244
urn:mavedb:00001072-a-1#607,NA,NA,p.Lys61Ala,-0.0297122081273596,0.053155534513995,0.1206319,0.004989558
urn:mavedb:00001072-a-1#608,NA,NA,p.Lys61Cys,-0.244406082895463,0.083315844074934,0.1004792,0.00782062
urn:mavedb:00001072-a-1#609,NA,NA,p.Lys61Asp,-0.1497382364052,0.0884342593158799,0.1093654,0.008301071
urn:mavedb:00001072-a-1#610,NA,NA,p.Lys61Glu,-0.303098080968484,0.197664379675358,0.09496995,0.01855419
urn:mavedb:00001072-a-1#611,NA,NA,p.Lys61Phe,-0.254500350175791,0.0812352118110768,0.09953168,0.007625317
urn:mavedb:00001072-a-1#612,NA,NA,p.Lys61Gly,0.0553729452074496,0.0657734325345376,0.1286186,0.006173964
urn:mavedb:00001072-a-1#613,NA,NA,p.Lys61His,0.0063291584254085,0.0757127041475856,0.124015,0.007106935
urn:mavedb:00001072-a-1#614,NA,NA,p.Lys61Ile,-0.0095688437934723,0.115182160658139,0.1225227,0.01081182
urn:mavedb:00001072-a-1#615,NA,NA,p.Lys62Ter,-1.21627650528183,0.519807996706835,0.009252503,0.04879289
urn:mavedb:00001072-a-1#616,NA,NA,p.Lys62Ala,0.0728561667054094,0.0733671655490942,0.1302597,0.006886766
urn:mavedb:00001072-a-1#617,NA,NA,p.Lys62Cys,-0.0812531414081647,0.0879432248601587,0.1157939,0.008254979
urn:mavedb:00001072-a-1#618,NA,NA,p.Lys62Asp,0.172020794497414,0.0816759198160293,0.139568,0.007666685
urn:mavedb:00001072-a-1#619,NA,NA,p.Lys62Glu,-0.0684201095292772,0.111646525077892,0.1169985,0.01047994
urn:mavedb:00001072-a-1#620,NA,NA,p.Lys62Phe,-0.341848808858989,0.0825601270050414,0.09133253,0.007749683
urn:mavedb:00001072-a-1#621,NA,NA,p.Lys62Gly,0.0674826142567036,0.0706964439312842,0.1297553,0.006636073
urn:mavedb:00001072-a-1#622,NA,NA,p.Lys62His,-0.226793955797524,0.107232307280269,0.1021324,0.01006559
urn:mavedb:00001072-a-1#623,NA,NA,p.Lys62Ile,-0.243847847074067,0.0982136773315987,0.1005316,0.009219037
urn:mavedb:00001072-a-1#624,NA,NA,p.Asp63Ter,-1.56042625779373,0.760692932585354,-0.02305185,0.07140407
urn:mavedb:00001072-a-1#625,NA,NA,p.Asp63Ala,-0.186993020134629,0.0771974942455901,0.1058684,0.007246308
urn:mavedb:00001072-a-1#626,NA,NA,p.Asp63Cys,-0.0701406264215571,0.0869337129052829,0.116837,0.008160219
urn:mavedb:00001072-a-1#627,NA,NA,p.His64Ter,-1.25519881611392,0.21946881517856,0.005598977,0.02060091
urn:mavedb:00001072-a-1#628,NA,NA,p.His64Ala,0.0388069776068601,0.072820754952159,0.1270636,0.006835476
urn:mavedb:00001072-a-1#629,NA,NA,p.His64Cys,-0.195821455729875,0.0838912104917653,0.1050397,0.007874628
urn:mavedb:00001072-a-1#630,NA,NA,p.His64Asp,0.0537056950920204,0.103143059434857,0.1284621,0.009681744
urn:mavedb:00001072-a-1#631,NA,NA,p.His64Glu,0.212350136586669,0.0723715455696211,0.1433536,0.00679331
urn:mavedb:00001072-a-1#632,NA,NA,p.His64Phe,0.0213887415766583,0.0804832766823406,0.1254286,0.007554735
urn:mavedb:00001072-a-1#633,NA,NA,p.His64Gly,-0.0130279882821614,0.0784216180443977,0.122198,0.007361213
urn:mavedb:00001072-a-1#634,NA,NA,p.Pro65Ter,-1.38756624522703,0.194072813979418,-0.006825975,0.01821706
urn:mavedb:00001072-a-1#635,NA,NA,p.Pro65Ala,-0.0071792961839468,0.0551156240618389,0.122747,0.005173546
urn:mavedb:00001072-a-1#636,NA,NA,p.Pro65Cys,0.0652443442934343,0.121771154421025,0.1295452,0.01143031
urn:mavedb:00001072-a-1#637,NA,NA,p.Pro65Asp,0.0736157509433014,0.0680693051902934,0.130331,0.006389471
urn:mavedb:00001072-a-1#638,NA,NA,p.Pro65Glu,0.0624073557583623,0.0657043348716068,0.1292789,0.006167478
urn:mavedb:00001072-a-1#639,NA,NA,p.Pro65Phe,0.0173319438517034,0.10683834619868,0.1250478,0.01002861
urn:mavedb:00001072-a-1#640,NA,NA,p.Pro65Gly,-0.0049271768586962,0.0512391450298795,0.1229584,0.004809672
urn:mavedb:00001072-a-1#641,NA,NA,p.Pro65His,-0.111674863003177,0.119927484740666,0.1129383,0.01125725
urn:mavedb:00001072-a-1#642,NA,NA,p.Pro65Ile,-0.29236386663107,0.0974471044925839,0.09597754,0.009147081
urn:mavedb:00001072-a-1#643,NA,NA,p.Pro65Lys,-0.322631647240983,0.0990375119557281,0.09313639,0.009296368
urn:mavedb:00001072-a-1#644,NA,NA,p.Pro65Leu,-0.146276961245437,0.05270986204544,0.1096903,0.004947724
urn:mavedb:00001072-a-1#645,NA,NA,p.Pro65Met,-0.0478250429276954,0.0699037597182571,0.1189317,0.006561666
urn:mavedb:00001072-a-1#646,NA,NA,p.Pro65Asn,0.0614709258213258,0.106709440598702,0.129191,0.01001651
urn:mavedb:00001072-a-1#647,NA,NA,p.Asp66Ter,-1.51118559700445,0.22662605891689,-0.01842977,0.02127274
urn:mavedb:00001072-a-1#648,NA,NA,p.Asp66Ala,-0.334734711209908,0.0952350311301697,0.09200031,0.00893944
urn:mavedb:00001072-a-1#649,NA,NA,p.Asp66Cys,-0.167476073096506,0.0698275030005175,0.1077004,0.006554508
urn:mavedb:00001072-a-1#650,NA,NA,p.Tyr67Ter,-1.42866864804872,0.280936225392613,-0.01068414,0.02637068
urn:mavedb:00001072-a-1#651,NA,NA,p.Tyr67Ala,0.184877263758116,0.0842749550055536,0.1407748,0.007910649
urn:mavedb:00001072-a-1#652,NA,NA,p.Tyr67Cys,0.0454706513908914,0.0662377270682797,0.1276891,0.006217546
urn:mavedb:00001072-a-1#653,NA,NA,p.Tyr67Asp,0.313880874606385,0.090135184687634,0.152884,0.008460732
urn:mavedb:00001072-a-1#654,NA,NA,p.Tyr67Glu,0.367709083285163,0.203942295461436,0.1579367,0.01914348
urn:mavedb:00001072-a-1#655,NA,NA,p.Tyr67Phe,0.13619569105866,0.0676537497573698,0.1362052,0.006350464
urn:mavedb:00001072-a-1#656,NA,NA,p.Tyr67Gly,0.251666344580223,0.0498627421694109,0.1470441,0.004680473
urn:mavedb:00001072-a-1#657,NA,NA,p.Tyr67His,0.0797915010513795,0.0740453474986028,0.1309107,0.006950425
urn:mavedb:00001072-a-1#658,NA,NA,p.Tyr67Ile,-0.0286777673209176,0.109444902657096,0.120729,0.01027328
urn:mavedb:00001072-a-1#659,NA,NA,p.Tyr67Lys,0.274742577647513,0.132532854415294,0.1492102,0.01244048
urn:mavedb:00001072-a-1#660,NA,NA,p.Tyr67Leu,0.0976241526054804,0.0603309528765871,0.1325846,0.005663094
urn:mavedb:00001072-a-1#661,NA,NA,p.Tyr67Met,0.139566412697777,0.166414040099656,0.1365216,0.01562081
urn:mavedb:00001072-a-1#662,NA,NA,p.Tyr67Asn,0.0999146240100635,0.134506388497615,0.1327996,0.01262573
urn:mavedb:00001072-a-1#663,NA,NA,p.Tyr67Pro,0.201973768456139,0.0840372040737579,0.1423796,0.007888332
urn:mavedb:00001072-a-1#664,NA,NA,p.Tyr67Gln,0.225934230019153,0.132164567920148,0.1446287,0.01240591
urn:mavedb:00001072-a-1#665,NA,NA,p.Tyr67Arg,0.0937090445069489,0.0519648302909836,0.1322171,0.00487779
urn:mavedb:00001072-a-1#666,NA,NA,p.Tyr67Ser,0.23906022917072,0.0608673919328958,0.1458608,0.005713448
urn:mavedb:00001072-a-1#667,NA,NA,p.Tyr67Thr,0.111174155300779,0.0835894222408396,0.1338565,0.0078463
urn:mavedb:00001072-a-1#668,NA,NA,p.Tyr67Val,0.0178944410152478,0.0746734906379378,0.1251006,0.007009387
urn:mavedb:00001072-a-1#669,NA,NA,p.Tyr67Trp,-0.0583825180995182,0.0674431222683465,0.1179407,0.006330693
urn:mavedb:00001072-a-1#670,NA,NA,p.Lys68Ter,-1.08970178488447,0.25140235443415,0.02113371,0.02359842
urn:mavedb:00001072-a-1#671,NA,NA,p.Lys68Ala,-0.581176863383714,0.437744241488555,0.06886749,0.0410898
urn:mavedb:00001072-a-1#672,NA,NA,p.Lys68Cys,0.249616639007005,0.233544134827161,0.1468517,0.02192212
urn:mavedb:00001072-a-1#673,NA,NA,p.Lys68Asp,-0.436055365061725,0.504115178112383,0.08248963,0.04731985
urn:mavedb:00001072-a-1#674,NA,NA,p.Lys68Glu,0.23716819325698,0.232097089567233,0.1456832,0.02178629
urn:mavedb:00001072-a-1#675,NA,NA,p.Lys68Phe,NA,NA,NA,NA
urn:mavedb:00001072-a-1#676,NA,NA,p.Lys68Gly,-0.494474956837931,0.454600086888766,0.07700595,0.04267201
urn:mavedb:00001072-a-1#677,NA,NA,p.Lys68His,0.0663629466073004,0.171564937421125,0.1296502,0.01610431
urn:mavedb:00001072-a-1#678,NA,NA,p.Lys68Ile,-0.0166256263906623,0.186722637975334,0.1218603,0.01752712
urn:mavedb:00001072-a-1#679,NA,NA,p.=,0.0,0.013803392752778,0.1234209,0.001295685
urn:mavedb:00001072-a-1#680,NA,NA,p.Lys68Leu,0.300155091547479,0.171150734964334,0.1515956,0.01606543
urn:mavedb:00001072-a-1#681,NA,NA,p.Lys68Met,NA,NA,NA,NA
urn:mavedb:00001072-a-1#682,NA,NA,p.Lys68Asn,-0.0843319611101394,0.128674315633778,0.1155049,0.01207829
urn:mavedb:00001072-a-1#683,NA,NA,p.Lys68Pro,-0.0541265026291415,0.226023611670708,0.1183402,0.02121619
urn:mavedb:00001072-a-1#684,NA,NA,p.Lys68Gln,NA,NA,NA,NA
urn:mavedb:00001072-a-1#685,NA,NA,p.Lys68Arg,0.0342228387910828,0.112586577155754,0.1266333,0.01056818
urn:mavedb:00001072-a-1#686,NA,NA,p.Lys68Ser,0.299496714185603,0.230692657728786,0.1515338,0.02165446
urn:mavedb:00001072-a-1#687,NA,NA,p.Lys68Thr,-0.415215910487951,0.523573425162416,0.08444577,0.04914634
urn:mavedb:00001072-a-1#688,NA,NA,p.Lys68Val,-0.195994040086872,0.289845200354458,0.1050235,0.02720694
urn:mavedb:00001072-a-1#689,NA,NA,p.Lys68Trp,-0.236281834090183,0.234412915957597,0.1012418,0.02200367
urn:mavedb:00001072-a-1#690,NA,NA,p.Lys68Tyr,-0.0065859042898292,0.228012912718977,0.1228027,0.02140292
urn:mavedb:00001072-a-1#691,NA,NA,p.Asp66Glu,0.117876181164143,0.138377924372682,0.1344856,0.01298914
urn:mavedb:00001072-a-1#692,NA,NA,p.Asp66Phe,-0.231027599221623,0.0687353423146801,0.101735,0.00645199
urn:mavedb:00001072-a-1#693,NA,NA,p.Asp66Gly,0.0937665726259476,0.0720133478020104,0.1322225,0.006759687
urn:mavedb:00001072-a-1#694,NA,NA,p.Asp66His,-0.158488902506244,0.0785397850621634,0.108544,0.007372305
urn:mavedb:00001072-a-1#695,NA,NA,p.Asp66Ile,-0.316972797935465,0.13011486234693,0.09366757,0.01221351
urn:mavedb:00001072-a-1#696,NA,NA,p.Asp66Lys,-0.252718363423025,0.106861037845619,0.09969895,0.01003074
urn:mavedb:00001072-a-1#697,NA,NA,p.Asp66Leu,-0.290860784721895,0.053045506659732,0.09611863,0.00497923
urn:mavedb:00001072-a-1#698,NA,NA,p.Asp66Met,-0.205524531801012,0.11098623011205,0.1041289,0.01041796
urn:mavedb:00001072-a-1#699,NA,NA,p.Asp66Asn,-0.0441581580092884,0.0626311934080446,0.1192759,0.005879011
urn:mavedb:00001072-a-1#700,NA,NA,p.Asp66Pro,0.0284774842399589,0.0617295999430685,0.126094,0.005794381
urn:mavedb:00001072-a-1#701,NA,NA,p.Asp66Gln,-0.265193229494368,0.119861327403818,0.09852797,0.01125104
urn:mavedb:00001072-a-1#702,NA,NA,p.Asp66Arg,-0.287200078749603,0.056148083344182,0.09646225,0.00527046
urn:mavedb:00001072-a-1#703,NA,NA,p.Asp66Ser,-0.0984359382846862,0.0473371725185193,0.114181,0.004443405
urn:mavedb:00001072-a-1#704,NA,NA,p.Asp66Thr,-0.0821363045683506,0.0740162212250208,0.115711,0.006947691
urn:mavedb:00001072-a-1#705,NA,NA,p.Asp66Val,-0.230082646600291,0.0717336546101223,0.1018237,0.006733433
urn:mavedb:00001072-a-1#706,NA,NA,p.Asp66Trp,-0.117471353660077,0.0676802872655969,0.1123942,0.006352955
urn:mavedb:00001072-a-1#707,NA,NA,p.Asp66Tyr,-0.406897024880059,0.0884222742910885,0.08522664,0.008299946
urn:mavedb:00001072-a-1#708,NA,NA,p.Pro65Gln,-0.190341369727468,0.0920862614968348,0.1055541,0.008643874
urn:mavedb:00001072-a-1#709,NA,NA,p.Pro65Arg,-0.118726318922682,0.0511057117538683,0.1122764,0.004797147
urn:mavedb:00001072-a-1#710,NA,NA,p.Pro65Ser,-0.0497692802827486,0.0576049509977613,0.1187492,0.005407212
urn:mavedb:00001072-a-1#711,NA,NA,p.Pro65Thr,-0.0856135597611688,0.085751829660518,0.1153846,0.008049279
urn:mavedb:00001072-a-1#712,NA,NA,p.Pro65Val,0.0338403833332943,0.0498428417015795,0.1265974,0.004678605
urn:mavedb:00001072-a-1#713,NA,NA,p.Pro65Trp,-0.247261182134664,0.0985216232219284,0.1002112,0.009247943
urn:mavedb:00001072-a-1#714,NA,NA,p.Pro65Tyr,-0.0426475122178006,0.123045402256849,0.1194177,0.01154992
urn:mavedb:00001072-a-1#715,NA,NA,p.His64Ile,0.007823824183841,0.0767288211827909,0.1241553,0.007202315
urn:mavedb:00001072-a-1#716,NA,NA,p.His64Lys,0.211456320071113,0.0776491645532185,0.1432697,0.007288705
urn:mavedb:00001072-a-1#717,NA,NA,p.His64Leu,-0.0191206422183524,0.046991045002543,0.1216261,0.004410915
urn:mavedb:00001072-a-1#718,NA,NA,p.His64Met,0.033054165706977,0.065990622490469,0.1265236,0.006194351
urn:mavedb:00001072-a-1#719,NA,NA,p.His64Asn,0.32580091393005,0.0831457419497387,0.1540029,0.007804653
urn:mavedb:00001072-a-1#720,NA,NA,p.His64Pro,0.207879988673353,0.0655428726176168,0.142934,0.006152322
urn:mavedb:00001072-a-1#721,NA,NA,p.His64Gln,0.228333365648511,0.0992519213859078,0.1448539,0.009316494
urn:mavedb:00001072-a-1#722,NA,NA,p.His64Arg,0.0388325456597486,0.0546775793957289,0.127066,0.005132428
urn:mavedb:00001072-a-1#723,NA,NA,p.His64Ser,0.0695632145604947,0.0568366310084658,0.1299506,0.005335092
urn:mavedb:00001072-a-1#724,NA,NA,p.His64Thr,-0.0291678216679447,0.0839983725934337,0.120683,0.007884687
urn:mavedb:00001072-a-1#725,NA,NA,p.His64Val,0.186164189086831,0.0540152283323003,0.1408956,0.005070255
urn:mavedb:00001072-a-1#726,NA,NA,p.His64Trp,-0.183310155183166,0.071895969132542,0.1062141,0.006748669
urn:mavedb:00001072-a-1#727,NA,NA,p.His64Tyr,-0.167979976805515,0.110421176143217,0.1076531,0.01036492
urn:mavedb:00001072-a-1#728,NA,NA,p.Asp63Glu,0.0143404816637644,0.144602466848356,0.124767,0.01357342
urn:mavedb:00001072-a-1#729,NA,NA,p.Asp63Phe,-0.277878286267164,0.167166166988789,0.09733726,0.01569141
urn:mavedb:00001072-a-1#730,NA,NA,p.Asp63Gly,-0.19883955130624,0.0547276288592579,0.1047564,0.005137126
urn:mavedb:00001072-a-1#731,NA,NA,p.Asp63His,0.118899968615215,0.108385746066195,0.1345817,0.01017386
urn:mavedb:00001072-a-1#732,NA,NA,p.Asp63Ile,-0.69115592527907,0.275559370403743,0.05854407,0.02586597
urn:mavedb:00001072-a-1#733,NA,NA,p.Asp63Lys,-0.140204548684449,0.103966627725102,0.1102603,0.00975905
urn:mavedb:00001072-a-1#734,NA,NA,p.Asp63Leu,-0.199310429613601,0.0738343471421415,0.1047122,0.006930619
urn:mavedb:00001072-a-1#735,NA,NA,p.Asp63Met,-0.0511179950726101,0.101962507859513,0.1186226,0.009570929
urn:mavedb:00001072-a-1#736,NA,NA,p.Asp63Asn,-0.0709779801536512,0.105444024394479,0.1167584,0.009897729
urn:mavedb:00001072-a-1#737,NA,NA,p.Asp63Pro,-0.139181826568914,0.0900472092789873,0.1103563,0.008452474
urn:mavedb:00001072-a-1#738,NA,NA,p.Asp63Gln,-0.0955339642818563,0.0779080517420686,0.1144534,0.007313006
urn:mavedb:00001072-a-1#739,NA,NA,p.Asp63Arg,-0.446345227946649,0.0605590625217728,0.08152375,0.005684506
urn:mavedb:00001072-a-1#740,NA,NA,p.Asp63Ser,-0.0775457737393511,0.0614827084323651,0.1161419,0.005771206
urn:mavedb:00001072-a-1#741,NA,NA,p.Asp63Thr,-0.0109527146560554,0.10674768614448,0.1223928,0.0100201
urn:mavedb:00001072-a-1#742,NA,NA,p.Asp63Val,-0.0870570894138248,0.0566444125175221,0.1152491,0.005317049
urn:mavedb:00001072-a-1#743,NA,NA,p.Asp63Trp,-0.283409401841795,0.0669710614385396,0.09681807,0.006286382
urn:mavedb:00001072-a-1#744,NA,NA,p.Asp63Tyr,-0.415063674039712,0.186390253287785,0.08446006,0.01749592
urn:mavedb:00001072-a-1#745,NA,NA,p.Lys62Leu,-0.0735006947053037,0.0708598983627284,0.1165216,0.006651416
urn:mavedb:00001072-a-1#746,NA,NA,p.Lys62Met,0.167366343536194,0.131179345615516,0.1391311,0.01231343
urn:mavedb:00001072-a-1#747,NA,NA,p.Lys62Asn,-0.0378641556566014,0.0780398230946421,0.1198667,0.007325375
urn:mavedb:00001072-a-1#748,NA,NA,p.Lys62Pro,0.0296568106794348,0.127994418494054,0.1262047,0.01201447
urn:mavedb:00001072-a-1#749,NA,NA,p.Lys62Gln,-0.0728604280475575,0.109069265346744,0.1165817,0.01023802
urn:mavedb:00001072-a-1#750,NA,NA,p.Lys62Arg,-0.0429234341218875,0.0697648719242964,0.1193918,0.006548629
urn:mavedb:00001072-a-1#751,NA,NA,p.Lys62Ser,-0.0406031333222681,0.0962368620158236,0.1196096,0.009033479
urn:mavedb:00001072-a-1#752,NA,NA,p.Lys62Thr,-0.0002343738181433,0.0664739652236129,0.1233989,0.006239721
urn:mavedb:00001072-a-1#753,NA,NA,p.Lys62Val,-0.220838730145608,0.0917307696814881,0.1026914,0.008610505
urn:mavedb:00001072-a-1#754,NA,NA,p.Lys62Trp,-0.187108076372626,0.119495171579746,0.1058576,0.01121667
urn:mavedb:00001072-a-1#755,NA,NA,p.Lys62Tyr,-0.0585337957457743,0.0861961171928749,0.1179265,0.008090983
urn:mavedb:00001072-a-1#756,NA,NA,p.Lys61Leu,0.0296909014166194,0.0451756706340472,0.1262079,0.004240511
urn:mavedb:00001072-a-1#757,NA,NA,p.Lys61Met,-0.0907399543652869,0.094165253143965,0.1149034,0.008839023
urn:mavedb:00001072-a-1#758,NA,NA,p.Lys61Asn,0.0748099920802957,0.107717993751594,0.1304431,0.01011118
urn:mavedb:00001072-a-1#759,NA,NA,p.Lys61Pro,-0.0041888993315445,0.065613163456349,0.1230277,0.00615892
urn:mavedb:00001072-a-1#760,NA,NA,p.Lys61Gln,-0.0529642215582578,0.0675169606744171,0.1184493,0.006337624
urn:mavedb:00001072-a-1#761,NA,NA,p.Lys61Arg,-0.0032897561383035,0.0584324823362041,0.1231121,0.00548489
urn:mavedb:00001072-a-1#762,NA,NA,p.Lys61Ser,0.0495338411290682,0.0465884333963941,0.1280705,0.004373123
urn:mavedb:00001072-a-1#763,NA,NA,p.Lys61Thr,-0.0759094183544956,0.077126489632048,0.1162955,0.007239643
urn:mavedb:00001072-a-1#764,NA,NA,p.Lys61Val,-0.0483939321044616,0.0586852544990718,0.1188783,0.005508617
urn:mavedb:00001072-a-1#765,NA,NA,p.Lys61Trp,-0.137233327871713,0.0887249680772206,0.1105392,0.008328359
urn:mavedb:00001072-a-1#766,NA,NA,p.Lys61Tyr,-0.113884368906947,0.0840679283506454,0.1127309,0.007891216
urn:mavedb:00001072-a-1#767,NA,NA,p.His60Ile,-0.0063888172154813,0.164471933415677,0.1228212,0.01543851
urn:mavedb:00001072-a-1#768,NA,NA,p.His60Lys,-0.063352308379695,0.0954426437196233,0.1174742,0.008958928
urn:mavedb:00001072-a-1#769,NA,NA,p.His60Leu,-0.156622434645393,0.0355394337145033,0.1087192,0.003335985
urn:mavedb:00001072-a-1#770,NA,NA,p.His60Met,-0.143432515361606,0.0907445353080961,0.1099573,0.00851793
urn:mavedb:00001072-a-1#771,NA,NA,p.His60Asn,0.141365764419796,0.0840030494164411,0.1366905,0.007885126
urn:mavedb:00001072-a-1#772,NA,NA,p.His60Pro,-0.031950478090629,0.049879723617871,0.1204218,0.004682067
urn:mavedb:00001072-a-1#773,NA,NA,p.His60Gln,0.106601735175909,0.0680389750875546,0.1334273,0.006386624
urn:mavedb:00001072-a-1#774,NA,NA,p.His60Arg,-0.0769736885559739,0.0540879161759909,0.1161956,0.005077078
urn:mavedb:00001072-a-1#775,NA,NA,p.His60Ser,0.0971245102386203,0.0575015069171171,0.1325377,0.005397502
urn:mavedb:00001072-a-1#776,NA,NA,p.His60Thr,-0.0047631151859959,0.0691825808264745,0.1229738,0.006493971
urn:mavedb:00001072-a-1#777,NA,NA,p.His60Val,-0.0566087344303875,0.0703039103993155,0.1181072,0.006599227
urn:mavedb:00001072-a-1#778,NA,NA,p.His60Trp,-0.13890483932929,0.0604899328987759,0.1103823,0.005678017
urn:mavedb:00001072-a-1#779,NA,NA,p.His60Tyr,-0.165788581605874,0.0772426644723595,0.1078588,0.007250548
urn:mavedb:00001072-a-1#780,NA,NA,p.Gln59Arg,-0.252591908094782,0.0698319561030623,0.09971082,0.006554926
urn:mavedb:00001072-a-1#781,NA,NA,p.Gln59Ser,-0.0858873509941818,0.062404181058462,0.1153589,0.005857702
urn:mavedb:00001072-a-1#782,NA,NA,p.Gln59Thr,0.123401011259105,0.0951973821722916,0.1350042,0.008935906
urn:mavedb:00001072-a-1#783,NA,NA,p.Gln59Val,0.0416471621485432,0.0691642464018825,0.1273302,0.00649225
urn:mavedb:00001072-a-1#784,NA,NA,p.Gln59Trp,-0.167214000554401,0.111191626803586,0.107725,0.01043724
urn:mavedb:00001072-a-1#785,NA,NA,p.Gln59Tyr,-0.334702751143797,0.100379717545458,0.09200331,0.009422357
urn:mavedb:00001072-a-1#786,NA,NA,p.Val58Trp,-0.364391202288682,0.0795542508272863,0.08921654,0.00746753
urn:mavedb:00001072-a-1#787,NA,NA,p.Val58Tyr,-0.335179382263058,0.150085961924482,0.09195857,0.01408814
urn:mavedb:00001072-a-1#788,NA,NA,p.Arg57Ser,-0.0074690674500149,0.0634475919901256,0.1227198,0.005955644
urn:mavedb:00001072-a-1#789,NA,NA,p.Arg57Thr,0.0657471826669055,0.0735588939856908,0.1295924,0.006904763
urn:mavedb:00001072-a-1#790,NA,NA,p.Arg57Val,-0.126157034293364,0.052113263491356,0.1115789,0.004891723
urn:mavedb:00001072-a-1#791,NA,NA,p.Arg57Trp,-0.280293508463132,0.0920109635810785,0.09711055,0.008636806
urn:mavedb:00001072-a-1#792,NA,NA,p.Arg57Tyr,-0.264125869819832,0.116032831084446,0.09862816,0.01089167
urn:mavedb:00001072-a-1#793,NA,NA,p.Leu56Met,0.0456656077941652,0.0721288727876443,0.1277074,0.006770531
urn:mavedb:00001072-a-1#794,NA,NA,p.Leu56Asn,0.0309213639618721,0.133647195387012,0.1263234,0.01254508
urn:mavedb:00001072-a-1#795,NA,NA,p.Leu56Pro,0.0553995785958749,0.0646891979450956,0.1286211,0.00607219
urn:mavedb:00001072-a-1#796,NA,NA,p.Leu56Gln,-0.0227992458276667,0.0874298822782925,0.1212808,0.008206793
urn:mavedb:00001072-a-1#797,NA,NA,p.Leu56Arg,-0.0567067452997929,0.0673899407183387,0.118098,0.006325701
urn:mavedb:00001072-a-1#798,NA,NA,p.Leu56Ser,0.185390755486957,0.0572200026548162,0.140823,0.005371078
urn:mavedb:00001072-a-1#799,NA,NA,p.Leu56Thr,-0.0131920499548617,0.0652161448617695,0.1221826,0.006121653
urn:mavedb:00001072-a-1#800,NA,NA,p.Leu56Val,-0.0136714509465187,0.0481977186052542,0.1221376,0.004524182
urn:mavedb:00001072-a-1#801,NA,NA,p.Leu56Trp,-0.572748674349724,0.125554054379413,0.06965862,0.0117854
urn:mavedb:00001072-a-1#802,NA,NA,p.Leu56Tyr,0.0713593702759026,0.100357942087082,0.1301192,0.009420313
urn:mavedb:00001072-a-1#803,NA,NA,p.Arg55Ser,0.162777943378268,0.050255083940983,0.1387004,0.004717301
urn:mavedb:00001072-a-1#804,NA,NA,p.Arg55Thr,0.12666519934452,0.0639909450740696,0.1353106,0.006006647
urn:mavedb:00001072-a-1#805,NA,NA,p.Arg55Val,0.0027123442772411,0.0750966845266618,0.1236755,0.007049111
urn:mavedb:00001072-a-1#806,NA,NA,p.Arg55Trp,-0.342076364529696,0.0761213668595847,0.09131117,0.007145295
urn:mavedb:00001072-a-1#807,NA,NA,p.Arg55Tyr,-0.30762320019551,0.0846945693668732,0.09454519,0.007950037
urn:mavedb:00001072-a-1#808,NA,NA,p.Glu54Phe,-0.552443698614872,0.144787196030475,0.07156459,0.01359076
urn:mavedb:00001072-a-1#809,NA,NA,p.Glu54Gly,-0.203392795391444,0.0765739746624857,0.104329,0.00718778
urn:mavedb:00001072-a-1#810,NA,NA,p.Glu54His,-0.468026510661772,0.209503240431103,0.07948859,0.01966547
urn:mavedb:00001072-a-1#811,NA,NA,p.Glu54Ile,-0.251541593788838,0.107505246244852,0.09980941,0.01009121
urn:mavedb:00001072-a-1#812,NA,NA,p.Glu54Lys,-0.227233939374311,0.081681523480954,0.1020911,0.007667211
urn:mavedb:00001072-a-1#813,NA,NA,p.Glu54Leu,-0.229978243717663,0.0651068094756056,0.1018335,0.00611139
urn:mavedb:00001072-a-1#814,NA,NA,p.Glu54Met,-0.2394597299971,0.0870071890972709,0.1009435,0.008167116
urn:mavedb:00001072-a-1#815,NA,NA,p.Glu54Asn,0.0925915075286198,0.23467690610367,0.1321122,0.02202845
urn:mavedb:00001072-a-1#816,NA,NA,p.Glu54Pro,-0.0619503268129827,0.102709883352151,0.1176058,0.009641083
urn:mavedb:00001072-a-1#817,NA,NA,p.Glu54Gln,-0.12172523845938,0.154093967281841,0.1119949,0.01446436
urn:mavedb:00001072-a-1#818,NA,NA,p.Glu54Arg,-0.373316903018458,0.0560415284837697,0.08837871,0.005260458
urn:mavedb:00001072-a-1#819,NA,NA,p.Glu54Ser,-0.0646893044786493,0.0659080589863503,0.1173487,0.006186601
urn:mavedb:00001072-a-1#820,NA,NA,p.Glu54Thr,-0.0818422719601343,0.0594931303968567,0.1157386,0.00558445
urn:mavedb:00001072-a-1#821,NA,NA,p.Glu54Val,-0.38618690204048,0.0956618684664303,0.08717064,0.008979506
urn:mavedb:00001072-a-1#822,NA,NA,p.Glu54Trp,-0.651695896988019,0.111545957403198,0.06224807,0.0104705
urn:mavedb:00001072-a-1#823,NA,NA,p.Glu54Tyr,-0.93087208153993,0.227677864692586,0.0360426,0.02137147
urn:mavedb:00001072-a-1#824,NA,NA,p.Ala53Cys,-0.316341053962015,0.0798658614718633,0.09372687,0.00749678
urn:mavedb:00001072-a-1#825,NA,NA,p.Ala53Asp,-0.0882822252813924,0.389689405685525,0.1151341,0.03657903
urn:mavedb:00001072-a-1#826,NA,NA,p.Ala53Glu,0.0795922833059578,0.0812654886470388,0.130892,0.007628159
urn:mavedb:00001072-a-1#827,NA,NA,p.Ala53Phe,-0.272951535542683,0.116101438693029,0.09779972,0.01089811
urn:mavedb:00001072-a-1#828,NA,NA,p.Ala53Gly,0.0416130714113586,0.0553788152062585,0.127327,0.005198251
urn:mavedb:00001072-a-1#829,NA,NA,p.Ala53His,-0.332590190773896,0.136103539534708,0.09220161,0.01277565
urn:mavedb:00001072-a-1#830,NA,NA,p.Ala53Ile,-0.203660194611234,0.107174033426394,0.1043039,0.01006012
urn:mavedb:00001072-a-1#831,NA,NA,p.Ala53Lys,-0.0143585923678936,0.0814785344477311,0.1220731,0.007648157
urn:mavedb:00001072-a-1#832,NA,NA,p.Ala53Leu,-0.268255749562627,0.0854538553108148,0.0982405,0.008021309
urn:mavedb:00001072-a-1#833,NA,NA,p.Ala53Met,-0.393921451106319,0.0847579035645488,0.08644462,0.007955982
urn:mavedb:00001072-a-1#834,NA,NA,p.Ala53Asn,-0.225941687367912,0.229730766272414,0.1022124,0.02156417
urn:mavedb:00001072-a-1#835,NA,NA,p.Ala53Pro,-0.0130162695912541,0.0729016032660631,0.1221991,0.006843065
urn:mavedb:00001072-a-1#836,NA,NA,p.Ala53Gln,-0.151160459347115,0.109454171076268,0.1092319,0.01027415
urn:mavedb:00001072-a-1#837,NA,NA,p.Ala53Arg,0.0259505083461581,0.059283067535668,0.1258568,0.005564732
urn:mavedb:00001072-a-1#838,NA,NA,p.Ala53Ser,0.0140304690224928,0.0548746025499445,0.1247379,0.005150922
urn:mavedb:00001072-a-1#839,NA,NA,p.Ala53Thr,-0.175062327455593,0.0954129528182067,0.1069883,0.008956141
urn:mavedb:00001072-a-1#840,NA,NA,p.Ala53Val,-0.102048491090705,0.0616973309296523,0.1138419,0.005791352
urn:mavedb:00001072-a-1#841,NA,NA,p.Ala53Trp,-0.280224900854548,0.0687924656061749,0.09711699,0.006457352
urn:mavedb:00001072-a-1#842,NA,NA,p.Ala53Tyr,-0.226031175553021,0.119088533005267,0.102204,0.0111785
urn:mavedb:00001072-a-1#843,NA,NA,p.Glu52Phe,NA,NA,NA,NA
urn:mavedb:00001072-a-1#844,NA,NA,p.Glu52Gly,NA,NA,NA,NA
urn:mavedb:00001072-a-1#845,NA,NA,p.Glu52His,NA,NA,NA,NA
urn:mavedb:00001072-a-1#846,NA,NA,p.Glu52Ile,NA,NA,NA,NA
urn:mavedb:00001072-a-1#847,NA,NA,p.Glu52Lys,NA,NA,NA,NA
urn:mavedb:00001072-a-1#848,NA,NA,p.Glu52Leu,NA,NA,NA,NA
urn:mavedb:00001072-a-1#849,NA,NA,p.Glu52Met,-0.911886950001886,0.376271184996155,0.03782468,0.0353195
urn:mavedb:00001072-a-1#850,NA,NA,p.Glu52Asn,NA,NA,NA,NA
urn:mavedb:00001072-a-1#851,NA,NA,p.Glu52Pro,NA,NA,NA,NA
urn:mavedb:00001072-a-1#852,NA,NA,p.Glu52Gln,NA,NA,NA,NA
urn:mavedb:00001072-a-1#853,NA,NA,p.Glu52Arg,NA,NA,NA,NA
urn:mavedb:00001072-a-1#854,NA,NA,p.Glu52Ser,NA,NA,NA,NA
urn:mavedb:00001072-a-1#855,NA,NA,p.Glu52Thr,NA,NA,NA,NA
urn:mavedb:00001072-a-1#856,NA,NA,p.Glu52Val,-0.917458654860476,0.420520961861627,0.03730168,0.0394731
urn:mavedb:00001072-a-1#857,NA,NA,p.Glu52Trp,NA,NA,NA,NA
urn:mavedb:00001072-a-1#858,NA,NA,p.Glu52Tyr,NA,NA,NA,NA
urn:mavedb:00001072-a-1#859,NA,NA,p.Glu51Phe,-0.515680780302883,0.146771170401058,0.07501542,0.01377699
urn:mavedb:00001072-a-1#860,NA,NA,p.Glu51Gly,-0.0946188410555601,0.0884086379962147,0.1145393,0.008298666
urn:mavedb:00001072-a-1#861,NA,NA,p.Glu51His,-0.274994529502017,0.109969580409076,0.09760795,0.01032253
urn:mavedb:00001072-a-1#862,NA,NA,p.Glu51Ile,-0.557235151726152,0.148168890625623,0.07111483,0.01390819
urn:mavedb:00001072-a-1#863,NA,NA,p.Glu51Lys,-0.0773518826716143,0.0911025413153101,0.1161601,0.008551535
urn:mavedb:00001072-a-1#864,NA,NA,p.Glu51Leu,-0.429121841786167,0.072196873154972,0.08314046,0.006776914
urn:mavedb:00001072-a-1#865,NA,NA,p.Glu51Met,-0.289205785965142,0.0749127543461961,0.09627398,0.007031846
urn:mavedb:00001072-a-1#866,NA,NA,p.Glu51Asn,-0.399660839778436,0.205117254025211,0.08590588,0.01925377
urn:mavedb:00001072-a-1#867,NA,NA,p.Glu51Pro,-0.120251879411688,0.0790795692720584,0.1121332,0.007422973
urn:mavedb:00001072-a-1#868,NA,NA,p.Glu51Gln,-0.150586243492664,0.0734205814729201,0.1092858,0.00689178
urn:mavedb:00001072-a-1#869,NA,NA,p.Glu51Arg,-0.127867963165811,0.0579547539213403,0.1114183,0.005440047
urn:mavedb:00001072-a-1#870,NA,NA,p.Glu51Ser,-0.306357475043982,0.0844881819132872,0.094664,0.007930664
urn:mavedb:00001072-a-1#871,NA,NA,p.Glu51Thr,-0.403697715728848,0.0961735065114373,0.08552695,0.009027532
urn:mavedb:00001072-a-1#872,NA,NA,p.Glu51Val,-0.271055025219688,0.0693964469355304,0.09797774,0.006514046
urn:mavedb:00001072-a-1#873,NA,NA,p.Glu51Trp,-0.442076961117597,0.0892657323958097,0.0819244,0.008379119
urn:mavedb:00001072-a-1#874,NA,NA,p.Glu51Tyr,-0.276520089991023,0.119702592408802,0.09746475,0.01123614
urn:mavedb:00001072-a-1#875,NA,NA,p.Val50Trp,-0.324084658379919,0.0719175208704558,0.093,0.006750692
urn:mavedb:00001072-a-1#876,NA,NA,p.Val50Tyr,-0.130892450755398,0.135599422758593,0.1111344,0.01272833
urn:mavedb:00001072-a-1#877,NA,NA,p.Phe49Gly,0.188374760326138,0.071606922294639,0.1411031,0.006721537
urn:mavedb:00001072-a-1#878,NA,NA,p.Phe49His,0.142228686204778,0.124735024418556,0.1367715,0.01170852
urn:mavedb:00001072-a-1#879,NA,NA,p.Phe49Ile,-0.149530495975482,0.0845616687586306,0.1093849,0.007937562
urn:mavedb:00001072-a-1#880,NA,NA,p.Phe49Lys,0.155155467610923,0.0803542325887419,0.1379849,0.007542622
urn:mavedb:00001072-a-1#881,NA,NA,p.Phe49Leu,-0.0446823030935,0.0570216478311793,0.1192267,0.005352459
urn:mavedb:00001072-a-1#882,NA,NA,p.Phe49Met,-0.0509784361172611,0.0878663076343862,0.1186357,0.008247759
urn:mavedb:00001072-a-1#883,NA,NA,p.Phe49Asn,0.202796207490715,0.0965244919574624,0.1424568,0.009060478
urn:mavedb:00001072-a-1#884,NA,NA,p.Phe49Pro,0.0554890667809844,0.0999714809676741,0.1286295,0.009384037
urn:mavedb:00001072-a-1#885,NA,NA,p.Phe49Gln,0.148196695883139,0.0689192405350797,0.1373317,0.006469252
urn:mavedb:00001072-a-1#886,NA,NA,p.Phe49Arg,0.180329346350597,0.0492816549007459,0.1403479,0.004625928
urn:mavedb:00001072-a-1#887,NA,NA,p.Phe49Ser,0.120635400205013,0.0579510572070269,0.1347446,0.0054397
urn:mavedb:00001072-a-1#888,NA,NA,p.Phe49Thr,0.150937804219879,0.07953565006881,0.137589,0.007465784
urn:mavedb:00001072-a-1#889,NA,NA,p.Phe49Val,0.229388047830156,0.0511522349567697,0.1449529,0.004801514
urn:mavedb:00001072-a-1#890,NA,NA,p.Phe49Trp,-0.272882821400546,0.0735093345765089,0.09780617,0.006900111
urn:mavedb:00001072-a-1#891,NA,NA,p.Phe49Tyr,0.0139601568770499,0.0936369745578698,0.1247313,0.008789435
urn:mavedb:00001072-a-1#892,NA,NA,p.Pro48Gln,-0.209026289711181,0.136853642286321,0.1038002,0.01284606
urn:mavedb:00001072-a-1#893,NA,NA,p.Pro48Arg,-0.27288207566567,0.0676452909932059,0.09780624,0.00634967
urn:mavedb:00001072-a-1#894,NA,NA,p.Pro48Ser,-0.289173719365478,0.0690496162980996,0.09627699,0.00648149
urn:mavedb:00001072-a-1#895,NA,NA,p.Pro48Thr,0.0129299774127559,0.0737847664262488,0.1246346,0.006925965
urn:mavedb:00001072-a-1#896,NA,NA,p.Pro48Val,-0.345045348137804,0.0701668443291231,0.09103248,0.006586361
urn:mavedb:00001072-a-1#897,NA,NA,p.Pro48Trp,-0.406488468701614,0.139549260795631,0.08526499,0.01309909
urn:mavedb:00001072-a-1#898,NA,NA,p.Pro48Tyr,-0.478864808281151,0.173940529135116,0.07847123,0.0163273
urn:mavedb:00001072-a-1#899,NA,NA,p.Arg47Ser,-0.124349159887049,0.0728716353774068,0.1117486,0.006840252
urn:mavedb:00001072-a-1#900,NA,NA,p.Arg47Thr,0.0443350037084329,0.0752858774646804,0.1275825,0.00706687
urn:mavedb:00001072-a-1#901,NA,NA,p.Arg47Val,-0.0774637429030009,0.060381375207554,0.1161496,0.005667827
urn:mavedb:00001072-a-1#902,NA,NA,p.Arg47Trp,-0.466110717765557,0.123713261105004,0.07966842,0.01161261
urn:mavedb:00001072-a-1#903,NA,NA,p.Arg47Tyr,-0.860965402802301,0.220408334588654,0.04260454,0.0206891
urn:mavedb:00001072-a-1#904,NA,NA,p.Lys46Leu,-0.522028155965975,0.0714791033369079,0.07441961,0.006709539
urn:mavedb:00001072-a-1#905,NA,NA,p.Lys46Met,-0.418047465811785,0.0796686252505403,0.08417998,0.007478266
urn:mavedb:00001072-a-1#906,NA,NA,p.Lys46Asn,-0.453336598941866,0.130028676701985,0.08086749,0.01220542
urn:mavedb:00001072-a-1#907,NA,NA,p.Lys46Pro,-0.189839596689534,0.151094408543821,0.1056012,0.0141828
urn:mavedb:00001072-a-1#908,NA,NA,p.Lys46Gln,-0.585913877849053,0.128344487751518,0.06842284,0.01204733
urn:mavedb:00001072-a-1#909,NA,NA,p.Lys46Arg,-0.0676136505277565,0.0777844941264856,0.1170742,0.007301408
urn:mavedb:00001072-a-1#910,NA,NA,p.Lys46Ser,-0.284932618592619,0.0576334167633104,0.09667509,0.005409884
urn:mavedb:00001072-a-1#911,NA,NA,p.Lys46Thr,-0.14991295143327,0.137948381084158,0.109349,0.01294882
urn:mavedb:00001072-a-1#912,NA,NA,p.Lys46Val,-0.0400768575669824,0.0813644902784936,0.119659,0.007637452
urn:mavedb:00001072-a-1#913,NA,NA,p.Lys46Trp,-0.407638178813161,0.123674163290796,0.08515707,0.01160894
urn:mavedb:00001072-a-1#914,NA,NA,p.Lys46Tyr,-0.760445668207213,0.333148000461077,0.05204004,0.03127165
urn:mavedb:00001072-a-1#915,NA,NA,p.Glu45Phe,0.293684243495647,0.163977191592287,0.1509882,0.01539207
urn:mavedb:00001072-a-1#916,NA,NA,p.Glu45Gly,0.144392382680457,0.0500239380895167,0.1369746,0.004695604
urn:mavedb:00001072-a-1#917,NA,NA,p.Glu45His,-0.284330810547759,0.115290398748699,0.09673158,0.01082198
urn:mavedb:00001072-a-1#918,NA,NA,p.Glu45Ile,0.342539465887636,0.133783132201535,0.1555741,0.01255784
urn:mavedb:00001072-a-1#919,NA,NA,p.Glu45Lys,0.171413553241315,0.0878122738159488,0.139511,0.008242687
urn:mavedb:00001072-a-1#920,NA,NA,p.Glu45Leu,0.320113087497925,0.0712160826461742,0.153469,0.00668485
urn:mavedb:00001072-a-1#921,NA,NA,p.Glu45Met,0.279281972370736,0.0696254727692779,0.1496363,0.006535544
urn:mavedb:00001072-a-1#922,NA,NA,p.Glu45Asn,-0.217003522212352,0.192765434208393,0.1030514,0.01809434
urn:mavedb:00001072-a-1#923,NA,NA,p.Glu45Pro,-0.174755510820933,0.0736235065860108,0.1070171,0.006910828
urn:mavedb:00001072-a-1#924,NA,NA,p.Glu45Gln,0.0998357891803244,0.164867066366356,0.1327922,0.0154756
urn:mavedb:00001072-a-1#925,NA,NA,p.Glu45Arg,0.0275495769872184,0.0599134904930522,0.1260069,0.005623908
urn:mavedb:00001072-a-1#926,NA,NA,p.Glu45Ser,0.100256596717445,0.0705264057262211,0.1328317,0.006620112
urn:mavedb:00001072-a-1#927,NA,NA,p.Glu45Thr,0.199327474982193,0.111237010097463,0.1421312,0.0104415
urn:mavedb:00001072-a-1#928,NA,NA,p.Glu45Val,0.347792635420659,0.0536031245865166,0.1560672,0.005031572
urn:mavedb:00001072-a-1#929,NA,NA,p.Glu45Trp,0.274157708437692,0.0690691332451377,0.1491553,0.006483322
urn:mavedb:00001072-a-1#930,NA,NA,p.Glu45Tyr,-0.162503086809718,0.134473895763736,0.1081672,0.01262268
urn:mavedb:00001072-a-1#931,NA,NA,p.Ser44Thr,-0.131190744705762,0.0799763474204072,0.1111064,0.007507151
urn:mavedb:00001072-a-1#932,NA,NA,p.Ser44Val,-0.189320778283007,0.0631126824573541,0.1056499,0.005924207
urn:mavedb:00001072-a-1#933,NA,NA,p.Ser44Trp,-0.0888095663722151,0.0673154844176567,0.1150846,0.006318712
urn:mavedb:00001072-a-1#934,NA,NA,p.Ser44Tyr,-0.48082214926331,0.347021545558968,0.0782875,0.03257392
urn:mavedb:00001072-a-1#935,NA,NA,p.Glu43Phe,0.393580756801582,0.0966973746084093,0.1603652,0.009076706
urn:mavedb:00001072-a-1#936,NA,NA,p.Glu43Gly,0.254298788692188,0.0613449285873629,0.1472912,0.005758273
urn:mavedb:00001072-a-1#937,NA,NA,p.Glu43His,0.22132345781495,0.136095656051734,0.1441959,0.01277491
urn:mavedb:00001072-a-1#938,NA,NA,p.Glu43Ile,-0.0171977115740396,0.0947825618208885,0.1218066,0.008896968
urn:mavedb:00001072-a-1#939,NA,NA,p.Glu43Lys,0.42347194129916,0.108492279619897,0.163171,0.01018386
urn:mavedb:00001072-a-1#940,NA,NA,p.Glu43Leu,0.251007967218347,0.0612553551754107,0.1469823,0.005749865
urn:mavedb:00001072-a-1#941,NA,NA,p.Glu43Met,0.155048934057222,0.0833305243986341,0.1379749,0.007821998
urn:mavedb:00001072-a-1#942,NA,NA,p.Glu43Asn,0.1871102070437,0.0697622085854539,0.1409844,0.006548379
urn:mavedb:00001072-a-1#943,NA,NA,p.Glu43Pro,0.244210061156652,0.107011995891214,0.1463442,0.01004491
urn:mavedb:00001072-a-1#944,NA,NA,p.Glu43Gln,0.24917239408807,0.104946821645999,0.14681,0.009851058
urn:mavedb:00001072-a-1#945,NA,NA,p.Glu43Arg,0.351230473198608,0.051182405259178,0.1563899,0.004804346
urn:mavedb:00001072-a-1#946,NA,NA,p.Glu43Ser,0.163859258948339,0.0565002726193639,0.1388019,0.005303519
urn:mavedb:00001072-a-1#947,NA,NA,p.Glu43Thr,0.0625692867599886,0.0752641126596592,0.1292941,0.007064827
urn:mavedb:00001072-a-1#948,NA,NA,p.Glu43Val,0.100706168314066,0.0669545061242944,0.1328739,0.006284828
urn:mavedb:00001072-a-1#949,NA,NA,p.Glu43Trp,0.21816793395431,0.0722661838850102,0.1438997,0.00678342
urn:mavedb:00001072-a-1#950,NA,NA,p.Glu43Tyr,-0.229916454256516,0.102323997513933,0.1018393,0.009604861
urn:mavedb:00001072-a-1#951,NA,NA,p.Ser42Thr,-0.0176717858880115,0.0737622878464178,0.1217621,0.006923855
urn:mavedb:00001072-a-1#952,NA,NA,p.Ser42Val,-0.211208096890989,0.0891952924101022,0.1035954,0.008372507
urn:mavedb:00001072-a-1#953,NA,NA,p.Ser42Trp,-0.143060713259187,0.0782675598723898,0.1099922,0.007346752
urn:mavedb:00001072-a-1#954,NA,NA,p.Ser42Tyr,-0.244205799814504,0.116478567473133,0.100498,0.01093351
urn:mavedb:00001072-a-1#955,NA,NA,p.Leu41Met,0.334422674431116,0.0632547769112812,0.1548122,0.005937545
urn:mavedb:00001072-a-1#956,NA,NA,p.Leu41Asn,-0.21988845084659,0.0843901071237496,0.1027806,0.007921458
urn:mavedb:00001072-a-1#957,NA,NA,p.Leu41Pro,-0.720828609458006,0.108247678580598,0.05575878,0.0101609
urn:mavedb:00001072-a-1#958,NA,NA,p.Leu41Gln,-0.399273377243623,0.0857863039184959,0.08594225,0.008052515
urn:mavedb:00001072-a-1#959,NA,NA,p.Leu41Arg,-0.0782520912003924,0.0496845861075559,0.1160756,0.00466375
urn:mavedb:00001072-a-1#960,NA,NA,p.Leu41Ser,-0.131984419680838,0.0600772645251576,0.1110319,0.005639281
urn:mavedb:00001072-a-1#961,NA,NA,p.Leu41Thr,-0.347509895369136,0.11936924891927,0.09080114,0.01120485
urn:mavedb:00001072-a-1#962,NA,NA,p.Leu41Val,-0.0637944226275563,0.0725377059533294,0.1174327,0.006808907
urn:mavedb:00001072-a-1#963,NA,NA,p.Leu41Trp,-0.161993856423025,0.0633371593083586,0.108215,0.005945278
urn:mavedb:00001072-a-1#964,NA,NA,p.Leu41Tyr,0.495573850444362,0.328853313310707,0.169939,0.03086852
urn:mavedb:00001072-a-1#965,NA,NA,p.Leu40Met,0.213109720824561,0.0640777699203363,0.1434249,0.006014797
urn:mavedb:00001072-a-1#966,NA,NA,p.Leu40Asn,0.351607601978711,0.0990030270443949,0.1564253,0.009293131
urn:mavedb:00001072-a-1#967,NA,NA,p.Leu40Pro,-0.843037616784745,0.199647288710405,0.04428737,0.01874032
urn:mavedb:00001072-a-1#968,NA,NA,p.Leu40Gln,0.298872427560912,0.0860037921683776,0.1514752,0.00807293
urn:mavedb:00001072-a-1#969,NA,NA,p.Leu40Arg,0.219437813914433,0.0528156818243317,0.1440189,0.004957657
urn:mavedb:00001072-a-1#970,NA,NA,p.Leu40Ser,0.281522373005079,0.0553126578694099,0.1498466,0.005192041
urn:mavedb:00001072-a-1#971,NA,NA,p.Leu40Thr,0.145233997754699,0.0834382511281371,0.1370536,0.00783211
urn:mavedb:00001072-a-1#972,NA,NA,p.Leu40Val,-0.0853131351397305,0.0782072938410609,0.1154128,0.007341095
urn:mavedb:00001072-a-1#973,NA,NA,p.Leu40Trp,0.267851987394098,0.0608255775130679,0.1485634,0.005709523
urn:mavedb:00001072-a-1#974,NA,NA,p.Leu40Tyr,0.114144310777978,0.0847718594600837,0.1341353,0.007957292
urn:mavedb:00001072-a-1#975,NA,NA,p.Arg39Ser,-0.0267068965774392,0.057873266406114,0.120914,0.005432398
urn:mavedb:00001072-a-1#976,NA,NA,p.Arg39Thr,-0.147836612471627,0.0764616669901736,0.1095439,0.007177238
urn:mavedb:00001072-a-1#977,NA,NA,p.Arg39Val,-0.49410166326576,0.0686656054504271,0.07704099,0.006445444
urn:mavedb:00001072-a-1#978,NA,NA,p.Arg39Trp,-0.49194595680661,0.135207166213864,0.07724334,0.01269151
urn:mavedb:00001072-a-1#979,NA,NA,p.Arg39Tyr,-0.925522179540146,0.151654561969183,0.03654478,0.01423538
urn:mavedb:00001072-a-1#980,NA,NA,p.Trp38Tyr,-0.627613880640233,0.134348718838137,0.06450858,0.01261093
urn:mavedb:00001072-a-1#981,NA,NA,p.Leu37Met,0.273863675829476,0.0942872873297301,0.1491277,0.008850478
urn:mavedb:00001072-a-1#982,NA,NA,p.Leu37Asn,-0.010022676732241,0.107394557882556,0.1224801,0.01008082
urn:mavedb:00001072-a-1#983,NA,NA,p.Leu37Pro,-1.20300458712176,0.25218633485584,0.0104983,0.02367201
urn:mavedb:00001072-a-1#984,NA,NA,p.Leu37Gln,0.302874893173479,0.0959255922786185,0.1518509,0.009004261
urn:mavedb:00001072-a-1#985,NA,NA,p.Leu37Arg,0.0194487655637533,0.0722820893445779,0.1252465,0.006784913
urn:mavedb:00001072-a-1#986,NA,NA,p.Leu37Ser,-0.24522426058789,0.0671624383144091,0.1004024,0.006304346
urn:mavedb:00001072-a-1#987,NA,NA,p.Leu37Thr,-0.0150191004008432,0.0831847225770381,0.1220111,0.007808312
urn:mavedb:00001072-a-1#988,NA,NA,p.Leu37Val,-0.0950598899678844,0.0893748227548,0.1144979,0.008389359
urn:mavedb:00001072-a-1#989,NA,NA,p.Leu37Trp,0.0397924129785993,0.115131131085916,0.1271561,0.01080703
urn:mavedb:00001072-a-1#990,NA,NA,p.Leu37Tyr,-0.177326165471751,0.075449140135728,0.1067758,0.007082195
urn:mavedb:00001072-a-1#991,NA,NA,p.Lys36Leu,-0.799804596155801,0.0785285990390247,0.04834553,0.007371255
urn:mavedb:00001072-a-1#992,NA,NA,p.Lys36Met,-0.489888474283972,0.0979377554275117,0.07743647,0.009193137
urn:mavedb:00001072-a-1#993,NA,NA,p.Lys36Asn,0.0129257160706079,0.129787697803513,0.1246342,0.0121828
urn:mavedb:00001072-a-1#994,NA,NA,p.Lys36Pro,-0.80764248276873,0.157762450203554,0.04760981,0.01480871
urn:mavedb:00001072-a-1#995,NA,NA,p.Lys36Gln,-0.324319777932938,0.0721363194830481,0.09297793,0.00677123
urn:mavedb:00001072-a-1#996,NA,NA,p.Lys36Arg,-0.119437963061408,0.0621004965102804,0.1122096,0.005829196
urn:mavedb:00001072-a-1#997,NA,NA,p.Lys36Ser,-0.257290463947234,0.0595147993216796,0.09926978,0.005586484
urn:mavedb:00001072-a-1#998,NA,NA,p.Lys36Thr,-0.395088206586458,0.0550771228355312,0.0863351,0.005169932
urn:mavedb:00001072-a-1#999,NA,NA,p.Lys36Val,-0.426357083000505,0.0740933089044792,0.08339998,0.006954927
urn:mavedb:00001072-a-1#1000,NA,NA,p.Lys36Trp,0.0311173857006829,0.0833863905941952,0.1263418,0.007827242
urn:mavedb:00001072-a-1#1001,NA,NA,p.Lys36Tyr,-0.711148651168023,0.273847908863528,0.05666741,0.02570532
urn:mavedb:00001072-a-1#1002,NA,NA,p.Gly35His,-0.246337536224072,0.135976018870928,0.1002979,0.01276368
urn:mavedb:00001072-a-1#1003,NA,NA,p.Gly35Ile,-0.418720970938286,0.12423868459186,0.08411676,0.01166193
urn:mavedb:00001072-a-1#1004,NA,NA,p.Gly35Lys,0.222089434066064,0.112535121449317,0.1442678,0.01056335
urn:mavedb:00001072-a-1#1005,NA,NA,p.Gly35Leu,-0.273032074909281,0.0760470597058779,0.09779216,0.00713832
urn:mavedb:00001072-a-1#1006,NA,NA,p.Gly35Met,-0.258456686759605,0.127137995255848,0.09916031,0.01193408
urn:mavedb:00001072-a-1#1007,NA,NA,p.Gly35Asn,-0.0034623404953001,0.080735122003291,0.1230959,0.007578375
urn:mavedb:00001072-a-1#1008,NA,NA,p.Gly35Pro,-0.752678519873941,0.237049834478818,0.05276912,0.02225119
urn:mavedb:00001072-a-1#1009,NA,NA,p.Gly35Gln,-0.17996074025479,0.160093084757882,0.1065285,0.01502748
urn:mavedb:00001072-a-1#1010,NA,NA,p.Gly35Arg,0.0061608354105601,0.0760004832361996,0.1239992,0.007133948
urn:mavedb:00001072-a-1#1011,NA,NA,p.Gly35Ser,-0.0373602519475931,0.0631895677230605,0.119914,0.005931424
urn:mavedb:00001072-a-1#1012,NA,NA,p.Gly35Thr,0.196618326711563,0.072801962433286,0.1418769,0.006833712
urn:mavedb:00001072-a-1#1013,NA,NA,p.Gly35Val,-0.239158240040125,0.0611785018697704,0.1009718,0.005742651
urn:mavedb:00001072-a-1#1014,NA,NA,p.Gly35Trp,-0.281208631689428,0.086799278213867,0.09702465,0.0081476
urn:mavedb:00001072-a-1#1015,NA,NA,p.Gly35Tyr,-0.407556041443257,0.127901840835888,0.08516478,0.01200578
urn:mavedb:00001072-a-1#1016,NA,NA,p.Leu34Met,-0.218798612592223,0.0872313996143912,0.1028829,0.008188162
urn:mavedb:00001072-a-1#1017,NA,NA,p.Leu34Asn,-1.59907705721086,0.829236407969818,-0.02667989,0.07783805
urn:mavedb:00001072-a-1#1018,NA,NA,p.Leu34Pro,-1.02039808606079,0.127498824402235,0.02763905,0.01196795
urn:mavedb:00001072-a-1#1019,NA,NA,p.Leu34Gln,-1.3559729421819,0.328704805536847,-0.003860402,0.03085458
urn:mavedb:00001072-a-1#1020,NA,NA,p.Leu34Arg,-1.16350045393947,0.1079685606699,0.01420644,0.0101347
urn:mavedb:00001072-a-1#1021,NA,NA,p.Leu34Ser,-1.09645579912204,0.121627014522867,0.02049973,0.01141678
urn:mavedb:00001072-a-1#1022,NA,NA,p.Leu34Thr,-0.859932240398504,0.17872633596805,0.04270152,0.01677653
urn:mavedb:00001072-a-1#1023,NA,NA,p.Leu34Val,-0.0647713353149995,0.0670098609587977,0.117341,0.006290024
urn:mavedb:00001072-a-1#1024,NA,NA,p.Leu34Trp,-0.298871468758929,0.0665114011143836,0.09536669,0.006243235
urn:mavedb:00001072-a-1#1025,NA,NA,p.Leu34Tyr,-1.01810974532728,0.283903504463862,0.02785385,0.02664921
urn:mavedb:00001072-a-1#1026,NA,NA,p.Thr33Val,0.0185112702911797,0.061483912261522,0.1251585,0.005771319
urn:mavedb:00001072-a-1#1027,NA,NA,p.Thr33Trp,0.30126836718366,0.0772653135058765,0.1517001,0.007252674
urn:mavedb:00001072-a-1#1028,NA,NA,p.Thr33Tyr,0.236403282341403,0.0960512272984987,0.1456114,0.009016054
urn:mavedb:00001072-a-1#1029,NA,NA,p.Lys32Leu,NA,NA,NA,NA
urn:mavedb:00001072-a-1#1030,NA,NA,p.Lys32Met,NA,NA,NA,NA
urn:mavedb:00001072-a-1#1031,NA,NA,p.Lys32Asn,NA,NA,NA,NA
urn:mavedb:00001072-a-1#1032,NA,NA,p.Lys32Pro,NA,NA,NA,NA
urn:mavedb:00001072-a-1#1033,NA,NA,p.Lys32Gln,NA,NA,NA,NA
urn:mavedb:00001072-a-1#1034,NA,NA,p.Lys32Arg,NA,NA,NA,NA
urn:mavedb:00001072-a-1#1035,NA,NA,p.Lys32Ser,NA,NA,NA,NA
urn:mavedb:00001072-a-1#1036,NA,NA,p.Lys32Thr,NA,NA,NA,NA
urn:mavedb:00001072-a-1#1037,NA,NA,p.Lys32Val,NA,NA,NA,NA
urn:mavedb:00001072-a-1#1038,NA,NA,p.Lys32Trp,NA,NA,NA,NA
urn:mavedb:00001072-a-1#1039,NA,NA,p.Lys32Tyr,NA,NA,NA,NA
urn:mavedb:00001072-a-1#1040,NA,NA,p.Ser31Thr,-0.223255976479096,0.0899263256556022,0.1024645,0.008441127
urn:mavedb:00001072-a-1#1041,NA,NA,p.Ser31Val,-0.206964865447056,0.0965926414717653,0.1039937,0.009066875
urn:mavedb:00001072-a-1#1042,NA,NA,p.Ser31Trp,0.062449969179843,0.0780175895419846,0.1292829,0.007323288
urn:mavedb:00001072-a-1#1043,NA,NA,p.Ser31Tyr,-0.584232778371643,0.0973786034175538,0.06858064,0.009140651
urn:mavedb:00001072-a-1#1044,NA,NA,p.Leu30Met,-0.362038621822291,0.0890027543184974,0.08943737,0.008354434
urn:mavedb:00001072-a-1#1045,NA,NA,p.Leu30Asn,-0.435981004641241,0.15397305169839,0.08249661,0.01445301
urn:mavedb:00001072-a-1#1046,NA,NA,p.Leu30Pro,-0.29194508323147,0.122034398832222,0.09601685,0.01145502
urn:mavedb:00001072-a-1#1047,NA,NA,p.Leu30Gln,-0.530429072410217,0.127898644829277,0.07363104,0.01200548
urn:mavedb:00001072-a-1#1048,NA,NA,p.Leu30Arg,-0.449384204099539,0.0620688880048971,0.08123849,0.005826229
urn:mavedb:00001072-a-1#1049,NA,NA,p.Leu30Ser,-0.371682997905337,0.0743260847193171,0.08853208,0.006976777
urn:mavedb:00001072-a-1#1050,NA,NA,p.Leu30Thr,-0.645680266811155,0.0968083932247217,0.06281274,0.009087127
urn:mavedb:00001072-a-1#1051,NA,NA,p.Leu30Val,-0.0916774496378605,0.0667923087887838,0.1148154,0.006269603
urn:mavedb:00001072-a-1#1052,NA,NA,p.Leu30Trp,-0.331760507457668,0.116455769292641,0.09227949,0.01093137
urn:mavedb:00001072-a-1#1053,NA,NA,p.Leu30Tyr,-0.28548840414228,0.131325509651194,0.09662292,0.01232715
urn:mavedb:00001072-a-1#1054,NA,NA,p.Glu29Phe,0.403089941804981,0.0646199191751235,0.1612578,0.006065687
urn:mavedb:00001072-a-1#1055,NA,NA,p.Glu29Gly,0.133910546331762,0.0766879336048803,0.1359907,0.007198477
urn:mavedb:00001072-a-1#1056,NA,NA,p.Glu29His,0.0493186433505911,0.0912398737193868,0.1280503,0.008564426
urn:mavedb:00001072-a-1#1057,NA,NA,p.Glu29Ile,0.36747790547363,0.133823295351281,0.157915,0.01256161
urn:mavedb:00001072-a-1#1058,NA,NA,p.Glu29Lys,0.321104914882887,0.129600305282551,0.1535621,0.01216521
urn:mavedb:00001072-a-1#1059,NA,NA,p.Glu29Leu,0.440490676502981,0.0615618309026993,0.1647685,0.005778633
urn:mavedb:00001072-a-1#1060,NA,NA,p.Glu29Met,0.213694590034383,0.0845224644108684,0.1434798,0.007933882
urn:mavedb:00001072-a-1#1061,NA,NA,p.Glu29Asn,0.0912651647850357,0.184353225207458,0.1319877,0.01730471
urn:mavedb:00001072-a-1#1062,NA,NA,p.Glu29Pro,0.263518202429519,0.0924413697913881,0.1481566,0.008677207
urn:mavedb:00001072-a-1#1063,NA,NA,p.Glu29Gln,0.0086388058696579,0.0864258354947216,0.1242318,0.008112546
urn:mavedb:00001072-a-1#1064,NA,NA,p.Glu29Arg,0.217654442225469,0.0607193955200936,0.1438515,0.005699556
urn:mavedb:00001072-a-1#1065,NA,NA,p.Glu29Ser,0.253028908732065,0.0643637698986035,0.147172,0.006041643
urn:mavedb:00001072-a-1#1066,NA,NA,p.Glu29Thr,0.109816917826622,0.0845936820915179,0.1337291,0.007940567
urn:mavedb:00001072-a-1#1067,NA,NA,p.Glu29Val,0.397059077329937,0.069537433440499,0.1606917,0.00652728
urn:mavedb:00001072-a-1#1068,NA,NA,p.Glu29Trp,0.478223795888529,0.0867099072156667,0.1683104,0.008139211
urn:mavedb:00001072-a-1#1069,NA,NA,p.Glu29Tyr,-0.069099793601893,0.15223985731322,0.1169347,0.01429032
urn:mavedb:00001072-a-1#1070,NA,NA,p.Ala28Cys,0.168040700931125,0.0689372340522999,0.1391944,0.006470941
urn:mavedb:00001072-a-1#1071,NA,NA,p.Ala28Asp,-0.462496566956232,0.173015817888987,0.08000767,0.0162405
urn:mavedb:00001072-a-1#1072,NA,NA,p.Ala28Glu,0.121243706796649,0.0851776564194882,0.1348017,0.007995383
urn:mavedb:00001072-a-1#1073,NA,NA,p.Ala28Phe,0.304116009074102,0.0979410260076103,0.1519674,0.009193444
urn:mavedb:00001072-a-1#1074,NA,NA,p.Ala28Gly,-0.0214111136229356,0.0559732511292024,0.1214111,0.005254049
urn:mavedb:00001072-a-1#1075,NA,NA,p.Ala28His,0.0623359782773823,0.112989913190068,0.1292722,0.01060604
urn:mavedb:00001072-a-1#1076,NA,NA,p.Ala28Ile,-0.0898717059026194,0.119488779566523,0.1149849,0.01121607
urn:mavedb:00001072-a-1#1077,NA,NA,p.Ala28Lys,0.0287203807423983,0.0676904825266861,0.1261168,0.006353912
urn:mavedb:00001072-a-1#1078,NA,NA,p.Ala28Leu,0.0739033915382955,0.0511545893483066,0.130358,0.004801735
urn:mavedb:00001072-a-1#1079,NA,NA,p.Ala28Met,-0.0286031938333266,0.0958572190438528,0.120736,0.008997843
urn:mavedb:00001072-a-1#1080,NA,NA,p.Ala28Asn,0.0556115803677411,0.16481252118686,0.128641,0.01547048
urn:mavedb:00001072-a-1#1081,NA,NA,p.Ala28Pro,-0.210557176877872,0.0950608913832892,0.1036565,0.008923094
urn:mavedb:00001072-a-1#1082,NA,NA,p.Ala28Gln,-0.0778089116169939,0.0946187771354278,0.1161172,0.008881594
urn:mavedb:00001072-a-1#1083,NA,NA,p.Ala28Arg,-0.0518647952840578,0.0638119260904295,0.1185525,0.005989843
urn:mavedb:00001072-a-1#1084,NA,NA,p.Ala28Ser,0.050760042332173,0.0620109017916174,0.1281856,0.005820786
urn:mavedb:00001072-a-1#1085,NA,NA,p.Ala28Thr,0.115081806050552,0.118405120258271,0.1342233,0.01111435
urn:mavedb:00001072-a-1#1086,NA,NA,p.Ala28Val,0.0450125571099749,0.0784177402230429,0.1276461,0.007360849
urn:mavedb:00001072-a-1#1087,NA,NA,p.Ala28Trp,0.17787268260224,0.0831342895927158,0.1401173,0.007803578
urn:mavedb:00001072-a-1#1088,NA,NA,p.Ala28Tyr,0.040326146082644,0.0960254887919244,0.1272062,0.009013638
urn:mavedb:00001072-a-1#1089,NA,NA,p.Asn27Pro,0.326816178696826,0.079305228645509,0.1540982,0.007444155
urn:mavedb:00001072-a-1#1090,NA,NA,p.Asn27Gln,-0.0148209479909582,0.0865231538960279,0.1220297,0.008121681
urn:mavedb:00001072-a-1#1091,NA,NA,p.Asn27Arg,0.0196106965653796,0.0669368109010246,0.1252617,0.006283167
urn:mavedb:00001072-a-1#1092,NA,NA,p.Asn27Ser,0.0824601665716033,0.0600402867286678,0.1311612,0.00563581
urn:mavedb:00001072-a-1#1093,NA,NA,p.Asn27Thr,-0.0345648114984647,0.0806140572728646,0.1201764,0.007567011
urn:mavedb:00001072-a-1#1094,NA,NA,p.Asn27Val,0.109807329806789,0.079432440361984,0.1337282,0.007456096
urn:mavedb:00001072-a-1#1095,NA,NA,p.Asn27Trp,0.259863036202019,0.180027749860068,0.1478135,0.01689869
urn:mavedb:00001072-a-1#1096,NA,NA,p.Asn27Tyr,0.0811817639271847,0.100255414194999,0.1310412,0.009410689
urn:mavedb:00001072-a-1#1097,NA,NA,p.His26Ile,-0.0052158827892274,0.125736759424011,0.1229313,0.01180255
urn:mavedb:00001072-a-1#1098,NA,NA,p.His26Lys,0.0792066318415581,0.0957772762651552,0.1308558,0.008990339
urn:mavedb:00001072-a-1#1099,NA,NA,p.His26Leu,-0.0095965425174346,0.0726282168605542,0.1225201,0.006817403
urn:mavedb:00001072-a-1#1100,NA,NA,p.His26Met,-0.322454801541839,0.135521120596622,0.09315299,0.01272098
urn:mavedb:00001072-a-1#1101,NA,NA,p.His26Asn,-0.0815279979767148,0.205857342622775,0.1157681,0.01932324
urn:mavedb:00001072-a-1#1102,NA,NA,p.His26Pro,0.164499525606085,0.0803140907457072,0.138862,0.007538854
urn:mavedb:00001072-a-1#1103,NA,NA,p.His26Gln,0.159859989342383,0.0936032034213464,0.1384265,0.008786265
urn:mavedb:00001072-a-1#1104,NA,NA,p.His26Arg,0.134933268447297,0.0536747790547363,0.1360867,0.005038298
urn:mavedb:00001072-a-1#1105,NA,NA,p.His26Ser,0.381952619415058,0.0657276017997352,0.1592737,0.006169662
urn:mavedb:00001072-a-1#1106,NA,NA,p.His26Thr,0.327485209414072,0.104919772776714,0.154161,0.009848519
urn:mavedb:00001072-a-1#1107,NA,NA,p.His26Val,0.050554432573529,0.0574326968947813,0.1281663,0.005391043
urn:mavedb:00001072-a-1#1108,NA,NA,p.His26Trp,-0.162907914313784,0.101225615268559,0.1081292,0.009501759
urn:mavedb:00001072-a-1#1109,NA,NA,p.His26Tyr,-0.336439887270455,0.126906923977869,0.09184025,0.01191239
urn:mavedb:00001072-a-1#1110,NA,NA,p.Leu25Met,-0.283135930209443,0.139482783858121,0.09684374,0.01309285
urn:mavedb:00001072-a-1#1111,NA,NA,p.Leu25Asn,-0.272940029918883,0.151873275354933,0.0978008,0.01425591
urn:mavedb:00001072-a-1#1112,NA,NA,p.Leu25Pro,-0.650143276976373,0.0899335912439646,0.06239381,0.008441809
urn:mavedb:00001072-a-1#1113,NA,NA,p.Leu25Gln,-0.786367412493872,0.135292606123932,0.04960684,0.01269953
urn:mavedb:00001072-a-1#1114,NA,NA,p.Leu25Arg,-0.669232598329937,0.0708236449944038,0.06060195,0.006648013
urn:mavedb:00001072-a-1#1115,NA,NA,p.Leu25Ser,-0.756495617103067,0.119058916677338,0.05241082,0.01117572
urn:mavedb:00001072-a-1#1116,NA,NA,p.Leu25Thr,-0.572175204230149,0.103586952793065,0.06971245,0.009723411
urn:mavedb:00001072-a-1#1117,NA,NA,p.Leu25Val,-0.3213441892445,0.07082080054852,0.09325724,0.006647746
urn:mavedb:00001072-a-1#1118,NA,NA,p.Leu25Trp,-0.0015862846146158,0.0685013094039085,0.123272,0.006430022
urn:mavedb:00001072-a-1#1119,NA,NA,p.Leu25Tyr,-0.219920410912701,0.230562260659055,0.1027776,0.02164222
urn:mavedb:00001072-a-1#1120,NA,NA,p.His24Ile,-0.449040526855298,0.124928382818524,0.08127075,0.01172667
urn:mavedb:00001072-a-1#1121,NA,NA,p.His24Lys,0.292711592150352,0.106305199029181,0.1508969,0.009978565
urn:mavedb:00001072-a-1#1122,NA,NA,p.His24Leu,-0.151181766057856,0.0547723090316803,0.1092299,0.00514132
urn:mavedb:00001072-a-1#1123,NA,NA,p.His24Met,-0.160138041917544,0.0758562474578431,0.1083892,0.007120409
urn:mavedb:00001072-a-1#1124,NA,NA,p.His24Asn,0.0984742903640186,0.130187944364769,0.1326644,0.01222037
urn:mavedb:00001072-a-1#1125,NA,NA,p.His24Pro,-0.374040372381645,0.116405272388186,0.0883108,0.01092663
urn:mavedb:00001072-a-1#1126,NA,NA,p.His24Gln,0.115993733270237,0.101212415761256,0.1343089,0.00950052
urn:mavedb:00001072-a-1#1127,NA,NA,p.His24Arg,0.184223147738388,0.0519779126113782,0.1407134,0.004879018
urn:mavedb:00001072-a-1#1128,NA,NA,p.His24Ser,-0.111647164279214,0.0504993440729099,0.1129409,0.004740229
urn:mavedb:00001072-a-1#1129,NA,NA,p.His24Thr,0.029667464034805,0.0972269102904382,0.1262057,0.009126412
urn:mavedb:00001072-a-1#1130,NA,NA,p.His24Val,-0.315516484256365,0.0636578039982895,0.09380427,0.005975376
urn:mavedb:00001072-a-1#1131,NA,NA,p.His24Trp,0.105456499473618,0.0669639663038631,0.1333198,0.006285716
urn:mavedb:00001072-a-1#1132,NA,NA,p.His24Tyr,-0.280829691838912,0.0906023662806814,0.09706022,0.008504585
urn:mavedb:00001072-a-1#1133,NA,NA,p.Pro23Gln,0.479566118665169,0.108684679217882,0.1684364,0.01020192
urn:mavedb:00001072-a-1#1134,NA,NA,p.Pro23Arg,0.357216593581098,0.0619046345718001,0.1569518,0.005810811
urn:mavedb:00001072-a-1#1135,NA,NA,p.Pro23Ser,0.374664659006336,0.0532888399497417,0.1585896,0.005002071
urn:mavedb:00001072-a-1#1136,NA,NA,p.Pro23Thr,0.280844819603538,0.0837701990281157,0.149783,0.007863269
urn:mavedb:00001072-a-1#1137,NA,NA,p.Pro23Val,0.0539816169961074,0.0499384022992498,0.128488,0.004687575
urn:mavedb:00001072-a-1#1138,NA,NA,p.Pro23Trp,-0.119625462115923,0.181890382512986,0.112192,0.01707353
urn:mavedb:00001072-a-1#1139,NA,NA,p.Pro23Tyr,0.112151067988222,0.0849563649217394,0.1339482,0.007974611
urn:mavedb:00001072-a-1#1140,NA,NA,p.Gln21Arg,0.162510544158478,0.0588460775517396,0.1386753,0.005523713
urn:mavedb:00001072-a-1#1141,NA,NA,p.Gln21Ser,-0.110164217211689,0.0671727933758288,0.1130801,0.006305318
urn:mavedb:00001072-a-1#1142,NA,NA,p.Gln21Thr,-0.047516095621961,0.0717470778378887,0.1189607,0.006734693
urn:mavedb:00001072-a-1#1143,NA,NA,p.Gln21Val,-0.212238276355283,0.0768081354135217,0.1034987,0.00720976
urn:mavedb:00001072-a-1#1144,NA,NA,p.Gln21Trp,0.120260402095984,0.079238602561024,0.1347094,0.007437901
urn:mavedb:00001072-a-1#1145,NA,NA,p.Gln21Tyr,-0.144089827387944,0.0632220498035841,0.1098956,0.005934473
urn:mavedb:00001072-a-1#1146,NA,NA,p.Asp20Glu,0.215714466212564,0.105466108800162,0.1436694,0.009899802
urn:mavedb:00001072-a-1#1147,NA,NA,p.Asp20Phe,-0.218583414813746,0.081329877526896,0.1029031,0.007634203
urn:mavedb:00001072-a-1#1148,NA,NA,p.Asp20Gly,-0.151554633495811,0.0694657150521471,0.1091949,0.006520548
urn:mavedb:00001072-a-1#1149,NA,NA,p.Asp20His,-0.413386729370896,0.086454514327378,0.08461747,0.008115238
urn:mavedb:00001072-a-1#1150,NA,NA,p.Asp20Ile,0.0781945630813937,0.0583770955416347,0.1307608,0.005479691
urn:mavedb:00001072-a-1#1151,NA,NA,p.Asp20Lys,-0.0532806262127513,0.0968923203583277,0.1184196,0.009095005
urn:mavedb:00001072-a-1#1152,NA,NA,p.Asp20Leu,0.11573911807689,0.0628893561687296,0.134285,0.005903244
urn:mavedb:00001072-a-1#1153,NA,NA,p.Asp20Met,0.0317821550757805,0.110035418145264,0.1264042,0.01032871
urn:mavedb:00001072-a-1#1154,NA,NA,p.Asp20Asn,-0.235219694559779,0.132750182864845,0.1013415,0.01246088
urn:mavedb:00001072-a-1#1155,NA,NA,p.Asp20Pro,-0.528217861969588,0.0990771850511265,0.0738386,0.009300092
urn:mavedb:00001072-a-1#1156,NA,NA,p.Asp20Gln,0.0312079392213292,0.10540058001128,0.1263503,0.009893651
urn:mavedb:00001072-a-1#1157,NA,NA,p.Asp20Arg,-0.0960336066487165,0.0511091421342975,0.1144065,0.004797469
urn:mavedb:00001072-a-1#1158,NA,NA,p.Asp20Ser,-0.035208274162822,0.0637965852586965,0.120116,0.005988403
urn:mavedb:00001072-a-1#1159,NA,NA,p.Asp20Thr,-0.0413105161188463,0.0756155455466098,0.1195432,0.007097815
urn:mavedb:00001072-a-1#1160,NA,NA,p.Asp20Val,0.0468928743328071,0.0411434821599976,0.1278226,0.003862021
urn:mavedb:00001072-a-1#1161,NA,NA,p.Asp20Trp,-0.298624630515002,0.0732253587357621,0.09538986,0.006873455
urn:mavedb:00001072-a-1#1162,NA,NA,p.Asp20Tyr,-0.270578820234642,0.0930022156848499,0.09802244,0.008729852
urn:mavedb:00001072-a-1#1163,NA,NA,p.Ala19Cys,-0.189286687545823,0.0667026501499886,0.1056531,0.006261187
urn:mavedb:00001072-a-1#1164,NA,NA,p.Ala19Asp,-0.410089728950941,0.14768703936223,0.08492695,0.01386296
urn:mavedb:00001072-a-1#1165,NA,NA,p.Ala19Glu,0.0218766652526114,0.0986710897977716,0.1254744,0.009261973
urn:mavedb:00001072-a-1#1166,NA,NA,p.Ala19Phe,-0.468690001634225,0.105350093760181,0.07942631,0.009888912
urn:mavedb:00001072-a-1#1167,NA,NA,p.Ala19Gly,-0.215350121458905,0.0933670717995669,0.1032066,0.0087641
urn:mavedb:00001072-a-1#1168,NA,NA,p.Ala19His,0.0705092325173644,0.140672017918091,0.1300394,0.01320448
urn:mavedb:00001072-a-1#1169,NA,NA,p.Ala19Ile,-0.111237010097463,0.136577081180912,0.1129794,0.0128201
urn:mavedb:00001072-a-1#1170,NA,NA,p.Ala19Lys,0.102733501841006,0.112257175407709,0.1330642,0.01053726
urn:mavedb:00001072-a-1#1171,NA,NA,p.Ala19Leu,0.122550873500567,0.0516209186729243,0.1349244,0.004845508
urn:mavedb:00001072-a-1#1172,NA,NA,p.Ala19Met,-0.0802368113058521,0.0830868715079633,0.1158893,0.007799127
urn:mavedb:00001072-a-1#1173,NA,NA,p.Ala19Asn,-0.111743044477546,0.0849240746016125,0.1129319,0.00797158
urn:mavedb:00001072-a-1#1174,NA,NA,p.Ala19Pro,-0.452391752854087,0.117208215782435,0.08095618,0.011002
urn:mavedb:00001072-a-1#1175,NA,NA,p.Ala19Gln,0.0775724071277765,0.184958016191822,0.1307024,0.01736148
urn:mavedb:00001072-a-1#1176,NA,NA,p.Ala19Arg,0.0808834699768204,0.0593012847733509,0.1310132,0.005566442
urn:mavedb:00001072-a-1#1177,NA,NA,p.Ala19Ser,-0.111049511042949,0.0722402110046178,0.112997,0.006780982
urn:mavedb:00001072-a-1#1178,NA,NA,p.Ala19Thr,-0.0893646061870001,0.101729380483948,0.1150325,0.009549046
urn:mavedb:00001072-a-1#1179,NA,NA,p.Ala19Val,-0.0915325640048264,0.0915755396403896,0.114829,0.008595934
urn:mavedb:00001072-a-1#1180,NA,NA,p.Ala19Trp,-0.212254256388338,0.118649827831124,0.1034972,0.01113732
urn:mavedb:00001072-a-1#1181,NA,NA,p.Ala19Tyr,-0.245947623417524,0.11114624350971,0.1003345,0.01043298
urn:mavedb:00001072-a-1#1182,NA,NA,p.Leu18Met,0.0477877561839,0.149722895573467,0.1279066,0.01405406
urn:mavedb:00001072-a-1#1183,NA,NA,p.Leu18Asn,-0.761777444162036,0.257321465211362,0.05191503,0.02415403
urn:mavedb:00001072-a-1#1184,NA,NA,p.Leu18Pro,-0.314744968260458,0.216560023028293,0.09387669,0.02032787
urn:mavedb:00001072-a-1#1185,NA,NA,p.Leu18Gln,-0.94457666442165,0.172265715137374,0.03475619,0.01617009
urn:mavedb:00001072-a-1#1186,NA,NA,p.Leu18Arg,-0.846290405779914,0.0857131260204583,0.04398204,0.008045646
urn:mavedb:00001072-a-1#1187,NA,NA,p.Leu18Ser,-0.941829696739455,0.109351259663392,0.03501404,0.01026449
urn:mavedb:00001072-a-1#1188,NA,NA,p.Leu18Thr,-0.356399055089992,0.147787074369156,0.08996674,0.01387235
urn:mavedb:00001072-a-1#1189,NA,NA,p.Leu18Val,0.0180862014119105,0.0495184363772029,0.1251186,0.004648154
urn:mavedb:00001072-a-1#1190,NA,NA,p.Leu18Trp,-0.181116629312452,0.0853146798762592,0.10642,0.008008245
urn:mavedb:00001072-a-1#1191,NA,NA,p.Leu18Tyr,-0.381110684740155,0.154051353860361,0.08764713,0.01446036
urn:mavedb:00001072-a-1#1192,NA,NA,p.Lys17Leu,-0.307291454709284,0.101955572525167,0.09457633,0.009570278
urn:mavedb:00001072-a-1#1193,NA,NA,p.Lys17Met,-0.343796881421976,0.116626755646332,0.09114967,0.01094742
urn:mavedb:00001072-a-1#1194,NA,NA,p.Lys17Asn,0.0201646710446275,0.0850371919289327,0.1253137,0.007982198
urn:mavedb:00001072-a-1#1195,NA,NA,p.Lys17Pro,-0.991315278168697,0.218034980079291,0.03036897,0.02046632
urn:mavedb:00001072-a-1#1196,NA,NA,p.Lys17Gln,-0.056786645465069,0.0852704045313408,0.1180905,0.008004089
urn:mavedb:00001072-a-1#1197,NA,NA,p.Lys17Arg,0.0750986980108269,0.0631568832287848,0.1304702,0.005928356
urn:mavedb:00001072-a-1#1198,NA,NA,p.Lys17Ser,-0.17957508879039,0.108457017013622,0.1065647,0.01018055
urn:mavedb:00001072-a-1#1199,NA,NA,p.Lys17Thr,-0.684752619500285,0.128533371742231,0.05914513,0.01206506
urn:mavedb:00001072-a-1#1200,NA,NA,p.Lys17Val,-0.391314361980135,0.0765963360554077,0.08668934,0.007189879
urn:mavedb:00001072-a-1#1201,NA,NA,p.Lys17Trp,-0.258355373350035,0.111437719312637,0.09916982,0.01046034
urn:mavedb:00001072-a-1#1202,NA,NA,p.Lys17Tyr,-0.181653558423107,0.0929249575517055,0.1063696,0.0087226
urn:mavedb:00001072-a-1#1203,NA,NA,p.Arg16Ser,-0.228500623327823,0.0612659019972271,0.1019722,0.005750855
urn:mavedb:00001072-a-1#1204,NA,NA,p.Arg16Thr,-0.0380505893755791,0.0638791168027491,0.1198492,0.00599615
urn:mavedb:00001072-a-1#1205,NA,NA,p.Arg16Val,-0.0991806078250601,0.0653709487686532,0.1141111,0.006136184
urn:mavedb:00001072-a-1#1206,NA,NA,p.Arg16Trp,-0.643250129917669,0.0849001684721618,0.06304085,0.007969336
urn:mavedb:00001072-a-1#1207,NA,NA,p.Arg16Tyr,-0.618101819230883,0.120473469203387,0.06540145,0.0113085
urn:mavedb:00001072-a-1#1208,NA,NA,p.Arg15Ser,-0.688358780293082,0.101380941189856,0.05880663,0.009516339
urn:mavedb:00001072-a-1#1209,NA,NA,p.Arg15Thr,-0.760250072602617,0.11874986283805,0.0520584,0.01114671
urn:mavedb:00001072-a-1#1210,NA,NA,p.Arg15Val,-0.62440530306985,0.0673479558448249,0.06480976,0.00632176
urn:mavedb:00001072-a-1#1211,NA,NA,p.Arg15Trp,-0.315401108417706,0.112653693294586,0.0938151,0.01057448
urn:mavedb:00001072-a-1#1212,NA,NA,p.Arg15Tyr,-0.447357403240367,0.117029665546431,0.08142874,0.01098524
urn:mavedb:00001072-a-1#1213,NA,NA,p.Ala14Cys,-0.579656842639501,0.222596001113915,0.06901017,0.02089445
urn:mavedb:00001072-a-1#1214,NA,NA,p.Ala14Asp,-1.0483604805686,0.513173939250732,0.0250143,0.04817017
urn:mavedb:00001072-a-1#1215,NA,NA,p.Ala14Glu,0.29760254760079,0.215049483770359,0.151356,0.02018608
urn:mavedb:00001072-a-1#1216,NA,NA,p.Ala14Phe,-0.175352098721661,0.0985862145155376,0.1069611,0.009254006
urn:mavedb:00001072-a-1#1217,NA,NA,p.Ala14Gly,-0.284026124584173,0.111922446981979,0.09676018,0.01050584
urn:mavedb:00001072-a-1#1218,NA,NA,p.Ala14His,0.0213365401353445,0.0752325148076313,0.1254237,0.007061861
urn:mavedb:00001072-a-1#1219,NA,NA,p.Ala14Ile,-0.44923889233229,0.178258227533086,0.08125213,0.01673259
urn:mavedb:00001072-a-1#1220,NA,NA,p.Ala14Lys,-0.0768756776865685,0.139839245128807,0.1162048,0.01312631
urn:mavedb:00001072-a-1#1221,NA,NA,p.Ala14Leu,-0.152141633376707,0.0819853891361769,0.1091398,0.007695734
urn:mavedb:00001072-a-1#1222,NA,NA,p.Ala14Met,0.198490121250099,0.146859380183523,0.1420526,0.01378527
urn:mavedb:00001072-a-1#1223,NA,NA,p.Ala14Asn,0.13505365136298,0.081445317285687,0.136098,0.007645039
urn:mavedb:00001072-a-1#1224,NA,NA,p.Ala14Pro,-1.21490706971577,0.371425186705379,0.009381048,0.03486462
urn:mavedb:00001072-a-1#1225,NA,NA,p.Ala14Gln,0.332728790927262,0.136055066767774,0.1546532,0.0127711
urn:mavedb:00001072-a-1#1226,NA,NA,p.Ala14Arg,-0.0549563990124766,0.093101771290784,0.1182623,0.008739197
urn:mavedb:00001072-a-1#1227,NA,NA,p.Ala14Ser,-0.160151891279526,0.0934736373133346,0.1083879,0.008774103
urn:mavedb:00001072-a-1#1228,NA,NA,p.Ala14Thr,-0.0123621535715268,0.0748960498849757,0.1222605,0.007030278
urn:mavedb:00001072-a-1#1229,NA,NA,p.Ala14Val,-1.12152463577776,0.604103523341608,0.01814659,0.05670547
urn:mavedb:00001072-a-1#1230,NA,NA,p.Ala14Trp,-0.122596682928659,0.121384970288857,0.1119131,0.01139406
urn:mavedb:00001072-a-1#1231,NA,NA,p.Ala14Tyr,0.027256609714539,0.147230756151727,0.1259794,0.01382013
urn:mavedb:00001072-a-1#1232,NA,NA,p.Ala13Cys,-0.069162648398577,0.102964605079051,0.1169288,0.009664993
urn:mavedb:00001072-a-1#1233,NA,NA,p.Ala13Asp,0.441675329620142,0.182088002255102,0.1648797,0.01709208
urn:mavedb:00001072-a-1#1234,NA,NA,p.Ala13Glu,0.277925800232115,0.102095280627491,0.149509,0.009583392
urn:mavedb:00001072-a-1#1235,NA,NA,p.Ala13Phe,-0.498713287738393,0.184526661832884,0.07660811,0.01732099
urn:mavedb:00001072-a-1#1236,NA,NA,p.Ala13Gly,0.0850340172290323,0.0757749197429473,0.1314028,0.007112775
urn:mavedb:00001072-a-1#1237,NA,NA,p.Ala13His,-0.285682614810678,0.132568862756445,0.09660469,0.01244386
urn:mavedb:00001072-a-1#1238,NA,NA,p.Ala13Ile,-0.267570845345879,0.168597445282769,0.09830479,0.01582576
urn:mavedb:00001072-a-1#1239,NA,NA,p.Ala13Lys,0.300639819216821,0.0715027537858296,0.1516411,0.006711759
urn:mavedb:00001072-a-1#1240,NA,NA,p.Ala13Leu,-0.228214048068366,0.0642409154044749,0.1019991,0.006030111
urn:mavedb:00001072-a-1#1241,NA,NA,p.Ala13Met,-0.348429599538241,0.111609025266989,0.09071481,0.01047642
urn:mavedb:00001072-a-1#1242,NA,NA,p.Ala13Asn,0.0678437630037518,0.116601933328319,0.1297892,0.01094509
urn:mavedb:00001072-a-1#1243,NA,NA,p.Ala13Pro,-0.752866551596224,0.112540661194109,0.05275147,0.01056387
urn:mavedb:00001072-a-1#1244,NA,NA,p.Ala13Gln,0.396299493092045,0.11341274486471,0.1606204,0.01064573
urn:mavedb:00001072-a-1#1245,NA,NA,p.Ala13Arg,-0.129120797757341,0.0450747513986258,0.1113007,0.004231038
urn:mavedb:00001072-a-1#1246,NA,NA,p.Ala13Ser,0.285251047384633,0.0560789430678297,0.1501966,0.00526397
urn:mavedb:00001072-a-1#1247,NA,NA,p.Ala13Thr,0.170167110663007,0.0819442032643159,0.139394,0.007691868
urn:mavedb:00001072-a-1#1248,NA,NA,p.Ala13Val,-0.053742981835816,0.0836063504225227,0.1183762,0.007847889
urn:mavedb:00001072-a-1#1249,NA,NA,p.Ala13Trp,-0.308973726055785,0.076819886064495,0.09441842,0.007210863
urn:mavedb:00001072-a-1#1250,NA,NA,p.Ala13Tyr,-0.751794717512433,0.204705075705939,0.05285208,0.01921508
urn:mavedb:00001072-a-1#1251,NA,NA,p.Gln12Arg,-0.0604769677652903,0.0936648543888735,0.1177441,0.008792052
urn:mavedb:00001072-a-1#1252,NA,NA,p.Gln12Ser,-0.101612768856066,0.0728763441604804,0.1138828,0.006840694
urn:mavedb:00001072-a-1#1253,NA,NA,p.Gln12Thr,-0.160017659001862,0.0984899401430575,0.1084005,0.009244969
urn:mavedb:00001072-a-1#1254,NA,NA,p.Gln12Val,-0.219322757676435,0.0624221426156161,0.1028337,0.005859388
urn:mavedb:00001072-a-1#1255,NA,NA,p.Gln12Trp,-0.998437578901413,0.15842775224642,0.02970042,0.01487116
urn:mavedb:00001072-a-1#1256,NA,NA,p.Gln12Tyr,-0.615768521337712,0.13361576798867,0.06562047,0.01254213
urn:mavedb:00001072-a-1#1257,NA,NA,p.Ala11Cys,-0.221610033074407,0.141793922772122,0.102619,0.01330979
urn:mavedb:00001072-a-1#1258,NA,NA,p.Ala11Asp,NA,NA,NA,NA
urn:mavedb:00001072-a-1#1259,NA,NA,p.Ala11Glu,-0.686892132859273,0.113277979919277,0.0589443,0.01063308
urn:mavedb:00001072-a-1#1260,NA,NA,p.Ala11Phe,-0.349715352997865,0.480852617859668,0.09059412,0.04513626
urn:mavedb:00001072-a-1#1261,NA,NA,p.Ala11Gly,-0.271882151730627,0.0866892290528933,0.0979001,0.00813727
urn:mavedb:00001072-a-1#1262,NA,NA,p.Ala11His,-1.00468726329576,0.313784568273839,0.02911378,0.02945406
urn:mavedb:00001072-a-1#1263,NA,NA,p.Ala11Ile,-0.382413057434156,0.342653563323651,0.08752488,0.03216391
urn:mavedb:00001072-a-1#1264,NA,NA,p.Ala11Lys,-0.928446525589253,0.12256536206387,0.03627028,0.01150486
urn:mavedb:00001072-a-1#1265,NA,NA,p.Ala11Leu,-0.238203699398959,0.0619402167787364,0.1010614,0.005814151
urn:mavedb:00001072-a-1#1266,NA,NA,p.Ala11Met,-0.11900543683338,0.0774793287619075,0.1122502,0.007272763
urn:mavedb:00001072-a-1#1267,NA,NA,p.Ala11Asn,-1.04980635395944,0.311612242580311,0.02487858,0.02925015
urn:mavedb:00001072-a-1#1268,NA,NA,p.Ala11Pro,-0.965405891774267,0.160624261056638,0.03280101,0.01507734
urn:mavedb:00001072-a-1#1269,NA,NA,p.Ala11Gln,-0.542569316589384,0.113959261995199,0.07249147,0.01069703
urn:mavedb:00001072-a-1#1270,NA,NA,p.Ala11Arg,-1.05412256088765,0.105879224614705,0.02447343,0.00993858
urn:mavedb:00001072-a-1#1271,NA,NA,p.Ala11Ser,-0.229288971625214,0.0612721981302509,0.1018982,0.005751446
urn:mavedb:00001072-a-1#1272,NA,NA,p.Ala11Thr,-0.167476073096506,0.102187027323939,0.1077004,0.009592004
urn:mavedb:00001072-a-1#1273,NA,NA,p.Ala11Val,-0.0902456386761117,0.0724126781747052,0.1149498,0.006797171
urn:mavedb:00001072-a-1#1274,NA,NA,p.Ala11Trp,-0.125541270352969,0.0749817774356393,0.1116367,0.007038325
urn:mavedb:00001072-a-1#1275,NA,NA,p.Ala11Tyr,-0.32292685171829,0.118439210995456,0.09310868,0.01111755
urn:mavedb:00001072-a-1#1276,NA,NA,p.Trp10Tyr,0.0020028308095888,0.0925506625641305,0.1236089,0.008687466
urn:mavedb:00001072-a-1#1277,NA,NA,p.Val9Trp,-0.217309273511476,0.0681466805103469,0.1030227,0.006396734
urn:mavedb:00001072-a-1#1278,NA,NA,p.Val9Tyr,0.082716912436024,0.0874944948786125,0.1311853,0.008212858
urn:mavedb:00001072-a-1#1279,NA,NA,p.Met8Asn,-0.290905422280896,0.14078739375675,0.09611444,0.01321531
urn:mavedb:00001072-a-1#1280,NA,NA,p.Met8Pro,-1.09117386552951,0.1567593302619,0.02099553,0.01471455
urn:mavedb:00001072-a-1#1281,NA,NA,p.Met8Gln,0.159154737216879,0.0921268294740843,0.1383603,0.008647682
urn:mavedb:00001072-a-1#1282,NA,NA,p.Met8Arg,0.187639678805597,0.0669371944218179,0.1410341,0.006283203
urn:mavedb:00001072-a-1#1283,NA,NA,p.Met8Ser,0.0274845915194603,0.0642832731454266,0.1260008,0.006034087
urn:mavedb:00001072-a-1#1284,NA,NA,p.Met8Thr,-0.0690752908845417,0.0999062930861641,0.116937,0.009377918
urn:mavedb:00001072-a-1#1285,NA,NA,p.Met8Val,0.0715894827518981,0.0561457396060006,0.1301408,0.00527024
urn:mavedb:00001072-a-1#1286,NA,NA,p.Met8Trp,0.123761094670616,0.0611142621368884,0.135038,0.005736621
urn:mavedb:00001072-a-1#1287,NA,NA,p.Met8Tyr,-0.100816963209916,0.11195355477966,0.1139575,0.01050876
urn:mavedb:00001072-a-1#1288,NA,NA,p.Phe7Gly,-0.905013085516401,0.0938908333629852,0.03846991,0.008813264
urn:mavedb:00001072-a-1#1289,NA,NA,p.Phe7His,-1.30579237526572,0.349552569727809,0.0008499043,0.0328115
urn:mavedb:00001072-a-1#1290,NA,NA,p.Phe7Ile,0.177652158146077,0.0677728329636974,0.1400966,0.006361642
urn:mavedb:00001072-a-1#1291,NA,NA,p.Phe7Lys,-1.09495154534377,0.22110069615416,0.02064093,0.02075409
urn:mavedb:00001072-a-1#1292,NA,NA,p.Phe7Leu,0.217327384215605,0.0628955031547781,0.1438208,0.005903821
urn:mavedb:00001072-a-1#1293,NA,NA,p.Phe7Met,0.096412866099894,0.0752494749493806,0.1324709,0.007063453
urn:mavedb:00001072-a-1#1294,NA,NA,p.Phe7Asn,-0.965067115073497,0.304707802964914,0.03283281,0.02860205
urn:mavedb:00001072-a-1#1295,NA,NA,p.Phe7Pro,-0.765265885377993,0.116065430351878,0.05158758,0.01089473
urn:mavedb:00001072-a-1#1296,NA,NA,p.Phe7Gln,-0.50224434237583,0.0960619658807118,0.07627666,0.009017062
urn:mavedb:00001072-a-1#1297,NA,NA,p.Phe7Arg,-0.954564078547615,0.118751567374909,0.0338187,0.01114687
urn:mavedb:00001072-a-1#1298,NA,NA,p.Phe7Ser,-0.856346747115125,0.135696794426676,0.04303808,0.01273747
urn:mavedb:00001072-a-1#1299,NA,NA,p.Phe7Thr,-0.839284759288501,0.138723306153783,0.04463964,0.01302156
urn:mavedb:00001072-a-1#1300,NA,NA,p.Phe7Val,0.185141466971296,0.0671759041555969,0.1407996,0.00630561
urn:mavedb:00001072-a-1#1301,NA,NA,p.Phe7Trp,-0.176283201981013,0.108074561555833,0.1068737,0.01014465
urn:mavedb:00001072-a-1#1302,NA,NA,p.Phe7Tyr,-0.215339468103534,0.0851015488487238,0.1032076,0.007988239
urn:mavedb:00001072-a-1#1303,NA,NA,p.Ala6Cys,NA,NA,NA,NA
urn:mavedb:00001072-a-1#1304,NA,NA,p.Ala6Asp,NA,NA,NA,NA
urn:mavedb:00001072-a-1#1305,NA,NA,p.Ala6Glu,-0.658041781181359,0.530460499808559,0.0616524,0.04979281
urn:mavedb:00001072-a-1#1306,NA,NA,p.Ala6Phe,NA,NA,NA,NA
urn:mavedb:00001072-a-1#1307,NA,NA,p.Ala6Gly,-0.877369865535479,0.970131613682914,0.0410647,0.09106348
urn:mavedb:00001072-a-1#1308,NA,NA,p.Ala6His,NA,NA,NA,NA
urn:mavedb:00001072-a-1#1309,NA,NA,p.Ala6Ile,NA,NA,NA,NA
urn:mavedb:00001072-a-1#1310,NA,NA,p.Ala6Lys,NA,NA,NA,NA
urn:mavedb:00001072-a-1#1311,NA,NA,p.Ala6Leu,-0.897100945016541,0.747405428566376,0.0392126,0.07015681
urn:mavedb:00001072-a-1#1312,NA,NA,p.Ala6Met,NA,NA,NA,NA
urn:mavedb:00001072-a-1#1313,NA,NA,p.Ala6Asn,NA,NA,NA,NA
urn:mavedb:00001072-a-1#1314,NA,NA,p.Ala6Pro,NA,NA,NA,NA
urn:mavedb:00001072-a-1#1315,NA,NA,p.Ala6Gln,NA,NA,NA,NA
urn:mavedb:00001072-a-1#1316,NA,NA,p.Ala6Arg,NA,NA,NA,NA
urn:mavedb:00001072-a-1#1317,NA,NA,p.Ala6Ser,NA,NA,NA,NA
urn:mavedb:00001072-a-1#1318,NA,NA,p.Ala6Thr,NA,NA,NA,NA
urn:mavedb:00001072-a-1#1319,NA,NA,p.Ala6Val,NA,NA,NA,NA
urn:mavedb:00001072-a-1#1320,NA,NA,p.Ala6Trp,NA,NA,NA,NA
urn:mavedb:00001072-a-1#1321,NA,NA,p.Ala6Tyr,NA,NA,NA,NA
urn:mavedb:00001072-a-1#1322,NA,NA,p.Asn5Pro,-0.438391432827292,0.107139410021441,0.08227035,0.01005687
urn:mavedb:00001072-a-1#1323,NA,NA,p.Asn5Gln,-0.613784227366467,0.12314096285452,0.06580673,0.01155889
urn:mavedb:00001072-a-1#1324,NA,NA,p.Asn5Arg,-0.157380953547749,0.0763569338535296,0.108648,0.007167407
urn:mavedb:00001072-a-1#1325,NA,NA,p.Asn5Ser,-0.194638933283788,0.0718765480657022,0.1051507,0.006746846
urn:mavedb:00001072-a-1#1326,NA,NA,p.Asn5Thr,-0.0205993279437298,0.0903829923868992,0.1214873,0.008483993
urn:mavedb:00001072-a-1#1327,NA,NA,p.Asn5Val,-0.402536819594162,0.0722418516213448,0.08563592,0.006781136
urn:mavedb:00001072-a-1#1328,NA,NA,p.Asn5Trp,-0.494139802277986,0.136588373737604,0.07703741,0.01282116
urn:mavedb:00001072-a-1#1329,NA,NA,p.Asn5Tyr,-0.106891506441977,0.180413720925129,0.1133873,0.01693492
urn:mavedb:00001072-a-1#1330,NA,NA,p.Met4Asn,-0.235627718070456,0.121046619722301,0.1013032,0.0113623
urn:mavedb:00001072-a-1#1331,NA,NA,p.Met4Pro,-0.115352401276954,0.0787101641745983,0.1125931,0.007388298
urn:mavedb:00001072-a-1#1332,NA,NA,p.Met4Gln,-0.0894455716878132,0.0795531961451047,0.1150249,0.007467431
urn:mavedb:00001072-a-1#1333,NA,NA,p.Met4Arg,0.0158426047709561,0.059549752980649,0.124908,0.005589765
urn:mavedb:00001072-a-1#1334,NA,NA,p.Met4Ser,-0.265442198409369,0.0642484792867877,0.0985046,0.006030821
urn:mavedb:00001072-a-1#1335,NA,NA,p.Met4Thr,-0.0048696487396974,0.0593366326064691,0.1229638,0.00556976
urn:mavedb:00001072-a-1#1336,NA,NA,p.Met4Val,-0.149230071354044,0.0520943324788632,0.1094131,0.004889946
urn:mavedb:00001072-a-1#1337,NA,NA,p.Met4Trp,0.140251423448078,0.0767502876938618,0.1365859,0.00720433
urn:mavedb:00001072-a-1#1338,NA,NA,p.Met4Tyr,-0.234466502335109,0.0994021763100484,0.1014122,0.009330598
urn:mavedb:00001072-a-1#1339,NA,NA,p.Pro3Gln,-0.208656618279837,0.0919991703166838,0.1038349,0.008635699
urn:mavedb:00001072-a-1#1340,NA,NA,p.Pro3Arg,0.118319360747542,0.0620280643471187,0.1345272,0.005822397
urn:mavedb:00001072-a-1#1341,NA,NA,p.Pro3Ser,-0.0033131935201179,0.0667091273900536,0.1231099,0.006261795
urn:mavedb:00001072-a-1#1342,NA,NA,p.Pro3Thr,0.0531506552772354,0.0715200761416615,0.12841,0.006713385
urn:mavedb:00001072-a-1#1343,NA,NA,p.Pro3Val,-0.260836752882851,0.0667142623073421,0.0989369,0.006262277
urn:mavedb:00001072-a-1#1344,NA,NA,p.Pro3Trp,-0.0839601590077209,0.0783362527078166,0.1155398,0.0073532
urn:mavedb:00001072-a-1#1345,NA,NA,p.Pro3Tyr,-0.036722115960921,0.128866821765316,0.1199739,0.01209636
urn:mavedb:00001072-a-1#1346,NA,NA,p.Arg2Ser,-0.218363955693121,0.0845329153524865,0.1029237,0.007934863
urn:mavedb:00001072-a-1#1347,NA,NA,p.Arg2Thr,0.0308649011784101,0.0952145660345037,0.1263181,0.008937519
urn:mavedb:00001072-a-1#1348,NA,NA,p.Arg2Val,-0.673998909522544,0.0823540591521165,0.06015455,0.00773034
urn:mavedb:00001072-a-1#1349,NA,NA,p.Arg2Trp,-0.365670350667976,0.105593661424008,0.08909647,0.009911775
urn:mavedb:00001072-a-1#1350,NA,NA,p.Arg2Tyr,-0.294190384409283,0.249902788132247,0.09580609,0.02345766
urn:mavedb:00001072-a-1#1351,NA,NA,p.Lys1Leu,-0.439870864287545,0.0796277270192743,0.08213148,0.007474427
urn:mavedb:00001072-a-1#1352,NA,NA,p.Lys1Met,-0.342412371358071,0.101493334089011,0.09127963,0.009526889
urn:mavedb:00001072-a-1#1353,NA,NA,p.Lys1Asn,-0.0160556718783591,0.114439515255285,0.1219138,0.01074211
urn:mavedb:00001072-a-1#1354,NA,NA,p.Lys1Pro,NA,NA,NA,NA
urn:mavedb:00001072-a-1#1355,NA,NA,p.Lys1Gln,NA,NA,NA,NA
urn:mavedb:00001072-a-1#1356,NA,NA,p.Lys1Arg,-0.192322893826317,0.0752077351030403,0.1053681,0.007059535
urn:mavedb:00001072-a-1#1357,NA,NA,p.Lys1Ser,-0.27552187059284,0.0751948551963978,0.09755845,0.007058326
urn:mavedb:00001072-a-1#1358,NA,NA,p.Lys1Thr,-0.329390562022024,0.142764549979897,0.09250195,0.0134009
urn:mavedb:00001072-a-1#1359,NA,NA,p.Lys1Val,-0.523669198827193,0.134345416297972,0.07426557,0.01261062
urn:mavedb:00001072-a-1#1360,NA,NA,p.Lys1Trp,-0.358412006587183,0.0764727677864693,0.08977779,0.00717828
urn:mavedb:00001072-a-1#1361,NA,NA,p.Lys1Tyr,-0.638312832371371,0.164042922794921,0.0635043,0.01539824
