accession,hgvs_nt,hgvs_splice,hgvs_pro,score,sigma,raw_score,raw_sigma
urn:mavedb:00000713-a-1#1,NA,NA,p.Leu1Ter,-1.14021396265842,0.126604591058495,-0.01197862,0.01645309
urn:mavedb:00000713-a-1#2,NA,NA,p.Leu1Ala,-0.0841404600222947,0.0654110164651233,0.125265,0.008500587
urn:mavedb:00000713-a-1#3,NA,NA,p.Leu1Cys,0.003003312562572,0.0471988152014276,0.1365899,0.006133793
urn:mavedb:00000713-a-1#4,NA,NA,p.Leu1Asp,-0.0038682173333461,0.080523172800825,0.1356969,0.01046451
urn:mavedb:00000713-a-1#5,NA,NA,p.Leu1Glu,-0.109740563953684,0.0495531567803917,0.1219381,0.006439755
urn:mavedb:00000713-a-1#6,NA,NA,p.Leu1Phe,0.0750974343406784,0.0455541033632602,0.145959,0.005920052
urn:mavedb:00000713-a-1#7,NA,NA,p.Leu1Gly,-0.0433852853966036,0.0315684624068447,0.1305614,0.004102527
urn:mavedb:00000713-a-1#8,NA,NA,p.Leu1His,-0.352196071104441,0.299060061700883,0.09042943,0.0388648
urn:mavedb:00000713-a-1#9,NA,NA,p.Leu1Ile,0.0352056255093009,0.0523697838034288,0.1407748,0.006805794
urn:mavedb:00000713-a-1#10,NA,NA,p.Leu1Lys,-0.0625409253998502,0.0482393556607507,0.128072,0.006269018
urn:mavedb:00000713-a-1#11,NA,NA,p.Ser2Ter,-1.08438342092931,0.0869398582038568,-0.004723078,0.0112984
urn:mavedb:00000713-a-1#12,NA,NA,p.Ser2Ala,3.30879938996025e-05,0.0262689200164551,0.1362039,0.003413817
urn:mavedb:00000713-a-1#13,NA,NA,p.Ser2Cys,-0.089783117214542,0.0341780047573633,0.1245317,0.004441654
urn:mavedb:00000713-a-1#14,NA,NA,p.Ser2Asp,0.0647062652797061,0.0401724334940585,0.1446086,0.005220669
urn:mavedb:00000713-a-1#15,NA,NA,p.Ser2Glu,-0.0283571802602893,0.029730901428418,0.1325144,0.003863724
urn:mavedb:00000713-a-1#16,NA,NA,p.Ser2Phe,-0.0325785926913094,0.0385774075109168,0.1319658,0.005013385
urn:mavedb:00000713-a-1#17,NA,NA,p.Ser2Gly,0.0109705936983324,0.0218568745712789,0.1376253,0.002840443
urn:mavedb:00000713-a-1#18,NA,NA,p.Ser2His,-0.0230292437542045,0.0537017910145969,0.1332068,0.006978897
urn:mavedb:00000713-a-1#19,NA,NA,p.Ser2Ile,-0.07295825706065,0.0433969431432915,0.1267182,0.005639715
urn:mavedb:00000713-a-1#20,NA,NA,p.Ser2Lys,-0.0242988993340774,0.0333770213738741,0.1330418,0.004337561
urn:mavedb:00000713-a-1#21,NA,NA,p.Ser2Leu,-0.146141204684526,0.0253925267864037,0.1172076,0.003299924
urn:mavedb:00000713-a-1#22,NA,NA,p.Ser2Met,-0.0204837766886167,0.0331925442655597,0.1335376,0.004313587
urn:mavedb:00000713-a-1#23,NA,NA,p.Ser2Asn,0.0613551440370718,0.0453609618174735,0.1441731,0.005894952
urn:mavedb:00000713-a-1#24,NA,NA,p.Ser2Pro,-0.316990599492787,0.0403224375296588,0.09500461,0.005240163
urn:mavedb:00000713-a-1#25,NA,NA,p.Ser2Gln,-0.0845405939020122,0.0376818540239329,0.125213,0.004897002
urn:mavedb:00000713-a-1#26,NA,NA,p.Ser2Arg,-0.0692362424910467,0.0232037790745842,0.1272019,0.003015482
urn:mavedb:00000713-a-1#27,NA,NA,p.Gln3Ter,-1.10784074637576,0.114242147049329,-0.00777151,0.01484651
urn:mavedb:00000713-a-1#28,NA,NA,p.Gln3Ala,-0.0602401555914742,0.0243505089096786,0.128371,0.003164507
urn:mavedb:00000713-a-1#29,NA,NA,p.Gln3Cys,-0.146442074582544,0.0351817405946347,0.1171685,0.004572096
urn:mavedb:00000713-a-1#30,NA,NA,p.Gln3Asp,-0.0367115139758532,0.0367132453243713,0.1314287,0.004771125
urn:mavedb:00000713-a-1#31,NA,NA,p.Gln3Glu,0.0082581476867856,0.0288466594184184,0.1372728,0.003748811
urn:mavedb:00000713-a-1#32,NA,NA,p.Gln3Phe,-0.0221143222484657,0.040216078866477,0.1333257,0.005226341
urn:mavedb:00000713-a-1#33,NA,NA,p.Gln3Gly,-0.0509562800937973,0.0220139040344211,0.1295775,0.00286085
urn:mavedb:00000713-a-1#34,NA,NA,p.Gln3His,-0.129406374653571,0.052551152179293,0.1193824,0.006829364
urn:mavedb:00000713-a-1#35,NA,NA,p.Gln3Ile,-0.0035950490116159,0.0395215234001103,0.1357324,0.005136079
urn:mavedb:00000713-a-1#36,NA,NA,p.Gln3Lys,0.0443625354489906,0.0308051993364012,0.1419648,0.004003336
urn:mavedb:00000713-a-1#37,NA,NA,p.Gln3Leu,-0.0919953958764418,0.0262795928182083,0.1242442,0.003415204
urn:mavedb:00000713-a-1#38,NA,NA,p.Gln3Met,-0.0630526350729505,0.0308312695976413,0.1280055,0.004006724
urn:mavedb:00000713-a-1#39,NA,NA,p.Gln3Asn,-0.0676510967367812,0.0454269608229799,0.1274079,0.005903529
urn:mavedb:00000713-a-1#40,NA,NA,p.Gln3Pro,-0.069063107639246,0.0360774710639116,0.1272244,0.004688502
urn:mavedb:00000713-a-1#41,NA,NA,p.Asp4Ter,-1.23285903744764,0.121179622086578,-0.02401845,0.01574808
urn:mavedb:00000713-a-1#42,NA,NA,p.Asp4Ala,-0.267352529686189,0.0291825718104413,0.1014554,0.003792465
urn:mavedb:00000713-a-1#43,NA,NA,p.Asp4Cys,-0.247488191022905,0.0368576705703024,0.1040369,0.004789894
urn:mavedb:00000713-a-1#44,NA,NA,p.Gln5Ter,-1.00470972466025,0.0902542748579094,0.005631037,0.01172913
urn:mavedb:00000713-a-1#45,NA,NA,p.Gln5Ala,-0.0124041502712435,0.0263051552172164,0.1345876,0.003418526
urn:mavedb:00000713-a-1#46,NA,NA,p.Gln5Cys,-0.054427441500347,0.0347128529415465,0.1291264,0.004511161
urn:mavedb:00000713-a-1#47,NA,NA,p.Gln5Asp,-0.0484962262217649,0.0376031276830985,0.1298972,0.004886771
urn:mavedb:00000713-a-1#48,NA,NA,p.Gln5Glu,-0.395946016973349,0.0336944660483716,0.08474384,0.004378815
urn:mavedb:00000713-a-1#49,NA,NA,p.Gln5Phe,-0.0626363419403982,0.0393609235115799,0.1280596,0.005115208
urn:mavedb:00000713-a-1#50,NA,NA,p.Gln5Gly,-0.217624352807833,0.0218648079949325,0.1079179,0.002841474
urn:mavedb:00000713-a-1#51,NA,NA,p.Gln5His,-0.099908043347856,0.0482540682757127,0.1232159,0.00627093
urn:mavedb:00000713-a-1#52,NA,NA,p.Gln5Ile,-0.0147564757910444,0.0428630029552199,0.1342819,0.005570326
urn:mavedb:00000713-a-1#53,NA,NA,p.Gln5Lys,-0.0507869926831476,0.0314356641280723,0.1295995,0.004085269
urn:mavedb:00000713-a-1#54,NA,NA,p.Gln5Leu,-0.0105489141481686,0.0246325725153502,0.1348287,0.003201163
urn:mavedb:00000713-a-1#55,NA,NA,p.Gln5Met,0.022823790396734,0.0300798335612963,0.1391657,0.00390907
urn:mavedb:00000713-a-1#56,NA,NA,p.Gln5Asn,-0.0198250947635433,0.041038546361354,0.1336232,0.005333226
urn:mavedb:00000713-a-1#57,NA,NA,p.Gln5Pro,-0.219581930865528,0.0350099600421191,0.1076635,0.004549772
urn:mavedb:00000713-a-1#58,NA,NA,p.Ile6Ter,-1.01850900326218,0.085248446124997,0.003837731,0.01107859
urn:mavedb:00000713-a-1#59,NA,NA,p.Ile6Ala,-0.196061753620439,0.0254840189369776,0.1107201,0.003311814
urn:mavedb:00000713-a-1#60,NA,NA,p.Ile6Cys,-0.349411524045723,0.0338437082906239,0.0907913,0.00439821
urn:mavedb:00000713-a-1#61,NA,NA,p.Ile6Asp,-0.0988199869903164,0.0331129637927898,0.1233573,0.004303245
urn:mavedb:00000713-a-1#62,NA,NA,p.Ile6Glu,-0.0289089033213615,0.0274311011752123,0.1324427,0.00356485
urn:mavedb:00000713-a-1#63,NA,NA,p.Ile6Phe,-0.048040689189471,0.0391319238142646,0.1299564,0.005085448
urn:mavedb:00000713-a-1#64,NA,NA,p.Ile6Gly,-0.109335813144585,0.0203658064480407,0.1219907,0.002646669
urn:mavedb:00000713-a-1#65,NA,NA,p.Ile6His,-0.105400650335209,0.0456208026030562,0.1225021,0.00592872
urn:mavedb:00000713-a-1#66,NA,NA,p.Asn7Ter,-1.17310050453947,0.110827850822993,-0.01625244,0.0144028
urn:mavedb:00000713-a-1#67,NA,NA,p.Asn7Ala,-0.0076971907669509,0.0235322659051854,0.1351993,0.003058171
urn:mavedb:00000713-a-1#68,NA,NA,p.Asn7Cys,-0.0880787007845914,0.0378768500363545,0.1247532,0.004922343
urn:mavedb:00000713-a-1#69,NA,NA,p.Asn7Asp,-0.0216680190749346,0.0336691114111856,0.1333837,0.00437552
urn:mavedb:00000713-a-1#70,NA,NA,p.Asn7Glu,-0.0531616333616253,0.0256770219748829,0.1292909,0.003336896
urn:mavedb:00000713-a-1#71,NA,NA,p.Asn7Phe,-0.0783631423897575,0.0501392990500018,0.1260158,0.006515928
urn:mavedb:00000713-a-1#72,NA,NA,p.Asn7Gly,-0.127229492450261,0.0202461125538291,0.1196653,0.002631114
urn:mavedb:00000713-a-1#73,NA,NA,p.Asn7His,-0.0128689211622999,0.0448771614824835,0.1345272,0.005832079
urn:mavedb:00000713-a-1#74,NA,NA,p.Asn7Ile,0.0165101394677295,0.0435378826075397,0.1383452,0.005658031
urn:mavedb:00000713-a-1#75,NA,NA,p.Asn7Lys,0.0394285769167813,0.0295866993340737,0.1413236,0.003844984
urn:mavedb:00000713-a-1#76,NA,NA,p.Asn7Leu,-0.0416208488846952,0.0248437739499003,0.1307907,0.00322861
urn:mavedb:00000713-a-1#77,NA,NA,p.Asn7Met,-0.0153574460988509,0.0286423525984111,0.1342038,0.00372226
urn:mavedb:00000713-a-1#78,NA,NA,p.Glu8Ter,-1.0229863397837,0.0904194839809389,0.003255872,0.0117506
urn:mavedb:00000713-a-1#79,NA,NA,p.Glu8Ala,-0.000915690993969,0.0256497513120037,0.1360806,0.003333352
urn:mavedb:00000713-a-1#80,NA,NA,p.Glu8Cys,-0.0450004411918479,0.0341751422611469,0.1303515,0.004441282
urn:mavedb:00000713-a-1#81,NA,NA,p.Glu8Asp,0.0079618947181486,0.0360832960898144,0.1372343,0.004689259
urn:mavedb:00000713-a-1#82,NA,NA,p.Tyr9Ter,-1.03378856945725,0.0876948031065316,0.001852052,0.01139651
urn:mavedb:00000713-a-1#83,NA,NA,p.Tyr9Ala,0.0289065948566707,0.0247820609938362,0.1399562,0.00322059
urn:mavedb:00000713-a-1#84,NA,NA,p.Tyr9Cys,0.0430390156930018,0.0321028258134428,0.1417928,0.004171971
urn:mavedb:00000713-a-1#85,NA,NA,p.Tyr9Asp,-0.59224585025222,0.0499379932340924,0.0592334,0.006489767
urn:mavedb:00000713-a-1#86,NA,NA,p.Tyr9Glu,-0.302445348220939,0.0297278542550264,0.09689486,0.003863328
urn:mavedb:00000713-a-1#87,NA,NA,p.Tyr9Phe,0.0034588495948659,0.0345759455956247,0.1366491,0.004493369
urn:mavedb:00000713-a-1#88,NA,NA,p.Tyr9Gly,-0.216357775180881,0.021444282677114,0.1080825,0.002786824
urn:mavedb:00000713-a-1#89,NA,NA,p.Tyr9His,-0.118131063616069,0.042995385710348,0.1208477,0.00558753
urn:mavedb:00000713-a-1#90,NA,NA,p.Tyr9Ile,0.0278423926342681,0.0357192512080945,0.1398179,0.004641949
urn:mavedb:00000713-a-1#91,NA,NA,p.Tyr9Lys,-0.351462671872213,0.0377673287765464,0.09052474,0.00490811
urn:mavedb:00000713-a-1#92,NA,NA,p.Tyr9Leu,-0.0054549020640723,0.0239327152750773,0.1354907,0.003110212
urn:mavedb:00000713-a-1#93,NA,NA,p.Tyr9Met,0.0607580211704163,0.0276373624953244,0.1440955,0.003591655
urn:mavedb:00000713-a-1#94,NA,NA,p.Tyr9Asn,-0.40133035696671,0.0470971196369209,0.08404411,0.006120577
urn:mavedb:00000713-a-1#95,NA,NA,p.Tyr9Pro,-0.244504885154318,0.0370794524680181,0.1044246,0.004818716
urn:mavedb:00000713-a-1#96,NA,NA,p.Tyr9Gln,-0.231628269109716,0.0349634521734842,0.106098,0.004543728
urn:mavedb:00000713-a-1#97,NA,NA,p.Tyr9Arg,-0.352232929590669,0.0242621101017902,0.09042464,0.003153019
urn:mavedb:00000713-a-1#98,NA,NA,p.Tyr9Ser,-0.092925707146785,0.0247873781575071,0.1241233,0.003221281
urn:mavedb:00000713-a-1#99,NA,NA,p.Tyr9Thr,-0.0544351363826492,0.0311208357135576,0.1291254,0.004044355
urn:mavedb:00000713-a-1#100,NA,NA,p.Tyr9Val,-0.0229515254429516,0.0227657863739396,0.1332169,0.002958562
urn:mavedb:00000713-a-1#101,NA,NA,p.Tyr9Trp,0.0327601919136426,0.0246006618384427,0.140457,0.003197016
urn:mavedb:00000713-a-1#102,NA,NA,p.Lys10Ter,-1.01010525301248,0.0849947458554915,0.004929853,0.01104562
urn:mavedb:00000713-a-1#103,NA,NA,p.Lys10Ala,-0.0138700253498241,0.0238606911767282,0.1343971,0.003100852
urn:mavedb:00000713-a-1#104,NA,NA,p.Lys10Cys,-0.0699503275686965,0.0340333101905516,0.1271091,0.00442285
urn:mavedb:00000713-a-1#105,NA,NA,p.Lys10Asp,-0.156788613326164,0.0399433645428025,0.1158239,0.0051909
urn:mavedb:00000713-a-1#106,NA,NA,p.Lys10Glu,-0.0083120118629015,0.0273513052457379,0.1351194,0.00355448
urn:mavedb:00000713-a-1#107,NA,NA,p.Lys10Phe,-0.0336943506251371,0.0483449910049962,0.1318208,0.006282746
urn:mavedb:00000713-a-1#108,NA,NA,p.Lys10Gly,-0.0840819789167973,0.0201147378282826,0.1252726,0.002614041
urn:mavedb:00000713-a-1#109,NA,NA,p.Lys10His,0.0335466088849336,0.0398067726870551,0.1405592,0.005173149
urn:mavedb:00000713-a-1#110,NA,NA,p.Lys10Ile,-0.0620761545087936,0.0452573425323912,0.1281324,0.005881486
urn:mavedb:00000713-a-1#111,NA,NA,p.Glu11Ter,-1.04110929118552,0.086266479053586,0.0009006766,0.01121089
urn:mavedb:00000713-a-1#112,NA,NA,p.Glu11Ala,-0.0312189069885,0.0246312028263004,0.1321425,0.003200985
urn:mavedb:00000713-a-1#113,NA,NA,p.Glu11Cys,-0.105564551328247,0.0351658275780336,0.1224808,0.004570028
urn:mavedb:00000713-a-1#114,NA,NA,p.Glu11Asp,0.0072439621993478,0.0345660807565132,0.137141,0.004492087
urn:mavedb:00000713-a-1#115,NA,NA,p.Cys12Ter,-1.19599254854222,0.160657292352448,-0.01922741,0.02087846
urn:mavedb:00000713-a-1#116,NA,NA,p.Cys12Ala,0.0467071660864892,0.0413966507939366,0.1422695,0.005379764
urn:mavedb:00000713-a-1#117,NA,NA,p.Phe13Ter,-1.05886397475422,0.0870423540361229,-0.00140666,0.01131172
urn:mavedb:00000713-a-1#118,NA,NA,p.Phe13Ala,-0.823894279953568,0.0402514830199497,0.02912918,0.005230942
urn:mavedb:00000713-a-1#119,NA,NA,p.Phe13Cys,-0.758088031248754,0.0613499653812824,0.03768113,0.007972827
urn:mavedb:00000713-a-1#120,NA,NA,p.Phe13Asp,-0.871939970816536,0.0871693195941102,0.02288533,0.01132822
urn:mavedb:00000713-a-1#121,NA,NA,p.Phe13Glu,-0.956837299462081,0.057895509564211,0.01185237,0.007523898
urn:mavedb:00000713-a-1#122,NA,NA,p.Ser14Ter,-1.08211720883736,0.139946285789445,-0.004428569,0.01818693
urn:mavedb:00000713-a-1#123,NA,NA,p.Ser14Ala,-0.138157764295931,0.0236713201232696,0.1182451,0.003076242
urn:mavedb:00000713-a-1#124,NA,NA,p.Ser14Cys,-0.109252708415721,0.0345940593485642,0.1220015,0.004495723
urn:mavedb:00000713-a-1#125,NA,NA,p.Ser14Asp,-0.0621769574669533,0.0321127445167305,0.1281193,0.00417326
urn:mavedb:00000713-a-1#126,NA,NA,p.Ser14Glu,-0.0521343665742735,0.0291956838898843,0.1294244,0.003794169
urn:mavedb:00000713-a-1#127,NA,NA,p.Ser14Phe,-0.1653560952815,0.0403254154491098,0.1147105,0.00524055
urn:mavedb:00000713-a-1#128,NA,NA,p.Ser14Gly,-0.159940437117169,0.0230487502808406,0.1154143,0.002995335
urn:mavedb:00000713-a-1#129,NA,NA,p.Ser14His,-0.0453451719189893,0.0410357146446668,0.1303067,0.005332858
urn:mavedb:00000713-a-1#130,NA,NA,p.Ser14Ile,-0.139585164963,0.0389592198758727,0.1180596,0.005063004
urn:mavedb:00000713-a-1#131,NA,NA,p.Ser14Lys,-0.0170364694172041,0.0349738248748276,0.1339856,0.004545076
urn:mavedb:00000713-a-1#132,NA,NA,p.Ser14Leu,-0.0498597593657253,0.0305740912413351,0.12972,0.003973302
urn:mavedb:00000713-a-1#133,NA,NA,p.Ser14Met,-0.0447372762171107,0.0342189184465644,0.1303857,0.004446971
urn:mavedb:00000713-a-1#134,NA,NA,p.Ser14Asn,-0.150191021240206,0.0390096521344817,0.1166813,0.005069558
urn:mavedb:00000713-a-1#135,NA,NA,p.Ser14Pro,-0.839310361055562,0.0759561909004929,0.02712576,0.009871001
urn:mavedb:00000713-a-1#136,NA,NA,p.Ser14Gln,-0.0394231904991697,0.0420745622298834,0.1310763,0.005467863
urn:mavedb:00000713-a-1#137,NA,NA,p.Ser14Arg,-0.0791203188082999,0.0240186132462175,0.1259174,0.003121375
urn:mavedb:00000713-a-1#138,NA,NA,p.Leu15Ter,-0.855115880150874,0.0630992352801729,0.02507173,0.008200156
urn:mavedb:00000713-a-1#139,NA,NA,p.Leu15Ala,-0.0315836444096271,0.0230428175265856,0.1320951,0.002994564
urn:mavedb:00000713-a-1#140,NA,NA,p.Leu15Cys,-0.004132921284544,0.0301994120322735,0.1356625,0.00392461
urn:mavedb:00000713-a-1#141,NA,NA,p.Leu15Asp,-0.0307418242857598,0.0308189500910753,0.1322045,0.004005123
urn:mavedb:00000713-a-1#142,NA,NA,p.Leu15Glu,0.0072947484225427,0.0231590333339966,0.1371476,0.003009667
urn:mavedb:00000713-a-1#143,NA,NA,p.Leu15Phe,0.0159214809716065,0.0332251243972275,0.1382687,0.004317821
urn:mavedb:00000713-a-1#144,NA,NA,p.Leu15Gly,-0.0631272754312824,0.0186688771385702,0.1279958,0.002426142
urn:mavedb:00000713-a-1#145,NA,NA,p.Leu15His,-0.0035257950708955,0.0394121637328306,0.1357414,0.005121867
urn:mavedb:00000713-a-1#146,NA,NA,p.Leu15Ile,-0.0013735364909534,0.0387788980040015,0.1360211,0.00503957
urn:mavedb:00000713-a-1#147,NA,NA,p.Leu15Lys,0.056054909107275,0.0272397756216489,0.1434843,0.003539986
urn:mavedb:00000713-a-1#148,NA,NA,p.Tyr16Ter,-1.24743691502045,0.10727920195166,-0.02591294,0.01394163
urn:mavedb:00000713-a-1#149,NA,NA,p.Tyr16Ala,-0.253358616731299,0.0244359605776452,0.103274,0.003175612
urn:mavedb:00000713-a-1#150,NA,NA,p.Tyr16Cys,-0.123308180429029,0.0307959808674031,0.1201749,0.004002138
urn:mavedb:00000713-a-1#151,NA,NA,p.Tyr16Asp,-0.596947731134193,0.0426828580656417,0.05862236,0.005546915
urn:mavedb:00000713-a-1#152,NA,NA,p.Tyr16Glu,-0.551824017927863,0.0317100713258532,0.06448648,0.00412093
urn:mavedb:00000713-a-1#153,NA,NA,p.Tyr16Phe,-0.0226698927506889,0.0344664243358166,0.1332535,0.004479136
urn:mavedb:00000713-a-1#154,NA,NA,p.Tyr16Gly,-0.473965121175373,0.0220468535204394,0.07460475,0.002865132
urn:mavedb:00000713-a-1#155,NA,NA,p.Tyr16His,-0.0455513947646898,0.062258161559889,0.1302799,0.008090853
urn:mavedb:00000713-a-1#156,NA,NA,p.Tyr16Ile,-0.152016247322302,0.0385290528705294,0.1164441,0.005007101
urn:mavedb:00000713-a-1#157,NA,NA,p.Tyr16Lys,-0.32162630438696,0.0334073007357335,0.09440217,0.004341496
urn:mavedb:00000713-a-1#158,NA,NA,p.Tyr16Leu,-0.0619322602097414,0.0214936607368476,0.1281511,0.002793241
urn:mavedb:00000713-a-1#159,NA,NA,p.Tyr16Met,-0.0782738817550513,0.027628721142499,0.1260274,0.003590532
urn:mavedb:00000713-a-1#160,NA,NA,p.Tyr16Asn,-0.183729935242837,0.0393006264138594,0.1123227,0.005107372
urn:mavedb:00000713-a-1#161,NA,NA,p.Tyr16Pro,-0.750422620345711,0.0575941087193138,0.0386773,0.007484729
urn:mavedb:00000713-a-1#162,NA,NA,p.Tyr16Gln,-0.203739707181634,0.0392568733130887,0.1097223,0.005101686
urn:mavedb:00000713-a-1#163,NA,NA,p.Tyr16Arg,-0.257900905754323,0.0216819083374901,0.1026837,0.002817705
urn:mavedb:00000713-a-1#164,NA,NA,p.Tyr16Ser,-0.351392417596793,0.0262218196418829,0.09053387,0.003407696
urn:mavedb:00000713-a-1#165,NA,NA,p.Tyr16Thr,-0.415503714576889,0.0641317115028433,0.08220219,0.008334333
urn:mavedb:00000713-a-1#166,NA,NA,p.Tyr16Val,-0.209587048243122,0.0218912860849346,0.1089624,0.002844915
urn:mavedb:00000713-a-1#167,NA,NA,p.Tyr16Trp,-0.0361043877622049,0.0230529516865776,0.1315076,0.002995881
urn:mavedb:00000713-a-1#168,NA,NA,p.Asp17Ter,-1.03597347742281,0.0816336982146872,0.001568109,0.01060883
urn:mavedb:00000713-a-1#169,NA,NA,p.Asp17Ala,-0.127284895602837,0.0235302883204337,0.1196581,0.003057914
urn:mavedb:00000713-a-1#170,NA,NA,p.Asp17Cys,-0.182394103675165,0.0387668785978454,0.1124963,0.005038008
urn:mavedb:00000713-a-1#171,NA,NA,p.Lys18Ter,-1.19782623899485,0.105210971486459,-0.01946571,0.01367285
urn:mavedb:00000713-a-1#172,NA,NA,p.Lys18Ala,-0.104870472944584,0.0239917350223357,0.122571,0.003117882
urn:mavedb:00000713-a-1#173,NA,NA,p.Lys18Cys,-0.0796805062399046,0.033289645985332,0.1258446,0.004326206
urn:mavedb:00000713-a-1#174,NA,NA,p.Lys18Asp,-0.161987275809571,0.0369291406371258,0.1151483,0.004799182
urn:mavedb:00000713-a-1#175,NA,NA,p.Lys18Glu,-0.0699564834745383,0.0275107278172761,0.1271083,0.003575198
urn:mavedb:00000713-a-1#176,NA,NA,p.Lys18Phe,-0.13451269854935,0.0362924122112607,0.1187188,0.004716435
urn:mavedb:00000713-a-1#177,NA,NA,p.Lys18Gly,-0.110047589757544,0.0208342093235439,0.1218982,0.002707541
urn:mavedb:00000713-a-1#178,NA,NA,p.Lys18His,-0.126997107004733,0.0496478038327095,0.1196955,0.006452055
urn:mavedb:00000713-a-1#179,NA,NA,p.Lys18Ile,-0.0598915774231819,0.0424623458235058,0.1284163,0.005518258
urn:mavedb:00000713-a-1#180,NA,NA,p.Gln19Ter,-1.16979101261009,0.0991908033684623,-0.01582235,0.01289049
urn:mavedb:00000713-a-1#181,NA,NA,p.Gln19Ala,-0.0796397233637027,0.0231531698336823,0.1258499,0.003008905
urn:mavedb:00000713-a-1#182,NA,NA,p.Gln19Cys,-0.0884580584820927,0.0307825686875503,0.1247039,0.004000395
urn:mavedb:00000713-a-1#183,NA,NA,p.Gln19Asp,-0.197988552148925,0.0322411797972375,0.1104697,0.004189951
urn:mavedb:00000713-a-1#184,NA,NA,p.Gln19Glu,-0.0592405903804107,0.0241551743224357,0.1285009,0.003139122
urn:mavedb:00000713-a-1#185,NA,NA,p.Gln19Phe,-0.135909319687211,0.0352486014269591,0.1185373,0.004580785
urn:mavedb:00000713-a-1#186,NA,NA,p.Gln19Gly,-0.0742386854757462,0.0198120750226878,0.1265518,0.002574708
urn:mavedb:00000713-a-1#187,NA,NA,p.Gln19His,0.0487178388320699,0.037935415785557,0.1425308,0.004929954
urn:mavedb:00000713-a-1#188,NA,NA,p.Gln19Ile,-0.294061389208512,0.0395877455572036,0.09798441,0.005144685
urn:mavedb:00000713-a-1#189,NA,NA,p.Gln19Lys,0.0081034805525102,0.0300333333875438,0.1372527,0.003903027
urn:mavedb:00000713-a-1#190,NA,NA,p.Gln19Leu,-0.0824352741041137,0.0233327991661462,0.1254866,0.003032249
urn:mavedb:00000713-a-1#191,NA,NA,p.Gln19Met,-0.0067060899264197,0.0284643930554067,0.1353281,0.003699133
urn:mavedb:00000713-a-1#192,NA,NA,p.Gln19Asn,-0.0584957257735519,0.0421538041278321,0.1285977,0.005478161
urn:mavedb:00000713-a-1#193,NA,NA,p.Gln19Pro,-0.0784185455423339,0.0346371276048099,0.1260086,0.00450132
urn:mavedb:00000713-a-1#194,NA,NA,p.Gln20Ter,-1.30171338293003,0.134347643323967,-0.03296652,0.01745935
urn:mavedb:00000713-a-1#195,NA,NA,p.Gln20Ala,-0.0829446753125234,0.0231223672198263,0.1254204,0.003004902
urn:mavedb:00000713-a-1#196,NA,NA,p.Gln20Cys,-0.0021776516915396,0.0326388897890298,0.1359166,0.004241636
urn:mavedb:00000713-a-1#197,NA,NA,p.Gln20Asp,-0.108252373716427,0.0359660645579395,0.1221315,0.004674024
urn:mavedb:00000713-a-1#198,NA,NA,p.Gln20Glu,-0.0337466758247925,0.0254911674826364,0.131814,0.003312743
urn:mavedb:00000713-a-1#199,NA,NA,p.Gln20Phe,-0.116039594606314,0.0481330277770981,0.1211195,0.0062552
urn:mavedb:00000713-a-1#200,NA,NA,p.Gln20Gly,-0.006539880468691,0.0200755708773641,0.1353497,0.002608951
urn:mavedb:00000713-a-1#201,NA,NA,p.Gln20His,-0.0353433639025115,0.0439626170259775,0.1316065,0.005713228
urn:mavedb:00000713-a-1#202,NA,NA,p.Gln20Ile,-0.144466028807324,0.0462576772316851,0.1174253,0.006011486
urn:mavedb:00000713-a-1#203,NA,NA,p.Gln20Lys,-0.0488855872662591,0.0338695323156303,0.1298466,0.004401566
urn:mavedb:00000713-a-1#204,NA,NA,p.Gln20Leu,-0.0833863615566731,0.0232053334408093,0.125363,0.003015684
urn:mavedb:00000713-a-1#205,NA,NA,p.Gln20Met,-0.115636382773676,0.0300884979987687,0.1211719,0.003910196
urn:mavedb:00000713-a-1#206,NA,NA,p.Gln20Asn,0.0224898325048159,0.0554672355560868,0.1391223,0.007208328
urn:mavedb:00000713-a-1#207,NA,NA,p.Gln20Pro,-0.563258766926668,0.0430730886318362,0.06300046,0.005597628
urn:mavedb:00000713-a-1#208,NA,NA,p.Arg21Ter,-1.05602761805296,0.116824934294083,-0.001038057,0.01518216
urn:mavedb:00000713-a-1#209,NA,NA,p.Arg21Ala,-0.0927972026123373,0.0244803677434115,0.12414,0.003181383
urn:mavedb:00000713-a-1#210,NA,NA,p.Arg21Cys,-0.100436681762021,0.0565609630418831,0.1231472,0.007350465
urn:mavedb:00000713-a-1#211,NA,NA,p.Arg21Asp,-0.0426681223660328,0.0406148892264385,0.1306546,0.005278169
urn:mavedb:00000713-a-1#212,NA,NA,p.Arg21Glu,-0.0281609607615818,0.0267725885375495,0.1325399,0.003479272
urn:mavedb:00000713-a-1#213,NA,NA,p.Arg21Phe,-0.336452034118725,0.0554707675070635,0.09247547,0.007208787
urn:mavedb:00000713-a-1#214,NA,NA,p.Arg21Gly,-0.0782608004551375,0.0212882535486711,0.1260291,0.002766547
urn:mavedb:00000713-a-1#215,NA,NA,p.Arg21His,-0.064538516845517,0.0596891943237502,0.1278124,0.007756999
urn:mavedb:00000713-a-1#216,NA,NA,p.Arg21Ile,-0.0085236211262137,0.042374239421145,0.1350919,0.005506808
urn:mavedb:00000713-a-1#217,NA,NA,p.Arg21Lys,-0.0020283709748758,0.0304648393024076,0.135936,0.003959104
urn:mavedb:00000713-a-1#218,NA,NA,p.Arg21Leu,-0.0704197153891344,0.0237494462632844,0.1270481,0.003086395
urn:mavedb:00000713-a-1#219,NA,NA,p.Arg21Met,-0.0676018494900466,0.0290804761120549,0.1274143,0.003779197
urn:mavedb:00000713-a-1#220,NA,NA,p.Arg21Asn,0.0206746097697127,0.0485688197414043,0.1388864,0.006311834
urn:mavedb:00000713-a-1#221,NA,NA,p.Arg21Pro,-0.350153618494953,0.0394979078063247,0.09069486,0.00513301
urn:mavedb:00000713-a-1#222,NA,NA,p.Arg21Gln,-0.0558848522083951,0.031047272638748,0.128937,0.004034795
urn:mavedb:00000713-a-1#223,NA,NA,p.Gly22Ter,-1.10617138013469,0.0841848594931786,-0.007554565,0.01094037
urn:mavedb:00000713-a-1#224,NA,NA,p.Gly22Ala,-0.175653386778385,0.024176896975175,0.1133723,0.003141945
urn:mavedb:00000713-a-1#225,NA,NA,p.Gly22Cys,-0.282854716521146,0.0380452294508925,0.09944079,0.004944225
urn:mavedb:00000713-a-1#226,NA,NA,p.Gly22Asp,-0.0760123558464171,0.0375204153932315,0.1263213,0.004876022
urn:mavedb:00000713-a-1#227,NA,NA,p.Gly22Glu,-0.108508613297092,0.0257791407579162,0.1220982,0.003350167
urn:mavedb:00000713-a-1#228,NA,NA,p.Gly22Phe,-0.510330596294093,0.0458192228381023,0.06987882,0.005954506
urn:mavedb:00000713-a-1#229,NA,NA,p.Lys23Ter,-1.09606606056149,0.0764907005098548,-0.006241313,0.009940464
urn:mavedb:00000713-a-1#230,NA,NA,p.Lys23Ala,-0.0006440616486991,0.0217355724466661,0.1361159,0.002824679
urn:mavedb:00000713-a-1#231,NA,NA,p.Lys23Cys,0.0006494480663106,0.0298352748119659,0.136284,0.003877288
urn:mavedb:00000713-a-1#232,NA,NA,p.Lys23Asp,-0.424292886091353,0.037875157162248,0.08105998,0.004922123
urn:mavedb:00000713-a-1#233,NA,NA,p.Lys23Glu,-0.111606572911982,0.0236302756210693,0.1216956,0.003070908
urn:mavedb:00000713-a-1#234,NA,NA,p.Lys23Phe,-0.0359597239749226,0.0349101958930703,0.1315264,0.004536807
urn:mavedb:00000713-a-1#235,NA,NA,p.Lys23Gly,-0.251583407384168,0.0201428241486858,0.1035047,0.002617691
urn:mavedb:00000713-a-1#236,NA,NA,p.Lys23His,-0.041129145905581,0.0390242262415622,0.1308546,0.005071452
urn:mavedb:00000713-a-1#237,NA,NA,p.Lys23Ile,-0.0656158003678334,0.0417217287916779,0.1276724,0.00542201
urn:mavedb:00000713-a-1#238,NA,NA,p.Ile24Ter,-0.959845998442264,0.0689831193377139,0.01146137,0.008964805
urn:mavedb:00000713-a-1#239,NA,NA,p.Ile24Ala,-0.727131904490876,0.0353331374039317,0.04170408,0.004591771
urn:mavedb:00000713-a-1#240,NA,NA,p.Ile24Cys,-0.316898491751628,0.0679704805216187,0.09501658,0.008833206
urn:mavedb:00000713-a-1#241,NA,NA,p.Ile24Asp,-1.01057550265973,0.104035270419496,0.004868741,0.01352006
urn:mavedb:00000713-a-1#242,NA,NA,p.Ile24Glu,-1.08041651673044,0.065989233005962,-0.004207553,0.00857573
urn:mavedb:00000713-a-1#243,NA,NA,p.Ile24Phe,-0.334744924479969,0.0456303904264048,0.09269732,0.005929966
urn:mavedb:00000713-a-1#244,NA,NA,p.Ile24Gly,-1.04477382267586,0.043769098430958,0.0004244469,0.005688079
urn:mavedb:00000713-a-1#245,NA,NA,p.Ile24His,-1.16103169723896,0.160427830962194,-0.01468402,0.02084864
urn:mavedb:00000713-a-1#246,NA,NA,p.Lys25Ter,-1.06083848155298,0.0790144372278209,-0.00166326,0.01026844
urn:mavedb:00000713-a-1#247,NA,NA,p.Lys25Ala,-0.0211824720016619,0.0231397268743002,0.1334468,0.003007158
urn:mavedb:00000713-a-1#248,NA,NA,p.Lys25Cys,-0.0305902351044054,0.0307709494152738,0.1322242,0.003998885
urn:mavedb:00000713-a-1#249,NA,NA,p.Lys25Asp,-0.0383789949707531,0.0326500242837212,0.131212,0.004243083
urn:mavedb:00000713-a-1#250,NA,NA,p.Lys25Glu,0.0107535980174086,0.0253351383541935,0.1375971,0.003292466
urn:mavedb:00000713-a-1#251,NA,NA,p.Lys25Phe,-0.0087444642482885,0.0390006799017173,0.1350632,0.005068392
urn:mavedb:00000713-a-1#252,NA,NA,p.Lys25Gly,-0.0289127507625125,0.0205387950970779,0.1324422,0.00266915
urn:mavedb:00000713-a-1#253,NA,NA,p.Lys25His,0.0259971598581862,0.0373267121210367,0.1395781,0.004850849
urn:mavedb:00000713-a-1#254,NA,NA,p.Lys25Ile,-0.0955173435061863,0.0390099368451269,0.1237865,0.005069595
urn:mavedb:00000713-a-1#255,NA,NA,p.Ala26Ter,-1.06108809583998,0.106628368806535,-0.001695699,0.01385705
urn:mavedb:00000713-a-1#256,NA,NA,p.Thr27Ter,-1.12484992204544,0.128002520326346,-0.009981963,0.01663476
urn:mavedb:00000713-a-1#257,NA,NA,p.Thr27Ala,-0.0232331581352143,0.027367626091101,0.1331803,0.003556601
urn:mavedb:00000713-a-1#258,NA,NA,p.Thr27Cys,-0.0506877287014486,0.0371568322044497,0.1296124,0.004828772
urn:mavedb:00000713-a-1#259,NA,NA,p.Thr27Asp,-0.0007448646068588,0.03943816474013,0.1361028,0.005125246
urn:mavedb:00000713-a-1#260,NA,NA,p.Thr27Glu,-0.0028717300752034,0.0285744683467406,0.1358264,0.003713438
urn:mavedb:00000713-a-1#261,NA,NA,p.Thr27Phe,-0.112408379647878,0.0412650836963326,0.1215914,0.005362666
urn:mavedb:00000713-a-1#262,NA,NA,p.Thr27Gly,0.002196119409065,0.0222545922579535,0.136485,0.002892129
urn:mavedb:00000713-a-1#263,NA,NA,p.Thr27His,-0.0893491258526946,0.0485587779199998,0.1245881,0.006310529
urn:mavedb:00000713-a-1#264,NA,NA,p.Thr27Ile,-0.101244644403759,0.0479739437803812,0.1230422,0.006234526
urn:mavedb:00000713-a-1#265,NA,NA,p.Thr27Lys,-0.0388922436203139,0.0319381707219391,0.1311453,0.004150573
urn:mavedb:00000713-a-1#266,NA,NA,p.Thr27Leu,-0.0293305828715253,0.0249256167180672,0.1323879,0.003239246
urn:mavedb:00000713-a-1#267,NA,NA,p.Thr27Met,-0.0073940124042419,0.0326302022669106,0.1352387,0.004240507
urn:mavedb:00000713-a-1#268,NA,NA,p.Thr27Asn,0.0028247912931597,0.0434101244766752,0.1365667,0.005641428
urn:mavedb:00000713-a-1#269,NA,NA,p.Thr27Pro,-0.0526137577417042,0.0355150521164394,0.1293621,0.004615412
urn:mavedb:00000713-a-1#270,NA,NA,p.Thr27Gln,-0.0203760483363851,0.0350558138457582,0.1335516,0.004555731
urn:mavedb:00000713-a-1#271,NA,NA,p.Thr27Arg,-0.0077464380136853,0.0235453087306878,0.1351929,0.003059866
urn:mavedb:00000713-a-1#272,NA,NA,p.Thr27Ser,-0.0463986013061687,0.0281293117106725,0.1301698,0.003655587
urn:mavedb:00000713-a-1#273,NA,NA,p.Asp28Ter,-1.08065485801487,0.109162370497492,-0.004238527,0.01418636
urn:mavedb:00000713-a-1#274,NA,NA,p.Asp28Ala,-0.113760370468385,0.0272614444102121,0.1214157,0.003542802
urn:mavedb:00000713-a-1#275,NA,NA,p.Asp28Cys,-0.0616998747642131,0.0368763152701208,0.1281813,0.004792317
urn:mavedb:00000713-a-1#276,NA,NA,p.Leu29Ter,-0.832442216907857,0.0670997815044711,0.02801832,0.008720053
urn:mavedb:00000713-a-1#277,NA,NA,p.Leu29Ala,-0.139639798627346,0.0297632353238521,0.1180525,0.003867926
urn:mavedb:00000713-a-1#278,NA,NA,p.Leu29Cys,-0.0093923733381389,0.0372087034060492,0.134979,0.004835513
urn:mavedb:00000713-a-1#279,NA,NA,p.Leu29Asp,-1.20095128459544,0.166055406185129,-0.01987183,0.02157998
urn:mavedb:00000713-a-1#280,NA,NA,p.Leu29Glu,-0.998849710127608,0.076195217029448,0.006392584,0.009902064
urn:mavedb:00000713-a-1#281,NA,NA,p.Leu29Phe,-0.495165522252799,0.0598490555035796,0.07184962,0.007777774
urn:mavedb:00000713-a-1#282,NA,NA,p.Leu29Gly,-0.832932534808157,0.0409362736806747,0.0279546,0.005319935
urn:mavedb:00000713-a-1#283,NA,NA,p.Leu29His,-0.77948826841957,0.122412803924338,0.03490003,0.01590834
urn:mavedb:00000713-a-1#284,NA,NA,p.Leu29Ile,-0.0337751468893109,0.044527867690137,0.1318103,0.005786686
urn:mavedb:00000713-a-1#285,NA,NA,p.Leu29Lys,-1.17216349872152,0.132857221570842,-0.01613067,0.01726566
urn:mavedb:00000713-a-1#286,NA,NA,p.Met30Ter,-1.24359686095633,0.142570779296277,-0.0254139,0.018528
urn:mavedb:00000713-a-1#287,NA,NA,p.Met30Ala,0.0122517916016586,0.0281409309829489,0.1377918,0.003657097
urn:mavedb:00000713-a-1#288,NA,NA,p.Met30Cys,-0.0178174999708835,0.0367461255564488,0.1338841,0.004775398
urn:mavedb:00000713-a-1#289,NA,NA,p.Met30Asp,-0.0007540984656216,0.0394341326218036,0.1361016,0.005124722
urn:mavedb:00000713-a-1#290,NA,NA,p.Met30Glu,0.0201721339553751,0.0271718528955669,0.1388211,0.003531159
urn:mavedb:00000713-a-1#291,NA,NA,p.Met30Phe,-0.064450025699041,0.0523232682399116,0.1278239,0.006799749
urn:mavedb:00000713-a-1#292,NA,NA,p.Met30Gly,0.0465694276932788,0.0227597535862146,0.1422516,0.002957778
urn:mavedb:00000713-a-1#293,NA,NA,p.Met30His,0.0186100728480163,0.0491890888140249,0.1386181,0.006392442
urn:mavedb:00000713-a-1#294,NA,NA,p.Met30Ile,-0.0224305819110885,0.0473170316782372,0.1332846,0.006149156
urn:mavedb:00000713-a-1#295,NA,NA,p.Met30Lys,0.0369069639863307,0.0321513035719471,0.1409959,0.004178271
urn:mavedb:00000713-a-1#296,NA,NA,p.Met30Leu,-0.0300754474783841,0.0256186639875026,0.1322911,0.003329312
urn:mavedb:00000713-a-1#297,NA,NA,p.Val31Ter,-1.14399792103056,0.124078361198662,-0.01247037,0.01612479
urn:mavedb:00000713-a-1#298,NA,NA,p.Val31Ala,-0.0256732053132611,0.0291816099501535,0.1328632,0.00379234
urn:mavedb:00000713-a-1#299,NA,NA,p.Val31Cys,-0.0551907738247311,0.0387203784240928,0.1290272,0.005031965
urn:mavedb:00000713-a-1#300,NA,NA,p.Val31Asp,0.0516780600537494,0.0357434977822289,0.1429155,0.0046451
urn:mavedb:00000713-a-1#301,NA,NA,p.Val31Glu,0.0407659474609141,0.0293160626286209,0.1414974,0.003809813
urn:mavedb:00000713-a-1#302,NA,NA,p.Val31Phe,-0.0828577231425077,0.0385280140614186,0.1254317,0.005006966
urn:mavedb:00000713-a-1#303,NA,NA,p.Val31Gly,0.017924458834885,0.0235522110401129,0.138529,0.003060763
urn:mavedb:00000713-a-1#304,NA,NA,p.Val31His,-0.0243466076043513,0.0483198749091616,0.1330356,0.006279482
urn:mavedb:00000713-a-1#305,NA,NA,p.Val31Ile,-0.0337397504307203,0.0397200051942148,0.1318149,0.005161873
urn:mavedb:00000713-a-1#306,NA,NA,p.Val31Lys,-0.0616598613762413,0.0332511177096445,0.1281865,0.004321199
urn:mavedb:00000713-a-1#307,NA,NA,p.Val31Leu,-0.012398763853632,0.0273113226372953,0.1345883,0.003549284
urn:mavedb:00000713-a-1#308,NA,NA,p.Val31Met,0.0044407165766343,0.0332588356765937,0.1367767,0.004322202
urn:mavedb:00000713-a-1#309,NA,NA,p.Val31Asn,0.0047015730866809,0.0451610026059669,0.1368106,0.005868966
urn:mavedb:00000713-a-1#310,NA,NA,p.Val31Pro,-0.0259825395818119,0.0374274766047848,0.132823,0.004863944
urn:mavedb:00000713-a-1#311,NA,NA,p.Val31Gln,-0.027426099501716,0.036216886941464,0.1326354,0.00470662
urn:mavedb:00000713-a-1#312,NA,NA,p.Val31Arg,-0.0439954895631729,0.0236775529779344,0.1304821,0.003077052
urn:mavedb:00000713-a-1#313,NA,NA,p.Val31Ser,-0.0572276091701395,0.0288864804343326,0.1287625,0.003753986
urn:mavedb:00000713-a-1#314,NA,NA,p.Val31Thr,-0.0034965545181469,0.0339732439393001,0.1357452,0.004415044
urn:mavedb:00000713-a-1#315,NA,NA,p.Ala32Ter,-1.20707664175451,0.1520299442128,-0.02066786,0.01975728
urn:mavedb:00000713-a-1#316,NA,NA,p.Met33Ter,-0.914492439101566,0.0990091271973059,0.01735536,0.01286688
urn:mavedb:00000713-a-1#317,NA,NA,p.Met33Ala,-0.12426234583451,0.0309185757322427,0.1200509,0.00401807
urn:mavedb:00000713-a-1#318,NA,NA,p.Met33Cys,-0.150476501373619,0.0404794823825656,0.1166442,0.005260572
urn:mavedb:00000713-a-1#319,NA,NA,p.Met33Asp,-0.993862818500042,0.16088621510094,0.007040663,0.02090821
urn:mavedb:00000713-a-1#320,NA,NA,p.Met33Glu,-0.728969134589364,0.0579564915064564,0.04146532,0.007531823
urn:mavedb:00000713-a-1#321,NA,NA,p.Met33Phe,-0.188196044931069,0.052286671379682,0.1117423,0.006794993
urn:mavedb:00000713-a-1#322,NA,NA,p.Met33Gly,-0.518420226058459,0.0314423355910283,0.06882752,0.004086136
urn:mavedb:00000713-a-1#323,NA,NA,p.Met33His,-1.18533944568768,0.240048624915433,-0.01784297,0.03119588
urn:mavedb:00000713-a-1#324,NA,NA,p.Met33Ile,-0.117293090933353,0.0432756794930901,0.1209566,0.005623956
urn:mavedb:00000713-a-1#325,NA,NA,p.Met33Lys,-0.97746193097124,0.0905342916248886,0.009172065,0.01176552
urn:mavedb:00000713-a-1#326,NA,NA,p.Met33Leu,-0.0557071004272129,0.027436872336939,0.1289601,0.0035656
urn:mavedb:00000713-a-1#327,NA,NA,p.Arg34Ter,-1.11066439113146,0.128796632179939,-0.008138461,0.01673796
urn:mavedb:00000713-a-1#328,NA,NA,p.Arg34Ala,-0.0054248920230935,0.030131835575895,0.1354946,0.003915828
urn:mavedb:00000713-a-1#329,NA,NA,p.Arg34Cys,0.0210285743556168,0.047678806569678,0.1389324,0.006196171
urn:mavedb:00000713-a-1#330,NA,NA,p.Arg34Asp,-0.0317483148908955,0.0447192317181119,0.1320737,0.005811555
urn:mavedb:00000713-a-1#331,NA,NA,p.Arg34Glu,0.0279901343744714,0.0349635522069541,0.1398371,0.004543741
urn:mavedb:00000713-a-1#332,NA,NA,p.Arg34Phe,-0.0946193507415125,0.0616174548798736,0.1239032,0.008007589
urn:mavedb:00000713-a-1#333,NA,NA,p.Arg34Gly,0.0149896307248029,0.0269651144927521,0.1381476,0.003504292
urn:mavedb:00000713-a-1#334,NA,NA,p.Arg34His,-0.0752574878925655,0.0614200811488206,0.1264194,0.007981939
urn:mavedb:00000713-a-1#335,NA,NA,p.Arg34Ile,-0.019807396534248,0.0551914278897269,0.1336255,0.007172485
urn:mavedb:00000713-a-1#336,NA,NA,p.Arg34Lys,0.0048093014389125,0.0375598439701482,0.1368246,0.004881146
urn:mavedb:00000713-a-1#337,NA,NA,p.Arg34Leu,-0.0353225877202952,0.0288751766522306,0.1316092,0.003752517
urn:mavedb:00000713-a-1#338,NA,NA,p.Arg34Met,-0.0800929519313058,0.0393049740223601,0.125791,0.005107937
urn:mavedb:00000713-a-1#339,NA,NA,p.Arg34Asn,0.0608064989289207,0.0674617795474986,0.1441018,0.008767097
urn:mavedb:00000713-a-1#340,NA,NA,p.Arg34Pro,-0.422014893134592,0.0571472130398454,0.08135602,0.007426652
urn:mavedb:00000713-a-1#341,NA,NA,p.Arg34Gln,0.0399233578488167,0.0413230338549509,0.1413879,0.005370197
urn:mavedb:00000713-a-1#342,NA,NA,p.Cys35Ter,-1.04582948203993,0.103740248632028,0.0002872571,0.01348172
urn:mavedb:00000713-a-1#343,NA,NA,p.Cys35Ala,0.0172273024983001,0.0284497573892678,0.1384384,0.003697231
urn:mavedb:00000713-a-1#344,NA,NA,p.Leu36Ter,-1.08083059373689,0.100753941759343,-0.004261365,0.01309363
urn:mavedb:00000713-a-1#345,NA,NA,p.Leu36Ala,-0.0289358354094193,0.0265182649825775,0.1324392,0.003446221
urn:mavedb:00000713-a-1#346,NA,NA,p.Leu36Cys,-0.0135391454108268,0.0383353726829815,0.1344401,0.004981931
urn:mavedb:00000713-a-1#347,NA,NA,p.Leu36Asp,-0.433903717138053,0.0560845959631971,0.07981099,0.007288558
urn:mavedb:00000713-a-1#348,NA,NA,p.Leu36Glu,-0.423868359434738,0.0360772171327956,0.08111515,0.004688469
urn:mavedb:00000713-a-1#349,NA,NA,p.Leu36Phe,-0.160790721611569,0.0481507798705694,0.1153038,0.006257507
urn:mavedb:00000713-a-1#350,NA,NA,p.Leu36Gly,-0.0345569469312203,0.0251149031278205,0.1317087,0.003263845
urn:mavedb:00000713-a-1#351,NA,NA,p.Leu36His,-0.203840510139794,0.0612253852368088,0.1097092,0.007956637
urn:mavedb:00000713-a-1#352,NA,NA,p.Leu36Ile,-0.147635550827625,0.0542900339870755,0.1170134,0.007055343
urn:mavedb:00000713-a-1#353,NA,NA,p.Leu36Lys,-0.104044042585321,0.0324839533338738,0.1226784,0.004221501
urn:mavedb:00000713-a-1#354,NA,NA,p.Gly37Ter,-1.36298788460057,0.291132332260156,-0.04092954,0.03783454
urn:mavedb:00000713-a-1#355,NA,NA,p.Gly37Ala,-0.128681516740698,0.0311639039698034,0.1194766,0.004049952
urn:mavedb:00000713-a-1#356,NA,NA,p.Gly37Cys,-0.161701026187926,0.0382709434334647,0.1151855,0.004973558
urn:mavedb:00000713-a-1#357,NA,NA,p.Gly37Asp,-0.0471465438659483,0.0374950530611632,0.1300726,0.004872726
urn:mavedb:00000713-a-1#358,NA,NA,p.Gly37Glu,-0.132313501187364,0.0330884555926571,0.1190046,0.00430006
urn:mavedb:00000713-a-1#359,NA,NA,p.Gly37Phe,-0.307907021781437,0.0499912802940355,0.09618508,0.006496692
urn:mavedb:00000713-a-1#360,NA,NA,p.Ala38Ter,-0.791235044895731,0.197369421918885,0.03337346,0.02564944
urn:mavedb:00000713-a-1#361,NA,NA,p.Ser39Ter,NA,NA,NA,NA
urn:mavedb:00000713-a-1#362,NA,NA,p.Ser39Ala,-0.0121078973026065,0.0991170863960066,0.1346261,0.01288091
urn:mavedb:00000713-a-1#363,NA,NA,p.Ser39Cys,0.0783192815606347,0.164099521001541,0.1463777,0.0213258
urn:mavedb:00000713-a-1#364,NA,NA,p.Ser39Asp,-0.0567405231204065,0.107374772389854,0.1288258,0.01395405
urn:mavedb:00000713-a-1#365,NA,NA,p.Ser39Glu,0.0060420215837346,0.102053684329018,0.1369848,0.01326254
urn:mavedb:00000713-a-1#366,NA,NA,p.Ser39Phe,-0.153790687181203,0.194148805880097,0.1162135,0.0252309
urn:mavedb:00000713-a-1#367,NA,NA,p.Ser39Gly,-0.0038274344571443,0.0675215995625164,0.1357022,0.008774871
urn:mavedb:00000713-a-1#368,NA,NA,p.Ser39His,0.0527822756641236,0.183931310312687,0.143059,0.02390307
urn:mavedb:00000713-a-1#369,NA,NA,p.Ser39Ile,-0.0773235637907222,0.118704870989348,0.1261509,0.01542647
urn:mavedb:00000713-a-1#370,NA,NA,p.Ser39Lys,0.211561555041882,0.206085876795594,0.1636934,0.0267822
urn:mavedb:00000713-a-1#371,NA,NA,p.Ser39Leu,-0.148245754994194,0.14320830029502,0.1169341,0.01861085
urn:mavedb:00000713-a-1#372,NA,NA,p.Ser39Met,0.084543671854933,0.116743753285794,0.1471866,0.01517161
urn:mavedb:00000713-a-1#373,NA,NA,p.Ser39Asn,0.123359736140454,0.320070553083089,0.152231,0.04159525
urn:mavedb:00000713-a-1#374,NA,NA,p.Ser39Pro,0.0090299443817023,0.182271678097736,0.1373731,0.02368739
urn:mavedb:00000713-a-1#375,NA,NA,p.Ser39Gln,-0.137179744755314,0.308596560184543,0.1183722,0.04010413
urn:mavedb:00000713-a-1#376,NA,NA,p.Ser39Arg,-0.111952073127354,0.0580196049310996,0.1216507,0.007540025
urn:mavedb:00000713-a-1#377,NA,NA,p.Pro40Ter,NA,NA,NA,NA
urn:mavedb:00000713-a-1#378,NA,NA,p.Pro40Ala,NA,NA,NA,NA
urn:mavedb:00000713-a-1#379,NA,NA,p.Pro40Cys,NA,NA,NA,NA
urn:mavedb:00000713-a-1#380,NA,NA,p.Pro40Asp,NA,NA,NA,NA
urn:mavedb:00000713-a-1#381,NA,NA,p.Pro40Glu,NA,NA,NA,NA
urn:mavedb:00000713-a-1#382,NA,NA,p.Pro40Phe,NA,NA,NA,NA
urn:mavedb:00000713-a-1#383,NA,NA,p.Pro40Gly,NA,NA,NA,NA
urn:mavedb:00000713-a-1#384,NA,NA,p.Pro40His,NA,NA,NA,NA
urn:mavedb:00000713-a-1#385,NA,NA,p.Pro40Ile,NA,NA,NA,NA
urn:mavedb:00000713-a-1#386,NA,NA,p.Pro40Lys,NA,NA,NA,NA
urn:mavedb:00000713-a-1#387,NA,NA,p.Pro40Leu,NA,NA,NA,NA
urn:mavedb:00000713-a-1#388,NA,NA,p.Pro40Met,NA,NA,NA,NA
urn:mavedb:00000713-a-1#389,NA,NA,p.Pro40Asn,NA,NA,NA,NA
urn:mavedb:00000713-a-1#390,NA,NA,p.Thr41Ter,NA,NA,NA,NA
urn:mavedb:00000713-a-1#391,NA,NA,p.Thr41Ala,-0.32072177097233,0.313124690624131,0.09451972,0.04069259
urn:mavedb:00000713-a-1#392,NA,NA,p.Thr41Cys,NA,NA,NA,NA
urn:mavedb:00000713-a-1#393,NA,NA,p.Thr41Asp,NA,NA,NA,NA
urn:mavedb:00000713-a-1#394,NA,NA,p.Thr41Glu,NA,NA,NA,NA
urn:mavedb:00000713-a-1#395,NA,NA,p.Thr41Phe,NA,NA,NA,NA
urn:mavedb:00000713-a-1#396,NA,NA,p.Thr41Gly,0.087658560210888,0.991124694666253,0.1475914,0.1288031
urn:mavedb:00000713-a-1#397,NA,NA,p.Thr41His,NA,NA,NA,NA
urn:mavedb:00000713-a-1#398,NA,NA,p.Thr41Ile,-0.0202075304139655,0.125428043554479,0.1335735,0.01630019
urn:mavedb:00000713-a-1#399,NA,NA,p.Thr41Lys,NA,NA,NA,NA
urn:mavedb:00000713-a-1#400,NA,NA,p.Thr41Leu,NA,NA,NA,NA
urn:mavedb:00000713-a-1#401,NA,NA,p.Thr41Met,NA,NA,NA,NA
urn:mavedb:00000713-a-1#402,NA,NA,p.Thr41Asn,-0.372887070973458,0.572490855866451,0.0877405,0.07439891
urn:mavedb:00000713-a-1#403,NA,NA,p.Thr41Pro,NA,NA,NA,NA
urn:mavedb:00000713-a-1#404,NA,NA,p.Thr41Gln,NA,NA,NA,NA
urn:mavedb:00000713-a-1#405,NA,NA,p.Thr41Arg,-0.133801691424622,0.248614875689602,0.1188112,0.03230912
urn:mavedb:00000713-a-1#406,NA,NA,p.Thr41Ser,-0.461126440900521,0.54038880723612,0.07627322,0.07022704
urn:mavedb:00000713-a-1#407,NA,NA,p.Pro42Ter,NA,NA,NA,NA
urn:mavedb:00000713-a-1#408,NA,NA,p.Pro42Ala,NA,NA,NA,NA
urn:mavedb:00000713-a-1#409,NA,NA,p.Pro42Cys,NA,NA,NA,NA
urn:mavedb:00000713-a-1#410,NA,NA,p.Pro42Asp,NA,NA,NA,NA
urn:mavedb:00000713-a-1#411,NA,NA,p.Pro42Glu,NA,NA,NA,NA
urn:mavedb:00000713-a-1#412,NA,NA,p.Pro42Phe,NA,NA,NA,NA
urn:mavedb:00000713-a-1#413,NA,NA,p.Pro42Gly,0.150668103942946,0.121938414430404,0.1557799,0.01584669
urn:mavedb:00000713-a-1#414,NA,NA,p.Pro42His,NA,NA,NA,NA
urn:mavedb:00000713-a-1#415,NA,NA,p.Pro42Ile,NA,NA,NA,NA
urn:mavedb:00000713-a-1#416,NA,NA,p.Pro42Lys,NA,NA,NA,NA
urn:mavedb:00000713-a-1#417,NA,NA,p.Pro42Leu,-0.148664356591437,0.284908095863504,0.1168797,0.03702566
urn:mavedb:00000713-a-1#418,NA,NA,p.Pro42Met,-0.582671646845279,0.977700203001729,0.06047763,0.1270585
urn:mavedb:00000713-a-1#419,NA,NA,p.Pro42Asn,NA,NA,NA,NA
urn:mavedb:00000713-a-1#420,NA,NA,p.Gly43Ter,-1.3582683054893,0.386797109711254,-0.0403162,0.0502668
urn:mavedb:00000713-a-1#421,NA,NA,p.Gly43Ala,-0.0643361414409675,0.0429691538565796,0.1278387,0.005584121
urn:mavedb:00000713-a-1#422,NA,NA,p.Gly43Cys,-0.0912035924875392,0.0682928807003188,0.1243471,0.008875104
urn:mavedb:00000713-a-1#423,NA,NA,p.Gly43Asp,-0.0500659822114258,0.0527542893771904,0.1296932,0.006855763
urn:mavedb:00000713-a-1#424,NA,NA,p.Gly43Glu,0.0631141941313684,0.0447553361058741,0.1444017,0.005816247
urn:mavedb:00000713-a-1#425,NA,NA,p.Gly43Phe,-0.148679746356042,0.108638502910354,0.1168777,0.01411828
urn:mavedb:00000713-a-1#426,NA,NA,p.Glu44Ter,-0.572294867214212,0.5132635006836,0.06182616,0.06670193
urn:mavedb:00000713-a-1#427,NA,NA,p.Glu44Ala,-0.380882207583152,0.835686533184136,0.08670148,0.1086029
urn:mavedb:00000713-a-1#428,NA,NA,p.Glu44Cys,0.371909820921071,0.755611433379771,0.1845317,0.09819662
urn:mavedb:00000713-a-1#429,NA,NA,p.Glu44Asp,NA,NA,NA,NA
urn:mavedb:00000713-a-1#430,NA,NA,p.Val45Ter,NA,NA,NA,NA
urn:mavedb:00000713-a-1#431,NA,NA,p.Val45Ala,-0.0999165077183885,0.172314808193903,0.1232148,0.02239343
urn:mavedb:00000713-a-1#432,NA,NA,p.Val45Cys,NA,NA,NA,NA
urn:mavedb:00000713-a-1#433,NA,NA,p.Val45Asp,-0.039645572597705,0.422924812966835,0.1310474,0.05496183
urn:mavedb:00000713-a-1#434,NA,NA,p.Val45Glu,NA,NA,NA,NA
urn:mavedb:00000713-a-1#435,NA,NA,p.Val45Phe,-0.22204121524933,0.65948704060876,0.1073439,0.08570463
urn:mavedb:00000713-a-1#436,NA,NA,p.Val45Gly,-0.371478753614498,0.173399709649699,0.08792352,0.02253442
urn:mavedb:00000713-a-1#437,NA,NA,p.Val45His,NA,NA,NA,NA
urn:mavedb:00000713-a-1#438,NA,NA,p.Val45Ile,-0.186580119647594,0.12441816720113,0.1119523,0.01616895
urn:mavedb:00000713-a-1#439,NA,NA,p.Val45Lys,NA,NA,NA,NA
urn:mavedb:00000713-a-1#440,NA,NA,p.Val45Leu,-0.293802148623748,0.932061856067024,0.0980181,0.1211275
urn:mavedb:00000713-a-1#441,NA,NA,p.Val45Met,-0.389737093392478,0.357473529182624,0.08555073,0.04645601
urn:mavedb:00000713-a-1#442,NA,NA,p.Val45Asn,NA,NA,NA,NA
urn:mavedb:00000713-a-1#443,NA,NA,p.Val45Pro,NA,NA,NA,NA
urn:mavedb:00000713-a-1#444,NA,NA,p.Val45Gln,-0.163352347929991,0.356262816401186,0.1149709,0.04629867
urn:mavedb:00000713-a-1#445,NA,NA,p.Val45Arg,-0.173479582527996,0.314834493471693,0.1136548,0.04091479
urn:mavedb:00000713-a-1#446,NA,NA,p.Val45Ser,-0.0784016168012689,0.35887030421813,0.1260108,0.04663753
urn:mavedb:00000713-a-1#447,NA,NA,p.Val45Thr,NA,NA,NA,NA
urn:mavedb:00000713-a-1#448,NA,NA,p.Gln46Ter,NA,NA,NA,NA
urn:mavedb:00000713-a-1#449,NA,NA,p.Gln46Ala,NA,NA,NA,NA
urn:mavedb:00000713-a-1#450,NA,NA,p.Gln46Cys,NA,NA,NA,NA
urn:mavedb:00000713-a-1#451,NA,NA,p.Gln46Asp,NA,NA,NA,NA
urn:mavedb:00000713-a-1#452,NA,NA,p.Gln46Glu,NA,NA,NA,NA
urn:mavedb:00000713-a-1#453,NA,NA,p.Gln46Phe,NA,NA,NA,NA
urn:mavedb:00000713-a-1#454,NA,NA,p.Gln46Gly,NA,NA,NA,NA
urn:mavedb:00000713-a-1#455,NA,NA,p.Gln46His,-0.0711945900369721,0.570548359778068,0.1269474,0.07414647
urn:mavedb:00000713-a-1#456,NA,NA,p.Gln46Ile,NA,NA,NA,NA
urn:mavedb:00000713-a-1#457,NA,NA,p.Gln46Lys,NA,NA,NA,NA
urn:mavedb:00000713-a-1#458,NA,NA,p.Gln46Leu,NA,NA,NA,NA
urn:mavedb:00000713-a-1#459,NA,NA,p.Gln46Met,NA,NA,NA,NA
urn:mavedb:00000713-a-1#460,NA,NA,p.Gln46Asn,NA,NA,NA,NA
urn:mavedb:00000713-a-1#461,NA,NA,p.Gln46Pro,NA,NA,NA,NA
urn:mavedb:00000713-a-1#462,NA,NA,p.Arg47Ter,NA,NA,NA,NA
urn:mavedb:00000713-a-1#463,NA,NA,p.Arg47Ala,NA,NA,NA,NA
urn:mavedb:00000713-a-1#464,NA,NA,p.Arg47Cys,NA,NA,NA,NA
urn:mavedb:00000713-a-1#465,NA,NA,p.Arg47Asp,NA,NA,NA,NA
urn:mavedb:00000713-a-1#466,NA,NA,p.Arg47Glu,NA,NA,NA,NA
urn:mavedb:00000713-a-1#467,NA,NA,p.Arg47Phe,NA,NA,NA,NA
urn:mavedb:00000713-a-1#468,NA,NA,p.Arg47Gly,-0.723141030733632,0.491938981154638,0.04222272,0.06393067
urn:mavedb:00000713-a-1#469,NA,NA,p.Arg47His,NA,NA,NA,NA
urn:mavedb:00000713-a-1#470,NA,NA,p.Arg47Ile,NA,NA,NA,NA
urn:mavedb:00000713-a-1#471,NA,NA,p.Arg47Lys,NA,NA,NA,NA
urn:mavedb:00000713-a-1#472,NA,NA,p.Arg47Leu,NA,NA,NA,NA
urn:mavedb:00000713-a-1#473,NA,NA,p.Arg47Met,NA,NA,NA,NA
urn:mavedb:00000713-a-1#474,NA,NA,p.Arg47Asn,NA,NA,NA,NA
urn:mavedb:00000713-a-1#475,NA,NA,p.Arg47Pro,NA,NA,NA,NA
urn:mavedb:00000713-a-1#476,NA,NA,p.Arg47Gln,NA,NA,NA,NA
urn:mavedb:00000713-a-1#477,NA,NA,p.His48Ter,NA,NA,NA,NA
urn:mavedb:00000713-a-1#478,NA,NA,p.His48Ala,NA,NA,NA,NA
urn:mavedb:00000713-a-1#479,NA,NA,p.His48Cys,NA,NA,NA,NA
urn:mavedb:00000713-a-1#480,NA,NA,p.His48Asp,NA,NA,NA,NA
urn:mavedb:00000713-a-1#481,NA,NA,p.His48Glu,NA,NA,NA,NA
urn:mavedb:00000713-a-1#482,NA,NA,p.His48Phe,NA,NA,NA,NA
urn:mavedb:00000713-a-1#483,NA,NA,p.His48Gly,NA,NA,NA,NA
urn:mavedb:00000713-a-1#484,NA,NA,p.Leu49Ter,-0.428344010777024,0.401131905952134,0.08053351,0.0521297
urn:mavedb:00000713-a-1#485,NA,NA,p.Leu49Ala,-0.29954699385297,0.285122475284445,0.09727152,0.03705352
urn:mavedb:00000713-a-1#486,NA,NA,p.Leu49Cys,NA,NA,NA,NA
urn:mavedb:00000713-a-1#487,NA,NA,p.Leu49Asp,NA,NA,NA,NA
urn:mavedb:00000713-a-1#488,NA,NA,p.Leu49Glu,-1.10428981981926,0.544464170801043,-0.007310044,0.07075666
urn:mavedb:00000713-a-1#489,NA,NA,p.Leu49Phe,-0.283000996233712,0.171734383221843,0.09942178,0.022318
urn:mavedb:00000713-a-1#490,NA,NA,p.Leu49Gly,-0.566345184218104,0.4167621356286,0.06259936,0.05416095
urn:mavedb:00000713-a-1#491,NA,NA,p.Leu49His,NA,NA,NA,NA
urn:mavedb:00000713-a-1#492,NA,NA,p.Leu49Ile,NA,NA,NA,NA
urn:mavedb:00000713-a-1#493,NA,NA,p.Leu49Lys,-0.22204121524933,0.467277268120009,0.1073439,0.06072572
urn:mavedb:00000713-a-1#494,NA,NA,p.Gln50Ter,NA,NA,NA,NA
urn:mavedb:00000713-a-1#495,NA,NA,p.Gln50Ala,NA,NA,NA,NA
urn:mavedb:00000713-a-1#496,NA,NA,p.Gln50Cys,NA,NA,NA,NA
urn:mavedb:00000713-a-1#497,NA,NA,p.Gln50Asp,NA,NA,NA,NA
urn:mavedb:00000713-a-1#498,NA,NA,p.Gln50Glu,NA,NA,NA,NA
urn:mavedb:00000713-a-1#499,NA,NA,p.Gln50Phe,NA,NA,NA,NA
urn:mavedb:00000713-a-1#500,NA,NA,p.Gln50Gly,NA,NA,NA,NA
urn:mavedb:00000713-a-1#501,NA,NA,p.Gln50His,NA,NA,NA,NA
urn:mavedb:00000713-a-1#502,NA,NA,p.Gln50Ile,0.112184458572882,0.451925900978177,0.1507787,0.05873071
urn:mavedb:00000713-a-1#503,NA,NA,p.Gln50Lys,NA,NA,NA,NA
urn:mavedb:00000713-a-1#504,NA,NA,p.Gln50Leu,NA,NA,NA,NA
urn:mavedb:00000713-a-1#505,NA,NA,p.Gln50Met,NA,NA,NA,NA
urn:mavedb:00000713-a-1#506,NA,NA,p.Gln50Asn,NA,NA,NA,NA
urn:mavedb:00000713-a-1#507,NA,NA,p.Gln50Pro,NA,NA,NA,NA
urn:mavedb:00000713-a-1#508,NA,NA,p.Thr51Ter,NA,NA,NA,NA
urn:mavedb:00000713-a-1#509,NA,NA,p.Thr51Ala,-0.114131263795354,0.737467054808688,0.1213675,0.09583864
urn:mavedb:00000713-a-1#510,NA,NA,p.Thr51Cys,NA,NA,NA,NA
urn:mavedb:00000713-a-1#511,NA,NA,p.Thr51Asp,NA,NA,NA,NA
urn:mavedb:00000713-a-1#512,NA,NA,p.Thr51Glu,NA,NA,NA,NA
urn:mavedb:00000713-a-1#513,NA,NA,p.Thr51Phe,NA,NA,NA,NA
urn:mavedb:00000713-a-1#514,NA,NA,p.Thr51Gly,NA,NA,NA,NA
urn:mavedb:00000713-a-1#515,NA,NA,p.Thr51His,NA,NA,NA,NA
urn:mavedb:00000713-a-1#516,NA,NA,p.Thr51Ile,-0.0959667246326383,0.0754982530649208,0.1237281,0.009811489
urn:mavedb:00000713-a-1#517,NA,NA,p.Thr51Lys,NA,NA,NA,NA
urn:mavedb:00000713-a-1#518,NA,NA,p.Thr51Leu,NA,NA,NA,NA
urn:mavedb:00000713-a-1#519,NA,NA,p.Thr51Met,NA,NA,NA,NA
urn:mavedb:00000713-a-1#520,NA,NA,p.Thr51Asn,-0.372887070973458,0.572490855866451,0.0877405,0.07439891
urn:mavedb:00000713-a-1#521,NA,NA,p.Thr51Pro,NA,NA,NA,NA
urn:mavedb:00000713-a-1#522,NA,NA,p.Thr51Gln,NA,NA,NA,NA
urn:mavedb:00000713-a-1#523,NA,NA,p.Thr51Arg,NA,NA,NA,NA
urn:mavedb:00000713-a-1#524,NA,NA,p.Thr51Ser,-0.393079981111049,0.524800668565848,0.0851163,0.06820126
urn:mavedb:00000713-a-1#525,NA,NA,p.His52Ter,NA,NA,NA,NA
urn:mavedb:00000713-a-1#526,NA,NA,p.His52Ala,NA,NA,NA,NA
urn:mavedb:00000713-a-1#527,NA,NA,p.His52Cys,NA,NA,NA,NA
urn:mavedb:00000713-a-1#528,NA,NA,p.His52Asp,NA,NA,NA,NA
urn:mavedb:00000713-a-1#529,NA,NA,p.His52Glu,NA,NA,NA,NA
urn:mavedb:00000713-a-1#530,NA,NA,p.His52Phe,NA,NA,NA,NA
urn:mavedb:00000713-a-1#531,NA,NA,p.His52Gly,NA,NA,NA,NA
urn:mavedb:00000713-a-1#532,NA,NA,p.Gly53Ter,NA,NA,NA,NA
urn:mavedb:00000713-a-1#533,NA,NA,p.Gly53Ala,NA,NA,NA,NA
urn:mavedb:00000713-a-1#534,NA,NA,p.Gly53Cys,-0.372887070973458,0.572490855866451,0.0877405,0.07439891
urn:mavedb:00000713-a-1#535,NA,NA,p.Gly53Asp,-0.115595599897474,0.10957473924007,0.1211772,0.01423995
urn:mavedb:00000713-a-1#536,NA,NA,p.Gly53Glu,NA,NA,NA,NA
urn:mavedb:00000713-a-1#537,NA,NA,p.Gly53Phe,NA,NA,NA,NA
urn:mavedb:00000713-a-1#538,NA,NA,p.Ile54Ter,NA,NA,NA,NA
urn:mavedb:00000713-a-1#539,NA,NA,p.Ile54Ala,NA,NA,NA,NA
urn:mavedb:00000713-a-1#540,NA,NA,p.Ile54Cys,NA,NA,NA,NA
urn:mavedb:00000713-a-1#541,NA,NA,p.Ile54Asp,NA,NA,NA,NA
urn:mavedb:00000713-a-1#542,NA,NA,p.Ile54Glu,NA,NA,NA,NA
urn:mavedb:00000713-a-1#543,NA,NA,p.Ile54Phe,NA,NA,NA,NA
urn:mavedb:00000713-a-1#544,NA,NA,p.Ile54Gly,NA,NA,NA,NA
urn:mavedb:00000713-a-1#545,NA,NA,p.Ile54His,NA,NA,NA,NA
urn:mavedb:00000713-a-1#546,NA,NA,p.Asp55Ter,NA,NA,NA,NA
urn:mavedb:00000713-a-1#547,NA,NA,p.Asp55Ala,NA,NA,NA,NA
urn:mavedb:00000713-a-1#548,NA,NA,p.Asp55Cys,NA,NA,NA,NA
urn:mavedb:00000713-a-1#549,NA,NA,p.Gly56Ter,NA,NA,NA,NA
urn:mavedb:00000713-a-1#550,NA,NA,p.Gly56Ala,0.0336704964899999,0.196864791537503,0.1405753,0.02558386
urn:mavedb:00000713-a-1#551,NA,NA,p.Gly56Cys,-0.0610535046508233,1.02518378271252,0.1282653,0.1332293
urn:mavedb:00000713-a-1#552,NA,NA,p.Gly56Asp,0.0051894286246442,0.12631018486161,0.136874,0.01641483
urn:mavedb:00000713-a-1#553,NA,NA,p.Gly56Glu,-0.32303616072238,0.191480682390612,0.09421895,0.02488416
urn:mavedb:00000713-a-1#554,NA,NA,p.Gly56Phe,NA,NA,NA,NA
urn:mavedb:00000713-a-1#555,NA,NA,p.Asn57Ter,NA,NA,NA,NA
urn:mavedb:00000713-a-1#556,NA,NA,p.Asn57Ala,0.0128604567917674,0.0821831128110686,0.1378709,0.01068023
urn:mavedb:00000713-a-1#557,NA,NA,p.Asn57Cys,-0.0668146630305254,0.11919295737378,0.1275166,0.0154899
urn:mavedb:00000713-a-1#558,NA,NA,p.Asn57Asp,0.0872068706197451,0.109164755911006,0.1475327,0.01418667
urn:mavedb:00000713-a-1#559,NA,NA,p.Asn57Glu,-0.0594414268084997,0.119995456649083,0.1284748,0.01559419
urn:mavedb:00000713-a-1#560,NA,NA,p.Asn57Phe,NA,NA,NA,NA
urn:mavedb:00000713-a-1#561,NA,NA,p.Asn57Gly,0.0165740069908382,0.0790612990610416,0.1383535,0.01027453
urn:mavedb:00000713-a-1#562,NA,NA,p.Asn57His,0.0778068023993041,0.362481050789642,0.1463111,0.04710677
urn:mavedb:00000713-a-1#563,NA,NA,p.Asn57Ile,-0.351223822725551,0.487820064555884,0.09055578,0.06339539
urn:mavedb:00000713-a-1#564,NA,NA,p.Asn57Lys,-0.002924824763089,0.16006724877751,0.1358195,0.02080178
urn:mavedb:00000713-a-1#565,NA,NA,p.Asn57Leu,-0.17403669200668,0.112402993230266,0.1135824,0.0146075
urn:mavedb:00000713-a-1#566,NA,NA,p.Asn57Met,-0.0927979721005676,0.128680362508352,0.1241399,0.01672285
urn:mavedb:00000713-a-1#567,NA,NA,p.Gly58Ter,-0.74558738715344,0.360524703913116,0.03930567,0.04685253
urn:mavedb:00000713-a-1#568,NA,NA,p.Gly58Ala,0.0080473079117036,0.0459060595848833,0.1372454,0.005965791
urn:mavedb:00000713-a-1#569,NA,NA,p.Gly58Cys,-0.0327986663251539,0.0970539345531246,0.1319372,0.01261279
urn:mavedb:00000713-a-1#570,NA,NA,p.Gly58Asp,-0.0716816760867051,0.0951068984841837,0.1268841,0.01235976
urn:mavedb:00000713-a-1#571,NA,NA,p.Gly58Glu,-0.024522820409073,0.0648686196014015,0.1330127,0.008430099
urn:mavedb:00000713-a-1#572,NA,NA,p.Gly58Phe,-0.225543925673319,0.198451553217052,0.1068887,0.02579007
urn:mavedb:00000713-a-1#573,NA,NA,p.Glu59Ter,NA,NA,NA,NA
urn:mavedb:00000713-a-1#574,NA,NA,p.Glu59Ala,-0.116428955650809,0.0606783483590588,0.1210689,0.007885546
urn:mavedb:00000713-a-1#575,NA,NA,p.Glu59Cys,-0.0453728734952773,0.235496101698947,0.1303031,0.03060425
urn:mavedb:00000713-a-1#576,NA,NA,p.Glu59Asp,-0.643500153137584,0.676687795763117,0.05257257,0.08793998
urn:mavedb:00000713-a-1#577,NA,NA,p.Leu60Ter,-0.87505662899542,0.0644003475388975,0.0224803,0.008369244
urn:mavedb:00000713-a-1#578,NA,NA,p.Leu60Ala,-0.289316955627407,0.026291473716483,0.09860098,0.003416748
urn:mavedb:00000713-a-1#579,NA,NA,p.Leu60Cys,-0.0326924769493827,0.0362113774057356,0.131951,0.004705904
urn:mavedb:00000713-a-1#580,NA,NA,p.Leu60Asp,-1.03189521288725,0.152740566593413,0.002098106,0.01984963
urn:mavedb:00000713-a-1#581,NA,NA,p.Leu60Glu,-0.955204907130479,0.0621827286286799,0.01206451,0.00808105
urn:mavedb:00000713-a-1#582,NA,NA,p.Leu60Phe,-0.0939106520814744,0.0551858106256462,0.1239953,0.007171755
urn:mavedb:00000713-a-1#583,NA,NA,p.Leu60Gly,-0.982912193021284,0.0433375694314472,0.008463768,0.005631999
urn:mavedb:00000713-a-1#584,NA,NA,p.Leu60His,-0.886270380974504,0.108845033551347,0.021023,0.01414512
urn:mavedb:00000713-a-1#585,NA,NA,p.Leu60Ile,-0.0205868881114669,0.0489060556531832,0.1335242,0.00635566
urn:mavedb:00000713-a-1#586,NA,NA,p.Leu60Lys,-1.04914683736954,0.0858142508206822,-0.0001438548,0.01115212
urn:mavedb:00000713-a-1#587,NA,NA,p.Asp61Ter,NA,NA,NA,NA
urn:mavedb:00000713-a-1#588,NA,NA,p.Asp61Ala,0.217826728212382,0.266985483800372,0.1645076,0.0346965
urn:mavedb:00000713-a-1#589,NA,NA,p.Asp61Cys,NA,NA,NA,NA
urn:mavedb:00000713-a-1#590,NA,NA,p.Phe62Ter,-0.576931649391908,0.186527640550293,0.06122358,0.02424048
urn:mavedb:00000713-a-1#591,NA,NA,p.Phe62Ala,-0.227030576934116,0.0569484850095073,0.1066955,0.007400826
urn:mavedb:00000713-a-1#592,NA,NA,p.Phe62Cys,-0.14996863914167,0.0661966793379486,0.1167102,0.008602689
urn:mavedb:00000713-a-1#593,NA,NA,p.Phe62Asp,-0.517080316203167,0.116295757238157,0.06900165,0.01511339
urn:mavedb:00000713-a-1#594,NA,NA,p.Phe62Glu,-0.0890674931604317,0.0454964533050517,0.1246247,0.00591256
urn:mavedb:00000713-a-1#595,NA,NA,p.Ser63Ter,NA,NA,NA,NA
urn:mavedb:00000713-a-1#596,NA,NA,p.Ser63Ala,-0.0860426349274132,0.0857999383396,0.1250178,0.01115026
urn:mavedb:00000713-a-1#597,NA,NA,p.Ser63Cys,-0.0269267016402993,0.145555393294855,0.1327003,0.01891587
urn:mavedb:00000713-a-1#598,NA,NA,p.Ser63Asp,-0.0494188426098057,0.16798589825712,0.1297773,0.02183086
urn:mavedb:00000713-a-1#599,NA,NA,p.Ser63Glu,0.0373286435364945,0.101790519354281,0.1410507,0.01322834
urn:mavedb:00000713-a-1#600,NA,NA,p.Ser63Phe,-0.008317398280513,0.0932628968892701,0.1351187,0.01212012
urn:mavedb:00000713-a-1#601,NA,NA,p.Ser63Gly,-0.0313804995168474,0.0618576660207032,0.1321215,0.008038806
urn:mavedb:00000713-a-1#602,NA,NA,p.Ser63His,-0.187244187990279,0.30420755321698,0.111866,0.03953375
urn:mavedb:00000713-a-1#603,NA,NA,p.Ser63Ile,NA,NA,NA,NA
urn:mavedb:00000713-a-1#604,NA,NA,p.Ser63Lys,0.0082527612691741,0.217294550152358,0.1372721,0.02823884
urn:mavedb:00000713-a-1#605,NA,NA,p.Ser63Leu,-0.0897669579617072,0.0841802425637972,0.1245338,0.01093977
urn:mavedb:00000713-a-1#606,NA,NA,p.Ser63Met,-0.0599077366760167,0.1209413885305,0.1284142,0.01571712
urn:mavedb:00000713-a-1#607,NA,NA,p.Ser63Asn,-0.0610535046508233,1.02518378271252,0.1282653,0.1332293
urn:mavedb:00000713-a-1#608,NA,NA,p.Ser63Pro,0.120938926168163,0.0975815726325906,0.1519164,0.01268136
urn:mavedb:00000713-a-1#609,NA,NA,p.Ser63Gln,0.0221489492188258,0.219474895052703,0.139078,0.02852219
urn:mavedb:00000713-a-1#610,NA,NA,p.Ser63Arg,-0.149212232211358,0.0689378888195412,0.1168085,0.008958927
urn:mavedb:00000713-a-1#611,NA,NA,p.Thr64Ter,NA,NA,NA,NA
urn:mavedb:00000713-a-1#612,NA,NA,p.Thr64Ala,0.0631003433432244,0.29374797665234,0.1443999,0.03817446
urn:mavedb:00000713-a-1#613,NA,NA,p.Thr64Cys,NA,NA,NA,NA
urn:mavedb:00000713-a-1#614,NA,NA,p.Thr64Asp,NA,NA,NA,NA
urn:mavedb:00000713-a-1#615,NA,NA,p.Thr64Glu,NA,NA,NA,NA
urn:mavedb:00000713-a-1#616,NA,NA,p.Thr64Phe,NA,NA,NA,NA
urn:mavedb:00000713-a-1#617,NA,NA,p.Thr64Gly,NA,NA,NA,NA
urn:mavedb:00000713-a-1#618,NA,NA,p.Thr64His,NA,NA,NA,NA
urn:mavedb:00000713-a-1#619,NA,NA,p.Thr64Ile,-0.069744104722996,0.172350204652493,0.1271359,0.02239803
urn:mavedb:00000713-a-1#620,NA,NA,p.Thr64Lys,NA,NA,NA,NA
urn:mavedb:00000713-a-1#621,NA,NA,p.Thr64Leu,NA,NA,NA,NA
urn:mavedb:00000713-a-1#622,NA,NA,p.Thr64Met,NA,NA,NA,NA
urn:mavedb:00000713-a-1#623,NA,NA,p.Thr64Asn,NA,NA,NA,NA
urn:mavedb:00000713-a-1#624,NA,NA,p.Thr64Pro,NA,NA,NA,NA
urn:mavedb:00000713-a-1#625,NA,NA,p.Thr64Gln,NA,NA,NA,NA
urn:mavedb:00000713-a-1#626,NA,NA,p.Thr64Arg,NA,NA,NA,NA
urn:mavedb:00000713-a-1#627,NA,NA,p.Thr64Ser,NA,NA,NA,NA
urn:mavedb:00000713-a-1#628,NA,NA,p.Phe65Ter,NA,NA,NA,NA
urn:mavedb:00000713-a-1#629,NA,NA,p.Phe65Ala,-0.255587824134264,0.262413800326953,0.1029843,0.03410238
urn:mavedb:00000713-a-1#630,NA,NA,p.Phe65Cys,-0.374408656999907,0.51514128281182,0.08754276,0.06694596
urn:mavedb:00000713-a-1#631,NA,NA,p.Phe65Asp,NA,NA,NA,NA
urn:mavedb:00000713-a-1#632,NA,NA,p.Phe65Glu,NA,NA,NA,NA
urn:mavedb:00000713-a-1#633,NA,NA,p.Leu66Ter,-0.571972990287508,0.315602596623105,0.06186799,0.04101461
urn:mavedb:00000713-a-1#634,NA,NA,p.Leu66Ala,0.0774689970662348,0.0910956332888385,0.1462672,0.01183847
urn:mavedb:00000713-a-1#635,NA,NA,p.Leu66Cys,0.0369192757980142,0.251579175198901,0.1409975,0.03269435
urn:mavedb:00000713-a-1#636,NA,NA,p.Leu66Asp,-0.158609991967108,0.117221682425587,0.1155872,0.01523372
urn:mavedb:00000713-a-1#637,NA,NA,p.Leu66Glu,0.0049101043970722,0.0888580384641642,0.1368377,0.01154768
urn:mavedb:00000713-a-1#638,NA,NA,p.Leu66Phe,-0.29654298875099,0.204712878946401,0.09766191,0.02660377
urn:mavedb:00000713-a-1#639,NA,NA,p.Leu66Gly,-0.0257509236245138,0.0549724623189337,0.1328531,0.007144029
urn:mavedb:00000713-a-1#640,NA,NA,p.Leu66His,-0.407007795026963,0.299238044328534,0.08330629,0.03888793
urn:mavedb:00000713-a-1#641,NA,NA,p.Leu66Ile,-0.0283194753370082,0.158984963581698,0.1325193,0.02066113
urn:mavedb:00000713-a-1#642,NA,NA,p.Leu66Lys,0.0719779290553421,0.104947113972314,0.1455536,0.01363856
urn:mavedb:00000713-a-1#643,NA,NA,p.Thr67Ter,NA,NA,NA,NA
urn:mavedb:00000713-a-1#644,NA,NA,p.Thr67Ala,-0.0217649745919431,0.25052443768173,0.1333711,0.03255728
urn:mavedb:00000713-a-1#645,NA,NA,p.Thr67Cys,NA,NA,NA,NA
urn:mavedb:00000713-a-1#646,NA,NA,p.Thr67Asp,NA,NA,NA,NA
urn:mavedb:00000713-a-1#647,NA,NA,p.Thr67Glu,NA,NA,NA,NA
urn:mavedb:00000713-a-1#648,NA,NA,p.Thr67Phe,NA,NA,NA,NA
urn:mavedb:00000713-a-1#649,NA,NA,p.Thr67Gly,NA,NA,NA,NA
urn:mavedb:00000713-a-1#650,NA,NA,p.Thr67His,NA,NA,NA,NA
urn:mavedb:00000713-a-1#651,NA,NA,p.Thr67Ile,-0.164705877726959,0.136882414503154,0.114795,0.01778876
urn:mavedb:00000713-a-1#652,NA,NA,p.Thr67Lys,NA,NA,NA,NA
urn:mavedb:00000713-a-1#653,NA,NA,p.Thr67Leu,NA,NA,NA,NA
urn:mavedb:00000713-a-1#654,NA,NA,p.Thr67Met,NA,NA,NA,NA
urn:mavedb:00000713-a-1#655,NA,NA,p.Thr67Asn,-0.293802148623748,0.932061856067024,0.0980181,0.1211275
urn:mavedb:00000713-a-1#656,NA,NA,p.Thr67Pro,NA,NA,NA,NA
urn:mavedb:00000713-a-1#657,NA,NA,p.Thr67Gln,NA,NA,NA,NA
urn:mavedb:00000713-a-1#658,NA,NA,p.Thr67Arg,NA,NA,NA,NA
urn:mavedb:00000713-a-1#659,NA,NA,p.Thr67Ser,-0.259647644036936,0.40680149523244,0.1024567,0.0528665
urn:mavedb:00000713-a-1#660,NA,NA,p.Ile68Ter,-0.88677000968239,0.0780271068796179,0.02095807,0.01014013
urn:mavedb:00000713-a-1#661,NA,NA,p.Ile68Ala,-0.123181984359272,0.0258002093456598,0.1201913,0.003352905
urn:mavedb:00000713-a-1#662,NA,NA,p.Ile68Cys,-0.0575084723741719,0.0339188026470117,0.128726,0.004407969
urn:mavedb:00000713-a-1#663,NA,NA,p.Ile68Asp,-0.968914340286655,0.0810174920399222,0.01028288,0.01052875
urn:mavedb:00000713-a-1#664,NA,NA,p.Ile68Glu,-0.801074490895631,0.0472108115229368,0.03209476,0.006135352
urn:mavedb:00000713-a-1#665,NA,NA,p.Ile68Phe,-0.0971224959544378,0.0381246175516049,0.1235779,0.004954542
urn:mavedb:00000713-a-1#666,NA,NA,p.Ile68Gly,-0.832265773256666,0.0353401320519444,0.02804125,0.00459268
urn:mavedb:00000713-a-1#667,NA,NA,p.Ile68His,-0.694241669066325,0.0772476153023989,0.04597838,0.01003883
urn:mavedb:00000713-a-1#668,NA,NA,p.Met69Ter,-1.2218188820133,0.122709056892975,-0.02258371,0.01594684
urn:mavedb:00000713-a-1#669,NA,NA,p.Met69Ala,-0.0216864867924599,0.0262211501871226,0.1333813,0.003407609
urn:mavedb:00000713-a-1#670,NA,NA,p.Met69Cys,-0.0133937121353142,0.0363658598628357,0.134459,0.00472598
urn:mavedb:00000713-a-1#671,NA,NA,p.Met69Asp,-0.923610489885629,0.0832171510948463,0.01617041,0.01081461
urn:mavedb:00000713-a-1#672,NA,NA,p.Met69Glu,-0.66471632872373,0.0414328013509926,0.04981539,0.005384462
urn:mavedb:00000713-a-1#673,NA,NA,p.Met69Phe,-0.115980344012587,0.0442224578115602,0.1211272,0.005746996
urn:mavedb:00000713-a-1#674,NA,NA,p.Met69Gly,-0.122484828022687,0.0227039195202294,0.1202819,0.002950522
urn:mavedb:00000713-a-1#675,NA,NA,p.Met69His,-0.125168033481486,0.0489811653993355,0.1199332,0.006365421
urn:mavedb:00000713-a-1#676,NA,NA,p.Met69Ile,0.0021691873210071,0.047179147082263,0.1364815,0.006131237
urn:mavedb:00000713-a-1#677,NA,NA,p.Met69Lys,-0.717016673909263,0.0504696634318847,0.04301862,0.006558861
urn:mavedb:00000713-a-1#678,NA,NA,p.Met69Leu,-0.0933950949672229,0.024961813444417,0.1240623,0.00324395
urn:mavedb:00000713-a-1#679,NA,NA,p.His70Ter,NA,NA,NA,NA
urn:mavedb:00000713-a-1#680,NA,NA,p.His70Ala,-0.154060008061782,0.286372278067978,0.1161785,0.03721594
urn:mavedb:00000713-a-1#681,NA,NA,p.His70Cys,NA,NA,NA,NA
urn:mavedb:00000713-a-1#682,NA,NA,p.His70Asp,-0.249530412785924,0.34765232005378,0.1037715,0.04517968
urn:mavedb:00000713-a-1#683,NA,NA,p.His70Glu,NA,NA,NA,NA
urn:mavedb:00000713-a-1#684,NA,NA,p.His70Phe,NA,NA,NA,NA
urn:mavedb:00000713-a-1#685,NA,NA,p.His70Gly,NA,NA,NA,NA
urn:mavedb:00000713-a-1#686,NA,NA,p.Met71Ter,NA,NA,NA,NA
urn:mavedb:00000713-a-1#687,NA,NA,p.Met71Ala,NA,NA,NA,NA
urn:mavedb:00000713-a-1#688,NA,NA,p.Met71Cys,NA,NA,NA,NA
urn:mavedb:00000713-a-1#689,NA,NA,p.Met71Asp,NA,NA,NA,NA
urn:mavedb:00000713-a-1#690,NA,NA,p.Met71Glu,NA,NA,NA,NA
urn:mavedb:00000713-a-1#691,NA,NA,p.Met71Phe,NA,NA,NA,NA
urn:mavedb:00000713-a-1#692,NA,NA,p.Met71Gly,NA,NA,NA,NA
urn:mavedb:00000713-a-1#693,NA,NA,p.Met71His,NA,NA,NA,NA
urn:mavedb:00000713-a-1#694,NA,NA,p.Met71Ile,-0.248404651505104,0.363414132217614,0.1039178,0.04722803
urn:mavedb:00000713-a-1#695,NA,NA,p.Met71Lys,-0.380882207583152,0.835686533184136,0.08670148,0.1086029
urn:mavedb:00000713-a-1#696,NA,NA,p.Met71Leu,-0.0091030457635739,0.454381491818474,0.1350166,0.05904983
urn:mavedb:00000713-a-1#697,NA,NA,p.Gln72Ter,NA,NA,NA,NA
urn:mavedb:00000713-a-1#698,NA,NA,p.Gln72Ala,NA,NA,NA,NA
urn:mavedb:00000713-a-1#699,NA,NA,p.Gln72Cys,NA,NA,NA,NA
urn:mavedb:00000713-a-1#700,NA,NA,p.Gln72Asp,NA,NA,NA,NA
urn:mavedb:00000713-a-1#701,NA,NA,p.Gln72Glu,NA,NA,NA,NA
urn:mavedb:00000713-a-1#702,NA,NA,p.Gln72Phe,NA,NA,NA,NA
urn:mavedb:00000713-a-1#703,NA,NA,p.Gln72Gly,NA,NA,NA,NA
urn:mavedb:00000713-a-1#704,NA,NA,p.Gln72His,NA,NA,NA,NA
urn:mavedb:00000713-a-1#705,NA,NA,p.Gln72Ile,NA,NA,NA,NA
urn:mavedb:00000713-a-1#706,NA,NA,p.Gln72Lys,NA,NA,NA,NA
urn:mavedb:00000713-a-1#707,NA,NA,p.Gln72Leu,NA,NA,NA,NA
urn:mavedb:00000713-a-1#708,NA,NA,p.Gln72Met,NA,NA,NA,NA
urn:mavedb:00000713-a-1#709,NA,NA,p.Gln72Asn,NA,NA,NA,NA
urn:mavedb:00000713-a-1#710,NA,NA,p.Gln72Pro,NA,NA,NA,NA
urn:mavedb:00000713-a-1#711,NA,NA,p.Ile73Ter,NA,NA,NA,NA
urn:mavedb:00000713-a-1#712,NA,NA,p.Ile73Ala,NA,NA,NA,NA
urn:mavedb:00000713-a-1#713,NA,NA,p.Ile73Cys,NA,NA,NA,NA
urn:mavedb:00000713-a-1#714,NA,NA,p.Ile73Asp,NA,NA,NA,NA
urn:mavedb:00000713-a-1#715,NA,NA,p.Ile73Glu,NA,NA,NA,NA
urn:mavedb:00000713-a-1#716,NA,NA,p.Ile73Phe,-0.179092999167495,1.06622828491277,0.1129253,0.1385633
urn:mavedb:00000713-a-1#717,NA,NA,p.Ile73Gly,NA,NA,NA,NA
urn:mavedb:00000713-a-1#718,NA,NA,p.Ile73His,NA,NA,NA,NA
urn:mavedb:00000713-a-1#719,NA,NA,p.Lys74Ter,NA,NA,NA,NA
urn:mavedb:00000713-a-1#720,NA,NA,p.Lys74Ala,NA,NA,NA,NA
urn:mavedb:00000713-a-1#721,NA,NA,p.Lys74Cys,NA,NA,NA,NA
urn:mavedb:00000713-a-1#722,NA,NA,p.Lys74Asp,NA,NA,NA,NA
urn:mavedb:00000713-a-1#723,NA,NA,p.Lys74Glu,NA,NA,NA,NA
urn:mavedb:00000713-a-1#724,NA,NA,p.Lys74Phe,NA,NA,NA,NA
urn:mavedb:00000713-a-1#725,NA,NA,p.Lys74Gly,-0.0148349635905275,0.211096322457887,0.1342717,0.02743334
urn:mavedb:00000713-a-1#726,NA,NA,p.Lys74His,NA,NA,NA,NA
urn:mavedb:00000713-a-1#727,NA,NA,p.Lys74Ile,NA,NA,NA,NA
urn:mavedb:00000713-a-1#728,NA,NA,p.Gln75Ter,NA,NA,NA,NA
urn:mavedb:00000713-a-1#729,NA,NA,p.Gln75Ala,NA,NA,NA,NA
urn:mavedb:00000713-a-1#730,NA,NA,p.Gln75Cys,NA,NA,NA,NA
urn:mavedb:00000713-a-1#731,NA,NA,p.Gln75Asp,NA,NA,NA,NA
urn:mavedb:00000713-a-1#732,NA,NA,p.Gln75Glu,NA,NA,NA,NA
urn:mavedb:00000713-a-1#733,NA,NA,p.Gln75Phe,NA,NA,NA,NA
urn:mavedb:00000713-a-1#734,NA,NA,p.Gln75Gly,NA,NA,NA,NA
urn:mavedb:00000713-a-1#735,NA,NA,p.Gln75His,-0.293802148623748,0.932061856067024,0.0980181,0.1211275
urn:mavedb:00000713-a-1#736,NA,NA,p.Gln75Ile,NA,NA,NA,NA
urn:mavedb:00000713-a-1#737,NA,NA,p.Gln75Lys,NA,NA,NA,NA
urn:mavedb:00000713-a-1#738,NA,NA,p.Gln75Leu,NA,NA,NA,NA
urn:mavedb:00000713-a-1#739,NA,NA,p.Gln75Met,NA,NA,NA,NA
urn:mavedb:00000713-a-1#740,NA,NA,p.Gln75Asn,NA,NA,NA,NA
urn:mavedb:00000713-a-1#741,NA,NA,p.Gln75Pro,NA,NA,NA,NA
urn:mavedb:00000713-a-1#742,NA,NA,p.Glu76Ter,-0.963802322177971,0.213561608849885,0.01094722,0.02775372
urn:mavedb:00000713-a-1#743,NA,NA,p.Glu76Ala,-0.0108513230226474,0.0326794110392335,0.1347894,0.004246902
urn:mavedb:00000713-a-1#744,NA,NA,p.Glu76Cys,-0.03101499260749,0.0589314253992705,0.132169,0.007658522
urn:mavedb:00000713-a-1#745,NA,NA,p.Glu76Asp,-0.095005633833086,0.052273151471477,0.123853,0.006793236
urn:mavedb:00000713-a-1#746,NA,NA,p.=,0.0,0.0149071569762873,0.1361996,0.001937282
urn:mavedb:00000713-a-1#747,NA,NA,p.Glu76Phe,-0.174983162529858,0.0891714510203353,0.1134594,0.01158841
urn:mavedb:00000713-a-1#748,NA,NA,p.Glu76Gly,0.017128038516601,0.0294022991745823,0.1384255,0.00382102
urn:mavedb:00000713-a-1#749,NA,NA,p.Glu76His,0.130694497950969,0.0614827790498194,0.1531842,0.007990087
urn:mavedb:00000713-a-1#750,NA,NA,p.Glu76Ile,-0.0041729346725156,0.0772576186493918,0.1356573,0.01004013
urn:mavedb:00000713-a-1#751,NA,NA,p.Glu76Lys,-0.0740270762124339,0.0546513010162843,0.1265793,0.007102292
urn:mavedb:00000713-a-1#752,NA,NA,p.Glu76Leu,-0.0543643434654685,0.0386631054151171,0.1291346,0.005024522
urn:mavedb:00000713-a-1#753,NA,NA,p.Glu76Met,-0.0514295153553865,0.047830280327798,0.129516,0.006215856
urn:mavedb:00000713-a-1#754,NA,NA,p.Glu76Asn,-0.0708013815513266,0.083263782081598,0.1269985,0.01082067
urn:mavedb:00000713-a-1#755,NA,NA,p.Glu76Pro,0.0287942495750577,0.0443197365136254,0.1399416,0.005759638
urn:mavedb:00000713-a-1#756,NA,NA,p.Glu76Gln,0.0680373798283545,0.0479403940935433,0.1450415,0.006230166
urn:mavedb:00000713-a-1#757,NA,NA,p.Glu76Arg,0.0014250922023785,0.0282897884810861,0.1363848,0.003676442
urn:mavedb:00000713-a-1#758,NA,NA,p.Glu76Ser,-0.0126650067812901,0.0362184490025713,0.1345537,0.004706823
urn:mavedb:00000713-a-1#759,NA,NA,p.Glu76Thr,-0.023007698083758,0.0433979434779908,0.1332096,0.005639845
urn:mavedb:00000713-a-1#760,NA,NA,p.Glu76Val,-0.0083166287922827,0.0318771272206353,0.1351188,0.00414264
urn:mavedb:00000713-a-1#761,NA,NA,p.Glu76Trp,-0.0778752868517943,0.0382399407526689,0.1260792,0.004969529
urn:mavedb:00000713-a-1#762,NA,NA,p.Glu76Tyr,-0.0436338300949665,0.0612684227135254,0.1305291,0.00796223
urn:mavedb:00000713-a-1#763,NA,NA,p.Gln75Arg,NA,NA,NA,NA
urn:mavedb:00000713-a-1#764,NA,NA,p.Gln75Ser,NA,NA,NA,NA
urn:mavedb:00000713-a-1#765,NA,NA,p.Gln75Thr,NA,NA,NA,NA
urn:mavedb:00000713-a-1#766,NA,NA,p.Gln75Val,NA,NA,NA,NA
urn:mavedb:00000713-a-1#767,NA,NA,p.Gln75Trp,NA,NA,NA,NA
urn:mavedb:00000713-a-1#768,NA,NA,p.Gln75Tyr,NA,NA,NA,NA
urn:mavedb:00000713-a-1#769,NA,NA,p.Lys74Leu,NA,NA,NA,NA
urn:mavedb:00000713-a-1#770,NA,NA,p.Lys74Met,NA,NA,NA,NA
urn:mavedb:00000713-a-1#771,NA,NA,p.Lys74Asn,0.0170449337877366,0.537642503742443,0.1384147,0.06987014
urn:mavedb:00000713-a-1#772,NA,NA,p.Lys74Pro,-0.0626640435166863,0.581629451986261,0.128056,0.07558653
urn:mavedb:00000713-a-1#773,NA,NA,p.Lys74Gln,NA,NA,NA,NA
urn:mavedb:00000713-a-1#774,NA,NA,p.Lys74Arg,-0.249795116737122,0.365539766504791,0.1037371,0.04750427
urn:mavedb:00000713-a-1#775,NA,NA,p.Lys74Ser,-0.224929104577368,0.164136456436592,0.1069686,0.0213306
urn:mavedb:00000713-a-1#776,NA,NA,p.Lys74Thr,NA,NA,NA,NA
urn:mavedb:00000713-a-1#777,NA,NA,p.Lys74Val,-0.422202417416298,0.479605623800575,0.08133165,0.06232787
urn:mavedb:00000713-a-1#778,NA,NA,p.Lys74Trp,-0.107697572702434,0.201870851116884,0.1222036,0.02623443
urn:mavedb:00000713-a-1#779,NA,NA,p.Lys74Tyr,NA,NA,NA,NA
urn:mavedb:00000713-a-1#780,NA,NA,p.Ile73Lys,NA,NA,NA,NA
urn:mavedb:00000713-a-1#781,NA,NA,p.Ile73Leu,NA,NA,NA,NA
urn:mavedb:00000713-a-1#782,NA,NA,p.Ile73Met,NA,NA,NA,NA
urn:mavedb:00000713-a-1#783,NA,NA,p.Ile73Asn,NA,NA,NA,NA
urn:mavedb:00000713-a-1#784,NA,NA,p.Ile73Pro,NA,NA,NA,NA
urn:mavedb:00000713-a-1#785,NA,NA,p.Ile73Gln,NA,NA,NA,NA
urn:mavedb:00000713-a-1#786,NA,NA,p.Ile73Arg,NA,NA,NA,NA
urn:mavedb:00000713-a-1#787,NA,NA,p.Ile73Ser,NA,NA,NA,NA
urn:mavedb:00000713-a-1#788,NA,NA,p.Ile73Thr,0.0018421548231611,0.166425606972691,0.136439,0.02162809
urn:mavedb:00000713-a-1#789,NA,NA,p.Ile73Val,-0.244265574314718,0.407969039724162,0.1044557,0.05301823
urn:mavedb:00000713-a-1#790,NA,NA,p.Ile73Trp,NA,NA,NA,NA
urn:mavedb:00000713-a-1#791,NA,NA,p.Ile73Tyr,NA,NA,NA,NA
urn:mavedb:00000713-a-1#792,NA,NA,p.Gln72Arg,NA,NA,NA,NA
urn:mavedb:00000713-a-1#793,NA,NA,p.Gln72Ser,NA,NA,NA,NA
urn:mavedb:00000713-a-1#794,NA,NA,p.Gln72Thr,NA,NA,NA,NA
urn:mavedb:00000713-a-1#795,NA,NA,p.Gln72Val,NA,NA,NA,NA
urn:mavedb:00000713-a-1#796,NA,NA,p.Gln72Trp,NA,NA,NA,NA
urn:mavedb:00000713-a-1#797,NA,NA,p.Gln72Tyr,NA,NA,NA,NA
urn:mavedb:00000713-a-1#798,NA,NA,p.Met71Asn,NA,NA,NA,NA
urn:mavedb:00000713-a-1#799,NA,NA,p.Met71Pro,NA,NA,NA,NA
urn:mavedb:00000713-a-1#800,NA,NA,p.Met71Gln,NA,NA,NA,NA
urn:mavedb:00000713-a-1#801,NA,NA,p.Met71Arg,-0.326196294986273,0.501232552204016,0.09380827,0.06513843
urn:mavedb:00000713-a-1#802,NA,NA,p.Met71Ser,-0.380882207583152,0.529882445787083,0.08670148,0.06886167
urn:mavedb:00000713-a-1#803,NA,NA,p.Met71Thr,-0.149843212560143,0.164015031193862,0.1167265,0.02131482
urn:mavedb:00000713-a-1#804,NA,NA,p.Met71Val,0.097861974143685,0.164683639517105,0.1489174,0.02140171
urn:mavedb:00000713-a-1#805,NA,NA,p.Met71Trp,NA,NA,NA,NA
urn:mavedb:00000713-a-1#806,NA,NA,p.Met71Tyr,NA,NA,NA,NA
urn:mavedb:00000713-a-1#807,NA,NA,p.His70Ile,NA,NA,NA,NA
urn:mavedb:00000713-a-1#808,NA,NA,p.His70Lys,NA,NA,NA,NA
urn:mavedb:00000713-a-1#809,NA,NA,p.His70Leu,NA,NA,NA,NA
urn:mavedb:00000713-a-1#810,NA,NA,p.His70Met,NA,NA,NA,NA
urn:mavedb:00000713-a-1#811,NA,NA,p.His70Asn,-0.310280277381101,0.427343291333615,0.09587666,0.05553604
urn:mavedb:00000713-a-1#812,NA,NA,p.His70Pro,NA,NA,NA,NA
urn:mavedb:00000713-a-1#813,NA,NA,p.His70Gln,NA,NA,NA,NA
urn:mavedb:00000713-a-1#814,NA,NA,p.His70Arg,0.0278793280693189,0.110739128830048,0.1398227,0.01439127
urn:mavedb:00000713-a-1#815,NA,NA,p.His70Ser,NA,NA,NA,NA
urn:mavedb:00000713-a-1#816,NA,NA,p.His70Thr,NA,NA,NA,NA
urn:mavedb:00000713-a-1#817,NA,NA,p.His70Val,NA,NA,NA,NA
urn:mavedb:00000713-a-1#818,NA,NA,p.His70Trp,NA,NA,NA,NA
urn:mavedb:00000713-a-1#819,NA,NA,p.His70Tyr,-0.103818582533865,0.317028996955475,0.1227077,0.04119998
urn:mavedb:00000713-a-1#820,NA,NA,p.Met69Asn,-0.152120897721612,0.046267349698739,0.1164305,0.006012743
urn:mavedb:00000713-a-1#821,NA,NA,p.Met69Pro,-0.763779704841267,0.078766354222396,0.03694146,0.0102362
urn:mavedb:00000713-a-1#822,NA,NA,p.Met69Gln,-0.152514875695488,0.0333924342231255,0.1163793,0.004339564
urn:mavedb:00000713-a-1#823,NA,NA,p.Met69Arg,-0.583687756053292,0.0292313727540022,0.06034558,0.003798807
urn:mavedb:00000713-a-1#824,NA,NA,p.Met69Ser,-0.0451274067498352,0.0276141701200654,0.130335,0.003588641
urn:mavedb:00000713-a-1#825,NA,NA,p.Met69Thr,-0.0210254964026958,0.0289159595284326,0.1334672,0.003757817
urn:mavedb:00000713-a-1#826,NA,NA,p.Met69Val,-0.0655480854035735,0.0236098226239099,0.1276812,0.00306825
urn:mavedb:00000713-a-1#827,NA,NA,p.Met69Trp,-0.260773405317757,0.0291656661540232,0.1023104,0.003790268
urn:mavedb:00000713-a-1#828,NA,NA,p.Met69Tyr,-0.134927452705442,0.0405205345796482,0.1186649,0.005265907
urn:mavedb:00000713-a-1#829,NA,NA,p.Ile68Lys,-0.821056638206964,0.0556406320338859,0.02949795,0.007230862
urn:mavedb:00000713-a-1#830,NA,NA,p.Ile68Leu,-0.0841974021513313,0.0227765669040451,0.1252576,0.002959963
urn:mavedb:00000713-a-1#831,NA,NA,p.Ile68Met,-0.0105466056834778,0.0299564076491681,0.134829,0.00389303
urn:mavedb:00000713-a-1#832,NA,NA,p.Ile68Asn,-0.814901194058094,0.0922963427232832,0.03029789,0.01199451
urn:mavedb:00000713-a-1#833,NA,NA,p.Ile68Pro,-0.84379062932723,0.0730726184014262,0.02654352,0.009496262
urn:mavedb:00000713-a-1#834,NA,NA,p.Ile68Gln,-0.434385647616644,0.0361077273411241,0.07974836,0.004692434
urn:mavedb:00000713-a-1#835,NA,NA,p.Ile68Arg,-0.869848424857958,0.0371083159715339,0.02315714,0.004822467
urn:mavedb:00000713-a-1#836,NA,NA,p.Ile68Ser,-0.335921471983984,0.0284188393521774,0.09254442,0.003693213
urn:mavedb:00000713-a-1#837,NA,NA,p.Ile68Thr,-0.196708893222059,0.0320583647835004,0.110636,0.004166193
urn:mavedb:00000713-a-1#838,NA,NA,p.Ile68Val,-0.0114615271892166,0.0225617411799305,0.1347101,0.002932045
urn:mavedb:00000713-a-1#839,NA,NA,p.Ile68Trp,-0.873997736241806,0.0503128955947408,0.02261791,0.006538488
urn:mavedb:00000713-a-1#840,NA,NA,p.Ile68Tyr,-0.567643464760142,0.0574014288664652,0.06243064,0.007459689
urn:mavedb:00000713-a-1#841,NA,NA,p.Thr67Val,NA,NA,NA,NA
urn:mavedb:00000713-a-1#842,NA,NA,p.Thr67Trp,NA,NA,NA,NA
urn:mavedb:00000713-a-1#843,NA,NA,p.Thr67Tyr,NA,NA,NA,NA
urn:mavedb:00000713-a-1#844,NA,NA,p.Leu66Met,0.0022507530734111,0.0843488374350398,0.1364921,0.01096168
urn:mavedb:00000713-a-1#845,NA,NA,p.Leu66Asn,NA,NA,NA,NA
urn:mavedb:00000713-a-1#846,NA,NA,p.Leu66Pro,NA,NA,NA,NA
urn:mavedb:00000713-a-1#847,NA,NA,p.Leu66Gln,0.0573322595694502,0.122097775442884,0.1436503,0.0158674
urn:mavedb:00000713-a-1#848,NA,NA,p.Leu66Arg,-0.0792388199957549,0.0714442735779157,0.125902,0.009284648
urn:mavedb:00000713-a-1#849,NA,NA,p.Leu66Ser,-0.0588204498067074,0.0711385789886938,0.1285555,0.009244921
urn:mavedb:00000713-a-1#850,NA,NA,p.Leu66Thr,0.0610681249271975,0.125165186375034,0.1441358,0.01626603
urn:mavedb:00000713-a-1#851,NA,NA,p.Leu66Val,-0.0128127485214935,0.072285508890728,0.1345345,0.009393972
urn:mavedb:00000713-a-1#852,NA,NA,p.Leu66Trp,-0.0905272123331705,0.0855757864181351,0.124435,0.01112113
urn:mavedb:00000713-a-1#853,NA,NA,p.Leu66Tyr,-0.582671646845279,0.977700203001729,0.06047763,0.1270585
urn:mavedb:00000713-a-1#854,NA,NA,p.Phe65Gly,-0.784461086107406,0.858290249947025,0.03425378,0.1115404
urn:mavedb:00000713-a-1#855,NA,NA,p.Phe65His,NA,NA,NA,NA
urn:mavedb:00000713-a-1#856,NA,NA,p.Phe65Ile,-0.388039294561308,0.337229525026545,0.08577137,0.04382517
urn:mavedb:00000713-a-1#857,NA,NA,p.Phe65Lys,NA,NA,NA,NA
urn:mavedb:00000713-a-1#858,NA,NA,p.Phe65Leu,-0.183669915160879,0.126532490011322,0.1123305,0.01644372
urn:mavedb:00000713-a-1#859,NA,NA,p.Phe65Met,-0.262843328657065,0.393593460607079,0.1020414,0.05115003
urn:mavedb:00000713-a-1#860,NA,NA,p.Phe65Asn,NA,NA,NA,NA
urn:mavedb:00000713-a-1#861,NA,NA,p.Phe65Pro,NA,NA,NA,NA
urn:mavedb:00000713-a-1#862,NA,NA,p.Phe65Gln,-0.582671646845279,0.977700203001729,0.06047763,0.1270585
urn:mavedb:00000713-a-1#863,NA,NA,p.Phe65Arg,-0.993198149956537,0.595985101358181,0.007127041,0.07745214
urn:mavedb:00000713-a-1#864,NA,NA,p.Phe65Ser,-0.207682564873313,0.28363613181894,0.1092099,0.03686036
urn:mavedb:00000713-a-1#865,NA,NA,p.Phe65Thr,NA,NA,NA,NA
urn:mavedb:00000713-a-1#866,NA,NA,p.Phe65Val,NA,NA,NA,NA
urn:mavedb:00000713-a-1#867,NA,NA,p.Phe65Trp,NA,NA,NA,NA
urn:mavedb:00000713-a-1#868,NA,NA,p.Phe65Tyr,-0.135741571253021,0.211288925361913,0.1185591,0.02745837
urn:mavedb:00000713-a-1#869,NA,NA,p.Thr64Val,NA,NA,NA,NA
urn:mavedb:00000713-a-1#870,NA,NA,p.Thr64Trp,NA,NA,NA,NA
urn:mavedb:00000713-a-1#871,NA,NA,p.Thr64Tyr,NA,NA,NA,NA
urn:mavedb:00000713-a-1#872,NA,NA,p.Ser63Thr,-0.134621196389812,0.150574072481212,0.1187047,0.01956808
urn:mavedb:00000713-a-1#873,NA,NA,p.Ser63Val,0.0148311161493763,0.066184367526265,0.138127,0.008601089
urn:mavedb:00000713-a-1#874,NA,NA,p.Ser63Trp,-0.0010711276164746,0.116949437489734,0.1360604,0.01519834
urn:mavedb:00000713-a-1#875,NA,NA,p.Ser63Tyr,-0.348958526324589,0.248388415303446,0.09085017,0.03227969
urn:mavedb:00000713-a-1#876,NA,NA,p.Phe62Gly,-0.524547891682218,0.0487191854364728,0.06803119,0.006331375
urn:mavedb:00000713-a-1#877,NA,NA,p.Phe62His,-0.474862806144754,0.141758353622805,0.07448809,0.01842242
urn:mavedb:00000713-a-1#878,NA,NA,p.Phe62Ile,-0.140327721105168,0.0912988551304412,0.1179631,0.01186488
urn:mavedb:00000713-a-1#879,NA,NA,p.Phe62Lys,-0.449100186299141,0.0834775459119548,0.07783611,0.01084845
urn:mavedb:00000713-a-1#880,NA,NA,p.Phe62Leu,-0.0715423987170342,0.0507307738730473,0.1269022,0.006592794
urn:mavedb:00000713-a-1#881,NA,NA,p.Phe62Met,-0.150775062806947,0.0592872521466916,0.1166054,0.007704764
urn:mavedb:00000713-a-1#882,NA,NA,p.Phe62Asn,-1.18333993052144,0.580580100886702,-0.01758312,0.07545016
urn:mavedb:00000713-a-1#883,NA,NA,p.Phe62Pro,-0.514133561025516,0.0967059719754164,0.0693846,0.01256757
urn:mavedb:00000713-a-1#884,NA,NA,p.Phe62Gln,-0.111366492584152,0.0554453436159368,0.1217268,0.007205483
urn:mavedb:00000713-a-1#885,NA,NA,p.Phe62Arg,-0.319048595764526,0.0450133839838804,0.09473716,0.005849782
urn:mavedb:00000713-a-1#886,NA,NA,p.Phe62Ser,-0.205838101585461,0.0450763281211129,0.1094496,0.005857962
urn:mavedb:00000713-a-1#887,NA,NA,p.Phe62Thr,-0.259245201692528,0.0724272409278533,0.102509,0.009412391
urn:mavedb:00000713-a-1#888,NA,NA,p.Phe62Val,-0.155690553621631,0.048830722755444,0.1159666,0.00634587
urn:mavedb:00000713-a-1#889,NA,NA,p.Phe62Trp,-0.01103061378029,0.0480099558295557,0.1347661,0.006239206
urn:mavedb:00000713-a-1#890,NA,NA,p.Phe62Tyr,-0.0721849213892728,0.0968970359029815,0.1268187,0.0125924
urn:mavedb:00000713-a-1#891,NA,NA,p.Asp61Glu,-0.19749607968158,0.133067676601809,0.1105337,0.01729301
urn:mavedb:00000713-a-1#892,NA,NA,p.Asp61Phe,NA,NA,NA,NA
urn:mavedb:00000713-a-1#893,NA,NA,p.Asp61Gly,-0.0325316539092655,0.0680412734387995,0.1319719,0.008842406
urn:mavedb:00000713-a-1#894,NA,NA,p.Asp61His,-0.140151508300447,0.255135672850183,0.117986,0.03315654
urn:mavedb:00000713-a-1#895,NA,NA,p.Asp61Ile,-0.380882207583152,1.18083355345795,0.08670148,0.153457
urn:mavedb:00000713-a-1#896,NA,NA,p.Asp61Lys,0.087658560210888,0.497358102016005,0.1475914,0.06463492
urn:mavedb:00000713-a-1#897,NA,NA,p.Asp61Leu,-0.147156929148424,0.157086790015376,0.1170756,0.02041445
urn:mavedb:00000713-a-1#898,NA,NA,p.Asp61Met,-0.349095341331923,0.284050655128563,0.09083239,0.03691423
urn:mavedb:00000713-a-1#899,NA,NA,p.Asp61Asn,0.137965392238374,0.253944658967439,0.1541291,0.03300176
urn:mavedb:00000713-a-1#900,NA,NA,p.Asp61Pro,0.0139839096078974,0.141224328791028,0.1380169,0.01835302
urn:mavedb:00000713-a-1#901,NA,NA,p.Asp61Gln,-0.357197205959149,0.327021340266721,0.0897795,0.04249855
urn:mavedb:00000713-a-1#902,NA,NA,p.Asp61Arg,-0.125097240564305,0.117106259191054,0.1199424,0.01521872
urn:mavedb:00000713-a-1#903,NA,NA,p.Asp61Ser,-0.0216333921045743,0.166892070737854,0.1333882,0.02168871
urn:mavedb:00000713-a-1#904,NA,NA,p.Asp61Thr,NA,NA,NA,NA
urn:mavedb:00000713-a-1#905,NA,NA,p.Asp61Val,-0.122954985331356,0.228476522267533,0.1202208,0.02969201
urn:mavedb:00000713-a-1#906,NA,NA,p.Asp61Trp,-0.435736945897744,0.181872929296832,0.07957275,0.02363557
urn:mavedb:00000713-a-1#907,NA,NA,p.Asp61Tyr,0.254014220703452,0.315975721465941,0.1692104,0.0410631
urn:mavedb:00000713-a-1#908,NA,NA,p.Leu60Met,-0.0639860242962146,0.028509308083405,0.1278842,0.00370497
urn:mavedb:00000713-a-1#909,NA,NA,p.Leu60Asn,-1.23468464827385,0.177220141763948,-0.0242557,0.02303091
urn:mavedb:00000713-a-1#910,NA,NA,p.Leu60Pro,-1.14892379993635,0.109903695458492,-0.01311052,0.0142827
urn:mavedb:00000713-a-1#911,NA,NA,p.Leu60Gln,-0.959230792602199,0.0753312202547856,0.01154132,0.009789782
urn:mavedb:00000713-a-1#912,NA,NA,p.Leu60Arg,-0.983401233571122,0.0438162449748239,0.008400214,0.005694206
urn:mavedb:00000713-a-1#913,NA,NA,p.Leu60Ser,-0.746004526723046,0.043903158670428,0.03925146,0.005705501
urn:mavedb:00000713-a-1#914,NA,NA,p.Leu60Thr,-0.322488746795398,0.0336490508530236,0.09429009,0.004372913
urn:mavedb:00000713-a-1#915,NA,NA,p.Leu60Val,-0.0141924409182887,0.0245731834137414,0.1343552,0.003193445
urn:mavedb:00000713-a-1#916,NA,NA,p.Leu60Trp,-1.01377749708335,0.0616943883131316,0.004452621,0.008017587
urn:mavedb:00000713-a-1#917,NA,NA,p.Leu60Tyr,-0.547954569413348,0.0543167583133112,0.06498934,0.007058816
urn:mavedb:00000713-a-1#918,NA,NA,p.Glu59Phe,-0.411437738768374,0.23830519543221,0.08273059,0.03096931
urn:mavedb:00000713-a-1#919,NA,NA,p.Glu59Gly,-0.131136953683349,0.0697809555143414,0.1191575,0.009068489
urn:mavedb:00000713-a-1#920,NA,NA,p.Glu59His,-0.355080574684267,0.175458860153783,0.09005457,0.02280202
urn:mavedb:00000713-a-1#921,NA,NA,p.Glu59Ile,-0.213382164194597,0.3633261797129,0.1084692,0.0472166
urn:mavedb:00000713-a-1#922,NA,NA,p.Glu59Lys,-0.164445790705143,0.104458411997298,0.1148288,0.01357505
urn:mavedb:00000713-a-1#923,NA,NA,p.Glu59Leu,0.0129504869147039,0.0753145839192481,0.1378826,0.00978762
urn:mavedb:00000713-a-1#924,NA,NA,p.Glu59Met,-0.397365876655762,0.0987877454334699,0.08455932,0.01283811
urn:mavedb:00000713-a-1#925,NA,NA,p.Glu59Asn,0.128464521059774,0.45044509782793,0.1528944,0.05853827
urn:mavedb:00000713-a-1#926,NA,NA,p.Glu59Pro,-0.441673239798646,0.140950390981067,0.07880129,0.01831742
urn:mavedb:00000713-a-1#927,NA,NA,p.Glu59Gln,-0.0134583491466531,0.165775928059911,0.1344506,0.02154366
urn:mavedb:00000713-a-1#928,NA,NA,p.Glu59Arg,-0.219535761571714,0.0643639507456078,0.1076695,0.008364514
urn:mavedb:00000713-a-1#929,NA,NA,p.Glu59Ser,-0.118534275448707,0.0870065728334174,0.1207953,0.01130707
urn:mavedb:00000713-a-1#930,NA,NA,p.Glu59Thr,0.0136445652983678,0.109473551537796,0.1379728,0.0142268
urn:mavedb:00000713-a-1#931,NA,NA,p.Glu59Val,-0.1727439517799,0.0979326901120427,0.1137504,0.01272699
urn:mavedb:00000713-a-1#932,NA,NA,p.Glu59Trp,-0.166791190830872,0.0777030753858697,0.114524,0.01009802
urn:mavedb:00000713-a-1#933,NA,NA,p.Glu59Tyr,-0.255954870020082,0.404611223933924,0.1029366,0.05258186
urn:mavedb:00000713-a-1#934,NA,NA,p.Gly58His,-0.194016453904498,0.114277312661451,0.1109859,0.01485108
urn:mavedb:00000713-a-1#935,NA,NA,p.Gly58Ile,-0.357544168202158,0.186234696381046,0.08973441,0.02420241
urn:mavedb:00000713-a-1#936,NA,NA,p.Gly58Lys,-0.014087790518978,0.0857097543190175,0.1343688,0.01113854
urn:mavedb:00000713-a-1#937,NA,NA,p.Gly58Leu,-0.252073571386821,0.0787028714434024,0.103441,0.01022795
urn:mavedb:00000713-a-1#938,NA,NA,p.Gly58Met,-0.214117794942693,0.0972008298562748,0.1083736,0.01263188
urn:mavedb:00000713-a-1#939,NA,NA,p.Gly58Asn,0.0965946270285026,0.370931493585162,0.1487527,0.04820496
urn:mavedb:00000713-a-1#940,NA,NA,p.Gly58Pro,-0.318468555536582,0.103799345328109,0.09481254,0.0134894
urn:mavedb:00000713-a-1#941,NA,NA,p.Gly58Gln,-0.150595002561074,0.0957668115904255,0.1166288,0.01244552
urn:mavedb:00000713-a-1#942,NA,NA,p.Gly58Arg,-0.0858294866876407,0.0402015663184549,0.1250455,0.005224455
urn:mavedb:00000713-a-1#943,NA,NA,p.Gly58Ser,-0.0374671514179353,0.0494195659287422,0.1313305,0.006422394
urn:mavedb:00000713-a-1#944,NA,NA,p.Gly58Thr,-0.0148003366201672,0.0678326728744676,0.1342762,0.008815297
urn:mavedb:00000713-a-1#945,NA,NA,p.Gly58Val,-0.204937800356096,0.0537007829850153,0.1095666,0.006978766
urn:mavedb:00000713-a-1#946,NA,NA,p.Gly58Trp,-0.511101392654311,0.0658646528614884,0.06977865,0.00855954
urn:mavedb:00000713-a-1#947,NA,NA,p.Gly58Tyr,-0.517103400850074,0.196638408100171,0.06899865,0.02555444
urn:mavedb:00000713-a-1#948,NA,NA,p.Asn57Pro,0.326717777159897,0.309535335825419,0.1786587,0.04022613
urn:mavedb:00000713-a-1#949,NA,NA,p.Asn57Gln,0.121662245104576,0.229459158737532,0.1520104,0.02981971
urn:mavedb:00000713-a-1#950,NA,NA,p.Asn57Arg,0.0205861186232367,0.0876157766652874,0.1388749,0.01138624
urn:mavedb:00000713-a-1#951,NA,NA,p.Asn57Ser,-0.114470608104883,0.177053855357396,0.1213234,0.0230093
urn:mavedb:00000713-a-1#952,NA,NA,p.Asn57Thr,0.0060981942245412,0.197242225514429,0.1369921,0.02563291
urn:mavedb:00000713-a-1#953,NA,NA,p.Asn57Val,-0.159117084710827,0.105374026042443,0.1155213,0.01369404
urn:mavedb:00000713-a-1#954,NA,NA,p.Asn57Trp,0.143742709870911,0.206719088660247,0.1548799,0.02686449
urn:mavedb:00000713-a-1#955,NA,NA,p.Asn57Tyr,-0.273828542631772,0.383146041956477,0.1006138,0.04979232
urn:mavedb:00000713-a-1#956,NA,NA,p.Gly56His,NA,NA,NA,NA
urn:mavedb:00000713-a-1#957,NA,NA,p.Gly56Ile,NA,NA,NA,NA
urn:mavedb:00000713-a-1#958,NA,NA,p.Gly56Lys,0.145019290844857,0.140704616440333,0.1550458,0.01828548
urn:mavedb:00000713-a-1#959,NA,NA,p.Gly56Leu,-0.0647416617382965,0.149146287070028,0.127786,0.01938253
urn:mavedb:00000713-a-1#960,NA,NA,p.Gly56Met,0.905533749329982,0.666296088060384,0.2538796,0.08658951
urn:mavedb:00000713-a-1#961,NA,NA,p.Gly56Asn,-0.226021777864289,0.292879224440415,0.1068266,0.03806156
urn:mavedb:00000713-a-1#962,NA,NA,p.Gly56Pro,0.085575555571666,0.333885175280337,0.1473207,0.04339055
urn:mavedb:00000713-a-1#963,NA,NA,p.Gly56Gln,NA,NA,NA,NA
urn:mavedb:00000713-a-1#964,NA,NA,p.Gly56Arg,-0.0775336340775739,0.130643788676597,0.1261236,0.01697801
urn:mavedb:00000713-a-1#965,NA,NA,p.Gly56Ser,-0.0285357015297018,0.150813998911397,0.1324912,0.01959926
urn:mavedb:00000713-a-1#966,NA,NA,p.Gly56Thr,-0.208689055478448,0.162144405306183,0.1090791,0.02107172
urn:mavedb:00000713-a-1#967,NA,NA,p.Gly56Val,0.0373417248364083,0.146826357004719,0.1410524,0.01908104
urn:mavedb:00000713-a-1#968,NA,NA,p.Gly56Trp,-0.13389941642986,0.13849326116431,0.1187985,0.0179981
urn:mavedb:00000713-a-1#969,NA,NA,p.Gly56Tyr,NA,NA,NA,NA
urn:mavedb:00000713-a-1#970,NA,NA,p.Asp55Glu,NA,NA,NA,NA
urn:mavedb:00000713-a-1#971,NA,NA,p.Asp55Phe,NA,NA,NA,NA
urn:mavedb:00000713-a-1#972,NA,NA,p.Asp55Gly,0.078364681366218,0.152742336416343,0.1463836,0.01984986
urn:mavedb:00000713-a-1#973,NA,NA,p.Asp55His,NA,NA,NA,NA
urn:mavedb:00000713-a-1#974,NA,NA,p.Asp55Ile,NA,NA,NA,NA
urn:mavedb:00000713-a-1#975,NA,NA,p.Asp55Lys,NA,NA,NA,NA
urn:mavedb:00000713-a-1#976,NA,NA,p.Asp55Leu,NA,NA,NA,NA
urn:mavedb:00000713-a-1#977,NA,NA,p.Asp55Met,NA,NA,NA,NA
urn:mavedb:00000713-a-1#978,NA,NA,p.Asp55Asn,0.0037835736280212,0.0769058009356502,0.1366913,0.009994409
urn:mavedb:00000713-a-1#979,NA,NA,p.Asp55Pro,NA,NA,NA,NA
urn:mavedb:00000713-a-1#980,NA,NA,p.Asp55Gln,NA,NA,NA,NA
urn:mavedb:00000713-a-1#981,NA,NA,p.Asp55Arg,NA,NA,NA,NA
urn:mavedb:00000713-a-1#982,NA,NA,p.Asp55Ser,NA,NA,NA,NA
urn:mavedb:00000713-a-1#983,NA,NA,p.Asp55Thr,NA,NA,NA,NA
urn:mavedb:00000713-a-1#984,NA,NA,p.Asp55Val,-0.582671646845279,0.977700203001729,0.06047763,0.1270585
urn:mavedb:00000713-a-1#985,NA,NA,p.Asp55Trp,NA,NA,NA,NA
urn:mavedb:00000713-a-1#986,NA,NA,p.Asp55Tyr,-0.335094426034137,0.489132272834889,0.0926519,0.06356592
urn:mavedb:00000713-a-1#987,NA,NA,p.Ile54Lys,NA,NA,NA,NA
urn:mavedb:00000713-a-1#988,NA,NA,p.Ile54Leu,NA,NA,NA,NA
urn:mavedb:00000713-a-1#989,NA,NA,p.Ile54Met,-0.0711945900369721,0.570548359778068,0.1269474,0.07414647
urn:mavedb:00000713-a-1#990,NA,NA,p.Ile54Asn,-0.22204121524933,0.65948704060876,0.1073439,0.08570463
urn:mavedb:00000713-a-1#991,NA,NA,p.Ile54Pro,NA,NA,NA,NA
urn:mavedb:00000713-a-1#992,NA,NA,p.Ile54Gln,NA,NA,NA,NA
urn:mavedb:00000713-a-1#993,NA,NA,p.Ile54Arg,NA,NA,NA,NA
urn:mavedb:00000713-a-1#994,NA,NA,p.Ile54Ser,NA,NA,NA,NA
urn:mavedb:00000713-a-1#995,NA,NA,p.Ile54Thr,-0.22204121524933,0.467277268120009,0.1073439,0.06072572
urn:mavedb:00000713-a-1#996,NA,NA,p.Ile54Val,-0.0610535046508233,0.725733667427732,0.1282653,0.09431381
urn:mavedb:00000713-a-1#997,NA,NA,p.Ile54Trp,NA,NA,NA,NA
urn:mavedb:00000713-a-1#998,NA,NA,p.Ile54Tyr,NA,NA,NA,NA
urn:mavedb:00000713-a-1#999,NA,NA,p.Gly53His,NA,NA,NA,NA
urn:mavedb:00000713-a-1#1000,NA,NA,p.Gly53Ile,NA,NA,NA,NA
urn:mavedb:00000713-a-1#1001,NA,NA,p.Gly53Lys,NA,NA,NA,NA
urn:mavedb:00000713-a-1#1002,NA,NA,p.Gly53Leu,NA,NA,NA,NA
urn:mavedb:00000713-a-1#1003,NA,NA,p.Gly53Met,NA,NA,NA,NA
urn:mavedb:00000713-a-1#1004,NA,NA,p.Gly53Asn,NA,NA,NA,NA
urn:mavedb:00000713-a-1#1005,NA,NA,p.Gly53Pro,NA,NA,NA,NA
urn:mavedb:00000713-a-1#1006,NA,NA,p.Gly53Gln,NA,NA,NA,NA
urn:mavedb:00000713-a-1#1007,NA,NA,p.Gly53Arg,NA,NA,NA,NA
urn:mavedb:00000713-a-1#1008,NA,NA,p.Gly53Ser,-0.160511397383997,0.0736030420282856,0.1153401,0.009565194
urn:mavedb:00000713-a-1#1009,NA,NA,p.Gly53Thr,NA,NA,NA,NA
urn:mavedb:00000713-a-1#1010,NA,NA,p.Gly53Val,-0.676504888410792,0.415003701124888,0.04828339,0.05393243
urn:mavedb:00000713-a-1#1011,NA,NA,p.Gly53Trp,NA,NA,NA,NA
urn:mavedb:00000713-a-1#1012,NA,NA,p.Gly53Tyr,NA,NA,NA,NA
urn:mavedb:00000713-a-1#1013,NA,NA,p.His52Ile,NA,NA,NA,NA
urn:mavedb:00000713-a-1#1014,NA,NA,p.His52Lys,NA,NA,NA,NA
urn:mavedb:00000713-a-1#1015,NA,NA,p.His52Leu,-0.259806158612363,0.575775955018931,0.1024361,0.07482583
urn:mavedb:00000713-a-1#1016,NA,NA,p.His52Met,NA,NA,NA,NA
urn:mavedb:00000713-a-1#1017,NA,NA,p.His52Asn,-0.29051150915601,0.3187373377754,0.09844574,0.04142199
urn:mavedb:00000713-a-1#1018,NA,NA,p.His52Pro,NA,NA,NA,NA
urn:mavedb:00000713-a-1#1019,NA,NA,p.His52Gln,NA,NA,NA,NA
urn:mavedb:00000713-a-1#1020,NA,NA,p.His52Arg,-0.035045571957414,0.24368468764972,0.1316452,0.03166841
urn:mavedb:00000713-a-1#1021,NA,NA,p.His52Ser,-0.293802148623748,0.932061856067024,0.0980181,0.1211275
urn:mavedb:00000713-a-1#1022,NA,NA,p.His52Thr,NA,NA,NA,NA
urn:mavedb:00000713-a-1#1023,NA,NA,p.His52Val,NA,NA,NA,NA
urn:mavedb:00000713-a-1#1024,NA,NA,p.His52Trp,NA,NA,NA,NA
urn:mavedb:00000713-a-1#1025,NA,NA,p.His52Tyr,-0.12167532640449,0.143086490308175,0.1203871,0.01859502
urn:mavedb:00000713-a-1#1026,NA,NA,p.Thr51Val,NA,NA,NA,NA
urn:mavedb:00000713-a-1#1027,NA,NA,p.Thr51Trp,NA,NA,NA,NA
urn:mavedb:00000713-a-1#1028,NA,NA,p.Thr51Tyr,NA,NA,NA,NA
urn:mavedb:00000713-a-1#1029,NA,NA,p.Gln50Arg,NA,NA,NA,NA
urn:mavedb:00000713-a-1#1030,NA,NA,p.Gln50Ser,NA,NA,NA,NA
urn:mavedb:00000713-a-1#1031,NA,NA,p.Gln50Thr,NA,NA,NA,NA
urn:mavedb:00000713-a-1#1032,NA,NA,p.Gln50Val,NA,NA,NA,NA
urn:mavedb:00000713-a-1#1033,NA,NA,p.Gln50Trp,NA,NA,NA,NA
urn:mavedb:00000713-a-1#1034,NA,NA,p.Gln50Tyr,NA,NA,NA,NA
urn:mavedb:00000713-a-1#1035,NA,NA,p.Leu49Met,-0.0705851553586331,0.267728424686655,0.1270266,0.03479305
urn:mavedb:00000713-a-1#1036,NA,NA,p.Leu49Asn,-0.572294867214212,0.5132635006836,0.06182616,0.06670193
urn:mavedb:00000713-a-1#1037,NA,NA,p.Leu49Pro,NA,NA,NA,NA
urn:mavedb:00000713-a-1#1038,NA,NA,p.Leu49Gln,0.197061318831503,0.770620147412684,0.161809,0.1001471
urn:mavedb:00000713-a-1#1039,NA,NA,p.Leu49Arg,-0.308175650122609,0.108128486111361,0.09615017,0.014052
urn:mavedb:00000713-a-1#1040,NA,NA,p.Leu49Ser,-0.317002988253293,0.120025928383,0.095003,0.01559815
urn:mavedb:00000713-a-1#1041,NA,NA,p.Leu49Thr,-0.291942988110699,0.172399605796874,0.09825971,0.02240445
urn:mavedb:00000713-a-1#1042,NA,NA,p.Leu49Val,-0.298386759499435,0.157222296892719,0.0974223,0.02043206
urn:mavedb:00000713-a-1#1043,NA,NA,p.Leu49Trp,-0.141994432611838,0.198462633847567,0.1177465,0.02579151
urn:mavedb:00000713-a-1#1044,NA,NA,p.Leu49Tyr,-0.0949109867807682,0.372792962562901,0.1238653,0.04844687
urn:mavedb:00000713-a-1#1045,NA,NA,p.His48Ile,NA,NA,NA,NA
urn:mavedb:00000713-a-1#1046,NA,NA,p.His48Lys,NA,NA,NA,NA
urn:mavedb:00000713-a-1#1047,NA,NA,p.His48Leu,NA,NA,NA,NA
urn:mavedb:00000713-a-1#1048,NA,NA,p.His48Met,NA,NA,NA,NA
urn:mavedb:00000713-a-1#1049,NA,NA,p.His48Asn,-0.0991393246058602,0.437378341241639,0.1233158,0.05684016
urn:mavedb:00000713-a-1#1050,NA,NA,p.His48Pro,NA,NA,NA,NA
urn:mavedb:00000713-a-1#1051,NA,NA,p.His48Gln,NA,NA,NA,NA
urn:mavedb:00000713-a-1#1052,NA,NA,p.His48Arg,-0.0576993054552681,0.316507822577143,0.1287012,0.04113225
urn:mavedb:00000713-a-1#1053,NA,NA,p.His48Ser,NA,NA,NA,NA
urn:mavedb:00000713-a-1#1054,NA,NA,p.His48Thr,NA,NA,NA,NA
urn:mavedb:00000713-a-1#1055,NA,NA,p.His48Val,NA,NA,NA,NA
urn:mavedb:00000713-a-1#1056,NA,NA,p.His48Trp,NA,NA,NA,NA
urn:mavedb:00000713-a-1#1057,NA,NA,p.His48Tyr,0.137045084315024,0.130294671866543,0.1540095,0.01693264
urn:mavedb:00000713-a-1#1058,NA,NA,p.Arg47Ser,NA,NA,NA,NA
urn:mavedb:00000713-a-1#1059,NA,NA,p.Arg47Thr,NA,NA,NA,NA
urn:mavedb:00000713-a-1#1060,NA,NA,p.Arg47Val,0.196317993201104,0.210366155076226,0.1617124,0.02733845
urn:mavedb:00000713-a-1#1061,NA,NA,p.Arg47Trp,NA,NA,NA,NA
urn:mavedb:00000713-a-1#1062,NA,NA,p.Arg47Tyr,NA,NA,NA,NA
urn:mavedb:00000713-a-1#1063,NA,NA,p.Gln46Arg,NA,NA,NA,NA
urn:mavedb:00000713-a-1#1064,NA,NA,p.Gln46Ser,0.531924898396572,0.949584642045731,0.2053267,0.1234047
urn:mavedb:00000713-a-1#1065,NA,NA,p.Gln46Thr,NA,NA,NA,NA
urn:mavedb:00000713-a-1#1066,NA,NA,p.Gln46Val,NA,NA,NA,NA
urn:mavedb:00000713-a-1#1067,NA,NA,p.Gln46Trp,NA,NA,NA,NA
urn:mavedb:00000713-a-1#1068,NA,NA,p.Gln46Tyr,NA,NA,NA,NA
urn:mavedb:00000713-a-1#1069,NA,NA,p.Val45Trp,NA,NA,NA,NA
urn:mavedb:00000713-a-1#1070,NA,NA,p.Val45Tyr,NA,NA,NA,NA
urn:mavedb:00000713-a-1#1071,NA,NA,p.Glu44Phe,NA,NA,NA,NA
urn:mavedb:00000713-a-1#1072,NA,NA,p.Glu44Gly,-0.195467708706705,0.171309933514051,0.1107973,0.02226284
urn:mavedb:00000713-a-1#1073,NA,NA,p.Glu44His,NA,NA,NA,NA
urn:mavedb:00000713-a-1#1074,NA,NA,p.Glu44Ile,NA,NA,NA,NA
urn:mavedb:00000713-a-1#1075,NA,NA,p.Glu44Lys,NA,NA,NA,NA
urn:mavedb:00000713-a-1#1076,NA,NA,p.Glu44Leu,-0.504423850741232,0.321841838040246,0.07064644,0.04182544
urn:mavedb:00000713-a-1#1077,NA,NA,p.Glu44Met,-0.273863939090362,0.417797866786485,0.1006092,0.05429555
urn:mavedb:00000713-a-1#1078,NA,NA,p.Glu44Asn,NA,NA,NA,NA
urn:mavedb:00000713-a-1#1079,NA,NA,p.Glu44Pro,NA,NA,NA,NA
urn:mavedb:00000713-a-1#1080,NA,NA,p.Glu44Gln,-0.344031647084097,0.493255036874794,0.09149045,0.0641017
urn:mavedb:00000713-a-1#1081,NA,NA,p.Glu44Arg,-0.362332385663563,0.217834961736446,0.08911215,0.02830907
urn:mavedb:00000713-a-1#1082,NA,NA,p.Glu44Ser,0.0516765210772889,0.135741494304198,0.1429153,0.01764049
urn:mavedb:00000713-a-1#1083,NA,NA,p.Glu44Thr,NA,NA,NA,NA
urn:mavedb:00000713-a-1#1084,NA,NA,p.Glu44Val,-0.0882118222484205,0.314627116393647,0.1247359,0.04088784
urn:mavedb:00000713-a-1#1085,NA,NA,p.Glu44Trp,0.156249971565005,0.132568817382153,0.1565053,0.01722818
urn:mavedb:00000713-a-1#1086,NA,NA,p.Glu44Tyr,NA,NA,NA,NA
urn:mavedb:00000713-a-1#1087,NA,NA,p.Gly43His,0.139422802946423,0.119626794837982,0.1543185,0.01554628
urn:mavedb:00000713-a-1#1088,NA,NA,p.Gly43Ile,-0.182363324145956,0.284797905148936,0.1125003,0.03701134
urn:mavedb:00000713-a-1#1089,NA,NA,p.Gly43Lys,0.0038720647744974,0.0669475305632386,0.1367028,0.008700267
urn:mavedb:00000713-a-1#1090,NA,NA,p.Gly43Leu,-0.0448980992572279,0.0472717780754176,0.1303648,0.006143275
urn:mavedb:00000713-a-1#1091,NA,NA,p.Gly43Met,-0.0898008154438372,0.0578272405684254,0.1245294,0.007515026
urn:mavedb:00000713-a-1#1092,NA,NA,p.Gly43Asn,0.0374987004353744,0.125773235974558,0.1410728,0.01634505
urn:mavedb:00000713-a-1#1093,NA,NA,p.Gly43Pro,-0.0117693224813071,0.0845071981128203,0.1346701,0.01098226
urn:mavedb:00000713-a-1#1094,NA,NA,p.Gly43Gln,-0.0835202525087324,0.0609482925251044,0.1253456,0.007920627
urn:mavedb:00000713-a-1#1095,NA,NA,p.Gly43Arg,-0.04813918368294,0.036827060328504,0.1299436,0.004785916
urn:mavedb:00000713-a-1#1096,NA,NA,p.Gly43Ser,0.0563119181761704,0.0483477149933312,0.1435177,0.0062831
urn:mavedb:00000713-a-1#1097,NA,NA,p.Gly43Thr,-0.0705397555530497,0.081309512823293,0.1270325,0.0105667
urn:mavedb:00000713-a-1#1098,NA,NA,p.Gly43Val,-0.0321115133355622,0.0410189551910125,0.1320265,0.00533068
urn:mavedb:00000713-a-1#1099,NA,NA,p.Gly43Trp,-0.0370085364327205,0.0448409339766044,0.1313901,0.005827371
urn:mavedb:00000713-a-1#1100,NA,NA,p.Gly43Tyr,0.0149034480430175,0.0926854729213085,0.1381364,0.01204508
urn:mavedb:00000713-a-1#1101,NA,NA,p.Pro42Gln,0.19238667783288,0.337588722132415,0.1612015,0.04387185
urn:mavedb:00000713-a-1#1102,NA,NA,p.Pro42Arg,0.178370449719313,0.240482000686697,0.15938,0.0312522
urn:mavedb:00000713-a-1#1103,NA,NA,p.Pro42Ser,0.135960105910405,0.238250869563156,0.1538685,0.03096225
urn:mavedb:00000713-a-1#1104,NA,NA,p.Pro42Thr,-0.643500153137584,0.676687795763117,0.05257257,0.08793998
urn:mavedb:00000713-a-1#1105,NA,NA,p.Pro42Val,-0.0977180798446327,0.38457174974944,0.1235005,0.0499776
urn:mavedb:00000713-a-1#1106,NA,NA,p.Pro42Trp,0.286581271071307,0.338857685172881,0.1734427,0.04403676
urn:mavedb:00000713-a-1#1107,NA,NA,p.Pro42Tyr,NA,NA,NA,NA
urn:mavedb:00000713-a-1#1108,NA,NA,p.Thr41Val,-0.100142737258075,0.223269164567125,0.1231854,0.02901528
urn:mavedb:00000713-a-1#1109,NA,NA,p.Thr41Trp,NA,NA,NA,NA
urn:mavedb:00000713-a-1#1110,NA,NA,p.Thr41Tyr,NA,NA,NA,NA
urn:mavedb:00000713-a-1#1111,NA,NA,p.Pro40Gln,NA,NA,NA,NA
urn:mavedb:00000713-a-1#1112,NA,NA,p.Pro40Arg,NA,NA,NA,NA
urn:mavedb:00000713-a-1#1113,NA,NA,p.Pro40Ser,NA,NA,NA,NA
urn:mavedb:00000713-a-1#1114,NA,NA,p.Pro40Thr,NA,NA,NA,NA
urn:mavedb:00000713-a-1#1115,NA,NA,p.Pro40Val,NA,NA,NA,NA
urn:mavedb:00000713-a-1#1116,NA,NA,p.Pro40Trp,NA,NA,NA,NA
urn:mavedb:00000713-a-1#1117,NA,NA,p.Pro40Tyr,NA,NA,NA,NA
urn:mavedb:00000713-a-1#1118,NA,NA,p.Ser39Thr,-0.164291893059097,0.214494305533742,0.1148488,0.02787493
urn:mavedb:00000713-a-1#1119,NA,NA,p.Ser39Val,-0.0662737128046766,0.0962114218898501,0.1275869,0.0125033
urn:mavedb:00000713-a-1#1120,NA,NA,p.Ser39Trp,-0.0688607322346965,0.128184735139264,0.1272507,0.01665844
urn:mavedb:00000713-a-1#1121,NA,NA,p.Ser39Tyr,-0.389302717286516,0.531928361093608,0.08560718,0.06912755
urn:mavedb:00000713-a-1#1122,NA,NA,p.Ala38Cys,-0.0502083375340177,0.0729731466579049,0.1296747,0.009483335
urn:mavedb:00000713-a-1#1123,NA,NA,p.Ala38Asp,-0.114386733887789,0.0956775509557193,0.1213343,0.01243392
urn:mavedb:00000713-a-1#1124,NA,NA,p.Ala38Glu,0.0577293154962467,0.0453889250197599,0.1437019,0.005898586
urn:mavedb:00000713-a-1#1125,NA,NA,p.Ala38Phe,0.0164816684032112,0.126214999167531,0.1383415,0.01640246
urn:mavedb:00000713-a-1#1126,NA,NA,p.Ala38Gly,-0.0379042207327037,0.0373894946657408,0.1312737,0.004859008
urn:mavedb:00000713-a-1#1127,NA,NA,p.Ala38His,0.0283764174660449,0.0837190882674228,0.1398873,0.01087984
urn:mavedb:00000713-a-1#1128,NA,NA,p.Ala38Ile,-0.0350294127045792,0.0867087808883199,0.1316473,0.01126837
urn:mavedb:00000713-a-1#1129,NA,NA,p.Ala38Lys,-0.0795404593820034,0.0612734013023749,0.1258628,0.007962877
urn:mavedb:00000713-a-1#1130,NA,NA,p.Ala38Leu,-0.0336905031839859,0.0418479017767881,0.1318213,0.005438407
urn:mavedb:00000713-a-1#1131,NA,NA,p.Ala38Met,0.0325431962327188,0.0665874716305512,0.1404288,0.008653475
urn:mavedb:00000713-a-1#1132,NA,NA,p.Ala38Asn,-0.241213014505411,0.151349254924342,0.1048524,0.01966882
urn:mavedb:00000713-a-1#1133,NA,NA,p.Ala38Pro,-0.150297210615977,0.0580298160399147,0.1166675,0.007541352
urn:mavedb:00000713-a-1#1134,NA,NA,p.Ala38Gln,-0.0281224863500705,0.0654732526731839,0.1325449,0.008508675
urn:mavedb:00000713-a-1#1135,NA,NA,p.Ala38Arg,0.0126011392581812,0.0379193257866629,0.1378372,0.004927863
urn:mavedb:00000713-a-1#1136,NA,NA,p.Ala38Ser,0.0198874233101914,0.058764815807662,0.1387841,0.00763687
urn:mavedb:00000713-a-1#1137,NA,NA,p.Ala38Thr,0.0154490151982478,0.053199638385316,0.1382073,0.006913639
urn:mavedb:00000713-a-1#1138,NA,NA,p.Ala38Val,0.0228153260262015,0.0440512697649819,0.1391646,0.005724749
urn:mavedb:00000713-a-1#1139,NA,NA,p.Ala38Trp,0.0156575465086391,0.0525256590342256,0.1382344,0.006826051
urn:mavedb:00000713-a-1#1140,NA,NA,p.Ala38Tyr,0.0248767849949769,0.0891911499190291,0.1394325,0.01159097
urn:mavedb:00000713-a-1#1141,NA,NA,p.Gly37His,-0.0230538673775716,0.0513626083537682,0.1332036,0.006674905
urn:mavedb:00000713-a-1#1142,NA,NA,p.Gly37Ile,-0.48744393870895,0.0775180134665003,0.07285309,0.01007397
urn:mavedb:00000713-a-1#1143,NA,NA,p.Gly37Lys,-0.0413984667861599,0.0350326522500284,0.1308196,0.004552721
urn:mavedb:00000713-a-1#1144,NA,NA,p.Gly37Leu,-0.227549212001288,0.0300651902002751,0.1066281,0.003907167
urn:mavedb:00000713-a-1#1145,NA,NA,p.Gly37Met,-0.206946934125216,0.0374616187975599,0.1093055,0.004868381
urn:mavedb:00000713-a-1#1146,NA,NA,p.Gly37Asn,-0.0303232226885168,0.0473929801665605,0.1322589,0.006159026
urn:mavedb:00000713-a-1#1147,NA,NA,p.Gly37Pro,-0.414138103814707,0.0492758640017475,0.08237966,0.006403719
urn:mavedb:00000713-a-1#1148,NA,NA,p.Gly37Gln,-0.108367796950961,0.0400564177535874,0.1221165,0.005205592
urn:mavedb:00000713-a-1#1149,NA,NA,p.Gly37Arg,-0.0548806700679501,0.025014307931483,0.1290675,0.003250772
urn:mavedb:00000713-a-1#1150,NA,NA,p.Gly37Ser,-0.0579201485773429,0.0302004970106781,0.1286725,0.003924751
urn:mavedb:00000713-a-1#1151,NA,NA,p.Gly37Thr,-0.224189626388121,0.0404492876644116,0.1070647,0.005256648
urn:mavedb:00000713-a-1#1152,NA,NA,p.Gly37Val,-0.481748725470578,0.0343216066508881,0.07359322,0.004460316
urn:mavedb:00000713-a-1#1153,NA,NA,p.Gly37Trp,-0.383249615072266,0.0372550265975088,0.08639382,0.004841533
urn:mavedb:00000713-a-1#1154,NA,NA,p.Gly37Tyr,-0.220893138809833,0.0556522743908092,0.1074931,0.007232375
urn:mavedb:00000713-a-1#1155,NA,NA,p.Leu36Met,-0.0650155995482571,0.0336899491524601,0.1277504,0.004378228
urn:mavedb:00000713-a-1#1156,NA,NA,p.Leu36Asn,-0.0707067344990086,0.0562906572163693,0.1270108,0.007315337
urn:mavedb:00000713-a-1#1157,NA,NA,p.Leu36Pro,-0.431290612057029,0.0471213969905845,0.08015058,0.006123732
urn:mavedb:00000713-a-1#1158,NA,NA,p.Leu36Gln,-0.127995902727566,0.0391767849780868,0.1195657,0.005091278
urn:mavedb:00000713-a-1#1159,NA,NA,p.Leu36Arg,-0.172628528545366,0.0275057492284266,0.1137654,0.003574551
urn:mavedb:00000713-a-1#1160,NA,NA,p.Leu36Ser,-0.0083466388332616,0.0281941564838337,0.1351149,0.003664014
urn:mavedb:00000713-a-1#1161,NA,NA,p.Leu36Thr,-0.0173958204207197,0.0329850979335731,0.1339389,0.004286628
urn:mavedb:00000713-a-1#1162,NA,NA,p.Leu36Val,-0.0139646724021419,0.0254980467074146,0.1343848,0.003313637
urn:mavedb:00000713-a-1#1163,NA,NA,p.Leu36Trp,-0.363470304858421,0.0332048945516549,0.08896427,0.004315192
urn:mavedb:00000713-a-1#1164,NA,NA,p.Leu36Tyr,-0.214036998678519,0.0519440721349385,0.1083841,0.00675047
urn:mavedb:00000713-a-1#1165,NA,NA,p.Cys35Asp,0.0748927504714381,0.0427491648664403,0.1459324,0.005555532
urn:mavedb:00000713-a-1#1166,NA,NA,p.Cys35Glu,0.0075886929264889,0.0285214121332665,0.1371858,0.003706543
urn:mavedb:00000713-a-1#1167,NA,NA,p.Cys35Phe,-0.0057442296386373,0.0497329015360902,0.1354531,0.006463114
urn:mavedb:00000713-a-1#1168,NA,NA,p.Cys35Gly,0.0145756460569412,0.0232594669378057,0.1380938,0.003022719
urn:mavedb:00000713-a-1#1169,NA,NA,p.Cys35His,-0.0384905707641359,0.0551708440795683,0.1311975,0.00716981
urn:mavedb:00000713-a-1#1170,NA,NA,p.Cys35Ile,-0.0455090729120274,0.0495045789884176,0.1302854,0.006433442
urn:mavedb:00000713-a-1#1171,NA,NA,p.Cys35Lys,0.0336881947192952,0.0339477661839974,0.1405776,0.004411733
urn:mavedb:00000713-a-1#1172,NA,NA,p.Cys35Leu,0.020930849350378,0.0288741609277667,0.1389197,0.003752385
urn:mavedb:00000713-a-1#1173,NA,NA,p.Cys35Met,0.0357257995529337,0.0328787854396851,0.1408424,0.004272812
urn:mavedb:00000713-a-1#1174,NA,NA,p.Cys35Asn,-0.0201559747025404,0.0617676128131199,0.1335802,0.008027103
urn:mavedb:00000713-a-1#1175,NA,NA,p.Cys35Pro,-0.225611640637579,0.0429035242054236,0.1068799,0.005575592
urn:mavedb:00000713-a-1#1176,NA,NA,p.Cys35Gln,-0.0072008708584552,0.0364380070793017,0.1352638,0.004735356
urn:mavedb:00000713-a-1#1177,NA,NA,p.Cys35Arg,0.0197081325525488,0.0239500980141982,0.1387608,0.003112471
urn:mavedb:00000713-a-1#1178,NA,NA,p.Cys35Ser,0.0118016409869765,0.0313803148396721,0.1377333,0.004078076
urn:mavedb:00000713-a-1#1179,NA,NA,p.Cys35Thr,-0.0186316185184628,0.0342904423775639,0.1337783,0.004456266
urn:mavedb:00000713-a-1#1180,NA,NA,p.Cys35Val,-0.0209093036799317,0.0256133006545379,0.1334823,0.003328615
urn:mavedb:00000713-a-1#1181,NA,NA,p.Cys35Trp,-0.0147372385852888,0.0277186666217301,0.1342844,0.003602221
urn:mavedb:00000713-a-1#1182,NA,NA,p.Cys35Tyr,-0.0068168962315722,0.0444281881847935,0.1353137,0.005773732
urn:mavedb:00000713-a-1#1183,NA,NA,p.Arg34Ser,-7.84877994831754e-05,0.0303717004470211,0.1361894,0.003947
urn:mavedb:00000713-a-1#1184,NA,NA,p.Arg34Thr,-0.0097963546590074,0.0397508385876,0.1349265,0.00516588
urn:mavedb:00000713-a-1#1185,NA,NA,p.Arg34Val,-0.0530162000861124,0.0305864800018418,0.1293098,0.003974912
urn:mavedb:00000713-a-1#1186,NA,NA,p.Arg34Trp,-0.265630415026944,0.0392787113890625,0.1016792,0.005104524
urn:mavedb:00000713-a-1#1187,NA,NA,p.Arg34Tyr,-0.196568846364158,0.0506260773044428,0.1106542,0.006579188
urn:mavedb:00000713-a-1#1188,NA,NA,p.Met33Asn,-0.900504297308402,0.135153297501014,0.01917321,0.01756405
urn:mavedb:00000713-a-1#1189,NA,NA,p.Met33Pro,-0.770305195880052,0.0818301485598639,0.03609343,0.01063436
urn:mavedb:00000713-a-1#1190,NA,NA,p.Met33Gln,-0.548168333243705,0.056676386276417,0.06496156,0.007365465
urn:mavedb:00000713-a-1#1191,NA,NA,p.Met33Arg,-0.883292692369998,0.0502268206413077,0.02140997,0.006527302
urn:mavedb:00000713-a-1#1192,NA,NA,p.Met33Ser,-0.254080396691251,0.0352529490354598,0.1031802,0.00458135
urn:mavedb:00000713-a-1#1193,NA,NA,p.Met33Thr,-0.421723180146514,0.0439233423467068,0.08139393,0.005708124
urn:mavedb:00000713-a-1#1194,NA,NA,p.Met33Val,-0.352502943010656,0.0296375855907385,0.09038955,0.003851597
urn:mavedb:00000713-a-1#1195,NA,NA,p.Met33Trp,-0.654186267037202,0.0465002276167346,0.05118384,0.006043007
urn:mavedb:00000713-a-1#1196,NA,NA,p.Met33Tyr,-0.734604250796955,0.10407074382691,0.040733,0.01352467
urn:mavedb:00000713-a-1#1197,NA,NA,p.Ala32Cys,0.0371878271903632,0.0383766711162978,0.1410324,0.004987298
urn:mavedb:00000713-a-1#1198,NA,NA,p.Ala32Asp,-1.14220301278473,0.147945346789114,-0.01223711,0.01922646
urn:mavedb:00000713-a-1#1199,NA,NA,p.Ala32Glu,-0.943834949040659,0.0704307652401204,0.01354211,0.009152936
urn:mavedb:00000713-a-1#1200,NA,NA,p.Ala32Phe,-0.390080900733743,0.0566826960799049,0.08550605,0.007366285
urn:mavedb:00000713-a-1#1201,NA,NA,p.Ala32Gly,-0.265105624053929,0.0255138289110166,0.1017474,0.003315688
urn:mavedb:00000713-a-1#1202,NA,NA,p.Ala32His,-0.617834565757802,0.104499348771146,0.05590798,0.01358037
urn:mavedb:00000713-a-1#1203,NA,NA,p.Ala32Ile,-0.0054918374991232,0.0482987139828304,0.1354859,0.006276732
urn:mavedb:00000713-a-1#1204,NA,NA,p.Ala32Lys,-0.796925564255899,0.0699778059933979,0.03263394,0.009094071
urn:mavedb:00000713-a-1#1205,NA,NA,p.Ala32Leu,-0.0248883273184304,0.027031505937256,0.1329652,0.00351292
urn:mavedb:00000713-a-1#1206,NA,NA,p.Ala32Met,-0.0634966297817909,0.0352690544241185,0.1279478,0.004583443
urn:mavedb:00000713-a-1#1207,NA,NA,p.Ala32Asn,-0.578541572667187,0.0800257756088069,0.06101436,0.01039987
urn:mavedb:00000713-a-1#1208,NA,NA,p.Ala32Pro,-0.373880557227503,0.044902277578318,0.08761139,0.005835343
urn:mavedb:00000713-a-1#1209,NA,NA,p.Ala32Gln,-0.554482830609763,0.0532552723843613,0.06414095,0.006920869
urn:mavedb:00000713-a-1#1210,NA,NA,p.Ala32Arg,-0.843914055239359,0.0451878423554372,0.02652748,0.005872454
urn:mavedb:00000713-a-1#1211,NA,NA,p.Ala32Ser,-0.105518382034434,0.0320127033519188,0.1224868,0.004160259
urn:mavedb:00000713-a-1#1212,NA,NA,p.Ala32Thr,-0.0397594568557786,0.0329897456424837,0.1310326,0.004287232
urn:mavedb:00000713-a-1#1213,NA,NA,p.Ala32Val,0.0111752775675724,0.0268617722234327,0.1376519,0.003490862
urn:mavedb:00000713-a-1#1214,NA,NA,p.Ala32Trp,-0.795864901679355,0.0523925452652788,0.03277178,0.006808752
urn:mavedb:00000713-a-1#1215,NA,NA,p.Ala32Tyr,-1.02385804683043,0.155082273175637,0.003142588,0.02015395
urn:mavedb:00000713-a-1#1216,NA,NA,p.Val31Trp,-0.141027955394674,0.0295390372330935,0.1178721,0.00383879
urn:mavedb:00000713-a-1#1217,NA,NA,p.Val31Tyr,0.0345200114961695,0.0461252329174985,0.1406857,0.005994274
urn:mavedb:00000713-a-1#1218,NA,NA,p.Met30Asn,-0.0804576893524327,0.0440031382761812,0.1257436,0.005718494
urn:mavedb:00000713-a-1#1219,NA,NA,p.Met30Pro,0.0355080343837797,0.0371759770716177,0.1408141,0.00483126
urn:mavedb:00000713-a-1#1220,NA,NA,p.Met30Gln,-0.0098440629292815,0.0360996861891182,0.1349203,0.004691389
urn:mavedb:00000713-a-1#1221,NA,NA,p.Met30Arg,-0.0048154573447545,0.0224105059631619,0.1355738,0.002912391
urn:mavedb:00000713-a-1#1222,NA,NA,p.Met30Ser,0.0195072961244598,0.0282298761274808,0.1387347,0.003668656
urn:mavedb:00000713-a-1#1223,NA,NA,p.Met30Thr,0.0022484446087203,0.0322905578569711,0.1364918,0.004196368
urn:mavedb:00000713-a-1#1224,NA,NA,p.Met30Val,-0.0012442624682755,0.0249026474943949,0.1360379,0.003236261
urn:mavedb:00000713-a-1#1225,NA,NA,p.Met30Trp,-0.0737777620258408,0.0287709340816819,0.1266117,0.00373897
urn:mavedb:00000713-a-1#1226,NA,NA,p.Met30Tyr,-0.0020899300332939,0.0432426299736019,0.135928,0.005619661
urn:mavedb:00000713-a-1#1227,NA,NA,p.Leu29Met,-0.0774351395841049,0.0321708947422886,0.1261364,0.004180817
urn:mavedb:00000713-a-1#1228,NA,NA,p.Leu29Asn,-1.0710177951144,0.168023526231578,-0.002986128,0.02183575
urn:mavedb:00000713-a-1#1229,NA,NA,p.Leu29Pro,-1.03934078100292,0.126980409110137,0.001130506,0.01650193
urn:mavedb:00000713-a-1#1230,NA,NA,p.Leu29Gln,-0.85728198951896,0.0807530958840166,0.02479023,0.01049439
urn:mavedb:00000713-a-1#1231,NA,NA,p.Leu29Arg,-1.07409877981894,0.0567766198132863,-0.003386522,0.007378491
urn:mavedb:00000713-a-1#1232,NA,NA,p.Leu29Ser,-0.570796058039378,0.0388397645230124,0.06202094,0.00504748
urn:mavedb:00000713-a-1#1233,NA,NA,p.Leu29Thr,-0.212538805094269,0.038685913046261,0.1085788,0.005027486
urn:mavedb:00000713-a-1#1234,NA,NA,p.Leu29Val,-0.0579424637360195,0.0253116997427008,0.1286696,0.00328942
urn:mavedb:00000713-a-1#1235,NA,NA,p.Leu29Trp,-1.07473687793385,0.0831666726669435,-0.003469447,0.01080805
urn:mavedb:00000713-a-1#1236,NA,NA,p.Leu29Tyr,-0.740409346954603,0.0859422936621918,0.03997859,0.01116876
urn:mavedb:00000713-a-1#1237,NA,NA,p.Asp28Glu,-0.039236974347455,0.0270280817146315,0.1311005,0.003512475
urn:mavedb:00000713-a-1#1238,NA,NA,p.Asp28Phe,-0.0965823152168191,0.0520750313368407,0.1236481,0.006767489
urn:mavedb:00000713-a-1#1239,NA,NA,p.Asp28Gly,-0.393196250782636,0.0255479326293802,0.08510119,0.00332012
urn:mavedb:00000713-a-1#1240,NA,NA,p.Asp28His,-0.0728274440615117,0.0457844727496253,0.1267352,0.00594999
urn:mavedb:00000713-a-1#1241,NA,NA,p.Asp28Ile,-0.286395670510177,0.0521011939366684,0.09898062,0.006770889
urn:mavedb:00000713-a-1#1242,NA,NA,p.Asp28Lys,-0.0698733787456738,0.0314973309148426,0.1271191,0.004093283
urn:mavedb:00000713-a-1#1243,NA,NA,p.Asp28Leu,-0.187624315176011,0.0294862426456177,0.1118166,0.003831929
urn:mavedb:00000713-a-1#1244,NA,NA,p.Asp28Met,-0.0862380849378907,0.0338774888239308,0.1249924,0.0044026
urn:mavedb:00000713-a-1#1245,NA,NA,p.Asp28Asn,-0.0775690305361643,0.0548686352720293,0.126119,0.007130536
urn:mavedb:00000713-a-1#1246,NA,NA,p.Asp28Pro,-1.30178694600484,0.181030416633558,-0.03297608,0.02352608
urn:mavedb:00000713-a-1#1247,NA,NA,p.Asp28Gln,-0.0748435032247037,0.0346784029534793,0.1264732,0.004506684
urn:mavedb:00000713-a-1#1248,NA,NA,p.Asp28Arg,-0.147519358104861,0.0239995530227548,0.1170285,0.003118898
urn:mavedb:00000713-a-1#1249,NA,NA,p.Asp28Ser,-0.0410622004295513,0.028908841762303,0.1308633,0.003756892
urn:mavedb:00000713-a-1#1250,NA,NA,p.Asp28Thr,-0.135014404875458,0.0383203676624921,0.1186536,0.004979981
urn:mavedb:00000713-a-1#1251,NA,NA,p.Asp28Val,-0.130851473549935,0.0255192153286282,0.1191946,0.003316388
urn:mavedb:00000713-a-1#1252,NA,NA,p.Asp28Trp,-0.251767315071192,0.0314706142834891,0.1034808,0.004089811
urn:mavedb:00000713-a-1#1253,NA,NA,p.Asp28Tyr,-0.0919153691004982,0.0445209422960649,0.1242546,0.005785786
urn:mavedb:00000713-a-1#1254,NA,NA,p.Thr27Val,-0.0396232574390285,0.025970373972892,0.1310503,0.003375019
urn:mavedb:00000713-a-1#1255,NA,NA,p.Thr27Trp,-0.0967877685742894,0.0279191490852332,0.1236214,0.003628275
urn:mavedb:00000713-a-1#1256,NA,NA,p.Thr27Tyr,-0.0209654763207381,0.0486178977007281,0.133475,0.006318212
urn:mavedb:00000713-a-1#1257,NA,NA,p.Ala26Cys,0.0147126149619215,0.0382710357720523,0.1381116,0.00497357
urn:mavedb:00000713-a-1#1258,NA,NA,p.Ala26Asp,-0.164974429119308,0.0394309007712366,0.1147601,0.005124302
urn:mavedb:00000713-a-1#1259,NA,NA,p.Ala26Glu,-0.268669124048106,0.0312231622584131,0.1012843,0.004057653
urn:mavedb:00000713-a-1#1260,NA,NA,p.Ala26Phe,-0.250050586829557,0.0459557300501444,0.1037039,0.005972246
urn:mavedb:00000713-a-1#1261,NA,NA,p.Ala26Gly,-0.0399218188723562,0.0222010512668944,0.1310115,0.002885171
urn:mavedb:00000713-a-1#1262,NA,NA,p.Ala26His,-0.190462187769084,0.0493633317288773,0.1114478,0.006415086
urn:mavedb:00000713-a-1#1263,NA,NA,p.Ala26Ile,-0.139796004738082,0.0462680345432639,0.1180322,0.006012832
urn:mavedb:00000713-a-1#1264,NA,NA,p.Ala26Lys,-0.209858677588392,0.0344328900387434,0.1089271,0.004474778
urn:mavedb:00000713-a-1#1265,NA,NA,p.Ala26Leu,-0.32442208597384,0.0290835386752112,0.09403884,0.003779595
urn:mavedb:00000713-a-1#1266,NA,NA,p.Ala26Met,-0.26936397192,0.0424495030649434,0.101194,0.005516589
urn:mavedb:00000713-a-1#1267,NA,NA,p.Ala26Asn,-0.207541748527181,0.0498662384566238,0.1092282,0.006480442
urn:mavedb:00000713-a-1#1268,NA,NA,p.Ala26Pro,-0.199115852406206,0.0387097902660449,0.1103232,0.005030589
urn:mavedb:00000713-a-1#1269,NA,NA,p.Ala26Gln,-0.176779148059205,0.0355358052140086,0.113226,0.004618109
urn:mavedb:00000713-a-1#1270,NA,NA,p.Ala26Arg,-0.310662251338585,0.024839741831574,0.09582702,0.003228086
urn:mavedb:00000713-a-1#1271,NA,NA,p.Ala26Ser,-0.0130959201902167,0.026784107776356,0.1344977,0.003480769
urn:mavedb:00000713-a-1#1272,NA,NA,p.Ala26Thr,-0.0223590195056776,0.03680328314219,0.1332939,0.004782826
urn:mavedb:00000713-a-1#1273,NA,NA,p.Ala26Val,-0.0331580173286696,0.0255148138559513,0.1318905,0.003315816
urn:mavedb:00000713-a-1#1274,NA,NA,p.Ala26Trp,-0.233008730994742,0.0360281622581187,0.1059186,0.004682094
urn:mavedb:00000713-a-1#1275,NA,NA,p.Ala26Tyr,-0.29563845533636,0.048004846427707,0.09777946,0.006238542
urn:mavedb:00000713-a-1#1276,NA,NA,p.Lys25Leu,0.0033903651423757,0.0234372187189879,0.1366402,0.003045819
urn:mavedb:00000713-a-1#1277,NA,NA,p.Lys25Met,0.0040621283673631,0.0306383050341475,0.1367275,0.003981647
urn:mavedb:00000713-a-1#1278,NA,NA,p.Lys25Asn,-0.115629457379604,0.0405191187213046,0.1211728,0.005265723
urn:mavedb:00000713-a-1#1279,NA,NA,p.Lys25Pro,-0.020927001909227,0.0296505437725355,0.13348,0.003853281
urn:mavedb:00000713-a-1#1280,NA,NA,p.Lys25Gln,-0.0239426262834828,0.0289610900131353,0.1330881,0.003763682
urn:mavedb:00000713-a-1#1281,NA,NA,p.Lys25Arg,-0.0500128875235402,0.0203919228785746,0.1297001,0.002650063
urn:mavedb:00000713-a-1#1282,NA,NA,p.Lys25Ser,-0.0062213123413775,0.0247472339565362,0.1353911,0.003216064
urn:mavedb:00000713-a-1#1283,NA,NA,p.Lys25Thr,-0.0358981649165044,0.0308702057020907,0.1315344,0.004011784
urn:mavedb:00000713-a-1#1284,NA,NA,p.Lys25Val,-0.0473897021466999,0.0240121187655544,0.130041,0.003120531
urn:mavedb:00000713-a-1#1285,NA,NA,p.Lys25Trp,-0.0486955236733934,0.0252140362965205,0.1298713,0.003276728
urn:mavedb:00000713-a-1#1286,NA,NA,p.Lys25Tyr,0.007817230930866,0.0382166714285869,0.1372155,0.004966505
urn:mavedb:00000713-a-1#1287,NA,NA,p.Ile24Lys,-0.937517912363442,0.0778228847033159,0.01436305,0.01011359
urn:mavedb:00000713-a-1#1288,NA,NA,p.Ile24Leu,-0.0973064036414618,0.0248464440740592,0.123554,0.003228957
urn:mavedb:00000713-a-1#1289,NA,NA,p.Ile24Met,0.0174589184555981,0.0307100290320868,0.1384685,0.003990968
urn:mavedb:00000713-a-1#1290,NA,NA,p.Ile24Asn,-0.716688102434957,0.08996356220453,0.04306132,0.01169135
urn:mavedb:00000713-a-1#1291,NA,NA,p.Ile24Pro,-1.06763330116722,0.0895685838959549,-0.002546291,0.01164002
urn:mavedb:00000713-a-1#1292,NA,NA,p.Ile24Gln,-1.03322454997426,0.0797260599431339,0.00192535,0.01036092
urn:mavedb:00000713-a-1#1293,NA,NA,p.Ile24Arg,-0.979944092240127,0.0435767879324599,0.008849492,0.005663087
urn:mavedb:00000713-a-1#1294,NA,NA,p.Ile24Ser,-1.04459939277537,0.0686642203304613,0.0004471152,0.008923362
urn:mavedb:00000713-a-1#1295,NA,NA,p.Ile24Thr,-0.830624300963948,0.0548371401187662,0.02825457,0.007126443
urn:mavedb:00000713-a-1#1296,NA,NA,p.Ile24Val,-0.101869468846702,0.0232837673761162,0.122961,0.003025877
urn:mavedb:00000713-a-1#1297,NA,NA,p.Ile24Trp,-0.510101750494424,0.0313259812757359,0.06990856,0.004071015
urn:mavedb:00000713-a-1#1298,NA,NA,p.Ile24Tyr,-1.16303729136222,0.152019863916984,-0.01494466,0.01975597
urn:mavedb:00000713-a-1#1299,NA,NA,p.Lys23Leu,-0.0240765172355421,0.0216435801287426,0.1330707,0.002812724
urn:mavedb:00000713-a-1#1300,NA,NA,p.Lys23Met,-0.022936135678347,0.0310118454006284,0.1332189,0.004030191
urn:mavedb:00000713-a-1#1301,NA,NA,p.Lys23Asn,-0.0721772265069706,0.0446749784499916,0.1268197,0.005805804
urn:mavedb:00000713-a-1#1302,NA,NA,p.Lys23Pro,-0.812428597527908,0.0585642794799828,0.03061922,0.007610809
urn:mavedb:00000713-a-1#1303,NA,NA,p.Lys23Gln,-0.0196327227059868,0.0285999230173964,0.1336482,0.003716746
urn:mavedb:00000713-a-1#1304,NA,NA,p.Lys23Arg,0.0064090674695525,0.0199475126460899,0.1370325,0.002592309
urn:mavedb:00000713-a-1#1305,NA,NA,p.Lys23Ser,-0.0457645430044623,0.023906714267778,0.1302522,0.003106833
urn:mavedb:00000713-a-1#1306,NA,NA,p.Lys23Thr,-0.0010588158047911,0.0284946801121484,0.136062,0.003703069
urn:mavedb:00000713-a-1#1307,NA,NA,p.Lys23Val,-0.0165001361207367,0.0208671049453861,0.1340553,0.002711816
urn:mavedb:00000713-a-1#1308,NA,NA,p.Lys23Trp,-0.0206669148874106,0.0236937814847099,0.1335138,0.003079161
urn:mavedb:00000713-a-1#1309,NA,NA,p.Lys23Tyr,-0.0485739445330176,0.036036264969183,0.1298871,0.004683147
urn:mavedb:00000713-a-1#1310,NA,NA,p.Gly22His,-0.207592534750376,0.0443205675609141,0.1092216,0.005759746
urn:mavedb:00000713-a-1#1311,NA,NA,p.Gly22Ile,-0.843550087306462,0.084288355660144,0.02657478,0.01095382
urn:mavedb:00000713-a-1#1312,NA,NA,p.Gly22Lys,-0.0640606646545465,0.0299638947696482,0.1278745,0.003894003
urn:mavedb:00000713-a-1#1313,NA,NA,p.Gly22Leu,-0.416753594309245,0.0243893449806581,0.08203976,0.003169554
urn:mavedb:00000713-a-1#1314,NA,NA,p.Gly22Met,-0.202179954538966,0.028705612225818,0.109925,0.003730481
urn:mavedb:00000713-a-1#1315,NA,NA,p.Gly22Asn,-0.0553154309180279,0.0363404975307675,0.129011,0.004722684
urn:mavedb:00000713-a-1#1316,NA,NA,p.Gly22Pro,-1.10057703910842,0.117602425201903,-0.006827544,0.0152832
urn:mavedb:00000713-a-1#1317,NA,NA,p.Gly22Gln,-0.160523709195681,0.0300959697294842,0.1153385,0.003911167
urn:mavedb:00000713-a-1#1318,NA,NA,p.Gly22Arg,-0.179905578738614,0.0213383703171057,0.1128197,0.00277306
urn:mavedb:00000713-a-1#1319,NA,NA,p.Gly22Ser,-0.13897188284351,0.0251196431753187,0.1181393,0.003264461
urn:mavedb:00000713-a-1#1320,NA,NA,p.Gly22Thr,-0.345141326060906,0.0329063485080918,0.09134624,0.004276394
urn:mavedb:00000713-a-1#1321,NA,NA,p.Gly22Val,-0.79453230196225,0.0338051107609958,0.03294496,0.004393194
urn:mavedb:00000713-a-1#1322,NA,NA,p.Gly22Trp,-0.412454309669326,0.0283783411866206,0.08259848,0.00368795
urn:mavedb:00000713-a-1#1323,NA,NA,p.Gly22Tyr,-0.381860611867885,0.0509475694870312,0.08657433,0.006620968
urn:mavedb:00000713-a-1#1324,NA,NA,p.Arg21Ser,-0.0072231860171317,0.0281281113090334,0.1352609,0.003655431
urn:mavedb:00000713-a-1#1325,NA,NA,p.Arg21Thr,-0.0251714989871536,0.0300950309538433,0.1329284,0.003911045
urn:mavedb:00000713-a-1#1326,NA,NA,p.Arg21Val,-0.043549955877872,0.0225622413472802,0.13054,0.00293211
urn:mavedb:00000713-a-1#1327,NA,NA,p.Arg21Trp,-0.3353974504992,0.0326850590828434,0.09261252,0.004247636
urn:mavedb:00000713-a-1#1328,NA,NA,p.Arg21Tyr,-0.193275436738791,0.0591434655759916,0.1110822,0.007686078
urn:mavedb:00000713-a-1#1329,NA,NA,p.Gln20Arg,-0.0303332260355098,0.0209610055941206,0.1322576,0.002724019
urn:mavedb:00000713-a-1#1330,NA,NA,p.Gln20Ser,-0.0294075316945479,0.0256123849635439,0.1323779,0.003328496
urn:mavedb:00000713-a-1#1331,NA,NA,p.Gln20Thr,-0.0886865964864699,0.0294140492598579,0.1246742,0.003822547
urn:mavedb:00000713-a-1#1332,NA,NA,p.Gln20Val,-0.141736654054712,0.02298417482856,0.11778,0.002986943
urn:mavedb:00000713-a-1#1333,NA,NA,p.Gln20Trp,-0.27828234050832,0.0262505523323996,0.100035,0.00341143
urn:mavedb:00000713-a-1#1334,NA,NA,p.Gln20Tyr,-0.169634449841557,0.0456343686805551,0.1141545,0.005930483
urn:mavedb:00000713-a-1#1335,NA,NA,p.Gln19Arg,-0.0663114177279576,0.0207877937934967,0.127582,0.002701509
urn:mavedb:00000713-a-1#1336,NA,NA,p.Gln19Ser,-0.0488532687605898,0.0251127100863643,0.1298508,0.00326356
urn:mavedb:00000713-a-1#1337,NA,NA,p.Gln19Thr,-0.07074520891052,0.0302337081226946,0.1270058,0.003929067
urn:mavedb:00000713-a-1#1338,NA,NA,p.Gln19Val,-0.162118088808709,0.0219024667489198,0.1151313,0.002846368
urn:mavedb:00000713-a-1#1339,NA,NA,p.Gln19Trp,-0.166985101864889,0.0244580910591465,0.1144988,0.003178488
urn:mavedb:00000713-a-1#1340,NA,NA,p.Gln19Tyr,-0.113019353302677,0.0376345535824209,0.121512,0.004890855
urn:mavedb:00000713-a-1#1341,NA,NA,p.Lys18Leu,-0.165272990552636,0.0242400103998181,0.1147213,0.003150147
urn:mavedb:00000713-a-1#1342,NA,NA,p.Lys18Met,-0.0997149018020692,0.0295877073636553,0.123241,0.003845115
urn:mavedb:00000713-a-1#1343,NA,NA,p.Lys18Asn,-0.120267932431406,0.0534430044278896,0.12057,0.006945266
urn:mavedb:00000713-a-1#1344,NA,NA,p.Lys18Pro,-0.0335612291613079,0.0344751041630536,0.1318381,0.004480264
urn:mavedb:00000713-a-1#1345,NA,NA,p.Lys18Gln,-0.0461908394840076,0.0337008912750939,0.1301968,0.00437965
urn:mavedb:00000713-a-1#1346,NA,NA,p.Lys18Arg,-0.0759323290704737,0.0220804878509826,0.1263317,0.002869503
urn:mavedb:00000713-a-1#1347,NA,NA,p.Lys18Ser,-0.0450427630445105,0.0269501864210857,0.130346,0.003502352
urn:mavedb:00000713-a-1#1348,NA,NA,p.Lys18Thr,-0.0303740089117119,0.0337792174820487,0.1322523,0.004389829
urn:mavedb:00000713-a-1#1349,NA,NA,p.Lys18Val,-0.0964945935585733,0.0224863544180153,0.1236595,0.002922248
urn:mavedb:00000713-a-1#1350,NA,NA,p.Lys18Trp,-0.166379514627701,0.0270490271842582,0.1145775,0.003515197
urn:mavedb:00000713-a-1#1351,NA,NA,p.Lys18Tyr,-0.0467187084099427,0.0397571560859702,0.1301282,0.005166701
urn:mavedb:00000713-a-1#1352,NA,NA,p.Asp17Glu,-0.12763578223582,0.0245836638434371,0.1196125,0.003194807
urn:mavedb:00000713-a-1#1353,NA,NA,p.Asp17Phe,-0.544037489577383,0.066468654952922,0.06549839,0.008638034
urn:mavedb:00000713-a-1#1354,NA,NA,p.Asp17Gly,-0.353641093051983,0.0211039457277674,0.09024164,0.002742595
urn:mavedb:00000713-a-1#1355,NA,NA,p.Asp17His,-0.547310661662295,0.0868308217216338,0.06507302,0.01128423
urn:mavedb:00000713-a-1#1356,NA,NA,p.Asp17Ile,-0.690426546420865,0.0797452202000665,0.04647418,0.01036341
urn:mavedb:00000713-a-1#1357,NA,NA,p.Asp17Lys,-0.471581477484601,0.0399266897328535,0.07491452,0.005188733
urn:mavedb:00000713-a-1#1358,NA,NA,p.Asp17Leu,-0.540954996675921,0.0303887907806144,0.06589898,0.003949221
urn:mavedb:00000713-a-1#1359,NA,NA,p.Asp17Met,-0.381885004644783,0.0337678829204174,0.08657116,0.004388356
urn:mavedb:00000713-a-1#1360,NA,NA,p.Asp17Asn,-0.34515286838436,0.0465288217993698,0.09134474,0.006046723
urn:mavedb:00000713-a-1#1361,NA,NA,p.Asp17Pro,-0.862250498072707,0.075790412356173,0.02414454,0.009849457
urn:mavedb:00000713-a-1#1362,NA,NA,p.Asp17Gln,-0.28314096614279,0.0333892485418524,0.09940359,0.00433915
urn:mavedb:00000713-a-1#1363,NA,NA,p.Asp17Arg,-0.650599297652003,0.0288235670766293,0.05164999,0.00374581
urn:mavedb:00000713-a-1#1364,NA,NA,p.Asp17Ser,-0.143373355520403,0.0273803226468997,0.1175673,0.003558251
urn:mavedb:00000713-a-1#1365,NA,NA,p.Asp17Thr,-0.269905691634079,0.0329168443275521,0.1011236,0.004277758
urn:mavedb:00000713-a-1#1366,NA,NA,p.Asp17Val,-0.307191551624973,0.0230806763475127,0.09627806,0.002999484
urn:mavedb:00000713-a-1#1367,NA,NA,p.Asp17Trp,-0.782752591389835,0.044138822135817,0.03447581,0.005736127
urn:mavedb:00000713-a-1#1368,NA,NA,p.Asp17Tyr,-0.632054785201202,0.071755554651689,0.05405997,0.009325101
urn:mavedb:00000713-a-1#1369,NA,NA,p.Leu15Met,-0.0255854836550152,0.0277766937291714,0.1328746,0.003609762
urn:mavedb:00000713-a-1#1370,NA,NA,p.Leu15Asn,0.0588935511885786,0.0394225979932325,0.1438532,0.005123223
urn:mavedb:00000713-a-1#1371,NA,NA,p.Leu15Pro,-0.544231246713754,0.0489396668990794,0.06547321,0.006360028
urn:mavedb:00000713-a-1#1372,NA,NA,p.Leu15Gln,-0.0563249994760844,0.0319656799261697,0.1288798,0.004154148
urn:mavedb:00000713-a-1#1373,NA,NA,p.Leu15Arg,-0.0120825041910089,0.0198837990206272,0.1346294,0.002584029
urn:mavedb:00000713-a-1#1374,NA,NA,p.Leu15Ser,0.0024900639130114,0.0251565555257226,0.1365232,0.003269258
urn:mavedb:00000713-a-1#1375,NA,NA,p.Leu15Thr,-0.0223967244289587,0.0297859967857022,0.133289,0.003870884
urn:mavedb:00000713-a-1#1376,NA,NA,p.Leu15Val,-0.0555855212868371,0.0204239566735989,0.1289759,0.002654226
urn:mavedb:00000713-a-1#1377,NA,NA,p.Leu15Trp,-0.150690419101622,0.023595594786533,0.1166164,0.003066401
urn:mavedb:00000713-a-1#1378,NA,NA,p.Leu15Tyr,-0.0004993978614167,0.038868012435944,0.1361347,0.005051151
urn:mavedb:00000713-a-1#1379,NA,NA,p.Ser14Thr,-0.0578832131422921,0.0298190001358966,0.1286773,0.003875173
urn:mavedb:00000713-a-1#1380,NA,NA,p.Ser14Val,-0.14118262252895,0.0249132587370898,0.117852,0.00323764
urn:mavedb:00000713-a-1#1381,NA,NA,p.Ser14Trp,-0.215014248730906,0.0358822365101387,0.1082571,0.00466313
urn:mavedb:00000713-a-1#1382,NA,NA,p.Ser14Tyr,-0.121237487601491,0.043154623604711,0.120444,0.005608224
urn:mavedb:00000713-a-1#1383,NA,NA,p.Phe13Gly,-0.91004202697323,0.0332109735086736,0.01793372,0.004315982
urn:mavedb:00000713-a-1#1384,NA,NA,p.Phe13His,-0.612829660410766,0.0698465005217921,0.0565584,0.009077007
urn:mavedb:00000713-a-1#1385,NA,NA,p.Phe13Ile,-0.528445503465959,0.0640266224952413,0.06752467,0.008320676
urn:mavedb:00000713-a-1#1386,NA,NA,p.Phe13Lys,-1.00061938685436,0.0746858043068012,0.006162603,0.009705906
urn:mavedb:00000713-a-1#1387,NA,NA,p.Phe13Leu,-0.445472510986563,0.028315320100565,0.07830755,0.00367976
urn:mavedb:00000713-a-1#1388,NA,NA,p.Phe13Met,-0.528423650000221,0.0367237257540669,0.06752751,0.004772487
urn:mavedb:00000713-a-1#1389,NA,NA,p.Phe13Asn,-0.911277286429212,0.123549491938028,0.01777319,0.01605606
urn:mavedb:00000713-a-1#1390,NA,NA,p.Phe13Pro,-0.879924180693361,0.0801591279191051,0.02184773,0.0104172
urn:mavedb:00000713-a-1#1391,NA,NA,p.Phe13Gln,-0.810861919491168,0.0692984017502844,0.03082282,0.009005778
urn:mavedb:00000713-a-1#1392,NA,NA,p.Phe13Arg,-1.00375532071342,0.0412489860025562,0.005755068,0.005360574
urn:mavedb:00000713-a-1#1393,NA,NA,p.Phe13Ser,-0.881892839381571,0.0498327041595505,0.02159189,0.006476084
urn:mavedb:00000713-a-1#1394,NA,NA,p.Phe13Thr,-0.788878871934779,0.0544239172442525,0.03367966,0.007072742
urn:mavedb:00000713-a-1#1395,NA,NA,p.Phe13Val,-0.783334863133647,0.0343772175652865,0.03440014,0.004467543
urn:mavedb:00000713-a-1#1396,NA,NA,p.Phe13Trp,-0.209720939195181,0.0246443302955081,0.108945,0.003202691
urn:mavedb:00000713-a-1#1397,NA,NA,p.Phe13Tyr,-0.308955680341589,0.0525457657616814,0.0960488,0.006828664
urn:mavedb:00000713-a-1#1398,NA,NA,p.Cys12Asp,-0.737778312797814,0.103522021769935,0.04032051,0.01345336
urn:mavedb:00000713-a-1#1399,NA,NA,p.Cys12Glu,-0.215682164514742,0.0967296722129074,0.1081703,0.01257065
urn:mavedb:00000713-a-1#1400,NA,NA,p.Cys12Phe,-0.0090761136755159,0.033963386795071,0.1350201,0.004413763
urn:mavedb:00000713-a-1#1401,NA,NA,p.Cys12Gly,0.0099387099815993,0.0475127587044775,0.1374912,0.006174592
urn:mavedb:00000713-a-1#1402,NA,NA,p.Cys12His,-0.076175487351225,0.0361681013876676,0.1263001,0.00470028
urn:mavedb:00000713-a-1#1403,NA,NA,p.Cys12Ile,0.0559802687489431,0.0368835407646026,0.1434746,0.004793256
urn:mavedb:00000713-a-1#1404,NA,NA,p.Cys12Lys,0.0059896963840792,0.0476986978404293,0.136978,0.006198756
urn:mavedb:00000713-a-1#1405,NA,NA,p.Cys12Leu,0.002717062940928,0.027856366540529,0.1365527,0.003620116
urn:mavedb:00000713-a-1#1406,NA,NA,p.Cys12Met,0.0610996739446367,0.0400792715540251,0.1441399,0.005208562
urn:mavedb:00000713-a-1#1407,NA,NA,p.Cys12Asn,-0.0905502969800773,0.0420640664104232,0.124432,0.005466499
urn:mavedb:00000713-a-1#1408,NA,NA,p.Cys12Pro,-0.486813189206634,0.0406792569168969,0.07293506,0.005286534
urn:mavedb:00000713-a-1#1409,NA,NA,p.Cys12Gln,-0.054525935993816,0.0379367239155483,0.1291136,0.004930124
urn:mavedb:00000713-a-1#1410,NA,NA,p.Cys12Arg,-0.020311411325046,0.0357616269249331,0.13356,0.004647456
urn:mavedb:00000713-a-1#1411,NA,NA,p.Cys12Ser,-0.0052202081538533,0.0302510062181101,0.1355212,0.003931315
urn:mavedb:00000713-a-1#1412,NA,NA,p.Cys12Thr,0.0554408574995545,0.0330307208907432,0.1434045,0.004292557
urn:mavedb:00000713-a-1#1413,NA,NA,p.Cys12Val,-0.0106535645474793,0.0361087584553526,0.1348151,0.004692568
urn:mavedb:00000713-a-1#1414,NA,NA,p.Cys12Trp,-0.169325115573006,0.0464244791953511,0.1141947,0.006033163
urn:mavedb:00000713-a-1#1415,NA,NA,p.Cys12Tyr,-0.0080665451174594,0.0317089786525663,0.1351513,0.004120788
urn:mavedb:00000713-a-1#1416,NA,NA,p.Glu11Phe,-0.104037117191249,0.0435904078741349,0.1226793,0.005664857
urn:mavedb:00000713-a-1#1417,NA,NA,p.Glu11Gly,-0.0348078000942742,0.0201916943461875,0.1316761,0.002624042
urn:mavedb:00000713-a-1#1418,NA,NA,p.Glu11His,0.0512509940859738,0.0488721366119948,0.14286,0.006351252
urn:mavedb:00000713-a-1#1419,NA,NA,p.Glu11Ile,-0.0126157595345557,0.0445724287535493,0.1345601,0.005792477
urn:mavedb:00000713-a-1#1420,NA,NA,p.Glu11Lys,0.0333580842685283,0.0283318717923972,0.1405347,0.003681911
urn:mavedb:00000713-a-1#1421,NA,NA,p.Glu11Leu,-0.081360299046488,0.0246952011624083,0.1256263,0.003209302
urn:mavedb:00000713-a-1#1422,NA,NA,p.Glu11Met,-0.0435545728072533,0.0308800166770261,0.1305394,0.004013059
urn:mavedb:00000713-a-1#1423,NA,NA,p.Glu11Asn,0.0903610028754417,0.0439641867819672,0.1479426,0.005713432
urn:mavedb:00000713-a-1#1424,NA,NA,p.Glu11Pro,-0.393051663944177,0.045724437277903,0.08511998,0.005942188
urn:mavedb:00000713-a-1#1425,NA,NA,p.Glu11Gln,0.0313527979405593,0.0293047665414012,0.1402741,0.003808345
urn:mavedb:00000713-a-1#1426,NA,NA,p.Glu11Arg,0.0391877271007206,0.0214409507930771,0.1412923,0.002786391
urn:mavedb:00000713-a-1#1427,NA,NA,p.Glu11Ser,-0.0125611258702096,0.0286460461419162,0.1345672,0.00372274
urn:mavedb:00000713-a-1#1428,NA,NA,p.Glu11Thr,0.0154274695278015,0.0320372423315807,0.1382045,0.004163448
urn:mavedb:00000713-a-1#1429,NA,NA,p.Glu11Val,-0.0797012824221206,0.0232678235799859,0.1258419,0.003023805
urn:mavedb:00000713-a-1#1430,NA,NA,p.Glu11Trp,-0.159617252060474,0.0254469757735745,0.1154563,0.003307
urn:mavedb:00000713-a-1#1431,NA,NA,p.Glu11Tyr,-0.0327517275431101,0.0404356754176189,0.1319433,0.005254879
urn:mavedb:00000713-a-1#1432,NA,NA,p.Lys10Leu,-0.0276515595531721,0.0239350083500034,0.1326061,0.00311051
urn:mavedb:00000713-a-1#1433,NA,NA,p.Lys10Met,-0.0120294095031235,0.0291227748800704,0.1346363,0.003784694
urn:mavedb:00000713-a-1#1434,NA,NA,p.Lys10Asn,-0.0578470471954715,0.048244988314596,0.128682,0.00626975
urn:mavedb:00000713-a-1#1435,NA,NA,p.Lys10Pro,-0.522566844233501,0.0462450884042385,0.06828864,0.00600985
urn:mavedb:00000713-a-1#1436,NA,NA,p.Lys10Gln,-0.0070723663240074,0.0303333106792151,0.1352805,0.003942011
urn:mavedb:00000713-a-1#1437,NA,NA,p.Lys10Arg,0.0128427585624723,0.0208642578389343,0.1378686,0.002711446
urn:mavedb:00000713-a-1#1438,NA,NA,p.Lys10Ser,-0.0728751523317856,0.0259353545635344,0.126729,0.003370468
urn:mavedb:00000713-a-1#1439,NA,NA,p.Lys10Thr,-0.0578778267246806,0.0296400556479576,0.128678,0.003851918
urn:mavedb:00000713-a-1#1440,NA,NA,p.Lys10Val,-0.073860097266475,0.0222089539110188,0.126601,0.002886198
urn:mavedb:00000713-a-1#1441,NA,NA,p.Lys10Trp,-0.0988007497845607,0.0245612178717614,0.1233598,0.00319189
urn:mavedb:00000713-a-1#1442,NA,NA,p.Lys10Tyr,-0.0886750541630165,0.0451015134708882,0.1246757,0.005861235
urn:mavedb:00000713-a-1#1443,NA,NA,p.Glu8Phe,-0.117787102377158,0.0445203728747746,0.1208924,0.005785712
urn:mavedb:00000713-a-1#1444,NA,NA,p.Glu8Gly,-0.0662275435108629,0.0210050972697125,0.1275929,0.002729749
urn:mavedb:00000713-a-1#1445,NA,NA,p.Glu8His,-0.0383951542235879,0.0518058797436722,0.1312099,0.006732511
urn:mavedb:00000713-a-1#1446,NA,NA,p.Glu8Ile,-0.0879263421150066,0.047564629906077,0.124773,0.006181333
urn:mavedb:00000713-a-1#1447,NA,NA,p.Glu8Lys,0.0206115117348342,0.0324183467673647,0.1388782,0.004212975
urn:mavedb:00000713-a-1#1448,NA,NA,p.Glu8Leu,-0.189112505413268,0.0272749027593587,0.1116232,0.003544551
urn:mavedb:00000713-a-1#1449,NA,NA,p.Glu8Met,-0.084355916726758,0.0315397220214458,0.125237,0.004098792
urn:mavedb:00000713-a-1#1450,NA,NA,p.Glu8Asn,0.0016936435947274,0.0485932894671255,0.1364197,0.006315014
urn:mavedb:00000713-a-1#1451,NA,NA,p.Glu8Pro,-0.133905572335702,0.0454613030826949,0.1187977,0.005907992
urn:mavedb:00000713-a-1#1452,NA,NA,p.Glu8Gln,-0.0215372060757961,0.033873649077662,0.1334007,0.004402101
urn:mavedb:00000713-a-1#1453,NA,NA,p.Glu8Arg,-0.0002500836748233,0.0220391124688433,0.1361671,0.002864126
urn:mavedb:00000713-a-1#1454,NA,NA,p.Glu8Ser,0.046147748143115,0.0277148730447551,0.1421968,0.003601728
urn:mavedb:00000713-a-1#1455,NA,NA,p.Glu8Thr,-0.0303124498532937,0.0341260335222938,0.1322603,0.0044349
urn:mavedb:00000713-a-1#1456,NA,NA,p.Glu8Val,-0.108802557801039,0.0244787133437165,0.12206,0.003181168
urn:mavedb:00000713-a-1#1457,NA,NA,p.Glu8Trp,-0.0962014185428572,0.0266653064884914,0.1236976,0.00346533
urn:mavedb:00000713-a-1#1458,NA,NA,p.Glu8Tyr,-0.0218550047148796,0.0437882894674198,0.1333594,0.005690573
urn:mavedb:00000713-a-1#1459,NA,NA,p.Asn7Pro,-0.112771578092544,0.034365467480011,0.1215442,0.004466016
urn:mavedb:00000713-a-1#1460,NA,NA,p.Asn7Gln,0.0096532298481853,0.0300283855782234,0.1374541,0.003902384
urn:mavedb:00000713-a-1#1461,NA,NA,p.Asn7Arg,-0.0108243909345895,0.0213882100697774,0.1347929,0.002779537
urn:mavedb:00000713-a-1#1462,NA,NA,p.Asn7Ser,0.0179290757642663,0.0269957555140797,0.1385296,0.003508274
urn:mavedb:00000713-a-1#1463,NA,NA,p.Asn7Thr,0.013989296025509,0.0286997948947975,0.1380176,0.003729725
urn:mavedb:00000713-a-1#1464,NA,NA,p.Asn7Val,-0.0503645436447536,0.0225626645658068,0.1296544,0.002932165
urn:mavedb:00000713-a-1#1465,NA,NA,p.Asn7Trp,-0.164171083406952,0.0259755757133283,0.1148645,0.003375695
urn:mavedb:00000713-a-1#1466,NA,NA,p.Asn7Tyr,-0.0639675565786893,0.0442785458086614,0.1278866,0.005754285
urn:mavedb:00000713-a-1#1467,NA,NA,p.Ile6Lys,-0.0341906705336329,0.0315768498285542,0.1317563,0.004103617
urn:mavedb:00000713-a-1#1468,NA,NA,p.Ile6Leu,-0.0076040826910935,0.022387875314311,0.1352114,0.00290945
urn:mavedb:00000713-a-1#1469,NA,NA,p.Ile6Met,0.0383466764650835,0.0291047996350123,0.141183,0.003782358
urn:mavedb:00000713-a-1#1470,NA,NA,p.Ile6Asn,-0.0758969326118831,0.0403895522930991,0.1263363,0.005248885
urn:mavedb:00000713-a-1#1471,NA,NA,p.Ile6Pro,-0.152219392215081,0.0342271904450393,0.1164177,0.004448046
urn:mavedb:00000713-a-1#1472,NA,NA,p.Ile6Gln,0.0114599882127561,0.0329769028839212,0.1376889,0.004285563
urn:mavedb:00000713-a-1#1473,NA,NA,p.Ile6Arg,-0.0281694251321141,0.0213288902221093,0.1325388,0.002771828
urn:mavedb:00000713-a-1#1474,NA,NA,p.Ile6Ser,-0.079651265687156,0.0266101418772665,0.1258484,0.003458161
urn:mavedb:00000713-a-1#1475,NA,NA,p.Ile6Thr,-0.047536674398673,0.0295839984303856,0.1300219,0.003844633
urn:mavedb:00000713-a-1#1476,NA,NA,p.Ile6Val,-0.0679488886818787,0.0227251881749129,0.1273692,0.002953286
urn:mavedb:00000713-a-1#1477,NA,NA,p.Ile6Trp,-0.106365588575913,0.024659781619171,0.1223767,0.003204699
urn:mavedb:00000713-a-1#1478,NA,NA,p.Ile6Tyr,-0.0386421599454903,0.0379224037395838,0.1311778,0.004928263
urn:mavedb:00000713-a-1#1479,NA,NA,p.Gln5Arg,-0.0084959195499254,0.022252822435024,0.1350955,0.002891899
urn:mavedb:00000713-a-1#1480,NA,NA,p.Gln5Ser,-0.0296129850520182,0.0260266004778746,0.1323512,0.003382326
urn:mavedb:00000713-a-1#1481,NA,NA,p.Gln5Thr,0.0014181668083065,0.0311522077487039,0.1363839,0.004048432
urn:mavedb:00000713-a-1#1482,NA,NA,p.Gln5Val,-0.422166867060062,0.027915809506314,0.08133627,0.003627841
urn:mavedb:00000713-a-1#1483,NA,NA,p.Gln5Trp,-0.120334108419206,0.0278980266333135,0.1205614,0.00362553
urn:mavedb:00000713-a-1#1484,NA,NA,p.Gln5Tyr,-0.0962706724835776,0.0440871894755688,0.1236886,0.005729417
urn:mavedb:00000713-a-1#1485,NA,NA,p.Asp4Glu,-0.132038024400943,0.0269662456404505,0.1190404,0.003504439
urn:mavedb:00000713-a-1#1486,NA,NA,p.Asp4Phe,-0.0915798722321198,0.0386752633291547,0.1242982,0.005026102
urn:mavedb:00000713-a-1#1487,NA,NA,p.Asp4Gly,-0.20746941663354,0.0228426659430215,0.1092376,0.002968553
urn:mavedb:00000713-a-1#1488,NA,NA,p.Asp4His,-0.0996556512083418,0.042518279922961,0.1232487,0.005525527
urn:mavedb:00000713-a-1#1489,NA,NA,p.Asp4Ile,-0.0371885966785934,0.0457086858538303,0.1313667,0.005940141
urn:mavedb:00000713-a-1#1490,NA,NA,p.Asp4Lys,-0.112064418408967,0.0312264171936269,0.1216361,0.004058076
urn:mavedb:00000713-a-1#1491,NA,NA,p.Asp4Leu,-0.0805423330577577,0.0240308634988427,0.1257326,0.003122967
urn:mavedb:00000713-a-1#1492,NA,NA,p.Asp4Met,-0.0340821726931709,0.0306426064733544,0.1317704,0.003982206
urn:mavedb:00000713-a-1#1493,NA,NA,p.Asp4Asn,-0.0685221574133969,0.0416096220514163,0.1272947,0.005407441
urn:mavedb:00000713-a-1#1494,NA,NA,p.Asp4Pro,-0.165295305711312,0.036038658077579,0.1147184,0.004683458
urn:mavedb:00000713-a-1#1495,NA,NA,p.Asp4Gln,-0.142651575560451,0.0351804632441725,0.1176611,0.00457193
urn:mavedb:00000713-a-1#1496,NA,NA,p.Asp4Arg,-0.278469326148265,0.0243101723366501,0.1000107,0.003159265
urn:mavedb:00000713-a-1#1497,NA,NA,p.Asp4Ser,-0.0462347003131305,0.027608252755575,0.1301911,0.003587872
urn:mavedb:00000713-a-1#1498,NA,NA,p.Asp4Thr,-0.114841501431852,0.0320473149325143,0.1212752,0.004164757
urn:mavedb:00000713-a-1#1499,NA,NA,p.Asp4Val,-0.120167898961477,0.0249073644572462,0.120583,0.003236874
urn:mavedb:00000713-a-1#1500,NA,NA,p.Asp4Trp,-0.521928476797706,0.0337852502697736,0.0683716,0.004390613
urn:mavedb:00000713-a-1#1501,NA,NA,p.Asp4Tyr,-0.0811333000185712,0.042101078794297,0.1256558,0.005471309
urn:mavedb:00000713-a-1#1502,NA,NA,p.Gln3Arg,-0.0365737755826429,0.0231867810795785,0.1314466,0.003013273
urn:mavedb:00000713-a-1#1503,NA,NA,p.Gln3Ser,-0.120606507252706,0.0265128708700836,0.120526,0.00344552
urn:mavedb:00000713-a-1#1504,NA,NA,p.Gln3Thr,-0.0361644078441626,0.0304953341209715,0.1314998,0.003963067
urn:mavedb:00000713-a-1#1505,NA,NA,p.Gln3Val,-0.146285098983578,0.0261781819643468,0.1171889,0.003402025
urn:mavedb:00000713-a-1#1506,NA,NA,p.Gln3Trp,-0.117328487391943,0.0273435564992595,0.120952,0.003553473
urn:mavedb:00000713-a-1#1507,NA,NA,p.Gln3Tyr,-0.0860749534330828,0.043069595155271,0.1250136,0.005597174
urn:mavedb:00000713-a-1#1508,NA,NA,p.Ser2Thr,0.0464763196174214,0.0328277298956096,0.1422395,0.004266177
urn:mavedb:00000713-a-1#1509,NA,NA,p.Ser2Val,-0.116565155067559,0.0254410353244372,0.1210512,0.003306228
urn:mavedb:00000713-a-1#1510,NA,NA,p.Ser2Trp,-0.162211196884566,0.0270391084809706,0.1151192,0.003513908
urn:mavedb:00000713-a-1#1511,NA,NA,p.Ser2Tyr,-0.0635081721052442,0.040790101696461,0.1279463,0.005300939
urn:mavedb:00000713-a-1#1512,NA,NA,p.Leu1Met,0.041309975639684,0.0336610779540621,0.1415681,0.004374476
urn:mavedb:00000713-a-1#1513,NA,NA,p.Leu1Asn,0.0843751539325135,0.0889944687273833,0.1471647,0.01156541
urn:mavedb:00000713-a-1#1514,NA,NA,p.Leu1Pro,-0.331054305030158,0.107322601087845,0.09317694,0.01394727
urn:mavedb:00000713-a-1#1515,NA,NA,p.Leu1Gln,-0.236696118593985,0.101681405923235,0.1054394,0.01321416
urn:mavedb:00000713-a-1#1516,NA,NA,p.Leu1Arg,-0.123362044605145,0.0350724732659426,0.1201679,0.004557896
urn:mavedb:00000713-a-1#1517,NA,NA,p.Leu1Ser,-0.0141608919008496,0.032939474976403,0.1343593,0.004280699
urn:mavedb:00000713-a-1#1518,NA,NA,p.Leu1Thr,-0.0032741724196116,0.0495192916033795,0.1357741,0.006435354
urn:mavedb:00000713-a-1#1519,NA,NA,p.Leu1Val,-0.0429066637174029,0.0284180236946533,0.1306236,0.003693107
urn:mavedb:00000713-a-1#1520,NA,NA,p.Leu1Trp,-0.175984266717382,0.0284203013798148,0.1133293,0.003693403
urn:mavedb:00000713-a-1#1521,NA,NA,p.Leu1Tyr,0.0249545033062298,0.0517808098171315,0.1394426,0.006729253
