accession,hgvs_nt,hgvs_splice,hgvs_pro,score,sigma,raw_score,raw_sigma
urn:mavedb:00000928-a-1#1,NA,NA,p.Glu1Ter,-0.825695618715345,0.460387081072368,0.0076996,0.05587184
urn:mavedb:00000928-a-1#2,NA,NA,p.Glu1Ala,-0.269175679069799,0.066105114552391,0.07523797,0.008022411
urn:mavedb:00000928-a-1#3,NA,NA,p.Glu1Cys,-0.220737087661529,0.0585934384550765,0.0811164,0.007110806
urn:mavedb:00000928-a-1#4,NA,NA,p.Glu1Asp,-0.361623996677412,0.0458522850840792,0.06401859,0.00556456
urn:mavedb:00000928-a-1#5,NA,NA,p.Gly2Ter,-0.856478341371686,0.241514553244649,0.003963858,0.02930982
urn:mavedb:00000928-a-1#6,NA,NA,p.Gly2Ala,-0.32563670643617,0.047195249383683,0.06838595,0.00572754
urn:mavedb:00000928-a-1#7,NA,NA,p.Gly2Cys,-0.654341020857716,0.0548581717058055,0.02849492,0.0066575
urn:mavedb:00000928-a-1#8,NA,NA,p.Gly2Asp,-0.864358174923547,0.0751225454923388,0.003007574,0.009116752
urn:mavedb:00000928-a-1#9,NA,NA,p.Gly2Glu,-0.426303738131817,0.0840399998348693,0.05616916,0.01019896
urn:mavedb:00000928-a-1#10,NA,NA,p.Gly2Phe,-0.384492870831414,0.0403906442373116,0.06124326,0.004901744
urn:mavedb:00000928-a-1#11,NA,NA,p.Glu3Ter,-0.905618227451761,0.141706135366764,-0.00199968,0.01719723
urn:mavedb:00000928-a-1#12,NA,NA,p.Glu3Ala,-0.170066182727638,0.0387958226311831,0.08726574,0.004708199
urn:mavedb:00000928-a-1#13,NA,NA,p.Glu3Cys,-0.143080164676857,0.0332909462114617,0.09054072,0.004040136
urn:mavedb:00000928-a-1#14,NA,NA,p.Glu3Asp,-0.14122137288213,0.0385220632562553,0.0907663,0.004674976
urn:mavedb:00000928-a-1#15,NA,NA,p.Ala4Ter,-0.872292170362396,0.175878058907516,0.002044717,0.02134428
urn:mavedb:00000928-a-1#16,NA,NA,p.His5Ter,-0.811014245317883,0.149899552483392,0.009481308,0.01819157
urn:mavedb:00000928-a-1#17,NA,NA,p.His5Ala,-0.277387718712609,0.0408992040031905,0.07424137,0.004963462
urn:mavedb:00000928-a-1#18,NA,NA,p.His5Cys,-0.64250945428986,0.0697160965395383,0.02993078,0.008460634
urn:mavedb:00000928-a-1#19,NA,NA,p.His5Asp,-0.911754893672338,0.0851765507358654,-0.002744416,0.01033689
urn:mavedb:00000928-a-1#20,NA,NA,p.His5Glu,-0.621458583654213,0.233409551927106,0.03248548,0.02832621
urn:mavedb:00000928-a-1#21,NA,NA,p.His5Phe,-0.70504620442387,0.0536360478249874,0.02234142,0.006509185
urn:mavedb:00000928-a-1#22,NA,NA,p.His5Gly,-0.821857120546603,0.0628450271028208,0.008165434,0.007626772
urn:mavedb:00000928-a-1#23,NA,NA,p.Arg6Ter,-0.830289186160256,0.214814135529027,0.007142132,0.0260695
urn:mavedb:00000928-a-1#24,NA,NA,p.Arg6Ala,-0.645562889379203,0.066834244132798,0.02956022,0.008110897
urn:mavedb:00000928-a-1#25,NA,NA,p.Arg6Cys,-0.523070669001316,0.048747156779035,0.04442568,0.005915877
urn:mavedb:00000928-a-1#26,NA,NA,p.Arg6Asp,-0.46657890622669,0.0915428178721636,0.05128143,0.01110949
urn:mavedb:00000928-a-1#27,NA,NA,p.Arg6Glu,-0.538797227560703,0.130253034563301,0.04251713,0.0158073
urn:mavedb:00000928-a-1#28,NA,NA,p.Arg6Phe,-0.539033469961425,0.0428812175928389,0.04248846,0.005203996
urn:mavedb:00000928-a-1#29,NA,NA,p.Arg6Gly,-0.839859244684676,0.0900889424210525,0.005980725,0.01093305
urn:mavedb:00000928-a-1#30,NA,NA,p.Arg6His,-0.495856483804529,0.0607185653344262,0.04772835,0.007368708
urn:mavedb:00000928-a-1#31,NA,NA,p.Arg6Ile,-0.215450020637632,0.0364236835981384,0.08175803,0.00442032
urn:mavedb:00000928-a-1#32,NA,NA,p.Arg6Lys,-0.120008337947696,0.0767281450914964,0.09334068,0.009311605
urn:mavedb:00000928-a-1#33,NA,NA,p.Arg6Leu,-0.347935780729346,0.041296465334938,0.06567977,0.005011673
urn:mavedb:00000928-a-1#34,NA,NA,p.Arg6Met,-0.338092457233348,0.123296449827153,0.06687434,0.01496306
urn:mavedb:00000928-a-1#35,NA,NA,p.Arg6Asn,-0.629019576485686,0.0528353615997297,0.03156789,0.006412015
urn:mavedb:00000928-a-1#36,NA,NA,p.Arg6Pro,-0.822299487943978,0.110638900062633,0.008111749,0.01342696
urn:mavedb:00000928-a-1#37,NA,NA,p.Arg6Gln,-0.280792097779864,0.113045408368556,0.07382822,0.01371901
urn:mavedb:00000928-a-1#38,NA,NA,p.Val7Ter,-0.993083371294584,0.23829302101632,-0.01261431,0.02891886
urn:mavedb:00000928-a-1#39,NA,NA,p.Val7Ala,-0.871844636450014,0.0970076229003709,0.002099029,0.01177269
urn:mavedb:00000928-a-1#40,NA,NA,p.Val7Cys,-0.591568852328567,0.0506489781453202,0.03611285,0.006146679
urn:mavedb:00000928-a-1#41,NA,NA,p.Val7Asp,-1.00786199383098,0.126005368182134,-0.01440782,0.01529181
urn:mavedb:00000928-a-1#42,NA,NA,p.Val7Glu,-0.790966832201423,0.225283208864955,0.01191423,0.02734001
urn:mavedb:00000928-a-1#43,NA,NA,p.Val7Phe,-0.82789891900438,0.0694941671157978,0.007432211,0.008433701
urn:mavedb:00000928-a-1#44,NA,NA,p.Val7Gly,-0.736226987697374,0.0524973792296423,0.01855737,0.006370998
urn:mavedb:00000928-a-1#45,NA,NA,p.Val7His,-1.06208287961869,0.151913422128889,-0.02098798,0.01843597
urn:mavedb:00000928-a-1#46,NA,NA,p.Val7Ile,-0.380214386641432,0.040346461057937,0.06176249,0.004896382
urn:mavedb:00000928-a-1#47,NA,NA,p.Val7Lys,-0.792130492886108,0.208375273500843,0.01177301,0.02528809
urn:mavedb:00000928-a-1#48,NA,NA,p.Val7Leu,-0.809469276049542,0.0711662639655247,0.009668803,0.008636624
urn:mavedb:00000928-a-1#49,NA,NA,p.Val7Met,-0.663804148177595,0.176925205202728,0.02734649,0.02147136
urn:mavedb:00000928-a-1#50,NA,NA,p.Val7Asn,-0.733829790654542,0.0968133223838373,0.01884829,0.01174911
urn:mavedb:00000928-a-1#51,NA,NA,p.Val7Pro,-1.01228995263377,0.152009336378781,-0.01494519,0.01844761
urn:mavedb:00000928-a-1#52,NA,NA,p.Val7Gln,-0.689186816164462,0.119519620236262,0.02426609,0.01450471
urn:mavedb:00000928-a-1#53,NA,NA,p.Val7Arg,-0.881030260113595,0.103630814977531,0.0009842764,0.01257647
urn:mavedb:00000928-a-1#54,NA,NA,p.Val7Ser,-0.833392061584595,0.0632590487081319,0.006765572,0.007677017
urn:mavedb:00000928-a-1#55,NA,NA,p.Val7Thr,-0.697863512555674,0.0806267791877053,0.0232131,0.009784737
urn:mavedb:00000928-a-1#56,NA,NA,p.Leu8Ter,-0.861116248557032,0.211039448352653,0.003401009,0.02561141
urn:mavedb:00000928-a-1#57,NA,NA,p.Leu8Ala,-0.418557591245784,0.0577991712333125,0.05710922,0.007014415
urn:mavedb:00000928-a-1#58,NA,NA,p.Leu8Cys,-0.392672691855919,0.0449629688182856,0.06025057,0.005456634
urn:mavedb:00000928-a-1#59,NA,NA,p.Leu8Asp,-0.918224153266489,0.0948687516078924,-0.003529515,0.01151312
urn:mavedb:00000928-a-1#60,NA,NA,p.Leu8Glu,-0.680411239103258,0.137377469236761,0.02533108,0.01667191
urn:mavedb:00000928-a-1#61,NA,NA,p.Leu8Phe,-0.983245074232644,0.0766944020628617,-0.01142035,0.00930751
urn:mavedb:00000928-a-1#62,NA,NA,p.Leu8Gly,-0.649094577309073,0.0509903224581873,0.02913162,0.006188104
urn:mavedb:00000928-a-1#63,NA,NA,p.Leu8His,-0.839352324689908,0.0933496149145868,0.006042244,0.01132876
urn:mavedb:00000928-a-1#64,NA,NA,p.Leu8Ile,-0.113749438738897,0.0335058056672978,0.09410025,0.004066211
urn:mavedb:00000928-a-1#65,NA,NA,p.Leu8Lys,-0.187946115077769,0.0903618530702296,0.08509586,0.01096617
urn:mavedb:00000928-a-1#66,NA,NA,p.Phe9Ter,-0.824764162804024,0.142138820698536,0.00781264,0.01724974
urn:mavedb:00000928-a-1#67,NA,NA,p.Phe9Ala,0.0793220734673325,0.0350710619530987,0.1175311,0.004256168
urn:mavedb:00000928-a-1#68,NA,NA,p.Phe9Cys,-0.0762730056075805,0.0289862751240435,0.09864833,0.003517728
urn:mavedb:00000928-a-1#69,NA,NA,p.Phe9Asp,0.0606608190231511,0.0353762736211398,0.1152664,0.004293208
urn:mavedb:00000928-a-1#70,NA,NA,p.Phe9Glu,0.0147010836110143,0.0698679690085897,0.1096888,0.008479065
urn:mavedb:00000928-a-1#71,NA,NA,p.Gly10Ter,-0.998942298193266,0.251919189343966,-0.01332534,0.03057251
urn:mavedb:00000928-a-1#72,NA,NA,p.Gly10Ala,0.15850406598551,0.0404109806951066,0.1271405,0.004904212
urn:mavedb:00000928-a-1#73,NA,NA,p.Gly10Cys,-0.303915012855188,0.0381128620836064,0.07102206,0.004625316
urn:mavedb:00000928-a-1#74,NA,NA,p.Gly10Asp,-0.0827567759400521,0.0357275389612294,0.09786147,0.004335837
urn:mavedb:00000928-a-1#75,NA,NA,p.Gly10Glu,0.0345175938829319,0.0711601828043202,0.1120937,0.008635886
urn:mavedb:00000928-a-1#76,NA,NA,p.Gly10Phe,-0.463761795938626,0.0446659807259656,0.05162331,0.005420592
urn:mavedb:00000928-a-1#77,NA,NA,p.Phe11Ter,-0.857213791074917,0.16994101627954,0.003874605,0.02062377
urn:mavedb:00000928-a-1#78,NA,NA,p.Phe11Ala,-0.395155503078852,0.0655923770782049,0.05994926,0.007960186
urn:mavedb:00000928-a-1#79,NA,NA,p.Phe11Cys,-0.438013846276699,0.0492062350096389,0.05474804,0.00597159
urn:mavedb:00000928-a-1#80,NA,NA,p.Phe11Asp,-0.471744597228172,0.0611275357855119,0.05065453,0.00741834
urn:mavedb:00000928-a-1#81,NA,NA,p.Phe11Glu,-0.757890753685853,0.202581525443797,0.01592829,0.02458497
urn:mavedb:00000928-a-1#82,NA,NA,p.Val12Ter,-0.628993455508696,0.0990705208780725,0.03157106,0.01202304
urn:mavedb:00000928-a-1#83,NA,NA,p.Val12Ala,-0.11414660943003,0.0449843764833388,0.09405205,0.005459232
urn:mavedb:00000928-a-1#84,NA,NA,p.Val12Cys,-0.0791148360631417,0.0410163858371865,0.09830345,0.004977683
urn:mavedb:00000928-a-1#85,NA,NA,p.Val12Asp,-0.186970904469976,0.0448975180548069,0.08521421,0.005448691
urn:mavedb:00000928-a-1#86,NA,NA,p.Val12Glu,-0.0213335045507069,0.0916922924849677,0.1053157,0.01112763
urn:mavedb:00000928-a-1#87,NA,NA,p.Val12Phe,-0.0830755837002171,0.0303059283056968,0.09782278,0.003677879
urn:mavedb:00000928-a-1#88,NA,NA,p.Val12Gly,-0.453584008576382,0.0480362624421856,0.05285847,0.005829604
urn:mavedb:00000928-a-1#89,NA,NA,p.Val12His,0.008528457786783,0.0417866168160868,0.1089397,0.005071157
urn:mavedb:00000928-a-1#90,NA,NA,p.Val12Ile,0.0227689222767527,0.0316349586708876,0.1106679,0.003839168
urn:mavedb:00000928-a-1#91,NA,NA,p.Val12Lys,0.0460108237582992,0.0686265798772349,0.1134885,0.008328412
urn:mavedb:00000928-a-1#92,NA,NA,p.Val12Leu,-0.141559297571826,0.0332854830544447,0.09072529,0.004039473
urn:mavedb:00000928-a-1#93,NA,NA,p.Val12Met,-0.102321058102933,0.0629090523366405,0.09548718,0.007634542
urn:mavedb:00000928-a-1#94,NA,NA,p.Val12Asn,-0.0041216759274869,0.0366941469507331,0.1074045,0.004453143
urn:mavedb:00000928-a-1#95,NA,NA,p.Val12Pro,-0.636336746065071,0.0711369211267047,0.03067989,0.008633063
urn:mavedb:00000928-a-1#96,NA,NA,p.Val12Gln,-0.002287439499141,0.0961857597316234,0.1076271,0.01167295
urn:mavedb:00000928-a-1#97,NA,NA,p.Val12Arg,-0.0115739824225272,0.0383666805234192,0.1065001,0.004656119
urn:mavedb:00000928-a-1#98,NA,NA,p.Val12Ser,-0.0305302308655171,0.0302843558395269,0.1041996,0.003675261
urn:mavedb:00000928-a-1#99,NA,NA,p.Val12Thr,0.0635703827376565,0.0427595366883583,0.1156195,0.005189229
urn:mavedb:00000928-a-1#100,NA,NA,p.Pro13Ter,-0.794318557311908,0.139714431471456,0.01150747,0.01695552
urn:mavedb:00000928-a-1#101,NA,NA,p.Pro13Ala,-0.250475037158738,0.0441290174876315,0.07750745,0.005355427
urn:mavedb:00000928-a-1#102,NA,NA,p.Pro13Cys,-0.573856357912956,0.0445390179456962,0.03826241,0.005405184
urn:mavedb:00000928-a-1#103,NA,NA,p.Pro13Asp,-0.74252000073732,0.074674690217779,0.01779366,0.009062401
urn:mavedb:00000928-a-1#104,NA,NA,p.Pro13Glu,-0.833477618084306,0.180592112448812,0.006755189,0.02191637
urn:mavedb:00000928-a-1#105,NA,NA,p.Pro13Phe,-0.856703599777983,0.0640596937331104,0.003936521,0.007774182
urn:mavedb:00000928-a-1#106,NA,NA,p.Pro13Gly,-0.203513475758469,0.0332985435429394,0.08320663,0.004041058
urn:mavedb:00000928-a-1#107,NA,NA,p.Pro13His,-0.880219581996635,0.0766628838493019,0.001082659,0.009303685
urn:mavedb:00000928-a-1#108,NA,NA,p.Pro13Ile,-0.468343926186041,0.0424662731012746,0.05106723,0.005153639
urn:mavedb:00000928-a-1#109,NA,NA,p.Pro13Lys,-0.799200460790514,0.199426490466037,0.01091501,0.02420208
urn:mavedb:00000928-a-1#110,NA,NA,p.Pro13Leu,-0.492144009049691,0.048158050467392,0.04817889,0.005844384
urn:mavedb:00000928-a-1#111,NA,NA,p.Pro13Met,-0.582388111722072,0.10030842446581,0.03722701,0.01217327
urn:mavedb:00000928-a-1#112,NA,NA,p.Pro13Asn,-0.802374859899481,0.0713294005908993,0.01052977,0.008656422
urn:mavedb:00000928-a-1#113,NA,NA,p.Glu14Ter,-1.0379904395741,0.239292127786028,-0.01806416,0.02904011
urn:mavedb:00000928-a-1#114,NA,NA,p.Glu14Ala,-0.0761264974148762,0.0454095798444147,0.09866611,0.005510834
urn:mavedb:00000928-a-1#115,NA,NA,p.Glu14Cys,-0.207187057449776,0.036217451480759,0.08276081,0.004395292
urn:mavedb:00000928-a-1#116,NA,NA,p.Glu14Asp,-0.166089531782806,0.0451949099098628,0.08774834,0.005484782
urn:mavedb:00000928-a-1#117,NA,NA,p.Thr15Ter,-0.695504384570789,0.180357930062048,0.0234994,0.02188795
urn:mavedb:00000928-a-1#118,NA,NA,p.Thr15Ala,-0.19754800493787,0.0503893422260895,0.08393059,0.00611517
urn:mavedb:00000928-a-1#119,NA,NA,p.Thr15Cys,-0.300039467395422,0.039342987058638,0.07149239,0.004774602
urn:mavedb:00000928-a-1#120,NA,NA,p.Thr15Asp,-0.0907530085206051,0.043167567773079,0.09689106,0.005238747
urn:mavedb:00000928-a-1#121,NA,NA,p.Thr15Glu,-0.484630314138697,0.132246468870334,0.04909074,0.01604922
urn:mavedb:00000928-a-1#122,NA,NA,p.Thr15Phe,-0.425762284063054,0.0460311354959266,0.05623487,0.005586265
urn:mavedb:00000928-a-1#123,NA,NA,p.Thr15Gly,-0.107255697938868,0.0364655266016565,0.09488832,0.004425398
urn:mavedb:00000928-a-1#124,NA,NA,p.Thr15His,-0.081145845024771,0.0402354098254805,0.09805697,0.004882905
urn:mavedb:00000928-a-1#125,NA,NA,p.Thr15Ile,-0.427815541175431,0.0451516331366297,0.05598569,0.00547953
urn:mavedb:00000928-a-1#126,NA,NA,p.Thr15Lys,-0.0698948727908833,0.090193838331802,0.09942237,0.01094578
urn:mavedb:00000928-a-1#127,NA,NA,p.Thr15Leu,-0.229440646634756,0.0448305593611109,0.08006015,0.005440565
urn:mavedb:00000928-a-1#128,NA,NA,p.Thr15Met,-0.105251057155903,0.117184388413292,0.0951316,0.01422131
urn:mavedb:00000928-a-1#129,NA,NA,p.Thr15Asn,-0.0387842947930734,0.0434598178332953,0.1031979,0.005274214
urn:mavedb:00000928-a-1#130,NA,NA,p.Thr15Pro,-0.536244128661517,0.076296514486871,0.04282697,0.009259223
urn:mavedb:00000928-a-1#131,NA,NA,p.Thr15Gln,-0.540771132935412,0.130874829176433,0.04227758,0.01588276
urn:mavedb:00000928-a-1#132,NA,NA,p.Thr15Arg,0.0445745820266699,0.0366181901160679,0.1133142,0.004443925
urn:mavedb:00000928-a-1#133,NA,NA,p.Thr15Ser,-0.0557242015738161,0.0317268188133098,0.1011421,0.003850316
urn:mavedb:00000928-a-1#134,NA,NA,p.Lys16Ter,-0.776004209218281,0.0796942520691254,0.01373007,0.009671567
urn:mavedb:00000928-a-1#135,NA,NA,p.Lys16Ala,-0.103654875940562,0.0417007554343106,0.09532531,0.005060737
urn:mavedb:00000928-a-1#136,NA,NA,p.Lys16Cys,-0.254311195151624,0.0706630849561045,0.0770419,0.008575559
urn:mavedb:00000928-a-1#137,NA,NA,p.Lys16Asp,-0.034894988440067,0.0607589828082854,0.1036699,0.007373613
urn:mavedb:00000928-a-1#138,NA,NA,p.Lys16Glu,-0.0111537395750625,0.0502595366265579,0.1065511,0.006099417
urn:mavedb:00000928-a-1#139,NA,NA,p.Lys16Phe,-0.355872602507345,0.0900574654077718,0.06471657,0.01092923
urn:mavedb:00000928-a-1#140,NA,NA,p.Lys16Gly,-0.13533278178245,0.0367625229340324,0.09148093,0.004461441
urn:mavedb:00000928-a-1#141,NA,NA,p.Lys16His,-0.262557595827256,0.0921108049207075,0.07604113,0.01117842
urn:mavedb:00000928-a-1#142,NA,NA,p.Lys16Ile,-0.193775212974337,0.0930874987385504,0.08438845,0.01129695
urn:mavedb:00000928-a-1#143,NA,NA,p.Glu17Ter,-0.773796451059041,0.0854125459349122,0.013998,0.01036553
urn:mavedb:00000928-a-1#144,NA,NA,p.Glu17Ala,-0.0075635472487809,0.0421843725511842,0.1069868,0.005119428
urn:mavedb:00000928-a-1#145,NA,NA,p.Glu17Cys,-0.202641348249142,0.0458240464127407,0.08331247,0.005561133
urn:mavedb:00000928-a-1#146,NA,NA,p.Glu17Asp,-0.0090105010529927,0.0496339021474088,0.1068112,0.006023491
urn:mavedb:00000928-a-1#147,NA,NA,p.Glu18Ter,NA,NA,NA,NA
urn:mavedb:00000928-a-1#148,NA,NA,p.Glu18Ala,-0.452460394563043,0.543978327466592,0.05299483,0.06601634
urn:mavedb:00000928-a-1#149,NA,NA,p.Glu18Cys,NA,NA,NA,NA
urn:mavedb:00000928-a-1#150,NA,NA,p.Glu18Asp,NA,NA,NA,NA
urn:mavedb:00000928-a-1#151,NA,NA,p.Leu19Ter,-0.545106308709522,0.0794175345141537,0.04175147,0.009637985
urn:mavedb:00000928-a-1#152,NA,NA,p.Leu19Ala,-0.445518394725718,0.057367103905728,0.0538373,0.00696198
urn:mavedb:00000928-a-1#153,NA,NA,p.Leu19Cys,-0.598961253617704,0.0721779615405447,0.03521572,0.008759402
urn:mavedb:00000928-a-1#154,NA,NA,p.Leu19Asp,-0.853092090427263,0.158751102859373,0.004374808,0.01926578
urn:mavedb:00000928-a-1#155,NA,NA,p.Leu19Glu,-0.717718833490563,0.0796472755108235,0.02080349,0.009665866
urn:mavedb:00000928-a-1#156,NA,NA,p.Leu19Phe,-0.398278072236631,0.0680822170687631,0.05957031,0.008262349
urn:mavedb:00000928-a-1#157,NA,NA,p.Leu19Gly,-0.731283778203373,0.058162162172852,0.01915727,0.007058467
urn:mavedb:00000928-a-1#158,NA,NA,p.Leu19His,-0.977315447654918,0.207017724302416,-0.01070074,0.02512334
urn:mavedb:00000928-a-1#159,NA,NA,p.Leu19Ile,0.0549595243925469,0.0864689210926568,0.1145745,0.01049373
urn:mavedb:00000928-a-1#160,NA,NA,p.Leu19Lys,-1.05618909728384,0.161006323740208,-0.02027272,0.01953947
urn:mavedb:00000928-a-1#161,NA,NA,p.Gln20Ter,-0.83524988929279,0.0935762164499844,0.006540109,0.01135626
urn:mavedb:00000928-a-1#162,NA,NA,p.Gln20Ala,-9.39366364921751e-05,0.043735307619948,0.1078933,0.005307647
urn:mavedb:00000928-a-1#163,NA,NA,p.Gln20Cys,-0.197311844937707,0.071607008071901,0.08395925,0.008690112
urn:mavedb:00000928-a-1#164,NA,NA,p.Gln20Asp,-0.377943344853398,0.0936103302811315,0.0620381,0.0113604
urn:mavedb:00000928-a-1#165,NA,NA,p.Gln20Glu,-0.0312635958346222,0.0433218875387127,0.1041106,0.005257475
urn:mavedb:00000928-a-1#166,NA,NA,p.Gln20Phe,-0.168554791686815,0.0665323779274251,0.08744916,0.008074263
urn:mavedb:00000928-a-1#167,NA,NA,p.Gln20Gly,-0.100376569727546,0.0420281905329323,0.09572316,0.005100474
urn:mavedb:00000928-a-1#168,NA,NA,p.Gln20His,-0.0259841920626492,0.0987428962581667,0.1047513,0.01198328
urn:mavedb:00000928-a-1#169,NA,NA,p.Gln20Ile,-0.645782898869935,0.117471389557943,0.02953352,0.01425614
urn:mavedb:00000928-a-1#170,NA,NA,p.Gln20Lys,0.0180589063628153,0.0485382136832867,0.1100963,0.00589052
urn:mavedb:00000928-a-1#171,NA,NA,p.Gln20Leu,-0.128060685308469,0.0331208055386293,0.09236346,0.004019488
urn:mavedb:00000928-a-1#172,NA,NA,p.Gln20Met,-0.1497081359864,0.0562305118044527,0.08973636,0.006824045
urn:mavedb:00000928-a-1#173,NA,NA,p.Gln20Asn,-0.246239566060202,0.0876843293279713,0.07802146,0.01064123
urn:mavedb:00000928-a-1#174,NA,NA,p.Gln20Pro,-0.286326448879299,0.0611221055887182,0.07315658,0.007417681
urn:mavedb:00000928-a-1#175,NA,NA,p.Val21Ter,-0.766988928932905,0.138933191777964,0.01482415,0.01686071
urn:mavedb:00000928-a-1#176,NA,NA,p.Val21Ala,-0.657114046847074,0.0992484236834993,0.02815839,0.01204463
urn:mavedb:00000928-a-1#177,NA,NA,p.Val21Cys,-0.423910413915226,0.0654517110850859,0.05645961,0.007943115
urn:mavedb:00000928-a-1#178,NA,NA,p.Val21Asp,-0.919588508751034,0.173202018375308,-0.003695091,0.02101952
urn:mavedb:00000928-a-1#179,NA,NA,p.Val21Glu,-1.09111935316287,0.243338901605996,-0.0245118,0.02953122
urn:mavedb:00000928-a-1#180,NA,NA,p.Val21Phe,-0.884629393724461,0.168035585768801,0.0005474913,0.02039253
urn:mavedb:00000928-a-1#181,NA,NA,p.Val21Gly,-0.75737047656058,0.0559839775739959,0.01599143,0.006794126
urn:mavedb:00000928-a-1#182,NA,NA,p.Val21His,-0.856464918320735,0.319642972224065,0.003965487,0.03879136
urn:mavedb:00000928-a-1#183,NA,NA,p.Val21Ile,-0.287271418482186,0.110317125882369,0.0730419,0.01338791
urn:mavedb:00000928-a-1#184,NA,NA,p.Val21Lys,-1.10015259676996,0.472536466593689,-0.02560806,0.05734627
urn:mavedb:00000928-a-1#185,NA,NA,p.Val21Leu,-0.12427882928352,0.0389201403535302,0.09282242,0.004723286
urn:mavedb:00000928-a-1#186,NA,NA,p.Val21Met,-0.854612982252461,0.184045931851063,0.004190235,0.02233552
urn:mavedb:00000928-a-1#187,NA,NA,p.Val21Asn,-0.420665067925541,0.200652610773934,0.05685346,0.02435088
urn:mavedb:00000928-a-1#188,NA,NA,p.Val21Pro,-0.75858761520762,0.123457378117564,0.01584372,0.01498259
urn:mavedb:00000928-a-1#189,NA,NA,p.Val21Gln,-0.974627211840077,0.194006676142676,-0.0103745,0.02354434
urn:mavedb:00000928-a-1#190,NA,NA,p.Val21Arg,-0.686031616385585,0.0588332487999739,0.024649,0.007139909
urn:mavedb:00000928-a-1#191,NA,NA,p.Val21Ser,-0.877998046464043,0.106170729787384,0.001352261,0.01288471
urn:mavedb:00000928-a-1#192,NA,NA,p.Val21Thr,-0.8380313942996,0.101465410705271,0.00620255,0.01231368
urn:mavedb:00000928-a-1#193,NA,NA,p.Met22Ter,-1.0110032679155,0.114815784364199,-0.01478904,0.01393386
urn:mavedb:00000928-a-1#194,NA,NA,p.Met22Ala,0.0624241909713361,0.0439760326110427,0.1154804,0.005336861
urn:mavedb:00000928-a-1#195,NA,NA,p.Met22Cys,-0.0322787707132036,0.0571711965783069,0.1039874,0.006938205
urn:mavedb:00000928-a-1#196,NA,NA,p.Met22Asp,-0.0704710174947016,0.080270133091157,0.09935245,0.009741455
urn:mavedb:00000928-a-1#197,NA,NA,p.Met22Glu,0.0306447676415908,0.066271530719987,0.1116237,0.008042607
urn:mavedb:00000928-a-1#198,NA,NA,p.Met22Phe,-0.125874268893836,0.0694683757410416,0.0926288,0.008430571
urn:mavedb:00000928-a-1#199,NA,NA,p.Met22Gly,-0.0729435286478437,0.0433090083314463,0.09905239,0.005255912
urn:mavedb:00000928-a-1#200,NA,NA,p.Met22His,0.0852318415105024,0.0684616139594654,0.1182483,0.008308392
urn:mavedb:00000928-a-1#201,NA,NA,p.Met22Ile,-0.227102201190011,0.067183325858092,0.08034394,0.008153261
urn:mavedb:00000928-a-1#202,NA,NA,p.Met22Lys,0.0104327346897063,0.0494024554591816,0.1091708,0.005995403
urn:mavedb:00000928-a-1#203,NA,NA,p.Met22Leu,-0.0963311143165111,0.0329733332593926,0.09621411,0.004001591
urn:mavedb:00000928-a-1#204,NA,NA,p.Pro23Ter,-1.04803276041846,0.163878312800117,-0.01928288,0.01988801
urn:mavedb:00000928-a-1#205,NA,NA,p.Pro23Ala,-0.171179496671186,0.0412209040229526,0.08713063,0.005002503
urn:mavedb:00000928-a-1#206,NA,NA,p.Pro23Cys,-0.634429090739256,0.0934030104763823,0.0309114,0.01133524
urn:mavedb:00000928-a-1#207,NA,NA,p.Pro23Asp,-1.13109507762878,0.602858717625985,-0.02936319,0.07316197
urn:mavedb:00000928-a-1#208,NA,NA,p.Pro23Glu,-0.214864564670723,0.048931247866392,0.08182908,0.005938218
urn:mavedb:00000928-a-1#209,NA,NA,p.Pro23Phe,-0.695212604193755,0.151840085631979,0.02353481,0.01842707
urn:mavedb:00000928-a-1#210,NA,NA,p.Pro23Gly,-0.658071788536502,0.0577136888941047,0.02804216,0.007004041
urn:mavedb:00000928-a-1#211,NA,NA,p.Pro23His,-0.497742220581829,0.259540664185251,0.0474995,0.03149744
urn:mavedb:00000928-a-1#212,NA,NA,p.Pro23Ile,-0.727515847872781,0.191682815596755,0.01961454,0.02326232
urn:mavedb:00000928-a-1#213,NA,NA,p.Pro23Lys,-0.136690907784785,0.0550852017241064,0.09131611,0.006685052
urn:mavedb:00000928-a-1#214,NA,NA,p.Pro23Leu,-0.753476638176866,0.0775730309762404,0.01646398,0.009414139
urn:mavedb:00000928-a-1#215,NA,NA,p.Pro23Met,-0.807785989203994,0.103004241132017,0.009873084,0.01250043
urn:mavedb:00000928-a-1#216,NA,NA,p.Pro23Asn,-0.766668885164365,0.148788628156035,0.01486299,0.01805675
urn:mavedb:00000928-a-1#217,NA,NA,p.Gly24Ter,-0.846628087988734,0.111372841835647,0.005159269,0.01351603
urn:mavedb:00000928-a-1#218,NA,NA,p.Gly24Ala,-0.754179432538832,0.0831955589131403,0.01637869,0.01009648
urn:mavedb:00000928-a-1#219,NA,NA,p.Gly24Cys,-0.822085946897076,0.133657990434465,0.008137664,0.01622052
urn:mavedb:00000928-a-1#220,NA,NA,p.Gly24Asp,-0.467721554769002,0.0971130132144704,0.05114276,0.01178548
urn:mavedb:00000928-a-1#221,NA,NA,p.Gly24Glu,-0.751304229857149,0.118598546795289,0.01672762,0.01439293
urn:mavedb:00000928-a-1#222,NA,NA,p.Gly24Phe,-0.980836505912763,0.208883602545159,-0.01112805,0.02534978
urn:mavedb:00000928-a-1#223,NA,NA,p.Asn25Ter,-0.554835342631121,0.0774634629538337,0.04057077,0.009400842
urn:mavedb:00000928-a-1#224,NA,NA,p.Asn25Ala,-0.199602745260297,0.0443924932728802,0.08368123,0.005387402
urn:mavedb:00000928-a-1#225,NA,NA,p.Asn25Cys,-0.277760828440711,0.0807905667774907,0.07419609,0.009804614
urn:mavedb:00000928-a-1#226,NA,NA,p.Asn25Asp,0.166390623422931,0.0618802566457678,0.1280976,0.007509689
urn:mavedb:00000928-a-1#227,NA,NA,p.Asn25Glu,-0.0122941633023,0.0468322090038085,0.1064127,0.005683482
urn:mavedb:00000928-a-1#228,NA,NA,p.Asn25Phe,-0.893989482442175,0.181996217962694,-0.0005884341,0.02208677
urn:mavedb:00000928-a-1#229,NA,NA,p.Asn25Gly,-0.741104441545831,0.0567315978396914,0.01796545,0.006884856
urn:mavedb:00000928-a-1#230,NA,NA,p.Asn25His,-0.20334109379045,0.0759089681809502,0.08322755,0.009212191
urn:mavedb:00000928-a-1#231,NA,NA,p.Asn25Ile,-0.756460279993307,0.155344416576484,0.01610189,0.01885235
urn:mavedb:00000928-a-1#232,NA,NA,p.Asn25Lys,-0.54392625031373,0.0752453882446918,0.04189468,0.00913166
urn:mavedb:00000928-a-1#233,NA,NA,p.Asn25Leu,-0.889942888337825,0.0790451169507416,-9.734591e-05,0.009592789
urn:mavedb:00000928-a-1#234,NA,NA,p.Asn25Met,-0.228173078846021,0.0538135715878458,0.08021398,0.006530729
urn:mavedb:00000928-a-1#235,NA,NA,p.Ile26Ter,-1.01479163358456,0.119022250466204,-0.01524879,0.01444435
urn:mavedb:00000928-a-1#236,NA,NA,p.Ile26Ala,-0.568135287148353,0.061794131582205,0.03895671,0.007499237
urn:mavedb:00000928-a-1#237,NA,NA,p.Ile26Cys,-0.52576318964519,0.0659630147895571,0.04409892,0.008005166
urn:mavedb:00000928-a-1#238,NA,NA,p.Ile26Asp,-0.739852117860386,0.144670165850323,0.01811743,0.01755694
urn:mavedb:00000928-a-1#239,NA,NA,p.Ile26Glu,-0.398850838517558,0.0541559623878037,0.0595008,0.006572281
urn:mavedb:00000928-a-1#240,NA,NA,p.Ile26Phe,-0.579093654999624,0.0884836147437374,0.03762682,0.01073823
urn:mavedb:00000928-a-1#241,NA,NA,p.Ile26Gly,-0.588671731098369,0.0494952220077455,0.03646444,0.006006661
urn:mavedb:00000928-a-1#242,NA,NA,p.Ile26His,-0.657390335919143,0.120995167034213,0.02812486,0.01468378
urn:mavedb:00000928-a-1#243,NA,NA,p.Val27Ter,-0.91311332455674,0.0815266509650205,-0.002909273,0.009893944
urn:mavedb:00000928-a-1#244,NA,NA,p.Val27Ala,-0.837076470709267,0.0777162349065558,0.006318438,0.009431518
urn:mavedb:00000928-a-1#245,NA,NA,p.Val27Cys,-0.429822736375704,0.0651157969690125,0.0557421,0.007902349
urn:mavedb:00000928-a-1#246,NA,NA,p.Val27Asp,-0.701492597945485,0.120331760139127,0.02277268,0.01460327
urn:mavedb:00000928-a-1#247,NA,NA,p.Val27Glu,-0.516562096100788,0.0602386068023424,0.04521555,0.007310461
urn:mavedb:00000928-a-1#248,NA,NA,p.Val27Phe,-0.764151136104702,0.0857263272610192,0.01516854,0.01040361
urn:mavedb:00000928-a-1#249,NA,NA,p.Val27Gly,-0.849064557137664,0.0859626520622993,0.004863583,0.01043229
urn:mavedb:00000928-a-1#250,NA,NA,p.Val27His,-1.00014518154372,0.17561149310133,-0.01347132,0.02131193
urn:mavedb:00000928-a-1#251,NA,NA,p.Val27Ile,-0.83827865365497,0.0893351421134825,0.006172543,0.01084157
urn:mavedb:00000928-a-1#252,NA,NA,p.Val27Lys,-0.987917185889751,0.126361338594104,-0.01198735,0.01533501
urn:mavedb:00000928-a-1#253,NA,NA,p.Val27Leu,-0.60769587760142,0.0389574101260612,0.0341557,0.004727809
urn:mavedb:00000928-a-1#254,NA,NA,p.Val27Met,-0.684700929769172,0.0752505053193639,0.02481049,0.009132281
urn:mavedb:00000928-a-1#255,NA,NA,p.Val27Asn,-0.917127739677453,0.151162670641977,-0.003396456,0.01834486
urn:mavedb:00000928-a-1#256,NA,NA,p.Val27Pro,-0.858070031756598,0.0774222709147264,0.003770693,0.009395843
urn:mavedb:00000928-a-1#257,NA,NA,p.Val27Gln,-0.688264589115672,0.0679760933896945,0.02437801,0.00824947
urn:mavedb:00000928-a-1#258,NA,NA,p.Val27Arg,-0.678978046192286,0.0522776087005299,0.02550501,0.006344327
urn:mavedb:00000928-a-1#259,NA,NA,p.Val27Ser,-0.803513800416668,0.0608199262612236,0.01039155,0.007381009
urn:mavedb:00000928-a-1#260,NA,NA,p.Val27Thr,-0.900064405100394,0.096261650645842,-0.001325677,0.01168216
urn:mavedb:00000928-a-1#261,NA,NA,p.Phe28Ter,-0.994993828239382,0.134027309736884,-0.01284616,0.01626534
urn:mavedb:00000928-a-1#262,NA,NA,p.Phe28Ala,-0.0668595658243718,0.0393721898165089,0.09979073,0.004778146
urn:mavedb:00000928-a-1#263,NA,NA,p.Phe28Cys,-0.386893116694904,0.0813228167038885,0.06095197,0.009869207
urn:mavedb:00000928-a-1#264,NA,NA,p.Phe28Asp,-0.0607020193023143,0.0543406137989574,0.100538,0.00659469
urn:mavedb:00000928-a-1#265,NA,NA,p.Phe28Glu,0.0046531595286921,0.042654187574538,0.1084694,0.005176444
urn:mavedb:00000928-a-1#266,NA,NA,p.Val29Ter,-0.842762554196804,0.100757589909247,0.005628384,0.01222778
urn:mavedb:00000928-a-1#267,NA,NA,p.Val29Ala,-0.740761737623751,0.0906890656873437,0.01800704,0.01100588
urn:mavedb:00000928-a-1#268,NA,NA,p.Val29Cys,-0.270529849845335,0.0959411948745106,0.07507363,0.01164327
urn:mavedb:00000928-a-1#269,NA,NA,p.Val29Asp,-0.968312395612398,0.221552523586727,-0.009608144,0.02688726
urn:mavedb:00000928-a-1#270,NA,NA,p.Val29Glu,-0.947720875129197,0.19935101155461,-0.00710919,0.02419292
urn:mavedb:00000928-a-1#271,NA,NA,p.Val29Phe,-1.00648928292982,0.180852827815357,-0.01424123,0.02194801
urn:mavedb:00000928-a-1#272,NA,NA,p.Val29Gly,-0.772122318915524,0.107276710081241,0.01420117,0.01301893
urn:mavedb:00000928-a-1#273,NA,NA,p.Val29His,-0.575697763189876,0.230677067012444,0.03803894,0.0279946
urn:mavedb:00000928-a-1#274,NA,NA,p.Val29Ile,-0.733482472301197,0.0946971936454568,0.01889044,0.0114923
urn:mavedb:00000928-a-1#275,NA,NA,p.Val29Lys,-0.541202664659367,0.0678078067294245,0.04222521,0.008229047
urn:mavedb:00000928-a-1#276,NA,NA,p.Val29Leu,-0.142544396246618,0.0320488154750819,0.09060574,0.003889393
urn:mavedb:00000928-a-1#277,NA,NA,p.Val29Met,-0.281219427075345,0.057098914808543,0.07377636,0.006929433
urn:mavedb:00000928-a-1#278,NA,NA,p.Val29Asn,-0.545229579944779,0.203332524132384,0.04173651,0.02467611
urn:mavedb:00000928-a-1#279,NA,NA,p.Val29Pro,-0.398309878852145,0.0651273083270107,0.05956645,0.007903746
urn:mavedb:00000928-a-1#280,NA,NA,p.Val29Gln,-0.849378997668237,0.11286602235308,0.004825423,0.01369724
urn:mavedb:00000928-a-1#281,NA,NA,p.Val29Arg,-0.756825808870043,0.0690944832076355,0.01605753,0.008385196
urn:mavedb:00000928-a-1#282,NA,NA,p.Val29Ser,-0.748321412046291,0.0824355785636958,0.01708961,0.01000425
urn:mavedb:00000928-a-1#283,NA,NA,p.Val29Thr,-0.752871900479308,0.0773305508532532,0.01653737,0.009384712
urn:mavedb:00000928-a-1#284,NA,NA,p.Leu30Ter,-1.03317857657007,0.130817807990071,-0.0174802,0.01587584
urn:mavedb:00000928-a-1#285,NA,NA,p.Leu30Ala,-0.448400436653743,0.0480528908748559,0.05348754,0.005831622
urn:mavedb:00000928-a-1#286,NA,NA,p.Leu30Cys,-0.434590103078237,0.0717748909694352,0.05516354,0.008710486
urn:mavedb:00000928-a-1#287,NA,NA,p.Leu30Asp,-0.366959927232397,0.0969580177642584,0.06337103,0.01176667
urn:mavedb:00000928-a-1#288,NA,NA,p.Leu30Glu,-0.218299514345117,0.0541031353898606,0.08141222,0.00656587
urn:mavedb:00000928-a-1#289,NA,NA,p.Leu30Phe,-0.73233018289356,0.106543427512694,0.01903028,0.01292994
urn:mavedb:00000928-a-1#290,NA,NA,p.Leu30Gly,-0.552800543243809,0.0467218828962653,0.04081771,0.005670093
urn:mavedb:00000928-a-1#291,NA,NA,p.Leu30His,-0.296886410031062,0.114991956757901,0.07187504,0.01395524
urn:mavedb:00000928-a-1#292,NA,NA,p.Leu30Ile,-0.184522866282656,0.0887613046252974,0.0855113,0.01077193
urn:mavedb:00000928-a-1#293,NA,NA,p.Leu30Lys,-0.250124010780267,0.0557118991704579,0.07755005,0.006761107
urn:mavedb:00000928-a-1#294,NA,NA,p.Lys31Ter,-0.960401983213342,0.173360062646178,-0.008648149,0.0210387
urn:mavedb:00000928-a-1#295,NA,NA,p.Lys31Ala,-0.0403515534124416,0.0392764074075103,0.1030077,0.004766522
urn:mavedb:00000928-a-1#296,NA,NA,p.Lys31Cys,-0.19631463338084,0.0667679364035128,0.08408027,0.00810285
urn:mavedb:00000928-a-1#297,NA,NA,p.Lys31Asp,-0.16241685649764,0.0739648753282437,0.08819405,0.008976259
urn:mavedb:00000928-a-1#298,NA,NA,p.Lys31Glu,0.0051047145883208,0.0737532459742939,0.1085242,0.008950576
urn:mavedb:00000928-a-1#299,NA,NA,p.Lys31Phe,-0.511965298553991,0.104262909660453,0.04577341,0.01265318
urn:mavedb:00000928-a-1#300,NA,NA,p.Lys31Gly,-0.142050899302802,0.0416260922884111,0.09066563,0.005051676
urn:mavedb:00000928-a-1#301,NA,NA,p.Lys31His,0.188457492942742,0.0715943431060862,0.1307756,0.008688575
urn:mavedb:00000928-a-1#302,NA,NA,p.Lys31Ile,-0.507547063017088,0.128001192105357,0.0463096,0.01553402
urn:mavedb:00000928-a-1#303,NA,NA,p.Lys32Ter,-0.90960840856827,0.214385240622938,-0.002483922,0.02601745
urn:mavedb:00000928-a-1#304,NA,NA,p.Lys32Ala,-0.512603490878229,0.0591359966913209,0.04569596,0.00717665
urn:mavedb:00000928-a-1#305,NA,NA,p.Lys32Cys,-0.504272382428638,0.10592723613753,0.04670701,0.01285516
urn:mavedb:00000928-a-1#306,NA,NA,p.Lys32Asp,-0.921842790265505,0.194087675891511,-0.003968667,0.02355417
urn:mavedb:00000928-a-1#307,NA,NA,p.Lys32Glu,-0.686406786127645,0.0926942008736585,0.02460347,0.01124922
urn:mavedb:00000928-a-1#308,NA,NA,p.Lys32Phe,-0.632708237479167,0.144344024440467,0.03112024,0.01751736
urn:mavedb:00000928-a-1#309,NA,NA,p.Lys32Gly,-0.565043041396038,0.0561693788302303,0.03933198,0.006816626
urn:mavedb:00000928-a-1#310,NA,NA,p.Lys32His,-0.0259026155099061,0.134131052039817,0.1047612,0.01627793
urn:mavedb:00000928-a-1#311,NA,NA,p.Lys32Ile,-0.745030663348968,0.295210794677494,0.01748897,0.03582631
urn:mavedb:00000928-a-1#312,NA,NA,p.Gly33Ter,-0.940599555196842,0.1433567009506,-0.006244958,0.01739754
urn:mavedb:00000928-a-1#313,NA,NA,p.Gly33Ala,-0.0374831899770994,0.0413427332484382,0.1033558,0.005017288
urn:mavedb:00000928-a-1#314,NA,NA,p.Gly33Cys,-0.227886901706953,0.0528177526004154,0.08024871,0.006409878
urn:mavedb:00000928-a-1#315,NA,NA,p.Gly33Asp,0.0564328463754231,0.0594830760830476,0.1147533,0.007218771
urn:mavedb:00000928-a-1#316,NA,NA,p.Gly33Glu,-0.0764411027465664,0.0469162328531339,0.09862793,0.005693679
urn:mavedb:00000928-a-1#317,NA,NA,p.Gly33Phe,-0.180968188597014,0.0690727377002932,0.08594269,0.008382557
urn:mavedb:00000928-a-1#318,NA,NA,p.Asn34Ter,-1.02187297276601,0.206514668893833,-0.01610817,0.02506229
urn:mavedb:00000928-a-1#319,NA,NA,p.Asn34Ala,0.0283054157907041,0.0392083033460535,0.1113398,0.004758257
urn:mavedb:00000928-a-1#320,NA,NA,p.Asn34Cys,-0.120796169685855,0.0613984111408983,0.09324507,0.007451213
urn:mavedb:00000928-a-1#321,NA,NA,p.Asn34Asp,0.119334960585052,0.0605104380042054,0.122387,0.00734345
urn:mavedb:00000928-a-1#322,NA,NA,p.Asn34Glu,-0.0054771651119563,0.0456741350769775,0.10724,0.00554294
urn:mavedb:00000928-a-1#323,NA,NA,p.Asn34Phe,-0.0900909200344524,0.0683045749754069,0.09697141,0.008289334
urn:mavedb:00000928-a-1#324,NA,NA,p.Asn34Gly,-0.0862598708761828,0.0361166920780375,0.09743634,0.004383064
urn:mavedb:00000928-a-1#325,NA,NA,p.Asn34His,0.0869680212744397,0.0591500295064039,0.118459,0.007178353
urn:mavedb:00000928-a-1#326,NA,NA,p.Asn34Ile,0.0075281150087005,0.0766251773538117,0.1088183,0.009299109
urn:mavedb:00000928-a-1#327,NA,NA,p.Asn34Lys,0.0560859400248689,0.0416645815892054,0.1147112,0.005056347
urn:mavedb:00000928-a-1#328,NA,NA,p.Asn34Leu,-0.0365858478969247,0.033524996757332,0.1034647,0.00406854
urn:mavedb:00000928-a-1#329,NA,NA,p.Asn34Met,0.147816713570575,0.0458898267784527,0.1258435,0.005569116
urn:mavedb:00000928-a-1#330,NA,NA,p.Asp35Ter,-0.560135099341001,0.0648292325473207,0.0399276,0.007867572
urn:mavedb:00000928-a-1#331,NA,NA,p.Asp35Ala,-0.497102957050332,0.0542566970703577,0.04757708,0.006584506
urn:mavedb:00000928-a-1#332,NA,NA,p.Asp35Cys,-0.615693263789789,0.0674077849789732,0.03318515,0.008180501
urn:mavedb:00000928-a-1#333,NA,NA,p.Asn36Ter,-0.88019295837624,0.1121244997287,0.00108589,0.01360725
urn:mavedb:00000928-a-1#334,NA,NA,p.Asn36Ala,-0.367620862110733,0.0441001608121056,0.06329082,0.005351925
urn:mavedb:00000928-a-1#335,NA,NA,p.Asn36Cys,-0.500381922467815,0.085110053485296,0.04717915,0.01032882
urn:mavedb:00000928-a-1#336,NA,NA,p.Asn36Asp,-0.212931941975735,0.05649070804748,0.08206362,0.006855622
urn:mavedb:00000928-a-1#337,NA,NA,p.Asn36Glu,-0.271528709413368,0.0501071862342682,0.07495241,0.006080928
urn:mavedb:00000928-a-1#338,NA,NA,p.Asn36Phe,-0.531049103061271,0.119888939538681,0.04345743,0.01454953
urn:mavedb:00000928-a-1#339,NA,NA,p.Asn36Gly,0.1078606828381,0.036165951131805,0.1209945,0.004389042
urn:mavedb:00000928-a-1#340,NA,NA,p.Asn36His,-0.278963134987252,0.0692206549425449,0.07405018,0.008400508
urn:mavedb:00000928-a-1#341,NA,NA,p.Asn36Ile,-0.729311685640947,0.245869669953875,0.0193966,0.02983835
urn:mavedb:00000928-a-1#342,NA,NA,p.Asn36Lys,-0.0906750575924282,0.0573863856363763,0.09690052,0.00696432
urn:mavedb:00000928-a-1#343,NA,NA,p.Asn36Leu,-0.500208057289746,0.0456011034621328,0.04720025,0.005534077
urn:mavedb:00000928-a-1#344,NA,NA,p.Asn36Met,-0.617821917413035,0.0884754570884631,0.03292682,0.01073724
urn:mavedb:00000928-a-1#345,NA,NA,p.Trp37Ter,-0.677742779422415,0.0738404010448358,0.02565492,0.008961153
urn:mavedb:00000928-a-1#346,NA,NA,p.Trp37Ala,-0.314840667684802,0.0529915188978141,0.06969614,0.006430966
urn:mavedb:00000928-a-1#347,NA,NA,p.Trp37Cys,-0.260348354457966,0.0762106119048157,0.07630924,0.009248798
urn:mavedb:00000928-a-1#348,NA,NA,p.Trp37Asp,-0.48377054671312,0.127370663033044,0.04919508,0.0154575
urn:mavedb:00000928-a-1#349,NA,NA,p.Trp37Glu,-0.539992612460344,0.0788053395660676,0.04237206,0.00956369
urn:mavedb:00000928-a-1#350,NA,NA,p.Trp37Phe,-0.252388625324752,0.0753448127583685,0.07727522,0.009143726
urn:mavedb:00000928-a-1#351,NA,NA,p.Trp37Gly,-0.773025758637014,0.0760462557511779,0.01409153,0.009228852
urn:mavedb:00000928-a-1#352,NA,NA,p.Trp37His,-0.378401821559926,0.0947419371486281,0.06198246,0.01149773
urn:mavedb:00000928-a-1#353,NA,NA,p.Trp37Ile,-0.116688254651608,0.0584161948541164,0.0937436,0.007089296
urn:mavedb:00000928-a-1#354,NA,NA,p.Trp37Lys,0.0146343391587699,0.0554167074103094,0.1096807,0.006725283
urn:mavedb:00000928-a-1#355,NA,NA,p.Trp37Leu,-0.0928800141326846,0.0349084362111857,0.09663293,0.004236432
urn:mavedb:00000928-a-1#356,NA,NA,p.Trp37Met,0.0922556651022454,0.0482037003767049,0.1191007,0.005849924
urn:mavedb:00000928-a-1#357,NA,NA,p.Trp37Asn,-0.0803961647451173,0.0918275942017397,0.09814795,0.01114405
urn:mavedb:00000928-a-1#358,NA,NA,p.Trp37Pro,-0.809090686684311,0.0950226758508461,0.009714748,0.0115318
urn:mavedb:00000928-a-1#359,NA,NA,p.Trp37Gln,-0.0584129317920068,0.060719908463527,0.1008158,0.007368871
urn:mavedb:00000928-a-1#360,NA,NA,p.Trp37Arg,0.0468735576039767,0.0408371563827707,0.1135932,0.004955932
urn:mavedb:00000928-a-1#361,NA,NA,p.Trp37Ser,-0.278912458643881,0.0422156682832365,0.07405633,0.005123226
urn:mavedb:00000928-a-1#362,NA,NA,p.Trp37Thr,-0.170643233837598,0.0442519179203754,0.08719571,0.005370342
urn:mavedb:00000928-a-1#363,NA,NA,p.Trp37Val,-0.213400801152612,0.0430692474268839,0.08200672,0.005226815
urn:mavedb:00000928-a-1#364,NA,NA,p.Ala38Ter,-0.650936971392693,0.0928873477823756,0.02890803,0.01127266
urn:mavedb:00000928-a-1#365,NA,NA,p.Thr39Ter,-0.519814446137931,0.0793363534840905,0.04482085,0.009628133
urn:mavedb:00000928-a-1#366,NA,NA,p.Thr39Ala,-0.524065985345341,0.0682393714136033,0.04430489,0.008281421
urn:mavedb:00000928-a-1#367,NA,NA,p.Thr39Cys,-0.554526258136839,0.0933921336026832,0.04060828,0.01133392
urn:mavedb:00000928-a-1#368,NA,NA,p.Thr39Asp,-0.358695480834491,0.0804656201757306,0.06437399,0.009765179
urn:mavedb:00000928-a-1#369,NA,NA,p.Thr39Glu,-0.0146903715384319,0.0500796891679547,0.1061219,0.006077591
urn:mavedb:00000928-a-1#370,NA,NA,p.Thr39Phe,-0.433971934089672,0.0625626733496596,0.05523856,0.007592506
urn:mavedb:00000928-a-1#371,NA,NA,p.Thr39Gly,-0.739233866471263,0.074115272827301,0.01819246,0.008994511
urn:mavedb:00000928-a-1#372,NA,NA,p.Thr39His,-0.0546917225779863,0.0625037487104004,0.1012674,0.007585355
urn:mavedb:00000928-a-1#373,NA,NA,p.Thr39Ile,-0.592185043703732,0.0662020835294295,0.03603807,0.008034179
urn:mavedb:00000928-a-1#374,NA,NA,p.Thr39Lys,-0.307914488754676,0.0522942618533677,0.07053669,0.006346348
urn:mavedb:00000928-a-1#375,NA,NA,p.Thr39Leu,-0.0848205803238954,0.033667928765805,0.09761101,0.004085886
urn:mavedb:00000928-a-1#376,NA,NA,p.Thr39Met,-0.229978722280627,0.0545009735255164,0.07999485,0.006614151
urn:mavedb:00000928-a-1#377,NA,NA,p.Thr39Asn,-0.326448846339035,0.0470396276892277,0.06828739,0.005708654
urn:mavedb:00000928-a-1#378,NA,NA,p.Thr39Pro,-0.784111435350899,0.108714105420687,0.01274619,0.01319337
urn:mavedb:00000928-a-1#379,NA,NA,p.Thr39Gln,-0.0900819383735948,0.0460673752614786,0.0969725,0.005590663
urn:mavedb:00000928-a-1#380,NA,NA,p.Thr39Arg,-0.252317925645708,0.039037923711602,0.0772838,0.00473758
urn:mavedb:00000928-a-1#381,NA,NA,p.Thr39Ser,-0.19941454238508,0.0390896053417843,0.08370407,0.004743852
urn:mavedb:00000928-a-1#382,NA,NA,p.Val40Ter,-0.686032440391168,0.0884836971442958,0.0246489,0.01073824
urn:mavedb:00000928-a-1#383,NA,NA,p.Val40Ala,0.0053972365703795,0.0443719672938011,0.1085597,0.005384911
urn:mavedb:00000928-a-1#384,NA,NA,p.Val40Cys,0.0503838213886816,0.0525045068779375,0.1140192,0.006371863
urn:mavedb:00000928-a-1#385,NA,NA,p.Val40Asp,-0.574298601709494,0.10213112481599,0.03820874,0.01239447
urn:mavedb:00000928-a-1#386,NA,NA,p.Val40Glu,-0.985820915685928,0.145196375815795,-0.01173295,0.0176208
urn:mavedb:00000928-a-1#387,NA,NA,p.Val40Phe,-0.981693554119916,0.138326970870356,-0.01123206,0.01678714
urn:mavedb:00000928-a-1#388,NA,NA,p.Val40Gly,-0.683181381073075,0.0585993053748294,0.0249949,0.007111518
urn:mavedb:00000928-a-1#389,NA,NA,p.Val40His,-0.886970382050436,0.209875293264617,0.0002633927,0.02547013
urn:mavedb:00000928-a-1#390,NA,NA,p.Val40Ile,-0.346866963087294,0.0626475541647916,0.06580948,0.007602807
urn:mavedb:00000928-a-1#391,NA,NA,p.Val40Lys,-0.809296828161077,0.123265302416105,0.009689731,0.01495928
urn:mavedb:00000928-a-1#392,NA,NA,p.Val40Leu,-0.874022252485017,0.0786225009671972,0.001834757,0.009541501
urn:mavedb:00000928-a-1#393,NA,NA,p.Val40Met,-0.66289650602763,0.0898581384571802,0.02745664,0.01090504
urn:mavedb:00000928-a-1#394,NA,NA,p.Val40Asn,-0.652734127569792,0.135556004894956,0.02868993,0.01645086
urn:mavedb:00000928-a-1#395,NA,NA,p.Val40Pro,-0.885186722260785,0.121355010272424,0.0004798548,0.01472745
urn:mavedb:00000928-a-1#396,NA,NA,p.Val40Gln,-0.614215492176763,0.10893057168741,0.03336449,0.01321964
urn:mavedb:00000928-a-1#397,NA,NA,p.Val40Arg,-0.79545972264417,0.0650079263981074,0.01136898,0.007889258
urn:mavedb:00000928-a-1#398,NA,NA,p.Val40Ser,-0.739707752082198,0.0768269351208739,0.01813495,0.009323594
urn:mavedb:00000928-a-1#399,NA,NA,p.Val40Thr,-0.747469967077104,0.0950162486072967,0.01719294,0.01153102
urn:mavedb:00000928-a-1#400,NA,NA,p.Met41Ter,-0.863894630582682,0.0960971791314225,0.003063829,0.0116622
urn:mavedb:00000928-a-1#401,NA,NA,p.Met41Ala,-0.0042980131223054,0.0417608831217214,0.1073831,0.005068034
urn:mavedb:00000928-a-1#402,NA,NA,p.Met41Cys,-0.0896421665938068,0.0568132567929928,0.09702587,0.006894766
urn:mavedb:00000928-a-1#403,NA,NA,p.Met41Asp,-0.137060556689438,0.0611006649634416,0.09127125,0.007415079
urn:mavedb:00000928-a-1#404,NA,NA,p.Met41Glu,0.0592946177660992,0.0475252388996127,0.1151006,0.005767587
urn:mavedb:00000928-a-1#405,NA,NA,p.Met41Phe,-0.0551045493752016,0.0599688685746609,0.1012173,0.007277726
urn:mavedb:00000928-a-1#406,NA,NA,p.Met41Gly,-0.51198111946119,0.0497075435263851,0.04577149,0.006032428
urn:mavedb:00000928-a-1#407,NA,NA,p.Met41His,-0.108373131910332,0.0631536007136416,0.09475271,0.00766422
urn:mavedb:00000928-a-1#408,NA,NA,p.Met41Ile,-0.152377254871709,0.066535583309144,0.08941244,0.008074652
urn:mavedb:00000928-a-1#409,NA,NA,p.Met41Lys,-0.0652388292426497,0.0496472180776344,0.09998742,0.006025107
urn:mavedb:00000928-a-1#410,NA,NA,p.Met41Leu,-0.0473341767250214,0.0299631914233939,0.1021603,0.003636285
urn:mavedb:00000928-a-1#411,NA,NA,p.Phe42Ter,-0.630391875384054,0.119307438798572,0.03140135,0.01447896
urn:mavedb:00000928-a-1#412,NA,NA,p.Phe42Ala,-0.288366933905136,0.0434366879965731,0.07290895,0.005271407
urn:mavedb:00000928-a-1#413,NA,NA,p.Phe42Cys,-0.211863371535358,0.0507768226115636,0.0821933,0.006162194
urn:mavedb:00000928-a-1#414,NA,NA,p.Phe42Asp,-0.513916790976836,0.0815759841792906,0.04553658,0.009899931
urn:mavedb:00000928-a-1#415,NA,NA,p.Phe42Glu,-0.623172680068519,0.0872879826424213,0.03227746,0.01059313
urn:mavedb:00000928-a-1#416,NA,NA,p.Asn43Ter,-0.694009968044981,0.100000328778228,0.02368076,0.01213588
urn:mavedb:00000928-a-1#417,NA,NA,p.Asn43Ala,-0.356080169513769,0.0639347415264643,0.06469138,0.007759018
urn:mavedb:00000928-a-1#418,NA,NA,p.Asn43Cys,-0.501724227562952,0.094151949151011,0.04701625,0.01142613
urn:mavedb:00000928-a-1#419,NA,NA,p.Asn43Asp,-0.2337721967843,0.115435930966164,0.07953448,0.01400912
urn:mavedb:00000928-a-1#420,NA,NA,p.Asn43Glu,0.0392243137745362,0.0593071756111882,0.1126649,0.007197424
urn:mavedb:00000928-a-1#421,NA,NA,p.Asn43Phe,-0.801844777107767,0.202700347048903,0.0105941,0.02459939
urn:mavedb:00000928-a-1#422,NA,NA,p.Asn43Gly,-0.186296455900074,0.0482547557626439,0.08529606,0.00585612
urn:mavedb:00000928-a-1#423,NA,NA,p.Asn43His,-0.290519895693089,0.0950540704635685,0.07264767,0.01153561
urn:mavedb:00000928-a-1#424,NA,NA,p.Asn43Ile,-1.01535335819067,0.194530661293074,-0.01531696,0.02360793
urn:mavedb:00000928-a-1#425,NA,NA,p.Asn43Lys,-0.0309941460088949,0.0509755727582469,0.1041433,0.006186314
urn:mavedb:00000928-a-1#426,NA,NA,p.Asn43Leu,-0.712937293891999,0.0505499161941001,0.02138377,0.006134657
urn:mavedb:00000928-a-1#427,NA,NA,p.Asn43Met,-0.371765692595109,0.0511573071896358,0.06278781,0.006208369
urn:mavedb:00000928-a-1#428,NA,NA,p.Gly44Ter,-0.894973799959675,0.119967467270766,-0.0007078893,0.01455906
urn:mavedb:00000928-a-1#429,NA,NA,p.Gly44Ala,-0.690852955453821,0.0772658087345762,0.02406389,0.009376855
urn:mavedb:00000928-a-1#430,NA,NA,p.Gly44Cys,-0.315811181460771,0.0869200641494939,0.06957836,0.01054848
urn:mavedb:00000928-a-1#431,NA,NA,p.Gly44Asp,-0.191873984892072,0.0670892326605391,0.08461918,0.008141842
urn:mavedb:00000928-a-1#432,NA,NA,p.Gly44Glu,-0.372281932093024,0.0594218524682111,0.06272516,0.007211341
urn:mavedb:00000928-a-1#433,NA,NA,p.Gly44Phe,-1.12502396929241,0.371229676963196,-0.02862641,0.04505184
urn:mavedb:00000928-a-1#434,NA,NA,p.Gln45Ter,NA,NA,NA,NA
urn:mavedb:00000928-a-1#435,NA,NA,p.Gln45Ala,-0.178463046822774,0.721120575739952,0.08624671,0.08751404
urn:mavedb:00000928-a-1#436,NA,NA,p.Gln45Cys,-0.430697665504014,0.23827431608958,0.05563592,0.02891659
urn:mavedb:00000928-a-1#437,NA,NA,p.Gln45Asp,0.057100290897867,0.574437858653065,0.1148343,0.06971286
urn:mavedb:00000928-a-1#438,NA,NA,p.Gln45Glu,0.248848862140166,0.296191031719345,0.1381046,0.03594527
urn:mavedb:00000928-a-1#439,NA,NA,p.Gln45Phe,-0.353307637927761,0.289833993445579,0.06502785,0.03517379
urn:mavedb:00000928-a-1#440,NA,NA,p.Gln45Gly,-0.319911927646443,1.01082165708495,0.0690807,0.1226717
urn:mavedb:00000928-a-1#441,NA,NA,p.Gln45His,NA,NA,NA,NA
urn:mavedb:00000928-a-1#442,NA,NA,p.Gln45Ile,-0.522798664758281,0.279277163515033,0.04445869,0.03389263
urn:mavedb:00000928-a-1#443,NA,NA,p.Gln45Lys,-0.0878099901794191,0.159189556230228,0.09724822,0.01931899
urn:mavedb:00000928-a-1#444,NA,NA,p.Gln45Leu,-0.478637568733293,0.15003897422808,0.04981801,0.01820849
urn:mavedb:00000928-a-1#445,NA,NA,p.Gln45Met,-0.078380564687895,0.27102787881986,0.09839256,0.03289151
urn:mavedb:00000928-a-1#446,NA,NA,p.Gln45Asn,-0.140603286294123,0.142302221005697,0.09084131,0.01726957
urn:mavedb:00000928-a-1#447,NA,NA,p.Gln45Pro,-1.00744521180697,0.346266345417653,-0.01435724,0.04202233
urn:mavedb:00000928-a-1#448,NA,NA,p.Lys46Ter,-0.714429897605523,0.076534569699876,0.02120263,0.009288113
urn:mavedb:00000928-a-1#449,NA,NA,p.Lys46Ala,-0.287700642990509,0.0466395564984413,0.07298981,0.005660102
urn:mavedb:00000928-a-1#450,NA,NA,p.Lys46Cys,-0.0456408452514136,0.0740131455753113,0.1023658,0.008982117
urn:mavedb:00000928-a-1#451,NA,NA,p.Lys46Asp,-0.723691143557503,0.155468841419557,0.0200787,0.01886745
urn:mavedb:00000928-a-1#452,NA,NA,p.Lys46Glu,-0.153197222827615,0.0443428716566561,0.08931293,0.00538138
urn:mavedb:00000928-a-1#453,NA,NA,p.Lys46Phe,-0.427527716025197,0.0831039294922813,0.05602062,0.01008536
urn:mavedb:00000928-a-1#454,NA,NA,p.Lys46Gly,-0.605159011612225,0.0553668138722428,0.03446357,0.006719228
urn:mavedb:00000928-a-1#455,NA,NA,p.Lys46His,-0.441840528205377,0.0936711418931764,0.05428364,0.01136778
urn:mavedb:00000928-a-1#456,NA,NA,p.Lys46Ile,-0.0977413998722677,0.0890094127064182,0.09604296,0.01080204
urn:mavedb:00000928-a-1#457,NA,NA,p.Gly47Ter,-1.07443381690568,0.145934767218958,-0.02248687,0.01771041
urn:mavedb:00000928-a-1#458,NA,NA,p.Gly47Ala,-0.73437791916853,0.0909080863713753,0.01878177,0.01103246
urn:mavedb:00000928-a-1#459,NA,NA,p.Gly47Cys,-0.510633458329762,0.0824762020389507,0.04593504,0.01000918
urn:mavedb:00000928-a-1#460,NA,NA,p.Gly47Asp,-0.703979364395218,0.0993722717226638,0.02247089,0.01205966
urn:mavedb:00000928-a-1#461,NA,NA,p.Gly47Glu,-0.7769623629105,0.12458066252867,0.01361379,0.01511891
urn:mavedb:00000928-a-1#462,NA,NA,p.Gly47Phe,-0.582621634904369,0.0981022319171789,0.03719867,0.01190553
urn:mavedb:00000928-a-1#463,NA,NA,p.Leu48Ter,-0.737215464795058,0.314309101683039,0.01843741,0.03814405
urn:mavedb:00000928-a-1#464,NA,NA,p.Leu48Ala,NA,NA,NA,NA
urn:mavedb:00000928-a-1#465,NA,NA,p.Leu48Cys,NA,NA,NA,NA
urn:mavedb:00000928-a-1#466,NA,NA,p.Leu48Asp,NA,NA,NA,NA
urn:mavedb:00000928-a-1#467,NA,NA,p.Leu48Glu,NA,NA,NA,NA
urn:mavedb:00000928-a-1#468,NA,NA,p.Leu48Phe,0.123754926533681,0.313049856350695,0.1229234,0.03799123
urn:mavedb:00000928-a-1#469,NA,NA,p.Leu48Gly,-0.401756282204147,0.158399005273644,0.0591482,0.01922305
urn:mavedb:00000928-a-1#470,NA,NA,p.Leu48His,NA,NA,NA,NA
urn:mavedb:00000928-a-1#471,NA,NA,p.Leu48Ile,0.253508613713524,0.849372595144855,0.1386701,0.1030785
urn:mavedb:00000928-a-1#472,NA,NA,p.Leu48Lys,NA,NA,NA,NA
urn:mavedb:00000928-a-1#473,NA,NA,p.Val49Ter,-1.08523282207715,0.205905975969476,-0.02379742,0.02498842
urn:mavedb:00000928-a-1#474,NA,NA,p.Val49Ala,-0.766791826797388,0.0706017871807655,0.01484807,0.00856812
urn:mavedb:00000928-a-1#475,NA,NA,p.Val49Cys,-0.6397532380144,0.0883917381212035,0.03026527,0.01072708
urn:mavedb:00000928-a-1#476,NA,NA,p.Val49Asp,-0.939416283179275,0.206040618481781,-0.006101358,0.02500476
urn:mavedb:00000928-a-1#477,NA,NA,p.Val49Glu,-0.976268878163614,0.13318311601683,-0.01057373,0.01616289
urn:mavedb:00000928-a-1#478,NA,NA,p.Val49Phe,-0.378229521992466,0.0822295606877681,0.06200337,0.009979248
urn:mavedb:00000928-a-1#479,NA,NA,p.Val49Gly,-0.748099095339926,0.0603401902106472,0.01711659,0.007322789
urn:mavedb:00000928-a-1#480,NA,NA,p.Val49His,-0.897983148278297,0.236185709137681,-0.001073099,0.02866312
urn:mavedb:00000928-a-1#481,NA,NA,p.Val49Ile,-0.347597608837974,0.0598241319939606,0.06572081,0.007260161
urn:mavedb:00000928-a-1#482,NA,NA,p.Val49Lys,-0.637440913546644,0.110916672344752,0.03054589,0.01346067
urn:mavedb:00000928-a-1#483,NA,NA,p.Val49Leu,-0.118786914471624,0.0353548000356399,0.09348891,0.004290602
urn:mavedb:00000928-a-1#484,NA,NA,p.Val49Met,-0.100298783600486,0.0541251033787105,0.0957326,0.006568536
urn:mavedb:00000928-a-1#485,NA,NA,p.Val49Asn,-0.45833192874715,0.110292240913754,0.05228227,0.01338489
urn:mavedb:00000928-a-1#486,NA,NA,p.Val49Pro,-0.967123866439209,0.141933396106628,-0.009463906,0.01722481
urn:mavedb:00000928-a-1#487,NA,NA,p.Val49Gln,-0.958896129490038,0.164758350763043,-0.008465401,0.01999481
urn:mavedb:00000928-a-1#488,NA,NA,p.Val49Arg,-0.832953987256309,0.0621533897764523,0.006818736,0.007542836
urn:mavedb:00000928-a-1#489,NA,NA,p.Val49Ser,-0.802000926165795,0.0675113542407336,0.01057515,0.00819307
urn:mavedb:00000928-a-1#490,NA,NA,p.Val49Thr,-0.858287025386895,0.106155403283535,0.003744359,0.01288285
urn:mavedb:00000928-a-1#491,NA,NA,p.Pro50Ter,-1.09082814958974,0.17327675568171,-0.02447646,0.02102859
urn:mavedb:00000928-a-1#492,NA,NA,p.Pro50Ala,-0.896247103651275,0.0818779080650543,-0.0008624154,0.009936572
urn:mavedb:00000928-a-1#493,NA,NA,p.Pro50Cys,-0.85170554447236,0.118320362510379,0.004543077,0.01435917
urn:mavedb:00000928-a-1#494,NA,NA,p.Pro50Asp,-0.595938965939408,0.10209074854241,0.0355825,0.01238957
urn:mavedb:00000928-a-1#495,NA,NA,p.Pro50Glu,-0.758514773114059,0.0820195299046499,0.01585256,0.009953759
urn:mavedb:00000928-a-1#496,NA,NA,p.Pro50Phe,-0.340200263515337,0.112331737132891,0.06661854,0.0136324
urn:mavedb:00000928-a-1#497,NA,NA,p.Pro50Gly,-0.613964417675543,0.0432633419420218,0.03339496,0.00525037
urn:mavedb:00000928-a-1#498,NA,NA,p.Pro50His,-0.705948408136986,0.169782230403645,0.02223193,0.0206045
urn:mavedb:00000928-a-1#499,NA,NA,p.Pro50Ile,-0.734658328268514,0.258279029236715,0.01874774,0.03134433
urn:mavedb:00000928-a-1#500,NA,NA,p.Pro50Lys,-0.354320670391826,0.0663894953592871,0.06490491,0.008056923
urn:mavedb:00000928-a-1#501,NA,NA,p.Pro50Leu,-0.97679294571457,0.106268209647884,-0.01063733,0.01289654
urn:mavedb:00000928-a-1#502,NA,NA,p.Pro50Met,-0.940243543584593,0.112611487028409,-0.006201753,0.01366635
urn:mavedb:00000928-a-1#503,NA,NA,p.Pro50Asn,-0.796141999267113,0.132180878025906,0.01128618,0.01604126
urn:mavedb:00000928-a-1#504,NA,NA,p.Cys51Ter,-0.749367487134245,0.476909958627421,0.01696266,0.05787703
urn:mavedb:00000928-a-1#505,NA,NA,p.Cys51Ala,-0.0975513841847669,0.180876476775596,0.09606602,0.02195088
urn:mavedb:00000928-a-1#506,NA,NA,p.Asn52Ter,-0.934167417054218,0.135411309514535,-0.005464364,0.0164333
urn:mavedb:00000928-a-1#507,NA,NA,p.Asn52Ala,-0.0798375713602226,0.0487301657839081,0.09821574,0.005913815
urn:mavedb:00000928-a-1#508,NA,NA,p.Asn52Cys,-0.0699354962661383,0.0638108193267972,0.09941744,0.007743979
urn:mavedb:00000928-a-1#509,NA,NA,p.Asn52Asp,0.043311381467526,0.0650842705153968,0.1131609,0.007898523
urn:mavedb:00000928-a-1#510,NA,NA,p.Asn52Glu,-0.0034591754385426,0.0499312857624088,0.1074849,0.006059581
urn:mavedb:00000928-a-1#511,NA,NA,p.Asn52Phe,-0.509693185558699,0.0915857485630517,0.04604915,0.0111147
urn:mavedb:00000928-a-1#512,NA,NA,p.Asn52Gly,-0.335840202772612,0.0397200520135396,0.06714767,0.004820362
urn:mavedb:00000928-a-1#513,NA,NA,p.Asn52His,-0.11571279684214,0.0689833413345649,0.09386198,0.008371708
urn:mavedb:00000928-a-1#514,NA,NA,p.Asn52Ile,-0.57008323634719,0.0896761980243955,0.03872031,0.01088296
urn:mavedb:00000928-a-1#515,NA,NA,p.Asn52Lys,-0.0058471436188418,0.0598927386988232,0.1071951,0.007268487
urn:mavedb:00000928-a-1#516,NA,NA,p.Asn52Leu,-0.472697724486334,0.0439968387520201,0.05053886,0.005339386
urn:mavedb:00000928-a-1#517,NA,NA,p.Asn52Met,-0.128456537590669,0.0537881922158813,0.09231542,0.006527649
urn:mavedb:00000928-a-1#518,NA,NA,p.Tyr53Ter,-0.80123558978006,0.101139681298207,0.01066803,0.01227415
urn:mavedb:00000928-a-1#519,NA,NA,p.Tyr53Ala,-0.157927756480575,0.0500392964142631,0.08873884,0.006072689
urn:mavedb:00000928-a-1#520,NA,NA,p.Tyr53Cys,-0.10535216264097,0.0694781319671475,0.09511933,0.008431755
urn:mavedb:00000928-a-1#521,NA,NA,p.Tyr53Asp,-0.90188503719656,0.19587889922841,-0.001546626,0.02377155
urn:mavedb:00000928-a-1#522,NA,NA,p.Tyr53Glu,-0.762448822970237,0.0844439273717853,0.01537513,0.01024798
urn:mavedb:00000928-a-1#523,NA,NA,p.Tyr53Phe,-0.0609813571950409,0.0644496378952785,0.1005041,0.007821505
urn:mavedb:00000928-a-1#524,NA,NA,p.Tyr53Gly,-0.841925232683315,0.0761238111566747,0.00573,0.009238264
urn:mavedb:00000928-a-1#525,NA,NA,p.Tyr53His,0.0240494269531451,0.114385983051969,0.1108233,0.0138817
urn:mavedb:00000928-a-1#526,NA,NA,p.Tyr53Ile,0.0144135056624551,0.105789462404008,0.1096539,0.01283844
urn:mavedb:00000928-a-1#527,NA,NA,p.Tyr53Lys,-0.334327081320065,0.0590713287331464,0.0673313,0.007168802
urn:mavedb:00000928-a-1#528,NA,NA,p.Tyr53Leu,-0.138706178239774,0.0360361867325526,0.09107154,0.004373294
urn:mavedb:00000928-a-1#529,NA,NA,p.Tyr53Met,-0.295328050671993,0.0503047745330791,0.07206416,0.006104907
urn:mavedb:00000928-a-1#530,NA,NA,p.Tyr53Asn,-0.290919291199297,0.0915658076279367,0.0725992,0.01111228
urn:mavedb:00000928-a-1#531,NA,NA,p.Tyr53Pro,-0.466311186812687,0.101781169644778,0.05131392,0.012352
urn:mavedb:00000928-a-1#532,NA,NA,p.Tyr53Gln,-0.900674276352735,0.13999047334185,-0.00139969,0.01698902
urn:mavedb:00000928-a-1#533,NA,NA,p.Tyr53Arg,-0.263159614306388,0.0364711710399019,0.07596807,0.004426083
urn:mavedb:00000928-a-1#534,NA,NA,p.Tyr53Ser,-0.476011627740547,0.0527095112269978,0.05013669,0.006396742
urn:mavedb:00000928-a-1#535,NA,NA,p.Tyr53Thr,-0.415663436435686,0.0726567911849794,0.05746045,0.008817512
urn:mavedb:00000928-a-1#536,NA,NA,p.Tyr53Val,-0.096749132348901,0.0375004776142362,0.09616338,0.004550998
urn:mavedb:00000928-a-1#537,NA,NA,p.Tyr53Trp,-0.663227179468194,0.0684351551401868,0.02741651,0.008305181
urn:mavedb:00000928-a-1#538,NA,NA,p.Leu54Ter,-0.869723332956571,0.136897897987301,0.002356467,0.01661371
urn:mavedb:00000928-a-1#539,NA,NA,p.Leu54Ala,-0.459049555209614,0.0645824675953006,0.05219518,0.007837625
urn:mavedb:00000928-a-1#540,NA,NA,p.Leu54Cys,-0.910119926514193,0.175833315404345,-0.002545999,0.02133885
urn:mavedb:00000928-a-1#541,NA,NA,p.Leu54Asp,-1.02351892391858,0.241682815184752,-0.01630792,0.02933024
urn:mavedb:00000928-a-1#542,NA,NA,p.Leu54Glu,-1.04596318799553,0.18073499501695,-0.01903172,0.02193371
urn:mavedb:00000928-a-1#543,NA,NA,p.Leu54Phe,-0.821523892688731,0.136597547952201,0.008205874,0.01657726
urn:mavedb:00000928-a-1#544,NA,NA,p.Leu54Gly,-0.908238318004866,0.0886644839692639,-0.00231765,0.01076018
urn:mavedb:00000928-a-1#545,NA,NA,p.Leu54His,-1.11820903111602,0.305009786673112,-0.02779936,0.0370155
urn:mavedb:00000928-a-1#546,NA,NA,p.Leu54Ile,-0.434823461459417,0.104108326213032,0.05513522,0.01263442
urn:mavedb:00000928-a-1#547,NA,NA,p.Leu54Lys,-0.893128638865306,0.138808272531541,-0.0004839635,0.01684555
urn:mavedb:00000928-a-1#548,NA,NA,p.Glu55Ter,-0.766489169546655,0.0868080817907283,0.0148848,0.01053489
urn:mavedb:00000928-a-1#549,NA,NA,p.Glu55Ala,-0.188228254589478,0.0566409160252532,0.08506162,0.006873851
urn:mavedb:00000928-a-1#550,NA,NA,p.Glu55Cys,-0.523742892756143,0.0847110699818795,0.0443441,0.0102804
urn:mavedb:00000928-a-1#551,NA,NA,p.Glu55Asp,-0.583941527047641,0.11864773992861,0.03703849,0.0143989
urn:mavedb:00000928-a-1#552,NA,NA,p.Pro56Ter,-1.16671980541339,0.279739842650036,-0.03368655,0.03394878
urn:mavedb:00000928-a-1#553,NA,NA,p.Pro56Ala,-0.207596423423542,0.0437644114971488,0.08271113,0.005311179
urn:mavedb:00000928-a-1#554,NA,NA,p.Pro56Cys,-0.711602075244877,0.099679790606338,0.02154581,0.01209698
urn:mavedb:00000928-a-1#555,NA,NA,p.Pro56Asp,-0.852734183602172,0.146020546200176,0.004418243,0.01772082
urn:mavedb:00000928-a-1#556,NA,NA,p.Pro56Glu,-0.602120326222822,0.088893475120853,0.03483234,0.01078797
urn:mavedb:00000928-a-1#557,NA,NA,p.Pro56Phe,-1.23217814974342,0.443029156259236,-0.04163047,0.05376531
urn:mavedb:00000928-a-1#558,NA,NA,p.Pro56Gly,-0.66808790600331,0.0525952134125432,0.02682662,0.006382871
urn:mavedb:00000928-a-1#559,NA,NA,p.Pro56His,-0.722619524296468,0.15826675237753,0.02020875,0.019207
urn:mavedb:00000928-a-1#560,NA,NA,p.Pro56Ile,-0.873864315334873,0.213546979743083,0.001853924,0.02591572
urn:mavedb:00000928-a-1#561,NA,NA,p.Pro56Lys,-0.102980427370661,0.0699667178376881,0.09540716,0.008491049
urn:mavedb:00000928-a-1#562,NA,NA,p.Pro56Leu,-0.68771225817321,0.0557493255040498,0.02444504,0.006765649
urn:mavedb:00000928-a-1#563,NA,NA,p.Pro56Met,-0.600001148663783,0.0931024132396075,0.03508952,0.01129876
urn:mavedb:00000928-a-1#564,NA,NA,p.Pro56Asn,-0.821714666461368,0.187857204875334,0.008182722,0.02279805
urn:mavedb:00000928-a-1#565,NA,NA,p.Val57Ter,-1.00828479109576,0.130730793000478,-0.01445913,0.01586528
urn:mavedb:00000928-a-1#566,NA,NA,p.Val57Ala,-0.222719562694304,0.0449592113528259,0.08087581,0.005456178
urn:mavedb:00000928-a-1#567,NA,NA,p.Val57Cys,-0.100545573272674,0.0627559438592142,0.09570265,0.007615961
urn:mavedb:00000928-a-1#568,NA,NA,p.Val57Asp,-0.78699166446664,0.161369380600194,0.01239665,0.01958353
urn:mavedb:00000928-a-1#569,NA,NA,p.Val57Glu,-0.67266880024235,0.0748897391948992,0.02627069,0.009088499
urn:mavedb:00000928-a-1#570,NA,NA,p.Val57Phe,-0.298908849334625,0.0540740562328273,0.0716296,0.006562341
urn:mavedb:00000928-a-1#571,NA,NA,p.Val57Gly,-0.703020963501324,0.0545728020922095,0.0225872,0.006622868
urn:mavedb:00000928-a-1#572,NA,NA,p.Val57His,-0.430287805126899,0.107607960325713,0.05568566,0.01305913
urn:mavedb:00000928-a-1#573,NA,NA,p.Val57Ile,-0.13203049700696,0.0782946785859514,0.09188169,0.009501717
urn:mavedb:00000928-a-1#574,NA,NA,p.Val57Lys,-0.773781371756867,0.0963977763681972,0.01399983,0.01169868
urn:mavedb:00000928-a-1#575,NA,NA,p.Val57Leu,-0.0371544117493771,0.0345143061006547,0.1033957,0.004188601
urn:mavedb:00000928-a-1#576,NA,NA,p.Val57Met,-0.0645723735269057,0.0526448679889907,0.1000683,0.006388897
urn:mavedb:00000928-a-1#577,NA,NA,p.Val57Asn,-0.442897068164239,0.103516360602016,0.05415542,0.01256258
urn:mavedb:00000928-a-1#578,NA,NA,p.Val57Pro,-0.782999275015168,0.104250549576704,0.01288116,0.01265168
urn:mavedb:00000928-a-1#579,NA,NA,p.Val57Gln,-0.480762843933647,0.0816442695219756,0.04956009,0.009908218
urn:mavedb:00000928-a-1#580,NA,NA,p.Val57Arg,-0.710786639319679,0.0734694831715853,0.02164477,0.008916139
urn:mavedb:00000928-a-1#581,NA,NA,p.Val57Ser,-0.621770552168037,0.0669257169925962,0.03244762,0.008121998
urn:mavedb:00000928-a-1#582,NA,NA,p.Val57Thr,-0.344838590943531,0.0593014487723845,0.06605564,0.007196729
urn:mavedb:00000928-a-1#583,NA,NA,p.Glu58Ter,-0.880380024123752,0.108163175287717,0.001063188,0.01312651
urn:mavedb:00000928-a-1#584,NA,NA,p.Glu58Ala,0.007208400842394,0.0391419296963216,0.1087795,0.004750202
urn:mavedb:00000928-a-1#585,NA,NA,p.Glu58Cys,-0.102042873818023,0.0831770187875168,0.09552094,0.01009423
urn:mavedb:00000928-a-1#586,NA,NA,p.Glu58Asp,-0.0320612332392218,0.0601861341268002,0.1040138,0.007304093
urn:mavedb:00000928-a-1#587,NA,NA,p.Leu59Ter,-0.691734806229031,0.0948037375673729,0.02395687,0.01150523
urn:mavedb:00000928-a-1#588,NA,NA,p.Leu59Ala,0.134147284949807,0.0391811688421966,0.1241846,0.004754964
urn:mavedb:00000928-a-1#589,NA,NA,p.Leu59Cys,0.106109670973664,0.0637442149555019,0.120782,0.007735896
urn:mavedb:00000928-a-1#590,NA,NA,p.Leu59Asp,-0.0218155478169164,0.0834641847332843,0.1052572,0.01012908
urn:mavedb:00000928-a-1#591,NA,NA,p.Leu59Glu,0.138651299467929,0.048729185217264,0.1247312,0.005913696
urn:mavedb:00000928-a-1#592,NA,NA,p.Leu59Phe,-0.082501993413707,0.0501797481659304,0.09789239,0.006089734
urn:mavedb:00000928-a-1#593,NA,NA,p.Leu59Gly,0.13253223400661,0.0402068497919645,0.1239886,0.004879439
urn:mavedb:00000928-a-1#594,NA,NA,p.Leu59His,-0.112347228437857,0.091375297537086,0.09427042,0.01108916
urn:mavedb:00000928-a-1#595,NA,NA,p.Leu59Ile,-0.154720726750511,0.07332469715055,0.08912804,0.008898568
urn:mavedb:00000928-a-1#596,NA,NA,p.Leu59Lys,0.173533927824247,0.0702298887408709,0.1289645,0.008522987
urn:mavedb:00000928-a-1#597,NA,NA,p.Arg60Ter,-0.733027950821468,0.123110389366452,0.0189456,0.01494048
urn:mavedb:00000928-a-1#598,NA,NA,p.Arg60Ala,0.0390982409202969,0.0608268808683463,0.1126496,0.007381853
urn:mavedb:00000928-a-1#599,NA,NA,p.Arg60Cys,0.0319442244463982,0.0698882148257705,0.1117814,0.008481522
urn:mavedb:00000928-a-1#600,NA,NA,p.Arg60Asp,0.0299344748288171,0.0823691389935172,0.1115375,0.009996187
urn:mavedb:00000928-a-1#601,NA,NA,p.Arg60Glu,0.298513326654658,0.0639276797986157,0.1441318,0.007758161
urn:mavedb:00000928-a-1#602,NA,NA,p.Arg60Phe,-0.0100611081716543,0.108679826788423,0.1066837,0.01318921
urn:mavedb:00000928-a-1#603,NA,NA,p.Arg60Gly,0.0677728112123032,0.0542422440124273,0.1161295,0.006582752
urn:mavedb:00000928-a-1#604,NA,NA,p.Arg60His,0.119163567423734,0.0777393729833339,0.1223662,0.009434326
urn:mavedb:00000928-a-1#605,NA,NA,p.Arg60Ile,-0.0588480067399702,0.086077930443398,0.100763,0.01044628
urn:mavedb:00000928-a-1#606,NA,NA,p.Arg60Lys,0.0735565064012338,0.068749859352547,0.1168314,0.008343373
urn:mavedb:00000928-a-1#607,NA,NA,p.Arg60Leu,-0.076565445189081,0.0393522159211705,0.09861284,0.004775722
urn:mavedb:00000928-a-1#608,NA,NA,p.Arg60Met,-0.0060671531095734,0.0544843203726786,0.1071684,0.00661213
urn:mavedb:00000928-a-1#609,NA,NA,p.Arg60Asn,-0.352633601360651,0.141724510691271,0.06510965,0.01719946
urn:mavedb:00000928-a-1#610,NA,NA,p.Arg60Pro,0.113547969373789,0.0485211979679923,0.1216847,0.005888455
urn:mavedb:00000928-a-1#611,NA,NA,p.Arg60Gln,0.0965915824813808,0.0773809140745024,0.1196269,0.009390824
urn:mavedb:00000928-a-1#612,NA,NA,p.=,0.0,0.0195516583973449,0.1079047,0.002372758
urn:mavedb:00000928-a-1#613,NA,NA,p.Arg60Ser,0.171205288045942,0.0456144029122467,0.1286819,0.005535691
urn:mavedb:00000928-a-1#614,NA,NA,p.Arg60Thr,0.112712427712359,0.053879244832832,0.1215833,0.006538699
urn:mavedb:00000928-a-1#615,NA,NA,p.Arg60Val,0.0194770199716128,0.048774579684846,0.1102684,0.005919205
urn:mavedb:00000928-a-1#616,NA,NA,p.Arg60Trp,-0.10140641190551,0.0378579065160887,0.09559818,0.004594375
urn:mavedb:00000928-a-1#617,NA,NA,p.Arg60Tyr,-0.168683666160038,0.0622890210954576,0.08743352,0.007559296
urn:mavedb:00000928-a-1#618,NA,NA,p.Leu59Met,-0.0261770093691331,0.0490810356013178,0.1047279,0.005956396
urn:mavedb:00000928-a-1#619,NA,NA,p.Leu59Asn,0.052762725507565,0.0943670970088012,0.1143079,0.01145224
urn:mavedb:00000928-a-1#620,NA,NA,p.Leu59Pro,0.0915915166021345,0.0516565804125913,0.1190201,0.00626896
urn:mavedb:00000928-a-1#621,NA,NA,p.Leu59Gln,0.125897341050168,0.0607391407538403,0.1231834,0.007371205
urn:mavedb:00000928-a-1#622,NA,NA,p.Leu59Arg,0.0847745184117908,0.0438212431622266,0.1181928,0.005318076
urn:mavedb:00000928-a-1#623,NA,NA,p.Leu59Ser,0.0214604014105294,0.0405899959080707,0.1105091,0.004925937
urn:mavedb:00000928-a-1#624,NA,NA,p.Leu59Thr,0.0724267947465787,0.0477713281670545,0.1166943,0.005797452
urn:mavedb:00000928-a-1#625,NA,NA,p.Leu59Val,-0.0365512396624277,0.0334315050838549,0.1034689,0.004057194
urn:mavedb:00000928-a-1#626,NA,NA,p.Leu59Trp,-0.0190196968729014,0.054477901369185,0.1055965,0.006611351
urn:mavedb:00000928-a-1#627,NA,NA,p.Leu59Tyr,-0.0345884583630927,0.0699032611677209,0.1037071,0.008483348
urn:mavedb:00000928-a-1#628,NA,NA,p.Glu58Phe,-0.203642350231691,0.0701876584547286,0.08319099,0.008517862
urn:mavedb:00000928-a-1#629,NA,NA,p.Glu58Gly,0.0230713323258107,0.03665205674554,0.1107046,0.004448035
urn:mavedb:00000928-a-1#630,NA,NA,p.Glu58His,-0.159476145372087,0.0837986485995312,0.08855093,0.01016967
urn:mavedb:00000928-a-1#631,NA,NA,p.Glu58Ile,-0.0927162842232901,0.0803950770577473,0.0966528,0.009756618
urn:mavedb:00000928-a-1#632,NA,NA,p.Glu58Lys,0.0172826931033806,0.0505630920433765,0.1100021,0.006136256
urn:mavedb:00000928-a-1#633,NA,NA,p.Glu58Leu,-0.193017375039409,0.0383623874543304,0.08448042,0.004655598
urn:mavedb:00000928-a-1#634,NA,NA,p.Glu58Met,-0.214915817818002,0.058825808029557,0.08182286,0.007139006
urn:mavedb:00000928-a-1#635,NA,NA,p.Glu58Asn,0.109853128338433,0.0812662569606533,0.1212363,0.009862343
urn:mavedb:00000928-a-1#636,NA,NA,p.Glu58Pro,-0.0671004226563598,0.0532466392664485,0.0997615,0.006461927
urn:mavedb:00000928-a-1#637,NA,NA,p.Glu58Gln,-0.0241351235338046,0.0655232182896016,0.1049757,0.007951793
urn:mavedb:00000928-a-1#638,NA,NA,p.Glu58Arg,-0.0559302029696321,0.03814951385195,0.1011171,0.004629764
urn:mavedb:00000928-a-1#639,NA,NA,p.Glu58Ser,-0.019480315993946,0.0387991021734045,0.1055406,0.004708597
urn:mavedb:00000928-a-1#640,NA,NA,p.Glu58Thr,-0.0517211824503193,0.0540150821532331,0.1016279,0.006555184
urn:mavedb:00000928-a-1#641,NA,NA,p.Glu58Val,-0.152573945004434,0.0351975962504648,0.08938857,0.004271524
urn:mavedb:00000928-a-1#642,NA,NA,p.Glu58Trp,-0.396967244154774,0.0582109350633254,0.05972939,0.007064386
urn:mavedb:00000928-a-1#643,NA,NA,p.Glu58Tyr,-0.367729630847723,0.0809162111488269,0.06327762,0.009819862
urn:mavedb:00000928-a-1#644,NA,NA,p.Val57Trp,-0.630725680045834,0.0636374320719667,0.03136084,0.007722937
urn:mavedb:00000928-a-1#645,NA,NA,p.Val57Tyr,-0.241724345066148,0.0688319467887518,0.07856942,0.008353335
urn:mavedb:00000928-a-1#646,NA,NA,p.Pro56Gln,-0.35133826458376,0.0788404092436913,0.06526685,0.009567946
urn:mavedb:00000928-a-1#647,NA,NA,p.Pro56Arg,-0.126350461720405,0.0354955813895406,0.09257101,0.004307687
urn:mavedb:00000928-a-1#648,NA,NA,p.Pro56Ser,-0.288464496166195,0.046272223049478,0.07289711,0.005615523
urn:mavedb:00000928-a-1#649,NA,NA,p.Pro56Thr,-0.642145243822057,0.0996892666705455,0.02997498,0.01209813
urn:mavedb:00000928-a-1#650,NA,NA,p.Pro56Val,-0.725077615351903,0.0730138657644311,0.01991044,0.008860846
urn:mavedb:00000928-a-1#651,NA,NA,p.Pro56Trp,-0.832221924216025,0.0875942655177205,0.006907578,0.0106303
urn:mavedb:00000928-a-1#652,NA,NA,p.Pro56Tyr,-0.856412824687761,0.213870484335073,0.003971809,0.02595498
urn:mavedb:00000928-a-1#653,NA,NA,p.Glu55Phe,-0.727327150594214,0.0951700904496921,0.01963744,0.01154969
urn:mavedb:00000928-a-1#654,NA,NA,p.Glu55Gly,-0.555744467991136,0.0783343379746739,0.04046044,0.00950653
urn:mavedb:00000928-a-1#655,NA,NA,p.Glu55His,-0.719793267546431,0.118042919830494,0.02055174,0.0143255
urn:mavedb:00000928-a-1#656,NA,NA,p.Glu55Ile,-0.539270618768288,0.0764201070843048,0.04245968,0.009274222
urn:mavedb:00000928-a-1#657,NA,NA,p.Glu55Lys,-0.271631133307368,0.0567049742192961,0.07493998,0.006881625
urn:mavedb:00000928-a-1#658,NA,NA,p.Glu55Leu,-0.508038994350296,0.0404667329128702,0.0462499,0.004910978
urn:mavedb:00000928-a-1#659,NA,NA,p.Glu55Met,-0.369279667750402,0.065434472888284,0.06308951,0.007941023
urn:mavedb:00000928-a-1#660,NA,NA,p.Glu55Asn,-0.789731400630435,0.157523169739193,0.01206416,0.01911676
urn:mavedb:00000928-a-1#661,NA,NA,p.Glu55Pro,-1.06962104749551,0.146223004371984,-0.0219028,0.01774539
urn:mavedb:00000928-a-1#662,NA,NA,p.Glu55Gln,-0.163777124914492,0.0628991148293063,0.08802897,0.007633336
urn:mavedb:00000928-a-1#663,NA,NA,p.Glu55Arg,-0.338132174302461,0.0460142104212464,0.06686952,0.005584211
urn:mavedb:00000928-a-1#664,NA,NA,p.Glu55Ser,-0.442002692504164,0.0487457642095993,0.05426396,0.005915708
urn:mavedb:00000928-a-1#665,NA,NA,p.Glu55Thr,-0.379556582984313,0.0536130580692143,0.06184232,0.006506395
urn:mavedb:00000928-a-1#666,NA,NA,p.Glu55Val,-0.287426413932399,0.0488582162515473,0.07302309,0.005929355
urn:mavedb:00000928-a-1#667,NA,NA,p.Glu55Trp,-0.581700479062838,0.0746228108262567,0.03731046,0.009056105
urn:mavedb:00000928-a-1#668,NA,NA,p.Glu55Tyr,-0.403603620321266,0.0709867543492106,0.05892401,0.008614839
urn:mavedb:00000928-a-1#669,NA,NA,p.Leu54Met,-0.507329360741989,0.0733233293012817,0.04633602,0.008898402
urn:mavedb:00000928-a-1#670,NA,NA,p.Leu54Asn,-1.01902924709761,0.307520284483643,-0.01576306,0.03732017
urn:mavedb:00000928-a-1#671,NA,NA,p.Leu54Pro,-0.848927813411121,0.154787965606106,0.004880178,0.01878482
urn:mavedb:00000928-a-1#672,NA,NA,p.Leu54Gln,-0.680171700680203,0.121595619902737,0.02536015,0.01475665
urn:mavedb:00000928-a-1#673,NA,NA,p.Leu54Arg,-0.698927138962551,0.0576021597384099,0.02308402,0.006990506
urn:mavedb:00000928-a-1#674,NA,NA,p.Leu54Ser,-0.715544529958004,0.0708714842081678,0.02106736,0.00860085
urn:mavedb:00000928-a-1#675,NA,NA,p.Leu54Thr,-1.01820532391491,0.202000931109829,-0.01566307,0.02451451
urn:mavedb:00000928-a-1#676,NA,NA,p.Leu54Val,-0.592403405183297,0.0601128965105597,0.03601157,0.007295205
urn:mavedb:00000928-a-1#677,NA,NA,p.Leu54Trp,-0.888230575813206,0.0922107567979575,0.0001104576,0.01119055
urn:mavedb:00000928-a-1#678,NA,NA,p.Leu54Tyr,-1.11025292760738,0.209298736558007,-0.02683382,0.02540016
urn:mavedb:00000928-a-1#679,NA,NA,p.Asn52Pro,-0.324490432269291,0.0679284905871494,0.06852506,0.008243693
urn:mavedb:00000928-a-1#680,NA,NA,p.Asn52Gln,-0.0358013945816574,0.0643014075309051,0.1035599,0.007803516
urn:mavedb:00000928-a-1#681,NA,NA,p.Asn52Arg,-0.0182129954068859,0.0372273939238867,0.1056944,0.004517857
urn:mavedb:00000928-a-1#682,NA,NA,p.Asn52Ser,-0.0384769407105158,0.0392039608366297,0.1032352,0.00475773
urn:mavedb:00000928-a-1#683,NA,NA,p.Asn52Thr,-0.11025944549154,0.0481488133648036,0.09452379,0.005843263
urn:mavedb:00000928-a-1#684,NA,NA,p.Asn52Val,-0.400766733899205,0.0455872436882223,0.05926829,0.005532395
urn:mavedb:00000928-a-1#685,NA,NA,p.Asn52Trp,-0.549916606102943,0.0604090358771289,0.0411677,0.007331144
urn:mavedb:00000928-a-1#686,NA,NA,p.Asn52Tyr,-0.594894621263179,0.096840020164735,0.03570924,0.01175235
urn:mavedb:00000928-a-1#687,NA,NA,p.Cys51Asp,NA,NA,NA,NA
urn:mavedb:00000928-a-1#688,NA,NA,p.Cys51Glu,-0.540816453242491,0.400418591540276,0.04227208,0.04859416
urn:mavedb:00000928-a-1#689,NA,NA,p.Cys51Phe,-0.141341430495611,0.679516204238716,0.09075173,0.082465
urn:mavedb:00000928-a-1#690,NA,NA,p.Cys51Gly,-0.507372621035111,0.271852378806474,0.04633077,0.03299157
urn:mavedb:00000928-a-1#691,NA,NA,p.Cys51His,NA,NA,NA,NA
urn:mavedb:00000928-a-1#692,NA,NA,p.Cys51Ile,NA,NA,NA,NA
urn:mavedb:00000928-a-1#693,NA,NA,p.Cys51Lys,-0.463567577822651,0.32500551815939,0.05164688,0.03944215
urn:mavedb:00000928-a-1#694,NA,NA,p.Cys51Leu,-0.113764765242746,0.124034594028641,0.09409839,0.01505264
urn:mavedb:00000928-a-1#695,NA,NA,p.Cys51Met,NA,NA,NA,NA
urn:mavedb:00000928-a-1#696,NA,NA,p.Cys51Asn,NA,NA,NA,NA
urn:mavedb:00000928-a-1#697,NA,NA,p.Cys51Pro,-0.52014734439357,0.27576483971637,0.04478045,0.03346638
urn:mavedb:00000928-a-1#698,NA,NA,p.Cys51Gln,-0.452702322602289,0.269952057130351,0.05296547,0.03276095
urn:mavedb:00000928-a-1#699,NA,NA,p.Cys51Arg,-0.0576325985046557,0.254785657566467,0.1009105,0.03092038
urn:mavedb:00000928-a-1#700,NA,NA,p.Cys51Ser,-0.355109161334451,0.747278056176762,0.06480922,0.09068847
urn:mavedb:00000928-a-1#701,NA,NA,p.Cys51Thr,NA,NA,NA,NA
urn:mavedb:00000928-a-1#702,NA,NA,p.Cys51Val,0.0842067785649219,0.133380630155139,0.1181239,0.01618686
urn:mavedb:00000928-a-1#703,NA,NA,p.Cys51Trp,0.129594654102273,0.387532133024726,0.1236321,0.04703028
urn:mavedb:00000928-a-1#704,NA,NA,p.Cys51Tyr,0.124095240839569,0.136190653995186,0.1229647,0.01652788
urn:mavedb:00000928-a-1#705,NA,NA,p.Pro50Gln,-0.980421289499357,0.228028960269508,-0.01107766,0.02767323
urn:mavedb:00000928-a-1#706,NA,NA,p.Pro50Arg,-0.474570771577651,0.0408525817672894,0.05031155,0.004957804
urn:mavedb:00000928-a-1#707,NA,NA,p.Pro50Ser,-0.854871703525494,0.0940449932263033,0.004158837,0.01141315
urn:mavedb:00000928-a-1#708,NA,NA,p.Pro50Thr,-0.767580647342247,0.142466610119558,0.01475234,0.01728952
urn:mavedb:00000928-a-1#709,NA,NA,p.Pro50Val,-0.805313511011075,0.0736100420439785,0.01017314,0.008933197
urn:mavedb:00000928-a-1#710,NA,NA,p.Pro50Trp,-0.966802413621122,0.100070863656155,-0.009424895,0.01214444
urn:mavedb:00000928-a-1#711,NA,NA,p.Pro50Tyr,-0.868770766022206,0.272731675164375,0.002472069,0.03309828
urn:mavedb:00000928-a-1#712,NA,NA,p.Val49Trp,-0.566004903113382,0.073132184726132,0.03921525,0.008875205
urn:mavedb:00000928-a-1#713,NA,NA,p.Val49Tyr,-0.587719839848582,0.0995973900480116,0.03657996,0.01208698
urn:mavedb:00000928-a-1#714,NA,NA,p.Leu48Met,-0.139699599370957,0.312283283956584,0.09095098,0.0378982
urn:mavedb:00000928-a-1#715,NA,NA,p.Leu48Asn,-0.294213418319511,0.634673985198602,0.07219943,0.07702302
urn:mavedb:00000928-a-1#716,NA,NA,p.Leu48Pro,NA,NA,NA,NA
urn:mavedb:00000928-a-1#717,NA,NA,p.Leu48Gln,-0.377636649975307,0.527005460462519,0.06207532,0.06395654
urn:mavedb:00000928-a-1#718,NA,NA,p.Leu48Arg,0.199874090298866,0.519702546179724,0.1321611,0.06307027
urn:mavedb:00000928-a-1#719,NA,NA,p.Leu48Ser,-0.215835408048925,0.222354857823151,0.08171126,0.02698463
urn:mavedb:00000928-a-1#720,NA,NA,p.Leu48Thr,NA,NA,NA,NA
urn:mavedb:00000928-a-1#721,NA,NA,p.Leu48Val,-0.500317897233995,0.594434578946043,0.04718692,0.07213963
urn:mavedb:00000928-a-1#722,NA,NA,p.Leu48Trp,-0.867694870172193,0.626496636190848,0.002602638,0.07603063
urn:mavedb:00000928-a-1#723,NA,NA,p.Leu48Tyr,-0.0848232171417618,0.520131770688047,0.09761069,0.06312236
urn:mavedb:00000928-a-1#724,NA,NA,p.Gly47His,-1.01694550177865,0.242135194249964,-0.01551018,0.02938514
urn:mavedb:00000928-a-1#725,NA,NA,p.Gly47Ile,-0.156707816214553,0.0738400714426025,0.08888689,0.008961113
urn:mavedb:00000928-a-1#726,NA,NA,p.Gly47Lys,-0.727695233888258,0.126561571950837,0.01959277,0.01535931
urn:mavedb:00000928-a-1#727,NA,NA,p.Gly47Leu,-0.412321187389409,0.0451231472636163,0.05786606,0.005476073
urn:mavedb:00000928-a-1#728,NA,NA,p.Gly47Met,-0.437439596785722,0.0572223261247485,0.05481773,0.00694441
urn:mavedb:00000928-a-1#729,NA,NA,p.Gly47Asn,-0.478951267658841,0.139154025274278,0.04977994,0.01688751
urn:mavedb:00000928-a-1#730,NA,NA,p.Gly47Pro,-0.78780405157118,0.108540240242618,0.01229806,0.01317227
urn:mavedb:00000928-a-1#731,NA,NA,p.Gly47Gln,-0.885994696815427,0.19042455907111,0.0003818003,0.02310962
urn:mavedb:00000928-a-1#732,NA,NA,p.Gly47Arg,-0.716032094061622,0.0903359792949151,0.02100819,0.01096303
urn:mavedb:00000928-a-1#733,NA,NA,p.Gly47Ser,-0.631689024973228,0.0611187271658268,0.03124393,0.007417271
urn:mavedb:00000928-a-1#734,NA,NA,p.Gly47Thr,-0.49581899155049,0.0845261631289951,0.0477329,0.01025796
urn:mavedb:00000928-a-1#735,NA,NA,p.Gly47Val,-0.40848469979429,0.0540641187254931,0.05833165,0.006561135
urn:mavedb:00000928-a-1#736,NA,NA,p.Gly47Trp,-0.799491829164756,0.110707622128278,0.01087965,0.0134353
urn:mavedb:00000928-a-1#737,NA,NA,p.Gly47Tyr,-0.804468987688788,0.15416444058125,0.01027563,0.01870915
urn:mavedb:00000928-a-1#738,NA,NA,p.Lys46Leu,-0.170332336531033,0.0347452831056995,0.08723344,0.004216632
urn:mavedb:00000928-a-1#739,NA,NA,p.Lys46Met,-0.141521970118904,0.0475064762924818,0.09072982,0.00576531
urn:mavedb:00000928-a-1#740,NA,NA,p.Lys46Asn,-0.383488243224299,0.0927094449769489,0.06136518,0.01125107
urn:mavedb:00000928-a-1#741,NA,NA,p.Lys46Pro,-0.571261811532932,0.0875569380647987,0.03857728,0.01062577
urn:mavedb:00000928-a-1#742,NA,NA,p.Lys46Gln,-0.142156866420809,0.0622927044004148,0.09065277,0.007559743
urn:mavedb:00000928-a-1#743,NA,NA,p.Lys46Arg,-0.0768404158522161,0.0345782901341952,0.09857947,0.004196366
urn:mavedb:00000928-a-1#744,NA,NA,p.Lys46Ser,-0.201948524354733,0.0420680064827156,0.08339655,0.005105306
urn:mavedb:00000928-a-1#745,NA,NA,p.Lys46Thr,-0.0078527732085066,0.0558130870560827,0.1069517,0.006773387
urn:mavedb:00000928-a-1#746,NA,NA,p.Lys46Val,-0.0303028053245362,0.0409495095440488,0.1042272,0.004969567
urn:mavedb:00000928-a-1#747,NA,NA,p.Lys46Trp,-0.552158066090538,0.0563793024926227,0.04089568,0.006842102
urn:mavedb:00000928-a-1#748,NA,NA,p.Lys46Tyr,-0.131266067027366,0.0974862053431307,0.09197446,0.01183077
urn:mavedb:00000928-a-1#749,NA,NA,p.Gln45Arg,0.0965767503808821,0.1963038389077,0.1196251,0.02382312
urn:mavedb:00000928-a-1#750,NA,NA,p.Gln45Ser,-0.0925151444604153,0.212749919142392,0.09667721,0.02581899
urn:mavedb:00000928-a-1#751,NA,NA,p.Gln45Thr,-0.313945962422494,0.226188708600404,0.06980472,0.0274499
urn:mavedb:00000928-a-1#752,NA,NA,p.Gln45Val,-0.444583148388714,0.267128766800413,0.0539508,0.03241832
urn:mavedb:00000928-a-1#753,NA,NA,p.Gln45Trp,-0.365179580769196,0.248078664121489,0.06358709,0.03010643
urn:mavedb:00000928-a-1#754,NA,NA,p.Gln45Tyr,NA,NA,NA,NA
urn:mavedb:00000928-a-1#755,NA,NA,p.Gly44His,-0.686223197683694,0.162938534432404,0.02462575,0.01977396
urn:mavedb:00000928-a-1#756,NA,NA,p.Gly44Ile,-1.00574718350154,0.316281853449931,-0.01415117,0.03838346
urn:mavedb:00000928-a-1#757,NA,NA,p.Gly44Lys,-0.339619998783603,0.0867312020698097,0.06668896,0.01052556
urn:mavedb:00000928-a-1#758,NA,NA,p.Gly44Leu,-0.838497056334814,0.0818346807321563,0.006146038,0.009931326
urn:mavedb:00000928-a-1#759,NA,NA,p.Gly44Met,-0.585376944773687,0.0987025199845868,0.03686429,0.01197838
urn:mavedb:00000928-a-1#760,NA,NA,p.Gly44Asn,-0.0702496071944785,0.129780796963533,0.09937932,0.01574999
urn:mavedb:00000928-a-1#761,NA,NA,p.Gly44Pro,-0.913917718807122,0.178389298323072,-0.003006893,0.02164904
urn:mavedb:00000928-a-1#762,NA,NA,p.Gly44Gln,-0.366473846338829,0.0769251483463432,0.06343002,0.009335513
urn:mavedb:00000928-a-1#763,NA,NA,p.Gly44Arg,-0.401737165274615,0.0424438271891865,0.05915052,0.005150915
urn:mavedb:00000928-a-1#764,NA,NA,p.Gly44Ser,-0.644399311095076,0.0639919192738869,0.02970143,0.007765957
urn:mavedb:00000928-a-1#765,NA,NA,p.Gly44Thr,-0.583704213439661,0.0867413373384839,0.03706729,0.01052679
urn:mavedb:00000928-a-1#766,NA,NA,p.Gly44Val,-0.612294323159383,0.0489531252146277,0.03359764,0.005940873
urn:mavedb:00000928-a-1#767,NA,NA,p.Gly44Trp,-0.945415447588173,0.115963706542244,-0.006829407,0.01407317
urn:mavedb:00000928-a-1#768,NA,NA,p.Gly44Tyr,-0.849037735755928,0.160059294123363,0.004866838,0.01942454
urn:mavedb:00000928-a-1#769,NA,NA,p.Asn43Pro,-0.74466521687279,0.0842052129543137,0.01753332,0.01021901
urn:mavedb:00000928-a-1#770,NA,NA,p.Asn43Gln,-0.0190147528394018,0.0565422907969923,0.1055971,0.006861882
urn:mavedb:00000928-a-1#771,NA,NA,p.Asn43Arg,-0.0684296260627231,0.0319110911818952,0.09960019,0.003872679
urn:mavedb:00000928-a-1#772,NA,NA,p.Asn43Ser,-0.496293701167009,0.0463617430160439,0.04767529,0.005626387
urn:mavedb:00000928-a-1#773,NA,NA,p.Asn43Thr,-0.608311080169885,0.0685154297641084,0.03408104,0.008314923
urn:mavedb:00000928-a-1#774,NA,NA,p.Asn43Val,-0.816853363122344,0.0926573678240866,0.008772682,0.01124475
urn:mavedb:00000928-a-1#775,NA,NA,p.Asn43Trp,-0.725976358241569,0.0695308930446439,0.01980137,0.008438158
urn:mavedb:00000928-a-1#776,NA,NA,p.Asn43Tyr,-0.533522685421671,0.102877261871636,0.04315724,0.01248502
urn:mavedb:00000928-a-1#777,NA,NA,p.Phe42Gly,-0.555101166832282,0.0468791773220545,0.04053851,0.005689182
urn:mavedb:00000928-a-1#778,NA,NA,p.Phe42His,0.0342110638059577,0.059361741260912,0.1120565,0.007204046
urn:mavedb:00000928-a-1#779,NA,NA,p.Phe42Ile,-0.627539250455352,0.0936482345379616,0.03174754,0.011365
urn:mavedb:00000928-a-1#780,NA,NA,p.Phe42Lys,-0.303968490817541,0.0638798957148422,0.07101557,0.007752362
urn:mavedb:00000928-a-1#781,NA,NA,p.Phe42Leu,-0.261874165596496,0.0390996417297884,0.07612407,0.00474507
urn:mavedb:00000928-a-1#782,NA,NA,p.Phe42Met,-0.264772358033953,0.0629898872843587,0.07577235,0.007644352
urn:mavedb:00000928-a-1#783,NA,NA,p.Phe42Asn,-0.721656591371866,0.135393758195611,0.02032561,0.01643117
urn:mavedb:00000928-a-1#784,NA,NA,p.Phe42Pro,-0.74828696861291,0.0994245136766428,0.01709379,0.012066
urn:mavedb:00000928-a-1#785,NA,NA,p.Phe42Gln,-0.46386059420806,0.0616466263427449,0.05161132,0.007481336
urn:mavedb:00000928-a-1#786,NA,NA,p.Phe42Arg,-0.209297665350749,0.0376145529471833,0.08250467,0.004564842
urn:mavedb:00000928-a-1#787,NA,NA,p.Phe42Ser,-0.14281804850082,0.0395088511424932,0.09057253,0.004794731
urn:mavedb:00000928-a-1#788,NA,NA,p.Phe42Thr,-0.64891650970253,0.0678422666429166,0.02915323,0.008233229
urn:mavedb:00000928-a-1#789,NA,NA,p.Phe42Val,-0.518001551454192,0.0455030962380594,0.04504086,0.005522183
urn:mavedb:00000928-a-1#790,NA,NA,p.Phe42Trp,-0.293624913531944,0.0445433851752875,0.07227085,0.005405714
urn:mavedb:00000928-a-1#791,NA,NA,p.Phe42Tyr,-0.0523119944535196,0.129789201820482,0.1015562,0.01575101
urn:mavedb:00000928-a-1#792,NA,NA,p.Met41Asn,-0.135817049863734,0.0618077853547197,0.09142216,0.007500894
urn:mavedb:00000928-a-1#793,NA,NA,p.Met41Pro,-0.690893990931868,0.0790785221370872,0.02405891,0.009596843
urn:mavedb:00000928-a-1#794,NA,NA,p.Met41Gln,-0.0927612749281363,0.0445723736917068,0.09664734,0.005409232
urn:mavedb:00000928-a-1#795,NA,NA,p.Met41Arg,-0.0640771461713639,0.0336657369109535,0.1001284,0.00408562
urn:mavedb:00000928-a-1#796,NA,NA,p.Met41Ser,-0.0423728391081883,0.0348313999292064,0.1027624,0.004227083
urn:mavedb:00000928-a-1#797,NA,NA,p.Met41Thr,-0.0093087910741343,0.0431201627318738,0.106775,0.005232994
urn:mavedb:00000928-a-1#798,NA,NA,p.Met41Val,0.0397467333143257,0.0412813036322059,0.1127283,0.005009833
urn:mavedb:00000928-a-1#799,NA,NA,p.Met41Trp,-0.0892398046674989,0.0446478196429104,0.0970747,0.005418388
urn:mavedb:00000928-a-1#800,NA,NA,p.Met41Tyr,-0.330801738233186,0.0602638708135253,0.06775913,0.007313527
urn:mavedb:00000928-a-1#801,NA,NA,p.Val40Trp,-0.699462248188323,0.0697615486875111,0.02301908,0.00846615
urn:mavedb:00000928-a-1#802,NA,NA,p.Val40Tyr,-0.931370313621716,0.165259181356551,-0.005124912,0.02005559
urn:mavedb:00000928-a-1#803,NA,NA,p.Thr39Val,-0.248676232970472,0.0467762590247048,0.07772575,0.005676692
urn:mavedb:00000928-a-1#804,NA,NA,p.Thr39Trp,-0.222582118563016,0.0488216798439854,0.08089249,0.005924921
urn:mavedb:00000928-a-1#805,NA,NA,p.Thr39Tyr,-0.109491472287938,0.053144742736022,0.09461699,0.006449561
urn:mavedb:00000928-a-1#806,NA,NA,p.Ala38Cys,-0.371563152022743,0.060988781485346,0.06281239,0.007401501
urn:mavedb:00000928-a-1#807,NA,NA,p.Ala38Asp,-0.893952547215911,0.149152344220488,-0.0005839517,0.01810089
urn:mavedb:00000928-a-1#808,NA,NA,p.Ala38Glu,-0.918941771488898,0.137509145328967,-0.003616604,0.01668789
urn:mavedb:00000928-a-1#809,NA,NA,p.Ala38Phe,-0.680645915893371,0.084955799640109,0.0253026,0.0103101
urn:mavedb:00000928-a-1#810,NA,NA,p.Ala38Gly,-0.818409192784272,0.0754714129761812,0.008583869,0.00915909
urn:mavedb:00000928-a-1#811,NA,NA,p.Ala38His,-0.827221883056946,0.180572253914255,0.007514375,0.02191396
urn:mavedb:00000928-a-1#812,NA,NA,p.Ala38Ile,-0.697934541836951,0.170575582979212,0.02320448,0.02070078
urn:mavedb:00000928-a-1#813,NA,NA,p.Ala38Lys,-0.751372951922793,0.153081450043166,0.01671928,0.01857772
urn:mavedb:00000928-a-1#814,NA,NA,p.Ala38Leu,-0.758968223386529,0.0637511118822338,0.01579753,0.007736733
urn:mavedb:00000928-a-1#815,NA,NA,p.Ala38Met,-0.601653939062694,0.0746311332826476,0.03488894,0.009057115
urn:mavedb:00000928-a-1#816,NA,NA,p.Ala38Asn,-0.445132677712192,0.0831211512089715,0.05388411,0.01008745
urn:mavedb:00000928-a-1#817,NA,NA,p.Ala38Pro,-0.806689270732893,0.0968216448402282,0.01000618,0.01175012
urn:mavedb:00000928-a-1#818,NA,NA,p.Ala38Gln,-0.871108881864717,0.114826743638456,0.002188319,0.01393519
urn:mavedb:00000928-a-1#819,NA,NA,p.Ala38Arg,-0.748642939024881,0.0707564530287442,0.01705059,0.00858689
urn:mavedb:00000928-a-1#820,NA,NA,p.Ala38Ser,-0.383585228681449,0.0447590191963719,0.06135341,0.005431883
urn:mavedb:00000928-a-1#821,NA,NA,p.Ala38Thr,-0.631086924093537,0.0721037186374926,0.031317,0.008750392
urn:mavedb:00000928-a-1#822,NA,NA,p.Ala38Val,-0.671284635663583,0.053718786225603,0.02643867,0.006519226
urn:mavedb:00000928-a-1#823,NA,NA,p.Ala38Trp,-0.246686836290798,0.0466618458494686,0.07796718,0.005662807
urn:mavedb:00000928-a-1#824,NA,NA,p.Ala38Tyr,-0.412673614577371,0.0653009675036836,0.05782329,0.007924821
urn:mavedb:00000928-a-1#825,NA,NA,p.Trp37Tyr,-0.178606588595379,0.0891795698593623,0.08622929,0.01082269
urn:mavedb:00000928-a-1#826,NA,NA,p.Asn36Pro,-0.461991007940192,0.0649462166199767,0.05183821,0.007881769
urn:mavedb:00000928-a-1#827,NA,NA,p.Asn36Gln,-0.160260021883446,0.0496001426386625,0.0884558,0.006019394
urn:mavedb:00000928-a-1#828,NA,NA,p.Asn36Arg,-0.164873793945258,0.0377576497567729,0.08789588,0.004582208
urn:mavedb:00000928-a-1#829,NA,NA,p.Asn36Ser,-0.390622236362524,0.0438338339675388,0.06049941,0.005319604
urn:mavedb:00000928-a-1#830,NA,NA,p.Asn36Thr,-0.380964561324436,0.05951387741175,0.06167145,0.007222509
urn:mavedb:00000928-a-1#831,NA,NA,p.Asn36Val,-0.906116066905001,0.0823298833675305,-0.002060097,0.009991423
urn:mavedb:00000928-a-1#832,NA,NA,p.Asn36Trp,-0.74920672364495,0.0920062386121913,0.01698217,0.01116573
urn:mavedb:00000928-a-1#833,NA,NA,p.Asn36Tyr,-0.641353127254866,0.121935357404717,0.03007111,0.01479788
urn:mavedb:00000928-a-1#834,NA,NA,p.Asp35Glu,-0.391243701373422,0.0507628309967598,0.06042399,0.006160496
urn:mavedb:00000928-a-1#835,NA,NA,p.Asp35Phe,-0.5250507544179,0.0764417784311446,0.04418538,0.009276852
urn:mavedb:00000928-a-1#836,NA,NA,p.Asp35Gly,-0.209094795176149,0.0317159501796666,0.08252929,0.003848997
urn:mavedb:00000928-a-1#837,NA,NA,p.Asp35His,-0.42152079772376,0.126255289075537,0.05674961,0.01532214
urn:mavedb:00000928-a-1#838,NA,NA,p.Asp35Ile,-0.834313868390537,0.209974503536842,0.006653703,0.02548217
urn:mavedb:00000928-a-1#839,NA,NA,p.Asp35Lys,-0.374781717830972,0.0653512071240952,0.06242179,0.007930918
urn:mavedb:00000928-a-1#840,NA,NA,p.Asp35Leu,-0.586018762722492,0.0439287429306192,0.0367864,0.005331122
urn:mavedb:00000928-a-1#841,NA,NA,p.Asp35Met,-0.696289085087731,0.0777900246065371,0.02340417,0.009440473
urn:mavedb:00000928-a-1#842,NA,NA,p.Asp35Asn,-0.0312347556392079,0.0948574627314017,0.1041141,0.01151175
urn:mavedb:00000928-a-1#843,NA,NA,p.Asp35Pro,-0.478846783750883,0.0619774893045929,0.04979262,0.007521489
urn:mavedb:00000928-a-1#844,NA,NA,p.Asp35Gln,-0.495441267391122,0.0599329336911748,0.04777874,0.007273365
urn:mavedb:00000928-a-1#845,NA,NA,p.Asp35Arg,-0.446878910344246,0.0327518652787787,0.05367219,0.003974714
urn:mavedb:00000928-a-1#846,NA,NA,p.Asp35Ser,-0.278434041002238,0.0364383673776321,0.07411439,0.004422102
urn:mavedb:00000928-a-1#847,NA,NA,p.Asp35Thr,-0.370830611059221,0.0537948666611057,0.06290129,0.006528459
urn:mavedb:00000928-a-1#848,NA,NA,p.Asp35Val,-0.766082028387965,0.070691274187108,0.01493421,0.00857898
urn:mavedb:00000928-a-1#849,NA,NA,p.Asp35Trp,-0.885944874965846,0.0719630279242061,0.0003878466,0.008733318
urn:mavedb:00000928-a-1#850,NA,NA,p.Asp35Tyr,-0.582522919035494,0.124787487930069,0.03721065,0.01514401
urn:mavedb:00000928-a-1#851,NA,NA,p.Asn34Pro,0.12444626721804,0.0497372571677176,0.1230073,0.006036034
urn:mavedb:00000928-a-1#852,NA,NA,p.Asn34Gln,0.0921147601475071,0.0468467856625764,0.1190836,0.005685251
urn:mavedb:00000928-a-1#853,NA,NA,p.Asn34Arg,0.0101591648360627,0.0321724327926832,0.1091376,0.003904395
urn:mavedb:00000928-a-1#854,NA,NA,p.Asn34Ser,0.0801246549054316,0.0356908130323833,0.1176285,0.00433138
urn:mavedb:00000928-a-1#855,NA,NA,p.Asn34Thr,0.0658520541977147,0.0386007310692896,0.1158964,0.004684523
urn:mavedb:00000928-a-1#856,NA,NA,p.Asn34Val,-0.0420926772098786,0.0375389669150305,0.1027964,0.004555669
urn:mavedb:00000928-a-1#857,NA,NA,p.Asn34Trp,-0.306362309437482,0.0500651042691309,0.07072506,0.006075821
urn:mavedb:00000928-a-1#858,NA,NA,p.Asn34Tyr,-0.416766038306652,0.128594640926424,0.05732664,0.01560604
urn:mavedb:00000928-a-1#859,NA,NA,p.Gly33His,0.0849516796121925,0.0595092053000929,0.1182143,0.007221942
urn:mavedb:00000928-a-1#860,NA,NA,p.Gly33Ile,-0.160978554752052,0.076431074598618,0.0883686,0.009275553
urn:mavedb:00000928-a-1#861,NA,NA,p.Gly33Lys,-0.12921816595128,0.0659116050812172,0.09222299,0.007998927
urn:mavedb:00000928-a-1#862,NA,NA,p.Gly33Leu,-0.0311399949971326,0.035141456750077,0.1041256,0.004264711
urn:mavedb:00000928-a-1#863,NA,NA,p.Gly33Met,-0.050724959700153,0.0541010341756233,0.1017488,0.006565615
urn:mavedb:00000928-a-1#864,NA,NA,p.Gly33Asn,-0.0502363243892774,0.0710100984273845,0.1018081,0.008617672
urn:mavedb:00000928-a-1#865,NA,NA,p.Gly33Pro,-0.314637385507411,0.0513451969427316,0.06972081,0.006231171
urn:mavedb:00000928-a-1#866,NA,NA,p.Gly33Gln,0.0024794328000415,0.053245971821926,0.1082056,0.006461846
urn:mavedb:00000928-a-1#867,NA,NA,p.Gly33Arg,-0.0159914763544059,0.0319587928651103,0.105964,0.003878468
urn:mavedb:00000928-a-1#868,NA,NA,p.Gly33Ser,0.106817491769688,0.0328671766201006,0.1208679,0.003988708
urn:mavedb:00000928-a-1#869,NA,NA,p.Gly33Thr,-0.0335675154454285,0.0481531064338925,0.103831,0.005843784
urn:mavedb:00000928-a-1#870,NA,NA,p.Gly33Val,-0.147012813723543,0.0445915977419643,0.09006346,0.005411565
urn:mavedb:00000928-a-1#871,NA,NA,p.Gly33Trp,-0.132087106190531,0.0392786734228642,0.09187482,0.004766797
urn:mavedb:00000928-a-1#872,NA,NA,p.Gly33Tyr,-0.139302263878708,0.0580766468734208,0.0909992,0.007048089
urn:mavedb:00000928-a-1#873,NA,NA,p.Lys32Leu,-0.540428429013332,0.0687223622862335,0.04231917,0.008340036
urn:mavedb:00000928-a-1#874,NA,NA,p.Lys32Met,-0.353835248702725,0.092561535974753,0.06496382,0.01123312
urn:mavedb:00000928-a-1#875,NA,NA,p.Lys32Asn,-0.717497587991457,0.175430294273571,0.02083034,0.02128994
urn:mavedb:00000928-a-1#876,NA,NA,p.Lys32Pro,-0.613966148087268,0.0738496875877592,0.03339475,0.00896228
urn:mavedb:00000928-a-1#877,NA,NA,p.Lys32Gln,-0.364060333985449,0.0648351159471852,0.06372292,0.007868286
urn:mavedb:00000928-a-1#878,NA,NA,p.Lys32Arg,-0.142609822289929,0.0416828250728188,0.0905978,0.005058561
urn:mavedb:00000928-a-1#879,NA,NA,p.Lys32Ser,-0.49578355931041,0.0713069052384762,0.0477372,0.008653692
urn:mavedb:00000928-a-1#880,NA,NA,p.Lys32Thr,-0.479122331217927,0.0806513015938633,0.04975918,0.009787713
urn:mavedb:00000928-a-1#881,NA,NA,p.Lys32Val,-0.280339801115211,0.0535292567013964,0.07388311,0.006496225
urn:mavedb:00000928-a-1#882,NA,NA,p.Lys32Trp,-0.357851699117229,0.0596655026791264,0.06447639,0.00724091
urn:mavedb:00000928-a-1#883,NA,NA,p.Lys32Tyr,-0.37754790457399,0.127463528462278,0.06208609,0.01546877
urn:mavedb:00000928-a-1#884,NA,NA,p.Lys31Leu,-0.452049298177553,0.0400565758937447,0.05304472,0.004861202
urn:mavedb:00000928-a-1#885,NA,NA,p.Lys31Met,-0.279662550926326,0.0495350791578079,0.0739653,0.006011498
urn:mavedb:00000928-a-1#886,NA,NA,p.Lys31Asn,-0.0587103978075651,0.0738203941892741,0.1007797,0.008958725
urn:mavedb:00000928-a-1#887,NA,NA,p.Lys31Pro,-0.526867686728997,0.0770860519165871,0.04396488,0.00935504
urn:mavedb:00000928-a-1#888,NA,NA,p.Lys31Gln,-0.104543401160996,0.0742373739746291,0.09521748,0.009009329
urn:mavedb:00000928-a-1#889,NA,NA,p.Lys31Arg,-0.117296700374291,0.0400935078239866,0.09366976,0.004865684
urn:mavedb:00000928-a-1#890,NA,NA,p.Lys31Ser,0.0407289479695765,0.0392074958205819,0.1128475,0.004758159
urn:mavedb:00000928-a-1#891,NA,NA,p.Lys31Thr,-0.190661707877974,0.047614931907351,0.0847663,0.005778472
urn:mavedb:00000928-a-1#892,NA,NA,p.Lys31Val,-0.347005066423049,0.0465006209170472,0.06579272,0.005643241
urn:mavedb:00000928-a-1#893,NA,NA,p.Lys31Trp,-0.555911246721189,0.0811926979822353,0.0404402,0.009853416
urn:mavedb:00000928-a-1#894,NA,NA,p.Lys31Tyr,-0.181010789685668,0.0754751292413617,0.08593752,0.009159541
urn:mavedb:00000928-a-1#895,NA,NA,p.Leu30Met,-0.066222197505717,0.0518998515809383,0.09986808,0.006298483
urn:mavedb:00000928-a-1#896,NA,NA,p.Leu30Asn,-0.643089224618245,0.150745641416287,0.02986042,0.01829425
urn:mavedb:00000928-a-1#897,NA,NA,p.Leu30Pro,-0.868352162945852,0.170672650836921,0.00252287,0.02071256
urn:mavedb:00000928-a-1#898,NA,NA,p.Leu30Gln,-0.154661892751867,0.0659442357023145,0.08913518,0.008002887
urn:mavedb:00000928-a-1#899,NA,NA,p.Leu30Arg,-0.452258348394027,0.0452189379126708,0.05301935,0.005487698
urn:mavedb:00000928-a-1#900,NA,NA,p.Leu30Ser,-0.442687605944973,0.0464857476162693,0.05418084,0.005641436
urn:mavedb:00000928-a-1#901,NA,NA,p.Leu30Thr,-0.141976573999191,0.0591941220451644,0.09067465,0.007183704
urn:mavedb:00000928-a-1#902,NA,NA,p.Leu30Val,-0.175352508146511,0.035648780507581,0.0866242,0.004326279
urn:mavedb:00000928-a-1#903,NA,NA,p.Leu30Trp,-0.545385234599457,0.0609373635369504,0.04171762,0.007395261
urn:mavedb:00000928-a-1#904,NA,NA,p.Leu30Tyr,-0.681043004183946,0.126868349229486,0.02525441,0.01539654
urn:mavedb:00000928-a-1#905,NA,NA,p.Val29Trp,-0.888590416744202,0.124024953163317,6.678788e-05,0.01505147
urn:mavedb:00000928-a-1#906,NA,NA,p.Val29Tyr,-0.854155172990455,0.125566420407929,0.004245794,0.01523854
urn:mavedb:00000928-a-1#907,NA,NA,p.Phe28Gly,-0.232987908270149,0.0346462541147028,0.07962966,0.004204614
urn:mavedb:00000928-a-1#908,NA,NA,p.Phe28His,0.109150251575909,0.0627591739611006,0.121151,0.007616353
urn:mavedb:00000928-a-1#909,NA,NA,p.Phe28Ile,-0.224611561914037,0.076098390584431,0.0806462,0.009235179
urn:mavedb:00000928-a-1#910,NA,NA,p.Phe28Lys,0.0841556902187596,0.0539572122411204,0.1181177,0.006548161
urn:mavedb:00000928-a-1#911,NA,NA,p.Phe28Leu,-0.111313019030302,0.0369413898259915,0.09439593,0.004483148
urn:mavedb:00000928-a-1#912,NA,NA,p.Phe28Met,0.0388543352676507,0.0501692668149113,0.11262,0.006088462
urn:mavedb:00000928-a-1#913,NA,NA,p.Phe28Asn,0.131107528353146,0.0626044504327311,0.1238157,0.007597576
urn:mavedb:00000928-a-1#914,NA,NA,p.Phe28Pro,-0.620997799732052,0.0967740173175156,0.0325414,0.01174434
urn:mavedb:00000928-a-1#915,NA,NA,p.Phe28Gln,0.118089064143157,0.0561086825789671,0.1222358,0.00680926
urn:mavedb:00000928-a-1#916,NA,NA,p.Phe28Arg,0.0780959531594355,0.0358547489431737,0.1173823,0.004351275
urn:mavedb:00000928-a-1#917,NA,NA,p.Phe28Ser,0.0530931517464539,0.0393945698081503,0.114348,0.004780862
urn:mavedb:00000928-a-1#918,NA,NA,p.Phe28Thr,0.134557639730273,0.0459411705663459,0.1242344,0.005575347
urn:mavedb:00000928-a-1#919,NA,NA,p.Phe28Val,-0.276220926806707,0.0332579859881311,0.07438297,0.004036136
urn:mavedb:00000928-a-1#920,NA,NA,p.Phe28Trp,0.0375285102841788,0.0401330106516483,0.1124591,0.004870478
urn:mavedb:00000928-a-1#921,NA,NA,p.Phe28Tyr,0.161805032352066,0.0734397200899178,0.1275411,0.008912527
urn:mavedb:00000928-a-1#922,NA,NA,p.Val27Trp,-0.982327956018471,0.110439243509809,-0.01130905,0.01340273
urn:mavedb:00000928-a-1#923,NA,NA,p.Val27Tyr,-0.869172353383265,0.125342867693189,0.002423333,0.01521141
urn:mavedb:00000928-a-1#924,NA,NA,p.Ile26Lys,-0.409313979013286,0.0585248235101581,0.05823101,0.007102479
urn:mavedb:00000928-a-1#925,NA,NA,p.Ile26Leu,-0.24194287134683,0.0342093416342887,0.0785429,0.004151591
urn:mavedb:00000928-a-1#926,NA,NA,p.Ile26Met,-0.542083773829551,0.0817188502673169,0.04211828,0.009917269
urn:mavedb:00000928-a-1#927,NA,NA,p.Ile26Asn,-0.792997676361936,0.135545045620698,0.01166777,0.01644953
urn:mavedb:00000928-a-1#928,NA,NA,p.Ile26Pro,-0.621133019048265,0.0777410539547237,0.03252499,0.00943453
urn:mavedb:00000928-a-1#929,NA,NA,p.Ile26Gln,-0.415089763748618,0.0569567903255416,0.05753007,0.006912185
urn:mavedb:00000928-a-1#930,NA,NA,p.Ile26Arg,-0.530902594868566,0.0370767739433218,0.04347521,0.004499578
urn:mavedb:00000928-a-1#931,NA,NA,p.Ile26Ser,-0.685564487620433,0.0618093921656071,0.02470569,0.007501089
urn:mavedb:00000928-a-1#932,NA,NA,p.Ile26Thr,-0.323534668193263,0.0430329252607737,0.06864105,0.005222407
urn:mavedb:00000928-a-1#933,NA,NA,p.Ile26Val,-0.12676229971092,0.0420097163277555,0.09252103,0.005098232
urn:mavedb:00000928-a-1#934,NA,NA,p.Ile26Trp,-0.843138358423164,0.0755448977940967,0.005582777,0.009168008
urn:mavedb:00000928-a-1#935,NA,NA,p.Ile26Tyr,-0.675992344361887,0.0959500941348098,0.02586735,0.01164435
urn:mavedb:00000928-a-1#936,NA,NA,p.Asn25Pro,-0.713483032789794,0.0812813939432178,0.02131754,0.00986418
urn:mavedb:00000928-a-1#937,NA,NA,p.Asn25Gln,0.0756412405268919,0.0524222711207278,0.1170844,0.006361883
urn:mavedb:00000928-a-1#938,NA,NA,p.Asn25Arg,-0.619705841378052,0.0552164163731854,0.03269819,0.006700976
urn:mavedb:00000928-a-1#939,NA,NA,p.Asn25Ser,-0.128239494520037,0.0456988552444754,0.09234176,0.00554594
urn:mavedb:00000928-a-1#940,NA,NA,p.Asn25Thr,-0.124449892842606,0.051225979814945,0.09280166,0.006216703
urn:mavedb:00000928-a-1#941,NA,NA,p.Asn25Val,-0.580560384937834,0.0463050596719711,0.03744882,0.005619508
urn:mavedb:00000928-a-1#942,NA,NA,p.Asn25Trp,-0.711952277617765,0.0822586892851365,0.02150331,0.009982783
urn:mavedb:00000928-a-1#943,NA,NA,p.Asn25Tyr,-0.502899836328595,0.0941932318307325,0.04687358,0.01143114
urn:mavedb:00000928-a-1#944,NA,NA,p.Gly24His,-0.590872732411825,0.109700852106646,0.03619733,0.01331312
urn:mavedb:00000928-a-1#945,NA,NA,p.Gly24Ile,-0.760077829304953,0.319231958239133,0.01566287,0.03874148
urn:mavedb:00000928-a-1#946,NA,NA,p.Gly24Lys,-0.752693008867182,0.107286021344332,0.01655908,0.01302006
urn:mavedb:00000928-a-1#947,NA,NA,p.Gly24Leu,-0.888611913237057,0.0725044819929689,6.41791e-05,0.008799028
urn:mavedb:00000928-a-1#948,NA,NA,p.Gly24Met,-0.811356891559572,0.114877090379594,0.009439725,0.0139413
urn:mavedb:00000928-a-1#949,NA,NA,p.Gly24Asn,-0.555766139337976,0.126056786130529,0.04045781,0.01529805
urn:mavedb:00000928-a-1#950,NA,NA,p.Gly24Pro,-0.728962060071968,0.106946695845144,0.01943903,0.01297888
urn:mavedb:00000928-a-1#951,NA,NA,p.Gly24Gln,-0.771370908224145,0.113620317064,0.01429236,0.01378878
urn:mavedb:00000928-a-1#952,NA,NA,p.Gly24Arg,-0.788606303407046,0.0689780017783853,0.0122007,0.00837106
urn:mavedb:00000928-a-1#953,NA,NA,p.Gly24Ser,-0.999937779338408,0.0962749171357325,-0.01344615,0.01168377
urn:mavedb:00000928-a-1#954,NA,NA,p.Gly24Thr,-0.46930900152516,0.0762775623584559,0.05095011,0.009256923
urn:mavedb:00000928-a-1#955,NA,NA,p.Gly24Val,-0.689755627218589,0.0675729816183059,0.02419706,0.008200549
urn:mavedb:00000928-a-1#956,NA,NA,p.Gly24Trp,-0.835900227459325,0.0928004151933413,0.006461185,0.01126211
urn:mavedb:00000928-a-1#957,NA,NA,p.Gly24Tyr,-1.03158379616422,0.186544646381753,-0.01728666,0.02263876
urn:mavedb:00000928-a-1#958,NA,NA,p.Pro23Gln,-0.328216420715695,0.0813608445615562,0.06807288,0.009873822
urn:mavedb:00000928-a-1#959,NA,NA,p.Pro23Arg,-0.405409510957548,0.0429293971992924,0.05870485,0.005209843
urn:mavedb:00000928-a-1#960,NA,NA,p.Pro23Ser,-0.658180639674051,0.0608012378145951,0.02802895,0.007378741
urn:mavedb:00000928-a-1#961,NA,NA,p.Pro23Thr,-0.489044924051035,0.069723199467666,0.04855499,0.008461496
urn:mavedb:00000928-a-1#962,NA,NA,p.Pro23Val,-0.571959661861398,0.0595109027515944,0.03849259,0.007222148
urn:mavedb:00000928-a-1#963,NA,NA,p.Pro23Trp,-0.798740006470586,0.114426359325548,0.01097089,0.0138866
urn:mavedb:00000928-a-1#964,NA,NA,p.Pro23Tyr,-0.860449842281623,0.157573928483122,0.003481883,0.01912292
urn:mavedb:00000928-a-1#965,NA,NA,p.Met22Asn,-0.029303286552037,0.0789638864803435,0.1043485,0.009582931
urn:mavedb:00000928-a-1#966,NA,NA,p.Met22Pro,-0.262170478004238,0.0574453597159705,0.07608811,0.006971477
urn:mavedb:00000928-a-1#967,NA,NA,p.Met22Gln,0.0045567508754502,0.042868808068755,0.1084577,0.00520249
urn:mavedb:00000928-a-1#968,NA,NA,p.Met22Arg,0.0665442188876565,0.0319255195196581,0.1159804,0.00387443
urn:mavedb:00000928-a-1#969,NA,NA,p.Met22Ser,0.0688036421969666,0.0367616000477791,0.1162546,0.004461329
urn:mavedb:00000928-a-1#970,NA,NA,p.Met22Thr,0.0072430090768911,0.0480379763737988,0.1087837,0.005829812
urn:mavedb:00000928-a-1#971,NA,NA,p.Met22Val,-0.0359612516648107,0.0364727366505101,0.1035405,0.004426273
urn:mavedb:00000928-a-1#972,NA,NA,p.Met22Trp,-0.0980149697259113,0.0408125433359986,0.09600976,0.004952945
urn:mavedb:00000928-a-1#973,NA,NA,p.Met22Tyr,0.0180275941506513,0.0587056927356846,0.1100925,0.007124429
urn:mavedb:00000928-a-1#974,NA,NA,p.Val21Trp,-0.873076063353867,0.084337053847636,0.001949585,0.01023501
urn:mavedb:00000928-a-1#975,NA,NA,p.Val21Tyr,-0.78745401399941,0.152906843260072,0.01234054,0.01855653
urn:mavedb:00000928-a-1#976,NA,NA,p.Gln20Arg,0.0431037320605435,0.0365960408459897,0.1131357,0.004441237
urn:mavedb:00000928-a-1#977,NA,NA,p.Gln20Ser,-0.0624868153956643,0.04051873590523,0.1003214,0.004917289
urn:mavedb:00000928-a-1#978,NA,NA,p.Gln20Thr,-0.231320697773531,0.0511476828044232,0.07983199,0.006207201
urn:mavedb:00000928-a-1#979,NA,NA,p.Gln20Val,-0.367511269368159,0.0440162111232827,0.06330412,0.005341737
urn:mavedb:00000928-a-1#980,NA,NA,p.Gln20Trp,-0.451189365950858,0.0573915851116067,0.05314908,0.006964951
urn:mavedb:00000928-a-1#981,NA,NA,p.Gln20Tyr,-0.238985103305704,0.0809764047566843,0.07890185,0.009827167
urn:mavedb:00000928-a-1#982,NA,NA,p.Leu19Met,-0.128461316823052,0.0575635138765548,0.09231484,0.006985816
urn:mavedb:00000928-a-1#983,NA,NA,p.Leu19Asn,-0.7852970145841,0.259959259021549,0.01260231,0.03154824
urn:mavedb:00000928-a-1#984,NA,NA,p.Leu19Pro,-0.454745114843759,0.0817975840007978,0.05271756,0.009926824
urn:mavedb:00000928-a-1#985,NA,NA,p.Leu19Gln,-0.740115799647031,0.118686715392699,0.01808543,0.01440363
urn:mavedb:00000928-a-1#986,NA,NA,p.Leu19Arg,-0.74979654684145,0.0542758964004478,0.01691059,0.006586836
urn:mavedb:00000928-a-1#987,NA,NA,p.Leu19Ser,-0.639760242061858,0.0571935765699484,0.03026442,0.006940921
urn:mavedb:00000928-a-1#988,NA,NA,p.Leu19Thr,-0.829472390625846,0.110711824556752,0.007241257,0.01343581
urn:mavedb:00000928-a-1#989,NA,NA,p.Leu19Val,-0.387787739556654,0.0402893657110726,0.0608434,0.004889453
urn:mavedb:00000928-a-1#990,NA,NA,p.Leu19Trp,-0.710592091601471,0.0765892424703256,0.02166838,0.009294748
urn:mavedb:00000928-a-1#991,NA,NA,p.Leu19Tyr,-0.981175749011393,0.176890267365998,-0.01116922,0.02146712
urn:mavedb:00000928-a-1#992,NA,NA,p.Glu18Phe,NA,NA,NA,NA
urn:mavedb:00000928-a-1#993,NA,NA,p.Glu18Gly,NA,NA,NA,NA
urn:mavedb:00000928-a-1#994,NA,NA,p.Glu18His,-0.0757242178891266,0.330217435874093,0.09871493,0.04007466
urn:mavedb:00000928-a-1#995,NA,NA,p.Glu18Ile,NA,NA,NA,NA
urn:mavedb:00000928-a-1#996,NA,NA,p.Glu18Lys,NA,NA,NA,NA
urn:mavedb:00000928-a-1#997,NA,NA,p.Glu18Leu,NA,NA,NA,NA
urn:mavedb:00000928-a-1#998,NA,NA,p.Glu18Met,NA,NA,NA,NA
urn:mavedb:00000928-a-1#999,NA,NA,p.Glu18Asn,NA,NA,NA,NA
urn:mavedb:00000928-a-1#1000,NA,NA,p.Glu18Pro,NA,NA,NA,NA
urn:mavedb:00000928-a-1#1001,NA,NA,p.Glu18Gln,NA,NA,NA,NA
urn:mavedb:00000928-a-1#1002,NA,NA,p.Glu18Arg,-0.0392432659029514,0.409986037966997,0.1031422,0.04975525
urn:mavedb:00000928-a-1#1003,NA,NA,p.Glu18Ser,NA,NA,NA,NA
urn:mavedb:00000928-a-1#1004,NA,NA,p.Glu18Thr,NA,NA,NA,NA
urn:mavedb:00000928-a-1#1005,NA,NA,p.Glu18Val,NA,NA,NA,NA
urn:mavedb:00000928-a-1#1006,NA,NA,p.Glu18Trp,NA,NA,NA,NA
urn:mavedb:00000928-a-1#1007,NA,NA,p.Glu18Tyr,NA,NA,NA,NA
urn:mavedb:00000928-a-1#1008,NA,NA,p.Glu17Phe,-0.264849732158221,0.060259602464604,0.07576296,0.007313009
urn:mavedb:00000928-a-1#1009,NA,NA,p.Glu17Gly,-0.0503747573272657,0.0385415015479645,0.1017913,0.004677335
urn:mavedb:00000928-a-1#1010,NA,NA,p.Glu17His,-0.155026844824694,0.0740632368747179,0.08909089,0.008988196
urn:mavedb:00000928-a-1#1011,NA,NA,p.Glu17Ile,-0.426090732688543,0.0797918390503514,0.05619501,0.00968341
urn:mavedb:00000928-a-1#1012,NA,NA,p.Glu17Lys,-0.0343124164926992,0.0549919984525834,0.1037406,0.006673741
urn:mavedb:00000928-a-1#1013,NA,NA,p.Glu17Leu,-0.238641822579716,0.0373408430125904,0.07894351,0.004531625
urn:mavedb:00000928-a-1#1014,NA,NA,p.Glu17Met,-0.17212908070534,0.0489273750401507,0.08701539,0.005937748
urn:mavedb:00000928-a-1#1015,NA,NA,p.Glu17Asn,-0.196652475669979,0.113551594998355,0.08403927,0.01378044
urn:mavedb:00000928-a-1#1016,NA,NA,p.Glu17Pro,-0.3335050533502,0.0537063355012398,0.06743106,0.006517715
urn:mavedb:00000928-a-1#1017,NA,NA,p.Glu17Gln,-0.140830876636221,0.0472217082029616,0.09081369,0.005730751
urn:mavedb:00000928-a-1#1018,NA,NA,p.Glu17Arg,-0.163715159694631,0.032301933510149,0.08803649,0.003920111
urn:mavedb:00000928-a-1#1019,NA,NA,p.Glu17Ser,-0.169376572455005,0.0369328531281489,0.08734943,0.004482112
urn:mavedb:00000928-a-1#1020,NA,NA,p.Glu17Thr,-0.194518136408208,0.0441881563683424,0.08429829,0.005362604
urn:mavedb:00000928-a-1#1021,NA,NA,p.Glu17Val,-0.365125031599584,0.0479339291888,0.06359371,0.005817185
urn:mavedb:00000928-a-1#1022,NA,NA,p.Glu17Trp,-0.35747743578131,0.0480204332949311,0.06452181,0.005827683
urn:mavedb:00000928-a-1#1023,NA,NA,p.Glu17Tyr,-0.191387409595155,0.0563620890159883,0.08467823,0.006840013
urn:mavedb:00000928-a-1#1024,NA,NA,p.Lys16Leu,-0.272331702854259,0.0383436166071437,0.07485496,0.00465332
urn:mavedb:00000928-a-1#1025,NA,NA,p.Lys16Met,-0.226788255062787,0.0508366289367969,0.08038204,0.006169452
urn:mavedb:00000928-a-1#1026,NA,NA,p.Lys16Asn,-0.0205218590511917,0.075993519393849,0.1054142,0.009222452
urn:mavedb:00000928-a-1#1027,NA,NA,p.Lys16Pro,0.0100718202442367,0.0407689781608115,0.109127,0.004947658
urn:mavedb:00000928-a-1#1028,NA,NA,p.Lys16Gln,-0.13764980308203,0.0532328618930963,0.09119974,0.006460255
urn:mavedb:00000928-a-1#1029,NA,NA,p.Lys16Arg,-0.121683706099588,0.032694242568341,0.09313736,0.003967721
urn:mavedb:00000928-a-1#1030,NA,NA,p.Lys16Ser,-0.0348224759487397,0.0378680747449861,0.1036787,0.004595609
urn:mavedb:00000928-a-1#1031,NA,NA,p.Lys16Thr,-0.0797300386316066,0.0453477794256699,0.09822879,0.005503334
urn:mavedb:00000928-a-1#1032,NA,NA,p.Lys16Val,-0.227808456375426,0.0381409112336607,0.08025823,0.00462872
urn:mavedb:00000928-a-1#1033,NA,NA,p.Lys16Trp,-0.410110792412303,0.0529764231155287,0.05813431,0.006429134
urn:mavedb:00000928-a-1#1034,NA,NA,p.Lys16Tyr,-0.460522629990815,0.106100854113923,0.05201641,0.01287623
urn:mavedb:00000928-a-1#1035,NA,NA,p.Thr15Val,-0.409779459767272,0.0411263411422173,0.05817452,0.004991027
urn:mavedb:00000928-a-1#1036,NA,NA,p.Thr15Trp,-0.72578922657361,0.115917479829023,0.01982408,0.01406756
urn:mavedb:00000928-a-1#1037,NA,NA,p.Thr15Tyr,-0.343770514906504,0.0453072630711408,0.06618526,0.005498417
urn:mavedb:00000928-a-1#1038,NA,NA,p.Glu14Phe,-0.358091072739167,0.0420994093354938,0.06444734,0.005109117
urn:mavedb:00000928-a-1#1039,NA,NA,p.Glu14Gly,-0.112349947656281,0.034454911778213,0.09427009,0.004181393
urn:mavedb:00000928-a-1#1040,NA,NA,p.Glu14His,-0.0829979623742736,0.0471670766327912,0.0978322,0.005724121
urn:mavedb:00000928-a-1#1041,NA,NA,p.Glu14Ile,-0.242907369882041,0.0409844721009467,0.07842585,0.00497381
urn:mavedb:00000928-a-1#1042,NA,NA,p.Glu14Lys,0.106207727638073,0.113790309415827,0.1207939,0.01380941
urn:mavedb:00000928-a-1#1043,NA,NA,p.Glu14Leu,-0.205924021691749,0.0438119566193032,0.08291409,0.005316949
urn:mavedb:00000928-a-1#1044,NA,NA,p.Glu14Met,-0.212835121319702,0.093968690309293,0.08207537,0.01140389
urn:mavedb:00000928-a-1#1045,NA,NA,p.Glu14Asn,0.0796516757006381,0.0393200055429208,0.1175711,0.004771813
urn:mavedb:00000928-a-1#1046,NA,NA,p.Glu14Pro,-0.314998794356231,0.0640750202369591,0.06967695,0.007776042
urn:mavedb:00000928-a-1#1047,NA,NA,p.Glu14Gln,0.0222053024578002,0.0908963030915346,0.1105995,0.01103103
urn:mavedb:00000928-a-1#1048,NA,NA,p.Glu14Arg,0.0376216229150876,0.03784248113157,0.1124704,0.004592503
urn:mavedb:00000928-a-1#1049,NA,NA,p.Glu14Ser,0.0815287604193136,0.0321169195365387,0.1177989,0.003897658
urn:mavedb:00000928-a-1#1050,NA,NA,p.Glu14Thr,0.0318181515921587,0.0453771881849366,0.1117661,0.005506903
urn:mavedb:00000928-a-1#1051,NA,NA,p.Glu14Val,-0.146132858161175,0.0366166657057388,0.09017025,0.00444374
urn:mavedb:00000928-a-1#1052,NA,NA,p.Glu14Trp,-0.427149991865829,0.0855480948533592,0.05606646,0.01038198
urn:mavedb:00000928-a-1#1053,NA,NA,p.Glu14Tyr,-0.297334751468916,0.0450859434115319,0.07182063,0.005471558
urn:mavedb:00000928-a-1#1054,NA,NA,p.Pro13Gln,-0.634089435637834,0.138281650563277,0.03095262,0.01678164
urn:mavedb:00000928-a-1#1055,NA,NA,p.Pro13Arg,-0.617138651983393,0.0460284162775019,0.03300974,0.005585935
urn:mavedb:00000928-a-1#1056,NA,NA,p.Pro13Ser,-0.397117460372603,0.0332378390516203,0.05971116,0.004033691
urn:mavedb:00000928-a-1#1057,NA,NA,p.Pro13Thr,-0.635362029860628,0.065256734883974,0.03079818,0.007919453
urn:mavedb:00000928-a-1#1058,NA,NA,p.Pro13Val,-0.646458336246536,0.0518749748523796,0.02945155,0.006295464
urn:mavedb:00000928-a-1#1059,NA,NA,p.Pro13Trp,-0.626346502373577,0.0933127818650148,0.03189229,0.01132429
urn:mavedb:00000928-a-1#1060,NA,NA,p.Pro13Tyr,-0.839040553937424,0.0672917402726821,0.00608008,0.008166418
urn:mavedb:00000928-a-1#1061,NA,NA,p.Val12Trp,-0.128531439698188,0.0785051048917495,0.09230633,0.009527254
urn:mavedb:00000928-a-1#1062,NA,NA,p.Val12Tyr,-0.0174400781697841,0.0379435948566923,0.1057882,0.004604774
urn:mavedb:00000928-a-1#1063,NA,NA,p.Phe11Gly,-0.759943351593764,0.0681050337833637,0.01567919,0.008265118
urn:mavedb:00000928-a-1#1064,NA,NA,p.Phe11His,0.129723198973263,0.0425707817294,0.1236477,0.005166322
urn:mavedb:00000928-a-1#1065,NA,NA,p.Phe11Ile,-0.588469932131027,0.0531005595566474,0.03648893,0.006444199
urn:mavedb:00000928-a-1#1066,NA,NA,p.Phe11Lys,-0.672706045294714,0.170579455805453,0.02626617,0.02070125
urn:mavedb:00000928-a-1#1067,NA,NA,p.Phe11Leu,-0.551390834491961,0.0543584040795,0.04098879,0.006596849
urn:mavedb:00000928-a-1#1068,NA,NA,p.Phe11Met,-1.10703815222483,0.415475563162702,-0.02644368,0.05042145
urn:mavedb:00000928-a-1#1069,NA,NA,p.Phe11Asn,-0.222922103266671,0.0431219343438779,0.08085123,0.005233209
urn:mavedb:00000928-a-1#1070,NA,NA,p.Phe11Pro,-1.03740869163232,0.246174964022474,-0.01799356,0.0298754
urn:mavedb:00000928-a-1#1071,NA,NA,p.Phe11Gln,-0.721417712153277,0.154245440330085,0.0203546,0.01871898
urn:mavedb:00000928-a-1#1072,NA,NA,p.Phe11Arg,-0.0356159933254229,0.039267112624531,0.1035824,0.004765394
urn:mavedb:00000928-a-1#1073,NA,NA,p.Phe11Ser,-0.337320199200713,0.0352120657885069,0.06696806,0.00427328
urn:mavedb:00000928-a-1#1074,NA,NA,p.Phe11Thr,0.125683923604102,0.0457215565982943,0.1231575,0.005548695
urn:mavedb:00000928-a-1#1075,NA,NA,p.Phe11Val,-0.514086618527546,0.0459189800959886,0.04551597,0.005572654
urn:mavedb:00000928-a-1#1076,NA,NA,p.Phe11Trp,-0.114894064894609,0.0770487656639444,0.09396134,0.009350515
urn:mavedb:00000928-a-1#1077,NA,NA,p.Phe11Tyr,0.0603369848289283,0.0355395173672402,0.1152271,0.004313019
urn:mavedb:00000928-a-1#1078,NA,NA,p.Gly10His,-0.0710466677951698,0.0397476232403556,0.09928259,0.004823708
urn:mavedb:00000928-a-1#1079,NA,NA,p.Gly10Ile,-0.667214048082258,0.0586485479484852,0.02693267,0.007117494
urn:mavedb:00000928-a-1#1080,NA,NA,p.Gly10Lys,0.0668400368920483,0.0619275957665263,0.1160163,0.007515434
urn:mavedb:00000928-a-1#1081,NA,NA,p.Gly10Leu,-0.313227264752771,0.0384180902317591,0.06989194,0.004662358
urn:mavedb:00000928-a-1#1082,NA,NA,p.Gly10Met,-0.123458449324823,0.0758124359268709,0.09292198,0.009200476
urn:mavedb:00000928-a-1#1083,NA,NA,p.Gly10Asn,-0.0803257122677482,0.0351292037870539,0.0981565,0.004263224
urn:mavedb:00000928-a-1#1084,NA,NA,p.Gly10Pro,0.0295471922046831,0.0510062999264468,0.1114905,0.006190043
urn:mavedb:00000928-a-1#1085,NA,NA,p.Gly10Gln,-0.0054351408272098,0.0809019146519572,0.1072451,0.009818127
urn:mavedb:00000928-a-1#1086,NA,NA,p.Gly10Arg,0.027428673850111,0.0392523876447581,0.1112334,0.004763607
urn:mavedb:00000928-a-1#1087,NA,NA,p.Gly10Ser,0.0420630130088809,0.0288911107192324,0.1130094,0.003506179
urn:mavedb:00000928-a-1#1088,NA,NA,p.Gly10Thr,0.0479225167114718,0.048894423056876,0.1137205,0.005933749
urn:mavedb:00000928-a-1#1089,NA,NA,p.Gly10Val,-0.341456295225907,0.0357560989947453,0.06646611,0.004339303
urn:mavedb:00000928-a-1#1090,NA,NA,p.Gly10Trp,-0.28552337303785,0.0748762996638362,0.07325404,0.009086868
urn:mavedb:00000928-a-1#1091,NA,NA,p.Gly10Tyr,-0.267518603841855,0.0362271335463624,0.07543907,0.004396467
urn:mavedb:00000928-a-1#1092,NA,NA,p.Phe9Gly,-0.181404993956702,0.0318605878796969,0.08588968,0.00386655
urn:mavedb:00000928-a-1#1093,NA,NA,p.Phe9His,0.0179278894750763,0.037510233840342,0.1100804,0.004552182
urn:mavedb:00000928-a-1#1094,NA,NA,p.Phe9Ile,-0.010534087376448,0.0318148226096024,0.1066263,0.003860996
urn:mavedb:00000928-a-1#1095,NA,NA,p.Phe9Lys,0.0930384704063462,0.0639545341405742,0.1191957,0.00776142
urn:mavedb:00000928-a-1#1096,NA,NA,p.Phe9Leu,-0.106209128447564,0.0331662329664347,0.09501533,0.004025001
urn:mavedb:00000928-a-1#1097,NA,NA,p.Phe9Met,0.0659764790407876,0.0639316103052478,0.1159115,0.007758638
urn:mavedb:00000928-a-1#1098,NA,NA,p.Phe9Asn,0.020073600013896,0.0309321231086425,0.1103408,0.003753873
urn:mavedb:00000928-a-1#1099,NA,NA,p.Phe9Pro,0.0069521351059988,0.0415529123525614,0.1087484,0.005042795
urn:mavedb:00000928-a-1#1100,NA,NA,p.Phe9Gln,0.0835137898693968,0.0726033626629606,0.1180398,0.008811028
urn:mavedb:00000928-a-1#1101,NA,NA,p.Phe9Arg,0.0483551196426854,0.0336918414078313,0.113773,0.004088788
urn:mavedb:00000928-a-1#1102,NA,NA,p.Phe9Ser,0.0244630777559437,0.0277504480303757,0.1108735,0.00336775
urn:mavedb:00000928-a-1#1103,NA,NA,p.Phe9Thr,0.104161721774828,0.0330561540605664,0.1205456,0.004011642
urn:mavedb:00000928-a-1#1104,NA,NA,p.Phe9Val,-0.0047932404778471,0.0312759229581477,0.107323,0.003795596
urn:mavedb:00000928-a-1#1105,NA,NA,p.Phe9Trp,-0.174351011760611,0.0617284253769955,0.08674574,0.007491263
urn:mavedb:00000928-a-1#1106,NA,NA,p.Phe9Tyr,0.0322342744117072,0.0313754793127177,0.1118166,0.003807678
urn:mavedb:00000928-a-1#1107,NA,NA,p.Leu8Met,-0.162339235171696,0.0770761720896438,0.08820347,0.009353841
urn:mavedb:00000928-a-1#1108,NA,NA,p.Leu8Asn,-0.518299429472542,0.042128645053588,0.04500471,0.005112665
urn:mavedb:00000928-a-1#1109,NA,NA,p.Leu8Pro,-1.04482935631296,0.174573163665859,-0.01889412,0.02118592
urn:mavedb:00000928-a-1#1110,NA,NA,p.Leu8Gln,-0.436363033491188,0.109022530710503,0.05494838,0.0132308
urn:mavedb:00000928-a-1#1111,NA,NA,p.Leu8Arg,-0.0940263707001216,0.0403803441675208,0.09649381,0.004900494
urn:mavedb:00000928-a-1#1112,NA,NA,p.Leu8Ser,-0.417195015613299,0.0342315403447018,0.05727458,0.004154285
urn:mavedb:00000928-a-1#1113,NA,NA,p.Leu8Thr,-0.212466461221749,0.0425831006128698,0.08212011,0.005167817
urn:mavedb:00000928-a-1#1114,NA,NA,p.Leu8Val,-0.31616476225655,0.0477482395306115,0.06953545,0.00579465
urn:mavedb:00000928-a-1#1115,NA,NA,p.Leu8Trp,-0.957317581994179,0.240945906991639,-0.008273831,0.02924081
urn:mavedb:00000928-a-1#1116,NA,NA,p.Leu8Tyr,-0.92851496947459,0.0819859599171878,-0.004778392,0.009949685
urn:mavedb:00000928-a-1#1117,NA,NA,p.Val7Trp,-1.04676379182023,0.432524897884902,-0.01912888,0.05249053
urn:mavedb:00000928-a-1#1118,NA,NA,p.Val7Tyr,-1.03608978829574,0.109389542797289,-0.0178335,0.01327534
urn:mavedb:00000928-a-1#1119,NA,NA,p.Arg6Ser,-0.652346432942867,0.0411067627695589,0.02873698,0.004988651
urn:mavedb:00000928-a-1#1120,NA,NA,p.Arg6Thr,-0.393935810014504,0.0491989260801154,0.06009728,0.005970703
urn:mavedb:00000928-a-1#1121,NA,NA,p.Arg6Val,-0.213997051592662,0.0414457009861229,0.08193436,0.005029784
urn:mavedb:00000928-a-1#1122,NA,NA,p.Arg6Trp,-0.984161286040675,0.370861428868035,-0.01153154,0.04500715
urn:mavedb:00000928-a-1#1123,NA,NA,p.Arg6Tyr,-0.302707267871797,0.0421767669796506,0.07116863,0.005118505
urn:mavedb:00000928-a-1#1124,NA,NA,p.His5Ile,-0.87148026942115,0.067036702304606,0.002143248,0.008135467
urn:mavedb:00000928-a-1#1125,NA,NA,p.His5Lys,-0.899405711517244,0.172845059156638,-0.001245739,0.0209762
urn:mavedb:00000928-a-1#1126,NA,NA,p.His5Leu,-0.7678369954792,0.0701246632278881,0.01472123,0.008510217
urn:mavedb:00000928-a-1#1127,NA,NA,p.His5Met,-0.481856958547105,0.126725054658556,0.04942731,0.01537915
urn:mavedb:00000928-a-1#1128,NA,NA,p.His5Asn,-0.459266186277454,0.0425746792758089,0.05216889,0.005166795
urn:mavedb:00000928-a-1#1129,NA,NA,p.His5Pro,-0.919681011617811,0.173897891090375,-0.003706317,0.02110397
urn:mavedb:00000928-a-1#1130,NA,NA,p.His5Gln,-0.54574499543711,0.167267282962965,0.04167396,0.02029929
urn:mavedb:00000928-a-1#1131,NA,NA,p.His5Arg,-0.776272011032841,0.0820052251677245,0.01369757,0.009952023
urn:mavedb:00000928-a-1#1132,NA,NA,p.His5Ser,-0.585370023126788,0.0462369638505702,0.03686513,0.005611244
urn:mavedb:00000928-a-1#1133,NA,NA,p.His5Thr,-0.691707449243666,0.0792556586173214,0.02396019,0.00961834
urn:mavedb:00000928-a-1#1134,NA,NA,p.His5Val,-0.711734657743225,0.0527052923184115,0.02152972,0.00639623
urn:mavedb:00000928-a-1#1135,NA,NA,p.His5Trp,-0.786753609253635,0.138006844701258,0.01242554,0.01674829
urn:mavedb:00000928-a-1#1136,NA,NA,p.His5Tyr,-0.253663361962062,0.040203924572144,0.07712052,0.004879084
urn:mavedb:00000928-a-1#1137,NA,NA,p.Ala4Cys,-0.475751159575677,0.0578274675850418,0.0501683,0.007017849
urn:mavedb:00000928-a-1#1138,NA,NA,p.Ala4Asp,-0.703081115908902,0.074341412919572,0.0225799,0.009021955
urn:mavedb:00000928-a-1#1139,NA,NA,p.Ala4Glu,-0.429684550639391,0.115780200498851,0.05575887,0.0140509
urn:mavedb:00000928-a-1#1140,NA,NA,p.Ala4Phe,-0.170918286901292,0.0351559098080074,0.08716233,0.004266465
urn:mavedb:00000928-a-1#1141,NA,NA,p.Ala4Gly,-0.506720091013724,0.0627515601495112,0.04640996,0.007615429
urn:mavedb:00000928-a-1#1142,NA,NA,p.Ala4His,-0.486726831544196,0.0773339292761446,0.04883631,0.009385122
urn:mavedb:00000928-a-1#1143,NA,NA,p.Ala4Ile,-0.397762327142066,0.0479113102355394,0.0596329,0.00581444
urn:mavedb:00000928-a-1#1144,NA,NA,p.Ala4Lys,-0.127892505768925,0.0987688524340396,0.09238387,0.01198643
urn:mavedb:00000928-a-1#1145,NA,NA,p.Ala4Leu,-0.218702205873659,0.0418573659354658,0.08136335,0.005079743
urn:mavedb:00000928-a-1#1146,NA,NA,p.Ala4Met,-0.129365250947893,0.0672489991030782,0.09220514,0.008161231
urn:mavedb:00000928-a-1#1147,NA,NA,p.Ala4Asn,-0.6023803823849,0.0600636127366246,0.03480078,0.007289224
urn:mavedb:00000928-a-1#1148,NA,NA,p.Ala4Pro,0.0208259171114161,0.062666094290415,0.1104321,0.007605057
urn:mavedb:00000928-a-1#1149,NA,NA,p.Ala4Gln,-0.13587827347857,0.112506673518218,0.09141473,0.01365363
urn:mavedb:00000928-a-1#1150,NA,NA,p.Ala4Arg,-0.190500202783654,0.050178437997053,0.0847859,0.006089575
urn:mavedb:00000928-a-1#1151,NA,NA,p.Ala4Ser,-0.351906004430629,0.0403776661493752,0.06519795,0.004900169
urn:mavedb:00000928-a-1#1152,NA,NA,p.Ala4Thr,-0.368003200701367,0.0633574926551644,0.06324442,0.007688964
urn:mavedb:00000928-a-1#1153,NA,NA,p.Ala4Val,-0.420825172210369,0.048867832396704,0.05683403,0.005930522
urn:mavedb:00000928-a-1#1154,NA,NA,p.Ala4Trp,-0.206105055718392,0.141960670691434,0.08289212,0.01722812
urn:mavedb:00000928-a-1#1155,NA,NA,p.Ala4Tyr,-0.0624225429601698,0.0414569404222786,0.1003292,0.005031148
urn:mavedb:00000928-a-1#1156,NA,NA,p.Glu3Phe,-0.24917706356398,0.0464803586197547,0.07766497,0.005640782
urn:mavedb:00000928-a-1#1157,NA,NA,p.Glu3Gly,-0.147442038231865,0.0305015884314428,0.09001137,0.003701624
urn:mavedb:00000928-a-1#1158,NA,NA,p.Glu3His,-0.285481595954779,0.047809957548798,0.07325911,0.00580214
urn:mavedb:00000928-a-1#1159,NA,NA,p.Glu3Ile,0.0354157599686897,0.0368004601510859,0.1122027,0.004466045
urn:mavedb:00000928-a-1#1160,NA,NA,p.Glu3Lys,0.0160384446726518,0.0631689354575461,0.1098511,0.007666081
urn:mavedb:00000928-a-1#1161,NA,NA,p.Glu3Leu,-0.189043196111326,0.0390556151114746,0.08496272,0.004739727
urn:mavedb:00000928-a-1#1162,NA,NA,p.Glu3Met,-0.125357864594805,0.0609846779375414,0.09269147,0.007401003
urn:mavedb:00000928-a-1#1163,NA,NA,p.Glu3Asn,-0.230653335651646,0.0375822931285985,0.07991298,0.004560927
urn:mavedb:00000928-a-1#1164,NA,NA,p.Glu3Pro,-0.346446308237038,0.0671209733556064,0.06586053,0.008145694
urn:mavedb:00000928-a-1#1165,NA,NA,p.Glu3Gln,0.115148188216488,0.109772787794065,0.1218789,0.01332185
urn:mavedb:00000928-a-1#1166,NA,NA,p.Glu3Arg,-0.156456659312774,0.0355250890294772,0.08891737,0.004311268
urn:mavedb:00000928-a-1#1167,NA,NA,p.Glu3Ser,-0.0844613962901506,0.0293349448465459,0.0976546,0.003560042
urn:mavedb:00000928-a-1#1168,NA,NA,p.Glu3Thr,-0.0889415146463573,0.0469959059529797,0.0971109,0.005703348
urn:mavedb:00000928-a-1#1169,NA,NA,p.Glu3Val,-0.0198132142495846,0.0335438005647421,0.1055002,0.004070822
urn:mavedb:00000928-a-1#1170,NA,NA,p.Glu3Trp,-0.246640197574785,0.0660831712837086,0.07797284,0.008019748
urn:mavedb:00000928-a-1#1171,NA,NA,p.Glu3Tyr,-0.306553561133357,0.0376648255278182,0.07070185,0.004570943
urn:mavedb:00000928-a-1#1172,NA,NA,p.Gly2His,-0.471008925043434,0.067210946525243,0.05074381,0.008156613
urn:mavedb:00000928-a-1#1173,NA,NA,p.Gly2Ile,-0.679637745062248,0.0630056834713898,0.02542495,0.007646269
urn:mavedb:00000928-a-1#1174,NA,NA,p.Gly2Lys,-0.670157560826794,0.170760984235447,0.02657545,0.02072328
urn:mavedb:00000928-a-1#1175,NA,NA,p.Gly2Leu,-0.517311693979884,0.0496789258124784,0.04512458,0.006028955
urn:mavedb:00000928-a-1#1176,NA,NA,p.Gly2Met,-0.137242002718872,0.0919263100706147,0.09124923,0.01115603
urn:mavedb:00000928-a-1#1177,NA,NA,p.Gly2Asn,-0.598900277204542,0.0696384916937065,0.03522312,0.008451216
urn:mavedb:00000928-a-1#1178,NA,NA,p.Gly2Pro,-0.359330459536955,0.0525272329519239,0.06429693,0.006374621
urn:mavedb:00000928-a-1#1179,NA,NA,p.Gly2Gln,-0.55691513272328,0.11512742327579,0.04031837,0.01397168
urn:mavedb:00000928-a-1#1180,NA,NA,p.Gly2Arg,-0.539891506975277,0.0478054584783133,0.04238433,0.005801594
urn:mavedb:00000928-a-1#1181,NA,NA,p.Gly2Ser,-0.437815178530574,0.0371410216586489,0.05477215,0.004507375
urn:mavedb:00000928-a-1#1182,NA,NA,p.Gly2Thr,-0.582751250982616,0.0730811293401929,0.03718294,0.008869009
urn:mavedb:00000928-a-1#1183,NA,NA,p.Gly2Val,-0.648154551739686,0.0470659711477247,0.0292457,0.005711851
urn:mavedb:00000928-a-1#1184,NA,NA,p.Gly2Trp,-0.404570178870435,0.0820415061335556,0.05880671,0.009956426
urn:mavedb:00000928-a-1#1185,NA,NA,p.Gly2Tyr,-0.388713015426101,0.0491566051533589,0.06073111,0.005965567
urn:mavedb:00000928-a-1#1186,NA,NA,p.Glu1Phe,-0.236137834413293,0.0734148516014149,0.07924739,0.008909509
urn:mavedb:00000928-a-1#1187,NA,NA,p.Glu1Gly,-0.201153111765209,0.0367480698761019,0.08349308,0.004459687
urn:mavedb:00000928-a-1#1188,NA,NA,p.Glu1His,-0.349966212887067,0.0650224948168195,0.06543336,0.007891026
urn:mavedb:00000928-a-1#1189,NA,NA,p.Glu1Ile,-0.0798921205298347,0.0534349245422243,0.09820912,0.006484777
urn:mavedb:00000928-a-1#1190,NA,NA,p.Glu1Lys,-0.144147663909975,0.110868468018131,0.09041117,0.01345482
urn:mavedb:00000928-a-1#1191,NA,NA,p.Glu1Leu,-0.176003390156731,0.0654788620690544,0.08654521,0.00794641
urn:mavedb:00000928-a-1#1192,NA,NA,p.Glu1Met,-0.107038902069911,0.12103373049551,0.09491463,0.01468846
urn:mavedb:00000928-a-1#1193,NA,NA,p.Glu1Asn,-0.172356588646879,0.0557540058557627,0.08698778,0.006766217
urn:mavedb:00000928-a-1#1194,NA,NA,p.Glu1Pro,-0.551301512286735,0.550780987959787,0.04099963,0.0668419
urn:mavedb:00000928-a-1#1195,NA,NA,p.Glu1Gln,-0.336063013882327,0.207603180269325,0.06712063,0.02519439
urn:mavedb:00000928-a-1#1196,NA,NA,p.Glu1Arg,-0.1187713407661,0.0743030142593919,0.0934908,0.009017295
urn:mavedb:00000928-a-1#1197,NA,NA,p.Glu1Ser,-0.189008835078504,0.0498874816256025,0.08496689,0.006054265
urn:mavedb:00000928-a-1#1198,NA,NA,p.Glu1Thr,-0.214002407628954,0.0632906246020826,0.08193371,0.007680849
urn:mavedb:00000928-a-1#1199,NA,NA,p.Glu1Val,-0.130912898234379,0.0350243985169185,0.09201732,0.004250505
urn:mavedb:00000928-a-1#1200,NA,NA,p.Glu1Trp,-0.368280890582927,0.150198254507325,0.06321072,0.01822782
urn:mavedb:00000928-a-1#1201,NA,NA,p.Glu1Tyr,-0.535025589204986,0.0796721439993264,0.04297485,0.009668884
