accession,hgvs_nt,hgvs_splice,hgvs_pro,score,sigma,raw_score,raw_sigma
urn:mavedb:00001105-a-1#1,NA,NA,p.Asn1Ter,-0.979882665229568,0.384599338287816,-0.008954471,0.03485509
urn:mavedb:00001105-a-1#2,NA,NA,p.Asn1Ala,-0.718773535683593,0.184383100337135,0.01470907,0.01671009
urn:mavedb:00001105-a-1#3,NA,NA,p.Asn1Cys,-0.136301190103194,0.14651712847433,0.0674968,0.01327841
urn:mavedb:00001105-a-1#4,NA,NA,p.Asn1Asp,-0.282052652843084,0.161275752048106,0.05428778,0.01461594
urn:mavedb:00001105-a-1#5,NA,NA,p.Asn1Glu,-0.66945501846221,0.225928217982243,0.01917866,0.0204752
urn:mavedb:00001105-a-1#6,NA,NA,p.Asn1Phe,-0.341224302709297,0.228665922628038,0.04892523,0.02072331
urn:mavedb:00001105-a-1#7,NA,NA,p.Asn1Gly,-0.5424981723165,0.105129513534127,0.03068438,0.009527574
urn:mavedb:00001105-a-1#8,NA,NA,p.Asn1His,-0.469626633956773,0.370945352221962,0.03728851,0.03361767
urn:mavedb:00001105-a-1#9,NA,NA,p.Asn1Ile,0.171456160174756,0.151018214601904,0.09538793,0.01368633
urn:mavedb:00001105-a-1#10,NA,NA,p.Asn1Lys,-0.298433309317316,0.189237392404461,0.05280325,0.01715002
urn:mavedb:00001105-a-1#11,NA,NA,p.Asn1Leu,-0.419403529951858,0.132339457500614,0.04184008,0.01199353
urn:mavedb:00001105-a-1#12,NA,NA,p.Asn1Met,-0.280461405465026,0.142088537286592,0.05443199,0.01287706
urn:mavedb:00001105-a-1#13,NA,NA,p.Thr2Ter,-0.728038322789292,0.186200659924637,0.01386943,0.01687481
urn:mavedb:00001105-a-1#14,NA,NA,p.Thr2Ala,-0.876058441293691,0.10546301232585,0.0004548085,0.009557798
urn:mavedb:00001105-a-1#15,NA,NA,p.Thr2Cys,-0.142259126597075,0.0892036441893182,0.06695685,0.00808426
urn:mavedb:00001105-a-1#16,NA,NA,p.Thr2Asp,-0.373295644792008,0.129789114206178,0.0460187,0.0117624
urn:mavedb:00001105-a-1#17,NA,NA,p.Thr2Glu,-0.548338152812382,0.132738234840903,0.03015512,0.01202967
urn:mavedb:00001105-a-1#18,NA,NA,p.Thr2Phe,0.365517169466522,0.0976318264482175,0.1129751,0.008848081
urn:mavedb:00001105-a-1#19,NA,NA,p.Thr2Gly,-0.842033117829159,0.0871580841540461,0.003538422,0.007898877
urn:mavedb:00001105-a-1#20,NA,NA,p.Thr2His,-0.35164735371677,0.133680338031656,0.04798062,0.01211505
urn:mavedb:00001105-a-1#21,NA,NA,p.Thr2Ile,0.586553910001339,0.0912344955861119,0.133007,0.00826831
urn:mavedb:00001105-a-1#22,NA,NA,p.Thr2Lys,-0.013272973847809,0.122454987621517,0.07864648,0.01109773
urn:mavedb:00001105-a-1#23,NA,NA,p.Thr2Leu,0.16614052664098,0.0599061107772335,0.09490619,0.005429112
urn:mavedb:00001105-a-1#24,NA,NA,p.Thr2Met,0.174785630973281,0.0791974997742119,0.09568967,0.007177433
urn:mavedb:00001105-a-1#25,NA,NA,p.Thr2Asn,-0.169306249356221,0.162096919996758,0.06450565,0.01469036
urn:mavedb:00001105-a-1#26,NA,NA,p.Thr2Pro,-0.810910664993214,0.149452456312282,0.006358957,0.01354443
urn:mavedb:00001105-a-1#27,NA,NA,p.Thr2Gln,-0.237855014865049,0.128365145867377,0.05829328,0.01163335
urn:mavedb:00001105-a-1#28,NA,NA,p.Thr2Arg,-0.55835381977438,0.0823214027296386,0.02924743,0.007460543
urn:mavedb:00001105-a-1#29,NA,NA,p.Thr2Ser,-0.542112636061113,0.114725393967792,0.03071932,0.01039722
urn:mavedb:00001105-a-1#30,NA,NA,p.Lys3Ter,-0.908169258360766,0.24397714081171,-0.002455299,0.02211092
urn:mavedb:00001105-a-1#31,NA,NA,p.Lys3Ala,-1.33239520246805,0.195507597817273,-0.04090163,0.01771827
urn:mavedb:00001105-a-1#32,NA,NA,p.Lys3Cys,-0.75758657614399,0.20808398025688,0.01119156,0.01885803
urn:mavedb:00001105-a-1#33,NA,NA,p.Lys3Asp,-0.584576353971274,0.210933903097217,0.02687096,0.01911631
urn:mavedb:00001105-a-1#34,NA,NA,p.Lys3Glu,-0.842860200129067,0.206547793723538,0.003463466,0.01871881
urn:mavedb:00001105-a-1#35,NA,NA,p.Lys3Phe,-0.333467785516272,0.207998685601639,0.04962818,0.0188503
urn:mavedb:00001105-a-1#36,NA,NA,p.Lys3Gly,-0.763323717547135,0.0892518969095473,0.01067162,0.008088633
urn:mavedb:00001105-a-1#37,NA,NA,p.Lys3His,-0.891188039239734,0.211552041077376,-0.0009163418,0.01917233
urn:mavedb:00001105-a-1#38,NA,NA,p.Lys3Ile,-0.906368018410404,0.24804601585962,-0.002292058,0.02247967
urn:mavedb:00001105-a-1#39,NA,NA,p.Met4Ter,-0.799245125749756,0.149982430735471,0.00741617,0.01359246
urn:mavedb:00001105-a-1#40,NA,NA,p.Met4Ala,-0.459836286122852,0.0908184717327388,0.03817578,0.008230607
urn:mavedb:00001105-a-1#41,NA,NA,p.Met4Cys,-0.147349441002774,0.0733914605926279,0.06649553,0.006651249
urn:mavedb:00001105-a-1#42,NA,NA,p.Met4Asp,-0.474560262191136,0.165654799509837,0.03684139,0.0150128
urn:mavedb:00001105-a-1#43,NA,NA,p.Met4Glu,-0.0592754820403167,0.0887019725851061,0.07447741,0.008038795
urn:mavedb:00001105-a-1#44,NA,NA,p.Met4Phe,-0.17994799894932,0.122927694352506,0.06354122,0.01114057
urn:mavedb:00001105-a-1#45,NA,NA,p.Met4Gly,-0.917875172209964,0.136627803530768,-0.003334917,0.01238217
urn:mavedb:00001105-a-1#46,NA,NA,p.Met4His,-0.397759431886839,0.101359114608376,0.04380162,0.009185874
urn:mavedb:00001105-a-1#47,NA,NA,p.Met4Ile,0.439072499519045,0.0686412765553406,0.1196412,0.006220754
urn:mavedb:00001105-a-1#48,NA,NA,p.Met4Lys,-0.27043338015712,0.14246171519607,0.0553408,0.01291088
urn:mavedb:00001105-a-1#49,NA,NA,p.Met4Leu,0.165141486785149,0.0388823685740946,0.09481565,0.003523793
urn:mavedb:00001105-a-1#50,NA,NA,p.Val5Ter,-0.692209271153861,0.149837882225295,0.01711651,0.01357936
urn:mavedb:00001105-a-1#51,NA,NA,p.Val5Ala,-0.735634071143135,0.133281671033742,0.01318105,0.01207892
urn:mavedb:00001105-a-1#52,NA,NA,p.Val5Cys,-0.527222484377313,0.129972944601563,0.03206877,0.01177906
urn:mavedb:00001105-a-1#53,NA,NA,p.Val5Asp,-0.640206565338161,0.204035849575317,0.02182936,0.01849116
urn:mavedb:00001105-a-1#54,NA,NA,p.Val5Glu,-0.901576941489246,0.223039233941447,-0.001857857,0.02021338
urn:mavedb:00001105-a-1#55,NA,NA,p.Val5Phe,-0.292126801263398,0.134588897140659,0.05337479,0.01219739
urn:mavedb:00001105-a-1#56,NA,NA,p.Val5Gly,-0.806639322722921,0.137136923245238,0.006746056,0.01242831
urn:mavedb:00001105-a-1#57,NA,NA,p.Val5His,-0.676258729254185,0.14521089544878,0.01856206,0.01316003
urn:mavedb:00001105-a-1#58,NA,NA,p.Val5Ile,0.105809619791626,0.0760083624071696,0.08943858,0.006888411
urn:mavedb:00001105-a-1#59,NA,NA,p.Val5Lys,-0.527256249143812,0.1734970527276,0.03206571,0.01572352
urn:mavedb:00001105-a-1#60,NA,NA,p.Val5Leu,-0.610494012188308,0.100723001855462,0.02452212,0.009128225
urn:mavedb:00001105-a-1#61,NA,NA,p.Val5Met,-0.852904534039878,0.185282501029081,0.002553178,0.0167916
urn:mavedb:00001105-a-1#62,NA,NA,p.Val5Asn,-0.710644171608212,0.198022631551972,0.01544581,0.0179462
urn:mavedb:00001105-a-1#63,NA,NA,p.Val5Pro,-0.733946274187669,0.124422281810782,0.01333401,0.01127602
urn:mavedb:00001105-a-1#64,NA,NA,p.Val5Gln,-0.923003819556453,0.198702781946421,-0.003799711,0.01800784
urn:mavedb:00001105-a-1#65,NA,NA,p.Val5Arg,-0.79012460026406,0.112602627373306,0.008242736,0.01020484
urn:mavedb:00001105-a-1#66,NA,NA,p.Val5Ser,-0.834449010595792,0.1232281566374,0.004225747,0.0111678
urn:mavedb:00001105-a-1#67,NA,NA,p.Val5Thr,-0.914168838066663,0.171742167608632,-0.002999023,0.01556448
urn:mavedb:00001105-a-1#68,NA,NA,p.Arg6Ter,-0.67924084225879,0.14304344019275,0.0182918,0.0129636
urn:mavedb:00001105-a-1#69,NA,NA,p.Arg6Ala,-0.617615067648427,0.10153226386194,0.02387676,0.009201566
urn:mavedb:00001105-a-1#70,NA,NA,p.Arg6Cys,-0.0860183908738471,0.108118015362196,0.07205378,0.009798413
urn:mavedb:00001105-a-1#71,NA,NA,p.Arg6Asp,-0.744715469222946,0.203996015978238,0.01235803,0.01848755
urn:mavedb:00001105-a-1#72,NA,NA,p.Arg6Glu,-0.435633679427707,0.124143556973602,0.04036919,0.01125076
urn:mavedb:00001105-a-1#73,NA,NA,p.Arg6Phe,-0.608852117660501,0.200135908702278,0.02467092,0.01813772
urn:mavedb:00001105-a-1#74,NA,NA,p.Arg6Gly,-0.964095860378939,0.170860752723677,-0.00752376,0.0154846
urn:mavedb:00001105-a-1#75,NA,NA,p.Arg6His,-0.390514130913393,0.114472599588544,0.04445824,0.01037431
urn:mavedb:00001105-a-1#76,NA,NA,p.Arg6Ile,-0.365450853699639,0.130565483150913,0.04672965,0.01183276
urn:mavedb:00001105-a-1#77,NA,NA,p.Arg6Lys,0.0326849560255295,0.074063004281891,0.08281151,0.006712109
urn:mavedb:00001105-a-1#78,NA,NA,p.Arg6Leu,-0.686491660350945,0.107850093043448,0.01763468,0.009774132
urn:mavedb:00001105-a-1#79,NA,NA,p.Arg6Met,-0.257781082164077,0.0967637519563013,0.05648744,0.00876941
urn:mavedb:00001105-a-1#80,NA,NA,p.Arg6Asn,-0.467405000595021,0.150672291258848,0.03748985,0.01365498
urn:mavedb:00001105-a-1#81,NA,NA,p.Arg6Pro,-1.05880911999584,0.155360187025911,-0.01610734,0.01407983
urn:mavedb:00001105-a-1#82,NA,NA,p.Arg6Gln,-0.155860369008071,0.0887901140736016,0.06572421,0.008046783
urn:mavedb:00001105-a-1#83,NA,NA,p.Phe7Ter,-0.816710988439816,0.207330562525975,0.005833291,0.01878975
urn:mavedb:00001105-a-1#84,NA,NA,p.Phe7Ala,-0.890114778689334,0.152843939525096,-0.0008190754,0.01385179
urn:mavedb:00001105-a-1#85,NA,NA,p.Phe7Cys,-1.06715784471109,0.209560030196294,-0.01686396,0.0189918
urn:mavedb:00001105-a-1#86,NA,NA,p.Phe7Asp,-0.47396308926207,0.185316486480328,0.03689551,0.01679468
urn:mavedb:00001105-a-1#87,NA,NA,p.Phe7Glu,-1.02799181899569,0.464268408266564,-0.01331446,0.04207526
urn:mavedb:00001105-a-1#88,NA,NA,p.Lys8Ter,-1.13680230999553,0.298673855693029,-0.02317563,0.02706792
urn:mavedb:00001105-a-1#89,NA,NA,p.Lys8Ala,-0.446050551262226,0.0843714426653024,0.03942514,0.007646332
urn:mavedb:00001105-a-1#90,NA,NA,p.Lys8Cys,-0.230638071881767,0.165300600488717,0.05894733,0.0149807
urn:mavedb:00001105-a-1#91,NA,NA,p.Lys8Asp,-0.675951646426841,0.191172907989963,0.01858989,0.01732543
urn:mavedb:00001105-a-1#92,NA,NA,p.Lys8Glu,-0.423471742945522,0.225378271589327,0.04147139,0.02042536
urn:mavedb:00001105-a-1#93,NA,NA,p.Lys8Phe,-0.168937595484084,0.11416419265271,0.06453906,0.01034636
urn:mavedb:00001105-a-1#94,NA,NA,p.Lys8Gly,-0.592434165463797,0.171087837329741,0.02615883,0.01550518
urn:mavedb:00001105-a-1#95,NA,NA,p.Lys8His,-0.566798211328046,0.130637095351756,0.02848214,0.01183925
urn:mavedb:00001105-a-1#96,NA,NA,p.Lys8Ile,0.180425119375277,0.0794453508150964,0.09620076,0.007199895
urn:mavedb:00001105-a-1#97,NA,NA,p.Lys9Ter,-0.700365227741419,0.143373805261047,0.01637736,0.01299354
urn:mavedb:00001105-a-1#98,NA,NA,p.Lys9Ala,-0.895411649605805,0.128742185759952,-0.001299115,0.01166752
urn:mavedb:00001105-a-1#99,NA,NA,p.Lys9Cys,-0.65806812681627,0.148112789547355,0.02021062,0.01342302
urn:mavedb:00001105-a-1#100,NA,NA,p.Lys9Asp,-0.724514208042712,0.157121803029704,0.01418881,0.01423948
urn:mavedb:00001105-a-1#101,NA,NA,p.Lys9Glu,-0.467815363884599,0.149638052185653,0.03745266,0.01356125
urn:mavedb:00001105-a-1#102,NA,NA,p.Lys9Phe,-0.667718008807859,0.138284042567219,0.01933608,0.01253227
urn:mavedb:00001105-a-1#103,NA,NA,p.Lys9Gly,-0.572937661027454,0.108476672215233,0.02792574,0.009830917
urn:mavedb:00001105-a-1#104,NA,NA,p.Lys9His,-0.892426612528284,0.136914914388386,-0.00102859,0.01240819
urn:mavedb:00001105-a-1#105,NA,NA,p.Lys9Ile,-0.75414588023229,0.133509197009302,0.01150338,0.01209954
urn:mavedb:00001105-a-1#106,NA,NA,p.Gly10Ter,-0.702464491410205,0.225198413519412,0.01618711,0.02040906
urn:mavedb:00001105-a-1#107,NA,NA,p.Gly10Ala,-0.45059809152933,0.113058231036298,0.03901301,0.01024613
urn:mavedb:00001105-a-1#108,NA,NA,p.Gly10Cys,-0.218649262584672,0.132966091843585,0.06003384,0.01205032
urn:mavedb:00001105-a-1#109,NA,NA,p.Gly10Asp,-0.250050274744236,0.106016313126941,0.05718806,0.009607942
urn:mavedb:00001105-a-1#110,NA,NA,p.Gly10Glu,-0.386439076692529,0.184897075116068,0.04482755,0.01675667
urn:mavedb:00001105-a-1#111,NA,NA,p.Gly10Phe,-0.761938038012175,0.195694186772013,0.0107972,0.01773518
urn:mavedb:00001105-a-1#112,NA,NA,p.Asp11Ter,-0.774454361097516,0.145850329507156,0.009662883,0.01321798
urn:mavedb:00001105-a-1#113,NA,NA,p.Asp11Ala,-0.542012776212479,0.0909351587934348,0.03072837,0.008241182
urn:mavedb:00001105-a-1#114,NA,NA,p.Asp11Cys,-0.545443982679999,0.144494883782722,0.03041741,0.01309514
urn:mavedb:00001105-a-1#115,NA,NA,p.Ser12Ter,-0.891560355375271,0.200088130454258,-0.0009500837,0.01813339
urn:mavedb:00001105-a-1#116,NA,NA,p.Ser12Ala,-0.438768175251055,0.102384327675363,0.04008512,0.009278786
urn:mavedb:00001105-a-1#117,NA,NA,p.Ser12Cys,-0.311274513454956,0.123042229736906,0.05163949,0.01115095
urn:mavedb:00001105-a-1#118,NA,NA,p.Ser12Asp,0.122478269862469,0.0960248332133636,0.09094921,0.008702444
urn:mavedb:00001105-a-1#119,NA,NA,p.Ser12Glu,0.0641301051347658,0.0811590561600203,0.08566129,0.007355203
urn:mavedb:00001105-a-1#120,NA,NA,p.Ser12Phe,-0.220906867560407,0.16433675985025,0.05982924,0.01489335
urn:mavedb:00001105-a-1#121,NA,NA,p.Ser12Gly,-0.17012785867437,0.0717595079127344,0.06443119,0.00650335
urn:mavedb:00001105-a-1#122,NA,NA,p.Ser12His,0.0642800604212772,0.115672572907758,0.08567488,0.01048306
urn:mavedb:00001105-a-1#123,NA,NA,p.Ser12Ile,-0.408849723230981,0.177678697681922,0.04279654,0.01610249
urn:mavedb:00001105-a-1#124,NA,NA,p.Ser12Lys,-0.0755463478522381,0.121764796071017,0.07300283,0.01103518
urn:mavedb:00001105-a-1#125,NA,NA,p.Ser12Leu,-0.467771337277301,0.0933235084483363,0.03745665,0.008457631
urn:mavedb:00001105-a-1#126,NA,NA,p.Ser12Met,-0.41131830282615,0.153489001044556,0.04257282,0.01391025
urn:mavedb:00001105-a-1#127,NA,NA,p.Ser12Asn,-0.0353485105958747,0.150468378551362,0.07664584,0.0136365
urn:mavedb:00001105-a-1#128,NA,NA,p.Ser12Pro,-0.682174294276381,0.132129365620174,0.01802595,0.01197449
urn:mavedb:00001105-a-1#129,NA,NA,p.Ser12Gln,-0.240425661156334,0.111119074152448,0.05806031,0.01007039
urn:mavedb:00001105-a-1#130,NA,NA,p.Ser12Arg,-0.254805700044297,0.0766824770737511,0.05675709,0.006949504
urn:mavedb:00001105-a-1#131,NA,NA,p.Val13Ter,-0.736943393755162,0.214943193263068,0.01306239,0.01947966
urn:mavedb:00001105-a-1#132,NA,NA,p.Val13Ala,-0.531503878837894,0.0859067795623634,0.03168076,0.007785475
urn:mavedb:00001105-a-1#133,NA,NA,p.Val13Cys,-0.0600295618254668,0.101634264352633,0.07440907,0.00921081
urn:mavedb:00001105-a-1#134,NA,NA,p.Val13Asp,-0.284748648071439,0.130085273138479,0.05404345,0.01178924
urn:mavedb:00001105-a-1#135,NA,NA,p.Val13Glu,-0.44247479628453,0.188723858995025,0.0397492,0.01710348
urn:mavedb:00001105-a-1#136,NA,NA,p.Val13Phe,-0.330131914860045,0.143398632295238,0.0499305,0.01299579
urn:mavedb:00001105-a-1#137,NA,NA,p.Val13Gly,-0.674806292582846,0.10426392174563,0.01869369,0.009449128
urn:mavedb:00001105-a-1#138,NA,NA,p.Val13His,-0.616911083301155,0.154561418579217,0.02394056,0.01400744
urn:mavedb:00001105-a-1#139,NA,NA,p.Val13Ile,0.184388176086347,0.0873256721519516,0.09655992,0.007914065
urn:mavedb:00001105-a-1#140,NA,NA,p.Val13Lys,-0.623764779188634,0.216800034735779,0.02331943,0.01964794
urn:mavedb:00001105-a-1#141,NA,NA,p.Val13Leu,0.250064839937628,0.0505883814004025,0.102512,0.004584674
urn:mavedb:00001105-a-1#142,NA,NA,p.Val13Met,0.0505384625103231,0.0934020611845155,0.08442952,0.00846475
urn:mavedb:00001105-a-1#143,NA,NA,p.Val13Asn,-0.781467347236362,0.203013527478534,0.009027317,0.01839851
urn:mavedb:00001105-a-1#144,NA,NA,p.Val13Pro,-0.599793119082649,0.143813850649279,0.02549191,0.01303342
urn:mavedb:00001105-a-1#145,NA,NA,p.Val13Gln,-0.762199549438983,0.170943068134816,0.0107735,0.01549206
urn:mavedb:00001105-a-1#146,NA,NA,p.Val13Arg,-0.63401293753303,0.114746579703635,0.02239067,0.01039914
urn:mavedb:00001105-a-1#147,NA,NA,p.Val13Ser,-0.41896491901449,0.094760651666614,0.04187983,0.008587875
urn:mavedb:00001105-a-1#148,NA,NA,p.Val13Thr,-0.27952504007773,0.100916663756387,0.05451685,0.009145776
urn:mavedb:00001105-a-1#149,NA,NA,p.Gly14Ter,-0.930625564573654,0.226632091987141,-0.004490447,0.02053899
urn:mavedb:00001105-a-1#150,NA,NA,p.Gly14Ala,-0.790998710483844,0.106964992723196,0.008163518,0.009693918
urn:mavedb:00001105-a-1#151,NA,NA,p.Gly14Cys,-0.6891538908128,0.152852325545534,0.01739341,0.01385255
urn:mavedb:00001105-a-1#152,NA,NA,p.Gly14Asp,-0.375456589847961,0.125105963161205,0.04582286,0.01133798
urn:mavedb:00001105-a-1#153,NA,NA,p.Gly14Glu,-0.406670019971418,0.108151349793436,0.04299408,0.009801434
urn:mavedb:00001105-a-1#154,NA,NA,p.Gly14Phe,-1.14392380682515,0.320206949329623,-0.02382103,0.0290194
urn:mavedb:00001105-a-1#155,NA,NA,p.Leu15Ter,-1.16741536726108,0.287044762535763,-0.02595,0.02601401
urn:mavedb:00001105-a-1#156,NA,NA,p.Leu15Ala,-0.564913563577042,0.105814530027277,0.02865294,0.009589655
urn:mavedb:00001105-a-1#157,NA,NA,p.Leu15Cys,-0.700614822191815,0.162875164761854,0.01635474,0.01476089
urn:mavedb:00001105-a-1#158,NA,NA,p.Leu15Asp,-0.785639613088879,0.247662134739845,0.008649197,0.02244488
urn:mavedb:00001105-a-1#159,NA,NA,p.Leu15Glu,-0.444137655863431,0.125628323960576,0.0395985,0.01138532
urn:mavedb:00001105-a-1#160,NA,NA,p.Leu15Phe,0.496128334360345,0.0677473598793914,0.124812,0.006139741
urn:mavedb:00001105-a-1#161,NA,NA,p.Leu15Gly,-0.812788008079048,0.0971874004677303,0.006188819,0.008807804
urn:mavedb:00001105-a-1#162,NA,NA,p.Leu15His,-0.619963263713364,0.221470937777218,0.02366395,0.02007125
urn:mavedb:00001105-a-1#163,NA,NA,p.Leu15Ile,0.477559919633235,0.0909849232041903,0.1231292,0.008245692
urn:mavedb:00001105-a-1#164,NA,NA,p.Leu15Lys,-0.734619693697293,0.315144551544592,0.01327298,0.02856061
urn:mavedb:00001105-a-1#165,NA,NA,p.Arg16Ter,-0.640198289660098,0.181416435264915,0.02183011,0.01644123
urn:mavedb:00001105-a-1#166,NA,NA,p.Arg16Ala,-0.280441433495299,0.0958875010944584,0.0544338,0.008689998
urn:mavedb:00001105-a-1#167,NA,NA,p.Arg16Cys,-0.232067778024025,0.105113811814281,0.05881776,0.009526151
urn:mavedb:00001105-a-1#168,NA,NA,p.Arg16Asp,0.0589059454291857,0.11268483244207,0.08518784,0.01021229
urn:mavedb:00001105-a-1#169,NA,NA,p.Arg16Glu,0.383480907983122,0.073260417989051,0.1146031,0.006639373
urn:mavedb:00001105-a-1#170,NA,NA,p.Arg16Phe,-0.538292362382232,0.202467994780585,0.03106554,0.01834907
urn:mavedb:00001105-a-1#171,NA,NA,p.Arg16Gly,-0.751659645857254,0.12435122132181,0.0117287,0.01126958
urn:mavedb:00001105-a-1#172,NA,NA,p.Arg16His,-0.222413371995094,0.12911690846267,0.05969271,0.01170148
urn:mavedb:00001105-a-1#173,NA,NA,p.Arg16Ile,0.0547666719465492,0.110546286888076,0.08481271,0.01001848
urn:mavedb:00001105-a-1#174,NA,NA,p.Arg16Lys,-0.0318577192462977,0.109692038295645,0.0769622,0.009941062
urn:mavedb:00001105-a-1#175,NA,NA,p.Arg16Leu,-0.24358807360035,0.0841172910748522,0.05777371,0.007623299
urn:mavedb:00001105-a-1#176,NA,NA,p.Arg16Met,-0.302970367058873,0.133259492216532,0.05239207,0.01207691
urn:mavedb:00001105-a-1#177,NA,NA,p.Arg16Asn,-0.114709173638788,0.133854127270991,0.06945362,0.0121308
urn:mavedb:00001105-a-1#178,NA,NA,p.Arg16Pro,-0.690705194251405,0.172063043232749,0.01725282,0.01559356
urn:mavedb:00001105-a-1#179,NA,NA,p.Arg16Gln,0.0818627867198317,0.0915184065148786,0.08726835,0.00829404
urn:mavedb:00001105-a-1#180,NA,NA,p.Leu17Ter,-0.510217952119465,0.140719629792507,0.03360984,0.012753
urn:mavedb:00001105-a-1#181,NA,NA,p.Leu17Ala,-0.807573580570871,0.143846401649663,0.006661387,0.01303637
urn:mavedb:00001105-a-1#182,NA,NA,p.Leu17Cys,-0.782311091234771,0.150138344510188,0.008950851,0.01360659
urn:mavedb:00001105-a-1#183,NA,NA,p.Leu17Asp,-0.940853861290698,0.243295335281649,-0.005417407,0.02204913
urn:mavedb:00001105-a-1#184,NA,NA,p.Leu17Glu,-0.909487441465439,0.265281825733751,-0.002574762,0.0240417
urn:mavedb:00001105-a-1#185,NA,NA,p.Leu17Phe,-0.477136646285878,0.131949176523137,0.0366079,0.01195816
urn:mavedb:00001105-a-1#186,NA,NA,p.Leu17Gly,-0.640968920801375,0.104572450058076,0.02176027,0.009477089
urn:mavedb:00001105-a-1#187,NA,NA,p.Leu17His,-0.79432202417789,0.280429406176514,0.007862336,0.02541448
urn:mavedb:00001105-a-1#188,NA,NA,p.Leu17Ile,-0.401588201928531,0.174899945672932,0.04345463,0.01585066
urn:mavedb:00001105-a-1#189,NA,NA,p.Leu17Lys,-0.992880544504307,0.312011048802611,-0.01013243,0.02827663
urn:mavedb:00001105-a-1#190,NA,NA,p.Ala18Ter,-0.918589065302438,0.233785808790017,-0.003399615,0.02118731
urn:mavedb:00001105-a-1#191,NA,NA,p.Gly19Ter,-0.805106998172675,0.160887898602861,0.006884926,0.01458079
urn:mavedb:00001105-a-1#192,NA,NA,p.Gly19Ala,-0.609399305494063,0.0971039043931878,0.02462133,0.008800237
urn:mavedb:00001105-a-1#193,NA,NA,p.Gly19Cys,-1.01902374253417,0.179178691916533,-0.01250171,0.01623843
urn:mavedb:00001105-a-1#194,NA,NA,p.Gly19Asp,-0.681985167447036,0.135484215164761,0.01804309,0.01227853
urn:mavedb:00001105-a-1#195,NA,NA,p.Gly19Glu,-0.370279767020904,0.116578483799781,0.04629202,0.01056516
urn:mavedb:00001105-a-1#196,NA,NA,p.Gly19Phe,-0.642913815488682,0.148336343197445,0.02158401,0.01344328
urn:mavedb:00001105-a-1#197,NA,NA,p.Gly20Ter,-0.667828682209162,0.220600336444933,0.01932605,0.01999235
urn:mavedb:00001105-a-1#198,NA,NA,p.Gly20Ala,-0.555462739228474,0.0961536137982697,0.02950944,0.008714115
urn:mavedb:00001105-a-1#199,NA,NA,p.Gly20Cys,-0.582633445446703,0.142203955409985,0.02704704,0.01288752
urn:mavedb:00001105-a-1#200,NA,NA,p.Gly20Asp,0.0071849436947691,0.0837016534197888,0.08050052,0.007585631
urn:mavedb:00001105-a-1#201,NA,NA,p.Gly20Glu,-0.543348691336684,0.139557614250011,0.0306073,0.01264769
urn:mavedb:00001105-a-1#202,NA,NA,p.Gly20Phe,-0.546132739779634,0.155733475277763,0.03035499,0.01411366
urn:mavedb:00001105-a-1#203,NA,NA,p.Asn21Ter,-0.570251927639899,0.159517335973164,0.02816914,0.01445658
urn:mavedb:00001105-a-1#204,NA,NA,p.Asn21Ala,0.418818053314456,0.0456005088548928,0.1178056,0.004132638
urn:mavedb:00001105-a-1#205,NA,NA,p.Asn21Cys,0.15876446995413,0.0833790895573467,0.09423772,0.007556398
urn:mavedb:00001105-a-1#206,NA,NA,p.Asn21Asp,0.0929122513855278,0.094241457693382,0.08826973,0.008540822
urn:mavedb:00001105-a-1#207,NA,NA,p.Asn21Glu,0.262825935511613,0.0703542536405949,0.1036685,0.006375996
urn:mavedb:00001105-a-1#208,NA,NA,p.Asn21Phe,-0.297187543912817,0.139288378857011,0.05291615,0.01262329
urn:mavedb:00001105-a-1#209,NA,NA,p.Asn21Gly,0.3885268647544,0.0379157031708481,0.1150604,0.003436187
urn:mavedb:00001105-a-1#210,NA,NA,p.Asn21His,0.179950978193423,0.100863247013046,0.09615779,0.009140935
urn:mavedb:00001105-a-1#211,NA,NA,p.Asn21Ile,-0.0731056848777376,0.139539076731149,0.07322402,0.01264601
urn:mavedb:00001105-a-1#212,NA,NA,p.Asn21Lys,0.437890732691571,0.0717415772769301,0.1195341,0.006501725
urn:mavedb:00001105-a-1#213,NA,NA,p.Asn21Leu,0.161251476725786,0.0535061316981476,0.09446311,0.004849101
urn:mavedb:00001105-a-1#214,NA,NA,p.Asn21Met,0.109205185672285,0.0787488587150311,0.08974631,0.007136774
urn:mavedb:00001105-a-1#215,NA,NA,p.Asp22Ter,-0.86928232161238,0.211897081681439,0.001068908,0.0192036
urn:mavedb:00001105-a-1#216,NA,NA,p.Asp22Ala,-0.400166219752466,0.103651300884179,0.0435835,0.009393608
urn:mavedb:00001105-a-1#217,NA,NA,p.Asp22Cys,-0.434117023494595,0.138684585385495,0.04050664,0.01256857
urn:mavedb:00001105-a-1#218,NA,NA,p.Val23Ter,-0.870953548453516,0.25260083872342,0.0009174497,0.02289246
urn:mavedb:00001105-a-1#219,NA,NA,p.Val23Ala,-0.388305186924671,0.117383983131299,0.04465843,0.01063816
urn:mavedb:00001105-a-1#220,NA,NA,p.Val23Cys,-0.323953734987299,0.176971072036302,0.05049041,0.01603836
urn:mavedb:00001105-a-1#221,NA,NA,p.Val23Asp,-0.810033012783219,0.312559340059915,0.006438496,0.02832632
urn:mavedb:00001105-a-1#222,NA,NA,p.Val23Glu,-0.189522296414596,0.127894535641497,0.06267353,0.0115907
urn:mavedb:00001105-a-1#223,NA,NA,p.Val23Phe,-0.535283215495953,0.18683523891855,0.03133825,0.01693232
urn:mavedb:00001105-a-1#224,NA,NA,p.Val23Gly,0.135318480918741,0.0570871389728548,0.09211288,0.005173637
urn:mavedb:00001105-a-1#225,NA,NA,p.Val23His,-0.33057968421447,0.258630718445267,0.04988992,0.02343893
urn:mavedb:00001105-a-1#226,NA,NA,p.Val23Ile,-0.0982595531806934,0.136042106208618,0.0709444,0.01232909
urn:mavedb:00001105-a-1#227,NA,NA,p.Val23Lys,-0.343730619396435,0.133409778530166,0.04869809,0.01209053
urn:mavedb:00001105-a-1#228,NA,NA,p.Val23Leu,-0.152679970757064,0.0736286525601665,0.06601244,0.006672745
urn:mavedb:00001105-a-1#229,NA,NA,p.Val23Met,-0.437881905301637,0.171089492465354,0.04016544,0.01550533
urn:mavedb:00001105-a-1#230,NA,NA,p.Val23Asn,-0.22745899773925,0.187263036303248,0.05923544,0.01697109
urn:mavedb:00001105-a-1#231,NA,NA,p.Val23Pro,-0.925761065836715,0.212814578522751,-0.004049592,0.01928675
urn:mavedb:00001105-a-1#232,NA,NA,p.Val23Gln,-0.360668725545026,0.128813577276047,0.04716304,0.01167399
urn:mavedb:00001105-a-1#233,NA,NA,p.Val23Arg,-0.259336357928152,0.0734732794630828,0.05634649,0.006658664
urn:mavedb:00001105-a-1#234,NA,NA,p.Val23Ser,-0.230477523727335,0.0870530492480636,0.05896188,0.007889358
urn:mavedb:00001105-a-1#235,NA,NA,p.Val23Thr,-0.0854064320666415,0.100103903896647,0.07210924,0.009072118
urn:mavedb:00001105-a-1#236,NA,NA,p.Gly24Ter,-0.530164653442464,0.287572971480965,0.03180213,0.02606188
urn:mavedb:00001105-a-1#237,NA,NA,p.Gly24Ala,-0.640053299780424,0.146580133969987,0.02184325,0.01328412
urn:mavedb:00001105-a-1#238,NA,NA,p.Gly24Cys,-0.632176509399543,0.164613719209443,0.0225571,0.01491845
urn:mavedb:00001105-a-1#239,NA,NA,p.Gly24Asp,-0.542807903360825,0.196158176455442,0.03065631,0.01777723
urn:mavedb:00001105-a-1#240,NA,NA,p.Gly24Glu,-0.619751627039686,0.231643290910552,0.02368313,0.02099314
urn:mavedb:00001105-a-1#241,NA,NA,p.Gly24Phe,-0.965027624489232,0.464812065144152,-0.007608203,0.04212453
urn:mavedb:00001105-a-1#242,NA,NA,p.Ile25Ter,-0.968256981651663,0.283797386463628,-0.00790087,0.02571971
urn:mavedb:00001105-a-1#243,NA,NA,p.Ile25Ala,-0.6560307652194,0.133755812215596,0.02039526,0.01212189
urn:mavedb:00001105-a-1#244,NA,NA,p.Ile25Cys,-0.43422008327208,0.166614116110963,0.0404973,0.01509974
urn:mavedb:00001105-a-1#245,NA,NA,p.Ile25Asp,-0.620486838278851,0.213878941064097,0.0236165,0.01938321
urn:mavedb:00001105-a-1#246,NA,NA,p.Ile25Glu,-0.616276062937745,0.165879125556546,0.02399811,0.01503313
urn:mavedb:00001105-a-1#247,NA,NA,p.Ile25Phe,-0.632257169675069,0.221402966874723,0.02254979,0.02006509
urn:mavedb:00001105-a-1#248,NA,NA,p.Ile25Gly,-0.742333839418633,0.114647933621117,0.01257387,0.0103902
urn:mavedb:00001105-a-1#249,NA,NA,p.Ile25His,-0.827026135639577,0.26771112344371,0.00489846,0.02426186
urn:mavedb:00001105-a-1#250,NA,NA,p.Phe26Ter,-0.40921892881499,0.216057430557544,0.04276308,0.01958064
urn:mavedb:00001105-a-1#251,NA,NA,p.Phe26Ala,-0.455742032328881,0.120946165996971,0.03854683,0.01096099
urn:mavedb:00001105-a-1#252,NA,NA,p.Phe26Cys,-0.712601424641427,0.152144699899914,0.01526843,0.01378842
urn:mavedb:00001105-a-1#253,NA,NA,p.Phe26Asp,-1.27863518400115,0.356286257469696,-0.03602952,0.03228916
urn:mavedb:00001105-a-1#254,NA,NA,p.Phe26Glu,-0.732929579551969,0.176027424052309,0.01342615,0.01595284
urn:mavedb:00001105-a-1#255,NA,NA,p.Val27Ter,-0.623463103137624,0.300649756587481,0.02334677,0.02724699
urn:mavedb:00001105-a-1#256,NA,NA,p.Val27Ala,-0.612614682277685,0.115107950979076,0.02432993,0.01043189
urn:mavedb:00001105-a-1#257,NA,NA,p.Val27Cys,-0.47452738016363,0.159873190129897,0.03684437,0.01448883
urn:mavedb:00001105-a-1#258,NA,NA,p.Val27Asp,-0.30447422327658,0.198944211061128,0.05225578,0.01802972
urn:mavedb:00001105-a-1#259,NA,NA,p.Val27Glu,-0.808494255272559,0.197870359075602,0.006577949,0.0179324
urn:mavedb:00001105-a-1#260,NA,NA,p.Val27Phe,-0.948735937071303,0.366099997886944,-0.006131736,0.03317855
urn:mavedb:00001105-a-1#261,NA,NA,p.Val27Gly,-0.772498388035841,0.104317448831345,0.009840147,0.009453979
urn:mavedb:00001105-a-1#262,NA,NA,p.Val27His,-0.43082451739142,0.265488276315842,0.04080503,0.02406041
urn:mavedb:00001105-a-1#263,NA,NA,p.Val27Ile,-0.147467176316024,0.131372747960418,0.06648486,0.01190592
urn:mavedb:00001105-a-1#264,NA,NA,p.Val27Lys,-0.175227662524248,0.147018744907355,0.06396901,0.01332387
urn:mavedb:00001105-a-1#265,NA,NA,p.Val27Leu,-0.685239826115866,0.129532237159086,0.01774813,0.01173912
urn:mavedb:00001105-a-1#266,NA,NA,p.Val27Met,-0.389891910265388,0.177926636996706,0.04451463,0.01612496
urn:mavedb:00001105-a-1#267,NA,NA,p.Val27Asn,-0.762573499745082,0.309973356178618,0.01073961,0.02809196
urn:mavedb:00001105-a-1#268,NA,NA,p.Val27Pro,-0.958921663700388,0.257820253706911,-0.007054838,0.02336548
urn:mavedb:00001105-a-1#269,NA,NA,p.Val27Gln,-0.809416485801723,0.228733231476288,0.00649437,0.02072941
urn:mavedb:00001105-a-1#270,NA,NA,p.Val27Arg,-0.818894024039079,0.120360247990072,0.005635449,0.01090789
urn:mavedb:00001105-a-1#271,NA,NA,p.Val27Ser,-0.731403434174677,0.136753593837334,0.01356446,0.01239357
urn:mavedb:00001105-a-1#272,NA,NA,p.Val27Thr,-0.567872835710191,0.178652910503562,0.02838475,0.01619078
urn:mavedb:00001105-a-1#273,NA,NA,p.Ala28Ter,-1.18086025452786,0.561960911986343,-0.02716847,0.05092884
urn:mavedb:00001105-a-1#274,NA,NA,p.Gly29Ter,-0.582855564645928,0.192897007586535,0.02702691,0.01748168
urn:mavedb:00001105-a-1#275,NA,NA,p.Gly29Ala,-0.0958466964844865,0.0697502615528052,0.07116307,0.006321258
urn:mavedb:00001105-a-1#276,NA,NA,p.Gly29Cys,-0.752895259763328,0.158138056295907,0.01161672,0.01433158
urn:mavedb:00001105-a-1#277,NA,NA,p.Gly29Asp,-0.438285979075886,0.115493818261586,0.04012882,0.01046686
urn:mavedb:00001105-a-1#278,NA,NA,p.Gly29Glu,-0.122981982800603,0.0939553619856066,0.06870388,0.008514894
urn:mavedb:00001105-a-1#279,NA,NA,p.Gly29Phe,-0.886907559517435,0.156884235898093,-0.0005284147,0.01421795
urn:mavedb:00001105-a-1#280,NA,NA,p.Ile30Ter,-0.622732305593426,0.20016393566532,0.023413,0.01814026
urn:mavedb:00001105-a-1#281,NA,NA,p.Ile30Ala,-0.790610481874527,0.155598747238889,0.008198702,0.01410145
urn:mavedb:00001105-a-1#282,NA,NA,p.Ile30Cys,-0.60060292176676,0.153221420787168,0.02541852,0.013886
urn:mavedb:00001105-a-1#283,NA,NA,p.Ile30Asp,-0.65370309283606,0.213348635613785,0.02060621,0.01933515
urn:mavedb:00001105-a-1#284,NA,NA,p.Ile30Glu,-0.724468857326924,0.227910408392023,0.01419292,0.02065484
urn:mavedb:00001105-a-1#285,NA,NA,p.Ile30Phe,0.0069506868343836,0.131832654976002,0.08047929,0.0119476
urn:mavedb:00001105-a-1#286,NA,NA,p.Ile30Gly,-0.787859800965529,0.115602284815405,0.008447988,0.01047669
urn:mavedb:00001105-a-1#287,NA,NA,p.Ile30His,-0.840288428345566,0.30139666411831,0.003696538,0.02731468
urn:mavedb:00001105-a-1#288,NA,NA,p.Gln31Ter,-0.946500797802951,0.259419776763033,-0.005929172,0.02351044
urn:mavedb:00001105-a-1#289,NA,NA,p.Gln31Ala,-0.0607033123622134,0.0752572397976475,0.07434801,0.006820339
urn:mavedb:00001105-a-1#290,NA,NA,p.Gln31Cys,0.109846274866275,0.0913389456775113,0.08980441,0.008277776
urn:mavedb:00001105-a-1#291,NA,NA,p.Gln31Asp,0.314804917716864,0.0833593162038935,0.1083792,0.007554606
urn:mavedb:00001105-a-1#292,NA,NA,p.Gln31Glu,0.3409781288725,0.0727862437044848,0.1107512,0.0065964
urn:mavedb:00001105-a-1#293,NA,NA,p.Gln31Phe,-1.07710785796045,0.449419303945959,-0.0177657,0.04072953
urn:mavedb:00001105-a-1#294,NA,NA,p.Gln31Gly,-0.149801138214692,0.0589407805167146,0.06627334,0.005341627
urn:mavedb:00001105-a-1#295,NA,NA,p.Gln31His,-0.327335949440683,0.15824872969721,0.05018389,0.01434161
urn:mavedb:00001105-a-1#296,NA,NA,p.Gln31Ile,-0.208776378654864,0.162816131591667,0.06092859,0.01475554
urn:mavedb:00001105-a-1#297,NA,NA,p.Gln31Lys,-0.369650484460952,0.129672261631921,0.04634905,0.01175181
urn:mavedb:00001105-a-1#298,NA,NA,p.Gln31Leu,-0.300869227569726,0.0778519958976912,0.05258249,0.007055494
urn:mavedb:00001105-a-1#299,NA,NA,p.Gln31Met,-0.104415112866732,0.122444725780718,0.07038654,0.0110968
urn:mavedb:00001105-a-1#300,NA,NA,p.Gln31Asn,-0.156131700906181,0.140586556889245,0.06569962,0.01274094
urn:mavedb:00001105-a-1#301,NA,NA,p.Gln31Pro,-0.280061745385744,0.128477364061919,0.05446821,0.01164352
urn:mavedb:00001105-a-1#302,NA,NA,p.Glu32Ter,-0.736488341804041,0.224782312426377,0.01310363,0.02037135
urn:mavedb:00001105-a-1#303,NA,NA,p.Glu32Ala,-0.131618480427718,0.0860282554820988,0.06792118,0.007796484
urn:mavedb:00001105-a-1#304,NA,NA,p.Glu32Cys,-0.583235583782606,0.135978107631593,0.02699247,0.01232329
urn:mavedb:00001105-a-1#305,NA,NA,p.Glu32Asp,-0.18329766240232,0.145674995474583,0.06323765,0.01320209
urn:mavedb:00001105-a-1#306,NA,NA,p.Gly33Ter,-0.50601379732081,0.149649417450194,0.03399085,0.01356228
urn:mavedb:00001105-a-1#307,NA,NA,p.Gly33Ala,-0.630112886317617,0.119819791041336,0.02274412,0.01085891
urn:mavedb:00001105-a-1#308,NA,NA,p.Gly33Cys,-0.563217270258763,0.150246259352137,0.02880667,0.01361637
urn:mavedb:00001105-a-1#309,NA,NA,p.Gly33Asp,-0.632865156156804,0.137412779180689,0.02249469,0.01245331
urn:mavedb:00001105-a-1#310,NA,NA,p.Gly33Glu,-0.816426514764941,0.215077479932446,0.005859072,0.01949183
urn:mavedb:00001105-a-1#311,NA,NA,p.Gly33Phe,-1.02156095508607,0.282971473792886,-0.01273165,0.02564486
urn:mavedb:00001105-a-1#312,NA,NA,p.Thr34Ter,-0.931122590763913,0.198914639304847,-0.004535491,0.01802704
urn:mavedb:00001105-a-1#313,NA,NA,p.Thr34Ala,-0.180005045956771,0.0897465838414737,0.06353605,0.008133465
urn:mavedb:00001105-a-1#314,NA,NA,p.Thr34Cys,0.242731485749586,0.0895880990894382,0.1018474,0.008119102
urn:mavedb:00001105-a-1#315,NA,NA,p.Thr34Asp,-0.270407560041562,0.127949596486213,0.05534314,0.01159569
urn:mavedb:00001105-a-1#316,NA,NA,p.Thr34Glu,-0.515389257827812,0.142888960868898,0.03314118,0.0129496
urn:mavedb:00001105-a-1#317,NA,NA,p.Thr34Phe,-0.26225943776257,0.128495680896033,0.05608158,0.01164518
urn:mavedb:00001105-a-1#318,NA,NA,p.Thr34Gly,0.0899033251839972,0.0571259243173793,0.08799704,0.005177152
urn:mavedb:00001105-a-1#319,NA,NA,p.Thr34His,0.33343181390229,0.0874069834474853,0.1100673,0.007921434
urn:mavedb:00001105-a-1#320,NA,NA,p.Thr34Ile,-0.379049778920778,0.152733266123793,0.04549722,0.01384176
urn:mavedb:00001105-a-1#321,NA,NA,p.Thr34Lys,-0.889591954451992,0.231498080346131,-0.0007716934,0.02097998
urn:mavedb:00001105-a-1#322,NA,NA,p.Thr34Leu,-0.430024976548108,0.0821953144986625,0.04087749,0.007449116
urn:mavedb:00001105-a-1#323,NA,NA,p.Thr34Met,-0.280072669280788,0.127586239048037,0.05446722,0.01156276
urn:mavedb:00001105-a-1#324,NA,NA,p.Thr34Asn,-0.232877801392885,0.151718005938958,0.05874435,0.01374975
urn:mavedb:00001105-a-1#325,NA,NA,p.Thr34Pro,-0.670993411843036,0.177150488736719,0.01903924,0.01605462
urn:mavedb:00001105-a-1#326,NA,NA,p.Thr34Gln,-0.409504384536995,0.145728290841313,0.04273721,0.01320692
urn:mavedb:00001105-a-1#327,NA,NA,p.Thr34Arg,-0.66898098762273,0.0974115610008782,0.01922162,0.008828119
urn:mavedb:00001105-a-1#328,NA,NA,p.Thr34Ser,0.48407011970989,0.0441341580101695,0.1237192,0.003999747
urn:mavedb:00001105-a-1#329,NA,NA,p.Ser35Ter,-0.418893306813647,0.142099681866384,0.04188632,0.01287807
urn:mavedb:00001105-a-1#330,NA,NA,p.Ser35Ala,0.37931879362903,0.0461806890583343,0.1142259,0.004185218
urn:mavedb:00001105-a-1#331,NA,NA,p.Ser35Cys,-0.0964921993734429,0.0919473073233185,0.07110457,0.00833291
urn:mavedb:00001105-a-1#332,NA,NA,p.Ser35Asp,-0.0446006083285432,0.106237064080727,0.07580735,0.009627948
urn:mavedb:00001105-a-1#333,NA,NA,p.Ser35Glu,0.340610688766479,0.0717938795622917,0.1107179,0.006506465
urn:mavedb:00001105-a-1#334,NA,NA,p.Ser35Phe,-0.195751675148961,0.10483141257604,0.06210898,0.009500558
urn:mavedb:00001105-a-1#335,NA,NA,p.Ser35Gly,0.0023758920008563,0.0616406928993524,0.08006469,0.005586312
urn:mavedb:00001105-a-1#336,NA,NA,p.Ser35His,-0.316574147344476,0.172087980609314,0.0511592,0.01559582
urn:mavedb:00001105-a-1#337,NA,NA,p.Ser35Ile,0.104391499598657,0.0990008001477264,0.08931006,0.008972147
urn:mavedb:00001105-a-1#338,NA,NA,p.Ser35Lys,-0.0627939693258131,0.146999434991873,0.07415854,0.01332212
urn:mavedb:00001105-a-1#339,NA,NA,p.Ser35Leu,-0.0616001751795532,0.0754320110841122,0.07426673,0.006836178
urn:mavedb:00001105-a-1#340,NA,NA,p.Ser35Met,0.0421067603296875,0.116117583702829,0.08366538,0.01052339
urn:mavedb:00001105-a-1#341,NA,NA,p.Ser35Asn,0.148329391627872,0.100042917666438,0.09329202,0.009066591
urn:mavedb:00001105-a-1#342,NA,NA,p.Ser35Pro,0.237817939827324,0.0720597384786424,0.1014021,0.006530559
urn:mavedb:00001105-a-1#343,NA,NA,p.Ser35Gln,0.0194418849611233,0.107340090589986,0.08161133,0.009727912
urn:mavedb:00001105-a-1#344,NA,NA,p.Ser35Arg,-0.0715773326529623,0.0664833659146779,0.07336253,0.006025189
urn:mavedb:00001105-a-1#345,NA,NA,p.Ala36Ter,-0.794819017265437,0.178789955732295,0.007817295,0.0162032
urn:mavedb:00001105-a-1#346,NA,NA,p.Glu37Ter,-0.898937717412407,0.255234380167989,-0.001618672,0.02313113
urn:mavedb:00001105-a-1#347,NA,NA,p.Glu37Ala,0.11736842485654,0.0677392717833639,0.09048612,0.006139008
urn:mavedb:00001105-a-1#348,NA,NA,p.Glu37Cys,0.138969599738003,0.0711269592185067,0.09244377,0.006446024
urn:mavedb:00001105-a-1#349,NA,NA,p.Glu37Asp,-0.0351170122948439,0.116903773118865,0.07666682,0.01059464
urn:mavedb:00001105-a-1#350,NA,NA,p.Gln38Ter,-0.949850350913577,0.200426219488747,-0.006232732,0.01816403
urn:mavedb:00001105-a-1#351,NA,NA,p.Gln38Ala,0.0424595248999429,0.0679427762240652,0.08369735,0.006157451
urn:mavedb:00001105-a-1#352,NA,NA,p.Gln38Cys,-0.164810349320233,0.0853493078195282,0.0649131,0.007734953
urn:mavedb:00001105-a-1#353,NA,NA,p.Gln38Asp,-0.0997580026220659,0.108134290862388,0.0708086,0.009799888
urn:mavedb:00001105-a-1#354,NA,NA,p.Gln38Glu,-0.0395041147498901,0.0979953825026677,0.07626923,0.008881029
urn:mavedb:00001105-a-1#355,NA,NA,p.Gln38Phe,-0.0239931768689502,0.100059954529011,0.07767494,0.009068135
urn:mavedb:00001105-a-1#356,NA,NA,p.Gln38Gly,0.0202929556931783,0.0576060350216765,0.08168846,0.005220663
urn:mavedb:00001105-a-1#357,NA,NA,p.Gln38His,0.113316542534254,0.0952382796674921,0.09011891,0.008631161
urn:mavedb:00001105-a-1#358,NA,NA,p.Gln38Ile,0.0308563622006087,0.0909639140161463,0.08264579,0.008243788
urn:mavedb:00001105-a-1#359,NA,NA,p.Gln38Lys,0.205004545278248,0.0823776111350462,0.09842832,0.007465637
urn:mavedb:00001105-a-1#360,NA,NA,p.Gln38Leu,0.358529186909665,0.0407539517879961,0.1123418,0.003693409
urn:mavedb:00001105-a-1#361,NA,NA,p.Gln38Met,0.0791652466982389,0.0845830572705059,0.08702388,0.00766551
urn:mavedb:00001105-a-1#362,NA,NA,p.Gln38Asn,-0.077855262031967,0.131688989204819,0.07279358,0.01193458
urn:mavedb:00001105-a-1#363,NA,NA,p.Gln38Pro,-0.782061728503361,0.229358541710769,0.00897345,0.02078608
urn:mavedb:00001105-a-1#364,NA,NA,p.Glu39Ter,-0.507768130727907,0.161443693141609,0.03383186,0.01463116
urn:mavedb:00001105-a-1#365,NA,NA,p.Glu39Ala,0.460962219708991,0.0421851585865429,0.121625,0.003823115
urn:mavedb:00001105-a-1#366,NA,NA,p.Glu39Cys,0.470116223071012,0.0565115600464166,0.1224546,0.005121474
urn:mavedb:00001105-a-1#367,NA,NA,p.Glu39Asp,-0.384798726957961,0.146132143930814,0.04497621,0.01324352
urn:mavedb:00001105-a-1#368,NA,NA,p.Gly40Ter,-0.639500594828154,0.222003781102136,0.02189334,0.02011954
urn:mavedb:00001105-a-1#369,NA,NA,p.Gly40Ala,-0.633722185377064,0.195200956359425,0.02241702,0.01769048
urn:mavedb:00001105-a-1#370,NA,NA,p.Gly40Cys,-0.725492503532197,0.206469671322618,0.01410015,0.01871173
urn:mavedb:00001105-a-1#371,NA,NA,p.Gly40Asp,-0.463777053674338,0.156536657419424,0.03781864,0.01418645
urn:mavedb:00001105-a-1#372,NA,NA,p.Gly40Glu,-0.799337614727794,0.271663807971608,0.007407788,0.02462008
urn:mavedb:00001105-a-1#373,NA,NA,p.Gly40Phe,-0.264265682809922,0.265515089512768,0.05589976,0.02406284
urn:mavedb:00001105-a-1#374,NA,NA,p.Leu41Ter,-0.956365946732329,0.191390613494221,-0.006823221,0.01734516
urn:mavedb:00001105-a-1#375,NA,NA,p.Leu41Ala,-1.0107203685347,0.159253397014124,-0.0117492,0.01443266
urn:mavedb:00001105-a-1#376,NA,NA,p.Leu41Cys,-0.753478529553246,0.170296572164492,0.01156386,0.01543347
urn:mavedb:00001105-a-1#377,NA,NA,p.Leu41Asp,-0.530193011432629,0.168247403933584,0.03179956,0.01524776
urn:mavedb:00001105-a-1#378,NA,NA,p.Leu41Glu,-0.904869138633773,0.242515876750437,-0.002156219,0.02197849
urn:mavedb:00001105-a-1#379,NA,NA,p.Leu41Phe,-0.717725283128877,0.162135098458225,0.01480407,0.01469382
urn:mavedb:00001105-a-1#380,NA,NA,p.Leu41Gly,-0.916173328670265,0.175897771762647,-0.003180684,0.01594109
urn:mavedb:00001105-a-1#381,NA,NA,p.Leu41His,-0.666047314920391,0.20437746956578,0.01948749,0.01852212
urn:mavedb:00001105-a-1#382,NA,NA,p.Leu41Ile,-0.434879378957809,0.118959230865101,0.04043755,0.01078092
urn:mavedb:00001105-a-1#383,NA,NA,p.Leu41Lys,-0.992162325990765,0.206981328911694,-0.01006734,0.0187581
urn:mavedb:00001105-a-1#384,NA,NA,p.Gln42Ter,-0.643601469164575,0.135466560384892,0.02152169,0.01227693
urn:mavedb:00001105-a-1#385,NA,NA,p.Gln42Ala,-0.116427645774276,0.0725777959254202,0.06929788,0.006577509
urn:mavedb:00001105-a-1#386,NA,NA,p.Gln42Cys,-0.0773935895383954,0.0816433598745363,0.07283542,0.007399094
urn:mavedb:00001105-a-1#387,NA,NA,p.Gln42Asp,-0.53100888294732,0.155856727709723,0.03172562,0.01412483
urn:mavedb:00001105-a-1#388,NA,NA,p.Gln42Glu,0.0771497328914562,0.0887108330777528,0.08684122,0.008039598
urn:mavedb:00001105-a-1#389,NA,NA,p.Gln42Phe,-0.575048620987903,0.120533044148039,0.02773443,0.01092355
urn:mavedb:00001105-a-1#390,NA,NA,p.Gln42Gly,-0.912357137659229,0.150332436746372,-0.002834834,0.01362418
urn:mavedb:00001105-a-1#391,NA,NA,p.Gln42His,-0.598232105515116,0.121561324733028,0.02563338,0.01101674
urn:mavedb:00001105-a-1#392,NA,NA,p.Gln42Ile,-0.372067975536875,0.10707190344954,0.04612996,0.009703607
urn:mavedb:00001105-a-1#393,NA,NA,p.Gln42Lys,0.0169033483007247,0.0951101390683562,0.08138127,0.008619548
urn:mavedb:00001105-a-1#394,NA,NA,p.Gln42Leu,-0.343024207516931,0.0647447011247143,0.04876211,0.005867619
urn:mavedb:00001105-a-1#395,NA,NA,p.Gln42Met,-0.0426078250508417,0.0804685997878226,0.07598795,0.007292629
urn:mavedb:00001105-a-1#396,NA,NA,p.Gln42Asn,-0.627270025389229,0.137918809308681,0.02300176,0.01249917
urn:mavedb:00001105-a-1#397,NA,NA,p.Gln42Pro,-0.703086491373461,0.127786951826671,0.01613074,0.01158095
urn:mavedb:00001105-a-1#398,NA,NA,p.Glu43Ter,-0.833028076672281,0.207218013304311,0.004354522,0.01877955
urn:mavedb:00001105-a-1#399,NA,NA,p.Glu43Ala,-0.167980154703319,0.0869628774598832,0.06462583,0.007881186
urn:mavedb:00001105-a-1#400,NA,NA,p.Glu43Cys,-0.323342548576713,0.136702615660463,0.0505458,0.01238895
urn:mavedb:00001105-a-1#401,NA,NA,p.Glu43Asp,-0.550973570077311,0.202872399581957,0.02991628,0.01838572
urn:mavedb:00001105-a-1#402,NA,NA,p.Gly44Ter,-1.03692050322964,0.173328339237478,-0.01412364,0.01570823
urn:mavedb:00001105-a-1#403,NA,NA,p.Gly44Ala,-0.859596059740023,0.120329793494798,0.001946745,0.01090513
urn:mavedb:00001105-a-1#404,NA,NA,p.Gly44Cys,-1.02381547047533,0.20940709566568,-0.01293597,0.01897794
urn:mavedb:00001105-a-1#405,NA,NA,p.Gly44Asp,-0.637285802693601,0.169512589595939,0.02209406,0.01536242
urn:mavedb:00001105-a-1#406,NA,NA,p.Gly44Glu,-0.417722353538843,0.129035586132899,0.04199244,0.01169411
urn:mavedb:00001105-a-1#407,NA,NA,p.Gly44Phe,-0.786695170308765,0.141516301734091,0.008553535,0.0128252
urn:mavedb:00001105-a-1#408,NA,NA,p.Asp45Ter,-0.893378933422887,0.132564555943942,-0.001114896,0.01201393
urn:mavedb:00001105-a-1#409,NA,NA,p.Asp45Ala,-0.858555729767774,0.109611686978767,0.002041027,0.00993378
urn:mavedb:00001105-a-1#410,NA,NA,p.Asp45Cys,-0.815276162411396,0.144654549198161,0.005963325,0.01310961
urn:mavedb:00001105-a-1#411,NA,NA,p.Gln46Ter,-1.15508240009891,0.367800153188318,-0.0248323,0.03333263
urn:mavedb:00001105-a-1#412,NA,NA,p.Gln46Ala,-0.862454423771985,0.166918771406076,0.0016877,0.01512735
urn:mavedb:00001105-a-1#413,NA,NA,p.Gln46Cys,-0.663956437272043,0.157437051192738,0.01967698,0.01426805
urn:mavedb:00001105-a-1#414,NA,NA,p.Gln46Asp,-0.795041290943986,0.248060360368263,0.007797151,0.02248097
urn:mavedb:00001105-a-1#415,NA,NA,p.Gln46Glu,-0.0318566158225558,0.125559691003836,0.0769623,0.0113791
urn:mavedb:00001105-a-1#416,NA,NA,p.Gln46Phe,-0.823146431557963,0.282547648733658,0.005250066,0.02560645
urn:mavedb:00001105-a-1#417,NA,NA,p.Gln46Gly,-0.67163725959638,0.110420275896762,0.01898089,0.01000706
urn:mavedb:00001105-a-1#418,NA,NA,p.Gln46His,-0.480082898018874,0.269907378059401,0.03634089,0.0244609
urn:mavedb:00001105-a-1#419,NA,NA,p.Gln46Ile,-0.12074633595733,0.153543510177401,0.06890649,0.01391519
urn:mavedb:00001105-a-1#420,NA,NA,p.Gln46Lys,-0.481696655241266,0.230203764296992,0.03619464,0.02086268
urn:mavedb:00001105-a-1#421,NA,NA,p.Gln46Leu,-0.203026768563436,0.097427207549537,0.06144966,0.008829537
urn:mavedb:00001105-a-1#422,NA,NA,p.Gln46Met,0.0973149121153334,0.136462400311872,0.08866873,0.01236718
urn:mavedb:00001105-a-1#423,NA,NA,p.Gln46Asn,-0.654471627472228,0.278696699874756,0.02053656,0.02525745
urn:mavedb:00001105-a-1#424,NA,NA,p.Gln46Pro,-0.759634640951156,0.209489852446315,0.01100595,0.01898544
urn:mavedb:00001105-a-1#425,NA,NA,p.Ile47Ter,-0.780215093700261,0.243220081782457,0.009140805,0.02204231
urn:mavedb:00001105-a-1#426,NA,NA,p.Ile47Ala,-0.901726322995411,0.180996030819287,-0.001871395,0.01640313
urn:mavedb:00001105-a-1#427,NA,NA,p.Ile47Cys,-0.882384994143303,0.251095548054849,-0.0001185481,0.02275604
urn:mavedb:00001105-a-1#428,NA,NA,p.Ile47Asp,-1.11887741199465,0.358861648483071,-0.02155115,0.03252256
urn:mavedb:00001105-a-1#429,NA,NA,p.Ile47Glu,-0.715872634666385,0.168095352141963,0.01497197,0.01523398
urn:mavedb:00001105-a-1#430,NA,NA,p.Ile47Phe,-0.289708427448482,0.309729609874054,0.05359396,0.02806987
urn:mavedb:00001105-a-1#431,NA,NA,p.Ile47Gly,-0.695044739143179,0.0944832619721614,0.01685954,0.008562736
urn:mavedb:00001105-a-1#432,NA,NA,p.Ile47His,-0.320831928536982,0.337168337719167,0.05077333,0.03055656
urn:mavedb:00001105-a-1#433,NA,NA,p.Leu48Ter,-1.13763958793082,0.269788760007157,-0.02325151,0.02445015
urn:mavedb:00001105-a-1#434,NA,NA,p.Leu48Ala,-0.918439694830509,0.155166646501598,-0.003386078,0.01406229
urn:mavedb:00001105-a-1#435,NA,NA,p.Leu48Cys,-1.15820045490851,0.36337156200058,-0.02511488,0.03293128
urn:mavedb:00001105-a-1#436,NA,NA,p.Leu48Asp,-0.607522050682128,0.285509569083788,0.02479146,0.02587488
urn:mavedb:00001105-a-1#437,NA,NA,p.Leu48Glu,-0.813225283873688,0.170093100826503,0.00614919,0.01541503
urn:mavedb:00001105-a-1#438,NA,NA,p.Leu48Phe,-0.717098428101157,0.304493422849688,0.01486088,0.02759533
urn:mavedb:00001105-a-1#439,NA,NA,p.Leu48Gly,-1.00413844591483,0.12533359947914,-0.0111527,0.01135861
urn:mavedb:00001105-a-1#440,NA,NA,p.Leu48His,-1.05264230538764,0.701038426566295,-0.01554846,0.06353302
urn:mavedb:00001105-a-1#441,NA,NA,p.Leu48Ile,-0.161922799730301,0.15715733327419,0.06517479,0.0142427
urn:mavedb:00001105-a-1#442,NA,NA,p.Leu48Lys,-0.773824526825693,0.31421491704212,0.009719963,0.02847636
urn:mavedb:00001105-a-1#443,NA,NA,p.Lys49Ter,-0.70592857990523,0.166228359170828,0.01587317,0.01506478
urn:mavedb:00001105-a-1#444,NA,NA,p.Lys49Ala,-0.134585255842312,0.0664459598498306,0.06765231,0.006021799
urn:mavedb:00001105-a-1#445,NA,NA,p.Lys49Cys,-0.399976651553623,0.127314355438056,0.04360068,0.01153812
urn:mavedb:00001105-a-1#446,NA,NA,p.Lys49Asp,-0.546047445124393,0.220253088993387,0.03036272,0.01996088
urn:mavedb:00001105-a-1#447,NA,NA,p.Lys49Glu,-0.227438474057653,0.0959248299196437,0.0592373,0.008693381
urn:mavedb:00001105-a-1#448,NA,NA,p.Lys49Phe,-0.258847541210532,0.135141050381059,0.05639079,0.01224743
urn:mavedb:00001105-a-1#449,NA,NA,p.Lys49Gly,-0.801118474441644,0.0913432269616295,0.007246394,0.008278164
urn:mavedb:00001105-a-1#450,NA,NA,p.Lys49His,-0.298249809949053,0.190394001170622,0.05281988,0.01725484
urn:mavedb:00001105-a-1#451,NA,NA,p.Lys49Ile,-0.764697811132806,0.376123168130386,0.01054709,0.03408692
urn:mavedb:00001105-a-1#452,NA,NA,p.Val50Ter,-0.703730559811553,0.167632465882276,0.01607237,0.01519203
urn:mavedb:00001105-a-1#453,NA,NA,p.Val50Ala,-0.743638196623821,0.122841516958271,0.01245566,0.01113276
urn:mavedb:00001105-a-1#454,NA,NA,p.Val50Cys,-0.715002585045971,0.117696362392604,0.01505082,0.01066647
urn:mavedb:00001105-a-1#455,NA,NA,p.Val50Asp,-0.389292640831214,0.107067721473558,0.04456894,0.009703228
urn:mavedb:00001105-a-1#456,NA,NA,p.Val50Glu,-1.14632761544667,0.277086583950713,-0.02403888,0.02511153
urn:mavedb:00001105-a-1#457,NA,NA,p.Val50Phe,-0.636843440115511,0.111140921942536,0.02213415,0.01007237
urn:mavedb:00001105-a-1#458,NA,NA,p.Val50Gly,-0.740683779555136,0.0976114020747566,0.01272341,0.00884623
urn:mavedb:00001105-a-1#459,NA,NA,p.Val50His,-0.899854044624553,0.144799980447331,-0.001701716,0.01312279
urn:mavedb:00001105-a-1#460,NA,NA,p.Val50Ile,-0.437578905142137,0.0980026982020758,0.0401929,0.008881692
urn:mavedb:00001105-a-1#461,NA,NA,p.Val50Lys,-0.759981778060328,0.148170608951426,0.01097449,0.01342826
urn:mavedb:00001105-a-1#462,NA,NA,p.Val50Leu,-0.703707498255349,0.0711737774878716,0.01607446,0.006450267
urn:mavedb:00001105-a-1#463,NA,NA,p.Val50Met,-0.553604132277776,0.110182057745144,0.02967788,0.009985471
urn:mavedb:00001105-a-1#464,NA,NA,p.Val50Asn,-0.6237187664186,0.126018494595679,0.0233236,0.01142068
urn:mavedb:00001105-a-1#465,NA,NA,p.Val50Pro,-0.856208482647255,0.103306194074692,0.002253751,0.009362332
urn:mavedb:00001105-a-1#466,NA,NA,p.Val50Gln,-0.709688054935937,0.139801029527454,0.01553246,0.01266975
urn:mavedb:00001105-a-1#467,NA,NA,p.Val50Arg,-0.946980235418766,0.102419758611712,-0.005972622,0.009281997
urn:mavedb:00001105-a-1#468,NA,NA,p.Val50Ser,-0.844237670191388,0.0885251489304817,0.00333863,0.00802277
urn:mavedb:00001105-a-1#469,NA,NA,p.Val50Thr,-0.830813317640441,0.112437886208654,0.004555239,0.01018991
urn:mavedb:00001105-a-1#470,NA,NA,p.Asn51Ter,-0.809620795741755,0.189476614671685,0.006475854,0.0171717
urn:mavedb:00001105-a-1#471,NA,NA,p.Asn51Ala,-0.642930587529557,0.0844673522569402,0.02158249,0.007655024
urn:mavedb:00001105-a-1#472,NA,NA,p.Asn51Cys,-0.962757131524193,0.127499289257182,-0.007402435,0.01155488
urn:mavedb:00001105-a-1#473,NA,NA,p.Asn51Asp,-0.688506070733986,0.110268466858364,0.01745212,0.009993302
urn:mavedb:00001105-a-1#474,NA,NA,p.Asn51Glu,-0.45288063388163,0.122467014940302,0.03880615,0.01109882
urn:mavedb:00001105-a-1#475,NA,NA,p.Asn51Phe,-0.815504096653741,0.129761749297381,0.005942668,0.01175992
urn:mavedb:00001105-a-1#476,NA,NA,p.Asn51Gly,-0.581836883847493,0.0866437783479904,0.02711923,0.007852267
urn:mavedb:00001105-a-1#477,NA,NA,p.Asn51His,-0.809712468186225,0.113054148368453,0.006467546,0.01024576
urn:mavedb:00001105-a-1#478,NA,NA,p.Asn51Ile,-0.834764821504934,0.124047779792813,0.004197126,0.01124208
urn:mavedb:00001105-a-1#479,NA,NA,p.Asn51Lys,-0.756036596813875,0.143189754180914,0.01133203,0.01297686
urn:mavedb:00001105-a-1#480,NA,NA,p.Asn51Leu,-0.952049397191334,0.109777774320383,-0.006432025,0.009948832
urn:mavedb:00001105-a-1#481,NA,NA,p.Asn51Met,-0.61866298917602,0.111975220633715,0.02378179,0.01014798
urn:mavedb:00001105-a-1#482,NA,NA,p.Thr52Ter,-0.83150218508245,0.129933111004484,0.004492809,0.01177545
urn:mavedb:00001105-a-1#483,NA,NA,p.Thr52Ala,-0.12124464211913,0.0430652824657195,0.06886133,0.003902878
urn:mavedb:00001105-a-1#484,NA,NA,p.Thr52Cys,-0.188218159894155,0.0736539319980913,0.06279172,0.006675036
urn:mavedb:00001105-a-1#485,NA,NA,p.Thr52Asp,0.583929968343325,0.0451539201638717,0.1327692,0.004092165
urn:mavedb:00001105-a-1#486,NA,NA,p.Thr52Glu,0.341053161686943,0.0444445069717898,0.110758,0.004027873
urn:mavedb:00001105-a-1#487,NA,NA,p.Thr52Phe,-0.828449585369219,0.131755084286953,0.004769457,0.01194057
urn:mavedb:00001105-a-1#488,NA,NA,p.Thr52Gly,0.311526645779959,0.0295075921898123,0.1080821,0.002674185
urn:mavedb:00001105-a-1#489,NA,NA,p.Thr52His,0.0332443918626251,0.0616399536054454,0.08286221,0.005586245
urn:mavedb:00001105-a-1#490,NA,NA,p.Thr52Ile,-0.653246054722204,0.130779878383945,0.02064763,0.01185219
urn:mavedb:00001105-a-1#491,NA,NA,p.Thr52Lys,-0.23820634498444,0.0772925048894085,0.05826144,0.007004789
urn:mavedb:00001105-a-1#492,NA,NA,p.Thr52Leu,-0.685911480147503,0.072357530478081,0.01768726,0.006557547
urn:mavedb:00001105-a-1#493,NA,NA,p.Thr52Met,-0.364935223785093,0.075805376575627,0.04677638,0.006870015
urn:mavedb:00001105-a-1#494,NA,NA,p.Thr52Asn,0.34748501867793,0.0547126593543879,0.1113409,0.004958445
urn:mavedb:00001105-a-1#495,NA,NA,p.Thr52Pro,-0.777960854166939,0.101372455001414,0.0093451,0.009187083
urn:mavedb:00001105-a-1#496,NA,NA,p.Thr52Gln,0.0526497534978947,0.0553033772545637,0.08462086,0.00501198
urn:mavedb:00001105-a-1#497,NA,NA,p.Thr52Arg,-0.312530761385002,0.0490406199520088,0.05152564,0.004444405
urn:mavedb:00001105-a-1#498,NA,NA,p.Thr52Ser,0.171262288623321,0.0365627732525451,0.09537036,0.003313575
urn:mavedb:00001105-a-1#499,NA,NA,p.Gln53Ter,-0.651512576023827,0.122427512370346,0.02080473,0.01109524
urn:mavedb:00001105-a-1#500,NA,NA,p.Gln53Ala,-0.731651152804713,0.0855892031752342,0.01354201,0.007756694
urn:mavedb:00001105-a-1#501,NA,NA,p.Gln53Cys,-0.141042712264108,0.0745315400711366,0.06706709,0.006754571
urn:mavedb:00001105-a-1#502,NA,NA,p.Gln53Asp,-0.845262706710576,0.145817778506773,0.003245734,0.01321503
urn:mavedb:00001105-a-1#503,NA,NA,p.Gln53Glu,-0.407937633166005,0.123210060488034,0.0428792,0.01116616
urn:mavedb:00001105-a-1#504,NA,NA,p.Gln53Phe,-0.59954926243571,0.0955928979896336,0.02551401,0.008663299
urn:mavedb:00001105-a-1#505,NA,NA,p.Gln53Gly,-0.867227018345468,0.121002661292552,0.001255174,0.01096611
urn:mavedb:00001105-a-1#506,NA,NA,p.Gln53His,-0.5908413732925,0.0872982962089174,0.02630318,0.007911584
urn:mavedb:00001105-a-1#507,NA,NA,p.Gln53Ile,-0.425134050812553,0.0890083823239682,0.04132074,0.008066564
urn:mavedb:00001105-a-1#508,NA,NA,p.Gln53Lys,0.100341272411984,0.0624626001419113,0.088943,0.005660799
urn:mavedb:00001105-a-1#509,NA,NA,p.Gln53Leu,-0.346806854446216,0.056548204748882,0.0484193,0.005124795
urn:mavedb:00001105-a-1#510,NA,NA,p.Gln53Met,-0.0514291461547089,0.0631535971917424,0.0751885,0.005723422
urn:mavedb:00001105-a-1#511,NA,NA,p.Gln53Asn,-0.713087041430196,0.108769046404099,0.01522442,0.009857414
urn:mavedb:00001105-a-1#512,NA,NA,p.Gln53Pro,-0.758239913341513,0.0971700325780343,0.01113235,0.00880623
urn:mavedb:00001105-a-1#513,NA,NA,p.Asp54Ter,-0.676353623695981,0.202931101725021,0.01855346,0.01839104
urn:mavedb:00001105-a-1#514,NA,NA,p.Asp54Ala,-0.648397721143083,0.126002715636171,0.02108702,0.01141925
urn:mavedb:00001105-a-1#515,NA,NA,p.Asp54Cys,-0.540491154872529,0.168912437422771,0.03086627,0.01530803
urn:mavedb:00001105-a-1#516,NA,NA,p.Phe55Ter,-1.06722989828143,0.389424941337856,-0.01687049,0.03529242
urn:mavedb:00001105-a-1#517,NA,NA,p.Phe55Ala,-0.891496842304692,0.167762890568557,-0.0009443277,0.01520385
urn:mavedb:00001105-a-1#518,NA,NA,p.Phe55Cys,-0.767183714480721,0.192064695058091,0.0103218,0.01740625
urn:mavedb:00001105-a-1#519,NA,NA,p.Phe55Asp,-0.797340859124622,0.218466976982526,0.007588748,0.01979901
urn:mavedb:00001105-a-1#520,NA,NA,p.Phe55Glu,-0.368028120533375,0.141609210013151,0.04649608,0.01283362
urn:mavedb:00001105-a-1#521,NA,NA,p.Arg56Ter,-0.635055893653785,0.209127377747132,0.02229615,0.01895259
urn:mavedb:00001105-a-1#522,NA,NA,p.Arg56Ala,-0.373202626170574,0.0772738680624094,0.04602713,0.0070031
urn:mavedb:00001105-a-1#523,NA,NA,p.Arg56Cys,-0.204027353212505,0.0923445398703687,0.06135898,0.00836891
urn:mavedb:00001105-a-1#524,NA,NA,p.Arg56Asp,-0.602776776880492,0.158973679095576,0.02522151,0.01440731
urn:mavedb:00001105-a-1#525,NA,NA,p.Arg56Glu,-0.301665016772317,0.106624398916813,0.05251037,0.009663051
urn:mavedb:00001105-a-1#526,NA,NA,p.Arg56Phe,-0.692540408618777,0.202492490787653,0.0170865,0.01835129
urn:mavedb:00001105-a-1#527,NA,NA,p.Arg56Gly,-0.40930444415498,0.0792983085672633,0.04275533,0.007186569
urn:mavedb:00001105-a-1#528,NA,NA,p.Arg56His,-0.454273596013286,0.130810222536845,0.03867991,0.01185494
urn:mavedb:00001105-a-1#529,NA,NA,p.Arg56Ile,-0.658129918545811,0.178290104777257,0.02020502,0.0161579
urn:mavedb:00001105-a-1#530,NA,NA,p.Arg56Lys,-0.447764609702747,0.14376794822162,0.0392698,0.01302926
urn:mavedb:00001105-a-1#531,NA,NA,p.Arg56Leu,-0.572562827982363,0.097132626513187,0.02795971,0.00880284
urn:mavedb:00001105-a-1#532,NA,NA,p.Arg56Met,-0.429266041698494,0.121206574000037,0.04094627,0.01098459
urn:mavedb:00001105-a-1#533,NA,NA,p.Arg56Asn,-0.208887603768038,0.117523235207515,0.06091851,0.01065078
urn:mavedb:00001105-a-1#534,NA,NA,p.Arg56Pro,-0.674529884935524,0.126750285221244,0.01871874,0.011487
urn:mavedb:00001105-a-1#535,NA,NA,p.Arg56Gln,-0.355436510846131,0.114255887165654,0.04763722,0.01035467
urn:mavedb:00001105-a-1#536,NA,NA,p.Gly57Ter,-0.737416210828526,0.0960293241479927,0.01301954,0.008702851
urn:mavedb:00001105-a-1#537,NA,NA,p.Gly57Ala,-0.520594769672156,0.0650065766813571,0.03266942,0.005891352
urn:mavedb:00001105-a-1#538,NA,NA,p.Gly57Cys,-0.341989085704743,0.0642895167627445,0.04885592,0.005826367
urn:mavedb:00001105-a-1#539,NA,NA,p.Gly57Asp,-0.23095409244142,0.0709699861569974,0.05891869,0.006431798
urn:mavedb:00001105-a-1#540,NA,NA,p.Gly57Glu,-0.3642138053427,0.088185967506488,0.04684176,0.007992031
urn:mavedb:00001105-a-1#541,NA,NA,p.Gly57Phe,-0.608108851428021,0.0839795506891626,0.02473828,0.007610816
urn:mavedb:00001105-a-1#542,NA,NA,p.Leu58Ter,-0.831388201409922,0.154666464519437,0.004503139,0.01401696
urn:mavedb:00001105-a-1#543,NA,NA,p.Leu58Ala,-0.568187201134231,0.072963563899793,0.02835626,0.00661247
urn:mavedb:00001105-a-1#544,NA,NA,p.Leu58Cys,-0.59271719365357,0.0843286629268326,0.02613318,0.007642455
urn:mavedb:00001105-a-1#545,NA,NA,p.Leu58Asp,-0.678336696844754,0.108137656304801,0.01837374,0.009800193
urn:mavedb:00001105-a-1#546,NA,NA,p.Leu58Glu,-0.546533172255535,0.163897928228134,0.0303187,0.01485358
urn:mavedb:00001105-a-1#547,NA,NA,p.Leu58Phe,-0.526463549527699,0.0777188347205301,0.03213755,0.007043426
urn:mavedb:00001105-a-1#548,NA,NA,p.Leu58Gly,-0.655743764704156,0.108006348879526,0.02042127,0.009788293
urn:mavedb:00001105-a-1#549,NA,NA,p.Leu58His,-0.74584074075484,0.084185460593621,0.01225605,0.007629477
urn:mavedb:00001105-a-1#550,NA,NA,p.Leu58Ile,0.160679130830912,0.039031584566699,0.09441124,0.003537316
urn:mavedb:00001105-a-1#551,NA,NA,p.Leu58Lys,-0.507672574231867,0.115508824824474,0.03384052,0.01046822
urn:mavedb:00001105-a-1#552,NA,NA,p.Val59Ter,-0.673169584146626,0.192336357983323,0.01884202,0.01743087
urn:mavedb:00001105-a-1#553,NA,NA,p.Val59Ala,0.510617391513998,0.0424877615134957,0.1261251,0.003850539
urn:mavedb:00001105-a-1#554,NA,NA,p.Val59Cys,0.555963693607254,0.0577674548808653,0.1302347,0.005235292
urn:mavedb:00001105-a-1#555,NA,NA,p.Val59Asp,0.635782056818267,0.0684375072929413,0.1374684,0.006202287
urn:mavedb:00001105-a-1#556,NA,NA,p.Val59Glu,0.542637645077464,0.0714677847438758,0.129027,0.006476912
urn:mavedb:00001105-a-1#557,NA,NA,p.Val59Phe,-0.308337971850888,0.157535917960003,0.05190562,0.01427701
urn:mavedb:00001105-a-1#558,NA,NA,p.Val59Gly,0.538210709025339,0.0361607408122181,0.1286258,0.00327714
urn:mavedb:00001105-a-1#559,NA,NA,p.Val59His,0.536534608361535,0.0706110755165002,0.1284739,0.006399271
urn:mavedb:00001105-a-1#560,NA,NA,p.Val59Ile,-0.0675762078227999,0.101968193479615,0.07372514,0.009241073
urn:mavedb:00001105-a-1#561,NA,NA,p.Val59Lys,0.453739207895129,0.0811345711871896,0.1209704,0.007352984
urn:mavedb:00001105-a-1#562,NA,NA,p.Val59Leu,0.0156215009398688,0.0574247535351352,0.0812651,0.005204234
urn:mavedb:00001105-a-1#563,NA,NA,p.Val59Met,0.326283834902871,0.0784299582194117,0.1094195,0.007107873
urn:mavedb:00001105-a-1#564,NA,NA,p.Val59Asn,0.534706235221363,0.0873274928011256,0.1283082,0.00791423
urn:mavedb:00001105-a-1#565,NA,NA,p.Val59Pro,0.393392963455764,0.0556406828581963,0.1155014,0.005042549
urn:mavedb:00001105-a-1#566,NA,NA,p.Val59Gln,0.352433874159929,0.0719128617443706,0.1117894,0.006517248
urn:mavedb:00001105-a-1#567,NA,NA,p.Val59Arg,0.489643513029752,0.0357042985471826,0.1242243,0.003235774
urn:mavedb:00001105-a-1#568,NA,NA,p.Val59Ser,0.669758680675955,0.0373710642461301,0.1405476,0.003386828
urn:mavedb:00001105-a-1#569,NA,NA,p.Val59Thr,0.48304945274872,0.050090340060301,0.1236267,0.004539538
urn:mavedb:00001105-a-1#570,NA,NA,p.Arg60Ter,-0.5898550228097,0.246906620503831,0.02639257,0.02237641
urn:mavedb:00001105-a-1#571,NA,NA,p.Arg60Ala,-9.23565671892375e-05,0.0683556553197741,0.079841,0.006194869
urn:mavedb:00001105-a-1#572,NA,NA,p.Arg60Cys,-0.0868834750874228,0.115256802841846,0.07197538,0.01044538
urn:mavedb:00001105-a-1#573,NA,NA,p.Arg60Asp,-1.06672750945179,0.453133538603252,-0.01682496,0.04106614
urn:mavedb:00001105-a-1#574,NA,NA,p.Arg60Glu,-0.101121503339815,0.10428746880828,0.07068503,0.009451262
urn:mavedb:00001105-a-1#575,NA,NA,p.Arg60Phe,0.139484015886433,0.101561824583983,0.09249039,0.009204245
urn:mavedb:00001105-a-1#576,NA,NA,p.Arg60Gly,-0.658971610176061,0.099629442721908,0.02012874,0.009029119
urn:mavedb:00001105-a-1#577,NA,NA,p.Arg60His,-0.0071912332100975,0.149656258677393,0.07919765,0.0135629
urn:mavedb:00001105-a-1#578,NA,NA,p.Arg60Ile,0.329622795145576,0.106395328148014,0.1097221,0.009642291
urn:mavedb:00001105-a-1#579,NA,NA,p.Arg60Lys,0.221393477430543,0.0848118852860816,0.0999136,0.007686248
urn:mavedb:00001105-a-1#580,NA,NA,p.Arg60Leu,0.586260399286019,0.0394073113850213,0.1329804,0.003571367
urn:mavedb:00001105-a-1#581,NA,NA,p.Arg60Met,0.0917117263544429,0.132525715428231,0.08816093,0.01201041
urn:mavedb:00001105-a-1#582,NA,NA,p.Arg60Asn,-0.353982750066302,0.28069113828807,0.04776897,0.0254382
urn:mavedb:00001105-a-1#583,NA,NA,p.Arg60Pro,0.262515873440166,0.0684902840505119,0.1036404,0.00620707
urn:mavedb:00001105-a-1#584,NA,NA,p.Arg60Gln,0.328215929874773,0.0809948998099518,0.1095946,0.007340326
urn:mavedb:00001105-a-1#585,NA,NA,p.Glu61Ter,-0.894151341076389,0.118858488277474,-0.001184897,0.01077179
urn:mavedb:00001105-a-1#586,NA,NA,p.Glu61Ala,-0.469095997479339,0.0807741819588784,0.0373366,0.007320323
urn:mavedb:00001105-a-1#587,NA,NA,p.Glu61Cys,-0.582088685145373,0.137882065298079,0.02709641,0.01249584
urn:mavedb:00001105-a-1#588,NA,NA,p.Glu61Asp,-0.0743290507802778,0.0900343788218116,0.07311315,0.008159547
urn:mavedb:00001105-a-1#589,NA,NA,p.Asp62Ter,-0.811553486562478,0.186352160004387,0.0063007,0.01688854
urn:mavedb:00001105-a-1#590,NA,NA,p.Asp62Ala,-0.0449548073496628,0.0665737583876066,0.07577525,0.006033381
urn:mavedb:00001105-a-1#591,NA,NA,p.Asp62Cys,-0.904099081272841,0.235109365568313,-0.002086431,0.02130726
urn:mavedb:00001105-a-1#592,NA,NA,p.Ala63Ter,-0.757629830354669,0.231169480755821,0.01118764,0.0209502
urn:mavedb:00001105-a-1#593,NA,NA,p.Val64Ter,-0.444277128624395,0.326948537364935,0.03958586,0.02963037
urn:mavedb:00001105-a-1#594,NA,NA,p.Val64Ala,0.0287884357660902,0.0765492607254029,0.08245838,0.006937431
urn:mavedb:00001105-a-1#595,NA,NA,p.Val64Cys,-0.208453296183263,0.137568582613032,0.06095787,0.01246743
urn:mavedb:00001105-a-1#596,NA,NA,p.Val64Asp,0.105080808410163,0.125200416233504,0.08937253,0.01134654
urn:mavedb:00001105-a-1#597,NA,NA,p.Val64Glu,0.508144618908611,0.0645940286127707,0.125901,0.005853964
urn:mavedb:00001105-a-1#598,NA,NA,p.Val64Phe,-0.130793891865466,0.149724891634134,0.06799591,0.01356912
urn:mavedb:00001105-a-1#599,NA,NA,p.Val64Gly,-0.560204371731762,0.0839300952370549,0.02907972,0.007606334
urn:mavedb:00001105-a-1#600,NA,NA,p.Val64His,-0.385548062021021,0.214249912126092,0.0449083,0.01941683
urn:mavedb:00001105-a-1#601,NA,NA,p.Val64Ile,0.124829555513883,0.117425582206365,0.0911623,0.01064193
urn:mavedb:00001105-a-1#602,NA,NA,p.Val64Lys,-0.0814605887659436,0.158234164503818,0.07246684,0.01434029
urn:mavedb:00001105-a-1#603,NA,NA,p.Val64Leu,0.0924037937253036,0.0622391789026705,0.08822365,0.005640551
urn:mavedb:00001105-a-1#604,NA,NA,p.Val64Met,0.389760492497739,0.091190524150001,0.1151722,0.008264325
urn:mavedb:00001105-a-1#605,NA,NA,p.Val64Asn,-0.111899415422653,0.160184796994583,0.06970826,0.01451707
urn:mavedb:00001105-a-1#606,NA,NA,p.Val64Pro,-0.812692308137921,0.213061304071418,0.006197492,0.01930911
urn:mavedb:00001105-a-1#607,NA,NA,p.Val64Gln,0.337899576632862,0.0961200366138066,0.1104722,0.008711072
urn:mavedb:00001105-a-1#608,NA,NA,p.Val64Arg,-0.200538327340915,0.0750756272839837,0.06167518,0.00680388
urn:mavedb:00001105-a-1#609,NA,NA,p.Val64Ser,-0.118945548410703,0.0957381747594798,0.06906969,0.008676465
urn:mavedb:00001105-a-1#610,NA,NA,p.Val64Thr,-0.253887099779244,0.136730090911634,0.05684034,0.01239144
urn:mavedb:00001105-a-1#611,NA,NA,p.Leu65Ter,-0.643997377603135,0.182292995085406,0.02148581,0.01652067
urn:mavedb:00001105-a-1#612,NA,NA,p.Leu65Ala,0.471135786608441,0.0554418017629732,0.122547,0.005024525
urn:mavedb:00001105-a-1#613,NA,NA,p.Leu65Cys,-0.0454112937516479,0.101284412821056,0.07573388,0.009179104
urn:mavedb:00001105-a-1#614,NA,NA,p.Leu65Asp,0.257418055753022,0.0955583718607526,0.1031784,0.00866017
urn:mavedb:00001105-a-1#615,NA,NA,p.Leu65Glu,0.374587312624166,0.0699831722362256,0.1137971,0.006342366
urn:mavedb:00001105-a-1#616,NA,NA,p.Leu65Phe,-0.622848606455812,0.265138711674438,0.02340246,0.02402873
urn:mavedb:00001105-a-1#617,NA,NA,p.Leu65Gly,0.0972967056235935,0.05202992727941,0.08866708,0.004715317
urn:mavedb:00001105-a-1#618,NA,NA,p.Leu65His,0.167367864868991,0.104860377449263,0.09501742,0.009503183
urn:mavedb:00001105-a-1#619,NA,NA,p.Leu65Ile,-0.359138056130393,0.214814754739522,0.04730176,0.01946802
urn:mavedb:00001105-a-1#620,NA,NA,p.Leu65Lys,0.615541955122322,0.074596322079018,0.1356341,0.006760442
urn:mavedb:00001105-a-1#621,NA,NA,p.Tyr66Ter,-0.54994021374311,0.185171717285403,0.03000993,0.01678156
urn:mavedb:00001105-a-1#622,NA,NA,p.Tyr66Ala,-0.353133996524105,0.0897669971806972,0.04784589,0.008135315
urn:mavedb:00001105-a-1#623,NA,NA,p.Tyr66Cys,-0.459276188231511,0.129692674971144,0.03822654,0.01175366
urn:mavedb:00001105-a-1#624,NA,NA,p.Tyr66Asp,-0.955859773159251,0.231762460674667,-0.006777348,0.02100394
urn:mavedb:00001105-a-1#625,NA,NA,p.Tyr66Glu,-0.554285827465464,0.128196763404378,0.0296161,0.01161809
urn:mavedb:00001105-a-1#626,NA,NA,p.Tyr66Phe,-0.174449638443901,0.134279717808205,0.06403952,0.01216937
urn:mavedb:00001105-a-1#627,NA,NA,p.Tyr66Gly,-0.611094936758096,0.0844267352290043,0.02446766,0.007651343
urn:mavedb:00001105-a-1#628,NA,NA,p.Tyr66His,-0.245763583849694,0.122023107568974,0.05757655,0.01105859
urn:mavedb:00001105-a-1#629,NA,NA,p.Tyr66Ile,-0.576380232759514,0.208285575774508,0.02761375,0.0188763
urn:mavedb:00001105-a-1#630,NA,NA,p.Tyr66Lys,-0.424806113276488,0.14573138042779,0.04135046,0.0132072
urn:mavedb:00001105-a-1#631,NA,NA,p.Tyr66Leu,-0.731548644739099,0.111868409215508,0.0135513,0.0101383
urn:mavedb:00001105-a-1#632,NA,NA,p.Tyr66Met,-0.833096522046986,0.192358205773411,0.004348319,0.01743285
urn:mavedb:00001105-a-1#633,NA,NA,p.Tyr66Asn,-0.402988777684005,0.172620492907109,0.0433277,0.01564408
urn:mavedb:00001105-a-1#634,NA,NA,p.Tyr66Pro,-0.39824880031633,0.114514750375481,0.04375727,0.01037813
urn:mavedb:00001105-a-1#635,NA,NA,p.Tyr66Gln,-0.466873481378593,0.126617653687479,0.03753802,0.01147498
urn:mavedb:00001105-a-1#636,NA,NA,p.Tyr66Arg,-0.515556978236567,0.0826773672287452,0.03312598,0.007492803
urn:mavedb:00001105-a-1#637,NA,NA,p.Tyr66Ser,-0.601256810676154,0.10466717898631,0.02535926,0.009485674
urn:mavedb:00001105-a-1#638,NA,NA,p.Tyr66Thr,-0.578588073324494,0.161944868205137,0.02741366,0.01467658
urn:mavedb:00001105-a-1#639,NA,NA,p.Tyr66Val,-0.59370486824486,0.104558403473843,0.02604367,0.009475816
urn:mavedb:00001105-a-1#640,NA,NA,p.Tyr66Trp,-0.716072354363652,0.13467364008403,0.01495387,0.01220507
urn:mavedb:00001105-a-1#641,NA,NA,p.Leu67Ter,-0.835719349247021,0.309355107856085,0.00411062,0.02803593
urn:mavedb:00001105-a-1#642,NA,NA,p.Leu67Ala,-0.671197876262393,0.112516339636697,0.01902071,0.01019702
urn:mavedb:00001105-a-1#643,NA,NA,p.Leu67Cys,-0.684340866793417,0.173250327178932,0.0178296,0.01570116
urn:mavedb:00001105-a-1#644,NA,NA,p.Leu67Asp,-0.785931523839773,0.211854820552128,0.008622742,0.01919977
urn:mavedb:00001105-a-1#645,NA,NA,p.Leu67Glu,-0.674097342828736,0.147181720594019,0.01875794,0.01333864
urn:mavedb:00001105-a-1#646,NA,NA,p.Leu67Phe,-0.414100254763991,0.178084647276532,0.0423207,0.01613928
urn:mavedb:00001105-a-1#647,NA,NA,p.Leu67Gly,-0.766803143632172,0.101837559142823,0.01035629,0.009229234
urn:mavedb:00001105-a-1#648,NA,NA,p.Leu67His,-0.816522678144039,0.37570651532548,0.005850357,0.03404916
urn:mavedb:00001105-a-1#649,NA,NA,p.Leu67Ile,-1.16204897623518,0.839093067337592,-0.02546366,0.0760445
urn:mavedb:00001105-a-1#650,NA,NA,p.Leu67Lys,-0.779811152336861,0.292221143993322,0.009177413,0.02648313
urn:mavedb:00001105-a-1#651,NA,NA,p.Leu68Ter,-0.760383534644719,0.214939662307095,0.01093808,0.01947934
urn:mavedb:00001105-a-1#652,NA,NA,p.Leu68Ala,0.456490043283451,0.043624530720779,0.1212197,0.003953561
urn:mavedb:00001105-a-1#653,NA,NA,p.Leu68Cys,0.129161376439465,0.0745818892964752,0.09155488,0.006759134
urn:mavedb:00001105-a-1#654,NA,NA,p.Leu68Asp,0.635187311421434,0.0599000971178406,0.1374145,0.005428567
urn:mavedb:00001105-a-1#655,NA,NA,p.Leu68Glu,0.693206435189331,0.0603730907390032,0.1426726,0.005471433
urn:mavedb:00001105-a-1#656,NA,NA,p.Leu68Phe,-0.340283302942285,0.144026039034829,0.04901051,0.01305265
urn:mavedb:00001105-a-1#657,NA,NA,p.Leu68Gly,0.112069232336517,0.0503116868629073,0.09000587,0.004559598
urn:mavedb:00001105-a-1#658,NA,NA,p.Leu68His,0.412680810462531,0.0880040239657016,0.1172494,0.007975542
urn:mavedb:00001105-a-1#659,NA,NA,p.Leu68Ile,-0.123441448446691,0.122629107887974,0.06866224,0.01111351
urn:mavedb:00001105-a-1#660,NA,NA,p.Leu68Lys,0.394738036997026,0.0893512271147847,0.1156233,0.008097635
urn:mavedb:00001105-a-1#661,NA,NA,p.Glu69Ter,-0.823121637626485,0.20464008441633,0.005252313,0.01854592
urn:mavedb:00001105-a-1#662,NA,NA,p.Glu69Ala,-0.0841030679428203,0.0672572190532812,0.07222736,0.006095321
urn:mavedb:00001105-a-1#663,NA,NA,p.Glu69Cys,-0.501851020912473,0.128311078104029,0.03436811,0.01162845
urn:mavedb:00001105-a-1#664,NA,NA,p.Glu69Asp,-0.135372107312593,0.10568989831564,0.067581,0.00957836
urn:mavedb:00001105-a-1#665,NA,NA,p.Ile70Ter,-0.704806397959814,0.148263737915234,0.01597487,0.0134367
urn:mavedb:00001105-a-1#666,NA,NA,p.Ile70Ala,-0.7408266729297,0.136667637127848,0.01271046,0.01238578
urn:mavedb:00001105-a-1#667,NA,NA,p.Ile70Cys,-0.986585655502391,0.283936086827973,-0.009561943,0.02573228
urn:mavedb:00001105-a-1#668,NA,NA,p.Ile70Asp,-1.36333708000865,0.438010233482809,-0.0437058,0.03969556
urn:mavedb:00001105-a-1#669,NA,NA,p.Ile70Glu,-0.721195771481605,0.152505298778736,0.01448955,0.0138211
urn:mavedb:00001105-a-1#670,NA,NA,p.Ile70Phe,-0.570051766573135,0.271551479434692,0.02818728,0.0246099
urn:mavedb:00001105-a-1#671,NA,NA,p.Ile70Gly,-0.786048188831994,0.133793438965192,0.008612169,0.0121253
urn:mavedb:00001105-a-1#672,NA,NA,p.Ile70His,-1.24294483273006,0.756464504540947,-0.03279501,0.06855612
urn:mavedb:00001105-a-1#673,NA,NA,p.Pro71Ter,-0.0901819396788033,0.186135557923871,0.07167645,0.01686891
urn:mavedb:00001105-a-1#674,NA,NA,p.Pro71Ala,-0.695017705261505,0.114990657035322,0.01686199,0.01042126
urn:mavedb:00001105-a-1#675,NA,NA,p.Pro71Cys,-0.886403270592108,0.273959260381686,-0.0004827125,0.02482811
urn:mavedb:00001105-a-1#676,NA,NA,p.Pro71Asp,-0.586615039676635,0.219737569421215,0.0266862,0.01991416
urn:mavedb:00001105-a-1#677,NA,NA,p.Pro71Glu,-0.524429829229176,0.167317328061616,0.03232186,0.01516347
urn:mavedb:00001105-a-1#678,NA,NA,p.Pro71Phe,-1.02047838605299,0.670503822728797,-0.01263354,0.06076576
urn:mavedb:00001105-a-1#679,NA,NA,p.Pro71Gly,-0.94244628933216,0.121152395894315,-0.005561724,0.01097968
urn:mavedb:00001105-a-1#680,NA,NA,p.Pro71His,-0.389988239158048,0.295090045722018,0.0445059,0.02674313
urn:mavedb:00001105-a-1#681,NA,NA,p.Pro71Ile,-0.647296614591135,0.403268826629675,0.02118681,0.03654705
urn:mavedb:00001105-a-1#682,NA,NA,p.Pro71Lys,-0.491632103297234,0.219555614846191,0.03529422,0.01989767
urn:mavedb:00001105-a-1#683,NA,NA,p.Pro71Leu,-0.556932720337308,0.122372341183255,0.02937622,0.01109024
urn:mavedb:00001105-a-1#684,NA,NA,p.Pro71Met,-0.67374270243812,0.182838527783355,0.01879008,0.01657011
urn:mavedb:00001105-a-1#685,NA,NA,p.Pro71Asn,-0.757141896376042,0.416015688037391,0.01123186,0.03770226
urn:mavedb:00001105-a-1#686,NA,NA,p.Lys72Ter,-1.33095357934938,0.393370012241935,-0.04077098,0.03564995
urn:mavedb:00001105-a-1#687,NA,NA,p.Lys72Ala,-0.459000663323182,0.112865904278101,0.03825151,0.0102287
urn:mavedb:00001105-a-1#688,NA,NA,p.Lys72Cys,-0.585495726632947,0.17243655216935,0.02678764,0.01562741
urn:mavedb:00001105-a-1#689,NA,NA,p.Lys72Asp,-0.692291476222625,0.205355434028143,0.01710906,0.01861075
urn:mavedb:00001105-a-1#690,NA,NA,p.Lys72Glu,-0.36773659598079,0.135223807161695,0.0465225,0.01225493
urn:mavedb:00001105-a-1#691,NA,NA,p.Lys72Phe,-0.686765199096539,0.27638204789157,0.01760989,0.02504768
urn:mavedb:00001105-a-1#692,NA,NA,p.Lys72Gly,-0.688098024634266,0.158217282120569,0.0174891,0.01433876
urn:mavedb:00001105-a-1#693,NA,NA,p.Lys72His,-0.711392623932279,0.269115671524655,0.01537798,0.02438915
urn:mavedb:00001105-a-1#694,NA,NA,p.Lys72Ile,-0.209588939898329,0.176628348622097,0.06085495,0.0160073
urn:mavedb:00001105-a-1#695,NA,NA,p.Gly73Ter,-0.630923571740722,0.236735039767116,0.02267065,0.02145459
urn:mavedb:00001105-a-1#696,NA,NA,p.Gly73Ala,-0.737168381856117,0.140904673954008,0.013042,0.01276977
urn:mavedb:00001105-a-1#697,NA,NA,p.Gly73Cys,-0.591912135691548,0.177564162297522,0.02620614,0.01609211
urn:mavedb:00001105-a-1#698,NA,NA,p.Gly73Asp,-0.786892650055836,0.203140972920712,0.008535638,0.01841006
urn:mavedb:00001105-a-1#699,NA,NA,p.Gly73Glu,-0.766746317309469,0.222435550812305,0.01036144,0.02015867
urn:mavedb:00001105-a-1#700,NA,NA,p.Gly73Phe,-0.861622122277778,0.342806060643176,0.001763129,0.03106749
urn:mavedb:00001105-a-1#701,NA,NA,p.Glu74Ter,-0.744995738853365,0.1125124776536,0.01233263,0.01019667
urn:mavedb:00001105-a-1#702,NA,NA,p.Glu74Ala,-0.0587693415699503,0.0501502339010062,0.07452328,0.004544966
urn:mavedb:00001105-a-1#703,NA,NA,p.Glu74Cys,-0.470998741379709,0.100303049813568,0.03716416,0.009090166
urn:mavedb:00001105-a-1#704,NA,NA,p.Glu74Asp,-0.188712052360987,0.0897024689602764,0.06274696,0.008129467
urn:mavedb:00001105-a-1#705,NA,NA,p.Met75Ter,-0.86682311008478,0.122027079894444,0.001291779,0.01105895
urn:mavedb:00001105-a-1#706,NA,NA,p.Met75Ala,-0.682440660767653,0.0938466747470387,0.01800181,0.008505044
urn:mavedb:00001105-a-1#707,NA,NA,p.Met75Cys,-0.517118212488848,0.0897486803465832,0.03298449,0.008133655
urn:mavedb:00001105-a-1#708,NA,NA,p.Met75Asp,-0.0910822231097428,0.0767195521114758,0.07159486,0.006952864
urn:mavedb:00001105-a-1#709,NA,NA,p.Met75Glu,0.0877377457483289,0.0784310947458658,0.08780078,0.007107976
urn:mavedb:00001105-a-1#710,NA,NA,p.Met75Phe,-0.403407968363517,0.0793892527520629,0.04328971,0.007194811
urn:mavedb:00001105-a-1#711,NA,NA,p.Met75Gly,-0.613384099652846,0.108302629188438,0.0242602,0.009815144
urn:mavedb:00001105-a-1#712,NA,NA,p.Met75His,-0.472481963573444,0.0926893818581578,0.03702974,0.008400162
urn:mavedb:00001105-a-1#713,NA,NA,p.Met75Ile,-0.323145918465923,0.0780910857540657,0.05056362,0.007077162
urn:mavedb:00001105-a-1#714,NA,NA,p.Met75Lys,-0.619550141864432,0.10047142124233,0.02370139,0.009105425
urn:mavedb:00001105-a-1#715,NA,NA,p.Met75Leu,-0.367017274043507,0.0525281893042599,0.04658769,0.004760473
urn:mavedb:00001105-a-1#716,NA,NA,p.Val76Ter,-0.788568971404388,0.115724433823623,0.008383718,0.01048776
urn:mavedb:00001105-a-1#717,NA,NA,p.Val76Ala,-0.554165002565736,0.0738597977656,0.02962705,0.006693693
urn:mavedb:00001105-a-1#718,NA,NA,p.Val76Cys,-0.638715398493485,0.0892329290554257,0.0219645,0.008086914
urn:mavedb:00001105-a-1#719,NA,NA,p.Val76Asp,-0.685174062060855,0.110553348800024,0.01775409,0.01001912
urn:mavedb:00001105-a-1#720,NA,NA,p.Val76Glu,-0.845271335484237,0.154266473413033,0.003244952,0.01398071
urn:mavedb:00001105-a-1#721,NA,NA,p.Val76Phe,-0.761551729360169,0.0977381633942153,0.01083221,0.008857718
urn:mavedb:00001105-a-1#722,NA,NA,p.Val76Gly,-0.931416642156867,0.100984204323622,-0.00456214,0.009151897
urn:mavedb:00001105-a-1#723,NA,NA,p.Val76His,-0.732622938094121,0.0900418379663062,0.01345394,0.008160223
urn:mavedb:00001105-a-1#724,NA,NA,p.Val76Ile,-0.100535474990542,0.0513254794941663,0.07073814,0.004651475
urn:mavedb:00001105-a-1#725,NA,NA,p.Val76Lys,-0.832919941145584,0.126042328548502,0.004364322,0.01142284
urn:mavedb:00001105-a-1#726,NA,NA,p.Val76Leu,-0.575766839501444,0.0629036937826982,0.02766934,0.005700774
urn:mavedb:00001105-a-1#727,NA,NA,p.Val76Met,-0.780092966760518,0.124885609439967,0.009151873,0.01131801
urn:mavedb:00001105-a-1#728,NA,NA,p.Val76Asn,-0.835606380724335,0.108461930474042,0.004120858,0.009829581
urn:mavedb:00001105-a-1#729,NA,NA,p.Val76Pro,-0.801122060568805,0.110782750595945,0.007246069,0.01003991
urn:mavedb:00001105-a-1#730,NA,NA,p.Val76Gln,-0.885566577471408,0.117043576906952,-0.0004068855,0.01060731
urn:mavedb:00001105-a-1#731,NA,NA,p.Val76Arg,-0.735619174922621,0.0848860684642433,0.0131824,0.007692971
urn:mavedb:00001105-a-1#732,NA,NA,p.Val76Ser,-0.851606179459844,0.0796888764349129,0.002670844,0.007221965
urn:mavedb:00001105-a-1#733,NA,NA,p.Val76Thr,-0.673623532674005,0.0809964115004781,0.01880088,0.007340463
urn:mavedb:00001105-a-1#734,NA,NA,p.Thr77Ter,-1.03579423861638,0.207001190539046,-0.01402157,0.0187599
urn:mavedb:00001105-a-1#735,NA,NA,p.Thr77Ala,-0.676163614127642,0.0937538878445903,0.01857068,0.008496635
urn:mavedb:00001105-a-1#736,NA,NA,p.Thr77Cys,-0.297933899731774,0.105642771087628,0.05284851,0.009574089
urn:mavedb:00001105-a-1#737,NA,NA,p.Thr77Asp,-0.243382947126748,0.0947259931268838,0.0577923,0.008584734
urn:mavedb:00001105-a-1#738,NA,NA,p.Thr77Glu,0.0037073934300936,0.0673278381727568,0.08018536,0.006101721
urn:mavedb:00001105-a-1#739,NA,NA,p.Thr77Phe,-0.912231998372671,0.245522265077361,-0.002823493,0.02225095
urn:mavedb:00001105-a-1#740,NA,NA,p.Thr77Gly,-0.772127383871134,0.0821201823760829,0.00987377,0.007442307
urn:mavedb:00001105-a-1#741,NA,NA,p.Thr77His,-0.374887554224312,0.144947177174488,0.04587443,0.01313613
urn:mavedb:00001105-a-1#742,NA,NA,p.Thr77Ile,-0.712318506794028,0.140659382856205,0.01529407,0.01274754
urn:mavedb:00001105-a-1#743,NA,NA,p.Thr77Lys,-0.779390703754283,0.186912699265225,0.009215517,0.01693934
urn:mavedb:00001105-a-1#744,NA,NA,p.Thr77Leu,-0.743383967793709,0.120687854499014,0.0124787,0.01093758
urn:mavedb:00001105-a-1#745,NA,NA,p.Thr77Met,-0.520789744647333,0.162968293725662,0.03265175,0.01476933
urn:mavedb:00001105-a-1#746,NA,NA,p.Thr77Asn,-0.215784443523821,0.128721441393607,0.06029347,0.01166564
urn:mavedb:00001105-a-1#747,NA,NA,p.Thr77Pro,-0.773355792420174,0.160573091809324,0.009762443,0.01455226
urn:mavedb:00001105-a-1#748,NA,NA,p.Thr77Gln,-0.348783858764409,0.137572554938503,0.04824013,0.01246779
urn:mavedb:00001105-a-1#749,NA,NA,p.Thr77Arg,-0.703807689131105,0.0840278806490537,0.01606538,0.007615196
urn:mavedb:00001105-a-1#750,NA,NA,p.Thr77Ser,-0.395431980188247,0.0857150045160375,0.04401255,0.007768095
urn:mavedb:00001105-a-1#751,NA,NA,p.Ile78Ter,-0.764207890991444,0.211967480116166,0.01059149,0.01920998
urn:mavedb:00001105-a-1#752,NA,NA,p.Ile78Ala,-0.535545388977006,0.125778830958959,0.03131449,0.01139896
urn:mavedb:00001105-a-1#753,NA,NA,p.Ile78Cys,-0.610811136171703,0.184872137739503,0.02449338,0.01675441
urn:mavedb:00001105-a-1#754,NA,NA,p.Ile78Asp,-0.540684585054467,0.151825148384287,0.03084874,0.01375946
urn:mavedb:00001105-a-1#755,NA,NA,p.Ile78Glu,-0.822512338070497,0.194555453470469,0.005307532,0.01763198
urn:mavedb:00001105-a-1#756,NA,NA,p.Ile78Phe,-0.977209102605884,0.321736515320515,-0.008712174,0.02915802
urn:mavedb:00001105-a-1#757,NA,NA,p.Ile78Gly,-0.762228790168141,0.0991397101625823,0.01077085,0.008984736
urn:mavedb:00001105-a-1#758,NA,NA,p.Ile78His,-0.789597759564298,0.282686128413255,0.008290482,0.025619
urn:mavedb:00001105-a-1#759,NA,NA,p.Leu79Ter,-0.920813865490329,0.245635366010896,-0.003601242,0.0222612
urn:mavedb:00001105-a-1#760,NA,NA,p.Leu79Ala,-0.693901702489043,0.116760548717179,0.01696313,0.01058166
urn:mavedb:00001105-a-1#761,NA,NA,p.Leu79Cys,-0.360349063687025,0.147083846908121,0.04719201,0.01332977
urn:mavedb:00001105-a-1#762,NA,NA,p.Leu79Asp,-1.04558789672152,0.321364440834778,-0.01490914,0.0291243
urn:mavedb:00001105-a-1#763,NA,NA,p.Leu79Glu,-0.0300304495298671,0.0969715818180705,0.0771278,0.008788245
urn:mavedb:00001105-a-1#764,NA,NA,p.Leu79Phe,0.109891625582063,0.114077463546604,0.08980852,0.0103385
urn:mavedb:00001105-a-1#765,NA,NA,p.Leu79Gly,-0.732966764932068,0.10511193599392,0.01342278,0.009525981
urn:mavedb:00001105-a-1#766,NA,NA,p.Leu79His,0.293539735364781,0.10698437987834,0.106452,0.009695675
urn:mavedb:00001105-a-1#767,NA,NA,p.Leu79Ile,0.188497436443206,0.126553324083332,0.09693233,0.01146915
urn:mavedb:00001105-a-1#768,NA,NA,p.Leu79Lys,-0.651943573337376,0.154766765737567,0.02076567,0.01402605
urn:mavedb:00001105-a-1#769,NA,NA,p.Ala80Ter,-0.731754764294068,0.127928300407996,0.01353262,0.01159376
urn:mavedb:00001105-a-1#770,NA,NA,p.Gln81Ter,-1.08767832637983,0.460656792017259,-0.01872367,0.04174795
urn:mavedb:00001105-a-1#771,NA,NA,p.Gln81Ala,-0.189649521172026,0.0961240751447016,0.062662,0.008711438
urn:mavedb:00001105-a-1#772,NA,NA,p.Gln81Cys,-0.368034410048704,0.161550394217442,0.04649551,0.01464083
urn:mavedb:00001105-a-1#773,NA,NA,p.Gln81Asp,-0.430074851301237,0.207231364731587,0.04087297,0.01878076
urn:mavedb:00001105-a-1#774,NA,NA,p.Gln81Glu,-0.153411209670759,0.129136990774771,0.06594617,0.0117033
urn:mavedb:00001105-a-1#775,NA,NA,p.Gln81Phe,-0.778533917287246,0.294070813211712,0.009293165,0.02665076
urn:mavedb:00001105-a-1#776,NA,NA,p.Gln81Gly,-0.620632269528021,0.13991733038984,0.02360332,0.01268029
urn:mavedb:00001105-a-1#777,NA,NA,p.Gln81His,-0.711112795671357,0.252996416134858,0.01540334,0.02292831
urn:mavedb:00001105-a-1#778,NA,NA,p.Gln81Ile,-0.276996875600504,0.156103563600765,0.05474597,0.0141472
urn:mavedb:00001105-a-1#779,NA,NA,p.Gln81Lys,-0.0925896102834238,0.138441390792801,0.07145825,0.01254653
urn:mavedb:00001105-a-1#780,NA,NA,p.Gln81Leu,-0.438011667933673,0.106515204103324,0.04015368,0.009653155
urn:mavedb:00001105-a-1#781,NA,NA,p.Gln81Met,-0.074779468351683,0.130597703124173,0.07307233,0.01183568
urn:mavedb:00001105-a-1#782,NA,NA,p.Gln81Asn,-0.566781328944796,0.305998934203008,0.02848367,0.02773177
urn:mavedb:00001105-a-1#783,NA,NA,p.Gln81Pro,-0.952972609767628,0.237999563375225,-0.006515693,0.02156919
urn:mavedb:00001105-a-1#784,NA,NA,p.Ser82Ter,-0.810978260731637,0.347757122972659,0.006352831,0.03151619
urn:mavedb:00001105-a-1#785,NA,NA,p.Ser82Ala,-0.204729130712294,0.0885793601389166,0.06129538,0.008027683
urn:mavedb:00001105-a-1#786,NA,NA,p.Ser82Cys,-0.58707152607862,0.166204194190882,0.02664483,0.01506259
urn:mavedb:00001105-a-1#787,NA,NA,p.Ser82Asp,-0.263117018694702,0.150838246189616,0.05600386,0.01367002
urn:mavedb:00001105-a-1#788,NA,NA,p.Ser82Glu,-0.0027630833918562,0.112511374229859,0.07959896,0.01019657
urn:mavedb:00001105-a-1#789,NA,NA,p.Ser82Phe,-0.806821310400657,0.22526274312356,0.006729563,0.02041489
urn:mavedb:00001105-a-1#790,NA,NA,p.Ser82Gly,-0.418819046395824,0.10830275056505,0.04189305,0.009815155
urn:mavedb:00001105-a-1#791,NA,NA,p.Ser82His,-0.165910793817936,0.135681176302673,0.06481337,0.01229638
urn:mavedb:00001105-a-1#792,NA,NA,p.Ser82Ile,-0.92535406798955,0.385005177540052,-0.004012707,0.03489187
urn:mavedb:00001105-a-1#793,NA,NA,p.Ser82Lys,-0.213079841590281,0.161946081971253,0.06053858,0.01467669
urn:mavedb:00001105-a-1#794,NA,NA,p.Ser82Leu,-0.764957115712131,0.156563139589227,0.01052359,0.01418885
urn:mavedb:00001105-a-1#795,NA,NA,p.Ser82Met,-0.991376997245247,0.318102168542128,-0.009996168,0.02882865
urn:mavedb:00001105-a-1#796,NA,NA,p.Ser82Asn,0.0244961174104652,0.154615265657817,0.08206938,0.01401232
urn:mavedb:00001105-a-1#797,NA,NA,p.Ser82Pro,0.127319541529642,0.089207230316479,0.09138796,0.008084585
urn:mavedb:00001105-a-1#798,NA,NA,p.Ser82Gln,-0.331510973852554,0.146474094948399,0.04980552,0.01327451
urn:mavedb:00001105-a-1#799,NA,NA,p.Ser82Arg,-0.229095485490723,0.0883286181278287,0.05908713,0.008004959
urn:mavedb:00001105-a-1#800,NA,NA,p.Arg83Ter,-0.863923257320127,0.165374419537044,0.001554584,0.01498739
urn:mavedb:00001105-a-1#801,NA,NA,p.Arg83Ala,-0.300243806992871,0.0626120699219763,0.05263917,0.005674345
urn:mavedb:00001105-a-1#802,NA,NA,p.Arg83Cys,-0.426785103757417,0.0980152110273079,0.04117111,0.008882826
urn:mavedb:00001105-a-1#803,NA,NA,p.Arg83Asp,-0.571021565699808,0.11372315418311,0.02809939,0.01030639
urn:mavedb:00001105-a-1#804,NA,NA,p.Arg83Glu,-0.449087835453921,0.117154029623507,0.03914988,0.01061732
urn:mavedb:00001105-a-1#805,NA,NA,p.Arg83Phe,-0.652758010401203,0.120624849003357,0.02069186,0.01093187
urn:mavedb:00001105-a-1#806,NA,NA,p.Arg83Gly,-0.577739981836542,0.0842536963178143,0.02749052,0.007635661
urn:mavedb:00001105-a-1#807,NA,NA,p.Arg83His,-0.337543612133755,0.0745265305273488,0.0492588,0.006754117
urn:mavedb:00001105-a-1#808,NA,NA,p.Arg83Ile,-0.775830860146944,0.116735832025362,0.009538135,0.01057942
urn:mavedb:00001105-a-1#809,NA,NA,p.Arg83Lys,-0.107633579236831,0.0716254639965798,0.07009486,0.006491202
urn:mavedb:00001105-a-1#810,NA,NA,p.Arg83Leu,-0.753956201691074,0.0813457775256087,0.01152057,0.007372125
urn:mavedb:00001105-a-1#811,NA,NA,p.Arg83Met,-0.328712360216212,0.0771390738181104,0.05005915,0.006990884
urn:mavedb:00001105-a-1#812,NA,NA,p.Arg83Asn,-0.0598321593180577,0.0633780115123509,0.07442696,0.00574376
urn:mavedb:00001105-a-1#813,NA,NA,p.Arg83Pro,-0.41436496611965,0.0661984839730184,0.04229671,0.005999371
urn:mavedb:00001105-a-1#814,NA,NA,p.Arg83Gln,-0.16667237688453,0.0664558575607946,0.06474435,0.006022696
urn:mavedb:00001105-a-1#815,NA,NA,p.Ala84Ter,-0.729640494062394,0.148903503000733,0.01372423,0.01349468
urn:mavedb:00001105-a-1#816,NA,NA,p.Asp85Ter,-0.627357526891954,0.131645845336515,0.02299383,0.01193067
urn:mavedb:00001105-a-1#817,NA,NA,p.Asp85Ala,-0.20963594574973,0.0572878848542016,0.06085069,0.00519183
urn:mavedb:00001105-a-1#818,NA,NA,p.Asp85Cys,-0.507125276055931,0.0886846046954101,0.03389012,0.008037221
urn:mavedb:00001105-a-1#819,NA,NA,p.Val86Ter,-0.810510982845457,0.23267311628878,0.006395179,0.02108647
urn:mavedb:00001105-a-1#820,NA,NA,p.Val86Ala,-0.149845275164365,0.0749651193962418,0.06626934,0.006793865
urn:mavedb:00001105-a-1#821,NA,NA,p.Val86Cys,-0.285838389358846,0.133596477827279,0.05394469,0.01210745
urn:mavedb:00001105-a-1#822,NA,NA,p.Val86Asp,-0.0312969593007118,0.11660143501361,0.07701302,0.01056724
urn:mavedb:00001105-a-1#823,NA,NA,p.Val86Glu,0.0273106203486895,0.0917551902156327,0.08232445,0.008315499
urn:mavedb:00001105-a-1#824,NA,NA,p.Val86Phe,-0.453767786570042,0.199758648124955,0.03872575,0.01810353
urn:mavedb:00001105-a-1#825,NA,NA,p.Val86Gly,-0.408405043463034,0.071641938113045,0.04283684,0.006492695
urn:mavedb:00001105-a-1#826,NA,NA,p.Val86His,0.106321939434947,0.133692475692816,0.08948501,0.01211615
urn:mavedb:00001105-a-1#827,NA,NA,p.Val86Ile,-0.211988114140138,0.140731215741796,0.06063752,0.01275405
urn:mavedb:00001105-a-1#828,NA,NA,p.Val86Lys,-0.154107470051838,0.126959163335568,0.06588307,0.01150593
urn:mavedb:00001105-a-1#829,NA,NA,p.Val86Leu,-0.246075632083877,0.0823672499861106,0.05754827,0.007464698
urn:mavedb:00001105-a-1#830,NA,NA,p.Val86Met,-0.220351955760653,0.116804023612606,0.05987953,0.0105856
urn:mavedb:00001105-a-1#831,NA,NA,p.Val86Asn,-0.168509577414637,0.204689628142337,0.06457785,0.01855041
urn:mavedb:00001105-a-1#832,NA,NA,p.Val86Pro,-0.459112660832976,0.138963751592171,0.03824136,0.01259387
urn:mavedb:00001105-a-1#833,NA,NA,p.Val86Gln,-0.256740663917928,0.129815265348859,0.05658173,0.01176477
urn:mavedb:00001105-a-1#834,NA,NA,p.Val86Arg,-0.0838222466005308,0.0545269641728794,0.07225281,0.004941616
urn:mavedb:00001105-a-1#835,NA,NA,p.Val86Ser,-0.105811936981484,0.0793337615720875,0.07025995,0.007189782
urn:mavedb:00001105-a-1#836,NA,NA,p.Val86Thr,-0.211864089311559,0.109683266076898,0.06064876,0.009940267
urn:mavedb:00001105-a-1#837,NA,NA,p.Tyr87Ter,-0.577556813495402,0.261108346115118,0.02750712,0.02366347
urn:mavedb:00001105-a-1#838,NA,NA,p.Tyr87Ala,-0.266391538990885,0.0724314488345445,0.0557071,0.006564246
urn:mavedb:00001105-a-1#839,NA,NA,p.Tyr87Cys,-0.25204945787964,0.114275969477754,0.05700688,0.01035649
urn:mavedb:00001105-a-1#840,NA,NA,p.Tyr87Asp,-0.303947338439868,0.114107255987632,0.05230353,0.0103412
urn:mavedb:00001105-a-1#841,NA,NA,p.Tyr87Glu,-0.228283586301502,0.0940583114207171,0.05916071,0.008524224
urn:mavedb:00001105-a-1#842,NA,NA,p.Tyr87Phe,-0.200773466940294,0.135853531091143,0.06165387,0.012312
urn:mavedb:00001105-a-1#843,NA,NA,p.Tyr87Gly,-0.313947226442358,0.0738440188060922,0.05139727,0.006692263
urn:mavedb:00001105-a-1#844,NA,NA,p.Tyr87His,-0.213000615765619,0.137144205841934,0.06054576,0.01242897
urn:mavedb:00001105-a-1#845,NA,NA,p.Tyr87Ile,-0.344430521075862,0.211127002252033,0.04863466,0.01913381
urn:mavedb:00001105-a-1#846,NA,NA,p.Tyr87Lys,-0.206436347925616,0.100591926149173,0.06114066,0.009116346
urn:mavedb:00001105-a-1#847,NA,NA,p.Tyr87Leu,-0.656105577349094,0.126495615021636,0.02038848,0.01146392
urn:mavedb:00001105-a-1#848,NA,NA,p.Tyr87Met,-0.309843152177085,0.152237277151851,0.05176921,0.01379681
urn:mavedb:00001105-a-1#849,NA,NA,p.Tyr87Asn,-0.127982699198468,0.147126770091677,0.06825068,0.01333366
urn:mavedb:00001105-a-1#850,NA,NA,p.Tyr87Pro,-0.16159100021114,0.0968288208543556,0.06520486,0.008775307
urn:mavedb:00001105-a-1#851,NA,NA,p.Tyr87Gln,-0.128383462701491,0.133750405439261,0.06821436,0.0121214
urn:mavedb:00001105-a-1#852,NA,NA,p.Tyr87Arg,-0.278102726874542,0.0856556403187284,0.05464575,0.007762715
urn:mavedb:00001105-a-1#853,NA,NA,p.Tyr87Ser,-0.261155241624145,0.08314735953733,0.05618165,0.007535397
urn:mavedb:00001105-a-1#854,NA,NA,p.Tyr87Thr,-0.165085763886188,0.105698825013711,0.06488814,0.009579169
urn:mavedb:00001105-a-1#855,NA,NA,p.Tyr87Val,-0.5868553653676,0.101242228931406,0.02666442,0.009175281
urn:mavedb:00001105-a-1#856,NA,NA,p.Tyr87Trp,-0.0368669320069739,0.0985408600294294,0.07650823,0.008930464
urn:mavedb:00001105-a-1#857,NA,NA,p.Arg88Ter,-0.712058981529955,0.186134013130632,0.01531759,0.01686877
urn:mavedb:00001105-a-1#858,NA,NA,p.Arg88Ala,-0.168808825933415,0.0513261305141739,0.06455073,0.004651534
urn:mavedb:00001105-a-1#859,NA,NA,p.Arg88Cys,-0.331520573639108,0.0902270366071309,0.04980465,0.008177007
urn:mavedb:00001105-a-1#860,NA,NA,p.Arg88Asp,-0.117608640205131,0.0868389740079158,0.06919085,0.007869957
urn:mavedb:00001105-a-1#861,NA,NA,p.Arg88Glu,-0.0487065584141771,0.0823715643729411,0.07543524,0.007465089
urn:mavedb:00001105-a-1#862,NA,NA,p.Arg88Phe,-0.326484547681505,0.124660400654264,0.05026105,0.0112976
urn:mavedb:00001105-a-1#863,NA,NA,p.Arg88Gly,-0.240623284348491,0.0470637811473764,0.0580424,0.00426525
urn:mavedb:00001105-a-1#864,NA,NA,p.Arg88His,-0.0309451878118241,0.111955579691111,0.0770449,0.0101462
urn:mavedb:00001105-a-1#865,NA,NA,p.Arg88Ile,-0.726659374139157,0.197172995270781,0.0139944,0.0178692
urn:mavedb:00001105-a-1#866,NA,NA,p.Arg88Lys,0.0906714184506683,0.0759981557375579,0.08806665,0.006887486
urn:mavedb:00001105-a-1#867,NA,NA,p.Arg88Leu,-0.245018993508724,0.0551188517022215,0.05764403,0.004995257
urn:mavedb:00001105-a-1#868,NA,NA,p.Arg88Met,-0.281817733928454,0.0877484599928619,0.05430907,0.007952381
urn:mavedb:00001105-a-1#869,NA,NA,p.Arg88Asn,-0.0276396613084962,0.114131310625204,0.07734447,0.01034338
urn:mavedb:00001105-a-1#870,NA,NA,p.Arg88Pro,-0.07800499663373,0.0727610194377471,0.07278001,0.006594114
urn:mavedb:00001105-a-1#871,NA,NA,p.Arg88Gln,-0.0880963584644159,0.085734468910843,0.07186546,0.007769859
urn:mavedb:00001105-a-1#872,NA,NA,p.Asp89Ter,-1.00512843769598,0.199233308081481,-0.01124242,0.01805592
urn:mavedb:00001105-a-1#873,NA,NA,p.Asp89Ala,-0.356762384814285,0.081133368455311,0.04751706,0.007352875
urn:mavedb:00001105-a-1#874,NA,NA,p.Asp89Cys,-0.507278100244171,0.0963211466249881,0.03387627,0.008729298
urn:mavedb:00001105-a-1#875,NA,NA,p.Ile90Ter,-0.956094471389133,0.365697248221184,-0.006798618,0.03314205
urn:mavedb:00001105-a-1#876,NA,NA,p.Ile90Ala,-0.167776573022956,0.0835730162799691,0.06464428,0.007573973
urn:mavedb:00001105-a-1#877,NA,NA,p.Ile90Cys,-0.2615686945002,0.119547686746606,0.05614418,0.01083425
urn:mavedb:00001105-a-1#878,NA,NA,p.Ile90Asp,-0.0084398675163251,0.118187054930586,0.07908449,0.01071094
urn:mavedb:00001105-a-1#879,NA,NA,p.Ile90Glu,-0.203967326960951,0.113497724712659,0.06136442,0.01028596
urn:mavedb:00001105-a-1#880,NA,NA,p.Ile90Phe,-0.263511713367146,0.171484959534417,0.05596809,0.01554117
urn:mavedb:00001105-a-1#881,NA,NA,p.Ile90Gly,-0.201611075902699,0.0711166863434705,0.06157796,0.006445093
urn:mavedb:00001105-a-1#882,NA,NA,p.Ile90His,0.0686731213645291,0.125859601576859,0.08607301,0.01140628
urn:mavedb:00001105-a-1#883,NA,NA,p.Leu91Ter,-1.09300289764592,0.376551186199832,-0.01920622,0.03412571
urn:mavedb:00001105-a-1#884,NA,NA,p.Leu91Ala,-0.130237214587725,0.0724396031359965,0.06804636,0.006564985
urn:mavedb:00001105-a-1#885,NA,NA,p.Leu91Cys,-0.0524747504924442,0.0849017260471395,0.07509374,0.00769439
urn:mavedb:00001105-a-1#886,NA,NA,p.Leu91Asp,-0.268280379752108,0.119158840219994,0.05553592,0.01079901
urn:mavedb:00001105-a-1#887,NA,NA,p.Leu91Glu,-0.134063777781934,0.100691907374418,0.06769957,0.009125407
urn:mavedb:00001105-a-1#888,NA,NA,p.Leu91Phe,-0.0344349860800336,0.114519274412823,0.07672863,0.01037854
urn:mavedb:00001105-a-1#889,NA,NA,p.Leu91Gly,-0.123870790624628,0.0610401545278745,0.06862333,0.005531887
urn:mavedb:00001105-a-1#890,NA,NA,p.Leu91His,-0.215546435022714,0.155626553517182,0.06031504,0.01410397
urn:mavedb:00001105-a-1#891,NA,NA,p.Leu91Ile,0.154187357930745,0.105697313323185,0.09382291,0.009579032
urn:mavedb:00001105-a-1#892,NA,NA,p.Leu91Lys,0.0768070094772513,0.0955834085454541,0.08681016,0.008662439
urn:mavedb:00001105-a-1#893,NA,NA,p.Ala92Ter,-0.808855427931726,0.206202642777101,0.006545217,0.01868753
urn:mavedb:00001105-a-1#894,NA,NA,p.Cys93Ter,-0.511057547244605,0.298107357943986,0.03353375,0.02701658
urn:mavedb:00001105-a-1#895,NA,NA,p.Cys93Ala,0.19343823693189,0.0572772699178054,0.0973801,0.005190868
urn:mavedb:00001105-a-1#896,NA,NA,p.Gly94Ter,-0.52896942484534,0.190479406168238,0.03191045,0.01726258
urn:mavedb:00001105-a-1#897,NA,NA,p.Gly94Ala,-0.204701324434,0.0640500076053481,0.0612979,0.005804661
urn:mavedb:00001105-a-1#898,NA,NA,p.Gly94Cys,-0.58816159839315,0.1162796766505,0.02654604,0.01053808
urn:mavedb:00001105-a-1#899,NA,NA,p.Gly94Asp,0.151373848073888,0.0770990085020454,0.09356793,0.006987253
urn:mavedb:00001105-a-1#900,NA,NA,p.Gly94Glu,0.317693681072912,0.0690509557221983,0.108641,0.006257882
urn:mavedb:00001105-a-1#901,NA,NA,p.Gly94Phe,-0.517083564983355,0.134482968461446,0.03298763,0.01218779
urn:mavedb:00001105-a-1#902,NA,NA,p.Arg95Ter,-0.350866019365197,1.31430788049237,0.04805143,0.1191118
urn:mavedb:00001105-a-1#903,NA,NA,p.Arg95Ala,0.500331275392884,0.148524476945423,0.1251929,0.01346033
urn:mavedb:00001105-a-1#904,NA,NA,p.Arg95Cys,0.491093411826485,0.184782208704546,0.1243557,0.01674626
urn:mavedb:00001105-a-1#905,NA,NA,p.Arg95Asp,0.325875568118403,0.365371738217352,0.1093825,0.03311255
urn:mavedb:00001105-a-1#906,NA,NA,p.Arg95Glu,0.18505365094503,0.400518542953224,0.09662023,0.0362978
urn:mavedb:00001105-a-1#907,NA,NA,p.Arg95Phe,0.765961783029045,0.332045692997833,0.1492662,0.03009231
urn:mavedb:00001105-a-1#908,NA,NA,p.Arg95Gly,0.0295713149109015,0.152248752758766,0.08252933,0.01379785
urn:mavedb:00001105-a-1#909,NA,NA,p.Arg95His,-0.181034319623128,0.366025406441997,0.06344277,0.03317179
urn:mavedb:00001105-a-1#910,NA,NA,p.Arg95Ile,-0.441501024832386,0.703921452118885,0.03983745,0.0637943
urn:mavedb:00001105-a-1#911,NA,NA,p.Arg95Lys,NA,NA,NA,NA
urn:mavedb:00001105-a-1#912,NA,NA,p.Arg95Leu,0.476413462365499,0.412776808328069,0.1230253,0.03740873
urn:mavedb:00001105-a-1#913,NA,NA,p.Arg95Met,0.549803278856751,0.940693787608474,0.1296764,0.08525227
urn:mavedb:00001105-a-1#914,NA,NA,p.Arg95Asn,0.298860444647769,0.394872434008778,0.1069342,0.03578611
urn:mavedb:00001105-a-1#915,NA,NA,p.Arg95Pro,0.458080076895394,0.244094545097839,0.1213638,0.02212156
urn:mavedb:00001105-a-1#916,NA,NA,p.Arg95Gln,0.14110108338005,0.457876164187908,0.09263694,0.04149595
urn:mavedb:00001105-a-1#917,NA,NA,p.=,0.0,0.0082903988396837,0.07984937,0.0007513341
urn:mavedb:00001105-a-1#918,NA,NA,p.Arg95Ser,-0.115741205864499,0.231689303680586,0.06936009,0.02099731
urn:mavedb:00001105-a-1#919,NA,NA,p.Arg95Thr,0.0867230372753643,0.235964629310587,0.08770882,0.02138477
urn:mavedb:00001105-a-1#920,NA,NA,p.Arg95Val,-0.233578916838428,0.300274592515267,0.05868081,0.02721299
urn:mavedb:00001105-a-1#921,NA,NA,p.Arg95Trp,-0.295969033074741,0.390285832541213,0.05302658,0.03537044
urn:mavedb:00001105-a-1#922,NA,NA,p.Arg95Tyr,0.203891963119386,0.758292767338745,0.09832749,0.06872181
urn:mavedb:00001105-a-1#923,NA,NA,p.Gly94His,-0.106956187401737,0.10838048676766,0.07015625,0.0098222
urn:mavedb:00001105-a-1#924,NA,NA,p.Gly94Ile,-0.983089611855803,0.297932906650407,-0.009245107,0.02700077
urn:mavedb:00001105-a-1#925,NA,NA,p.Gly94Lys,-0.227736619152689,0.131330376488732,0.05921028,0.01190208
urn:mavedb:00001105-a-1#926,NA,NA,p.Gly94Leu,-0.778381324817992,0.140102595236089,0.009306994,0.01269708
urn:mavedb:00001105-a-1#927,NA,NA,p.Gly94Met,-0.471001389596689,0.250579035401309,0.03716392,0.02270923
urn:mavedb:00001105-a-1#928,NA,NA,p.Gly94Asn,0.285815769172139,0.101582160683545,0.105752,0.009206088
urn:mavedb:00001105-a-1#929,NA,NA,p.Gly94Pro,-0.083928726991615,0.0817390267129509,0.07224316,0.007407764
urn:mavedb:00001105-a-1#930,NA,NA,p.Gly94Gln,0.110305299142866,0.0884534153530269,0.08984601,0.008016269
urn:mavedb:00001105-a-1#931,NA,NA,p.Gly94Arg,-0.0768425397217376,0.0491485458281948,0.07288536,0.004454186
urn:mavedb:00001105-a-1#932,NA,NA,p.Gly94Ser,0.0293084793756034,0.0529816523251924,0.08250551,0.004801569
urn:mavedb:00001105-a-1#933,NA,NA,p.Gly94Thr,-0.0505958405448971,0.0757283244957367,0.07526402,0.006863032
urn:mavedb:00001105-a-1#934,NA,NA,p.Gly94Val,-0.627611093667821,0.104280804128879,0.02297085,0.009450658
urn:mavedb:00001105-a-1#935,NA,NA,p.Gly94Trp,-0.621946447204512,0.105872007369988,0.02348422,0.009594864
urn:mavedb:00001105-a-1#936,NA,NA,p.Gly94Tyr,-0.781492604605812,0.196549119487164,0.009025028,0.01781266
urn:mavedb:00001105-a-1#937,NA,NA,p.Cys93Asp,0.234686423248079,0.0814736091660969,0.1011183,0.00738371
urn:mavedb:00001105-a-1#938,NA,NA,p.Cys93Glu,0.28784496543332,0.0779679105617679,0.1059359,0.007065999
urn:mavedb:00001105-a-1#939,NA,NA,p.Cys93Phe,0.15305281763942,0.0924953006562116,0.09372009,0.008382573
urn:mavedb:00001105-a-1#940,NA,NA,p.Cys93Gly,0.256277115603995,0.0501871213566948,0.103075,0.004548309
urn:mavedb:00001105-a-1#941,NA,NA,p.Cys93His,0.0648720472587561,0.105266238769974,0.08572853,0.009539965
urn:mavedb:00001105-a-1#942,NA,NA,p.Cys93Ile,-0.118289894023322,0.155192356274782,0.06912911,0.01406462
urn:mavedb:00001105-a-1#943,NA,NA,p.Cys93Lys,0.236670379135846,0.102110038601624,0.1012981,0.009253928
urn:mavedb:00001105-a-1#944,NA,NA,p.Cys93Leu,-0.148581744637623,0.0826792871860559,0.06638385,0.007492977
urn:mavedb:00001105-a-1#945,NA,NA,p.Cys93Met,0.0938084521486225,0.101196602359683,0.08835095,0.009171146
urn:mavedb:00001105-a-1#946,NA,NA,p.Cys93Asn,0.300192277104128,0.0991164279216302,0.1070549,0.008982626
urn:mavedb:00001105-a-1#947,NA,NA,p.Cys93Pro,0.0905596416256234,0.0902363495035117,0.08805652,0.008177851
urn:mavedb:00001105-a-1#948,NA,NA,p.Cys93Gln,0.276262326415584,0.0945391614189213,0.1048862,0.008567802
urn:mavedb:00001105-a-1#949,NA,NA,p.Cys93Arg,0.0575242382196964,0.0542650444792869,0.08506262,0.004917879
urn:mavedb:00001105-a-1#950,NA,NA,p.Cys93Ser,0.194178413577894,0.0571045730679754,0.09744718,0.005175217
urn:mavedb:00001105-a-1#951,NA,NA,p.Cys93Thr,0.0347679993653107,0.0978300123864832,0.08300029,0.008866042
urn:mavedb:00001105-a-1#952,NA,NA,p.Cys93Val,-0.0317832381437258,0.0687559002136394,0.07696895,0.006231142
urn:mavedb:00001105-a-1#953,NA,NA,p.Cys93Trp,-0.226520535846844,0.0975114980891735,0.05932049,0.008837176
urn:mavedb:00001105-a-1#954,NA,NA,p.Cys93Tyr,0.0184904026685641,0.08015048272306,0.0815251,0.007263799
urn:mavedb:00001105-a-1#955,NA,NA,p.Ala92Cys,0.0126342018436776,0.093345963121482,0.08099437,0.008459666
urn:mavedb:00001105-a-1#956,NA,NA,p.Ala92Asp,-0.119802577630964,0.112741107052902,0.06899202,0.01021739
urn:mavedb:00001105-a-1#957,NA,NA,p.Ala92Glu,-0.0272179327543779,0.0882873059429354,0.07738269,0.008001215
urn:mavedb:00001105-a-1#958,NA,NA,p.Ala92Phe,0.192696074123152,0.0919245216230502,0.09731284,0.008330845
urn:mavedb:00001105-a-1#959,NA,NA,p.Ala92Gly,0.148062694109477,0.0493391843480666,0.09326785,0.004471463
urn:mavedb:00001105-a-1#960,NA,NA,p.Ala92His,-0.0115248196136659,0.110783522992565,0.07880491,0.01003998
urn:mavedb:00001105-a-1#961,NA,NA,p.Ala92Ile,-0.375455596766593,0.212039754371254,0.04582295,0.01921653
urn:mavedb:00001105-a-1#962,NA,NA,p.Ala92Lys,0.0291662480552846,0.0977233333791254,0.08249262,0.008856374
urn:mavedb:00001105-a-1#963,NA,NA,p.Ala92Leu,0.0690509336537234,0.0548958607982399,0.08610725,0.004975048
urn:mavedb:00001105-a-1#964,NA,NA,p.Ala92Met,-0.0037961086989349,0.107674107990868,0.07950534,0.009758183
urn:mavedb:00001105-a-1#965,NA,NA,p.Ala92Asn,0.0884420611227236,0.132961016094373,0.08786461,0.01204986
urn:mavedb:00001105-a-1#966,NA,NA,p.Ala92Pro,-0.217722165956807,0.107580945924347,0.06011786,0.00974974
urn:mavedb:00001105-a-1#967,NA,NA,p.Ala92Gln,-0.0855894900654072,0.0922293203632493,0.07209265,0.008358468
urn:mavedb:00001105-a-1#968,NA,NA,p.Ala92Arg,0.0095768353398817,0.0543584713675056,0.08071729,0.004926346
urn:mavedb:00001105-a-1#969,NA,NA,p.Ala92Ser,-0.0267805355831261,0.0660304546056162,0.07742233,0.005984143
urn:mavedb:00001105-a-1#970,NA,NA,p.Ala92Thr,0.0161262069593707,0.094728133768943,0.08131084,0.008584928
urn:mavedb:00001105-a-1#971,NA,NA,p.Ala92Val,-0.231360373063153,0.0712592817936241,0.05888187,0.006458016
urn:mavedb:00001105-a-1#972,NA,NA,p.Ala92Trp,-0.212889390652445,0.0910465273516953,0.06055584,0.008251275
urn:mavedb:00001105-a-1#973,NA,NA,p.Ala92Tyr,0.0577364266052457,0.100573752760146,0.08508185,0.009114699
urn:mavedb:00001105-a-1#974,NA,NA,p.Leu91Met,0.0837507447420617,0.0988743257184406,0.08743945,0.008960685
urn:mavedb:00001105-a-1#975,NA,NA,p.Leu91Asn,-0.305570585106439,0.214025586079383,0.05215642,0.0193965
urn:mavedb:00001105-a-1#976,NA,NA,p.Leu91Pro,-0.121681487578511,0.0885679397031889,0.06882174,0.008026648
urn:mavedb:00001105-a-1#977,NA,NA,p.Leu91Gln,-0.0443950404854447,0.107212269983735,0.07582598,0.009716328
urn:mavedb:00001105-a-1#978,NA,NA,p.Leu91Arg,-0.151320000995288,0.0606465301764601,0.06613569,0.005496214
urn:mavedb:00001105-a-1#979,NA,NA,p.Leu91Ser,-0.119204852990027,0.0783581253338202,0.06904619,0.007101363
urn:mavedb:00001105-a-1#980,NA,NA,p.Leu91Thr,-0.0040459238340797,0.0907173319125649,0.0794827,0.008221441
urn:mavedb:00001105-a-1#981,NA,NA,p.Leu91Val,0.1119940891797,0.059220145339665,0.08999906,0.005366945
urn:mavedb:00001105-a-1#982,NA,NA,p.Leu91Trp,-0.243944369126579,0.0976918637340091,0.05774142,0.008853522
urn:mavedb:00001105-a-1#983,NA,NA,p.Leu91Tyr,-0.444539853817319,0.190172323340893,0.03956205,0.01723475
urn:mavedb:00001105-a-1#984,NA,NA,p.Ile90Lys,0.170947812856906,0.109615240003215,0.09534186,0.009934102
urn:mavedb:00001105-a-1#985,NA,NA,p.Ile90Leu,0.123267659207357,0.0683033751028874,0.09102075,0.006190131
urn:mavedb:00001105-a-1#986,NA,NA,p.Ile90Met,0.127092677608327,0.0993178137887472,0.0913674,0.009000877
urn:mavedb:00001105-a-1#987,NA,NA,p.Ile90Asn,-0.389750782368811,0.181213405296423,0.04452742,0.01642283
urn:mavedb:00001105-a-1#988,NA,NA,p.Ile90Pro,-0.0822319923038401,0.0999516203860405,0.07239693,0.009058317
urn:mavedb:00001105-a-1#989,NA,NA,p.Ile90Gln,-0.0490698055099796,0.106636117276951,0.07540232,0.009664113
urn:mavedb:00001105-a-1#990,NA,NA,p.Ile90Arg,-0.051831233766223,0.0584062379192341,0.07515206,0.005293183
urn:mavedb:00001105-a-1#991,NA,NA,p.Ile90Ser,-0.0292224123237425,0.0813104348631586,0.07720103,0.007368922
urn:mavedb:00001105-a-1#992,NA,NA,p.Ile90Thr,-0.199993236012463,0.10027380908441,0.06172458,0.009087516
urn:mavedb:00001105-a-1#993,NA,NA,p.Ile90Val,0.0737142230713435,0.0602397088770937,0.08652987,0.005459345
urn:mavedb:00001105-a-1#994,NA,NA,p.Ile90Trp,0.282598185541033,0.0660109129711488,0.1054604,0.005982372
urn:mavedb:00001105-a-1#995,NA,NA,p.Ile90Tyr,0.178899305025108,0.11359250881208,0.09606248,0.01029455
urn:mavedb:00001105-a-1#996,NA,NA,p.Asp89Glu,0.0098830354282329,0.0769018818505718,0.08074504,0.006969388
urn:mavedb:00001105-a-1#997,NA,NA,p.Asp89Phe,-0.786206794960642,0.16412269564434,0.008597795,0.01487395
urn:mavedb:00001105-a-1#998,NA,NA,p.Asp89Gly,-0.0877876205014586,0.0550226221176986,0.07189344,0.004986536
urn:mavedb:00001105-a-1#999,NA,NA,p.Asp89His,-0.220794539023491,0.102903477511645,0.05983942,0.009325835
urn:mavedb:00001105-a-1#1000,NA,NA,p.Asp89Ile,-1.0516569479862,0.235625105825233,-0.01545916,0.021354
urn:mavedb:00001105-a-1#1001,NA,NA,p.Asp89Lys,0.341506668844825,0.0881928639048743,0.1107991,0.007992656
urn:mavedb:00001105-a-1#1002,NA,NA,p.Asp89Leu,-0.614010954680566,0.0868008286491616,0.02420339,0.0078665
urn:mavedb:00001105-a-1#1003,NA,NA,p.Asp89Met,-0.468912829138199,0.128274885805298,0.0373532,0.01162517
urn:mavedb:00001105-a-1#1004,NA,NA,p.Asp89Asn,0.0707531854602073,0.0757704973511485,0.08626152,0.006866854
urn:mavedb:00001105-a-1#1005,NA,NA,p.Asp89Pro,-0.380983087658796,0.0944952010170477,0.04532201,0.008563818
urn:mavedb:00001105-a-1#1006,NA,NA,p.Asp89Gln,-0.0576075467122027,0.076454586968356,0.07462857,0.006928851
urn:mavedb:00001105-a-1#1007,NA,NA,p.Asp89Arg,-0.0661119645174235,0.0466281825568237,0.07385784,0.004225773
urn:mavedb:00001105-a-1#1008,NA,NA,p.Asp89Ser,-0.0174095991134652,0.051103051336293,0.07827159,0.004631317
urn:mavedb:00001105-a-1#1009,NA,NA,p.Asp89Thr,-0.217953112545967,0.0806593376158312,0.06009693,0.007309915
urn:mavedb:00001105-a-1#1010,NA,NA,p.Asp89Val,-0.723445100779276,0.0988583812453715,0.0142857,0.00895924
urn:mavedb:00001105-a-1#1011,NA,NA,p.Asp89Trp,-0.943240886837109,0.155138067826685,-0.005633736,0.0140597
urn:mavedb:00001105-a-1#1012,NA,NA,p.Asp89Tyr,-0.555298439433319,0.140297239184144,0.02952433,0.01271472
urn:mavedb:00001105-a-1#1013,NA,NA,p.Arg88Ser,-0.170536897855457,0.0578311555334797,0.06439412,0.005241065
urn:mavedb:00001105-a-1#1014,NA,NA,p.Arg88Thr,-0.184172236060076,0.0778644645859736,0.06315839,0.007056624
urn:mavedb:00001105-a-1#1015,NA,NA,p.Arg88Val,-0.584618173731089,0.0682879713074517,0.02686717,0.006188735
urn:mavedb:00001105-a-1#1016,NA,NA,p.Arg88Trp,-0.214811113441174,0.0667419532685701,0.06038168,0.006048624
urn:mavedb:00001105-a-1#1017,NA,NA,p.Arg88Tyr,-0.193944046375134,0.11559897454418,0.0622728,0.01047639
urn:mavedb:00001105-a-1#1018,NA,NA,p.Val86Trp,-0.349349253089711,0.097207637259155,0.04818889,0.008809638
urn:mavedb:00001105-a-1#1019,NA,NA,p.Val86Tyr,-0.0869565217391304,0.152301606755999,0.07196876,0.01380264
urn:mavedb:00001105-a-1#1020,NA,NA,p.Asp85Glu,-0.0883392220299874,0.0862191588236686,0.07184345,0.007813785
urn:mavedb:00001105-a-1#1021,NA,NA,p.Asp85Phe,-0.555092650905472,0.0847805590860518,0.02954298,0.007683409
urn:mavedb:00001105-a-1#1022,NA,NA,p.Asp85Gly,-0.360462495647683,0.0741657771692028,0.04718173,0.006721423
urn:mavedb:00001105-a-1#1023,NA,NA,p.Asp85His,0.0125124942049564,0.0479322749403144,0.08098334,0.004343959
urn:mavedb:00001105-a-1#1024,NA,NA,p.Asp85Ile,-0.397156300469568,0.0787346355829992,0.04385628,0.007135485
urn:mavedb:00001105-a-1#1025,NA,NA,p.Asp85Lys,-0.24763664565141,0.079894091182414,0.0574068,0.007240563
urn:mavedb:00001105-a-1#1026,NA,NA,p.Asp85Leu,-0.534495481286678,0.0634445810666941,0.03140964,0.005749793
urn:mavedb:00001105-a-1#1027,NA,NA,p.Asp85Met,-0.163213915850588,0.0696432625525623,0.06505778,0.006311561
urn:mavedb:00001105-a-1#1028,NA,NA,p.Asp85Asn,-0.109095946721847,0.0576425583475303,0.06996233,0.005223973
urn:mavedb:00001105-a-1#1029,NA,NA,p.Asp85Pro,-0.13058600683251,0.0521047835460541,0.06801475,0.004722101
urn:mavedb:00001105-a-1#1030,NA,NA,p.Asp85Gln,-0.179441527451831,0.0642568333515122,0.06358712,0.005823405
urn:mavedb:00001105-a-1#1031,NA,NA,p.Asp85Arg,-0.390638817796217,0.0573709064565351,0.04444694,0.005199354
urn:mavedb:00001105-a-1#1032,NA,NA,p.Asp85Ser,-0.208278734547309,0.0434321377571577,0.06097369,0.003936125
urn:mavedb:00001105-a-1#1033,NA,NA,p.Asp85Thr,-0.153765739719001,0.0526260850586329,0.06591404,0.004769345
urn:mavedb:00001105-a-1#1034,NA,NA,p.Asp85Val,-0.406311848624828,0.0644265619914768,0.04302654,0.005838787
urn:mavedb:00001105-a-1#1035,NA,NA,p.Asp85Trp,-0.73055070830701,0.129643903641756,0.01364174,0.01174924
urn:mavedb:00001105-a-1#1036,NA,NA,p.Asp85Tyr,-0.474829718268885,0.0805479911260456,0.03681697,0.007299824
urn:mavedb:00001105-a-1#1037,NA,NA,p.Ala84Cys,-0.181407276847858,0.0638893491085412,0.06340897,0.005790101
urn:mavedb:00001105-a-1#1038,NA,NA,p.Ala84Asp,-0.310353706342419,0.0979223579194349,0.05172294,0.008874411
urn:mavedb:00001105-a-1#1039,NA,NA,p.Ala84Glu,0.011530336732375,0.0940227480735187,0.08089433,0.008521001
urn:mavedb:00001105-a-1#1040,NA,NA,p.Ala84Phe,0.150149047720484,0.0513045034088346,0.09345693,0.004649574
urn:mavedb:00001105-a-1#1041,NA,NA,p.Ala84Gly,-0.0012329656890939,0.0817332116698316,0.07973763,0.007407237
urn:mavedb:00001105-a-1#1042,NA,NA,p.Ala84His,0.0985264713838362,0.0445604326701039,0.08877853,0.004038379
urn:mavedb:00001105-a-1#1043,NA,NA,p.Ala84Ile,0.0907735954891595,0.0508540968716668,0.08807591,0.004608755
urn:mavedb:00001105-a-1#1044,NA,NA,p.Ala84Lys,-0.0833795529953182,0.066221093125488,0.07229293,0.00600142
urn:mavedb:00001105-a-1#1045,NA,NA,p.Ala84Leu,0.249304580979524,0.0277004047854826,0.1024431,0.002510405
urn:mavedb:00001105-a-1#1046,NA,NA,p.Ala84Met,0.307121778202669,0.0452444009106997,0.1076829,0.004100365
urn:mavedb:00001105-a-1#1047,NA,NA,p.Ala84Asn,0.072681308106639,0.0545396866486224,0.08643626,0.004942769
urn:mavedb:00001105-a-1#1048,NA,NA,p.Ala84Pro,0.378175646632519,0.0289162563723411,0.1141223,0.002620594
urn:mavedb:00001105-a-1#1049,NA,NA,p.Ala84Gln,0.346206150561176,0.0371783071526741,0.111225,0.003369359
urn:mavedb:00001105-a-1#1050,NA,NA,p.Ala84Arg,0.0372637231845272,0.0359894453105401,0.08322647,0.003261616
urn:mavedb:00001105-a-1#1051,NA,NA,p.Ala84Ser,-0.0220514821104944,0.0372126677679939,0.07785091,0.003372473
urn:mavedb:00001105-a-1#1052,NA,NA,p.Ala84Thr,0.0221721966678478,0.0412061127689133,0.08185877,0.003734387
urn:mavedb:00001105-a-1#1053,NA,NA,p.Ala84Val,0.0320078952175573,0.050024962203599,0.08275015,0.004533613
urn:mavedb:00001105-a-1#1054,NA,NA,p.Ala84Trp,0.223529705794679,0.0521064276474294,0.1001072,0.00472225
urn:mavedb:00001105-a-1#1055,NA,NA,p.Ala84Tyr,0.132559259509982,0.05277964854078,0.09186282,0.004783262
urn:mavedb:00001105-a-1#1056,NA,NA,p.Arg83Ser,-0.481643801244033,0.0674489720311322,0.03619943,0.006112699
urn:mavedb:00001105-a-1#1057,NA,NA,p.Arg83Thr,-0.418869031491327,0.0684139712645286,0.04188852,0.006200154
urn:mavedb:00001105-a-1#1058,NA,NA,p.Arg83Val,-0.717424158789738,0.090016679904993,0.01483136,0.008157943
urn:mavedb:00001105-a-1#1059,NA,NA,p.Arg83Trp,-0.7866029682209,0.132804329923037,0.008561891,0.01203566
urn:mavedb:00001105-a-1#1060,NA,NA,p.Arg83Tyr,-0.658588942822402,0.103340411244925,0.02016342,0.009365433
urn:mavedb:00001105-a-1#1061,NA,NA,p.Ser82Thr,-0.304688177140117,0.118348044454515,0.05223639,0.01072553
urn:mavedb:00001105-a-1#1062,NA,NA,p.Ser82Val,-0.906099180249951,0.14920484802462,-0.002267694,0.01352199
urn:mavedb:00001105-a-1#1063,NA,NA,p.Ser82Trp,-0.380652832932873,0.18202651825176,0.04535194,0.01649652
urn:mavedb:00001105-a-1#1064,NA,NA,p.Ser82Tyr,-0.874050263047944,0.301601128537666,0.0006368037,0.02733321
urn:mavedb:00001105-a-1#1065,NA,NA,p.Gln81Arg,0.16274915377054,0.060466363147898,0.09459884,0.005479886
urn:mavedb:00001105-a-1#1066,NA,NA,p.Gln81Ser,-0.481698200034504,0.118670464871871,0.0361945,0.01075475
urn:mavedb:00001105-a-1#1067,NA,NA,p.Gln81Thr,-0.326560352892567,0.131379809872365,0.05025418,0.01190656
urn:mavedb:00001105-a-1#1068,NA,NA,p.Gln81Val,0.022576160099723,0.0690394911495209,0.08189538,0.006256843
urn:mavedb:00001105-a-1#1069,NA,NA,p.Gln81Trp,-0.928389200504949,0.215159795343585,-0.004287772,0.01949929
urn:mavedb:00001105-a-1#1070,NA,NA,p.Gln81Tyr,-0.399846888921587,0.24202132222936,0.04361244,0.02193367
urn:mavedb:00001105-a-1#1071,NA,NA,p.Ala80Cys,-0.160024800552021,0.0666300440326761,0.0653468,0.006038482
urn:mavedb:00001105-a-1#1072,NA,NA,p.Ala80Asp,-0.778606158439622,0.126107320206894,0.009286618,0.01142873
urn:mavedb:00001105-a-1#1073,NA,NA,p.Ala80Glu,-0.581624364434821,0.118378719634537,0.02713849,0.01072831
urn:mavedb:00001105-a-1#1074,NA,NA,p.Ala80Phe,0.149367934053659,0.049428352020642,0.09338614,0.004479544
urn:mavedb:00001105-a-1#1075,NA,NA,p.Ala80Gly,-0.642028759305379,0.0802706345343052,0.02166422,0.007274688
urn:mavedb:00001105-a-1#1076,NA,NA,p.Ala80His,-0.616534815805199,0.100541576923834,0.02397466,0.009111783
urn:mavedb:00001105-a-1#1077,NA,NA,p.Ala80Ile,-0.73222250561822,0.111986916925378,0.01349023,0.01014904
urn:mavedb:00001105-a-1#1078,NA,NA,p.Ala80Lys,-0.842336338673408,0.131200834541444,0.003510942,0.01189034
urn:mavedb:00001105-a-1#1079,NA,NA,p.Ala80Leu,-0.487700273478057,0.0548317849815532,0.03565055,0.004969241
urn:mavedb:00001105-a-1#1080,NA,NA,p.Ala80Met,-0.825710391101373,0.114420959357428,0.005017702,0.01036963
urn:mavedb:00001105-a-1#1081,NA,NA,p.Ala80Asn,-0.810592945160999,0.128136075098578,0.006387751,0.01161259
urn:mavedb:00001105-a-1#1082,NA,NA,p.Ala80Pro,-0.682325352986634,0.0959764922192351,0.01801226,0.008698063
urn:mavedb:00001105-a-1#1083,NA,NA,p.Ala80Gln,-0.647812685875177,0.100217457233916,0.02114004,0.009082409
urn:mavedb:00001105-a-1#1084,NA,NA,p.Ala80Arg,-0.803630904096312,0.0826770362016227,0.0070187,0.007492773
urn:mavedb:00001105-a-1#1085,NA,NA,p.Ala80Ser,-0.74119091310687,0.0756803807341553,0.01267745,0.006858687
urn:mavedb:00001105-a-1#1086,NA,NA,p.Ala80Thr,-0.499639539049146,0.0759022902828698,0.03456853,0.006878798
urn:mavedb:00001105-a-1#1087,NA,NA,p.Ala80Val,-0.208441489549225,0.0548079841314425,0.06095894,0.004967084
urn:mavedb:00001105-a-1#1088,NA,NA,p.Ala80Trp,-0.819926321086488,0.116042109518889,0.005541895,0.01051655
urn:mavedb:00001105-a-1#1089,NA,NA,p.Ala80Tyr,0.392333676663631,0.0447355018809789,0.1154054,0.004054245
urn:mavedb:00001105-a-1#1090,NA,NA,p.Leu79Met,-0.149855537005163,0.11431492033584,0.06626841,0.01036002
urn:mavedb:00001105-a-1#1091,NA,NA,p.Leu79Asn,-0.710020847536466,0.286053225961376,0.0155023,0.02592415
urn:mavedb:00001105-a-1#1092,NA,NA,p.Leu79Pro,-0.673250134079777,0.211498414683525,0.01883472,0.01916747
urn:mavedb:00001105-a-1#1093,NA,NA,p.Leu79Gln,-0.0372053520685858,0.0942932303353476,0.07647756,0.008545514
urn:mavedb:00001105-a-1#1094,NA,NA,p.Leu79Arg,-0.439206896530797,0.0829372786911276,0.04004536,0.007516358
urn:mavedb:00001105-a-1#1095,NA,NA,p.Leu79Ser,-0.567969495629973,0.118386112573607,0.02837599,0.01072898
urn:mavedb:00001105-a-1#1096,NA,NA,p.Leu79Thr,0.17039576995888,0.080166846497151,0.09529183,0.007265282
urn:mavedb:00001105-a-1#1097,NA,NA,p.Leu79Val,0.235528335563077,0.0599664680559103,0.1011946,0.005434582
urn:mavedb:00001105-a-1#1098,NA,NA,p.Leu79Trp,0.171995293015002,0.0715080707446891,0.09543679,0.006480563
urn:mavedb:00001105-a-1#1099,NA,NA,p.Leu79Tyr,0.134899952293475,0.144829993573108,0.09207495,0.01312551
urn:mavedb:00001105-a-1#1100,NA,NA,p.Ile78Lys,-0.492054493905598,0.219169526878933,0.03525594,0.01986268
urn:mavedb:00001105-a-1#1101,NA,NA,p.Ile78Leu,-0.677266486157577,0.138763811210156,0.01847073,0.01257575
urn:mavedb:00001105-a-1#1102,NA,NA,p.Ile78Met,-0.44660811127896,0.204576637551176,0.03937461,0.01854017
urn:mavedb:00001105-a-1#1103,NA,NA,p.Ile78Asn,-0.164102171962742,0.195807067020799,0.06497728,0.01774541
urn:mavedb:00001105-a-1#1104,NA,NA,p.Ile78Pro,-1.01142004952938,0.256746181036637,-0.01181261,0.02326814
urn:mavedb:00001105-a-1#1105,NA,NA,p.Ile78Gln,-0.460651826610421,0.179445058407805,0.03810187,0.01626257
urn:mavedb:00001105-a-1#1106,NA,NA,p.Ile78Arg,-0.913278794408047,0.12307533244916,-0.002918361,0.01115395
urn:mavedb:00001105-a-1#1107,NA,NA,p.Ile78Ser,-0.904803473886898,0.17704069807441,-0.002150268,0.01604467
urn:mavedb:00001105-a-1#1108,NA,NA,p.Ile78Thr,-0.819660429067425,0.190852473735343,0.005565992,0.01729639
urn:mavedb:00001105-a-1#1109,NA,NA,p.Ile78Val,-0.417469228132472,0.102088146674587,0.04201538,0.009251944
urn:mavedb:00001105-a-1#1110,NA,NA,p.Ile78Trp,-0.838626219786672,0.182430481683635,0.003847179,0.01653313
urn:mavedb:00001105-a-1#1111,NA,NA,p.Ile78Tyr,-1.0650932285478,0.339297283486607,-0.01667685,0.0307495
urn:mavedb:00001105-a-1#1112,NA,NA,p.Thr77Val,-0.574729400499399,0.0866811513101254,0.02776336,0.007855654
urn:mavedb:00001105-a-1#1113,NA,NA,p.Thr77Trp,-0.666215807725765,0.119541286888904,0.01947222,0.01083367
urn:mavedb:00001105-a-1#1114,NA,NA,p.Thr77Tyr,-0.924814107581498,0.232196106205197,-0.003963772,0.02104324
urn:mavedb:00001105-a-1#1115,NA,NA,p.Val76Trp,-0.76809271495922,0.134121045474134,0.01023942,0.01215499
urn:mavedb:00001105-a-1#1116,NA,NA,p.Val76Tyr,-0.580066771480888,0.0895799558222236,0.02727965,0.008118364
urn:mavedb:00001105-a-1#1117,NA,NA,p.Met75Asn,-0.452895199075022,0.0834975641645044,0.03880483,0.007567135
urn:mavedb:00001105-a-1#1118,NA,NA,p.Met75Pro,-0.520740200921326,0.0833317085418735,0.03265624,0.007552104
urn:mavedb:00001105-a-1#1119,NA,NA,p.Met75Gln,-0.357102018642013,0.0772993681850826,0.04748628,0.007005411
urn:mavedb:00001105-a-1#1120,NA,NA,p.Met75Arg,-0.634677860679843,0.0762178253360767,0.02233041,0.006907394
urn:mavedb:00001105-a-1#1121,NA,NA,p.Met75Ser,-0.447880248510888,0.0580346158372313,0.03925932,0.005259504
urn:mavedb:00001105-a-1#1122,NA,NA,p.Met75Thr,0.0020605334954482,0.0438019281557491,0.08003611,0.003969638
urn:mavedb:00001105-a-1#1123,NA,NA,p.Met75Val,-0.218087068188222,0.0573083092276624,0.06008479,0.005193681
urn:mavedb:00001105-a-1#1124,NA,NA,p.Met75Trp,0.247131939631908,0.0503605795689067,0.1022462,0.004564029
urn:mavedb:00001105-a-1#1125,NA,NA,p.Met75Tyr,-0.267879064537213,0.0748835212105353,0.05557229,0.00678647
urn:mavedb:00001105-a-1#1126,NA,NA,p.Glu74Phe,-0.819397759045689,0.125300276082137,0.005589797,0.01135559
urn:mavedb:00001105-a-1#1127,NA,NA,p.Glu74Gly,-0.760749981669373,0.108168243210923,0.01090487,0.009802965
urn:mavedb:00001105-a-1#1128,NA,NA,p.Glu74His,-0.341018624523824,0.0736144956335592,0.04894387,0.006671462
urn:mavedb:00001105-a-1#1129,NA,NA,p.Glu74Ile,-0.748913555191021,0.132175930102078,0.01197757,0.01197871
urn:mavedb:00001105-a-1#1130,NA,NA,p.Glu74Lys,-0.40156205078585,0.0843816272664393,0.043457,0.007647255
urn:mavedb:00001105-a-1#1131,NA,NA,p.Glu74Leu,-0.763337068974411,0.0919263974434113,0.01067041,0.008331015
urn:mavedb:00001105-a-1#1132,NA,NA,p.Glu74Met,-0.522938331357377,0.0927611595725623,0.03245703,0.008406667
urn:mavedb:00001105-a-1#1133,NA,NA,p.Glu74Asn,-0.36928514086004,0.0790267008132178,0.04638216,0.007161954
urn:mavedb:00001105-a-1#1134,NA,NA,p.Glu74Pro,-0.865214936186522,0.117727037572627,0.001437523,0.01066925
urn:mavedb:00001105-a-1#1135,NA,NA,p.Glu74Gln,-0.10782094058819,0.0628274030651898,0.07007788,0.00569386
urn:mavedb:00001105-a-1#1136,NA,NA,p.Glu74Arg,-0.663890342189909,0.0827105692491361,0.01968297,0.007495812
urn:mavedb:00001105-a-1#1137,NA,NA,p.Glu74Ser,-0.0414753812646262,0.0456224118161676,0.07609058,0.004134623
urn:mavedb:00001105-a-1#1138,NA,NA,p.Glu74Thr,-0.142831582834324,0.054577313398218,0.06690497,0.004946179
urn:mavedb:00001105-a-1#1139,NA,NA,p.Glu74Val,-0.770105801233771,0.0976748268714356,0.01005698,0.008851978
urn:mavedb:00001105-a-1#1140,NA,NA,p.Glu74Trp,-0.676929941916326,0.119671711575185,0.01850123,0.01084549
urn:mavedb:00001105-a-1#1141,NA,NA,p.Glu74Tyr,-0.603369315429842,0.100424470562117,0.02516781,0.00910117
urn:mavedb:00001105-a-1#1142,NA,NA,p.Gly73His,-0.236836554751362,0.2020888583829,0.05838558,0.01831471
urn:mavedb:00001105-a-1#1143,NA,NA,p.Gly73Ile,-0.792058195892251,0.327818255958226,0.0080675,0.02970919
urn:mavedb:00001105-a-1#1144,NA,NA,p.Gly73Lys,-0.70142628001154,0.233162926087768,0.0162812,0.02113086
urn:mavedb:00001105-a-1#1145,NA,NA,p.Gly73Leu,-0.650696483824387,0.145082346582859,0.02087869,0.01314838
urn:mavedb:00001105-a-1#1146,NA,NA,p.Gly73Met,-0.44553282484257,0.228051867315723,0.03947206,0.02066766
urn:mavedb:00001105-a-1#1147,NA,NA,p.Gly73Asn,-0.594322123486027,0.239668491784707,0.02598773,0.02172044
urn:mavedb:00001105-a-1#1148,NA,NA,p.Gly73Pro,-0.968522112308344,0.256925708079429,-0.007924898,0.02328441
urn:mavedb:00001105-a-1#1149,NA,NA,p.Gly73Gln,-0.498531480927624,0.201755072701004,0.03466895,0.01828446
urn:mavedb:00001105-a-1#1150,NA,NA,p.Gly73Arg,-0.879652542897943,0.112444837778228,0.0001290858,0.01019054
urn:mavedb:00001105-a-1#1151,NA,NA,p.Gly73Ser,-0.636728794388737,0.12253266865294,0.02214454,0.01110477
urn:mavedb:00001105-a-1#1152,NA,NA,p.Gly73Thr,-0.62503448888833,0.192211560758125,0.02320436,0.01741956
urn:mavedb:00001105-a-1#1153,NA,NA,p.Gly73Val,-0.693679362605069,0.117363018080205,0.01698328,0.01063626
urn:mavedb:00001105-a-1#1154,NA,NA,p.Gly73Trp,-0.597597195494081,0.13377280494122,0.02569092,0.01212343
urn:mavedb:00001105-a-1#1155,NA,NA,p.Gly73Tyr,-0.545901572505726,0.296711857937724,0.03037594,0.02689011
urn:mavedb:00001105-a-1#1156,NA,NA,p.Lys72Leu,-0.501439443856779,0.104462284231694,0.03440541,0.009467105
urn:mavedb:00001105-a-1#1157,NA,NA,p.Lys72Met,-0.486134073818938,0.155257347933174,0.03579249,0.01407051
urn:mavedb:00001105-a-1#1158,NA,NA,p.Lys72Asn,-0.416375514519594,0.244638643344923,0.0421145,0.02217087
urn:mavedb:00001105-a-1#1159,NA,NA,p.Lys72Pro,-0.177064973396729,0.116612579593403,0.0638025,0.01056825
urn:mavedb:00001105-a-1#1160,NA,NA,p.Lys72Gln,-0.192349157698728,0.11027818802153,0.06241734,0.009994183
urn:mavedb:00001105-a-1#1161,NA,NA,p.Lys72Arg,-0.167464855815895,0.0626591088760895,0.06467253,0.005678608
urn:mavedb:00001105-a-1#1162,NA,NA,p.Lys72Ser,-0.728913117131796,0.140863957617935,0.01379015,0.01276608
urn:mavedb:00001105-a-1#1163,NA,NA,p.Lys72Thr,-0.460796044093475,0.139077624922326,0.0380888,0.01260419
urn:mavedb:00001105-a-1#1164,NA,NA,p.Lys72Val,-0.610014795257242,0.133717744096504,0.02456555,0.01211844
urn:mavedb:00001105-a-1#1165,NA,NA,p.Lys72Trp,-0.784914597485088,0.145415801237633,0.008714903,0.0131786
urn:mavedb:00001105-a-1#1166,NA,NA,p.Lys72Tyr,-0.262127137255928,0.209588277844084,0.05609357,0.01899436
urn:mavedb:00001105-a-1#1167,NA,NA,p.Pro71Gln,-1.01413612706984,0.275353877648955,-0.01205876,0.0249545
urn:mavedb:00001105-a-1#1168,NA,NA,p.Pro71Arg,-0.633068848179541,0.113341810937942,0.02247623,0.01027183
urn:mavedb:00001105-a-1#1169,NA,NA,p.Pro71Ser,-0.613402306144586,0.16550285806059,0.02425855,0.01499903
urn:mavedb:00001105-a-1#1170,NA,NA,p.Pro71Thr,-0.767860113234448,0.192101990780564,0.0102605,0.01740963
urn:mavedb:00001105-a-1#1171,NA,NA,p.Pro71Val,-0.921782119823763,0.15026667269136,-0.003688992,0.01361822
urn:mavedb:00001105-a-1#1172,NA,NA,p.Pro71Trp,-0.713456026329456,0.158700692061854,0.01519098,0.01438257
urn:mavedb:00001105-a-1#1173,NA,NA,p.Pro71Tyr,-0.463789853389743,0.347105440910748,0.03781748,0.03145713
urn:mavedb:00001105-a-1#1174,NA,NA,p.Ile70Lys,-0.472408916921737,0.165501423609726,0.03703636,0.0149989
urn:mavedb:00001105-a-1#1175,NA,NA,p.Ile70Leu,-0.476009167906501,0.0898698142049586,0.03671008,0.008144633
urn:mavedb:00001105-a-1#1176,NA,NA,p.Ile70Met,-1.05909943078231,0.239172282128017,-0.01613365,0.02167547
urn:mavedb:00001105-a-1#1177,NA,NA,p.Ile70Asn,-0.652363426071133,0.254679578710609,0.02072762,0.02308085
urn:mavedb:00001105-a-1#1178,NA,NA,p.Ile70Pro,-0.946416904495861,0.199383594395115,-0.005921569,0.01806954
urn:mavedb:00001105-a-1#1179,NA,NA,p.Ile70Gln,-0.673104261461111,0.163650981994718,0.01884794,0.0148312
urn:mavedb:00001105-a-1#1180,NA,NA,p.Ile70Arg,-0.863032463333367,0.119562362282372,0.001635314,0.01083558
urn:mavedb:00001105-a-1#1181,NA,NA,p.Ile70Ser,-0.848590356859927,0.172077829110889,0.002944159,0.0155949
urn:mavedb:00001105-a-1#1182,NA,NA,p.Ile70Thr,-0.579376469588014,0.161979846737753,0.02734221,0.01467975
urn:mavedb:00001105-a-1#1183,NA,NA,p.Ile70Val,-0.698869205832279,0.127660830492983,0.01651294,0.01156952
urn:mavedb:00001105-a-1#1184,NA,NA,p.Ile70Trp,-0.561892830741474,0.13977189914067,0.0289267,0.01266711
urn:mavedb:00001105-a-1#1185,NA,NA,p.Ile70Tyr,-0.996461044204093,0.540220595371038,-0.01045692,0.04895858
urn:mavedb:00001105-a-1#1186,NA,NA,p.Glu69Phe,-0.890700549940876,0.248807267899092,-0.0008721621,0.02254866
urn:mavedb:00001105-a-1#1187,NA,NA,p.Glu69Gly,0.13676297293914,0.0457376754602367,0.09224379,0.004145069
urn:mavedb:00001105-a-1#1188,NA,NA,p.Glu69His,-0.05648282689218,0.110287986424357,0.0747305,0.009995071
urn:mavedb:00001105-a-1#1189,NA,NA,p.Glu69Ile,-0.525253866079557,0.178528444305487,0.03224718,0.0161795
urn:mavedb:00001105-a-1#1190,NA,NA,p.Glu69Lys,-0.0571279987540139,0.125069770862474,0.07467203,0.0113347
urn:mavedb:00001105-a-1#1191,NA,NA,p.Glu69Leu,-0.709782508008236,0.123386056574852,0.0155239,0.01118211
urn:mavedb:00001105-a-1#1192,NA,NA,p.Glu69Met,-0.614547770330955,0.178846340685501,0.02415474,0.01620831
urn:mavedb:00001105-a-1#1193,NA,NA,p.Glu69Asn,0.419237354336342,0.0904364112621385,0.1178436,0.008195982
urn:mavedb:00001105-a-1#1194,NA,NA,p.Glu69Pro,-0.617159022615938,0.177171784814936,0.02391809,0.01605655
urn:mavedb:00001105-a-1#1195,NA,NA,p.Glu69Gln,0.134863539309995,0.101852036062315,0.09207165,0.009230546
urn:mavedb:00001105-a-1#1196,NA,NA,p.Glu69Arg,0.125698722395303,0.0525040905297388,0.09124107,0.004758289
urn:mavedb:00001105-a-1#1197,NA,NA,p.Glu69Ser,0.269267723316276,0.0537550861627739,0.1042523,0.004871663
urn:mavedb:00001105-a-1#1198,NA,NA,p.Glu69Thr,-0.104606336201187,0.103980683905345,0.07036921,0.009423459
urn:mavedb:00001105-a-1#1199,NA,NA,p.Glu69Val,-0.519654542301763,0.100278840696673,0.03275463,0.009087972
urn:mavedb:00001105-a-1#1200,NA,NA,p.Glu69Trp,-0.719034054029033,0.157710258911209,0.01468546,0.01429281
urn:mavedb:00001105-a-1#1201,NA,NA,p.Glu69Tyr,-0.289986159204295,0.16207242398969,0.05356879,0.01468814
urn:mavedb:00001105-a-1#1202,NA,NA,p.Leu68Met,0.150896837990306,0.082837098849609,0.0935247,0.007507279
urn:mavedb:00001105-a-1#1203,NA,NA,p.Leu68Asn,0.660752536095335,0.08079887658222,0.1397314,0.007322561
urn:mavedb:00001105-a-1#1204,NA,NA,p.Leu68Pro,-0.542599135588875,0.141411807505742,0.03067523,0.01281573
urn:mavedb:00001105-a-1#1205,NA,NA,p.Leu68Gln,0.589716322445355,0.0604574474840642,0.1332936,0.005479078
urn:mavedb:00001105-a-1#1206,NA,NA,p.Leu68Arg,0.39860222694083,0.037159670325675,0.1159735,0.00336767
urn:mavedb:00001105-a-1#1207,NA,NA,p.Leu68Ser,0.391621968350166,0.0446669903008501,0.1153409,0.004048036
urn:mavedb:00001105-a-1#1208,NA,NA,p.Leu68Thr,0.517652821291753,0.0575159294389206,0.1267627,0.005212497
urn:mavedb:00001105-a-1#1209,NA,NA,p.Leu68Val,-0.222534417579571,0.0691990351883486,0.05968174,0.006271302
urn:mavedb:00001105-a-1#1210,NA,NA,p.Leu68Trp,-0.337578259639248,0.101161756237916,0.04925566,0.009167988
urn:mavedb:00001105-a-1#1211,NA,NA,p.Leu68Tyr,-0.340446719998446,0.155892920008454,0.0489957,0.01412811
urn:mavedb:00001105-a-1#1212,NA,NA,p.Leu67Met,-0.384306820653864,0.137319870901629,0.04502079,0.01244489
urn:mavedb:00001105-a-1#1213,NA,NA,p.Leu67Asn,-0.47924661316496,0.305592984608397,0.03641668,0.02769498
urn:mavedb:00001105-a-1#1214,NA,NA,p.Leu67Pro,-0.906055407430113,0.199136648161699,-0.002263727,0.01804716
urn:mavedb:00001105-a-1#1215,NA,NA,p.Leu67Gln,-0.657177112144762,0.185678188782892,0.02029137,0.01682746
urn:mavedb:00001105-a-1#1216,NA,NA,p.Leu67Arg,-0.524855750793513,0.0791493353278821,0.03228326,0.007173068
urn:mavedb:00001105-a-1#1217,NA,NA,p.Leu67Ser,-0.67998278438278,0.121771085586345,0.01822456,0.01103575
urn:mavedb:00001105-a-1#1218,NA,NA,p.Leu67Thr,-0.632594596655313,0.199526929139176,0.02251921,0.01808253
urn:mavedb:00001105-a-1#1219,NA,NA,p.Leu67Val,-0.756481828293694,0.125041523214684,0.01129168,0.01133214
urn:mavedb:00001105-a-1#1220,NA,NA,p.Leu67Trp,-0.701723542367582,0.126658370023552,0.01625426,0.01147867
urn:mavedb:00001105-a-1#1221,NA,NA,p.Leu67Tyr,-0.894871137485881,0.353915441218052,-0.00125013,0.0320743
urn:mavedb:00001105-a-1#1222,NA,NA,p.Leu65Met,0.197224635501897,0.0981488025397284,0.09772325,0.008894933
urn:mavedb:00001105-a-1#1223,NA,NA,p.Leu65Asn,0.636385629605036,0.0909301602838844,0.1375231,0.008240729
urn:mavedb:00001105-a-1#1224,NA,NA,p.Leu65Pro,-0.546827455367475,0.139207828923859,0.03029203,0.01261599
urn:mavedb:00001105-a-1#1225,NA,NA,p.Leu65Gln,0.586561633967532,0.0624144467298189,0.1330077,0.005656435
urn:mavedb:00001105-a-1#1226,NA,NA,p.Leu65Arg,0.669782955998275,0.0333058635992811,0.1405498,0.003018411
urn:mavedb:00001105-a-1#1227,NA,NA,p.Leu65Ser,0.390375099521925,0.0494722351828536,0.1152279,0.004483521
urn:mavedb:00001105-a-1#1228,NA,NA,p.Leu65Thr,0.49013122632363,0.0616642178935277,0.1242685,0.005588444
urn:mavedb:00001105-a-1#1229,NA,NA,p.Leu65Val,-0.407919205989516,0.0905507149275522,0.04288087,0.008206341
urn:mavedb:00001105-a-1#1230,NA,NA,p.Leu65Trp,-0.529961623473972,0.112901986234458,0.03182053,0.01023197
urn:mavedb:00001105-a-1#1231,NA,NA,p.Leu65Tyr,-0.344788802764827,0.145259115066297,0.04860219,0.0131644
urn:mavedb:00001105-a-1#1232,NA,NA,p.Val64Trp,0.227496514146472,0.0675502552963926,0.1004667,0.006121878
urn:mavedb:00001105-a-1#1233,NA,NA,p.Val64Tyr,0.467290354868248,0.123969767734268,0.1221985,0.01123501
urn:mavedb:00001105-a-1#1234,NA,NA,p.Ala63Cys,-0.38019877406312,0.112287158525524,0.04539309,0.01017625
urn:mavedb:00001105-a-1#1235,NA,NA,p.Ala63Asp,-0.825797186412903,0.191502390319266,0.005009836,0.01735529
urn:mavedb:00001105-a-1#1236,NA,NA,p.Ala63Glu,-0.911219253993966,0.326893035150722,-0.002731711,0.02962534
urn:mavedb:00001105-a-1#1237,NA,NA,p.Ala63Phe,-0.540731701248243,0.133029980078236,0.03084447,0.01205611
urn:mavedb:00001105-a-1#1238,NA,NA,p.Ala63Gly,-0.691220493138828,0.138192458396649,0.01720612,0.01252397
urn:mavedb:00001105-a-1#1239,NA,NA,p.Ala63His,-0.996056418717973,0.198753870465666,-0.01042025,0.01801247
urn:mavedb:00001105-a-1#1240,NA,NA,p.Ala63Ile,-0.542749532244883,0.127545191684841,0.0306616,0.01155904
urn:mavedb:00001105-a-1#1241,NA,NA,p.Ala63Lys,-0.450590367563138,0.206800477760412,0.03901371,0.01874171
urn:mavedb:00001105-a-1#1242,NA,NA,p.Ala63Leu,-0.895585361605477,0.132091628528204,-0.001314858,0.01197107
urn:mavedb:00001105-a-1#1243,NA,NA,p.Ala63Met,-1.10735568196746,0.250653626846255,-0.02050697,0.02271599
urn:mavedb:00001105-a-1#1244,NA,NA,p.Ala63Asn,-0.386797027354371,0.124113543847825,0.04479511,0.01124804
urn:mavedb:00001105-a-1#1245,NA,NA,p.Ala63Pro,-0.726354056789799,0.146249106847445,0.01402207,0.01325412
urn:mavedb:00001105-a-1#1246,NA,NA,p.Ala63Gln,-0.653887033573819,0.167360361587546,0.02058954,0.01516737
urn:mavedb:00001105-a-1#1247,NA,NA,p.Ala63Arg,-0.683840464126508,0.125487306406373,0.01787495,0.01137254
urn:mavedb:00001105-a-1#1248,NA,NA,p.Ala63Ser,-0.926207102815866,0.128751233834635,-0.004090015,0.01166834
urn:mavedb:00001105-a-1#1249,NA,NA,p.Ala63Thr,-0.75996125437873,0.135816125026296,0.01097635,0.01230861
urn:mavedb:00001105-a-1#1250,NA,NA,p.Ala63Val,-0.582329893575332,0.104724413575797,0.02707455,0.009490861
urn:mavedb:00001105-a-1#1251,NA,NA,p.Ala63Trp,-0.680006287308481,0.176440325216493,0.01822243,0.01599026
urn:mavedb:00001105-a-1#1252,NA,NA,p.Ala63Tyr,-0.956538180144188,0.228898303668062,-0.00683883,0.02074437
urn:mavedb:00001105-a-1#1253,NA,NA,p.Asp62Glu,0.268104714692413,0.0598009655288768,0.1041469,0.005419583
urn:mavedb:00001105-a-1#1254,NA,NA,p.Asp62Phe,-0.671595219151817,0.207514723948483,0.0189847,0.01880644
urn:mavedb:00001105-a-1#1255,NA,NA,p.Asp62Gly,-0.704838948960197,0.084829815921886,0.01597192,0.007687873
urn:mavedb:00001105-a-1#1256,NA,NA,p.Asp62His,-0.146512604436988,0.128400455427115,0.06657137,0.01163655
urn:mavedb:00001105-a-1#1257,NA,NA,p.Asp62Ile,-0.709715419844734,0.203554315454393,0.01552998,0.01844752
urn:mavedb:00001105-a-1#1258,NA,NA,p.Asp62Lys,-0.115788101373525,0.115581099079563,0.06935584,0.01047477
urn:mavedb:00001105-a-1#1259,NA,NA,p.Asp62Leu,-0.437137094275918,0.0872333155847625,0.04023294,0.007905695
urn:mavedb:00001105-a-1#1260,NA,NA,p.Asp62Met,-0.124254782086776,0.10782055438988,0.06858853,0.009771455
urn:mavedb:00001105-a-1#1261,NA,NA,p.Asp62Asn,-0.996145796041059,0.300413954933857,-0.01042835,0.02722562
urn:mavedb:00001105-a-1#1262,NA,NA,p.Asp62Pro,-0.684371762658187,0.171111340255441,0.0178268,0.01550731
urn:mavedb:00001105-a-1#1263,NA,NA,p.Asp62Gln,0.0200401613139305,0.0778672231453281,0.08166555,0.007056874
urn:mavedb:00001105-a-1#1264,NA,NA,p.Asp62Arg,-0.136683195402607,0.0532942522712461,0.06746218,0.004829899
urn:mavedb:00001105-a-1#1265,NA,NA,p.Asp62Ser,-0.217068277047412,0.0737398997418154,0.06017712,0.006682827
urn:mavedb:00001105-a-1#1266,NA,NA,p.Asp62Thr,-0.361644483159905,0.114620237685198,0.04707461,0.01038769
urn:mavedb:00001105-a-1#1267,NA,NA,p.Asp62Val,-0.529958313202746,0.0905859582818655,0.03182083,0.008209535
urn:mavedb:00001105-a-1#1268,NA,NA,p.Asp62Trp,-0.918629251995114,0.190430745181224,-0.003403257,0.01725817
urn:mavedb:00001105-a-1#1269,NA,NA,p.Asp62Tyr,-1.14896810846082,0.407018922558577,-0.02427818,0.03688691
urn:mavedb:00001105-a-1#1270,NA,NA,p.Glu61Phe,-0.775005278503325,0.0976561017705372,0.009612955,0.008850281
urn:mavedb:00001105-a-1#1271,NA,NA,p.Glu61Gly,-0.7054680108354,0.13276085502761,0.01591491,0.01203172
urn:mavedb:00001105-a-1#1272,NA,NA,p.Glu61His,-0.631750367150457,0.0953370140239089,0.02259572,0.008640109
urn:mavedb:00001105-a-1#1273,NA,NA,p.Glu61Ile,-0.808922703677264,0.10345556454662,0.00653912,0.009375869
urn:mavedb:00001105-a-1#1274,NA,NA,p.Glu61Lys,-0.445467833184178,0.0868895108152905,0.03947795,0.007874537
urn:mavedb:00001105-a-1#1275,NA,NA,p.Glu61Leu,-0.680455822140893,0.0588522197271972,0.01818169,0.005333601
urn:mavedb:00001105-a-1#1276,NA,NA,p.Glu61Met,-0.63032253682856,0.0981163398132444,0.02272512,0.008891991
urn:mavedb:00001105-a-1#1277,NA,NA,p.Glu61Asn,-0.419046682713758,0.0977525520398084,0.04187242,0.008859022
urn:mavedb:00001105-a-1#1278,NA,NA,p.Glu61Pro,-0.798078762717717,0.0870243933334889,0.007521874,0.007886761
urn:mavedb:00001105-a-1#1279,NA,NA,p.Glu61Gln,-0.389891137868769,0.0706575406902677,0.0445147,0.006403482
urn:mavedb:00001105-a-1#1280,NA,NA,p.Glu61Arg,-0.431247239026906,0.0610426372312936,0.04076672,0.005532112
urn:mavedb:00001105-a-1#1281,NA,NA,p.Glu61Ser,-0.443388872512242,0.0545553994027057,0.03966636,0.004944193
urn:mavedb:00001105-a-1#1282,NA,NA,p.Glu61Thr,-0.480235942891863,0.0620559333218688,0.03632702,0.005623944
urn:mavedb:00001105-a-1#1283,NA,NA,p.Glu61Val,-0.862569698450291,0.108534061284044,0.001677253,0.009836118
urn:mavedb:00001105-a-1#1284,NA,NA,p.Glu61Trp,-0.942989571045675,0.164381007142296,-0.00561096,0.01489736
urn:mavedb:00001105-a-1#1285,NA,NA,p.Glu61Tyr,-0.746803698654314,0.126114382118842,0.01216878,0.01142937
urn:mavedb:00001105-a-1#1286,NA,NA,p.Arg60Ser,-0.365630049715308,0.109063704680111,0.04671341,0.009884118
urn:mavedb:00001105-a-1#1287,NA,NA,p.Arg60Thr,0.148820194508227,0.0860600230516254,0.0933365,0.007799363
urn:mavedb:00001105-a-1#1288,NA,NA,p.Arg60Val,0.598230340037129,0.0465843214630869,0.1340652,0.004221798
urn:mavedb:00001105-a-1#1289,NA,NA,p.Arg60Trp,-0.0146589844098914,0.078283213895989,0.07852087,0.007094574
urn:mavedb:00001105-a-1#1290,NA,NA,p.Arg60Tyr,0.312500968943973,0.138295076804637,0.1081704,0.01253327
urn:mavedb:00001105-a-1#1291,NA,NA,p.Val59Trp,-0.53366096191075,0.12686128964967,0.03148527,0.01149706
urn:mavedb:00001105-a-1#1292,NA,NA,p.Val59Tyr,-0.170136024010059,0.147597049290435,0.06443045,0.01337628
urn:mavedb:00001105-a-1#1293,NA,NA,p.Leu58Met,0.262765247205814,0.0436446461355921,0.103663,0.003955384
urn:mavedb:00001105-a-1#1294,NA,NA,p.Leu58Asn,-0.884333028071155,0.100965843352559,-0.0002950926,0.009150233
urn:mavedb:00001105-a-1#1295,NA,NA,p.Leu58Pro,-0.78871302337388,0.0900093531713474,0.008370663,0.008157279
urn:mavedb:00001105-a-1#1296,NA,NA,p.Leu58Gln,-0.810281592083773,0.123350415987992,0.006415968,0.01117888
urn:mavedb:00001105-a-1#1297,NA,NA,p.Leu58Arg,-0.752471214019352,0.0776077530524425,0.01165515,0.007033359
urn:mavedb:00001105-a-1#1298,NA,NA,p.Leu58Ser,-0.738109602307877,0.0715546572950681,0.0129567,0.006484785
urn:mavedb:00001105-a-1#1299,NA,NA,p.Leu58Thr,-0.837827043073194,0.0833530708255149,0.003919606,0.00755404
urn:mavedb:00001105-a-1#1300,NA,NA,p.Leu58Val,-0.422920803471239,0.0626797760027736,0.04152132,0.005680481
urn:mavedb:00001105-a-1#1301,NA,NA,p.Leu58Trp,-0.580503616940269,0.103610088007423,0.02724006,0.009389873
urn:mavedb:00001105-a-1#1302,NA,NA,p.Leu58Tyr,-0.585301303369641,0.0881384540801658,0.02680526,0.007987725
urn:mavedb:00001105-a-1#1303,NA,NA,p.Gly57His,-0.0542927514494436,0.0453973023386018,0.07492898,0.004114222
urn:mavedb:00001105-a-1#1304,NA,NA,p.Gly57Ile,-0.729702285791935,0.097877172717208,0.01371863,0.008870316
urn:mavedb:00001105-a-1#1305,NA,NA,p.Gly57Lys,-0.366590469740176,0.0796622177173109,0.04662637,0.007219549
urn:mavedb:00001105-a-1#1306,NA,NA,p.Gly57Leu,-0.770369629850437,0.0610353877373099,0.01003307,0.005531455
urn:mavedb:00001105-a-1#1307,NA,NA,p.Gly57Met,-0.46465129630497,0.0707040389667474,0.03773941,0.006407696
urn:mavedb:00001105-a-1#1308,NA,NA,p.Gly57Asn,-0.0104919046489615,0.0528289164108517,0.07889852,0.004787727
urn:mavedb:00001105-a-1#1309,NA,NA,p.Gly57Pro,-0.691051227936835,0.0857429873421297,0.01722146,0.007770631
urn:mavedb:00001105-a-1#1310,NA,NA,p.Gly57Gln,-0.221027140748264,0.0589305738471029,0.05981834,0.005340702
urn:mavedb:00001105-a-1#1311,NA,NA,p.Gly57Arg,-0.461187207809945,0.0565330878436193,0.03805335,0.005123425
urn:mavedb:00001105-a-1#1312,NA,NA,p.Gly57Ser,-0.292456945646946,0.0416990783598025,0.05334487,0.003779063
urn:mavedb:00001105-a-1#1313,NA,NA,p.Gly57Thr,-0.246319930100313,0.0467550321501817,0.05752613,0.004237269
urn:mavedb:00001105-a-1#1314,NA,NA,p.Gly57Val,-0.584415585132093,0.0642255292199572,0.02688553,0.005820568
urn:mavedb:00001105-a-1#1315,NA,NA,p.Gly57Trp,-0.666224083403828,0.105187950855493,0.01947147,0.00953287
urn:mavedb:00001105-a-1#1316,NA,NA,p.Gly57Tyr,-0.359813903172249,0.0613624204659063,0.04724051,0.005561093
urn:mavedb:00001105-a-1#1317,NA,NA,p.Arg56Ser,-0.302988904577735,0.0781806175564758,0.05239039,0.007085276
urn:mavedb:00001105-a-1#1318,NA,NA,p.Arg56Thr,0.0341717091752387,0.0604055755339619,0.08294625,0.005474377
urn:mavedb:00001105-a-1#1319,NA,NA,p.Arg56Val,-0.430334817934807,0.0767194859060513,0.04084941,0.006952858
urn:mavedb:00001105-a-1#1320,NA,NA,p.Arg56Trp,-0.909879774811076,0.192657454292189,-0.002610318,0.01745997
urn:mavedb:00001105-a-1#1321,NA,NA,p.Arg56Tyr,-0.513097336373707,0.202890385388948,0.03334889,0.01838735
urn:mavedb:00001105-a-1#1322,NA,NA,p.Phe55Gly,-0.706051059940571,0.0990165680729968,0.01586207,0.008973576
urn:mavedb:00001105-a-1#1323,NA,NA,p.Phe55His,-1.08294596263598,0.372957886784641,-0.01829479,0.03380006
urn:mavedb:00001105-a-1#1324,NA,NA,p.Phe55Ile,-0.566535375792748,0.218508024345721,0.02850596,0.01980273
urn:mavedb:00001105-a-1#1325,NA,NA,p.Phe55Lys,-0.378046546054728,0.2562057240879,0.04558814,0.02321916
urn:mavedb:00001105-a-1#1326,NA,NA,p.Phe55Leu,-0.730938010040384,0.13340382004196,0.01360664,0.01208999
urn:mavedb:00001105-a-1#1327,NA,NA,p.Phe55Met,-0.706379438846132,0.20859839640531,0.01583231,0.01890465
urn:mavedb:00001105-a-1#1328,NA,NA,p.Phe55Asn,-0.957564684216952,0.336623136048341,-0.006931859,0.03050715
urn:mavedb:00001105-a-1#1329,NA,NA,p.Phe55Pro,-0.466950058986275,0.194645382505426,0.03753108,0.01764013
urn:mavedb:00001105-a-1#1330,NA,NA,p.Phe55Gln,-0.759297103628537,0.242993659230639,0.01103654,0.02202179
urn:mavedb:00001105-a-1#1331,NA,NA,p.Phe55Arg,-0.614083008250906,0.115176252908694,0.02419686,0.01043808
urn:mavedb:00001105-a-1#1332,NA,NA,p.Phe55Ser,-0.851750165223912,0.166693231593251,0.002657795,0.01510691
urn:mavedb:00001105-a-1#1333,NA,NA,p.Phe55Thr,-0.385346576845767,0.136013748218453,0.04492656,0.01232652
urn:mavedb:00001105-a-1#1334,NA,NA,p.Phe55Val,-0.538568439002432,0.107667299866381,0.03104052,0.009757566
urn:mavedb:00001105-a-1#1335,NA,NA,p.Phe55Trp,-0.398557758964035,0.11987110024533,0.04372927,0.01086356
urn:mavedb:00001105-a-1#1336,NA,NA,p.Phe55Tyr,-0.230257611375593,0.220983445168088,0.05898181,0.02002707
urn:mavedb:00001105-a-1#1337,NA,NA,p.Asp54Glu,-0.468196707129767,0.125671357486507,0.0374181,0.01138922
urn:mavedb:00001105-a-1#1338,NA,NA,p.Asp54Phe,-0.593422612451707,0.219791637184564,0.02606925,0.01991906
urn:mavedb:00001105-a-1#1339,NA,NA,p.Asp54Gly,-0.775113921604943,0.104078094153272,0.009603109,0.009432287
urn:mavedb:00001105-a-1#1340,NA,NA,p.Asp54His,-0.531204630319116,0.32313554628275,0.03170788,0.02928481
urn:mavedb:00001105-a-1#1341,NA,NA,p.Asp54Ile,-0.835555976327809,0.373789868285963,0.004125426,0.03387546
urn:mavedb:00001105-a-1#1342,NA,NA,p.Asp54Lys,-1.02840626495312,0.382168164757495,-0.01335202,0.03463476
urn:mavedb:00001105-a-1#1343,NA,NA,p.Asp54Leu,-0.631687140970052,0.103954753447413,0.02260145,0.009421109
urn:mavedb:00001105-a-1#1344,NA,NA,p.Asp54Met,-0.686451826753866,0.180553116529326,0.01763829,0.01636299
urn:mavedb:00001105-a-1#1345,NA,NA,p.Asp54Asn,-0.613597501804512,0.22958264707273,0.02424086,0.02080639
urn:mavedb:00001105-a-1#1346,NA,NA,p.Asp54Pro,-0.619202122016266,0.130813643150445,0.02373293,0.01185525
urn:mavedb:00001105-a-1#1347,NA,NA,p.Asp54Gln,-0.744058932096572,0.178538154434415,0.01241753,0.01618038
urn:mavedb:00001105-a-1#1348,NA,NA,p.Asp54Arg,-0.665312103681226,0.103467293940995,0.01955412,0.009376932
urn:mavedb:00001105-a-1#1349,NA,NA,p.Asp54Ser,-0.384335620013525,0.0977518127459014,0.04501818,0.008858955
urn:mavedb:00001105-a-1#1350,NA,NA,p.Asp54Thr,-0.47399950224555,0.116604634942462,0.03689221,0.01056753
urn:mavedb:00001105-a-1#1351,NA,NA,p.Asp54Val,-0.619826218484632,0.0975500075777625,0.02367637,0.008840666
urn:mavedb:00001105-a-1#1352,NA,NA,p.Asp54Trp,-0.850490022208058,0.159277010282199,0.002771998,0.0144348
urn:mavedb:00001105-a-1#1353,NA,NA,p.Asp54Tyr,-0.473451321330621,0.208355532839739,0.03694189,0.01888264
urn:mavedb:00001105-a-1#1354,NA,NA,p.Gln53Arg,-0.146612353943247,0.0522361130398039,0.06656233,0.004734003
urn:mavedb:00001105-a-1#1355,NA,NA,p.Gln53Ser,-0.597875809988887,0.0807061669194335,0.02566567,0.007314159
urn:mavedb:00001105-a-1#1356,NA,NA,p.Gln53Thr,-0.423095916819063,0.0662466594535857,0.04150545,0.006003737
urn:mavedb:00001105-a-1#1357,NA,NA,p.Gln53Val,-0.131490372931294,0.0520909797150441,0.06793279,0.00472085
urn:mavedb:00001105-a-1#1358,NA,NA,p.Gln53Trp,-0.728833008568141,0.138531540512506,0.01379741,0.0125547
urn:mavedb:00001105-a-1#1359,NA,NA,p.Gln53Tyr,-0.790636423366697,0.117271433909635,0.008196351,0.01062796
urn:mavedb:00001105-a-1#1360,NA,NA,p.Thr52Val,-0.671029383457019,0.0686462860991284,0.01903598,0.006221208
urn:mavedb:00001105-a-1#1361,NA,NA,p.Thr52Trp,-0.786689675258531,0.104618562136246,0.008554033,0.009481268
urn:mavedb:00001105-a-1#1362,NA,NA,p.Thr52Tyr,-0.612489112655867,0.108039175735844,0.02434131,0.009791268
urn:mavedb:00001105-a-1#1363,NA,NA,p.Asn51Pro,-0.798949055091354,0.114138151852403,0.007443002,0.010344
urn:mavedb:00001105-a-1#1364,NA,NA,p.Asn51Gln,-0.636740269995652,0.147197609895901,0.0221435,0.01334008
urn:mavedb:00001105-a-1#1365,NA,NA,p.Asn51Arg,-0.896217766854618,0.0958073152911414,-0.001372171,0.008682731
urn:mavedb:00001105-a-1#1366,NA,NA,p.Asn51Ser,-0.613970900398739,0.0724185167082906,0.02420702,0.006563074
urn:mavedb:00001105-a-1#1367,NA,NA,p.Asn51Thr,-0.694240343235403,0.097046184297254,0.01693244,0.008795006
urn:mavedb:00001105-a-1#1368,NA,NA,p.Asn51Val,-0.693168367070238,0.0789808645909831,0.01702959,0.0071578
urn:mavedb:00001105-a-1#1369,NA,NA,p.Asn51Trp,-0.974929914661759,0.167215592392622,-0.008505618,0.01515425
urn:mavedb:00001105-a-1#1370,NA,NA,p.Asn51Tyr,-0.692550560117201,0.112725879805266,0.01708558,0.01021601
urn:mavedb:00001105-a-1#1371,NA,NA,p.Val50Trp,-0.947980356629864,0.15275798281561,-0.00606326,0.013844
urn:mavedb:00001105-a-1#1372,NA,NA,p.Val50Tyr,-0.968089283311383,0.156695991807741,-0.007885672,0.01420089
urn:mavedb:00001105-a-1#1373,NA,NA,p.Lys49Leu,-0.747587350195745,0.122343541823594,0.01209776,0.01108763
urn:mavedb:00001105-a-1#1374,NA,NA,p.Lys49Met,-0.128791619143585,0.103231624698221,0.06817737,0.009355574
urn:mavedb:00001105-a-1#1375,NA,NA,p.Lys49Asn,-0.456340860393559,0.233664763205541,0.03849256,0.02117634
urn:mavedb:00001105-a-1#1376,NA,NA,p.Lys49Pro,-0.9387561865521,0.233255834366828,-0.005227301,0.02113928
urn:mavedb:00001105-a-1#1377,NA,NA,p.Lys49Gln,0.0157328363954169,0.116266104538476,0.08127519,0.01053685
urn:mavedb:00001105-a-1#1378,NA,NA,p.Lys49Arg,-0.0291651446315428,0.0538154875784003,0.07720622,0.004877137
urn:mavedb:00001105-a-1#1379,NA,NA,p.Lys49Ser,-0.122674789630884,0.0717001437154252,0.06873172,0.00649797
urn:mavedb:00001105-a-1#1380,NA,NA,p.Lys49Thr,-0.442512974745996,0.142779059864214,0.03974574,0.01293964
urn:mavedb:00001105-a-1#1381,NA,NA,p.Lys49Val,-0.458083497508993,0.0804438720617688,0.03833463,0.007290388
urn:mavedb:00001105-a-1#1382,NA,NA,p.Lys49Trp,-0.094409928430281,0.0804550387100358,0.07129328,0.0072914
urn:mavedb:00001105-a-1#1383,NA,NA,p.Lys49Tyr,-0.50044150742469,0.199902203553764,0.03449585,0.01811654
urn:mavedb:00001105-a-1#1384,NA,NA,p.Leu48Met,-0.251031990847321,0.213692241766983,0.05709909,0.01936629
urn:mavedb:00001105-a-1#1385,NA,NA,p.Leu48Asn,-0.961581819725608,0.60509253228742,-0.00729592,0.05483773
urn:mavedb:00001105-a-1#1386,NA,NA,p.Leu48Pro,-0.865157922281783,0.228026157542538,0.00144269,0.02066533
urn:mavedb:00001105-a-1#1387,NA,NA,p.Leu48Gln,-0.859945514039053,0.262316484770021,0.001915075,0.02377296
urn:mavedb:00001105-a-1#1388,NA,NA,p.Leu48Arg,-0.77359098719074,0.11156044364917,0.009741128,0.01011039
urn:mavedb:00001105-a-1#1389,NA,NA,p.Leu48Ser,-0.653667783276322,0.134397011751959,0.02060941,0.01218
urn:mavedb:00001105-a-1#1390,NA,NA,p.Leu48Thr,-0.711256902812037,0.215846676622859,0.01539028,0.01956154
urn:mavedb:00001105-a-1#1391,NA,NA,p.Leu48Val,-0.699745434625647,0.160077544206879,0.01643353,0.01450735
urn:mavedb:00001105-a-1#1392,NA,NA,p.Leu48Trp,-0.51699738758912,0.138892470418451,0.03299544,0.01258741
urn:mavedb:00001105-a-1#1393,NA,NA,p.Leu48Tyr,-0.230159185977824,0.242013818947915,0.05899073,0.02193299
urn:mavedb:00001105-a-1#1394,NA,NA,p.Ile47Lys,-0.886342494012409,0.294385840689997,-0.0004772045,0.02667931
urn:mavedb:00001105-a-1#1395,NA,NA,p.Ile47Leu,-0.485519246110004,0.114662829841632,0.03584821,0.01039155
urn:mavedb:00001105-a-1#1396,NA,NA,p.Ile47Met,-0.98084105495475,0.451240615174184,-0.009041327,0.04089459
urn:mavedb:00001105-a-1#1397,NA,NA,p.Ile47Asn,-0.932147174879367,0.415472582871675,-0.004628346,0.03765304
urn:mavedb:00001105-a-1#1398,NA,NA,p.Ile47Pro,-0.790948890901902,0.228621233966494,0.008168033,0.02071926
urn:mavedb:00001105-a-1#1399,NA,NA,p.Ile47Gln,-0.333232866601642,0.147090908820069,0.04964947,0.01333041
urn:mavedb:00001105-a-1#1400,NA,NA,p.Ile47Arg,-0.681667933121266,0.115335256269888,0.01807184,0.01045249
urn:mavedb:00001105-a-1#1401,NA,NA,p.Ile47Ser,-0.697340963949877,0.167994830239085,0.01665144,0.01522487
urn:mavedb:00001105-a-1#1402,NA,NA,p.Ile47Thr,-0.51941796825152,0.182864237556539,0.03277607,0.01657244
urn:mavedb:00001105-a-1#1403,NA,NA,p.Ile47Val,-0.634959564761126,0.126641818667425,0.02230488,0.01147717
urn:mavedb:00001105-a-1#1404,NA,NA,p.Ile47Trp,-1.10045619399469,0.275014685190724,-0.01988169,0.02492376
urn:mavedb:00001105-a-1#1405,NA,NA,p.Ile47Tyr,0.324189536640923,0.421373251673356,0.1092297,0.0381878
urn:mavedb:00001105-a-1#1406,NA,NA,p.Gln46Arg,-0.393042626417741,0.088085169747674,0.04422909,0.007982896
urn:mavedb:00001105-a-1#1407,NA,NA,p.Gln46Ser,-0.537933528981397,0.137476226045843,0.03109806,0.01245906
urn:mavedb:00001105-a-1#1408,NA,NA,p.Gln46Thr,-0.534157392252189,0.195389200449778,0.03144028,0.01770754
urn:mavedb:00001105-a-1#1409,NA,NA,p.Gln46Val,-0.493927555707313,0.101201490526859,0.03508619,0.009171589
urn:mavedb:00001105-a-1#1410,NA,NA,p.Gln46Trp,-0.773755860766241,0.190285534616803,0.009726186,0.01724501
urn:mavedb:00001105-a-1#1411,NA,NA,p.Gln46Tyr,-0.453824171523248,0.228487719693736,0.03872064,0.02070716
urn:mavedb:00001105-a-1#1412,NA,NA,p.Asp45Glu,-0.930915533298763,0.171900950285078,-0.004516726,0.01557887
urn:mavedb:00001105-a-1#1413,NA,NA,p.Asp45Phe,-0.767199162413106,0.117854372672431,0.0103204,0.01068079
urn:mavedb:00001105-a-1#1414,NA,NA,p.Asp45Gly,-0.806360322029805,0.11543666091176,0.006771341,0.01046168
urn:mavedb:00001105-a-1#1415,NA,NA,p.Asp45His,-0.785460759134569,0.119222838797019,0.008665406,0.01080481
urn:mavedb:00001105-a-1#1416,NA,NA,p.Asp45Ile,-0.804009577056025,0.135194676774911,0.006984382,0.01225229
urn:mavedb:00001105-a-1#1417,NA,NA,p.Asp45Lys,-0.607777272593608,0.106080885484312,0.02476833,0.009613794
urn:mavedb:00001105-a-1#1418,NA,NA,p.Asp45Leu,-0.713486149797607,0.0776230134027917,0.01518825,0.007034742
urn:mavedb:00001105-a-1#1419,NA,NA,p.Asp45Met,-0.763228161051095,0.12858693403948,0.01068028,0.01165345
urn:mavedb:00001105-a-1#1420,NA,NA,p.Asp45Asn,-0.750913731407793,0.121626095706672,0.0117963,0.01102261
urn:mavedb:00001105-a-1#1421,NA,NA,p.Asp45Pro,-0.823991058295366,0.128276982310407,0.00517352,0.01162536
urn:mavedb:00001105-a-1#1422,NA,NA,p.Asp45Gln,-0.686282120182376,0.127645823930094,0.01765367,0.01156816
urn:mavedb:00001105-a-1#1423,NA,NA,p.Asp45Arg,-0.858981507887025,0.11407051197703,0.00200244,0.01033787
urn:mavedb:00001105-a-1#1424,NA,NA,p.Asp45Ser,-0.789468636918031,0.0842077828559177,0.008302184,0.0076315
urn:mavedb:00001105-a-1#1425,NA,NA,p.Asp45Thr,-0.854728570724745,0.117875889435396,0.002387871,0.01068274
urn:mavedb:00001105-a-1#1426,NA,NA,p.Asp45Val,-0.83752957106664,0.1096375291628,0.003946565,0.009936122
urn:mavedb:00001105-a-1#1427,NA,NA,p.Asp45Trp,-0.564423533093306,0.130313019798787,0.02869735,0.01180988
urn:mavedb:00001105-a-1#1428,NA,NA,p.Asp45Tyr,-0.727440046436485,0.110346677533184,0.01392365,0.01000039
urn:mavedb:00001105-a-1#1429,NA,NA,p.Gly44His,-0.809737714521437,0.170350970954963,0.006465258,0.0154384
urn:mavedb:00001105-a-1#1430,NA,NA,p.Gly44Ile,-0.637547424462783,0.131218710006062,0.02207035,0.01189196
urn:mavedb:00001105-a-1#1431,NA,NA,p.Gly44Lys,-0.879143742072935,0.157873124255499,0.0001751969,0.01430757
urn:mavedb:00001105-a-1#1432,NA,NA,p.Gly44Leu,-0.756886122752691,0.0813100376306116,0.01125504,0.007368886
urn:mavedb:00001105-a-1#1433,NA,NA,p.Gly44Met,-0.537303474024826,0.113792669878844,0.03115516,0.01031269
urn:mavedb:00001105-a-1#1434,NA,NA,p.Gly44Asn,-0.772062855650713,0.188796905646732,0.009879618,0.0171101
urn:mavedb:00001105-a-1#1435,NA,NA,p.Gly44Pro,-0.58605085911745,0.115448577888172,0.02673733,0.01046276
urn:mavedb:00001105-a-1#1436,NA,NA,p.Gly44Gln,-0.850627817764935,0.14526606663587,0.00275951,0.01316503
urn:mavedb:00001105-a-1#1437,NA,NA,p.Gly44Arg,-0.868470146567224,0.0982924352081992,0.001142513,0.00890795
urn:mavedb:00001105-a-1#1438,NA,NA,p.Gly44Ser,-0.891769499414717,0.0953508288891563,-0.0009690378,0.008641361
urn:mavedb:00001105-a-1#1439,NA,NA,p.Gly44Thr,-0.852553303228623,0.125336468380869,0.002585009,0.01135887
urn:mavedb:00001105-a-1#1440,NA,NA,p.Gly44Val,-0.724036756589633,0.104538100476994,0.01423208,0.009473976
urn:mavedb:00001105-a-1#1441,NA,NA,p.Gly44Trp,-0.739694339485858,0.153336176856316,0.01281308,0.0138964
urn:mavedb:00001105-a-1#1442,NA,NA,p.Gly44Tyr,-0.863379975606611,0.176888977309911,0.00160382,0.01603092
urn:mavedb:00001105-a-1#1443,NA,NA,p.Glu43Phe,-0.374301856902161,0.274935238681314,0.04592751,0.02491656
urn:mavedb:00001105-a-1#1444,NA,NA,p.Glu43Gly,-0.729012866638055,0.125392301622204,0.01378111,0.01136393
urn:mavedb:00001105-a-1#1445,NA,NA,p.Glu43His,-0.561266527425625,0.218543885617329,0.02898346,0.01980598
urn:mavedb:00001105-a-1#1446,NA,NA,p.Glu43Ile,0.228372632597466,0.102834888691854,0.1005461,0.009319619
urn:mavedb:00001105-a-1#1447,NA,NA,p.Glu43Lys,-0.397342999766681,0.121132423924588,0.04383936,0.01097787
urn:mavedb:00001105-a-1#1448,NA,NA,p.Glu43Leu,-0.189587288072988,0.0723612710845657,0.06266764,0.006557886
urn:mavedb:00001105-a-1#1449,NA,NA,p.Glu43Met,-0.467502212226674,0.145648071935283,0.03748104,0.01319965
urn:mavedb:00001105-a-1#1450,NA,NA,p.Glu43Asn,-1.000344433721,0.403890274881061,-0.01080886,0.03660337
urn:mavedb:00001105-a-1#1451,NA,NA,p.Glu43Pro,-0.29643092625306,0.127756055961901,0.05298472,0.01157815
urn:mavedb:00001105-a-1#1452,NA,NA,p.Glu43Gln,-0.400994008243568,0.135022321986441,0.04350848,0.01223667
urn:mavedb:00001105-a-1#1453,NA,NA,p.Glu43Arg,-0.439552930216227,0.0830149597225507,0.040014,0.007523398
urn:mavedb:00001105-a-1#1454,NA,NA,p.Glu43Ser,-0.615350180075996,0.126575061531046,0.02408202,0.01147112
urn:mavedb:00001105-a-1#1455,NA,NA,p.Glu43Thr,-0.122903308687812,0.101313134941055,0.06871101,0.009181707
urn:mavedb:00001105-a-1#1456,NA,NA,p.Glu43Val,0.327349742237455,0.0477220175463133,0.1095161,0.004324904
urn:mavedb:00001105-a-1#1457,NA,NA,p.Glu43Trp,-0.350196792865792,0.0984154007499861,0.04811208,0.008919094
urn:mavedb:00001105-a-1#1458,NA,NA,p.Glu43Tyr,-0.331775133496342,0.24062747735871,0.04978158,0.02180735
urn:mavedb:00001105-a-1#1459,NA,NA,p.Gln42Arg,0.104467194467345,0.0496300578806441,0.08931692,0.004497824
urn:mavedb:00001105-a-1#1460,NA,NA,p.Gln42Ser,-0.198189469221733,0.0644130119479274,0.06188805,0.005837559
urn:mavedb:00001105-a-1#1461,NA,NA,p.Gln42Thr,-0.367056886955838,0.0941722068193463,0.0465841,0.008534546
urn:mavedb:00001105-a-1#1462,NA,NA,p.Gln42Val,-0.337036037212524,0.0847806583941885,0.0493048,0.007683418
urn:mavedb:00001105-a-1#1463,NA,NA,p.Gln42Trp,-0.859834410302491,0.180871343936463,0.001925144,0.01639183
urn:mavedb:00001105-a-1#1464,NA,NA,p.Gln42Tyr,-0.800947090666067,0.147602014697273,0.007261926,0.01337673
urn:mavedb:00001105-a-1#1465,NA,NA,p.Leu41Met,-0.390850785497018,0.104123952443982,0.04442773,0.009436443
urn:mavedb:00001105-a-1#1466,NA,NA,p.Leu41Asn,-0.707065768413535,0.154300348521906,0.01577011,0.01398378
urn:mavedb:00001105-a-1#1467,NA,NA,p.Leu41Pro,-0.640089933448652,0.133597360566273,0.02183993,0.01210753
urn:mavedb:00001105-a-1#1468,NA,NA,p.Leu41Gln,-0.660115970938688,0.149978679094749,0.02002503,0.01359212
urn:mavedb:00001105-a-1#1469,NA,NA,p.Leu41Arg,-0.80012662890861,0.119096276093834,0.007336282,0.01079334
urn:mavedb:00001105-a-1#1470,NA,NA,p.Leu41Ser,-0.712710553249492,0.119530142309112,0.01525854,0.01083266
urn:mavedb:00001105-a-1#1471,NA,NA,p.Leu41Thr,-0.819072414555417,0.154617362162927,0.005619282,0.01401251
urn:mavedb:00001105-a-1#1472,NA,NA,p.Leu41Val,-0.504658130911627,0.0894186573396465,0.03411371,0.008103746
urn:mavedb:00001105-a-1#1473,NA,NA,p.Leu41Trp,-0.724403203614286,0.161264828153062,0.01419887,0.01461495
urn:mavedb:00001105-a-1#1474,NA,NA,p.Leu41Tyr,-0.967711581364563,0.211784091090278,-0.007851442,0.01919336
urn:mavedb:00001105-a-1#1475,NA,NA,p.Gly40His,-0.779983948494828,0.469932944387499,0.009161753,0.04258862
urn:mavedb:00001105-a-1#1476,NA,NA,p.Gly40Ile,-0.160449066980745,0.541385038445766,0.06530835,0.04906411
urn:mavedb:00001105-a-1#1477,NA,NA,p.Gly40Lys,-0.576254111425826,0.23616953509944,0.02762518,0.02140334
urn:mavedb:00001105-a-1#1478,NA,NA,p.Gly40Leu,-0.602578822661212,0.145054760989314,0.02523945,0.01314588
urn:mavedb:00001105-a-1#1479,NA,NA,p.Gly40Met,-0.627248618968637,0.216876281316338,0.0230037,0.01965485
urn:mavedb:00001105-a-1#1480,NA,NA,p.Gly40Asn,-0.387923622994755,0.474133678572554,0.04469301,0.04296932
urn:mavedb:00001105-a-1#1481,NA,NA,p.Gly40Pro,-0.229944680402416,0.168405524555785,0.05901017,0.01526209
urn:mavedb:00001105-a-1#1482,NA,NA,p.Gly40Gln,-0.221492785567306,0.162790201133735,0.05977614,0.01475319
urn:mavedb:00001105-a-1#1483,NA,NA,p.Gly40Arg,-0.82240180811428,0.1238307363428,0.005317549,0.01122241
urn:mavedb:00001105-a-1#1484,NA,NA,p.Gly40Ser,-0.737547959623298,0.141682367007233,0.0130076,0.01284025
urn:mavedb:00001105-a-1#1485,NA,NA,p.Gly40Thr,-0.262074614285818,0.184004625993695,0.05609833,0.01667579
urn:mavedb:00001105-a-1#1486,NA,NA,p.Gly40Val,-0.702449926216813,0.145197544021504,0.01618843,0.01315882
urn:mavedb:00001105-a-1#1487,NA,NA,p.Gly40Trp,-0.549145527964261,0.135551303328263,0.03008195,0.01228461
urn:mavedb:00001105-a-1#1488,NA,NA,p.Gly40Tyr,-1.23362509512202,0.459447218911491,-0.03195039,0.04163833
urn:mavedb:00001105-a-1#1489,NA,NA,p.Glu39Phe,-0.187514285889257,0.124293070890617,0.06285551,0.01126431
urn:mavedb:00001105-a-1#1490,NA,NA,p.Glu39Gly,0.246707121491312,0.0438940750724274,0.1022077,0.003977989
urn:mavedb:00001105-a-1#1491,NA,NA,p.Glu39His,0.112362191339966,0.107165882049629,0.09003242,0.009712124
urn:mavedb:00001105-a-1#1492,NA,NA,p.Glu39Ile,0.322897427439269,0.11098004276098,0.1091126,0.01005779
urn:mavedb:00001105-a-1#1493,NA,NA,p.Glu39Lys,0.186487439755133,0.082597545555263,0.09675017,0.007485569
urn:mavedb:00001105-a-1#1494,NA,NA,p.Glu39Leu,0.0415584690723842,0.061236619125103,0.08361569,0.005549692
urn:mavedb:00001105-a-1#1495,NA,NA,p.Glu39Met,0.159327547089574,0.085970116085143,0.09428875,0.007791215
urn:mavedb:00001105-a-1#1496,NA,NA,p.Glu39Asn,0.0565382187640186,0.13506083147503,0.08497326,0.01224016
urn:mavedb:00001105-a-1#1497,NA,NA,p.Glu39Pro,-0.778054810698554,0.166016832839524,0.009336585,0.01504561
urn:mavedb:00001105-a-1#1498,NA,NA,p.Glu39Gln,0.0840310143724804,0.0810856674469528,0.08746485,0.007348552
urn:mavedb:00001105-a-1#1499,NA,NA,p.Glu39Arg,-0.453338665076854,0.0738478697549511,0.03876464,0.006692612
urn:mavedb:00001105-a-1#1500,NA,NA,p.Glu39Ser,0.479599046708093,0.0426127904576798,0.123314,0.00386187
urn:mavedb:00001105-a-1#1501,NA,NA,p.Glu39Thr,0.359766124924229,0.0686671739105608,0.1124539,0.006223101
urn:mavedb:00001105-a-1#1502,NA,NA,p.Glu39Val,0.235464336986052,0.0469785085606097,0.1011888,0.004257522
urn:mavedb:00001105-a-1#1503,NA,NA,p.Glu39Trp,0.0630467637050607,0.0706547600624383,0.08556311,0.00640323
urn:mavedb:00001105-a-1#1504,NA,NA,p.Glu39Tyr,0.115541044797735,0.0936772109287722,0.09032051,0.008489686
urn:mavedb:00001105-a-1#1505,NA,NA,p.Gln38Arg,-0.0228649260929537,0.0524530571816803,0.07777719,0.004753664
urn:mavedb:00001105-a-1#1506,NA,NA,p.Gln38Ser,-0.142587726187385,0.0672822998749324,0.06692707,0.006097594
urn:mavedb:00001105-a-1#1507,NA,NA,p.Gln38Thr,-0.199778399409933,0.0980098373536853,0.06174405,0.008882339
urn:mavedb:00001105-a-1#1508,NA,NA,p.Gln38Val,0.0822872738333044,0.0646086820800619,0.08730682,0.005855292
urn:mavedb:00001105-a-1#1509,NA,NA,p.Gln38Trp,-0.238325514748555,0.0761908907625392,0.05825064,0.006904953
urn:mavedb:00001105-a-1#1510,NA,NA,p.Gln38Tyr,-0.0533246074583832,0.122224261717105,0.07501672,0.01107682
urn:mavedb:00001105-a-1#1511,NA,NA,p.Glu37Phe,-0.0437808748307555,0.104237516815488,0.07588164,0.009446735
urn:mavedb:00001105-a-1#1512,NA,NA,p.Glu37Gly,-0.239057305374121,0.0685711650107862,0.05818432,0.0062144
urn:mavedb:00001105-a-1#1513,NA,NA,p.Glu37His,0.178219264973033,0.123726352456825,0.09600085,0.01121295
urn:mavedb:00001105-a-1#1514,NA,NA,p.Glu37Ile,-0.29736210554877,0.134812671475498,0.05290033,0.01221767
urn:mavedb:00001105-a-1#1515,NA,NA,p.Glu37Lys,-0.231580175072521,0.127722622222524,0.05886195,0.01157512
urn:mavedb:00001105-a-1#1516,NA,NA,p.Glu37Leu,-0.323163683588166,0.086600137939002,0.05056201,0.007848312
urn:mavedb:00001105-a-1#1517,NA,NA,p.Glu37Met,-0.214789817362957,0.108069188861621,0.06038361,0.009793988
urn:mavedb:00001105-a-1#1518,NA,NA,p.Glu37Asn,-0.605771468915753,0.226417145042237,0.02495011,0.02051951
urn:mavedb:00001105-a-1#1519,NA,NA,p.Glu37Pro,-0.509349667977038,0.158105505295524,0.03368853,0.01432863
urn:mavedb:00001105-a-1#1520,NA,NA,p.Glu37Gln,-0.144829331518863,0.112169643897021,0.06672392,0.0101656
urn:mavedb:00001105-a-1#1521,NA,NA,p.Glu37Arg,-0.418595603088108,0.075161230897873,0.0419133,0.006811638
urn:mavedb:00001105-a-1#1522,NA,NA,p.Glu37Ser,-0.136457324562659,0.0840547379829293,0.06748265,0.00761763
urn:mavedb:00001105-a-1#1523,NA,NA,p.Glu37Thr,-0.510334694351348,0.127832192200085,0.03359926,0.01158505
urn:mavedb:00001105-a-1#1524,NA,NA,p.Glu37Val,-0.40831864538405,0.0904199040429611,0.04284467,0.008194486
urn:mavedb:00001105-a-1#1525,NA,NA,p.Glu37Trp,0.197260496773506,0.0645460296800022,0.0977265,0.005849614
urn:mavedb:00001105-a-1#1526,NA,NA,p.Glu37Tyr,-0.0668744303230113,0.125046929991019,0.07378874,0.01133263
urn:mavedb:00001105-a-1#1527,NA,NA,p.Ala36Cys,-0.380800912399024,0.137196839154418,0.04533852,0.01243374
urn:mavedb:00001105-a-1#1528,NA,NA,p.Ala36Asp,-0.753344573910991,0.208464330420681,0.011576,0.0188925
urn:mavedb:00001105-a-1#1529,NA,NA,p.Ala36Glu,0.022267642821514,0.092435925424665,0.08186742,0.008377192
urn:mavedb:00001105-a-1#1530,NA,NA,p.Ala36Phe,0.344470465015316,0.0559402513698592,0.1110677,0.005069698
urn:mavedb:00001105-a-1#1531,NA,NA,p.Ala36Gly,-0.405937015579736,0.104278520041734,0.04306051,0.009450451
urn:mavedb:00001105-a-1#1532,NA,NA,p.Ala36His,-0.33440260611033,0.108216341451829,0.04954346,0.009807324
urn:mavedb:00001105-a-1#1533,NA,NA,p.Ala36Ile,-0.254318869489412,0.105992589516492,0.05680121,0.009605792
urn:mavedb:00001105-a-1#1534,NA,NA,p.Ala36Lys,-0.640044141363367,0.147048758033132,0.02184408,0.01332659
urn:mavedb:00001105-a-1#1535,NA,NA,p.Ala36Leu,-0.0991840015915784,0.0605661898938192,0.07086062,0.005488933
urn:mavedb:00001105-a-1#1536,NA,NA,p.Ala36Met,-0.427528480332272,0.126561268734273,0.04110374,0.01146987
urn:mavedb:00001105-a-1#1537,NA,NA,p.Ala36Asn,-0.669910070413331,0.145932203548798,0.01913742,0.0132254
urn:mavedb:00001105-a-1#1538,NA,NA,p.Ala36Pro,-0.306042850467932,0.0913995788121235,0.05211362,0.008283271
urn:mavedb:00001105-a-1#1539,NA,NA,p.Ala36Gln,-0.543430565378326,0.148641991573925,0.03059988,0.01347098
urn:mavedb:00001105-a-1#1540,NA,NA,p.Ala36Arg,-0.59605814005901,0.0963393641509654,0.0258304,0.008730949
urn:mavedb:00001105-a-1#1541,NA,NA,p.Ala36Ser,-0.524870867698776,0.102265047568873,0.03228189,0.009267976
urn:mavedb:00001105-a-1#1542,NA,NA,p.Ala36Thr,-0.765317604248579,0.132789764729645,0.01049092,0.01203434
urn:mavedb:00001105-a-1#1543,NA,NA,p.Ala36Val,-0.272991668102497,0.0876984417946459,0.05510895,0.007947848
urn:mavedb:00001105-a-1#1544,NA,NA,p.Ala36Trp,0.11685058809451,0.0905973897518306,0.09043919,0.008210571
urn:mavedb:00001105-a-1#1545,NA,NA,p.Ala36Tyr,-0.233997335121321,0.0987708687084088,0.05864289,0.008951309
urn:mavedb:00001105-a-1#1546,NA,NA,p.Ser35Thr,0.14536714025062,0.0796965010929688,0.09302356,0.007222656
urn:mavedb:00001105-a-1#1547,NA,NA,p.Ser35Val,-0.134485727020801,0.0757675181070457,0.06766133,0.006866584
urn:mavedb:00001105-a-1#1548,NA,NA,p.Ser35Trp,-0.269591578184496,0.112951419618091,0.05541709,0.01023645
urn:mavedb:00001105-a-1#1549,NA,NA,p.Ser35Tyr,-0.50087989767731,0.155111144287385,0.03445612,0.01405726
urn:mavedb:00001105-a-1#1550,NA,NA,p.Thr34Val,-0.243059974997521,0.0712906410963662,0.05782157,0.006460858
urn:mavedb:00001105-a-1#1551,NA,NA,p.Thr34Trp,-0.438378556327823,0.108719966116064,0.04012043,0.009852966
urn:mavedb:00001105-a-1#1552,NA,NA,p.Thr34Tyr,-0.502639968887864,0.168570707089933,0.03429661,0.01527706
urn:mavedb:00001105-a-1#1553,NA,NA,p.Gly33His,-0.536539573768374,0.207885474325729,0.03122439,0.01884004
urn:mavedb:00001105-a-1#1554,NA,NA,p.Gly33Ile,-0.39309724589296,0.212967071683868,0.04422414,0.01930057
urn:mavedb:00001105-a-1#1555,NA,NA,p.Gly33Lys,-0.537283943424596,0.214963385917543,0.03115693,0.01948149
urn:mavedb:00001105-a-1#1556,NA,NA,p.Gly33Leu,-0.745631641955768,0.128722434474974,0.012275,0.01166573
urn:mavedb:00001105-a-1#1557,NA,NA,p.Gly33Met,-0.441160508265665,0.158794924449404,0.03986831,0.01439111
urn:mavedb:00001105-a-1#1558,NA,NA,p.Gly33Asn,-0.260613129539796,0.138656999791949,0.05623078,0.01256607
urn:mavedb:00001105-a-1#1559,NA,NA,p.Gly33Pro,-0.725768800837145,0.232442831753865,0.01407511,0.0210656
urn:mavedb:00001105-a-1#1560,NA,NA,p.Gly33Gln,-0.680820614029934,0.215492256916991,0.01814863,0.01952942
urn:mavedb:00001105-a-1#1561,NA,NA,p.Gly33Arg,-0.818600116091212,0.118679733631302,0.005662085,0.01075559
urn:mavedb:00001105-a-1#1562,NA,NA,p.Gly33Ser,-0.506100967796413,0.107448490938381,0.03398295,0.009737736
urn:mavedb:00001105-a-1#1563,NA,NA,p.Gly33Thr,-0.849379702067866,0.247105678146853,0.002872623,0.02239445
urn:mavedb:00001105-a-1#1564,NA,NA,p.Gly33Val,-0.776719767279106,0.119254948427905,0.009457576,0.01080772
urn:mavedb:00001105-a-1#1565,NA,NA,p.Gly33Trp,-0.845753564762119,0.153895723035786,0.003201249,0.01394711
urn:mavedb:00001105-a-1#1566,NA,NA,p.Gly33Tyr,-0.571549774645011,0.248767654986761,0.02805152,0.02254507
urn:mavedb:00001105-a-1#1567,NA,NA,p.Glu32Phe,-0.618996554173168,0.238490035228458,0.02375156,0.02161364
urn:mavedb:00001105-a-1#1568,NA,NA,p.Glu32Gly,-0.066865051221206,0.0567136079677787,0.07378959,0.005139785
urn:mavedb:00001105-a-1#1569,NA,NA,p.Glu32His,-0.107021841114374,0.132521963787509,0.0701503,0.01201007
urn:mavedb:00001105-a-1#1570,NA,NA,p.Glu32Ile,-0.952249812045558,0.490955373516385,-0.006450188,0.04449382
urn:mavedb:00001105-a-1#1571,NA,NA,p.Glu32Lys,0.293300292412809,0.0827157443064852,0.1064303,0.007496281
urn:mavedb:00001105-a-1#1572,NA,NA,p.Glu32Leu,-0.575355041761002,0.109172237439355,0.02770666,0.009893954
urn:mavedb:00001105-a-1#1573,NA,NA,p.Glu32Met,-0.560718346510696,0.178722646884044,0.02903314,0.0161971
urn:mavedb:00001105-a-1#1574,NA,NA,p.Glu32Asn,-0.259214981316553,0.19630382838936,0.05635749,0.01779043
urn:mavedb:00001105-a-1#1575,NA,NA,p.Glu32Pro,0.278592757358278,0.0800575303070503,0.1050974,0.007255375
urn:mavedb:00001105-a-1#1576,NA,NA,p.Glu32Gln,-0.0815795378453102,0.116273718162294,0.07245606,0.01053754
urn:mavedb:00001105-a-1#1577,NA,NA,p.Glu32Arg,-0.0242001791629129,0.0516787406051054,0.07765618,0.00468349
urn:mavedb:00001105-a-1#1578,NA,NA,p.Glu32Ser,0.111608111554816,0.0582340265758505,0.08996408,0.005277576
urn:mavedb:00001105-a-1#1579,NA,NA,p.Glu32Thr,-0.0793017402151004,0.084418757475351,0.07266249,0.00765062
urn:mavedb:00001105-a-1#1580,NA,NA,p.Glu32Val,-0.399327286681571,0.0944886466800214,0.04365953,0.008563224
urn:mavedb:00001105-a-1#1581,NA,NA,p.Glu32Trp,-0.802614010844338,0.149437670434142,0.007110858,0.01354309
urn:mavedb:00001105-a-1#1582,NA,NA,p.Glu32Tyr,-1.21525871728204,0.364160178948849,-0.0302859,0.03300275
urn:mavedb:00001105-a-1#1583,NA,NA,p.Gln31Arg,-0.307651531941111,0.0671872288853384,0.05196783,0.006088978
urn:mavedb:00001105-a-1#1584,NA,NA,p.Gln31Ser,-0.0173062083088581,0.0762771453964362,0.07828096,0.00691277
urn:mavedb:00001105-a-1#1585,NA,NA,p.Gln31Thr,-0.0422653223213852,0.0838372641976567,0.07601899,0.007597921
urn:mavedb:00001105-a-1#1586,NA,NA,p.Gln31Val,0.0102231106254576,0.0625212029768386,0.08077586,0.00566611
urn:mavedb:00001105-a-1#1587,NA,NA,p.Gln31Trp,-0.537202621094825,0.138268594634834,0.0311643,0.01253087
urn:mavedb:00001105-a-1#1588,NA,NA,p.Gln31Tyr,-0.556373394842586,0.200697220359735,0.02942691,0.01818859
urn:mavedb:00001105-a-1#1589,NA,NA,p.Ile30Lys,-0.768839732832423,0.246509718983903,0.01017172,0.02234044
urn:mavedb:00001105-a-1#1590,NA,NA,p.Ile30Leu,-0.341326590090162,0.0967187984730602,0.04891596,0.008765336
urn:mavedb:00001105-a-1#1591,NA,NA,p.Ile30Met,-0.472983028294598,0.176098374198907,0.03698433,0.01595927
urn:mavedb:00001105-a-1#1592,NA,NA,p.Ile30Asn,-0.669490769391445,0.292596749435033,0.01917542,0.02651717
urn:mavedb:00001105-a-1#1593,NA,NA,p.Ile30Pro,-0.569019513662676,0.206365618463766,0.02828083,0.0187023
urn:mavedb:00001105-a-1#1594,NA,NA,p.Ile30Gln,-0.365204238493345,0.150268217484599,0.046752,0.01361836
urn:mavedb:00001105-a-1#1595,NA,NA,p.Ile30Arg,-0.644395161862056,0.0947858207621646,0.02144976,0.008590156
urn:mavedb:00001105-a-1#1596,NA,NA,p.Ile30Ser,-0.890112832249854,0.166646556768972,-0.000818899,0.01510268
urn:mavedb:00001105-a-1#1597,NA,NA,p.Ile30Thr,-0.359110360194474,0.113276929621923,0.04730427,0.01026595
urn:mavedb:00001105-a-1#1598,NA,NA,p.Ile30Val,0.0890701299165596,0.0702941391151413,0.08792153,0.006370548
urn:mavedb:00001105-a-1#1599,NA,NA,p.Ile30Trp,-0.564965093465784,0.128426165200299,0.02864827,0.01163888
urn:mavedb:00001105-a-1#1600,NA,NA,p.Ile30Tyr,-0.443198862943903,0.207723602062807,0.03968358,0.01882537
urn:mavedb:00001105-a-1#1601,NA,NA,p.Gly29His,-0.151189576309007,0.101830419991213,0.06614751,0.009228587
urn:mavedb:00001105-a-1#1602,NA,NA,p.Gly29Ile,-0.770850203992706,0.154563184057204,0.009989517,0.0140076
urn:mavedb:00001105-a-1#1603,NA,NA,p.Gly29Lys,-0.165907483546711,0.0961476001388769,0.06481367,0.00871357
urn:mavedb:00001105-a-1#1604,NA,NA,p.Gly29Leu,-0.841805293929189,0.103499017373572,0.003559069,0.009379807
urn:mavedb:00001105-a-1#1605,NA,NA,p.Gly29Met,-0.889127960354868,0.204310271059904,-0.000729643,0.01851603
urn:mavedb:00001105-a-1#1606,NA,NA,p.Gly29Asn,-0.560215074942058,0.144939673893044,0.02907875,0.01313545
urn:mavedb:00001105-a-1#1607,NA,NA,p.Gly29Pro,-0.902463983835284,0.151320552707159,-0.001938247,0.01371373
urn:mavedb:00001105-a-1#1608,NA,NA,p.Gly29Gln,-0.360538190516371,0.0982325744702063,0.04717487,0.008902525
urn:mavedb:00001105-a-1#1609,NA,NA,p.Gly29Arg,-0.546830544953952,0.0823977596525716,0.03029175,0.007467463
urn:mavedb:00001105-a-1#1610,NA,NA,p.Gly29Ser,-0.121793816115427,0.0574806198791828,0.06881156,0.005209297
urn:mavedb:00001105-a-1#1611,NA,NA,p.Gly29Thr,-0.549813430355176,0.109404000562084,0.03002142,0.009914958
urn:mavedb:00001105-a-1#1612,NA,NA,p.Gly29Val,-0.86286671805311,0.131688327150574,0.001650335,0.01193452
urn:mavedb:00001105-a-1#1613,NA,NA,p.Gly29Trp,-0.160710357722805,0.0817313799864202,0.06528467,0.007407071
urn:mavedb:00001105-a-1#1614,NA,NA,p.Gly29Tyr,-0.484637831225049,0.143640171752319,0.03592809,0.01301768
urn:mavedb:00001105-a-1#1615,NA,NA,p.Ala28Cys,-0.322528442540009,0.109161181133462,0.05061958,0.009892952
urn:mavedb:00001105-a-1#1616,NA,NA,p.Ala28Asp,0.0106382186371248,0.119067807761295,0.08081348,0.01079076
urn:mavedb:00001105-a-1#1617,NA,NA,p.Ala28Glu,-0.228802416144899,0.115191259471582,0.05911369,0.01043944
urn:mavedb:00001105-a-1#1618,NA,NA,p.Ala28Phe,-0.898570266272149,0.283205840995646,-0.001585371,0.0256661
urn:mavedb:00001105-a-1#1619,NA,NA,p.Ala28Gly,-0.538444524516227,0.0912158035879257,0.03105175,0.008266616
urn:mavedb:00001105-a-1#1620,NA,NA,p.Ala28His,-0.638425529076512,0.234394898695494,0.02199077,0.02124251
urn:mavedb:00001105-a-1#1621,NA,NA,p.Ala28Ile,-0.251165174092957,0.177194184316895,0.05708702,0.01605858
urn:mavedb:00001105-a-1#1622,NA,NA,p.Ala28Lys,-0.483633053565761,0.192099011536461,0.03601915,0.01740936
urn:mavedb:00001105-a-1#1623,NA,NA,p.Ala28Leu,-0.962075281857181,0.152698949645423,-0.007340641,0.01383865
urn:mavedb:00001105-a-1#1624,NA,NA,p.Ala28Met,-0.328743035396234,0.154802958036299,0.05005637,0.01402933
urn:mavedb:00001105-a-1#1625,NA,NA,p.Ala28Asn,-0.891753266948051,0.346088194563177,-0.0009675667,0.03136494
urn:mavedb:00001105-a-1#1626,NA,NA,p.Ala28Pro,-0.513004317752273,0.170349646846473,0.03335732,0.01543828
urn:mavedb:00001105-a-1#1627,NA,NA,p.Ala28Gln,-0.635305377761808,0.199063270482869,0.02227354,0.01804051
urn:mavedb:00001105-a-1#1628,NA,NA,p.Ala28Arg,-0.506139256600253,0.0897345565226881,0.03397948,0.008132375
urn:mavedb:00001105-a-1#1629,NA,NA,p.Ala28Ser,-0.238385982369606,0.0951194740332118,0.05824516,0.008620394
urn:mavedb:00001105-a-1#1630,NA,NA,p.Ala28Thr,-0.103793885300095,0.106595091982231,0.07044284,0.009660395
urn:mavedb:00001105-a-1#1631,NA,NA,p.Ala28Val,-0.113632673436282,0.0794495217568404,0.06955118,0.007200273
urn:mavedb:00001105-a-1#1632,NA,NA,p.Ala28Trp,-0.710247932142529,0.151024062747736,0.01548172,0.01368686
urn:mavedb:00001105-a-1#1633,NA,NA,p.Ala28Tyr,-0.549657295895711,0.289285926497745,0.03003557,0.02621712
urn:mavedb:00001105-a-1#1634,NA,NA,p.Val27Trp,-0.587880114996616,0.165339220319681,0.02657155,0.0149842
urn:mavedb:00001105-a-1#1635,NA,NA,p.Val27Tyr,-0.889263722301788,0.366484872088085,-0.0007419467,0.03321343
urn:mavedb:00001105-a-1#1636,NA,NA,p.Phe26Gly,-0.842146770474566,0.126377107311766,0.003528122,0.01145318
urn:mavedb:00001105-a-1#1637,NA,NA,p.Phe26His,-0.966086094747797,0.309542579549817,-0.007704129,0.02805292
urn:mavedb:00001105-a-1#1638,NA,NA,p.Phe26Ile,-0.0720604115671249,0.3146115978773,0.07331875,0.02851231
urn:mavedb:00001105-a-1#1639,NA,NA,p.Phe26Lys,-0.501977693958032,0.224093776011491,0.03435663,0.02030895
urn:mavedb:00001105-a-1#1640,NA,NA,p.Phe26Leu,-0.606119378421545,0.12418890768939,0.02491858,0.01125487
urn:mavedb:00001105-a-1#1641,NA,NA,p.Phe26Met,-0.681524046665335,0.297556970181573,0.01808488,0.0269667
urn:mavedb:00001105-a-1#1642,NA,NA,p.Phe26Asn,-0.581185532812705,0.313192263918215,0.02717826,0.02838368
urn:mavedb:00001105-a-1#1643,NA,NA,p.Phe26Pro,-0.881254390095492,0.267768611820659,-1.608483e-05,0.02426707
urn:mavedb:00001105-a-1#1644,NA,NA,p.Phe26Gln,-0.804174141672877,0.279524709050607,0.006969468,0.02533249
urn:mavedb:00001105-a-1#1645,NA,NA,p.Phe26Arg,-0.629983344370329,0.107165694467593,0.02275586,0.009712107
urn:mavedb:00001105-a-1#1646,NA,NA,p.Phe26Ser,-0.808804328378244,0.150558197243945,0.006549848,0.01364464
urn:mavedb:00001105-a-1#1647,NA,NA,p.Phe26Thr,-0.368232143583235,0.138544229885537,0.04647759,0.01255585
urn:mavedb:00001105-a-1#1648,NA,NA,p.Phe26Val,-0.729500579931933,0.114179309557972,0.01373691,0.01034773
urn:mavedb:00001105-a-1#1649,NA,NA,p.Phe26Trp,-0.290852898553483,0.0994319850433119,0.05349024,0.009011224
urn:mavedb:00001105-a-1#1650,NA,NA,p.Phe26Tyr,-0.283480924534478,0.164777687977476,0.05415834,0.01493331
urn:mavedb:00001105-a-1#1651,NA,NA,p.Ile25Lys,-0.854246815919072,0.235669022090157,0.002431531,0.02135798
urn:mavedb:00001105-a-1#1652,NA,NA,p.Ile25Leu,-0.579552355332458,0.101659135523773,0.02732627,0.009213064
urn:mavedb:00001105-a-1#1653,NA,NA,p.Ile25Met,-0.776720164511652,0.220972521273044,0.00945754,0.02002608
urn:mavedb:00001105-a-1#1654,NA,NA,p.Ile25Asn,-0.501531359054472,0.209298960138983,0.03439708,0.01896814
urn:mavedb:00001105-a-1#1655,NA,NA,p.Ile25Pro,-0.574906610352333,0.145246646378014,0.0277473,0.01316327
urn:mavedb:00001105-a-1#1656,NA,NA,p.Ile25Gln,-0.577590909289024,0.15965184332729,0.02750403,0.01446877
urn:mavedb:00001105-a-1#1657,NA,NA,p.Ile25Arg,-0.695073648845215,0.106835770768793,0.01685692,0.009682207
urn:mavedb:00001105-a-1#1658,NA,NA,p.Ile25Ser,-0.717470943956391,0.130353515450112,0.01482712,0.01181355
urn:mavedb:00001105-a-1#1659,NA,NA,p.Ile25Thr,-0.809852558864484,0.194967140868537,0.00645485,0.01766929
urn:mavedb:00001105-a-1#1660,NA,NA,p.Ile25Val,-0.737614165047806,0.116132369580969,0.0130016,0.01052473
urn:mavedb:00001105-a-1#1661,NA,NA,p.Ile25Trp,-0.607643096266604,0.142204396779481,0.02478049,0.01288756
urn:mavedb:00001105-a-1#1662,NA,NA,p.Ile25Tyr,-0.94556906679537,0.253414172363505,-0.005844732,0.02296617
urn:mavedb:00001105-a-1#1663,NA,NA,p.Gly24His,-0.266251404175675,0.303574491557512,0.0557198,0.02751205
urn:mavedb:00001105-a-1#1664,NA,NA,p.Gly24Ile,-0.527496795519526,0.244676159752145,0.03204391,0.02217427
urn:mavedb:00001105-a-1#1665,NA,NA,p.Gly24Lys,-0.33943432871534,0.216363630645895,0.04908745,0.01960839
urn:mavedb:00001105-a-1#1666,NA,NA,p.Gly24Leu,-0.78367844290138,0.231845548482425,0.008826932,0.02101147
urn:mavedb:00001105-a-1#1667,NA,NA,p.Gly24Met,-0.727276298353201,0.303905739364802,0.01393849,0.02754207
urn:mavedb:00001105-a-1#1668,NA,NA,p.Gly24Asn,-1.27908813944716,0.586431981677869,-0.03607057,0.05314658
urn:mavedb:00001105-a-1#1669,NA,NA,p.Gly24Pro,-0.253055669989793,0.124996062156521,0.05691569,0.01132802
urn:mavedb:00001105-a-1#1670,NA,NA,p.Gly24Gln,-0.617725299680233,0.301271204838866,0.02386677,0.02730331
urn:mavedb:00001105-a-1#1671,NA,NA,p.Gly24Arg,-0.799639114231005,0.1265508965511,0.007380464,0.01146893
urn:mavedb:00001105-a-1#1672,NA,NA,p.Gly24Ser,-0.785825815845308,0.172355009154831,0.008632322,0.01562002
urn:mavedb:00001105-a-1#1673,NA,NA,p.Gly24Thr,-0.630731244982525,0.192449679601607,0.02268808,0.01744114
urn:mavedb:00001105-a-1#1674,NA,NA,p.Gly24Val,-0.674061702241876,0.152558042433594,0.01876117,0.01382588
urn:mavedb:00001105-a-1#1675,NA,NA,p.Gly24Trp,-0.848626240200011,0.21387110675553,0.002940907,0.0193825
urn:mavedb:00001105-a-1#1676,NA,NA,p.Gly24Tyr,-1.24743245708799,0.58010086727451,-0.03320171,0.05257281
urn:mavedb:00001105-a-1#1677,NA,NA,p.Val23Trp,-0.584935739083981,0.132289251720362,0.02683839,0.01198898
urn:mavedb:00001105-a-1#1678,NA,NA,p.Val23Tyr,-0.40700501941943,0.354498269638474,0.04296372,0.03212712
urn:mavedb:00001105-a-1#1679,NA,NA,p.Asp22Glu,-0.135968618187414,0.100358794781004,0.06752694,0.009095218
urn:mavedb:00001105-a-1#1680,NA,NA,p.Asp22Phe,-0.731229093223472,0.328838371207526,0.01358026,0.02980164
urn:mavedb:00001105-a-1#1681,NA,NA,p.Asp22Gly,-0.307497825013877,0.0691704785819107,0.05198176,0.006268714
urn:mavedb:00001105-a-1#1682,NA,NA,p.Asp22His,-0.898584941807914,0.30462175103086,-0.001586701,0.02760696
urn:mavedb:00001105-a-1#1683,NA,NA,p.Asp22Ile,-0.292521275251094,0.214916821435639,0.05333904,0.01947727
urn:mavedb:00001105-a-1#1684,NA,NA,p.Asp22Lys,-0.184429995846161,0.122282081121176,0.06313503,0.01108206
urn:mavedb:00001105-a-1#1685,NA,NA,p.Asp22Leu,-0.837544257636644,0.157196284132276,0.003945234,0.01424623
urn:mavedb:00001105-a-1#1686,NA,NA,p.Asp22Met,-0.778715551869385,0.230634320241045,0.009276704,0.0209017
urn:mavedb:00001105-a-1#1687,NA,NA,p.Asp22Asn,-0.456745154852557,0.176106980904094,0.03845592,0.01596005
urn:mavedb:00001105-a-1#1688,NA,NA,p.Asp22Pro,-0.365833521053297,0.118306335037075,0.04669497,0.01072175
urn:mavedb:00001105-a-1#1689,NA,NA,p.Asp22Gln,-0.310212688788216,0.148235821294567,0.05173572,0.01343417
urn:mavedb:00001105-a-1#1690,NA,NA,p.Asp22Arg,-0.317270959437426,0.0688381052824039,0.05109605,0.006238592
urn:mavedb:00001105-a-1#1691,NA,NA,p.Asp22Ser,-0.475948479600702,0.117929846856371,0.03671558,0.01068763
urn:mavedb:00001105-a-1#1692,NA,NA,p.Asp22Thr,-0.539091020486551,0.151040834788611,0.03099316,0.01368838
urn:mavedb:00001105-a-1#1693,NA,NA,p.Asp22Val,-0.735008981593402,0.119797170854629,0.0132377,0.01085686
urn:mavedb:00001105-a-1#1694,NA,NA,p.Asp22Trp,-0.659576948440815,0.134231167163566,0.02007388,0.01216497
urn:mavedb:00001105-a-1#1695,NA,NA,p.Asp22Tyr,-0.350866019365197,0.602745881015721,0.04805143,0.05462506
urn:mavedb:00001105-a-1#1696,NA,NA,p.Asn21Pro,0.511817916545083,0.0584614532432741,0.1262339,0.005298187
urn:mavedb:00001105-a-1#1697,NA,NA,p.Asn21Gln,0.313948660893223,0.0732521202425127,0.1083016,0.006638621
urn:mavedb:00001105-a-1#1698,NA,NA,p.Asn21Arg,0.385813545773299,0.0419773287247737,0.1148145,0.00380428
urn:mavedb:00001105-a-1#1699,NA,NA,p.Asn21Ser,0.411334633497528,0.046362798112682,0.1171274,0.004201722
urn:mavedb:00001105-a-1#1700,NA,NA,p.Asn21Thr,0.137301664409889,0.0865510907536787,0.09229261,0.007843867
urn:mavedb:00001105-a-1#1701,NA,NA,p.Asn21Val,0.096476972125806,0.0503920823167352,0.08859279,0.004566884
urn:mavedb:00001105-a-1#1702,NA,NA,p.Asn21Trp,0.0472019297998505,0.0677925781843306,0.08412714,0.006143839
urn:mavedb:00001105-a-1#1703,NA,NA,p.Asn21Tyr,-0.185626879578898,0.110584686034291,0.06302656,0.01002196
urn:mavedb:00001105-a-1#1704,NA,NA,p.Gly20His,-0.628860941740164,0.159677001388604,0.02285758,0.01447105
urn:mavedb:00001105-a-1#1705,NA,NA,p.Gly20Ile,-0.770992700134723,0.226299851098483,0.009976603,0.02050888
urn:mavedb:00001105-a-1#1706,NA,NA,p.Gly20Lys,-0.610592327243703,0.201011365099027,0.02451321,0.01821706
urn:mavedb:00001105-a-1#1707,NA,NA,p.Gly20Leu,-0.720290191616705,0.11518485961388,0.01457162,0.01043886
urn:mavedb:00001105-a-1#1708,NA,NA,p.Gly20Met,-0.79675367218042,0.196684178553161,0.007641963,0.0178249
urn:mavedb:00001105-a-1#1709,NA,NA,p.Gly20Asn,-0.0106255292640941,0.0939933087280873,0.07888641,0.008518333
urn:mavedb:00001105-a-1#1710,NA,NA,p.Gly20Pro,-0.86245499755233,0.168525687401268,0.001687648,0.01527298
urn:mavedb:00001105-a-1#1711,NA,NA,p.Gly20Gln,-0.500079474095004,0.141901727647104,0.03452866,0.01286013
urn:mavedb:00001105-a-1#1712,NA,NA,p.Gly20Arg,-0.759845063858718,0.0985691187114571,0.01098688,0.008933025
urn:mavedb:00001105-a-1#1713,NA,NA,p.Gly20Ser,-0.227893305324025,0.0690120269325874,0.05919608,0.006254354
urn:mavedb:00001105-a-1#1714,NA,NA,p.Gly20Thr,-0.277854677217384,0.0933380736417281,0.05466823,0.008458951
urn:mavedb:00001105-a-1#1715,NA,NA,p.Gly20Val,-0.781194536750438,0.104274834606436,0.009052041,0.009450117
urn:mavedb:00001105-a-1#1716,NA,NA,p.Gly20Trp,-0.654977105888349,0.125537843213748,0.02049075,0.01137712
urn:mavedb:00001105-a-1#1717,NA,NA,p.Gly20Tyr,-0.674691426171324,0.175795153354659,0.0187041,0.01593179
urn:mavedb:00001105-a-1#1718,NA,NA,p.Gly19His,-0.548679883145219,0.140126870558409,0.03012415,0.01269928
urn:mavedb:00001105-a-1#1719,NA,NA,p.Gly19Ile,-0.609055037286619,0.155088744785426,0.02465253,0.01405523
urn:mavedb:00001105-a-1#1720,NA,NA,p.Gly19Lys,-0.62202821090378,0.162595667528054,0.02347681,0.01473556
urn:mavedb:00001105-a-1#1721,NA,NA,p.Gly19Leu,-0.744724848324752,0.108601712193654,0.01235718,0.009842249
urn:mavedb:00001105-a-1#1722,NA,NA,p.Gly19Met,-0.799498880107659,0.161415555836193,0.007393173,0.01462861
urn:mavedb:00001105-a-1#1723,NA,NA,p.Gly19Asn,-0.800688061942678,0.198918832315066,0.007285401,0.01802742
urn:mavedb:00001105-a-1#1724,NA,NA,p.Gly19Pro,-0.654268376818987,0.124926656803162,0.02055498,0.01132173
urn:mavedb:00001105-a-1#1725,NA,NA,p.Gly19Gln,-0.445342153219986,0.135523717734717,0.03948934,0.01228211
urn:mavedb:00001105-a-1#1726,NA,NA,p.Gly19Arg,-0.681907707100361,0.102292743504793,0.01805011,0.009270486
urn:mavedb:00001105-a-1#1727,NA,NA,p.Gly19Ser,-0.66757522577567,0.107225919335421,0.01934902,0.009717565
urn:mavedb:00001105-a-1#1728,NA,NA,p.Gly19Thr,-0.675076631399589,0.127115959849279,0.01866919,0.01152014
urn:mavedb:00001105-a-1#1729,NA,NA,p.Gly19Val,-0.875854776856548,0.117285999103027,0.000473266,0.01062928
urn:mavedb:00001105-a-1#1730,NA,NA,p.Gly19Trp,-0.778969714494072,0.157641294927346,0.00925367,0.01428656
urn:mavedb:00001105-a-1#1731,NA,NA,p.Gly19Tyr,-0.736947917792504,0.182796928708289,0.01306198,0.01656634
urn:mavedb:00001105-a-1#1732,NA,NA,p.Ala18Cys,0.0604478697659853,0.0765188393328413,0.08532758,0.006934674
urn:mavedb:00001105-a-1#1733,NA,NA,p.Ala18Asp,-0.656806141082767,0.220102581995004,0.02032499,0.01994724
urn:mavedb:00001105-a-1#1734,NA,NA,p.Ala18Glu,0.0730451069143124,0.169670268848643,0.08646923,0.01537671
urn:mavedb:00001105-a-1#1735,NA,NA,p.Ala18Phe,-0.0880814622439016,0.184209973152045,0.07186681,0.0166944
urn:mavedb:00001105-a-1#1736,NA,NA,p.Ala18Gly,-0.512237107224595,0.113313232263029,0.03342685,0.01026924
urn:mavedb:00001105-a-1#1737,NA,NA,p.Ala18His,-0.31954621919303,0.21026015256047,0.05088985,0.01905525
urn:mavedb:00001105-a-1#1738,NA,NA,p.Ala18Ile,0.326078598086895,0.100930070354849,0.1094009,0.009146991
urn:mavedb:00001105-a-1#1739,NA,NA,p.Ala18Lys,-0.536090921674955,0.178836189187076,0.03126505,0.01620739
urn:mavedb:00001105-a-1#1740,NA,NA,p.Ala18Leu,-0.426256563785092,0.0897210616503258,0.04121901,0.008131152
urn:mavedb:00001105-a-1#1741,NA,NA,p.Ala18Met,0.0146607498878783,0.105097812170025,0.08117803,0.009524701
urn:mavedb:00001105-a-1#1742,NA,NA,p.Ala18Asn,-0.456714479672535,0.185791069031679,0.0384587,0.01683769
urn:mavedb:00001105-a-1#1743,NA,NA,p.Ala18Pro,-0.606715006557371,0.133287408837199,0.0248646,0.01207944
urn:mavedb:00001105-a-1#1744,NA,NA,p.Ala18Gln,-0.383589374536941,0.174828554156837,0.04508581,0.01584419
urn:mavedb:00001105-a-1#1745,NA,NA,p.Ala18Arg,-0.462997043431255,0.095113118312459,0.03788933,0.008619818
urn:mavedb:00001105-a-1#1746,NA,NA,p.Ala18Ser,-0.376412265150739,0.0847210183409439,0.04573625,0.007678013
urn:mavedb:00001105-a-1#1747,NA,NA,p.Ala18Thr,-0.0615724792436339,0.142162577019667,0.07426924,0.01288377
urn:mavedb:00001105-a-1#1748,NA,NA,p.Ala18Val,0.176216330196906,0.0539021504790818,0.09581933,0.004884991
urn:mavedb:00001105-a-1#1749,NA,NA,p.Ala18Trp,-0.0424196913028637,0.0801694947141313,0.076005,0.007265522
urn:mavedb:00001105-a-1#1750,NA,NA,p.Ala18Tyr,-0.343333717876507,0.138029262025236,0.04873406,0.01250918
urn:mavedb:00001105-a-1#1751,NA,NA,p.Leu17Met,-0.522542864288314,0.155890823503345,0.03249287,0.01412792
urn:mavedb:00001105-a-1#1752,NA,NA,p.Leu17Asn,-0.445477763997854,0.169116791499753,0.03947705,0.01532655
urn:mavedb:00001105-a-1#1753,NA,NA,p.Leu17Pro,-0.590400996877145,0.15010645556405,0.02634309,0.0136037
urn:mavedb:00001105-a-1#1754,NA,NA,p.Leu17Gln,-0.5423028663142,0.18312133528838,0.03070208,0.01659574
urn:mavedb:00001105-a-1#1755,NA,NA,p.Leu17Arg,-0.756994699648885,0.0956584634283718,0.0112452,0.008669241
urn:mavedb:00001105-a-1#1756,NA,NA,p.Leu17Ser,-0.65905922202116,0.100858325743157,0.0201208,0.009140489
urn:mavedb:00001105-a-1#1757,NA,NA,p.Leu17Thr,-0.993534323071327,0.205015579515666,-0.01019168,0.01857995
urn:mavedb:00001105-a-1#1758,NA,NA,p.Leu17Val,-0.706350418801723,0.119189956769513,0.01583494,0.01080183
urn:mavedb:00001105-a-1#1759,NA,NA,p.Leu17Trp,-0.831207559909151,0.146289602498769,0.00451951,0.01325779
urn:mavedb:00001105-a-1#1760,NA,NA,p.Leu17Tyr,-0.85035304318475,0.265410374599671,0.002784412,0.02405335
urn:mavedb:00001105-a-1#1761,NA,NA,p.Arg16Ser,0.097081869021064,0.0595861289263472,0.08864761,0.005400113
urn:mavedb:00001105-a-1#1762,NA,NA,p.Arg16Thr,0.338819832033528,0.0692617758623077,0.1105556,0.006276988
urn:mavedb:00001105-a-1#1763,NA,NA,p.Arg16Val,-0.0723815078759904,0.0742889302930258,0.07328965,0.006732584
urn:mavedb:00001105-a-1#1764,NA,NA,p.Arg16Trp,-0.420444941279375,0.123668643395129,0.0417457,0.01120772
urn:mavedb:00001105-a-1#1765,NA,NA,p.Arg16Tyr,-0.168421855227164,0.122179573055562,0.0645858,0.01107277
urn:mavedb:00001105-a-1#1766,NA,NA,p.Leu15Met,-0.157436389138493,0.10605648878538,0.06558138,0.009611583
urn:mavedb:00001105-a-1#1767,NA,NA,p.Leu15Asn,0.225530213038574,0.122650845335687,0.1002885,0.01111548
urn:mavedb:00001105-a-1#1768,NA,NA,p.Leu15Pro,-1.16642703061554,0.26092153647563,-0.02586043,0.02364654
urn:mavedb:00001105-a-1#1769,NA,NA,p.Leu15Gln,-1.06378754723412,0.243389788353947,-0.01655852,0.02205769
urn:mavedb:00001105-a-1#1770,NA,NA,p.Leu15Arg,-0.699150027174568,0.105466554316061,0.01648749,0.009558119
urn:mavedb:00001105-a-1#1771,NA,NA,p.Leu15Ser,-0.777744969311855,0.126905205914594,0.009364665,0.01150104
urn:mavedb:00001105-a-1#1772,NA,NA,p.Leu15Thr,-0.535573636624797,0.159608368431863,0.03131193,0.01446483
urn:mavedb:00001105-a-1#1773,NA,NA,p.Leu15Val,-0.0455446976820323,0.0597354993982754,0.07572179,0.00541365
urn:mavedb:00001105-a-1#1774,NA,NA,p.Leu15Trp,-0.475960948288984,0.130259834774432,0.03671445,0.01180506
urn:mavedb:00001105-a-1#1775,NA,NA,p.Leu15Tyr,-0.664820087034754,0.234684437085344,0.01959871,0.02126875
urn:mavedb:00001105-a-1#1776,NA,NA,p.Gly14His,-0.370350055113257,0.153115271423206,0.04628565,0.01387638
urn:mavedb:00001105-a-1#1777,NA,NA,p.Gly14Ile,-0.896667213413131,0.258503714372585,-0.001412903,0.02342742
urn:mavedb:00001105-a-1#1778,NA,NA,p.Gly14Lys,-0.66019784498033,0.160843982337938,0.02001761,0.01457681
urn:mavedb:00001105-a-1#1779,NA,NA,p.Gly14Leu,-0.715046611653269,0.111500417397616,0.01504683,0.01010495
urn:mavedb:00001105-a-1#1780,NA,NA,p.Gly14Met,-0.437333503701959,0.109228865145785,0.04021514,0.009899086
urn:mavedb:00001105-a-1#1781,NA,NA,p.Gly14Asn,-0.667279839239988,0.200526962076374,0.01937579,0.01817316
urn:mavedb:00001105-a-1#1782,NA,NA,p.Gly14Pro,-0.192293876169264,0.0815264962660416,0.06242235,0.007388503
urn:mavedb:00001105-a-1#1783,NA,NA,p.Gly14Gln,-0.560377167889729,0.128605581900717,0.02906406,0.01165514
urn:mavedb:00001105-a-1#1784,NA,NA,p.Gly14Arg,-0.793820860148599,0.108031981413048,0.007907755,0.009790616
urn:mavedb:00001105-a-1#1785,NA,NA,p.Gly14Ser,-0.485721282997128,0.0903258040662599,0.0358299,0.008185958
urn:mavedb:00001105-a-1#1786,NA,NA,p.Gly14Thr,-0.391468151080558,0.104336262206142,0.04437178,0.009455684
urn:mavedb:00001105-a-1#1787,NA,NA,p.Gly14Val,-0.694381250447231,0.099237914875603,0.01691967,0.008993636
urn:mavedb:00001105-a-1#1788,NA,NA,p.Gly14Trp,-0.832636206764616,0.140786166244138,0.004390036,0.01275903
urn:mavedb:00001105-a-1#1789,NA,NA,p.Gly14Tyr,-0.680350776200673,0.223955517016642,0.01819121,0.02029642
urn:mavedb:00001105-a-1#1790,NA,NA,p.Val13Trp,-0.318531179692943,0.106612283324128,0.05098184,0.009661953
urn:mavedb:00001105-a-1#1791,NA,NA,p.Val13Tyr,-0.332525792667893,0.164754295394149,0.04971355,0.01493119
urn:mavedb:00001105-a-1#1792,NA,NA,p.Ser12Thr,0.145501978631868,0.0669886346802882,0.09303578,0.00607098
urn:mavedb:00001105-a-1#1793,NA,NA,p.Ser12Val,-0.27171875847395,0.0802052566776033,0.05522431,0.007268763
urn:mavedb:00001105-a-1#1794,NA,NA,p.Ser12Trp,-0.7126959880561,0.178674316924153,0.01525986,0.01619272
urn:mavedb:00001105-a-1#1795,NA,NA,p.Ser12Tyr,-0.178839278773553,0.151968593470722,0.0636417,0.01377246
urn:mavedb:00001105-a-1#1796,NA,NA,p.Asp11Glu,0.0221995615766446,0.0697021191749502,0.08186125,0.006316895
urn:mavedb:00001105-a-1#1797,NA,NA,p.Asp11Phe,-1.07896293395518,0.377728980701836,-0.01793382,0.03423245
urn:mavedb:00001105-a-1#1798,NA,NA,p.Asp11Gly,-0.593917718684655,0.0819793303354414,0.02602438,0.007429542
urn:mavedb:00001105-a-1#1799,NA,NA,p.Asp11His,-0.455852264360688,0.151516189736581,0.03853684,0.01373146
urn:mavedb:00001105-a-1#1800,NA,NA,p.Asp11Ile,-0.61474638660448,0.246218525458441,0.02413674,0.02231405
urn:mavedb:00001105-a-1#1801,NA,NA,p.Asp11Lys,-0.52082373009858,0.149123967064346,0.03264867,0.01351466
urn:mavedb:00001105-a-1#1802,NA,NA,p.Asp11Leu,-0.71493814509945,0.113074230680554,0.01505666,0.01024758
urn:mavedb:00001105-a-1#1803,NA,NA,p.Asp11Met,-0.729333852604546,0.155071531375054,0.01375202,0.01405367
urn:mavedb:00001105-a-1#1804,NA,NA,p.Asp11Asn,-0.307558954689173,0.111288780723938,0.05197622,0.01008577
urn:mavedb:00001105-a-1#1805,NA,NA,p.Asp11Pro,-0.945541966708271,0.19099492574041,-0.005842276,0.0173093
urn:mavedb:00001105-a-1#1806,NA,NA,p.Asp11Gln,-0.384283317728163,0.0986153080292891,0.04502292,0.008937211
urn:mavedb:00001105-a-1#1807,NA,NA,p.Asp11Arg,-0.67993633024325,0.0912488952659425,0.01822877,0.008269615
urn:mavedb:00001105-a-1#1808,NA,NA,p.Asp11Ser,-0.51522319255467,0.0947109203585708,0.03315623,0.008583368
urn:mavedb:00001105-a-1#1809,NA,NA,p.Asp11Thr,-0.47972726454689,0.125352468025125,0.03637312,0.01136032
urn:mavedb:00001105-a-1#1810,NA,NA,p.Asp11Val,-0.844467502322569,0.101198003707835,0.003317801,0.009171273
urn:mavedb:00001105-a-1#1811,NA,NA,p.Asp11Trp,-0.82150562941966,0.130679908192938,0.005398767,0.01184313
urn:mavedb:00001105-a-1#1812,NA,NA,p.Asp11Tyr,-0.675900447565221,0.187179727810742,0.01859453,0.01696354
urn:mavedb:00001105-a-1#1813,NA,NA,p.Gly10His,-0.70126738699272,0.192420549214823,0.0162956,0.0174385
urn:mavedb:00001105-a-1#1814,NA,NA,p.Gly10Ile,-0.586583923127116,0.22652859084016,0.02668902,0.02052961
urn:mavedb:00001105-a-1#1815,NA,NA,p.Gly10Lys,-0.276073640955735,0.135542696623076,0.05482964,0.01228383
urn:mavedb:00001105-a-1#1816,NA,NA,p.Gly10Leu,-0.833217920727059,0.121474926654045,0.004337317,0.01100891
urn:mavedb:00001105-a-1#1817,NA,NA,p.Gly10Met,-0.658934866165458,0.177313685108132,0.02013207,0.01606941
urn:mavedb:00001105-a-1#1818,NA,NA,p.Gly10Asn,-0.362524904963492,0.161909227618277,0.04699482,0.01467335
urn:mavedb:00001105-a-1#1819,NA,NA,p.Gly10Pro,-0.753868258818852,0.176729753263969,0.01152854,0.01601649
urn:mavedb:00001105-a-1#1820,NA,NA,p.Gly10Gln,-0.530814680368762,0.162544689351183,0.03174322,0.01473094
urn:mavedb:00001105-a-1#1821,NA,NA,p.Gly10Arg,-0.629562939924701,0.123884473079026,0.02279396,0.01122728
urn:mavedb:00001105-a-1#1822,NA,NA,p.Gly10Ser,-0.345000439438505,0.0822598758217955,0.04858301,0.007454967
urn:mavedb:00001105-a-1#1823,NA,NA,p.Gly10Thr,-0.343128039691035,0.111207127367044,0.0487527,0.01007837
urn:mavedb:00001105-a-1#1824,NA,NA,p.Gly10Val,-0.581966425794781,0.117589219947275,0.02710749,0.01065676
urn:mavedb:00001105-a-1#1825,NA,NA,p.Gly10Trp,-1.09556747510662,0.32304605861729,-0.01943864,0.0292767
urn:mavedb:00001105-a-1#1826,NA,NA,p.Gly10Tyr,-0.55148268979178,0.164050862758748,0.02987014,0.01486744
urn:mavedb:00001105-a-1#1827,NA,NA,p.Lys9Leu,-0.777924860484481,0.103544257746986,0.009348362,0.009383907
urn:mavedb:00001105-a-1#1828,NA,NA,p.Lys9Met,-0.464594469982267,0.127685657527173,0.03774456,0.01157177
urn:mavedb:00001105-a-1#1829,NA,NA,p.Lys9Asn,-0.787538428800728,0.133983338191156,0.008477113,0.01214251
urn:mavedb:00001105-a-1#1830,NA,NA,p.Lys9Pro,-0.800982389191567,0.119848921428119,0.007258727,0.01086155
urn:mavedb:00001105-a-1#1831,NA,NA,p.Lys9Gln,-0.663764110513846,0.143794099364301,0.01969441,0.01303163
urn:mavedb:00001105-a-1#1832,NA,NA,p.Lys9Arg,-0.835151659800336,0.118808944551467,0.004162068,0.0107673
urn:mavedb:00001105-a-1#1833,NA,NA,p.Lys9Ser,-0.844499413337182,0.113347659083773,0.003314909,0.01027236
urn:mavedb:00001105-a-1#1834,NA,NA,p.Lys9Thr,-0.909819263053075,0.138593994296292,-0.002604834,0.01256036
urn:mavedb:00001105-a-1#1835,NA,NA,p.Lys9Val,-0.855006865226666,0.121202270647444,0.00236265,0.0109842
urn:mavedb:00001105-a-1#1836,NA,NA,p.Lys9Trp,-0.64985247500428,0.162485766523371,0.02095518,0.0147256
urn:mavedb:00001105-a-1#1837,NA,NA,p.Lys9Tyr,-0.713607747093954,0.125734142297415,0.01517723,0.01139491
urn:mavedb:00001105-a-1#1838,NA,NA,p.Lys8Leu,0.0577821083481564,0.0592042339693081,0.08508599,0.005365503
urn:mavedb:00001105-a-1#1839,NA,NA,p.Lys8Met,-0.0405225748635768,0.101653232206754,0.07617693,0.009212529
urn:mavedb:00001105-a-1#1840,NA,NA,p.Lys8Asn,-0.527947544118054,0.146225162552248,0.03200306,0.01325195
urn:mavedb:00001105-a-1#1841,NA,NA,p.Lys8Pro,-0.485408683051075,0.110223833368008,0.03585823,0.009989257
urn:mavedb:00001105-a-1#1842,NA,NA,p.Lys8Gln,0.0226815370670655,0.103334927228928,0.08190493,0.009364936
urn:mavedb:00001105-a-1#1843,NA,NA,p.Lys8Arg,0.244645925941619,0.0608680424926276,0.1020209,0.005516289
urn:mavedb:00001105-a-1#1844,NA,NA,p.Lys8Ser,-0.568454450364497,0.0940832156945697,0.02833204,0.008526481
urn:mavedb:00001105-a-1#1845,NA,NA,p.Lys8Thr,-0.190584562450832,0.075285123315603,0.06257726,0.006822866
urn:mavedb:00001105-a-1#1846,NA,NA,p.Lys8Val,-0.0180728671246648,0.0692963019911888,0.07821148,0.006280117
urn:mavedb:00001105-a-1#1847,NA,NA,p.Lys8Trp,-0.406248181074926,0.2045128596589,0.04303231,0.01853439
urn:mavedb:00001105-a-1#1848,NA,NA,p.Lys8Tyr,-0.147212506116416,0.123118145290342,0.06650794,0.01115783
urn:mavedb:00001105-a-1#1849,NA,NA,p.Phe7Gly,-0.959787564447533,0.183662012921864,-0.007133312,0.01664474
urn:mavedb:00001105-a-1#1850,NA,NA,p.Phe7His,-1.02313212015203,0.19405163018996,-0.01287404,0.01758632
urn:mavedb:00001105-a-1#1851,NA,NA,p.Phe7Ile,-0.727366337730532,0.215322881372624,0.01393033,0.01951407
urn:mavedb:00001105-a-1#1852,NA,NA,p.Phe7Lys,-0.328068291778119,0.203064395313031,0.05011752,0.01840312
urn:mavedb:00001105-a-1#1853,NA,NA,p.Phe7Leu,-0.686967787695534,0.106109276577188,0.01759153,0.009616367
urn:mavedb:00001105-a-1#1854,NA,NA,p.Phe7Met,-0.717258314201345,0.201303220678735,0.01484639,0.01824351
urn:mavedb:00001105-a-1#1855,NA,NA,p.Phe7Asn,-1.30283889412004,0.351896175770547,-0.03822303,0.0318913
urn:mavedb:00001105-a-1#1856,NA,NA,p.Phe7Pro,-0.98239037223062,0.172364167571888,-0.009181737,0.01562085
urn:mavedb:00001105-a-1#1857,NA,NA,p.Phe7Gln,-0.503662401327022,0.24654447683177,0.03420395,0.02234359
urn:mavedb:00001105-a-1#1858,NA,NA,p.Phe7Arg,-0.970290028861703,0.14459010925164,-0.008085119,0.01310377
urn:mavedb:00001105-a-1#1859,NA,NA,p.Phe7Ser,-0.797072947840112,0.124725833682153,0.007613028,0.01130353
urn:mavedb:00001105-a-1#1860,NA,NA,p.Phe7Thr,-0.923507543528825,0.174593524899833,-0.003845362,0.01582289
urn:mavedb:00001105-a-1#1861,NA,NA,p.Phe7Val,-0.560071960882746,0.116298324511736,0.02909172,0.01053977
urn:mavedb:00001105-a-1#1862,NA,NA,p.Phe7Trp,-0.765986941090358,0.204694703891549,0.01043026,0.01855087
urn:mavedb:00001105-a-1#1863,NA,NA,p.Phe7Tyr,-0.59275018602345,0.155750688688136,0.02613019,0.01411522
urn:mavedb:00001105-a-1#1864,NA,NA,p.Arg6Ser,-0.161299917028052,0.0665144052245349,0.06523124,0.006028002
urn:mavedb:00001105-a-1#1865,NA,NA,p.Arg6Thr,-0.208928209761736,0.0706660149846048,0.06091483,0.00640425
urn:mavedb:00001105-a-1#1866,NA,NA,p.Arg6Val,-0.237304958129759,0.0746422355409146,0.05834313,0.006764603
urn:mavedb:00001105-a-1#1867,NA,NA,p.Arg6Trp,-0.492250020592646,0.133521776039959,0.03523822,0.01210068
urn:mavedb:00001105-a-1#1868,NA,NA,p.Arg6Tyr,-0.570113778987424,0.17830919400799,0.02818166,0.01615963
urn:mavedb:00001105-a-1#1869,NA,NA,p.Val5Trp,-1.08046149373893,0.214883939408133,-0.01806963,0.01947429
urn:mavedb:00001105-a-1#1870,NA,NA,p.Val5Tyr,-0.642313994342636,0.192941806590452,0.02163837,0.01748574
urn:mavedb:00001105-a-1#1871,NA,NA,p.Met4Asn,-0.719057336269985,0.261501606336698,0.01468335,0.02369911
urn:mavedb:00001105-a-1#1872,NA,NA,p.Met4Pro,-0.795398789202094,0.128288237232574,0.007764752,0.01162638
urn:mavedb:00001105-a-1#1873,NA,NA,p.Met4Gln,-0.17266087821606,0.0712166455002407,0.06420163,0.006454152
urn:mavedb:00001105-a-1#1874,NA,NA,p.Met4Arg,-0.376111471838723,0.0667674533912432,0.04576351,0.006050935
urn:mavedb:00001105-a-1#1875,NA,NA,p.Met4Ser,-0.467404117856028,0.0758613422278114,0.03748993,0.006875087
urn:mavedb:00001105-a-1#1876,NA,NA,p.Met4Thr,-0.0291290626751857,0.0700791701017627,0.07720949,0.006351066
urn:mavedb:00001105-a-1#1877,NA,NA,p.Met4Val,0.325891016050788,0.0440578562584236,0.1093839,0.003992832
urn:mavedb:00001105-a-1#1878,NA,NA,p.Met4Trp,-0.478501140084996,0.10451294241568,0.03648424,0.009471696
urn:mavedb:00001105-a-1#1879,NA,NA,p.Met4Tyr,-0.158162110933478,0.101349746540808,0.06551561,0.009185025
urn:mavedb:00001105-a-1#1880,NA,NA,p.Lys3Leu,-0.891394036314668,0.151021083503633,-0.0009350107,0.01368659
urn:mavedb:00001105-a-1#1881,NA,NA,p.Lys3Met,-0.584382592762213,0.223560160289953,0.02688852,0.02026059
urn:mavedb:00001105-a-1#1882,NA,NA,p.Lys3Asn,-0.981538959437205,0.342729924404991,-0.009104576,0.03106059
urn:mavedb:00001105-a-1#1883,NA,NA,p.Lys3Pro,-0.770208309299385,0.150204991304193,0.01004769,0.01361263
urn:mavedb:00001105-a-1#1884,NA,NA,p.Lys3Gln,-0.996900096510957,0.218916401472563,-0.01049671,0.01983974
urn:mavedb:00001105-a-1#1885,NA,NA,p.Lys3Arg,-0.59079966387506,0.0762796060313804,0.02630696,0.006912993
urn:mavedb:00001105-a-1#1886,NA,NA,p.Lys3Ser,-1.01060351596044,0.166650529094443,-0.01173861,0.01510304
urn:mavedb:00001105-a-1#1887,NA,NA,p.Lys3Thr,-0.772786194050416,0.190796530151633,0.009814064,0.01729132
urn:mavedb:00001105-a-1#1888,NA,NA,p.Lys3Val,-0.797184801904818,0.120011566087662,0.007602891,0.01087629
urn:mavedb:00001105-a-1#1889,NA,NA,p.Lys3Trp,-0.851096530101979,0.164804611516776,0.002717032,0.01493575
urn:mavedb:00001105-a-1#1890,NA,NA,p.Lys3Tyr,-0.251291185084271,0.154738518089777,0.0570756,0.01402349
urn:mavedb:00001105-a-1#1891,NA,NA,p.Thr2Val,-0.544137749654449,0.0876169760197884,0.03053579,0.007940465
urn:mavedb:00001105-a-1#1892,NA,NA,p.Thr2Trp,-0.530098668702704,0.110949808950455,0.03180811,0.01005505
urn:mavedb:00001105-a-1#1893,NA,NA,p.Thr2Tyr,0.240512500604814,0.137470929611882,0.1016463,0.01245858
urn:mavedb:00001105-a-1#1894,NA,NA,p.Asn1Pro,-0.952330350944473,0.40575472997759,-0.006457487,0.03677234
urn:mavedb:00001105-a-1#1895,NA,NA,p.Asn1Gln,-1.283486386482,0.610303450908098,-0.03646917,0.05530998
urn:mavedb:00001105-a-1#1896,NA,NA,p.Asn1Arg,-0.655752261066968,0.160357813837298,0.0204205,0.01453275
urn:mavedb:00001105-a-1#1897,NA,NA,p.Asn1Ser,-0.495526527051564,0.139368818447788,0.03494128,0.01263058
urn:mavedb:00001105-a-1#1898,NA,NA,p.Asn1Thr,-0.425902254421598,0.242540262415131,0.04125112,0.0219807
urn:mavedb:00001105-a-1#1899,NA,NA,p.Asn1Val,-0.266481357683468,0.0906348509878649,0.05569896,0.008213966
urn:mavedb:00001105-a-1#1900,NA,NA,p.Asn1Trp,-0.746902675763954,0.211587460979488,0.01215981,0.01917554
urn:mavedb:00001105-a-1#1901,NA,NA,p.Asn1Tyr,-0.0172478371929165,0.220235544555892,0.07828625,0.01995929
