accession,hgvs_nt,hgvs_splice,hgvs_pro,score,sigma,raw_score,raw_sigma
urn:mavedb:00001062-a-1#1,NA,NA,p.Glu1Ter,-0.680632862759924,0.0982147424274426,0.02419802,0.01373996
urn:mavedb:00001062-a-1#2,NA,NA,p.Glu1Ala,-0.309781707878426,0.0647203440722627,0.07607903,0.00905419
urn:mavedb:00001062-a-1#3,NA,NA,p.Glu1Cys,-0.240599442201542,0.0560893160319722,0.08575743,0.007846734
urn:mavedb:00001062-a-1#4,NA,NA,p.Glu1Asp,-0.35494739691718,0.0695404503097576,0.06976048,0.009728509
urn:mavedb:00001062-a-1#5,NA,NA,p.Ala2Ter,-0.779081634301503,0.0937775532826536,0.01042532,0.01311921
urn:mavedb:00001062-a-1#6,NA,NA,p.Leu3Ter,-1.06398448905926,0.0983288977405997,-0.02943177,0.01375593
urn:mavedb:00001062-a-1#7,NA,NA,p.Leu3Ala,-0.19511794967279,0.0317167778231095,0.09212016,0.004437086
urn:mavedb:00001062-a-1#8,NA,NA,p.Leu3Cys,-0.297510762265563,0.0419541076484174,0.0777957,0.005869259
urn:mavedb:00001062-a-1#9,NA,NA,p.Leu3Asp,0.0210919275223985,0.0312478904141017,0.1223673,0.00437149
urn:mavedb:00001062-a-1#10,NA,NA,p.Leu3Glu,-0.119056057221019,0.0373971376280759,0.102761,0.005231752
urn:mavedb:00001062-a-1#11,NA,NA,p.Leu3Phe,0.0019571524572585,0.030426729859007,0.1196904,0.004256612
urn:mavedb:00001062-a-1#12,NA,NA,p.Leu3Gly,-0.0717319964347515,0.0278592860851092,0.1093815,0.003897434
urn:mavedb:00001062-a-1#13,NA,NA,p.Leu3His,-0.180217929283521,0.0276515405706267,0.09420463,0.003868371
urn:mavedb:00001062-a-1#14,NA,NA,p.Leu3Ile,-0.0528009424982889,0.0308483253737225,0.1120299,0.004315592
urn:mavedb:00001062-a-1#15,NA,NA,p.Leu3Lys,-0.11262633247557,0.0361238376851836,0.1036605,0.005053621
urn:mavedb:00001062-a-1#16,NA,NA,p.Leu4Ter,-1.02323418743047,0.115937193962615,-0.02373092,0.01621928
urn:mavedb:00001062-a-1#17,NA,NA,p.Leu4Ala,-0.239077824073067,0.0274802003792444,0.0859703,0.003844401
urn:mavedb:00001062-a-1#18,NA,NA,p.Leu4Cys,-0.076241024082811,0.0297541999505294,0.1087507,0.004162527
urn:mavedb:00001062-a-1#19,NA,NA,p.Leu4Asp,0.0351115152302917,0.0293029755207834,0.1243286,0.004099402
urn:mavedb:00001062-a-1#20,NA,NA,p.Leu4Glu,-0.0766456070962545,0.0385665683877819,0.1086941,0.005395352
urn:mavedb:00001062-a-1#21,NA,NA,p.Leu4Phe,-0.0058099836276834,0.0229326372713709,0.1186038,0.00320821
urn:mavedb:00001062-a-1#22,NA,NA,p.Leu4Gly,0.0142812085257735,0.0326657823215865,0.1214145,0.004569849
urn:mavedb:00001062-a-1#23,NA,NA,p.Leu4His,-0.0464619987470222,0.028391584375959,0.1129167,0.003971901
urn:mavedb:00001062-a-1#24,NA,NA,p.Leu4Ile,-0.0294516419079495,0.0289216810489971,0.1152964,0.00404606
urn:mavedb:00001062-a-1#25,NA,NA,p.Leu4Lys,-0.0053053270773457,0.0293143338672209,0.1186744,0.004100991
urn:mavedb:00001062-a-1#26,NA,NA,p.Leu5Ter,0.0504785216313667,0.634295955934019,0.1264784,0.08873618
urn:mavedb:00001062-a-1#27,NA,NA,p.Leu5Ala,NA,NA,NA,NA
urn:mavedb:00001062-a-1#28,NA,NA,p.Leu5Cys,NA,NA,NA,NA
urn:mavedb:00001062-a-1#29,NA,NA,p.Leu5Asp,NA,NA,NA,NA
urn:mavedb:00001062-a-1#30,NA,NA,p.Leu5Glu,NA,NA,NA,NA
urn:mavedb:00001062-a-1#31,NA,NA,p.Leu5Phe,-0.23053011440035,0.417455186569811,0.0871661,0.05840078
urn:mavedb:00001062-a-1#32,NA,NA,p.Leu5Gly,NA,NA,NA,NA
urn:mavedb:00001062-a-1#33,NA,NA,p.Leu5His,NA,NA,NA,NA
urn:mavedb:00001062-a-1#34,NA,NA,p.Leu5Ile,NA,NA,NA,NA
urn:mavedb:00001062-a-1#35,NA,NA,p.Leu5Lys,NA,NA,NA,NA
urn:mavedb:00001062-a-1#36,NA,NA,p.Gln6Ter,NA,NA,NA,NA
urn:mavedb:00001062-a-1#37,NA,NA,p.Gln6Ala,NA,NA,NA,NA
urn:mavedb:00001062-a-1#38,NA,NA,p.Gln6Cys,NA,NA,NA,NA
urn:mavedb:00001062-a-1#39,NA,NA,p.Gln6Asp,NA,NA,NA,NA
urn:mavedb:00001062-a-1#40,NA,NA,p.Gln6Glu,NA,NA,NA,NA
urn:mavedb:00001062-a-1#41,NA,NA,p.Gln6Phe,NA,NA,NA,NA
urn:mavedb:00001062-a-1#42,NA,NA,p.Gln6Gly,NA,NA,NA,NA
urn:mavedb:00001062-a-1#43,NA,NA,p.Gln6His,NA,NA,NA,NA
urn:mavedb:00001062-a-1#44,NA,NA,p.Gln6Ile,NA,NA,NA,NA
urn:mavedb:00001062-a-1#45,NA,NA,p.Gln6Lys,NA,NA,NA,NA
urn:mavedb:00001062-a-1#46,NA,NA,p.Gln6Leu,NA,NA,NA,NA
urn:mavedb:00001062-a-1#47,NA,NA,p.Gln6Met,NA,NA,NA,NA
urn:mavedb:00001062-a-1#48,NA,NA,p.Gln6Asn,NA,NA,NA,NA
urn:mavedb:00001062-a-1#49,NA,NA,p.Gln6Pro,NA,NA,NA,NA
urn:mavedb:00001062-a-1#50,NA,NA,p.Arg7Ter,-0.882055874143632,0.0951456300130945,-0.00398048,0.0133106
urn:mavedb:00001062-a-1#51,NA,NA,p.Arg7Ala,-0.174329102004985,0.027118627542336,0.09502846,0.003793818
urn:mavedb:00001062-a-1#52,NA,NA,p.Arg7Cys,-0.694329212943649,0.064157337501806,0.02228194,0.008975427
urn:mavedb:00001062-a-1#53,NA,NA,p.Arg7Asp,-0.36926641894368,0.0498857860723427,0.06775729,0.006978878
urn:mavedb:00001062-a-1#54,NA,NA,p.Arg7Glu,-0.142954404123419,0.0437824368712541,0.09941769,0.006125037
urn:mavedb:00001062-a-1#55,NA,NA,p.Arg7Phe,-0.277728011049033,0.0406434588319343,0.08056325,0.005685903
urn:mavedb:00001062-a-1#56,NA,NA,p.Arg7Gly,-0.124042578602259,0.0289214951981429,0.1020634,0.004046034
urn:mavedb:00001062-a-1#57,NA,NA,p.Arg7His,-0.136466708207668,0.0292174984240562,0.1003253,0.004087444
urn:mavedb:00001062-a-1#58,NA,NA,p.Arg7Ile,-0.0595637691594003,0.0308636509210868,0.1110838,0.004317736
urn:mavedb:00001062-a-1#59,NA,NA,p.Arg7Lys,0.099987759576816,0.0328267791981199,0.1334046,0.004592372
urn:mavedb:00001062-a-1#60,NA,NA,p.Arg7Leu,-0.0427978776747405,0.0167345470232826,0.1134293,0.002341115
urn:mavedb:00001062-a-1#61,NA,NA,p.Arg7Met,-0.0149166754850514,0.0274711008354968,0.1173298,0.003843128
urn:mavedb:00001062-a-1#62,NA,NA,p.Arg7Asn,-0.110138075461794,0.0368804222165425,0.1040086,0.005159465
urn:mavedb:00001062-a-1#63,NA,NA,p.Arg7Pro,-0.0316110858719297,0.0194247166939615,0.1149943,0.002717462
urn:mavedb:00001062-a-1#64,NA,NA,p.Arg7Gln,0.0325775103139362,0.0248656934505673,0.1239741,0.003478639
urn:mavedb:00001062-a-1#65,NA,NA,p.Arg8Ter,-1.11146302049783,0.151922994499873,-0.03607388,0.02125359
urn:mavedb:00001062-a-1#66,NA,NA,p.Arg8Ala,-0.870150926047629,0.0962321426993739,-0.002315012,0.0134626
urn:mavedb:00001062-a-1#67,NA,NA,p.Arg8Cys,-0.940053206526247,0.120929862718264,-0.01209414,0.01691774
urn:mavedb:00001062-a-1#68,NA,NA,p.Arg8Asp,-0.933932780490899,0.144546788538698,-0.01123791,0.02022168
urn:mavedb:00001062-a-1#69,NA,NA,p.Arg8Glu,-1.01959680028876,0.181650624926357,-0.02322206,0.0254124
urn:mavedb:00001062-a-1#70,NA,NA,p.Arg8Phe,-0.956425237162131,0.117260595006942,-0.01438454,0.01640442
urn:mavedb:00001062-a-1#71,NA,NA,p.Arg8Gly,-0.924058817678053,0.123908337100625,-0.009856571,0.01733442
urn:mavedb:00001062-a-1#72,NA,NA,p.Arg8His,-0.904285509114541,0.0764878483134507,-0.007090342,0.01070043
urn:mavedb:00001062-a-1#73,NA,NA,p.Arg8Ile,-0.923580337505723,0.0897516663744996,-0.009789633,0.012556
urn:mavedb:00001062-a-1#74,NA,NA,p.Arg8Lys,-0.860725695833461,0.11096725619606,-0.0009964494,0.015524
urn:mavedb:00001062-a-1#75,NA,NA,p.Arg8Leu,-0.956112221434945,0.0639961404781988,-0.01434075,0.008952876
urn:mavedb:00001062-a-1#76,NA,NA,p.Arg8Met,-0.885141848948946,0.0947792179058663,-0.004412199,0.01325934
urn:mavedb:00001062-a-1#77,NA,NA,p.Arg8Asn,-0.917187039527703,0.105504813665791,-0.008895229,0.01475982
urn:mavedb:00001062-a-1#78,NA,NA,p.Arg8Pro,-0.918417879698513,0.0677474113048957,-0.00906742,0.009477668
urn:mavedb:00001062-a-1#79,NA,NA,p.Arg8Gln,-0.820441769767905,0.0743218280884745,0.004639156,0.01039741
urn:mavedb:00001062-a-1#80,NA,NA,p.Arg9Ter,-0.844241808716525,0.100321719265651,0.001309599,0.01403472
urn:mavedb:00001062-a-1#81,NA,NA,p.Arg9Ala,-0.156468763432192,0.0371550454461094,0.09752707,0.005197884
urn:mavedb:00001062-a-1#82,NA,NA,p.Arg9Cys,-0.0370622343887498,0.0417717021830985,0.1142317,0.005843741
urn:mavedb:00001062-a-1#83,NA,NA,p.Arg9Asp,-0.83944459787465,0.108225598690649,0.001980715,0.01514045
urn:mavedb:00001062-a-1#84,NA,NA,p.Arg9Glu,-0.276360220242984,0.0566278260302192,0.0807546,0.00792207
urn:mavedb:00001062-a-1#85,NA,NA,p.Arg9Phe,0.0329770896505349,0.0240387858152109,0.12403,0.003362957
urn:mavedb:00001062-a-1#86,NA,NA,p.Arg9Gly,-0.699426887431939,0.0735150209378143,0.02156879,0.01028454
urn:mavedb:00001062-a-1#87,NA,NA,p.Arg9His,-0.015278369839826,0.024123619582058,0.1172792,0.003374825
urn:mavedb:00001062-a-1#88,NA,NA,p.Arg9Ile,-0.0330521448032055,0.0257230377373591,0.1147927,0.003598579
urn:mavedb:00001062-a-1#89,NA,NA,p.Arg9Lys,0.0090616587657656,0.0442085213989103,0.1206843,0.006184645
urn:mavedb:00001062-a-1#90,NA,NA,p.Arg9Leu,0.0272328686328105,0.0157689875025594,0.1232264,0.002206036
urn:mavedb:00001062-a-1#91,NA,NA,p.Arg9Met,0.0168259356067964,0.0255024399214955,0.1217705,0.003567718
urn:mavedb:00001062-a-1#92,NA,NA,p.Arg9Asn,-0.0745862366691684,0.0304479383007188,0.1089822,0.004259579
urn:mavedb:00001062-a-1#93,NA,NA,p.Arg9Pro,-0.661138251848551,0.0523954016381352,0.02692526,0.007329966
urn:mavedb:00001062-a-1#94,NA,NA,p.Arg9Gln,0.0241105742817129,0.0295609222102379,0.1227896,0.004135488
urn:mavedb:00001062-a-1#95,NA,NA,p.Val10Ter,-0.872100744544255,0.131945028405302,-0.002587786,0.01845873
urn:mavedb:00001062-a-1#96,NA,NA,p.Val10Ala,-0.671148822187367,0.111965275283286,0.02552481,0.01566362
urn:mavedb:00001062-a-1#97,NA,NA,p.Val10Cys,-0.646696210852769,0.0794814766885415,0.02894566,0.01111923
urn:mavedb:00001062-a-1#98,NA,NA,p.Val10Asp,-0.525223520677952,0.185927982336506,0.04593934,0.02601079
urn:mavedb:00001062-a-1#99,NA,NA,p.Val10Glu,-0.80689363564043,0.286433693947847,0.006534501,0.04007125
urn:mavedb:00001062-a-1#100,NA,NA,p.Val10Phe,-0.948527862517031,0.196863875486104,-0.01327972,0.02754069
urn:mavedb:00001062-a-1#101,NA,NA,p.Val10Gly,-0.804351860728745,0.115317595807045,0.006890088,0.0161326
urn:mavedb:00001062-a-1#102,NA,NA,p.Val10His,-1.04897360148733,0.163029370067679,-0.02733179,0.02280734
urn:mavedb:00001062-a-1#103,NA,NA,p.Val10Ile,-0.0173834881694923,0.0480920537008323,0.1169847,0.00672794
urn:mavedb:00001062-a-1#104,NA,NA,p.Val10Lys,-0.87082946036832,0.234254136632573,-0.002409937,0.03277148
urn:mavedb:00001062-a-1#105,NA,NA,p.Val10Leu,-0.553557198216598,0.0470075925220593,0.04197554,0.006576227
urn:mavedb:00001062-a-1#106,NA,NA,p.Val10Met,-0.6348282041881,0.0787016893928427,0.03060596,0.01101014
urn:mavedb:00001062-a-1#107,NA,NA,p.Val10Asn,-0.706598228566872,0.169912213491966,0.02056554,0.02377023
urn:mavedb:00001062-a-1#108,NA,NA,p.Val10Pro,-0.820431040455128,0.110166167533223,0.004640657,0.01541193
urn:mavedb:00001062-a-1#109,NA,NA,p.Val10Gln,-0.872187930039219,0.098259775519045,-0.002599983,0.01374626
urn:mavedb:00001062-a-1#110,NA,NA,p.Val10Arg,-0.809511066146006,0.0803226662472347,0.00616833,0.01123691
urn:mavedb:00001062-a-1#111,NA,NA,p.Val10Ser,-0.730456403092318,0.0841168829174787,0.01722785,0.01176771
urn:mavedb:00001062-a-1#112,NA,NA,p.Val10Thr,-0.920127850519643,0.118935754533453,-0.00930664,0.01663877
urn:mavedb:00001062-a-1#113,NA,NA,p.Thr11Ter,-0.499835150292296,0.133789026284772,0.0494911,0.0187167
urn:mavedb:00001062-a-1#114,NA,NA,p.Thr11Ala,-0.103786265112927,0.0290664302720047,0.1048972,0.00406631
urn:mavedb:00001062-a-1#115,NA,NA,p.Thr11Cys,0.290072439230416,0.135653324796012,0.1599969,0.01897751
urn:mavedb:00001062-a-1#116,NA,NA,p.Thr11Asp,-0.488244847692509,0.116179729327388,0.05111255,0.01625321
urn:mavedb:00001062-a-1#117,NA,NA,p.Thr11Glu,-0.14574373952105,0.0459324596265467,0.09902747,0.006425819
urn:mavedb:00001062-a-1#118,NA,NA,p.Thr11Phe,-0.242225851619366,0.0627676591836155,0.0855299,0.008781015
urn:mavedb:00001062-a-1#119,NA,NA,p.Thr11Gly,-0.673340647088642,0.0802744879873299,0.02521818,0.01123017
urn:mavedb:00001062-a-1#120,NA,NA,p.Thr11His,-0.209676719301249,0.0837589770608865,0.09008343,0.01171764
urn:mavedb:00001062-a-1#121,NA,NA,p.Thr11Ile,0.0287818640217365,0.0229976922184619,0.1234431,0.003217311
urn:mavedb:00001062-a-1#122,NA,NA,p.Thr11Lys,-0.0912613471596456,0.0292004573303451,0.1066494,0.00408506
urn:mavedb:00001062-a-1#123,NA,NA,p.Thr11Leu,-0.103615425289229,0.0231568877713312,0.1049211,0.003239582
urn:mavedb:00001062-a-1#124,NA,NA,p.Thr11Met,-0.0299076913117956,0.0257240742132769,0.1152326,0.003598724
urn:mavedb:00001062-a-1#125,NA,NA,p.Thr11Asn,-0.205566913584299,0.046655941261523,0.09065838,0.006527032
urn:mavedb:00001062-a-1#126,NA,NA,p.Thr11Pro,-0.580682702240541,0.0557445912898109,0.03818076,0.007798508
urn:mavedb:00001062-a-1#127,NA,NA,p.Thr11Gln,-0.386789795621531,0.0450109110177276,0.06530582,0.006296897
urn:mavedb:00001062-a-1#128,NA,NA,p.Thr11Arg,-0.164217671837199,0.0284509565757764,0.09644302,0.003980207
urn:mavedb:00001062-a-1#129,NA,NA,p.Thr11Ser,-0.153178988868992,0.0312369966947998,0.0979873,0.004369966
urn:mavedb:00001062-a-1#130,NA,NA,p.Val12Ter,-1.07460079022068,0.123726060301283,-0.03091696,0.01730892
urn:mavedb:00001062-a-1#131,NA,NA,p.Val12Ala,-0.442813034526714,0.0458802140921782,0.05746833,0.00641851
urn:mavedb:00001062-a-1#132,NA,NA,p.Val12Cys,-0.247697300767956,0.0538731804093414,0.08476446,0.007536703
urn:mavedb:00001062-a-1#133,NA,NA,p.Val12Asp,-0.818655071136416,0.222190700646569,0.00488911,0.03108384
urn:mavedb:00001062-a-1#134,NA,NA,p.Val12Glu,-0.960095148203333,0.139339390565313,-0.01489795,0.01949318
urn:mavedb:00001062-a-1#135,NA,NA,p.Val12Phe,-0.474559219673451,0.0605407013227806,0.05302713,0.00846947
urn:mavedb:00001062-a-1#136,NA,NA,p.Val12Gly,-1.36700808802903,0.307036905204713,-0.0718239,0.04295358
urn:mavedb:00001062-a-1#137,NA,NA,p.Val12His,-1.05683137560426,0.123728562139705,-0.02843107,0.01730927
urn:mavedb:00001062-a-1#138,NA,NA,p.Val12Ile,0.145567681577214,0.0301264520634463,0.1397811,0.004214604
urn:mavedb:00001062-a-1#139,NA,NA,p.Val12Lys,-0.776931125474745,0.0866004936598983,0.01072617,0.01211516
urn:mavedb:00001062-a-1#140,NA,NA,p.Val12Leu,-0.0862733961564499,0.0194260891310389,0.1073472,0.002717654
urn:mavedb:00001062-a-1#141,NA,NA,p.Val12Met,-0.180869193565409,0.035861094614068,0.09411352,0.005016864
urn:mavedb:00001062-a-1#142,NA,NA,p.Val12Asn,-0.845903701351287,0.135604860611716,0.001077105,0.01897073
urn:mavedb:00001062-a-1#143,NA,NA,p.Val12Pro,-0.89238566476892,0.0709229519257308,-0.005425588,0.009921917
urn:mavedb:00001062-a-1#144,NA,NA,p.Val12Gln,-0.970342606900196,0.0998386500068436,-0.01633154,0.01396714
urn:mavedb:00001062-a-1#145,NA,NA,p.Val12Arg,-0.983586267291671,0.0770738503530637,-0.01818429,0.01078241
urn:mavedb:00001062-a-1#146,NA,NA,p.Val12Ser,-1.00826468741416,0.0723998443313245,-0.02163673,0.01012853
urn:mavedb:00001062-a-1#147,NA,NA,p.Val12Thr,-0.886149081949676,0.0710345982523558,-0.004553108,0.009937536
urn:mavedb:00001062-a-1#148,NA,NA,p.Arg13Ter,-0.874621940047888,0.0907160178646703,-0.002940494,0.01269091
urn:mavedb:00001062-a-1#149,NA,NA,p.Arg13Ala,-0.16744104046056,0.0274208424756466,0.09599208,0.003836097
urn:mavedb:00001062-a-1#150,NA,NA,p.Arg13Cys,-0.0924665184682424,0.0351542537786552,0.1064808,0.004917979
urn:mavedb:00001062-a-1#151,NA,NA,p.Arg13Asp,-0.0834734815563471,0.0444378756492521,0.1077389,0.006216731
urn:mavedb:00001062-a-1#152,NA,NA,p.Arg13Glu,-0.0631278166947878,0.0407996950673554,0.1105852,0.00570776
urn:mavedb:00001062-a-1#153,NA,NA,p.Arg13Phe,-0.0238210758356977,0.0310722899492916,0.1160841,0.004346924
urn:mavedb:00001062-a-1#154,NA,NA,p.Arg13Gly,-0.35102451427093,0.0327297364597717,0.07030928,0.004578796
urn:mavedb:00001062-a-1#155,NA,NA,p.Arg13His,0.0436878173421207,0.0278396859680975,0.1255284,0.003894692
urn:mavedb:00001062-a-1#156,NA,NA,p.Arg13Ile,0.0404725975639071,0.0306277490021882,0.1250786,0.004284734
urn:mavedb:00001062-a-1#157,NA,NA,p.Arg13Lys,0.0310749776385682,0.030338121890197,0.1237639,0.004244216
urn:mavedb:00001062-a-1#158,NA,NA,p.Arg13Leu,-0.0164899744472231,0.0158134415972697,0.1171097,0.002212255
urn:mavedb:00001062-a-1#159,NA,NA,p.Arg13Met,-0.0009235357833374,0.0251886450503443,0.1192874,0.003523819
urn:mavedb:00001062-a-1#160,NA,NA,p.Arg13Asn,-0.03353821626812,0.0358021227083982,0.1147247,0.005008614
urn:mavedb:00001062-a-1#161,NA,NA,p.Arg13Pro,-0.223411955202167,0.0234447921888659,0.08816191,0.003279859
urn:mavedb:00001062-a-1#162,NA,NA,p.Arg13Gln,-0.0402445728619839,0.0281140518657124,0.1137865,0.003933075
urn:mavedb:00001062-a-1#163,NA,NA,p.Lys14Ter,-0.969660391302969,0.0957356349941833,-0.0162361,0.01339314
urn:mavedb:00001062-a-1#164,NA,NA,p.Lys14Ala,-0.133646778900187,0.027398597558017,0.1007198,0.003832985
urn:mavedb:00001062-a-1#165,NA,NA,p.Lys14Cys,-0.0404182719295931,0.0309833674636514,0.1137622,0.004334484
urn:mavedb:00001062-a-1#166,NA,NA,p.Lys14Asp,-0.110517640091014,0.0300933420189539,0.1039555,0.004209972
urn:mavedb:00001062-a-1#167,NA,NA,p.Lys14Glu,-0.239833379276618,0.0549271977885693,0.0858646,0.007684157
urn:mavedb:00001062-a-1#168,NA,NA,p.Lys14Phe,-0.114206064736542,0.0458671687918331,0.1034395,0.006416685
urn:mavedb:00001062-a-1#169,NA,NA,p.Lys14Gly,-0.0154863798343703,0.0340218788200392,0.1172501,0.004759563
urn:mavedb:00001062-a-1#170,NA,NA,p.Lys14His,-0.0600262518620469,0.0188240538811934,0.1110191,0.002633431
urn:mavedb:00001062-a-1#171,NA,NA,p.Lys14Ile,-0.0277389548051038,0.0813532807150489,0.115536,0.01138109
urn:mavedb:00001062-a-1#172,NA,NA,p.Ala15Ter,-0.950841777133317,0.101599729812887,-0.01360343,0.01421351
urn:mavedb:00001062-a-1#173,NA,NA,p.Asp16Ter,-0.876336214031105,0.074613542448521,-0.003180316,0.01043822
urn:mavedb:00001062-a-1#174,NA,NA,p.Asp16Ala,0.000584715379853,0.029075894369351,0.1194984,0.004067634
urn:mavedb:00001062-a-1#175,NA,NA,p.Asp16Cys,-0.0561426838195758,0.0331838701701974,0.1115624,0.004642328
urn:mavedb:00001062-a-1#176,NA,NA,p.Ala17Ter,-0.73819551858693,0.0744819457475051,0.01614517,0.01041981
urn:mavedb:00001062-a-1#177,NA,NA,p.Gly18Ter,-1.02232208862278,0.106154862769016,-0.02360332,0.01485076
urn:mavedb:00001062-a-1#178,NA,NA,p.Gly18Ala,-0.0325825139907808,0.0332185670950605,0.1148584,0.004647182
urn:mavedb:00001062-a-1#179,NA,NA,p.Gly18Cys,-0.171686731744392,0.0355200297041132,0.09539812,0.00496915
urn:mavedb:00001062-a-1#180,NA,NA,p.Gly18Asp,0.0019264155852125,0.0372055539898018,0.1196861,0.00520495
urn:mavedb:00001062-a-1#181,NA,NA,p.Gly18Glu,-0.0840174527104646,0.0521112571263438,0.1076628,0.007290215
urn:mavedb:00001062-a-1#182,NA,NA,p.Gly18Phe,-0.06063384119319,0.0238634426823528,0.1109341,0.003338427
urn:mavedb:00001062-a-1#183,NA,NA,p.Gly19Ter,NA,NA,NA,NA
urn:mavedb:00001062-a-1#184,NA,NA,p.Gly19Ala,NA,NA,NA,NA
urn:mavedb:00001062-a-1#185,NA,NA,p.Gly19Cys,-0.483846186859424,0.369000866665422,0.05172791,0.05162216
urn:mavedb:00001062-a-1#186,NA,NA,p.Gly19Asp,-0.319405208072755,0.158672597157894,0.07473273,0.02219784
urn:mavedb:00001062-a-1#187,NA,NA,p.Gly19Glu,NA,NA,NA,NA
urn:mavedb:00001062-a-1#188,NA,NA,p.Gly19Phe,NA,NA,NA,NA
urn:mavedb:00001062-a-1#189,NA,NA,p.Leu20Ter,-0.832133768525506,0.0825427976632315,0.003003479,0.0115475
urn:mavedb:00001062-a-1#190,NA,NA,p.Leu20Ala,-0.959270542259325,0.0813908082913842,-0.01478259,0.01138634
urn:mavedb:00001062-a-1#191,NA,NA,p.Leu20Cys,-0.556039593780355,0.0590737161973394,0.04162826,0.008264243
urn:mavedb:00001062-a-1#192,NA,NA,p.Leu20Asp,-1.01792307038421,0.119206381969654,-0.02298791,0.01667663
urn:mavedb:00001062-a-1#193,NA,NA,p.Leu20Glu,-0.834837984231899,0.135604503206227,0.002625167,0.01897068
urn:mavedb:00001062-a-1#194,NA,NA,p.Leu20Phe,-0.238520843359153,0.0365893082977174,0.08604822,0.005118739
urn:mavedb:00001062-a-1#195,NA,NA,p.Leu20Gly,-0.880590697489964,0.0942206646078014,-0.003775506,0.0131812
urn:mavedb:00001062-a-1#196,NA,NA,p.Leu20His,-0.744247608692799,0.0549362472955484,0.0152985,0.007685423
urn:mavedb:00001062-a-1#197,NA,NA,p.Leu20Ile,-0.01053917305691,0.0234529267377934,0.1179422,0.003280997
urn:mavedb:00001062-a-1#198,NA,NA,p.Leu20Lys,-1.04305389437456,0.10739234353381,-0.02650364,0.01502388
urn:mavedb:00001062-a-1#199,NA,NA,p.Gly21Ter,-0.874926192192486,0.102688744337589,-0.002983058,0.01436586
urn:mavedb:00001062-a-1#200,NA,NA,p.Gly21Ala,-0.721235055554109,0.0644214029732305,0.01851789,0.009012369
urn:mavedb:00001062-a-1#201,NA,NA,p.Gly21Cys,-0.708560813587562,0.0730676922278974,0.02029098,0.01022196
urn:mavedb:00001062-a-1#202,NA,NA,p.Gly21Asp,-0.894251049792846,0.121734382473796,-0.00568655,0.01703029
urn:mavedb:00001062-a-1#203,NA,NA,p.Gly21Glu,-0.677564179232162,0.136819681868514,0.02462732,0.01914068
urn:mavedb:00001062-a-1#204,NA,NA,p.Gly21Phe,-0.681901080396764,0.0541328569413621,0.0240206,0.007573031
urn:mavedb:00001062-a-1#205,NA,NA,p.Ile22Ter,-0.927218489495181,0.105008591884991,-0.0102986,0.0146904
urn:mavedb:00001062-a-1#206,NA,NA,p.Ile22Ala,-0.921565399729018,0.0986868750782897,-0.009507749,0.01380601
urn:mavedb:00001062-a-1#207,NA,NA,p.Ile22Cys,-0.852761826611961,0.0985013816295466,0.000117673,0.01378006
urn:mavedb:00001062-a-1#208,NA,NA,p.Ile22Asp,-0.81062772241122,0.1102957627635,0.006012113,0.01543006
urn:mavedb:00001062-a-1#209,NA,NA,p.Ile22Glu,-0.845484507601457,0.155276673164489,0.001135749,0.02172276
urn:mavedb:00001062-a-1#210,NA,NA,p.Ile22Phe,-0.0066448828497718,0.026474111076079,0.118487,0.003703652
urn:mavedb:00001062-a-1#211,NA,NA,p.Ile22Gly,-0.758403868259651,0.111456115423788,0.01331808,0.01559239
urn:mavedb:00001062-a-1#212,NA,NA,p.Ile22His,-0.909223301831423,0.0753030491177217,-0.007781125,0.01053468
urn:mavedb:00001062-a-1#213,NA,NA,p.Ser23Ter,-0.94795951630857,0.112034183061547,-0.01320021,0.01567326
urn:mavedb:00001062-a-1#214,NA,NA,p.Ser23Ala,0.0410837609499392,0.0220237837055178,0.1251641,0.003081064
urn:mavedb:00001062-a-1#215,NA,NA,p.Ser23Cys,-0.010171045403335,0.0327173559336359,0.1179937,0.004577064
urn:mavedb:00001062-a-1#216,NA,NA,p.Ser23Asp,0.0173127218826887,0.0327893159547726,0.1218386,0.004587131
urn:mavedb:00001062-a-1#217,NA,NA,p.Ser23Glu,-0.04166919114077,0.0377900906669104,0.1135872,0.005286725
urn:mavedb:00001062-a-1#218,NA,NA,p.Ser23Phe,-0.112481225847073,0.0276121687819687,0.1036808,0.003862863
urn:mavedb:00001062-a-1#219,NA,NA,p.Ser23Gly,0.0297683031711217,0.0341227815376676,0.1235811,0.004773679
urn:mavedb:00001062-a-1#220,NA,NA,p.Ser23His,-0.0365497149176562,0.0255773020752021,0.1143034,0.003578191
urn:mavedb:00001062-a-1#221,NA,NA,p.Ser23Ile,-0.0654831188666895,0.0279605247638972,0.1102557,0.003911597
urn:mavedb:00001062-a-1#222,NA,NA,p.Ser23Lys,-0.0880118164544969,0.0331338548460796,0.107104,0.004635331
urn:mavedb:00001062-a-1#223,NA,NA,p.Ser23Leu,-0.0165085595326462,0.016766113076063,0.1171071,0.002345531
urn:mavedb:00001062-a-1#224,NA,NA,p.Ser23Met,0.0446192160462142,0.0245203611190749,0.1256587,0.003430328
urn:mavedb:00001062-a-1#225,NA,NA,p.Ser23Asn,-0.004239543909423,0.025632178113969,0.1188235,0.003585868
urn:mavedb:00001062-a-1#226,NA,NA,p.Ser23Pro,-0.844429625300946,0.0599231189341677,0.001283324,0.008383072
urn:mavedb:00001062-a-1#227,NA,NA,p.Ser23Gln,0.0179774960920569,0.0275740193200827,0.1219316,0.003857526
urn:mavedb:00001062-a-1#228,NA,NA,p.Ser23Arg,-0.0027391556669885,0.0218678548388171,0.1190334,0.00305925
urn:mavedb:00001062-a-1#229,NA,NA,p.Ile24Ter,-1.0435775648969,0.126345842534976,-0.0265769,0.01767542
urn:mavedb:00001062-a-1#230,NA,NA,p.Ile24Ala,-0.972962031728401,0.0764163672156691,-0.01669799,0.01069043
urn:mavedb:00001062-a-1#231,NA,NA,p.Ile24Cys,-0.587138160181191,0.065650942188061,0.03727766,0.009184378
urn:mavedb:00001062-a-1#232,NA,NA,p.Ile24Asp,-0.673047002738956,0.133900393835116,0.02525926,0.01873228
urn:mavedb:00001062-a-1#233,NA,NA,p.Ile24Glu,-0.827566347968669,0.153415162416062,0.003642448,0.02146234
urn:mavedb:00001062-a-1#234,NA,NA,p.Ile24Phe,-0.479277829900206,0.0453819193595431,0.05236701,0.0063488
urn:mavedb:00001062-a-1#235,NA,NA,p.Ile24Gly,-0.942646540753762,0.115552411213257,-0.01245694,0.01616545
urn:mavedb:00001062-a-1#236,NA,NA,p.Ile24His,-0.914273691573531,0.0667391489763578,-0.00848766,0.009336615
urn:mavedb:00001062-a-1#237,NA,NA,p.Lys25Ter,-1.06248660265525,0.135096344082099,-0.02922222,0.01889959
urn:mavedb:00001062-a-1#238,NA,NA,p.Lys25Ala,0.0736233862820512,0.0223676435263959,0.1297163,0.003129169
urn:mavedb:00001062-a-1#239,NA,NA,p.Lys25Cys,-0.0091524397599481,0.0272655783831553,0.1181362,0.003814376
urn:mavedb:00001062-a-1#240,NA,NA,p.Lys25Asp,-0.0500360536360991,0.0364394696205477,0.1124167,0.005097777
urn:mavedb:00001062-a-1#241,NA,NA,p.Lys25Glu,0.0528309645593572,0.0361441025764047,0.1268075,0.005056456
urn:mavedb:00001062-a-1#242,NA,NA,p.Lys25Phe,-0.0189739425951316,0.0222675199527333,0.1167622,0.003115162
urn:mavedb:00001062-a-1#243,NA,NA,p.Lys25Gly,-0.0668269635049824,0.0314815692708594,0.1100677,0.004404181
urn:mavedb:00001062-a-1#244,NA,NA,p.Lys25His,0.0916251859473538,0.0178867079497646,0.1322347,0.002502299
urn:mavedb:00001062-a-1#245,NA,NA,p.Lys25Ile,-0.0286431906920402,0.0246236870459181,0.1154095,0.003444783
urn:mavedb:00001062-a-1#246,NA,NA,p.Gly26Ter,-0.829635296862858,0.132765702888931,0.003353008,0.01857354
urn:mavedb:00001062-a-1#247,NA,NA,p.Gly26Ala,-0.818585734471568,0.069884624647466,0.00489881,0.009776658
urn:mavedb:00001062-a-1#248,NA,NA,p.Gly26Cys,-0.852791131002808,0.0803286706594483,0.0001135734,0.01123775
urn:mavedb:00001062-a-1#249,NA,NA,p.Gly26Asp,-0.914801793923941,0.100768833532275,-0.00856154,0.01409727
urn:mavedb:00001062-a-1#250,NA,NA,p.Gly26Glu,-0.781322852641345,0.1209255023713,0.01011178,0.01691713
urn:mavedb:00001062-a-1#251,NA,NA,p.Gly26Phe,-0.847992401902415,0.0667536167505488,0.0007849018,0.009338639
urn:mavedb:00001062-a-1#252,NA,NA,p.Gly27Ter,-1.00387560504818,0.134453085683162,-0.02102271,0.0188096
urn:mavedb:00001062-a-1#253,NA,NA,p.Gly27Ala,-0.749928283014596,0.0786754558299569,0.01450379,0.01100647
urn:mavedb:00001062-a-1#254,NA,NA,p.Gly27Cys,-0.839590119093513,0.112460424847619,0.001960357,0.01573289
urn:mavedb:00001062-a-1#255,NA,NA,p.Gly27Asp,-0.604786414336867,0.0940724128110025,0.03480872,0.01316046
urn:mavedb:00001062-a-1#256,NA,NA,p.Gly27Glu,-1.31428770472794,0.294730790891741,-0.06444847,0.04123199
urn:mavedb:00001062-a-1#257,NA,NA,p.Gly27Phe,-0.986142931716023,0.113718635130769,-0.01854196,0.01590891
urn:mavedb:00001062-a-1#258,NA,NA,p.Arg28Ter,NA,NA,NA,NA
urn:mavedb:00001062-a-1#259,NA,NA,p.Arg28Ala,NA,NA,NA,NA
urn:mavedb:00001062-a-1#260,NA,NA,p.Arg28Cys,NA,NA,NA,NA
urn:mavedb:00001062-a-1#261,NA,NA,p.Arg28Asp,NA,NA,NA,NA
urn:mavedb:00001062-a-1#262,NA,NA,p.Arg28Glu,NA,NA,NA,NA
urn:mavedb:00001062-a-1#263,NA,NA,p.Arg28Phe,NA,NA,NA,NA
urn:mavedb:00001062-a-1#264,NA,NA,p.Arg28Gly,NA,NA,NA,NA
urn:mavedb:00001062-a-1#265,NA,NA,p.Arg28His,NA,NA,NA,NA
urn:mavedb:00001062-a-1#266,NA,NA,p.Arg28Ile,NA,NA,NA,NA
urn:mavedb:00001062-a-1#267,NA,NA,p.Arg28Lys,NA,NA,NA,NA
urn:mavedb:00001062-a-1#268,NA,NA,p.Arg28Leu,NA,NA,NA,NA
urn:mavedb:00001062-a-1#269,NA,NA,p.Arg28Met,NA,NA,NA,NA
urn:mavedb:00001062-a-1#270,NA,NA,p.Arg28Asn,NA,NA,NA,NA
urn:mavedb:00001062-a-1#271,NA,NA,p.Arg28Pro,NA,NA,NA,NA
urn:mavedb:00001062-a-1#272,NA,NA,p.Arg28Gln,NA,NA,NA,NA
urn:mavedb:00001062-a-1#273,NA,NA,p.Glu29Ter,NA,NA,NA,NA
urn:mavedb:00001062-a-1#274,NA,NA,p.Glu29Ala,NA,NA,NA,NA
urn:mavedb:00001062-a-1#275,NA,NA,p.Glu29Cys,NA,NA,NA,NA
urn:mavedb:00001062-a-1#276,NA,NA,p.Glu29Asp,-0.111470483124442,0.362817608745123,0.1038222,0.05075714
urn:mavedb:00001062-a-1#277,NA,NA,p.Asn30Ter,NA,NA,NA,NA
urn:mavedb:00001062-a-1#278,NA,NA,p.Asn30Ala,NA,NA,NA,NA
urn:mavedb:00001062-a-1#279,NA,NA,p.Asn30Cys,NA,NA,NA,NA
urn:mavedb:00001062-a-1#280,NA,NA,p.Asn30Asp,0.258933128603845,0.172908057781088,0.1556406,0.02418934
urn:mavedb:00001062-a-1#281,NA,NA,p.Asn30Glu,NA,NA,NA,NA
urn:mavedb:00001062-a-1#282,NA,NA,p.Asn30Phe,NA,NA,NA,NA
urn:mavedb:00001062-a-1#283,NA,NA,p.Asn30Gly,NA,NA,NA,NA
urn:mavedb:00001062-a-1#284,NA,NA,p.Asn30His,NA,NA,NA,NA
urn:mavedb:00001062-a-1#285,NA,NA,p.Asn30Ile,NA,NA,NA,NA
urn:mavedb:00001062-a-1#286,NA,NA,p.Asn30Lys,NA,NA,NA,NA
urn:mavedb:00001062-a-1#287,NA,NA,p.Asn30Leu,NA,NA,NA,NA
urn:mavedb:00001062-a-1#288,NA,NA,p.Asn30Met,NA,NA,NA,NA
urn:mavedb:00001062-a-1#289,NA,NA,p.Lys31Ter,NA,NA,NA,NA
urn:mavedb:00001062-a-1#290,NA,NA,p.Lys31Ala,NA,NA,NA,NA
urn:mavedb:00001062-a-1#291,NA,NA,p.Lys31Cys,NA,NA,NA,NA
urn:mavedb:00001062-a-1#292,NA,NA,p.Lys31Asp,NA,NA,NA,NA
urn:mavedb:00001062-a-1#293,NA,NA,p.Lys31Glu,NA,NA,NA,NA
urn:mavedb:00001062-a-1#294,NA,NA,p.Lys31Phe,NA,NA,NA,NA
urn:mavedb:00001062-a-1#295,NA,NA,p.Lys31Gly,NA,NA,NA,NA
urn:mavedb:00001062-a-1#296,NA,NA,p.Lys31His,NA,NA,NA,NA
urn:mavedb:00001062-a-1#297,NA,NA,p.Lys31Ile,NA,NA,NA,NA
urn:mavedb:00001062-a-1#298,NA,NA,p.Met32Ter,NA,NA,NA,NA
urn:mavedb:00001062-a-1#299,NA,NA,p.Met32Ala,NA,NA,NA,NA
urn:mavedb:00001062-a-1#300,NA,NA,p.Met32Cys,-0.342781671480252,0.462176977991342,0.07146243,0.06465723
urn:mavedb:00001062-a-1#301,NA,NA,p.Met32Asp,-0.433480819805845,0.655651434263938,0.05877388,0.09172375
urn:mavedb:00001062-a-1#302,NA,NA,p.Met32Glu,NA,NA,NA,NA
urn:mavedb:00001062-a-1#303,NA,NA,p.Met32Phe,NA,NA,NA,NA
urn:mavedb:00001062-a-1#304,NA,NA,p.Met32Gly,0.104493213169986,0.555996991046078,0.1340349,0.07778238
urn:mavedb:00001062-a-1#305,NA,NA,p.Met32His,NA,NA,NA,NA
urn:mavedb:00001062-a-1#306,NA,NA,p.Met32Ile,-0.567008225272737,0.359908685470904,0.04009378,0.05035019
urn:mavedb:00001062-a-1#307,NA,NA,p.Met32Lys,0.104743397012222,0.441614010592527,0.1340699,0.06178053
urn:mavedb:00001062-a-1#308,NA,NA,p.Met32Leu,-0.224982752325916,0.177694860975126,0.08794216,0.024859
urn:mavedb:00001062-a-1#309,NA,NA,p.Pro33Ter,NA,NA,NA,NA
urn:mavedb:00001062-a-1#310,NA,NA,p.Pro33Ala,NA,NA,NA,NA
urn:mavedb:00001062-a-1#311,NA,NA,p.Pro33Cys,NA,NA,NA,NA
urn:mavedb:00001062-a-1#312,NA,NA,p.Pro33Asp,NA,NA,NA,NA
urn:mavedb:00001062-a-1#313,NA,NA,p.Pro33Glu,NA,NA,NA,NA
urn:mavedb:00001062-a-1#314,NA,NA,p.Pro33Phe,NA,NA,NA,NA
urn:mavedb:00001062-a-1#315,NA,NA,p.Pro33Gly,NA,NA,NA,NA
urn:mavedb:00001062-a-1#316,NA,NA,p.Pro33His,NA,NA,NA,NA
urn:mavedb:00001062-a-1#317,NA,NA,p.Pro33Ile,NA,NA,NA,NA
urn:mavedb:00001062-a-1#318,NA,NA,p.Pro33Lys,NA,NA,NA,NA
urn:mavedb:00001062-a-1#319,NA,NA,p.Pro33Leu,NA,NA,NA,NA
urn:mavedb:00001062-a-1#320,NA,NA,p.Pro33Met,NA,NA,NA,NA
urn:mavedb:00001062-a-1#321,NA,NA,p.Pro33Asn,NA,NA,NA,NA
urn:mavedb:00001062-a-1#322,NA,NA,p.Ile34Ter,-0.8410662752438,0.115481859369747,0.001753847,0.01615558
urn:mavedb:00001062-a-1#323,NA,NA,p.Ile34Ala,-0.961255357901425,0.115992877737787,-0.01506026,0.01622707
urn:mavedb:00001062-a-1#324,NA,NA,p.Ile34Cys,-0.587502284893291,0.0660015140840208,0.03722672,0.009233422
urn:mavedb:00001062-a-1#325,NA,NA,p.Ile34Asp,-0.823764675819926,0.127479389783596,0.004174291,0.017834
urn:mavedb:00001062-a-1#326,NA,NA,p.Ile34Glu,-0.794889221596864,0.130535707081441,0.008213884,0.01826157
urn:mavedb:00001062-a-1#327,NA,NA,p.Ile34Phe,-1.11452212555849,0.110064664374373,-0.03650184,0.01539773
urn:mavedb:00001062-a-1#328,NA,NA,p.Ile34Gly,-0.85293465117982,0.125553546047165,9.349534e-05,0.01756458
urn:mavedb:00001062-a-1#329,NA,NA,p.Ile34His,-0.673455016845093,0.05943070709588,0.02520218,0.008314185
urn:mavedb:00001062-a-1#330,NA,NA,p.Leu35Ter,NA,NA,NA,NA
urn:mavedb:00001062-a-1#331,NA,NA,p.Leu35Ala,NA,NA,NA,NA
urn:mavedb:00001062-a-1#332,NA,NA,p.Leu35Cys,-0.194899646400165,0.046271737509057,0.0921507,0.006473283
urn:mavedb:00001062-a-1#333,NA,NA,p.Leu35Asp,NA,NA,NA,NA
urn:mavedb:00001062-a-1#334,NA,NA,p.Leu35Glu,NA,NA,NA,NA
urn:mavedb:00001062-a-1#335,NA,NA,p.Leu35Phe,-0.103679758277232,0.0805462591210953,0.1049121,0.01126819
urn:mavedb:00001062-a-1#336,NA,NA,p.Leu35Gly,-1.01729096303652,0.141820570950408,-0.02289948,0.01984029
urn:mavedb:00001062-a-1#337,NA,NA,p.Leu35His,NA,NA,NA,NA
urn:mavedb:00001062-a-1#338,NA,NA,p.Leu35Ile,-0.0685911169982308,0.0715203409042205,0.1098209,0.01000549
urn:mavedb:00001062-a-1#339,NA,NA,p.Leu35Lys,NA,NA,NA,NA
urn:mavedb:00001062-a-1#340,NA,NA,p.Ile36Ter,-1.00569065308305,0.114818157376845,-0.02127663,0.01606273
urn:mavedb:00001062-a-1#341,NA,NA,p.Ile36Ala,-0.844858719182819,0.0819216984046077,0.001223295,0.01146061
urn:mavedb:00001062-a-1#342,NA,NA,p.Ile36Cys,-1.15216750274294,0.173647243813247,-0.04176832,0.02429275
urn:mavedb:00001062-a-1#343,NA,NA,p.Ile36Asp,-0.66984150439004,0.0898106382801694,0.0257077,0.01256425
urn:mavedb:00001062-a-1#344,NA,NA,p.Ile36Glu,-0.874410541849309,0.112301808291642,-0.00291092,0.0157107
urn:mavedb:00001062-a-1#345,NA,NA,p.Ile36Phe,-0.770875532795084,0.0665742063432269,0.01157333,0.00931354
urn:mavedb:00001062-a-1#346,NA,NA,p.Ile36Gly,-0.764166031032918,0.0853319900986671,0.01251197,0.0119377
urn:mavedb:00001062-a-1#347,NA,NA,p.Ile36His,-0.858763479655236,0.0746265520083172,-0.000721941,0.01044004
urn:mavedb:00001062-a-1#348,NA,NA,p.Ser37Ter,-0.755744342535591,0.105979233711767,0.01369014,0.01482619
urn:mavedb:00001062-a-1#349,NA,NA,p.Ser37Ala,-0.0249597697233576,0.0224438209323017,0.1159248,0.003139826
urn:mavedb:00001062-a-1#350,NA,NA,p.Ser37Cys,-0.0416427431345908,0.0324105304695184,0.1135909,0.00453414
urn:mavedb:00001062-a-1#351,NA,NA,p.Ser37Asp,-0.0391173159499691,0.0317440478619132,0.1139442,0.004440901
urn:mavedb:00001062-a-1#352,NA,NA,p.Ser37Glu,0.0044153874099656,0.0506233566316917,0.1200343,0.007082062
urn:mavedb:00001062-a-1#353,NA,NA,p.Ser37Phe,-0.367755951866459,0.0312409567476169,0.0679686,0.00437052
urn:mavedb:00001062-a-1#354,NA,NA,p.Ser37Gly,-0.202628683059989,0.0390845132741971,0.09106943,0.005467811
urn:mavedb:00001062-a-1#355,NA,NA,p.Ser37His,-0.077336829311802,0.0235376032462254,0.1085974,0.003292843
urn:mavedb:00001062-a-1#356,NA,NA,p.Ser37Ile,-0.430283827707566,0.0353931650517705,0.05922113,0.004951402
urn:mavedb:00001062-a-1#357,NA,NA,p.Ser37Lys,-0.0775448393063462,0.0406968051752086,0.1085683,0.005693366
urn:mavedb:00001062-a-1#358,NA,NA,p.Ser37Leu,-0.682117239236455,0.0423045151378523,0.02399036,0.00591828
urn:mavedb:00001062-a-1#359,NA,NA,p.Ser37Met,-0.353597619347772,0.0471181666322176,0.06994931,0.006591696
urn:mavedb:00001062-a-1#360,NA,NA,p.Ser37Asn,-0.0951263301166935,0.0222548963908651,0.1061087,0.003113396
urn:mavedb:00001062-a-1#361,NA,NA,p.Ser37Pro,-0.989685677884272,0.0708244724173172,-0.01903758,0.00990814
urn:mavedb:00001062-a-1#362,NA,NA,p.Ser37Gln,-0.173842816096777,0.040855028585148,0.09509649,0.005715501
urn:mavedb:00001062-a-1#363,NA,NA,p.Ser37Arg,-0.245396753116955,0.0317156627179841,0.0850863,0.00443693
urn:mavedb:00001062-a-1#364,NA,NA,p.Lys38Ter,-1.07742279247999,0.137168938512274,-0.03131175,0.01918954
urn:mavedb:00001062-a-1#365,NA,NA,p.Lys38Ala,-0.0380036404465327,0.0222441098932098,0.1141,0.003111887
urn:mavedb:00001062-a-1#366,NA,NA,p.Lys38Cys,-0.0961206321868347,0.0339600691147875,0.1059696,0.004750916
urn:mavedb:00001062-a-1#367,NA,NA,p.Lys38Asp,0.0183298979041199,0.0355041609004056,0.1219809,0.00496693
urn:mavedb:00001062-a-1#368,NA,NA,p.Lys38Glu,0.0046212529715765,0.0377784892847404,0.1200631,0.005285102
urn:mavedb:00001062-a-1#369,NA,NA,p.Lys38Phe,-0.303318887384704,0.0330178624687095,0.07698316,0.004619104
urn:mavedb:00001062-a-1#370,NA,NA,p.Lys38Gly,-0.109526197264784,0.0385024855836207,0.1040942,0.005386387
urn:mavedb:00001062-a-1#371,NA,NA,p.Lys38His,0.0035354550962748,0.0216637691565411,0.1199112,0.003030699
urn:mavedb:00001062-a-1#372,NA,NA,p.Lys38Ile,-0.757348878737493,0.0626813600542639,0.01346567,0.008768942
urn:mavedb:00001062-a-1#373,NA,NA,p.Ile39Ter,-0.80570306792011,0.0998336463299989,0.006701058,0.01396644
urn:mavedb:00001062-a-1#374,NA,NA,p.Ile39Ala,-0.862811468518824,0.110906282819653,-0.001288243,0.01551547
urn:mavedb:00001062-a-1#375,NA,NA,p.Ile39Cys,-0.859304349959332,0.102365435332323,-0.0007976072,0.01432063
urn:mavedb:00001062-a-1#376,NA,NA,p.Ile39Asp,-0.811053821235096,0.126653854585317,0.005952503,0.01771851
urn:mavedb:00001062-a-1#377,NA,NA,p.Ile39Glu,-0.683865238001605,0.117399482779932,0.02374582,0.01642385
urn:mavedb:00001062-a-1#378,NA,NA,p.Ile39Phe,-0.902645990063384,0.0808333986908838,-0.006860978,0.01130836
urn:mavedb:00001062-a-1#379,NA,NA,p.Ile39Gly,-0.741790160032168,0.100772050181675,0.01564229,0.01409772
urn:mavedb:00001062-a-1#380,NA,NA,p.Ile39His,-0.820784314336584,0.0573087621157959,0.004591235,0.008017331
urn:mavedb:00001062-a-1#381,NA,NA,p.Phe40Ter,-0.830658463000283,0.143751990212465,0.00320987,0.02011049
urn:mavedb:00001062-a-1#382,NA,NA,p.Phe40Ala,-0.040728499893965,0.0257503864053703,0.1137188,0.003602405
urn:mavedb:00001062-a-1#383,NA,NA,p.Phe40Cys,0.0194685917917798,0.0318368660673825,0.1221402,0.004453886
urn:mavedb:00001062-a-1#384,NA,NA,p.Phe40Asp,0.140240195359556,0.0309251604057279,0.1390358,0.004326341
urn:mavedb:00001062-a-1#385,NA,NA,p.Phe40Glu,-0.0374675322131712,0.0528966771325478,0.114175,0.007400093
urn:mavedb:00001062-a-1#386,NA,NA,p.Lys41Ter,NA,NA,NA,NA
urn:mavedb:00001062-a-1#387,NA,NA,p.Lys41Ala,NA,NA,NA,NA
urn:mavedb:00001062-a-1#388,NA,NA,p.Lys41Cys,NA,NA,NA,NA
urn:mavedb:00001062-a-1#389,NA,NA,p.Lys41Asp,NA,NA,NA,NA
urn:mavedb:00001062-a-1#390,NA,NA,p.Lys41Glu,NA,NA,NA,NA
urn:mavedb:00001062-a-1#391,NA,NA,p.Lys41Phe,NA,NA,NA,NA
urn:mavedb:00001062-a-1#392,NA,NA,p.Lys41Gly,NA,NA,NA,NA
urn:mavedb:00001062-a-1#393,NA,NA,p.Lys41His,NA,NA,NA,NA
urn:mavedb:00001062-a-1#394,NA,NA,p.Lys41Ile,NA,NA,NA,NA
urn:mavedb:00001062-a-1#395,NA,NA,p.Gly42Ter,NA,NA,NA,NA
urn:mavedb:00001062-a-1#396,NA,NA,p.Gly42Ala,NA,NA,NA,NA
urn:mavedb:00001062-a-1#397,NA,NA,p.Gly42Cys,-0.25377984182148,0.237077068146161,0.08391353,0.0331664
urn:mavedb:00001062-a-1#398,NA,NA,p.Gly42Asp,-0.335045629672844,0.157251910339486,0.07254468,0.02199909
urn:mavedb:00001062-a-1#399,NA,NA,p.Gly42Glu,NA,NA,NA,NA
urn:mavedb:00001062-a-1#400,NA,NA,p.Gly42Phe,NA,NA,NA,NA
urn:mavedb:00001062-a-1#401,NA,NA,p.Leu43Ter,NA,NA,NA,NA
urn:mavedb:00001062-a-1#402,NA,NA,p.Leu43Ala,NA,NA,NA,NA
urn:mavedb:00001062-a-1#403,NA,NA,p.Leu43Cys,NA,NA,NA,NA
urn:mavedb:00001062-a-1#404,NA,NA,p.Leu43Asp,NA,NA,NA,NA
urn:mavedb:00001062-a-1#405,NA,NA,p.Leu43Glu,NA,NA,NA,NA
urn:mavedb:00001062-a-1#406,NA,NA,p.Leu43Phe,-0.234783025275059,0.371303916154845,0.08657113,0.05194435
urn:mavedb:00001062-a-1#407,NA,NA,p.Leu43Gly,NA,NA,NA,NA
urn:mavedb:00001062-a-1#408,NA,NA,p.Leu43His,NA,NA,NA,NA
urn:mavedb:00001062-a-1#409,NA,NA,p.Leu43Ile,NA,NA,NA,NA
urn:mavedb:00001062-a-1#410,NA,NA,p.Leu43Lys,NA,NA,NA,NA
urn:mavedb:00001062-a-1#411,NA,NA,p.Ala44Ter,NA,NA,NA,NA
urn:mavedb:00001062-a-1#412,NA,NA,p.Ala45Ter,-0.934187896528881,0.116507327198521,-0.0112736,0.01629904
urn:mavedb:00001062-a-1#413,NA,NA,p.Asp46Ter,-1.05973372261749,0.146460694931799,-0.0288371,0.02048943
urn:mavedb:00001062-a-1#414,NA,NA,p.Asp46Ala,0.0257646468843778,0.0288519655343308,0.123021,0.004036307
urn:mavedb:00001062-a-1#415,NA,NA,p.Asp46Cys,-0.16815635180606,0.0459030094142607,0.09589201,0.006421699
urn:mavedb:00001062-a-1#416,NA,NA,p.Gln47Ter,-0.791647210703202,0.0810761484989499,0.008667432,0.01134232
urn:mavedb:00001062-a-1#417,NA,NA,p.Gln47Ala,-0.0525850695829887,0.0269229051485004,0.1120601,0.003766437
urn:mavedb:00001062-a-1#418,NA,NA,p.Gln47Cys,-0.0412002751393231,0.0360675463206806,0.1136528,0.005045746
urn:mavedb:00001062-a-1#419,NA,NA,p.Gln47Asp,-0.148320633096074,0.0414011727646381,0.09866697,0.005791905
urn:mavedb:00001062-a-1#420,NA,NA,p.Gln47Glu,-0.0618247162822303,0.0359072499589055,0.1107675,0.005023321
urn:mavedb:00001062-a-1#421,NA,NA,p.Gln47Phe,-0.288714369853665,0.0402967469152547,0.07902629,0.005637399
urn:mavedb:00001062-a-1#422,NA,NA,p.Gln47Gly,-0.159393698472315,0.0322234644366242,0.09711788,0.00450797
urn:mavedb:00001062-a-1#423,NA,NA,p.Gln47His,-0.135686849430872,0.029022826802358,0.1004344,0.00406021
urn:mavedb:00001062-a-1#424,NA,NA,p.Gln47Ile,-0.202812675405679,0.0344771848204685,0.09104369,0.004823259
urn:mavedb:00001062-a-1#425,NA,NA,p.Gln47Lys,0.0281556896051702,0.0269077583038805,0.1233555,0.003764318
urn:mavedb:00001062-a-1#426,NA,NA,p.Gln47Leu,0.0301164161173178,0.0158564946624635,0.1236298,0.002218278
urn:mavedb:00001062-a-1#427,NA,NA,p.Gln47Met,0.0509159859497898,0.0261824038641423,0.1265396,0.003662843
urn:mavedb:00001062-a-1#428,NA,NA,p.Gln47Asn,-0.0221848735074782,0.0262121614451488,0.116313,0.003667006
urn:mavedb:00001062-a-1#429,NA,NA,p.Gln47Pro,-0.388635437566251,0.0351492429537008,0.06504762,0.004917278
urn:mavedb:00001062-a-1#430,NA,NA,p.Thr48Ter,-1.13331257617562,0.1300504933897,-0.03913057,0.01819369
urn:mavedb:00001062-a-1#431,NA,NA,p.Thr48Ala,0.0012623561868219,0.0280622638103697,0.1195932,0.00392583
urn:mavedb:00001062-a-1#432,NA,NA,p.Thr48Cys,0.0446049198266579,0.0300713758776056,0.1256567,0.004206899
urn:mavedb:00001062-a-1#433,NA,NA,p.Thr48Asp,-0.481142914703522,0.0669827279651582,0.05210609,0.009370691
urn:mavedb:00001062-a-1#434,NA,NA,p.Thr48Glu,-0.360379745905284,0.0573026290376062,0.06900051,0.008016473
urn:mavedb:00001062-a-1#435,NA,NA,p.Thr48Phe,-0.805570742111897,0.0772468346096951,0.00671957,0.01080661
urn:mavedb:00001062-a-1#436,NA,NA,p.Thr48Gly,-0.175152564251428,0.0324882161265874,0.09491326,0.004545008
urn:mavedb:00001062-a-1#437,NA,NA,p.Thr48His,-0.40670886129153,0.0411528188385059,0.0625192,0.005757161
urn:mavedb:00001062-a-1#438,NA,NA,p.Thr48Ile,-0.780807402445243,0.0765007149110514,0.01018389,0.01070223
urn:mavedb:00001062-a-1#439,NA,NA,p.Thr48Lys,-0.494080921920882,0.0509213756245625,0.0502961,0.007123754
urn:mavedb:00001062-a-1#440,NA,NA,p.Thr48Leu,-0.896632313899463,0.052824302521044,-0.006019682,0.007389968
urn:mavedb:00001062-a-1#441,NA,NA,p.Thr48Met,-0.562790911984724,0.0522655347796857,0.04068377,0.007311798
urn:mavedb:00001062-a-1#442,NA,NA,p.Thr48Asn,-0.3163717647262,0.0380282370922793,0.0751571,0.005320041
urn:mavedb:00001062-a-1#443,NA,NA,p.Thr48Pro,-0.397726332101009,0.0325931718224601,0.06377583,0.004559691
urn:mavedb:00001062-a-1#444,NA,NA,p.Thr48Gln,-0.355895164792666,0.0366628694954444,0.06962789,0.00512903
urn:mavedb:00001062-a-1#445,NA,NA,p.Thr48Arg,-0.560488648787376,0.0412740936690021,0.04100585,0.005774127
urn:mavedb:00001062-a-1#446,NA,NA,p.Thr48Ser,-0.065779050611505,0.0205676065220612,0.1102143,0.002877349
urn:mavedb:00001062-a-1#447,NA,NA,p.Glu49Ter,-1.02209635131599,0.106634215010739,-0.02357174,0.01491782
urn:mavedb:00001062-a-1#448,NA,NA,p.Glu49Ala,0.0405276380091989,0.0281397278760355,0.1250863,0.003936667
urn:mavedb:00001062-a-1#449,NA,NA,p.Glu49Cys,0.0109037266555958,0.0280517274965567,0.120942,0.003924356
urn:mavedb:00001062-a-1#450,NA,NA,p.Glu49Asp,0.0901741196623885,0.0271606727240511,0.1320317,0.0037997
urn:mavedb:00001062-a-1#451,NA,NA,p.Ala50Ter,-0.963968137043332,0.100645457157504,-0.01543977,0.01408001
urn:mavedb:00001062-a-1#452,NA,NA,p.Leu51Ter,-0.944921355209561,0.0864998482742219,-0.01277518,0.01210108
urn:mavedb:00001062-a-1#453,NA,NA,p.Leu51Ala,-0.756792255429068,0.0772078774114041,0.01354354,0.01080116
urn:mavedb:00001062-a-1#454,NA,NA,p.Leu51Cys,-0.866520422535634,0.109975598926537,-0.001807115,0.01538527
urn:mavedb:00001062-a-1#455,NA,NA,p.Leu51Asp,-0.917737393943853,0.158959307841096,-0.008972222,0.02223795
urn:mavedb:00001062-a-1#456,NA,NA,p.Leu51Glu,-0.84648761256879,0.110519570080654,0.0009954175,0.01546137
urn:mavedb:00001062-a-1#457,NA,NA,p.Leu51Phe,-0.390924619722704,0.0507904079572072,0.06472737,0.007105432
urn:mavedb:00001062-a-1#458,NA,NA,p.Leu51Gly,-0.810579151005277,0.108178993014896,0.006018908,0.01513393
urn:mavedb:00001062-a-1#459,NA,NA,p.Leu51His,-0.885915817683286,0.084316386661387,-0.004520475,0.01179562
urn:mavedb:00001062-a-1#460,NA,NA,p.Leu51Ile,-0.189332769986036,0.0387769444066627,0.09292949,0.005424783
urn:mavedb:00001062-a-1#461,NA,NA,p.Leu51Lys,-1.05739864959626,0.0957931772778974,-0.02851043,0.01340119
urn:mavedb:00001062-a-1#462,NA,NA,p.Phe52Ter,-1.17652046942723,0.165468090680692,-0.04517523,0.02314851
urn:mavedb:00001062-a-1#463,NA,NA,p.Phe52Ala,-0.166395843848799,0.0335386165622676,0.0961383,0.004691956
urn:mavedb:00001062-a-1#464,NA,NA,p.Phe52Cys,-0.119370574051258,0.0338308241418887,0.102717,0.004732835
urn:mavedb:00001062-a-1#465,NA,NA,p.Phe52Asp,-0.508809959524257,0.0656246299959676,0.04823555,0.009180697
urn:mavedb:00001062-a-1#466,NA,NA,p.Phe52Glu,-0.0658319466238634,0.0959031866873832,0.1102069,0.01341658
urn:mavedb:00001062-a-1#467,NA,NA,p.Val53Ter,-0.797775742695039,0.110291974265318,0.007810068,0.01542953
urn:mavedb:00001062-a-1#468,NA,NA,p.Val53Ala,-0.241444491739516,0.0311249071853686,0.08563921,0.004354285
urn:mavedb:00001062-a-1#469,NA,NA,p.Val53Cys,-0.31532649663334,0.0432546990744427,0.07530333,0.006051208
urn:mavedb:00001062-a-1#470,NA,NA,p.Val53Asp,-0.561719767734468,0.0594180692377922,0.04083362,0.008312417
urn:mavedb:00001062-a-1#471,NA,NA,p.Val53Glu,-0.10894505593982,0.0415376158840835,0.1041755,0.005810993
urn:mavedb:00001062-a-1#472,NA,NA,p.Val53Phe,-0.955015129546194,0.0937247287513931,-0.01418727,0.01311182
urn:mavedb:00001062-a-1#473,NA,NA,p.Val53Gly,-1.00715787409611,0.123131051643349,-0.02148189,0.01722568
urn:mavedb:00001062-a-1#474,NA,NA,p.Val53His,-0.729300053373506,0.0573188195062538,0.01738962,0.008018738
urn:mavedb:00001062-a-1#475,NA,NA,p.Val53Ile,-0.149792428899396,0.029550478821852,0.09846107,0.004134027
urn:mavedb:00001062-a-1#476,NA,NA,p.Val53Lys,-0.580730880500446,0.0652814492455185,0.03817402,0.009132687
urn:mavedb:00001062-a-1#477,NA,NA,p.Val53Leu,-0.491888954057412,0.0352771369338515,0.05060275,0.00493517
urn:mavedb:00001062-a-1#478,NA,NA,p.Val53Met,-0.505689237757311,0.0544925498253988,0.04867213,0.007623351
urn:mavedb:00001062-a-1#479,NA,NA,p.Val53Asn,-0.849183470705231,0.0745142552037024,0.0006182747,0.01042433
urn:mavedb:00001062-a-1#480,NA,NA,p.Val53Pro,-0.134886261135719,0.0260529087074013,0.1005464,0.003644727
urn:mavedb:00001062-a-1#481,NA,NA,p.Val53Gln,-0.342284306001888,0.0391879964594555,0.07153201,0.005482288
urn:mavedb:00001062-a-1#482,NA,NA,p.Val53Arg,-0.699933759896308,0.0547905187815012,0.02149788,0.007665036
urn:mavedb:00001062-a-1#483,NA,NA,p.Val53Ser,-0.649506061325464,0.0462350248172364,0.02855257,0.006468147
urn:mavedb:00001062-a-1#484,NA,NA,p.Val53Thr,-0.282228889851946,0.0300010670698277,0.07993359,0.004197063
urn:mavedb:00001062-a-1#485,NA,NA,p.Gly54Ter,-0.815675095651001,0.0911288212043587,0.005306,0.01274866
urn:mavedb:00001062-a-1#486,NA,NA,p.Gly54Ala,-0.860216766143098,0.0725379458122384,-0.0009252516,0.01014785
urn:mavedb:00001062-a-1#487,NA,NA,p.Gly54Cys,-0.800550288653539,0.0664000712409213,0.007421917,0.009289179
urn:mavedb:00001062-a-1#488,NA,NA,p.Gly54Asp,-0.188620675289937,0.0363870668277641,0.09302911,0.005090446
urn:mavedb:00001062-a-1#489,NA,NA,p.Gly54Glu,-0.550600954455647,0.0649352305484136,0.04238911,0.009084252
urn:mavedb:00001062-a-1#490,NA,NA,p.Gly54Phe,-0.908212859329403,0.104607582926437,-0.007639767,0.0146343
urn:mavedb:00001062-a-1#491,NA,NA,p.Asp55Ter,-0.981970222633026,0.096502055324597,-0.01795821,0.01350036
urn:mavedb:00001062-a-1#492,NA,NA,p.Asp55Ala,-0.889311269901446,0.0757350093916155,-0.004995489,0.01059511
urn:mavedb:00001062-a-1#493,NA,NA,p.Asp55Cys,-0.826410491469432,0.0952319076981168,0.003804149,0.01332267
urn:mavedb:00001062-a-1#494,NA,NA,p.Ala56Ter,-1.09042584749634,0.11827755658508,-0.03313084,0.01654669
urn:mavedb:00001062-a-1#495,NA,NA,p.Ile57Ter,-0.913197043278745,0.0811677872663058,-0.00833704,0.01135514
urn:mavedb:00001062-a-1#496,NA,NA,p.Ile57Ala,-0.892707844372841,0.0813348385918212,-0.00547066,0.01137851
urn:mavedb:00001062-a-1#497,NA,NA,p.Ile57Cys,-0.847362086585854,0.0924910364847815,0.0008730811,0.01293923
urn:mavedb:00001062-a-1#498,NA,NA,p.Ile57Asp,-0.912702722895147,0.115039820261066,-0.008267886,0.01609374
urn:mavedb:00001062-a-1#499,NA,NA,p.Ile57Glu,-1.01569643418831,0.136998456094065,-0.02267641,0.01916569
urn:mavedb:00001062-a-1#500,NA,NA,p.Ile57Phe,-0.9280105000586,0.0846523478209602,-0.0104094,0.01184262
urn:mavedb:00001062-a-1#501,NA,NA,p.Ile57Gly,-0.892118897311999,0.0907105853012389,-0.005388268,0.01269015
urn:mavedb:00001062-a-1#502,NA,NA,p.Ile57His,-0.980434951614874,0.082101544846626,-0.01774343,0.01148577
urn:mavedb:00001062-a-1#503,NA,NA,p.Leu58Ter,-0.953423031055306,0.0907542602519835,-0.01396454,0.01269626
urn:mavedb:00001062-a-1#504,NA,NA,p.Leu58Ala,-0.812106859323284,0.0716878925974204,0.005805186,0.01002893
urn:mavedb:00001062-a-1#505,NA,NA,p.Leu58Cys,-0.19324814711702,0.0373034330569941,0.09238174,0.005218643
urn:mavedb:00001062-a-1#506,NA,NA,p.Leu58Asp,-0.74836477696282,0.109843215933446,0.01472252,0.01536675
urn:mavedb:00001062-a-1#507,NA,NA,p.Leu58Glu,-0.316749613809073,0.0503186470080686,0.07510424,0.007039434
urn:mavedb:00001062-a-1#508,NA,NA,p.Leu58Phe,-0.0329492120224001,0.0315793983012832,0.1148071,0.004417867
urn:mavedb:00001062-a-1#509,NA,NA,p.Leu58Gly,-1.14600854839589,0.14618613603522,-0.0409067,0.02045102
urn:mavedb:00001062-a-1#510,NA,NA,p.Leu58His,-0.660027149664635,0.0595436472303748,0.0270807,0.008329985
urn:mavedb:00001062-a-1#511,NA,NA,p.Leu58Ile,-0.083597858666487,0.0280481105530089,0.1077215,0.00392385
urn:mavedb:00001062-a-1#512,NA,NA,p.Leu58Lys,-0.807503162109323,0.0654529038066572,0.00644923,0.009156673
urn:mavedb:00001062-a-1#513,NA,NA,p.Ser59Ter,-0.863389293120851,0.0949904445498108,-0.001369079,0.01328889
urn:mavedb:00001062-a-1#514,NA,NA,p.Ser59Ala,-0.0326682913081187,0.0259290176687263,0.1148464,0.003627395
urn:mavedb:00001062-a-1#515,NA,NA,p.Ser59Cys,-0.043787176068037,0.0373885598963421,0.1132909,0.005230552
urn:mavedb:00001062-a-1#516,NA,NA,p.Ser59Asp,-0.463577793064567,0.0681588707999458,0.0545634,0.00953523
urn:mavedb:00001062-a-1#517,NA,NA,p.Ser59Glu,0.123189094294748,0.07541813368515,0.1366504,0.01055078
urn:mavedb:00001062-a-1#518,NA,NA,p.Ser59Phe,-0.206363856343466,0.0324107520609216,0.09054689,0.004534171
urn:mavedb:00001062-a-1#519,NA,NA,p.Ser59Gly,-0.147652570756208,0.04525216687085,0.09876043,0.006330648
urn:mavedb:00001062-a-1#520,NA,NA,p.Ser59His,-0.661895594079547,0.0543378432854703,0.02681931,0.007601708
urn:mavedb:00001062-a-1#521,NA,NA,p.Ser59Ile,-0.744997445408528,0.0675190649380326,0.0151936,0.009445723
urn:mavedb:00001062-a-1#522,NA,NA,p.Ser59Lys,-0.120079666541251,0.0305252379598597,0.1026178,0.004270393
urn:mavedb:00001062-a-1#523,NA,NA,p.Ser59Leu,-0.548432146467857,0.0331152268719977,0.04269252,0.004632725
urn:mavedb:00001062-a-1#524,NA,NA,p.Ser59Met,-0.145270606134834,0.0283524699192529,0.09909366,0.003966429
urn:mavedb:00001062-a-1#525,NA,NA,p.Ser59Asn,-0.197917506867404,0.0344697507862992,0.09172851,0.004822219
urn:mavedb:00001062-a-1#526,NA,NA,p.Ser59Pro,-0.86503548850654,0.0612529747216247,-0.001599377,0.008569115
urn:mavedb:00001062-a-1#527,NA,NA,p.Ser59Gln,-0.145259240640287,0.026629353724241,0.09909525,0.00372537
urn:mavedb:00001062-a-1#528,NA,NA,p.Ser59Arg,-0.099425918148253,0.0233334746752907,0.1055072,0.003264286
urn:mavedb:00001062-a-1#529,NA,NA,p.Val60Ter,-0.949455758647333,0.115221668173822,-0.01340953,0.01611918
urn:mavedb:00001062-a-1#530,NA,NA,p.Val60Ala,-0.144540855607582,0.0260156599073474,0.09919575,0.003639516
urn:mavedb:00001062-a-1#531,NA,NA,p.Val60Cys,-0.0168323689055967,0.0309801007774827,0.1170618,0.004334027
urn:mavedb:00001062-a-1#532,NA,NA,p.Val60Asp,-0.767433360531415,0.0957395664545613,0.01205488,0.01339369
urn:mavedb:00001062-a-1#533,NA,NA,p.Val60Glu,-0.628345583430293,0.0778022427394576,0.03151286,0.01088431
urn:mavedb:00001062-a-1#534,NA,NA,p.Val60Phe,-0.755677221784774,0.058656402400381,0.01369953,0.008205862
urn:mavedb:00001062-a-1#535,NA,NA,p.Val60Gly,-0.872337582865535,0.0966237161530211,-0.002620919,0.01351738
urn:mavedb:00001062-a-1#536,NA,NA,p.Val60His,-0.883277943583744,0.0683527918701174,-0.004151444,0.009562359
urn:mavedb:00001062-a-1#537,NA,NA,p.Val60Ile,-0.0250140953576715,0.0252460229275335,0.1159172,0.003531846
urn:mavedb:00001062-a-1#538,NA,NA,p.Val60Lys,-0.939103365698926,0.111070188976866,-0.01196126,0.0155384
urn:mavedb:00001062-a-1#539,NA,NA,p.Val60Leu,-0.55203886821862,0.0317009447599509,0.04218795,0.004434871
urn:mavedb:00001062-a-1#540,NA,NA,p.Val60Met,-0.606944714603282,0.0591132809849615,0.03450678,0.008269778
urn:mavedb:00001062-a-1#541,NA,NA,p.Val60Asn,-0.839380179109329,0.0725639649318309,0.001989727,0.01015149
urn:mavedb:00001062-a-1#542,NA,NA,p.Val60Pro,-0.923799848808901,0.0645747656685208,-0.009820342,0.009033824
urn:mavedb:00001062-a-1#543,NA,NA,p.Val60Gln,-0.933755578849498,0.0844990208662188,-0.01121312,0.01182117
urn:mavedb:00001062-a-1#544,NA,NA,p.Val60Arg,-0.996297322023575,0.076734458100797,-0.01996253,0.01073493
urn:mavedb:00001062-a-1#545,NA,NA,p.Val60Ser,-0.800971605391974,0.050604564251085,0.007362976,0.007079433
urn:mavedb:00001062-a-1#546,NA,NA,p.Val60Thr,-0.864382151272817,0.0584753979645786,-0.001507977,0.00818054
urn:mavedb:00001062-a-1#547,NA,NA,p.Asn61Ter,-1.00181580573451,0.130957660001645,-0.02073455,0.0183206
urn:mavedb:00001062-a-1#548,NA,NA,p.Asn61Ala,-0.75908472571602,0.0566075897314372,0.01322283,0.007919239
urn:mavedb:00001062-a-1#549,NA,NA,p.Asn61Cys,-0.606674587534766,0.0601008924243503,0.03454457,0.008407942
urn:mavedb:00001062-a-1#550,NA,NA,p.Asn61Asp,-0.0071373876134866,0.0269887535357768,0.1184181,0.003775649
urn:mavedb:00001062-a-1#551,NA,NA,p.Asn61Glu,-0.605035883368124,0.0753850379368771,0.03477382,0.01054615
urn:mavedb:00001062-a-1#552,NA,NA,p.Asn61Phe,-0.858379858473717,0.0821011159600393,-0.0006682735,0.01148571
urn:mavedb:00001062-a-1#553,NA,NA,p.Asn61Gly,-0.276365366882024,0.0357678832625609,0.08075388,0.005003824
urn:mavedb:00001062-a-1#554,NA,NA,p.Asn61His,-0.837244902904509,0.0634814265374033,0.002288446,0.008880869
urn:mavedb:00001062-a-1#555,NA,NA,p.Asn61Ile,-0.916310459677499,0.0737632033093118,-0.008772598,0.01031926
urn:mavedb:00001062-a-1#556,NA,NA,p.Asn61Lys,-0.941700416943525,0.10651884451892,-0.01232458,0.01490168
urn:mavedb:00001062-a-1#557,NA,NA,p.Asn61Leu,-1.01348373680648,0.0627668514472106,-0.02236686,0.008780902
urn:mavedb:00001062-a-1#558,NA,NA,p.Asn61Met,-0.740673982690309,0.0711724138088786,0.01579844,0.009956816
urn:mavedb:00001062-a-1#559,NA,NA,p.Gly62Ter,-0.674655470401236,0.0705521937677575,0.02503424,0.009870049
urn:mavedb:00001062-a-1#560,NA,NA,p.Gly62Ala,-0.397701385197883,0.0334496583360784,0.06377932,0.004679511
urn:mavedb:00001062-a-1#561,NA,NA,p.Gly62Cys,-0.462074474097123,0.0509277803309237,0.05477371,0.00712465
urn:mavedb:00001062-a-1#562,NA,NA,p.Gly62Asp,-0.0757506637520297,0.0294164160229627,0.1088193,0.004115272
urn:mavedb:00001062-a-1#563,NA,NA,p.Gly62Glu,-0.254571709422704,0.0396283414661191,0.08380275,0.005543891
urn:mavedb:00001062-a-1#564,NA,NA,p.Gly62Phe,-0.775927673824088,0.0707667657270781,0.01086655,0.009900067
urn:mavedb:00001062-a-1#565,NA,NA,p.Glu63Ter,-0.94219613835664,0.103141648573133,-0.01239393,0.01442922
urn:mavedb:00001062-a-1#566,NA,NA,p.Glu63Ala,-0.0715025421108728,0.0265915616678439,0.1094136,0.003720083
urn:mavedb:00001062-a-1#567,NA,NA,p.Glu63Cys,-0.0007162405997709,0.0290635352875446,0.1193164,0.004065905
urn:mavedb:00001062-a-1#568,NA,NA,p.Glu63Asp,-0.118940257842613,0.0319797853742869,0.1027772,0.00447388
urn:mavedb:00001062-a-1#569,NA,NA,p.Asp64Ter,-0.891959244280104,0.105106878394441,-0.005365933,0.01470415
urn:mavedb:00001062-a-1#570,NA,NA,p.Asp64Ala,-0.459990013804716,0.0563161970363308,0.05506532,0.007878474
urn:mavedb:00001062-a-1#571,NA,NA,p.Asp64Cys,-0.300464861593581,0.0449884516568046,0.07738243,0.006293755
urn:mavedb:00001062-a-1#572,NA,NA,p.Leu65Ter,-0.894974917425751,0.0914434809967931,-0.005787817,0.01279268
urn:mavedb:00001062-a-1#573,NA,NA,p.Leu65Ala,-1.04327098246852,0.0999983387792876,-0.02653401,0.01398948
urn:mavedb:00001062-a-1#574,NA,NA,p.Leu65Cys,-0.261236464017659,0.0390630832410822,0.08287037,0.005464813
urn:mavedb:00001062-a-1#575,NA,NA,p.Leu65Asp,-0.986731935961743,0.141967964974033,-0.01862436,0.01986091
urn:mavedb:00001062-a-1#576,NA,NA,p.Leu65Glu,-0.935723096065935,0.158204395967425,-0.01148837,0.02213234
urn:mavedb:00001062-a-1#577,NA,NA,p.Leu65Phe,-0.346991193328606,0.0399137297490119,0.07087353,0.005583816
urn:mavedb:00001062-a-1#578,NA,NA,p.Leu65Gly,-1.09135045549614,0.143103799617782,-0.03326019,0.02001981
urn:mavedb:00001062-a-1#579,NA,NA,p.Leu65His,-0.834767775497658,0.0657247535696302,0.002634989,0.009194704
urn:mavedb:00001062-a-1#580,NA,NA,p.Leu65Ile,0.0480145681908371,0.0250027870480025,0.1261337,0.003497818
urn:mavedb:00001062-a-1#581,NA,NA,p.Leu65Lys,-0.880278997014978,0.103960893434807,-0.0037319,0.01454383
urn:mavedb:00001062-a-1#582,NA,NA,p.Ser66Ter,-1.01460899224776,0.125704013757996,-0.02252428,0.01758563
urn:mavedb:00001062-a-1#583,NA,NA,p.Ser66Ala,-0.101952060143853,0.0284695774017484,0.1051538,0.003982812
urn:mavedb:00001062-a-1#584,NA,NA,p.Ser66Cys,-0.0840324637409987,0.0330894936767964,0.1076607,0.004629125
urn:mavedb:00001062-a-1#585,NA,NA,p.Ser66Asp,-0.269750434612223,0.0490061253868235,0.08167929,0.006855816
urn:mavedb:00001062-a-1#586,NA,NA,p.Ser66Glu,-0.103075743000978,0.0900838390358904,0.1049966,0.01260247
urn:mavedb:00001062-a-1#587,NA,NA,p.Ser66Phe,-0.308421279625448,0.0304920492861597,0.07626935,0.00426575
urn:mavedb:00001062-a-1#588,NA,NA,p.Ser66Gly,-0.13484980577585,0.0477616895112154,0.1005515,0.006681723
urn:mavedb:00001062-a-1#589,NA,NA,p.Ser66His,-0.20308780615104,0.0295348602019867,0.0910052,0.004131842
urn:mavedb:00001062-a-1#590,NA,NA,p.Ser66Ile,-0.26103345769996,0.0334499514085794,0.08289877,0.004679552
urn:mavedb:00001062-a-1#591,NA,NA,p.Ser66Lys,-0.139009791223442,0.0380313036313742,0.09996953,0.00532047
urn:mavedb:00001062-a-1#592,NA,NA,p.Ser66Leu,-0.126782449080226,0.0189740426686684,0.1016801,0.002654414
urn:mavedb:00001062-a-1#593,NA,NA,p.Ser66Met,-0.14570571157703,0.0344262616864089,0.09903279,0.004816135
urn:mavedb:00001062-a-1#594,NA,NA,p.Ser66Asn,-0.139514662217073,0.0289937911804391,0.0998989,0.004056148
urn:mavedb:00001062-a-1#595,NA,NA,p.Ser66Pro,-0.954988467096722,0.0631300111644897,-0.01418354,0.008831707
urn:mavedb:00001062-a-1#596,NA,NA,p.Ser66Gln,-0.0095320043891681,0.0302673698996128,0.1180831,0.004234318
urn:mavedb:00001062-a-1#597,NA,NA,p.Ser66Arg,0.0109373227715532,0.0225047800124898,0.1209467,0.003148354
urn:mavedb:00001062-a-1#598,NA,NA,p.Ser67Ter,-0.804196303563753,0.137223407108784,0.00691185,0.01919716
urn:mavedb:00001062-a-1#599,NA,NA,p.Ser67Ala,-0.0108029383077238,0.0272477009606002,0.1179053,0.003811875
urn:mavedb:00001062-a-1#600,NA,NA,p.Ser67Cys,-0.107076540043811,0.0353658378280886,0.1044369,0.004947579
urn:mavedb:00001062-a-1#601,NA,NA,p.Ser67Asp,-0.0368377837417158,0.0371574257666655,0.1142631,0.005198217
urn:mavedb:00001062-a-1#602,NA,NA,p.Ser67Glu,-0.0317804960736719,0.0452080701816286,0.1149706,0.006324479
urn:mavedb:00001062-a-1#603,NA,NA,p.Ser67Phe,-0.0312172250231535,0.0215964839991993,0.1150494,0.003021286
urn:mavedb:00001062-a-1#604,NA,NA,p.Ser67Gly,0.039083005023034,0.0479368324969997,0.1248842,0.006706225
urn:mavedb:00001062-a-1#605,NA,NA,p.Ser67His,-0.009246079998042,0.0202353266390237,0.1181231,0.002830864
urn:mavedb:00001062-a-1#606,NA,NA,p.Ser67Ile,-0.182379732123728,0.0269430413737455,0.0939022,0.003769254
urn:mavedb:00001062-a-1#607,NA,NA,p.Ser67Lys,-0.0211183755285777,0.0311947585141207,0.1164622,0.004364057
urn:mavedb:00001062-a-1#608,NA,NA,p.Ser67Leu,-0.0483083555027192,0.017274558124583,0.1126584,0.002416661
urn:mavedb:00001062-a-1#609,NA,NA,p.Ser67Met,0.074847142676071,0.0275768142310059,0.1298875,0.003857917
urn:mavedb:00001062-a-1#610,NA,NA,p.Ser67Asn,0.0102739781841405,0.0214058224670866,0.1208539,0.002994613
urn:mavedb:00001062-a-1#611,NA,NA,p.Ser67Pro,-0.740393490862614,0.0483829317320347,0.01583768,0.006768633
urn:mavedb:00001062-a-1#612,NA,NA,p.Ser67Gln,-0.103542514569492,0.0339280813235303,0.1049313,0.004746441
urn:mavedb:00001062-a-1#613,NA,NA,p.Ser67Arg,-0.0749079016091853,0.0282112018257073,0.1089372,0.003946666
urn:mavedb:00001062-a-1#614,NA,NA,p.Ala68Ter,-1.1475516823348,0.165108826683242,-0.04112258,0.02309825
urn:mavedb:00001062-a-1#615,NA,NA,p.Thr69Ter,-0.899376380317869,0.09535585592167,-0.006403569,0.01334001
urn:mavedb:00001062-a-1#616,NA,NA,p.Thr69Ala,-0.405882110914589,0.0455016359021076,0.06263486,0.006365548
urn:mavedb:00001062-a-1#617,NA,NA,p.Thr69Cys,-0.239150377387315,0.0410864772316549,0.08596015,0.00574788
urn:mavedb:00001062-a-1#618,NA,NA,p.Thr69Asp,-0.67048433390239,0.0917967405820294,0.02561777,0.0128421
urn:mavedb:00001062-a-1#619,NA,NA,p.Thr69Glu,-0.53730968765305,0.0820117645878124,0.04424852,0.01147321
urn:mavedb:00001062-a-1#620,NA,NA,p.Thr69Phe,-0.383834481114851,0.0394512827869142,0.06571926,0.005519121
urn:mavedb:00001062-a-1#621,NA,NA,p.Thr69Gly,-0.439763650895354,0.0594822521154902,0.05789493,0.008321396
urn:mavedb:00001062-a-1#622,NA,NA,p.Thr69His,-0.641968308083303,0.0582760085904268,0.02960708,0.008152646
urn:mavedb:00001062-a-1#623,NA,NA,p.Thr69Ile,-0.936646488887077,0.0882334078576197,-0.01161755,0.0123436
urn:mavedb:00001062-a-1#624,NA,NA,p.Thr69Lys,-0.359442485751172,0.0452496006994397,0.06913163,0.006330289
urn:mavedb:00001062-a-1#625,NA,NA,p.Thr69Leu,-0.3614876314398,0.0250921241240099,0.06884552,0.003510316
urn:mavedb:00001062-a-1#626,NA,NA,p.Thr69Met,-0.465992996396409,0.0447394901413413,0.05422552,0.006258926
urn:mavedb:00001062-a-1#627,NA,NA,p.Thr69Asn,-0.271695721207249,0.0385694347798029,0.08140715,0.005395753
urn:mavedb:00001062-a-1#628,NA,NA,p.Thr69Pro,-0.803579571800204,0.0587083048254802,0.006998129,0.008213123
urn:mavedb:00001062-a-1#629,NA,NA,p.Thr69Gln,-0.741997884102321,0.0623150480205726,0.01561323,0.008717696
urn:mavedb:00001062-a-1#630,NA,NA,p.Thr69Arg,-0.268242040486837,0.0279654069228757,0.08189031,0.00391228
urn:mavedb:00001062-a-1#631,NA,NA,p.Thr69Ser,0.0180561252996166,0.016944808672407,0.1219426,0.00237053
urn:mavedb:00001062-a-1#632,NA,NA,p.His70Ter,-0.885629678848866,0.0825207814851147,-0.004480445,0.01154442
urn:mavedb:00001062-a-1#633,NA,NA,p.His70Ala,-0.107806362052161,0.0305131433581151,0.1043348,0.004268701
urn:mavedb:00001062-a-1#634,NA,NA,p.His70Cys,-0.0431581424075594,0.0266362730945062,0.1133789,0.003726338
urn:mavedb:00001062-a-1#635,NA,NA,p.His70Asp,-0.622327232402576,0.0721483023482313,0.03235481,0.01009334
urn:mavedb:00001062-a-1#636,NA,NA,p.His70Glu,-0.0509252784925014,0.0337755335127547,0.1122923,0.0047251
urn:mavedb:00001062-a-1#637,NA,NA,p.His70Phe,0.0256931657865961,0.0282305088702181,0.123011,0.003949367
urn:mavedb:00001062-a-1#638,NA,NA,p.His70Gly,-0.273460589511476,0.0378381188165098,0.08116025,0.005293444
urn:mavedb:00001062-a-1#639,NA,NA,p.Asp71Ter,-0.903475649721005,0.103270386030237,-0.006977045,0.01444723
urn:mavedb:00001062-a-1#640,NA,NA,p.Asp71Ala,0.0488408896811918,0.023913250711287,0.1262493,0.003345395
urn:mavedb:00001062-a-1#641,NA,NA,p.Asp71Cys,-0.223792520566756,0.0326936456535018,0.08810867,0.004573747
urn:mavedb:00001062-a-1#642,NA,NA,p.Glu72Ter,-1.06213448676758,0.119622330477644,-0.02917296,0.01673482
urn:mavedb:00001062-a-1#643,NA,NA,p.Glu72Ala,-0.190171100300818,0.0306488001854849,0.09281221,0.004287679
urn:mavedb:00001062-a-1#644,NA,NA,p.Glu72Cys,-0.55776779228142,0.0571248555474236,0.04138649,0.007991603
urn:mavedb:00001062-a-1#645,NA,NA,p.Glu72Asp,-0.18598359463058,0.0424780855394854,0.09339803,0.005942562
urn:mavedb:00001062-a-1#646,NA,NA,p.Ala73Ter,NA,NA,NA,NA
urn:mavedb:00001062-a-1#647,NA,NA,p.Val74Ter,NA,NA,NA,NA
urn:mavedb:00001062-a-1#648,NA,NA,p.Val74Ala,-0.103649021405186,0.237626686307004,0.1049164,0.03324329
urn:mavedb:00001062-a-1#649,NA,NA,p.Val74Cys,NA,NA,NA,NA
urn:mavedb:00001062-a-1#650,NA,NA,p.Val74Asp,-0.192859647350577,1.00621368027551,0.09243609,0.1407664
urn:mavedb:00001062-a-1#651,NA,NA,p.Val74Glu,NA,NA,NA,NA
urn:mavedb:00001062-a-1#652,NA,NA,p.Val74Phe,-0.475235645301758,0.451993995244677,0.0529325,0.06323266
urn:mavedb:00001062-a-1#653,NA,NA,p.Val74Gly,-0.500028935548382,0.599583519672642,0.04946399,0.08388001
urn:mavedb:00001062-a-1#654,NA,NA,p.Val74His,NA,NA,NA,NA
urn:mavedb:00001062-a-1#655,NA,NA,p.Val74Ile,0.0113740722789984,0.0960834620159883,0.1210078,0.0134418
urn:mavedb:00001062-a-1#656,NA,NA,p.Val74Lys,NA,NA,NA,NA
urn:mavedb:00001062-a-1#657,NA,NA,p.Val74Leu,NA,NA,NA,NA
urn:mavedb:00001062-a-1#658,NA,NA,p.Val74Met,NA,NA,NA,NA
urn:mavedb:00001062-a-1#659,NA,NA,p.Val74Asn,NA,NA,NA,NA
urn:mavedb:00001062-a-1#660,NA,NA,p.Val74Pro,NA,NA,NA,NA
urn:mavedb:00001062-a-1#661,NA,NA,p.Val74Gln,NA,NA,NA,NA
urn:mavedb:00001062-a-1#662,NA,NA,p.Val74Arg,NA,NA,NA,NA
urn:mavedb:00001062-a-1#663,NA,NA,p.Val74Ser,NA,NA,NA,NA
urn:mavedb:00001062-a-1#664,NA,NA,p.Val74Thr,NA,NA,NA,NA
urn:mavedb:00001062-a-1#665,NA,NA,p.Gln75Ter,NA,NA,NA,NA
urn:mavedb:00001062-a-1#666,NA,NA,p.Gln75Ala,NA,NA,NA,NA
urn:mavedb:00001062-a-1#667,NA,NA,p.Gln75Cys,NA,NA,NA,NA
urn:mavedb:00001062-a-1#668,NA,NA,p.Gln75Asp,NA,NA,NA,NA
urn:mavedb:00001062-a-1#669,NA,NA,p.Gln75Glu,NA,NA,NA,NA
urn:mavedb:00001062-a-1#670,NA,NA,p.Gln75Phe,NA,NA,NA,NA
urn:mavedb:00001062-a-1#671,NA,NA,p.Gln75Gly,NA,NA,NA,NA
urn:mavedb:00001062-a-1#672,NA,NA,p.Gln75His,NA,NA,NA,NA
urn:mavedb:00001062-a-1#673,NA,NA,p.Gln75Ile,NA,NA,NA,NA
urn:mavedb:00001062-a-1#674,NA,NA,p.Gln75Lys,NA,NA,NA,NA
urn:mavedb:00001062-a-1#675,NA,NA,p.Gln75Leu,NA,NA,NA,NA
urn:mavedb:00001062-a-1#676,NA,NA,p.Gln75Met,NA,NA,NA,NA
urn:mavedb:00001062-a-1#677,NA,NA,p.Gln75Asn,NA,NA,NA,NA
urn:mavedb:00001062-a-1#678,NA,NA,p.Gln75Pro,NA,NA,NA,NA
urn:mavedb:00001062-a-1#679,NA,NA,p.Val76Ter,NA,NA,NA,NA
urn:mavedb:00001062-a-1#680,NA,NA,p.Val76Ala,0.051988202416513,0.286261495983291,0.1266896,0.04004716
urn:mavedb:00001062-a-1#681,NA,NA,p.Val76Cys,NA,NA,NA,NA
urn:mavedb:00001062-a-1#682,NA,NA,p.Val76Asp,-0.278011004715151,0.605732037779419,0.08052366,0.08474017
urn:mavedb:00001062-a-1#683,NA,NA,p.Val76Glu,NA,NA,NA,NA
urn:mavedb:00001062-a-1#684,NA,NA,p.Val76Phe,-0.212504225605095,0.32944672972691,0.08968787,0.04608865
urn:mavedb:00001062-a-1#685,NA,NA,p.Val76Gly,-0.188599874290482,0.686970090964844,0.09303202,0.09610514
urn:mavedb:00001062-a-1#686,NA,NA,p.Val76His,NA,NA,NA,NA
urn:mavedb:00001062-a-1#687,NA,NA,p.Val76Ile,0.201453033444776,0.0993631577444008,0.1475993,0.01390062
urn:mavedb:00001062-a-1#688,NA,NA,p.Val76Lys,NA,NA,NA,NA
urn:mavedb:00001062-a-1#689,NA,NA,p.Val76Leu,NA,NA,NA,NA
urn:mavedb:00001062-a-1#690,NA,NA,p.Val76Met,NA,NA,NA,NA
urn:mavedb:00001062-a-1#691,NA,NA,p.Val76Asn,NA,NA,NA,NA
urn:mavedb:00001062-a-1#692,NA,NA,p.Val76Pro,NA,NA,NA,NA
urn:mavedb:00001062-a-1#693,NA,NA,p.Val76Gln,NA,NA,NA,NA
urn:mavedb:00001062-a-1#694,NA,NA,p.Val76Arg,NA,NA,NA,NA
urn:mavedb:00001062-a-1#695,NA,NA,p.Val76Ser,NA,NA,NA,NA
urn:mavedb:00001062-a-1#696,NA,NA,p.Val76Thr,NA,NA,NA,NA
urn:mavedb:00001062-a-1#697,NA,NA,p.Leu77Ter,NA,NA,NA,NA
urn:mavedb:00001062-a-1#698,NA,NA,p.Leu77Ala,NA,NA,NA,NA
urn:mavedb:00001062-a-1#699,NA,NA,p.Leu77Cys,NA,NA,NA,NA
urn:mavedb:00001062-a-1#700,NA,NA,p.Leu77Asp,NA,NA,NA,NA
urn:mavedb:00001062-a-1#701,NA,NA,p.Leu77Glu,NA,NA,NA,NA
urn:mavedb:00001062-a-1#702,NA,NA,p.Leu77Phe,-0.372575493403281,0.26781115242941,0.06729436,0.03746601
urn:mavedb:00001062-a-1#703,NA,NA,p.Leu77Gly,NA,NA,NA,NA
urn:mavedb:00001062-a-1#704,NA,NA,p.Leu77His,NA,NA,NA,NA
urn:mavedb:00001062-a-1#705,NA,NA,p.Leu77Ile,NA,NA,NA,NA
urn:mavedb:00001062-a-1#706,NA,NA,p.Leu77Lys,NA,NA,NA,NA
urn:mavedb:00001062-a-1#707,NA,NA,p.Lys78Ter,NA,NA,NA,NA
urn:mavedb:00001062-a-1#708,NA,NA,p.Lys78Ala,NA,NA,NA,NA
urn:mavedb:00001062-a-1#709,NA,NA,p.Lys78Cys,NA,NA,NA,NA
urn:mavedb:00001062-a-1#710,NA,NA,p.Lys78Asp,NA,NA,NA,NA
urn:mavedb:00001062-a-1#711,NA,NA,p.Lys78Glu,NA,NA,NA,NA
urn:mavedb:00001062-a-1#712,NA,NA,p.Lys78Phe,NA,NA,NA,NA
urn:mavedb:00001062-a-1#713,NA,NA,p.Lys78Gly,NA,NA,NA,NA
urn:mavedb:00001062-a-1#714,NA,NA,p.Lys78His,NA,NA,NA,NA
urn:mavedb:00001062-a-1#715,NA,NA,p.Lys78Ile,NA,NA,NA,NA
urn:mavedb:00001062-a-1#716,NA,NA,p.Lys79Ter,NA,NA,NA,NA
urn:mavedb:00001062-a-1#717,NA,NA,p.Lys79Ala,NA,NA,NA,NA
urn:mavedb:00001062-a-1#718,NA,NA,p.Lys79Cys,NA,NA,NA,NA
urn:mavedb:00001062-a-1#719,NA,NA,p.Lys79Asp,NA,NA,NA,NA
urn:mavedb:00001062-a-1#720,NA,NA,p.Lys79Glu,NA,NA,NA,NA
urn:mavedb:00001062-a-1#721,NA,NA,p.Lys79Phe,NA,NA,NA,NA
urn:mavedb:00001062-a-1#722,NA,NA,p.Lys79Gly,NA,NA,NA,NA
urn:mavedb:00001062-a-1#723,NA,NA,p.Lys79His,NA,NA,NA,NA
urn:mavedb:00001062-a-1#724,NA,NA,p.Lys79Ile,NA,NA,NA,NA
urn:mavedb:00001062-a-1#725,NA,NA,p.Thr80Ter,NA,NA,NA,NA
urn:mavedb:00001062-a-1#726,NA,NA,p.Thr80Ala,-0.0197023349815254,0.305227289733276,0.1166603,0.04270042
urn:mavedb:00001062-a-1#727,NA,NA,p.Thr80Cys,NA,NA,NA,NA
urn:mavedb:00001062-a-1#728,NA,NA,p.Thr80Asp,NA,NA,NA,NA
urn:mavedb:00001062-a-1#729,NA,NA,p.Thr80Glu,NA,NA,NA,NA
urn:mavedb:00001062-a-1#730,NA,NA,p.Thr80Phe,NA,NA,NA,NA
urn:mavedb:00001062-a-1#731,NA,NA,p.Thr80Gly,NA,NA,NA,NA
urn:mavedb:00001062-a-1#732,NA,NA,p.Thr80His,NA,NA,NA,NA
urn:mavedb:00001062-a-1#733,NA,NA,p.Thr80Ile,-0.0140960724825194,0.114577337558419,0.1174446,0.01602904
urn:mavedb:00001062-a-1#734,NA,NA,p.Thr80Lys,NA,NA,NA,NA
urn:mavedb:00001062-a-1#735,NA,NA,p.Thr80Leu,NA,NA,NA,NA
urn:mavedb:00001062-a-1#736,NA,NA,p.Thr80Met,NA,NA,NA,NA
urn:mavedb:00001062-a-1#737,NA,NA,p.Thr80Asn,-0.103778402192171,0.397425897047033,0.1048983,0.05559874
urn:mavedb:00001062-a-1#738,NA,NA,p.Thr80Pro,-0.108992233464356,0.247920107349741,0.1041689,0.03468331
urn:mavedb:00001062-a-1#739,NA,NA,p.Thr80Gln,NA,NA,NA,NA
urn:mavedb:00001062-a-1#740,NA,NA,p.Thr80Arg,NA,NA,NA,NA
urn:mavedb:00001062-a-1#741,NA,NA,p.Thr80Ser,0.165499470882618,0.551937436540868,0.1425695,0.07721446
urn:mavedb:00001062-a-1#742,NA,NA,p.Gly81Ter,NA,NA,NA,NA
urn:mavedb:00001062-a-1#743,NA,NA,p.Gly81Ala,NA,NA,NA,NA
urn:mavedb:00001062-a-1#744,NA,NA,p.Gly81Cys,-0.064218618246934,0.168166430640847,0.1104326,0.023526
urn:mavedb:00001062-a-1#745,NA,NA,p.Gly81Asp,-0.125247035099878,0.116747003319382,0.1018949,0.01633257
urn:mavedb:00001062-a-1#746,NA,NA,p.Gly81Glu,NA,NA,NA,NA
urn:mavedb:00001062-a-1#747,NA,NA,p.Gly81Phe,NA,NA,NA,NA
urn:mavedb:00001062-a-1#748,NA,NA,p.Lys82Ter,NA,NA,NA,NA
urn:mavedb:00001062-a-1#749,NA,NA,p.Lys82Ala,NA,NA,NA,NA
urn:mavedb:00001062-a-1#750,NA,NA,p.Lys82Cys,NA,NA,NA,NA
urn:mavedb:00001062-a-1#751,NA,NA,p.Lys82Asp,NA,NA,NA,NA
urn:mavedb:00001062-a-1#752,NA,NA,p.Lys82Glu,NA,NA,NA,NA
urn:mavedb:00001062-a-1#753,NA,NA,p.Lys82Phe,NA,NA,NA,NA
urn:mavedb:00001062-a-1#754,NA,NA,p.Lys82Gly,NA,NA,NA,NA
urn:mavedb:00001062-a-1#755,NA,NA,p.Lys82His,NA,NA,NA,NA
urn:mavedb:00001062-a-1#756,NA,NA,p.Lys82Ile,NA,NA,NA,NA
urn:mavedb:00001062-a-1#757,NA,NA,p.Glu83Ter,NA,NA,NA,NA
urn:mavedb:00001062-a-1#758,NA,NA,p.Glu83Ala,NA,NA,NA,NA
urn:mavedb:00001062-a-1#759,NA,NA,p.Glu83Cys,NA,NA,NA,NA
urn:mavedb:00001062-a-1#760,NA,NA,p.Glu83Asp,0.307500245680533,0.243977424439405,0.162435,0.03413174
urn:mavedb:00001062-a-1#761,NA,NA,p.Val84Ter,NA,NA,NA,NA
urn:mavedb:00001062-a-1#762,NA,NA,p.Val84Ala,-0.195102581236767,0.431024943729365,0.09212231,0.06029915
urn:mavedb:00001062-a-1#763,NA,NA,p.Val84Cys,NA,NA,NA,NA
urn:mavedb:00001062-a-1#764,NA,NA,p.Val84Asp,NA,NA,NA,NA
urn:mavedb:00001062-a-1#765,NA,NA,p.Val84Glu,NA,NA,NA,NA
urn:mavedb:00001062-a-1#766,NA,NA,p.Val84Phe,NA,NA,NA,NA
urn:mavedb:00001062-a-1#767,NA,NA,p.Val84Gly,-0.0033546079188875,0.736213133302154,0.1189473,0.1029941
urn:mavedb:00001062-a-1#768,NA,NA,p.Val84His,NA,NA,NA,NA
urn:mavedb:00001062-a-1#769,NA,NA,p.Val84Ile,0.0196801758412131,0.264299857944185,0.1221698,0.03697479
urn:mavedb:00001062-a-1#770,NA,NA,p.Val84Lys,NA,NA,NA,NA
urn:mavedb:00001062-a-1#771,NA,NA,p.Val84Leu,NA,NA,NA,NA
urn:mavedb:00001062-a-1#772,NA,NA,p.Val84Met,NA,NA,NA,NA
urn:mavedb:00001062-a-1#773,NA,NA,p.Val84Asn,NA,NA,NA,NA
urn:mavedb:00001062-a-1#774,NA,NA,p.Val84Pro,NA,NA,NA,NA
urn:mavedb:00001062-a-1#775,NA,NA,p.Val84Gln,NA,NA,NA,NA
urn:mavedb:00001062-a-1#776,NA,NA,p.Val84Arg,NA,NA,NA,NA
urn:mavedb:00001062-a-1#777,NA,NA,p.Val84Ser,NA,NA,NA,NA
urn:mavedb:00001062-a-1#778,NA,NA,p.Val84Thr,NA,NA,NA,NA
urn:mavedb:00001062-a-1#779,NA,NA,p.Val85Ter,NA,NA,NA,NA
urn:mavedb:00001062-a-1#780,NA,NA,p.Val85Ala,-0.14546632138056,0.319940530014041,0.09906628,0.04475876
urn:mavedb:00001062-a-1#781,NA,NA,p.Val85Cys,NA,NA,NA,NA
urn:mavedb:00001062-a-1#782,NA,NA,p.Val85Asp,0.367136210748693,0.495708403555172,0.1707779,0.06934818
urn:mavedb:00001062-a-1#783,NA,NA,p.Val85Glu,NA,NA,NA,NA
urn:mavedb:00001062-a-1#784,NA,NA,p.Val85Phe,-0.288492778450542,0.172843295906498,0.07905729,0.02418028
urn:mavedb:00001062-a-1#785,NA,NA,p.Val85Gly,NA,NA,NA,NA
urn:mavedb:00001062-a-1#786,NA,NA,p.Val85His,NA,NA,NA,NA
urn:mavedb:00001062-a-1#787,NA,NA,p.Val85Ile,0.0765962851387853,0.118895939561988,0.1301322,0.0166332
urn:mavedb:00001062-a-1#788,NA,NA,p.Val85Lys,NA,NA,NA,NA
urn:mavedb:00001062-a-1#789,NA,NA,p.Val85Leu,NA,NA,NA,NA
urn:mavedb:00001062-a-1#790,NA,NA,p.Val85Met,NA,NA,NA,NA
urn:mavedb:00001062-a-1#791,NA,NA,p.Val85Asn,NA,NA,NA,NA
urn:mavedb:00001062-a-1#792,NA,NA,p.Val85Pro,NA,NA,NA,NA
urn:mavedb:00001062-a-1#793,NA,NA,p.Val85Gln,NA,NA,NA,NA
urn:mavedb:00001062-a-1#794,NA,NA,p.Val85Arg,NA,NA,NA,NA
urn:mavedb:00001062-a-1#795,NA,NA,p.Val85Ser,NA,NA,NA,NA
urn:mavedb:00001062-a-1#796,NA,NA,p.Val85Thr,NA,NA,NA,NA
urn:mavedb:00001062-a-1#797,NA,NA,p.Leu86Ter,-0.192859647350577,1.41971253104531,0.09243609,0.1986137
urn:mavedb:00001062-a-1#798,NA,NA,p.Leu86Ala,NA,NA,NA,NA
urn:mavedb:00001062-a-1#799,NA,NA,p.Leu86Cys,NA,NA,NA,NA
urn:mavedb:00001062-a-1#800,NA,NA,p.Leu86Asp,NA,NA,NA,NA
urn:mavedb:00001062-a-1#801,NA,NA,p.Leu86Glu,NA,NA,NA,NA
urn:mavedb:00001062-a-1#802,NA,NA,p.Leu86Phe,-0.185268712171667,0.404876228906607,0.09349804,0.05664102
urn:mavedb:00001062-a-1#803,NA,NA,p.Leu86Gly,NA,NA,NA,NA
urn:mavedb:00001062-a-1#804,NA,NA,p.Leu86His,NA,NA,NA,NA
urn:mavedb:00001062-a-1#805,NA,NA,p.Leu86Ile,NA,NA,NA,NA
urn:mavedb:00001062-a-1#806,NA,NA,p.Leu86Lys,NA,NA,NA,NA
urn:mavedb:00001062-a-1#807,NA,NA,p.Glu87Ter,-0.758072910776922,0.113183813557168,0.01336438,0.01583409
urn:mavedb:00001062-a-1#808,NA,NA,p.Glu87Ala,-0.609447482279907,0.0503784981312411,0.03415665,0.007047807
urn:mavedb:00001062-a-1#809,NA,NA,p.Glu87Cys,-0.26449786058504,0.0462677560119106,0.08241411,0.006472726
urn:mavedb:00001062-a-1#810,NA,NA,p.Glu87Asp,-0.0604794420219818,0.0423749097229476,0.1109557,0.005928128
urn:mavedb:00001062-a-1#811,NA,NA,p.Val88Ter,-0.986074023937762,0.252821995111208,-0.01853232,0.03536907
urn:mavedb:00001062-a-1#812,NA,NA,p.Val88Ala,-0.84742758328613,0.062060039204237,0.0008639183,0.008682021
urn:mavedb:00001062-a-1#813,NA,NA,p.Val88Cys,-0.456744271597749,0.0486286122651099,0.05551939,0.006803003
urn:mavedb:00001062-a-1#814,NA,NA,p.Val88Asp,-0.870667777273248,0.124582117928314,-0.002387318,0.01742868
urn:mavedb:00001062-a-1#815,NA,NA,p.Val88Glu,-1.11163214477519,0.16354617840464,-0.03609754,0.02287964
urn:mavedb:00001062-a-1#816,NA,NA,p.Val88Phe,-0.915458876767188,0.0954367725243587,-0.008653464,0.01335133
urn:mavedb:00001062-a-1#817,NA,NA,p.Val88Gly,-0.86892264490012,0.0788368601487476,-0.002143179,0.01102905
urn:mavedb:00001062-a-1#818,NA,NA,p.Val88His,-0.984379778958144,0.0923582246051034,-0.0182953,0.01292065
urn:mavedb:00001062-a-1#819,NA,NA,p.Val88Ile,-0.482927440309638,0.0595595374784116,0.05185644,0.008332208
urn:mavedb:00001062-a-1#820,NA,NA,p.Val88Lys,-0.856779202980613,0.10058662821403,-0.0004443464,0.01407178
urn:mavedb:00001062-a-1#821,NA,NA,p.Val88Leu,-0.343317851194711,0.0225826443723032,0.07138742,0.003159247
urn:mavedb:00001062-a-1#822,NA,NA,p.Val88Met,-0.96747578599257,0.0799872054553459,-0.01593048,0.01118998
urn:mavedb:00001062-a-1#823,NA,NA,p.Val88Asn,-0.94338058014688,0.11689303920215,-0.01255963,0.016353
urn:mavedb:00001062-a-1#824,NA,NA,p.Val88Pro,-0.918184422433159,0.0565910633016301,-0.00903476,0.007916927
urn:mavedb:00001062-a-1#825,NA,NA,p.Val88Gln,-0.813201721001784,0.0655443352788296,0.005652018,0.009169464
urn:mavedb:00001062-a-1#826,NA,NA,p.Val88Arg,-0.925719387912507,0.0538158525689206,-0.01008888,0.007528683
urn:mavedb:00001062-a-1#827,NA,NA,p.Val88Ser,-0.791638468564944,0.0417920099629782,0.008668655,0.005846582
urn:mavedb:00001062-a-1#828,NA,NA,p.Val88Thr,-0.774579540319928,0.0470200159368537,0.01105515,0.006577965
urn:mavedb:00001062-a-1#829,NA,NA,p.Lys89Ter,-0.982004033192276,0.151770525318305,-0.01796294,0.02123226
urn:mavedb:00001062-a-1#830,NA,NA,p.Lys89Ala,-0.0026834004107189,0.0186044568006988,0.1190412,0.00260271
urn:mavedb:00001062-a-1#831,NA,NA,p.Lys89Cys,-0.0623265135886568,0.0311198248793163,0.1106973,0.004353574
urn:mavedb:00001062-a-1#832,NA,NA,p.Lys89Asp,-0.240074413538337,0.0475915287579464,0.08583088,0.006657918
urn:mavedb:00001062-a-1#833,NA,NA,p.Lys89Glu,0.036361004819513,0.0266836078774572,0.1245034,0.00373296
urn:mavedb:00001062-a-1#834,NA,NA,p.Lys89Phe,-0.195992663866342,0.0421189716523408,0.09199779,0.005892323
urn:mavedb:00001062-a-1#835,NA,NA,p.Lys89Gly,-0.135495994899795,0.0301050363265509,0.1004611,0.004211608
urn:mavedb:00001062-a-1#836,NA,NA,p.Lys89His,-0.0594579771346836,0.0265056842769691,0.1110986,0.003708069
urn:mavedb:00001062-a-1#837,NA,NA,p.Lys89Ile,-0.0663594771254912,0.0319153880532955,0.1101331,0.004464871
urn:mavedb:00001062-a-1#838,NA,NA,p.Tyr90Ter,-0.905769170780094,0.159546525059372,-0.007297902,0.0223201
urn:mavedb:00001062-a-1#839,NA,NA,p.Tyr90Ala,-0.0198788932930458,0.0183675184058823,0.1166356,0.002569563
urn:mavedb:00001062-a-1#840,NA,NA,p.Tyr90Cys,-0.0252349719498165,0.0293199022447381,0.1158863,0.00410177
urn:mavedb:00001062-a-1#841,NA,NA,p.Tyr90Asp,-0.107166606227016,0.0408874667073213,0.1044243,0.005720039
urn:mavedb:00001062-a-1#842,NA,NA,p.Tyr90Glu,-0.240978720906371,0.0451856465612545,0.08570437,0.006321342
urn:mavedb:00001062-a-1#843,NA,NA,p.Tyr90Phe,0.0298655174641046,0.0240100647101223,0.1235947,0.003358939
urn:mavedb:00001062-a-1#844,NA,NA,p.Tyr90Gly,-0.116215398395181,0.0219242677211863,0.1031584,0.003067142
urn:mavedb:00001062-a-1#845,NA,NA,p.Tyr90His,-0.0351829963280732,0.021831706847669,0.1144946,0.003054193
urn:mavedb:00001062-a-1#846,NA,NA,p.Tyr90Ile,-0.463642483458059,0.0632243805097809,0.05455435,0.008844909
urn:mavedb:00001062-a-1#847,NA,NA,p.Tyr90Lys,-0.132256471548336,0.0316739034606601,0.1009143,0.004431088
urn:mavedb:00001062-a-1#848,NA,NA,p.Tyr90Leu,-0.100047803698952,0.0150599593455545,0.1054202,0.002106845
urn:mavedb:00001062-a-1#849,NA,NA,p.Tyr90Met,-0.0032681157905718,0.0270554882886656,0.1189594,0.003784985
urn:mavedb:00001062-a-1#850,NA,NA,p.Tyr90Asn,-0.108871430409106,0.0384732140740792,0.1041858,0.005382292
urn:mavedb:00001062-a-1#851,NA,NA,p.Tyr90Pro,-0.331627832463518,0.0251370714382949,0.07302282,0.003516604
urn:mavedb:00001062-a-1#852,NA,NA,p.Tyr90Gln,0.0255187519080092,0.0199866653441711,0.1229866,0.002796077
urn:mavedb:00001062-a-1#853,NA,NA,p.Tyr90Arg,-0.0880018091008075,0.0150294583611311,0.1071054,0.002102578
urn:mavedb:00001062-a-1#854,NA,NA,p.Tyr90Ser,-0.0085041062030696,0.0148811851200029,0.1182269,0.002081835
urn:mavedb:00001062-a-1#855,NA,NA,p.Tyr90Thr,-0.0623300876435458,0.0191223587984554,0.1106968,0.002675163
urn:mavedb:00001062-a-1#856,NA,NA,p.Tyr90Val,-0.583744738026209,0.0413544598672379,0.03775239,0.00578537
urn:mavedb:00001062-a-1#857,NA,NA,p.Tyr90Trp,-0.178077713734844,0.0290747292274572,0.09450404,0.004067471
urn:mavedb:00001062-a-1#858,NA,NA,p.Met91Ter,-0.973100490614804,0.137295460055348,-0.01671736,0.01920724
urn:mavedb:00001062-a-1#859,NA,NA,p.Met91Ala,-0.0910576260309682,0.0210811696171824,0.1066779,0.002949195
urn:mavedb:00001062-a-1#860,NA,NA,p.Met91Cys,-0.0497644254645292,0.0377727493525886,0.1124547,0.005284299
urn:mavedb:00001062-a-1#861,NA,NA,p.Met91Asp,-0.0837808502768077,0.0547792533604908,0.1076959,0.00766346
urn:mavedb:00001062-a-1#862,NA,NA,p.Met91Glu,-0.210031265546245,0.0471521844866518,0.09003383,0.006596455
urn:mavedb:00001062-a-1#863,NA,NA,p.Met91Phe,-0.0544121264422848,0.0414851630545314,0.1118045,0.005803655
urn:mavedb:00001062-a-1#864,NA,NA,p.Met91Gly,-0.221954884504988,0.0378993423767597,0.08836575,0.005302009
urn:mavedb:00001062-a-1#865,NA,NA,p.Met91His,-0.141652590370621,0.0365847192112398,0.09959981,0.005118097
urn:mavedb:00001062-a-1#866,NA,NA,p.Met91Ile,-0.22225610585104,0.0511322091224692,0.08832361,0.007153249
urn:mavedb:00001062-a-1#867,NA,NA,p.Met91Lys,-0.366392092520787,0.0594040803869564,0.0681594,0.00831046
urn:mavedb:00001062-a-1#868,NA,NA,p.Met91Leu,-0.109562652624653,0.0196217400437767,0.1040891,0.002745025
urn:mavedb:00001062-a-1#869,NA,NA,p.Lys92Ter,-0.762853709558747,0.28341061536047,0.01269556,0.03964833
urn:mavedb:00001062-a-1#870,NA,NA,p.Lys92Ala,0.212025087806666,0.0205439248343661,0.1490783,0.002874036
urn:mavedb:00001062-a-1#871,NA,NA,p.Lys92Cys,-0.0446771157354171,0.040133762864203,0.1131664,0.005614598
urn:mavedb:00001062-a-1#872,NA,NA,p.Lys92Asp,-0.0711994622562791,0.0442802741248634,0.109456,0.006194683
urn:mavedb:00001062-a-1#873,NA,NA,p.Lys92Glu,0.0698541879960306,0.0353223487281983,0.129189,0.004941495
urn:mavedb:00001062-a-1#874,NA,NA,p.Lys92Phe,-0.0429629990106158,0.0323141739497089,0.1134062,0.00452066
urn:mavedb:00001062-a-1#875,NA,NA,p.Lys92Gly,0.0731101519999796,0.030696192153314,0.1296445,0.004294309
urn:mavedb:00001062-a-1#876,NA,NA,p.Lys92His,-0.0286560572896409,0.0328788102891951,0.1154077,0.004599651
urn:mavedb:00001062-a-1#877,NA,NA,p.Lys92Ile,0.050930996980324,0.0378209419087129,0.1265417,0.005291041
urn:mavedb:00001062-a-1#878,NA,NA,p.Asp93Ter,NA,NA,NA,NA
urn:mavedb:00001062-a-1#879,NA,NA,p.Asp93Ala,-0.125259901697479,0.0411150768188773,0.1018931,0.005751881
urn:mavedb:00001062-a-1#880,NA,NA,p.Asp93Cys,-0.294024200240171,0.0519714329509733,0.07828346,0.007270654
urn:mavedb:00001062-a-1#881,NA,NA,p.=,0.0,0.003963764115694,0.1194166,0.0005545192
urn:mavedb:00001062-a-1#882,NA,NA,p.Asp93Glu,0.0794505253732021,0.213280796251394,0.1305315,0.02983737
urn:mavedb:00001062-a-1#883,NA,NA,p.Asp93Phe,-0.145534585828941,0.0653008134749075,0.09905673,0.009135396
urn:mavedb:00001062-a-1#884,NA,NA,p.Asp93Gly,-0.208924237784903,0.0542670912948861,0.0901887,0.00759181
urn:mavedb:00001062-a-1#885,NA,NA,p.Asp93His,-0.080101003363014,0.041425083191846,0.1082107,0.00579525
urn:mavedb:00001062-a-1#886,NA,NA,p.Asp93Ile,-0.0856793882338853,0.0614773395913414,0.1074303,0.008600503
urn:mavedb:00001062-a-1#887,NA,NA,p.Asp93Lys,-0.547640493309927,0.378234866357939,0.04280327,0.05291397
urn:mavedb:00001062-a-1#888,NA,NA,p.Asp93Leu,-0.15954495247522,0.0357022922072365,0.09709672,0.004994648
urn:mavedb:00001062-a-1#889,NA,NA,p.Asp93Met,-0.101205082672035,0.060171630118715,0.1052583,0.008417838
urn:mavedb:00001062-a-1#890,NA,NA,p.Asp93Asn,-0.158677958240228,0.0804273145743868,0.09721801,0.01125155
urn:mavedb:00001062-a-1#891,NA,NA,p.Asp93Pro,-0.0405648081800452,0.027795818018389,0.1137417,0.003888555
urn:mavedb:00001062-a-1#892,NA,NA,p.Asp93Gln,-0.0476535886470403,0.0578993818343256,0.11275,0.008099957
urn:mavedb:00001062-a-1#893,NA,NA,p.Asp93Arg,-0.276975743975981,0.03744501566737,0.08066849,0.00523845
urn:mavedb:00001062-a-1#894,NA,NA,p.Asp93Ser,-0.0857279953803768,0.0301920788593195,0.1074235,0.004223785
urn:mavedb:00001062-a-1#895,NA,NA,p.Asp93Thr,-0.148430928429951,0.0391896905614729,0.09865154,0.005482525
urn:mavedb:00001062-a-1#896,NA,NA,p.Asp93Val,-0.270827082907008,0.0553757416771484,0.08152867,0.007746907
urn:mavedb:00001062-a-1#897,NA,NA,p.Asp93Trp,-0.181852130141003,0.0665485374810136,0.09397601,0.009309949
urn:mavedb:00001062-a-1#898,NA,NA,p.Asp93Tyr,-0.15518739327336,0.0693359929257731,0.09770633,0.009699906
urn:mavedb:00001062-a-1#899,NA,NA,p.Lys92Leu,0.157928193005598,0.0144254502329869,0.1415103,0.002018079
urn:mavedb:00001062-a-1#900,NA,NA,p.Lys92Met,0.110351089133183,0.0265444341800765,0.1348544,0.00371349
urn:mavedb:00001062-a-1#901,NA,NA,p.Lys92Asn,0.0645417128089067,0.0338211598974687,0.1284458,0.004731483
urn:mavedb:00001062-a-1#902,NA,NA,p.Lys92Pro,0.0721087018200603,0.0174219164076597,0.1295044,0.002437276
urn:mavedb:00001062-a-1#903,NA,NA,p.Lys92Gln,0.111664911710408,0.0229346458902186,0.1350382,0.003208491
urn:mavedb:00001062-a-1#904,NA,NA,p.Lys92Arg,-0.0512891172802094,0.0214745586907133,0.1122414,0.003004229
urn:mavedb:00001062-a-1#905,NA,NA,p.Lys92Ser,0.0286010168443491,0.017959868853344,0.1234178,0.002512534
urn:mavedb:00001062-a-1#906,NA,NA,p.Lys92Thr,0.0404125534417705,0.0215673697480729,0.1250702,0.003017213
urn:mavedb:00001062-a-1#907,NA,NA,p.Lys92Val,-0.0757370823434511,0.0306986939917364,0.1088212,0.004294659
urn:mavedb:00001062-a-1#908,NA,NA,p.Lys92Trp,-0.0516736855862741,0.036391484359607,0.1121876,0.005091064
urn:mavedb:00001062-a-1#909,NA,NA,p.Lys92Tyr,-0.064505257449038,0.043449885360045,0.1103925,0.006078514
urn:mavedb:00001062-a-1#910,NA,NA,p.Met91Asn,-0.150818897463539,0.0518961919474485,0.09831747,0.007260128
urn:mavedb:00001062-a-1#911,NA,NA,p.Met91Pro,-0.399302275863798,0.0316990004740912,0.06355536,0.004434599
urn:mavedb:00001062-a-1#912,NA,NA,p.Met91Gln,-0.0257010287073521,0.0283148422693808,0.1158211,0.003961165
urn:mavedb:00001062-a-1#913,NA,NA,p.Met91Arg,-0.360903988276414,0.0309621232813907,0.06892717,0.004331512
urn:mavedb:00001062-a-1#914,NA,NA,p.Met91Ser,-0.0431988866332949,0.0214957885767544,0.1133732,0.003007199
urn:mavedb:00001062-a-1#915,NA,NA,p.Met91Thr,-0.115033101037874,0.0249863606917323,0.1033238,0.00349552
urn:mavedb:00001062-a-1#916,NA,NA,p.Met91Val,-0.160005433707129,0.026942412340085,0.0970323,0.003769166
urn:mavedb:00001062-a-1#917,NA,NA,p.Met91Trp,-0.13207848361486,0.0347021072427479,0.1009392,0.004854725
urn:mavedb:00001062-a-1#918,NA,NA,p.Met91Tyr,0.16169024318184,0.0450310257986433,0.1420366,0.006299711
urn:mavedb:00001062-a-1#919,NA,NA,p.Lys89Leu,-0.0620019894047286,0.0170527451300571,0.1107427,0.00238563
urn:mavedb:00001062-a-1#920,NA,NA,p.Lys89Met,0.0131525219918031,0.0207726714953769,0.1212566,0.002906037
urn:mavedb:00001062-a-1#921,NA,NA,p.Lys89Asn,-0.232558819436488,0.034222075930596,0.08688229,0.00478757
urn:mavedb:00001062-a-1#922,NA,NA,p.Lys89Pro,-0.878266575372915,0.0587401710988712,-0.003450368,0.008217581
urn:mavedb:00001062-a-1#923,NA,NA,p.Lys89Gln,-0.0617782535686724,0.0218268532811296,0.110774,0.003053514
urn:mavedb:00001062-a-1#924,NA,NA,p.Lys89Arg,-0.0948225354511219,0.0160358192924681,0.1061512,0.002243365
urn:mavedb:00001062-a-1#925,NA,NA,p.Lys89Ser,-0.0460109530200206,0.0150424178841589,0.1129798,0.002104391
urn:mavedb:00001062-a-1#926,NA,NA,p.Lys89Thr,-0.0898803323505064,0.0172158935876337,0.1068426,0.002408454
urn:mavedb:00001062-a-1#927,NA,NA,p.Lys89Val,-0.0517637517694788,0.022334290446171,0.112175,0.003124503
urn:mavedb:00001062-a-1#928,NA,NA,p.Lys89Trp,-0.225385834236306,0.0316153747377966,0.08788577,0.0044229
urn:mavedb:00001062-a-1#929,NA,NA,p.Lys89Tyr,-0.0882662891625993,0.0338361566317832,0.1070684,0.004733581
urn:mavedb:00001062-a-1#930,NA,NA,p.Val88Trp,-0.874449256011868,0.0765300221611418,-0.002916336,0.01070633
urn:mavedb:00001062-a-1#931,NA,NA,p.Val88Tyr,-0.802605734768357,0.122433825015588,0.007134366,0.01712814
urn:mavedb:00001062-a-1#932,NA,NA,p.Glu87Phe,-0.54856803203474,0.0487916820934789,0.04267351,0.006825816
urn:mavedb:00001062-a-1#933,NA,NA,p.Glu87Gly,-0.721437632985221,0.11587872242463,0.01848955,0.0162111
urn:mavedb:00001062-a-1#934,NA,NA,p.Glu87His,-0.380588167059103,0.036225512398668,0.06617341,0.005067845
urn:mavedb:00001062-a-1#935,NA,NA,p.Glu87Ile,-0.109819269765689,0.0287380747012355,0.1040532,0.004020374
urn:mavedb:00001062-a-1#936,NA,NA,p.Glu87Lys,-0.633651768280812,0.0573287768231747,0.03077054,0.008020131
urn:mavedb:00001062-a-1#937,NA,NA,p.Glu87Leu,-0.429316688454582,0.0277729583633185,0.05935643,0.003885357
urn:mavedb:00001062-a-1#938,NA,NA,p.Glu87Met,-0.266513770504675,0.0449168990779253,0.08213209,0.006283745
urn:mavedb:00001062-a-1#939,NA,NA,p.Glu87Asn,-0.473097788629307,0.0462152031088216,0.05323158,0.006465374
urn:mavedb:00001062-a-1#940,NA,NA,p.Glu87Pro,-1.02755829347857,0.0738289659192708,-0.02433585,0.01032846
urn:mavedb:00001062-a-1#941,NA,NA,p.Glu87Gln,-0.20003163181539,0.0286740133414036,0.09143275,0.004011412
urn:mavedb:00001062-a-1#942,NA,NA,p.Glu87Arg,-0.816263906897757,0.0703807392066187,0.005223627,0.009846063
urn:mavedb:00001062-a-1#943,NA,NA,p.Glu87Ser,-0.487902596196331,0.030358808519895,0.05116043,0.00424711
urn:mavedb:00001062-a-1#944,NA,NA,p.Glu87Thr,-0.190913574463475,0.0215292989153944,0.09270834,0.003011887
urn:mavedb:00001062-a-1#945,NA,NA,p.Glu87Val,-0.136255124158235,0.0383406166376944,0.1003549,0.005363742
urn:mavedb:00001062-a-1#946,NA,NA,p.Glu87Trp,-0.4278532559397,0.053086001968132,0.05956116,0.007426579
urn:mavedb:00001062-a-1#947,NA,NA,p.Glu87Tyr,-0.243830530783463,0.0372369270436181,0.08530541,0.005209339
urn:mavedb:00001062-a-1#948,NA,NA,p.Leu86Met,0.0660177974780954,0.355945058598917,0.1286523,0.04979569
urn:mavedb:00001062-a-1#949,NA,NA,p.Leu86Asn,NA,NA,NA,NA
urn:mavedb:00001062-a-1#950,NA,NA,p.Leu86Pro,NA,NA,NA,NA
urn:mavedb:00001062-a-1#951,NA,NA,p.Leu86Gln,NA,NA,NA,NA
urn:mavedb:00001062-a-1#952,NA,NA,p.Leu86Arg,NA,NA,NA,NA
urn:mavedb:00001062-a-1#953,NA,NA,p.Leu86Ser,-0.134080669163721,0.246776266823041,0.1006591,0.03452329
urn:mavedb:00001062-a-1#954,NA,NA,p.Leu86Thr,NA,NA,NA,NA
urn:mavedb:00001062-a-1#955,NA,NA,p.Leu86Val,NA,NA,NA,NA
urn:mavedb:00001062-a-1#956,NA,NA,p.Leu86Trp,NA,NA,NA,NA
urn:mavedb:00001062-a-1#957,NA,NA,p.Leu86Tyr,NA,NA,NA,NA
urn:mavedb:00001062-a-1#958,NA,NA,p.Val85Trp,NA,NA,NA,NA
urn:mavedb:00001062-a-1#959,NA,NA,p.Val85Tyr,NA,NA,NA,NA
urn:mavedb:00001062-a-1#960,NA,NA,p.Val84Trp,NA,NA,NA,NA
urn:mavedb:00001062-a-1#961,NA,NA,p.Val84Tyr,NA,NA,NA,NA
urn:mavedb:00001062-a-1#962,NA,NA,p.Glu83Phe,NA,NA,NA,NA
urn:mavedb:00001062-a-1#963,NA,NA,p.Glu83Gly,NA,NA,NA,NA
urn:mavedb:00001062-a-1#964,NA,NA,p.Glu83His,NA,NA,NA,NA
urn:mavedb:00001062-a-1#965,NA,NA,p.Glu83Ile,NA,NA,NA,NA
urn:mavedb:00001062-a-1#966,NA,NA,p.Glu83Lys,NA,NA,NA,NA
urn:mavedb:00001062-a-1#967,NA,NA,p.Glu83Leu,NA,NA,NA,NA
urn:mavedb:00001062-a-1#968,NA,NA,p.Glu83Met,NA,NA,NA,NA
urn:mavedb:00001062-a-1#969,NA,NA,p.Glu83Asn,NA,NA,NA,NA
urn:mavedb:00001062-a-1#970,NA,NA,p.Glu83Pro,NA,NA,NA,NA
urn:mavedb:00001062-a-1#971,NA,NA,p.Glu83Gln,NA,NA,NA,NA
urn:mavedb:00001062-a-1#972,NA,NA,p.Glu83Arg,NA,NA,NA,NA
urn:mavedb:00001062-a-1#973,NA,NA,p.Glu83Ser,NA,NA,NA,NA
urn:mavedb:00001062-a-1#974,NA,NA,p.Glu83Thr,NA,NA,NA,NA
urn:mavedb:00001062-a-1#975,NA,NA,p.Glu83Val,NA,NA,NA,NA
urn:mavedb:00001062-a-1#976,NA,NA,p.Glu83Trp,NA,NA,NA,NA
urn:mavedb:00001062-a-1#977,NA,NA,p.Glu83Tyr,NA,NA,NA,NA
urn:mavedb:00001062-a-1#978,NA,NA,p.Lys82Leu,NA,NA,NA,NA
urn:mavedb:00001062-a-1#979,NA,NA,p.Lys82Met,NA,NA,NA,NA
urn:mavedb:00001062-a-1#980,NA,NA,p.Lys82Asn,NA,NA,NA,NA
urn:mavedb:00001062-a-1#981,NA,NA,p.Lys82Pro,NA,NA,NA,NA
urn:mavedb:00001062-a-1#982,NA,NA,p.Lys82Gln,NA,NA,NA,NA
urn:mavedb:00001062-a-1#983,NA,NA,p.Lys82Arg,NA,NA,NA,NA
urn:mavedb:00001062-a-1#984,NA,NA,p.Lys82Ser,NA,NA,NA,NA
urn:mavedb:00001062-a-1#985,NA,NA,p.Lys82Thr,NA,NA,NA,NA
urn:mavedb:00001062-a-1#986,NA,NA,p.Lys82Val,NA,NA,NA,NA
urn:mavedb:00001062-a-1#987,NA,NA,p.Lys82Trp,NA,NA,NA,NA
urn:mavedb:00001062-a-1#988,NA,NA,p.Lys82Tyr,NA,NA,NA,NA
urn:mavedb:00001062-a-1#989,NA,NA,p.Gly81His,NA,NA,NA,NA
urn:mavedb:00001062-a-1#990,NA,NA,p.Gly81Ile,NA,NA,NA,NA
urn:mavedb:00001062-a-1#991,NA,NA,p.Gly81Lys,NA,NA,NA,NA
urn:mavedb:00001062-a-1#992,NA,NA,p.Gly81Leu,NA,NA,NA,NA
urn:mavedb:00001062-a-1#993,NA,NA,p.Gly81Met,NA,NA,NA,NA
urn:mavedb:00001062-a-1#994,NA,NA,p.Gly81Asn,NA,NA,NA,NA
urn:mavedb:00001062-a-1#995,NA,NA,p.Gly81Pro,NA,NA,NA,NA
urn:mavedb:00001062-a-1#996,NA,NA,p.Gly81Gln,NA,NA,NA,NA
urn:mavedb:00001062-a-1#997,NA,NA,p.Gly81Arg,NA,NA,NA,NA
urn:mavedb:00001062-a-1#998,NA,NA,p.Gly81Ser,-0.0566823661078265,0.0959005418867653,0.1114869,0.01341621
urn:mavedb:00001062-a-1#999,NA,NA,p.Gly81Thr,NA,NA,NA,NA
urn:mavedb:00001062-a-1#1000,NA,NA,p.Gly81Val,-0.347354102862043,0.297559440893152,0.07082276,0.04162771
urn:mavedb:00001062-a-1#1001,NA,NA,p.Gly81Trp,NA,NA,NA,NA
urn:mavedb:00001062-a-1#1002,NA,NA,p.Gly81Tyr,NA,NA,NA,NA
urn:mavedb:00001062-a-1#1003,NA,NA,p.Thr80Val,NA,NA,NA,NA
urn:mavedb:00001062-a-1#1004,NA,NA,p.Thr80Trp,NA,NA,NA,NA
urn:mavedb:00001062-a-1#1005,NA,NA,p.Thr80Tyr,NA,NA,NA,NA
urn:mavedb:00001062-a-1#1006,NA,NA,p.Lys79Leu,NA,NA,NA,NA
urn:mavedb:00001062-a-1#1007,NA,NA,p.Lys79Met,NA,NA,NA,NA
urn:mavedb:00001062-a-1#1008,NA,NA,p.Lys79Asn,NA,NA,NA,NA
urn:mavedb:00001062-a-1#1009,NA,NA,p.Lys79Pro,NA,NA,NA,NA
urn:mavedb:00001062-a-1#1010,NA,NA,p.Lys79Gln,NA,NA,NA,NA
urn:mavedb:00001062-a-1#1011,NA,NA,p.Lys79Arg,NA,NA,NA,NA
urn:mavedb:00001062-a-1#1012,NA,NA,p.Lys79Ser,NA,NA,NA,NA
urn:mavedb:00001062-a-1#1013,NA,NA,p.Lys79Thr,NA,NA,NA,NA
urn:mavedb:00001062-a-1#1014,NA,NA,p.Lys79Val,NA,NA,NA,NA
urn:mavedb:00001062-a-1#1015,NA,NA,p.Lys79Trp,NA,NA,NA,NA
urn:mavedb:00001062-a-1#1016,NA,NA,p.Lys79Tyr,NA,NA,NA,NA
urn:mavedb:00001062-a-1#1017,NA,NA,p.Lys78Leu,NA,NA,NA,NA
urn:mavedb:00001062-a-1#1018,NA,NA,p.Lys78Met,NA,NA,NA,NA
urn:mavedb:00001062-a-1#1019,NA,NA,p.Lys78Asn,-0.188599874290482,0.686970090964844,0.09303202,0.09610514
urn:mavedb:00001062-a-1#1020,NA,NA,p.Lys78Pro,NA,NA,NA,NA
urn:mavedb:00001062-a-1#1021,NA,NA,p.Lys78Gln,NA,NA,NA,NA
urn:mavedb:00001062-a-1#1022,NA,NA,p.Lys78Arg,NA,NA,NA,NA
urn:mavedb:00001062-a-1#1023,NA,NA,p.Lys78Ser,NA,NA,NA,NA
urn:mavedb:00001062-a-1#1024,NA,NA,p.Lys78Thr,NA,NA,NA,NA
urn:mavedb:00001062-a-1#1025,NA,NA,p.Lys78Val,NA,NA,NA,NA
urn:mavedb:00001062-a-1#1026,NA,NA,p.Lys78Trp,NA,NA,NA,NA
urn:mavedb:00001062-a-1#1027,NA,NA,p.Lys78Tyr,NA,NA,NA,NA
urn:mavedb:00001062-a-1#1028,NA,NA,p.Leu77Met,NA,NA,NA,NA
urn:mavedb:00001062-a-1#1029,NA,NA,p.Leu77Asn,NA,NA,NA,NA
urn:mavedb:00001062-a-1#1030,NA,NA,p.Leu77Pro,NA,NA,NA,NA
urn:mavedb:00001062-a-1#1031,NA,NA,p.Leu77Gln,NA,NA,NA,NA
urn:mavedb:00001062-a-1#1032,NA,NA,p.Leu77Arg,NA,NA,NA,NA
urn:mavedb:00001062-a-1#1033,NA,NA,p.Leu77Ser,-0.456458990536503,0.239851821399845,0.0555593,0.03355458
urn:mavedb:00001062-a-1#1034,NA,NA,p.Leu77Thr,NA,NA,NA,NA
urn:mavedb:00001062-a-1#1035,NA,NA,p.Leu77Val,-0.808987123995487,0.450394748644011,0.006241628,0.06300893
urn:mavedb:00001062-a-1#1036,NA,NA,p.Leu77Trp,-0.433480819805845,0.655651434263938,0.05877388,0.09172375
urn:mavedb:00001062-a-1#1037,NA,NA,p.Leu77Tyr,NA,NA,NA,NA
urn:mavedb:00001062-a-1#1038,NA,NA,p.Val76Trp,NA,NA,NA,NA
urn:mavedb:00001062-a-1#1039,NA,NA,p.Val76Tyr,NA,NA,NA,NA
urn:mavedb:00001062-a-1#1040,NA,NA,p.Gln75Arg,NA,NA,NA,NA
urn:mavedb:00001062-a-1#1041,NA,NA,p.Gln75Ser,NA,NA,NA,NA
urn:mavedb:00001062-a-1#1042,NA,NA,p.Gln75Thr,NA,NA,NA,NA
urn:mavedb:00001062-a-1#1043,NA,NA,p.Gln75Val,NA,NA,NA,NA
urn:mavedb:00001062-a-1#1044,NA,NA,p.Gln75Trp,NA,NA,NA,NA
urn:mavedb:00001062-a-1#1045,NA,NA,p.Gln75Tyr,NA,NA,NA,NA
urn:mavedb:00001062-a-1#1046,NA,NA,p.Val74Trp,NA,NA,NA,NA
urn:mavedb:00001062-a-1#1047,NA,NA,p.Val74Tyr,NA,NA,NA,NA
urn:mavedb:00001062-a-1#1048,NA,NA,p.Ala73Cys,NA,NA,NA,NA
urn:mavedb:00001062-a-1#1049,NA,NA,p.Ala73Asp,NA,NA,NA,NA
urn:mavedb:00001062-a-1#1050,NA,NA,p.Ala73Glu,NA,NA,NA,NA
urn:mavedb:00001062-a-1#1051,NA,NA,p.Ala73Phe,NA,NA,NA,NA
urn:mavedb:00001062-a-1#1052,NA,NA,p.Ala73Gly,NA,NA,NA,NA
urn:mavedb:00001062-a-1#1053,NA,NA,p.Ala73His,NA,NA,NA,NA
urn:mavedb:00001062-a-1#1054,NA,NA,p.Ala73Ile,NA,NA,NA,NA
urn:mavedb:00001062-a-1#1055,NA,NA,p.Ala73Lys,NA,NA,NA,NA
urn:mavedb:00001062-a-1#1056,NA,NA,p.Ala73Leu,NA,NA,NA,NA
urn:mavedb:00001062-a-1#1057,NA,NA,p.Ala73Met,NA,NA,NA,NA
urn:mavedb:00001062-a-1#1058,NA,NA,p.Ala73Asn,NA,NA,NA,NA
urn:mavedb:00001062-a-1#1059,NA,NA,p.Ala73Pro,NA,NA,NA,NA
urn:mavedb:00001062-a-1#1060,NA,NA,p.Ala73Gln,NA,NA,NA,NA
urn:mavedb:00001062-a-1#1061,NA,NA,p.Ala73Arg,NA,NA,NA,NA
urn:mavedb:00001062-a-1#1062,NA,NA,p.Ala73Ser,NA,NA,NA,NA
urn:mavedb:00001062-a-1#1063,NA,NA,p.Ala73Thr,NA,NA,NA,NA
urn:mavedb:00001062-a-1#1064,NA,NA,p.Ala73Val,NA,NA,NA,NA
urn:mavedb:00001062-a-1#1065,NA,NA,p.Ala73Trp,NA,NA,NA,NA
urn:mavedb:00001062-a-1#1066,NA,NA,p.Ala73Tyr,NA,NA,NA,NA
urn:mavedb:00001062-a-1#1067,NA,NA,p.Glu72Phe,-0.2576618372798,0.032917703154498,0.08337045,0.004605092
urn:mavedb:00001062-a-1#1068,NA,NA,p.Glu72Gly,-0.463193510682893,0.0474103456193996,0.05461716,0.006632571
urn:mavedb:00001062-a-1#1069,NA,NA,p.Glu72His,-0.0773418329886467,0.0295746608772315,0.1085967,0.00413741
urn:mavedb:00001062-a-1#1070,NA,NA,p.Glu72Ile,-0.540261213661548,0.0492418628991973,0.04383561,0.006888795
urn:mavedb:00001062-a-1#1071,NA,NA,p.Glu72Lys,-0.0854585116417403,0.0308504269179973,0.1074612,0.004315886
urn:mavedb:00001062-a-1#1072,NA,NA,p.Glu72Leu,-0.447154367519378,0.0284351878456057,0.05686099,0.003978001
urn:mavedb:00001062-a-1#1073,NA,NA,p.Glu72Met,-0.137220833789264,0.0277404058713888,0.1002198,0.003880803
urn:mavedb:00001062-a-1#1074,NA,NA,p.Glu72Asn,-0.488004027874083,0.0452085776974229,0.05114624,0.00632455
urn:mavedb:00001062-a-1#1075,NA,NA,p.Glu72Pro,-0.899102872193427,0.0725898410892278,-0.006365306,0.01015511
urn:mavedb:00001062-a-1#1076,NA,NA,p.Glu72Gln,0.0109830706741333,0.027608323098908,0.1209531,0.003862325
urn:mavedb:00001062-a-1#1077,NA,NA,p.Glu72Arg,-0.167007507602515,0.0233279205939931,0.09605273,0.003263509
urn:mavedb:00001062-a-1#1078,NA,NA,p.Glu72Ser,-0.408154995380749,0.0313741045884546,0.06231689,0.004389147
urn:mavedb:00001062-a-1#1079,NA,NA,p.Glu72Thr,-0.22039080660443,0.0267046662088636,0.08858456,0.003735906
urn:mavedb:00001062-a-1#1080,NA,NA,p.Glu72Val,-0.290600970467413,0.0345725620492384,0.07876236,0.004836602
urn:mavedb:00001062-a-1#1081,NA,NA,p.Glu72Trp,-0.450290171797956,0.0503946171187908,0.0564223,0.007050062
urn:mavedb:00001062-a-1#1082,NA,NA,p.Glu72Tyr,-0.0462589924293225,0.0236308717826108,0.1129451,0.003305891
urn:mavedb:00001062-a-1#1083,NA,NA,p.Asp71Glu,0.0490124443158675,0.0336891557541955,0.1262733,0.004713016
urn:mavedb:00001062-a-1#1084,NA,NA,p.Asp71Phe,-0.0987146812253267,0.0259516557323938,0.1056067,0.003630562
urn:mavedb:00001062-a-1#1085,NA,NA,p.Asp71Gly,-0.0859989087409688,0.0293893818717817,0.1073856,0.00411149
urn:mavedb:00001062-a-1#1086,NA,NA,p.Asp71His,-0.0640642190757259,0.02386546559742,0.1104542,0.00333871
urn:mavedb:00001062-a-1#1087,NA,NA,p.Asp71Ile,-0.237537620859168,0.0372935186287318,0.08618577,0.005217256
urn:mavedb:00001062-a-1#1088,NA,NA,p.Asp71Lys,-0.069596856044017,0.0338335404236044,0.1096802,0.004733215
urn:mavedb:00001062-a-1#1089,NA,NA,p.Asp71Leu,-0.0760037068381763,0.016501318497441,0.1087839,0.002308487
urn:mavedb:00001062-a-1#1090,NA,NA,p.Asp71Met,-0.122115448206069,0.0314749143806559,0.102333,0.00440325
urn:mavedb:00001062-a-1#1091,NA,NA,p.Asp71Asn,-0.0195422173224948,0.0277468606145184,0.1166827,0.003881706
urn:mavedb:00001062-a-1#1092,NA,NA,p.Asp71Pro,-0.275504591502539,0.0283463725816122,0.0808743,0.003965576
urn:mavedb:00001062-a-1#1093,NA,NA,p.Asp71Gln,-0.0755011947207721,0.03115257037021,0.1088542,0.004358155
urn:mavedb:00001062-a-1#1094,NA,NA,p.Asp71Arg,-0.0803175910892922,0.0184049673530101,0.1081804,0.002574802
urn:mavedb:00001062-a-1#1095,NA,NA,p.Asp71Ser,0.0115763637857201,0.01647847313859,0.1210361,0.002305291
urn:mavedb:00001062-a-1#1096,NA,NA,p.Asp71Thr,-0.08876665684707,0.0222009067177107,0.1069984,0.003105843
urn:mavedb:00001062-a-1#1097,NA,NA,p.Asp71Val,-0.278081056190976,0.0333700641336987,0.08051386,0.004668376
urn:mavedb:00001062-a-1#1098,NA,NA,p.Asp71Trp,-0.0781374176069553,0.0336399410183729,0.1084854,0.004706131
urn:mavedb:00001062-a-1#1099,NA,NA,p.Asp71Tyr,-0.0192998964010153,0.023838495779227,0.1167166,0.003334937
urn:mavedb:00001062-a-1#1100,NA,NA,p.His70Ile,0.0294394901213266,0.0265889240153357,0.1235351,0.003719714
urn:mavedb:00001062-a-1#1101,NA,NA,p.His70Lys,-0.145309348889831,0.0315772753126791,0.09908824,0.00441757
urn:mavedb:00001062-a-1#1102,NA,NA,p.His70Leu,-0.247608378282315,0.0222520657393929,0.0847769,0.003113
urn:mavedb:00001062-a-1#1103,NA,NA,p.His70Met,-0.0835013591844819,0.0256865895256003,0.107735,0.00359348
urn:mavedb:00001062-a-1#1104,NA,NA,p.His70Asn,-0.033042852260494,0.0274519439012914,0.114794,0.003840448
urn:mavedb:00001062-a-1#1105,NA,NA,p.His70Pro,-0.546777787940801,0.0400165338638413,0.04292396,0.005598198
urn:mavedb:00001062-a-1#1106,NA,NA,p.His70Gln,-0.019421414267244,0.0245204183039531,0.1166996,0.003430336
urn:mavedb:00001062-a-1#1107,NA,NA,p.His70Arg,-0.0609555061332068,0.0186329062776158,0.1108891,0.00260669
urn:mavedb:00001062-a-1#1108,NA,NA,p.His70Ser,-0.0547609541994587,0.0178476864184856,0.1117557,0.00249684
urn:mavedb:00001062-a-1#1109,NA,NA,p.His70Thr,-0.0803947906748962,0.0194503641118455,0.1081696,0.00272105
urn:mavedb:00001062-a-1#1110,NA,NA,p.His70Val,-0.0448122150102242,0.0237375144323911,0.1131475,0.00332081
urn:mavedb:00001062-a-1#1111,NA,NA,p.His70Trp,-0.0801260217472376,0.0292297788766551,0.1082072,0.004089162
urn:mavedb:00001062-a-1#1112,NA,NA,p.His70Tyr,0.0267639526313636,0.0245796618377945,0.1231608,0.003438624
urn:mavedb:00001062-a-1#1113,NA,NA,p.Thr69Val,-0.813457080075499,0.0687737654992822,0.005616294,0.009621252
urn:mavedb:00001062-a-1#1114,NA,NA,p.Thr69Trp,-0.703264850534025,0.0735837142727823,0.02103187,0.01029415
urn:mavedb:00001062-a-1#1115,NA,NA,p.Thr69Tyr,-0.351872494533912,0.0385695062609007,0.07019065,0.005395763
urn:mavedb:00001062-a-1#1116,NA,NA,p.Ala68Cys,-0.0163591640382829,0.0296293439170344,0.117128,0.00414506
urn:mavedb:00001062-a-1#1117,NA,NA,p.Ala68Asp,-0.955611782269377,0.121642886668635,-0.01427074,0.01701749
urn:mavedb:00001062-a-1#1118,NA,NA,p.Ala68Glu,-0.817372850352521,0.145589769236428,0.005068489,0.02036759
urn:mavedb:00001062-a-1#1119,NA,NA,p.Ala68Phe,-0.222584490014248,0.0257906374115311,0.08827767,0.003608036
urn:mavedb:00001062-a-1#1120,NA,NA,p.Ala68Gly,-0.599519043722443,0.0661641478776933,0.03554561,0.009256174
urn:mavedb:00001062-a-1#1121,NA,NA,p.Ala68His,-0.106358869822084,0.0263902208597226,0.1045373,0.003691916
urn:mavedb:00001062-a-1#1122,NA,NA,p.Ala68Ile,-0.361197203739514,0.0316810515704383,0.06888615,0.004432088
urn:mavedb:00001062-a-1#1123,NA,NA,p.Ala68Lys,-0.136015662480667,0.045312582694695,0.1003884,0.0063391
urn:mavedb:00001062-a-1#1124,NA,NA,p.Ala68Leu,-0.0660971414966329,0.0189559293584906,0.1101698,0.00265188
urn:mavedb:00001062-a-1#1125,NA,NA,p.Ala68Met,0.0695925671781502,0.0332087527403351,0.1291524,0.004645809
urn:mavedb:00001062-a-1#1126,NA,NA,p.Ala68Asn,-0.70130276588102,0.0535563332953149,0.02130636,0.007492377
urn:mavedb:00001062-a-1#1127,NA,NA,p.Ala68Pro,-0.954053065451153,0.0751758842447683,-0.01405268,0.01051689
urn:mavedb:00001062-a-1#1128,NA,NA,p.Ala68Gln,-0.438891009653637,0.0500176544015301,0.05801701,0.006997326
urn:mavedb:00001062-a-1#1129,NA,NA,p.Ala68Arg,-0.418062418495465,0.0382480128755184,0.06093087,0.005350787
urn:mavedb:00001062-a-1#1130,NA,NA,p.Ala68Ser,-0.0639098199045178,0.0186251720228359,0.1104758,0.002605608
urn:mavedb:00001062-a-1#1131,NA,NA,p.Ala68Thr,-0.25184949477589,0.0282729757904101,0.08418358,0.003955308
urn:mavedb:00001062-a-1#1132,NA,NA,p.Ala68Val,-0.0254837261700963,0.0261451765084177,0.1158515,0.003657635
urn:mavedb:00001062-a-1#1133,NA,NA,p.Ala68Trp,-0.956607585442571,0.144439495410928,-0.01441005,0.02020667
urn:mavedb:00001062-a-1#1134,NA,NA,p.Ala68Tyr,-0.0515493084761342,0.0223988235812482,0.112205,0.003133531
urn:mavedb:00001062-a-1#1135,NA,NA,p.Ser67Thr,0.0678291284958797,0.0183466530734399,0.1289057,0.002566644
urn:mavedb:00001062-a-1#1136,NA,NA,p.Ser67Val,-0.0645074018819715,0.0284516642386444,0.1103922,0.003980306
urn:mavedb:00001062-a-1#1137,NA,NA,p.Ser67Trp,-0.0959383553874918,0.0442243973507275,0.1059951,0.006186866
urn:mavedb:00001062-a-1#1138,NA,NA,p.Ser67Tyr,-0.0172097891018832,0.0200398901695792,0.117009,0.002803523
urn:mavedb:00001062-a-1#1139,NA,NA,p.Ser66Thr,0.0693831275616502,0.0185776156484818,0.1291231,0.002598955
urn:mavedb:00001062-a-1#1140,NA,NA,p.Ser66Val,-0.155471459155944,0.0285665986957673,0.09766659,0.003996385
urn:mavedb:00001062-a-1#1141,NA,NA,p.Ser66Trp,-0.336045292825319,0.050260733022646,0.07240483,0.007031332
urn:mavedb:00001062-a-1#1142,NA,NA,p.Ser66Tyr,-0.310057696396961,0.0340364609639867,0.07604042,0.004761603
urn:mavedb:00001062-a-1#1143,NA,NA,p.Leu65Met,-0.0560254548192141,0.030090211146871,0.1115788,0.004209534
urn:mavedb:00001062-a-1#1144,NA,NA,p.Leu65Asn,-0.908949078896004,0.0783334187770722,-0.007742762,0.01095862
urn:mavedb:00001062-a-1#1145,NA,NA,p.Leu65Pro,-0.887038678507787,0.0721934069209314,-0.00467756,0.01009965
urn:mavedb:00001062-a-1#1146,NA,NA,p.Leu65Gln,-0.855658454422551,0.0856146263592953,-0.0002875569,0.01197724
urn:mavedb:00001062-a-1#1147,NA,NA,p.Leu65Arg,-0.896992364188988,0.0748818110084951,-0.006070052,0.01047575
urn:mavedb:00001062-a-1#1148,NA,NA,p.Leu65Ser,-0.845373518900932,0.0561856368112328,0.001151276,0.007860209
urn:mavedb:00001062-a-1#1149,NA,NA,p.Leu65Thr,-0.119151841892046,0.0234429336803236,0.1027476,0.003279599
urn:mavedb:00001062-a-1#1150,NA,NA,p.Leu65Val,-0.041251026718748,0.0234136121340136,0.1136457,0.003275497
urn:mavedb:00001062-a-1#1151,NA,NA,p.Leu65Trp,-0.829093405808686,0.0890674493065347,0.003428817,0.01246028
urn:mavedb:00001062-a-1#1152,NA,NA,p.Leu65Tyr,-1.00403200569012,0.0903379543385038,-0.02104459,0.01263802
urn:mavedb:00001062-a-1#1153,NA,NA,p.Asp64Glu,-0.230322676254588,0.0578437195034831,0.08719512,0.00809217
urn:mavedb:00001062-a-1#1154,NA,NA,p.Asp64Phe,-0.773502749062947,0.060314463648302,0.01120579,0.00843782
urn:mavedb:00001062-a-1#1155,NA,NA,p.Asp64Gly,-0.434153957303654,0.0708562314690615,0.05867971,0.009912583
urn:mavedb:00001062-a-1#1156,NA,NA,p.Asp64His,-0.654534970997688,0.0487871716362089,0.02784904,0.006825185
urn:mavedb:00001062-a-1#1157,NA,NA,p.Asp64Ile,-0.612858202860553,0.0533218324059328,0.0336795,0.007459571
urn:mavedb:00001062-a-1#1158,NA,NA,p.Asp64Lys,-0.4744867378403,0.0559508142569107,0.05303727,0.007827358
urn:mavedb:00001062-a-1#1159,NA,NA,p.Asp64Leu,-0.584007859947142,0.0369056264516203,0.03771558,0.005162991
urn:mavedb:00001062-a-1#1160,NA,NA,p.Asp64Met,-0.521497354012796,0.0514744177299885,0.04646062,0.007201123
urn:mavedb:00001062-a-1#1161,NA,NA,p.Asp64Asn,-0.13107703343494,0.0282017162840317,0.1010793,0.003945339
urn:mavedb:00001062-a-1#1162,NA,NA,p.Asp64Pro,-0.18675916454151,0.024586087988485,0.09328953,0.003439523
urn:mavedb:00001062-a-1#1163,NA,NA,p.Asp64Gln,-0.352175074020821,0.0424356400636228,0.07014832,0.005936624
urn:mavedb:00001062-a-1#1164,NA,NA,p.Asp64Arg,-0.543338689364336,0.0442696806261721,0.04340508,0.006193201
urn:mavedb:00001062-a-1#1165,NA,NA,p.Asp64Ser,-0.0644151912658333,0.0185446914548436,0.1104051,0.002594349
urn:mavedb:00001062-a-1#1166,NA,NA,p.Asp64Thr,-0.293011670490095,0.0276446426446908,0.07842511,0.003867406
urn:mavedb:00001062-a-1#1167,NA,NA,p.Asp64Val,-0.444901283317304,0.0411017170017019,0.05717619,0.005750012
urn:mavedb:00001062-a-1#1168,NA,NA,p.Asp64Trp,-0.825906413915986,0.100000626174417,0.003874668,0.0139898
urn:mavedb:00001062-a-1#1169,NA,NA,p.Asp64Tyr,-0.768625093393628,0.0571277648281033,0.01188816,0.00799201
urn:mavedb:00001062-a-1#1170,NA,NA,p.Glu63Phe,-0.016098972842358,0.0244261704765282,0.1171644,0.003417151
urn:mavedb:00001062-a-1#1171,NA,NA,p.Glu63Gly,-0.375104351680596,0.048396713287687,0.06694058,0.006770561
urn:mavedb:00001062-a-1#1172,NA,NA,p.Glu63His,0.0215429732494,0.0200243501789215,0.1224304,0.002801349
urn:mavedb:00001062-a-1#1173,NA,NA,p.Glu63Ile,0.0609083286086711,0.0196186592084624,0.1279375,0.002744594
urn:mavedb:00001062-a-1#1174,NA,NA,p.Glu63Lys,0.0309606078821177,0.0273748872778829,0.1237479,0.003829668
urn:mavedb:00001062-a-1#1175,NA,NA,p.Glu63Leu,0.0044504131478785,0.0154299741001109,0.1200392,0.002158609
urn:mavedb:00001062-a-1#1176,NA,NA,p.Glu63Met,0.0481017751301307,0.0245109327622775,0.1261459,0.003429009
urn:mavedb:00001062-a-1#1177,NA,NA,p.Glu63Asn,0.0009013766430252,0.0226837829775543,0.1195427,0.003173396
urn:mavedb:00001062-a-1#1178,NA,NA,p.Glu63Pro,-0.932155831881147,0.0637803461921062,-0.01098932,0.008922687
urn:mavedb:00001062-a-1#1179,NA,NA,p.Glu63Gln,-0.0089487186312707,0.0247048895729979,0.1181647,0.003456143
urn:mavedb:00001062-a-1#1180,NA,NA,p.Glu63Arg,0.0527987980653555,0.0200421775647082,0.126803,0.002803843
urn:mavedb:00001062-a-1#1181,NA,NA,p.Glu63Ser,-0.0697476811603361,0.0185896459172384,0.1096591,0.002600638
urn:mavedb:00001062-a-1#1182,NA,NA,p.Glu63Thr,0.0114348312121127,0.0186681750512612,0.1210163,0.002611624
urn:mavedb:00001062-a-1#1183,NA,NA,p.Glu63Val,0.0055204851816682,0.0198294355214908,0.1201889,0.002774081
urn:mavedb:00001062-a-1#1184,NA,NA,p.Glu63Trp,-0.022023326226492,0.0349299889824754,0.1163356,0.004886605
urn:mavedb:00001062-a-1#1185,NA,NA,p.Glu63Tyr,-0.0815206179649554,0.0254669066677883,0.1080121,0.003562747
urn:mavedb:00001062-a-1#1186,NA,NA,p.Gly62His,-0.416958893307914,0.0367230351354471,0.06108525,0.005137447
urn:mavedb:00001062-a-1#1187,NA,NA,p.Gly62Ile,-1.01096845993775,0.0953178279776502,-0.02201498,0.01333469
urn:mavedb:00001062-a-1#1188,NA,NA,p.Gly62Lys,-0.576051441915275,0.0606000663744882,0.03882866,0.008477775
urn:mavedb:00001062-a-1#1189,NA,NA,p.Gly62Leu,-0.794781235102446,0.0491794741970535,0.008228991,0.006880067
urn:mavedb:00001062-a-1#1190,NA,NA,p.Gly62Met,-0.789746614090509,0.0705902145636675,0.00893332,0.009875368
urn:mavedb:00001062-a-1#1191,NA,NA,p.Gly62Asn,-0.221196184133135,0.0331273786586206,0.08847189,0.004634425
urn:mavedb:00001062-a-1#1192,NA,NA,p.Gly62Pro,-1.02729266971921,0.0805539790796557,-0.02429869,0.01126927
urn:mavedb:00001062-a-1#1193,NA,NA,p.Gly62Gln,-0.347891783679556,0.0388872254443201,0.07074754,0.005440211
urn:mavedb:00001062-a-1#1194,NA,NA,p.Gly62Arg,-0.513567812873694,0.0393492792603799,0.04756994,0.005504851
urn:mavedb:00001062-a-1#1195,NA,NA,p.Gly62Ser,-0.276687246265334,0.0235201332659276,0.08070885,0.003290399
urn:mavedb:00001062-a-1#1196,NA,NA,p.Gly62Thr,-0.545112206881394,0.0386360837553744,0.04315697,0.005405077
urn:mavedb:00001062-a-1#1197,NA,NA,p.Gly62Val,-0.767955029583024,0.0614322993516293,0.0119819,0.008594202
urn:mavedb:00001062-a-1#1198,NA,NA,p.Gly62Trp,-0.929781015369551,0.111115222068468,-0.01065709,0.0155447
urn:mavedb:00001062-a-1#1199,NA,NA,p.Gly62Tyr,-0.62976855764383,0.0532320449990094,0.03131379,0.00744701
urn:mavedb:00001062-a-1#1200,NA,NA,p.Asn61Pro,-0.967500018084718,0.0730471056717363,-0.01593387,0.01021908
urn:mavedb:00001062-a-1#1201,NA,NA,p.Asn61Gln,-0.624884111270222,0.0564565358756053,0.03199711,0.007898107
urn:mavedb:00001062-a-1#1202,NA,NA,p.Asn61Arg,-0.957755071505258,0.0689872866864654,-0.01457058,0.009651123
urn:mavedb:00001062-a-1#1203,NA,NA,p.Asn61Ser,-0.565851160742947,0.0334261767954572,0.04025565,0.004676226
urn:mavedb:00001062-a-1#1204,NA,NA,p.Asn61Thr,-0.913445082688047,0.068479785188436,-0.00837174,0.009580125
urn:mavedb:00001062-a-1#1205,NA,NA,p.Asn61Val,-0.930307759579103,0.0806807150660224,-0.01073078,0.011287
urn:mavedb:00001062-a-1#1206,NA,NA,p.Asn61Trp,-0.821084141801228,0.118317657480936,0.00454929,0.0165523
urn:mavedb:00001062-a-1#1207,NA,NA,p.Asn61Tyr,-0.882812665970174,0.0771462607051164,-0.004086353,0.01079254
urn:mavedb:00001062-a-1#1208,NA,NA,p.Val60Trp,-0.873062372604601,0.0974509668976469,-0.002722315,0.01363311
urn:mavedb:00001062-a-1#1209,NA,NA,p.Val60Tyr,-0.882284992506351,0.0802578328915468,-0.004012533,0.01122784
urn:mavedb:00001062-a-1#1210,NA,NA,p.Ser59Thr,-0.127675247991517,0.0235090108071128,0.1015552,0.003288843
urn:mavedb:00001062-a-1#1211,NA,NA,p.Ser59Val,-0.428797449760297,0.0417979929308625,0.05942907,0.005847419
urn:mavedb:00001062-a-1#1212,NA,NA,p.Ser59Trp,-0.751793081893521,0.0915029532701473,0.01424291,0.012801
urn:mavedb:00001062-a-1#1213,NA,NA,p.Ser59Tyr,-0.398917278671147,0.0403622236008226,0.06360922,0.005646559
urn:mavedb:00001062-a-1#1214,NA,NA,p.Leu58Met,-0.0355253907864468,0.0252168086028702,0.1144467,0.003527759
urn:mavedb:00001062-a-1#1215,NA,NA,p.Leu58Asn,-0.992020679424403,0.0968474519890774,-0.01936424,0.01354868
urn:mavedb:00001062-a-1#1216,NA,NA,p.Leu58Pro,-0.876722512179736,0.0700850719418649,-0.003234358,0.0098047
urn:mavedb:00001062-a-1#1217,NA,NA,p.Leu58Gln,-0.454918501398213,0.0418067565134506,0.05577481,0.005848645
urn:mavedb:00001062-a-1#1218,NA,NA,p.Leu58Arg,-0.931859328287549,0.0657320732340431,-0.01094784,0.009195728
urn:mavedb:00001062-a-1#1219,NA,NA,p.Leu58Ser,-0.705646171825519,0.0478724923608866,0.02069873,0.006697224
urn:mavedb:00001062-a-1#1220,NA,NA,p.Leu58Thr,-0.494007582314558,0.0361663760864734,0.05030636,0.005059572
urn:mavedb:00001062-a-1#1221,NA,NA,p.Leu58Val,-0.207887976310364,0.0295376265204709,0.09033367,0.004132229
urn:mavedb:00001062-a-1#1222,NA,NA,p.Leu58Trp,-0.762551415996229,0.0744213297765864,0.01273785,0.01041133
urn:mavedb:00001062-a-1#1223,NA,NA,p.Leu58Tyr,-0.25941498268399,0.0362087929698969,0.08312519,0.005065506
urn:mavedb:00001062-a-1#1224,NA,NA,p.Ile57Lys,-0.910316426519247,0.0818926055978106,-0.00793405,0.01145654
urn:mavedb:00001062-a-1#1225,NA,NA,p.Ile57Leu,-0.116439849042215,0.0178992242899861,0.103127,0.00250405
urn:mavedb:00001062-a-1#1226,NA,NA,p.Ile57Met,-0.834261389104754,0.0678030378951893,0.002705831,0.00948545
urn:mavedb:00001062-a-1#1227,NA,NA,p.Ile57Asn,-0.929664000812483,0.0839448993962163,-0.01064072,0.01174365
urn:mavedb:00001062-a-1#1228,NA,NA,p.Ile57Pro,-0.815324752494554,0.0649212131051386,0.005355012,0.009082291
urn:mavedb:00001062-a-1#1229,NA,NA,p.Ile57Gln,-0.708054155566486,0.0575944577674092,0.02036186,0.008057299
urn:mavedb:00001062-a-1#1230,NA,NA,p.Ile57Arg,-0.885512321182528,0.0635626505088125,-0.004464027,0.008892232
urn:mavedb:00001062-a-1#1231,NA,NA,p.Ile57Ser,-0.879017341342914,0.052419283472904,-0.003555398,0.007333307
urn:mavedb:00001062-a-1#1232,NA,NA,p.Ile57Thr,-0.86534513032591,0.0633853702382045,-0.001642695,0.008867431
urn:mavedb:00001062-a-1#1233,NA,NA,p.Ile57Val,-0.198540250191276,0.0277737017667354,0.09164139,0.003885461
urn:mavedb:00001062-a-1#1234,NA,NA,p.Ile57Trp,-0.843412249132441,0.0938342377931944,0.001425652,0.01312714
urn:mavedb:00001062-a-1#1235,NA,NA,p.Ile57Tyr,-0.891412099365245,0.0754959766006341,-0.005289389,0.01056167
urn:mavedb:00001062-a-1#1236,NA,NA,p.Ala56Cys,-0.0998748194423211,0.040131797134014,0.1054444,0.005614323
urn:mavedb:00001062-a-1#1237,NA,NA,p.Ala56Asp,-0.869120054247863,0.134949521907255,-0.002170796,0.01887905
urn:mavedb:00001062-a-1#1238,NA,NA,p.Ala56Glu,-0.24055955574898,0.0490690644934202,0.08576301,0.006864621
urn:mavedb:00001062-a-1#1239,NA,NA,p.Ala56Phe,-1.01260416189828,0.105246909864995,-0.02224381,0.01472374
urn:mavedb:00001062-a-1#1240,NA,NA,p.Ala56Gly,-0.320371703995859,0.0476470695709227,0.07459752,0.006665688
urn:mavedb:00001062-a-1#1241,NA,NA,p.Ala56His,-0.376547912450295,0.0464927856558366,0.06673863,0.006504207
urn:mavedb:00001062-a-1#1242,NA,NA,p.Ala56Ile,-0.137771953053159,0.031877188554641,0.1001427,0.004459527
urn:mavedb:00001062-a-1#1243,NA,NA,p.Ala56Lys,-0.540527409269686,0.0562706635770439,0.04379837,0.007872104
urn:mavedb:00001062-a-1#1244,NA,NA,p.Ala56Leu,-0.563991508503063,0.0326690061190965,0.04051581,0.0045703
urn:mavedb:00001062-a-1#1245,NA,NA,p.Ala56Met,-0.131763966784621,0.03295565961742,0.1009832,0.004610402
urn:mavedb:00001062-a-1#1246,NA,NA,p.Ala56Asn,-0.446600174568278,0.0436931569801249,0.05693852,0.006112547
urn:mavedb:00001062-a-1#1247,NA,NA,p.Ala56Pro,-1.00543096225481,0.0838466128867667,-0.0212403,0.0117299
urn:mavedb:00001062-a-1#1248,NA,NA,p.Ala56Gln,-0.0256038144143692,0.0287514702589597,0.1158347,0.004022248
urn:mavedb:00001062-a-1#1249,NA,NA,p.Ala56Arg,-0.244517678576437,0.0325695115790944,0.08520928,0.004556381
urn:mavedb:00001062-a-1#1250,NA,NA,p.Ala56Ser,-0.194460895421982,0.0245651225825057,0.09221208,0.00343659
urn:mavedb:00001062-a-1#1251,NA,NA,p.Ala56Thr,-0.31649935848574,0.0291675402848167,0.07513925,0.004080455
urn:mavedb:00001062-a-1#1252,NA,NA,p.Ala56Val,-0.104503935334654,0.02579099481702,0.1047968,0.003608086
urn:mavedb:00001062-a-1#1253,NA,NA,p.Ala56Trp,-0.437837306791239,0.0682394014047065,0.05816442,0.009546496
urn:mavedb:00001062-a-1#1254,NA,NA,p.Ala56Tyr,-0.731569435265874,0.0670794776310055,0.01707214,0.009384226
urn:mavedb:00001062-a-1#1255,NA,NA,p.Asp55Glu,-0.85600485110759,0.109658866182267,-0.0003360168,0.01534096
urn:mavedb:00001062-a-1#1256,NA,NA,p.Asp55Phe,-1.02833114710778,0.0914341884540815,-0.02444397,0.01279138
urn:mavedb:00001062-a-1#1257,NA,NA,p.Asp55Gly,-0.835821042325359,0.0813720087626676,0.00248764,0.01138371
urn:mavedb:00001062-a-1#1258,NA,NA,p.Asp55His,-0.891522251736926,0.0645326775981471,-0.005304799,0.009027936
urn:mavedb:00001062-a-1#1259,NA,NA,p.Asp55Ile,-0.906935156150887,0.0720272133685893,-0.00746102,0.0100764
urn:mavedb:00001062-a-1#1260,NA,NA,p.Asp55Lys,-0.799900182365436,0.0750237009875914,0.007512865,0.0104956
urn:mavedb:00001062-a-1#1261,NA,NA,p.Asp55Leu,-0.914439077389468,0.0582310827204711,-0.008510797,0.008146361
urn:mavedb:00001062-a-1#1262,NA,NA,p.Asp55Met,-0.92670782853263,0.0780289093005229,-0.01022716,0.01091602
urn:mavedb:00001062-a-1#1263,NA,NA,p.Asp55Asn,-0.926181870615153,0.0767569746465982,-0.01015358,0.01073808
urn:mavedb:00001062-a-1#1264,NA,NA,p.Asp55Pro,-0.985094518454861,0.0737733536251968,-0.01839529,0.01032068
urn:mavedb:00001062-a-1#1265,NA,NA,p.Asp55Gln,-0.842732027857842,0.076787782999742,0.001520813,0.01074239
urn:mavedb:00001062-a-1#1266,NA,NA,p.Asp55Arg,-0.90486066747162,0.074432266384547,-0.007170805,0.01041286
urn:mavedb:00001062-a-1#1267,NA,NA,p.Asp55Ser,-0.949440819097897,0.0581907030483343,-0.01340744,0.008140712
urn:mavedb:00001062-a-1#1268,NA,NA,p.Asp55Thr,-0.876219757026599,0.0601805295153888,-0.003164024,0.008419083
urn:mavedb:00001062-a-1#1269,NA,NA,p.Asp55Val,-0.901646691464508,0.0830149303140785,-0.006721179,0.01161355
urn:mavedb:00001062-a-1#1270,NA,NA,p.Asp55Trp,-0.8450027178543,0.0855745969445376,0.00120315,0.01197164
urn:mavedb:00001062-a-1#1271,NA,NA,p.Asp55Tyr,-0.857091097884185,0.0704017760936958,-0.0004879796,0.009849006
urn:mavedb:00001062-a-1#1272,NA,NA,p.Gly54His,-0.443910698264247,0.0416869041568003,0.05731477,0.005831878
urn:mavedb:00001062-a-1#1273,NA,NA,p.Gly54Ile,-0.825937565378399,0.0769528328545196,0.00387031,0.01076548
urn:mavedb:00001062-a-1#1274,NA,NA,p.Gly54Lys,-0.879586202215279,0.0771659180070064,-0.00363498,0.01079529
urn:mavedb:00001062-a-1#1275,NA,NA,p.Gly54Leu,-0.924873216121298,0.0569500628190184,-0.009970503,0.00796715
urn:mavedb:00001062-a-1#1276,NA,NA,p.Gly54Met,-0.861465479447598,0.0755669573307311,-0.001099943,0.0105716
urn:mavedb:00001062-a-1#1277,NA,NA,p.Gly54Asn,-0.0681393564602515,0.0282032960162927,0.1098841,0.00394556
urn:mavedb:00001062-a-1#1278,NA,NA,p.Gly54Pro,-0.950665218821797,0.0757619577654792,-0.01357873,0.01059888
urn:mavedb:00001062-a-1#1279,NA,NA,p.Gly54Gln,-0.77543688460672,0.0698338516237117,0.01093521,0.009769555
urn:mavedb:00001062-a-1#1280,NA,NA,p.Gly54Arg,-0.92031322959863,0.0573421938252283,-0.009332574,0.008022008
urn:mavedb:00001062-a-1#1281,NA,NA,p.Gly54Ser,-0.704503689439677,0.044906598651735,0.02085856,0.006282304
urn:mavedb:00001062-a-1#1282,NA,NA,p.Gly54Thr,-0.919123112209226,0.0740975918847338,-0.00916608,0.01036604
urn:mavedb:00001062-a-1#1283,NA,NA,p.Gly54Val,-0.900427366898551,0.0626052398332363,-0.006550599,0.008758293
urn:mavedb:00001062-a-1#1284,NA,NA,p.Gly54Trp,-0.644483942357528,0.0567254763578985,0.02925515,0.007935731
urn:mavedb:00001062-a-1#1285,NA,NA,p.Gly54Tyr,-0.800838950770711,0.0761422372056769,0.007381534,0.01065208
urn:mavedb:00001062-a-1#1286,NA,NA,p.Val53Trp,-0.949434028393607,0.131623577908578,-0.01340649,0.01841376
urn:mavedb:00001062-a-1#1287,NA,NA,p.Val53Tyr,-0.856741105699929,0.0756858303963418,-0.0004390167,0.01058823
urn:mavedb:00001062-a-1#1288,NA,NA,p.Phe52Gly,-0.509915772106938,0.0661766785141344,0.04808085,0.009257927
urn:mavedb:00001062-a-1#1289,NA,NA,p.Phe52His,0.0439408604282673,0.0197035358639682,0.1255638,0.002756468
urn:mavedb:00001062-a-1#1290,NA,NA,p.Phe52Ile,-0.312888133425817,0.0319091906421178,0.07564445,0.004464004
urn:mavedb:00001062-a-1#1291,NA,NA,p.Phe52Lys,-0.031838395762875,0.0335675592587593,0.1149625,0.004696005
urn:mavedb:00001062-a-1#1292,NA,NA,p.Phe52Leu,-0.0314316683164981,0.0167688722464373,0.1150194,0.002345917
urn:mavedb:00001062-a-1#1293,NA,NA,p.Phe52Met,-0.178767649290632,0.0342376588099123,0.09440752,0.00478975
urn:mavedb:00001062-a-1#1294,NA,NA,p.Phe52Asn,-0.0760916285884476,0.0232412068742743,0.1087716,0.003251378
urn:mavedb:00001062-a-1#1295,NA,NA,p.Phe52Pro,-0.891125924790277,0.0692013725743211,-0.005249354,0.009681073
urn:mavedb:00001062-a-1#1296,NA,NA,p.Phe52Gln,-0.0627196596264552,0.0342700540434269,0.1106423,0.004794282
urn:mavedb:00001062-a-1#1297,NA,NA,p.Phe52Arg,-0.0269033407720376,0.0238693398729198,0.1156529,0.003339252
urn:mavedb:00001062-a-1#1298,NA,NA,p.Phe52Ser,-0.122685152555388,0.0197594483786529,0.1022533,0.00276429
urn:mavedb:00001062-a-1#1299,NA,NA,p.Phe52Thr,-0.21811763621388,0.0245150286291804,0.08890257,0.003429582
urn:mavedb:00001062-a-1#1300,NA,NA,p.Phe52Val,-0.116566370585288,0.0298824942248277,0.1031093,0.004180475
urn:mavedb:00001062-a-1#1301,NA,NA,p.Phe52Trp,-0.262371012001648,0.0530490533886887,0.08271165,0.00742141
urn:mavedb:00001062-a-1#1302,NA,NA,p.Phe52Tyr,0.0095941929442381,0.0204920438535963,0.1207588,0.002866778
urn:mavedb:00001062-a-1#1303,NA,NA,p.Leu51Met,-0.427659470683615,0.0389860123214542,0.05958827,0.005454031
urn:mavedb:00001062-a-1#1304,NA,NA,p.Leu51Asn,-0.808314386791826,0.0941537583002779,0.006335742,0.01317184
urn:mavedb:00001062-a-1#1305,NA,NA,p.Leu51Pro,-0.768842395930884,0.0625409282895623,0.01185776,0.008749296
urn:mavedb:00001062-a-1#1306,NA,NA,p.Leu51Gln,-0.789810925634183,0.0652650157411385,0.008924323,0.009130388
urn:mavedb:00001062-a-1#1307,NA,NA,p.Leu51Arg,-0.857797167438553,0.0706630037655385,-0.0005867567,0.009885551
urn:mavedb:00001062-a-1#1308,NA,NA,p.Leu51Ser,-0.839855785741528,0.0595621179460416,0.001923191,0.008332569
urn:mavedb:00001062-a-1#1309,NA,NA,p.Leu51Thr,-0.921543540809316,0.0740629235523098,-0.009504691,0.01036119
urn:mavedb:00001062-a-1#1310,NA,NA,p.Leu51Val,-0.403900511921889,0.042454611146974,0.06291208,0.005939278
urn:mavedb:00001062-a-1#1311,NA,NA,p.Leu51Trp,-0.856036012577357,0.0910754963054137,-0.0003403762,0.0127412
urn:mavedb:00001062-a-1#1312,NA,NA,p.Leu51Tyr,-0.86778232839154,0.0954444210018213,-0.001983652,0.0133524
urn:mavedb:00001062-a-1#1313,NA,NA,p.Ala50Cys,-0.0742581384303511,0.027986693993795,0.1090281,0.003915258
urn:mavedb:00001062-a-1#1314,NA,NA,p.Ala50Asp,-0.119511391813887,0.0368972989037287,0.1026973,0.005161826
urn:mavedb:00001062-a-1#1315,NA,NA,p.Ala50Glu,-0.118136095492571,0.0432190443028693,0.1028897,0.00604622
urn:mavedb:00001062-a-1#1316,NA,NA,p.Ala50Phe,-0.477071780260472,0.038577326292998,0.05267563,0.005396857
urn:mavedb:00001062-a-1#1317,NA,NA,p.Ala50Gly,-0.001877808438721,0.0330424805587855,0.1191539,0.004622548
urn:mavedb:00001062-a-1#1318,NA,NA,p.Ala50His,-0.219405082266023,0.0254448190085738,0.08872246,0.003559657
urn:mavedb:00001062-a-1#1319,NA,NA,p.Ala50Ile,-0.664242175557519,0.0537071083748655,0.02649103,0.00751347
urn:mavedb:00001062-a-1#1320,NA,NA,p.Ala50Lys,0.027606714774208,0.033168801954785,0.1232787,0.00464022
urn:mavedb:00001062-a-1#1321,NA,NA,p.Ala50Leu,-0.043945864105112,0.0164088076606922,0.1132687,0.002295545
urn:mavedb:00001062-a-1#1322,NA,NA,p.Ala50Met,-0.0499760095139625,0.0290448072399258,0.1124251,0.004063285
urn:mavedb:00001062-a-1#1323,NA,NA,p.Ala50Asn,0.026092745123195,0.0221688260010263,0.1230669,0.003101355
urn:mavedb:00001062-a-1#1324,NA,NA,p.Ala50Pro,-0.300298668041239,0.0299660842205734,0.07740568,0.004192169
urn:mavedb:00001062-a-1#1325,NA,NA,p.Ala50Gln,0.058748169833713,0.0288645390594306,0.1276353,0.004038066
urn:mavedb:00001062-a-1#1326,NA,NA,p.Ala50Arg,-0.0580076256606962,0.0241811189771135,0.1113015,0.003382869
urn:mavedb:00001062-a-1#1327,NA,NA,p.Ala50Ser,0.029848362000637,0.0159853750817637,0.1235923,0.002236308
urn:mavedb:00001062-a-1#1328,NA,NA,p.Ala50Thr,-0.166216211850074,0.0257664910967005,0.09616343,0.003604658
urn:mavedb:00001062-a-1#1329,NA,NA,p.Ala50Val,-0.452645545450956,0.0443943651050325,0.05609279,0.006210644
urn:mavedb:00001062-a-1#1330,NA,NA,p.Ala50Trp,-0.816425754399354,0.0919444205300461,0.005200985,0.01286276
urn:mavedb:00001062-a-1#1331,NA,NA,p.Ala50Tyr,-0.52815860603396,0.0408329981108118,0.04552873,0.005712419
urn:mavedb:00001062-a-1#1332,NA,NA,p.Glu49Phe,-0.222704006409739,0.0345383869363891,0.08826095,0.004831821
urn:mavedb:00001062-a-1#1333,NA,NA,p.Glu49Gly,-0.0491175215296063,0.0304073584815082,0.1125452,0.004253902
urn:mavedb:00001062-a-1#1334,NA,NA,p.Glu49His,0.0023524429279904,0.0224585960752131,0.1197457,0.003141893
urn:mavedb:00001062-a-1#1335,NA,NA,p.Glu49Ile,-0.614981405907959,0.0497237884604404,0.03338247,0.006956215
urn:mavedb:00001062-a-1#1336,NA,NA,p.Glu49Lys,-0.043872238574397,0.0305205773922843,0.113279,0.004269741
urn:mavedb:00001062-a-1#1337,NA,NA,p.Glu49Leu,-0.181607950710981,0.0236411364682522,0.09401017,0.003307327
urn:mavedb:00001062-a-1#1338,NA,NA,p.Glu49Met,-0.143010802709568,0.0337016006133193,0.0994098,0.004714757
urn:mavedb:00001062-a-1#1339,NA,NA,p.Glu49Asn,0.0550247194502726,0.0201219933584911,0.1271144,0.002815009
urn:mavedb:00001062-a-1#1340,NA,NA,p.Glu49Pro,-0.358752335752092,0.0382865054466738,0.06922818,0.005356172
urn:mavedb:00001062-a-1#1341,NA,NA,p.Glu49Gln,0.0754840392573045,0.0287474101326057,0.1299766,0.00402168
urn:mavedb:00001062-a-1#1342,NA,NA,p.Glu49Arg,-0.006802856075869,0.0216973009395104,0.1184649,0.00303539
urn:mavedb:00001062-a-1#1343,NA,NA,p.Glu49Ser,-0.0637046691538848,0.0210868881050049,0.1105045,0.002949995
urn:mavedb:00001062-a-1#1344,NA,NA,p.Glu49Thr,-0.0758428743681679,0.0238481600236471,0.1088064,0.003336289
urn:mavedb:00001062-a-1#1345,NA,NA,p.Glu49Val,-0.324518679883655,0.0323615659175381,0.07401737,0.00452729
urn:mavedb:00001062-a-1#1346,NA,NA,p.Glu49Trp,-0.637993101273476,0.0671488428882927,0.0301632,0.00939393
urn:mavedb:00001062-a-1#1347,NA,NA,p.Glu49Tyr,-0.14365549073046,0.0277153874871652,0.09931961,0.003877303
urn:mavedb:00001062-a-1#1348,NA,NA,p.Thr48Val,-0.511236170945158,0.0479562038744985,0.04789613,0.006708935
urn:mavedb:00001062-a-1#1349,NA,NA,p.Thr48Trp,-0.901297191785015,0.105396090916065,-0.006672285,0.01474461
urn:mavedb:00001062-a-1#1350,NA,NA,p.Thr48Tyr,-0.830773619048809,0.0806533378055721,0.00319376,0.01128317
urn:mavedb:00001062-a-1#1351,NA,NA,p.Gln47Arg,0.0096585259322414,0.0209143827717287,0.1207678,0.002925862
urn:mavedb:00001062-a-1#1352,NA,NA,p.Gln47Ser,-0.0720357911003231,0.0198782999999342,0.109339,0.002780917
urn:mavedb:00001062-a-1#1353,NA,NA,p.Gln47Thr,-0.0386198075094096,0.0208648320747466,0.1140138,0.00291893
urn:mavedb:00001062-a-1#1354,NA,NA,p.Gln47Val,-0.141929293700134,0.0287684041310242,0.0995611,0.004024617
urn:mavedb:00001062-a-1#1355,NA,NA,p.Gln47Trp,-0.376320602559349,0.0468108836890743,0.06677043,0.006548708
urn:mavedb:00001062-a-1#1356,NA,NA,p.Gln47Tyr,-0.271614590161267,0.039537188770228,0.0814185,0.005531139
urn:mavedb:00001062-a-1#1357,NA,NA,p.Asp46Glu,-0.145217066792595,0.0526757219111953,0.09910115,0.007369182
urn:mavedb:00001062-a-1#1358,NA,NA,p.Asp46Phe,-0.272431833552204,0.0464310688760121,0.08130417,0.006495573
urn:mavedb:00001062-a-1#1359,NA,NA,p.Asp46Gly,-0.301763530178076,0.0464966384870071,0.07720075,0.006504746
urn:mavedb:00001062-a-1#1360,NA,NA,p.Asp46His,-0.128425084707245,0.0385685984509589,0.1014503,0.005395636
urn:mavedb:00001062-a-1#1361,NA,NA,p.Asp46Ile,-0.880735654008155,0.106827928785727,-0.003795785,0.01494492
urn:mavedb:00001062-a-1#1362,NA,NA,p.Asp46Lys,-0.653873556399916,0.0743387691086487,0.02794157,0.01039978
urn:mavedb:00001062-a-1#1363,NA,NA,p.Asp46Leu,-0.948303983718779,0.0715367100756124,-0.0132484,0.01000778
urn:mavedb:00001062-a-1#1364,NA,NA,p.Asp46Met,-0.503300696874941,0.0481611902186066,0.04900628,0.006737612
urn:mavedb:00001062-a-1#1365,NA,NA,p.Asp46Asn,-0.349248423434352,0.0507587632752193,0.07055775,0.007101005
urn:mavedb:00001062-a-1#1366,NA,NA,p.Asp46Pro,-0.592580445041887,0.0524520861486759,0.0365163,0.007337896
urn:mavedb:00001062-a-1#1367,NA,NA,p.Asp46Gln,-0.283345496080391,0.0406489700245732,0.07977738,0.005686674
urn:mavedb:00001062-a-1#1368,NA,NA,p.Asp46Arg,-0.659327421198452,0.0555098402165866,0.02717859,0.007765667
urn:mavedb:00001062-a-1#1369,NA,NA,p.Asp46Ser,-0.112529832993565,0.0232803356271999,0.103674,0.003256852
urn:mavedb:00001062-a-1#1370,NA,NA,p.Asp46Thr,-0.576564533235151,0.049490424120513,0.03875688,0.006923568
urn:mavedb:00001062-a-1#1371,NA,NA,p.Asp46Val,-0.803160356606044,0.0777816561832965,0.007056776,0.01088143
urn:mavedb:00001062-a-1#1372,NA,NA,p.Asp46Trp,0.000174413878587,0.0307373795618558,0.119441,0.004300071
urn:mavedb:00001062-a-1#1373,NA,NA,p.Asp46Tyr,-0.0271749689436074,0.0348523104735162,0.1156149,0.004875738
urn:mavedb:00001062-a-1#1374,NA,NA,p.Ala45Cys,-0.0948446945914342,0.039203507857674,0.1061481,0.005484458
urn:mavedb:00001062-a-1#1375,NA,NA,p.Ala45Asp,-0.290837858825461,0.0973207283374889,0.07872922,0.01361489
urn:mavedb:00001062-a-1#1376,NA,NA,p.Ala45Glu,-0.60184196495705,0.12941767123104,0.03522064,0.01810516
urn:mavedb:00001062-a-1#1377,NA,NA,p.Ala45Phe,-0.535931103201235,0.0692420095784099,0.04444138,0.009686758
urn:mavedb:00001062-a-1#1378,NA,NA,p.Ala45Gly,-0.168158210314602,0.0496518284393037,0.09589175,0.006946148
urn:mavedb:00001062-a-1#1379,NA,NA,p.Ala45His,-0.478495755209378,0.0692192071082176,0.05247642,0.009683568
urn:mavedb:00001062-a-1#1380,NA,NA,p.Ala45Ile,-0.304252716446122,0.0479228150537248,0.07685252,0.006704264
urn:mavedb:00001062-a-1#1381,NA,NA,p.Ala45Lys,-0.555912000020815,0.0761930602661996,0.04164611,0.01065919
urn:mavedb:00001062-a-1#1382,NA,NA,p.Ala45Leu,-0.49857165040791,0.0434542099664608,0.04966786,0.006079119
urn:mavedb:00001062-a-1#1383,NA,NA,p.Ala45Met,-0.469683422512674,0.0650913452659685,0.05370924,0.009106092
urn:mavedb:00001062-a-1#1384,NA,NA,p.Ala45Asn,-0.455011212382036,0.0595254838834285,0.05576184,0.008327444
urn:mavedb:00001062-a-1#1385,NA,NA,p.Ala45Pro,-0.663234506522093,0.0865912725982844,0.026632,0.01211387
urn:mavedb:00001062-a-1#1386,NA,NA,p.Ala45Gln,-0.689734479459349,0.0918873071329186,0.02292473,0.01285477
urn:mavedb:00001062-a-1#1387,NA,NA,p.Ala45Arg,-0.673937156849629,0.0718077663984,0.02513473,0.0100457
urn:mavedb:00001062-a-1#1388,NA,NA,p.Ala45Ser,-0.289520033306761,0.0350455095846002,0.07891358,0.004902766
urn:mavedb:00001062-a-1#1389,NA,NA,p.Ala45Thr,-0.319893066565114,0.0445911168266762,0.07466448,0.006238169
urn:mavedb:00001062-a-1#1390,NA,NA,p.Ala45Val,-0.0998305011616965,0.0358748904659398,0.1054506,0.005018794
urn:mavedb:00001062-a-1#1391,NA,NA,p.Ala45Trp,-0.61908084686573,0.0781382753801286,0.03280897,0.01093132
urn:mavedb:00001062-a-1#1392,NA,NA,p.Ala45Tyr,-0.537699188154862,0.0706857419027428,0.04419403,0.009888732
urn:mavedb:00001062-a-1#1393,NA,NA,p.Ala44Cys,NA,NA,NA,NA
urn:mavedb:00001062-a-1#1394,NA,NA,p.Ala44Asp,NA,NA,NA,NA
urn:mavedb:00001062-a-1#1395,NA,NA,p.Ala44Glu,NA,NA,NA,NA
urn:mavedb:00001062-a-1#1396,NA,NA,p.Ala44Phe,NA,NA,NA,NA
urn:mavedb:00001062-a-1#1397,NA,NA,p.Ala44Gly,NA,NA,NA,NA
urn:mavedb:00001062-a-1#1398,NA,NA,p.Ala44His,NA,NA,NA,NA
urn:mavedb:00001062-a-1#1399,NA,NA,p.Ala44Ile,NA,NA,NA,NA
urn:mavedb:00001062-a-1#1400,NA,NA,p.Ala44Lys,NA,NA,NA,NA
urn:mavedb:00001062-a-1#1401,NA,NA,p.Ala44Leu,NA,NA,NA,NA
urn:mavedb:00001062-a-1#1402,NA,NA,p.Ala44Met,NA,NA,NA,NA
urn:mavedb:00001062-a-1#1403,NA,NA,p.Ala44Asn,NA,NA,NA,NA
urn:mavedb:00001062-a-1#1404,NA,NA,p.Ala44Pro,NA,NA,NA,NA
urn:mavedb:00001062-a-1#1405,NA,NA,p.Ala44Gln,NA,NA,NA,NA
urn:mavedb:00001062-a-1#1406,NA,NA,p.Ala44Arg,NA,NA,NA,NA
urn:mavedb:00001062-a-1#1407,NA,NA,p.Ala44Ser,NA,NA,NA,NA
urn:mavedb:00001062-a-1#1408,NA,NA,p.Ala44Thr,NA,NA,NA,NA
urn:mavedb:00001062-a-1#1409,NA,NA,p.Ala44Val,NA,NA,NA,NA
urn:mavedb:00001062-a-1#1410,NA,NA,p.Ala44Trp,NA,NA,NA,NA
urn:mavedb:00001062-a-1#1411,NA,NA,p.Ala44Tyr,NA,NA,NA,NA
urn:mavedb:00001062-a-1#1412,NA,NA,p.Leu43Met,-0.0659012832887115,0.551908343734071,0.1101972,0.07721039
urn:mavedb:00001062-a-1#1413,NA,NA,p.Leu43Asn,NA,NA,NA,NA
urn:mavedb:00001062-a-1#1414,NA,NA,p.Leu43Pro,NA,NA,NA,NA
urn:mavedb:00001062-a-1#1415,NA,NA,p.Leu43Gln,NA,NA,NA,NA
urn:mavedb:00001062-a-1#1416,NA,NA,p.Leu43Arg,NA,NA,NA,NA
urn:mavedb:00001062-a-1#1417,NA,NA,p.Leu43Ser,-0.111036592860908,0.28099662720729,0.1038829,0.03931062
urn:mavedb:00001062-a-1#1418,NA,NA,p.Leu43Thr,NA,NA,NA,NA
urn:mavedb:00001062-a-1#1419,NA,NA,p.Leu43Val,-0.533645995467355,0.582621412574572,0.04476106,0.08150706
urn:mavedb:00001062-a-1#1420,NA,NA,p.Leu43Trp,-0.106220196492388,0.246758753954084,0.1045567,0.03452084
urn:mavedb:00001062-a-1#1421,NA,NA,p.Leu43Tyr,NA,NA,NA,NA
urn:mavedb:00001062-a-1#1422,NA,NA,p.Gly42His,NA,NA,NA,NA
urn:mavedb:00001062-a-1#1423,NA,NA,p.Gly42Ile,NA,NA,NA,NA
urn:mavedb:00001062-a-1#1424,NA,NA,p.Gly42Lys,NA,NA,NA,NA
urn:mavedb:00001062-a-1#1425,NA,NA,p.Gly42Leu,NA,NA,NA,NA
urn:mavedb:00001062-a-1#1426,NA,NA,p.Gly42Met,NA,NA,NA,NA
urn:mavedb:00001062-a-1#1427,NA,NA,p.Gly42Asn,NA,NA,NA,NA
urn:mavedb:00001062-a-1#1428,NA,NA,p.Gly42Pro,NA,NA,NA,NA
urn:mavedb:00001062-a-1#1429,NA,NA,p.Gly42Gln,NA,NA,NA,NA
urn:mavedb:00001062-a-1#1430,NA,NA,p.Gly42Arg,NA,NA,NA,NA
urn:mavedb:00001062-a-1#1431,NA,NA,p.Gly42Ser,-0.170632242589919,0.112804391890144,0.09554564,0.01578101
urn:mavedb:00001062-a-1#1432,NA,NA,p.Gly42Thr,NA,NA,NA,NA
urn:mavedb:00001062-a-1#1433,NA,NA,p.Gly42Val,-0.190039146194313,0.327535396653329,0.09283067,0.04582126
urn:mavedb:00001062-a-1#1434,NA,NA,p.Gly42Trp,NA,NA,NA,NA
urn:mavedb:00001062-a-1#1435,NA,NA,p.Gly42Tyr,NA,NA,NA,NA
urn:mavedb:00001062-a-1#1436,NA,NA,p.Lys41Leu,NA,NA,NA,NA
urn:mavedb:00001062-a-1#1437,NA,NA,p.Lys41Met,NA,NA,NA,NA
urn:mavedb:00001062-a-1#1438,NA,NA,p.Lys41Asn,0.0614522997627886,0.45292153396949,0.1280136,0.06336242
urn:mavedb:00001062-a-1#1439,NA,NA,p.Lys41Pro,NA,NA,NA,NA
urn:mavedb:00001062-a-1#1440,NA,NA,p.Lys41Gln,NA,NA,NA,NA
urn:mavedb:00001062-a-1#1441,NA,NA,p.Lys41Arg,NA,NA,NA,NA
urn:mavedb:00001062-a-1#1442,NA,NA,p.Lys41Ser,NA,NA,NA,NA
urn:mavedb:00001062-a-1#1443,NA,NA,p.Lys41Thr,NA,NA,NA,NA
urn:mavedb:00001062-a-1#1444,NA,NA,p.Lys41Val,NA,NA,NA,NA
urn:mavedb:00001062-a-1#1445,NA,NA,p.Lys41Trp,NA,NA,NA,NA
urn:mavedb:00001062-a-1#1446,NA,NA,p.Lys41Tyr,NA,NA,NA,NA
urn:mavedb:00001062-a-1#1447,NA,NA,p.Phe40Gly,-0.0509109822729451,0.0281197203167665,0.1122943,0.003933868
urn:mavedb:00001062-a-1#1448,NA,NA,p.Phe40His,0.0954086804529305,0.0229687781144093,0.132764,0.003213266
urn:mavedb:00001062-a-1#1449,NA,NA,p.Phe40Ile,-0.0324395517952177,0.0241058779735887,0.1148784,0.003372343
urn:mavedb:00001062-a-1#1450,NA,NA,p.Phe40Lys,0.0505042548265682,0.0338601456881987,0.126482,0.004736937
urn:mavedb:00001062-a-1#1451,NA,NA,p.Phe40Leu,-0.098001299869467,0.0218945816212776,0.1057065,0.003062989
urn:mavedb:00001062-a-1#1452,NA,NA,p.Phe40Met,-0.0132897656995436,0.0343038574545678,0.1175574,0.004799011
urn:mavedb:00001062-a-1#1453,NA,NA,p.Phe40Asn,-0.0490346034561797,0.0251436262549615,0.1125568,0.003517521
urn:mavedb:00001062-a-1#1454,NA,NA,p.Phe40Pro,-0.194276903076292,0.0311726494105769,0.09223782,0.004360964
urn:mavedb:00001062-a-1#1455,NA,NA,p.Phe40Gln,0.0287747159119583,0.0295245025909182,0.1234421,0.004130393
urn:mavedb:00001062-a-1#1456,NA,NA,p.Phe40Arg,0.0343623933255411,0.0222277121293787,0.1242238,0.003109593
urn:mavedb:00001062-a-1#1457,NA,NA,p.Phe40Ser,0.050764446022493,0.017537451306004,0.1265184,0.002453439
urn:mavedb:00001062-a-1#1458,NA,NA,p.Phe40Thr,0.0530532707734578,0.0191216582836971,0.1268386,0.002675065
urn:mavedb:00001062-a-1#1459,NA,NA,p.Phe40Val,-0.0415669731709424,0.025863683945354,0.1136015,0.003618255
urn:mavedb:00001062-a-1#1460,NA,NA,p.Phe40Trp,-0.106378169718485,0.0427033939596928,0.1045346,0.005974082
urn:mavedb:00001062-a-1#1461,NA,NA,p.Phe40Tyr,0.108541902548333,0.0251519895434019,0.1346013,0.003518691
urn:mavedb:00001062-a-1#1462,NA,NA,p.Ile39Lys,-0.715404199445873,0.0769702027612805,0.01933361,0.01076791
urn:mavedb:00001062-a-1#1463,NA,NA,p.Ile39Leu,-0.218432796373998,0.0209368206883224,0.08885848,0.002929001
urn:mavedb:00001062-a-1#1464,NA,NA,p.Ile39Met,-0.469104068215155,0.04276760542983,0.05379029,0.005983065
urn:mavedb:00001062-a-1#1465,NA,NA,p.Ile39Asn,-0.763552580251757,0.0763934217832813,0.01259779,0.01068722
urn:mavedb:00001062-a-1#1466,NA,NA,p.Ile39Pro,-0.931654177536916,0.070700266861812,-0.01091914,0.009890764
urn:mavedb:00001062-a-1#1467,NA,NA,p.Ile39Gln,-0.813303395715269,0.0694958532528517,0.005637794,0.00972227
urn:mavedb:00001062-a-1#1468,NA,NA,p.Ile39Arg,-0.87901780597005,0.0800703379720658,-0.003555463,0.01120161
urn:mavedb:00001062-a-1#1469,NA,NA,p.Ile39Ser,-0.841376910650429,0.0530046636269663,0.00171039,0.0074152
urn:mavedb:00001062-a-1#1470,NA,NA,p.Ile39Thr,-0.753739869591601,0.0585204810929494,0.01397056,0.008186847
urn:mavedb:00001062-a-1#1471,NA,NA,p.Ile39Val,-0.166172250974938,0.0364285901974654,0.09616958,0.005096255
urn:mavedb:00001062-a-1#1472,NA,NA,p.Ile39Trp,-0.605426384605305,0.0981683511949824,0.03471919,0.01373347
urn:mavedb:00001062-a-1#1473,NA,NA,p.Ile39Tyr,-0.873670262156354,0.075401764513758,-0.002807357,0.01054849
urn:mavedb:00001062-a-1#1474,NA,NA,p.Lys38Leu,-0.80672091586386,0.0459637254587164,0.006558664,0.006430193
urn:mavedb:00001062-a-1#1475,NA,NA,p.Lys38Met,-0.331160346084027,0.0369012232159969,0.07308822,0.005162375
urn:mavedb:00001062-a-1#1476,NA,NA,p.Lys38Asn,-0.0223585725750874,0.0230510671541754,0.1162887,0.003224778
urn:mavedb:00001062-a-1#1477,NA,NA,p.Lys38Pro,-0.9061205075238,0.0603727135948842,-0.007347053,0.008445969
urn:mavedb:00001062-a-1#1478,NA,NA,p.Lys38Gln,-0.038521163594471,0.0220091872653508,0.1140276,0.003079022
urn:mavedb:00001062-a-1#1479,NA,NA,p.Lys38Arg,-0.0187330512956078,0.0221695479601139,0.1167959,0.003101456
urn:mavedb:00001062-a-1#1480,NA,NA,p.Lys38Ser,-0.100651818975206,0.0184336312732205,0.1053357,0.002578812
urn:mavedb:00001062-a-1#1481,NA,NA,p.Lys38Thr,-0.14722847340307,0.0219373344658608,0.09881976,0.00306897
urn:mavedb:00001062-a-1#1482,NA,NA,p.Lys38Val,-0.397059270496511,0.0387095377314547,0.06386915,0.005415353
urn:mavedb:00001062-a-1#1483,NA,NA,p.Lys38Trp,-0.256479682884689,0.0464206254876262,0.08353583,0.006494112
urn:mavedb:00001062-a-1#1484,NA,NA,p.Lys38Tyr,0.0035869214866775,0.0251637410358772,0.1199184,0.003520335
urn:mavedb:00001062-a-1#1485,NA,NA,p.Ser37Thr,0.0003838534950868,0.0194722015872178,0.1194703,0.002724105
urn:mavedb:00001062-a-1#1486,NA,NA,p.Ser37Val,-0.169704703865106,0.0289728114782403,0.0956754,0.004053213
urn:mavedb:00001062-a-1#1487,NA,NA,p.Ser37Trp,-0.336120848345674,0.0620721552503109,0.07239426,0.008683716
urn:mavedb:00001062-a-1#1488,NA,NA,p.Ser37Tyr,-0.0864585321997041,0.0249960249361524,0.1073213,0.003496872
urn:mavedb:00001062-a-1#1489,NA,NA,p.Ile36Lys,-0.831237338374447,0.0878198182258557,0.003128887,0.01228574
urn:mavedb:00001062-a-1#1490,NA,NA,p.Ile36Leu,-0.860611366821237,0.0489623074738835,-0.0009804551,0.006849686
urn:mavedb:00001062-a-1#1491,NA,NA,p.Ile36Met,-0.988281932086038,0.0952876629543864,-0.0188412,0.01333047
urn:mavedb:00001062-a-1#1492,NA,NA,p.Ile36Asn,-0.995239115852017,0.100545741026099,-0.01981449,0.01406606
urn:mavedb:00001062-a-1#1493,NA,NA,p.Ile36Pro,-1.03219234156665,0.0819527926821426,-0.02498414,0.01146496
urn:mavedb:00001062-a-1#1494,NA,NA,p.Ile36Gln,-0.946706166740068,0.0960016161590284,-0.01302487,0.01343035
urn:mavedb:00001062-a-1#1495,NA,NA,p.Ile36Arg,-0.921771515474471,0.0804817116897986,-0.009536584,0.01125916
urn:mavedb:00001062-a-1#1496,NA,NA,p.Ile36Ser,-0.943248626040375,0.0579886331330157,-0.01254117,0.008112443
urn:mavedb:00001062-a-1#1497,NA,NA,p.Ile36Thr,-0.841587486816384,0.0573308068863517,0.001680931,0.008020415
urn:mavedb:00001062-a-1#1498,NA,NA,p.Ile36Val,-0.183157017581005,0.0321222614983851,0.09379346,0.004493812
urn:mavedb:00001062-a-1#1499,NA,NA,p.Ile36Trp,-0.872675030831942,0.102849362364304,-0.002668127,0.01438833
urn:mavedb:00001062-a-1#1500,NA,NA,p.Ile36Tyr,-0.831343752284715,0.0728378804985298,0.003114,0.01018981
urn:mavedb:00001062-a-1#1501,NA,NA,p.Leu35Met,-0.072578332632485,0.0541568817383265,0.1092631,0.007576392
urn:mavedb:00001062-a-1#1502,NA,NA,p.Leu35Asn,NA,NA,NA,NA
urn:mavedb:00001062-a-1#1503,NA,NA,p.Leu35Pro,NA,NA,NA,NA
urn:mavedb:00001062-a-1#1504,NA,NA,p.Leu35Gln,NA,NA,NA,NA
urn:mavedb:00001062-a-1#1505,NA,NA,p.Leu35Arg,-0.26639082301649,0.0297095242644159,0.08214929,0.004156277
urn:mavedb:00001062-a-1#1506,NA,NA,p.Leu35Ser,-0.231423413679326,0.0482363597410337,0.08704113,0.006748128
urn:mavedb:00001062-a-1#1507,NA,NA,p.Leu35Thr,NA,NA,NA,NA
urn:mavedb:00001062-a-1#1508,NA,NA,p.Leu35Val,-0.0079422647745067,0.0605487858349397,0.1183055,0.008470601
urn:mavedb:00001062-a-1#1509,NA,NA,p.Leu35Trp,-0.0433747301338375,0.0283760658296306,0.1133486,0.00396973
urn:mavedb:00001062-a-1#1510,NA,NA,p.Leu35Tyr,NA,NA,NA,NA
urn:mavedb:00001062-a-1#1511,NA,NA,p.Ile34Lys,-0.97938467984517,0.106445147507107,-0.0175965,0.01489137
urn:mavedb:00001062-a-1#1512,NA,NA,p.Ile34Leu,-0.415633848198338,0.0265228468885465,0.06127062,0.00371047
urn:mavedb:00001062-a-1#1513,NA,NA,p.Ile34Met,-0.926207532329257,0.0724282938082416,-0.01015717,0.01013251
urn:mavedb:00001062-a-1#1514,NA,NA,p.Ile34Asn,-0.837421282513285,0.0828906961661342,0.002263771,0.01159617
urn:mavedb:00001062-a-1#1515,NA,NA,p.Ile34Pro,-0.559709147416068,0.0387401888261834,0.0411149,0.005419641
urn:mavedb:00001062-a-1#1516,NA,NA,p.Ile34Gln,-1.00255141771178,0.0995429327053214,-0.02083746,0.01392577
urn:mavedb:00001062-a-1#1517,NA,NA,p.Ile34Arg,-0.922895941735014,0.0729265170597789,-0.009693888,0.01020221
urn:mavedb:00001062-a-1#1518,NA,NA,p.Ile34Ser,-0.943147265843721,0.0659382962011428,-0.01252699,0.009224578
urn:mavedb:00001062-a-1#1519,NA,NA,p.Ile34Thr,-0.810115882010555,0.0560698803214854,0.006083718,0.007844015
urn:mavedb:00001062-a-1#1520,NA,NA,p.Ile34Val,-0.196115110986842,0.0318120335340132,0.09198066,0.004450412
urn:mavedb:00001062-a-1#1521,NA,NA,p.Ile34Trp,-1.05468551304886,0.188242754725966,-0.02813087,0.02633462
urn:mavedb:00001062-a-1#1522,NA,NA,p.Ile34Tyr,-0.917547590184913,0.0926004025643873,-0.008945669,0.01295453
urn:mavedb:00001062-a-1#1523,NA,NA,p.Pro33Gln,NA,NA,NA,NA
urn:mavedb:00001062-a-1#1524,NA,NA,p.Pro33Arg,NA,NA,NA,NA
urn:mavedb:00001062-a-1#1525,NA,NA,p.Pro33Ser,NA,NA,NA,NA
urn:mavedb:00001062-a-1#1526,NA,NA,p.Pro33Thr,NA,NA,NA,NA
urn:mavedb:00001062-a-1#1527,NA,NA,p.Pro33Val,NA,NA,NA,NA
urn:mavedb:00001062-a-1#1528,NA,NA,p.Pro33Trp,NA,NA,NA,NA
urn:mavedb:00001062-a-1#1529,NA,NA,p.Pro33Tyr,NA,NA,NA,NA
urn:mavedb:00001062-a-1#1530,NA,NA,p.Met32Asn,-0.61872608617744,0.644873943227025,0.0328586,0.09021601
urn:mavedb:00001062-a-1#1531,NA,NA,p.Met32Pro,NA,NA,NA,NA
urn:mavedb:00001062-a-1#1532,NA,NA,p.Met32Gln,NA,NA,NA,NA
urn:mavedb:00001062-a-1#1533,NA,NA,p.Met32Arg,-0.27162095197897,0.114613006626212,0.08141761,0.01603403
urn:mavedb:00001062-a-1#1534,NA,NA,p.Met32Ser,0.226586502235743,0.303287364220583,0.1511154,0.04242903
urn:mavedb:00001062-a-1#1535,NA,NA,p.Met32Thr,0.0130824705159772,0.262166290137601,0.1212468,0.03667631
urn:mavedb:00001062-a-1#1536,NA,NA,p.Met32Val,-0.0416434579455686,0.135824593506297,0.1135908,0.01900147
urn:mavedb:00001062-a-1#1537,NA,NA,p.Met32Trp,NA,NA,NA,NA
urn:mavedb:00001062-a-1#1538,NA,NA,p.Met32Tyr,NA,NA,NA,NA
urn:mavedb:00001062-a-1#1539,NA,NA,p.Lys31Leu,NA,NA,NA,NA
urn:mavedb:00001062-a-1#1540,NA,NA,p.Lys31Met,NA,NA,NA,NA
urn:mavedb:00001062-a-1#1541,NA,NA,p.Lys31Asn,NA,NA,NA,NA
urn:mavedb:00001062-a-1#1542,NA,NA,p.Lys31Pro,NA,NA,NA,NA
urn:mavedb:00001062-a-1#1543,NA,NA,p.Lys31Gln,NA,NA,NA,NA
urn:mavedb:00001062-a-1#1544,NA,NA,p.Lys31Arg,NA,NA,NA,NA
urn:mavedb:00001062-a-1#1545,NA,NA,p.Lys31Ser,NA,NA,NA,NA
urn:mavedb:00001062-a-1#1546,NA,NA,p.Lys31Thr,NA,NA,NA,NA
urn:mavedb:00001062-a-1#1547,NA,NA,p.Lys31Val,NA,NA,NA,NA
urn:mavedb:00001062-a-1#1548,NA,NA,p.Lys31Trp,NA,NA,NA,NA
urn:mavedb:00001062-a-1#1549,NA,NA,p.Lys31Tyr,NA,NA,NA,NA
urn:mavedb:00001062-a-1#1550,NA,NA,p.Asn30Pro,NA,NA,NA,NA
urn:mavedb:00001062-a-1#1551,NA,NA,p.Asn30Gln,NA,NA,NA,NA
urn:mavedb:00001062-a-1#1552,NA,NA,p.Asn30Arg,NA,NA,NA,NA
urn:mavedb:00001062-a-1#1553,NA,NA,p.Asn30Ser,-0.0268969074732372,0.302148956257314,0.1156538,0.04226977
urn:mavedb:00001062-a-1#1554,NA,NA,p.Asn30Thr,NA,NA,NA,NA
urn:mavedb:00001062-a-1#1555,NA,NA,p.Asn30Val,NA,NA,NA,NA
urn:mavedb:00001062-a-1#1556,NA,NA,p.Asn30Trp,NA,NA,NA,NA
urn:mavedb:00001062-a-1#1557,NA,NA,p.Asn30Tyr,NA,NA,NA,NA
urn:mavedb:00001062-a-1#1558,NA,NA,p.Glu29Phe,NA,NA,NA,NA
urn:mavedb:00001062-a-1#1559,NA,NA,p.Glu29Gly,NA,NA,NA,NA
urn:mavedb:00001062-a-1#1560,NA,NA,p.Glu29His,NA,NA,NA,NA
urn:mavedb:00001062-a-1#1561,NA,NA,p.Glu29Ile,NA,NA,NA,NA
urn:mavedb:00001062-a-1#1562,NA,NA,p.Glu29Lys,NA,NA,NA,NA
urn:mavedb:00001062-a-1#1563,NA,NA,p.Glu29Leu,NA,NA,NA,NA
urn:mavedb:00001062-a-1#1564,NA,NA,p.Glu29Met,NA,NA,NA,NA
urn:mavedb:00001062-a-1#1565,NA,NA,p.Glu29Asn,NA,NA,NA,NA
urn:mavedb:00001062-a-1#1566,NA,NA,p.Glu29Pro,NA,NA,NA,NA
urn:mavedb:00001062-a-1#1567,NA,NA,p.Glu29Gln,NA,NA,NA,NA
urn:mavedb:00001062-a-1#1568,NA,NA,p.Glu29Arg,NA,NA,NA,NA
urn:mavedb:00001062-a-1#1569,NA,NA,p.Glu29Ser,NA,NA,NA,NA
urn:mavedb:00001062-a-1#1570,NA,NA,p.Glu29Thr,NA,NA,NA,NA
urn:mavedb:00001062-a-1#1571,NA,NA,p.Glu29Val,NA,NA,NA,NA
urn:mavedb:00001062-a-1#1572,NA,NA,p.Glu29Trp,NA,NA,NA,NA
urn:mavedb:00001062-a-1#1573,NA,NA,p.Glu29Tyr,NA,NA,NA,NA
urn:mavedb:00001062-a-1#1574,NA,NA,p.Arg28Ser,-0.0033546079188875,0.523837645154163,0.1189473,0.07328338
urn:mavedb:00001062-a-1#1575,NA,NA,p.Arg28Thr,NA,NA,NA,NA
urn:mavedb:00001062-a-1#1576,NA,NA,p.Arg28Val,NA,NA,NA,NA
urn:mavedb:00001062-a-1#1577,NA,NA,p.Arg28Trp,NA,NA,NA,NA
urn:mavedb:00001062-a-1#1578,NA,NA,p.Arg28Tyr,NA,NA,NA,NA
urn:mavedb:00001062-a-1#1579,NA,NA,p.Gly27His,-0.845263495195227,0.110015413898001,0.001166668,0.01539084
urn:mavedb:00001062-a-1#1580,NA,NA,p.Gly27Ile,-0.999362145572056,0.112533907416138,-0.02039129,0.01574317
urn:mavedb:00001062-a-1#1581,NA,NA,p.Gly27Lys,-0.789873600260717,0.0981232466222823,0.008915555,0.01372716
urn:mavedb:00001062-a-1#1582,NA,NA,p.Gly27Leu,-0.885191506867575,0.0642139648274685,-0.004419146,0.008983349
urn:mavedb:00001062-a-1#1583,NA,NA,p.Gly27Met,-0.942575988910251,0.105738985742123,-0.01244707,0.01479258
urn:mavedb:00001062-a-1#1584,NA,NA,p.Gly27Asn,-0.635788481255698,0.0638157722241667,0.03047162,0.008927643
urn:mavedb:00001062-a-1#1585,NA,NA,p.Gly27Pro,-0.872958060238608,0.0987341955650211,-0.002707722,0.01381263
urn:mavedb:00001062-a-1#1586,NA,NA,p.Gly27Gln,-0.951143999214737,0.104907946499315,-0.01364571,0.01467632
urn:mavedb:00001062-a-1#1587,NA,NA,p.Gly27Arg,-0.733804506231308,0.0681509149537627,0.01675946,0.009534117
urn:mavedb:00001062-a-1#1588,NA,NA,p.Gly27Ser,-0.937112259720221,0.0850367731648293,-0.01168271,0.0118964
urn:mavedb:00001062-a-1#1589,NA,NA,p.Gly27Thr,-1.12526837935568,0.127349580110024,-0.03800521,0.01781584
urn:mavedb:00001062-a-1#1590,NA,NA,p.Gly27Val,-0.786579422461894,0.0816761608337281,0.009376401,0.01142626
urn:mavedb:00001062-a-1#1591,NA,NA,p.Gly27Trp,-0.87651262223232,0.139036453672915,-0.003204995,0.0194508
urn:mavedb:00001062-a-1#1592,NA,NA,p.Gly27Tyr,-1.04211706310703,0.1749537038374,-0.02637258,0.02447552
urn:mavedb:00001062-a-1#1593,NA,NA,p.Gly26His,-0.956123586929493,0.0838905737619024,-0.01434234,0.01173605
urn:mavedb:00001062-a-1#1594,NA,NA,p.Gly26Ile,-0.90203231769082,0.0886209783697912,-0.006775127,0.01239782
urn:mavedb:00001062-a-1#1595,NA,NA,p.Gly26Lys,-0.863774762088748,0.120259655945465,-0.001423005,0.01682398
urn:mavedb:00001062-a-1#1596,NA,NA,p.Gly26Leu,-0.957156274349143,0.0616764859297608,-0.01448681,0.008628363
urn:mavedb:00001062-a-1#1597,NA,NA,p.Gly26Met,-0.841106955136547,0.0887833834239509,0.001748156,0.01242054
urn:mavedb:00001062-a-1#1598,NA,NA,p.Gly26Asn,-0.851026158336179,0.085013970694637,0.000360488,0.01189321
urn:mavedb:00001062-a-1#1599,NA,NA,p.Gly26Pro,-0.949909377693855,0.0773125257385563,-0.01347299,0.0108158
urn:mavedb:00001062-a-1#1600,NA,NA,p.Gly26Gln,-0.989251144290858,0.10649790055727,-0.01897679,0.01489875
urn:mavedb:00001062-a-1#1601,NA,NA,p.Gly26Arg,-1.01603797087351,0.080154042337568,-0.02272419,0.01121332
urn:mavedb:00001062-a-1#1602,NA,NA,p.Gly26Ser,-0.92987029526068,0.0587045449197369,-0.01066958,0.008212597
urn:mavedb:00001062-a-1#1603,NA,NA,p.Gly26Thr,-0.936605244293657,0.0785811007808852,-0.01161178,0.01099327
urn:mavedb:00001062-a-1#1604,NA,NA,p.Gly26Val,-0.984294001640806,0.0770624848585165,-0.0182833,0.01078082
urn:mavedb:00001062-a-1#1605,NA,NA,p.Gly26Trp,-0.914103952558739,0.0979286035930231,-0.008463914,0.01369993
urn:mavedb:00001062-a-1#1606,NA,NA,p.Gly26Tyr,-0.806974437873362,0.0690733856687433,0.006523197,0.009663168
urn:mavedb:00001062-a-1#1607,NA,NA,p.Lys25Leu,0.0116113895236331,0.015284781694297,0.121041,0.002138297
urn:mavedb:00001062-a-1#1608,NA,NA,p.Lys25Met,-0.0492318912860568,0.0256118846303088,0.1125292,0.003583029
urn:mavedb:00001062-a-1#1609,NA,NA,p.Lys25Asn,-0.114849394616576,0.0262963447340061,0.1033495,0.003678783
urn:mavedb:00001062-a-1#1610,NA,NA,p.Lys25Pro,-0.785561217112655,0.0505561572516673,0.009518845,0.007072661
urn:mavedb:00001062-a-1#1611,NA,NA,p.Lys25Gln,0.0414840550975158,0.0243331521239851,0.1252201,0.003404138
urn:mavedb:00001062-a-1#1612,NA,NA,p.Lys25Arg,-0.0998119160762733,0.0209649556484092,0.1054532,0.002932937
urn:mavedb:00001062-a-1#1613,NA,NA,p.Lys25Ser,0.0499567096175616,0.0158890828949421,0.1264054,0.002222837
urn:mavedb:00001062-a-1#1614,NA,NA,p.Lys25Thr,-0.0262864588981829,0.0203954300018348,0.1157392,0.002853262
urn:mavedb:00001062-a-1#1615,NA,NA,p.Lys25Val,0.0289891592053029,0.0231452149080634,0.1234721,0.003237949
urn:mavedb:00001062-a-1#1616,NA,NA,p.Lys25Trp,0.0029393027407768,0.0301231853772777,0.1198278,0.004214147
urn:mavedb:00001062-a-1#1617,NA,NA,p.Lys25Tyr,1.92998964010743e-05,0.0242113554814751,0.1194193,0.003387099
urn:mavedb:00001062-a-1#1618,NA,NA,p.Ile24Lys,-0.703219531518032,0.0892657378717807,0.02103821,0.01248802
urn:mavedb:00001062-a-1#1619,NA,NA,p.Ile24Leu,-0.0842697809856334,0.0167534323293165,0.1076275,0.002343757
urn:mavedb:00001062-a-1#1620,NA,NA,p.Ile24Met,-0.519297451747471,0.0521337522278156,0.04676838,0.007293362
urn:mavedb:00001062-a-1#1621,NA,NA,p.Ile24Asn,-0.969735589417835,0.101715457710196,-0.01624662,0.0142297
urn:mavedb:00001062-a-1#1622,NA,NA,p.Ile24Pro,-0.901548197659875,0.0608715372876429,-0.0067074,0.008515753
urn:mavedb:00001062-a-1#1623,NA,NA,p.Ile24Gln,-0.940560078990616,0.0898357996265885,-0.01216505,0.01256777
urn:mavedb:00001062-a-1#1624,NA,NA,p.Ile24Arg,-0.880616773794435,0.0660255317328754,-0.003779154,0.009236782
urn:mavedb:00001062-a-1#1625,NA,NA,p.Ile24Ser,-0.919474327435066,0.0590803639394331,-0.009215214,0.008265173
urn:mavedb:00001062-a-1#1626,NA,NA,p.Ile24Thr,-0.314944644608991,0.0273131276093996,0.07535675,0.003821028
urn:mavedb:00001062-a-1#1627,NA,NA,p.Ile24Val,-0.100924161957754,0.0248771804629808,0.1052976,0.003480246
urn:mavedb:00001062-a-1#1628,NA,NA,p.Ile24Trp,-0.806846944187359,0.100792708218934,0.006541033,0.01410061
urn:mavedb:00001062-a-1#1629,NA,NA,p.Ile24Tyr,-0.989619557868824,0.102610043648932,-0.01902833,0.01435485
urn:mavedb:00001062-a-1#1630,NA,NA,p.Ser23Thr,0.0349292384309488,0.0170527022413985,0.1243031,0.002385624
urn:mavedb:00001062-a-1#1631,NA,NA,p.Ser23Val,-0.0886865980175547,0.028564804520213,0.1070096,0.003996134
urn:mavedb:00001062-a-1#1632,NA,NA,p.Ser23Trp,-0.101934904680385,0.0380231118975684,0.1051562,0.005319324
urn:mavedb:00001062-a-1#1633,NA,NA,p.Ser23Tyr,-0.241113963143374,0.0325533425547762,0.08568545,0.004554119
urn:mavedb:00001062-a-1#1634,NA,NA,p.Ile22Lys,-0.961541282292551,0.127120268748341,-0.01510026,0.01778376
urn:mavedb:00001062-a-1#1635,NA,NA,p.Ile22Leu,-0.099092816232591,0.0189604755563095,0.1055538,0.002652516
urn:mavedb:00001062-a-1#1636,NA,NA,p.Ile22Met,-0.123530059131166,0.0340114568759827,0.1021351,0.004758105
urn:mavedb:00001062-a-1#1637,NA,NA,p.Ile22Asn,-0.981540478273163,0.0827480198949622,-0.01789809,0.01157621
urn:mavedb:00001062-a-1#1638,NA,NA,p.Ile22Pro,-0.931568757625068,0.0703479651232859,-0.01090719,0.009841478
urn:mavedb:00001062-a-1#1639,NA,NA,p.Ile22Gln,-0.895816771758653,0.0926743140194934,-0.00590559,0.01296487
urn:mavedb:00001062-a-1#1640,NA,NA,p.Ile22Arg,-0.917509076169429,0.0764967119695756,-0.008940281,0.01070167
urn:mavedb:00001062-a-1#1641,NA,NA,p.Ile22Ser,-0.994906085417453,0.0724371574643665,-0.0197679,0.01013375
urn:mavedb:00001062-a-1#1642,NA,NA,p.Ile22Thr,-0.860812978542718,0.0596011680697596,-0.00100866,0.008338032
urn:mavedb:00001062-a-1#1643,NA,NA,p.Ile22Val,-0.208801218815621,0.0338133541615909,0.09020591,0.004730391
urn:mavedb:00001062-a-1#1644,NA,NA,p.Ile22Trp,-0.81856924378231,0.114129794405209,0.004901117,0.01596643
urn:mavedb:00001062-a-1#1645,NA,NA,p.Ile22Tyr,-0.881272427015726,0.0712812509283608,-0.003870878,0.009972042
urn:mavedb:00001062-a-1#1646,NA,NA,p.Gly21His,-0.803432234961457,0.0659729788297864,0.007018741,0.00922943
urn:mavedb:00001062-a-1#1647,NA,NA,p.Gly21Ile,-0.849513640466262,0.0685997876553917,0.0005720849,0.009596913
urn:mavedb:00001062-a-1#1648,NA,NA,p.Gly21Lys,-0.675879155314158,0.0846965231393892,0.02486305,0.0118488
urn:mavedb:00001062-a-1#1649,NA,NA,p.Gly21Leu,-0.787369138482075,0.0452001071873358,0.009265922,0.006323365
urn:mavedb:00001062-a-1#1650,NA,NA,p.Gly21Met,-0.821738958693676,0.084956071005434,0.004457683,0.01188511
urn:mavedb:00001062-a-1#1651,NA,NA,p.Gly21Asn,-0.871660385241372,0.0775512726051466,-0.002526181,0.0108492
urn:mavedb:00001062-a-1#1652,NA,NA,p.Gly21Pro,-0.335447496404572,0.0267764475272558,0.07248846,0.003745948
urn:mavedb:00001062-a-1#1653,NA,NA,p.Gly21Gln,-0.898003814574487,0.101206297850698,-0.006211551,0.01415847
urn:mavedb:00001062-a-1#1654,NA,NA,p.Gly21Arg,-0.823971599301784,0.0661629541433604,0.004145343,0.009256007
urn:mavedb:00001062-a-1#1655,NA,NA,p.Gly21Ser,-0.77350718089101,0.0472057881618782,0.01120517,0.006603954
urn:mavedb:00001062-a-1#1656,NA,NA,p.Gly21Thr,-0.973472549728757,0.0695578416608479,-0.01676941,0.009730942
urn:mavedb:00001062-a-1#1657,NA,NA,p.Gly21Val,-0.777574526835877,0.0692349472459491,0.01063616,0.00968577
urn:mavedb:00001062-a-1#1658,NA,NA,p.Gly21Trp,-0.50585035615171,0.0602603095686227,0.04864959,0.008430244
urn:mavedb:00001062-a-1#1659,NA,NA,p.Gly21Tyr,-0.96022152678421,0.0917071032854114,-0.01491563,0.01282956
urn:mavedb:00001062-a-1#1660,NA,NA,p.Leu20Met,-0.0841689926377614,0.0299867279616127,0.1076416,0.004195057
urn:mavedb:00001062-a-1#1661,NA,NA,p.Leu20Asn,-1.02522257712746,0.082520710004017,-0.02400909,0.01154441
urn:mavedb:00001062-a-1#1662,NA,NA,p.Leu20Pro,-0.865443624130543,0.0606391665349747,-0.001656474,0.008483245
urn:mavedb:00001062-a-1#1663,NA,NA,p.Leu20Gln,-0.738961152625268,0.0609878799223921,0.01603806,0.008532029
urn:mavedb:00001062-a-1#1664,NA,NA,p.Leu20Arg,-0.97607267466056,0.0772702089286696,-0.01713316,0.01080988
urn:mavedb:00001062-a-1#1665,NA,NA,p.Leu20Ser,-0.967403804527104,0.0678299576766139,-0.01592041,0.009489216
urn:mavedb:00001062-a-1#1666,NA,NA,p.Leu20Thr,-0.776243906200674,0.052944648097269,0.01082231,0.007406804
urn:mavedb:00001062-a-1#1667,NA,NA,p.Leu20Val,-0.281679200210006,0.0353081239897398,0.08001049,0.004939505
urn:mavedb:00001062-a-1#1668,NA,NA,p.Leu20Trp,-0.414689439934448,0.0581190503959181,0.06140274,0.008130688
urn:mavedb:00001062-a-1#1669,NA,NA,p.Leu20Tyr,-0.632870193957669,0.0523944151989858,0.03087988,0.007329828
urn:mavedb:00001062-a-1#1670,NA,NA,p.Gly19His,NA,NA,NA,NA
urn:mavedb:00001062-a-1#1671,NA,NA,p.Gly19Ile,NA,NA,NA,NA
urn:mavedb:00001062-a-1#1672,NA,NA,p.Gly19Lys,NA,NA,NA,NA
urn:mavedb:00001062-a-1#1673,NA,NA,p.Gly19Leu,NA,NA,NA,NA
urn:mavedb:00001062-a-1#1674,NA,NA,p.Gly19Met,NA,NA,NA,NA
urn:mavedb:00001062-a-1#1675,NA,NA,p.Gly19Asn,NA,NA,NA,NA
urn:mavedb:00001062-a-1#1676,NA,NA,p.Gly19Pro,NA,NA,NA,NA
urn:mavedb:00001062-a-1#1677,NA,NA,p.Gly19Gln,NA,NA,NA,NA
urn:mavedb:00001062-a-1#1678,NA,NA,p.Gly19Arg,-0.146151539183893,0.833919216237784,0.09897042,0.1166629
urn:mavedb:00001062-a-1#1679,NA,NA,p.Gly19Ser,0.0493905793231318,0.157635906796769,0.1263262,0.02205281
urn:mavedb:00001062-a-1#1680,NA,NA,p.Gly19Thr,NA,NA,NA,NA
urn:mavedb:00001062-a-1#1681,NA,NA,p.Gly19Val,-0.191177339714289,0.273547224601987,0.09267144,0.03826847
urn:mavedb:00001062-a-1#1682,NA,NA,p.Gly19Trp,NA,NA,NA,NA
urn:mavedb:00001062-a-1#1683,NA,NA,p.Gly19Tyr,NA,NA,NA,NA
urn:mavedb:00001062-a-1#1684,NA,NA,p.Gly18His,0.0234929775968804,0.0230650988936699,0.1227032,0.003226741
urn:mavedb:00001062-a-1#1685,NA,NA,p.Gly18Ile,-0.108760634707544,0.0278766202513213,0.1042013,0.003899859
urn:mavedb:00001062-a-1#1686,NA,NA,p.Gly18Lys,-0.129167058502218,0.039358235841932,0.1013465,0.005506104
urn:mavedb:00001062-a-1#1687,NA,NA,p.Gly18Leu,-0.0352887883527898,0.0160697728139143,0.1144798,0.002248115
urn:mavedb:00001062-a-1#1688,NA,NA,p.Gly18Met,-0.0186822997161828,0.0266419058050114,0.116803,0.003727126
urn:mavedb:00001062-a-1#1689,NA,NA,p.Gly18Asn,-0.0394461289997641,0.0279533695060093,0.1138982,0.003910596
urn:mavedb:00001062-a-1#1690,NA,NA,p.Gly18Pro,-0.135390917686056,0.0244702743138594,0.1004758,0.003423321
urn:mavedb:00001062-a-1#1691,NA,NA,p.Gly18Gln,0.0526994393394391,0.0241674875317666,0.1267891,0.003380962
urn:mavedb:00001062-a-1#1692,NA,NA,p.Gly18Arg,-0.0609283433160498,0.0234738706994434,0.1108929,0.003283927
urn:mavedb:00001062-a-1#1693,NA,NA,p.Gly18Ser,-0.0648698110477239,0.019716266647483,0.1103415,0.002758249
urn:mavedb:00001062-a-1#1694,NA,NA,p.Gly18Thr,0.0021930400799375,0.0226812954353515,0.1197234,0.003173048
urn:mavedb:00001062-a-1#1695,NA,NA,p.Gly18Val,-0.080740044377181,0.0272115815618912,0.1081213,0.003806822
urn:mavedb:00001062-a-1#1696,NA,NA,p.Gly18Trp,-0.203066004416217,0.0423831800859609,0.09100825,0.005929285
urn:mavedb:00001062-a-1#1697,NA,NA,p.Gly18Tyr,-0.0942792791079823,0.0280642366886685,0.1062272,0.003926106
urn:mavedb:00001062-a-1#1698,NA,NA,p.Ala17Cys,-0.0927302837190563,0.0339246573789466,0.1064439,0.004745962
urn:mavedb:00001062-a-1#1699,NA,NA,p.Ala17Asp,0.0881933784428621,0.027453823854163,0.1317546,0.003840711
urn:mavedb:00001062-a-1#1700,NA,NA,p.Ala17Glu,-0.0086885274353459,0.0461962320254704,0.1182011,0.00646272
urn:mavedb:00001062-a-1#1701,NA,NA,p.Ala17Phe,-0.0257689357502446,0.0229879779372734,0.1158116,0.003215952
urn:mavedb:00001062-a-1#1702,NA,NA,p.Ala17Gly,-0.113869388765991,0.0403677062010224,0.1034866,0.005647326
urn:mavedb:00001062-a-1#1703,NA,NA,p.Ala17His,0.0346954952412031,0.0181897520638094,0.1242704,0.002544694
urn:mavedb:00001062-a-1#1704,NA,NA,p.Ala17Ile,0.0038535459814027,0.0215687278889307,0.1199557,0.003017403
urn:mavedb:00001062-a-1#1705,NA,NA,p.Ala17Lys,0.018492159996084,0.0311460227016533,0.1220036,0.004357239
urn:mavedb:00001062-a-1#1706,NA,NA,p.Ala17Leu,0.0375483058536643,0.016579068487498,0.1246695,0.002319364
urn:mavedb:00001062-a-1#1707,NA,NA,p.Ala17Met,0.013234010443274,0.030627949149262,0.121268,0.004284762
urn:mavedb:00001062-a-1#1708,NA,NA,p.Ala17Asn,0.0281463970624586,0.0218232434856917,0.1233542,0.003053009
urn:mavedb:00001062-a-1#1709,NA,NA,p.Ala17Pro,-0.0130088449852622,0.0217865450900906,0.1175967,0.003047875
urn:mavedb:00001062-a-1#1710,NA,NA,p.Ala17Gln,-0.0074855005596826,0.0268226243164227,0.1183694,0.003752408
urn:mavedb:00001062-a-1#1711,NA,NA,p.Ala17Arg,0.0228982548633381,0.0226397935099795,0.12262,0.003167242
urn:mavedb:00001062-a-1#1712,NA,NA,p.Ala17Ser,0.0223249764591301,0.0163577058238881,0.1225398,0.002288396
urn:mavedb:00001062-a-1#1713,NA,NA,p.Ala17Thr,0.0052567199308543,0.0199518897901003,0.120152,0.002791212
urn:mavedb:00001062-a-1#1714,NA,NA,p.Ala17Val,0.0134849090964872,0.0256840090579703,0.1213031,0.003593119
urn:mavedb:00001062-a-1#1715,NA,NA,p.Ala17Trp,-0.0782753761256736,0.0389331591977545,0.1084661,0.005446637
urn:mavedb:00001062-a-1#1716,NA,NA,p.Ala17Tyr,-0.0357970189580166,0.0215048738242825,0.1144087,0.00300847
urn:mavedb:00001062-a-1#1717,NA,NA,p.Asp16Glu,0.0405726711008012,0.031486801687217,0.1250926,0.004404913
urn:mavedb:00001062-a-1#1718,NA,NA,p.Asp16Phe,-0.16377170126814,0.030651244839029,0.09650541,0.004288021
urn:mavedb:00001062-a-1#1719,NA,NA,p.Asp16Gly,-0.0094919749744104,0.0309606579188862,0.1180887,0.004331307
urn:mavedb:00001062-a-1#1720,NA,NA,p.Asp16His,0.0013488483151376,0.0241200169347298,0.1196053,0.003374321
urn:mavedb:00001062-a-1#1721,NA,NA,p.Asp16Ile,-0.148191395271285,0.0369606383044729,0.09868505,0.005170687
urn:mavedb:00001062-a-1#1722,NA,NA,p.Asp16Lys,-0.0130853297598884,0.0259523419509325,0.117586,0.003630658
urn:mavedb:00001062-a-1#1723,NA,NA,p.Asp16Leu,-0.0567016660042275,0.0159279185753669,0.1114842,0.00222827
urn:mavedb:00001062-a-1#1724,NA,NA,p.Asp16Met,-0.111042311348731,0.0273183743219768,0.1038821,0.003821762
urn:mavedb:00001062-a-1#1725,NA,NA,p.Asp16Asn,-0.11147119793542,0.0284748598548745,0.1038221,0.003983551
urn:mavedb:00001062-a-1#1726,NA,NA,p.Asp16Pro,0.0261820964954219,0.0223134822986068,0.1230794,0.003121592
urn:mavedb:00001062-a-1#1727,NA,NA,p.Asp16Gln,0.0134262945963064,0.0202820323883141,0.1212949,0.002837398
urn:mavedb:00001062-a-1#1728,NA,NA,p.Asp16Arg,-0.0677211920382294,0.0218073317933255,0.1099426,0.003050783
urn:mavedb:00001062-a-1#1729,NA,NA,p.Asp16Ser,-0.0047163228316259,0.0170627953724052,0.1187568,0.002387036
urn:mavedb:00001062-a-1#1730,NA,NA,p.Asp16Thr,-0.123488600094452,0.0263645519975093,0.1021409,0.003688325
urn:mavedb:00001062-a-1#1731,NA,NA,p.Asp16Val,-0.0290527773823284,0.024877494979811,0.1153522,0.00348029
urn:mavedb:00001062-a-1#1732,NA,NA,p.Asp16Trp,-0.133118533587581,0.0319628229097833,0.1007937,0.004471507
urn:mavedb:00001062-a-1#1733,NA,NA,p.Asp16Tyr,-0.126207741054062,0.0343129427020959,0.1017605,0.004800282
urn:mavedb:00001062-a-1#1734,NA,NA,p.Ala15Cys,-0.369879011951668,0.0442562207354599,0.06767159,0.006191318
urn:mavedb:00001062-a-1#1735,NA,NA,p.Ala15Asp,0.0177823526951133,0.0352518326252368,0.1219043,0.00493163
urn:mavedb:00001062-a-1#1736,NA,NA,p.Ala15Glu,-0.0366340626130385,0.0479089620169747,0.1142916,0.006702326
urn:mavedb:00001062-a-1#1737,NA,NA,p.Ala15Phe,-0.010028083207772,0.0201027863875172,0.1180137,0.002812322
urn:mavedb:00001062-a-1#1738,NA,NA,p.Ala15Gly,-0.0868995705730162,0.0411053125009203,0.1072596,0.005750515
urn:mavedb:00001062-a-1#1739,NA,NA,p.Ala15His,-0.0829002031521391,0.0196207464565176,0.1078191,0.002744886
urn:mavedb:00001062-a-1#1740,NA,NA,p.Ala15Ile,-0.040584822887424,0.0233373418026807,0.1137389,0.003264827
urn:mavedb:00001062-a-1#1741,NA,NA,p.Ala15Lys,-0.0241041409829126,0.0300056204157564,0.1160445,0.0041977
urn:mavedb:00001062-a-1#1742,NA,NA,p.Ala15Leu,0.00650477989812,0.0139680426882829,0.1203266,0.001954089
urn:mavedb:00001062-a-1#1743,NA,NA,p.Ala15Met,-0.0351193781510477,0.0241735491288584,0.1145035,0.00338181
urn:mavedb:00001062-a-1#1744,NA,NA,p.Ala15Asn,-0.0809323285302134,0.0239698994812788,0.1080944,0.00335332
urn:mavedb:00001062-a-1#1745,NA,NA,p.Ala15Pro,-0.0058400056887516,0.0183396193334182,0.1185996,0.00256566
urn:mavedb:00001062-a-1#1746,NA,NA,p.Ala15Gln,0.0473362125728904,0.0253996572509954,0.1260388,0.003553339
urn:mavedb:00001062-a-1#1747,NA,NA,p.Ala15Arg,-0.0582442280943531,0.0199817974814121,0.1112684,0.002795396
urn:mavedb:00001062-a-1#1748,NA,NA,p.Ala15Ser,0.0434812369695321,0.0144144421439286,0.1254995,0.002016539
urn:mavedb:00001062-a-1#1749,NA,NA,p.Ala15Thr,-0.0323952335145932,0.0204986558551411,0.1148846,0.002867703
urn:mavedb:00001062-a-1#1750,NA,NA,p.Ala15Val,-0.0049450623445267,0.0243746897899059,0.1187248,0.003409949
urn:mavedb:00001062-a-1#1751,NA,NA,p.Ala15Trp,-0.128086979114739,0.0407517526950733,0.1014976,0.005701053
urn:mavedb:00001062-a-1#1752,NA,NA,p.Ala15Tyr,0.0076205998344898,0.0216922972626657,0.1204827,0.00303469
urn:mavedb:00001062-a-1#1753,NA,NA,p.Lys14Leu,-0.0602707172164597,0.0505436409114458,0.1109849,0.00707091
urn:mavedb:00001062-a-1#1754,NA,NA,p.Lys14Met,-0.463537263282124,0.192403383503438,0.05456907,0.02691668
urn:mavedb:00001062-a-1#1755,NA,NA,p.Lys14Asn,-0.0076534811394692,0.0219764417744571,0.1183459,0.003074441
urn:mavedb:00001062-a-1#1756,NA,NA,p.Lys14Pro,0.0236452323351551,0.0192407743850403,0.1227245,0.002691729
urn:mavedb:00001062-a-1#1757,NA,NA,p.Lys14Gln,-0.132207149590866,0.0278136811447246,0.1009212,0.003891054
urn:mavedb:00001062-a-1#1758,NA,NA,p.Lys14Arg,-0.0998033383445395,0.022425121477122,0.1054544,0.00313721
urn:mavedb:00001062-a-1#1759,NA,NA,p.Lys14Ser,-0.118362690572538,0.0178832268203026,0.102858,0.002501812
urn:mavedb:00001062-a-1#1760,NA,NA,p.Lys14Thr,-0.0810781499696877,0.0202005081962943,0.108074,0.002825993
urn:mavedb:00001062-a-1#1761,NA,NA,p.Lys14Val,-0.158088096221335,0.123190523916703,0.09730053,0.017234
urn:mavedb:00001062-a-1#1762,NA,NA,p.Lys14Trp,-0.189545926619621,0.0390230252338854,0.09289967,0.005459209
urn:mavedb:00001062-a-1#1763,NA,NA,p.Lys14Tyr,-0.183919792375432,0.025117735801345,0.09368675,0.003513899
urn:mavedb:00001062-a-1#1764,NA,NA,p.Arg13Ser,-0.0453526121094526,0.017789257769159,0.1130719,0.002488666
urn:mavedb:00001062-a-1#1765,NA,NA,p.Arg13Thr,0.0696647630869096,0.0166953610854788,0.1291625,0.002335633
urn:mavedb:00001062-a-1#1766,NA,NA,p.Arg13Val,0.0876808589717684,0.0194223292252956,0.1316829,0.002717128
urn:mavedb:00001062-a-1#1767,NA,NA,p.Arg13Trp,-0.0582049134905733,0.0227310462794074,0.1112739,0.003180008
urn:mavedb:00001062-a-1#1768,NA,NA,p.Arg13Tyr,-0.052459977661871,0.03633854545859,0.1120776,0.005083658
urn:mavedb:00001062-a-1#1769,NA,NA,p.Val12Trp,-0.624771600022314,0.0704377310858799,0.03201285,0.009854036
urn:mavedb:00001062-a-1#1770,NA,NA,p.Val12Tyr,-0.543404023087708,0.0886141161844042,0.04339594,0.01239686
urn:mavedb:00001062-a-1#1771,NA,NA,p.Thr11Val,-0.0203992756848955,0.023183250000193,0.1165628,0.00324327
urn:mavedb:00001062-a-1#1772,NA,NA,p.Thr11Trp,-0.117029568098912,0.0513155295458397,0.1030445,0.007178895
urn:mavedb:00001062-a-1#1773,NA,NA,p.Thr11Tyr,-0.313713025294216,0.207390467869804,0.07552905,0.02901333
urn:mavedb:00001062-a-1#1774,NA,NA,p.Val10Trp,-0.791310527584541,0.107911296303704,0.008714533,0.01509648
urn:mavedb:00001062-a-1#1775,NA,NA,p.Val10Tyr,-0.914817748504966,0.144600470843132,-0.008563772,0.02022919
urn:mavedb:00001062-a-1#1776,NA,NA,p.Arg9Ser,-0.011836554981645,0.0190021633325357,0.1177607,0.002658348
urn:mavedb:00001062-a-1#1777,NA,NA,p.Arg9Thr,0.0682615891374579,0.0205180486769692,0.1289662,0.002870416
urn:mavedb:00001062-a-1#1778,NA,NA,p.Arg9Val,0.0332994694015296,0.0240016513849134,0.1240751,0.003357762
urn:mavedb:00001062-a-1#1779,NA,NA,p.Arg9Trp,-0.0924693777121537,0.0346648155540353,0.1064804,0.004849508
urn:mavedb:00001062-a-1#1780,NA,NA,p.Arg9Tyr,0.0283715625204704,0.0294117411591678,0.1233857,0.004114618
urn:mavedb:00001062-a-1#1781,NA,NA,p.Arg8Ser,-0.849861143678694,0.0646036368839148,0.0005234702,0.009037863
urn:mavedb:00001062-a-1#1782,NA,NA,p.Arg8Thr,-0.959759973335835,0.0780534273170619,-0.01485106,0.01091945
urn:mavedb:00001062-a-1#1783,NA,NA,p.Arg8Val,-0.88008559060871,0.0929658139362465,-0.003704843,0.01300565
urn:mavedb:00001062-a-1#1784,NA,NA,p.Arg8Trp,-0.965858097268676,0.127505623346481,-0.01570417,0.01783767
urn:mavedb:00001062-a-1#1785,NA,NA,p.Arg8Tyr,-0.941803206762135,0.0888240561685886,-0.01233896,0.01242623
urn:mavedb:00001062-a-1#1786,NA,NA,p.Arg7Ser,-0.0983315425412176,0.0189456432285198,0.1056603,0.002650441
urn:mavedb:00001062-a-1#1787,NA,NA,p.Arg7Thr,0.0184321158739475,0.0210601970630933,0.1219952,0.002946261
urn:mavedb:00001062-a-1#1788,NA,NA,p.Arg7Val,-0.0060229972990724,0.0241494814432354,0.118574,0.003378443
urn:mavedb:00001062-a-1#1789,NA,NA,p.Arg7Trp,-0.724344054421019,0.0697780892193323,0.01808295,0.009761754
urn:mavedb:00001062-a-1#1790,NA,NA,p.Arg7Tyr,-0.216943559182818,0.0355941556025126,0.08906682,0.00497952
urn:mavedb:00001062-a-1#1791,NA,NA,p.Gln6Arg,NA,NA,NA,NA
urn:mavedb:00001062-a-1#1792,NA,NA,p.Gln6Ser,NA,NA,NA,NA
urn:mavedb:00001062-a-1#1793,NA,NA,p.Gln6Thr,NA,NA,NA,NA
urn:mavedb:00001062-a-1#1794,NA,NA,p.Gln6Val,NA,NA,NA,NA
urn:mavedb:00001062-a-1#1795,NA,NA,p.Gln6Trp,NA,NA,NA,NA
urn:mavedb:00001062-a-1#1796,NA,NA,p.Gln6Tyr,NA,NA,NA,NA
urn:mavedb:00001062-a-1#1797,NA,NA,p.Leu5Met,NA,NA,NA,NA
urn:mavedb:00001062-a-1#1798,NA,NA,p.Leu5Asn,NA,NA,NA,NA
urn:mavedb:00001062-a-1#1799,NA,NA,p.Leu5Pro,NA,NA,NA,NA
urn:mavedb:00001062-a-1#1800,NA,NA,p.Leu5Gln,NA,NA,NA,NA
urn:mavedb:00001062-a-1#1801,NA,NA,p.Leu5Arg,NA,NA,NA,NA
urn:mavedb:00001062-a-1#1802,NA,NA,p.Leu5Ser,-0.0249104477658883,0.187248238212531,0.1159317,0.02619549
urn:mavedb:00001062-a-1#1803,NA,NA,p.Leu5Thr,NA,NA,NA,NA
urn:mavedb:00001062-a-1#1804,NA,NA,p.Leu5Val,NA,NA,NA,NA
urn:mavedb:00001062-a-1#1805,NA,NA,p.Leu5Trp,-0.111025155885263,0.0857560874518049,0.1038845,0.01199703
urn:mavedb:00001062-a-1#1806,NA,NA,p.Leu5Tyr,NA,NA,NA,NA
urn:mavedb:00001062-a-1#1807,NA,NA,p.Leu4Met,0.0102847003488078,0.0265326469470523,0.1208554,0.003711841
urn:mavedb:00001062-a-1#1808,NA,NA,p.Leu4Asn,0.0925251329684233,0.0221421135147853,0.1323606,0.003097618
urn:mavedb:00001062-a-1#1809,NA,NA,p.Leu4Pro,-0.164005444457886,0.0236695716489497,0.09647271,0.003311305
urn:mavedb:00001062-a-1#1810,NA,NA,p.Leu4Gln,-0.109317472459262,0.0368807581777021,0.1041234,0.005159512
urn:mavedb:00001062-a-1#1811,NA,NA,p.Leu4Arg,-0.110854316061565,0.0242740872928882,0.1039084,0.003395875
urn:mavedb:00001062-a-1#1812,NA,NA,p.Leu4Ser,-0.152512499113277,0.0181045537433636,0.09808054,0.002532775
urn:mavedb:00001062-a-1#1813,NA,NA,p.Leu4Thr,-0.120993909781877,0.0450541427856659,0.1024899,0.006302945
urn:mavedb:00001062-a-1#1814,NA,NA,p.Leu4Val,0.0137057856886322,0.0205998873858193,0.121334,0.002881865
urn:mavedb:00001062-a-1#1815,NA,NA,p.Leu4Trp,-0.0794090663364888,0.0318534067934091,0.1083075,0.0044562
urn:mavedb:00001062-a-1#1816,NA,NA,p.Leu4Tyr,0.126465787817053,0.0191411011422937,0.1371088,0.002677785
urn:mavedb:00001062-a-1#1817,NA,NA,p.Leu3Met,-0.0581348620147473,0.0262119541499652,0.1112837,0.003666977
urn:mavedb:00001062-a-1#1818,NA,NA,p.Leu3Asn,0.0291735804375792,0.0303575361563544,0.1234979,0.004246932
urn:mavedb:00001062-a-1#1819,NA,NA,p.Leu3Pro,-0.122986802788026,0.0214739153608333,0.1022111,0.003004139
urn:mavedb:00001062-a-1#1820,NA,NA,p.Leu3Gln,-0.126336407030069,0.0274413932912588,0.1017425,0.003838972
urn:mavedb:00001062-a-1#1821,NA,NA,p.Leu3Arg,-0.13293554197726,0.0219378777222039,0.1008193,0.003069046
urn:mavedb:00001062-a-1#1822,NA,NA,p.Leu3Ser,-0.0464069583017304,0.0192086221872581,0.1129244,0.002687231
urn:mavedb:00001062-a-1#1823,NA,NA,p.Leu3Thr,-0.504676922450529,0.0389436311785795,0.04881375,0.005448102
urn:mavedb:00001062-a-1#1824,NA,NA,p.Leu3Val,-0.0315095827130799,0.0224439424501679,0.1150085,0.003139843
urn:mavedb:00001062-a-1#1825,NA,NA,p.Leu3Trp,-0.280620422189666,0.0343116774866651,0.08015861,0.004800105
urn:mavedb:00001062-a-1#1826,NA,NA,p.Leu3Tyr,0.0156043236457099,0.023401674790684,0.1215996,0.003273827
urn:mavedb:00001062-a-1#1827,NA,NA,p.Ala2Cys,-0.0378892706900823,0.032681200794378,0.114116,0.004572006
urn:mavedb:00001062-a-1#1828,NA,NA,p.Ala2Asp,0.107546885667214,0.0445918530819833,0.1344621,0.006238272
urn:mavedb:00001062-a-1#1829,NA,NA,p.Ala2Glu,0.0268525891926127,0.0444861039459253,0.1231732,0.006223478
urn:mavedb:00001062-a-1#1830,NA,NA,p.Ala2Phe,0.122046826352199,0.0280779610594425,0.1364906,0.003928026
urn:mavedb:00001062-a-1#1831,NA,NA,p.Ala2Gly,0.0244751278803987,0.0368657114066191,0.1228406,0.005157407
urn:mavedb:00001062-a-1#1832,NA,NA,p.Ala2His,0.0443590248502892,0.0240866924469441,0.1256223,0.003369659
urn:mavedb:00001062-a-1#1833,NA,NA,p.Ala2Ile,0.242037141521222,0.0297819131721393,0.1532769,0.004166404
urn:mavedb:00001062-a-1#1834,NA,NA,p.Ala2Lys,0.0090495069791427,0.0342496104494614,0.1206826,0.004791422
urn:mavedb:00001062-a-1#1835,NA,NA,p.Ala2Leu,-0.0340078470805447,0.0195392365607173,0.114659,0.002733483
urn:mavedb:00001062-a-1#1836,NA,NA,p.Ala2Met,0.140630482153443,0.0263593124330419,0.1390904,0.003687592
urn:mavedb:00001062-a-1#1837,NA,NA,p.Ala2Asn,0.193298469809858,0.0295439740419539,0.1464585,0.004133117
urn:mavedb:00001062-a-1#1838,NA,NA,p.Ala2Pro,-0.162655809850673,0.0269918558154205,0.09666152,0.003776083
urn:mavedb:00001062-a-1#1839,NA,NA,p.Ala2Gln,-0.126041190096231,0.0308399835296114,0.1017838,0.004314425
urn:mavedb:00001062-a-1#1840,NA,NA,p.Ala2Arg,0.0052216941929414,0.0259540503491694,0.1201471,0.003630897
urn:mavedb:00001062-a-1#1841,NA,NA,p.Ala2Ser,0.0024961199345313,0.0200114263964426,0.1197658,0.002799541
urn:mavedb:00001062-a-1#1842,NA,NA,p.Ala2Thr,0.0414461701156915,0.022312445822689,0.1252148,0.003121447
urn:mavedb:00001062-a-1#1843,NA,NA,p.Ala2Val,0.0475006190977879,0.02856715624833,0.1260618,0.003996463
urn:mavedb:00001062-a-1#1844,NA,NA,p.Ala2Trp,-0.180791922498707,0.0442869504593962,0.09412433,0.006195617
urn:mavedb:00001062-a-1#1845,NA,NA,p.Ala2Tyr,0.116665729311204,0.0250206644705577,0.1357378,0.003500319
urn:mavedb:00001062-a-1#1846,NA,NA,p.Glu1Phe,-0.335915483151748,0.0536550987281197,0.07242299,0.007506194
urn:mavedb:00001062-a-1#1847,NA,NA,p.Glu1Gly,-0.11053551036546,0.0421054402805307,0.103953,0.00589043
urn:mavedb:00001062-a-1#1848,NA,NA,p.Glu1His,-0.499934008650528,0.0583085038974783,0.04947727,0.008157192
urn:mavedb:00001062-a-1#1849,NA,NA,p.Glu1Ile,-0.242403911033939,0.0380038477417163,0.08550499,0.005316629
urn:mavedb:00001062-a-1#1850,NA,NA,p.Glu1Lys,0.0555308056225659,0.0326883417560464,0.1271852,0.004573005
urn:mavedb:00001062-a-1#1851,NA,NA,p.Glu1Leu,-0.31835400704878,0.0344271552001312,0.07487979,0.00481626
urn:mavedb:00001062-a-1#1852,NA,NA,p.Glu1Met,-0.136225816908145,0.039965439175147,0.100359,0.00559105
urn:mavedb:00001062-a-1#1853,NA,NA,p.Glu1Asn,-0.27053608335794,0.034629832704781,0.08156938,0.004844614
urn:mavedb:00001062-a-1#1854,NA,NA,p.Glu1Pro,-0.378887417299587,0.0529172636887089,0.06641134,0.007402973
urn:mavedb:00001062-a-1#1855,NA,NA,p.Glu1Gln,-0.030169312129676,0.0409092112572665,0.115196,0.005723081
urn:mavedb:00001062-a-1#1856,NA,NA,p.Glu1Arg,-0.205502151709709,0.048092353921443,0.09066744,0.006727982
urn:mavedb:00001062-a-1#1857,NA,NA,p.Glu1Ser,-0.156010569595412,0.0353408408881944,0.09759117,0.004944082
urn:mavedb:00001062-a-1#1858,NA,NA,p.Glu1Thr,-0.191009788021089,0.0376801741828517,0.09269488,0.005271348
urn:mavedb:00001062-a-1#1859,NA,NA,p.Glu1Val,-0.354832884198534,0.0519960724853786,0.0697765,0.007274101
urn:mavedb:00001062-a-1#1860,NA,NA,p.Glu1Trp,-0.360984761916907,0.0807278211094604,0.06891587,0.01129359
urn:mavedb:00001062-a-1#1861,NA,NA,p.Glu1Tyr,-0.437337367993355,0.0437653743332136,0.05823436,0.00612265
